00001 
00002 init: failed to load nvme_core
00002 init: failed to load nvme
00002 init: failed to load zfs
00002 LNetError: 1:0:(lib-socket.c:619:lnet_inet_enumerate()) lnet: Can't find any usable interfaces, rc = -ENOENT
00002 LNetError: Error -100 starting up LNI tcp
00003 LustreError: 1:0:(events.c:627:ptlrpc_init_portals()) network initialisation failed: rc = -100
00003 init: finit_module /lib/modules/7.0.0-ktest-21af419-6330a45-20260729-dirty/updates/ptlrpc.ko: Network is down
00003 init: failed to load lustre
00003 init: failed to load osd_zfs
00003 init: failed to load iwlwifi
00003 init: failed to load iwlmvm
00003 init: failed to load mt7921e
00003 init: failed to load i915
00003 init: failed to load nouveau
00007 tlp: vm.laptop_mode is deprecated. Ignoring setting.
00007 Kernel version: 7.0.0-ktest-21af419-6330a45-20260729-dirty
00007 hook init_noop
00007 
00007 Running tests sanity-quick
00007 
00007 ========= TEST   sanity-quick
00008 0a 0b 0c 0d 0e 1 2 3 4 5 6a 6c 6e 6g 6h 6i 7a 7b 8 9 10 11 12 13 14 15 16 17a 17b 17c 17d 17e 17f 17g 17h 17i 17k 17l 17m 17n 17o 17p 17q 18 19a 19b 19c 19d 20 21 22 23a 23b 23c 23d 24a 24b 24c 24d 24e 24f 24g 24h 24i 24j 24k 24l 24m 24n 24o 24p 24q 24r 24s 24t 24u 24v 24w 24x 24y 24z 24A 24B 24C 24E 24F 24G 24H 24I 25a 25b 26a 26b 26c 26d 26e 26f 27a 27b 27ca 27cb 27cc 27cd 27ce 27cf 27cg 27d 27e 27f 27g 27ga 27i 27j 27k 27l 27m 27n 27o 27oo 27p 27q 27r 27s 27t 27u 27v 27w 27wa 27x 27y 27z 27A 27B 27Ca 27Cb 27Cc 27Cd 27Ce 27Cf 27Cg 27Ci 27Cj 27D 27E 27F 27G 27H 27I 27Ia 27J 27K 27Ke 27L 27M 27N 27O 27P 27Q 27R 27T 27U 27V 27W 27X 28 29 30a 30b 30c 30d 31a 31b 31c 31d 31e 31f 31g 31h 31i 31j 31k 31l 31m 31n 31o 31p 31q 31r 32a 32b 32c 32d 32e 32f 32g 32h 32i 32j 32k 32l 32m 32n 32o 32p 32q 32r 33aa 33a 33b 33c 33d 33e 33f 33g 33h 33hh 33i 33j 34a 34b 34c 34d 34e 34f 34g 34h 35a 36a 36b 36c 36d 36e 36f 36g 36h 36i 38 39a 39b 39c 39d 39e 39f 39g 39h 39i 39j 39k 39l 39m 39n 39o 39p 39r 39q 39s 39u 40 41 42a 42b 42c 42d 42e 43A 43a 43b 43c 44A 44a 44b 44c 44d 44e 44f 44g 45 46 48a 48b 48c 48d 48e 48f 49a 49b 49c 50 51a 51b 51c 51d 51e 51f 52a 52b 53 54a 54b 54c 54d 54e 55a 55b 55c 56a 56b 56bb 56bc 56bd 56c 56ca 56d 56e 56g 56h 56i 56ib 56j 56k 56l 56m 56n 56o 56ob 56oc 56od 56oe 56p 56q 56r 56ra 56rb 56rc 56rd 56re 56rf 56s 56t 56u 56v 56wa 56wb 56wc 56wd 56we 56x 56xB 56xC 56xD 56xa 56xab 56xb 56xc 56xd 56xe 56xf 56xg 56xh 56xi 56xj 56xk 56xl 56y 56z 56Aa 56ab 56aca 56acb 56acc 56Ba 56Ca 56Da 56Db 56Dc 56Dd 56Ea 56Eaa 56Eab 56Eb 56Ebb 56Ec 56Ed 56Eda 56Edb 56Ef 56Eg 56Eh 56Ei 56Ej 56Ek 57a 57b 58 59 60a 60b 60c 60d 60e 60f 60g 60h 60i 60j 61a 61b 63a 63b 64a 64b 64c 64d 64e 64f 64g 64h 64i 64j 65a 65b 65c 65d 65e 65f 65g 65h 65i 65j 65k 65l 65m 65n 65o 65p 65q 65r 66 69 70a 71 72a 72b 73 74a 74b 74c 76a 76b 77a 77b 77c 77d 77f 77g 77k 77l 77m 77n 77o 78 79 80 81a 81b 99 100 101a 101b 101c 101d 101e 101f 101g 101h 101i 101j 101m 102a 102b 102c 102d 102f 102h 102ha 102i 102j 102k 102l 102m 102n 102p 102q 102r 102s 102t 103a 103b 103c 103e 103f 103g 104a 104b 104c 104d 105a 105b 105c 105d 105e 105f 105g 105h 105i 106 107 110 116a 116b 117 118a 118b 118c 118d 118f 118g 118h 118i 118j 118k 118l 118m 118n 119a 119b 119c 119e 119f 119g 119h 119i 119j 119k 119m 119n 119o 119p 119q 119r 120a 120b 120c 120d 120e 120f 120g 121 123aa 123ab 123ac 123ad 123b 123c 123d 123e 123f 123g 123h 123i 123j 123k 123l 124a 124b 124c 124d 124e 124f 124g 125 126 127a 127b 127c 127d 127e 127f 128 129 130a 130b 130c 130d 130e 130f 130g 130h 130i 131a 131b 131c 131d 131e 133a 133b 133c 133d 133e 133f 133g 133h 134a 134b 135 136 140 150a 150b 150bb 150c 150d 150e 150f 150g 150h 150ia 150ib 150ic 151 152 153 154A 154B 154C 154a 154b 154c 154d 154e 154ea 154f 154g 154h 154i 154j 155a 155b 155c 155d 155e 155f 155g 155h 156 157a 157b 160a 160b 160c 160d 160e 160f 160g 160h 160i 160j 160k 160l 160m 160n 160o 160p 160q 160s 160t 160u 160v 160w 161a 161b 161c 161d 162a 162b 162c 165a 165b 165c 165d 165e 165f 165g 169 170a 170b 171 172 180a 180b 180c 181 182a 182b 183 184a 184b 184c 184d 184e 184f 185 185a 187a 187b 190a 190b 190c 200 204a 204b 204c 204d 204e 204f 204g 204h 205a 205b 205c 205d 205e 205f 205g 205h 205i 205k 205l 205m 206 207a 207b 208 209 210 212 213 214 215 216 217 218 219 220 221 222a 222b 223 224a 224b 224c 224d 225a 225b 226a 226b 226c 226d 226e 227 228a 228b 228c 229 230a 230b 230c 230d 230e 230f 230g 230h 230i 230j 230k 230l 230m 230n 230o 230p 230q 230r 230s 230t 230u 230v 230w 230x 230y 230z 230A 230B 231a 231b 232a 232b 233a 233b 234 235 236 238 239A 239a 239b 240 241a 241b 242 243 244a 244b 245a 245b 247a 247b 247c 247d 247e 247f 247g 247h 248a 248b 248c 248d 249 250 251a 252 253 254 255a 255b 255c 256 257 258a 258b 259 260 270a 270b 270c 270d 270e 270f 270g 270h 270i 270j 271a 271b 271ba 271c 271d 271f 271g 272a 272b 272c 272d 272e 272f 273a 273b 273c 275 276 277 278 280 300a 300b 300c 300d 300e 300f 300g 300h 300i 300j 300k 300l 300m 300n 300ne 300o 300p 300q 300r 300s 300t 300ua 300ub 300uc 300ud 300ue 300uf 300ug 300uh 300ui 300uj 310a 310b 310c 311 312 313 314 315 316 317 318 319 350 398a 398b 398c 398d 398e 398f 398g 398h 398i 398j 398k 398l 398m 398n 398o 398p 398q 398r 398s 398t 398u 399a 399b 400a 400b 401a 401aa 401ab 401ac 401ad 401b 401c 401d 401db 401e 401fa 401fb 401ga 401gb 401gc 401gd 402 403 404 405 406 407 408 409 410 411a 411b 412 413A 413a 413b 413c 413d 413e 413f 413g 413h 413i 413j 413k 413l 413z 414 415 416 417 418 419 420 421a 421b 421c 421d 421e 421f 421g 421h 422 423 424 425 426 427 428 429 430a 430b 430c 431 432 433 434 440 442 460d 600a 600b 600c 600d 801a 801b 801c 802b 802c 803a 803b 804 805 806 807a 807b 808 809 810 812a 812b 812c 813 814 815 816 817 818 819a 819b 820 823 831 832 833 834 842 850 851 852 853 854 855 860 900 901 902 903 904 905 906 907 908a 908b 909 910 911 920
00008 17d 17e 17f 17g 17h 17i 17k 17l 17m 17n
00008 17d,17e,17f,17g,17h,17i,17k,17l,17m,17n
00011 SETUP LUSTRE ... LNet: Added LNI 10.0.2.15@tcp [8/256/0/180]
00012 Lustre: Echo OBD driver; http://www.lustre.org/
00012 Lustre: 1730:0:(mdt_handler.c:64:mdt_max_mod_rpcs_per_client_set()) max_mod_rpcs_per_client is deprecated, set mdt.*.max_mod_rpcs_in_flight parameter instead
00012 ------------[ cut here ]------------
00012 WARNING: /home/ktest/git/linux/include/linux/fs.h:889 at osd_create+0x9cf/0xcf0 [osd_wbcfs], CPU#1: ll_mgs_0002/1727
00012 Modules linked in: mdt(O) lquota(O) lfsck(O) mgs(O) osd_wbcfs(O) lustre(O) obdecho(O) mgc(O) mdc(O) lov(O) osc(O) lmv(O) ec(O) fid(O) fld(O) ptlrpc(O) efivarfs obdclass(O) ksocklnd(O) lnet(O) libcfs(O)
00012 CPU: 1 UID: 0 PID: 1727 Comm: ll_mgs_0002 Tainted: G           O        7.0.0-ktest-21af419-6330a45-20260729-dirty #1 PREEMPT 
00012 Tainted: [O]=OOT_MODULE
00012 Hardware name: QEMU Standard PC (Q35 + ICH9, 2009), BIOS 2025.11-3ubuntu7 03/31/2026
00012 RIP: 0010:osd_create+0x9cf/0xcf0 [osd_wbcfs]
00012 Code: c7 c7 00 96 7b a1 48 c7 c6 a0 12 7d a1 48 c7 c2 00 1c 7d a1 e8 52 f1 43 ff 48 c7 c7 00 96 7b a1 e8 46 81 44 ff e9 fe fc ff ff <0f> 0b e9 a5 fa ff ff 48 c7 c1 80 44 5d a0 80 e1 07 80 c1 03 38 c1
00012 RSP: 0018:ffffc900012af740 EFLAGS: 00010246
00012 RAX: 0000000000000000 RBX: ffff888137be5000 RCX: 0000000000000046
00012 RDX: 0000000000000000 RSI: ffff88802f967b68 RDI: ffff888138c02aa8
00012 RBP: ffff88802f967ad8 R08: ffffffff83a16803 R09: 1ffffffff0742d00
00012 R10: dffffc0000000000 R11: fffffbfff0742d01 R12: ffff888118f0a000
00012 R13: dffffc0000000000 R14: 1ffff11026f7ca00 R15: 1ffff110231e140f
00012 FS:  0000000000000000(0000) GS:ffff8881d4aaa000(0000) knlGS:0000000000000000
00012 CS:  0010 DS: 0000 ES: 0000 CR0: 0000000080050033
00012 CR2: 00007fe624288b68 CR3: 0000000104746000 CR4: 0000000000750eb0
00012 PKRU: 55555554
00012 Call Trace:
00012  <TASK>
00012  ? local_object_create+0x109/0x640 [obdclass]
00012  ? dt_write_lock+0x16d/0x2a0 [obdclass]
00012  ? llog_osd_create+0x356/0x10d0 [obdclass]
00012  ? llog_create+0x2ed/0x530 [obdclass]
00012  ? llog_open_create+0x6e7/0xb30 [obdclass]
00012  ? mgs_find_or_make_fsdb_nolock+0x16d4/0x2d80 [mgs]
00012  ? class_find_param+0x25/0x70 [obdclass]
00012  ? mgs_find_or_make_fsdb+0xda/0x1f0 [mgs]
00012  ? mgs_target_reg+0x2333/0x4480 [mgs]
00012  ? tgt_request_handle+0x23ad/0x3d30 [ptlrpc]
00012  ? ptlrpc_main+0x6359/0x96f0 [ptlrpc]
00012  ? __kthread_parkme+0x73/0x130
00012  ? kthread+0x2cd/0x3a0
00012  ? ptlrpc_start_thread+0x1f10/0x1f10 [ptlrpc]
00012  ? kthread_unuse_mm+0x130/0x130
00012  ? ret_from_fork+0x18c/0x520
00012  ? kthread_unuse_mm+0x130/0x130
00012  ? ret_from_fork_asm+0x11/0x20
00012  </TASK>
00012 ---[ end trace 0000000000000000 ]---
00012 ------------[ cut here ]------------
00012 WARNING: /home/ktest/git/linux/include/linux/fs.h:889 at osd_create+0x9cf/0xcf0 [osd_wbcfs], CPU#1: ll_mgs_0002/1727
00012 Modules linked in: mdt(O) lquota(O) lfsck(O) mgs(O) osd_wbcfs(O) lustre(O) obdecho(O) mgc(O) mdc(O) lov(O) osc(O) lmv(O) ec(O) fid(O) fld(O) ptlrpc(O) efivarfs obdclass(O) ksocklnd(O) lnet(O) libcfs(O)
00012 CPU: 1 UID: 0 PID: 1727 Comm: ll_mgs_0002 Tainted: G        W  O        7.0.0-ktest-21af419-6330a45-20260729-dirty #1 PREEMPT 
00012 Tainted: [W]=WARN, [O]=OOT_MODULE
00012 Hardware name: QEMU Standard PC (Q35 + ICH9, 2009), BIOS 2025.11-3ubuntu7 03/31/2026
00012 RIP: 0010:osd_create+0x9cf/0xcf0 [osd_wbcfs]
00012 Code: c7 c7 00 96 7b a1 48 c7 c6 a0 12 7d a1 48 c7 c2 00 1c 7d a1 e8 52 f1 43 ff 48 c7 c7 00 96 7b a1 e8 46 81 44 ff e9 fe fc ff ff <0f> 0b e9 a5 fa ff ff 48 c7 c1 80 44 5d a0 80 e1 07 80 c1 03 38 c1
00012 RSP: 0018:ffffc900012af688 EFLAGS: 00010246
00012 RAX: 0000000000000000 RBX: ffff888137be7000 RCX: 0000000000000046
00012 RDX: 0000000000000000 RSI: ffff88802f967450 RDI: ffff888138c02aa8
00012 RBP: ffff88802f9673c0 R08: ffffffff83a16803 R09: 1ffffffff0742d00
00012 R10: dffffc0000000000 R11: fffffbfff0742d01 R12: ffff888118f0a000
00012 R13: dffffc0000000000 R14: 1ffff11026f7ce00 R15: 1ffff110231e140f
00012 FS:  0000000000000000(0000) GS:ffff8881d4aaa000(0000) knlGS:0000000000000000
00012 CS:  0010 DS: 0000 ES: 0000 CR0: 0000000080050033
00012 CR2: 00007fe624288b68 CR3: 0000000104746000 CR4: 0000000000750eb0
00012 PKRU: 55555554
00012 Call Trace:
00012  <TASK>
00012  ? local_object_create+0x109/0x640 [obdclass]
00012  ? dt_write_lock+0x16d/0x2a0 [obdclass]
00012  ? llog_osd_create+0x356/0x10d0 [obdclass]
00012  ? llog_create+0x2ed/0x530 [obdclass]
00012  ? llog_open_create+0x6e7/0xb30 [obdclass]
00012  ? record_start_log+0x348/0xa40 [mgs]
00012  ? mgs_write_log_lov+0x3ac/0xde0 [mgs]
00012  ? mgs_write_log_target+0x17a4/0x6ab0 [mgs]
00012  ? mgs_target_reg+0x254e/0x4480 [mgs]
00012  ? tgt_request_handle+0x23ad/0x3d30 [ptlrpc]
00012  ? ptlrpc_main+0x6359/0x96f0 [ptlrpc]
00012  ? __kthread_parkme+0x73/0x130
00012  ? kthread+0x2cd/0x3a0
00012  ? ptlrpc_start_thread+0x1f10/0x1f10 [ptlrpc]
00012  ? kthread_unuse_mm+0x130/0x130
00012  ? ret_from_fork+0x18c/0x520
00012  ? kthread_unuse_mm+0x130/0x130
00012  ? ret_from_fork_asm+0x11/0x20
00012  </TASK>
00012 ---[ end trace 0000000000000000 ]---
00013 ------------[ cut here ]------------
00013 WARNING: /home/ktest/git/linux/include/linux/fs.h:889 at osd_create+0x9cf/0xcf0 [osd_wbcfs], CPU#3: llog_process_th/1750
00013 Modules linked in: mdd(O) lod(O) mdt(O) lquota(O) lfsck(O) mgs(O) osd_wbcfs(O) lustre(O) obdecho(O) mgc(O) mdc(O) lov(O) osc(O) lmv(O) ec(O) fid(O) fld(O) ptlrpc(O) efivarfs obdclass(O) ksocklnd(O) lnet(O) libcfs(O)
00013 CPU: 3 UID: 0 PID: 1750 Comm: llog_process_th Tainted: G        W  O        7.0.0-ktest-21af419-6330a45-20260729-dirty #1 PREEMPT 
00013 Tainted: [W]=WARN, [O]=OOT_MODULE
00013 Hardware name: QEMU Standard PC (Q35 + ICH9, 2009), BIOS 2025.11-3ubuntu7 03/31/2026
00013 RIP: 0010:osd_create+0x9cf/0xcf0 [osd_wbcfs]
00013 Code: c7 c7 00 96 7b a1 48 c7 c6 a0 12 7d a1 48 c7 c2 00 1c 7d a1 e8 52 f1 43 ff 48 c7 c7 00 96 7b a1 e8 46 81 44 ff e9 fe fc ff ff <0f> 0b e9 a5 fa ff ff 48 c7 c1 80 44 5d a0 80 e1 07 80 c1 03 38 c1
00013 RSP: 0018:ffffc90001437450 EFLAGS: 00010246
00013 RAX: 0000000000000000 RBX: ffff88811ade3000 RCX: 0000000000000046
00013 RDX: ffffffff84c44d40 RSI: ffff88802d3e50d8 RDI: ffff88802d390998
00013 RBP: ffff88802d3e5048 R08: 0000000000000001 R09: 0000000000000000
00013 R10: dffffc0000000000 R11: ffffed1005a7c9fe R12: ffff88811b6de800
00013 R13: dffffc0000000000 R14: 1ffff110235bc600 R15: 1ffff92000286ebf
00013 FS:  0000000000000000(0000) GS:ffff8881d4baa000(0000) knlGS:0000000000000000
00013 CS:  0010 DS: 0000 ES: 0000 CR0: 0000000080050033
00013 CR2: 00007f8c38be6194 CR3: 0000000004274000 CR4: 0000000000750eb0
00013 PKRU: 55555554
00013 Call Trace:
00013  <TASK>
00013  ? dt_find_or_create+0x81a/0x1170 [obdclass]
00013  ? fld_index_init+0x404/0x1610 [fld]
00013  ? is_module_address+0x1b/0x70
00013  ? is_module_address+0x5e/0x70
00013  ? __asan_memset+0x22/0x40
00013  ? fld_server_init+0x1d7/0x580 [fld]
00013  ? mdt_device_alloc+0x36b4/0x66c0 [mdt]
00013  ? __alloc_tagging_slab_alloc_hook+0x136/0x190
00013  ? obd_setup+0x25c/0x950 [obdclass]
00013  ? class_setup+0xc7d/0x10e0 [obdclass]
00013  ? class_process_config+0x2edb/0x7cb0 [obdclass]
00013  ? __kasan_kmalloc+0x72/0x80
00013  ? class_config_llog_handler+0x2954/0x4f80 [obdclass]
00013  ? class_config_llog_handler+0x2cea/0x4f80 [obdclass]
00013  ? lustre_cfg_rec_free+0x350/0x350 [obdclass]
00013  ? llog_process_thread+0x1fd2/0x4f70 [obdclass]
00013  ? _raw_spin_unlock+0x23/0x40
00013  ? llog_process_thread_daemonize+0x16d/0x1b0 [obdclass]
00013  ? kthread+0x2cd/0x3a0
00013  ? llog_process_or_fork+0xc90/0xc90 [obdclass]
00013  ? kthread_unuse_mm+0x130/0x130
00013  ? ret_from_fork+0x18c/0x520
00013  ? kthread_unuse_mm+0x130/0x130
00013  ? ret_from_fork_asm+0x11/0x20
00013  </TASK>
00013 ---[ end trace 0000000000000000 ]---
00013 ------------[ cut here ]------------
00013 WARNING: /home/ktest/git/linux/include/linux/fs.h:889 at osd_create+0x9cf/0xcf0 [osd_wbcfs], CPU#3: llog_process_th/1750
00013 Modules linked in: mdd(O) lod(O) mdt(O) lquota(O) lfsck(O) mgs(O) osd_wbcfs(O) lustre(O) obdecho(O) mgc(O) mdc(O) lov(O) osc(O) lmv(O) ec(O) fid(O) fld(O) ptlrpc(O) efivarfs obdclass(O) ksocklnd(O) lnet(O) libcfs(O)
00013 CPU: 3 UID: 0 PID: 1750 Comm: llog_process_th Tainted: G        W  O        7.0.0-ktest-21af419-6330a45-20260729-dirty #1 PREEMPT 
00013 Tainted: [W]=WARN, [O]=OOT_MODULE
00013 Hardware name: QEMU Standard PC (Q35 + ICH9, 2009), BIOS 2025.11-3ubuntu7 03/31/2026
00013 RIP: 0010:osd_create+0x9cf/0xcf0 [osd_wbcfs]
00013 Code: c7 c7 00 96 7b a1 48 c7 c6 a0 12 7d a1 48 c7 c2 00 1c 7d a1 e8 52 f1 43 ff 48 c7 c7 00 96 7b a1 e8 46 81 44 ff e9 fe fc ff ff <0f> 0b e9 a5 fa ff ff 48 c7 c1 80 44 5d a0 80 e1 07 80 c1 03 38 c1
00013 RSP: 0018:ffffc90001437430 EFLAGS: 00010246
00013 RAX: 0000000000000000 RBX: ffff8881194d1800 RCX: 0000000000000046
00013 RDX: 0000000000000000 RSI: ffff88802d3e49c0 RDI: ffff88802d390998
00013 RBP: ffff88802d3e4930 R08: ffffffff83a16803 R09: 1ffffffff0742d00
00013 R10: dffffc0000000000 R11: fffffbfff0742d01 R12: ffffc90001437530
00013 R13: dffffc0000000000 R14: 1ffff1102329a300 R15: 1ffff92000286ea4
00013 FS:  0000000000000000(0000) GS:ffff8881d4baa000(0000) knlGS:0000000000000000
00013 CS:  0010 DS: 0000 ES: 0000 CR0: 0000000080050033
00013 CR2: 00007f8c38be6194 CR3: 0000000004274000 CR4: 0000000000750eb0
00013 PKRU: 55555554
00013 Call Trace:
00013  <TASK>
00013  ? dt_find_or_create+0x81a/0x1170 [obdclass]
00013  ? seq_store_init+0x155/0x360 [fid]
00013  ? seq_server_init+0x290/0xba0 [fid]
00013  ? mdt_seq_init+0x513/0x1ef0 [mdt]
00013  ? fld_server_init+0x34e/0x580 [fld]
00013  ? mdt_device_alloc+0x39c5/0x66c0 [mdt]
00013  ? __alloc_tagging_slab_alloc_hook+0x136/0x190
00013  ? obd_setup+0x25c/0x950 [obdclass]
00013  ? class_setup+0xc7d/0x10e0 [obdclass]
00013  ? class_process_config+0x2edb/0x7cb0 [obdclass]
00013  ? __kasan_kmalloc+0x72/0x80
00013  ? class_config_llog_handler+0x2954/0x4f80 [obdclass]
00013  ? class_config_llog_handler+0x2cea/0x4f80 [obdclass]
00013  ? lustre_cfg_rec_free+0x350/0x350 [obdclass]
00013  ? llog_process_thread+0x1fd2/0x4f70 [obdclass]
00013  ? _raw_spin_unlock+0x23/0x40
00013  ? llog_process_thread_daemonize+0x16d/0x1b0 [obdclass]
00013  ? kthread+0x2cd/0x3a0
00013  ? llog_process_or_fork+0xc90/0xc90 [obdclass]
00013  ? kthread_unuse_mm+0x130/0x130
00013  ? ret_from_fork+0x18c/0x520
00013  ? kthread_unuse_mm+0x130/0x130
00013  ? ret_from_fork_asm+0x11/0x20
00013  </TASK>
00013 ---[ end trace 0000000000000000 ]---
00013 Lustre: ctl-lustre-MDT0000: No data found on store. Initialize space.
00013 ------------[ cut here ]------------
00013 WARNING: /home/ktest/git/linux/include/linux/fs.h:889 at osd_create+0x9cf/0xcf0 [osd_wbcfs], CPU#3: llog_process_th/1750
00013 Modules linked in: mdd(O) lod(O) mdt(O) lquota(O) lfsck(O) mgs(O) osd_wbcfs(O) lustre(O) obdecho(O) mgc(O) mdc(O) lov(O) osc(O) lmv(O) ec(O) fid(O) fld(O) ptlrpc(O) efivarfs obdclass(O) ksocklnd(O) lnet(O) libcfs(O)
00013 CPU: 3 UID: 0 PID: 1750 Comm: llog_process_th Tainted: G        W  O        7.0.0-ktest-21af419-6330a45-20260729-dirty #1 PREEMPT 
00013 Tainted: [W]=WARN, [O]=OOT_MODULE
00013 Hardware name: QEMU Standard PC (Q35 + ICH9, 2009), BIOS 2025.11-3ubuntu7 03/31/2026
00013 RIP: 0010:osd_create+0x9cf/0xcf0 [osd_wbcfs]
00013 Code: c7 c7 00 96 7b a1 48 c7 c6 a0 12 7d a1 48 c7 c2 00 1c 7d a1 e8 52 f1 43 ff 48 c7 c7 00 96 7b a1 e8 46 81 44 ff e9 fe fc ff ff <0f> 0b e9 a5 fa ff ff 48 c7 c1 80 44 5d a0 80 e1 07 80 c1 03 38 c1
00013 RSP: 0018:ffffc90001437430 EFLAGS: 00010246
00013 RAX: 0000000000000000 RBX: ffff8881194d2400 RCX: 0000000000000046
00013 RDX: 0000000000000000 RSI: ffff88802d3e42a8 RDI: ffff88802d390998
00013 RBP: ffff88802d3e4218 R08: ffffffff83a16803 R09: 1ffffffff0742d00
00013 R10: dffffc0000000000 R11: fffffbfff0742d01 R12: ffffc90001437530
00013 R13: dffffc0000000000 R14: 1ffff1102329a480 R15: 1ffff92000286ea4
00013 FS:  0000000000000000(0000) GS:ffff8881d4baa000(0000) knlGS:0000000000000000
00013 CS:  0010 DS: 0000 ES: 0000 CR0: 0000000080050033
00013 CR2: 00007f8c38be6194 CR3: 0000000004274000 CR4: 0000000000750eb0
00013 PKRU: 55555554
00013 Call Trace:
00013  <TASK>
00013  ? dt_find_or_create+0x81a/0x1170 [obdclass]
00013  ? seq_store_init+0x155/0x360 [fid]
00013  ? seq_server_init+0x290/0xba0 [fid]
00013  ? mdt_seq_init+0x2c1/0x1ef0 [mdt]
00013  ? fld_server_init+0x34e/0x580 [fld]
00013  ? mdt_device_alloc+0x39c5/0x66c0 [mdt]
00013  ? __alloc_tagging_slab_alloc_hook+0x136/0x190
00013  ? obd_setup+0x25c/0x950 [obdclass]
00013  ? class_setup+0xc7d/0x10e0 [obdclass]
00013  ? class_process_config+0x2edb/0x7cb0 [obdclass]
00013  ? __kasan_kmalloc+0x72/0x80
00013  ? class_config_llog_handler+0x2954/0x4f80 [obdclass]
00013  ? class_config_llog_handler+0x2cea/0x4f80 [obdclass]
00013  ? lustre_cfg_rec_free+0x350/0x350 [obdclass]
00013  ? llog_process_thread+0x1fd2/0x4f70 [obdclass]
00013  ? _raw_spin_unlock+0x23/0x40
00013  ? llog_process_thread_daemonize+0x16d/0x1b0 [obdclass]
00013  ? kthread+0x2cd/0x3a0
00013  ? llog_process_or_fork+0xc90/0xc90 [obdclass]
00013  ? kthread_unuse_mm+0x130/0x130
00013  ? ret_from_fork+0x18c/0x520
00013  ? kthread_unuse_mm+0x130/0x130
00013  ? ret_from_fork_asm+0x11/0x20
00013  </TASK>
00013 ---[ end trace 0000000000000000 ]---
00013 ------------[ cut here ]------------
00013 WARNING: /home/ktest/git/linux/include/linux/fs.h:889 at osd_create+0x9cf/0xcf0 [osd_wbcfs], CPU#3: llog_process_th/1750
00013 Modules linked in: mdd(O) lod(O) mdt(O) lquota(O) lfsck(O) mgs(O) osd_wbcfs(O) lustre(O) obdecho(O) mgc(O) mdc(O) lov(O) osc(O) lmv(O) ec(O) fid(O) fld(O) ptlrpc(O) efivarfs obdclass(O) ksocklnd(O) lnet(O) libcfs(O)
00013 CPU: 3 UID: 0 PID: 1750 Comm: llog_process_th Tainted: G        W  O        7.0.0-ktest-21af419-6330a45-20260729-dirty #1 PREEMPT 
00013 Tainted: [W]=WARN, [O]=OOT_MODULE
00013 Hardware name: QEMU Standard PC (Q35 + ICH9, 2009), BIOS 2025.11-3ubuntu7 03/31/2026
00013 RIP: 0010:osd_create+0x9cf/0xcf0 [osd_wbcfs]
00013 Code: c7 c7 00 96 7b a1 48 c7 c6 a0 12 7d a1 48 c7 c2 00 1c 7d a1 e8 52 f1 43 ff 48 c7 c7 00 96 7b a1 e8 46 81 44 ff e9 fe fc ff ff <0f> 0b e9 a5 fa ff ff 48 c7 c1 80 44 5d a0 80 e1 07 80 c1 03 38 c1
00013 RSP: 0018:ffffc90001437470 EFLAGS: 00010246
00013 RAX: 0000000000000000 RBX: ffff8881194d2000 RCX: 0000000000000046
00013 RDX: 0000000000000000 RSI: ffff88802d3e3b90 RDI: ffff88802d390998
00013 RBP: ffff88802d3e3b00 R08: ffffffff83a16803 R09: 1ffffffff0742d00
00013 R10: dffffc0000000000 R11: fffffbfff0742d01 R12: ffffc900014375e0
00013 R13: dffffc0000000000 R14: 1ffff1102329a400 R15: 1ffff92000286ec9
00013 FS:  0000000000000000(0000) GS:ffff8881d4baa000(0000) knlGS:0000000000000000
00013 CS:  0010 DS: 0000 ES: 0000 CR0: 0000000080050033
00013 CR2: 00007f8c38be6194 CR3: 0000000004274000 CR4: 0000000000750eb0
00013 PKRU: 55555554
00013 Call Trace:
00013  <TASK>
00013  ? dt_find_or_create+0x81a/0x1170 [obdclass]
00013  ? tgt_init+0xb72/0x2a60 [ptlrpc]
00013  ? mdt_device_alloc+0x3ce7/0x66c0 [mdt]
00013  ? __alloc_tagging_slab_alloc_hook+0x136/0x190
00013  ? obd_setup+0x25c/0x950 [obdclass]
00013  ? class_setup+0xc7d/0x10e0 [obdclass]
00013  ? class_process_config+0x2edb/0x7cb0 [obdclass]
00013  ? __kasan_kmalloc+0x72/0x80
00013  ? class_config_llog_handler+0x2954/0x4f80 [obdclass]
00013  ? class_config_llog_handler+0x2cea/0x4f80 [obdclass]
00013  ? lustre_cfg_rec_free+0x350/0x350 [obdclass]
00013  ? llog_process_thread+0x1fd2/0x4f70 [obdclass]
00013  ? _raw_spin_unlock+0x23/0x40
00013  ? llog_process_thread_daemonize+0x16d/0x1b0 [obdclass]
00013  ? kthread+0x2cd/0x3a0
00013  ? llog_process_or_fork+0xc90/0xc90 [obdclass]
00013  ? kthread_unuse_mm+0x130/0x130
00013  ? ret_from_fork+0x18c/0x520
00013  ? kthread_unuse_mm+0x130/0x130
00013  ? ret_from_fork_asm+0x11/0x20
00013  </TASK>
00013 ---[ end trace 0000000000000000 ]---
00013 Lustre: lustre-MDT0000: new disk, initializing
00013 ------------[ cut here ]------------
00013 WARNING: /home/ktest/git/linux/include/linux/fs.h:889 at osd_create+0x9cf/0xcf0 [osd_wbcfs], CPU#3: llog_process_th/1750
00013 Modules linked in: mdd(O) lod(O) mdt(O) lquota(O) lfsck(O) mgs(O) osd_wbcfs(O) lustre(O) obdecho(O) mgc(O) mdc(O) lov(O) osc(O) lmv(O) ec(O) fid(O) fld(O) ptlrpc(O) efivarfs obdclass(O) ksocklnd(O) lnet(O) libcfs(O)
00013 CPU: 3 UID: 0 PID: 1750 Comm: llog_process_th Tainted: G        W  O        7.0.0-ktest-21af419-6330a45-20260729-dirty #1 PREEMPT 
00013 Tainted: [W]=WARN, [O]=OOT_MODULE
00013 Hardware name: QEMU Standard PC (Q35 + ICH9, 2009), BIOS 2025.11-3ubuntu7 03/31/2026
00013 RIP: 0010:osd_create+0x9cf/0xcf0 [osd_wbcfs]
00013 Code: c7 c7 00 96 7b a1 48 c7 c6 a0 12 7d a1 48 c7 c2 00 1c 7d a1 e8 52 f1 43 ff 48 c7 c7 00 96 7b a1 e8 46 81 44 ff e9 fe fc ff ff <0f> 0b e9 a5 fa ff ff 48 c7 c1 80 44 5d a0 80 e1 07 80 c1 03 38 c1
00013 RSP: 0018:ffffc90001437470 EFLAGS: 00010246
00013 RAX: 0000000000000000 RBX: ffff8881194d1c00 RCX: 0000000000000046
00013 RDX: 0000000000000000 RSI: ffff88802d3e3478 RDI: ffff88802d390998
00013 RBP: ffff88802d3e33e8 R08: ffffffff83a16803 R09: 1ffffffff0742d00
00013 R10: dffffc0000000000 R11: fffffbfff0742d01 R12: ffffc900014375e0
00013 R13: dffffc0000000000 R14: 1ffff1102329a380 R15: 1ffff92000286ec9
00013 FS:  0000000000000000(0000) GS:ffff8881d4baa000(0000) knlGS:0000000000000000
00013 CS:  0010 DS: 0000 ES: 0000 CR0: 0000000080050033
00013 CR2: 00007f8c38be6194 CR3: 0000000004274000 CR4: 0000000000750eb0
00013 PKRU: 55555554
00013 Call Trace:
00013  <TASK>
00013  ? dt_find_or_create+0x81a/0x1170 [obdclass]
00013  ? tgt_init+0x1a98/0x2a60 [ptlrpc]
00013  ? mdt_device_alloc+0x3ce7/0x66c0 [mdt]
00013  ? __alloc_tagging_slab_alloc_hook+0x136/0x190
00013  ? obd_setup+0x25c/0x950 [obdclass]
00013  ? class_setup+0xc7d/0x10e0 [obdclass]
00013  ? class_process_config+0x2edb/0x7cb0 [obdclass]
00013  ? __kasan_kmalloc+0x72/0x80
00013  ? class_config_llog_handler+0x2954/0x4f80 [obdclass]
00013  ? class_config_llog_handler+0x2cea/0x4f80 [obdclass]
00013  ? lustre_cfg_rec_free+0x350/0x350 [obdclass]
00013  ? llog_process_thread+0x1fd2/0x4f70 [obdclass]
00013  ? _raw_spin_unlock+0x23/0x40
00013  ? llog_process_thread_daemonize+0x16d/0x1b0 [obdclass]
00013  ? kthread+0x2cd/0x3a0
00013  ? llog_process_or_fork+0xc90/0xc90 [obdclass]
00013  ? kthread_unuse_mm+0x130/0x130
00013  ? ret_from_fork+0x18c/0x520
00013  ? kthread_unuse_mm+0x130/0x130
00013  ? ret_from_fork_asm+0x11/0x20
00013  </TASK>
00013 ---[ end trace 0000000000000000 ]---
00013 ------------[ cut here ]------------
00013 WARNING: /home/ktest/git/linux/include/linux/fs.h:889 at osd_create+0x9cf/0xcf0 [osd_wbcfs], CPU#3: llog_process_th/1750
00013 Modules linked in: mdd(O) lod(O) mdt(O) lquota(O) lfsck(O) mgs(O) osd_wbcfs(O) lustre(O) obdecho(O) mgc(O) mdc(O) lov(O) osc(O) lmv(O) ec(O) fid(O) fld(O) ptlrpc(O) efivarfs obdclass(O) ksocklnd(O) lnet(O) libcfs(O)
00013 CPU: 3 UID: 0 PID: 1750 Comm: llog_process_th Tainted: G        W  O        7.0.0-ktest-21af419-6330a45-20260729-dirty #1 PREEMPT 
00013 Tainted: [W]=WARN, [O]=OOT_MODULE
00013 Hardware name: QEMU Standard PC (Q35 + ICH9, 2009), BIOS 2025.11-3ubuntu7 03/31/2026
00013 RIP: 0010:osd_create+0x9cf/0xcf0 [osd_wbcfs]
00013 Code: c7 c7 00 96 7b a1 48 c7 c6 a0 12 7d a1 48 c7 c2 00 1c 7d a1 e8 52 f1 43 ff 48 c7 c7 00 96 7b a1 e8 46 81 44 ff e9 fe fc ff ff <0f> 0b e9 a5 fa ff ff 48 c7 c1 80 44 5d a0 80 e1 07 80 c1 03 38 c1
00013 RSP: 0018:ffffc90001437370 EFLAGS: 00010246
00013 RAX: 0000000000000000 RBX: ffff8881194c0000 RCX: 0000000000000046
00013 RDX: 0000000000000000 RSI: ffff88802d3e2d60 RDI: ffff88802d390998
00013 RBP: ffff88802d3e2cd0 R08: ffffffff83a16803 R09: 1ffffffff0742d00
00013 R10: dffffc0000000000 R11: fffffbfff0742d01 R12: ffff88802d506418
00013 R13: dffffc0000000000 R14: 1ffff11023298000 R15: 1ffff11005aa0c92
00013 FS:  0000000000000000(0000) GS:ffff8881d4baa000(0000) knlGS:0000000000000000
00013 CS:  0010 DS: 0000 ES: 0000 CR0: 0000000080050033
00013 CR2: 00007f8c38be6194 CR3: 0000000004274000 CR4: 0000000000750eb0
00013 PKRU: 55555554
00013 Call Trace:
00013  <TASK>
00013  ? local_object_create+0x109/0x640 [obdclass]
00013  ? dt_write_lock+0x16d/0x2a0 [obdclass]
00013  ? __local_file_create+0xce4/0x1bc0 [obdclass]
00013  ? local_file_find_or_create+0x13c/0x1d0 [obdclass]
00013  ? lquota_disk_dir_find_create+0x31f/0xd10 [lquota]
00013  ? qmt_device_prepare+0x122/0x600 [lquota]
00013  ? mdt_quota_init+0x1a65/0x3220 [mdt]
00013  ? mdt_tunables_init+0x3e6/0x530 [mdt]
00013  ? mdt_device_alloc+0x46a6/0x66c0 [mdt]
00013  ? obd_setup+0x25c/0x950 [obdclass]
00013  ? class_setup+0xc7d/0x10e0 [obdclass]
00013  ? class_process_config+0x2edb/0x7cb0 [obdclass]
00013  ? __kasan_kmalloc+0x72/0x80
00013  ? class_config_llog_handler+0x2954/0x4f80 [obdclass]
00013  ? class_config_llog_handler+0x2cea/0x4f80 [obdclass]
00013  ? lustre_cfg_rec_free+0x350/0x350 [obdclass]
00013  ? llog_process_thread+0x1fd2/0x4f70 [obdclass]
00013  ? _raw_spin_unlock+0x23/0x40
00013  ? llog_process_thread_daemonize+0x16d/0x1b0 [obdclass]
00013  ? kthread+0x2cd/0x3a0
00013  ? llog_process_or_fork+0xc90/0xc90 [obdclass]
00013  ? kthread_unuse_mm+0x130/0x130
00013  ? ret_from_fork+0x18c/0x520
00013  ? kthread_unuse_mm+0x130/0x130
00013  ? ret_from_fork_asm+0x11/0x20
00013  </TASK>
00013 ---[ end trace 0000000000000000 ]---
00013 ------------[ cut here ]------------
00013 WARNING: /home/ktest/git/linux/include/linux/fs.h:889 at osd_create+0x9cf/0xcf0 [osd_wbcfs], CPU#3: llog_process_th/1750
00013 Modules linked in: mdd(O) lod(O) mdt(O) lquota(O) lfsck(O) mgs(O) osd_wbcfs(O) lustre(O) obdecho(O) mgc(O) mdc(O) lov(O) osc(O) lmv(O) ec(O) fid(O) fld(O) ptlrpc(O) efivarfs obdclass(O) ksocklnd(O) lnet(O) libcfs(O)
00013 CPU: 3 UID: 0 PID: 1750 Comm: llog_process_th Tainted: G        W  O        7.0.0-ktest-21af419-6330a45-20260729-dirty #1 PREEMPT 
00013 Tainted: [W]=WARN, [O]=OOT_MODULE
00013 Hardware name: QEMU Standard PC (Q35 + ICH9, 2009), BIOS 2025.11-3ubuntu7 03/31/2026
00013 RIP: 0010:osd_create+0x9cf/0xcf0 [osd_wbcfs]
00013 Code: c7 c7 00 96 7b a1 48 c7 c6 a0 12 7d a1 48 c7 c2 00 1c 7d a1 e8 52 f1 43 ff 48 c7 c7 00 96 7b a1 e8 46 81 44 ff e9 fe fc ff ff <0f> 0b e9 a5 fa ff ff 48 c7 c1 80 44 5d a0 80 e1 07 80 c1 03 38 c1
00013 RSP: 0018:ffffc90001437270 EFLAGS: 00010246
00013 RAX: 0000000000000000 RBX: ffff8881194c2c00 RCX: 0000000000000046
00013 RDX: 0000000000000000 RSI: ffff88802d3e2648 RDI: ffff88802d390998
00013 RBP: ffff88802d3e25b8 R08: ffffffff83a16803 R09: 1ffffffff0742d00
00013 R10: dffffc0000000000 R11: fffffbfff0742d01 R12: ffff88802d506418
00013 R13: dffffc0000000000 R14: 1ffff11023298580 R15: 1ffff11005aa0c92
00013 FS:  0000000000000000(0000) GS:ffff8881d4baa000(0000) knlGS:0000000000000000
00013 CS:  0010 DS: 0000 ES: 0000 CR0: 0000000080050033
00013 CR2: 00007f8c38be6194 CR3: 0000000004274000 CR4: 0000000000750eb0
00013 PKRU: 55555554
00013 Call Trace:
00013  <TASK>
00013  ? local_object_create+0x109/0x640 [obdclass]
00013  ? dt_write_lock+0x16d/0x2a0 [obdclass]
00013  ? __local_file_create+0xce4/0x1bc0 [obdclass]
00013  ? local_file_find_or_create+0x13c/0x1d0 [obdclass]
00013  ? lquota_disk_dir_find_create+0x31f/0xd10 [lquota]
00013  ? qmt_pool_prepare+0x3ee/0x16f0 [lquota]
00013  ? qmt_device_prepare+0x22a/0x600 [lquota]
00013  ? mdt_quota_init+0x1a65/0x3220 [mdt]
00013  ? mdt_tunables_init+0x3e6/0x530 [mdt]
00013  ? mdt_device_alloc+0x46a6/0x66c0 [mdt]
00013  ? obd_setup+0x25c/0x950 [obdclass]
00013  ? class_setup+0xc7d/0x10e0 [obdclass]
00013  ? class_process_config+0x2edb/0x7cb0 [obdclass]
00013  ? __kasan_kmalloc+0x72/0x80
00013  ? class_config_llog_handler+0x2954/0x4f80 [obdclass]
00013  ? class_config_llog_handler+0x2cea/0x4f80 [obdclass]
00013  ? lustre_cfg_rec_free+0x350/0x350 [obdclass]
00013  ? llog_process_thread+0x1fd2/0x4f70 [obdclass]
00013  ? _raw_spin_unlock+0x23/0x40
00013  ? llog_process_thread_daemonize+0x16d/0x1b0 [obdclass]
00013  ? kthread+0x2cd/0x3a0
00013  ? llog_process_or_fork+0xc90/0xc90 [obdclass]
00013  ? kthread_unuse_mm+0x130/0x130
00013  ? ret_from_fork+0x18c/0x520
00013  ? kthread_unuse_mm+0x130/0x130
00013  ? ret_from_fork_asm+0x11/0x20
00013  </TASK>
00013 ---[ end trace 0000000000000000 ]---
00013 ------------[ cut here ]------------
00013 WARNING: /home/ktest/git/linux/include/linux/fs.h:889 at osd_create+0x9cf/0xcf0 [osd_wbcfs], CPU#3: llog_process_th/1750
00013 Modules linked in: mdd(O) lod(O) mdt(O) lquota(O) lfsck(O) mgs(O) osd_wbcfs(O) lustre(O) obdecho(O) mgc(O) mdc(O) lov(O) osc(O) lmv(O) ec(O) fid(O) fld(O) ptlrpc(O) efivarfs obdclass(O) ksocklnd(O) lnet(O) libcfs(O)
00013 CPU: 3 UID: 0 PID: 1750 Comm: llog_process_th Tainted: G        W  O        7.0.0-ktest-21af419-6330a45-20260729-dirty #1 PREEMPT 
00013 Tainted: [W]=WARN, [O]=OOT_MODULE
00013 Hardware name: QEMU Standard PC (Q35 + ICH9, 2009), BIOS 2025.11-3ubuntu7 03/31/2026
00013 RIP: 0010:osd_create+0x9cf/0xcf0 [osd_wbcfs]
00013 Code: c7 c7 00 96 7b a1 48 c7 c6 a0 12 7d a1 48 c7 c2 00 1c 7d a1 e8 52 f1 43 ff 48 c7 c7 00 96 7b a1 e8 46 81 44 ff e9 fe fc ff ff <0f> 0b e9 a5 fa ff ff 48 c7 c1 80 44 5d a0 80 e1 07 80 c1 03 38 c1
00013 RSP: 0018:ffffc90001437258 EFLAGS: 00010246
00013 RAX: 0000000000000000 RBX: ffff8881194c1c00 RCX: 0000000000000046
00013 RDX: ffffffff84c44d40 RSI: ffff88802d3e1f30 RDI: ffff88802d390998
00013 RBP: ffff88802d3e1ea0 R08: 0000000000000001 R09: 0000000000000000
00013 R10: dffffc0000000000 R11: ffffed1005a7c3c9 R12: ffff88802d506418
00013 R13: dffffc0000000000 R14: 1ffff11023298380 R15: 1ffff11005aa0c92
00013 FS:  0000000000000000(0000) GS:ffff8881d4baa000(0000) knlGS:0000000000000000
00013 CS:  0010 DS: 0000 ES: 0000 CR0: 0000000080050033
00013 CR2: 00007f8c38be6194 CR3: 0000000004274000 CR4: 0000000000750eb0
00013 PKRU: 55555554
00013 Call Trace:
00013  <TASK>
00013  ? local_object_create+0x109/0x640 [obdclass]
00013  ? dt_write_lock+0x16d/0x2a0 [obdclass]
00013  ? __local_file_create+0xce4/0x1bc0 [obdclass]
00013  ? local_index_find_or_create_with_fid+0x20d/0x3c0 [obdclass]
00013  ? lquota_disk_glb_find_create+0x3e7/0xe50 [lquota]
00013  ? qmt_pool_prepare+0x5af/0x16f0 [lquota]
00013  ? qmt_device_prepare+0x22a/0x600 [lquota]
00013  ? mdt_quota_init+0x1a65/0x3220 [mdt]
00013  ? mdt_tunables_init+0x3e6/0x530 [mdt]
00013  ? mdt_device_alloc+0x46a6/0x66c0 [mdt]
00013  ? obd_setup+0x25c/0x950 [obdclass]
00013  ? class_setup+0xc7d/0x10e0 [obdclass]
00013  ? class_process_config+0x2edb/0x7cb0 [obdclass]
00013  ? __kasan_kmalloc+0x72/0x80
00013  ? class_config_llog_handler+0x2954/0x4f80 [obdclass]
00013  ? class_config_llog_handler+0x2cea/0x4f80 [obdclass]
00013  ? lustre_cfg_rec_free+0x350/0x350 [obdclass]
00013  ? llog_process_thread+0x1fd2/0x4f70 [obdclass]
00013  ? _raw_spin_unlock+0x23/0x40
00013  ? llog_process_thread_daemonize+0x16d/0x1b0 [obdclass]
00013  ? kthread+0x2cd/0x3a0
00013  ? llog_process_or_fork+0xc90/0xc90 [obdclass]
00013  ? kthread_unuse_mm+0x130/0x130
00013  ? ret_from_fork+0x18c/0x520
00013  ? kthread_unuse_mm+0x130/0x130
00013  ? ret_from_fork_asm+0x11/0x20
00013  </TASK>
00013 ---[ end trace 0000000000000000 ]---
00013 ------------[ cut here ]------------
00013 WARNING: /home/ktest/git/linux/include/linux/fs.h:889 at osd_create+0x9cf/0xcf0 [osd_wbcfs], CPU#3: llog_process_th/1750
00013 Modules linked in: mdd(O) lod(O) mdt(O) lquota(O) lfsck(O) mgs(O) osd_wbcfs(O) lustre(O) obdecho(O) mgc(O) mdc(O) lov(O) osc(O) lmv(O) ec(O) fid(O) fld(O) ptlrpc(O) efivarfs obdclass(O) ksocklnd(O) lnet(O) libcfs(O)
00013 CPU: 3 UID: 0 PID: 1750 Comm: llog_process_th Tainted: G        W  O        7.0.0-ktest-21af419-6330a45-20260729-dirty #1 PREEMPT 
00013 Tainted: [W]=WARN, [O]=OOT_MODULE
00013 Hardware name: QEMU Standard PC (Q35 + ICH9, 2009), BIOS 2025.11-3ubuntu7 03/31/2026
00013 RIP: 0010:osd_create+0x9cf/0xcf0 [osd_wbcfs]
00013 Code: c7 c7 00 96 7b a1 48 c7 c6 a0 12 7d a1 48 c7 c2 00 1c 7d a1 e8 52 f1 43 ff 48 c7 c7 00 96 7b a1 e8 46 81 44 ff e9 fe fc ff ff <0f> 0b e9 a5 fa ff ff 48 c7 c1 80 44 5d a0 80 e1 07 80 c1 03 38 c1
00013 RSP: 0018:ffffc90001437258 EFLAGS: 00010246
00013 RAX: 0000000000000000 RBX: ffff88811bb9dc00 RCX: 0000000000000046
00013 RDX: ffffffff84c44d40 RSI: ffff88802d3e1818 RDI: ffff88802d390998
00013 RBP: ffff88802d3e1788 R08: 0000000000000001 R09: 0000000000000000
00013 R10: dffffc0000000000 R11: ffffed1005a7c2e6 R12: ffff88802d506418
00013 R13: dffffc0000000000 R14: 1ffff11023773b80 R15: 1ffff11005aa0c92
00013 FS:  0000000000000000(0000) GS:ffff8881d4baa000(0000) knlGS:0000000000000000
00013 CS:  0010 DS: 0000 ES: 0000 CR0: 0000000080050033
00013 CR2: 00007f8c38be6194 CR3: 0000000004274000 CR4: 0000000000750eb0
00013 PKRU: 55555554
00013 Call Trace:
00013  <TASK>
00013  ? local_object_create+0x109/0x640 [obdclass]
00013  ? dt_write_lock+0x16d/0x2a0 [obdclass]
00013  ? __local_file_create+0xce4/0x1bc0 [obdclass]
00013  ? local_index_find_or_create_with_fid+0x20d/0x3c0 [obdclass]
00013  ? lquota_disk_glb_find_create+0x3e7/0xe50 [lquota]
00013  ? lprocfs_seq_create+0x120/0x340 [obdclass]
00013  ? qmt_pool_prepare+0x5af/0x16f0 [lquota]
00013  ? qmt_device_prepare+0x22a/0x600 [lquota]
00013  ? mdt_quota_init+0x1a65/0x3220 [mdt]
00013  ? mdt_tunables_init+0x3e6/0x530 [mdt]
00013  ? mdt_device_alloc+0x46a6/0x66c0 [mdt]
00013  ? obd_setup+0x25c/0x950 [obdclass]
00013  ? class_setup+0xc7d/0x10e0 [obdclass]
00013  ? class_process_config+0x2edb/0x7cb0 [obdclass]
00013  ? __kasan_kmalloc+0x72/0x80
00013  ? class_config_llog_handler+0x2954/0x4f80 [obdclass]
00013  ? class_config_llog_handler+0x2cea/0x4f80 [obdclass]
00013  ? lustre_cfg_rec_free+0x350/0x350 [obdclass]
00013  ? llog_process_thread+0x1fd2/0x4f70 [obdclass]
00013  ? _raw_spin_unlock+0x23/0x40
00013  ? llog_process_thread_daemonize+0x16d/0x1b0 [obdclass]
00013  ? kthread+0x2cd/0x3a0
00013  ? llog_process_or_fork+0xc90/0xc90 [obdclass]
00013  ? kthread_unuse_mm+0x130/0x130
00013  ? ret_from_fork+0x18c/0x520
00013  ? kthread_unuse_mm+0x130/0x130
00013  ? ret_from_fork_asm+0x11/0x20
00013  </TASK>
00013 ---[ end trace 0000000000000000 ]---
00013 ------------[ cut here ]------------
00013 WARNING: /home/ktest/git/linux/include/linux/fs.h:889 at osd_create+0x9cf/0xcf0 [osd_wbcfs], CPU#3: llog_process_th/1750
00013 Modules linked in: mdd(O) lod(O) mdt(O) lquota(O) lfsck(O) mgs(O) osd_wbcfs(O) lustre(O) obdecho(O) mgc(O) mdc(O) lov(O) osc(O) lmv(O) ec(O) fid(O) fld(O) ptlrpc(O) efivarfs obdclass(O) ksocklnd(O) lnet(O) libcfs(O)
00013 CPU: 3 UID: 0 PID: 1750 Comm: llog_process_th Tainted: G        W  O        7.0.0-ktest-21af419-6330a45-20260729-dirty #1 PREEMPT 
00013 Tainted: [W]=WARN, [O]=OOT_MODULE
00013 Hardware name: QEMU Standard PC (Q35 + ICH9, 2009), BIOS 2025.11-3ubuntu7 03/31/2026
00013 RIP: 0010:osd_create+0x9cf/0xcf0 [osd_wbcfs]
00013 Code: c7 c7 00 96 7b a1 48 c7 c6 a0 12 7d a1 48 c7 c2 00 1c 7d a1 e8 52 f1 43 ff 48 c7 c7 00 96 7b a1 e8 46 81 44 ff e9 fe fc ff ff <0f> 0b e9 a5 fa ff ff 48 c7 c1 80 44 5d a0 80 e1 07 80 c1 03 38 c1
00013 RSP: 0018:ffffc90001437258 EFLAGS: 00010246
00013 RAX: 0000000000000000 RBX: ffff88811bb9e800 RCX: 0000000000000046
00013 RDX: ffffffff84c44d40 RSI: ffff88802d3e1100 RDI: ffff88802d390998
00013 RBP: ffff88802d3e1070 R08: 0000000000000001 R09: 0000000000000000
00013 R10: dffffc0000000000 R11: ffffed1005a7c203 R12: ffff88802d506418
00013 R13: dffffc0000000000 R14: 1ffff11023773d00 R15: 1ffff11005aa0c92
00013 FS:  0000000000000000(0000) GS:ffff8881d4baa000(0000) knlGS:0000000000000000
00013 CS:  0010 DS: 0000 ES: 0000 CR0: 0000000080050033
00013 CR2: 00007f8c38be6194 CR3: 0000000004274000 CR4: 0000000000750eb0
00013 PKRU: 55555554
00013 Call Trace:
00013  <TASK>
00013  ? local_object_create+0x109/0x640 [obdclass]
00013  ? dt_write_lock+0x16d/0x2a0 [obdclass]
00013  ? __local_file_create+0xce4/0x1bc0 [obdclass]
00013  ? local_index_find_or_create_with_fid+0x20d/0x3c0 [obdclass]
00013  ? lquota_disk_glb_find_create+0x3e7/0xe50 [lquota]
00013  ? lprocfs_seq_create+0x120/0x340 [obdclass]
00013  ? qmt_pool_prepare+0x5af/0x16f0 [lquota]
00013  ? qmt_device_prepare+0x22a/0x600 [lquota]
00013  ? mdt_quota_init+0x1a65/0x3220 [mdt]
00013  ? mdt_tunables_init+0x3e6/0x530 [mdt]
00013  ? mdt_device_alloc+0x46a6/0x66c0 [mdt]
00013  ? obd_setup+0x25c/0x950 [obdclass]
00013  ? class_setup+0xc7d/0x10e0 [obdclass]
00013  ? class_process_config+0x2edb/0x7cb0 [obdclass]
00013  ? __kasan_kmalloc+0x72/0x80
00013  ? class_config_llog_handler+0x2954/0x4f80 [obdclass]
00013  ? class_config_llog_handler+0x2cea/0x4f80 [obdclass]
00013  ? lustre_cfg_rec_free+0x350/0x350 [obdclass]
00013  ? llog_process_thread+0x1fd2/0x4f70 [obdclass]
00013  ? _raw_spin_unlock+0x23/0x40
00013  ? llog_process_thread_daemonize+0x16d/0x1b0 [obdclass]
00013  ? kthread+0x2cd/0x3a0
00013  ? llog_process_or_fork+0xc90/0xc90 [obdclass]
00013  ? kthread_unuse_mm+0x130/0x130
00013  ? ret_from_fork+0x18c/0x520
00013  ? kthread_unuse_mm+0x130/0x130
00013  ? ret_from_fork_asm+0x11/0x20
00013  </TASK>
00013 ---[ end trace 0000000000000000 ]---
00013 ------------[ cut here ]------------
00013 WARNING: /home/ktest/git/linux/include/linux/fs.h:889 at osd_create+0x9cf/0xcf0 [osd_wbcfs], CPU#3: llog_process_th/1750
00013 Modules linked in: mdd(O) lod(O) mdt(O) lquota(O) lfsck(O) mgs(O) osd_wbcfs(O) lustre(O) obdecho(O) mgc(O) mdc(O) lov(O) osc(O) lmv(O) ec(O) fid(O) fld(O) ptlrpc(O) efivarfs obdclass(O) ksocklnd(O) lnet(O) libcfs(O)
00013 CPU: 3 UID: 0 PID: 1750 Comm: llog_process_th Tainted: G        W  O        7.0.0-ktest-21af419-6330a45-20260729-dirty #1 PREEMPT 
00013 Tainted: [W]=WARN, [O]=OOT_MODULE
00013 Hardware name: QEMU Standard PC (Q35 + ICH9, 2009), BIOS 2025.11-3ubuntu7 03/31/2026
00013 RIP: 0010:osd_create+0x9cf/0xcf0 [osd_wbcfs]
00013 Code: c7 c7 00 96 7b a1 48 c7 c6 a0 12 7d a1 48 c7 c2 00 1c 7d a1 e8 52 f1 43 ff 48 c7 c7 00 96 7b a1 e8 46 81 44 ff e9 fe fc ff ff <0f> 0b e9 a5 fa ff ff 48 c7 c1 80 44 5d a0 80 e1 07 80 c1 03 38 c1
00013 RSP: 0018:ffffc90001437270 EFLAGS: 00010246
00013 RAX: 0000000000000000 RBX: ffff888104489c00 RCX: 0000000000000046
00013 RDX: 0000000000000000 RSI: ffff88802d3e09e8 RDI: ffff88802d390998
00013 RBP: ffff88802d3e0958 R08: ffffffff83a16803 R09: 1ffffffff0742d00
00013 R10: dffffc0000000000 R11: fffffbfff0742d01 R12: ffff88802d506418
00013 R13: dffffc0000000000 R14: 1ffff11020891380 R15: 1ffff11005aa0c92
00013 FS:  0000000000000000(0000) GS:ffff8881d4baa000(0000) knlGS:0000000000000000
00013 CS:  0010 DS: 0000 ES: 0000 CR0: 0000000080050033
00013 CR2: 00007f8c38be6194 CR3: 0000000004274000 CR4: 0000000000750eb0
00013 PKRU: 55555554
00013 Call Trace:
00013  <TASK>
00013  ? local_object_create+0x109/0x640 [obdclass]
00013  ? dt_write_lock+0x16d/0x2a0 [obdclass]
00013  ? __local_file_create+0xce4/0x1bc0 [obdclass]
00013  ? local_file_find_or_create+0x13c/0x1d0 [obdclass]
00013  ? lquota_disk_dir_find_create+0x31f/0xd10 [lquota]
00013  ? qmt_pool_prepare+0x3ee/0x16f0 [lquota]
00013  ? qmt_device_prepare+0x22a/0x600 [lquota]
00013  ? mdt_quota_init+0x1a65/0x3220 [mdt]
00013  ? mdt_tunables_init+0x3e6/0x530 [mdt]
00013  ? mdt_device_alloc+0x46a6/0x66c0 [mdt]
00013  ? obd_setup+0x25c/0x950 [obdclass]
00013  ? class_setup+0xc7d/0x10e0 [obdclass]
00013  ? class_process_config+0x2edb/0x7cb0 [obdclass]
00013  ? __kasan_kmalloc+0x72/0x80
00013  ? class_config_llog_handler+0x2954/0x4f80 [obdclass]
00013  ? class_config_llog_handler+0x2cea/0x4f80 [obdclass]
00013  ? lustre_cfg_rec_free+0x350/0x350 [obdclass]
00013  ? llog_process_thread+0x1fd2/0x4f70 [obdclass]
00013  ? _raw_spin_unlock+0x23/0x40
00013  ? llog_process_thread_daemonize+0x16d/0x1b0 [obdclass]
00013  ? kthread+0x2cd/0x3a0
00013  ? llog_process_or_fork+0xc90/0xc90 [obdclass]
00013  ? kthread_unuse_mm+0x130/0x130
00013  ? ret_from_fork+0x18c/0x520
00013  ? kthread_unuse_mm+0x130/0x130
00013  ? ret_from_fork_asm+0x11/0x20
00013  </TASK>
00013 ---[ end trace 0000000000000000 ]---
00013 ------------[ cut here ]------------
00013 WARNING: /home/ktest/git/linux/include/linux/fs.h:889 at osd_create+0x9cf/0xcf0 [osd_wbcfs], CPU#3: llog_process_th/1750
00013 Modules linked in: mdd(O) lod(O) mdt(O) lquota(O) lfsck(O) mgs(O) osd_wbcfs(O) lustre(O) obdecho(O) mgc(O) mdc(O) lov(O) osc(O) lmv(O) ec(O) fid(O) fld(O) ptlrpc(O) efivarfs obdclass(O) ksocklnd(O) lnet(O) libcfs(O)
00013 CPU: 3 UID: 0 PID: 1750 Comm: llog_process_th Tainted: G        W  O        7.0.0-ktest-21af419-6330a45-20260729-dirty #1 PREEMPT 
00013 Tainted: [W]=WARN, [O]=OOT_MODULE
00013 Hardware name: QEMU Standard PC (Q35 + ICH9, 2009), BIOS 2025.11-3ubuntu7 03/31/2026
00013 RIP: 0010:osd_create+0x9cf/0xcf0 [osd_wbcfs]
00013 Code: c7 c7 00 96 7b a1 48 c7 c6 a0 12 7d a1 48 c7 c2 00 1c 7d a1 e8 52 f1 43 ff 48 c7 c7 00 96 7b a1 e8 46 81 44 ff e9 fe fc ff ff <0f> 0b e9 a5 fa ff ff 48 c7 c1 80 44 5d a0 80 e1 07 80 c1 03 38 c1
00013 RSP: 0018:ffffc90001437258 EFLAGS: 00010246
00013 RAX: 0000000000000000 RBX: ffff88810448b800 RCX: 0000000000000046
00013 RDX: ffffffff84c44d40 RSI: ffff88802d3e02d0 RDI: ffff88802d390998
00013 RBP: ffff88802d3e0240 R08: 0000000000000001 R09: 0000000000000000
00013 R10: dffffc0000000000 R11: ffffed1005a7c03d R12: ffff88802d506418
00013 R13: dffffc0000000000 R14: 1ffff11020891700 R15: 1ffff11005aa0c92
00013 FS:  0000000000000000(0000) GS:ffff8881d4baa000(0000) knlGS:0000000000000000
00013 CS:  0010 DS: 0000 ES: 0000 CR0: 0000000080050033
00013 CR2: 00007f8c38be6194 CR3: 0000000004274000 CR4: 0000000000750eb0
00013 PKRU: 55555554
00013 Call Trace:
00013  <TASK>
00013  ? local_object_create+0x109/0x640 [obdclass]
00013  ? dt_write_lock+0x16d/0x2a0 [obdclass]
00013  ? __local_file_create+0xce4/0x1bc0 [obdclass]
00013  ? local_index_find_or_create_with_fid+0x20d/0x3c0 [obdclass]
00013  ? lquota_disk_glb_find_create+0x3e7/0xe50 [lquota]
00013  ? qmt_pool_prepare+0x5af/0x16f0 [lquota]
00013  ? qmt_device_prepare+0x22a/0x600 [lquota]
00013  ? mdt_quota_init+0x1a65/0x3220 [mdt]
00013  ? mdt_tunables_init+0x3e6/0x530 [mdt]
00013  ? mdt_device_alloc+0x46a6/0x66c0 [mdt]
00013  ? obd_setup+0x25c/0x950 [obdclass]
00013  ? class_setup+0xc7d/0x10e0 [obdclass]
00013  ? class_process_config+0x2edb/0x7cb0 [obdclass]
00013  ? __kasan_kmalloc+0x72/0x80
00013  ? class_config_llog_handler+0x2954/0x4f80 [obdclass]
00013  ? class_config_llog_handler+0x2cea/0x4f80 [obdclass]
00013  ? lustre_cfg_rec_free+0x350/0x350 [obdclass]
00013  ? llog_process_thread+0x1fd2/0x4f70 [obdclass]
00013  ? _raw_spin_unlock+0x23/0x40
00013  ? llog_process_thread_daemonize+0x16d/0x1b0 [obdclass]
00013  ? kthread+0x2cd/0x3a0
00013  ? llog_process_or_fork+0xc90/0xc90 [obdclass]
00013  ? kthread_unuse_mm+0x130/0x130
00013  ? ret_from_fork+0x18c/0x520
00013  ? kthread_unuse_mm+0x130/0x130
00013  ? ret_from_fork_asm+0x11/0x20
00013  </TASK>
00013 ---[ end trace 0000000000000000 ]---
00013 ------------[ cut here ]------------
00013 WARNING: /home/ktest/git/linux/include/linux/fs.h:889 at osd_create+0x9cf/0xcf0 [osd_wbcfs], CPU#3: llog_process_th/1750
00013 Modules linked in: mdd(O) lod(O) mdt(O) lquota(O) lfsck(O) mgs(O) osd_wbcfs(O) lustre(O) obdecho(O) mgc(O) mdc(O) lov(O) osc(O) lmv(O) ec(O) fid(O) fld(O) ptlrpc(O) efivarfs obdclass(O) ksocklnd(O) lnet(O) libcfs(O)
00013 CPU: 3 UID: 0 PID: 1750 Comm: llog_process_th Tainted: G        W  O        7.0.0-ktest-21af419-6330a45-20260729-dirty #1 PREEMPT 
00013 Tainted: [W]=WARN, [O]=OOT_MODULE
00013 Hardware name: QEMU Standard PC (Q35 + ICH9, 2009), BIOS 2025.11-3ubuntu7 03/31/2026
00013 RIP: 0010:osd_create+0x9cf/0xcf0 [osd_wbcfs]
00013 Code: c7 c7 00 96 7b a1 48 c7 c6 a0 12 7d a1 48 c7 c2 00 1c 7d a1 e8 52 f1 43 ff 48 c7 c7 00 96 7b a1 e8 46 81 44 ff e9 fe fc ff ff <0f> 0b e9 a5 fa ff ff 48 c7 c1 80 44 5d a0 80 e1 07 80 c1 03 38 c1
00013 RSP: 0018:ffffc90001437258 EFLAGS: 00010246
00013 RAX: 0000000000000000 RBX: ffff88813366a800 RCX: 0000000000000046
00013 RDX: ffffffff84c44d40 RSI: ffff888141f02648 RDI: ffff88802d390998
00013 RBP: ffff888141f025b8 R08: 0000000000000001 R09: 0000000000000000
00013 R10: dffffc0000000000 R11: ffffed10283e04ac R12: ffff88802d506418
00013 R13: dffffc0000000000 R14: 1ffff110266cd500 R15: 1ffff11005aa0c92
00013 FS:  0000000000000000(0000) GS:ffff8881d4baa000(0000) knlGS:0000000000000000
00013 CS:  0010 DS: 0000 ES: 0000 CR0: 0000000080050033
00013 CR2: 00007f8c38be6194 CR3: 0000000004274000 CR4: 0000000000750eb0
00013 PKRU: 55555554
00013 Call Trace:
00013  <TASK>
00013  ? local_object_create+0x109/0x640 [obdclass]
00013  ? dt_write_lock+0x16d/0x2a0 [obdclass]
00013  ? __local_file_create+0xce4/0x1bc0 [obdclass]
00013  ? local_index_find_or_create_with_fid+0x20d/0x3c0 [obdclass]
00013  ? lquota_disk_glb_find_create+0x3e7/0xe50 [lquota]
00013  ? lprocfs_seq_create+0x120/0x340 [obdclass]
00013  ? qmt_pool_prepare+0x5af/0x16f0 [lquota]
00013  ? qmt_device_prepare+0x22a/0x600 [lquota]
00013  ? mdt_quota_init+0x1a65/0x3220 [mdt]
00013  ? mdt_tunables_init+0x3e6/0x530 [mdt]
00013  ? mdt_device_alloc+0x46a6/0x66c0 [mdt]
00013  ? obd_setup+0x25c/0x950 [obdclass]
00013  ? class_setup+0xc7d/0x10e0 [obdclass]
00013  ? class_process_config+0x2edb/0x7cb0 [obdclass]
00013  ? __kasan_kmalloc+0x72/0x80
00013  ? class_config_llog_handler+0x2954/0x4f80 [obdclass]
00013  ? class_config_llog_handler+0x2cea/0x4f80 [obdclass]
00013  ? lustre_cfg_rec_free+0x350/0x350 [obdclass]
00013  ? llog_process_thread+0x1fd2/0x4f70 [obdclass]
00013  ? _raw_spin_unlock+0x23/0x40
00013  ? llog_process_thread_daemonize+0x16d/0x1b0 [obdclass]
00013  ? kthread+0x2cd/0x3a0
00013  ? llog_process_or_fork+0xc90/0xc90 [obdclass]
00013  ? kthread_unuse_mm+0x130/0x130
00013  ? ret_from_fork+0x18c/0x520
00013  ? kthread_unuse_mm+0x130/0x130
00013  ? ret_from_fork_asm+0x11/0x20
00013  </TASK>
00013 ---[ end trace 0000000000000000 ]---
00013 ------------[ cut here ]------------
00013 WARNING: /home/ktest/git/linux/include/linux/fs.h:889 at osd_create+0x9cf/0xcf0 [osd_wbcfs], CPU#3: llog_process_th/1750
00013 Modules linked in: mdd(O) lod(O) mdt(O) lquota(O) lfsck(O) mgs(O) osd_wbcfs(O) lustre(O) obdecho(O) mgc(O) mdc(O) lov(O) osc(O) lmv(O) ec(O) fid(O) fld(O) ptlrpc(O) efivarfs obdclass(O) ksocklnd(O) lnet(O) libcfs(O)
00013 CPU: 3 UID: 0 PID: 1750 Comm: llog_process_th Tainted: G        W  O        7.0.0-ktest-21af419-6330a45-20260729-dirty #1 PREEMPT 
00013 Tainted: [W]=WARN, [O]=OOT_MODULE
00013 Hardware name: QEMU Standard PC (Q35 + ICH9, 2009), BIOS 2025.11-3ubuntu7 03/31/2026
00013 RIP: 0010:osd_create+0x9cf/0xcf0 [osd_wbcfs]
00013 Code: c7 c7 00 96 7b a1 48 c7 c6 a0 12 7d a1 48 c7 c2 00 1c 7d a1 e8 52 f1 43 ff 48 c7 c7 00 96 7b a1 e8 46 81 44 ff e9 fe fc ff ff <0f> 0b e9 a5 fa ff ff 48 c7 c1 80 44 5d a0 80 e1 07 80 c1 03 38 c1
00013 RSP: 0018:ffffc90001437258 EFLAGS: 00010246
00013 RAX: 0000000000000000 RBX: ffff88811ddd7000 RCX: 0000000000000046
00013 RDX: ffffffff84c44d40 RSI: ffff888141f01f30 RDI: ffff88802d390998
00013 RBP: ffff888141f01ea0 R08: 0000000000000001 R09: 0000000000000000
00013 R10: dffffc0000000000 R11: ffffed10283e03c9 R12: ffff88802d506418
00013 R13: dffffc0000000000 R14: 1ffff11023bbae00 R15: 1ffff11005aa0c92
00013 FS:  0000000000000000(0000) GS:ffff8881d4baa000(0000) knlGS:0000000000000000
00013 CS:  0010 DS: 0000 ES: 0000 CR0: 0000000080050033
00013 CR2: 00007f8c38be6194 CR3: 0000000004274000 CR4: 0000000000750eb0
00013 PKRU: 55555554
00013 Call Trace:
00013  <TASK>
00013  ? local_object_create+0x109/0x640 [obdclass]
00013  ? dt_write_lock+0x16d/0x2a0 [obdclass]
00013  ? __local_file_create+0xce4/0x1bc0 [obdclass]
00013  ? local_index_find_or_create_with_fid+0x20d/0x3c0 [obdclass]
00013  ? lquota_disk_glb_find_create+0x3e7/0xe50 [lquota]
00013  ? lprocfs_seq_create+0x120/0x340 [obdclass]
00013  ? qmt_pool_prepare+0x5af/0x16f0 [lquota]
00013  ? qmt_device_prepare+0x22a/0x600 [lquota]
00013  ? mdt_quota_init+0x1a65/0x3220 [mdt]
00013  ? mdt_tunables_init+0x3e6/0x530 [mdt]
00013  ? mdt_device_alloc+0x46a6/0x66c0 [mdt]
00013  ? obd_setup+0x25c/0x950 [obdclass]
00013  ? class_setup+0xc7d/0x10e0 [obdclass]
00013  ? class_process_config+0x2edb/0x7cb0 [obdclass]
00013  ? __kasan_kmalloc+0x72/0x80
00013  ? class_config_llog_handler+0x2954/0x4f80 [obdclass]
00013  ? class_config_llog_handler+0x2cea/0x4f80 [obdclass]
00013  ? lustre_cfg_rec_free+0x350/0x350 [obdclass]
00013  ? llog_process_thread+0x1fd2/0x4f70 [obdclass]
00013  ? _raw_spin_unlock+0x23/0x40
00013  ? llog_process_thread_daemonize+0x16d/0x1b0 [obdclass]
00013  ? kthread+0x2cd/0x3a0
00013  ? llog_process_or_fork+0xc90/0xc90 [obdclass]
00013  ? kthread_unuse_mm+0x130/0x130
00013  ? ret_from_fork+0x18c/0x520
00013  ? kthread_unuse_mm+0x130/0x130
00013  ? ret_from_fork_asm+0x11/0x20
00013  </TASK>
00013 ---[ end trace 0000000000000000 ]---
00013 ------------[ cut here ]------------
00013 WARNING: /home/ktest/git/linux/include/linux/fs.h:889 at osd_create+0x9cf/0xcf0 [osd_wbcfs], CPU#2: ll_mgs_0000/1725
00013 Modules linked in: osp(O) mdd(O) lod(O) mdt(O) lquota(O) lfsck(O) mgs(O) osd_wbcfs(O) lustre(O) obdecho(O) mgc(O) mdc(O) lov(O) osc(O) lmv(O) ec(O) fid(O) fld(O) ptlrpc(O) efivarfs obdclass(O) ksocklnd(O) lnet(O) libcfs(O)
00013 CPU: 2 UID: 0 PID: 1725 Comm: ll_mgs_0000 Tainted: G        W  O        7.0.0-ktest-21af419-6330a45-20260729-dirty #1 PREEMPT 
00013 Tainted: [W]=WARN, [O]=OOT_MODULE
00013 Hardware name: QEMU Standard PC (Q35 + ICH9, 2009), BIOS 2025.11-3ubuntu7 03/31/2026
00013 RIP: 0010:osd_create+0x9cf/0xcf0 [osd_wbcfs]
00013 Code: c7 c7 00 96 7b a1 48 c7 c6 a0 12 7d a1 48 c7 c2 00 1c 7d a1 e8 52 f1 43 ff 48 c7 c7 00 96 7b a1 e8 46 81 44 ff e9 fe fc ff ff <0f> 0b e9 a5 fa ff ff 48 c7 c1 80 44 5d a0 80 e1 07 80 c1 03 38 c1
00013 RSP: 0018:ffffc90000a9f700 EFLAGS: 00010246
00013 RAX: 0000000000000000 RBX: ffff888118d7ec00 RCX: 0000000000000046
00013 RDX: 0000000000000000 RSI: ffff88802beac9c0 RDI: ffff888136ed2aa8
00013 RBP: ffff88802beac930 R08: ffffffff83a16803 R09: 1ffffffff0742d00
00013 R10: dffffc0000000000 R11: fffffbfff0742d01 R12: ffff88810437d418
00013 R13: dffffc0000000000 R14: 1ffff110231afd80 R15: 1ffff1102086fa92
00013 FS:  0000000000000000(0000) GS:ffff8881d4b2a000(0000) knlGS:0000000000000000
00013 CS:  0010 DS: 0000 ES: 0000 CR0: 0000000080050033
00013 CR2: 00007f00ed7e6194 CR3: 0000000024945000 CR4: 0000000000750eb0
00013 PKRU: 55555554
00013 Call Trace:
00013  <TASK>
00013  ? local_object_create+0x109/0x640 [obdclass]
00013  ? dt_write_lock+0x16d/0x2a0 [obdclass]
00013  ? __local_file_create+0xce4/0x1bc0 [obdclass]
00013  ? local_file_find_or_create+0x13c/0x1d0 [obdclass]
00013  ? mgs_ir_update+0x1ce1/0x3850 [mgs]
00013  ? mgs_target_reg+0xd98/0x4480 [mgs]
00013  ? tgt_request_handle+0x23ad/0x3d30 [ptlrpc]
00013  ? ptlrpc_main+0x6359/0x96f0 [ptlrpc]
00013  ? __kthread_parkme+0x73/0x130
00013  ? kthread+0x2cd/0x3a0
00013  ? ptlrpc_start_thread+0x1f10/0x1f10 [ptlrpc]
00013  ? kthread_unuse_mm+0x130/0x130
00013  ? ret_from_fork+0x18c/0x520
00013  ? kthread_unuse_mm+0x130/0x130
00013  ? ret_from_fork_asm+0x11/0x20
00013  </TASK>
00013 ---[ end trace 0000000000000000 ]---
00013 Lustre: lustre-MDT0000: Imperative Recovery not enabled, recovery window 300-900
00013 Lustre: ctl-lustre-MDT0000: super-sequence allocation rc = 0 [0x0000000200000400-0x0000000240000400]:0:mdt
00013 ------------[ cut here ]------------
00013 WARNING: /home/ktest/git/linux/include/linux/fs.h:889 at osd_create+0x9cf/0xcf0 [osd_wbcfs], CPU#1: lod0000_rec0000/1761
00013 Modules linked in: osp(O) mdd(O) lod(O) mdt(O) lquota(O) lfsck(O) mgs(O) osd_wbcfs(O) lustre(O) obdecho(O) mgc(O) mdc(O) lov(O) osc(O) lmv(O) ec(O) fid(O) fld(O) ptlrpc(O) efivarfs obdclass(O) ksocklnd(O) lnet(O) libcfs(O)
00013 CPU: 1 UID: 0 PID: 1761 Comm: lod0000_rec0000 Tainted: G        W  O        7.0.0-ktest-21af419-6330a45-20260729-dirty #1 PREEMPT 
00013 Tainted: [W]=WARN, [O]=OOT_MODULE
00013 Hardware name: QEMU Standard PC (Q35 + ICH9, 2009), BIOS 2025.11-3ubuntu7 03/31/2026
00013 RIP: 0010:osd_create+0x9cf/0xcf0 [osd_wbcfs]
00013 Code: c7 c7 00 96 7b a1 48 c7 c6 a0 12 7d a1 48 c7 c2 00 1c 7d a1 e8 52 f1 43 ff 48 c7 c7 00 96 7b a1 e8 46 81 44 ff e9 fe fc ff ff <0f> 0b e9 a5 fa ff ff 48 c7 c1 80 44 5d a0 80 e1 07 80 c1 03 38 c1
00013 RSP: 0018:ffffc90001727b50 EFLAGS: 00010246
00013 RAX: 0000000000000000 RBX: ffff88811ddac000 RCX: 0000000000000046
00013 RDX: 0000000000000000 RSI: ffff88802f966d38 RDI: ffff8881375c4b18
00013 RBP: ffff88802f966ca8 R08: ffffffff83a16803 R09: 1ffffffff0742d00
00013 R10: dffffc0000000000 R11: fffffbfff0742d01 R12: ffff88811ddafc00
00013 R13: dffffc0000000000 R14: 1ffff11023bb5800 R15: 1ffff11023bb5f8f
00013 FS:  0000000000000000(0000) GS:ffff8881d4aaa000(0000) knlGS:0000000000000000
00013 CS:  0010 DS: 0000 ES: 0000 CR0: 0000000080050033
00013 CR2: 00007fc1f71e6194 CR3: 0000000104746000 CR4: 0000000000750eb0
00013 PKRU: 55555554
00013 Call Trace:
00013  <TASK>
00013  ? llog_osd_create+0x605/0x10d0 [obdclass]
00013  ? llog_create+0x2ed/0x530 [obdclass]
00013  ? llog_open_create+0x6e7/0xb30 [obdclass]
00013  ? lod_sub_prep_llog+0xdfd/0x1b40 [lod]
00013  ? lod_sub_recovery_thread+0x316/0x18d0 [lod]
00013  ? __kthread_parkme+0x73/0x130
00013  ? kthread+0x2cd/0x3a0
00013  ? lod_sub_init_llog+0x1180/0x1180 [lod]
00013  ? kthread_unuse_mm+0x130/0x130
00013  ? ret_from_fork+0x18c/0x520
00013  ? kthread_unuse_mm+0x130/0x130
00013  ? ret_from_fork_asm+0x11/0x20
00013  </TASK>
00013 ---[ end trace 0000000000000000 ]---
00013 ------------[ cut here ]------------
00013 WARNING: /home/ktest/git/linux/include/linux/fs.h:889 at osd_create+0x9cf/0xcf0 [osd_wbcfs], CPU#0: ll_mgs_0000/1725
00013 Modules linked in: osp(O) mdd(O) lod(O) mdt(O) lquota(O) lfsck(O) mgs(O) osd_wbcfs(O) lustre(O) obdecho(O) mgc(O) mdc(O) lov(O) osc(O) lmv(O) ec(O) fid(O) fld(O) ptlrpc(O) efivarfs obdclass(O) ksocklnd(O) lnet(O) libcfs(O)
00013 CPU: 0 UID: 0 PID: 1725 Comm: ll_mgs_0000 Tainted: G        W  O        7.0.0-ktest-21af419-6330a45-20260729-dirty #1 PREEMPT 
00013 Tainted: [W]=WARN, [O]=OOT_MODULE
00013 Hardware name: QEMU Standard PC (Q35 + ICH9, 2009), BIOS 2025.11-3ubuntu7 03/31/2026
00013 RIP: 0010:osd_create+0x9cf/0xcf0 [osd_wbcfs]
00013 Code: c7 c7 00 96 7b a1 48 c7 c6 a0 12 7d a1 48 c7 c2 00 1c 7d a1 e8 52 f1 43 ff 48 c7 c7 00 96 7b a1 e8 46 81 44 ff e9 fe fc ff ff <0f> 0b e9 a5 fa ff ff 48 c7 c1 80 44 5d a0 80 e1 07 80 c1 03 38 c1
00013 RSP: 0018:ffffc90000a9f688 EFLAGS: 00010246
00013 RAX: 0000000000000000 RBX: ffff8881176bc800 RCX: 0000000000000046
00013 RDX: 0000000000000000 RSI: ffff888137c0c9c0 RDI: ffff888136ed2aa8
00013 RBP: ffff888137c0c930 R08: ffffffff83a16803 R09: 1ffffffff0742d00
00013 R10: dffffc0000000000 R11: fffffbfff0742d01 R12: ffff8881343da400
00013 R13: dffffc0000000000 R14: 1ffff11022ed7900 R15: 1ffff1102687b48f
00013 FS:  0000000000000000(0000) GS:ffff8881d4a2a000(0000) knlGS:0000000000000000
00013 CS:  0010 DS: 0000 ES: 0000 CR0: 0000000080050033
00013 CR2: 0000557fb21b7a30 CR3: 00000001196f0000 CR4: 0000000000750eb0
00013 PKRU: 55555554
00013 Call Trace:
00013  <TASK>
00013  ? local_object_create+0x109/0x640 [obdclass]
00013  ? dt_write_lock+0x16d/0x2a0 [obdclass]
00013  ? llog_osd_create+0x356/0x10d0 [obdclass]
00013  ? llog_create+0x2ed/0x530 [obdclass]
00013  ? llog_open_create+0x6e7/0xb30 [obdclass]
00013  ? record_start_log+0x348/0xa40 [mgs]
00013  ? mgs_write_log_lov+0x3ac/0xde0 [mgs]
00013  ? mgs_write_log_target+0x17a4/0x6ab0 [mgs]
00013  ? mgs_target_reg+0x254e/0x4480 [mgs]
00013  ? tgt_request_handle+0x23ad/0x3d30 [ptlrpc]
00013  ? ptlrpc_main+0x6359/0x96f0 [ptlrpc]
00013  ? __kthread_parkme+0x73/0x130
00013  ? kthread+0x2cd/0x3a0
00013  ? ptlrpc_start_thread+0x1f10/0x1f10 [ptlrpc]
00013  ? kthread_unuse_mm+0x130/0x130
00013  ? ret_from_fork+0x18c/0x520
00013  ? kthread_unuse_mm+0x130/0x130
00013  ? ret_from_fork_asm+0x11/0x20
00013  </TASK>
00013 ---[ end trace 0000000000000000 ]---
00013 ------------[ cut here ]------------
00013 WARNING: /home/ktest/git/linux/include/linux/fs.h:889 at osd_create+0x9cf/0xcf0 [osd_wbcfs], CPU#0: llog_process_th/1768
00013 Modules linked in: osp(O) mdd(O) lod(O) mdt(O) lquota(O) lfsck(O) mgs(O) osd_wbcfs(O) lustre(O) obdecho(O) mgc(O) mdc(O) lov(O) osc(O) lmv(O) ec(O) fid(O) fld(O) ptlrpc(O) efivarfs obdclass(O) ksocklnd(O) lnet(O) libcfs(O)
00013 CPU: 0 UID: 0 PID: 1768 Comm: llog_process_th Tainted: G        W  O        7.0.0-ktest-21af419-6330a45-20260729-dirty #1 PREEMPT 
00013 Tainted: [W]=WARN, [O]=OOT_MODULE
00013 Hardware name: QEMU Standard PC (Q35 + ICH9, 2009), BIOS 2025.11-3ubuntu7 03/31/2026
00013 RIP: 0010:osd_create+0x9cf/0xcf0 [osd_wbcfs]
00013 Code: c7 c7 00 96 7b a1 48 c7 c6 a0 12 7d a1 48 c7 c2 00 1c 7d a1 e8 52 f1 43 ff 48 c7 c7 00 96 7b a1 e8 46 81 44 ff e9 fe fc ff ff <0f> 0b e9 a5 fa ff ff 48 c7 c1 80 44 5d a0 80 e1 07 80 c1 03 38 c1
00013 RSP: 0018:ffffc90001957450 EFLAGS: 00010246
00013 RAX: 0000000000000000 RBX: ffff888133552400 RCX: 0000000000000046
00013 RDX: ffffffff84c44d40 RSI: ffff888137c0bb90 RDI: ffff888119c00998
00013 RBP: ffff888137c0bb00 R08: 0000000000000001 R09: 0000000000000000
00013 R10: dffffc0000000000 R11: ffffed1026f81755 R12: ffff888138ea2300
00013 R13: dffffc0000000000 R14: 1ffff110266aa480 R15: 1ffff9200032aebf
00013 FS:  0000000000000000(0000) GS:ffff8881d4a2a000(0000) knlGS:0000000000000000
00013 CS:  0010 DS: 0000 ES: 0000 CR0: 0000000080050033
00013 CR2: 0000557fb21b7a30 CR3: 0000000104746000 CR4: 0000000000750eb0
00013 PKRU: 55555554
00013 Call Trace:
00013  <TASK>
00013  ? dt_find_or_create+0x81a/0x1170 [obdclass]
00013  ? fld_index_init+0x404/0x1610 [fld]
00013  ? is_module_address+0x1b/0x70
00013  ? is_module_address+0x5e/0x70
00013  ? __asan_memset+0x22/0x40
00013  ? fld_server_init+0x1d7/0x580 [fld]
00013  ? mdt_device_alloc+0x36b4/0x66c0 [mdt]
00013  ? __alloc_tagging_slab_alloc_hook+0x136/0x190
00013  ? obd_setup+0x25c/0x950 [obdclass]
00013  ? class_setup+0xc7d/0x10e0 [obdclass]
00013  ? class_process_config+0x2edb/0x7cb0 [obdclass]
00013  ? __kasan_kmalloc+0x72/0x80
00013  ? class_config_llog_handler+0x2954/0x4f80 [obdclass]
00013  ? class_config_llog_handler+0x2cea/0x4f80 [obdclass]
00013  ? lustre_cfg_rec_free+0x350/0x350 [obdclass]
00013  ? llog_process_thread+0x1fd2/0x4f70 [obdclass]
00013  ? _raw_spin_unlock+0x23/0x40
00013  ? llog_process_thread_daemonize+0x16d/0x1b0 [obdclass]
00013  ? kthread+0x2cd/0x3a0
00013  ? llog_process_or_fork+0xc90/0xc90 [obdclass]
00013  ? kthread_unuse_mm+0x130/0x130
00013  ? ret_from_fork+0x18c/0x520
00013  ? kthread_unuse_mm+0x130/0x130
00013  ? ret_from_fork_asm+0x11/0x20
00013  </TASK>
00013 ---[ end trace 0000000000000000 ]---
00013 ------------[ cut here ]------------
00013 WARNING: /home/ktest/git/linux/include/linux/fs.h:889 at osd_create+0x9cf/0xcf0 [osd_wbcfs], CPU#0: llog_process_th/1768
00013 Modules linked in: osp(O) mdd(O) lod(O) mdt(O) lquota(O) lfsck(O) mgs(O) osd_wbcfs(O) lustre(O) obdecho(O) mgc(O) mdc(O) lov(O) osc(O) lmv(O) ec(O) fid(O) fld(O) ptlrpc(O) efivarfs obdclass(O) ksocklnd(O) lnet(O) libcfs(O)
00013 CPU: 0 UID: 0 PID: 1768 Comm: llog_process_th Tainted: G        W  O        7.0.0-ktest-21af419-6330a45-20260729-dirty #1 PREEMPT 
00013 Tainted: [W]=WARN, [O]=OOT_MODULE
00013 Hardware name: QEMU Standard PC (Q35 + ICH9, 2009), BIOS 2025.11-3ubuntu7 03/31/2026
00013 RIP: 0010:osd_create+0x9cf/0xcf0 [osd_wbcfs]
00013 Code: c7 c7 00 96 7b a1 48 c7 c6 a0 12 7d a1 48 c7 c2 00 1c 7d a1 e8 52 f1 43 ff 48 c7 c7 00 96 7b a1 e8 46 81 44 ff e9 fe fc ff ff <0f> 0b e9 a5 fa ff ff 48 c7 c1 80 44 5d a0 80 e1 07 80 c1 03 38 c1
00013 RSP: 0018:ffffc90001957430 EFLAGS: 00010246
00013 RAX: 0000000000000000 RBX: ffff888133551800 RCX: 0000000000000046
00013 RDX: 0000000000000000 RSI: ffff888137c0b478 RDI: ffff888119c00998
00013 RBP: ffff888137c0b3e8 R08: ffffffff83a16803 R09: 1ffffffff0742d00
00013 R10: dffffc0000000000 R11: fffffbfff0742d01 R12: ffffc90001957530
00013 R13: dffffc0000000000 R14: 1ffff110266aa300 R15: 1ffff9200032aea4
00013 FS:  0000000000000000(0000) GS:ffff8881d4a2a000(0000) knlGS:0000000000000000
00013 CS:  0010 DS: 0000 ES: 0000 CR0: 0000000080050033
00013 CR2: 0000557fb21b7a30 CR3: 0000000104746000 CR4: 0000000000750eb0
00013 PKRU: 55555554
00013 Call Trace:
00013  <TASK>
00013  ? dt_find_or_create+0x81a/0x1170 [obdclass]
00013  ? seq_store_init+0x155/0x360 [fid]
00013  ? seq_server_init+0x290/0xba0 [fid]
00013  ? mdt_seq_init+0x2c1/0x1ef0 [mdt]
00013  ? fld_server_init+0x34e/0x580 [fld]
00013  ? mdt_device_alloc+0x39c5/0x66c0 [mdt]
00013  ? __alloc_tagging_slab_alloc_hook+0x136/0x190
00013  ? obd_setup+0x25c/0x950 [obdclass]
00013  ? class_setup+0xc7d/0x10e0 [obdclass]
00013  ? class_process_config+0x2edb/0x7cb0 [obdclass]
00013  ? __kasan_kmalloc+0x72/0x80
00013  ? class_config_llog_handler+0x2954/0x4f80 [obdclass]
00013  ? class_config_llog_handler+0x2cea/0x4f80 [obdclass]
00013  ? lustre_cfg_rec_free+0x350/0x350 [obdclass]
00013  ? llog_process_thread+0x1fd2/0x4f70 [obdclass]
00013  ? _raw_spin_unlock+0x23/0x40
00013  ? llog_process_thread_daemonize+0x16d/0x1b0 [obdclass]
00013  ? kthread+0x2cd/0x3a0
00013  ? llog_process_or_fork+0xc90/0xc90 [obdclass]
00013  ? kthread_unuse_mm+0x130/0x130
00013  ? ret_from_fork+0x18c/0x520
00013  ? kthread_unuse_mm+0x130/0x130
00013  ? ret_from_fork_asm+0x11/0x20
00013  </TASK>
00013 ---[ end trace 0000000000000000 ]---
00013 ------------[ cut here ]------------
00013 WARNING: /home/ktest/git/linux/include/linux/fs.h:889 at osd_create+0x9cf/0xcf0 [osd_wbcfs], CPU#0: llog_process_th/1768
00013 Modules linked in: osp(O) mdd(O) lod(O) mdt(O) lquota(O) lfsck(O) mgs(O) osd_wbcfs(O) lustre(O) obdecho(O) mgc(O) mdc(O) lov(O) osc(O) lmv(O) ec(O) fid(O) fld(O) ptlrpc(O) efivarfs obdclass(O) ksocklnd(O) lnet(O) libcfs(O)
00013 CPU: 0 UID: 0 PID: 1768 Comm: llog_process_th Tainted: G        W  O        7.0.0-ktest-21af419-6330a45-20260729-dirty #1 PREEMPT 
00013 Tainted: [W]=WARN, [O]=OOT_MODULE
00013 Hardware name: QEMU Standard PC (Q35 + ICH9, 2009), BIOS 2025.11-3ubuntu7 03/31/2026
00013 RIP: 0010:osd_create+0x9cf/0xcf0 [osd_wbcfs]
00013 Code: c7 c7 00 96 7b a1 48 c7 c6 a0 12 7d a1 48 c7 c2 00 1c 7d a1 e8 52 f1 43 ff 48 c7 c7 00 96 7b a1 e8 46 81 44 ff e9 fe fc ff ff <0f> 0b e9 a5 fa ff ff 48 c7 c1 80 44 5d a0 80 e1 07 80 c1 03 38 c1
00013 RSP: 0018:ffffc90001957470 EFLAGS: 00010246
00013 RAX: 0000000000000000 RBX: ffff888133550c00 RCX: 0000000000000046
00013 RDX: 0000000000000000 RSI: ffff888137c0ad60 RDI: ffff888119c00998
00013 RBP: ffff888137c0acd0 R08: ffffffff83a16803 R09: 1ffffffff0742d00
00013 R10: dffffc0000000000 R11: fffffbfff0742d01 R12: ffffc900019575e0
00013 R13: dffffc0000000000 R14: 1ffff110266aa180 R15: 1ffff9200032aec9
00013 FS:  0000000000000000(0000) GS:ffff8881d4a2a000(0000) knlGS:0000000000000000
00013 CS:  0010 DS: 0000 ES: 0000 CR0: 0000000080050033
00013 CR2: 0000557fb21b7a30 CR3: 0000000104746000 CR4: 0000000000750eb0
00013 PKRU: 55555554
00013 Call Trace:
00013  <TASK>
00013  ? dt_find_or_create+0x81a/0x1170 [obdclass]
00013  ? tgt_init+0xb72/0x2a60 [ptlrpc]
00013  ? mdt_device_alloc+0x3ce7/0x66c0 [mdt]
00013  ? __alloc_tagging_slab_alloc_hook+0x136/0x190
00013  ? obd_setup+0x25c/0x950 [obdclass]
00013  ? class_setup+0xc7d/0x10e0 [obdclass]
00013  ? class_process_config+0x2edb/0x7cb0 [obdclass]
00013  ? __kasan_kmalloc+0x72/0x80
00013  ? class_config_llog_handler+0x2954/0x4f80 [obdclass]
00013  ? class_config_llog_handler+0x2cea/0x4f80 [obdclass]
00013  ? lustre_cfg_rec_free+0x350/0x350 [obdclass]
00013  ? llog_process_thread+0x1fd2/0x4f70 [obdclass]
00013  ? _raw_spin_unlock+0x23/0x40
00013  ? llog_process_thread_daemonize+0x16d/0x1b0 [obdclass]
00013  ? kthread+0x2cd/0x3a0
00013  ? llog_process_or_fork+0xc90/0xc90 [obdclass]
00013  ? kthread_unuse_mm+0x130/0x130
00013  ? ret_from_fork+0x18c/0x520
00013  ? kthread_unuse_mm+0x130/0x130
00013  ? ret_from_fork_asm+0x11/0x20
00013  </TASK>
00013 ---[ end trace 0000000000000000 ]---
00013 ------------[ cut here ]------------
00013 WARNING: /home/ktest/git/linux/include/linux/fs.h:889 at osd_create+0x9cf/0xcf0 [osd_wbcfs], CPU#0: llog_process_th/1768
00013 Modules linked in: osp(O) mdd(O) lod(O) mdt(O) lquota(O) lfsck(O) mgs(O) osd_wbcfs(O) lustre(O) obdecho(O) mgc(O) mdc(O) lov(O) osc(O) lmv(O) ec(O) fid(O) fld(O) ptlrpc(O) efivarfs obdclass(O) ksocklnd(O) lnet(O) libcfs(O)
00013 CPU: 0 UID: 0 PID: 1768 Comm: llog_process_th Tainted: G        W  O        7.0.0-ktest-21af419-6330a45-20260729-dirty #1 PREEMPT 
00013 Tainted: [W]=WARN, [O]=OOT_MODULE
00013 Hardware name: QEMU Standard PC (Q35 + ICH9, 2009), BIOS 2025.11-3ubuntu7 03/31/2026
00013 RIP: 0010:osd_create+0x9cf/0xcf0 [osd_wbcfs]
00013 Code: c7 c7 00 96 7b a1 48 c7 c6 a0 12 7d a1 48 c7 c2 00 1c 7d a1 e8 52 f1 43 ff 48 c7 c7 00 96 7b a1 e8 46 81 44 ff e9 fe fc ff ff <0f> 0b e9 a5 fa ff ff 48 c7 c1 80 44 5d a0 80 e1 07 80 c1 03 38 c1
00013 RSP: 0018:ffffc90001957470 EFLAGS: 00010246
00013 RAX: 0000000000000000 RBX: ffff888133550400 RCX: 0000000000000046
00013 RDX: 0000000000000000 RSI: ffff888031bad0d8 RDI: ffff888119c00998
00013 RBP: ffff888031bad048 R08: ffffffff83a16803 R09: 1ffffffff0742d00
00013 R10: dffffc0000000000 R11: fffffbfff0742d01 R12: ffffc900019575e0
00013 R13: dffffc0000000000 R14: 1ffff110266aa080 R15: 1ffff9200032aec9
00013 FS:  0000000000000000(0000) GS:ffff8881d4a2a000(0000) knlGS:0000000000000000
00013 CS:  0010 DS: 0000 ES: 0000 CR0: 0000000080050033
00013 CR2: 0000557fb21b7a30 CR3: 0000000104746000 CR4: 0000000000750eb0
00013 PKRU: 55555554
00013 Call Trace:
00013  <TASK>
00013  ? dt_find_or_create+0x81a/0x1170 [obdclass]
00013  ? tgt_init+0x1a98/0x2a60 [ptlrpc]
00013  ? mdt_device_alloc+0x3ce7/0x66c0 [mdt]
00013  ? __alloc_tagging_slab_alloc_hook+0x136/0x190
00013  ? obd_setup+0x25c/0x950 [obdclass]
00013  ? class_setup+0xc7d/0x10e0 [obdclass]
00013  ? class_process_config+0x2edb/0x7cb0 [obdclass]
00013  ? __kasan_kmalloc+0x72/0x80
00013  ? class_config_llog_handler+0x2954/0x4f80 [obdclass]
00013  ? class_config_llog_handler+0x2cea/0x4f80 [obdclass]
00013  ? lustre_cfg_rec_free+0x350/0x350 [obdclass]
00013  ? llog_process_thread+0x1fd2/0x4f70 [obdclass]
00013  ? _raw_spin_unlock+0x23/0x40
00013  ? llog_process_thread_daemonize+0x16d/0x1b0 [obdclass]
00013  ? kthread+0x2cd/0x3a0
00013  ? llog_process_or_fork+0xc90/0xc90 [obdclass]
00013  ? kthread_unuse_mm+0x130/0x130
00013  ? ret_from_fork+0x18c/0x520
00013  ? kthread_unuse_mm+0x130/0x130
00013  ? ret_from_fork_asm+0x11/0x20
00013  </TASK>
00013 ---[ end trace 0000000000000000 ]---
00013 Lustre: cli-ctl-lustre-MDT0001: Allocated super-sequence [0x0000000240000400-0x0000000280000400]:1:mdt]
00013 ------------[ cut here ]------------
00013 WARNING: /home/ktest/git/linux/include/linux/fs.h:889 at osd_create+0x9cf/0xcf0 [osd_wbcfs], CPU#3: lod0001_rec0001/1777
00013 Modules linked in: osp(O) mdd(O) lod(O) mdt(O) lquota(O) lfsck(O) mgs(O) osd_wbcfs(O) lustre(O) obdecho(O) mgc(O) mdc(O) lov(O) osc(O) lmv(O) ec(O) fid(O) fld(O) ptlrpc(O) efivarfs obdclass(O) ksocklnd(O) lnet(O) libcfs(O)
00013 CPU: 3 UID: 0 PID: 1777 Comm: lod0001_rec0001 Tainted: G        W  O        7.0.0-ktest-21af419-6330a45-20260729-dirty #1 PREEMPT 
00013 Tainted: [W]=WARN, [O]=OOT_MODULE
00013 Hardware name: QEMU Standard PC (Q35 + ICH9, 2009), BIOS 2025.11-3ubuntu7 03/31/2026
00013 RIP: 0010:osd_create+0x9cf/0xcf0 [osd_wbcfs]
00013 Code: c7 c7 00 96 7b a1 48 c7 c6 a0 12 7d a1 48 c7 c2 00 1c 7d a1 e8 52 f1 43 ff 48 c7 c7 00 96 7b a1 e8 46 81 44 ff e9 fe fc ff ff <0f> 0b e9 a5 fa ff ff 48 c7 c1 80 44 5d a0 80 e1 07 80 c1 03 38 c1
00013 ------------[ cut here ]------------
00013 RSP: 0018:ffffc90002267b50 EFLAGS: 00010246
00013 RAX: 0000000000000000 RBX: ffff88811addc800 RCX: 0000000000000046
00013 RDX: 0000000000000000 RSI: ffff888141f01100 RDI: ffff88803bf4aa58
00013 RBP: ffff888141f01070 R08: ffffffff83a16803 R09: 1ffffffff0742d00
00013 R10: dffffc0000000000 R11: fffffbfff0742d01 R12: ffff888133454800
00013 R13: dffffc0000000000 R14: 1ffff110235bb900 R15: 1ffff1102668a90f
00013 FS:  0000000000000000(0000) GS:ffff8881d4baa000(0000) knlGS:0000000000000000
00013 WARNING: /home/ktest/git/linux/include/linux/fs.h:889 at osd_create+0x9cf/0xcf0 [osd_wbcfs], CPU#2: mdt_out00_000/1736
00013 CS:  0010 DS: 0000 ES: 0000 CR0: 0000000080050033
00013 CR2: 00007f8c38be6194 CR3: 00000001057e1000 CR4: 0000000000750eb0
00013 PKRU: 55555554
00013 Call Trace:
00013  <TASK>
00013  ? llog_osd_create+0x605/0x10d0 [obdclass]
00013 Modules linked in:
00013  ? llog_create+0x2ed/0x530 [obdclass]
00013  osp(O)
00013  ? llog_open_create+0x6e7/0xb30 [obdclass]
00013  mdd(O)
00013  ? lod_sub_prep_llog+0xdfd/0x1b40 [lod]
00013  lod(O)
00013  ? lod_sub_recovery_thread+0x316/0x18d0 [lod]
00013  mdt(O)
00013  ? __kthread_parkme+0x73/0x130
00013  ? kthread+0x2cd/0x3a0
00013  lquota(O)
00013  ? lod_sub_init_llog+0x1180/0x1180 [lod]
00013  lfsck(O)
00013  ? kthread_unuse_mm+0x130/0x130
00013  ? ret_from_fork+0x18c/0x520
00013  ? kthread_unuse_mm+0x130/0x130
00013  ? ret_from_fork_asm+0x11/0x20
00013  mgs(O)
00013  </TASK>
00013 ---[ end trace 0000000000000000 ]---
00013  osd_wbcfs(O) lustre(O) obdecho(O) mgc(O) mdc(O) lov(O) osc(O) lmv(O) ec(O) fid(O) fld(O) ptlrpc(O) efivarfs obdclass(O) ksocklnd(O) lnet(O) libcfs(O)
00013 CPU: 2 UID: 0 PID: 1736 Comm: mdt_out00_000 Tainted: G        W  O        7.0.0-ktest-21af419-6330a45-20260729-dirty #1 PREEMPT 
00013 Tainted: [W]=WARN, [O]=OOT_MODULE
00013 Hardware name: QEMU Standard PC (Q35 + ICH9, 2009), BIOS 2025.11-3ubuntu7 03/31/2026
00013 RIP: 0010:osd_create+0x9cf/0xcf0 [osd_wbcfs]
00013 Code: c7 c7 00 96 7b a1 48 c7 c6 a0 12 7d a1 48 c7 c2 00 1c 7d a1 e8 52 f1 43 ff 48 c7 c7 00 96 7b a1 e8 46 81 44 ff e9 fe fc ff ff <0f> 0b e9 a5 fa ff ff 48 c7 c1 80 44 5d a0 80 e1 07 80 c1 03 38 c1
00013 RSP: 0018:ffffc900013477f8 EFLAGS: 00010246
00013 RAX: 0000000000000000 RBX: ffff8881334cfc00 RCX: 0000000000000046
00013 RDX: 0000000000000000 RSI: ffff88802bea9818 RDI: ffff8880232a8998
00013 RBP: ffff88802bea9788 R08: ffffffff83a16803 R09: 1ffffffff0742d00
00013 R10: dffffc0000000000 R11: fffffbfff0742d01 R12: ffff8881185fa430
00013 R13: dffffc0000000000 R14: 1ffff11026699f80 R15: 1ffff110230bf498
00013 FS:  0000000000000000(0000) GS:ffff8881d4b2a000(0000) knlGS:0000000000000000
00013 CS:  0010 DS: 0000 ES: 0000 CR0: 0000000080050033
00013 CR2: 00007f00ed7e6194 CR3: 0000000104746000 CR4: 0000000000750eb0
00013 PKRU: 55555554
00013 Call Trace:
00013  <TASK>
00013  ? out_tx_create_exec+0x277/0x7a0 [ptlrpc]
00013  ? tx_add_exec+0xd70/0xd70 [ptlrpc]
00013  ? out_tx_end+0x3e3/0x1190 [ptlrpc]
00013  ? out_handle+0x5286/0x6240 [ptlrpc]
00013  ? tgt_request_handle+0x23ad/0x3d30 [ptlrpc]
00013  ? ptlrpc_main+0x6359/0x96f0 [ptlrpc]
00013  ? __kthread_parkme+0x73/0x130
00013  ? kthread+0x2cd/0x3a0
00013  ? ptlrpc_start_thread+0x1f10/0x1f10 [ptlrpc]
00013  ? kthread_unuse_mm+0x130/0x130
00013  ? ret_from_fork+0x18c/0x520
00013  ? kthread_unuse_mm+0x130/0x130
00013  ? ret_from_fork_asm+0x11/0x20
00013  </TASK>
00013 ---[ end trace 0000000000000000 ]---
00013 ------------[ cut here ]------------
00013 WARNING: /home/ktest/git/linux/include/linux/fs.h:889 at osd_create+0x9cf/0xcf0 [osd_wbcfs], CPU#0: ll_mgs_0002/1727
00013 Modules linked in: ofd(O) osp(O) mdd(O) lod(O) mdt(O) lquota(O) lfsck(O) mgs(O) osd_wbcfs(O) lustre(O) obdecho(O) mgc(O) mdc(O) lov(O) osc(O) lmv(O) ec(O) fid(O) fld(O) ptlrpc(O) efivarfs obdclass(O) ksocklnd(O) lnet(O) libcfs(O)
00013 CPU: 0 UID: 0 PID: 1727 Comm: ll_mgs_0002 Tainted: G        W  O        7.0.0-ktest-21af419-6330a45-20260729-dirty #1 PREEMPT 
00013 Tainted: [W]=WARN, [O]=OOT_MODULE
00013 Hardware name: QEMU Standard PC (Q35 + ICH9, 2009), BIOS 2025.11-3ubuntu7 03/31/2026
00013 RIP: 0010:osd_create+0x9cf/0xcf0 [osd_wbcfs]
00013 Code: c7 c7 00 96 7b a1 48 c7 c6 a0 12 7d a1 48 c7 c2 00 1c 7d a1 e8 52 f1 43 ff 48 c7 c7 00 96 7b a1 e8 46 81 44 ff e9 fe fc ff ff <0f> 0b e9 a5 fa ff ff 48 c7 c1 80 44 5d a0 80 e1 07 80 c1 03 38 c1
00013 RSP: 0018:ffffc900012af6f0 EFLAGS: 00010246
00013 RAX: 0000000000000000 RBX: ffff8881337ba400 RCX: 0000000000000046
00013 RDX: 0000000000000000 RSI: ffff8880407f1100 RDI: ffff888138c02aa8
00013 RBP: ffff8880407f1070 R08: ffffffff83a16803 R09: 1ffffffff0742d00
00013 R10: dffffc0000000000 R11: fffffbfff0742d01 R12: ffff888118f0a000
00013 R13: dffffc0000000000 R14: 1ffff110266f7480 R15: 1ffff110231e140f
00013 FS:  0000000000000000(0000) GS:ffff8881d4a2a000(0000) knlGS:0000000000000000
00013 CS:  0010 DS: 0000 ES: 0000 CR0: 0000000080050033
00013 CR2: 0000557fb22bf9f0 CR3: 0000000007574000 CR4: 0000000000750eb0
00013 PKRU: 55555554
00013 Call Trace:
00013  <TASK>
00013  ? local_object_create+0x109/0x640 [obdclass]
00013  ? dt_write_lock+0x16d/0x2a0 [obdclass]
00013  ? llog_osd_create+0x356/0x10d0 [obdclass]
00013  ? llog_create+0x2ed/0x530 [obdclass]
00013  ? llog_open_create+0x6e7/0xb30 [obdclass]
00013  ? record_start_log+0x348/0xa40 [mgs]
00013  ? mgs_write_log_target+0x16f2/0x6ab0 [mgs]
00013  ? mgs_target_reg+0x254e/0x4480 [mgs]
00013  ? tgt_request_handle+0x23ad/0x3d30 [ptlrpc]
00013  ? ptlrpc_main+0x6359/0x96f0 [ptlrpc]
00013  ? __kthread_parkme+0x73/0x130
00013  ? kthread+0x2cd/0x3a0
00013  ? ptlrpc_start_thread+0x1f10/0x1f10 [ptlrpc]
00013  ? kthread_unuse_mm+0x130/0x130
00013  ? ret_from_fork+0x18c/0x520
00013  ? kthread_unuse_mm+0x130/0x130
00013  ? ret_from_fork_asm+0x11/0x20
00013  </TASK>
00013 ---[ end trace 0000000000000000 ]---
00013 ------------[ cut here ]------------
00013 WARNING: /home/ktest/git/linux/include/linux/fs.h:889 at osd_create+0x9cf/0xcf0 [osd_wbcfs], CPU#2: llog_process_th/1796
00013 Modules linked in: ofd(O) osp(O) mdd(O) lod(O) mdt(O) lquota(O) lfsck(O) mgs(O) osd_wbcfs(O) lustre(O) obdecho(O) mgc(O) mdc(O) lov(O) osc(O) lmv(O) ec(O) fid(O) fld(O) ptlrpc(O) efivarfs obdclass(O) ksocklnd(O) lnet(O) libcfs(O)
00013 CPU: 2 UID: 0 PID: 1796 Comm: llog_process_th Tainted: G        W  O        7.0.0-ktest-21af419-6330a45-20260729-dirty #1 PREEMPT 
00013 Tainted: [W]=WARN, [O]=OOT_MODULE
00013 Hardware name: QEMU Standard PC (Q35 + ICH9, 2009), BIOS 2025.11-3ubuntu7 03/31/2026
00013 RIP: 0010:osd_create+0x9cf/0xcf0 [osd_wbcfs]
00013 Code: c7 c7 00 96 7b a1 48 c7 c6 a0 12 7d a1 48 c7 c2 00 1c 7d a1 e8 52 f1 43 ff 48 c7 c7 00 96 7b a1 e8 46 81 44 ff e9 fe fc ff ff <0f> 0b e9 a5 fa ff ff 48 c7 c1 80 44 5d a0 80 e1 07 80 c1 03 38 c1
00013 RSP: 0018:ffffc9000430f618 EFLAGS: 00010246
00013 RAX: 0000000000000000 RBX: ffff888133500400 RCX: 0000000000000046
00013 RDX: 0000000000000000 RSI: ffff88802bea9100 RDI: ffff88802bca8998
00013 RBP: ffff88802bea9070 R08: ffffffff83a16803 R09: 1ffffffff0742d00
00013 R10: dffffc0000000000 R11: fffffbfff0742d01 R12: ffffc9000430f788
00013 R13: dffffc0000000000 R14: 1ffff110266a0080 R15: 1ffff92000861efe
00013 FS:  0000000000000000(0000) GS:ffff8881d4b2a000(0000) knlGS:0000000000000000
00013 CS:  0010 DS: 0000 ES: 0000 CR0: 0000000080050033
00013 CR2: 00007f00ed7e6194 CR3: 00000001057e1000 CR4: 0000000000750eb0
00013 PKRU: 55555554
00013 Call Trace:
00013  <TASK>
00013  ? dt_find_or_create+0x81a/0x1170 [obdclass]
00013  ? tgt_init+0xb72/0x2a60 [ptlrpc]
00013  ? ofd_device_alloc+0x1da8/0x35e0 [ofd]
00013  ? obd_setup+0x25c/0x950 [obdclass]
00013  ? class_setup+0xc7d/0x10e0 [obdclass]
00013  ? class_process_config+0x2edb/0x7cb0 [obdclass]
00013  ? local_trylock_acquire+0xb/0x70
00013  ? __kasan_kmalloc+0x72/0x80
00013  ? class_config_llog_handler+0x2954/0x4f80 [obdclass]
00013  ? class_config_llog_handler+0x2cea/0x4f80 [obdclass]
00013  ? lustre_cfg_rec_free+0x350/0x350 [obdclass]
00013  ? llog_process_thread+0x1fd2/0x4f70 [obdclass]
00013  ? _raw_spin_unlock+0x23/0x40
00013  ? llog_process_thread_daemonize+0x16d/0x1b0 [obdclass]
00013  ? kthread+0x2cd/0x3a0
00013  ? llog_process_or_fork+0xc90/0xc90 [obdclass]
00013  ? kthread_unuse_mm+0x130/0x130
00013  ? ret_from_fork+0x18c/0x520
00013  ? kthread_unuse_mm+0x130/0x130
00013  ? ret_from_fork_asm+0x11/0x20
00013  </TASK>
00013 ---[ end trace 0000000000000000 ]---
00013 ------------[ cut here ]------------
00013 WARNING: /home/ktest/git/linux/include/linux/fs.h:889 at osd_create+0x9cf/0xcf0 [osd_wbcfs], CPU#2: llog_process_th/1796
00013 Modules linked in: ofd(O) osp(O) mdd(O) lod(O) mdt(O) lquota(O) lfsck(O) mgs(O) osd_wbcfs(O) lustre(O) obdecho(O) mgc(O) mdc(O) lov(O) osc(O) lmv(O) ec(O) fid(O) fld(O) ptlrpc(O) efivarfs obdclass(O) ksocklnd(O) lnet(O) libcfs(O)
00013 CPU: 2 UID: 0 PID: 1796 Comm: llog_process_th Tainted: G        W  O        7.0.0-ktest-21af419-6330a45-20260729-dirty #1 PREEMPT 
00013 Tainted: [W]=WARN, [O]=OOT_MODULE
00013 Hardware name: QEMU Standard PC (Q35 + ICH9, 2009), BIOS 2025.11-3ubuntu7 03/31/2026
00013 RIP: 0010:osd_create+0x9cf/0xcf0 [osd_wbcfs]
00013 Code: c7 c7 00 96 7b a1 48 c7 c6 a0 12 7d a1 48 c7 c2 00 1c 7d a1 e8 52 f1 43 ff 48 c7 c7 00 96 7b a1 e8 46 81 44 ff e9 fe fc ff ff <0f> 0b e9 a5 fa ff ff 48 c7 c1 80 44 5d a0 80 e1 07 80 c1 03 38 c1
00013 RSP: 0018:ffffc9000430f4f0 EFLAGS: 00010246
00013 RAX: 0000000000000000 RBX: ffff888133500800 RCX: 0000000000000046
00013 RDX: 0000000000000000 RSI: ffff88802bea89e8 RDI: ffff88802bca8998
00013 RBP: ffff88802bea8958 R08: ffffffff83a16803 R09: 1ffffffff0742d00
00013 R10: dffffc0000000000 R11: fffffbfff0742d01 R12: ffffc9000430f5f0
00013 R13: dffffc0000000000 R14: 1ffff110266a0100 R15: 1ffff92000861ebc
00013 FS:  0000000000000000(0000) GS:ffff8881d4b2a000(0000) knlGS:0000000000000000
00013 CS:  0010 DS: 0000 ES: 0000 CR0: 0000000080050033
00013 CR2: 00007f00ed7e6194 CR3: 00000001057e1000 CR4: 0000000000750eb0
00013 PKRU: 55555554
00013 Call Trace:
00013  <TASK>
00013  ? dt_find_or_create+0x81a/0x1170 [obdclass]
00013  ? seq_store_init+0x155/0x360 [fid]
00013  ? seq_server_init+0x290/0xba0 [fid]
00013  ? ofd_fid_init+0x41c/0xf80 [ofd]
00013  ? ofd_seqs_init+0xb6/0x1370 [ofd]
00013  ? ofd_fs_setup+0x13c/0xdd0 [ofd]
00013  ? ofd_device_alloc+0x1fc1/0x35e0 [ofd]
00013  ? obd_setup+0x25c/0x950 [obdclass]
00013  ? class_setup+0xc7d/0x10e0 [obdclass]
00013  ? class_process_config+0x2edb/0x7cb0 [obdclass]
00013  ? local_trylock_acquire+0xb/0x70
00013  ? __kasan_kmalloc+0x72/0x80
00013  ? class_config_llog_handler+0x2954/0x4f80 [obdclass]
00013  ? class_config_llog_handler+0x2cea/0x4f80 [obdclass]
00013  ? lustre_cfg_rec_free+0x350/0x350 [obdclass]
00013  ? llog_process_thread+0x1fd2/0x4f70 [obdclass]
00013  ? _raw_spin_unlock+0x23/0x40
00013  ? llog_process_thread_daemonize+0x16d/0x1b0 [obdclass]
00013  ? kthread+0x2cd/0x3a0
00013  ? llog_process_or_fork+0xc90/0xc90 [obdclass]
00013  ? kthread_unuse_mm+0x130/0x130
00013  ? ret_from_fork+0x18c/0x520
00013  ? kthread_unuse_mm+0x130/0x130
00013  ? ret_from_fork_asm+0x11/0x20
00013  </TASK>
00013 ---[ end trace 0000000000000000 ]---
00013 ------------[ cut here ]------------
00013 WARNING: /home/ktest/git/linux/include/linux/fs.h:889 at osd_create+0x9cf/0xcf0 [osd_wbcfs], CPU#2: llog_process_th/1796
00013 Modules linked in: ofd(O) osp(O) mdd(O) lod(O) mdt(O) lquota(O) lfsck(O) mgs(O) osd_wbcfs(O) lustre(O) obdecho(O) mgc(O) mdc(O) lov(O) osc(O) lmv(O) ec(O) fid(O) fld(O) ptlrpc(O) efivarfs obdclass(O) ksocklnd(O) lnet(O) libcfs(O)
00013 CPU: 2 UID: 0 PID: 1796 Comm: llog_process_th Tainted: G        W  O        7.0.0-ktest-21af419-6330a45-20260729-dirty #1 PREEMPT 
00013 Tainted: [W]=WARN, [O]=OOT_MODULE
00013 Hardware name: QEMU Standard PC (Q35 + ICH9, 2009), BIOS 2025.11-3ubuntu7 03/31/2026
00013 RIP: 0010:osd_create+0x9cf/0xcf0 [osd_wbcfs]
00013 Code: c7 c7 00 96 7b a1 48 c7 c6 a0 12 7d a1 48 c7 c2 00 1c 7d a1 e8 52 f1 43 ff 48 c7 c7 00 96 7b a1 e8 46 81 44 ff e9 fe fc ff ff <0f> 0b e9 a5 fa ff ff 48 c7 c1 80 44 5d a0 80 e1 07 80 c1 03 38 c1
00013 RSP: 0018:ffffc9000430f530 EFLAGS: 00010246
00013 RAX: 0000000000000000 RBX: ffff888133782400 RCX: 0000000000000046
00013 RDX: ffffffff84c44d40 RSI: ffff88802bea82d0 RDI: ffff88802bca8998
00013 RBP: ffff88802bea8240 R08: 0000000000000001 R09: 0000000000000000
00013 R10: dffffc0000000000 R11: ffffed10057d503d R12: ffff888105216400
00013 R13: dffffc0000000000 R14: 1ffff110266f0480 R15: 1ffff92000861edb
00013 FS:  0000000000000000(0000) GS:ffff8881d4b2a000(0000) knlGS:0000000000000000
00013 CS:  0010 DS: 0000 ES: 0000 CR0: 0000000080050033
00013 CR2: 00007f00ed7e6194 CR3: 00000001057e1000 CR4: 0000000000750eb0
00013 PKRU: 55555554
00013 Call Trace:
00013  <TASK>
00013  ? dt_find_or_create+0x81a/0x1170 [obdclass]
00013  ? fld_index_init+0x404/0x1610 [fld]
00013  ? is_module_address+0x1b/0x70
00013  ? is_module_address+0x5e/0x70
00013  ? __asan_memset+0x22/0x40
00013  ? fld_server_init+0x1d7/0x580 [fld]
00013  ? ofd_seqs_init+0x430/0x1370 [ofd]
00013  ? ofd_fs_setup+0x13c/0xdd0 [ofd]
00013  ? ofd_device_alloc+0x1fc1/0x35e0 [ofd]
00013  ? obd_setup+0x25c/0x950 [obdclass]
00013  ? class_setup+0xc7d/0x10e0 [obdclass]
00013  ? class_process_config+0x2edb/0x7cb0 [obdclass]
00013  ? local_trylock_acquire+0xb/0x70
00013  ? __kasan_kmalloc+0x72/0x80
00013  ? class_config_llog_handler+0x2954/0x4f80 [obdclass]
00013  ? class_config_llog_handler+0x2cea/0x4f80 [obdclass]
00013  ? lustre_cfg_rec_free+0x350/0x350 [obdclass]
00013  ? llog_process_thread+0x1fd2/0x4f70 [obdclass]
00013  ? _raw_spin_unlock+0x23/0x40
00013  ? llog_process_thread_daemonize+0x16d/0x1b0 [obdclass]
00013  ? kthread+0x2cd/0x3a0
00013  ? llog_process_or_fork+0xc90/0xc90 [obdclass]
00013  ? kthread_unuse_mm+0x130/0x130
00013  ? ret_from_fork+0x18c/0x520
00013  ? kthread_unuse_mm+0x130/0x130
00013  ? ret_from_fork_asm+0x11/0x20
00013  </TASK>
00013 ---[ end trace 0000000000000000 ]---
00013 ------------[ cut here ]------------
00013 WARNING: /home/ktest/git/linux/include/linux/fs.h:889 at osd_create+0x9cf/0xcf0 [osd_wbcfs], CPU#2: llog_process_th/1796
00013 Modules linked in: ofd(O) osp(O) mdd(O) lod(O) mdt(O) lquota(O) lfsck(O) mgs(O) osd_wbcfs(O) lustre(O) obdecho(O) mgc(O) mdc(O) lov(O) osc(O) lmv(O) ec(O) fid(O) fld(O) ptlrpc(O) efivarfs obdclass(O) ksocklnd(O) lnet(O) libcfs(O)
00013 CPU: 2 UID: 0 PID: 1796 Comm: llog_process_th Tainted: G        W  O        7.0.0-ktest-21af419-6330a45-20260729-dirty #1 PREEMPT 
00013 Tainted: [W]=WARN, [O]=OOT_MODULE
00013 Hardware name: QEMU Standard PC (Q35 + ICH9, 2009), BIOS 2025.11-3ubuntu7 03/31/2026
00013 RIP: 0010:osd_create+0x9cf/0xcf0 [osd_wbcfs]
00013 Code: c7 c7 00 96 7b a1 48 c7 c6 a0 12 7d a1 48 c7 c2 00 1c 7d a1 e8 52 f1 43 ff 48 c7 c7 00 96 7b a1 e8 46 81 44 ff e9 fe fc ff ff <0f> 0b e9 a5 fa ff ff 48 c7 c1 80 44 5d a0 80 e1 07 80 c1 03 38 c1
00013 RSP: 0018:ffffc9000430f6e0 EFLAGS: 00010246
00013 RAX: 0000000000000000 RBX: ffff888133781000 RCX: 0000000000000046
00013 RDX: 0000000000000000 RSI: ffff88804772a648 RDI: ffff88802bca8998
00013 RBP: ffff88804772a5b8 R08: ffffffff83a16803 R09: 1ffffffff0742d00
00013 R10: dffffc0000000000 R11: fffffbfff0742d01 R12: ffff888047503830
00013 R13: dffffc0000000000 R14: 1ffff110266f0200 R15: 1ffff11008ea0742
00013 FS:  0000000000000000(0000) GS:ffff8881d4b2a000(0000) knlGS:0000000000000000
00013 CS:  0010 DS: 0000 ES: 0000 CR0: 0000000080050033
00013 CR2: 00007f00ed7e6194 CR3: 00000001057e1000 CR4: 0000000000750eb0
00013 PKRU: 55555554
00013 Call Trace:
00013  <TASK>
00013  ? dt_find_or_create+0x81a/0x1170 [obdclass]
00013  ? ofd_fs_setup+0x42c/0xdd0 [ofd]
00013  ? ofd_device_alloc+0x1fc1/0x35e0 [ofd]
00013  ? obd_setup+0x25c/0x950 [obdclass]
00013  ? class_setup+0xc7d/0x10e0 [obdclass]
00013  ? class_process_config+0x2edb/0x7cb0 [obdclass]
00013  ? local_trylock_acquire+0xb/0x70
00013  ? __kasan_kmalloc+0x72/0x80
00013  ? class_config_llog_handler+0x2954/0x4f80 [obdclass]
00013  ? class_config_llog_handler+0x2cea/0x4f80 [obdclass]
00013  ? lustre_cfg_rec_free+0x350/0x350 [obdclass]
00013  ? llog_process_thread+0x1fd2/0x4f70 [obdclass]
00013  ? _raw_spin_unlock+0x23/0x40
00013  ? llog_process_thread_daemonize+0x16d/0x1b0 [obdclass]
00013  ? kthread+0x2cd/0x3a0
00013  ? llog_process_or_fork+0xc90/0xc90 [obdclass]
00013  ? kthread_unuse_mm+0x130/0x130
00013  ? ret_from_fork+0x18c/0x520
00013  ? kthread_unuse_mm+0x130/0x130
00013  ? ret_from_fork_asm+0x11/0x20
00013  </TASK>
00013 ---[ end trace 0000000000000000 ]---
00013 ------------[ cut here ]------------
00013 WARNING: /home/ktest/git/linux/include/linux/fs.h:889 at osd_create+0x9cf/0xcf0 [osd_wbcfs], CPU#2: llog_process_th/1796
00013 Modules linked in: ofd(O) osp(O) mdd(O) lod(O) mdt(O) lquota(O) lfsck(O) mgs(O) osd_wbcfs(O) lustre(O) obdecho(O) mgc(O) mdc(O) lov(O) osc(O) lmv(O) ec(O) fid(O) fld(O) ptlrpc(O) efivarfs obdclass(O) ksocklnd(O) lnet(O) libcfs(O)
00013 CPU: 2 UID: 0 PID: 1796 Comm: llog_process_th Tainted: G        W  O        7.0.0-ktest-21af419-6330a45-20260729-dirty #1 PREEMPT 
00013 Tainted: [W]=WARN, [O]=OOT_MODULE
00013 Hardware name: QEMU Standard PC (Q35 + ICH9, 2009), BIOS 2025.11-3ubuntu7 03/31/2026
00013 RIP: 0010:osd_create+0x9cf/0xcf0 [osd_wbcfs]
00013 Code: c7 c7 00 96 7b a1 48 c7 c6 a0 12 7d a1 48 c7 c2 00 1c 7d a1 e8 52 f1 43 ff 48 c7 c7 00 96 7b a1 e8 46 81 44 ff e9 fe fc ff ff <0f> 0b e9 a5 fa ff ff 48 c7 c1 80 44 5d a0 80 e1 07 80 c1 03 38 c1
00013 RSP: 0018:ffffc9000430f6e0 EFLAGS: 00010246
00013 RAX: 0000000000000000 RBX: ffff888133781c00 RCX: 0000000000000046
00013 RDX: 0000000000000000 RSI: ffff888047729f30 RDI: ffff88802bca8998
00013 RBP: ffff888047729ea0 R08: ffffffff83a16803 R09: 1ffffffff0742d00
00013 R10: dffffc0000000000 R11: fffffbfff0742d01 R12: ffff888047503830
00013 R13: dffffc0000000000 R14: 1ffff110266f0380 R15: 1ffff11008ea0742
00013 FS:  0000000000000000(0000) GS:ffff8881d4b2a000(0000) knlGS:0000000000000000
00013 CS:  0010 DS: 0000 ES: 0000 CR0: 0000000080050033
00013 CR2: 00007f00ed7e6194 CR3: 00000001057e1000 CR4: 0000000000750eb0
00013 PKRU: 55555554
00013 Call Trace:
00013  <TASK>
00013  ? dt_find_or_create+0x81a/0x1170 [obdclass]
00013  ? ofd_fs_setup+0x57f/0xdd0 [ofd]
00013  ? ofd_device_alloc+0x1fc1/0x35e0 [ofd]
00013  ? obd_setup+0x25c/0x950 [obdclass]
00013  ? class_setup+0xc7d/0x10e0 [obdclass]
00013  ? class_process_config+0x2edb/0x7cb0 [obdclass]
00013  ? local_trylock_acquire+0xb/0x70
00013  ? __kasan_kmalloc+0x72/0x80
00013  ? class_config_llog_handler+0x2954/0x4f80 [obdclass]
00013  ? class_config_llog_handler+0x2cea/0x4f80 [obdclass]
00013  ? lustre_cfg_rec_free+0x350/0x350 [obdclass]
00013  ? llog_process_thread+0x1fd2/0x4f70 [obdclass]
00013  ? _raw_spin_unlock+0x23/0x40
00013  ? llog_process_thread_daemonize+0x16d/0x1b0 [obdclass]
00013  ? kthread+0x2cd/0x3a0
00013  ? llog_process_or_fork+0xc90/0xc90 [obdclass]
00013  ? kthread_unuse_mm+0x130/0x130
00013  ? ret_from_fork+0x18c/0x520
00013  ? kthread_unuse_mm+0x130/0x130
00013  ? ret_from_fork_asm+0x11/0x20
00013  </TASK>
00013 ---[ end trace 0000000000000000 ]---
00013 ------------[ cut here ]------------
00013 WARNING: /home/ktest/git/linux/include/linux/fs.h:889 at osd_create+0x9cf/0xcf0 [osd_wbcfs], CPU#2: llog_process_th/1796
00013 Modules linked in: ofd(O) osp(O) mdd(O) lod(O) mdt(O) lquota(O) lfsck(O) mgs(O) osd_wbcfs(O) lustre(O) obdecho(O) mgc(O) mdc(O) lov(O) osc(O) lmv(O) ec(O) fid(O) fld(O) ptlrpc(O) efivarfs obdclass(O) ksocklnd(O) lnet(O) libcfs(O)
00013 CPU: 2 UID: 0 PID: 1796 Comm: llog_process_th Tainted: G        W  O        7.0.0-ktest-21af419-6330a45-20260729-dirty #1 PREEMPT 
00013 Tainted: [W]=WARN, [O]=OOT_MODULE
00013 Hardware name: QEMU Standard PC (Q35 + ICH9, 2009), BIOS 2025.11-3ubuntu7 03/31/2026
00013 RIP: 0010:osd_create+0x9cf/0xcf0 [osd_wbcfs]
00013 Code: c7 c7 00 96 7b a1 48 c7 c6 a0 12 7d a1 48 c7 c2 00 1c 7d a1 e8 52 f1 43 ff 48 c7 c7 00 96 7b a1 e8 46 81 44 ff e9 fe fc ff ff <0f> 0b e9 a5 fa ff ff 48 c7 c1 80 44 5d a0 80 e1 07 80 c1 03 38 c1
00013 RSP: 0018:ffffc9000430f4a8 EFLAGS: 00010246
00013 RAX: 0000000000000000 RBX: ffff888133780c00 RCX: 0000000000000046
00013 RDX: ffffffff84c44d40 RSI: ffff888047729818 RDI: ffff88802bca8998
00013 RBP: ffff888047729788 R08: 0000000000000001 R09: 0000000000000000
00013 R10: dffffc0000000000 R11: ffffed1008ee52e6 R12: ffff8880474fd418
00013 R13: dffffc0000000000 R14: 1ffff110266f0180 R15: 1ffff11008e9fa92
00013 FS:  0000000000000000(0000) GS:ffff8881d4b2a000(0000) knlGS:0000000000000000
00013 CS:  0010 DS: 0000 ES: 0000 CR0: 0000000080050033
00013 CR2: 00007f00ed7e6194 CR3: 00000001057e1000 CR4: 0000000000750eb0
00013 PKRU: 55555554
00013 Call Trace:
00013  <TASK>
00013  ? local_object_create+0x109/0x640 [obdclass]
00013  ? dt_write_lock+0x16d/0x2a0 [obdclass]
00013  ? __local_file_create+0xce4/0x1bc0 [obdclass]
00013  ? local_index_find_or_create+0x1dc/0x2c0 [obdclass]
00013  ? nodemap_cache_find_create+0x4f9/0xe80 [ptlrpc]
00013  ? nodemap_save_config_cache+0x123/0x19b0 [ptlrpc]
00013  ? nm_config_file_register_tgt+0x19b/0x860 [ptlrpc]
00013  ? nm_config_file_register_tgt+0x1a9/0x860 [ptlrpc]
00013  ? ofd_device_alloc+0x219a/0x35e0 [ofd]
00013  ? obd_setup+0x25c/0x950 [obdclass]
00013  ? class_setup+0xc7d/0x10e0 [obdclass]
00013  ? class_process_config+0x2edb/0x7cb0 [obdclass]
00013  ? local_trylock_acquire+0xb/0x70
00013  ? __kasan_kmalloc+0x72/0x80
00013  ? class_config_llog_handler+0x2954/0x4f80 [obdclass]
00013  ? class_config_llog_handler+0x2cea/0x4f80 [obdclass]
00013  ? lustre_cfg_rec_free+0x350/0x350 [obdclass]
00013  ? llog_process_thread+0x1fd2/0x4f70 [obdclass]
00013  ? _raw_spin_unlock+0x23/0x40
00013  ? llog_process_thread_daemonize+0x16d/0x1b0 [obdclass]
00013  ? kthread+0x2cd/0x3a0
00013  ? llog_process_or_fork+0xc90/0xc90 [obdclass]
00013  ? kthread_unuse_mm+0x130/0x130
00013  ? ret_from_fork+0x18c/0x520
00013  ? kthread_unuse_mm+0x130/0x130
00013  ? ret_from_fork_asm+0x11/0x20
00013  </TASK>
00013 ---[ end trace 0000000000000000 ]---
00013 ------------[ cut here ]------------
00013 WARNING: /home/ktest/git/linux/include/linux/fs.h:889 at osd_create+0x9cf/0xcf0 [osd_wbcfs], CPU#1: ll_mgs_0001/1726
00013 Modules linked in: ofd(O) osp(O) mdd(O) lod(O) mdt(O) lquota(O) lfsck(O) mgs(O) osd_wbcfs(O) lustre(O) obdecho(O) mgc(O) mdc(O) lov(O) osc(O) lmv(O) ec(O) fid(O) fld(O) ptlrpc(O) efivarfs obdclass(O) ksocklnd(O) lnet(O) libcfs(O)
00013 CPU: 1 UID: 0 PID: 1726 Comm: ll_mgs_0001 Tainted: G        W  O        7.0.0-ktest-21af419-6330a45-20260729-dirty #1 PREEMPT 
00013 Tainted: [W]=WARN, [O]=OOT_MODULE
00013 Hardware name: QEMU Standard PC (Q35 + ICH9, 2009), BIOS 2025.11-3ubuntu7 03/31/2026
00013 RIP: 0010:osd_create+0x9cf/0xcf0 [osd_wbcfs]
00013 Code: c7 c7 00 96 7b a1 48 c7 c6 a0 12 7d a1 48 c7 c2 00 1c 7d a1 e8 52 f1 43 ff 48 c7 c7 00 96 7b a1 e8 46 81 44 ff e9 fe fc ff ff <0f> 0b e9 a5 fa ff ff 48 c7 c1 80 44 5d a0 80 e1 07 80 c1 03 38 c1
00013 RSP: 0018:ffffc9000129f6f0 EFLAGS: 00010246
00013 RAX: 0000000000000000 RBX: ffff888007698800 RCX: 0000000000000046
00013 RDX: 0000000000000000 RSI: ffff88802f965f08 RDI: ffff888136ed09e8
00013 RBP: ffff88802f965e78 R08: ffffffff83a16803 R09: 1ffffffff0742d00
00013 R10: dffffc0000000000 R11: fffffbfff0742d01 R12: ffff888104486000
00013 R13: dffffc0000000000 R14: 1ffff11000ed3100 R15: 1ffff11020890c0f
00013 FS:  0000000000000000(0000) GS:ffff8881d4aaa000(0000) knlGS:0000000000000000
00013 CS:  0010 DS: 0000 ES: 0000 CR0: 0000000080050033
00013 CR2: 0000557fb22f6450 CR3: 00000001196f0000 CR4: 0000000000750eb0
00013 PKRU: 55555554
00013 Call Trace:
00013  <TASK>
00013  ? local_object_create+0x109/0x640 [obdclass]
00013  ? dt_write_lock+0x16d/0x2a0 [obdclass]
00013  ? llog_osd_create+0x356/0x10d0 [obdclass]
00013  ? llog_create+0x2ed/0x530 [obdclass]
00013  ? llog_open_create+0x6e7/0xb30 [obdclass]
00013  ? record_start_log+0x348/0xa40 [mgs]
00013  ? mgs_write_log_target+0x16f2/0x6ab0 [mgs]
00013  ? mgs_target_reg+0x254e/0x4480 [mgs]
00013  ? tgt_request_handle+0x23ad/0x3d30 [ptlrpc]
00013  ? ptlrpc_main+0x6359/0x96f0 [ptlrpc]
00013  ? __kthread_parkme+0x73/0x130
00013  ? kthread+0x2cd/0x3a0
00013  ? ptlrpc_start_thread+0x1f10/0x1f10 [ptlrpc]
00013  ? kthread_unuse_mm+0x130/0x130
00013  ? ret_from_fork+0x18c/0x520
00013  ? kthread_unuse_mm+0x130/0x130
00013  ? ret_from_fork_asm+0x11/0x20
00013  </TASK>
00013 ---[ end trace 0000000000000000 ]---
00013 ------------[ cut here ]------------
00013 WARNING: /home/ktest/git/linux/include/linux/fs.h:889 at osd_create+0x9cf/0xcf0 [osd_wbcfs], CPU#1: llog_process_th/1803
00013 Modules linked in: ofd(O) osp(O) mdd(O) lod(O) mdt(O) lquota(O) lfsck(O) mgs(O) osd_wbcfs(O) lustre(O) obdecho(O) mgc(O) mdc(O) lov(O) osc(O) lmv(O) ec(O) fid(O) fld(O) ptlrpc(O) efivarfs obdclass(O) ksocklnd(O) lnet(O) libcfs(O)
00013 CPU: 1 UID: 0 PID: 1803 Comm: llog_process_th Tainted: G        W  O        7.0.0-ktest-21af419-6330a45-20260729-dirty #1 PREEMPT 
00013 Tainted: [W]=WARN, [O]=OOT_MODULE
00013 Hardware name: QEMU Standard PC (Q35 + ICH9, 2009), BIOS 2025.11-3ubuntu7 03/31/2026
00013 RIP: 0010:osd_create+0x9cf/0xcf0 [osd_wbcfs]
00013 Code: c7 c7 00 96 7b a1 48 c7 c6 a0 12 7d a1 48 c7 c2 00 1c 7d a1 e8 52 f1 43 ff 48 c7 c7 00 96 7b a1 e8 46 81 44 ff e9 fe fc ff ff <0f> 0b e9 a5 fa ff ff 48 c7 c1 80 44 5d a0 80 e1 07 80 c1 03 38 c1
00013 RSP: 0018:ffffc9000727f618 EFLAGS: 00010246
00013 RAX: 0000000000000000 RBX: ffff88811ad91c00 RCX: 0000000000000046
00013 RDX: 0000000000000000 RSI: ffff88802f9657f0 RDI: ffff88803bf54b18
00013 RBP: ffff88802f965760 R08: ffffffff83a16803 R09: 1ffffffff0742d00
00013 R10: dffffc0000000000 R11: fffffbfff0742d01 R12: ffffc9000727f788
00013 R13: dffffc0000000000 R14: 1ffff110235b2380 R15: 1ffff92000e4fefe
00013 FS:  0000000000000000(0000) GS:ffff8881d4aaa000(0000) knlGS:0000000000000000
00013 CS:  0010 DS: 0000 ES: 0000 CR0: 0000000080050033
00013 CR2: 0000557fb22f6450 CR3: 00000001196f0000 CR4: 0000000000750eb0
00013 PKRU: 55555554
00013 Call Trace:
00013  <TASK>
00013  ? dt_find_or_create+0x81a/0x1170 [obdclass]
00013  ? tgt_init+0xb72/0x2a60 [ptlrpc]
00013  ? ofd_device_alloc+0x1da8/0x35e0 [ofd]
00013  ? obd_setup+0x25c/0x950 [obdclass]
00013  ? class_setup+0xc7d/0x10e0 [obdclass]
00013  ? class_process_config+0x2edb/0x7cb0 [obdclass]
00013  ? __kasan_kmalloc+0x72/0x80
00013  ? class_config_llog_handler+0x2954/0x4f80 [obdclass]
00013  ? class_config_llog_handler+0x2cea/0x4f80 [obdclass]
00013  ? lustre_cfg_rec_free+0x350/0x350 [obdclass]
00013  ? llog_process_thread+0x1fd2/0x4f70 [obdclass]
00013  ? _raw_spin_unlock+0x23/0x40
00013  ? llog_process_thread_daemonize+0x16d/0x1b0 [obdclass]
00013  ? kthread+0x2cd/0x3a0
00013  ? llog_process_or_fork+0xc90/0xc90 [obdclass]
00013  ? kthread_unuse_mm+0x130/0x130
00013  ? ret_from_fork+0x18c/0x520
00013  ? kthread_unuse_mm+0x130/0x130
00013  ? ret_from_fork_asm+0x11/0x20
00013  </TASK>
00013 ---[ end trace 0000000000000000 ]---
00013 ------------[ cut here ]------------
00013 WARNING: /home/ktest/git/linux/include/linux/fs.h:889 at osd_create+0x9cf/0xcf0 [osd_wbcfs], CPU#1: llog_process_th/1803
00013 Modules linked in: ofd(O) osp(O) mdd(O) lod(O) mdt(O) lquota(O) lfsck(O) mgs(O) osd_wbcfs(O) lustre(O) obdecho(O) mgc(O) mdc(O) lov(O) osc(O) lmv(O) ec(O) fid(O) fld(O) ptlrpc(O) efivarfs obdclass(O) ksocklnd(O) lnet(O) libcfs(O)
00013 CPU: 1 UID: 0 PID: 1803 Comm: llog_process_th Tainted: G        W  O        7.0.0-ktest-21af419-6330a45-20260729-dirty #1 PREEMPT 
00013 Tainted: [W]=WARN, [O]=OOT_MODULE
00013 Hardware name: QEMU Standard PC (Q35 + ICH9, 2009), BIOS 2025.11-3ubuntu7 03/31/2026
00013 RIP: 0010:osd_create+0x9cf/0xcf0 [osd_wbcfs]
00013 Code: c7 c7 00 96 7b a1 48 c7 c6 a0 12 7d a1 48 c7 c2 00 1c 7d a1 e8 52 f1 43 ff 48 c7 c7 00 96 7b a1 e8 46 81 44 ff e9 fe fc ff ff <0f> 0b e9 a5 fa ff ff 48 c7 c1 80 44 5d a0 80 e1 07 80 c1 03 38 c1
00013 RSP: 0018:ffffc9000727f4f0 EFLAGS: 00010246
00013 RAX: 0000000000000000 RBX: ffff88811ad92800 RCX: 0000000000000046
00013 RDX: 0000000000000000 RSI: ffff88802f9650d8 RDI: ffff88803bf54b18
00013 RBP: ffff88802f965048 R08: ffffffff83a16803 R09: 1ffffffff0742d00
00013 R10: dffffc0000000000 R11: fffffbfff0742d01 R12: ffffc9000727f5f0
00013 R13: dffffc0000000000 R14: 1ffff110235b2500 R15: 1ffff92000e4febc
00013 FS:  0000000000000000(0000) GS:ffff8881d4aaa000(0000) knlGS:0000000000000000
00013 CS:  0010 DS: 0000 ES: 0000 CR0: 0000000080050033
00013 CR2: 0000557fb22f6450 CR3: 00000001196f0000 CR4: 0000000000750eb0
00013 PKRU: 55555554
00013 Call Trace:
00013  <TASK>
00013  ? dt_find_or_create+0x81a/0x1170 [obdclass]
00013  ? seq_store_init+0x155/0x360 [fid]
00013  ? seq_server_init+0x290/0xba0 [fid]
00013  ? ofd_fid_init+0x41c/0xf80 [ofd]
00013  ? ofd_seqs_init+0xb6/0x1370 [ofd]
00013  ? ofd_fs_setup+0x13c/0xdd0 [ofd]
00013  ? ofd_device_alloc+0x1fc1/0x35e0 [ofd]
00013  ? obd_setup+0x25c/0x950 [obdclass]
00013  ? class_setup+0xc7d/0x10e0 [obdclass]
00013  ? class_process_config+0x2edb/0x7cb0 [obdclass]
00013  ? __kasan_kmalloc+0x72/0x80
00013  ? class_config_llog_handler+0x2954/0x4f80 [obdclass]
00013  ? class_config_llog_handler+0x2cea/0x4f80 [obdclass]
00013  ? lustre_cfg_rec_free+0x350/0x350 [obdclass]
00013  ? llog_process_thread+0x1fd2/0x4f70 [obdclass]
00013  ? _raw_spin_unlock+0x23/0x40
00013  ? llog_process_thread_daemonize+0x16d/0x1b0 [obdclass]
00013  ? kthread+0x2cd/0x3a0
00013  ? llog_process_or_fork+0xc90/0xc90 [obdclass]
00013  ? kthread_unuse_mm+0x130/0x130
00013  ? ret_from_fork+0x18c/0x520
00013  ? kthread_unuse_mm+0x130/0x130
00013  ? ret_from_fork_asm+0x11/0x20
00013  </TASK>
00013 ---[ end trace 0000000000000000 ]---
00013 ------------[ cut here ]------------
00013 WARNING: /home/ktest/git/linux/include/linux/fs.h:889 at osd_create+0x9cf/0xcf0 [osd_wbcfs], CPU#1: llog_process_th/1803
00013 Modules linked in: ofd(O) osp(O) mdd(O) lod(O) mdt(O) lquota(O) lfsck(O) mgs(O) osd_wbcfs(O) lustre(O) obdecho(O) mgc(O) mdc(O) lov(O) osc(O) lmv(O) ec(O) fid(O) fld(O) ptlrpc(O) efivarfs obdclass(O) ksocklnd(O) lnet(O) libcfs(O)
00013 CPU: 1 UID: 0 PID: 1803 Comm: llog_process_th Tainted: G        W  O        7.0.0-ktest-21af419-6330a45-20260729-dirty #1 PREEMPT 
00013 Tainted: [W]=WARN, [O]=OOT_MODULE
00013 Hardware name: QEMU Standard PC (Q35 + ICH9, 2009), BIOS 2025.11-3ubuntu7 03/31/2026
00013 RIP: 0010:osd_create+0x9cf/0xcf0 [osd_wbcfs]
00013 Code: c7 c7 00 96 7b a1 48 c7 c6 a0 12 7d a1 48 c7 c2 00 1c 7d a1 e8 52 f1 43 ff 48 c7 c7 00 96 7b a1 e8 46 81 44 ff e9 fe fc ff ff <0f> 0b e9 a5 fa ff ff 48 c7 c1 80 44 5d a0 80 e1 07 80 c1 03 38 c1
00013 RSP: 0018:ffffc9000727f530 EFLAGS: 00010246
00013 RAX: 0000000000000000 RBX: ffff888118d7a400 RCX: 0000000000000046
00013 RDX: ffffffff84c44d40 RSI: ffff88802f9649c0 RDI: ffff88803bf54b18
00013 RBP: ffff88802f964930 R08: 0000000000000001 R09: 0000000000000000
00013 R10: dffffc0000000000 R11: ffffed1005f2c91b R12: ffff888103cf6200
00013 R13: dffffc0000000000 R14: 1ffff110231af480 R15: 1ffff92000e4fedb
00013 FS:  0000000000000000(0000) GS:ffff8881d4aaa000(0000) knlGS:0000000000000000
00013 CS:  0010 DS: 0000 ES: 0000 CR0: 0000000080050033
00013 CR2: 0000557fb22f6450 CR3: 00000001196f0000 CR4: 0000000000750eb0
00013 PKRU: 55555554
00013 Call Trace:
00013  <TASK>
00013  ? dt_find_or_create+0x81a/0x1170 [obdclass]
00013  ? fld_index_init+0x404/0x1610 [fld]
00013  ? is_module_address+0x1b/0x70
00013  ? is_module_address+0x5e/0x70
00013  ? __asan_memset+0x22/0x40
00013  ? fld_server_init+0x1d7/0x580 [fld]
00013  ? ofd_seqs_init+0x430/0x1370 [ofd]
00013  ? ofd_fs_setup+0x13c/0xdd0 [ofd]
00013  ? ofd_device_alloc+0x1fc1/0x35e0 [ofd]
00013  ? obd_setup+0x25c/0x950 [obdclass]
00013  ? class_setup+0xc7d/0x10e0 [obdclass]
00013  ? class_process_config+0x2edb/0x7cb0 [obdclass]
00013  ? __kasan_kmalloc+0x72/0x80
00013  ? class_config_llog_handler+0x2954/0x4f80 [obdclass]
00013  ? class_config_llog_handler+0x2cea/0x4f80 [obdclass]
00013  ? lustre_cfg_rec_free+0x350/0x350 [obdclass]
00013  ? llog_process_thread+0x1fd2/0x4f70 [obdclass]
00013  ? _raw_spin_unlock+0x23/0x40
00013  ? llog_process_thread_daemonize+0x16d/0x1b0 [obdclass]
00013  ? kthread+0x2cd/0x3a0
00013  ? llog_process_or_fork+0xc90/0xc90 [obdclass]
00013  ? kthread_unuse_mm+0x130/0x130
00013  ? ret_from_fork+0x18c/0x520
00013  ? kthread_unuse_mm+0x130/0x130
00013  ? ret_from_fork_asm+0x11/0x20
00013  </TASK>
00013 ---[ end trace 0000000000000000 ]---
00013 ------------[ cut here ]------------
00013 WARNING: /home/ktest/git/linux/include/linux/fs.h:889 at osd_create+0x9cf/0xcf0 [osd_wbcfs], CPU#1: llog_process_th/1803
00013 Modules linked in: ofd(O) osp(O) mdd(O) lod(O) mdt(O) lquota(O) lfsck(O) mgs(O) osd_wbcfs(O) lustre(O) obdecho(O) mgc(O) mdc(O) lov(O) osc(O) lmv(O) ec(O) fid(O) fld(O) ptlrpc(O) efivarfs obdclass(O) ksocklnd(O) lnet(O) libcfs(O)
00013 CPU: 1 UID: 0 PID: 1803 Comm: llog_process_th Tainted: G        W  O        7.0.0-ktest-21af419-6330a45-20260729-dirty #1 PREEMPT 
00013 Tainted: [W]=WARN, [O]=OOT_MODULE
00013 Hardware name: QEMU Standard PC (Q35 + ICH9, 2009), BIOS 2025.11-3ubuntu7 03/31/2026
00013 RIP: 0010:osd_create+0x9cf/0xcf0 [osd_wbcfs]
00013 Code: c7 c7 00 96 7b a1 48 c7 c6 a0 12 7d a1 48 c7 c2 00 1c 7d a1 e8 52 f1 43 ff 48 c7 c7 00 96 7b a1 e8 46 81 44 ff e9 fe fc ff ff <0f> 0b e9 a5 fa ff ff 48 c7 c1 80 44 5d a0 80 e1 07 80 c1 03 38 c1
00013 RSP: 0018:ffffc9000727f6e0 EFLAGS: 00010246
00013 RAX: 0000000000000000 RBX: ffff888118d78c00 RCX: 0000000000000046
00013 RDX: 0000000000000000 RSI: ffff88802f9642a8 RDI: ffff88803bf54b18
00013 RBP: ffff88802f964218 R08: ffffffff83a16803 R09: 1ffffffff0742d00
00013 R10: dffffc0000000000 R11: fffffbfff0742d01 R12: ffff88802f181830
00013 R13: dffffc0000000000 R14: 1ffff110231af180 R15: 1ffff11005e30342
00013 FS:  0000000000000000(0000) GS:ffff8881d4aaa000(0000) knlGS:0000000000000000
00013 CS:  0010 DS: 0000 ES: 0000 CR0: 0000000080050033
00013 CR2: 0000557fb22f6450 CR3: 00000001196f0000 CR4: 0000000000750eb0
00013 PKRU: 55555554
00013 Call Trace:
00013  <TASK>
00013  ? dt_find_or_create+0x81a/0x1170 [obdclass]
00013  ? ofd_fs_setup+0x42c/0xdd0 [ofd]
00013  ? ofd_device_alloc+0x1fc1/0x35e0 [ofd]
00013  ? obd_setup+0x25c/0x950 [obdclass]
00013  ? class_setup+0xc7d/0x10e0 [obdclass]
00013  ? class_process_config+0x2edb/0x7cb0 [obdclass]
00013  ? __kasan_kmalloc+0x72/0x80
00013  ? class_config_llog_handler+0x2954/0x4f80 [obdclass]
00013  ? class_config_llog_handler+0x2cea/0x4f80 [obdclass]
00013  ? lustre_cfg_rec_free+0x350/0x350 [obdclass]
00013  ? llog_process_thread+0x1fd2/0x4f70 [obdclass]
00013  ? _raw_spin_unlock+0x23/0x40
00013  ? llog_process_thread_daemonize+0x16d/0x1b0 [obdclass]
00013  ? kthread+0x2cd/0x3a0
00013  ? llog_process_or_fork+0xc90/0xc90 [obdclass]
00013  ? kthread_unuse_mm+0x130/0x130
00013  ? ret_from_fork+0x18c/0x520
00013  ? kthread_unuse_mm+0x130/0x130
00013  ? ret_from_fork_asm+0x11/0x20
00013  </TASK>
00013 ---[ end trace 0000000000000000 ]---
00013 ------------[ cut here ]------------
00013 WARNING: /home/ktest/git/linux/include/linux/fs.h:889 at osd_create+0x9cf/0xcf0 [osd_wbcfs], CPU#1: llog_process_th/1803
00013 Modules linked in: ofd(O) osp(O) mdd(O) lod(O) mdt(O) lquota(O) lfsck(O) mgs(O) osd_wbcfs(O) lustre(O) obdecho(O) mgc(O) mdc(O) lov(O) osc(O) lmv(O) ec(O) fid(O) fld(O) ptlrpc(O) efivarfs obdclass(O) ksocklnd(O) lnet(O) libcfs(O)
00013 CPU: 1 UID: 0 PID: 1803 Comm: llog_process_th Tainted: G        W  O        7.0.0-ktest-21af419-6330a45-20260729-dirty #1 PREEMPT 
00013 Tainted: [W]=WARN, [O]=OOT_MODULE
00013 Hardware name: QEMU Standard PC (Q35 + ICH9, 2009), BIOS 2025.11-3ubuntu7 03/31/2026
00013 RIP: 0010:osd_create+0x9cf/0xcf0 [osd_wbcfs]
00013 Code: c7 c7 00 96 7b a1 48 c7 c6 a0 12 7d a1 48 c7 c2 00 1c 7d a1 e8 52 f1 43 ff 48 c7 c7 00 96 7b a1 e8 46 81 44 ff e9 fe fc ff ff <0f> 0b e9 a5 fa ff ff 48 c7 c1 80 44 5d a0 80 e1 07 80 c1 03 38 c1
00013 RSP: 0018:ffffc9000727f6e0 EFLAGS: 00010246
00013 RAX: 0000000000000000 RBX: ffff888118d78000 RCX: 0000000000000046
00013 RDX: 0000000000000000 RSI: ffff88802f963b90 RDI: ffff88803bf54b18
00013 RBP: ffff88802f963b00 R08: ffffffff83a16803 R09: 1ffffffff0742d00
00013 R10: dffffc0000000000 R11: fffffbfff0742d01 R12: ffff88802f181830
00013 R13: dffffc0000000000 R14: 1ffff110231af000 R15: 1ffff11005e30342
00013 FS:  0000000000000000(0000) GS:ffff8881d4aaa000(0000) knlGS:0000000000000000
00013 CS:  0010 DS: 0000 ES: 0000 CR0: 0000000080050033
00013 CR2: 0000557fb22f6450 CR3: 00000001196f0000 CR4: 0000000000750eb0
00013 PKRU: 55555554
00013 Call Trace:
00013  <TASK>
00013  ? dt_find_or_create+0x81a/0x1170 [obdclass]
00013  ? ofd_fs_setup+0x57f/0xdd0 [ofd]
00013  ? ofd_device_alloc+0x1fc1/0x35e0 [ofd]
00013  ? obd_setup+0x25c/0x950 [obdclass]
00013  ? class_setup+0xc7d/0x10e0 [obdclass]
00013  ? class_process_config+0x2edb/0x7cb0 [obdclass]
00013  ? __kasan_kmalloc+0x72/0x80
00013  ? class_config_llog_handler+0x2954/0x4f80 [obdclass]
00013  ? class_config_llog_handler+0x2cea/0x4f80 [obdclass]
00013  ? lustre_cfg_rec_free+0x350/0x350 [obdclass]
00013  ? llog_process_thread+0x1fd2/0x4f70 [obdclass]
00013  ? _raw_spin_unlock+0x23/0x40
00013  ? llog_process_thread_daemonize+0x16d/0x1b0 [obdclass]
00013  ? kthread+0x2cd/0x3a0
00013  ? llog_process_or_fork+0xc90/0xc90 [obdclass]
00013  ? kthread_unuse_mm+0x130/0x130
00013  ? ret_from_fork+0x18c/0x520
00013  ? kthread_unuse_mm+0x130/0x130
00013  ? ret_from_fork_asm+0x11/0x20
00013  </TASK>
00013 ---[ end trace 0000000000000000 ]---
00013 ------------[ cut here ]------------
00013 WARNING: /home/ktest/git/linux/include/linux/fs.h:889 at osd_create+0x9cf/0xcf0 [osd_wbcfs], CPU#1: llog_process_th/1803
00013 Modules linked in: ofd(O) osp(O) mdd(O) lod(O) mdt(O) lquota(O) lfsck(O) mgs(O) osd_wbcfs(O) lustre(O) obdecho(O) mgc(O) mdc(O) lov(O) osc(O) lmv(O) ec(O) fid(O) fld(O) ptlrpc(O) efivarfs obdclass(O) ksocklnd(O) lnet(O) libcfs(O)
00013 CPU: 1 UID: 0 PID: 1803 Comm: llog_process_th Tainted: G        W  O        7.0.0-ktest-21af419-6330a45-20260729-dirty #1 PREEMPT 
00013 Tainted: [W]=WARN, [O]=OOT_MODULE
00013 Hardware name: QEMU Standard PC (Q35 + ICH9, 2009), BIOS 2025.11-3ubuntu7 03/31/2026
00013 RIP: 0010:osd_create+0x9cf/0xcf0 [osd_wbcfs]
00013 Code: c7 c7 00 96 7b a1 48 c7 c6 a0 12 7d a1 48 c7 c2 00 1c 7d a1 e8 52 f1 43 ff 48 c7 c7 00 96 7b a1 e8 46 81 44 ff e9 fe fc ff ff <0f> 0b e9 a5 fa ff ff 48 c7 c1 80 44 5d a0 80 e1 07 80 c1 03 38 c1
00013 RSP: 0018:ffffc9000727f4a8 EFLAGS: 00010246
00013 RAX: 0000000000000000 RBX: ffff888118d79c00 RCX: 0000000000000046
00013 RDX: ffffffff84c44d40 RSI: ffff88802f963478 RDI: ffff88803bf54b18
00013 RBP: ffff88802f9633e8 R08: 0000000000000001 R09: 0000000000000000
00013 R10: dffffc0000000000 R11: ffffed1005f2c672 R12: ffff888047904418
00013 R13: dffffc0000000000 R14: 1ffff110231af380 R15: 1ffff11008f20892
00013 FS:  0000000000000000(0000) GS:ffff8881d4aaa000(0000) knlGS:0000000000000000
00013 CS:  0010 DS: 0000 ES: 0000 CR0: 0000000080050033
00013 CR2: 0000557fb22f6450 CR3: 00000001196f0000 CR4: 0000000000750eb0
00013 PKRU: 55555554
00013 Call Trace:
00013  <TASK>
00013  ? local_object_create+0x109/0x640 [obdclass]
00013  ? dt_write_lock+0x16d/0x2a0 [obdclass]
00013  ? __local_file_create+0xce4/0x1bc0 [obdclass]
00013  ? local_index_find_or_create+0x1dc/0x2c0 [obdclass]
00013  ? nodemap_cache_find_create+0x4f9/0xe80 [ptlrpc]
00013  ? nodemap_save_config_cache+0x123/0x19b0 [ptlrpc]
00013  ? nm_config_file_register_tgt+0x19b/0x860 [ptlrpc]
00013  ? nm_config_file_register_tgt+0x1a9/0x860 [ptlrpc]
00013  ? ofd_device_alloc+0x219a/0x35e0 [ofd]
00013  ? obd_setup+0x25c/0x950 [obdclass]
00013  ? class_setup+0xc7d/0x10e0 [obdclass]
00013  ? class_process_config+0x2edb/0x7cb0 [obdclass]
00013  ? __kasan_kmalloc+0x72/0x80
00013  ? class_config_llog_handler+0x2954/0x4f80 [obdclass]
00013  ? class_config_llog_handler+0x2cea/0x4f80 [obdclass]
00013  ? lustre_cfg_rec_free+0x350/0x350 [obdclass]
00013  ? llog_process_thread+0x1fd2/0x4f70 [obdclass]
00013  ? _raw_spin_unlock+0x23/0x40
00013  ? llog_process_thread_daemonize+0x16d/0x1b0 [obdclass]
00013  ? kthread+0x2cd/0x3a0
00013  ? llog_process_or_fork+0xc90/0xc90 [obdclass]
00013  ? kthread_unuse_mm+0x130/0x130
00013  ? ret_from_fork+0x18c/0x520
00013  ? kthread_unuse_mm+0x130/0x130
00013  ? ret_from_fork_asm+0x11/0x20
00013  </TASK>
00013 ---[ end trace 0000000000000000 ]---
00018 ------------[ cut here ]------------
00018 WARNING: /home/ktest/git/linux/include/linux/fs.h:889 at osd_create+0x9cf/0xcf0 [osd_wbcfs], CPU#3: llog_process_th/1818
00018 Modules linked in: ofd(O) osp(O) mdd(O) lod(O) mdt(O) lquota(O) lfsck(O) mgs(O) osd_wbcfs(O) lustre(O) obdecho(O) mgc(O) mdc(O) lov(O) osc(O) lmv(O) ec(O) fid(O) fld(O) ptlrpc(O) efivarfs obdclass(O) ksocklnd(O) lnet(O) libcfs(O)
00018 CPU: 3 UID: 0 PID: 1818 Comm: llog_process_th Tainted: G        W  O        7.0.0-ktest-21af419-6330a45-20260729-dirty #1 PREEMPT 
00018 Tainted: [W]=WARN, [O]=OOT_MODULE
00018 Hardware name: QEMU Standard PC (Q35 + ICH9, 2009), BIOS 2025.11-3ubuntu7 03/31/2026
00018 RIP: 0010:osd_create+0x9cf/0xcf0 [osd_wbcfs]
00018 Code: c7 c7 00 96 7b a1 48 c7 c6 a0 12 7d a1 48 c7 c2 00 1c 7d a1 e8 52 f1 43 ff 48 c7 c7 00 96 7b a1 e8 46 81 44 ff e9 fe fc ff ff <0f> 0b e9 a5 fa ff ff 48 c7 c1 80 44 5d a0 80 e1 07 80 c1 03 38 c1
00018 RSP: 0018:ffffc90007d0f6c0 EFLAGS: 00010246
00018 RAX: 0000000000000000 RBX: ffff8881045a0800 RCX: 0000000000000046
00018 RDX: 0000000000000000 RSI: ffff88804790bb90 RDI: ffff88811797cb18
00018 RBP: ffff88804790bb00 R08: ffffffff83a16803 R09: 1ffffffff0742d00
00018 R10: dffffc0000000000 R11: fffffbfff0742d01 R12: ffff88802f016030
00018 R13: dffffc0000000000 R14: 1ffff110208b4100 R15: 1ffff92000fa1ef8
00018 FS:  0000000000000000(0000) GS:ffff8881d4baa000(0000) knlGS:0000000000000000
00018 CS:  0010 DS: 0000 ES: 0000 CR0: 0000000080050033
00018 CR2: 00007fc8cfe181e0 CR3: 0000000004274000 CR4: 0000000000750eb0
00018 PKRU: 55555554
00018 Call Trace:
00018  <TASK>
00018  ? dt_find_or_create+0x81a/0x1170 [obdclass]
00018  ? osp_find_or_create_local_file+0x266/0x690 [osp]
00018  ? osp_last_used_init+0x22c/0x2150 [osp]
00018  ? client_fid_init+0x636/0x9f0 [fid]
00018  ? osp_device_alloc+0x19a2/0x2e10 [osp]
00018  ? obd_setup+0x25c/0x950 [obdclass]
00018  ? class_setup+0xc7d/0x10e0 [obdclass]
00018  ? class_process_config+0x2edb/0x7cb0 [obdclass]
00018  ? __kasan_kmalloc+0x72/0x80
00018  ? class_config_llog_handler+0x2954/0x4f80 [obdclass]
00018  ? class_config_llog_handler+0x2cea/0x4f80 [obdclass]
00018  ? lustre_cfg_rec_free+0x350/0x350 [obdclass]
00018  ? llog_process_thread+0x1fd2/0x4f70 [obdclass]
00018  ? _raw_spin_unlock+0x23/0x40
00018  ? llog_process_thread_daemonize+0x16d/0x1b0 [obdclass]
00018  ? kthread+0x2cd/0x3a0
00018  ? llog_process_or_fork+0xc90/0xc90 [obdclass]
00018  ? kthread_unuse_mm+0x130/0x130
00018  ? ret_from_fork+0x18c/0x520
00018  ? kthread_unuse_mm+0x130/0x130
00018  ? ret_from_fork_asm+0x11/0x20
00018  </TASK>
00018 ---[ end trace 0000000000000000 ]---
00018 ------------[ cut here ]------------
00018 WARNING: /home/ktest/git/linux/include/linux/fs.h:889 at osd_create+0x9cf/0xcf0 [osd_wbcfs], CPU#3: llog_process_th/1818
00018 Modules linked in: ofd(O) osp(O) mdd(O) lod(O) mdt(O) lquota(O) lfsck(O) mgs(O) osd_wbcfs(O) lustre(O) obdecho(O) mgc(O) mdc(O) lov(O) osc(O) lmv(O) ec(O) fid(O) fld(O) ptlrpc(O) efivarfs obdclass(O) ksocklnd(O) lnet(O) libcfs(O)
00018 CPU: 3 UID: 0 PID: 1818 Comm: llog_process_th Tainted: G        W  O        7.0.0-ktest-21af419-6330a45-20260729-dirty #1 PREEMPT 
00018 Tainted: [W]=WARN, [O]=OOT_MODULE
00018 Hardware name: QEMU Standard PC (Q35 + ICH9, 2009), BIOS 2025.11-3ubuntu7 03/31/2026
00018 RIP: 0010:osd_create+0x9cf/0xcf0 [osd_wbcfs]
00018 Code: c7 c7 00 96 7b a1 48 c7 c6 a0 12 7d a1 48 c7 c2 00 1c 7d a1 e8 52 f1 43 ff 48 c7 c7 00 96 7b a1 e8 46 81 44 ff e9 fe fc ff ff <0f> 0b e9 a5 fa ff ff 48 c7 c1 80 44 5d a0 80 e1 07 80 c1 03 38 c1
00018 RSP: 0018:ffffc90007d0f6c0 EFLAGS: 00010246
00018 RAX: 0000000000000000 RBX: ffff8881045a1400 RCX: 0000000000000046
00018 RDX: 0000000000000000 RSI: ffff88804790b478 RDI: ffff88811797cb18
00018 RBP: ffff88804790b3e8 R08: ffffffff83a16803 R09: 1ffffffff0742d00
00018 R10: dffffc0000000000 R11: fffffbfff0742d01 R12: ffff88802f016030
00018 R13: dffffc0000000000 R14: 1ffff110208b4280 R15: 1ffff92000fa1ef8
00018 FS:  0000000000000000(0000) GS:ffff8881d4baa000(0000) knlGS:0000000000000000
00018 CS:  0010 DS: 0000 ES: 0000 CR0: 0000000080050033
00018 CR2: 00007fc8cfe181e0 CR3: 0000000004274000 CR4: 0000000000750eb0
00018 PKRU: 55555554
00018 Call Trace:
00018  <TASK>
00018  ? dt_find_or_create+0x81a/0x1170 [obdclass]
00018  ? osp_find_or_create_local_file+0x266/0x690 [osp]
00018  ? osp_last_used_init+0x95c/0x2150 [osp]
00018  ? osp_device_alloc+0x19a2/0x2e10 [osp]
00018  ? obd_setup+0x25c/0x950 [obdclass]
00018  ? class_setup+0xc7d/0x10e0 [obdclass]
00018  ? class_process_config+0x2edb/0x7cb0 [obdclass]
00018  ? __kasan_kmalloc+0x72/0x80
00018  ? class_config_llog_handler+0x2954/0x4f80 [obdclass]
00018  ? class_config_llog_handler+0x2cea/0x4f80 [obdclass]
00018  ? lustre_cfg_rec_free+0x350/0x350 [obdclass]
00018  ? llog_process_thread+0x1fd2/0x4f70 [obdclass]
00018  ? _raw_spin_unlock+0x23/0x40
00018  ? llog_process_thread_daemonize+0x16d/0x1b0 [obdclass]
00018  ? kthread+0x2cd/0x3a0
00018  ? llog_process_or_fork+0xc90/0xc90 [obdclass]
00018  ? kthread_unuse_mm+0x130/0x130
00018  ? ret_from_fork+0x18c/0x520
00018  ? kthread_unuse_mm+0x130/0x130
00018  ? ret_from_fork_asm+0x11/0x20
00018  </TASK>
00018 ---[ end trace 0000000000000000 ]---
00018 ------------[ cut here ]------------
00018 WARNING: /home/ktest/git/linux/include/linux/fs.h:889 at osd_create+0x9cf/0xcf0 [osd_wbcfs], CPU#3: llog_process_th/1818
00018 Modules linked in: ofd(O) osp(O) mdd(O) lod(O) mdt(O) lquota(O) lfsck(O) mgs(O) osd_wbcfs(O) lustre(O) obdecho(O) mgc(O) mdc(O) lov(O) osc(O) lmv(O) ec(O) fid(O) fld(O) ptlrpc(O) efivarfs obdclass(O) ksocklnd(O) lnet(O) libcfs(O)
00018 CPU: 3 UID: 0 PID: 1818 Comm: llog_process_th Tainted: G        W  O        7.0.0-ktest-21af419-6330a45-20260729-dirty #1 PREEMPT 
00018 Tainted: [W]=WARN, [O]=OOT_MODULE
00018 Hardware name: QEMU Standard PC (Q35 + ICH9, 2009), BIOS 2025.11-3ubuntu7 03/31/2026
00018 RIP: 0010:osd_create+0x9cf/0xcf0 [osd_wbcfs]
00018 Code: c7 c7 00 96 7b a1 48 c7 c6 a0 12 7d a1 48 c7 c2 00 1c 7d a1 e8 52 f1 43 ff 48 c7 c7 00 96 7b a1 e8 46 81 44 ff e9 fe fc ff ff <0f> 0b e9 a5 fa ff ff 48 c7 c1 80 44 5d a0 80 e1 07 80 c1 03 38 c1
00018 RSP: 0018:ffffc90007d0f690 EFLAGS: 00010246
00018 RAX: 0000000000000000 RBX: ffff8881045a3400 RCX: 0000000000000046
00018 RDX: 0000000000000000 RSI: ffff88804790ad60 RDI: ffff88811797cb18
00018 RBP: ffff88804790acd0 R08: ffffffff83a16803 R09: 1ffffffff0742d00
00018 R10: dffffc0000000000 R11: fffffbfff0742d01 R12: ffff88813353b800
00018 R13: dffffc0000000000 R14: 1ffff110208b4680 R15: 1ffff110266a770f
00018 FS:  0000000000000000(0000) GS:ffff8881d4baa000(0000) knlGS:0000000000000000
00018 CS:  0010 DS: 0000 ES: 0000 CR0: 0000000080050033
00018 CR2: 00007fc8cfe181e0 CR3: 0000000004274000 CR4: 0000000000750eb0
00018 PKRU: 55555554
00018 Call Trace:
00018  <TASK>
00018  ? llog_osd_get_cat_list+0x64d/0x1470 [obdclass]
00018  ? osp_sync_init+0x7a6/0x2760 [osp]
00018  ? is_module_address+0x1b/0x70
00018  ? osp_device_alloc+0x1b91/0x2e10 [osp]
00018  ? obd_setup+0x25c/0x950 [obdclass]
00018  ? class_setup+0xc7d/0x10e0 [obdclass]
00018  ? class_process_config+0x2edb/0x7cb0 [obdclass]
00018  ? __kasan_kmalloc+0x72/0x80
00018  ? class_config_llog_handler+0x2954/0x4f80 [obdclass]
00018  ? class_config_llog_handler+0x2cea/0x4f80 [obdclass]
00018  ? lustre_cfg_rec_free+0x350/0x350 [obdclass]
00018  ? llog_process_thread+0x1fd2/0x4f70 [obdclass]
00018  ? _raw_spin_unlock+0x23/0x40
00018  ? llog_process_thread_daemonize+0x16d/0x1b0 [obdclass]
00018  ? kthread+0x2cd/0x3a0
00018  ? llog_process_or_fork+0xc90/0xc90 [obdclass]
00018  ? kthread_unuse_mm+0x130/0x130
00018  ? ret_from_fork+0x18c/0x520
00018  ? kthread_unuse_mm+0x130/0x130
00018  ? ret_from_fork_asm+0x11/0x20
00018  </TASK>
00018 ---[ end trace 0000000000000000 ]---
00018 ------------[ cut here ]------------
00018 WARNING: /home/ktest/git/linux/include/linux/fs.h:889 at osd_create+0x9cf/0xcf0 [osd_wbcfs], CPU#3: llog_process_th/1818
00018 Modules linked in: ofd(O) osp(O) mdd(O) lod(O) mdt(O) lquota(O) lfsck(O) mgs(O) osd_wbcfs(O) lustre(O) obdecho(O) mgc(O) mdc(O) lov(O) osc(O) lmv(O) ec(O) fid(O) fld(O) ptlrpc(O) efivarfs obdclass(O) ksocklnd(O) lnet(O) libcfs(O)
00018 CPU: 3 UID: 0 PID: 1818 Comm: llog_process_th Tainted: G        W  O        7.0.0-ktest-21af419-6330a45-20260729-dirty #1 PREEMPT 
00018 Tainted: [W]=WARN, [O]=OOT_MODULE
00018 Hardware name: QEMU Standard PC (Q35 + ICH9, 2009), BIOS 2025.11-3ubuntu7 03/31/2026
00018 RIP: 0010:osd_create+0x9cf/0xcf0 [osd_wbcfs]
00018 Code: c7 c7 00 96 7b a1 48 c7 c6 a0 12 7d a1 48 c7 c2 00 1c 7d a1 e8 52 f1 43 ff 48 c7 c7 00 96 7b a1 e8 46 81 44 ff e9 fe fc ff ff <0f> 0b e9 a5 fa ff ff 48 c7 c1 80 44 5d a0 80 e1 07 80 c1 03 38 c1
00018 RSP: 0018:ffffc90007d0f5a0 EFLAGS: 00010246
00018 RAX: 0000000000000000 RBX: ffff888136931c00 RCX: 0000000000000046
00018 RDX: 0000000000000000 RSI: ffff88804790a648 RDI: ffff88811797cb18
00018 RBP: ffff88804790a5b8 R08: ffffffff83a16803 R09: 1ffffffff0742d00
00018 R10: dffffc0000000000 R11: fffffbfff0742d01 R12: ffff88813353b800
00018 R13: dffffc0000000000 R14: 1ffff11026d26380 R15: 1ffff110266a770f
00018 FS:  0000000000000000(0000) GS:ffff8881d4baa000(0000) knlGS:0000000000000000
00018 CS:  0010 DS: 0000 ES: 0000 CR0: 0000000080050033
00018 CR2: 00007fc8cfe181e0 CR3: 0000000004274000 CR4: 0000000000750eb0
00018 PKRU: 55555554
00018 Call Trace:
00018  <TASK>
00018  ? local_object_create+0x109/0x640 [obdclass]
00018  ? dt_write_lock+0x16d/0x2a0 [obdclass]
00018  ? llog_osd_create+0x356/0x10d0 [obdclass]
00018  ? llog_create+0x2ed/0x530 [obdclass]
00018  ? llog_open_create+0x6e7/0xb30 [obdclass]
00018  ? osp_sync_init+0xfc0/0x2760 [osp]
00018  ? osp_device_alloc+0x1b91/0x2e10 [osp]
00018  ? obd_setup+0x25c/0x950 [obdclass]
00018  ? class_setup+0xc7d/0x10e0 [obdclass]
00018  ? class_process_config+0x2edb/0x7cb0 [obdclass]
00018  ? __kasan_kmalloc+0x72/0x80
00018  ? class_config_llog_handler+0x2954/0x4f80 [obdclass]
00018  ? class_config_llog_handler+0x2cea/0x4f80 [obdclass]
00018  ? lustre_cfg_rec_free+0x350/0x350 [obdclass]
00018  ? llog_process_thread+0x1fd2/0x4f70 [obdclass]
00018  ? _raw_spin_unlock+0x23/0x40
00018  ? llog_process_thread_daemonize+0x16d/0x1b0 [obdclass]
00018  ? kthread+0x2cd/0x3a0
00018  ? llog_process_or_fork+0xc90/0xc90 [obdclass]
00018  ? kthread_unuse_mm+0x130/0x130
00018  ? ret_from_fork+0x18c/0x520
00018  ? kthread_unuse_mm+0x130/0x130
00018  ? ret_from_fork_asm+0x11/0x20
00018  </TASK>
00018 ---[ end trace 0000000000000000 ]---
00018 ------------[ cut here ]------------
00018 WARNING: /home/ktest/git/linux/include/linux/fs.h:889 at osd_create+0x9cf/0xcf0 [osd_wbcfs], CPU#3: llog_process_th/1818
00018 Modules linked in: ofd(O) osp(O) mdd(O) lod(O) mdt(O) lquota(O) lfsck(O) mgs(O) osd_wbcfs(O) lustre(O) obdecho(O) mgc(O) mdc(O) lov(O) osc(O) lmv(O) ec(O) fid(O) fld(O) ptlrpc(O) efivarfs obdclass(O) ksocklnd(O) lnet(O) libcfs(O)
00018 CPU: 3 UID: 0 PID: 1818 Comm: llog_process_th Tainted: G        W  O        7.0.0-ktest-21af419-6330a45-20260729-dirty #1 PREEMPT 
00018 Tainted: [W]=WARN, [O]=OOT_MODULE
00018 Hardware name: QEMU Standard PC (Q35 + ICH9, 2009), BIOS 2025.11-3ubuntu7 03/31/2026
00018 RIP: 0010:osd_create+0x9cf/0xcf0 [osd_wbcfs]
00018 Code: c7 c7 00 96 7b a1 48 c7 c6 a0 12 7d a1 48 c7 c2 00 1c 7d a1 e8 52 f1 43 ff 48 c7 c7 00 96 7b a1 e8 46 81 44 ff e9 fe fc ff ff <0f> 0b e9 a5 fa ff ff 48 c7 c1 80 44 5d a0 80 e1 07 80 c1 03 38 c1
00018 RSP: 0018:ffffc90007d0f450 EFLAGS: 00010246
00018 RAX: 0000000000000000 RBX: ffff888136930c00 RCX: 0000000000000046
00018 RDX: 0000000000000000 RSI: ffff888047909f30 RDI: ffff88811797cb40
00018 RBP: ffff888047909ea0 R08: ffffffff83a16803 R09: 1ffffffff0742d00
00018 R10: dffffc0000000000 R11: fffffbfff0742d01 R12: ffff88813353b800
00018 R13: dffffc0000000000 R14: 1ffff11026d26180 R15: 1ffff110266a770f
00018 FS:  0000000000000000(0000) GS:ffff8881d4baa000(0000) knlGS:0000000000000000
00018 CS:  0010 DS: 0000 ES: 0000 CR0: 0000000080050033
00018 CR2: 00007fc8cfe181e0 CR3: 0000000004274000 CR4: 0000000000750eb0
00018 PKRU: 55555554
00018 Call Trace:
00018  <TASK>
00018  ? local_object_create+0x109/0x640 [obdclass]
00018  ? dt_write_lock+0x16d/0x2a0 [obdclass]
00018  ? llog_osd_create+0x356/0x10d0 [obdclass]
00018  ? llog_create+0x2ed/0x530 [obdclass]
00018  ? llog_cat_new_log+0x6d1/0x2970 [obdclass]
00018  ? llog_cat_add_rec+0x6ba/0x1960 [obdclass]
00018  ? llog_cat_add+0x499/0x7a0 [obdclass]
00018  ? osp_sync_init+0x1588/0x2760 [osp]
00018  ? osp_device_alloc+0x1b91/0x2e10 [osp]
00018  ? obd_setup+0x25c/0x950 [obdclass]
00018  ? class_setup+0xc7d/0x10e0 [obdclass]
00018  ? class_process_config+0x2edb/0x7cb0 [obdclass]
00018  ? __kasan_kmalloc+0x72/0x80
00018  ? class_config_llog_handler+0x2954/0x4f80 [obdclass]
00018  ? class_config_llog_handler+0x2cea/0x4f80 [obdclass]
00018  ? lustre_cfg_rec_free+0x350/0x350 [obdclass]
00018  ? llog_process_thread+0x1fd2/0x4f70 [obdclass]
00018  ? _raw_spin_unlock+0x23/0x40
00018  ? llog_process_thread_daemonize+0x16d/0x1b0 [obdclass]
00018  ? kthread+0x2cd/0x3a0
00018  ? llog_process_or_fork+0xc90/0xc90 [obdclass]
00018  ? kthread_unuse_mm+0x130/0x130
00018  ? ret_from_fork+0x18c/0x520
00018  ? kthread_unuse_mm+0x130/0x130
00018  ? ret_from_fork_asm+0x11/0x20
00018  </TASK>
00018 ---[ end trace 0000000000000000 ]---
00018 ------------[ cut here ]------------
00018 Lustre: ctl-lustre-MDT0000: super-sequence allocation rc = 0 [0x0000000280000400-0x00000002c0000400]:0:ost
00018 WARNING: /home/ktest/git/linux/include/linux/fs.h:889 at osd_create+0x9cf/0xcf0 [osd_wbcfs], CPU#3: llog_process_th/1818
00018 Lustre: Skipped 1 previous similar message
00018 Modules linked in: ofd(O) osp(O) mdd(O) lod(O) mdt(O) lquota(O) lfsck(O) mgs(O) osd_wbcfs(O) lustre(O) obdecho(O) mgc(O) mdc(O) lov(O) osc(O) lmv(O) ec(O) fid(O) fld(O) ptlrpc(O) efivarfs obdclass(O) ksocklnd(O) lnet(O) libcfs(O)
00018 Lustre: cli-lustre-OST0000-super: Allocated super-sequence [0x0000000280000400-0x00000002c0000400]:0:ost]
00018 CPU: 3 UID: 0 PID: 1818 Comm: llog_process_th Tainted: G        W  O        7.0.0-ktest-21af419-6330a45-20260729-dirty #1 PREEMPT 
00018 Tainted: [W]=WARN, [O]=OOT_MODULE
00018 Hardware name: QEMU Standard PC (Q35 + ICH9, 2009), BIOS 2025.11-3ubuntu7 03/31/2026
00018 RIP: 0010:osd_create+0x9cf/0xcf0 [osd_wbcfs]
00018 Code: c7 c7 00 96 7b a1 48 c7 c6 a0 12 7d a1 48 c7 c2 00 1c 7d a1 e8 52 f1 43 ff 48 c7 c7 00 96 7b a1 e8 46 81 44 ff e9 fe fc ff ff <0f> 0b e9 a5 fa ff ff 48 c7 c1 80 44 5d a0 80 e1 07 80 c1 03 38 c1
00018 ------------[ cut here ]------------
00018 RSP: 0018:ffffc90007d0f5a0 EFLAGS: 00010246
00018 WARNING: /home/ktest/git/linux/include/linux/fs.h:889 at osd_create+0x9cf/0xcf0 [osd_wbcfs], CPU#0: ll_ost00_002/1784
00018 RAX: 0000000000000000 RBX: ffff8881046dd400 RCX: 0000000000000046
00018 Modules linked in:
00018 RDX: 0000000000000000 RSI: ffff888047909818 RDI: ffff88811797cb18
00018 RBP: ffff888047909788 R08: ffffffff83a16803 R09: 1ffffffff0742d00
00018  ofd(O)
00018 R10: dffffc0000000000 R11: fffffbfff0742d01 R12: ffff8881000a7000
00018  osp(O)
00018 R13: dffffc0000000000 R14: 1ffff110208dba80 R15: 1ffff11020014e0f
00018  mdd(O)
00018 FS:  0000000000000000(0000) GS:ffff8881d4baa000(0000) knlGS:0000000000000000
00018  lod(O)
00018 CS:  0010 DS: 0000 ES: 0000 CR0: 0000000080050033
00018  mdt(O)
00018 CR2: 00007fc8cfe181e0 CR3: 0000000004274000 CR4: 0000000000750eb0
00018  lquota(O)
00018 PKRU: 55555554
00018  lfsck(O)
00018 Call Trace:
00018  mgs(O)
00018  <TASK>
00018  osd_wbcfs(O) lustre(O) obdecho(O) mgc(O) mdc(O) lov(O) osc(O) lmv(O) ec(O) fid(O) fld(O) ptlrpc(O) efivarfs obdclass(O) ksocklnd(O) lnet(O) libcfs(O)
00018  ? local_object_create+0x109/0x640 [obdclass]
00018 CPU: 0 UID: 0 PID: 1784 Comm: ll_ost00_002 Tainted: G        W  O        7.0.0-ktest-21af419-6330a45-20260729-dirty #1 PREEMPT 
00018  ? dt_write_lock+0x16d/0x2a0 [obdclass]
00018 Tainted: [W]=WARN, [O]=OOT_MODULE
00018  ? llog_osd_create+0x356/0x10d0 [obdclass]
00018 Hardware name: QEMU Standard PC (Q35 + ICH9, 2009), BIOS 2025.11-3ubuntu7 03/31/2026
00018 RIP: 0010:osd_create+0x9cf/0xcf0 [osd_wbcfs]
00018 Code: c7 c7 00 96 7b a1 48 c7 c6 a0 12 7d a1 48 c7 c2 00 1c 7d a1 e8 52 f1 43 ff 48 c7 c7 00 96 7b a1 e8 46 81 44 ff e9 fe fc ff ff <0f> 0b e9 a5 fa ff ff 48 c7 c1 80 44 5d a0 80 e1 07 80 c1 03 38 c1
00018 RSP: 0018:ffffc90001417950 EFLAGS: 00010246
00018 RAX: 0000000000000000 RBX: ffff888104794400 RCX: 0000000000000046
00018  ? llog_create+0x2ed/0x530 [obdclass]
00018 RDX: 0000000000000000 RSI: ffff88804772c2a8 RDI: ffff88813342aa58
00018  ? llog_open_create+0x6e7/0xb30 [obdclass]
00018 RBP: ffff88804772c218 R08: ffffffff83a16803 R09: 1ffffffff0742d00
00018  ? osp_sync_init+0xfc0/0x2760 [osp]
00018 R10: dffffc0000000000 R11: fffffbfff0742d01 R12: ffff888040800030
00018  ? osp_device_alloc+0x1b91/0x2e10 [osp]
00018 R13: dffffc0000000000 R14: 1ffff110208f2880 R15: 1ffff11008100042
00018  ? obd_setup+0x25c/0x950 [obdclass]
00018 FS:  0000000000000000(0000) GS:ffff8881d4a2a000(0000) knlGS:0000000000000000
00018  ? class_setup+0xc7d/0x10e0 [obdclass]
00018 CS:  0010 DS: 0000 ES: 0000 CR0: 0000000080050033
00018  ? class_process_config+0x2edb/0x7cb0 [obdclass]
00018 CR2: 00007fc8cfe056f0 CR3: 00000001057e1000 CR4: 0000000000750eb0
00018  ? __kasan_kmalloc+0x72/0x80
00018 PKRU: 55555554
00018  ? class_config_llog_handler+0x2954/0x4f80 [obdclass]
00018 Call Trace:
00018  ? class_config_llog_handler+0x2cea/0x4f80 [obdclass]
00018  <TASK>
00018  ? lustre_cfg_rec_free+0x350/0x350 [obdclass]
00018  ? dt_find_or_create+0x81a/0x1170 [obdclass]
00018  ? llog_process_thread+0x1fd2/0x4f70 [obdclass]
00018  ? ofd_seq_load+0x605/0x1ac0 [ofd]
00018  ? _raw_spin_unlock+0x23/0x40
00018  ? ofd_get_info_hdl+0xfdd/0x2330 [ofd]
00018  ? llog_process_thread_daemonize+0x16d/0x1b0 [obdclass]
00018  ? kthread+0x2cd/0x3a0
00018  ? tgt_request_handle+0x23ad/0x3d30 [ptlrpc]
00018  ? llog_process_or_fork+0xc90/0xc90 [obdclass]
00018  ? kthread_unuse_mm+0x130/0x130
00018  ? ret_from_fork+0x18c/0x520
00018  ? kthread_unuse_mm+0x130/0x130
00018  ? ptlrpc_main+0x6359/0x96f0 [ptlrpc]
00018  ? ret_from_fork_asm+0x11/0x20
00018  </TASK>
00018 ---[ end trace 0000000000000000 ]---
00018 ------------[ cut here ]------------
00018  ? __kthread_parkme+0x73/0x130
00018 WARNING: /home/ktest/git/linux/include/linux/fs.h:889 at osd_create+0x9cf/0xcf0 [osd_wbcfs], CPU#3: llog_process_th/1818
00018  ? kthread+0x2cd/0x3a0
00018 Modules linked in: ofd(O)
00018  ? ptlrpc_start_thread+0x1f10/0x1f10 [ptlrpc]
00018  osp(O) mdd(O)
00018  ? kthread_unuse_mm+0x130/0x130
00018  lod(O) mdt(O) lquota(O) lfsck(O)
00018  ? ret_from_fork+0x18c/0x520
00018  mgs(O)
00018  osd_wbcfs(O)
00018  ? kthread_unuse_mm+0x130/0x130
00018  lustre(O)
00018  ? ret_from_fork_asm+0x11/0x20
00018  obdecho(O)
00018  </TASK>
00018  mgc(O)
00018 ---[ end trace 0000000000000000 ]---
00018  mdc(O) lov(O) osc(O) lmv(O) ec(O) fid(O) fld(O) ptlrpc(O) efivarfs obdclass(O) ksocklnd(O) lnet(O) libcfs(O)
00018 CPU: 3 UID: 0 PID: 1818 Comm: llog_process_th Tainted: G        W  O        7.0.0-ktest-21af419-6330a45-20260729-dirty #1 PREEMPT 
00018 Tainted: [W]=WARN, [O]=OOT_MODULE
00018 Hardware name: QEMU Standard PC (Q35 + ICH9, 2009), BIOS 2025.11-3ubuntu7 03/31/2026
00018 RIP: 0010:osd_create+0x9cf/0xcf0 [osd_wbcfs]
00018 Code: c7 c7 00 96 7b a1 48 c7 c6 a0 12 7d a1 48 c7 c2 00 1c 7d a1 e8 52 f1 43 ff 48 c7 c7 00 96 7b a1 e8 46 81 44 ff e9 fe fc ff ff <0f> 0b e9 a5 fa ff ff 48 c7 c1 80 44 5d a0 80 e1 07 80 c1 03 38 c1
00018 RSP: 0018:ffffc90007d0f450 EFLAGS: 00010246
00018 RAX: 0000000000000000 RBX: ffff8881046d8c00 RCX: 0000000000000046
00018 RDX: 0000000000000000 RSI: ffff888047909100 RDI: ffff88811797cb40
00018 RBP: ffff888047909070 R08: ffffffff83a16803 R09: 1ffffffff0742d00
00018 ------------[ cut here ]------------
00018 R10: dffffc0000000000 R11: fffffbfff0742d01 R12: ffff8881000a7000
00018 WARNING: /home/ktest/git/linux/include/linux/fs.h:889 at osd_create+0x9cf/0xcf0 [osd_wbcfs], CPU#0: ll_ost00_002/1784
00018 R13: dffffc0000000000 R14: 1ffff110208db180 R15: 1ffff11020014e0f
00018 Modules linked in:
00018 FS:  0000000000000000(0000) GS:ffff8881d4baa000(0000) knlGS:0000000000000000
00018  ofd(O)
00018  osp(O)
00018 CS:  0010 DS: 0000 ES: 0000 CR0: 0000000080050033
00018  mdd(O)
00018 CR2: 00007fc8cfe181e0 CR3: 0000000004274000 CR4: 0000000000750eb0
00018  lod(O)
00018 PKRU: 55555554
00018  mdt(O)
00018 Call Trace:
00018  lquota(O)
00018  <TASK>
00018  lfsck(O) mgs(O) osd_wbcfs(O) lustre(O) obdecho(O) mgc(O) mdc(O) lov(O) osc(O) lmv(O) ec(O) fid(O) fld(O) ptlrpc(O) efivarfs obdclass(O)
00018  ? local_object_create+0x109/0x640 [obdclass]
00018  ksocklnd(O) lnet(O) libcfs(O)
00018  ? dt_write_lock+0x16d/0x2a0 [obdclass]
00018 CPU: 0 UID: 0 PID: 1784 Comm: ll_ost00_002 Tainted: G        W  O        7.0.0-ktest-21af419-6330a45-20260729-dirty #1 PREEMPT 
00018 Tainted: [W]=WARN, [O]=OOT_MODULE
00018 Hardware name: QEMU Standard PC (Q35 + ICH9, 2009), BIOS 2025.11-3ubuntu7 03/31/2026
00018 RIP: 0010:osd_create+0x9cf/0xcf0 [osd_wbcfs]
00018 Code: c7 c7 00 96 7b a1 48 c7 c6 a0 12 7d a1 48 c7 c2 00 1c 7d a1 e8 52 f1 43 ff 48 c7 c7 00 96 7b a1 e8 46 81 44 ff e9 fe fc ff ff <0f> 0b e9 a5 fa ff ff 48 c7 c1 80 44 5d a0 80 e1 07 80 c1 03 38 c1
00018 RSP: 0018:ffffc90001417878 EFLAGS: 00010246
00018 RAX: 0000000000000000 RBX: ffff88811bba0c00 RCX: 0000000000000046
00018 RDX: 0000000000000000 RSI: ffff88804772bb90 RDI: ffff88813342aaa8
00018 RBP: ffff88804772bb00 R08: ffffffff83a16803 R09: 1ffffffff0742d00
00018 R10: dffffc0000000000 R11: fffffbfff0742d01 R12: ffff888040800030
00018 R13: dffffc0000000000 R14: 1ffff11023774180 R15: 1ffff11008100042
00018 FS:  0000000000000000(0000) GS:ffff8881d4a2a000(0000) knlGS:0000000000000000
00018 CS:  0010 DS: 0000 ES: 0000 CR0: 0000000080050033
00018 CR2: 00007fc8cfe056f0 CR3: 00000001057e1000 CR4: 0000000000750eb0
00018  ? llog_osd_create+0x356/0x10d0 [obdclass]
00018 PKRU: 55555554
00018  ? llog_create+0x2ed/0x530 [obdclass]
00018 Call Trace:
00018  ? llog_cat_new_log+0x6d1/0x2970 [obdclass]
00018  <TASK>
00018  ? llog_cat_add_rec+0x6ba/0x1960 [obdclass]
00018  ? ofd_precreate_objects+0x1bd8/0x3220 [ofd]
00018  ? llog_cat_add+0x499/0x7a0 [obdclass]
00018  ? ofd_create_hdl+0x2015/0x3510 [ofd]
00018  ? osp_sync_init+0x1588/0x2760 [osp]
00018  ? tgt_request_handle+0x23ad/0x3d30 [ptlrpc]
00018  ? osp_device_alloc+0x1b91/0x2e10 [osp]
00018  ? ptlrpc_main+0x6359/0x96f0 [ptlrpc]
00018  ? obd_setup+0x25c/0x950 [obdclass]
00018  ? __kthread_parkme+0x73/0x130
00018  ? class_setup+0xc7d/0x10e0 [obdclass]
00018  ? kthread+0x2cd/0x3a0
00018  ? class_process_config+0x2edb/0x7cb0 [obdclass]
00018  ? ptlrpc_start_thread+0x1f10/0x1f10 [ptlrpc]
00018  ? __kasan_kmalloc+0x72/0x80
00018  ? kthread_unuse_mm+0x130/0x130
00018  ? class_config_llog_handler+0x2954/0x4f80 [obdclass]
00018  ? ret_from_fork+0x18c/0x520
00018  ? kthread_unuse_mm+0x130/0x130
00018  ? ret_from_fork_asm+0x11/0x20
00018  </TASK>
00018 ---[ end trace 0000000000000000 ]---
00018 ------------[ cut here ]------------
00018  ? class_config_llog_handler+0x2cea/0x4f80 [obdclass]
00018 WARNING: /home/ktest/git/linux/include/linux/fs.h:889 at osd_create+0x9cf/0xcf0 [osd_wbcfs], CPU#0: ll_ost00_002/1784
00018  ? lustre_cfg_rec_free+0x350/0x350 [obdclass]
00018 Modules linked in: ofd(O)
00018  ? llog_process_thread+0x1fd2/0x4f70 [obdclass]
00018  osp(O)
00018  ? _raw_spin_unlock+0x23/0x40
00018  mdd(O)
00018  ? llog_process_thread_daemonize+0x16d/0x1b0 [obdclass]
00018  lod(O) mdt(O)
00018  ? kthread+0x2cd/0x3a0
00018  lquota(O) lfsck(O) mgs(O)
00018  ? llog_process_or_fork+0xc90/0xc90 [obdclass]
00018  osd_wbcfs(O) lustre(O)
00018  ? kthread_unuse_mm+0x130/0x130
00018  obdecho(O) mgc(O)
00018  ? ret_from_fork+0x18c/0x520
00018  mdc(O) lov(O)
00018  ? kthread_unuse_mm+0x130/0x130
00018  osc(O) lmv(O)
00018  ? ret_from_fork_asm+0x11/0x20
00018  ec(O) fid(O)
00018  </TASK>
00018  fld(O)
00018 ---[ end trace 0000000000000000 ]---
00018  ptlrpc(O) efivarfs obdclass(O) ksocklnd(O) lnet(O) libcfs(O)
00018 CPU: 0 UID: 0 PID: 1784 Comm: ll_ost00_002 Tainted: G        W  O        7.0.0-ktest-21af419-6330a45-20260729-dirty #1 PREEMPT 
00018 Tainted: [W]=WARN, [O]=OOT_MODULE
00018 Hardware name: QEMU Standard PC (Q35 + ICH9, 2009), BIOS 2025.11-3ubuntu7 03/31/2026
00018 RIP: 0010:osd_create+0x9cf/0xcf0 [osd_wbcfs]
00018 Code: c7 c7 00 96 7b a1 48 c7 c6 a0 12 7d a1 48 c7 c2 00 1c 7d a1 e8 52 f1 43 ff 48 c7 c7 00 96 7b a1 e8 46 81 44 ff e9 fe fc ff ff <0f> 0b e9 a5 fa ff ff 48 c7 c1 80 44 5d a0 80 e1 07 80 c1 03 38 c1
00018 RSP: 0018:ffffc90001417878 EFLAGS: 00010246
00018 RAX: 0000000000000000 RBX: ffff88811bba3000 RCX: 0000000000000046
00018 RDX: 0000000000000000 RSI: ffff88804772b478 RDI: ffff88813342aaa8
00018 RBP: ffff88804772b3e8 R08: ffffffff83a16803 R09: 1ffffffff0742d00
00018 R10: dffffc0000000000 R11: fffffbfff0742d01 R12: ffff888040800030
00018 R13: dffffc0000000000 R14: 1ffff11023774600 R15: 1ffff11008100042
00018 FS:  0000000000000000(0000) GS:ffff8881d4a2a000(0000) knlGS:0000000000000000
00018 CS:  0010 DS: 0000 ES: 0000 CR0: 0000000080050033
00018 CR2: 00007fc8cfe056f0 CR3: 00000001057e1000 CR4: 0000000000750eb0
00018 PKRU: 55555554
00018 Call Trace:
00018  <TASK>
00018  ? ofd_precreate_objects+0x1bd8/0x3220 [ofd]
00018  ? ofd_create_hdl+0x2015/0x3510 [ofd]
00018  ? tgt_request_handle+0x23ad/0x3d30 [ptlrpc]
00018  ? ptlrpc_main+0x6359/0x96f0 [ptlrpc]
00018  ? __kthread_parkme+0x73/0x130
00018  ? kthread+0x2cd/0x3a0
00018  ? ptlrpc_start_thread+0x1f10/0x1f10 [ptlrpc]
00018  ? kthread_unuse_mm+0x130/0x130
00018  ? ret_from_fork+0x18c/0x520
00018  ? kthread_unuse_mm+0x130/0x130
00018  ? ret_from_fork_asm+0x11/0x20
00018  </TASK>
00018 ---[ end trace 0000000000000000 ]---
00018 ------------[ cut here ]------------
00018 WARNING: /home/ktest/git/linux/include/linux/fs.h:889 at osd_create+0x9cf/0xcf0 [osd_wbcfs], CPU#0: ll_ost00_002/1784
00018 Modules linked in: ofd(O) osp(O) mdd(O) lod(O) mdt(O) lquota(O) lfsck(O) mgs(O) osd_wbcfs(O) lustre(O) obdecho(O) mgc(O) mdc(O) lov(O) osc(O) lmv(O) ec(O) fid(O) fld(O) ptlrpc(O) efivarfs obdclass(O) ksocklnd(O) lnet(O) libcfs(O)
00018 ------------[ cut here ]------------
00018 CPU: 0 UID: 0 PID: 1784 Comm: ll_ost00_002 Tainted: G        W  O        7.0.0-ktest-21af419-6330a45-20260729-dirty #1 PREEMPT 
00018 WARNING: /home/ktest/git/linux/include/linux/fs.h:889 at osd_create+0x9cf/0xcf0 [osd_wbcfs], CPU#3: ll_ost00_000/1782
00018 Tainted: [W]=WARN, [O]=OOT_MODULE
00018 Modules linked in:
00018 Hardware name: QEMU Standard PC (Q35 + ICH9, 2009), BIOS 2025.11-3ubuntu7 03/31/2026
00018  ofd(O)
00018 RIP: 0010:osd_create+0x9cf/0xcf0 [osd_wbcfs]
00018  osp(O)
00018 Code: c7 c7 00 96 7b a1 48 c7 c6 a0 12 7d a1 48 c7 c2 00 1c 7d a1 e8 52 f1 43 ff 48 c7 c7 00 96 7b a1 e8 46 81 44 ff e9 fe fc ff ff <0f> 0b e9 a5 fa ff ff 48 c7 c1 80 44 5d a0 80 e1 07 80 c1 03 38 c1
00018  mdd(O)
00018 RSP: 0018:ffffc90001417878 EFLAGS: 00010246
00018  lod(O)
00018 
00018  mdt(O) lquota(O)
00018 RAX: 0000000000000000 RBX: ffff88811bba0000 RCX: 0000000000000046
00018  lfsck(O)
00018 RDX: 0000000000000000 RSI: ffff88804772ad60 RDI: ffff88813342aaa8
00018  mgs(O)
00018 RBP: ffff88804772acd0 R08: ffffffff83a16803 R09: 1ffffffff0742d00
00018  osd_wbcfs(O)
00018 R10: dffffc0000000000 R11: fffffbfff0742d01 R12: ffff888040800030
00018  lustre(O)
00018 R13: dffffc0000000000 R14: 1ffff11023774000 R15: 1ffff11008100042
00018  obdecho(O)
00018 FS:  0000000000000000(0000) GS:ffff8881d4a2a000(0000) knlGS:0000000000000000
00018  mgc(O) mdc(O) lov(O) osc(O) lmv(O)
00018 CS:  0010 DS: 0000 ES: 0000 CR0: 0000000080050033
00018  ec(O)
00018 CR2: 00007fc8cfe056f0 CR3: 00000001057e1000 CR4: 0000000000750eb0
00018  fid(O) fld(O)
00018 PKRU: 55555554
00018  ptlrpc(O) efivarfs
00018 Call Trace:
00018  obdclass(O)
00018  <TASK>
00018  ksocklnd(O) lnet(O)
00018  ? ofd_precreate_objects+0x1bd8/0x3220 [ofd]
00018  libcfs(O)
00018  ? ofd_create_hdl+0x2015/0x3510 [ofd]
00018 CPU: 3 UID: 0 PID: 1782 Comm: ll_ost00_000 Tainted: G        W  O        7.0.0-ktest-21af419-6330a45-20260729-dirty #1 PREEMPT 
00018 Tainted: [W]=WARN, [O]=OOT_MODULE
00018 Hardware name: QEMU Standard PC (Q35 + ICH9, 2009), BIOS 2025.11-3ubuntu7 03/31/2026
00018 RIP: 0010:osd_create+0x9cf/0xcf0 [osd_wbcfs]
00018  ? tgt_request_handle+0x23ad/0x3d30 [ptlrpc]
00018 Code: c7 c7 00 96 7b a1 48 c7 c6 a0 12 7d a1 48 c7 c2 00 1c 7d a1 e8 52 f1 43 ff 48 c7 c7 00 96 7b a1 e8 46 81 44 ff e9 fe fc ff ff <0f> 0b e9 a5 fa ff ff 48 c7 c1 80 44 5d a0 80 e1 07 80 c1 03 38 c1
00018  ? ptlrpc_main+0x6359/0x96f0 [ptlrpc]
00018 RSP: 0018:ffffc90002277950 EFLAGS: 00010246
00018  ? __kthread_parkme+0x73/0x130
00018 RAX: 0000000000000000 RBX: ffff888137be6c00 RCX: 0000000000000046
00018  ? kthread+0x2cd/0x3a0
00018 RDX: 0000000000000000 RSI: ffff8880479089e8 RDI: ffff88813342cb18
00018  ? ptlrpc_start_thread+0x1f10/0x1f10 [ptlrpc]
00018 RBP: ffff888047908958 R08: ffffffff83a16803 R09: 1ffffffff0742d00
00018 R10: dffffc0000000000 R11: fffffbfff0742d01 R12: ffff8880407ce030
00018 R13: dffffc0000000000 R14: 1ffff11026f7cd80 R15: 1ffff110080f9c42
00018 FS:  0000000000000000(0000) GS:ffff8881d4baa000(0000) knlGS:0000000000000000
00018 CS:  0010 DS: 0000 ES: 0000 CR0: 0000000080050033
00018 CR2: 00007fc8cfe181e0 CR3: 0000000004274000 CR4: 0000000000750eb0
00018 PKRU: 55555554
00018 Call Trace:
00018  <TASK>
00018  ? dt_find_or_create+0x81a/0x1170 [obdclass]
00018  ? kthread_unuse_mm+0x130/0x130
00018  ? ofd_seq_load+0x605/0x1ac0 [ofd]
00018  ? ret_from_fork+0x18c/0x520
00018  ? ofd_get_info_hdl+0xfdd/0x2330 [ofd]
00018  ? kthread_unuse_mm+0x130/0x130
00018  ? tgt_request_handle+0x23ad/0x3d30 [ptlrpc]
00018  ? ret_from_fork_asm+0x11/0x20
00018  ? ptlrpc_main+0x6359/0x96f0 [ptlrpc]
00018  </TASK>
00018  ? __kthread_parkme+0x73/0x130
00018 ---[ end trace 0000000000000000 ]---
00018  ? kthread+0x2cd/0x3a0
00018 ------------[ cut here ]------------
00018  ? ptlrpc_start_thread+0x1f10/0x1f10 [ptlrpc]
00018 WARNING: /home/ktest/git/linux/include/linux/fs.h:889 at osd_create+0x9cf/0xcf0 [osd_wbcfs], CPU#0: ll_ost00_002/1784
00018 Modules linked in: ofd(O) osp(O) mdd(O) lod(O) mdt(O) lquota(O) lfsck(O) mgs(O) osd_wbcfs(O) lustre(O) obdecho(O) mgc(O) mdc(O) lov(O) osc(O) lmv(O) ec(O) fid(O) fld(O) ptlrpc(O) efivarfs obdclass(O) ksocklnd(O) lnet(O) libcfs(O)
00018 CPU: 0 UID: 0 PID: 1784 Comm: ll_ost00_002 Tainted: G        W  O        7.0.0-ktest-21af419-6330a45-20260729-dirty #1 PREEMPT 
00018 Tainted: [W]=WARN, [O]=OOT_MODULE
00018 Hardware name: QEMU Standard PC (Q35 + ICH9, 2009), BIOS 2025.11-3ubuntu7 03/31/2026
00018 RIP: 0010:osd_create+0x9cf/0xcf0 [osd_wbcfs]
00018 Code: c7 c7 00 96 7b a1 48 c7 c6 a0 12 7d a1 48 c7 c2 00 1c 7d a1 e8 52 f1 43 ff 48 c7 c7 00 96 7b a1 e8 46 81 44 ff e9 fe fc ff ff <0f> 0b e9 a5 fa ff ff 48 c7 c1 80 44 5d a0 80 e1 07 80 c1 03 38 c1
00018 RSP: 0018:ffffc90001417878 EFLAGS: 00010246
00018 RAX: 0000000000000000 RBX: ffff888134278000 RCX: 0000000000000046
00018 RDX: 0000000000000000 RSI: ffff8881383ba648 RDI: ffff88813342aaa8
00018 RBP: ffff8881383ba5b8 R08: ffffffff83a16803 R09: 1ffffffff0742d00
00018 R10: dffffc0000000000 R11: fffffbfff0742d01 R12: ffff888040800030
00018 R13: dffffc0000000000 R14: 1ffff1102684f000 R15: 1ffff11008100042
00018 FS:  0000000000000000(0000) GS:ffff8881d4a2a000(0000) knlGS:0000000000000000
00018 CS:  0010 DS: 0000 ES: 0000 CR0: 0000000080050033
00018 CR2: 00007fc8cfe056f0 CR3: 00000001057e1000 CR4: 0000000000750eb0
00018 PKRU: 55555554
00018 Call Trace:
00018  <TASK>
00018  ? ofd_precreate_objects+0x1bd8/0x3220 [ofd]
00018  ? kthread_unuse_mm+0x130/0x130
00018  ? ofd_create_hdl+0x2015/0x3510 [ofd]
00018  ? ret_from_fork+0x18c/0x520
00018  ? tgt_request_handle+0x23ad/0x3d30 [ptlrpc]
00018  ? kthread_unuse_mm+0x130/0x130
00018  ? ptlrpc_main+0x6359/0x96f0 [ptlrpc]
00018  ? ret_from_fork_asm+0x11/0x20
00018  </TASK>
00018  ? __kthread_parkme+0x73/0x130
00018 ---[ end trace 0000000000000000 ]---
00018  ? kthread+0x2cd/0x3a0
00018 ------------[ cut here ]------------
00018  ? ptlrpc_start_thread+0x1f10/0x1f10 [ptlrpc]
00018 WARNING: /home/ktest/git/linux/include/linux/fs.h:889 at osd_create+0x9cf/0xcf0 [osd_wbcfs], CPU#3: ll_ost00_000/1782
00018 Modules linked in: ofd(O) osp(O) mdd(O) lod(O) mdt(O) lquota(O) lfsck(O) mgs(O) osd_wbcfs(O) lustre(O) obdecho(O) mgc(O) mdc(O) lov(O) osc(O) lmv(O) ec(O) fid(O) fld(O) ptlrpc(O) efivarfs obdclass(O) ksocklnd(O) lnet(O) libcfs(O)
00018 CPU: 3 UID: 0 PID: 1782 Comm: ll_ost00_000 Tainted: G        W  O        7.0.0-ktest-21af419-6330a45-20260729-dirty #1 PREEMPT 
00018 Tainted: [W]=WARN, [O]=OOT_MODULE
00018 Hardware name: QEMU Standard PC (Q35 + ICH9, 2009), BIOS 2025.11-3ubuntu7 03/31/2026
00018 RIP: 0010:osd_create+0x9cf/0xcf0 [osd_wbcfs]
00018  ? kthread_unuse_mm+0x130/0x130
00018 Code: c7 c7 00 96 7b a1 48 c7 c6 a0 12 7d a1 48 c7 c2 00 1c 7d a1 e8 52 f1 43 ff 48 c7 c7 00 96 7b a1 e8 46 81 44 ff e9 fe fc ff ff <0f> 0b e9 a5 fa ff ff 48 c7 c1 80 44 5d a0 80 e1 07 80 c1 03 38 c1
00018  ? ret_from_fork+0x18c/0x520
00018 RSP: 0018:ffffc90002277878 EFLAGS: 00010246
00018  ? kthread_unuse_mm+0x130/0x130
00018 
00018  ? ret_from_fork_asm+0x11/0x20
00018 RAX: 0000000000000000 RBX: ffff888134523c00 RCX: 0000000000000046
00018  </TASK>
00018 RDX: 0000000000000000 RSI: ffff8880479082d0 RDI: ffff88813342cb68
00018 ---[ end trace 0000000000000000 ]---
00018 RBP: ffff888047908240 R08: ffffffff83a16803 R09: 1ffffffff0742d00
00018 ------------[ cut here ]------------
00018 R10: dffffc0000000000 R11: fffffbfff0742d01 R12: ffff8880407ce030
00018 WARNING: /home/ktest/git/linux/include/linux/fs.h:889 at osd_create+0x9cf/0xcf0 [osd_wbcfs], CPU#0: ll_ost00_002/1784
00018 R13: dffffc0000000000 R14: 1ffff110268a4780 R15: 1ffff110080f9c42
00018 Modules linked in:
00018 FS:  0000000000000000(0000) GS:ffff8881d4baa000(0000) knlGS:0000000000000000
00018  ofd(O)
00018 CS:  0010 DS: 0000 ES: 0000 CR0: 0000000080050033
00018  osp(O)
00018 CR2: 00007fc8cfe181e0 CR3: 0000000004274000 CR4: 0000000000750eb0
00018  mdd(O)
00018 PKRU: 55555554
00018  lod(O)
00018 Call Trace:
00018  mdt(O)
00018  <TASK>
00018  lquota(O)
00018  ? ofd_precreate_objects+0x1bd8/0x3220 [ofd]
00018  lfsck(O)
00018  ? ofd_create_hdl+0x2015/0x3510 [ofd]
00018  mgs(O)
00018  ? tgt_request_handle+0x23ad/0x3d30 [ptlrpc]
00018  osd_wbcfs(O) lustre(O) obdecho(O) mgc(O) mdc(O) lov(O) osc(O) lmv(O) ec(O) fid(O) fld(O) ptlrpc(O) efivarfs obdclass(O) ksocklnd(O) lnet(O) libcfs(O)
00018 CPU: 0 UID: 0 PID: 1784 Comm: ll_ost00_002 Tainted: G        W  O        7.0.0-ktest-21af419-6330a45-20260729-dirty #1 PREEMPT 
00018 Tainted: [W]=WARN, [O]=OOT_MODULE
00018 Hardware name: QEMU Standard PC (Q35 + ICH9, 2009), BIOS 2025.11-3ubuntu7 03/31/2026
00018 RIP: 0010:osd_create+0x9cf/0xcf0 [osd_wbcfs]
00018 Code: c7 c7 00 96 7b a1 48 c7 c6 a0 12 7d a1 48 c7 c2 00 1c 7d a1 e8 52 f1 43 ff 48 c7 c7 00 96 7b a1 e8 46 81 44 ff e9 fe fc ff ff <0f> 0b e9 a5 fa ff ff 48 c7 c1 80 44 5d a0 80 e1 07 80 c1 03 38 c1
00018 RSP: 0018:ffffc90001417878 EFLAGS: 00010246
00018 RAX: 0000000000000000 RBX: ffff88813427bc00 RCX: 0000000000000046
00018 RDX: 0000000000000000 RSI: ffff8881383b9f30 RDI: ffff88813342aaa8
00018 RBP: ffff8881383b9ea0 R08: ffffffff83a16803 R09: 1ffffffff0742d00
00018 R10: dffffc0000000000 R11: fffffbfff0742d01 R12: ffff888040800030
00018 R13: dffffc0000000000 R14: 1ffff1102684f780 R15: 1ffff11008100042
00018 FS:  0000000000000000(0000) GS:ffff8881d4a2a000(0000) knlGS:0000000000000000
00018 CS:  0010 DS: 0000 ES: 0000 CR0: 0000000080050033
00018 CR2: 00007fc8cfe056f0 CR3: 00000001057e1000 CR4: 0000000000750eb0
00018 PKRU: 55555554
00018 Call Trace:
00018  <TASK>
00018  ? ofd_precreate_objects+0x1bd8/0x3220 [ofd]
00018  ? ptlrpc_main+0x6359/0x96f0 [ptlrpc]
00018  ? ofd_create_hdl+0x2015/0x3510 [ofd]
00018  ? __kthread_parkme+0x73/0x130
00018  ? tgt_request_handle+0x23ad/0x3d30 [ptlrpc]
00018  ? kthread+0x2cd/0x3a0
00018  ? ptlrpc_main+0x6359/0x96f0 [ptlrpc]
00018  ? ptlrpc_start_thread+0x1f10/0x1f10 [ptlrpc]
00018  ? __kthread_parkme+0x73/0x130
00018  ? kthread_unuse_mm+0x130/0x130
00018  ? kthread+0x2cd/0x3a0
00018  ? ret_from_fork+0x18c/0x520
00018  ? ptlrpc_start_thread+0x1f10/0x1f10 [ptlrpc]
00018  ? kthread_unuse_mm+0x130/0x130
00018  ? kthread_unuse_mm+0x130/0x130
00018  ? ret_from_fork_asm+0x11/0x20
00018  ? ret_from_fork+0x18c/0x520
00018  </TASK>
00018  ? kthread_unuse_mm+0x130/0x130
00018 ---[ end trace 0000000000000000 ]---
00018  ? ret_from_fork_asm+0x11/0x20
00018 ------------[ cut here ]------------
00018  </TASK>
00018 WARNING: /home/ktest/git/linux/include/linux/fs.h:889 at osd_create+0x9cf/0xcf0 [osd_wbcfs], CPU#3: ll_ost00_000/1782
00018 ---[ end trace 0000000000000000 ]---
00018 Modules linked in:
00018 ------------[ cut here ]------------
00018  ofd(O)
00018 WARNING: /home/ktest/git/linux/include/linux/fs.h:889 at osd_create+0x9cf/0xcf0 [osd_wbcfs], CPU#0: ll_ost00_002/1784
00018  osp(O)
00018 Modules linked in:
00018  mdd(O)
00018  ofd(O)
00018  lod(O)
00018  osp(O)
00018  mdt(O)
00018  mdd(O)
00018  lquota(O)
00018  lod(O)
00018  lfsck(O)
00018  mdt(O)
00018  mgs(O)
00018  lquota(O)
00018  osd_wbcfs(O)
00018  lfsck(O)
00018  lustre(O)
00018  mgs(O)
00018  obdecho(O)
00018  osd_wbcfs(O)
00018  mgc(O)
00018  lustre(O)
00018  mdc(O)
00018  obdecho(O)
00018  lov(O)
00018  mgc(O)
00018  osc(O)
00018  mdc(O)
00018  lmv(O)
00018  lov(O)
00018  ec(O)
00018  osc(O)
00018  fid(O)
00018  lmv(O)
00018  fld(O)
00018  ec(O)
00018  ptlrpc(O)
00018  fid(O)
00018  efivarfs
00018  fld(O)
00018  obdclass(O)
00018  ptlrpc(O)
00018  ksocklnd(O)
00018  efivarfs
00018  lnet(O)
00018  obdclass(O)
00018  libcfs(O)
00018  ksocklnd(O)
00018 
00018  lnet(O)
00018 CPU: 3 UID: 0 PID: 1782 Comm: ll_ost00_000 Tainted: G        W  O        7.0.0-ktest-21af419-6330a45-20260729-dirty #1 PREEMPT 
00018  libcfs(O)
00018 Tainted: [W]=WARN, [O]=OOT_MODULE
00018 
00018 Hardware name: QEMU Standard PC (Q35 + ICH9, 2009), BIOS 2025.11-3ubuntu7 03/31/2026
00018 CPU: 0 UID: 0 PID: 1784 Comm: ll_ost00_002 Tainted: G        W  O        7.0.0-ktest-21af419-6330a45-20260729-dirty #1 PREEMPT 
00018 RIP: 0010:osd_create+0x9cf/0xcf0 [osd_wbcfs]
00018 Tainted: [W]=WARN, [O]=OOT_MODULE
00018 Code: c7 c7 00 96 7b a1 48 c7 c6 a0 12 7d a1 48 c7 c2 00 1c 7d a1 e8 52 f1 43 ff 48 c7 c7 00 96 7b a1 e8 46 81 44 ff e9 fe fc ff ff <0f> 0b e9 a5 fa ff ff 48 c7 c1 80 44 5d a0 80 e1 07 80 c1 03 38 c1
00018 Hardware name: QEMU Standard PC (Q35 + ICH9, 2009), BIOS 2025.11-3ubuntu7 03/31/2026
00018 RSP: 0018:ffffc90002277878 EFLAGS: 00010246
00018 RIP: 0010:osd_create+0x9cf/0xcf0 [osd_wbcfs]
00018 
00018 Code: c7 c7 00 96 7b a1 48 c7 c6 a0 12 7d a1 48 c7 c2 00 1c 7d a1 e8 52 f1 43 ff 48 c7 c7 00 96 7b a1 e8 46 81 44 ff e9 fe fc ff ff <0f> 0b e9 a5 fa ff ff 48 c7 c1 80 44 5d a0 80 e1 07 80 c1 03 38 c1
00018 RAX: 0000000000000000 RBX: ffff888134523800 RCX: 0000000000000046
00018 RSP: 0018:ffffc90001417878 EFLAGS: 00010246
00018 RDX: 0000000000000000 RSI: ffff8881383bfb68 RDI: ffff88813342cb68
00018 
00018 RBP: ffff8881383bfad8 R08: ffffffff83a16803 R09: 1ffffffff0742d00
00018 RAX: 0000000000000000 RBX: ffff88813431d000 RCX: 0000000000000046
00018 R10: dffffc0000000000 R11: fffffbfff0742d01 R12: ffff8880407ce030
00018 RDX: 0000000000000000 RSI: ffff8881383b9818 RDI: ffff88813342aaa8
00018 R13: dffffc0000000000 R14: 1ffff110268a4700 R15: 1ffff110080f9c42
00018 RBP: ffff8881383b9788 R08: ffffffff83a16803 R09: 1ffffffff0742d00
00018 FS:  0000000000000000(0000) GS:ffff8881d4baa000(0000) knlGS:0000000000000000
00018 R10: dffffc0000000000 R11: fffffbfff0742d01 R12: ffff888040800030
00018 CS:  0010 DS: 0000 ES: 0000 CR0: 0000000080050033
00018 R13: dffffc0000000000 R14: 1ffff11026863a00 R15: 1ffff11008100042
00018 CR2: 00007fc8cfe181e0 CR3: 0000000004274000 CR4: 0000000000750eb0
00018 FS:  0000000000000000(0000) GS:ffff8881d4a2a000(0000) knlGS:0000000000000000
00018 PKRU: 55555554
00018 CS:  0010 DS: 0000 ES: 0000 CR0: 0000000080050033
00018 Call Trace:
00018 CR2: 00007fc8cfe056f0 CR3: 00000001057e1000 CR4: 0000000000750eb0
00018  <TASK>
00018 ------------[ cut here ]------------
00018 WARNING: /home/ktest/git/linux/include/linux/fs.h:889 at osd_create+0x9cf/0xcf0 [osd_wbcfs], CPU#1: mdt_out00_001/1737
00018 PKRU: 55555554
00018 Call Trace:
00018  <TASK>
00018  ? ofd_precreate_objects+0x1bd8/0x3220 [ofd]
00018  ? ofd_create_hdl+0x2015/0x3510 [ofd]
00018  ? ofd_precreate_objects+0x1bd8/0x3220 [ofd]
00018  ? tgt_request_handle+0x23ad/0x3d30 [ptlrpc]
00018 Modules linked in:
00018  ? ofd_create_hdl+0x2015/0x3510 [ofd]
00018 ------------[ cut here ]------------
00018 WARNING: /home/ktest/git/linux/include/linux/fs.h:889 at osd_create+0x9cf/0xcf0 [osd_wbcfs], CPU#2: llog_process_th/1826
00018  ? ptlrpc_main+0x6359/0x96f0 [ptlrpc]
00018 Modules linked in: ofd(O) osp(O) mdd(O) lod(O) mdt(O) lquota(O) lfsck(O) mgs(O) osd_wbcfs(O) lustre(O) obdecho(O)
00018  ofd(O)
00018  mgc(O) mdc(O) lov(O) osc(O) lmv(O) ec(O) fid(O) fld(O) ptlrpc(O) efivarfs obdclass(O) ksocklnd(O)
00018  ? __kthread_parkme+0x73/0x130
00018  ? kthread+0x2cd/0x3a0
00018  osp(O) mdd(O) lod(O) mdt(O) lquota(O) lfsck(O) mgs(O) osd_wbcfs(O) lustre(O)
00018  ? tgt_request_handle+0x23ad/0x3d30 [ptlrpc]
00018  obdecho(O)
00018  lnet(O)
00018  ? ptlrpc_start_thread+0x1f10/0x1f10 [ptlrpc]
00018  ? kthread_unuse_mm+0x130/0x130
00018  ? ret_from_fork+0x18c/0x520
00018  mgc(O)
00018  ? kthread_unuse_mm+0x130/0x130
00018  mdc(O)
00018  lov(O)
00018  ? ret_from_fork_asm+0x11/0x20
00018  osc(O) lmv(O) ec(O) fid(O)
00018  </TASK>
00018 ---[ end trace 0000000000000000 ]---
00018  libcfs(O)
00018 ------------[ cut here ]------------
00018  ? ptlrpc_main+0x6359/0x96f0 [ptlrpc]
00018 WARNING: /home/ktest/git/linux/include/linux/fs.h:889 at osd_create+0x9cf/0xcf0 [osd_wbcfs], CPU#0: ll_ost00_002/1784
00018 Modules linked in: ofd(O) osp(O) mdd(O) lod(O) mdt(O) lquota(O) lfsck(O) mgs(O) osd_wbcfs(O) lustre(O) obdecho(O) mgc(O) mdc(O) lov(O) osc(O) lmv(O) ec(O) fid(O) fld(O) ptlrpc(O) efivarfs obdclass(O) ksocklnd(O) lnet(O) libcfs(O)
00018 CPU: 0 UID: 0 PID: 1784 Comm: ll_ost00_002 Tainted: G        W  O        7.0.0-ktest-21af419-6330a45-20260729-dirty #1 PREEMPT 
00018 Tainted: [W]=WARN, [O]=OOT_MODULE
00018 Hardware name: QEMU Standard PC (Q35 + ICH9, 2009), BIOS 2025.11-3ubuntu7 03/31/2026
00018 RIP: 0010:osd_create+0x9cf/0xcf0 [osd_wbcfs]
00018 Code: c7 c7 00 96 7b a1 48 c7 c6 a0 12 7d a1 48 c7 c2 00 1c 7d a1 e8 52 f1 43 ff 48 c7 c7 00 96 7b a1 e8 46 81 44 ff e9 fe fc ff ff <0f> 0b e9 a5 fa ff ff 48 c7 c1 80 44 5d a0 80 e1 07 80 c1 03 38 c1
00018 RSP: 0018:ffffc90001417878 EFLAGS: 00010246
00018 RAX: 0000000000000000 RBX: ffff88813431cc00 RCX: 0000000000000046
00018 RDX: 0000000000000000 RSI: ffff8881383b9100 RDI: ffff88813342aaa8
00018 RBP: ffff8881383b9070 R08: ffffffff83a16803 R09: 1ffffffff0742d00
00018 R10: dffffc0000000000 R11: fffffbfff0742d01 R12: ffff888040800030
00018 R13: dffffc0000000000 R14: 1ffff11026863980 R15: 1ffff11008100042
00018  fld(O)
00018 FS:  0000000000000000(0000) GS:ffff8881d4a2a000(0000) knlGS:0000000000000000
00018  ptlrpc(O)
00018 CS:  0010 DS: 0000 ES: 0000 CR0: 0000000080050033
00018  efivarfs
00018 CR2: 00007fc8cfe056f0 CR3: 00000001057e1000 CR4: 0000000000750eb0
00018  obdclass(O) ksocklnd(O)
00018 PKRU: 55555554
00018 Call Trace:
00018  lnet(O)
00018  <TASK>
00018  libcfs(O)
00018  ? ofd_precreate_objects+0x1bd8/0x3220 [ofd]
00018  ? __kthread_parkme+0x73/0x130
00018  ? ofd_create_hdl+0x2015/0x3510 [ofd]
00018  ? kthread+0x2cd/0x3a0
00018  ? ptlrpc_start_thread+0x1f10/0x1f10 [ptlrpc]
00018  ? tgt_request_handle+0x23ad/0x3d30 [ptlrpc]
00018 
00018 
00018 CPU: 1 UID: 0 PID: 1737 Comm: mdt_out00_001 Tainted: G        W  O        7.0.0-ktest-21af419-6330a45-20260729-dirty #1 PREEMPT 
00018 Tainted: [W]=WARN, [O]=OOT_MODULE
00018 CPU: 2 UID: 0 PID: 1826 Comm: llog_process_th Tainted: G        W  O        7.0.0-ktest-21af419-6330a45-20260729-dirty #1 PREEMPT 
00018 Tainted: [W]=WARN, [O]=OOT_MODULE
00018 Hardware name: QEMU Standard PC (Q35 + ICH9, 2009), BIOS 2025.11-3ubuntu7 03/31/2026
00018 Hardware name: QEMU Standard PC (Q35 + ICH9, 2009), BIOS 2025.11-3ubuntu7 03/31/2026
00018 RIP: 0010:osd_create+0x9cf/0xcf0 [osd_wbcfs]
00018 Code: c7 c7 00 96 7b a1 48 c7 c6 a0 12 7d a1 48 c7 c2 00 1c 7d a1 e8 52 f1 43 ff 48 c7 c7 00 96 7b a1 e8 46 81 44 ff e9 fe fc ff ff <0f> 0b e9 a5 fa ff ff 48 c7 c1 80 44 5d a0 80 e1 07 80 c1 03 38 c1
00018 RSP: 0018:ffffc90007d0f6c0 EFLAGS: 00010246
00018 RAX: 0000000000000000 RBX: ffff88811adc4000 RCX: 0000000000000046
00018 RDX: 0000000000000000 RSI: ffff888047729100 RDI: ffff888134b70998
00018 RBP: ffff888047729070 R08: ffffffff83a16803 R09: 1ffffffff0742d00
00018 R10: dffffc0000000000 R11: fffffbfff0742d01 R12: ffff88811e3cc830
00018 R13: dffffc0000000000 R14: 1ffff110235b8800 R15: 1ffff92000fa1ef8
00018 FS:  0000000000000000(0000) GS:ffff8881d4b2a000(0000) knlGS:0000000000000000
00018 CS:  0010 DS: 0000 ES: 0000 CR0: 0000000080050033
00018 CR2: 0000557fb22e5898 CR3: 00000001057e1000 CR4: 0000000000750eb0
00018  ? kthread_unuse_mm+0x130/0x130
00018 PKRU: 55555554
00018 Call Trace:
00018  <TASK>
00018  ? ptlrpc_main+0x6359/0x96f0 [ptlrpc]
00018 RIP: 0010:osd_create+0x9cf/0xcf0 [osd_wbcfs]
00018  ? dt_find_or_create+0x81a/0x1170 [obdclass]
00018  ? ret_from_fork+0x18c/0x520
00018  ? __kthread_parkme+0x73/0x130
00018  ? kthread+0x2cd/0x3a0
00018 Code: c7 c7 00 96 7b a1 48 c7 c6 a0 12 7d a1 48 c7 c2 00 1c 7d a1 e8 52 f1 43 ff 48 c7 c7 00 96 7b a1 e8 46 81 44 ff e9 fe fc ff ff <0f> 0b e9 a5 fa ff ff 48 c7 c1 80 44 5d a0 80 e1 07 80 c1 03 38 c1
00018  ? kthread_unuse_mm+0x130/0x130
00018  ? ptlrpc_start_thread+0x1f10/0x1f10 [ptlrpc]
00018  ? osp_find_or_create_local_file+0x266/0x690 [osp]
00018  ? osp_last_used_init+0x22c/0x2150 [osp]
00018 RSP: 0018:ffffc900013577f8 EFLAGS: 00010246
00018  ? client_fid_init+0x636/0x9f0 [fid]
00018  ? kthread_unuse_mm+0x130/0x130
00018  ? ret_from_fork+0x18c/0x520
00018  ? kthread_unuse_mm+0x130/0x130
00018  ? ret_from_fork_asm+0x11/0x20
00018  </TASK>
00018 ---[ end trace 0000000000000000 ]---
00018  ? ret_from_fork_asm+0x11/0x20
00018 ------------[ cut here ]------------
00018  ? osp_device_alloc+0x19a2/0x2e10 [osp]
00018 WARNING: /home/ktest/git/linux/include/linux/fs.h:889 at osd_create+0x9cf/0xcf0 [osd_wbcfs], CPU#0: ll_ost00_002/1784
00018 Modules linked in: ofd(O) osp(O) mdd(O) lod(O) mdt(O) lquota(O) lfsck(O) mgs(O) osd_wbcfs(O) lustre(O) obdecho(O) mgc(O) mdc(O) lov(O) osc(O) lmv(O) ec(O) fid(O) fld(O) ptlrpc(O) efivarfs obdclass(O) ksocklnd(O) lnet(O) libcfs(O)
00018 CPU: 0 UID: 0 PID: 1784 Comm: ll_ost00_002 Tainted: G        W  O        7.0.0-ktest-21af419-6330a45-20260729-dirty #1 PREEMPT 
00018 Tainted: [W]=WARN, [O]=OOT_MODULE
00018 Hardware name: QEMU Standard PC (Q35 + ICH9, 2009), BIOS 2025.11-3ubuntu7 03/31/2026
00018 RIP: 0010:osd_create+0x9cf/0xcf0 [osd_wbcfs]
00018 Code: c7 c7 00 96 7b a1 48 c7 c6 a0 12 7d a1 48 c7 c2 00 1c 7d a1 e8 52 f1 43 ff 48 c7 c7 00 96 7b a1 e8 46 81 44 ff e9 fe fc ff ff <0f> 0b e9 a5 fa ff ff 48 c7 c1 80 44 5d a0 80 e1 07 80 c1 03 38 c1
00018 RSP: 0018:ffffc90001417878 EFLAGS: 00010246
00018 RAX: 0000000000000000 RBX: ffff88813431c800 RCX: 0000000000000046
00018 RDX: 0000000000000000 RSI: ffff8881383b89e8 RDI: ffff88813342aaa8
00018 RBP: ffff8881383b8958 R08: ffffffff83a16803 R09: 1ffffffff0742d00
00018 R10: dffffc0000000000 R11: fffffbfff0742d01 R12: ffff888040800030
00018 R13: dffffc0000000000 R14: 1ffff11026863900 R15: 1ffff11008100042
00018 FS:  0000000000000000(0000) GS:ffff8881d4a2a000(0000) knlGS:0000000000000000
00018 CS:  0010 DS: 0000 ES: 0000 CR0: 0000000080050033
00018 CR2: 00007fc8cfe056f0 CR3: 00000001057e1000 CR4: 0000000000750eb0
00018 PKRU: 55555554
00018 Call Trace:
00018  <TASK>
00018  ? ofd_precreate_objects+0x1bd8/0x3220 [ofd]
00018  ? ofd_create_hdl+0x2015/0x3510 [ofd]
00018  ? obd_setup+0x25c/0x950 [obdclass]
00018 
00018  ? tgt_request_handle+0x23ad/0x3d30 [ptlrpc]
00018  </TASK>
00018  ? class_setup+0xc7d/0x10e0 [obdclass]
00018 RAX: 0000000000000000 RBX: ffff88811ddb6c00 RCX: 0000000000000046
00018  ? ptlrpc_main+0x6359/0x96f0 [ptlrpc]
00018 ---[ end trace 0000000000000000 ]---
00018  ? class_process_config+0x2edb/0x7cb0 [obdclass]
00018  ? __kthread_parkme+0x73/0x130
00018  ? kthread+0x2cd/0x3a0
00018  ? __kasan_kmalloc+0x72/0x80
00018 RDX: 0000000000000000 RSI: ffff88802f962d60 RDI: ffff8880248a4b18
00018  ? class_config_llog_handler+0x2954/0x4f80 [obdclass]
00018  ? ptlrpc_start_thread+0x1f10/0x1f10 [ptlrpc]
00018 ------------[ cut here ]------------
00018 RBP: ffff88802f962cd0 R08: ffffffff83a16803 R09: 1ffffffff0742d00
00018  ? kthread_unuse_mm+0x130/0x130
00018  ? ret_from_fork+0x18c/0x520
00018  ? kthread_unuse_mm+0x130/0x130
00018  ? ret_from_fork_asm+0x11/0x20
00018  </TASK>
00018 ---[ end trace 0000000000000000 ]---
00018  ? class_config_llog_handler+0x2cea/0x4f80 [obdclass]
00018 ------------[ cut here ]------------
00018 WARNING: /home/ktest/git/linux/include/linux/fs.h:889 at osd_create+0x9cf/0xcf0 [osd_wbcfs], CPU#0: ll_ost00_002/1784
00018 Modules linked in: ofd(O) osp(O) mdd(O) lod(O) mdt(O) lquota(O)
00018 WARNING: /home/ktest/git/linux/include/linux/fs.h:889 at osd_create+0x9cf/0xcf0 [osd_wbcfs], CPU#3: ll_ost00_000/1782
00018 Modules linked in: ofd(O) osp(O) mdd(O) lod(O) mdt(O) lquota(O) lfsck(O) mgs(O) osd_wbcfs(O) lustre(O) obdecho(O) mgc(O) mdc(O) lov(O) osc(O) lmv(O) ec(O) fid(O) fld(O) ptlrpc(O) efivarfs obdclass(O) ksocklnd(O) lnet(O) libcfs(O)
00018 CPU: 3 UID: 0 PID: 1782 Comm: ll_ost00_000 Tainted: G        W  O        7.0.0-ktest-21af419-6330a45-20260729-dirty #1 PREEMPT 
00018 Tainted: [W]=WARN, [O]=OOT_MODULE
00018 Hardware name: QEMU Standard PC (Q35 + ICH9, 2009), BIOS 2025.11-3ubuntu7 03/31/2026
00018 RIP: 0010:osd_create+0x9cf/0xcf0 [osd_wbcfs]
00018 Code: c7 c7 00 96 7b a1 48 c7 c6 a0 12 7d a1 48 c7 c2 00 1c 7d a1 e8 52 f1 43 ff 48 c7 c7 00 96 7b a1 e8 46 81 44 ff e9 fe fc ff ff <0f> 0b e9 a5 fa ff ff 48 c7 c1 80 44 5d a0 80 e1 07 80 c1 03 38 c1
00018 RSP: 0018:ffffc90002277878 EFLAGS: 00010246
00018 RAX: 0000000000000000 RBX: ffff88811ddd0400 RCX: 0000000000000046
00018 RDX: 0000000000000000 RSI: ffff8881383bf450 RDI: ffff88813342cb68
00018 RBP: ffff8881383bf3c0 R08: ffffffff83a16803 R09: 1ffffffff0742d00
00018 R10: dffffc0000000000 R11: fffffbfff0742d01 R12: ffff8880407ce030
00018 R13: dffffc0000000000 R14: 1ffff11023bba080 R15: 1ffff110080f9c42
00018 FS:  0000000000000000(0000) GS:ffff8881d4baa000(0000) knlGS:0000000000000000
00018 CS:  0010 DS: 0000 ES: 0000 CR0: 0000000080050033
00018 CR2: 00007fc8cfe181e0 CR3: 0000000004274000 CR4: 0000000000750eb0
00018 PKRU: 55555554
00018 Call Trace:
00018  <TASK>
00018 R10: dffffc0000000000 R11: fffffbfff0742d01 R12: ffff88811aeb7830
00018  ? ofd_precreate_objects+0x1bd8/0x3220 [ofd]
00018  lfsck(O)
00018  ? ofd_create_hdl+0x2015/0x3510 [ofd]
00018 R13: dffffc0000000000 R14: 1ffff11023bb6d80 R15: 1ffff110235d6f18
00018  ? lustre_cfg_rec_free+0x350/0x350 [obdclass]
00018  mgs(O) osd_wbcfs(O)
00018  ? tgt_request_handle+0x23ad/0x3d30 [ptlrpc]
00018  ? llog_process_thread+0x1fd2/0x4f70 [obdclass]
00018 FS:  0000000000000000(0000) GS:ffff8881d4aaa000(0000) knlGS:0000000000000000
00018  lustre(O)
00018 CS:  0010 DS: 0000 ES: 0000 CR0: 0000000080050033
00018  obdecho(O)
00018  ? _raw_spin_unlock+0x23/0x40
00018 CR2: 000055a86c1ba410 CR3: 000000011b6b5000 CR4: 0000000000750eb0
00018  mgc(O)
00018  ? llog_process_thread_daemonize+0x16d/0x1b0 [obdclass]
00018 PKRU: 55555554
00018  ? ptlrpc_main+0x6359/0x96f0 [ptlrpc]
00018  mdc(O)
00018  ? kthread+0x2cd/0x3a0
00018 Call Trace:
00018  ? __kthread_parkme+0x73/0x130
00018  ? kthread+0x2cd/0x3a0
00018  lov(O)
00018  ? llog_process_or_fork+0xc90/0xc90 [obdclass]
00018  <TASK>
00018  ? kthread_unuse_mm+0x130/0x130
00018  ? ret_from_fork+0x18c/0x520
00018  osc(O)
00018  ? ptlrpc_start_thread+0x1f10/0x1f10 [ptlrpc]
00018  ? kthread_unuse_mm+0x130/0x130
00018  ? ret_from_fork_asm+0x11/0x20
00018  </TASK>
00018 ---[ end trace 0000000000000000 ]---
00018  lmv(O) ec(O)
00018  ? out_tx_create_exec+0x277/0x7a0 [ptlrpc]
00018  ? kthread_unuse_mm+0x130/0x130
00018  ? tx_add_exec+0xd70/0xd70 [ptlrpc]
00018  fid(O)
00018  ? ret_from_fork+0x18c/0x520
00018  fld(O)
00018  ? out_tx_end+0x3e3/0x1190 [ptlrpc]
00018  ? kthread_unuse_mm+0x130/0x130
00018  ptlrpc(O)
00018  ? out_handle+0x5286/0x6240 [ptlrpc]
00018  ? ret_from_fork_asm+0x11/0x20
00018  efivarfs
00018  </TASK>
00018  ? tgt_request_handle+0x23ad/0x3d30 [ptlrpc]
00018  obdclass(O)
00018 ---[ end trace 0000000000000000 ]---
00018  ksocklnd(O)
00018  ? ptlrpc_main+0x6359/0x96f0 [ptlrpc]
00018  lnet(O) libcfs(O)
00018  ? __kthread_parkme+0x73/0x130
00018 
00018 ------------[ cut here ]------------
00018 WARNING: /home/ktest/git/linux/include/linux/fs.h:889 at osd_create+0x9cf/0xcf0 [osd_wbcfs], CPU#3: ll_ost00_000/1782
00018  ? kthread+0x2cd/0x3a0
00018 CPU: 0 UID: 0 PID: 1784 Comm: ll_ost00_002 Tainted: G        W  O        7.0.0-ktest-21af419-6330a45-20260729-dirty #1 PREEMPT 
00018 Modules linked in:
00018 Tainted: [W]=WARN, [O]=OOT_MODULE
00018  ofd(O)
00018 Hardware name: QEMU Standard PC (Q35 + ICH9, 2009), BIOS 2025.11-3ubuntu7 03/31/2026
00018  ? ptlrpc_start_thread+0x1f10/0x1f10 [ptlrpc]
00018  osp(O)
00018 RIP: 0010:osd_create+0x9cf/0xcf0 [osd_wbcfs]
00018  mdd(O)
00018 Code: c7 c7 00 96 7b a1 48 c7 c6 a0 12 7d a1 48 c7 c2 00 1c 7d a1 e8 52 f1 43 ff 48 c7 c7 00 96 7b a1 e8 46 81 44 ff e9 fe fc ff ff <0f> 0b e9 a5 fa ff ff 48 c7 c1 80 44 5d a0 80 e1 07 80 c1 03 38 c1
00018  ? kthread_unuse_mm+0x130/0x130
00018  ? ret_from_fork+0x18c/0x520
00018  ? kthread_unuse_mm+0x130/0x130
00018  ? ret_from_fork_asm+0x11/0x20
00018  </TASK>
00018 ---[ end trace 0000000000000000 ]---
00018  lod(O)
00018 RSP: 0018:ffffc90001417878 EFLAGS: 00010246
00018  mdt(O)
00018 
00018  lquota(O)
00018 RAX: 0000000000000000 RBX: ffff888134335000 RCX: 0000000000000046
00018  lfsck(O)
00018 RDX: 0000000000000000 RSI: ffff8881383b82d0 RDI: ffff88813342aaa8
00018  mgs(O)
00018 RBP: ffff8881383b8240 R08: ffffffff83a16803 R09: 1ffffffff0742d00
00018  osd_wbcfs(O)
00018 R10: dffffc0000000000 R11: fffffbfff0742d01 R12: ffff888040800030
00018  lustre(O)
00018 R13: dffffc0000000000 R14: 1ffff11026866a00 R15: 1ffff11008100042
00018 ------------[ cut here ]------------
00018 WARNING: /home/ktest/git/linux/include/linux/fs.h:889 at osd_create+0x9cf/0xcf0 [osd_wbcfs], CPU#2: llog_process_th/1826
00018 Modules linked in: ofd(O) osp(O) mdd(O) lod(O) mdt(O) lquota(O) lfsck(O) mgs(O) osd_wbcfs(O) lustre(O) obdecho(O) mgc(O) mdc(O) lov(O) osc(O) lmv(O) ec(O) fid(O) fld(O) ptlrpc(O) efivarfs obdclass(O) ksocklnd(O)
00018  obdecho(O)
00018  lnet(O) libcfs(O)
00018 CPU: 2 UID: 0 PID: 1826 Comm: llog_process_th Tainted: G        W  O        7.0.0-ktest-21af419-6330a45-20260729-dirty #1 PREEMPT 
00018 Tainted: [W]=WARN, [O]=OOT_MODULE
00018 Hardware name: QEMU Standard PC (Q35 + ICH9, 2009), BIOS 2025.11-3ubuntu7 03/31/2026
00018 RIP: 0010:osd_create+0x9cf/0xcf0 [osd_wbcfs]
00018 Code: c7 c7 00 96 7b a1 48 c7 c6 a0 12 7d a1 48 c7 c2 00 1c 7d a1 e8 52 f1 43 ff 48 c7 c7 00 96 7b a1 e8 46 81 44 ff e9 fe fc ff ff <0f> 0b e9 a5 fa ff ff 48 c7 c1 80 44 5d a0 80 e1 07 80 c1 03 38 c1
00018 RSP: 0018:ffffc90007d0f6c0 EFLAGS: 00010246
00018 RAX: 0000000000000000 RBX: ffff88811adc5800 RCX: 0000000000000046
00018 RDX: 0000000000000000 RSI: ffff8880477289e8 RDI: ffff888134b70998
00018 RBP: ffff888047728958 R08: ffffffff83a16803 R09: 1ffffffff0742d00
00018 R10: dffffc0000000000 R11: fffffbfff0742d01 R12: ffff88811e3cc830
00018 R13: dffffc0000000000 R14: 1ffff110235b8b00 R15: 1ffff92000fa1ef8
00018 FS:  0000000000000000(0000) GS:ffff8881d4b2a000(0000) knlGS:0000000000000000
00018 CS:  0010 DS: 0000 ES: 0000 CR0: 0000000080050033
00018 FS:  0000000000000000(0000) GS:ffff8881d4a2a000(0000) knlGS:0000000000000000
00018 CR2: 0000557fb22e5898 CR3: 00000001057e1000 CR4: 0000000000750eb0
00018 PKRU: 55555554
00018 Call Trace:
00018  <TASK>
00018  mgc(O)
00018  ? dt_find_or_create+0x81a/0x1170 [obdclass]
00018 CS:  0010 DS: 0000 ES: 0000 CR0: 0000000080050033
00018  ? osp_find_or_create_local_file+0x266/0x690 [osp]
00018  ? osp_last_used_init+0x95c/0x2150 [osp]
00018  mdc(O)
00018  ? osp_device_alloc+0x19a2/0x2e10 [osp]
00018 CR2: 00007fc8cfe056f0 CR3: 00000001057e1000 CR4: 0000000000750eb0
00018  ? obd_setup+0x25c/0x950 [obdclass]
00018  lov(O)
00018 PKRU: 55555554
00018  osc(O)
00018 Call Trace:
00018  ? class_setup+0xc7d/0x10e0 [obdclass]
00018  lmv(O)
00018  <TASK>
00018  ec(O)
00018  ? class_process_config+0x2edb/0x7cb0 [obdclass]
00018  ? ofd_precreate_objects+0x1bd8/0x3220 [ofd]
00018  fid(O) fld(O) ptlrpc(O) efivarfs obdclass(O) ksocklnd(O) lnet(O) libcfs(O)
00018 CPU: 3 UID: 0 PID: 1782 Comm: ll_ost00_000 Tainted: G        W  O        7.0.0-ktest-21af419-6330a45-20260729-dirty #1 PREEMPT 
00018 Tainted: [W]=WARN, [O]=OOT_MODULE
00018 Hardware name: QEMU Standard PC (Q35 + ICH9, 2009), BIOS 2025.11-3ubuntu7 03/31/2026
00018  ? ofd_create_hdl+0x2015/0x3510 [ofd]
00018 RIP: 0010:osd_create+0x9cf/0xcf0 [osd_wbcfs]
00018  ? __kasan_kmalloc+0x72/0x80
00018 Code: c7 c7 00 96 7b a1 48 c7 c6 a0 12 7d a1 48 c7 c2 00 1c 7d a1 e8 52 f1 43 ff 48 c7 c7 00 96 7b a1 e8 46 81 44 ff e9 fe fc ff ff <0f> 0b e9 a5 fa ff ff 48 c7 c1 80 44 5d a0 80 e1 07 80 c1 03 38 c1
00018 RSP: 0018:ffffc90002277878 EFLAGS: 00010246
00018 RAX: 0000000000000000 RBX: ffff88811ddd2400 RCX: 0000000000000046
00018 RDX: 0000000000000000 RSI: ffff8881383bed38 RDI: ffff88813342cb68
00018 RBP: ffff8881383beca8 R08: ffffffff83a16803 R09: 1ffffffff0742d00
00018 R10: dffffc0000000000 R11: fffffbfff0742d01 R12: ffff8880407ce030
00018 R13: dffffc0000000000 R14: 1ffff11023bba480 R15: 1ffff110080f9c42
00018 FS:  0000000000000000(0000) GS:ffff8881d4baa000(0000) knlGS:0000000000000000
00018  ? tgt_request_handle+0x23ad/0x3d30 [ptlrpc]
00018  ? ptlrpc_main+0x6359/0x96f0 [ptlrpc]
00018 CS:  0010 DS: 0000 ES: 0000 CR0: 0000000080050033
00018  ? class_config_llog_handler+0x2954/0x4f80 [obdclass]
00018  ? __kthread_parkme+0x73/0x130
00018 CR2: 00007fc8cfe181e0 CR3: 0000000004274000 CR4: 0000000000750eb0
00018  ? class_config_llog_handler+0x2cea/0x4f80 [obdclass]
00018  ? kthread+0x2cd/0x3a0
00018 PKRU: 55555554
00018  ? lustre_cfg_rec_free+0x350/0x350 [obdclass]
00018 Call Trace:
00018  <TASK>
00018  ? ofd_precreate_objects+0x1bd8/0x3220 [ofd]
00018  ? ptlrpc_start_thread+0x1f10/0x1f10 [ptlrpc]
00018  ? llog_process_thread+0x1fd2/0x4f70 [obdclass]
00018  ? ofd_create_hdl+0x2015/0x3510 [ofd]
00018  ? _raw_spin_unlock+0x23/0x40
00018  ? kthread_unuse_mm+0x130/0x130
00018  ? llog_process_thread_daemonize+0x16d/0x1b0 [obdclass]
00018  ? tgt_request_handle+0x23ad/0x3d30 [ptlrpc]
00018  ? ret_from_fork+0x18c/0x520
00018  ? kthread_unuse_mm+0x130/0x130
00018  ? ret_from_fork_asm+0x11/0x20
00018  </TASK>
00018  ? ptlrpc_main+0x6359/0x96f0 [ptlrpc]
00018  ? __kthread_parkme+0x73/0x130
00018  ? kthread+0x2cd/0x3a0
00018  ? ptlrpc_start_thread+0x1f10/0x1f10 [ptlrpc]
00018  ? kthread+0x2cd/0x3a0
00018  ? kthread_unuse_mm+0x130/0x130
00018  ? ret_from_fork+0x18c/0x520
00018  ? kthread_unuse_mm+0x130/0x130
00018  ? ret_from_fork_asm+0x11/0x20
00018  </TASK>
00018 ---[ end trace 0000000000000000 ]---
00018 ------------[ cut here ]------------
00018 WARNING: /home/ktest/git/linux/include/linux/fs.h:889 at osd_create+0x9cf/0xcf0 [osd_wbcfs], CPU#3: ll_ost00_000/1782
00018 Modules linked in: ofd(O) osp(O) mdd(O) lod(O) mdt(O) lquota(O) lfsck(O) mgs(O) osd_wbcfs(O) lustre(O) obdecho(O) mgc(O) mdc(O) lov(O) osc(O) lmv(O) ec(O) fid(O) fld(O) ptlrpc(O) efivarfs obdclass(O) ksocklnd(O) lnet(O) libcfs(O)
00018 CPU: 3 UID: 0 PID: 1782 Comm: ll_ost00_000 Tainted: G        W  O        7.0.0-ktest-21af419-6330a45-20260729-dirty #1 PREEMPT 
00018 Tainted: [W]=WARN, [O]=OOT_MODULE
00018 Hardware name: QEMU Standard PC (Q35 + ICH9, 2009), BIOS 2025.11-3ubuntu7 03/31/2026
00018 RIP: 0010:osd_create+0x9cf/0xcf0 [osd_wbcfs]
00018 Code: c7 c7 00 96 7b a1 48 c7 c6 a0 12 7d a1 48 c7 c2 00 1c 7d a1 e8 52 f1 43 ff 48 c7 c7 00 96 7b a1 e8 46 81 44 ff e9 fe fc ff ff <0f> 0b e9 a5 fa ff ff 48 c7 c1 80 44 5d a0 80 e1 07 80 c1 03 38 c1
00018 RSP: 0018:ffffc90002277878 EFLAGS: 00010246
00018 RAX: 0000000000000000 RBX: ffff88811ddd3c00 RCX: 0000000000000046
00018 RDX: 0000000000000000 RSI: ffff8881383be620 RDI: ffff88813342cb68
00018 RBP: ffff8881383be590 R08: ffffffff83a16803 R09: 1ffffffff0742d00
00018 R10: dffffc0000000000 R11: fffffbfff0742d01 R12: ffff8880407ce030
00018 R13: dffffc0000000000 R14: 1ffff11023bba780 R15: 1ffff110080f9c42
00018 FS:  0000000000000000(0000) GS:ffff8881d4baa000(0000) knlGS:0000000000000000
00018 CS:  0010 DS: 0000 ES: 0000 CR0: 0000000080050033
00018 CR2: 00007fc8cfe181e0 CR3: 0000000004274000 CR4: 0000000000750eb0
00018 PKRU: 55555554
00018 Call Trace:
00018  <TASK>
00018  ? ofd_precreate_objects+0x1bd8/0x3220 [ofd]
00018  ? ofd_create_hdl+0x2015/0x3510 [ofd]
00018 ---[ end trace 0000000000000000 ]---
00018  ? tgt_request_handle+0x23ad/0x3d30 [ptlrpc]
00018 ------------[ cut here ]------------
00018  ? llog_process_or_fork+0xc90/0xc90 [obdclass]
00018  ? ptlrpc_main+0x6359/0x96f0 [ptlrpc]
00018  ? __kthread_parkme+0x73/0x130
00018  ? kthread+0x2cd/0x3a0
00018  ? ptlrpc_start_thread+0x1f10/0x1f10 [ptlrpc]
00018 WARNING: /home/ktest/git/linux/include/linux/fs.h:889 at osd_create+0x9cf/0xcf0 [osd_wbcfs], CPU#0: ll_ost00_002/1784
00018  ? kthread_unuse_mm+0x130/0x130
00018  ? ret_from_fork+0x18c/0x520
00018  ? kthread_unuse_mm+0x130/0x130
00018  ? ret_from_fork_asm+0x11/0x20
00018  </TASK>
00018 ---[ end trace 0000000000000000 ]---
00018 Modules linked in:
00018  ? kthread_unuse_mm+0x130/0x130
00018  ofd(O)
00018 ------------[ cut here ]------------
00018 WARNING: /home/ktest/git/linux/include/linux/fs.h:889 at osd_create+0x9cf/0xcf0 [osd_wbcfs], CPU#2: llog_process_th/1826
00018 Modules linked in: ofd(O) osp(O) mdd(O) lod(O) mdt(O) lquota(O) lfsck(O) mgs(O) osd_wbcfs(O) lustre(O) obdecho(O) mgc(O) mdc(O) lov(O) osc(O) lmv(O) ec(O) fid(O) fld(O) ptlrpc(O) efivarfs obdclass(O) ksocklnd(O) lnet(O) libcfs(O)
00018 CPU: 2 UID: 0 PID: 1826 Comm: llog_process_th Tainted: G        W  O        7.0.0-ktest-21af419-6330a45-20260729-dirty #1 PREEMPT 
00018 Tainted: [W]=WARN, [O]=OOT_MODULE
00018  ? ret_from_fork+0x18c/0x520
00018 Hardware name: QEMU Standard PC (Q35 + ICH9, 2009), BIOS 2025.11-3ubuntu7 03/31/2026
00018 RIP: 0010:osd_create+0x9cf/0xcf0 [osd_wbcfs]
00018 Code: c7 c7 00 96 7b a1 48 c7 c6 a0 12 7d a1 48 c7 c2 00 1c 7d a1 e8 52 f1 43 ff 48 c7 c7 00 96 7b a1 e8 46 81 44 ff e9 fe fc ff ff <0f> 0b e9 a5 fa ff ff 48 c7 c1 80 44 5d a0 80 e1 07 80 c1 03 38 c1
00018 RSP: 0018:ffffc90007d0f690 EFLAGS: 00010246
00018 RAX: 0000000000000000 RBX: ffff8881348c4c00 RCX: 0000000000000046
00018 RDX: 0000000000000000 RSI: ffff8880477282d0 RDI: ffff888134b70998
00018 RBP: ffff888047728240 R08: ffffffff83a16803 R09: 1ffffffff0742d00
00018 R10: dffffc0000000000 R11: fffffbfff0742d01 R12: ffff88811adc4800
00018 R13: dffffc0000000000 R14: 1ffff11026918980 R15: 1ffff110235b890f
00018 FS:  0000000000000000(0000) GS:ffff8881d4b2a000(0000) knlGS:0000000000000000
00018 CS:  0010 DS: 0000 ES: 0000 CR0: 0000000080050033
00018 CR2: 0000557fb22e5898 CR3: 00000001057e1000 CR4: 0000000000750eb0
00018 PKRU: 55555554
00018 Call Trace:
00018  <TASK>
00018  osp(O)
00018  ? llog_osd_get_cat_list+0x64d/0x1470 [obdclass]
00018  ? kthread_unuse_mm+0x130/0x130
00018  mdd(O)
00018  ? osp_sync_init+0x7a6/0x2760 [osp]
00018  ? is_module_address+0x1b/0x70
00018  ? osp_device_alloc+0x1b91/0x2e10 [osp]
00018  ? ret_from_fork_asm+0x11/0x20
00018  lod(O)
00018  </TASK>
00018  mdt(O)
00018  ? obd_setup+0x25c/0x950 [obdclass]
00018 ---[ end trace 0000000000000000 ]---
00018  lquota(O)
00018  ? class_setup+0xc7d/0x10e0 [obdclass]
00018 ------------[ cut here ]------------
00018  lfsck(O)
00018 WARNING: /home/ktest/git/linux/include/linux/fs.h:889 at osd_create+0x9cf/0xcf0 [osd_wbcfs], CPU#3: ll_ost00_000/1782
00018  mgs(O)
00018  ? class_process_config+0x2edb/0x7cb0 [obdclass]
00018 Modules linked in:
00018  ? __kasan_kmalloc+0x72/0x80
00018  osd_wbcfs(O)
00018  ? class_config_llog_handler+0x2954/0x4f80 [obdclass]
00018  ofd(O)
00018  lustre(O)
00018  ? class_config_llog_handler+0x2cea/0x4f80 [obdclass]
00018  osp(O)
00018  obdecho(O)
00018  mdd(O)
00018  ? lustre_cfg_rec_free+0x350/0x350 [obdclass]
00018  mgc(O)
00018  lod(O)
00018  ? llog_process_thread+0x1fd2/0x4f70 [obdclass]
00018  mdc(O)
00018  ? _raw_spin_unlock+0x23/0x40
00018  mdt(O)
00018  lov(O)
00018  ? llog_process_thread_daemonize+0x16d/0x1b0 [obdclass]
00018  ? kthread+0x2cd/0x3a0
00018  lquota(O)
00018  ? llog_process_or_fork+0xc90/0xc90 [obdclass]
00018  osc(O)
00018  lfsck(O)
00018  ? kthread_unuse_mm+0x130/0x130
00018  ? ret_from_fork+0x18c/0x520
00018  ? kthread_unuse_mm+0x130/0x130
00018  ? ret_from_fork_asm+0x11/0x20
00018  lmv(O)
00018  </TASK>
00018 ---[ end trace 0000000000000000 ]---
00018  mgs(O)
00018  ec(O)
00018  osd_wbcfs(O)
00018  fid(O)
00018 ------------[ cut here ]------------
00018 WARNING: /home/ktest/git/linux/include/linux/fs.h:889 at osd_create+0x9cf/0xcf0 [osd_wbcfs], CPU#2: llog_process_th/1826
00018 Modules linked in: ofd(O) osp(O) mdd(O) lod(O) mdt(O) lquota(O) lfsck(O) mgs(O) osd_wbcfs(O) lustre(O) obdecho(O)
00018  lustre(O)
00018  mgc(O) mdc(O) lov(O) osc(O) lmv(O) ec(O) fid(O) fld(O) ptlrpc(O) efivarfs obdclass(O) ksocklnd(O) lnet(O) libcfs(O)
00018 CPU: 2 UID: 0 PID: 1826 Comm: llog_process_th Tainted: G        W  O        7.0.0-ktest-21af419-6330a45-20260729-dirty #1 PREEMPT 
00018 Tainted: [W]=WARN, [O]=OOT_MODULE
00018 Hardware name: QEMU Standard PC (Q35 + ICH9, 2009), BIOS 2025.11-3ubuntu7 03/31/2026
00018 RIP: 0010:osd_create+0x9cf/0xcf0 [osd_wbcfs]
00018 Code: c7 c7 00 96 7b a1 48 c7 c6 a0 12 7d a1 48 c7 c2 00 1c 7d a1 e8 52 f1 43 ff 48 c7 c7 00 96 7b a1 e8 46 81 44 ff e9 fe fc ff ff <0f> 0b e9 a5 fa ff ff 48 c7 c1 80 44 5d a0 80 e1 07 80 c1 03 38 c1
00018 RSP: 0018:ffffc90007d0f5a0 EFLAGS: 00010246
00018 RAX: 0000000000000000 RBX: ffff8881194d4c00 RCX: 0000000000000046
00018 RDX: 0000000000000000 RSI: ffff8880407f7b68 RDI: ffff888134b70998
00018 RBP: ffff8880407f7ad8 R08: ffffffff83a16803 R09: 1ffffffff0742d00
00018 R10: dffffc0000000000 R11: fffffbfff0742d01 R12: ffff88811adc4800
00018 R13: dffffc0000000000 R14: 1ffff1102329a980 R15: 1ffff110235b890f
00018 FS:  0000000000000000(0000) GS:ffff8881d4b2a000(0000) knlGS:0000000000000000
00018 CS:  0010 DS: 0000 ES: 0000 CR0: 0000000080050033
00018 CR2: 0000557fb22e5898 CR3: 00000001057e1000 CR4: 0000000000750eb0
00018 PKRU: 55555554
00018 Call Trace:
00018  <TASK>
00018  fld(O)
00018  ? local_object_create+0x109/0x640 [obdclass]
00018  obdecho(O)
00018  ? dt_write_lock+0x16d/0x2a0 [obdclass]
00018  ptlrpc(O)
00018  ? llog_osd_create+0x356/0x10d0 [obdclass]
00018  ? llog_create+0x2ed/0x530 [obdclass]
00018  mgc(O)
00018  ? llog_open_create+0x6e7/0xb30 [obdclass]
00018  ? osp_sync_init+0xfc0/0x2760 [osp]
00018  ? osp_device_alloc+0x1b91/0x2e10 [osp]
00018  efivarfs
00018  mdc(O)
00018  ? obd_setup+0x25c/0x950 [obdclass]
00018  obdclass(O)
00018  ? class_setup+0xc7d/0x10e0 [obdclass]
00018  lov(O)
00018  ? class_process_config+0x2edb/0x7cb0 [obdclass]
00018  ? __kasan_kmalloc+0x72/0x80
00018  ? class_config_llog_handler+0x2954/0x4f80 [obdclass]
00018  ksocklnd(O)
00018  osc(O)
00018  ? class_config_llog_handler+0x2cea/0x4f80 [obdclass]
00018  lnet(O)
00018  lmv(O)
00018  ? lustre_cfg_rec_free+0x350/0x350 [obdclass]
00018  libcfs(O)
00018  ? llog_process_thread+0x1fd2/0x4f70 [obdclass]
00018  ec(O)
00018  ? _raw_spin_unlock+0x23/0x40
00018 
00018  ? llog_process_thread_daemonize+0x16d/0x1b0 [obdclass]
00018  ? kthread+0x2cd/0x3a0
00018  fid(O)
00018  ? llog_process_or_fork+0xc90/0xc90 [obdclass]
00018 CPU: 0 UID: 0 PID: 1784 Comm: ll_ost00_002 Tainted: G        W  O        7.0.0-ktest-21af419-6330a45-20260729-dirty #1 PREEMPT 
00018  ? kthread_unuse_mm+0x130/0x130
00018  ? ret_from_fork+0x18c/0x520
00018  ? kthread_unuse_mm+0x130/0x130
00018  ? ret_from_fork_asm+0x11/0x20
00018  </TASK>
00018 ---[ end trace 0000000000000000 ]---
00018  fld(O)
00018 Tainted: [W]=WARN, [O]=OOT_MODULE
00018  ptlrpc(O)
00018 Hardware name: QEMU Standard PC (Q35 + ICH9, 2009), BIOS 2025.11-3ubuntu7 03/31/2026
00018  efivarfs
00018 RIP: 0010:osd_create+0x9cf/0xcf0 [osd_wbcfs]
00018  obdclass(O)
00018 Code: c7 c7 00 96 7b a1 48 c7 c6 a0 12 7d a1 48 c7 c2 00 1c 7d a1 e8 52 f1 43 ff 48 c7 c7 00 96 7b a1 e8 46 81 44 ff e9 fe fc ff ff <0f> 0b e9 a5 fa ff ff 48 c7 c1 80 44 5d a0 80 e1 07 80 c1 03 38 c1
00018 ------------[ cut here ]------------
00018 WARNING: /home/ktest/git/linux/include/linux/fs.h:889 at osd_create+0x9cf/0xcf0 [osd_wbcfs], CPU#2: llog_process_th/1826
00018 Modules linked in: ofd(O) osp(O) mdd(O) lod(O) mdt(O) lquota(O) lfsck(O) mgs(O) osd_wbcfs(O) lustre(O) obdecho(O) mgc(O) mdc(O)
00018  ksocklnd(O)
00018  lov(O) osc(O) lmv(O) ec(O) fid(O) fld(O) ptlrpc(O) efivarfs obdclass(O) ksocklnd(O) lnet(O) libcfs(O)
00018 CPU: 2 UID: 0 PID: 1826 Comm: llog_process_th Tainted: G        W  O        7.0.0-ktest-21af419-6330a45-20260729-dirty #1 PREEMPT 
00018 Tainted: [W]=WARN, [O]=OOT_MODULE
00018 Hardware name: QEMU Standard PC (Q35 + ICH9, 2009), BIOS 2025.11-3ubuntu7 03/31/2026
00018 RIP: 0010:osd_create+0x9cf/0xcf0 [osd_wbcfs]
00018 RSP: 0018:ffffc90001417878 EFLAGS: 00010246
00018 Code: c7 c7 00 96 7b a1 48 c7 c6 a0 12 7d a1 48 c7 c2 00 1c 7d a1 e8 52 f1 43 ff 48 c7 c7 00 96 7b a1 e8 46 81 44 ff e9 fe fc ff ff <0f> 0b e9 a5 fa ff ff 48 c7 c1 80 44 5d a0 80 e1 07 80 c1 03 38 c1
00018 RSP: 0018:ffffc90007d0f450 EFLAGS: 00010246
00018 RAX: 0000000000000000 RBX: ffff8881348d0800 RCX: 0000000000000046
00018 RDX: 0000000000000000 RSI: ffff8880407f7450 RDI: ffff888134b709c0
00018 RBP: ffff8880407f73c0 R08: ffffffff83a16803 R09: 1ffffffff0742d00
00018 R10: dffffc0000000000 R11: fffffbfff0742d01 R12: ffff88811adc4800
00018 R13: dffffc0000000000 R14: 1ffff1102691a100 R15: 1ffff110235b890f
00018 FS:  0000000000000000(0000) GS:ffff8881d4b2a000(0000) knlGS:0000000000000000
00018 CS:  0010 DS: 0000 ES: 0000 CR0: 0000000080050033
00018  lnet(O)
00018 CR2: 0000557fb22e5898 CR3: 00000001057e1000 CR4: 0000000000750eb0
00018 PKRU: 55555554
00018 Call Trace:
00018  <TASK>
00018 
00018  ? local_object_create+0x109/0x640 [obdclass]
00018  libcfs(O)
00018  ? dt_write_lock+0x16d/0x2a0 [obdclass]
00018 RAX: 0000000000000000 RBX: ffff888134334c00 RCX: 0000000000000046
00018 
00018 RDX: 0000000000000000 RSI: ffff88804790fb68 RDI: ffff88813342aaa8
00018 CPU: 3 UID: 0 PID: 1782 Comm: ll_ost00_000 Tainted: G        W  O        7.0.0-ktest-21af419-6330a45-20260729-dirty #1 PREEMPT 
00018  ? llog_osd_create+0x356/0x10d0 [obdclass]
00018 RBP: ffff88804790fad8 R08: ffffffff83a16803 R09: 1ffffffff0742d00
00018 Tainted: [W]=WARN, [O]=OOT_MODULE
00018 R10: dffffc0000000000 R11: fffffbfff0742d01 R12: ffff888040800030
00018  ? llog_create+0x2ed/0x530 [obdclass]
00018 Hardware name: QEMU Standard PC (Q35 + ICH9, 2009), BIOS 2025.11-3ubuntu7 03/31/2026
00018 R13: dffffc0000000000 R14: 1ffff11026866980 R15: 1ffff11008100042
00018  ? llog_cat_new_log+0x6d1/0x2970 [obdclass]
00018 RIP: 0010:osd_create+0x9cf/0xcf0 [osd_wbcfs]
00018 FS:  0000000000000000(0000) GS:ffff8881d4a2a000(0000) knlGS:0000000000000000
00018 Code: c7 c7 00 96 7b a1 48 c7 c6 a0 12 7d a1 48 c7 c2 00 1c 7d a1 e8 52 f1 43 ff 48 c7 c7 00 96 7b a1 e8 46 81 44 ff e9 fe fc ff ff <0f> 0b e9 a5 fa ff ff 48 c7 c1 80 44 5d a0 80 e1 07 80 c1 03 38 c1
00018 CS:  0010 DS: 0000 ES: 0000 CR0: 0000000080050033
00018 RSP: 0018:ffffc90002277878 EFLAGS: 00010246
00018  ? llog_cat_add_rec+0x6ba/0x1960 [obdclass]
00018 CR2: 00007fc8cfe056f0 CR3: 00000001057e1000 CR4: 0000000000750eb0
00018 
00018 PKRU: 55555554
00018 RAX: 0000000000000000 RBX: ffff88811ddd1c00 RCX: 0000000000000046
00018  ? llog_cat_add+0x499/0x7a0 [obdclass]
00018 Call Trace:
00018 RDX: 0000000000000000 RSI: ffff8881383bdf08 RDI: ffff88813342cb68
00018  ? osp_sync_init+0x1588/0x2760 [osp]
00018  <TASK>
00018  ? osp_device_alloc+0x1b91/0x2e10 [osp]
00018 RBP: ffff8881383bde78 R08: ffffffff83a16803 R09: 1ffffffff0742d00
00018  ? ofd_precreate_objects+0x1bd8/0x3220 [ofd]
00018  ? obd_setup+0x25c/0x950 [obdclass]
00018 R10: dffffc0000000000 R11: fffffbfff0742d01 R12: ffff8880407ce030
00018  ? ofd_create_hdl+0x2015/0x3510 [ofd]
00018 R13: dffffc0000000000 R14: 1ffff11023bba380 R15: 1ffff110080f9c42
00018  ? class_setup+0xc7d/0x10e0 [obdclass]
00018  ? tgt_request_handle+0x23ad/0x3d30 [ptlrpc]
00018 FS:  0000000000000000(0000) GS:ffff8881d4baa000(0000) knlGS:0000000000000000
00018 CS:  0010 DS: 0000 ES: 0000 CR0: 0000000080050033
00018 CR2: 00007fc8cfe181e0 CR3: 0000000004274000 CR4: 0000000000750eb0
00018 PKRU: 55555554
00018 Call Trace:
00018  <TASK>
00018  ? ofd_precreate_objects+0x1bd8/0x3220 [ofd]
00018  ? class_process_config+0x2edb/0x7cb0 [obdclass]
00018  ? ofd_create_hdl+0x2015/0x3510 [ofd]
00018  ? __kasan_kmalloc+0x72/0x80
00018  ? ptlrpc_main+0x6359/0x96f0 [ptlrpc]
00018  ? tgt_request_handle+0x23ad/0x3d30 [ptlrpc]
00018  ? __kthread_parkme+0x73/0x130
00018  ? class_config_llog_handler+0x2954/0x4f80 [obdclass]
00018  ? kthread+0x2cd/0x3a0
00018  ? ptlrpc_main+0x6359/0x96f0 [ptlrpc]
00018  ? ptlrpc_start_thread+0x1f10/0x1f10 [ptlrpc]
00018  ? __kthread_parkme+0x73/0x130
00018  ? kthread+0x2cd/0x3a0
00018  ? kthread_unuse_mm+0x130/0x130
00018  ? class_config_llog_handler+0x2cea/0x4f80 [obdclass]
00018  ? ptlrpc_start_thread+0x1f10/0x1f10 [ptlrpc]
00018  ? ret_from_fork+0x18c/0x520
00018  ? kthread_unuse_mm+0x130/0x130
00018  ? ret_from_fork_asm+0x11/0x20
00018  </TASK>
00018  ? kthread_unuse_mm+0x130/0x130
00018  ? ret_from_fork+0x18c/0x520
00018  ? kthread_unuse_mm+0x130/0x130
00018  ? ret_from_fork_asm+0x11/0x20
00018  </TASK>
00018 ---[ end trace 0000000000000000 ]---
00018 ------------[ cut here ]------------
00018  ? lustre_cfg_rec_free+0x350/0x350 [obdclass]
00018 ---[ end trace 0000000000000000 ]---
00018  ? llog_process_thread+0x1fd2/0x4f70 [obdclass]
00018 WARNING: /home/ktest/git/linux/include/linux/fs.h:889 at osd_create+0x9cf/0xcf0 [osd_wbcfs], CPU#3: ll_ost00_000/1782
00018 ------------[ cut here ]------------
00018 Modules linked in: ofd(O) osp(O) mdd(O) lod(O) mdt(O) lquota(O)
00018 WARNING: /home/ktest/git/linux/include/linux/fs.h:889 at osd_create+0x9cf/0xcf0 [osd_wbcfs], CPU#0: ll_ost00_002/1784
00018  lfsck(O) mgs(O) osd_wbcfs(O) lustre(O) obdecho(O) mgc(O) mdc(O) lov(O) osc(O) lmv(O)
00018 Modules linked in:
00018  ec(O) fid(O) fld(O) ptlrpc(O) efivarfs obdclass(O) ksocklnd(O) lnet(O) libcfs(O)
00018 CPU: 3 UID: 0 PID: 1782 Comm: ll_ost00_000 Tainted: G        W  O        7.0.0-ktest-21af419-6330a45-20260729-dirty #1 PREEMPT 
00018 Tainted: [W]=WARN, [O]=OOT_MODULE
00018 Hardware name: QEMU Standard PC (Q35 + ICH9, 2009), BIOS 2025.11-3ubuntu7 03/31/2026
00018 RIP: 0010:osd_create+0x9cf/0xcf0 [osd_wbcfs]
00018 Code: c7 c7 00 96 7b a1 48 c7 c6 a0 12 7d a1 48 c7 c2 00 1c 7d a1 e8 52 f1 43 ff 48 c7 c7 00 96 7b a1 e8 46 81 44 ff e9 fe fc ff ff <0f> 0b e9 a5 fa ff ff 48 c7 c1 80 44 5d a0 80 e1 07 80 c1 03 38 c1
00018 RSP: 0018:ffffc90002277878 EFLAGS: 00010246
00018 RAX: 0000000000000000 RBX: ffff88811ddd3800 RCX: 0000000000000046
00018 RDX: 0000000000000000 RSI: ffff8881383bd7f0 RDI: ffff88813342cb68
00018 RBP: ffff8881383bd760 R08: ffffffff83a16803 R09: 1ffffffff0742d00
00018 R10: dffffc0000000000 R11: fffffbfff0742d01 R12: ffff8880407ce030
00018 R13: dffffc0000000000 R14: 1ffff11023bba700 R15: 1ffff110080f9c42
00018 FS:  0000000000000000(0000) GS:ffff8881d4baa000(0000) knlGS:0000000000000000
00018 CS:  0010 DS: 0000 ES: 0000 CR0: 0000000080050033
00018 CR2: 00007fc8cfe181e0 CR3: 0000000004274000 CR4: 0000000000750eb0
00018 PKRU: 55555554
00018 Call Trace:
00018  <TASK>
00018  ? ofd_precreate_objects+0x1bd8/0x3220 [ofd]
00018  ? ofd_create_hdl+0x2015/0x3510 [ofd]
00018  ? _raw_spin_unlock+0x23/0x40
00018  ofd(O) osp(O) mdd(O) lod(O) mdt(O) lquota(O) lfsck(O) mgs(O) osd_wbcfs(O) lustre(O) obdecho(O)
00018  ? tgt_request_handle+0x23ad/0x3d30 [ptlrpc]
00018  mgc(O)
00018  mdc(O) lov(O) osc(O) lmv(O)
00018  ? llog_process_thread_daemonize+0x16d/0x1b0 [obdclass]
00018  ec(O) fid(O)
00018  ? kthread+0x2cd/0x3a0
00018  ? llog_process_or_fork+0xc90/0xc90 [obdclass]
00018  ? kthread_unuse_mm+0x130/0x130
00018  ? ret_from_fork+0x18c/0x520
00018  ? kthread_unuse_mm+0x130/0x130
00018  ? ret_from_fork_asm+0x11/0x20
00018  </TASK>
00018 ---[ end trace 0000000000000000 ]---
00018  ? ptlrpc_main+0x6359/0x96f0 [ptlrpc]
00018  fld(O)
00018  ? __kthread_parkme+0x73/0x130
00018  ptlrpc(O)
00018  ? kthread+0x2cd/0x3a0
00018  efivarfs
00018  ? ptlrpc_start_thread+0x1f10/0x1f10 [ptlrpc]
00018  obdclass(O)
00018  ? kthread_unuse_mm+0x130/0x130
00018  ksocklnd(O)
00018  ? ret_from_fork+0x18c/0x520
00018  lnet(O)
00018  ? kthread_unuse_mm+0x130/0x130
00018  libcfs(O)
00018  ? ret_from_fork_asm+0x11/0x20
00018 
00018  </TASK>
00018 CPU: 0 UID: 0 PID: 1784 Comm: ll_ost00_002 Tainted: G        W  O        7.0.0-ktest-21af419-6330a45-20260729-dirty #1 PREEMPT 
00018 ---[ end trace 0000000000000000 ]---
00018 Tainted: [W]=WARN, [O]=OOT_MODULE
00018 ------------[ cut here ]------------
00018 Hardware name: QEMU Standard PC (Q35 + ICH9, 2009), BIOS 2025.11-3ubuntu7 03/31/2026
00018 WARNING: /home/ktest/git/linux/include/linux/fs.h:889 at osd_create+0x9cf/0xcf0 [osd_wbcfs], CPU#3: ll_ost00_000/1782
00018 RIP: 0010:osd_create+0x9cf/0xcf0 [osd_wbcfs]
00018 Modules linked in:
00018 Code: c7 c7 00 96 7b a1 48 c7 c6 a0 12 7d a1 48 c7 c2 00 1c 7d a1 e8 52 f1 43 ff 48 c7 c7 00 96 7b a1 e8 46 81 44 ff e9 fe fc ff ff <0f> 0b e9 a5 fa ff ff 48 c7 c1 80 44 5d a0 80 e1 07 80 c1 03 38 c1
00018  ofd(O)
00018 RSP: 0018:ffffc90001417878 EFLAGS: 00010246
00018  osp(O)
00018 
00018  mdd(O)
00018 RAX: 0000000000000000 RBX: ffff888134334800 RCX: 0000000000000046
00018  lod(O)
00018 RDX: 0000000000000000 RSI: ffff88804790f450 RDI: ffff88813342aaa8
00018  mdt(O)
00018 RBP: ffff88804790f3c0 R08: ffffffff83a16803 R09: 1ffffffff0742d00
00018  lquota(O)
00018 R10: dffffc0000000000 R11: fffffbfff0742d01 R12: ffff888040800030
00018  lfsck(O)
00018 R13: dffffc0000000000 R14: 1ffff11026866900 R15: 1ffff11008100042
00018  mgs(O)
00018 FS:  0000000000000000(0000) GS:ffff8881d4a2a000(0000) knlGS:0000000000000000
00018  osd_wbcfs(O)
00018 CS:  0010 DS: 0000 ES: 0000 CR0: 0000000080050033
00018 CR2: 00007fc8cfe056f0 CR3: 00000001057e1000 CR4: 0000000000750eb0
00018  lustre(O)
00018 PKRU: 55555554
00018  obdecho(O)
00018 Call Trace:
00018  <TASK>
00018  ? ofd_precreate_objects+0x1bd8/0x3220 [ofd]
00018  mgc(O)
00018  ? ofd_create_hdl+0x2015/0x3510 [ofd]
00018  mdc(O)
00018  ? tgt_request_handle+0x23ad/0x3d30 [ptlrpc]
00018  lov(O)
00018  ? ptlrpc_main+0x6359/0x96f0 [ptlrpc]
00018  osc(O)
00018  ? __kthread_parkme+0x73/0x130
00018  lmv(O)
00018  ? kthread+0x2cd/0x3a0
00018  ec(O)
00018  ? ptlrpc_start_thread+0x1f10/0x1f10 [ptlrpc]
00018  fid(O)
00018  ? kthread_unuse_mm+0x130/0x130
00018  fld(O)
00018  ? ret_from_fork+0x18c/0x520
00018  ptlrpc(O)
00018  ? kthread_unuse_mm+0x130/0x130
00018  efivarfs
00018  ? ret_from_fork_asm+0x11/0x20
00018  obdclass(O)
00018  </TASK>
00018  ksocklnd(O)
00018 ---[ end trace 0000000000000000 ]---
00018  lnet(O)
00018 ------------[ cut here ]------------
00018  libcfs(O)
00018 WARNING: /home/ktest/git/linux/include/linux/fs.h:889 at osd_create+0x9cf/0xcf0 [osd_wbcfs], CPU#0: ll_ost00_002/1784
00018 
00018 Modules linked in:
00018 CPU: 3 UID: 0 PID: 1782 Comm: ll_ost00_000 Tainted: G        W  O        7.0.0-ktest-21af419-6330a45-20260729-dirty #1 PREEMPT 
00018  ofd(O)
00018 Tainted: [W]=WARN, [O]=OOT_MODULE
00018  osp(O)
00018 Hardware name: QEMU Standard PC (Q35 + ICH9, 2009), BIOS 2025.11-3ubuntu7 03/31/2026
00018  mdd(O)
00018 RIP: 0010:osd_create+0x9cf/0xcf0 [osd_wbcfs]
00018  lod(O)
00018 Code: c7 c7 00 96 7b a1 48 c7 c6 a0 12 7d a1 48 c7 c2 00 1c 7d a1 e8 52 f1 43 ff 48 c7 c7 00 96 7b a1 e8 46 81 44 ff e9 fe fc ff ff <0f> 0b e9 a5 fa ff ff 48 c7 c1 80 44 5d a0 80 e1 07 80 c1 03 38 c1
00018  mdt(O)
00018 RSP: 0018:ffffc90002277878 EFLAGS: 00010246
00018  lquota(O)
00018 
00018  lfsck(O)
00018 RAX: 0000000000000000 RBX: ffff88811ddd2800 RCX: 0000000000000046
00018  mgs(O)
00018 RDX: 0000000000000000 RSI: ffff8881383bd0d8 RDI: ffff88813342cb68
00018  osd_wbcfs(O)
00018 RBP: ffff8881383bd048 R08: ffffffff83a16803 R09: 1ffffffff0742d00
00018  lustre(O)
00018 R10: dffffc0000000000 R11: fffffbfff0742d01 R12: ffff8880407ce030
00018  obdecho(O)
00018 R13: dffffc0000000000 R14: 1ffff11023bba500 R15: 1ffff110080f9c42
00018  mgc(O)
00018 FS:  0000000000000000(0000) GS:ffff8881d4baa000(0000) knlGS:0000000000000000
00018  mdc(O)
00018 CS:  0010 DS: 0000 ES: 0000 CR0: 0000000080050033
00018  lov(O)
00018 CR2: 00007fc8cfe181e0 CR3: 0000000004274000 CR4: 0000000000750eb0
00018  osc(O)
00018 PKRU: 55555554
00018  lmv(O)
00018 Call Trace:
00018  ec(O)
00018  <TASK>
00018  fid(O)
00018  ? ofd_precreate_objects+0x1bd8/0x3220 [ofd]
00018  fld(O)
00018  ? ofd_create_hdl+0x2015/0x3510 [ofd]
00018  ptlrpc(O)
00018  ? tgt_request_handle+0x23ad/0x3d30 [ptlrpc]
00018  efivarfs
00018  ? ptlrpc_main+0x6359/0x96f0 [ptlrpc]
00018  obdclass(O)
00018  ? __kthread_parkme+0x73/0x130
00018  ksocklnd(O)
00018  ? kthread+0x2cd/0x3a0
00018  lnet(O)
00018  ? ptlrpc_start_thread+0x1f10/0x1f10 [ptlrpc]
00018  libcfs(O)
00018  ? kthread_unuse_mm+0x130/0x130
00018 
00018 ------------[ cut here ]------------
00018 WARNING: /home/ktest/git/linux/include/linux/fs.h:889 at osd_create+0x9cf/0xcf0 [osd_wbcfs], CPU#2: llog_process_th/1826
00018 Modules linked in: ofd(O) osp(O) mdd(O) lod(O) mdt(O) lquota(O) lfsck(O) mgs(O) osd_wbcfs(O) lustre(O) obdecho(O) mgc(O) mdc(O) lov(O) osc(O) lmv(O) ec(O) fid(O) fld(O) ptlrpc(O) efivarfs obdclass(O) ksocklnd(O) lnet(O) libcfs(O)
00018 CPU: 2 UID: 0 PID: 1826 Comm: llog_process_th Tainted: G        W  O        7.0.0-ktest-21af419-6330a45-20260729-dirty #1 PREEMPT 
00018 Tainted: [W]=WARN, [O]=OOT_MODULE
00018 Hardware name: QEMU Standard PC (Q35 + ICH9, 2009), BIOS 2025.11-3ubuntu7 03/31/2026
00018  ? ret_from_fork+0x18c/0x520
00018 RIP: 0010:osd_create+0x9cf/0xcf0 [osd_wbcfs]
00018 Code: c7 c7 00 96 7b a1 48 c7 c6 a0 12 7d a1 48 c7 c2 00 1c 7d a1 e8 52 f1 43 ff 48 c7 c7 00 96 7b a1 e8 46 81 44 ff e9 fe fc ff ff <0f> 0b e9 a5 fa ff ff 48 c7 c1 80 44 5d a0 80 e1 07 80 c1 03 38 c1
00018 RSP: 0018:ffffc90007d0f5a0 EFLAGS: 00010246
00018 RAX: 0000000000000000 RBX: ffff8881334b7400 RCX: 0000000000000046
00018 RDX: 0000000000000000 RSI: ffff8880407f6d38 RDI: ffff888134b70998
00018 RBP: ffff8880407f6ca8 R08: ffffffff83a16803 R09: 1ffffffff0742d00
00018 R10: dffffc0000000000 R11: fffffbfff0742d01 R12: ffff8881348e6c00
00018 R13: dffffc0000000000 R14: 1ffff11026696e80 R15: 1ffff1102691cd8f
00018 FS:  0000000000000000(0000) GS:ffff8881d4b2a000(0000) knlGS:0000000000000000
00018 CS:  0010 DS: 0000 ES: 0000 CR0: 0000000080050033
00018 CR2: 0000557fb22e5898 CR3: 00000001057e1000 CR4: 0000000000750eb0
00018 PKRU: 55555554
00018 Call Trace:
00018  <TASK>
00018 CPU: 0 UID: 0 PID: 1784 Comm: ll_ost00_002 Tainted: G        W  O        7.0.0-ktest-21af419-6330a45-20260729-dirty #1 PREEMPT 
00018  ? local_object_create+0x109/0x640 [obdclass]
00018  ? kthread_unuse_mm+0x130/0x130
00018 Tainted: [W]=WARN, [O]=OOT_MODULE
00018  ? dt_write_lock+0x16d/0x2a0 [obdclass]
00018  ? ret_from_fork_asm+0x11/0x20
00018 Hardware name: QEMU Standard PC (Q35 + ICH9, 2009), BIOS 2025.11-3ubuntu7 03/31/2026
00018  ? llog_osd_create+0x356/0x10d0 [obdclass]
00018  ? llog_create+0x2ed/0x530 [obdclass]
00018  </TASK>
00018 RIP: 0010:osd_create+0x9cf/0xcf0 [osd_wbcfs]
00018  ? llog_open_create+0x6e7/0xb30 [obdclass]
00018 ---[ end trace 0000000000000000 ]---
00018  ? osp_sync_init+0xfc0/0x2760 [osp]
00018 Code: c7 c7 00 96 7b a1 48 c7 c6 a0 12 7d a1 48 c7 c2 00 1c 7d a1 e8 52 f1 43 ff 48 c7 c7 00 96 7b a1 e8 46 81 44 ff e9 fe fc ff ff <0f> 0b e9 a5 fa ff ff 48 c7 c1 80 44 5d a0 80 e1 07 80 c1 03 38 c1
00018  ? osp_device_alloc+0x1b91/0x2e10 [osp]
00018  ? obd_setup+0x25c/0x950 [obdclass]
00018 ------------[ cut here ]------------
00018 RSP: 0018:ffffc90001417878 EFLAGS: 00010246
00018  ? class_setup+0xc7d/0x10e0 [obdclass]
00018 WARNING: /home/ktest/git/linux/include/linux/fs.h:889 at osd_create+0x9cf/0xcf0 [osd_wbcfs], CPU#3: ll_ost00_000/1782
00018 
00018  ? class_process_config+0x2edb/0x7cb0 [obdclass]
00018 Modules linked in:
00018  ? __kasan_kmalloc+0x72/0x80
00018 RAX: 0000000000000000 RBX: ffff888134350000 RCX: 0000000000000046
00018  ofd(O)
00018  ? class_config_llog_handler+0x2954/0x4f80 [obdclass]
00018 RDX: 0000000000000000 RSI: ffff88804790ed38 RDI: ffff88813342aaa8
00018  osp(O)
00018 RBP: ffff88804790eca8 R08: ffffffff83a16803 R09: 1ffffffff0742d00
00018  mdd(O)
00018  ? class_config_llog_handler+0x2cea/0x4f80 [obdclass]
00018 R10: dffffc0000000000 R11: fffffbfff0742d01 R12: ffff888040800030
00018  lod(O)
00018 R13: dffffc0000000000 R14: 1ffff1102686a000 R15: 1ffff11008100042
00018  ? lustre_cfg_rec_free+0x350/0x350 [obdclass]
00018  mdt(O)
00018 FS:  0000000000000000(0000) GS:ffff8881d4a2a000(0000) knlGS:0000000000000000
00018  lquota(O)
00018 CS:  0010 DS: 0000 ES: 0000 CR0: 0000000080050033
00018  lfsck(O)
00018  ? llog_process_thread+0x1fd2/0x4f70 [obdclass]
00018 CR2: 00007fc8cfe056f0 CR3: 00000001057e1000 CR4: 0000000000750eb0
00018  mgs(O)
00018  ? _raw_spin_unlock+0x23/0x40
00018 PKRU: 55555554
00018  osd_wbcfs(O)
00018  ? llog_process_thread_daemonize+0x16d/0x1b0 [obdclass]
00018 Call Trace:
00018  ? kthread+0x2cd/0x3a0
00018  lustre(O)
00018  <TASK>
00018  ? llog_process_or_fork+0xc90/0xc90 [obdclass]
00018  ? kthread_unuse_mm+0x130/0x130
00018  ? ret_from_fork+0x18c/0x520
00018  ? kthread_unuse_mm+0x130/0x130
00018  ? ret_from_fork_asm+0x11/0x20
00018  </TASK>
00018 ---[ end trace 0000000000000000 ]---
00018  obdecho(O)
00018  ? ofd_precreate_objects+0x1bd8/0x3220 [ofd]
00018  mgc(O)
00018  ? ofd_create_hdl+0x2015/0x3510 [ofd]
00018  mdc(O)
00018  ? tgt_request_handle+0x23ad/0x3d30 [ptlrpc]
00018 ------------[ cut here ]------------
00018  lov(O) osc(O) lmv(O) ec(O) fid(O) fld(O) ptlrpc(O) efivarfs obdclass(O) ksocklnd(O) lnet(O) libcfs(O)
00018 CPU: 3 UID: 0 PID: 1782 Comm: ll_ost00_000 Tainted: G        W  O        7.0.0-ktest-21af419-6330a45-20260729-dirty #1 PREEMPT 
00018 Tainted: [W]=WARN, [O]=OOT_MODULE
00018 Hardware name: QEMU Standard PC (Q35 + ICH9, 2009), BIOS 2025.11-3ubuntu7 03/31/2026
00018 RIP: 0010:osd_create+0x9cf/0xcf0 [osd_wbcfs]
00018 Code: c7 c7 00 96 7b a1 48 c7 c6 a0 12 7d a1 48 c7 c2 00 1c 7d a1 e8 52 f1 43 ff 48 c7 c7 00 96 7b a1 e8 46 81 44 ff e9 fe fc ff ff <0f> 0b e9 a5 fa ff ff 48 c7 c1 80 44 5d a0 80 e1 07 80 c1 03 38 c1
00018 RSP: 0018:ffffc90002277878 EFLAGS: 00010246
00018 RAX: 0000000000000000 RBX: ffff88811ddd1000 RCX: 0000000000000046
00018 RDX: 0000000000000000 RSI: ffff8881383bc9c0 RDI: ffff88813342cb68
00018 RBP: ffff8881383bc930 R08: ffffffff83a16803 R09: 1ffffffff0742d00
00018 R10: dffffc0000000000 R11: fffffbfff0742d01 R12: ffff8880407ce030
00018 R13: dffffc0000000000 R14: 1ffff11023bba200 R15: 1ffff110080f9c42
00018 FS:  0000000000000000(0000) GS:ffff8881d4baa000(0000) knlGS:0000000000000000
00018 CS:  0010 DS: 0000 ES: 0000 CR0: 0000000080050033
00018 CR2: 00007fc8cfe181e0 CR3: 0000000004274000 CR4: 0000000000750eb0
00018 PKRU: 55555554
00018 Call Trace:
00018  <TASK>
00018  ? ofd_precreate_objects+0x1bd8/0x3220 [ofd]
00018 WARNING: /home/ktest/git/linux/include/linux/fs.h:889 at osd_create+0x9cf/0xcf0 [osd_wbcfs], CPU#2: llog_process_th/1826
00018 Modules linked in: ofd(O)
00018  ? ofd_create_hdl+0x2015/0x3510 [ofd]
00018  ? ptlrpc_main+0x6359/0x96f0 [ptlrpc]
00018  osp(O)
00018  ? tgt_request_handle+0x23ad/0x3d30 [ptlrpc]
00018  mdd(O)
00018  ? __kthread_parkme+0x73/0x130
00018  lod(O)
00018  ? kthread+0x2cd/0x3a0
00018  ? ptlrpc_start_thread+0x1f10/0x1f10 [ptlrpc]
00018  ? ptlrpc_main+0x6359/0x96f0 [ptlrpc]
00018  ? __kthread_parkme+0x73/0x130
00018  ? kthread+0x2cd/0x3a0
00018  mdt(O)
00018  ? kthread_unuse_mm+0x130/0x130
00018  ? ret_from_fork+0x18c/0x520
00018  ? kthread_unuse_mm+0x130/0x130
00018  ? ret_from_fork_asm+0x11/0x20
00018  ? ptlrpc_start_thread+0x1f10/0x1f10 [ptlrpc]
00018  lquota(O)
00018  </TASK>
00018 ---[ end trace 0000000000000000 ]---
00018 ------------[ cut here ]------------
00018  ? kthread_unuse_mm+0x130/0x130
00018  ? ret_from_fork+0x18c/0x520
00018  ? kthread_unuse_mm+0x130/0x130
00018  lfsck(O) mgs(O) osd_wbcfs(O) lustre(O) obdecho(O) mgc(O) mdc(O) lov(O) osc(O) lmv(O) ec(O) fid(O) fld(O) ptlrpc(O) efivarfs obdclass(O) ksocklnd(O) lnet(O) libcfs(O)
00018 WARNING: /home/ktest/git/linux/include/linux/fs.h:889 at osd_create+0x9cf/0xcf0 [osd_wbcfs], CPU#0: ll_ost00_002/1784
00018 CPU: 2 UID: 0 PID: 1826 Comm: llog_process_th Tainted: G        W  O        7.0.0-ktest-21af419-6330a45-20260729-dirty #1 PREEMPT 
00018 Tainted: [W]=WARN, [O]=OOT_MODULE
00018 Hardware name: QEMU Standard PC (Q35 + ICH9, 2009), BIOS 2025.11-3ubuntu7 03/31/2026
00018 RIP: 0010:osd_create+0x9cf/0xcf0 [osd_wbcfs]
00018 Code: c7 c7 00 96 7b a1 48 c7 c6 a0 12 7d a1 48 c7 c2 00 1c 7d a1 e8 52 f1 43 ff 48 c7 c7 00 96 7b a1 e8 46 81 44 ff e9 fe fc ff ff <0f> 0b e9 a5 fa ff ff 48 c7 c1 80 44 5d a0 80 e1 07 80 c1 03 38 c1
00018 RSP: 0018:ffffc90007d0f450 EFLAGS: 00010246
00018 RAX: 0000000000000000 RBX: ffff8881336d7c00 RCX: 0000000000000046
00018 RDX: 0000000000000000 RSI: ffff8880407f6620 RDI: ffff888134b709c0
00018  ? ret_from_fork_asm+0x11/0x20
00018 RBP: ffff8880407f6590 R08: ffffffff83a16803 R09: 1ffffffff0742d00
00018 R10: dffffc0000000000 R11: fffffbfff0742d01 R12: ffff8881348e6c00
00018 R13: dffffc0000000000 R14: 1ffff110266daf80 R15: 1ffff1102691cd8f
00018 FS:  0000000000000000(0000) GS:ffff8881d4b2a000(0000) knlGS:0000000000000000
00018 CS:  0010 DS: 0000 ES: 0000 CR0: 0000000080050033
00018 CR2: 0000557fb22e5898 CR3: 00000001057e1000 CR4: 0000000000750eb0
00018 Modules linked in:
00018 PKRU: 55555554
00018 Call Trace:
00018  <TASK>
00018  </TASK>
00018  ofd(O)
00018  ? local_object_create+0x109/0x640 [obdclass]
00018 ---[ end trace 0000000000000000 ]---
00018  osp(O) mdd(O) lod(O) mdt(O) lquota(O) lfsck(O) mgs(O) osd_wbcfs(O) lustre(O) obdecho(O) mgc(O) mdc(O) lov(O) osc(O) lmv(O) ec(O)
00018 ------------[ cut here ]------------
00018  fid(O) fld(O) ptlrpc(O)
00018 WARNING: /home/ktest/git/linux/include/linux/fs.h:889 at osd_create+0x9cf/0xcf0 [osd_wbcfs], CPU#3: ll_ost00_000/1782
00018 Modules linked in: ofd(O) osp(O) mdd(O) lod(O) mdt(O) lquota(O) lfsck(O) mgs(O) osd_wbcfs(O) lustre(O) obdecho(O) mgc(O) mdc(O) lov(O) osc(O) lmv(O) ec(O) fid(O) fld(O) ptlrpc(O) efivarfs obdclass(O) ksocklnd(O) lnet(O) libcfs(O)
00018 CPU: 3 UID: 0 PID: 1782 Comm: ll_ost00_000 Tainted: G        W  O        7.0.0-ktest-21af419-6330a45-20260729-dirty #1 PREEMPT 
00018 Tainted: [W]=WARN, [O]=OOT_MODULE
00018 Hardware name: QEMU Standard PC (Q35 + ICH9, 2009), BIOS 2025.11-3ubuntu7 03/31/2026
00018 RIP: 0010:osd_create+0x9cf/0xcf0 [osd_wbcfs]
00018 Code: c7 c7 00 96 7b a1 48 c7 c6 a0 12 7d a1 48 c7 c2 00 1c 7d a1 e8 52 f1 43 ff 48 c7 c7 00 96 7b a1 e8 46 81 44 ff e9 fe fc ff ff <0f> 0b e9 a5 fa ff ff 48 c7 c1 80 44 5d a0 80 e1 07 80 c1 03 38 c1
00018 RSP: 0018:ffffc90002277878 EFLAGS: 00010246
00018 RAX: 0000000000000000 RBX: ffff8881194d8c00 RCX: 0000000000000046
00018 RDX: 0000000000000000 RSI: ffff8881383bc2a8 RDI: ffff88813342cb68
00018 RBP: ffff8881383bc218 R08: ffffffff83a16803 R09: 1ffffffff0742d00
00018 R10: dffffc0000000000 R11: fffffbfff0742d01 R12: ffff8880407ce030
00018 R13: dffffc0000000000 R14: 1ffff1102329b180 R15: 1ffff110080f9c42
00018 FS:  0000000000000000(0000) GS:ffff8881d4baa000(0000) knlGS:0000000000000000
00018 CS:  0010 DS: 0000 ES: 0000 CR0: 0000000080050033
00018 CR2: 00007fc8cfe181e0 CR3: 0000000004274000 CR4: 0000000000750eb0
00018 PKRU: 55555554
00018 Call Trace:
00018  <TASK>
00018  ? ofd_precreate_objects+0x1bd8/0x3220 [ofd]
00018  ? dt_write_lock+0x16d/0x2a0 [obdclass]
00018  efivarfs
00018  ? llog_osd_create+0x356/0x10d0 [obdclass]
00018  ? llog_create+0x2ed/0x530 [obdclass]
00018  ? ofd_create_hdl+0x2015/0x3510 [ofd]
00018  ? llog_cat_new_log+0x6d1/0x2970 [obdclass]
00018  obdclass(O) ksocklnd(O)
00018  ? llog_cat_add_rec+0x6ba/0x1960 [obdclass]
00018  lnet(O) libcfs(O)
00018 CPU: 0 UID: 0 PID: 1784 Comm: ll_ost00_002 Tainted: G        W  O        7.0.0-ktest-21af419-6330a45-20260729-dirty #1 PREEMPT 
00018 Tainted: [W]=WARN, [O]=OOT_MODULE
00018 Hardware name: QEMU Standard PC (Q35 + ICH9, 2009), BIOS 2025.11-3ubuntu7 03/31/2026
00018 RIP: 0010:osd_create+0x9cf/0xcf0 [osd_wbcfs]
00018  ? tgt_request_handle+0x23ad/0x3d30 [ptlrpc]
00018  ? llog_cat_add+0x499/0x7a0 [obdclass]
00018  ? ptlrpc_main+0x6359/0x96f0 [ptlrpc]
00018  ? __kthread_parkme+0x73/0x130
00018  ? kthread+0x2cd/0x3a0
00018 Code: c7 c7 00 96 7b a1 48 c7 c6 a0 12 7d a1 48 c7 c2 00 1c 7d a1 e8 52 f1 43 ff 48 c7 c7 00 96 7b a1 e8 46 81 44 ff e9 fe fc ff ff <0f> 0b e9 a5 fa ff ff 48 c7 c1 80 44 5d a0 80 e1 07 80 c1 03 38 c1
00018 RSP: 0018:ffffc90001417878 EFLAGS: 00010246
00018 RAX: 0000000000000000 RBX: ffff888134353c00 RCX: 0000000000000046
00018 RDX: 0000000000000000 RSI: ffff88804790e620 RDI: ffff88813342aaa8
00018 RBP: ffff88804790e590 R08: ffffffff83a16803 R09: 1ffffffff0742d00
00018 R10: dffffc0000000000 R11: fffffbfff0742d01 R12: ffff888040800030
00018 R13: dffffc0000000000 R14: 1ffff1102686a780 R15: 1ffff11008100042
00018 FS:  0000000000000000(0000) GS:ffff8881d4a2a000(0000) knlGS:0000000000000000
00018  ? ptlrpc_start_thread+0x1f10/0x1f10 [ptlrpc]
00018 CS:  0010 DS: 0000 ES: 0000 CR0: 0000000080050033
00018  ? osp_sync_init+0x1588/0x2760 [osp]
00018  ? osp_device_alloc+0x1b91/0x2e10 [osp]
00018 CR2: 00007fc8cfe056f0 CR3: 00000001057e1000 CR4: 0000000000750eb0
00018  ? obd_setup+0x25c/0x950 [obdclass]
00018  ? kthread_unuse_mm+0x130/0x130
00018 PKRU: 55555554
00018  ? class_setup+0xc7d/0x10e0 [obdclass]
00018  ? ret_from_fork+0x18c/0x520
00018  ? class_process_config+0x2edb/0x7cb0 [obdclass]
00018 Call Trace:
00018  ? __kasan_kmalloc+0x72/0x80
00018  ? kthread_unuse_mm+0x130/0x130
00018  ? class_config_llog_handler+0x2954/0x4f80 [obdclass]
00018  <TASK>
00018  ? class_config_llog_handler+0x2cea/0x4f80 [obdclass]
00018  ? ret_from_fork_asm+0x11/0x20
00018  ? ofd_precreate_objects+0x1bd8/0x3220 [ofd]
00018  </TASK>
00018 ---[ end trace 0000000000000000 ]---
00018  ? ofd_create_hdl+0x2015/0x3510 [ofd]
00018 ------------[ cut here ]------------
00018 WARNING: /home/ktest/git/linux/include/linux/fs.h:889 at osd_create+0x9cf/0xcf0 [osd_wbcfs], CPU#3: ll_ost00_000/1782
00018 Modules linked in: ofd(O) osp(O) mdd(O) lod(O) mdt(O) lquota(O) lfsck(O)
00018  ? lustre_cfg_rec_free+0x350/0x350 [obdclass]
00018  mgs(O) osd_wbcfs(O) lustre(O) obdecho(O) mgc(O) mdc(O) lov(O) osc(O) lmv(O) ec(O) fid(O) fld(O) ptlrpc(O) efivarfs obdclass(O) ksocklnd(O) lnet(O) libcfs(O)
00018  ? tgt_request_handle+0x23ad/0x3d30 [ptlrpc]
00018 CPU: 3 UID: 0 PID: 1782 Comm: ll_ost00_000 Tainted: G        W  O        7.0.0-ktest-21af419-6330a45-20260729-dirty #1 PREEMPT 
00018  ? llog_process_thread+0x1fd2/0x4f70 [obdclass]
00018  ? ptlrpc_main+0x6359/0x96f0 [ptlrpc]
00018 Tainted: [W]=WARN, [O]=OOT_MODULE
00018 Hardware name: QEMU Standard PC (Q35 + ICH9, 2009), BIOS 2025.11-3ubuntu7 03/31/2026
00018 RIP: 0010:osd_create+0x9cf/0xcf0 [osd_wbcfs]
00018 Code: c7 c7 00 96 7b a1 48 c7 c6 a0 12 7d a1 48 c7 c2 00 1c 7d a1 e8 52 f1 43 ff 48 c7 c7 00 96 7b a1 e8 46 81 44 ff e9 fe fc ff ff <0f> 0b e9 a5 fa ff ff 48 c7 c1 80 44 5d a0 80 e1 07 80 c1 03 38 c1
00018  ? _raw_spin_unlock+0x23/0x40
00018  ? __kthread_parkme+0x73/0x130
00018 RSP: 0018:ffffc90002277878 EFLAGS: 00010246
00018  ? llog_process_thread_daemonize+0x16d/0x1b0 [obdclass]
00018  ? kthread+0x2cd/0x3a0
00018 
00018  ? kthread+0x2cd/0x3a0
00018  ? llog_process_or_fork+0xc90/0xc90 [obdclass]
00018  ? ptlrpc_start_thread+0x1f10/0x1f10 [ptlrpc]
00018 RAX: 0000000000000000 RBX: ffff88813461a000 RCX: 0000000000000046
00018 RDX: 0000000000000000 RSI: ffff8881383bbb90 RDI: ffff88813342cb68
00018 RBP: ffff8881383bbb00 R08: ffffffff83a16803 R09: 1ffffffff0742d00
00018 R10: dffffc0000000000 R11: fffffbfff0742d01 R12: ffff8880407ce030
00018 R13: dffffc0000000000 R14: 1ffff110268c3400 R15: 1ffff110080f9c42
00018 FS:  0000000000000000(0000) GS:ffff8881d4baa000(0000) knlGS:0000000000000000
00018 CS:  0010 DS: 0000 ES: 0000 CR0: 0000000080050033
00018 CR2: 00007fc8cfe181e0 CR3: 0000000004274000 CR4: 0000000000750eb0
00018  ? kthread_unuse_mm+0x130/0x130
00018 PKRU: 55555554
00018 Call Trace:
00018  <TASK>
00018  ? ofd_precreate_objects+0x1bd8/0x3220 [ofd]
00018  ? kthread_unuse_mm+0x130/0x130
00018  ? ret_from_fork+0x18c/0x520
00018  ? kthread_unuse_mm+0x130/0x130
00018  ? ret_from_fork+0x18c/0x520
00018  ? ret_from_fork_asm+0x11/0x20
00018  </TASK>
00018 ---[ end trace 0000000000000000 ]---
00018  ? ofd_create_hdl+0x2015/0x3510 [ofd]
00018  ? kthread_unuse_mm+0x130/0x130
00018  ? tgt_request_handle+0x23ad/0x3d30 [ptlrpc]
00018  ? ret_from_fork_asm+0x11/0x20
00018  ? ptlrpc_main+0x6359/0x96f0 [ptlrpc]
00018  </TASK>
00018  ? __kthread_parkme+0x73/0x130
00018 ---[ end trace 0000000000000000 ]---
00018  ? kthread+0x2cd/0x3a0
00018 ------------[ cut here ]------------
00018  ? ptlrpc_start_thread+0x1f10/0x1f10 [ptlrpc]
00018 WARNING: /home/ktest/git/linux/include/linux/fs.h:889 at osd_create+0x9cf/0xcf0 [osd_wbcfs], CPU#0: ll_ost00_002/1784
00018  ? kthread_unuse_mm+0x130/0x130
00018 Modules linked in:
00018  ? ret_from_fork+0x18c/0x520
00018  ofd(O)
00018 ------------[ cut here ]------------
00018 WARNING: /home/ktest/git/linux/include/linux/fs.h:889 at osd_create+0x9cf/0xcf0 [osd_wbcfs], CPU#1: ll_ost00_004/1832
00018 Modules linked in: ofd(O) osp(O) mdd(O) lod(O)
00018  ? kthread_unuse_mm+0x130/0x130
00018  ? ret_from_fork_asm+0x11/0x20
00018  </TASK>
00018 ---[ end trace 0000000000000000 ]---
00018 ------------[ cut here ]------------
00018 WARNING: /home/ktest/git/linux/include/linux/fs.h:889 at osd_create+0x9cf/0xcf0 [osd_wbcfs], CPU#3: ll_ost00_000/1782
00018 Modules linked in: ofd(O) osp(O) mdd(O) lod(O) mdt(O) lquota(O) lfsck(O) mgs(O) osd_wbcfs(O) lustre(O) obdecho(O) mgc(O) mdc(O) lov(O) osc(O) lmv(O) ec(O) fid(O) fld(O) ptlrpc(O) efivarfs obdclass(O) ksocklnd(O) lnet(O) libcfs(O)
00018 CPU: 3 UID: 0 PID: 1782 Comm: ll_ost00_000 Tainted: G        W  O        7.0.0-ktest-21af419-6330a45-20260729-dirty #1 PREEMPT 
00018 Tainted: [W]=WARN, [O]=OOT_MODULE
00018 Hardware name: QEMU Standard PC (Q35 + ICH9, 2009), BIOS 2025.11-3ubuntu7 03/31/2026
00018 RIP: 0010:osd_create+0x9cf/0xcf0 [osd_wbcfs]
00018 Code: c7 c7 00 96 7b a1 48 c7 c6 a0 12 7d a1 48 c7 c2 00 1c 7d a1 e8 52 f1 43 ff 48 c7 c7 00 96 7b a1 e8 46 81 44 ff e9 fe fc ff ff <0f> 0b e9 a5 fa ff ff 48 c7 c1 80 44 5d a0 80 e1 07 80 c1 03 38 c1
00018 RSP: 0018:ffffc90002277878 EFLAGS: 00010246
00018 RAX: 0000000000000000 RBX: ffff888134635000 RCX: 0000000000000046
00018 RDX: 0000000000000000 RSI: ffff8881383bb478 RDI: ffff88813342cb68
00018 RBP: ffff8881383bb3e8 R08: ffffffff83a16803 R09: 1ffffffff0742d00
00018 R10: dffffc0000000000 R11: fffffbfff0742d01 R12: ffff8880407ce030
00018 R13: dffffc0000000000 R14: 1ffff110268c6a00 R15: 1ffff110080f9c42
00018 FS:  0000000000000000(0000) GS:ffff8881d4baa000(0000) knlGS:0000000000000000
00018 CS:  0010 DS: 0000 ES: 0000 CR0: 0000000080050033
00018 CR2: 00007fc8cfe181e0 CR3: 0000000004274000 CR4: 0000000000750eb0
00018 PKRU: 55555554
00018 Call Trace:
00018  <TASK>
00018  ? ofd_precreate_objects+0x1bd8/0x3220 [ofd]
00018  ? ofd_create_hdl+0x2015/0x3510 [ofd]
00018  osp(O) mdd(O) lod(O) mdt(O)
00018  ? tgt_request_handle+0x23ad/0x3d30 [ptlrpc]
00018  mdt(O)
00018  lquota(O) lfsck(O)
00018  ? ptlrpc_main+0x6359/0x96f0 [ptlrpc]
00018  ? __kthread_parkme+0x73/0x130
00018  lquota(O)
00018  ? kthread+0x2cd/0x3a0
00018  ? ptlrpc_start_thread+0x1f10/0x1f10 [ptlrpc]
00018  mgs(O) osd_wbcfs(O)
00018  ? kthread_unuse_mm+0x130/0x130
00018  ? ret_from_fork+0x18c/0x520
00018  ? kthread_unuse_mm+0x130/0x130
00018  ? ret_from_fork_asm+0x11/0x20
00018  </TASK>
00018 ---[ end trace 0000000000000000 ]---
00018 ------------[ cut here ]------------
00018 WARNING: /home/ktest/git/linux/include/linux/fs.h:889 at osd_create+0x9cf/0xcf0 [osd_wbcfs], CPU#3: ll_ost00_000/1782
00018 Modules linked in: ofd(O) osp(O) mdd(O) lod(O) mdt(O) lquota(O) lfsck(O) mgs(O) osd_wbcfs(O) lustre(O) obdecho(O) mgc(O) mdc(O) lov(O) osc(O) lmv(O) ec(O) fid(O) fld(O) ptlrpc(O) efivarfs obdclass(O) ksocklnd(O) lnet(O) libcfs(O)
00018 CPU: 3 UID: 0 PID: 1782 Comm: ll_ost00_000 Tainted: G        W  O        7.0.0-ktest-21af419-6330a45-20260729-dirty #1 PREEMPT 
00018 Tainted: [W]=WARN, [O]=OOT_MODULE
00018 Hardware name: QEMU Standard PC (Q35 + ICH9, 2009), BIOS 2025.11-3ubuntu7 03/31/2026
00018  lfsck(O) mgs(O) osd_wbcfs(O) lustre(O) obdecho(O) mgc(O) mdc(O) lov(O) osc(O) lmv(O) ec(O) fid(O) fld(O) ptlrpc(O) efivarfs obdclass(O) ksocklnd(O) lnet(O) libcfs(O)
00018 CPU: 1 UID: 0 PID: 1832 Comm: ll_ost00_004 Tainted: G        W  O        7.0.0-ktest-21af419-6330a45-20260729-dirty #1 PREEMPT 
00018 Tainted: [W]=WARN, [O]=OOT_MODULE
00018 Hardware name: QEMU Standard PC (Q35 + ICH9, 2009), BIOS 2025.11-3ubuntu7 03/31/2026
00018 RIP: 0010:osd_create+0x9cf/0xcf0 [osd_wbcfs]
00018 Code: c7 c7 00 96 7b a1 48 c7 c6 a0 12 7d a1 48 c7 c2 00 1c 7d a1 e8 52 f1 43 ff 48 c7 c7 00 96 7b a1 e8 46 81 44 ff e9 fe fc ff ff <0f> 0b e9 a5 fa ff ff 48 c7 c1 80 44 5d a0 80 e1 07 80 c1 03 38 c1
00018 RSP: 0018:ffffc90007ebf950 EFLAGS: 00010246
00018 RAX: 0000000000000000 RBX: ffff8881337d1000 RCX: 0000000000000046
00018 RDX: 0000000000000000 RSI: ffff8880749050d8 RDI: ffff88811b920998
00018 RBP: ffff888074905048 R08: ffffffff83a16803 R09: 1ffffffff0742d00
00018 R10: dffffc0000000000 R11: fffffbfff0742d01 R12: ffff888104684030
00018 R13: dffffc0000000000 R14: 1ffff110266fa200 R15: 1ffff110208d0842
00018 FS:  0000000000000000(0000) GS:ffff8881d4aaa000(0000) knlGS:0000000000000000
00018 CS:  0010 DS: 0000 ES: 0000 CR0: 0000000080050033
00018 CR2: 000055a86c1ba410 CR3: 000000011b6b5000 CR4: 0000000000750eb0
00018 PKRU: 55555554
00018 Call Trace:
00018  <TASK>
00018  lustre(O)
00018 RIP: 0010:osd_create+0x9cf/0xcf0 [osd_wbcfs]
00018  ? dt_find_or_create+0x81a/0x1170 [obdclass]
00018  obdecho(O)
00018  ? ofd_seq_load+0x605/0x1ac0 [ofd]
00018  ? ofd_get_info_hdl+0xfdd/0x2330 [ofd]
00018 Code: c7 c7 00 96 7b a1 48 c7 c6 a0 12 7d a1 48 c7 c2 00 1c 7d a1 e8 52 f1 43 ff 48 c7 c7 00 96 7b a1 e8 46 81 44 ff e9 fe fc ff ff <0f> 0b e9 a5 fa ff ff 48 c7 c1 80 44 5d a0 80 e1 07 80 c1 03 38 c1
00018  mgc(O)
00018  ? tgt_request_handle+0x23ad/0x3d30 [ptlrpc]
00018 RSP: 0018:ffffc90002277878 EFLAGS: 00010246
00018  mdc(O)
00018 
00018  lov(O)
00018  ? ptlrpc_main+0x6359/0x96f0 [ptlrpc]
00018 RAX: 0000000000000000 RBX: ffff888134634c00 RCX: 0000000000000046
00018  osc(O)
00018  ? __kthread_parkme+0x73/0x130
00018  ? kthread+0x2cd/0x3a0
00018 RDX: 0000000000000000 RSI: ffff8881383bad60 RDI: ffff88813342cb68
00018  lmv(O)
00018  ? ptlrpc_start_thread+0x1f10/0x1f10 [ptlrpc]
00018 RBP: ffff8881383bacd0 R08: ffffffff83a16803 R09: 1ffffffff0742d00
00018  ec(O)
00018 R10: dffffc0000000000 R11: fffffbfff0742d01 R12: ffff8880407ce030
00018  fid(O)
00018 R13: dffffc0000000000 R14: 1ffff110268c6980 R15: 1ffff110080f9c42
00018  fld(O)
00018  ? kthread_unuse_mm+0x130/0x130
00018  ? ret_from_fork+0x18c/0x520
00018  ? kthread_unuse_mm+0x130/0x130
00018 FS:  0000000000000000(0000) GS:ffff8881d4baa000(0000) knlGS:0000000000000000
00018  ? ret_from_fork_asm+0x11/0x20
00018  </TASK>
00018 ---[ end trace 0000000000000000 ]---
00018  ptlrpc(O)
00018 CS:  0010 DS: 0000 ES: 0000 CR0: 0000000080050033
00018  efivarfs
00018 CR2: 00007fc8cfe181e0 CR3: 0000000004274000 CR4: 0000000000750eb0
00018  obdclass(O)
00018 PKRU: 55555554
00018 ------------[ cut here ]------------
00018 WARNING: /home/ktest/git/linux/include/linux/fs.h:889 at osd_create+0x9cf/0xcf0 [osd_wbcfs], CPU#1: ll_ost00_001/1783
00018 Modules linked in:
00018  ksocklnd(O)
00018  ofd(O) osp(O) mdd(O) lod(O) mdt(O) lquota(O) lfsck(O) mgs(O) osd_wbcfs(O) lustre(O) obdecho(O) mgc(O) mdc(O) lov(O) osc(O) lmv(O) ec(O) fid(O) fld(O) ptlrpc(O) efivarfs obdclass(O) ksocklnd(O) lnet(O) libcfs(O)
00018 CPU: 1 UID: 0 PID: 1783 Comm: ll_ost00_001 Tainted: G        W  O        7.0.0-ktest-21af419-6330a45-20260729-dirty #1 PREEMPT 
00018 Tainted: [W]=WARN, [O]=OOT_MODULE
00018 Hardware name: QEMU Standard PC (Q35 + ICH9, 2009), BIOS 2025.11-3ubuntu7 03/31/2026
00018 RIP: 0010:osd_create+0x9cf/0xcf0 [osd_wbcfs]
00018 Call Trace:
00018 Code: c7 c7 00 96 7b a1 48 c7 c6 a0 12 7d a1 48 c7 c2 00 1c 7d a1 e8 52 f1 43 ff 48 c7 c7 00 96 7b a1 e8 46 81 44 ff e9 fe fc ff ff <0f> 0b e9 a5 fa ff ff 48 c7 c1 80 44 5d a0 80 e1 07 80 c1 03 38 c1
00018 RSP: 0018:ffffc90002267878 EFLAGS: 00010246
00018 RAX: 0000000000000000 RBX: ffff8881337d0800 RCX: 0000000000000046
00018 RDX: 0000000000000000 RSI: ffff8880749049c0 RDI: ffff888040c12aa8
00018 RBP: ffff888074904930 R08: ffffffff83a16803 R09: 1ffffffff0742d00
00018 R10: dffffc0000000000 R11: fffffbfff0742d01 R12: ffff8880406fe030
00018 R13: dffffc0000000000 R14: 1ffff110266fa100 R15: 1ffff110080dfc42
00018 FS:  0000000000000000(0000) GS:ffff8881d4aaa000(0000) knlGS:0000000000000000
00018 CS:  0010 DS: 0000 ES: 0000 CR0: 0000000080050033
00018 CR2: 000055a86c1ba410 CR3: 000000011b6b5000 CR4: 0000000000750eb0
00018 PKRU: 55555554
00018 Call Trace:
00018  <TASK>
00018  ? ofd_precreate_objects+0x1bd8/0x3220 [ofd]
00018  lnet(O)
00018  ? ofd_create_hdl+0x2015/0x3510 [ofd]
00018  <TASK>
00018  libcfs(O)
00018  ? tgt_request_handle+0x23ad/0x3d30 [ptlrpc]
00018  ? ofd_precreate_objects+0x1bd8/0x3220 [ofd]
00018 
00018  ? ofd_create_hdl+0x2015/0x3510 [ofd]
00018 CPU: 0 UID: 0 PID: 1784 Comm: ll_ost00_002 Tainted: G        W  O        7.0.0-ktest-21af419-6330a45-20260729-dirty #1 PREEMPT 
00018  ? ptlrpc_main+0x6359/0x96f0 [ptlrpc]
00018  ? __kthread_parkme+0x73/0x130
00018  ? kthread+0x2cd/0x3a0
00018  ? tgt_request_handle+0x23ad/0x3d30 [ptlrpc]
00018  ? ptlrpc_start_thread+0x1f10/0x1f10 [ptlrpc]
00018 Tainted: [W]=WARN, [O]=OOT_MODULE
00018  ? ptlrpc_main+0x6359/0x96f0 [ptlrpc]
00018 Hardware name: QEMU Standard PC (Q35 + ICH9, 2009), BIOS 2025.11-3ubuntu7 03/31/2026
00018 RIP: 0010:osd_create+0x9cf/0xcf0 [osd_wbcfs]
00018  ? __kthread_parkme+0x73/0x130
00018  ? kthread+0x2cd/0x3a0
00018  ? kthread_unuse_mm+0x130/0x130
00018 Code: c7 c7 00 96 7b a1 48 c7 c6 a0 12 7d a1 48 c7 c2 00 1c 7d a1 e8 52 f1 43 ff 48 c7 c7 00 96 7b a1 e8 46 81 44 ff e9 fe fc ff ff <0f> 0b e9 a5 fa ff ff 48 c7 c1 80 44 5d a0 80 e1 07 80 c1 03 38 c1
00018  ? ptlrpc_start_thread+0x1f10/0x1f10 [ptlrpc]
00018  ? ret_from_fork+0x18c/0x520
00018  ? kthread_unuse_mm+0x130/0x130
00018  ? ret_from_fork+0x18c/0x520
00018  ? kthread_unuse_mm+0x130/0x130
00018  ? ret_from_fork_asm+0x11/0x20
00018  </TASK>
00018 ---[ end trace 0000000000000000 ]---
00018 RSP: 0018:ffffc90001417878 EFLAGS: 00010246
00018 ------------[ cut here ]------------
00018  ? kthread_unuse_mm+0x130/0x130
00018 WARNING: /home/ktest/git/linux/include/linux/fs.h:889 at osd_create+0x9cf/0xcf0 [osd_wbcfs], CPU#3: ll_ost00_000/1782
00018 Modules linked in: ofd(O) osp(O) mdd(O) lod(O) mdt(O) lquota(O) lfsck(O) mgs(O) osd_wbcfs(O) lustre(O) obdecho(O) mgc(O) mdc(O) lov(O) osc(O) lmv(O) ec(O) fid(O) fld(O) ptlrpc(O) efivarfs obdclass(O) ksocklnd(O) lnet(O) libcfs(O)
00018 CPU: 3 UID: 0 PID: 1782 Comm: ll_ost00_000 Tainted: G        W  O        7.0.0-ktest-21af419-6330a45-20260729-dirty #1 PREEMPT 
00018 Tainted: [W]=WARN, [O]=OOT_MODULE
00018 Hardware name: QEMU Standard PC (Q35 + ICH9, 2009), BIOS 2025.11-3ubuntu7 03/31/2026
00018 RIP: 0010:osd_create+0x9cf/0xcf0 [osd_wbcfs]
00018 Code: c7 c7 00 96 7b a1 48 c7 c6 a0 12 7d a1 48 c7 c2 00 1c 7d a1 e8 52 f1 43 ff 48 c7 c7 00 96 7b a1 e8 46 81 44 ff e9 fe fc ff ff <0f> 0b e9 a5 fa ff ff 48 c7 c1 80 44 5d a0 80 e1 07 80 c1 03 38 c1
00018 RSP: 0018:ffffc90002277878 EFLAGS: 00010246
00018 RAX: 0000000000000000 RBX: ffff888134634800 RCX: 0000000000000046
00018 RDX: 0000000000000000 RSI: ffff8880412a2648 RDI: ffff88813342cb68
00018 RBP: ffff8880412a25b8 R08: ffffffff83a16803 R09: 1ffffffff0742d00
00018 R10: dffffc0000000000 R11: fffffbfff0742d01 R12: ffff8880407ce030
00018 R13: dffffc0000000000 R14: 1ffff110268c6900 R15: 1ffff110080f9c42
00018 FS:  0000000000000000(0000) GS:ffff8881d4baa000(0000) knlGS:0000000000000000
00018 CS:  0010 DS: 0000 ES: 0000 CR0: 0000000080050033
00018 CR2: 00007fc8cfe181e0 CR3: 0000000004274000 CR4: 0000000000750eb0
00018 PKRU: 55555554
00018 Call Trace:
00018  <TASK>
00018 
00018 RAX: 0000000000000000 RBX: ffff888134353800 RCX: 0000000000000046
00018  ? ofd_precreate_objects+0x1bd8/0x3220 [ofd]
00018  ? ofd_create_hdl+0x2015/0x3510 [ofd]
00018  ? ret_from_fork_asm+0x11/0x20
00018  ? tgt_request_handle+0x23ad/0x3d30 [ptlrpc]
00018 RDX: 0000000000000000 RSI: ffff88804790df08 RDI: ffff88813342aaa8
00018  </TASK>
00018 ---[ end trace 0000000000000000 ]---
00018 RBP: ffff88804790de78 R08: ffffffff83a16803 R09: 1ffffffff0742d00
00018  ? ptlrpc_main+0x6359/0x96f0 [ptlrpc]
00018 R10: dffffc0000000000 R11: fffffbfff0742d01 R12: ffff888040800030
00018  ? __kthread_parkme+0x73/0x130
00018 R13: dffffc0000000000 R14: 1ffff1102686a700 R15: 1ffff11008100042
00018  ? kthread+0x2cd/0x3a0
00018 FS:  0000000000000000(0000) GS:ffff8881d4a2a000(0000) knlGS:0000000000000000
00018  ? ptlrpc_start_thread+0x1f10/0x1f10 [ptlrpc]
00018 CS:  0010 DS: 0000 ES: 0000 CR0: 0000000080050033
00018  ? kthread_unuse_mm+0x130/0x130
00018 CR2: 00007fc8cfe056f0 CR3: 00000001057e1000 CR4: 0000000000750eb0
00018  ? ret_from_fork+0x18c/0x520
00018 PKRU: 55555554
00018  ? kthread_unuse_mm+0x130/0x130
00018 Call Trace:
00018  ? ret_from_fork_asm+0x11/0x20
00018  <TASK>
00018  </TASK>
00018  ? ofd_precreate_objects+0x1bd8/0x3220 [ofd]
00018 ---[ end trace 0000000000000000 ]---
00018  ? ofd_create_hdl+0x2015/0x3510 [ofd]
00018 ------------[ cut here ]------------
00018  ? tgt_request_handle+0x23ad/0x3d30 [ptlrpc]
00018 WARNING: /home/ktest/git/linux/include/linux/fs.h:889 at osd_create+0x9cf/0xcf0 [osd_wbcfs], CPU#3: ll_ost00_000/1782
00018  ? ptlrpc_main+0x6359/0x96f0 [ptlrpc]
00018 Modules linked in:
00018  ? __kthread_parkme+0x73/0x130
00018  ofd(O)
00018  ? kthread+0x2cd/0x3a0
00018  osp(O)
00018  ? ptlrpc_start_thread+0x1f10/0x1f10 [ptlrpc]
00018  mdd(O)
00018  ? kthread_unuse_mm+0x130/0x130
00018  lod(O)
00018  ? ret_from_fork+0x18c/0x520
00018  mdt(O)
00018  ? kthread_unuse_mm+0x130/0x130
00018  lquota(O)
00018  ? ret_from_fork_asm+0x11/0x20
00018  lfsck(O)
00018 Lustre: lustre-OST0000-osc-MDT0000: update sequence from 0x100000000 to 0x280000401
00018  </TASK>
00018  mgs(O)
00018 ---[ end trace 0000000000000000 ]---
00018 ------------[ cut here ]------------
00018 ------------[ cut here ]------------
00018 WARNING: /home/ktest/git/linux/include/linux/fs.h:889 at osd_create+0x9cf/0xcf0 [osd_wbcfs], CPU#0: ll_ost00_002/1784
00018 Modules linked in: ofd(O) osp(O) mdd(O) lod(O) mdt(O) lquota(O) lfsck(O) mgs(O) osd_wbcfs(O) lustre(O) obdecho(O) mgc(O) mdc(O) lov(O) osc(O) lmv(O) ec(O) fid(O) fld(O) ptlrpc(O) efivarfs obdclass(O) ksocklnd(O) lnet(O) libcfs(O)
00018 CPU: 0 UID: 0 PID: 1784 Comm: ll_ost00_002 Tainted: G        W  O        7.0.0-ktest-21af419-6330a45-20260729-dirty #1 PREEMPT 
00018 Tainted: [W]=WARN, [O]=OOT_MODULE
00018 Hardware name: QEMU Standard PC (Q35 + ICH9, 2009), BIOS 2025.11-3ubuntu7 03/31/2026
00018 RIP: 0010:osd_create+0x9cf/0xcf0 [osd_wbcfs]
00018 Code: c7 c7 00 96 7b a1 48 c7 c6 a0 12 7d a1 48 c7 c2 00 1c 7d a1 e8 52 f1 43 ff 48 c7 c7 00 96 7b a1 e8 46 81 44 ff e9 fe fc ff ff <0f> 0b e9 a5 fa ff ff 48 c7 c1 80 44 5d a0 80 e1 07 80 c1 03 38 c1
00018 RSP: 0018:ffffc90001417878 EFLAGS: 00010246
00018 RAX: 0000000000000000 RBX: ffff88813436e000 RCX: 0000000000000046
00018 RDX: 0000000000000000 RSI: ffff88804790d7f0 RDI: ffff88813342aaa8
00018 RBP: ffff88804790d760 R08: ffffffff83a16803 R09: 1ffffffff0742d00
00018 R10: dffffc0000000000 R11: fffffbfff0742d01 R12: ffff888040800030
00018 R13: dffffc0000000000 R14: 1ffff1102686dc00 R15: 1ffff11008100042
00018 FS:  0000000000000000(0000) GS:ffff8881d4a2a000(0000) knlGS:0000000000000000
00018 CS:  0010 DS: 0000 ES: 0000 CR0: 0000000080050033
00018 CR2: 00007fc8cfe056f0 CR3: 00000001057e1000 CR4: 0000000000750eb0
00018 PKRU: 55555554
00018 Call Trace:
00018  <TASK>
00018  osd_wbcfs(O) lustre(O)
00018  ? ofd_precreate_objects+0x1bd8/0x3220 [ofd]
00018  ? ofd_create_hdl+0x2015/0x3510 [ofd]
00018 WARNING: /home/ktest/git/linux/include/linux/fs.h:889 at osd_create+0x9cf/0xcf0 [osd_wbcfs], CPU#1: ll_ost00_004/1832
00018  ? tgt_request_handle+0x23ad/0x3d30 [ptlrpc]
00018  obdecho(O) mgc(O)
00018 Modules linked in:
00018  ? ptlrpc_main+0x6359/0x96f0 [ptlrpc]
00018  mdc(O) lov(O)
00018  ofd(O)
00018  osc(O)
00018  osp(O)
00018  ? __kthread_parkme+0x73/0x130
00018  ? kthread+0x2cd/0x3a0
00018  lmv(O) ec(O)
00018  ? ptlrpc_start_thread+0x1f10/0x1f10 [ptlrpc]
00018  mdd(O)
00018  fid(O) fld(O)
00018  ? kthread_unuse_mm+0x130/0x130
00018  ? ret_from_fork+0x18c/0x520
00018  ? kthread_unuse_mm+0x130/0x130
00018  ? ret_from_fork_asm+0x11/0x20
00018  </TASK>
00018 ---[ end trace 0000000000000000 ]---
00018 ------------[ cut here ]------------
00018 WARNING: /home/ktest/git/linux/include/linux/fs.h:889 at osd_create+0x9cf/0xcf0 [osd_wbcfs], CPU#0: ll_ost00_002/1784
00018 Modules linked in: ofd(O) osp(O) mdd(O) lod(O) mdt(O) lquota(O) lfsck(O) mgs(O) osd_wbcfs(O) lustre(O) obdecho(O) mgc(O) mdc(O) lov(O) osc(O) lmv(O) ec(O) fid(O) fld(O) ptlrpc(O) efivarfs obdclass(O) ksocklnd(O) lnet(O) libcfs(O)
00018 CPU: 0 UID: 0 PID: 1784 Comm: ll_ost00_002 Tainted: G        W  O        7.0.0-ktest-21af419-6330a45-20260729-dirty #1 PREEMPT 
00018 Tainted: [W]=WARN, [O]=OOT_MODULE
00018 Hardware name: QEMU Standard PC (Q35 + ICH9, 2009), BIOS 2025.11-3ubuntu7 03/31/2026
00018 RIP: 0010:osd_create+0x9cf/0xcf0 [osd_wbcfs]
00018 Code: c7 c7 00 96 7b a1 48 c7 c6 a0 12 7d a1 48 c7 c2 00 1c 7d a1 e8 52 f1 43 ff 48 c7 c7 00 96 7b a1 e8 46 81 44 ff e9 fe fc ff ff <0f> 0b e9 a5 fa ff ff 48 c7 c1 80 44 5d a0 80 e1 07 80 c1 03 38 c1
00018 RSP: 0018:ffffc90001417878 EFLAGS: 00010246
00018 RAX: 0000000000000000 RBX: ffff88813436dc00 RCX: 0000000000000046
00018 RDX: 0000000000000000 RSI: ffff8880412a7b68 RDI: ffff88813342aaa8
00018 RBP: ffff8880412a7ad8 R08: ffffffff83a16803 R09: 1ffffffff0742d00
00018 R10: dffffc0000000000 R11: fffffbfff0742d01 R12: ffff888040800030
00018 R13: dffffc0000000000 R14: 1ffff1102686db80 R15: 1ffff11008100042
00018 FS:  0000000000000000(0000) GS:ffff8881d4a2a000(0000) knlGS:0000000000000000
00018 CS:  0010 DS: 0000 ES: 0000 CR0: 0000000080050033
00018 CR2: 00007fc8cfe056f0 CR3: 00000001057e1000 CR4: 0000000000750eb0
00018 PKRU: 55555554
00018 Call Trace:
00018  <TASK>
00018  ? ofd_precreate_objects+0x1bd8/0x3220 [ofd]
00018  lod(O)
00018  ? ofd_create_hdl+0x2015/0x3510 [ofd]
00018  ptlrpc(O) efivarfs
00018  mdt(O)
00018  obdclass(O)
00018  ? tgt_request_handle+0x23ad/0x3d30 [ptlrpc]
00018  lquota(O)
00018  ksocklnd(O)
00018  lfsck(O)
00018  ? ptlrpc_main+0x6359/0x96f0 [ptlrpc]
00018  lnet(O)
00018  mgs(O)
00018  ? __kthread_parkme+0x73/0x130
00018  ? kthread+0x2cd/0x3a0
00018  libcfs(O)
00018  osd_wbcfs(O)
00018  ? ptlrpc_start_thread+0x1f10/0x1f10 [ptlrpc]
00018 CPU: 3 UID: 0 PID: 1782 Comm: ll_ost00_000 Tainted: G        W  O        7.0.0-ktest-21af419-6330a45-20260729-dirty #1 PREEMPT 
00018  lustre(O)
00018  ? kthread_unuse_mm+0x130/0x130
00018  ? ret_from_fork+0x18c/0x520
00018 Tainted: [W]=WARN, [O]=OOT_MODULE
00018  ? kthread_unuse_mm+0x130/0x130
00018  ? ret_from_fork_asm+0x11/0x20
00018  </TASK>
00018 ---[ end trace 0000000000000000 ]---
00018 ------------[ cut here ]------------
00018 WARNING: /home/ktest/git/linux/include/linux/fs.h:889 at osd_create+0x9cf/0xcf0 [osd_wbcfs], CPU#0: ll_ost00_002/1784
00018 Modules linked in: ofd(O) osp(O) mdd(O) lod(O) mdt(O) lquota(O) lfsck(O) mgs(O) osd_wbcfs(O) lustre(O) obdecho(O) mgc(O) mdc(O) lov(O) osc(O) lmv(O) ec(O) fid(O) fld(O) ptlrpc(O) efivarfs obdclass(O) ksocklnd(O) lnet(O) libcfs(O)
00018 CPU: 0 UID: 0 PID: 1784 Comm: ll_ost00_002 Tainted: G        W  O        7.0.0-ktest-21af419-6330a45-20260729-dirty #1 PREEMPT 
00018 Tainted: [W]=WARN, [O]=OOT_MODULE
00018 Hardware name: QEMU Standard PC (Q35 + ICH9, 2009), BIOS 2025.11-3ubuntu7 03/31/2026
00018 RIP: 0010:osd_create+0x9cf/0xcf0 [osd_wbcfs]
00018 Code: c7 c7 00 96 7b a1 48 c7 c6 a0 12 7d a1 48 c7 c2 00 1c 7d a1 e8 52 f1 43 ff 48 c7 c7 00 96 7b a1 e8 46 81 44 ff e9 fe fc ff ff <0f> 0b e9 a5 fa ff ff 48 c7 c1 80 44 5d a0 80 e1 07 80 c1 03 38 c1
00018 RSP: 0018:ffffc90001417878 EFLAGS: 00010246
00018 RAX: 0000000000000000 RBX: ffff88813436d800 RCX: 0000000000000046
00018  obdecho(O)
00018 RDX: 0000000000000000 RSI: ffff8880412a7450 RDI: ffff88813342aaa8
00018 RBP: ffff8880412a73c0 R08: ffffffff83a16803 R09: 1ffffffff0742d00
00018 R10: dffffc0000000000 R11: fffffbfff0742d01 R12: ffff888040800030
00018 R13: dffffc0000000000 R14: 1ffff1102686db00 R15: 1ffff11008100042
00018 FS:  0000000000000000(0000) GS:ffff8881d4a2a000(0000) knlGS:0000000000000000
00018 CS:  0010 DS: 0000 ES: 0000 CR0: 0000000080050033
00018 CR2: 00007fc8cfe056f0 CR3: 00000001057e1000 CR4: 0000000000750eb0
00018 PKRU: 55555554
00018 Call Trace:
00018  <TASK>
00018 Hardware name: QEMU Standard PC (Q35 + ICH9, 2009), BIOS 2025.11-3ubuntu7 03/31/2026
00018  ? ofd_precreate_objects+0x1bd8/0x3220 [ofd]
00018  ? ofd_create_hdl+0x2015/0x3510 [ofd]
00018  mgc(O)
00018 RIP: 0010:osd_create+0x9cf/0xcf0 [osd_wbcfs]
00018  mdc(O)
00018 Code: c7 c7 00 96 7b a1 48 c7 c6 a0 12 7d a1 48 c7 c2 00 1c 7d a1 e8 52 f1 43 ff 48 c7 c7 00 96 7b a1 e8 46 81 44 ff e9 fe fc ff ff <0f> 0b e9 a5 fa ff ff 48 c7 c1 80 44 5d a0 80 e1 07 80 c1 03 38 c1
00018  ? tgt_request_handle+0x23ad/0x3d30 [ptlrpc]
00018  lov(O)
00018 RSP: 0018:ffffc90002277878 EFLAGS: 00010246
00018  osc(O)
00018 
00018  ? ptlrpc_main+0x6359/0x96f0 [ptlrpc]
00018  lmv(O)
00018 RAX: 0000000000000000 RBX: ffff8881194ce400 RCX: 0000000000000046
00018  ec(O)
00018  ? __kthread_parkme+0x73/0x130
00018  ? kthread+0x2cd/0x3a0
00018 RDX: 0000000000000000 RSI: ffff8880412a1f30 RDI: ffff88813342cb68
00018  fid(O)
00018 RBP: ffff8880412a1ea0 R08: ffffffff83a16803 R09: 1ffffffff0742d00
00018  fld(O)
00018  ? ptlrpc_start_thread+0x1f10/0x1f10 [ptlrpc]
00018  ? kthread_unuse_mm+0x130/0x130
00018  ? ret_from_fork+0x18c/0x520
00018  ? kthread_unuse_mm+0x130/0x130
00018  ? ret_from_fork_asm+0x11/0x20
00018  </TASK>
00018 ---[ end trace 0000000000000000 ]---
00018 ------------[ cut here ]------------
00018 WARNING: /home/ktest/git/linux/include/linux/fs.h:889 at osd_create+0x9cf/0xcf0 [osd_wbcfs], CPU#0: ll_ost00_002/1784
00018 Modules linked in: ofd(O) osp(O) mdd(O) lod(O) mdt(O) lquota(O) lfsck(O) mgs(O) osd_wbcfs(O) lustre(O) obdecho(O) mgc(O) mdc(O) lov(O) osc(O) lmv(O) ec(O) fid(O) fld(O) ptlrpc(O) efivarfs obdclass(O) ksocklnd(O) lnet(O) libcfs(O)
00018 CPU: 0 UID: 0 PID: 1784 Comm: ll_ost00_002 Tainted: G        W  O        7.0.0-ktest-21af419-6330a45-20260729-dirty #1 PREEMPT 
00018 Tainted: [W]=WARN, [O]=OOT_MODULE
00018 Hardware name: QEMU Standard PC (Q35 + ICH9, 2009), BIOS 2025.11-3ubuntu7 03/31/2026
00018 RIP: 0010:osd_create+0x9cf/0xcf0 [osd_wbcfs]
00018 Code: c7 c7 00 96 7b a1 48 c7 c6 a0 12 7d a1 48 c7 c2 00 1c 7d a1 e8 52 f1 43 ff 48 c7 c7 00 96 7b a1 e8 46 81 44 ff e9 fe fc ff ff <0f> 0b e9 a5 fa ff ff 48 c7 c1 80 44 5d a0 80 e1 07 80 c1 03 38 c1
00018 RSP: 0018:ffffc90001417878 EFLAGS: 00010246
00018 R10: dffffc0000000000 R11: fffffbfff0742d01 R12: ffff8880407ce030
00018 R13: dffffc0000000000 R14: 1ffff11023299c80 R15: 1ffff110080f9c42
00018 FS:  0000000000000000(0000) GS:ffff8881d4baa000(0000) knlGS:0000000000000000
00018 CS:  0010 DS: 0000 ES: 0000 CR0: 0000000080050033
00018 CR2: 00007fc8cfe181e0 CR3: 0000000004274000 CR4: 0000000000750eb0
00018 PKRU: 55555554
00018 Call Trace:
00018  <TASK>
00018  ? ofd_precreate_objects+0x1bd8/0x3220 [ofd]
00018  ? ofd_create_hdl+0x2015/0x3510 [ofd]
00018  ptlrpc(O)
00018 
00018  ? tgt_request_handle+0x23ad/0x3d30 [ptlrpc]
00018  efivarfs
00018 RAX: 0000000000000000 RBX: ffff8881343a3800 RCX: 0000000000000046
00018  ? ptlrpc_main+0x6359/0x96f0 [ptlrpc]
00018  ? __kthread_parkme+0x73/0x130
00018  ? kthread+0x2cd/0x3a0
00018  obdclass(O)
00018  ? ptlrpc_start_thread+0x1f10/0x1f10 [ptlrpc]
00018 RDX: 0000000000000000 RSI: ffff8880412a6d38 RDI: ffff88813342aaa8
00018  ksocklnd(O)
00018  ? kthread_unuse_mm+0x130/0x130
00018  ? ret_from_fork+0x18c/0x520
00018  ? kthread_unuse_mm+0x130/0x130
00018  ? ret_from_fork_asm+0x11/0x20
00018  </TASK>
00018 ---[ end trace 0000000000000000 ]---
00018 ------------[ cut here ]------------
00018 WARNING: /home/ktest/git/linux/include/linux/fs.h:889 at osd_create+0x9cf/0xcf0 [osd_wbcfs], CPU#3: ll_ost00_000/1782
00018 Modules linked in: ofd(O) osp(O) mdd(O) lod(O) mdt(O) lquota(O) lfsck(O) mgs(O) osd_wbcfs(O) lustre(O) obdecho(O) mgc(O) mdc(O) lov(O) osc(O) lmv(O) ec(O) fid(O) fld(O) ptlrpc(O) efivarfs obdclass(O) ksocklnd(O) lnet(O) libcfs(O)
00018 CPU: 3 UID: 0 PID: 1782 Comm: ll_ost00_000 Tainted: G        W  O        7.0.0-ktest-21af419-6330a45-20260729-dirty #1 PREEMPT 
00018 Tainted: [W]=WARN, [O]=OOT_MODULE
00018 Hardware name: QEMU Standard PC (Q35 + ICH9, 2009), BIOS 2025.11-3ubuntu7 03/31/2026
00018 RIP: 0010:osd_create+0x9cf/0xcf0 [osd_wbcfs]
00018 Code: c7 c7 00 96 7b a1 48 c7 c6 a0 12 7d a1 48 c7 c2 00 1c 7d a1 e8 52 f1 43 ff 48 c7 c7 00 96 7b a1 e8 46 81 44 ff e9 fe fc ff ff <0f> 0b e9 a5 fa ff ff 48 c7 c1 80 44 5d a0 80 e1 07 80 c1 03 38 c1
00018 RSP: 0018:ffffc90002277878 EFLAGS: 00010246
00018 RAX: 0000000000000000 RBX: ffff88811adc1400 RCX: 0000000000000046
00018 RDX: 0000000000000000 RSI: ffff8880412a1818 RDI: ffff88813342cb68
00018 RBP: ffff8880412a1788 R08: ffffffff83a16803 R09: 1ffffffff0742d00
00018 R10: dffffc0000000000 R11: fffffbfff0742d01 R12: ffff8880407ce030
00018 R13: dffffc0000000000 R14: 1ffff110235b8280 R15: 1ffff110080f9c42
00018 FS:  0000000000000000(0000) GS:ffff8881d4baa000(0000) knlGS:0000000000000000
00018 CS:  0010 DS: 0000 ES: 0000 CR0: 0000000080050033
00018 CR2: 00007fc8cfe181e0 CR3: 0000000004274000 CR4: 0000000000750eb0
00018 PKRU: 55555554
00018 Call Trace:
00018  <TASK>
00018  ? ofd_precreate_objects+0x1bd8/0x3220 [ofd]
00018  ? ofd_create_hdl+0x2015/0x3510 [ofd]
00018 RBP: ffff8880412a6ca8 R08: ffffffff83a16803 R09: 1ffffffff0742d00
00018  lnet(O)
00018  ? tgt_request_handle+0x23ad/0x3d30 [ptlrpc]
00018 R10: dffffc0000000000 R11: fffffbfff0742d01 R12: ffff888040800030
00018  libcfs(O)
00018 R13: dffffc0000000000 R14: 1ffff11026874700 R15: 1ffff11008100042
00018 
00018  ? ptlrpc_main+0x6359/0x96f0 [ptlrpc]
00018 FS:  0000000000000000(0000) GS:ffff8881d4a2a000(0000) knlGS:0000000000000000
00018 CPU: 1 UID: 0 PID: 1832 Comm: ll_ost00_004 Tainted: G        W  O        7.0.0-ktest-21af419-6330a45-20260729-dirty #1 PREEMPT 
00018  ? __kthread_parkme+0x73/0x130
00018  ? kthread+0x2cd/0x3a0
00018 CS:  0010 DS: 0000 ES: 0000 CR0: 0000000080050033
00018 Tainted: [W]=WARN, [O]=OOT_MODULE
00018  ? ptlrpc_start_thread+0x1f10/0x1f10 [ptlrpc]
00018 CR2: 00007fc8cfe056f0 CR3: 00000001057e1000 CR4: 0000000000750eb0
00018 Hardware name: QEMU Standard PC (Q35 + ICH9, 2009), BIOS 2025.11-3ubuntu7 03/31/2026
00018  ? kthread_unuse_mm+0x130/0x130
00018  ? ret_from_fork+0x18c/0x520
00018  ? kthread_unuse_mm+0x130/0x130
00018  ? ret_from_fork_asm+0x11/0x20
00018  </TASK>
00018 ---[ end trace 0000000000000000 ]---
00018 ------------[ cut here ]------------
00018 WARNING: /home/ktest/git/linux/include/linux/fs.h:889 at osd_create+0x9cf/0xcf0 [osd_wbcfs], CPU#3: ll_ost00_000/1782
00018 Modules linked in: ofd(O) osp(O) mdd(O) lod(O) mdt(O) lquota(O) lfsck(O) mgs(O) osd_wbcfs(O) lustre(O) obdecho(O) mgc(O) mdc(O) lov(O) osc(O) lmv(O) ec(O) fid(O) fld(O) ptlrpc(O) efivarfs obdclass(O) ksocklnd(O) lnet(O) libcfs(O)
00018 CPU: 3 UID: 0 PID: 1782 Comm: ll_ost00_000 Tainted: G        W  O        7.0.0-ktest-21af419-6330a45-20260729-dirty #1 PREEMPT 
00018 Tainted: [W]=WARN, [O]=OOT_MODULE
00018 Hardware name: QEMU Standard PC (Q35 + ICH9, 2009), BIOS 2025.11-3ubuntu7 03/31/2026
00018 RIP: 0010:osd_create+0x9cf/0xcf0 [osd_wbcfs]
00018 Code: c7 c7 00 96 7b a1 48 c7 c6 a0 12 7d a1 48 c7 c2 00 1c 7d a1 e8 52 f1 43 ff 48 c7 c7 00 96 7b a1 e8 46 81 44 ff e9 fe fc ff ff <0f> 0b e9 a5 fa ff ff 48 c7 c1 80 44 5d a0 80 e1 07 80 c1 03 38 c1
00018 RSP: 0018:ffffc90002277878 EFLAGS: 00010246
00018 RAX: 0000000000000000 RBX: ffff88811adc1000 RCX: 0000000000000046
00018 RDX: 0000000000000000 RSI: ffff8880412a1100 RDI: ffff88813342cb68
00018 RBP: ffff8880412a1070 R08: ffffffff83a16803 R09: 1ffffffff0742d00
00018 R10: dffffc0000000000 R11: fffffbfff0742d01 R12: ffff8880407ce030
00018 R13: dffffc0000000000 R14: 1ffff110235b8200 R15: 1ffff110080f9c42
00018 FS:  0000000000000000(0000) GS:ffff8881d4baa000(0000) knlGS:0000000000000000
00018 CS:  0010 DS: 0000 ES: 0000 CR0: 0000000080050033
00018 CR2: 00007fc8cfe181e0 CR3: 0000000004274000 CR4: 0000000000750eb0
00018 PKRU: 55555554
00018 PKRU: 55555554
00018 Call Trace:
00018  <TASK>
00018  ? ofd_precreate_objects+0x1bd8/0x3220 [ofd]
00018 RIP: 0010:osd_create+0x9cf/0xcf0 [osd_wbcfs]
00018 Code: c7 c7 00 96 7b a1 48 c7 c6 a0 12 7d a1 48 c7 c2 00 1c 7d a1 e8 52 f1 43 ff 48 c7 c7 00 96 7b a1 e8 46 81 44 ff e9 fe fc ff ff <0f> 0b e9 a5 fa ff ff 48 c7 c1 80 44 5d a0 80 e1 07 80 c1 03 38 c1
00018 RSP: 0018:ffffc90007ebf8c0 EFLAGS: 00010246
00018 RAX: 0000000000000000 RBX: ffff88813380a000 RCX: 0000000000000046
00018 RDX: 0000000000000000 RSI: ffff8880749042a8 RDI: ffff88811b9209c0
00018 RBP: ffff888074904218 R08: ffffffff83a16803 R09: 1ffffffff0742d00
00018 R10: dffffc0000000000 R11: fffffbfff0742d01 R12: ffff888104684030
00018 R13: dffffc0000000000 R14: 1ffff11026701400 R15: 1ffff110208d0842
00018 FS:  0000000000000000(0000) GS:ffff8881d4aaa000(0000) knlGS:0000000000000000
00018 CS:  0010 DS: 0000 ES: 0000 CR0: 0000000080050033
00018 CR2: 000055a86c1ba410 CR3: 000000011b6b5000 CR4: 0000000000750eb0
00018 PKRU: 55555554
00018 Call Trace:
00018  <TASK>
00018 Call Trace:
00018  ? dt_find_or_create+0x81a/0x1170 [obdclass]
00018  ? ofd_create_hdl+0x2015/0x3510 [ofd]
00018  ? ofd_seq_load+0x605/0x1ac0 [ofd]
00018  <TASK>
00018  ? ofd_create_hdl+0x4e0/0x3510 [ofd]
00018  ? ofd_create_hdl+0x778/0x3510 [ofd]
00018  ? ofd_precreate_objects+0x1bd8/0x3220 [ofd]
00018  ? tgt_request_handle+0x23ad/0x3d30 [ptlrpc]
00018  ? ofd_create_hdl+0x2015/0x3510 [ofd]
00018  ? lustre_pack_reply_flags+0x11f/0x3a0 [ptlrpc]
00018  ? ptlrpc_main+0x6359/0x96f0 [ptlrpc]
00018  ? tgt_request_handle+0x23ad/0x3d30 [ptlrpc]
00018  ? tgt_request_handle+0x23ad/0x3d30 [ptlrpc]
00018  ? __kthread_parkme+0x73/0x130
00018  ? ptlrpc_main+0x6359/0x96f0 [ptlrpc]
00018  ? kthread+0x2cd/0x3a0
00018  ? ptlrpc_main+0x6359/0x96f0 [ptlrpc]
00018  ? ptlrpc_start_thread+0x1f10/0x1f10 [ptlrpc]
00018  ? kthread_unuse_mm+0x130/0x130
00018  ? ret_from_fork+0x18c/0x520
00018  ? kthread_unuse_mm+0x130/0x130
00018  ? ret_from_fork_asm+0x11/0x20
00018  ? __kthread_parkme+0x73/0x130
00018  ? kthread+0x2cd/0x3a0
00018  ? __kthread_parkme+0x73/0x130
00018  </TASK>
00018  ? kthread+0x2cd/0x3a0
00018  ? ptlrpc_start_thread+0x1f10/0x1f10 [ptlrpc]
00018 ---[ end trace 0000000000000000 ]---
00018 ------------[ cut here ]------------
00018 WARNING: /home/ktest/git/linux/include/linux/fs.h:889 at osd_create+0x9cf/0xcf0 [osd_wbcfs], CPU#0: ll_ost00_002/1784
00018  ? ptlrpc_start_thread+0x1f10/0x1f10 [ptlrpc]
00018  ? kthread_unuse_mm+0x130/0x130
00018  ? ret_from_fork+0x18c/0x520
00018  ? kthread_unuse_mm+0x130/0x130
00018  ? ret_from_fork_asm+0x11/0x20
00018  </TASK>
00018 ---[ end trace 0000000000000000 ]---
00018  ? kthread_unuse_mm+0x130/0x130
00018 Modules linked in:
00018  ? ret_from_fork+0x18c/0x520
00018  ofd(O)
00018  ? kthread_unuse_mm+0x130/0x130
00018  osp(O)
00018  ? ret_from_fork_asm+0x11/0x20
00018 ------------[ cut here ]------------
00018 WARNING: /home/ktest/git/linux/include/linux/fs.h:889 at osd_create+0x9cf/0xcf0 [osd_wbcfs], CPU#1: ll_ost00_004/1832
00018 Modules linked in: ofd(O) osp(O) mdd(O) lod(O) mdt(O) lquota(O) lfsck(O) mgs(O) osd_wbcfs(O) lustre(O) obdecho(O) mgc(O) mdc(O) lov(O) osc(O) lmv(O) ec(O) fid(O) fld(O) ptlrpc(O) efivarfs obdclass(O) ksocklnd(O) lnet(O) libcfs(O)
00018 CPU: 1 UID: 0 PID: 1832 Comm: ll_ost00_004 Tainted: G        W  O        7.0.0-ktest-21af419-6330a45-20260729-dirty #1 PREEMPT 
00018 Tainted: [W]=WARN, [O]=OOT_MODULE
00018 Hardware name: QEMU Standard PC (Q35 + ICH9, 2009), BIOS 2025.11-3ubuntu7 03/31/2026
00018 RIP: 0010:osd_create+0x9cf/0xcf0 [osd_wbcfs]
00018 Code: c7 c7 00 96 7b a1 48 c7 c6 a0 12 7d a1 48 c7 c2 00 1c 7d a1 e8 52 f1 43 ff 48 c7 c7 00 96 7b a1 e8 46 81 44 ff e9 fe fc ff ff <0f> 0b e9 a5 fa ff ff 48 c7 c1 80 44 5d a0 80 e1 07 80 c1 03 38 c1
00018 RSP: 0018:ffffc90007ebf878 EFLAGS: 00010246
00018 RAX: 0000000000000000 RBX: ffff888133809c00 RCX: 0000000000000046
00018 RDX: 0000000000000000 RSI: ffff888074903b90 RDI: ffff88811b9209e8
00018 RBP: ffff888074903b00 R08: ffffffff83a16803 R09: 1ffffffff0742d00
00018 R10: dffffc0000000000 R11: fffffbfff0742d01 R12: ffff888104684030
00018 R13: dffffc0000000000 R14: 1ffff11026701380 R15: 1ffff110208d0842
00018 FS:  0000000000000000(0000) GS:ffff8881d4aaa000(0000) knlGS:0000000000000000
00018 CS:  0010 DS: 0000 ES: 0000 CR0: 0000000080050033
00018 CR2: 000055a86c1ba410 CR3: 000000011b6b5000 CR4: 0000000000750eb0
00018 PKRU: 55555554
00018 Call Trace:
00018  <TASK>
00018  ? ofd_precreate_objects+0x1bd8/0x3220 [ofd]
00018  mdd(O)
00018  </TASK>
00018  ? ofd_create_hdl+0x2015/0x3510 [ofd]
00018  lod(O)
00018 ---[ end trace 0000000000000000 ]---
00018  ? tgt_request_handle+0x23ad/0x3d30 [ptlrpc]
00018  mdt(O)
00018  ? ptlrpc_main+0x6359/0x96f0 [ptlrpc]
00018 ------------[ cut here ]------------
00018  lquota(O)
00018 WARNING: /home/ktest/git/linux/include/linux/fs.h:889 at osd_create+0x9cf/0xcf0 [osd_wbcfs], CPU#3: ll_ost00_000/1782
00018 Modules linked in: ofd(O) osp(O) mdd(O) lod(O) mdt(O) lquota(O) lfsck(O) mgs(O) osd_wbcfs(O) lustre(O) obdecho(O) mgc(O) mdc(O) lov(O)
00018  lfsck(O)
00018  osc(O) lmv(O) ec(O) fid(O) fld(O) ptlrpc(O) efivarfs obdclass(O) ksocklnd(O) lnet(O) libcfs(O)
00018 CPU: 3 UID: 0 PID: 1782 Comm: ll_ost00_000 Tainted: G        W  O        7.0.0-ktest-21af419-6330a45-20260729-dirty #1 PREEMPT 
00018 Tainted: [W]=WARN, [O]=OOT_MODULE
00018 Hardware name: QEMU Standard PC (Q35 + ICH9, 2009), BIOS 2025.11-3ubuntu7 03/31/2026
00018 RIP: 0010:osd_create+0x9cf/0xcf0 [osd_wbcfs]
00018 Code: c7 c7 00 96 7b a1 48 c7 c6 a0 12 7d a1 48 c7 c2 00 1c 7d a1 e8 52 f1 43 ff 48 c7 c7 00 96 7b a1 e8 46 81 44 ff e9 fe fc ff ff <0f> 0b e9 a5 fa ff ff 48 c7 c1 80 44 5d a0 80 e1 07 80 c1 03 38 c1
00018 RSP: 0018:ffffc90002277878 EFLAGS: 00010246
00018  ? __kthread_parkme+0x73/0x130
00018  ? kthread+0x2cd/0x3a0
00018  mgs(O)
00018 RAX: 0000000000000000 RBX: ffff88811adc1c00 RCX: 0000000000000046
00018  ? ptlrpc_start_thread+0x1f10/0x1f10 [ptlrpc]
00018  osd_wbcfs(O)
00018  ? kthread_unuse_mm+0x130/0x130
00018  ? ret_from_fork+0x18c/0x520
00018  ? kthread_unuse_mm+0x130/0x130
00018  ? ret_from_fork_asm+0x11/0x20
00018 RDX: 0000000000000000 RSI: ffff8880412a09e8 RDI: ffff88813342cb68
00018  </TASK>
00018 ---[ end trace 0000000000000000 ]---
00018 ------------[ cut here ]------------
00018 WARNING: /home/ktest/git/linux/include/linux/fs.h:889 at osd_create+0x9cf/0xcf0 [osd_wbcfs], CPU#1: ll_ost00_004/1832
00018 Modules linked in: ofd(O) osp(O) mdd(O) lod(O) mdt(O) lquota(O) lfsck(O) mgs(O) osd_wbcfs(O) lustre(O) obdecho(O) mgc(O) mdc(O) lov(O) osc(O) lmv(O) ec(O) fid(O) fld(O) ptlrpc(O) efivarfs obdclass(O) ksocklnd(O) lnet(O) libcfs(O)
00018 CPU: 1 UID: 0 PID: 1832 Comm: ll_ost00_004 Tainted: G        W  O        7.0.0-ktest-21af419-6330a45-20260729-dirty #1 PREEMPT 
00018 Tainted: [W]=WARN, [O]=OOT_MODULE
00018 Hardware name: QEMU Standard PC (Q35 + ICH9, 2009), BIOS 2025.11-3ubuntu7 03/31/2026
00018 RIP: 0010:osd_create+0x9cf/0xcf0 [osd_wbcfs]
00018 Code: c7 c7 00 96 7b a1 48 c7 c6 a0 12 7d a1 48 c7 c2 00 1c 7d a1 e8 52 f1 43 ff 48 c7 c7 00 96 7b a1 e8 46 81 44 ff e9 fe fc ff ff <0f> 0b e9 a5 fa ff ff 48 c7 c1 80 44 5d a0 80 e1 07 80 c1 03 38 c1
00018 RSP: 0018:ffffc90007ebf878 EFLAGS: 00010246
00018 RAX: 0000000000000000 RBX: ffff888133809800 RCX: 0000000000000046
00018 RDX: 0000000000000000 RSI: ffff888074903478 RDI: ffff88811b9209e8
00018 RBP: ffff8880749033e8 R08: ffffffff83a16803 R09: 1ffffffff0742d00
00018 R10: dffffc0000000000 R11: fffffbfff0742d01 R12: ffff888104684030
00018 R13: dffffc0000000000 R14: 1ffff11026701300 R15: 1ffff110208d0842
00018 FS:  0000000000000000(0000) GS:ffff8881d4aaa000(0000) knlGS:0000000000000000
00018 CS:  0010 DS: 0000 ES: 0000 CR0: 0000000080050033
00018 CR2: 000055a86c1ba410 CR3: 000000011b6b5000 CR4: 0000000000750eb0
00018 PKRU: 55555554
00018 Call Trace:
00018  <TASK>
00018  ? ofd_precreate_objects+0x1bd8/0x3220 [ofd]
00018  lustre(O)
00018 RBP: ffff8880412a0958 R08: ffffffff83a16803 R09: 1ffffffff0742d00
00018  ? ofd_create_hdl+0x2015/0x3510 [ofd]
00018  obdecho(O)
00018 R10: dffffc0000000000 R11: fffffbfff0742d01 R12: ffff8880407ce030
00018  ? tgt_request_handle+0x23ad/0x3d30 [ptlrpc]
00018  mgc(O)
00018 R13: dffffc0000000000 R14: 1ffff110235b8380 R15: 1ffff110080f9c42
00018  mdc(O)
00018  ? ptlrpc_main+0x6359/0x96f0 [ptlrpc]
00018 FS:  0000000000000000(0000) GS:ffff8881d4baa000(0000) knlGS:0000000000000000
00018  lov(O)
00018  ? __kthread_parkme+0x73/0x130
00018 CS:  0010 DS: 0000 ES: 0000 CR0: 0000000080050033
00018  ? kthread+0x2cd/0x3a0
00018  osc(O)
00018  ? ptlrpc_start_thread+0x1f10/0x1f10 [ptlrpc]
00018 CR2: 00007fc8cfe181e0 CR3: 0000000004274000 CR4: 0000000000750eb0
00018  lmv(O)
00018 PKRU: 55555554
00018  ec(O)
00018 Call Trace:
00018  ? kthread_unuse_mm+0x130/0x130
00018  ? ret_from_fork+0x18c/0x520
00018  ? kthread_unuse_mm+0x130/0x130
00018  fid(O)
00018  ? ret_from_fork_asm+0x11/0x20
00018  </TASK>
00018 ---[ end trace 0000000000000000 ]---
00018  <TASK>
00018 ------------[ cut here ]------------
00018 WARNING: /home/ktest/git/linux/include/linux/fs.h:889 at osd_create+0x9cf/0xcf0 [osd_wbcfs], CPU#1: ll_ost00_004/1832
00018 Modules linked in: ofd(O) osp(O) mdd(O) lod(O) mdt(O) lquota(O) lfsck(O) mgs(O) osd_wbcfs(O) lustre(O) obdecho(O) mgc(O) mdc(O) lov(O) osc(O) lmv(O) ec(O) fid(O) fld(O) ptlrpc(O) efivarfs obdclass(O) ksocklnd(O) lnet(O) libcfs(O)
00018 CPU: 1 UID: 0 PID: 1832 Comm: ll_ost00_004 Tainted: G        W  O        7.0.0-ktest-21af419-6330a45-20260729-dirty #1 PREEMPT 
00018 Tainted: [W]=WARN, [O]=OOT_MODULE
00018 Hardware name: QEMU Standard PC (Q35 + ICH9, 2009), BIOS 2025.11-3ubuntu7 03/31/2026
00018 RIP: 0010:osd_create+0x9cf/0xcf0 [osd_wbcfs]
00018 Code: c7 c7 00 96 7b a1 48 c7 c6 a0 12 7d a1 48 c7 c2 00 1c 7d a1 e8 52 f1 43 ff 48 c7 c7 00 96 7b a1 e8 46 81 44 ff e9 fe fc ff ff <0f> 0b e9 a5 fa ff ff 48 c7 c1 80 44 5d a0 80 e1 07 80 c1 03 38 c1
00018 RSP: 0018:ffffc90007ebf878 EFLAGS: 00010246
00018 RAX: 0000000000000000 RBX: ffff8881335f7400 RCX: 0000000000000046
00018 RDX: 0000000000000000 RSI: ffff888074902d60 RDI: ffff88811b9209e8
00018 RBP: ffff888074902cd0 R08: ffffffff83a16803 R09: 1ffffffff0742d00
00018 R10: dffffc0000000000 R11: fffffbfff0742d01 R12: ffff888104684030
00018 R13: dffffc0000000000 R14: 1ffff110266bee80 R15: 1ffff110208d0842
00018 FS:  0000000000000000(0000) GS:ffff8881d4aaa000(0000) knlGS:0000000000000000
00018  fld(O)
00018 CS:  0010 DS: 0000 ES: 0000 CR0: 0000000080050033
00018 CR2: 000055a86c1ba410 CR3: 000000011b6b5000 CR4: 0000000000750eb0
00018 PKRU: 55555554
00018 Call Trace:
00018  <TASK>
00018  ? ofd_precreate_objects+0x1bd8/0x3220 [ofd]
00018  ? ofd_precreate_objects+0x1bd8/0x3220 [ofd]
00018  ? ofd_create_hdl+0x2015/0x3510 [ofd]
00018  ptlrpc(O)
00018  ? ofd_create_hdl+0x2015/0x3510 [ofd]
00018  efivarfs
00018  ? tgt_request_handle+0x23ad/0x3d30 [ptlrpc]
00018  ? tgt_request_handle+0x23ad/0x3d30 [ptlrpc]
00018  obdclass(O)
00018  ? ptlrpc_main+0x6359/0x96f0 [ptlrpc]
00018  ksocklnd(O) lnet(O)
00018  ? __kthread_parkme+0x73/0x130
00018  ? ptlrpc_main+0x6359/0x96f0 [ptlrpc]
00018  libcfs(O)
00018  ? __kthread_parkme+0x73/0x130
00018  ? kthread+0x2cd/0x3a0
00018  ? kthread+0x2cd/0x3a0
00018  ? ptlrpc_start_thread+0x1f10/0x1f10 [ptlrpc]
00018  ? kthread_unuse_mm+0x130/0x130
00018  ? ret_from_fork+0x18c/0x520
00018  ? kthread_unuse_mm+0x130/0x130
00018  ? ret_from_fork_asm+0x11/0x20
00018  </TASK>
00018 ---[ end trace 0000000000000000 ]---
00018 ------------[ cut here ]------------
00018 WARNING: /home/ktest/git/linux/include/linux/fs.h:889 at osd_create+0x9cf/0xcf0 [osd_wbcfs], CPU#1: ll_ost00_004/1832
00018 Modules linked in: ofd(O) osp(O) mdd(O) lod(O) mdt(O) lquota(O) lfsck(O) mgs(O) osd_wbcfs(O) lustre(O) obdecho(O) mgc(O) mdc(O) lov(O) osc(O) lmv(O) ec(O) fid(O) fld(O) ptlrpc(O) efivarfs obdclass(O) ksocklnd(O) lnet(O) libcfs(O)
00018 CPU: 1 UID: 0 PID: 1832 Comm: ll_ost00_004 Tainted: G        W  O        7.0.0-ktest-21af419-6330a45-20260729-dirty #1 PREEMPT 
00018 Tainted: [W]=WARN, [O]=OOT_MODULE
00018 Hardware name: QEMU Standard PC (Q35 + ICH9, 2009), BIOS 2025.11-3ubuntu7 03/31/2026
00018 RIP: 0010:osd_create+0x9cf/0xcf0 [osd_wbcfs]
00018 Code: c7 c7 00 96 7b a1 48 c7 c6 a0 12 7d a1 48 c7 c2 00 1c 7d a1 e8 52 f1 43 ff 48 c7 c7 00 96 7b a1 e8 46 81 44 ff e9 fe fc ff ff <0f> 0b e9 a5 fa ff ff 48 c7 c1 80 44 5d a0 80 e1 07 80 c1 03 38 c1
00018 RSP: 0018:ffffc90007ebf878 EFLAGS: 00010246
00018 RAX: 0000000000000000 RBX: ffff8881335f6c00 RCX: 0000000000000046
00018 RDX: 0000000000000000 RSI: ffff888074902648 RDI: ffff88811b9209e8
00018 RBP: ffff8880749025b8 R08: ffffffff83a16803 R09: 1ffffffff0742d00
00018 R10: dffffc0000000000 R11: fffffbfff0742d01 R12: ffff888104684030
00018 R13: dffffc0000000000 R14: 1ffff110266bed80 R15: 1ffff110208d0842
00018 FS:  0000000000000000(0000) GS:ffff8881d4aaa000(0000) knlGS:0000000000000000
00018 CS:  0010 DS: 0000 ES: 0000 CR0: 0000000080050033
00018 CR2: 000055a86c1ba410 CR3: 000000011b6b5000 CR4: 0000000000750eb0
00018 PKRU: 55555554
00018 Call Trace:
00018  <TASK>
00018  ? ofd_precreate_objects+0x1bd8/0x3220 [ofd]
00018  ? ofd_create_hdl+0x2015/0x3510 [ofd]
00018 
00018  ? tgt_request_handle+0x23ad/0x3d30 [ptlrpc]
00018 CPU: 0 UID: 0 PID: 1784 Comm: ll_ost00_002 Tainted: G        W  O        7.0.0-ktest-21af419-6330a45-20260729-dirty #1 PREEMPT 
00018  ? ptlrpc_start_thread+0x1f10/0x1f10 [ptlrpc]
00018 Tainted: [W]=WARN, [O]=OOT_MODULE
00018  ? kthread_unuse_mm+0x130/0x130
00018  ? ptlrpc_main+0x6359/0x96f0 [ptlrpc]
00018  ? __kthread_parkme+0x73/0x130
00018  ? kthread+0x2cd/0x3a0
00018  ? ptlrpc_start_thread+0x1f10/0x1f10 [ptlrpc]
00018 Hardware name: QEMU Standard PC (Q35 + ICH9, 2009), BIOS 2025.11-3ubuntu7 03/31/2026
00018  ? ret_from_fork+0x18c/0x520
00018  ? kthread_unuse_mm+0x130/0x130
00018  ? ret_from_fork+0x18c/0x520
00018  ? kthread_unuse_mm+0x130/0x130
00018  ? ret_from_fork_asm+0x11/0x20
00018  </TASK>
00018 ---[ end trace 0000000000000000 ]---
00018 ------------[ cut here ]------------
00018 WARNING: /home/ktest/git/linux/include/linux/fs.h:889 at osd_create+0x9cf/0xcf0 [osd_wbcfs], CPU#1: ll_ost00_004/1832
00018 Modules linked in: ofd(O) osp(O) mdd(O) lod(O) mdt(O) lquota(O) lfsck(O) mgs(O) osd_wbcfs(O) lustre(O) obdecho(O) mgc(O) mdc(O) lov(O) osc(O) lmv(O) ec(O) fid(O) fld(O) ptlrpc(O) efivarfs obdclass(O) ksocklnd(O) lnet(O) libcfs(O)
00018 CPU: 1 UID: 0 PID: 1832 Comm: ll_ost00_004 Tainted: G        W  O        7.0.0-ktest-21af419-6330a45-20260729-dirty #1 PREEMPT 
00018 Tainted: [W]=WARN, [O]=OOT_MODULE
00018 Hardware name: QEMU Standard PC (Q35 + ICH9, 2009), BIOS 2025.11-3ubuntu7 03/31/2026
00018 RIP: 0010:osd_create+0x9cf/0xcf0 [osd_wbcfs]
00018 Code: c7 c7 00 96 7b a1 48 c7 c6 a0 12 7d a1 48 c7 c2 00 1c 7d a1 e8 52 f1 43 ff 48 c7 c7 00 96 7b a1 e8 46 81 44 ff e9 fe fc ff ff <0f> 0b e9 a5 fa ff ff 48 c7 c1 80 44 5d a0 80 e1 07 80 c1 03 38 c1
00018 RSP: 0018:ffffc90007ebf878 EFLAGS: 00010246
00018 RAX: 0000000000000000 RBX: ffff88800748cc00 RCX: 0000000000000046
00018 RDX: 0000000000000000 RSI: ffff888074901f30 RDI: ffff88811b9209e8
00018 RBP: ffff888074901ea0 R08: ffffffff83a16803 R09: 1ffffffff0742d00
00018 R10: dffffc0000000000 R11: fffffbfff0742d01 R12: ffff888104684030
00018 R13: dffffc0000000000 R14: 1ffff11000e91980 R15: 1ffff110208d0842
00018 FS:  0000000000000000(0000) GS:ffff8881d4aaa000(0000) knlGS:0000000000000000
00018 CS:  0010 DS: 0000 ES: 0000 CR0: 0000000080050033
00018 CR2: 000055a86c1ba410 CR3: 000000011b6b5000 CR4: 0000000000750eb0
00018 PKRU: 55555554
00018 RIP: 0010:osd_create+0x9cf/0xcf0 [osd_wbcfs]
00018 Code: c7 c7 00 96 7b a1 48 c7 c6 a0 12 7d a1 48 c7 c2 00 1c 7d a1 e8 52 f1 43 ff 48 c7 c7 00 96 7b a1 e8 46 81 44 ff e9 fe fc ff ff <0f> 0b e9 a5 fa ff ff 48 c7 c1 80 44 5d a0 80 e1 07 80 c1 03 38 c1
00018 RSP: 0018:ffffc90001417878 EFLAGS: 00010246
00018 RAX: 0000000000000000 RBX: ffff8881343be000 RCX: 0000000000000046
00018 RDX: 0000000000000000 RSI: ffff8880412a6620 RDI: ffff88813342aaa8
00018 RBP: ffff8880412a6590 R08: ffffffff83a16803 R09: 1ffffffff0742d00
00018 R10: dffffc0000000000 R11: fffffbfff0742d01 R12: ffff888040800030
00018 R13: dffffc0000000000 R14: 1ffff11026877c00 R15: 1ffff11008100042
00018 FS:  0000000000000000(0000) GS:ffff8881d4a2a000(0000) knlGS:0000000000000000
00018 CS:  0010 DS: 0000 ES: 0000 CR0: 0000000080050033
00018 CR2: 00007fc8cfe056f0 CR3: 00000001057e1000 CR4: 0000000000750eb0
00018 PKRU: 55555554
00018 Call Trace:
00018  <TASK>
00018  ? ofd_precreate_objects+0x1bd8/0x3220 [ofd]
00018  ? ofd_create_hdl+0x2015/0x3510 [ofd]
00018  ? kthread_unuse_mm+0x130/0x130
00018  ? tgt_request_handle+0x23ad/0x3d30 [ptlrpc]
00018 Call Trace:
00018  ? ret_from_fork_asm+0x11/0x20
00018  ? ptlrpc_main+0x6359/0x96f0 [ptlrpc]
00018  <TASK>
00018  </TASK>
00018  ? __kthread_parkme+0x73/0x130
00018  ? kthread+0x2cd/0x3a0
00018  ? ofd_precreate_objects+0x1bd8/0x3220 [ofd]
00018  ? ptlrpc_start_thread+0x1f10/0x1f10 [ptlrpc]
00018 ---[ end trace 0000000000000000 ]---
00018  ? ofd_create_hdl+0x2015/0x3510 [ofd]
00018 ------------[ cut here ]------------
00018 WARNING: /home/ktest/git/linux/include/linux/fs.h:889 at osd_create+0x9cf/0xcf0 [osd_wbcfs], CPU#3: ll_ost00_000/1782
00018  ? kthread_unuse_mm+0x130/0x130
00018 Modules linked in: ofd(O) osp(O) mdd(O) lod(O) mdt(O) lquota(O) lfsck(O) mgs(O) osd_wbcfs(O) lustre(O) obdecho(O) mgc(O) mdc(O) lov(O) osc(O) lmv(O) ec(O) fid(O) fld(O) ptlrpc(O) efivarfs obdclass(O) ksocklnd(O) lnet(O) libcfs(O)
00018 CPU: 3 UID: 0 PID: 1782 Comm: ll_ost00_000 Tainted: G        W  O        7.0.0-ktest-21af419-6330a45-20260729-dirty #1 PREEMPT 
00018 Tainted: [W]=WARN, [O]=OOT_MODULE
00018 Hardware name: QEMU Standard PC (Q35 + ICH9, 2009), BIOS 2025.11-3ubuntu7 03/31/2026
00018 RIP: 0010:osd_create+0x9cf/0xcf0 [osd_wbcfs]
00018 Code: c7 c7 00 96 7b a1 48 c7 c6 a0 12 7d a1 48 c7 c2 00 1c 7d a1 e8 52 f1 43 ff 48 c7 c7 00 96 7b a1 e8 46 81 44 ff e9 fe fc ff ff <0f> 0b e9 a5 fa ff ff 48 c7 c1 80 44 5d a0 80 e1 07 80 c1 03 38 c1
00018 RSP: 0018:ffffc90002277878 EFLAGS: 00010246
00018 RAX: 0000000000000000 RBX: ffff88811749f800 RCX: 0000000000000046
00018 RDX: 0000000000000000 RSI: ffff8880412a02d0 RDI: ffff88813342cb68
00018 RBP: ffff8880412a0240 R08: ffffffff83a16803 R09: 1ffffffff0742d00
00018 R10: dffffc0000000000 R11: fffffbfff0742d01 R12: ffff8880407ce030
00018 R13: dffffc0000000000 R14: 1ffff11022e93f00 R15: 1ffff110080f9c42
00018 FS:  0000000000000000(0000) GS:ffff8881d4baa000(0000) knlGS:0000000000000000
00018 CS:  0010 DS: 0000 ES: 0000 CR0: 0000000080050033
00018 CR2: 00007fc8cfe181e0 CR3: 0000000004274000 CR4: 0000000000750eb0
00018 PKRU: 55555554
00018 Call Trace:
00018  <TASK>
00018  ? ofd_precreate_objects+0x1bd8/0x3220 [ofd]
00018  ? ofd_create_hdl+0x2015/0x3510 [ofd]
00018  ? tgt_request_handle+0x23ad/0x3d30 [ptlrpc]
00018  ? tgt_request_handle+0x23ad/0x3d30 [ptlrpc]
00018  ? ret_from_fork+0x18c/0x520
00018  ? ptlrpc_main+0x6359/0x96f0 [ptlrpc]
00018  ? ptlrpc_main+0x6359/0x96f0 [ptlrpc]
00018  ? __kthread_parkme+0x73/0x130
00018  ? kthread+0x2cd/0x3a0
00018  ? kthread_unuse_mm+0x130/0x130
00018  ? __kthread_parkme+0x73/0x130
00018  ? ret_from_fork_asm+0x11/0x20
00018  ? ptlrpc_start_thread+0x1f10/0x1f10 [ptlrpc]
00018  ? kthread+0x2cd/0x3a0
00018  ? kthread_unuse_mm+0x130/0x130
00018  ? ret_from_fork+0x18c/0x520
00018  ? kthread_unuse_mm+0x130/0x130
00018  ? ret_from_fork_asm+0x11/0x20
00018  </TASK>
00018 ---[ end trace 0000000000000000 ]---
00018  </TASK>
00018 ------------[ cut here ]------------
00018 WARNING: /home/ktest/git/linux/include/linux/fs.h:889 at osd_create+0x9cf/0xcf0 [osd_wbcfs], CPU#3: ll_ost00_000/1782
00018 Modules linked in: ofd(O) osp(O) mdd(O) lod(O) mdt(O) lquota(O) lfsck(O) mgs(O) osd_wbcfs(O) lustre(O) obdecho(O) mgc(O) mdc(O) lov(O) osc(O) lmv(O) ec(O) fid(O) fld(O) ptlrpc(O) efivarfs obdclass(O) ksocklnd(O) lnet(O) libcfs(O)
00018 CPU: 3 UID: 0 PID: 1782 Comm: ll_ost00_000 Tainted: G        W  O        7.0.0-ktest-21af419-6330a45-20260729-dirty #1 PREEMPT 
00018 Tainted: [W]=WARN, [O]=OOT_MODULE
00018 Hardware name: QEMU Standard PC (Q35 + ICH9, 2009), BIOS 2025.11-3ubuntu7 03/31/2026
00018 RIP: 0010:osd_create+0x9cf/0xcf0 [osd_wbcfs]
00018 Code: c7 c7 00 96 7b a1 48 c7 c6 a0 12 7d a1 48 c7 c2 00 1c 7d a1 e8 52 f1 43 ff 48 c7 c7 00 96 7b a1 e8 46 81 44 ff e9 fe fc ff ff <0f> 0b e9 a5 fa ff ff 48 c7 c1 80 44 5d a0 80 e1 07 80 c1 03 38 c1
00018 RSP: 0018:ffffc90002277878 EFLAGS: 00010246
00018 RAX: 0000000000000000 RBX: ffff88811759f800 RCX: 0000000000000046
00018 ---[ end trace 0000000000000000 ]---
00018  ? ptlrpc_start_thread+0x1f10/0x1f10 [ptlrpc]
00018  ? kthread_unuse_mm+0x130/0x130
00018  ? ret_from_fork+0x18c/0x520
00018  ? kthread_unuse_mm+0x130/0x130
00018  ? ret_from_fork_asm+0x11/0x20
00018  </TASK>
00018 ---[ end trace 0000000000000000 ]---
00018 ------------[ cut here ]------------
00018 WARNING: /home/ktest/git/linux/include/linux/fs.h:889 at osd_create+0x9cf/0xcf0 [osd_wbcfs], CPU#1: ll_ost00_004/1832
00018 Modules linked in: ofd(O) osp(O) mdd(O) lod(O) mdt(O) lquota(O) lfsck(O) mgs(O) osd_wbcfs(O) lustre(O) obdecho(O) mgc(O) mdc(O) lov(O) osc(O) lmv(O) ec(O) fid(O) fld(O) ptlrpc(O) efivarfs obdclass(O) ksocklnd(O) lnet(O) libcfs(O)
00018 CPU: 1 UID: 0 PID: 1832 Comm: ll_ost00_004 Tainted: G        W  O        7.0.0-ktest-21af419-6330a45-20260729-dirty #1 PREEMPT 
00018 Tainted: [W]=WARN, [O]=OOT_MODULE
00018 Hardware name: QEMU Standard PC (Q35 + ICH9, 2009), BIOS 2025.11-3ubuntu7 03/31/2026
00018 RIP: 0010:osd_create+0x9cf/0xcf0 [osd_wbcfs]
00018 Code: c7 c7 00 96 7b a1 48 c7 c6 a0 12 7d a1 48 c7 c2 00 1c 7d a1 e8 52 f1 43 ff 48 c7 c7 00 96 7b a1 e8 46 81 44 ff e9 fe fc ff ff <0f> 0b e9 a5 fa ff ff 48 c7 c1 80 44 5d a0 80 e1 07 80 c1 03 38 c1
00018 RSP: 0018:ffffc90007ebf878 EFLAGS: 00010246
00018 RAX: 0000000000000000 RBX: ffff88800748f400 RCX: 0000000000000046
00018 RDX: 0000000000000000 RSI: ffff888074901818 RDI: ffff88811b9209e8
00018 RBP: ffff888074901788 R08: ffffffff83a16803 R09: 1ffffffff0742d00
00018 R10: dffffc0000000000 R11: fffffbfff0742d01 R12: ffff888104684030
00018 R13: dffffc0000000000 R14: 1ffff11000e91e80 R15: 1ffff110208d0842
00018 FS:  0000000000000000(0000) GS:ffff8881d4aaa000(0000) knlGS:0000000000000000
00018 CS:  0010 DS: 0000 ES: 0000 CR0: 0000000080050033
00018 CR2: 000055a86c1ba410 CR3: 000000011b6b5000 CR4: 0000000000750eb0
00018 PKRU: 55555554
00018 Call Trace:
00018  <TASK>
00018  ? ofd_precreate_objects+0x1bd8/0x3220 [ofd]
00018 RDX: 0000000000000000 RSI: ffff888074907b68 RDI: ffff88813342cb68
00018  ? ofd_create_hdl+0x2015/0x3510 [ofd]
00018 ------------[ cut here ]------------
00018 RBP: ffff888074907ad8 R08: ffffffff83a16803 R09: 1ffffffff0742d00
00018  ? tgt_request_handle+0x23ad/0x3d30 [ptlrpc]
00018 WARNING: /home/ktest/git/linux/include/linux/fs.h:889 at osd_create+0x9cf/0xcf0 [osd_wbcfs], CPU#0: ll_ost00_002/1784
00018 R10: dffffc0000000000 R11: fffffbfff0742d01 R12: ffff8880407ce030
00018 Modules linked in: ofd(O)
00018  ? ptlrpc_main+0x6359/0x96f0 [ptlrpc]
00018  ? __kthread_parkme+0x73/0x130
00018  ? kthread+0x2cd/0x3a0
00018 R13: dffffc0000000000 R14: 1ffff11022eb3f00 R15: 1ffff110080f9c42
00018  osp(O)
00018  ? ptlrpc_start_thread+0x1f10/0x1f10 [ptlrpc]
00018 FS:  0000000000000000(0000) GS:ffff8881d4baa000(0000) knlGS:0000000000000000
00018  mdd(O)
00018  ? kthread_unuse_mm+0x130/0x130
00018  ? ret_from_fork+0x18c/0x520
00018  ? kthread_unuse_mm+0x130/0x130
00018  ? ret_from_fork_asm+0x11/0x20
00018  </TASK>
00018 ---[ end trace 0000000000000000 ]---
00018 CS:  0010 DS: 0000 ES: 0000 CR0: 0000000080050033
00018 ------------[ cut here ]------------
00018 WARNING: /home/ktest/git/linux/include/linux/fs.h:889 at osd_create+0x9cf/0xcf0 [osd_wbcfs], CPU#1: ll_ost00_004/1832
00018 Modules linked in: ofd(O) osp(O) mdd(O) lod(O) mdt(O) lquota(O) lfsck(O) mgs(O) osd_wbcfs(O) lustre(O) obdecho(O) mgc(O) mdc(O) lov(O) osc(O) lmv(O) ec(O) fid(O) fld(O) ptlrpc(O) efivarfs obdclass(O) ksocklnd(O) lnet(O) libcfs(O)
00018 CPU: 1 UID: 0 PID: 1832 Comm: ll_ost00_004 Tainted: G        W  O        7.0.0-ktest-21af419-6330a45-20260729-dirty #1 PREEMPT 
00018 Tainted: [W]=WARN, [O]=OOT_MODULE
00018 Hardware name: QEMU Standard PC (Q35 + ICH9, 2009), BIOS 2025.11-3ubuntu7 03/31/2026
00018 RIP: 0010:osd_create+0x9cf/0xcf0 [osd_wbcfs]
00018 Code: c7 c7 00 96 7b a1 48 c7 c6 a0 12 7d a1 48 c7 c2 00 1c 7d a1 e8 52 f1 43 ff 48 c7 c7 00 96 7b a1 e8 46 81 44 ff e9 fe fc ff ff <0f> 0b e9 a5 fa ff ff 48 c7 c1 80 44 5d a0 80 e1 07 80 c1 03 38 c1
00018 RSP: 0018:ffffc90007ebf878 EFLAGS: 00010246
00018 RAX: 0000000000000000 RBX: ffff8881335de000 RCX: 0000000000000046
00018 RDX: 0000000000000000 RSI: ffff888074901100 RDI: ffff88811b9209e8
00018 RBP: ffff888074901070 R08: ffffffff83a16803 R09: 1ffffffff0742d00
00018 R10: dffffc0000000000 R11: fffffbfff0742d01 R12: ffff888104684030
00018 R13: dffffc0000000000 R14: 1ffff110266bbc00 R15: 1ffff110208d0842
00018 FS:  0000000000000000(0000) GS:ffff8881d4aaa000(0000) knlGS:0000000000000000
00018 CS:  0010 DS: 0000 ES: 0000 CR0: 0000000080050033
00018 CR2: 000055a86c1ba410 CR3: 000000011b6b5000 CR4: 0000000000750eb0
00018 PKRU: 55555554
00018 Call Trace:
00018  <TASK>
00018  ? ofd_precreate_objects+0x1bd8/0x3220 [ofd]
00018  lod(O)
00018  ? ofd_create_hdl+0x2015/0x3510 [ofd]
00018 CR2: 00007fc8cfe181e0 CR3: 0000000004274000 CR4: 0000000000750eb0
00018  mdt(O)
00018  ? tgt_request_handle+0x23ad/0x3d30 [ptlrpc]
00018 PKRU: 55555554
00018  lquota(O)
00018 Call Trace:
00018  ? ptlrpc_main+0x6359/0x96f0 [ptlrpc]
00018  lfsck(O)
00018  <TASK>
00018  ? __kthread_parkme+0x73/0x130
00018  ? kthread+0x2cd/0x3a0
00018  mgs(O)
00018  ? ptlrpc_start_thread+0x1f10/0x1f10 [ptlrpc]
00018  ? ofd_precreate_objects+0x1bd8/0x3220 [ofd]
00018  ? kthread_unuse_mm+0x130/0x130
00018  ? ret_from_fork+0x18c/0x520
00018  osd_wbcfs(O)
00018  ? kthread_unuse_mm+0x130/0x130
00018  ? ret_from_fork_asm+0x11/0x20
00018  </TASK>
00018 ---[ end trace 0000000000000000 ]---
00018 ------------[ cut here ]------------
00018 WARNING: /home/ktest/git/linux/include/linux/fs.h:889 at osd_create+0x9cf/0xcf0 [osd_wbcfs], CPU#1: ll_ost00_004/1832
00018 Modules linked in: ofd(O) osp(O) mdd(O) lod(O) mdt(O) lquota(O) lfsck(O) mgs(O) osd_wbcfs(O) lustre(O) obdecho(O) mgc(O) mdc(O) lov(O) osc(O) lmv(O) ec(O) fid(O) fld(O) ptlrpc(O) efivarfs obdclass(O) ksocklnd(O) lnet(O) libcfs(O)
00018 CPU: 1 UID: 0 PID: 1832 Comm: ll_ost00_004 Tainted: G        W  O        7.0.0-ktest-21af419-6330a45-20260729-dirty #1 PREEMPT 
00018 Tainted: [W]=WARN, [O]=OOT_MODULE
00018 Hardware name: QEMU Standard PC (Q35 + ICH9, 2009), BIOS 2025.11-3ubuntu7 03/31/2026
00018 RIP: 0010:osd_create+0x9cf/0xcf0 [osd_wbcfs]
00018  ? ofd_create_hdl+0x2015/0x3510 [ofd]
00018  lustre(O) obdecho(O) mgc(O) mdc(O) lov(O) osc(O) lmv(O) ec(O) fid(O) fld(O) ptlrpc(O) efivarfs obdclass(O) ksocklnd(O) lnet(O) libcfs(O)
00018 CPU: 0 UID: 0 PID: 1784 Comm: ll_ost00_002 Tainted: G        W  O        7.0.0-ktest-21af419-6330a45-20260729-dirty #1 PREEMPT 
00018 Tainted: [W]=WARN, [O]=OOT_MODULE
00018 Hardware name: QEMU Standard PC (Q35 + ICH9, 2009), BIOS 2025.11-3ubuntu7 03/31/2026
00018 RIP: 0010:osd_create+0x9cf/0xcf0 [osd_wbcfs]
00018 Code: c7 c7 00 96 7b a1 48 c7 c6 a0 12 7d a1 48 c7 c2 00 1c 7d a1 e8 52 f1 43 ff 48 c7 c7 00 96 7b a1 e8 46 81 44 ff e9 fe fc ff ff <0f> 0b e9 a5 fa ff ff 48 c7 c1 80 44 5d a0 80 e1 07 80 c1 03 38 c1
00018 RSP: 0018:ffffc90001417878 EFLAGS: 00010246
00018 RAX: 0000000000000000 RBX: ffff8881343bdc00 RCX: 0000000000000046
00018 RDX: 0000000000000000 RSI: ffff8880412a5f08 RDI: ffff88813342aaa8
00018 RBP: ffff8880412a5e78 R08: ffffffff83a16803 R09: 1ffffffff0742d00
00018 R10: dffffc0000000000 R11: fffffbfff0742d01 R12: ffff888040800030
00018 R13: dffffc0000000000 R14: 1ffff11026877b80 R15: 1ffff11008100042
00018 FS:  0000000000000000(0000) GS:ffff8881d4a2a000(0000) knlGS:0000000000000000
00018 CS:  0010 DS: 0000 ES: 0000 CR0: 0000000080050033
00018 CR2: 00007fc8cfe056f0 CR3: 00000001057e1000 CR4: 0000000000750eb0
00018 PKRU: 55555554
00018 Call Trace:
00018  <TASK>
00018  ? ofd_precreate_objects+0x1bd8/0x3220 [ofd]
00018  ? ofd_create_hdl+0x2015/0x3510 [ofd]
00018 Code: c7 c7 00 96 7b a1 48 c7 c6 a0 12 7d a1 48 c7 c2 00 1c 7d a1 e8 52 f1 43 ff 48 c7 c7 00 96 7b a1 e8 46 81 44 ff e9 fe fc ff ff <0f> 0b e9 a5 fa ff ff 48 c7 c1 80 44 5d a0 80 e1 07 80 c1 03 38 c1
00018  ? tgt_request_handle+0x23ad/0x3d30 [ptlrpc]
00018  ? tgt_request_handle+0x23ad/0x3d30 [ptlrpc]
00018 RSP: 0018:ffffc90007ebf878 EFLAGS: 00010246
00018  ? ptlrpc_main+0x6359/0x96f0 [ptlrpc]
00018  ? ptlrpc_main+0x6359/0x96f0 [ptlrpc]
00018 
00018  ? __kthread_parkme+0x73/0x130
00018  ? kthread+0x2cd/0x3a0
00018 RAX: 0000000000000000 RBX: ffff8881335df400 RCX: 0000000000000046
00018  ? __kthread_parkme+0x73/0x130
00018 RDX: 0000000000000000 RSI: ffff8880749009e8 RDI: ffff88811b9209e8
00018  ? kthread+0x2cd/0x3a0
00018  ? ptlrpc_start_thread+0x1f10/0x1f10 [ptlrpc]
00018 RBP: ffff888074900958 R08: ffffffff83a16803 R09: 1ffffffff0742d00
00018  ? kthread_unuse_mm+0x130/0x130
00018  ? ret_from_fork+0x18c/0x520
00018  ? kthread_unuse_mm+0x130/0x130
00018  ? ret_from_fork_asm+0x11/0x20
00018  </TASK>
00018 ---[ end trace 0000000000000000 ]---
00018 ------------[ cut here ]------------
00018 R10: dffffc0000000000 R11: fffffbfff0742d01 R12: ffff888104684030
00018  ? ptlrpc_start_thread+0x1f10/0x1f10 [ptlrpc]
00018 WARNING: /home/ktest/git/linux/include/linux/fs.h:889 at osd_create+0x9cf/0xcf0 [osd_wbcfs], CPU#3: ll_ost00_000/1782
00018 R13: dffffc0000000000 R14: 1ffff110266bbe80 R15: 1ffff110208d0842
00018 Modules linked in:
00018  ? kthread_unuse_mm+0x130/0x130
00018  ? ret_from_fork+0x18c/0x520
00018  ? kthread_unuse_mm+0x130/0x130
00018  ? ret_from_fork_asm+0x11/0x20
00018  </TASK>
00018 ---[ end trace 0000000000000000 ]---
00018 ------------[ cut here ]------------
00018 WARNING: /home/ktest/git/linux/include/linux/fs.h:889 at osd_create+0x9cf/0xcf0 [osd_wbcfs], CPU#0: ll_ost00_002/1784
00018 FS:  0000000000000000(0000) GS:ffff8881d4aaa000(0000) knlGS:0000000000000000
00018 Modules linked in: ofd(O) osp(O) mdd(O) lod(O) mdt(O) lquota(O) lfsck(O) mgs(O) osd_wbcfs(O) lustre(O) obdecho(O) mgc(O) mdc(O) lov(O) osc(O) lmv(O) ec(O) fid(O) fld(O) ptlrpc(O) efivarfs obdclass(O) ksocklnd(O) lnet(O) libcfs(O)
00018  ofd(O)
00018 CPU: 0 UID: 0 PID: 1784 Comm: ll_ost00_002 Tainted: G        W  O        7.0.0-ktest-21af419-6330a45-20260729-dirty #1 PREEMPT 
00018 Tainted: [W]=WARN, [O]=OOT_MODULE
00018 Hardware name: QEMU Standard PC (Q35 + ICH9, 2009), BIOS 2025.11-3ubuntu7 03/31/2026
00018 RIP: 0010:osd_create+0x9cf/0xcf0 [osd_wbcfs]
00018 Code: c7 c7 00 96 7b a1 48 c7 c6 a0 12 7d a1 48 c7 c2 00 1c 7d a1 e8 52 f1 43 ff 48 c7 c7 00 96 7b a1 e8 46 81 44 ff e9 fe fc ff ff <0f> 0b e9 a5 fa ff ff 48 c7 c1 80 44 5d a0 80 e1 07 80 c1 03 38 c1
00018 RSP: 0018:ffffc90001417878 EFLAGS: 00010246
00018 RAX: 0000000000000000 RBX: ffff88810435e000 RCX: 0000000000000046
00018 RDX: 0000000000000000 RSI: ffff8880412a57f0 RDI: ffff88813342aaa8
00018 RBP: ffff8880412a5760 R08: ffffffff83a16803 R09: 1ffffffff0742d00
00018 R10: dffffc0000000000 R11: fffffbfff0742d01 R12: ffff888040800030
00018 R13: dffffc0000000000 R14: 1ffff1102086bc00 R15: 1ffff11008100042
00018 FS:  0000000000000000(0000) GS:ffff8881d4a2a000(0000) knlGS:0000000000000000
00018 CS:  0010 DS: 0000 ES: 0000 CR0: 0000000080050033
00018 CR2: 00007fc8cfe056f0 CR3: 00000001057e1000 CR4: 0000000000750eb0
00018 PKRU: 55555554
00018 Call Trace:
00018  <TASK>
00018  ? ofd_precreate_objects+0x1bd8/0x3220 [ofd]
00018 CS:  0010 DS: 0000 ES: 0000 CR0: 0000000080050033
00018  ? ofd_create_hdl+0x2015/0x3510 [ofd]
00018  osp(O)
00018 CR2: 000055a86c1ba410 CR3: 000000011b6b5000 CR4: 0000000000750eb0
00018  mdd(O)
00018  ? tgt_request_handle+0x23ad/0x3d30 [ptlrpc]
00018 PKRU: 55555554
00018  lod(O)
00018  ? ptlrpc_main+0x6359/0x96f0 [ptlrpc]
00018 Call Trace:
00018  ? __kthread_parkme+0x73/0x130
00018  ? kthread+0x2cd/0x3a0
00018  ? ptlrpc_start_thread+0x1f10/0x1f10 [ptlrpc]
00018  mdt(O)
00018  <TASK>
00018  ? kthread_unuse_mm+0x130/0x130
00018  ? ret_from_fork+0x18c/0x520
00018  ? kthread_unuse_mm+0x130/0x130
00018  ? ret_from_fork_asm+0x11/0x20
00018  </TASK>
00018 ---[ end trace 0000000000000000 ]---
00018 ------------[ cut here ]------------
00018 WARNING: /home/ktest/git/linux/include/linux/fs.h:889 at osd_create+0x9cf/0xcf0 [osd_wbcfs], CPU#0: ll_ost00_002/1784
00018 Modules linked in: ofd(O) osp(O) mdd(O) lod(O) mdt(O) lquota(O) lfsck(O) mgs(O) osd_wbcfs(O) lustre(O) obdecho(O) mgc(O) mdc(O) lov(O) osc(O) lmv(O) ec(O) fid(O) fld(O) ptlrpc(O) efivarfs obdclass(O) ksocklnd(O) lnet(O) libcfs(O)
00018 CPU: 0 UID: 0 PID: 1784 Comm: ll_ost00_002 Tainted: G        W  O        7.0.0-ktest-21af419-6330a45-20260729-dirty #1 PREEMPT 
00018 Tainted: [W]=WARN, [O]=OOT_MODULE
00018 Hardware name: QEMU Standard PC (Q35 + ICH9, 2009), BIOS 2025.11-3ubuntu7 03/31/2026
00018 RIP: 0010:osd_create+0x9cf/0xcf0 [osd_wbcfs]
00018 Code: c7 c7 00 96 7b a1 48 c7 c6 a0 12 7d a1 48 c7 c2 00 1c 7d a1 e8 52 f1 43 ff 48 c7 c7 00 96 7b a1 e8 46 81 44 ff e9 fe fc ff ff <0f> 0b e9 a5 fa ff ff 48 c7 c1 80 44 5d a0 80 e1 07 80 c1 03 38 c1
00018 RSP: 0018:ffffc90001417878 EFLAGS: 00010246
00018 RAX: 0000000000000000 RBX: ffff88810435e800 RCX: 0000000000000046
00018 RDX: 0000000000000000 RSI: ffff8880412a50d8 RDI: ffff88813342aaa8
00018 RBP: ffff8880412a5048 R08: ffffffff83a16803 R09: 1ffffffff0742d00
00018 R10: dffffc0000000000 R11: fffffbfff0742d01 R12: ffff888040800030
00018 R13: dffffc0000000000 R14: 1ffff1102086bd00 R15: 1ffff11008100042
00018 FS:  0000000000000000(0000) GS:ffff8881d4a2a000(0000) knlGS:0000000000000000
00018 CS:  0010 DS: 0000 ES: 0000 CR0: 0000000080050033
00018 CR2: 00007fc8cfe056f0 CR3: 00000001057e1000 CR4: 0000000000750eb0
00018 PKRU: 55555554
00018 Call Trace:
00018  <TASK>
00018  ? ofd_precreate_objects+0x1bd8/0x3220 [ofd]
00018  lquota(O)
00018  ? ofd_create_hdl+0x2015/0x3510 [ofd]
00018  ? ofd_precreate_objects+0x1bd8/0x3220 [ofd]
00018  ? tgt_request_handle+0x23ad/0x3d30 [ptlrpc]
00018  lfsck(O)
00018  ? ptlrpc_main+0x6359/0x96f0 [ptlrpc]
00018  ? ofd_create_hdl+0x2015/0x3510 [ofd]
00018  ? __kthread_parkme+0x73/0x130
00018  ? kthread+0x2cd/0x3a0
00018  mgs(O)
00018  ? ptlrpc_start_thread+0x1f10/0x1f10 [ptlrpc]
00018  osd_wbcfs(O)
00018  ? tgt_request_handle+0x23ad/0x3d30 [ptlrpc]
00018  ? kthread_unuse_mm+0x130/0x130
00018  lustre(O)
00018  ? ptlrpc_main+0x6359/0x96f0 [ptlrpc]
00018  ? ret_from_fork+0x18c/0x520
00018  ? __kthread_parkme+0x73/0x130
00018  ? kthread+0x2cd/0x3a0
00018  obdecho(O)
00018  ? ptlrpc_start_thread+0x1f10/0x1f10 [ptlrpc]
00018  ? kthread_unuse_mm+0x130/0x130
00018  mgc(O)
00018  ? ret_from_fork_asm+0x11/0x20
00018  mdc(O)
00018  ? kthread_unuse_mm+0x130/0x130
00018  ? ret_from_fork+0x18c/0x520
00018  ? kthread_unuse_mm+0x130/0x130
00018  ? ret_from_fork_asm+0x11/0x20
00018  </TASK>
00018 ---[ end trace 0000000000000000 ]---
00018 ------------[ cut here ]------------
00018 WARNING: /home/ktest/git/linux/include/linux/fs.h:889 at osd_create+0x9cf/0xcf0 [osd_wbcfs], CPU#1: ll_ost00_004/1832
00018 Modules linked in: ofd(O) osp(O) mdd(O) lod(O) mdt(O) lquota(O) lfsck(O) mgs(O) osd_wbcfs(O) lustre(O) obdecho(O) mgc(O) mdc(O) lov(O) osc(O) lmv(O) ec(O) fid(O) fld(O) ptlrpc(O) efivarfs obdclass(O) ksocklnd(O) lnet(O) libcfs(O)
00018 CPU: 1 UID: 0 PID: 1832 Comm: ll_ost00_004 Tainted: G        W  O        7.0.0-ktest-21af419-6330a45-20260729-dirty #1 PREEMPT 
00018 Tainted: [W]=WARN, [O]=OOT_MODULE
00018 Hardware name: QEMU Standard PC (Q35 + ICH9, 2009), BIOS 2025.11-3ubuntu7 03/31/2026
00018  </TASK>
00018 ---[ end trace 0000000000000000 ]---
00018 ------------[ cut here ]------------
00018 WARNING: /home/ktest/git/linux/include/linux/fs.h:889 at osd_create+0x9cf/0xcf0 [osd_wbcfs], CPU#0: ll_ost00_002/1784
00018 Modules linked in: ofd(O) osp(O) mdd(O) lod(O) mdt(O) lquota(O) lfsck(O) mgs(O) osd_wbcfs(O) lustre(O) obdecho(O) mgc(O) mdc(O) lov(O) osc(O) lmv(O) ec(O) fid(O) fld(O) ptlrpc(O) efivarfs obdclass(O) ksocklnd(O) lnet(O) libcfs(O)
00018 CPU: 0 UID: 0 PID: 1784 Comm: ll_ost00_002 Tainted: G        W  O        7.0.0-ktest-21af419-6330a45-20260729-dirty #1 PREEMPT 
00018 Tainted: [W]=WARN, [O]=OOT_MODULE
00018 Hardware name: QEMU Standard PC (Q35 + ICH9, 2009), BIOS 2025.11-3ubuntu7 03/31/2026
00018 RIP: 0010:osd_create+0x9cf/0xcf0 [osd_wbcfs]
00018 Code: c7 c7 00 96 7b a1 48 c7 c6 a0 12 7d a1 48 c7 c2 00 1c 7d a1 e8 52 f1 43 ff 48 c7 c7 00 96 7b a1 e8 46 81 44 ff e9 fe fc ff ff <0f> 0b e9 a5 fa ff ff 48 c7 c1 80 44 5d a0 80 e1 07 80 c1 03 38 c1
00018 RSP: 0018:ffffc90001417878 EFLAGS: 00010246
00018 RAX: 0000000000000000 RBX: ffff88810435ec00 RCX: 0000000000000046
00018 RDX: 0000000000000000 RSI: ffff8880412a49c0 RDI: ffff88813342aaa8
00018 RBP: ffff8880412a4930 R08: ffffffff83a16803 R09: 1ffffffff0742d00
00018 R10: dffffc0000000000 R11: fffffbfff0742d01 R12: ffff888040800030
00018 R13: dffffc0000000000 R14: 1ffff1102086bd80 R15: 1ffff11008100042
00018 FS:  0000000000000000(0000) GS:ffff8881d4a2a000(0000) knlGS:0000000000000000
00018 CS:  0010 DS: 0000 ES: 0000 CR0: 0000000080050033
00018 CR2: 00007fc8cfe056f0 CR3: 00000001057e1000 CR4: 0000000000750eb0
00018 PKRU: 55555554
00018 Call Trace:
00018  <TASK>
00018  ? ofd_precreate_objects+0x1bd8/0x3220 [ofd]
00018  ? ofd_create_hdl+0x2015/0x3510 [ofd]
00018  lov(O)
00018 RIP: 0010:osd_create+0x9cf/0xcf0 [osd_wbcfs]
00018  ? tgt_request_handle+0x23ad/0x3d30 [ptlrpc]
00018  osc(O)
00018 Code: c7 c7 00 96 7b a1 48 c7 c6 a0 12 7d a1 48 c7 c2 00 1c 7d a1 e8 52 f1 43 ff 48 c7 c7 00 96 7b a1 e8 46 81 44 ff e9 fe fc ff ff <0f> 0b e9 a5 fa ff ff 48 c7 c1 80 44 5d a0 80 e1 07 80 c1 03 38 c1
00018  lmv(O)
00018 RSP: 0018:ffffc90007ebf878 EFLAGS: 00010246
00018  ? ptlrpc_main+0x6359/0x96f0 [ptlrpc]
00018  ec(O)
00018 
00018  fid(O)
00018  ? __kthread_parkme+0x73/0x130
00018  ? kthread+0x2cd/0x3a0
00018 RAX: 0000000000000000 RBX: ffff888007696400 RCX: 0000000000000046
00018  fld(O)
00018  ? ptlrpc_start_thread+0x1f10/0x1f10 [ptlrpc]
00018 RDX: 0000000000000000 RSI: ffff8880749002d0 RDI: ffff88811b9209e8
00018  ptlrpc(O)
00018  ? kthread_unuse_mm+0x130/0x130
00018  ? ret_from_fork+0x18c/0x520
00018  ? kthread_unuse_mm+0x130/0x130
00018  ? ret_from_fork_asm+0x11/0x20
00018  </TASK>
00018 ---[ end trace 0000000000000000 ]---
00018 RBP: ffff888074900240 R08: ffffffff83a16803 R09: 1ffffffff0742d00
00018 ------------[ cut here ]------------
00018 WARNING: /home/ktest/git/linux/include/linux/fs.h:889 at osd_create+0x9cf/0xcf0 [osd_wbcfs], CPU#0: ll_ost00_002/1784
00018 Modules linked in:
00018  efivarfs
00018  ofd(O) osp(O) mdd(O) lod(O) mdt(O) lquota(O) lfsck(O) mgs(O) osd_wbcfs(O) lustre(O) obdecho(O) mgc(O) mdc(O) lov(O) osc(O) lmv(O) ec(O) fid(O) fld(O) ptlrpc(O) efivarfs obdclass(O) ksocklnd(O) lnet(O) libcfs(O)
00018 CPU: 0 UID: 0 PID: 1784 Comm: ll_ost00_002 Tainted: G        W  O        7.0.0-ktest-21af419-6330a45-20260729-dirty #1 PREEMPT 
00018 Tainted: [W]=WARN, [O]=OOT_MODULE
00018 Hardware name: QEMU Standard PC (Q35 + ICH9, 2009), BIOS 2025.11-3ubuntu7 03/31/2026
00018 RIP: 0010:osd_create+0x9cf/0xcf0 [osd_wbcfs]
00018 Code: c7 c7 00 96 7b a1 48 c7 c6 a0 12 7d a1 48 c7 c2 00 1c 7d a1 e8 52 f1 43 ff 48 c7 c7 00 96 7b a1 e8 46 81 44 ff e9 fe fc ff ff <0f> 0b e9 a5 fa ff ff 48 c7 c1 80 44 5d a0 80 e1 07 80 c1 03 38 c1
00018 RSP: 0018:ffffc90001417878 EFLAGS: 00010246
00018 RAX: 0000000000000000 RBX: ffff88810435f000 RCX: 0000000000000046
00018 RDX: 0000000000000000 RSI: ffff8880412a42a8 RDI: ffff88813342aaa8
00018 RBP: ffff8880412a4218 R08: ffffffff83a16803 R09: 1ffffffff0742d00
00018 R10: dffffc0000000000 R11: fffffbfff0742d01 R12: ffff888040800030
00018 R13: dffffc0000000000 R14: 1ffff1102086be00 R15: 1ffff11008100042
00018 FS:  0000000000000000(0000) GS:ffff8881d4a2a000(0000) knlGS:0000000000000000
00018 CS:  0010 DS: 0000 ES: 0000 CR0: 0000000080050033
00018 CR2: 00007fc8cfe056f0 CR3: 00000001057e1000 CR4: 0000000000750eb0
00018 PKRU: 55555554
00018 Call Trace:
00018  <TASK>
00018  ? ofd_precreate_objects+0x1bd8/0x3220 [ofd]
00018 R10: dffffc0000000000 R11: fffffbfff0742d01 R12: ffff888104684030
00018  ? ofd_create_hdl+0x2015/0x3510 [ofd]
00018  obdclass(O)
00018 R13: dffffc0000000000 R14: 1ffff11000ed2c80 R15: 1ffff110208d0842
00018  ? tgt_request_handle+0x23ad/0x3d30 [ptlrpc]
00018  ksocklnd(O)
00018 FS:  0000000000000000(0000) GS:ffff8881d4aaa000(0000) knlGS:0000000000000000
00018  lnet(O)
00018 CS:  0010 DS: 0000 ES: 0000 CR0: 0000000080050033
00018  libcfs(O)
00018  ? ptlrpc_main+0x6359/0x96f0 [ptlrpc]
00018 CR2: 000055a86c1ba410 CR3: 000000011b6b5000 CR4: 0000000000750eb0
00018 
00018  ? __kthread_parkme+0x73/0x130
00018  ? kthread+0x2cd/0x3a0
00018 PKRU: 55555554
00018 CPU: 3 UID: 0 PID: 1782 Comm: ll_ost00_000 Tainted: G        W  O        7.0.0-ktest-21af419-6330a45-20260729-dirty #1 PREEMPT 
00018  ? ptlrpc_start_thread+0x1f10/0x1f10 [ptlrpc]
00018  ? kthread_unuse_mm+0x130/0x130
00018  ? ret_from_fork+0x18c/0x520
00018  ? kthread_unuse_mm+0x130/0x130
00018  ? ret_from_fork_asm+0x11/0x20
00018  </TASK>
00018 ---[ end trace 0000000000000000 ]---
00018 ------------[ cut here ]------------
00018 WARNING: /home/ktest/git/linux/include/linux/fs.h:889 at osd_create+0x9cf/0xcf0 [osd_wbcfs], CPU#0: ll_ost00_002/1784
00018 Modules linked in: ofd(O) osp(O) mdd(O) lod(O) mdt(O) lquota(O) lfsck(O) mgs(O) osd_wbcfs(O) lustre(O) obdecho(O) mgc(O) mdc(O) lov(O) osc(O) lmv(O) ec(O) fid(O) fld(O) ptlrpc(O) efivarfs obdclass(O) ksocklnd(O) lnet(O) libcfs(O)
00018 CPU: 0 UID: 0 PID: 1784 Comm: ll_ost00_002 Tainted: G        W  O        7.0.0-ktest-21af419-6330a45-20260729-dirty #1 PREEMPT 
00018 Tainted: [W]=WARN, [O]=OOT_MODULE
00018 Hardware name: QEMU Standard PC (Q35 + ICH9, 2009), BIOS 2025.11-3ubuntu7 03/31/2026
00018 RIP: 0010:osd_create+0x9cf/0xcf0 [osd_wbcfs]
00018 Code: c7 c7 00 96 7b a1 48 c7 c6 a0 12 7d a1 48 c7 c2 00 1c 7d a1 e8 52 f1 43 ff 48 c7 c7 00 96 7b a1 e8 46 81 44 ff e9 fe fc ff ff <0f> 0b e9 a5 fa ff ff 48 c7 c1 80 44 5d a0 80 e1 07 80 c1 03 38 c1
00018 RSP: 0018:ffffc90001417878 EFLAGS: 00010246
00018 RAX: 0000000000000000 RBX: ffff88810435fc00 RCX: 0000000000000046
00018 RDX: 0000000000000000 RSI: ffff8880412a3b90 RDI: ffff88813342aaa8
00018 RBP: ffff8880412a3b00 R08: ffffffff83a16803 R09: 1ffffffff0742d00
00018 R10: dffffc0000000000 R11: fffffbfff0742d01 R12: ffff888040800030
00018 R13: dffffc0000000000 R14: 1ffff1102086bf80 R15: 1ffff11008100042
00018 FS:  0000000000000000(0000) GS:ffff8881d4a2a000(0000) knlGS:0000000000000000
00018 CS:  0010 DS: 0000 ES: 0000 CR0: 0000000080050033
00018 CR2: 00007fc8cfe056f0 CR3: 00000001057e1000 CR4: 0000000000750eb0
00018 PKRU: 55555554
00018 Call Trace:
00018  <TASK>
00018  ? ofd_precreate_objects+0x1bd8/0x3220 [ofd]
00018 Call Trace:
00018  ? ofd_create_hdl+0x2015/0x3510 [ofd]
00018  ? tgt_request_handle+0x23ad/0x3d30 [ptlrpc]
00018 Tainted: [W]=WARN, [O]=OOT_MODULE
00018  ? ptlrpc_main+0x6359/0x96f0 [ptlrpc]
00018  <TASK>
00018 Hardware name: QEMU Standard PC (Q35 + ICH9, 2009), BIOS 2025.11-3ubuntu7 03/31/2026
00018  ? __kthread_parkme+0x73/0x130
00018  ? kthread+0x2cd/0x3a0
00018  ? ptlrpc_start_thread+0x1f10/0x1f10 [ptlrpc]
00018  ? ofd_precreate_objects+0x1bd8/0x3220 [ofd]
00018 RIP: 0010:osd_create+0x9cf/0xcf0 [osd_wbcfs]
00018  ? kthread_unuse_mm+0x130/0x130
00018  ? ret_from_fork+0x18c/0x520
00018  ? kthread_unuse_mm+0x130/0x130
00018  ? ret_from_fork_asm+0x11/0x20
00018  </TASK>
00018 ---[ end trace 0000000000000000 ]---
00018 ------------[ cut here ]------------
00018 WARNING: /home/ktest/git/linux/include/linux/fs.h:889 at osd_create+0x9cf/0xcf0 [osd_wbcfs], CPU#0: ll_ost00_002/1784
00018 Modules linked in: ofd(O) osp(O) mdd(O) lod(O) mdt(O) lquota(O) lfsck(O) mgs(O) osd_wbcfs(O) lustre(O) obdecho(O) mgc(O) mdc(O) lov(O) osc(O) lmv(O) ec(O) fid(O) fld(O) ptlrpc(O) efivarfs obdclass(O) ksocklnd(O) lnet(O) libcfs(O)
00018 CPU: 0 UID: 0 PID: 1784 Comm: ll_ost00_002 Tainted: G        W  O        7.0.0-ktest-21af419-6330a45-20260729-dirty #1 PREEMPT 
00018 Tainted: [W]=WARN, [O]=OOT_MODULE
00018 Hardware name: QEMU Standard PC (Q35 + ICH9, 2009), BIOS 2025.11-3ubuntu7 03/31/2026
00018 RIP: 0010:osd_create+0x9cf/0xcf0 [osd_wbcfs]
00018 Code: c7 c7 00 96 7b a1 48 c7 c6 a0 12 7d a1 48 c7 c2 00 1c 7d a1 e8 52 f1 43 ff 48 c7 c7 00 96 7b a1 e8 46 81 44 ff e9 fe fc ff ff <0f> 0b e9 a5 fa ff ff 48 c7 c1 80 44 5d a0 80 e1 07 80 c1 03 38 c1
00018 RSP: 0018:ffffc90001417878 EFLAGS: 00010246
00018 RAX: 0000000000000000 RBX: ffff88810435e400 RCX: 0000000000000046
00018 RDX: 0000000000000000 RSI: ffff8880412a3478 RDI: ffff88813342aaa8
00018 RBP: ffff8880412a33e8 R08: ffffffff83a16803 R09: 1ffffffff0742d00
00018 R10: dffffc0000000000 R11: fffffbfff0742d01 R12: ffff888040800030
00018 R13: dffffc0000000000 R14: 1ffff1102086bc80 R15: 1ffff11008100042
00018 FS:  0000000000000000(0000) GS:ffff8881d4a2a000(0000) knlGS:0000000000000000
00018 CS:  0010 DS: 0000 ES: 0000 CR0: 0000000080050033
00018 CR2: 00007fc8cfe056f0 CR3: 00000001057e1000 CR4: 0000000000750eb0
00018 PKRU: 55555554
00018 Call Trace:
00018  <TASK>
00018  ? ofd_precreate_objects+0x1bd8/0x3220 [ofd]
00018  ? ofd_create_hdl+0x2015/0x3510 [ofd]
00018  ? ofd_create_hdl+0x2015/0x3510 [ofd]
00018  ? tgt_request_handle+0x23ad/0x3d30 [ptlrpc]
00018 Code: c7 c7 00 96 7b a1 48 c7 c6 a0 12 7d a1 48 c7 c2 00 1c 7d a1 e8 52 f1 43 ff 48 c7 c7 00 96 7b a1 e8 46 81 44 ff e9 fe fc ff ff <0f> 0b e9 a5 fa ff ff 48 c7 c1 80 44 5d a0 80 e1 07 80 c1 03 38 c1
00018  ? ptlrpc_main+0x6359/0x96f0 [ptlrpc]
00018  ? tgt_request_handle+0x23ad/0x3d30 [ptlrpc]
00018 RSP: 0018:ffffc90002277878 EFLAGS: 00010246
00018  ? ptlrpc_main+0x6359/0x96f0 [ptlrpc]
00018  ? __kthread_parkme+0x73/0x130
00018  ? __kthread_parkme+0x73/0x130
00018  ? kthread+0x2cd/0x3a0
00018 
00018  ? ptlrpc_start_thread+0x1f10/0x1f10 [ptlrpc]
00018  ? kthread+0x2cd/0x3a0
00018 RAX: 0000000000000000 RBX: ffff88811759ec00 RCX: 0000000000000046
00018  ? kthread_unuse_mm+0x130/0x130
00018  ? ret_from_fork+0x18c/0x520
00018  ? kthread_unuse_mm+0x130/0x130
00018  ? ret_from_fork_asm+0x11/0x20
00018  </TASK>
00018 ---[ end trace 0000000000000000 ]---
00018 ------------[ cut here ]------------
00018 WARNING: /home/ktest/git/linux/include/linux/fs.h:889 at osd_create+0x9cf/0xcf0 [osd_wbcfs], CPU#1: ll_ost00_004/1832
00018 Modules linked in: ofd(O) osp(O) mdd(O) lod(O) mdt(O) lquota(O) lfsck(O) mgs(O) osd_wbcfs(O) lustre(O) obdecho(O) mgc(O) mdc(O) lov(O) osc(O) lmv(O) ec(O) fid(O) fld(O) ptlrpc(O) efivarfs obdclass(O) ksocklnd(O) lnet(O) libcfs(O)
00018 CPU: 1 UID: 0 PID: 1832 Comm: ll_ost00_004 Tainted: G        W  O        7.0.0-ktest-21af419-6330a45-20260729-dirty #1 PREEMPT 
00018 Tainted: [W]=WARN, [O]=OOT_MODULE
00018 Hardware name: QEMU Standard PC (Q35 + ICH9, 2009), BIOS 2025.11-3ubuntu7 03/31/2026
00018 RIP: 0010:osd_create+0x9cf/0xcf0 [osd_wbcfs]
00018 Code: c7 c7 00 96 7b a1 48 c7 c6 a0 12 7d a1 48 c7 c2 00 1c 7d a1 e8 52 f1 43 ff 48 c7 c7 00 96 7b a1 e8 46 81 44 ff e9 fe fc ff ff <0f> 0b e9 a5 fa ff ff 48 c7 c1 80 44 5d a0 80 e1 07 80 c1 03 38 c1
00018 RSP: 0018:ffffc90007ebf878 EFLAGS: 00010246
00018 RAX: 0000000000000000 RBX: ffff888007696c00 RCX: 0000000000000046
00018 RDX: 0000000000000000 RSI: ffff8880232550d8 RDI: ffff88811b9209e8
00018 RBP: ffff888023255048 R08: ffffffff83a16803 R09: 1ffffffff0742d00
00018 R10: dffffc0000000000 R11: fffffbfff0742d01 R12: ffff888104684030
00018 R13: dffffc0000000000 R14: 1ffff11000ed2d80 R15: 1ffff110208d0842
00018 FS:  0000000000000000(0000) GS:ffff8881d4aaa000(0000) knlGS:0000000000000000
00018 RDX: 0000000000000000 RSI: ffff888074907450 RDI: ffff88813342cb68
00018 CS:  0010 DS: 0000 ES: 0000 CR0: 0000000080050033
00018 RBP: ffff8880749073c0 R08: ffffffff83a16803 R09: 1ffffffff0742d00
00018  ? ptlrpc_start_thread+0x1f10/0x1f10 [ptlrpc]
00018 CR2: 000055a86c1ba410 CR3: 000000011b6b5000 CR4: 0000000000750eb0
00018 R10: dffffc0000000000 R11: fffffbfff0742d01 R12: ffff8880407ce030
00018 PKRU: 55555554
00018  ? kthread_unuse_mm+0x130/0x130
00018  ? ret_from_fork+0x18c/0x520
00018  ? kthread_unuse_mm+0x130/0x130
00018  ? ret_from_fork_asm+0x11/0x20
00018  </TASK>
00018 ---[ end trace 0000000000000000 ]---
00018 R13: dffffc0000000000 R14: 1ffff11022eb3d80 R15: 1ffff110080f9c42
00018 ------------[ cut here ]------------
00018 WARNING: /home/ktest/git/linux/include/linux/fs.h:889 at osd_create+0x9cf/0xcf0 [osd_wbcfs], CPU#0: ll_ost00_002/1784
00018 Modules linked in: ofd(O) osp(O) mdd(O) lod(O) mdt(O) lquota(O) lfsck(O) mgs(O) osd_wbcfs(O) lustre(O) obdecho(O) mgc(O) mdc(O) lov(O) osc(O) lmv(O) ec(O) fid(O) fld(O) ptlrpc(O) efivarfs obdclass(O) ksocklnd(O) lnet(O) libcfs(O)
00018 CPU: 0 UID: 0 PID: 1784 Comm: ll_ost00_002 Tainted: G        W  O        7.0.0-ktest-21af419-6330a45-20260729-dirty #1 PREEMPT 
00018 Tainted: [W]=WARN, [O]=OOT_MODULE
00018 Hardware name: QEMU Standard PC (Q35 + ICH9, 2009), BIOS 2025.11-3ubuntu7 03/31/2026
00018 RIP: 0010:osd_create+0x9cf/0xcf0 [osd_wbcfs]
00018 Code: c7 c7 00 96 7b a1 48 c7 c6 a0 12 7d a1 48 c7 c2 00 1c 7d a1 e8 52 f1 43 ff 48 c7 c7 00 96 7b a1 e8 46 81 44 ff e9 fe fc ff ff <0f> 0b e9 a5 fa ff ff 48 c7 c1 80 44 5d a0 80 e1 07 80 c1 03 38 c1
00018 RSP: 0018:ffffc90001417878 EFLAGS: 00010246
00018 RAX: 0000000000000000 RBX: ffff8881343d9000 RCX: 0000000000000046
00018 RDX: 0000000000000000 RSI: ffff8880412a2d60 RDI: ffff88813342aaa8
00018 RBP: ffff8880412a2cd0 R08: ffffffff83a16803 R09: 1ffffffff0742d00
00018 R10: dffffc0000000000 R11: fffffbfff0742d01 R12: ffff888040800030
00018 R13: dffffc0000000000 R14: 1ffff1102687b200 R15: 1ffff11008100042
00018 FS:  0000000000000000(0000) GS:ffff8881d4a2a000(0000) knlGS:0000000000000000
00018 CS:  0010 DS: 0000 ES: 0000 CR0: 0000000080050033
00018 CR2: 00007fc8cfe056f0 CR3: 00000001057e1000 CR4: 0000000000750eb0
00018 PKRU: 55555554
00018 Call Trace:
00018  <TASK>
00018 Call Trace:
00018  ? ofd_precreate_objects+0x1bd8/0x3220 [ofd]
00018  ? ofd_create_hdl+0x2015/0x3510 [ofd]
00018  ? tgt_request_handle+0x23ad/0x3d30 [ptlrpc]
00018 FS:  0000000000000000(0000) GS:ffff8881d4baa000(0000) knlGS:0000000000000000
00018  <TASK>
00018 CS:  0010 DS: 0000 ES: 0000 CR0: 0000000080050033
00018  ? ptlrpc_main+0x6359/0x96f0 [ptlrpc]
00018  ? ofd_precreate_objects+0x1bd8/0x3220 [ofd]
00018  ? ofd_create_hdl+0x2015/0x3510 [ofd]
00018  ? tgt_request_handle+0x23ad/0x3d30 [ptlrpc]
00018 CR2: 00007fc8cfe181e0 CR3: 0000000004274000 CR4: 0000000000750eb0
00018  ? ptlrpc_main+0x6359/0x96f0 [ptlrpc]
00018  ? __kthread_parkme+0x73/0x130
00018  ? __kthread_parkme+0x73/0x130
00018  ? kthread+0x2cd/0x3a0
00018 PKRU: 55555554
00018  ? ptlrpc_start_thread+0x1f10/0x1f10 [ptlrpc]
00018  ? kthread+0x2cd/0x3a0
00018  ? kthread_unuse_mm+0x130/0x130
00018  ? ret_from_fork+0x18c/0x520
00018  ? kthread_unuse_mm+0x130/0x130
00018  ? ret_from_fork_asm+0x11/0x20
00018  </TASK>
00018 ---[ end trace 0000000000000000 ]---
00018 Call Trace:
00018  <TASK>
00018 ------------[ cut here ]------------
00018 WARNING: /home/ktest/git/linux/include/linux/fs.h:889 at osd_create+0x9cf/0xcf0 [osd_wbcfs], CPU#0: ll_ost00_002/1784
00018 Modules linked in: ofd(O) osp(O) mdd(O) lod(O) mdt(O) lquota(O) lfsck(O) mgs(O) osd_wbcfs(O) lustre(O) obdecho(O) mgc(O) mdc(O) lov(O) osc(O) lmv(O) ec(O) fid(O) fld(O) ptlrpc(O) efivarfs obdclass(O) ksocklnd(O) lnet(O) libcfs(O)
00018 CPU: 0 UID: 0 PID: 1784 Comm: ll_ost00_002 Tainted: G        W  O        7.0.0-ktest-21af419-6330a45-20260729-dirty #1 PREEMPT 
00018 Tainted: [W]=WARN, [O]=OOT_MODULE
00018 Hardware name: QEMU Standard PC (Q35 + ICH9, 2009), BIOS 2025.11-3ubuntu7 03/31/2026
00018 RIP: 0010:osd_create+0x9cf/0xcf0 [osd_wbcfs]
00018 Code: c7 c7 00 96 7b a1 48 c7 c6 a0 12 7d a1 48 c7 c2 00 1c 7d a1 e8 52 f1 43 ff 48 c7 c7 00 96 7b a1 e8 46 81 44 ff e9 fe fc ff ff <0f> 0b e9 a5 fa ff ff 48 c7 c1 80 44 5d a0 80 e1 07 80 c1 03 38 c1
00018 RSP: 0018:ffffc90001417878 EFLAGS: 00010246
00018 RAX: 0000000000000000 RBX: ffff8881343d8c00 RCX: 0000000000000046
00018 RDX: 0000000000000000 RSI: ffff88802b7aa648 RDI: ffff88813342aaa8
00018 RBP: ffff88802b7aa5b8 R08: ffffffff83a16803 R09: 1ffffffff0742d00
00018 R10: dffffc0000000000 R11: fffffbfff0742d01 R12: ffff888040800030
00018 R13: dffffc0000000000 R14: 1ffff1102687b180 R15: 1ffff11008100042
00018 FS:  0000000000000000(0000) GS:ffff8881d4a2a000(0000) knlGS:0000000000000000
00018 CS:  0010 DS: 0000 ES: 0000 CR0: 0000000080050033
00018 CR2: 00007fc8cfe056f0 CR3: 00000001057e1000 CR4: 0000000000750eb0
00018 PKRU: 55555554
00018 Call Trace:
00018  <TASK>
00018  ? ofd_precreate_objects+0x1bd8/0x3220 [ofd]
00018  ? ofd_create_hdl+0x2015/0x3510 [ofd]
00018  ? tgt_request_handle+0x23ad/0x3d30 [ptlrpc]
00018  ? ptlrpc_start_thread+0x1f10/0x1f10 [ptlrpc]
00018  ? ptlrpc_main+0x6359/0x96f0 [ptlrpc]
00018  ? __kthread_parkme+0x73/0x130
00018  ? ofd_precreate_objects+0x1bd8/0x3220 [ofd]
00018  ? ofd_create_hdl+0x2015/0x3510 [ofd]
00018  ? kthread_unuse_mm+0x130/0x130
00018  ? tgt_request_handle+0x23ad/0x3d30 [ptlrpc]
00018  ? kthread+0x2cd/0x3a0
00018  ? ret_from_fork+0x18c/0x520
00018  ? ptlrpc_main+0x6359/0x96f0 [ptlrpc]
00018  ? kthread_unuse_mm+0x130/0x130
00018  ? ptlrpc_start_thread+0x1f10/0x1f10 [ptlrpc]
00018  ? __kthread_parkme+0x73/0x130
00018  ? kthread+0x2cd/0x3a0
00018  ? ret_from_fork_asm+0x11/0x20
00018  ? kthread_unuse_mm+0x130/0x130
00018  </TASK>
00018  ? ptlrpc_start_thread+0x1f10/0x1f10 [ptlrpc]
00018  ? ret_from_fork+0x18c/0x520
00018 ---[ end trace 0000000000000000 ]---
00018  ? kthread_unuse_mm+0x130/0x130
00018  ? ret_from_fork+0x18c/0x520
00018  ? kthread_unuse_mm+0x130/0x130
00018  ? ret_from_fork_asm+0x11/0x20
00018  ? kthread_unuse_mm+0x130/0x130
00018  </TASK>
00018  ? ret_from_fork_asm+0x11/0x20
00018  </TASK>
00018 ---[ end trace 0000000000000000 ]---
00018 ------------[ cut here ]------------
00018 WARNING: /home/ktest/git/linux/include/linux/fs.h:889 at osd_create+0x9cf/0xcf0 [osd_wbcfs], CPU#0: ll_ost00_002/1784
00018 Modules linked in: ofd(O) osp(O) mdd(O) lod(O) mdt(O) lquota(O) lfsck(O) mgs(O) osd_wbcfs(O) lustre(O) obdecho(O) mgc(O) mdc(O) lov(O) osc(O) lmv(O) ec(O) fid(O) fld(O) ptlrpc(O) efivarfs obdclass(O) ksocklnd(O) lnet(O) libcfs(O)
00018 CPU: 0 UID: 0 PID: 1784 Comm: ll_ost00_002 Tainted: G        W  O        7.0.0-ktest-21af419-6330a45-20260729-dirty #1 PREEMPT 
00018 Tainted: [W]=WARN, [O]=OOT_MODULE
00018 Hardware name: QEMU Standard PC (Q35 + ICH9, 2009), BIOS 2025.11-3ubuntu7 03/31/2026
00018 RIP: 0010:osd_create+0x9cf/0xcf0 [osd_wbcfs]
00018 ------------[ cut here ]------------
00018 WARNING: /home/ktest/git/linux/include/linux/fs.h:889 at osd_create+0x9cf/0xcf0 [osd_wbcfs], CPU#1: ll_ost00_004/1832
00018 Modules linked in: ofd(O) osp(O) mdd(O) lod(O) mdt(O) lquota(O) lfsck(O) mgs(O) osd_wbcfs(O) lustre(O) obdecho(O) mgc(O) mdc(O) lov(O) osc(O) lmv(O) ec(O) fid(O) fld(O) ptlrpc(O) efivarfs obdclass(O) ksocklnd(O) lnet(O) libcfs(O)
00018 CPU: 1 UID: 0 PID: 1832 Comm: ll_ost00_004 Tainted: G        W  O        7.0.0-ktest-21af419-6330a45-20260729-dirty #1 PREEMPT 
00018 Tainted: [W]=WARN, [O]=OOT_MODULE
00018 Hardware name: QEMU Standard PC (Q35 + ICH9, 2009), BIOS 2025.11-3ubuntu7 03/31/2026
00018 RIP: 0010:osd_create+0x9cf/0xcf0 [osd_wbcfs]
00018 Code: c7 c7 00 96 7b a1 48 c7 c6 a0 12 7d a1 48 c7 c2 00 1c 7d a1 e8 52 f1 43 ff 48 c7 c7 00 96 7b a1 e8 46 81 44 ff e9 fe fc ff ff <0f> 0b e9 a5 fa ff ff 48 c7 c1 80 44 5d a0 80 e1 07 80 c1 03 38 c1
00018 RSP: 0018:ffffc90007ebf878 EFLAGS: 00010246
00018 RAX: 0000000000000000 RBX: ffff888007696800 RCX: 0000000000000046
00018 RDX: 0000000000000000 RSI: ffff8880232549c0 RDI: ffff88811b9209e8
00018 ---[ end trace 0000000000000000 ]---
00018 RBP: ffff888023254930 R08: ffffffff83a16803 R09: 1ffffffff0742d00
00018 R10: dffffc0000000000 R11: fffffbfff0742d01 R12: ffff888104684030
00018 R13: dffffc0000000000 R14: 1ffff11000ed2d00 R15: 1ffff110208d0842
00018 FS:  0000000000000000(0000) GS:ffff8881d4aaa000(0000) knlGS:0000000000000000
00018 CS:  0010 DS: 0000 ES: 0000 CR0: 0000000080050033
00018 CR2: 000055a86c1ba410 CR3: 000000011b6b5000 CR4: 0000000000750eb0
00018 PKRU: 55555554
00018 Call Trace:
00018  <TASK>
00018  ? ofd_precreate_objects+0x1bd8/0x3220 [ofd]
00018  ? ofd_create_hdl+0x2015/0x3510 [ofd]
00018 Code: c7 c7 00 96 7b a1 48 c7 c6 a0 12 7d a1 48 c7 c2 00 1c 7d a1 e8 52 f1 43 ff 48 c7 c7 00 96 7b a1 e8 46 81 44 ff e9 fe fc ff ff <0f> 0b e9 a5 fa ff ff 48 c7 c1 80 44 5d a0 80 e1 07 80 c1 03 38 c1
00018 ------------[ cut here ]------------
00018 RSP: 0018:ffffc90001417878 EFLAGS: 00010246
00018 RAX: 0000000000000000 RBX: ffff8881343d8800 RCX: 0000000000000046
00018  ? tgt_request_handle+0x23ad/0x3d30 [ptlrpc]
00018 WARNING: /home/ktest/git/linux/include/linux/fs.h:889 at osd_create+0x9cf/0xcf0 [osd_wbcfs], CPU#3: ll_ost00_000/1782
00018 RDX: 0000000000000000 RSI: ffff88802b7a9f30 RDI: ffff88813342aaa8
00018  ? ptlrpc_main+0x6359/0x96f0 [ptlrpc]
00018 Modules linked in:
00018  ? __kthread_parkme+0x73/0x130
00018  ? kthread+0x2cd/0x3a0
00018 RBP: ffff88802b7a9ea0 R08: ffffffff83a16803 R09: 1ffffffff0742d00
00018  ? ptlrpc_start_thread+0x1f10/0x1f10 [ptlrpc]
00018  ofd(O)
00018 R10: dffffc0000000000 R11: fffffbfff0742d01 R12: ffff888040800030
00018  ? kthread_unuse_mm+0x130/0x130
00018  ? ret_from_fork+0x18c/0x520
00018  ? kthread_unuse_mm+0x130/0x130
00018  ? ret_from_fork_asm+0x11/0x20
00018  </TASK>
00018 ---[ end trace 0000000000000000 ]---
00018 ------------[ cut here ]------------
00018 WARNING: /home/ktest/git/linux/include/linux/fs.h:889 at osd_create+0x9cf/0xcf0 [osd_wbcfs], CPU#1: ll_ost00_004/1832
00018 Modules linked in: ofd(O) osp(O) mdd(O) lod(O) mdt(O) lquota(O) lfsck(O) mgs(O) osd_wbcfs(O) lustre(O) obdecho(O)
00018  osp(O)
00018  mgc(O)
00018  mdd(O) lod(O) mdt(O) lquota(O) lfsck(O) mgs(O) osd_wbcfs(O) lustre(O) obdecho(O) mgc(O) mdc(O) lov(O) osc(O) lmv(O) ec(O) fid(O) fld(O) ptlrpc(O) efivarfs obdclass(O) ksocklnd(O) lnet(O) libcfs(O)
00018 CPU: 3 UID: 0 PID: 1782 Comm: ll_ost00_000 Tainted: G        W  O        7.0.0-ktest-21af419-6330a45-20260729-dirty #1 PREEMPT 
00018 Tainted: [W]=WARN, [O]=OOT_MODULE
00018 Hardware name: QEMU Standard PC (Q35 + ICH9, 2009), BIOS 2025.11-3ubuntu7 03/31/2026
00018 RIP: 0010:osd_create+0x9cf/0xcf0 [osd_wbcfs]
00018 Code: c7 c7 00 96 7b a1 48 c7 c6 a0 12 7d a1 48 c7 c2 00 1c 7d a1 e8 52 f1 43 ff 48 c7 c7 00 96 7b a1 e8 46 81 44 ff e9 fe fc ff ff <0f> 0b e9 a5 fa ff ff 48 c7 c1 80 44 5d a0 80 e1 07 80 c1 03 38 c1
00018 RSP: 0018:ffffc90002277878 EFLAGS: 00010246
00018 RAX: 0000000000000000 RBX: ffff8881175b7000 RCX: 0000000000000046
00018 RDX: 0000000000000000 RSI: ffff888074906d38 RDI: ffff88813342cb68
00018 RBP: ffff888074906ca8 R08: ffffffff83a16803 R09: 1ffffffff0742d00
00018 R10: dffffc0000000000 R11: fffffbfff0742d01 R12: ffff8880407ce030
00018 R13: dffffc0000000000 R14: 1ffff11022eb6e00 R15: 1ffff110080f9c42
00018 FS:  0000000000000000(0000) GS:ffff8881d4baa000(0000) knlGS:0000000000000000
00018 CS:  0010 DS: 0000 ES: 0000 CR0: 0000000080050033
00018 CR2: 00007fc8cfe181e0 CR3: 0000000004274000 CR4: 0000000000750eb0
00018 PKRU: 55555554
00018 Call Trace:
00018  <TASK>
00018  ? ofd_precreate_objects+0x1bd8/0x3220 [ofd]
00018 R13: dffffc0000000000 R14: 1ffff1102687b100 R15: 1ffff11008100042
00018  ? ofd_create_hdl+0x2015/0x3510 [ofd]
00018  mdc(O)
00018 FS:  0000000000000000(0000) GS:ffff8881d4a2a000(0000) knlGS:0000000000000000
00018  ? tgt_request_handle+0x23ad/0x3d30 [ptlrpc]
00018  lov(O)
00018  ? ptlrpc_main+0x6359/0x96f0 [ptlrpc]
00018 CS:  0010 DS: 0000 ES: 0000 CR0: 0000000080050033
00018  ? __kthread_parkme+0x73/0x130
00018  ? kthread+0x2cd/0x3a0
00018  osc(O)
00018  ? ptlrpc_start_thread+0x1f10/0x1f10 [ptlrpc]
00018 CR2: 00007fc8cfe056f0 CR3: 00000001057e1000 CR4: 0000000000750eb0
00018  ? kthread_unuse_mm+0x130/0x130
00018  ? ret_from_fork+0x18c/0x520
00018  ? kthread_unuse_mm+0x130/0x130
00018  ? ret_from_fork_asm+0x11/0x20
00018  </TASK>
00018 ---[ end trace 0000000000000000 ]---
00018  lmv(O)
00018 PKRU: 55555554
00018  ec(O)
00018 Call Trace:
00018 ------------[ cut here ]------------
00018 WARNING: /home/ktest/git/linux/include/linux/fs.h:889 at osd_create+0x9cf/0xcf0 [osd_wbcfs], CPU#3: ll_ost00_000/1782
00018 Modules linked in: ofd(O) osp(O) mdd(O) lod(O) mdt(O) lquota(O) lfsck(O) mgs(O) osd_wbcfs(O) lustre(O) obdecho(O) mgc(O) mdc(O) lov(O) osc(O) lmv(O) ec(O) fid(O) fld(O) ptlrpc(O) efivarfs obdclass(O) ksocklnd(O) lnet(O) libcfs(O)
00018 CPU: 3 UID: 0 PID: 1782 Comm: ll_ost00_000 Tainted: G        W  O        7.0.0-ktest-21af419-6330a45-20260729-dirty #1 PREEMPT 
00018 Tainted: [W]=WARN, [O]=OOT_MODULE
00018 Hardware name: QEMU Standard PC (Q35 + ICH9, 2009), BIOS 2025.11-3ubuntu7 03/31/2026
00018 RIP: 0010:osd_create+0x9cf/0xcf0 [osd_wbcfs]
00018 Code: c7 c7 00 96 7b a1 48 c7 c6 a0 12 7d a1 48 c7 c2 00 1c 7d a1 e8 52 f1 43 ff 48 c7 c7 00 96 7b a1 e8 46 81 44 ff e9 fe fc ff ff <0f> 0b e9 a5 fa ff ff 48 c7 c1 80 44 5d a0 80 e1 07 80 c1 03 38 c1
00018 RSP: 0018:ffffc90002277878 EFLAGS: 00010246
00018 RAX: 0000000000000000 RBX: ffff8881175b6400 RCX: 0000000000000046
00018 RDX: 0000000000000000 RSI: ffff888074906620 RDI: ffff88813342cb68
00018 RBP: ffff888074906590 R08: ffffffff83a16803 R09: 1ffffffff0742d00
00018 R10: dffffc0000000000 R11: fffffbfff0742d01 R12: ffff8880407ce030
00018 R13: dffffc0000000000 R14: 1ffff11022eb6c80 R15: 1ffff110080f9c42
00018 FS:  0000000000000000(0000) GS:ffff8881d4baa000(0000) knlGS:0000000000000000
00018 CS:  0010 DS: 0000 ES: 0000 CR0: 0000000080050033
00018 CR2: 00007fc8cfe181e0 CR3: 0000000004274000 CR4: 0000000000750eb0
00018 PKRU: 55555554
00018 Call Trace:
00018  <TASK>
00018  ? ofd_precreate_objects+0x1bd8/0x3220 [ofd]
00018  fid(O)
00018  ? ofd_create_hdl+0x2015/0x3510 [ofd]
00018  <TASK>
00018  ? tgt_request_handle+0x23ad/0x3d30 [ptlrpc]
00018  fld(O)
00018  ? ofd_precreate_objects+0x1bd8/0x3220 [ofd]
00018  ? ofd_create_hdl+0x2015/0x3510 [ofd]
00018  ptlrpc(O)
00018  ? tgt_request_handle+0x23ad/0x3d30 [ptlrpc]
00018  ? ptlrpc_main+0x6359/0x96f0 [ptlrpc]
00018  efivarfs obdclass(O)
00018  ? ptlrpc_main+0x6359/0x96f0 [ptlrpc]
00018  ? __kthread_parkme+0x73/0x130
00018  ksocklnd(O)
00018  ? kthread+0x2cd/0x3a0
00018  ? __kthread_parkme+0x73/0x130
00018  ? kthread+0x2cd/0x3a0
00018  lnet(O)
00018  ? ptlrpc_start_thread+0x1f10/0x1f10 [ptlrpc]
00018  ? ptlrpc_start_thread+0x1f10/0x1f10 [ptlrpc]
00018  libcfs(O)
00018  ? kthread_unuse_mm+0x130/0x130
00018  ? kthread_unuse_mm+0x130/0x130
00018  ? ret_from_fork+0x18c/0x520
00018  ? kthread_unuse_mm+0x130/0x130
00018  ? ret_from_fork_asm+0x11/0x20
00018  </TASK>
00018 ---[ end trace 0000000000000000 ]---
00018 
00018  ? ret_from_fork+0x18c/0x520
00018 CPU: 1 UID: 0 PID: 1832 Comm: ll_ost00_004 Tainted: G        W  O        7.0.0-ktest-21af419-6330a45-20260729-dirty #1 PREEMPT 
00018  ? kthread_unuse_mm+0x130/0x130
00018 Tainted: [W]=WARN, [O]=OOT_MODULE
00018 Hardware name: QEMU Standard PC (Q35 + ICH9, 2009), BIOS 2025.11-3ubuntu7 03/31/2026
00018 RIP: 0010:osd_create+0x9cf/0xcf0 [osd_wbcfs]
00018 ------------[ cut here ]------------
00018 WARNING: /home/ktest/git/linux/include/linux/fs.h:889 at osd_create+0x9cf/0xcf0 [osd_wbcfs], CPU#0: ll_ost00_001/1783
00018 Modules linked in: ofd(O) osp(O) mdd(O) lod(O)
00018  ? ret_from_fork_asm+0x11/0x20
00018  </TASK>
00018 ---[ end trace 0000000000000000 ]---
00018 ------------[ cut here ]------------
00018 WARNING: /home/ktest/git/linux/include/linux/fs.h:889 at osd_create+0x9cf/0xcf0 [osd_wbcfs], CPU#3: ll_ost00_000/1782
00018 Modules linked in: ofd(O) osp(O) mdd(O) lod(O) mdt(O) lquota(O) lfsck(O) mgs(O) osd_wbcfs(O) lustre(O) obdecho(O) mgc(O) mdc(O) lov(O) osc(O) lmv(O) ec(O) fid(O) fld(O) ptlrpc(O) efivarfs obdclass(O) ksocklnd(O) lnet(O) libcfs(O)
00018 CPU: 3 UID: 0 PID: 1782 Comm: ll_ost00_000 Tainted: G        W  O        7.0.0-ktest-21af419-6330a45-20260729-dirty #1 PREEMPT 
00018 Tainted: [W]=WARN, [O]=OOT_MODULE
00018 Hardware name: QEMU Standard PC (Q35 + ICH9, 2009), BIOS 2025.11-3ubuntu7 03/31/2026
00018 RIP: 0010:osd_create+0x9cf/0xcf0 [osd_wbcfs]
00018 Code: c7 c7 00 96 7b a1 48 c7 c6 a0 12 7d a1 48 c7 c2 00 1c 7d a1 e8 52 f1 43 ff 48 c7 c7 00 96 7b a1 e8 46 81 44 ff e9 fe fc ff ff <0f> 0b e9 a5 fa ff ff 48 c7 c1 80 44 5d a0 80 e1 07 80 c1 03 38 c1
00018 RSP: 0018:ffffc90002277878 EFLAGS: 00010246
00018 RAX: 0000000000000000 RBX: ffff8881175b6000 RCX: 0000000000000046
00018 RDX: 0000000000000000 RSI: ffff888074905f08 RDI: ffff88813342cb68
00018 RBP: ffff888074905e78 R08: ffffffff83a16803 R09: 1ffffffff0742d00
00018 R10: dffffc0000000000 R11: fffffbfff0742d01 R12: ffff8880407ce030
00018 R13: dffffc0000000000 R14: 1ffff11022eb6c00 R15: 1ffff110080f9c42
00018 FS:  0000000000000000(0000) GS:ffff8881d4baa000(0000) knlGS:0000000000000000
00018 CS:  0010 DS: 0000 ES: 0000 CR0: 0000000080050033
00018 CR2: 00007fc8cfe181e0 CR3: 0000000004274000 CR4: 0000000000750eb0
00018 PKRU: 55555554
00018 Call Trace:
00018  <TASK>
00018  ? ofd_precreate_objects+0x1bd8/0x3220 [ofd]
00018  ? ofd_create_hdl+0x2015/0x3510 [ofd]
00018 Code: c7 c7 00 96 7b a1 48 c7 c6 a0 12 7d a1 48 c7 c2 00 1c 7d a1 e8 52 f1 43 ff 48 c7 c7 00 96 7b a1 e8 46 81 44 ff e9 fe fc ff ff <0f> 0b e9 a5 fa ff ff 48 c7 c1 80 44 5d a0 80 e1 07 80 c1 03 38 c1
00018  ? tgt_request_handle+0x23ad/0x3d30 [ptlrpc]
00018  mdt(O)
00018 RSP: 0018:ffffc90007ebf878 EFLAGS: 00010246
00018  ? ptlrpc_main+0x6359/0x96f0 [ptlrpc]
00018  lquota(O)
00018  ? __kthread_parkme+0x73/0x130
00018  ? kthread+0x2cd/0x3a0
00018 
00018  ? ptlrpc_start_thread+0x1f10/0x1f10 [ptlrpc]
00018  ? kthread_unuse_mm+0x130/0x130
00018  ? ret_from_fork+0x18c/0x520
00018  ? kthread_unuse_mm+0x130/0x130
00018  ? ret_from_fork_asm+0x11/0x20
00018  </TASK>
00018 ---[ end trace 0000000000000000 ]---
00018 ------------[ cut here ]------------
00018  lfsck(O)
00018 WARNING: /home/ktest/git/linux/include/linux/fs.h:889 at osd_create+0x9cf/0xcf0 [osd_wbcfs], CPU#3: ll_ost00_000/1782
00018 Modules linked in: ofd(O) osp(O) mdd(O) lod(O) mdt(O) lquota(O) lfsck(O) mgs(O) osd_wbcfs(O) lustre(O) obdecho(O) mgc(O) mdc(O) lov(O) osc(O) lmv(O) ec(O) fid(O) fld(O) ptlrpc(O) efivarfs obdclass(O) ksocklnd(O) lnet(O) libcfs(O)
00018 CPU: 3 UID: 0 PID: 1782 Comm: ll_ost00_000 Tainted: G        W  O        7.0.0-ktest-21af419-6330a45-20260729-dirty #1 PREEMPT 
00018 Tainted: [W]=WARN, [O]=OOT_MODULE
00018 Hardware name: QEMU Standard PC (Q35 + ICH9, 2009), BIOS 2025.11-3ubuntu7 03/31/2026
00018 RIP: 0010:osd_create+0x9cf/0xcf0 [osd_wbcfs]
00018 Code: c7 c7 00 96 7b a1 48 c7 c6 a0 12 7d a1 48 c7 c2 00 1c 7d a1 e8 52 f1 43 ff 48 c7 c7 00 96 7b a1 e8 46 81 44 ff e9 fe fc ff ff <0f> 0b e9 a5 fa ff ff 48 c7 c1 80 44 5d a0 80 e1 07 80 c1 03 38 c1
00018 RSP: 0018:ffffc90002277878 EFLAGS: 00010246
00018 RAX: 0000000000000000 RBX: ffff88811754b400 RCX: 0000000000000046
00018 RDX: 0000000000000000 RSI: ffff8880749057f0 RDI: ffff88813342cb68
00018 RBP: ffff888074905760 R08: ffffffff83a16803 R09: 1ffffffff0742d00
00018 R10: dffffc0000000000 R11: fffffbfff0742d01 R12: ffff8880407ce030
00018 R13: dffffc0000000000 R14: 1ffff11022ea9680 R15: 1ffff110080f9c42
00018 FS:  0000000000000000(0000) GS:ffff8881d4baa000(0000) knlGS:0000000000000000
00018 CS:  0010 DS: 0000 ES: 0000 CR0: 0000000080050033
00018 CR2: 00007fc8cfe181e0 CR3: 0000000004274000 CR4: 0000000000750eb0
00018 PKRU: 55555554
00018 Call Trace:
00018  <TASK>
00018  ? ofd_precreate_objects+0x1bd8/0x3220 [ofd]
00018 RAX: 0000000000000000 RBX: ffff888118d73800 RCX: 0000000000000046
00018  ? ofd_create_hdl+0x2015/0x3510 [ofd]
00018  mgs(O)
00018 RDX: 0000000000000000 RSI: ffff8880232542a8 RDI: ffff88811b9209e8
00018  ? tgt_request_handle+0x23ad/0x3d30 [ptlrpc]
00018  osd_wbcfs(O)
00018 RBP: ffff888023254218 R08: ffffffff83a16803 R09: 1ffffffff0742d00
00018  ? ptlrpc_main+0x6359/0x96f0 [ptlrpc]
00018  ? __kthread_parkme+0x73/0x130
00018  ? kthread+0x2cd/0x3a0
00018  ? ptlrpc_start_thread+0x1f10/0x1f10 [ptlrpc]
00018  lustre(O)
00018 R10: dffffc0000000000 R11: fffffbfff0742d01 R12: ffff888104684030
00018  ? kthread_unuse_mm+0x130/0x130
00018  ? ret_from_fork+0x18c/0x520
00018  ? kthread_unuse_mm+0x130/0x130
00018  ? ret_from_fork_asm+0x11/0x20
00018  </TASK>
00018 ---[ end trace 0000000000000000 ]---
00018  obdecho(O)
00018 ------------[ cut here ]------------
00018 WARNING: /home/ktest/git/linux/include/linux/fs.h:889 at osd_create+0x9cf/0xcf0 [osd_wbcfs], CPU#3: ll_ost00_000/1782
00018 Modules linked in: ofd(O) osp(O) mdd(O) lod(O) mdt(O) lquota(O) lfsck(O) mgs(O) osd_wbcfs(O) lustre(O) obdecho(O) mgc(O) mdc(O) lov(O) osc(O) lmv(O) ec(O) fid(O) fld(O) ptlrpc(O) efivarfs obdclass(O) ksocklnd(O) lnet(O) libcfs(O)
00018 CPU: 3 UID: 0 PID: 1782 Comm: ll_ost00_000 Tainted: G        W  O        7.0.0-ktest-21af419-6330a45-20260729-dirty #1 PREEMPT 
00018 Tainted: [W]=WARN, [O]=OOT_MODULE
00018 Hardware name: QEMU Standard PC (Q35 + ICH9, 2009), BIOS 2025.11-3ubuntu7 03/31/2026
00018 RIP: 0010:osd_create+0x9cf/0xcf0 [osd_wbcfs]
00018 Code: c7 c7 00 96 7b a1 48 c7 c6 a0 12 7d a1 48 c7 c2 00 1c 7d a1 e8 52 f1 43 ff 48 c7 c7 00 96 7b a1 e8 46 81 44 ff e9 fe fc ff ff <0f> 0b e9 a5 fa ff ff 48 c7 c1 80 44 5d a0 80 e1 07 80 c1 03 38 c1
00018 RSP: 0018:ffffc90002277878 EFLAGS: 00010246
00018 RAX: 0000000000000000 RBX: ffff8881176bc000 RCX: 0000000000000046
00018 RDX: 0000000000000000 RSI: ffff88802b7afb68 RDI: ffff88813342cb68
00018 RBP: ffff88802b7afad8 R08: ffffffff83a16803 R09: 1ffffffff0742d00
00018 R10: dffffc0000000000 R11: fffffbfff0742d01 R12: ffff8880407ce030
00018 R13: dffffc0000000000 R14: 1ffff11022ed7800 R15: 1ffff110080f9c42
00018 FS:  0000000000000000(0000) GS:ffff8881d4baa000(0000) knlGS:0000000000000000
00018 CS:  0010 DS: 0000 ES: 0000 CR0: 0000000080050033
00018 CR2: 00007fc8cfe181e0 CR3: 0000000004274000 CR4: 0000000000750eb0
00018 PKRU: 55555554
00018 Call Trace:
00018  <TASK>
00018 R13: dffffc0000000000 R14: 1ffff110231ae700 R15: 1ffff110208d0842
00018  ? ofd_precreate_objects+0x1bd8/0x3220 [ofd]
00018  ? ofd_create_hdl+0x2015/0x3510 [ofd]
00018  mgc(O)
00018 FS:  0000000000000000(0000) GS:ffff8881d4aaa000(0000) knlGS:0000000000000000
00018  mdc(O)
00018  ? tgt_request_handle+0x23ad/0x3d30 [ptlrpc]
00018 CS:  0010 DS: 0000 ES: 0000 CR0: 0000000080050033
00018  lov(O)
00018 CR2: 000055a86c1ba410 CR3: 000000011b6b5000 CR4: 0000000000750eb0
00018  ? ptlrpc_main+0x6359/0x96f0 [ptlrpc]
00018  osc(O)
00018  ? __kthread_parkme+0x73/0x130
00018  ? kthread+0x2cd/0x3a0
00018 PKRU: 55555554
00018  ? ptlrpc_start_thread+0x1f10/0x1f10 [ptlrpc]
00018  lmv(O)
00018  ? kthread_unuse_mm+0x130/0x130
00018  ? ret_from_fork+0x18c/0x520
00018  ? kthread_unuse_mm+0x130/0x130
00018  ? ret_from_fork_asm+0x11/0x20
00018  </TASK>
00018 ---[ end trace 0000000000000000 ]---
00018 ------------[ cut here ]------------
00018 WARNING: /home/ktest/git/linux/include/linux/fs.h:889 at osd_create+0x9cf/0xcf0 [osd_wbcfs], CPU#3: ll_ost00_000/1782
00018 Modules linked in: ofd(O) osp(O) mdd(O) lod(O) mdt(O) lquota(O) lfsck(O) mgs(O) osd_wbcfs(O) lustre(O) obdecho(O) mgc(O) mdc(O) lov(O) osc(O) lmv(O) ec(O) fid(O) fld(O) ptlrpc(O) efivarfs obdclass(O) ksocklnd(O) lnet(O) libcfs(O)
00018 CPU: 3 UID: 0 PID: 1782 Comm: ll_ost00_000 Tainted: G        W  O        7.0.0-ktest-21af419-6330a45-20260729-dirty #1 PREEMPT 
00018 Tainted: [W]=WARN, [O]=OOT_MODULE
00018 Hardware name: QEMU Standard PC (Q35 + ICH9, 2009), BIOS 2025.11-3ubuntu7 03/31/2026
00018 RIP: 0010:osd_create+0x9cf/0xcf0 [osd_wbcfs]
00018 Code: c7 c7 00 96 7b a1 48 c7 c6 a0 12 7d a1 48 c7 c2 00 1c 7d a1 e8 52 f1 43 ff 48 c7 c7 00 96 7b a1 e8 46 81 44 ff e9 fe fc ff ff <0f> 0b e9 a5 fa ff ff 48 c7 c1 80 44 5d a0 80 e1 07 80 c1 03 38 c1
00018 RSP: 0018:ffffc90002277878 EFLAGS: 00010246
00018 RAX: 0000000000000000 RBX: ffff88811752fc00 RCX: 0000000000000046
00018 RDX: 0000000000000000 RSI: ffff88802b7af450 RDI: ffff88813342cb68
00018 Call Trace:
00018 RBP: ffff88802b7af3c0 R08: ffffffff83a16803 R09: 1ffffffff0742d00
00018 R10: dffffc0000000000 R11: fffffbfff0742d01 R12: ffff8880407ce030
00018 R13: dffffc0000000000 R14: 1ffff11022ea5f80 R15: 1ffff110080f9c42
00018 FS:  0000000000000000(0000) GS:ffff8881d4baa000(0000) knlGS:0000000000000000
00018 CS:  0010 DS: 0000 ES: 0000 CR0: 0000000080050033
00018 CR2: 00007fc8cfe181e0 CR3: 0000000004274000 CR4: 0000000000750eb0
00018 PKRU: 55555554
00018 Call Trace:
00018  <TASK>
00018  ? ofd_precreate_objects+0x1bd8/0x3220 [ofd]
00018  ? ofd_create_hdl+0x2015/0x3510 [ofd]
00018  ec(O)
00018  ? tgt_request_handle+0x23ad/0x3d30 [ptlrpc]
00018  <TASK>
00018  fid(O)
00018  ? ptlrpc_main+0x6359/0x96f0 [ptlrpc]
00018  ? ofd_precreate_objects+0x1bd8/0x3220 [ofd]
00018  fld(O)
00018  ? __kthread_parkme+0x73/0x130
00018  ? ofd_create_hdl+0x2015/0x3510 [ofd]
00018  ptlrpc(O)
00018  ? kthread+0x2cd/0x3a0
00018  efivarfs
00018  ? tgt_request_handle+0x23ad/0x3d30 [ptlrpc]
00018  ? ptlrpc_start_thread+0x1f10/0x1f10 [ptlrpc]
00018  obdclass(O) ksocklnd(O)
00018  ? kthread_unuse_mm+0x130/0x130
00018  ? ptlrpc_main+0x6359/0x96f0 [ptlrpc]
00018  lnet(O)
00018  ? ret_from_fork+0x18c/0x520
00018  ? __kthread_parkme+0x73/0x130
00018  ? kthread+0x2cd/0x3a0
00018  libcfs(O)
00018  ? kthread_unuse_mm+0x130/0x130
00018  ? ptlrpc_start_thread+0x1f10/0x1f10 [ptlrpc]
00018 
00018  ? ret_from_fork_asm+0x11/0x20
00018  ? kthread_unuse_mm+0x130/0x130
00018  ? ret_from_fork+0x18c/0x520
00018  ? kthread_unuse_mm+0x130/0x130
00018  ? ret_from_fork_asm+0x11/0x20
00018  </TASK>
00018 ---[ end trace 0000000000000000 ]---
00018 CPU: 0 UID: 0 PID: 1783 Comm: ll_ost00_001 Tainted: G        W  O        7.0.0-ktest-21af419-6330a45-20260729-dirty #1 PREEMPT 
00018 Tainted: [W]=WARN, [O]=OOT_MODULE
00018 Hardware name: QEMU Standard PC (Q35 + ICH9, 2009), BIOS 2025.11-3ubuntu7 03/31/2026
00018 RIP: 0010:osd_create+0x9cf/0xcf0 [osd_wbcfs]
00018 Code: c7 c7 00 96 7b a1 48 c7 c6 a0 12 7d a1 48 c7 c2 00 1c 7d a1 e8 52 f1 43 ff 48 c7 c7 00 96 7b a1 e8 46 81 44 ff e9 fe fc ff ff <0f> 0b e9 a5 fa ff ff 48 c7 c1 80 44 5d a0 80 e1 07 80 c1 03 38 c1
00018 RSP: 0018:ffffc90002267950 EFLAGS: 00010246
00018 RAX: 0000000000000000 RBX: ffff8881343f0800 RCX: 0000000000000046
00018 RDX: 0000000000000000 RSI: ffff88802b7a9818 RDI: ffff888040c12a58
00018 RBP: ffff88802b7a9788 R08: ffffffff83a16803 R09: 1ffffffff0742d00
00018 R10: dffffc0000000000 R11: fffffbfff0742d01 R12: ffff8880406fe030
00018 R13: dffffc0000000000 R14: 1ffff1102687e100 R15: 1ffff110080dfc42
00018 FS:  0000000000000000(0000) GS:ffff8881d4a2a000(0000) knlGS:0000000000000000
00018 CS:  0010 DS: 0000 ES: 0000 CR0: 0000000080050033
00018 CR2: 00007fc8cfe056f0 CR3: 00000001057e1000 CR4: 0000000000750eb0
00018 PKRU: 55555554
00018 Call Trace:
00018  <TASK>
00018  </TASK>
00018  ? dt_find_or_create+0x81a/0x1170 [obdclass]
00018 ---[ end trace 0000000000000000 ]---
00018 ------------[ cut here ]------------
00018 WARNING: /home/ktest/git/linux/include/linux/fs.h:889 at osd_create+0x9cf/0xcf0 [osd_wbcfs], CPU#1: ll_ost00_004/1832
00018 Modules linked in: ofd(O) osp(O) mdd(O) lod(O) mdt(O) lquota(O) lfsck(O) mgs(O) osd_wbcfs(O) lustre(O) obdecho(O) mgc(O) mdc(O) lov(O) osc(O) lmv(O) ec(O) fid(O) fld(O) ptlrpc(O) efivarfs obdclass(O) ksocklnd(O) lnet(O) libcfs(O)
00018 CPU: 1 UID: 0 PID: 1832 Comm: ll_ost00_004 Tainted: G        W  O        7.0.0-ktest-21af419-6330a45-20260729-dirty #1 PREEMPT 
00018 Tainted: [W]=WARN, [O]=OOT_MODULE
00018 Hardware name: QEMU Standard PC (Q35 + ICH9, 2009), BIOS 2025.11-3ubuntu7 03/31/2026
00018 RIP: 0010:osd_create+0x9cf/0xcf0 [osd_wbcfs]
00018 Code: c7 c7 00 96 7b a1 48 c7 c6 a0 12 7d a1 48 c7 c2 00 1c 7d a1 e8 52 f1 43 ff 48 c7 c7 00 96 7b a1 e8 46 81 44 ff e9 fe fc ff ff <0f> 0b e9 a5 fa ff ff 48 c7 c1 80 44 5d a0 80 e1 07 80 c1 03 38 c1
00018 RSP: 0018:ffffc90007ebf878 EFLAGS: 00010246
00018 RAX: 0000000000000000 RBX: ffff888118d70000 RCX: 0000000000000046
00018 RDX: 0000000000000000 RSI: ffff888023253b90 RDI: ffff88811b9209e8
00018 RBP: ffff888023253b00 R08: ffffffff83a16803 R09: 1ffffffff0742d00
00018 R10: dffffc0000000000 R11: fffffbfff0742d01 R12: ffff888104684030
00018 R13: dffffc0000000000 R14: 1ffff110231ae000 R15: 1ffff110208d0842
00018 FS:  0000000000000000(0000) GS:ffff8881d4aaa000(0000) knlGS:0000000000000000
00018 CS:  0010 DS: 0000 ES: 0000 CR0: 0000000080050033
00018 CR2: 000055a86c1ba410 CR3: 000000011b6b5000 CR4: 0000000000750eb0
00018 PKRU: 55555554
00018  ? ofd_seq_load+0x605/0x1ac0 [ofd]
00018  ? ofd_get_info_hdl+0xfdd/0x2330 [ofd]
00018  ? tgt_request_handle+0x23ad/0x3d30 [ptlrpc]
00018 ------------[ cut here ]------------
00018 Call Trace:
00018 WARNING: /home/ktest/git/linux/include/linux/fs.h:889 at osd_create+0x9cf/0xcf0 [osd_wbcfs], CPU#3: ll_ost00_000/1782
00018  <TASK>
00018 Modules linked in:
00018  ? ptlrpc_main+0x6359/0x96f0 [ptlrpc]
00018  ? ofd_precreate_objects+0x1bd8/0x3220 [ofd]
00018  ? __kthread_parkme+0x73/0x130
00018  ? kthread+0x2cd/0x3a0
00018  ofd(O)
00018  ? ptlrpc_start_thread+0x1f10/0x1f10 [ptlrpc]
00018  ? ofd_create_hdl+0x2015/0x3510 [ofd]
00018  ? kthread_unuse_mm+0x130/0x130
00018  ? ret_from_fork+0x18c/0x520
00018  osp(O)
00018  ? kthread_unuse_mm+0x130/0x130
00018  ? ret_from_fork_asm+0x11/0x20
00018  </TASK>
00018 ---[ end trace 0000000000000000 ]---
00018 ------------[ cut here ]------------
00018  ? tgt_request_handle+0x23ad/0x3d30 [ptlrpc]
00018  mdd(O) lod(O)
00018 WARNING: /home/ktest/git/linux/include/linux/fs.h:889 at osd_create+0x9cf/0xcf0 [osd_wbcfs], CPU#0: ll_ost00_002/1784
00018  ? ptlrpc_main+0x6359/0x96f0 [ptlrpc]
00018  ? __kthread_parkme+0x73/0x130
00018  ? kthread+0x2cd/0x3a0
00018  ? ptlrpc_start_thread+0x1f10/0x1f10 [ptlrpc]
00018  mdt(O)
00018  ? kthread_unuse_mm+0x130/0x130
00018  ? ret_from_fork+0x18c/0x520
00018  ? kthread_unuse_mm+0x130/0x130
00018  ? ret_from_fork_asm+0x11/0x20
00018  </TASK>
00018 ---[ end trace 0000000000000000 ]---
00018 ------------[ cut here ]------------
00018 WARNING: /home/ktest/git/linux/include/linux/fs.h:889 at osd_create+0x9cf/0xcf0 [osd_wbcfs], CPU#1: ll_ost00_004/1832
00018 Modules linked in: ofd(O) osp(O) mdd(O) lod(O) mdt(O) lquota(O) lfsck(O) mgs(O) osd_wbcfs(O) lustre(O) obdecho(O) mgc(O) mdc(O) lov(O) osc(O) lmv(O) ec(O) fid(O) fld(O) ptlrpc(O) efivarfs obdclass(O) ksocklnd(O) lnet(O) libcfs(O)
00018 CPU: 1 UID: 0 PID: 1832 Comm: ll_ost00_004 Tainted: G        W  O        7.0.0-ktest-21af419-6330a45-20260729-dirty #1 PREEMPT 
00018 Tainted: [W]=WARN, [O]=OOT_MODULE
00018 Hardware name: QEMU Standard PC (Q35 + ICH9, 2009), BIOS 2025.11-3ubuntu7 03/31/2026
00018 RIP: 0010:osd_create+0x9cf/0xcf0 [osd_wbcfs]
00018 Code: c7 c7 00 96 7b a1 48 c7 c6 a0 12 7d a1 48 c7 c2 00 1c 7d a1 e8 52 f1 43 ff 48 c7 c7 00 96 7b a1 e8 46 81 44 ff e9 fe fc ff ff <0f> 0b e9 a5 fa ff ff 48 c7 c1 80 44 5d a0 80 e1 07 80 c1 03 38 c1
00018 RSP: 0018:ffffc90007ebf878 EFLAGS: 00010246
00018 RAX: 0000000000000000 RBX: ffff888118d73c00 RCX: 0000000000000046
00018 RDX: 0000000000000000 RSI: ffff888023253478 RDI: ffff88811b9209e8
00018 RBP: ffff8880232533e8 R08: ffffffff83a16803 R09: 1ffffffff0742d00
00018 R10: dffffc0000000000 R11: fffffbfff0742d01 R12: ffff888104684030
00018 R13: dffffc0000000000 R14: 1ffff110231ae780 R15: 1ffff110208d0842
00018 FS:  0000000000000000(0000) GS:ffff8881d4aaa000(0000) knlGS:0000000000000000
00018 CS:  0010 DS: 0000 ES: 0000 CR0: 0000000080050033
00018 CR2: 000055a86c1ba410 CR3: 000000011b6b5000 CR4: 0000000000750eb0
00018 PKRU: 55555554
00018 Call Trace:
00018  <TASK>
00018  ? ofd_precreate_objects+0x1bd8/0x3220 [ofd]
00018  ? ofd_create_hdl+0x2015/0x3510 [ofd]
00018 Modules linked in: ofd(O) osp(O) mdd(O) lod(O) mdt(O) lquota(O) lfsck(O) mgs(O) osd_wbcfs(O) lustre(O) obdecho(O) mgc(O) mdc(O) lov(O) osc(O) lmv(O) ec(O) fid(O) fld(O) ptlrpc(O) efivarfs obdclass(O) ksocklnd(O) lnet(O) libcfs(O)
00018 CPU: 0 UID: 0 PID: 1784 Comm: ll_ost00_002 Tainted: G        W  O        7.0.0-ktest-21af419-6330a45-20260729-dirty #1 PREEMPT 
00018 Tainted: [W]=WARN, [O]=OOT_MODULE
00018 Hardware name: QEMU Standard PC (Q35 + ICH9, 2009), BIOS 2025.11-3ubuntu7 03/31/2026
00018 RIP: 0010:osd_create+0x9cf/0xcf0 [osd_wbcfs]
00018 Code: c7 c7 00 96 7b a1 48 c7 c6 a0 12 7d a1 48 c7 c2 00 1c 7d a1 e8 52 f1 43 ff 48 c7 c7 00 96 7b a1 e8 46 81 44 ff e9 fe fc ff ff <0f> 0b e9 a5 fa ff ff 48 c7 c1 80 44 5d a0 80 e1 07 80 c1 03 38 c1
00018 RSP: 0018:ffffc90001417878 EFLAGS: 00010246
00018 RAX: 0000000000000000 RBX: ffff88811c010000 RCX: 0000000000000046
00018 RDX: 0000000000000000 RSI: ffff88802b7a9100 RDI: ffff88813342aaa8
00018 RBP: ffff88802b7a9070 R08: ffffffff83a16803 R09: 1ffffffff0742d00
00018 R10: dffffc0000000000 R11: fffffbfff0742d01 R12: ffff888040800030
00018 R13: dffffc0000000000 R14: 1ffff11023802000 R15: 1ffff11008100042
00018 FS:  0000000000000000(0000) GS:ffff8881d4a2a000(0000) knlGS:0000000000000000
00018 CS:  0010 DS: 0000 ES: 0000 CR0: 0000000080050033
00018 CR2: 00007fc8cfe056f0 CR3: 00000001057e1000 CR4: 0000000000750eb0
00018 PKRU: 55555554
00018 Call Trace:
00018  <TASK>
00018  lquota(O)
00018  ? ofd_precreate_objects+0x1bd8/0x3220 [ofd]
00018  ? ofd_create_hdl+0x2015/0x3510 [ofd]
00018  ? tgt_request_handle+0x23ad/0x3d30 [ptlrpc]
00018  ? tgt_request_handle+0x23ad/0x3d30 [ptlrpc]
00018  ? ptlrpc_main+0x6359/0x96f0 [ptlrpc]
00018  lfsck(O)
00018  ? ptlrpc_main+0x6359/0x96f0 [ptlrpc]
00018  mgs(O)
00018  ? __kthread_parkme+0x73/0x130
00018  ? __kthread_parkme+0x73/0x130
00018  ? kthread+0x2cd/0x3a0
00018  osd_wbcfs(O)
00018  ? ptlrpc_start_thread+0x1f10/0x1f10 [ptlrpc]
00018  ? kthread+0x2cd/0x3a0
00018  ? kthread_unuse_mm+0x130/0x130
00018  ? ret_from_fork+0x18c/0x520
00018  ? kthread_unuse_mm+0x130/0x130
00018  ? ret_from_fork_asm+0x11/0x20
00018  </TASK>
00018 ---[ end trace 0000000000000000 ]---
00018 ------------[ cut here ]------------
00018 WARNING: /home/ktest/git/linux/include/linux/fs.h:889 at osd_create+0x9cf/0xcf0 [osd_wbcfs], CPU#1: ll_ost00_004/1832
00018 Modules linked in: ofd(O) osp(O) mdd(O) lod(O) mdt(O) lquota(O) lfsck(O) mgs(O) osd_wbcfs(O) lustre(O) obdecho(O) mgc(O) mdc(O) lov(O) osc(O) lmv(O) ec(O) fid(O) fld(O) ptlrpc(O) efivarfs obdclass(O) ksocklnd(O) lnet(O) libcfs(O)
00018 CPU: 1 UID: 0 PID: 1832 Comm: ll_ost00_004 Tainted: G        W  O        7.0.0-ktest-21af419-6330a45-20260729-dirty #1 PREEMPT 
00018 Tainted: [W]=WARN, [O]=OOT_MODULE
00018 Hardware name: QEMU Standard PC (Q35 + ICH9, 2009), BIOS 2025.11-3ubuntu7 03/31/2026
00018 RIP: 0010:osd_create+0x9cf/0xcf0 [osd_wbcfs]
00018 Code: c7 c7 00 96 7b a1 48 c7 c6 a0 12 7d a1 48 c7 c2 00 1c 7d a1 e8 52 f1 43 ff 48 c7 c7 00 96 7b a1 e8 46 81 44 ff e9 fe fc ff ff <0f> 0b e9 a5 fa ff ff 48 c7 c1 80 44 5d a0 80 e1 07 80 c1 03 38 c1
00018 RSP: 0018:ffffc90007ebf878 EFLAGS: 00010246
00018 RAX: 0000000000000000 RBX: ffff888074b1e800 RCX: 0000000000000046
00018 RDX: 0000000000000000 RSI: ffff888023252d60 RDI: ffff88811b9209e8
00018 RBP: ffff888023252cd0 R08: ffffffff83a16803 R09: 1ffffffff0742d00
00018 R10: dffffc0000000000 R11: fffffbfff0742d01 R12: ffff888104684030
00018 R13: dffffc0000000000 R14: 1ffff1100e963d00 R15: 1ffff110208d0842
00018 FS:  0000000000000000(0000) GS:ffff8881d4aaa000(0000) knlGS:0000000000000000
00018 CS:  0010 DS: 0000 ES: 0000 CR0: 0000000080050033
00018 CR2: 000055a86c1ba410 CR3: 000000011b6b5000 CR4: 0000000000750eb0
00018  lustre(O)
00018 PKRU: 55555554
00018 Call Trace:
00018  <TASK>
00018  ? ofd_precreate_objects+0x1bd8/0x3220 [ofd]
00018  ? ofd_create_hdl+0x2015/0x3510 [ofd]
00018  ? tgt_request_handle+0x23ad/0x3d30 [ptlrpc]
00018  ? ptlrpc_start_thread+0x1f10/0x1f10 [ptlrpc]
00018  obdecho(O)
00018  ? kthread_unuse_mm+0x130/0x130
00018  ? ret_from_fork+0x18c/0x520
00018  ? kthread_unuse_mm+0x130/0x130
00018  mgc(O)
00018  ? ret_from_fork_asm+0x11/0x20
00018  ? ptlrpc_main+0x6359/0x96f0 [ptlrpc]
00018  mdc(O)
00018  </TASK>
00018  lov(O)
00018  ? __kthread_parkme+0x73/0x130
00018  ? kthread+0x2cd/0x3a0
00018 ---[ end trace 0000000000000000 ]---
00018  osc(O)
00018  ? ptlrpc_start_thread+0x1f10/0x1f10 [ptlrpc]
00018 ------------[ cut here ]------------
00018  lmv(O)
00018  ? kthread_unuse_mm+0x130/0x130
00018  ? ret_from_fork+0x18c/0x520
00018  ? kthread_unuse_mm+0x130/0x130
00018  ? ret_from_fork_asm+0x11/0x20
00018  </TASK>
00018 ---[ end trace 0000000000000000 ]---
00018 WARNING: /home/ktest/git/linux/include/linux/fs.h:889 at osd_create+0x9cf/0xcf0 [osd_wbcfs], CPU#0: ll_ost00_002/1784
00018 ------------[ cut here ]------------
00018 WARNING: /home/ktest/git/linux/include/linux/fs.h:889 at osd_create+0x9cf/0xcf0 [osd_wbcfs], CPU#1: ll_ost00_004/1832
00018  ec(O)
00018 Modules linked in: ofd(O) osp(O) mdd(O) lod(O) mdt(O) lquota(O) lfsck(O) mgs(O) osd_wbcfs(O) lustre(O) obdecho(O) mgc(O) mdc(O) lov(O) osc(O) lmv(O) ec(O) fid(O) fld(O) ptlrpc(O) efivarfs obdclass(O) ksocklnd(O) lnet(O) libcfs(O)
00018 CPU: 1 UID: 0 PID: 1832 Comm: ll_ost00_004 Tainted: G        W  O        7.0.0-ktest-21af419-6330a45-20260729-dirty #1 PREEMPT 
00018 Tainted: [W]=WARN, [O]=OOT_MODULE
00018 Hardware name: QEMU Standard PC (Q35 + ICH9, 2009), BIOS 2025.11-3ubuntu7 03/31/2026
00018 RIP: 0010:osd_create+0x9cf/0xcf0 [osd_wbcfs]
00018 Code: c7 c7 00 96 7b a1 48 c7 c6 a0 12 7d a1 48 c7 c2 00 1c 7d a1 e8 52 f1 43 ff 48 c7 c7 00 96 7b a1 e8 46 81 44 ff e9 fe fc ff ff <0f> 0b e9 a5 fa ff ff 48 c7 c1 80 44 5d a0 80 e1 07 80 c1 03 38 c1
00018 RSP: 0018:ffffc90007ebf878 EFLAGS: 00010246
00018 RAX: 0000000000000000 RBX: ffff888074b1e000 RCX: 0000000000000046
00018 RDX: 0000000000000000 RSI: ffff888023252648 RDI: ffff88811b9209e8
00018 RBP: ffff8880232525b8 R08: ffffffff83a16803 R09: 1ffffffff0742d00
00018 R10: dffffc0000000000 R11: fffffbfff0742d01 R12: ffff888104684030
00018 R13: dffffc0000000000 R14: 1ffff1100e963c00 R15: 1ffff110208d0842
00018 Modules linked in:
00018 FS:  0000000000000000(0000) GS:ffff8881d4aaa000(0000) knlGS:0000000000000000
00018 CS:  0010 DS: 0000 ES: 0000 CR0: 0000000080050033
00018 CR2: 000055a86c1ba410 CR3: 000000011b6b5000 CR4: 0000000000750eb0
00018 PKRU: 55555554
00018 Call Trace:
00018  <TASK>
00018  ? ofd_precreate_objects+0x1bd8/0x3220 [ofd]
00018  ? ofd_create_hdl+0x2015/0x3510 [ofd]
00018  fid(O)
00018  ofd(O)
00018  fld(O)
00018  ? tgt_request_handle+0x23ad/0x3d30 [ptlrpc]
00018  osp(O)
00018  ptlrpc(O)
00018  ? ptlrpc_main+0x6359/0x96f0 [ptlrpc]
00018  efivarfs
00018  mdd(O) lod(O) mdt(O) lquota(O) lfsck(O) mgs(O) osd_wbcfs(O) lustre(O) obdecho(O) mgc(O) mdc(O) lov(O) osc(O) lmv(O) ec(O) fid(O) fld(O) ptlrpc(O) efivarfs obdclass(O) ksocklnd(O) lnet(O) libcfs(O)
00018 CPU: 0 UID: 0 PID: 1784 Comm: ll_ost00_002 Tainted: G        W  O        7.0.0-ktest-21af419-6330a45-20260729-dirty #1 PREEMPT 
00018 Tainted: [W]=WARN, [O]=OOT_MODULE
00018 Hardware name: QEMU Standard PC (Q35 + ICH9, 2009), BIOS 2025.11-3ubuntu7 03/31/2026
00018 RIP: 0010:osd_create+0x9cf/0xcf0 [osd_wbcfs]
00018 Code: c7 c7 00 96 7b a1 48 c7 c6 a0 12 7d a1 48 c7 c2 00 1c 7d a1 e8 52 f1 43 ff 48 c7 c7 00 96 7b a1 e8 46 81 44 ff e9 fe fc ff ff <0f> 0b e9 a5 fa ff ff 48 c7 c1 80 44 5d a0 80 e1 07 80 c1 03 38 c1
00018 RSP: 0018:ffffc90001417878 EFLAGS: 00010246
00018 RAX: 0000000000000000 RBX: ffff88811c012000 RCX: 0000000000000046
00018 RDX: 0000000000000000 RSI: ffff88802b7a89e8 RDI: ffff88813342aaa8
00018 RBP: ffff88802b7a8958 R08: ffffffff83a16803 R09: 1ffffffff0742d00
00018 R10: dffffc0000000000 R11: fffffbfff0742d01 R12: ffff888040800030
00018 R13: dffffc0000000000 R14: 1ffff11023802400 R15: 1ffff11008100042
00018 FS:  0000000000000000(0000) GS:ffff8881d4a2a000(0000) knlGS:0000000000000000
00018 CS:  0010 DS: 0000 ES: 0000 CR0: 0000000080050033
00018 CR2: 00007fc8cfe056f0 CR3: 00000001057e1000 CR4: 0000000000750eb0
00018 PKRU: 55555554
00018 Call Trace:
00018  <TASK>
00018  ? ofd_precreate_objects+0x1bd8/0x3220 [ofd]
00018  ? __kthread_parkme+0x73/0x130
00018  ? ofd_create_hdl+0x2015/0x3510 [ofd]
00018  obdclass(O) ksocklnd(O)
00018  ? tgt_request_handle+0x23ad/0x3d30 [ptlrpc]
00018  ? ptlrpc_main+0x6359/0x96f0 [ptlrpc]
00018  ? kthread+0x2cd/0x3a0
00018  ? ptlrpc_start_thread+0x1f10/0x1f10 [ptlrpc]
00018  lnet(O)
00018  ? kthread_unuse_mm+0x130/0x130
00018  ? ret_from_fork+0x18c/0x520
00018  ? kthread_unuse_mm+0x130/0x130
00018  ? ret_from_fork_asm+0x11/0x20
00018  </TASK>
00018 ---[ end trace 0000000000000000 ]---
00018 ------------[ cut here ]------------
00018 WARNING: /home/ktest/git/linux/include/linux/fs.h:889 at osd_create+0x9cf/0xcf0 [osd_wbcfs], CPU#1: ll_ost00_004/1832
00018  ? __kthread_parkme+0x73/0x130
00018  ? kthread+0x2cd/0x3a0
00018  ? ptlrpc_start_thread+0x1f10/0x1f10 [ptlrpc]
00018  libcfs(O)
00018  ? kthread_unuse_mm+0x130/0x130
00018  ? ret_from_fork+0x18c/0x520
00018  ? kthread_unuse_mm+0x130/0x130
00018  ? ret_from_fork_asm+0x11/0x20
00018  </TASK>
00018 ---[ end trace 0000000000000000 ]---
00018 ------------[ cut here ]------------
00018 WARNING: /home/ktest/git/linux/include/linux/fs.h:889 at osd_create+0x9cf/0xcf0 [osd_wbcfs], CPU#0: ll_ost00_002/1784
00018 Modules linked in: ofd(O) osp(O) mdd(O) lod(O) mdt(O) lquota(O) lfsck(O) mgs(O) osd_wbcfs(O) lustre(O) obdecho(O) mgc(O) mdc(O) lov(O) osc(O) lmv(O) ec(O) fid(O) fld(O) ptlrpc(O) efivarfs obdclass(O) ksocklnd(O) lnet(O) libcfs(O)
00018 CPU: 0 UID: 0 PID: 1784 Comm: ll_ost00_002 Tainted: G        W  O        7.0.0-ktest-21af419-6330a45-20260729-dirty #1 PREEMPT 
00018 Tainted: [W]=WARN, [O]=OOT_MODULE
00018 Hardware name: QEMU Standard PC (Q35 + ICH9, 2009), BIOS 2025.11-3ubuntu7 03/31/2026
00018 RIP: 0010:osd_create+0x9cf/0xcf0 [osd_wbcfs]
00018 Code: c7 c7 00 96 7b a1 48 c7 c6 a0 12 7d a1 48 c7 c2 00 1c 7d a1 e8 52 f1 43 ff 48 c7 c7 00 96 7b a1 e8 46 81 44 ff e9 fe fc ff ff <0f> 0b e9 a5 fa ff ff 48 c7 c1 80 44 5d a0 80 e1 07 80 c1 03 38 c1
00018 RSP: 0018:ffffc90001417878 EFLAGS: 00010246
00018 RAX: 0000000000000000 RBX: ffff88811c012800 RCX: 0000000000000046
00018 RDX: 0000000000000000 RSI: ffff88802b7a82d0 RDI: ffff88813342aaa8
00018 RBP: ffff88802b7a8240 R08: ffffffff83a16803 R09: 1ffffffff0742d00
00018 R10: dffffc0000000000 R11: fffffbfff0742d01 R12: ffff888040800030
00018 R13: dffffc0000000000 R14: 1ffff11023802500 R15: 1ffff11008100042
00018 FS:  0000000000000000(0000) GS:ffff8881d4a2a000(0000) knlGS:0000000000000000
00018 CS:  0010 DS: 0000 ES: 0000 CR0: 0000000080050033
00018 CR2: 00007fc8cfe056f0 CR3: 00000001057e1000 CR4: 0000000000750eb0
00018 PKRU: 55555554
00018 Call Trace:
00018  <TASK>
00018  ? ofd_precreate_objects+0x1bd8/0x3220 [ofd]
00018  ? ofd_create_hdl+0x2015/0x3510 [ofd]
00018 Modules linked in:
00018  ? tgt_request_handle+0x23ad/0x3d30 [ptlrpc]
00018 
00018  ofd(O)
00018  ? ptlrpc_main+0x6359/0x96f0 [ptlrpc]
00018 CPU: 3 UID: 0 PID: 1782 Comm: ll_ost00_000 Tainted: G        W  O        7.0.0-ktest-21af419-6330a45-20260729-dirty #1 PREEMPT 
00018  ? __kthread_parkme+0x73/0x130
00018  ? kthread+0x2cd/0x3a0
00018  osp(O) mdd(O)
00018  ? ptlrpc_start_thread+0x1f10/0x1f10 [ptlrpc]
00018  ? kthread_unuse_mm+0x130/0x130
00018  ? ret_from_fork+0x18c/0x520
00018  ? kthread_unuse_mm+0x130/0x130
00018  ? ret_from_fork_asm+0x11/0x20
00018  </TASK>
00018 ---[ end trace 0000000000000000 ]---
00018 Tainted: [W]=WARN, [O]=OOT_MODULE
00018  lod(O)
00018 Hardware name: QEMU Standard PC (Q35 + ICH9, 2009), BIOS 2025.11-3ubuntu7 03/31/2026
00018  mdt(O)
00018 RIP: 0010:osd_create+0x9cf/0xcf0 [osd_wbcfs]
00018  lquota(O)
00018 Code: c7 c7 00 96 7b a1 48 c7 c6 a0 12 7d a1 48 c7 c2 00 1c 7d a1 e8 52 f1 43 ff 48 c7 c7 00 96 7b a1 e8 46 81 44 ff e9 fe fc ff ff <0f> 0b e9 a5 fa ff ff 48 c7 c1 80 44 5d a0 80 e1 07 80 c1 03 38 c1
00018  lfsck(O)
00018 RSP: 0018:ffffc90002277878 EFLAGS: 00010246
00018  mgs(O)
00018 
00018  osd_wbcfs(O)
00018 RAX: 0000000000000000 RBX: ffff8881176a1000 RCX: 0000000000000046
00018  lustre(O)
00018 RDX: 0000000000000000 RSI: ffff88802b7aed38 RDI: ffff88813342cb68
00018  obdecho(O)
00018 RBP: ffff88802b7aeca8 R08: ffffffff83a16803 R09: 1ffffffff0742d00
00018  mgc(O)
00018 R10: dffffc0000000000 R11: fffffbfff0742d01 R12: ffff8880407ce030
00018  mdc(O)
00018 R13: dffffc0000000000 R14: 1ffff11022ed4200 R15: 1ffff110080f9c42
00018  lov(O)
00018 FS:  0000000000000000(0000) GS:ffff8881d4baa000(0000) knlGS:0000000000000000
00018  osc(O)
00018 CS:  0010 DS: 0000 ES: 0000 CR0: 0000000080050033
00018  lmv(O)
00018 CR2: 00007fc8cfe181e0 CR3: 0000000004274000 CR4: 0000000000750eb0
00018  ec(O)
00018 PKRU: 55555554
00018  fid(O)
00018 Call Trace:
00018  fld(O)
00018  <TASK>
00018  ptlrpc(O)
00018  ? ofd_precreate_objects+0x1bd8/0x3220 [ofd]
00018  efivarfs
00018  ? ofd_create_hdl+0x2015/0x3510 [ofd]
00018  obdclass(O)
00018  ? tgt_request_handle+0x23ad/0x3d30 [ptlrpc]
00018  ksocklnd(O)
00018  ? ptlrpc_main+0x6359/0x96f0 [ptlrpc]
00018  lnet(O)
00018  ? __kthread_parkme+0x73/0x130
00018  libcfs(O)
00018  ? kthread+0x2cd/0x3a0
00018 
00018  ? ptlrpc_start_thread+0x1f10/0x1f10 [ptlrpc]
00018 CPU: 1 UID: 0 PID: 1832 Comm: ll_ost00_004 Tainted: G        W  O        7.0.0-ktest-21af419-6330a45-20260729-dirty #1 PREEMPT 
00018  ? kthread_unuse_mm+0x130/0x130
00018 Tainted: [W]=WARN, [O]=OOT_MODULE
00018  ? ret_from_fork+0x18c/0x520
00018 Hardware name: QEMU Standard PC (Q35 + ICH9, 2009), BIOS 2025.11-3ubuntu7 03/31/2026
00018  ? kthread_unuse_mm+0x130/0x130
00018 RIP: 0010:osd_create+0x9cf/0xcf0 [osd_wbcfs]
00018  ? ret_from_fork_asm+0x11/0x20
00018 Code: c7 c7 00 96 7b a1 48 c7 c6 a0 12 7d a1 48 c7 c2 00 1c 7d a1 e8 52 f1 43 ff 48 c7 c7 00 96 7b a1 e8 46 81 44 ff e9 fe fc ff ff <0f> 0b e9 a5 fa ff ff 48 c7 c1 80 44 5d a0 80 e1 07 80 c1 03 38 c1
00018  </TASK>
00018 RSP: 0018:ffffc90007ebf878 EFLAGS: 00010246
00018 ---[ end trace 0000000000000000 ]---
00018 
00018 ------------[ cut here ]------------
00018 RAX: 0000000000000000 RBX: ffff888074b1fc00 RCX: 0000000000000046
00018 WARNING: /home/ktest/git/linux/include/linux/fs.h:889 at osd_create+0x9cf/0xcf0 [osd_wbcfs], CPU#3: ll_ost00_005/1835
00018 RDX: 0000000000000000 RSI: ffff888023251f30 RDI: ffff88811b9209e8
00018 Modules linked in:
00018 RBP: ffff888023251ea0 R08: ffffffff83a16803 R09: 1ffffffff0742d00
00018  ofd(O)
00018 R10: dffffc0000000000 R11: fffffbfff0742d01 R12: ffff888104684030
00018  osp(O)
00018 R13: dffffc0000000000 R14: 1ffff1100e963f80 R15: 1ffff110208d0842
00018  mdd(O)
00018 FS:  0000000000000000(0000) GS:ffff8881d4aaa000(0000) knlGS:0000000000000000
00018  lod(O)
00018 CS:  0010 DS: 0000 ES: 0000 CR0: 0000000080050033
00018  mdt(O)
00018 CR2: 000055a86c1ba410 CR3: 000000011b6b5000 CR4: 0000000000750eb0
00018  lquota(O)
00018 PKRU: 55555554
00018  lfsck(O)
00018 Call Trace:
00018  mgs(O)
00018  <TASK>
00018  osd_wbcfs(O)
00018  ? ofd_precreate_objects+0x1bd8/0x3220 [ofd]
00018  lustre(O)
00018  ? ofd_create_hdl+0x2015/0x3510 [ofd]
00018  obdecho(O)
00018  ? tgt_request_handle+0x23ad/0x3d30 [ptlrpc]
00018  mgc(O)
00018  ? ptlrpc_main+0x6359/0x96f0 [ptlrpc]
00018  mdc(O)
00018  ? __kthread_parkme+0x73/0x130
00018  lov(O)
00018  ? kthread+0x2cd/0x3a0
00018  osc(O)
00018  ? ptlrpc_start_thread+0x1f10/0x1f10 [ptlrpc]
00018  lmv(O)
00018  ? kthread_unuse_mm+0x130/0x130
00018  ec(O)
00018  ? ret_from_fork+0x18c/0x520
00018  fid(O)
00018  ? kthread_unuse_mm+0x130/0x130
00018  fld(O)
00018  ? ret_from_fork_asm+0x11/0x20
00018  ptlrpc(O)
00018  </TASK>
00018  efivarfs
00018 ---[ end trace 0000000000000000 ]---
00018  obdclass(O)
00018 ------------[ cut here ]------------
00018  ksocklnd(O)
00018 WARNING: /home/ktest/git/linux/include/linux/fs.h:889 at osd_create+0x9cf/0xcf0 [osd_wbcfs], CPU#1: ll_ost00_004/1832
00018  lnet(O)
00018 Modules linked in:
00018  libcfs(O)
00018  ofd(O)
00018 
00018  osp(O)
00018 CPU: 3 UID: 0 PID: 1835 Comm: ll_ost00_005 Tainted: G        W  O        7.0.0-ktest-21af419-6330a45-20260729-dirty #1 PREEMPT 
00018  mdd(O)
00018 Tainted: [W]=WARN, [O]=OOT_MODULE
00018  lod(O)
00018 Hardware name: QEMU Standard PC (Q35 + ICH9, 2009), BIOS 2025.11-3ubuntu7 03/31/2026
00018  mdt(O)
00018 RIP: 0010:osd_create+0x9cf/0xcf0 [osd_wbcfs]
00018  lquota(O)
00018 Code: c7 c7 00 96 7b a1 48 c7 c6 a0 12 7d a1 48 c7 c2 00 1c 7d a1 e8 52 f1 43 ff 48 c7 c7 00 96 7b a1 e8 46 81 44 ff e9 fe fc ff ff <0f> 0b e9 a5 fa ff ff 48 c7 c1 80 44 5d a0 80 e1 07 80 c1 03 38 c1
00018  lfsck(O)
00018 RSP: 0018:ffffc90007d0f878 EFLAGS: 00010246
00018  mgs(O)
00018 
00018  osd_wbcfs(O)
00018 RAX: 0000000000000000 RBX: ffff888074b27000 RCX: 0000000000000046
00018  lustre(O)
00018 RDX: 0000000000000000 RSI: ffff88802b7ae620 RDI: ffff8880319309e8
00018  obdecho(O)
00018 RBP: ffff88802b7ae590 R08: ffffffff83a16803 R09: 1ffffffff0742d00
00018  mgc(O)
00018 R10: dffffc0000000000 R11: fffffbfff0742d01 R12: ffff8880323e9030
00018  mdc(O)
00018 R13: dffffc0000000000 R14: 1ffff1100e964e00 R15: 1ffff1100647d242
00018  lov(O)
00018 FS:  0000000000000000(0000) GS:ffff8881d4baa000(0000) knlGS:0000000000000000
00018  osc(O)
00018 CS:  0010 DS: 0000 ES: 0000 CR0: 0000000080050033
00018  lmv(O)
00018 CR2: 00007fc8cfe181e0 CR3: 0000000004274000 CR4: 0000000000750eb0
00018  ec(O)
00018 PKRU: 55555554
00018 Call Trace:
00018  <TASK>
00018  ? ofd_precreate_objects+0x1bd8/0x3220 [ofd]
00018  fid(O)
00018  ? ofd_create_hdl+0x2015/0x3510 [ofd]
00018  fld(O)
00018  ? tgt_request_handle+0x23ad/0x3d30 [ptlrpc]
00018  ptlrpc(O)
00018  ? ptlrpc_main+0x6359/0x96f0 [ptlrpc]
00018  efivarfs
00018  ? __kthread_parkme+0x73/0x130
00018  obdclass(O)
00018  ? kthread+0x2cd/0x3a0
00018  ksocklnd(O)
00018  ? ptlrpc_start_thread+0x1f10/0x1f10 [ptlrpc]
00018  lnet(O)
00018  ? kthread_unuse_mm+0x130/0x130
00018  libcfs(O)
00018  ? ret_from_fork+0x18c/0x520
00018 
00018  ? kthread_unuse_mm+0x130/0x130
00018 CPU: 1 UID: 0 PID: 1832 Comm: ll_ost00_004 Tainted: G        W  O        7.0.0-ktest-21af419-6330a45-20260729-dirty #1 PREEMPT 
00018  ? ret_from_fork_asm+0x11/0x20
00018 Tainted: [W]=WARN, [O]=OOT_MODULE
00018  </TASK>
00018 Hardware name: QEMU Standard PC (Q35 + ICH9, 2009), BIOS 2025.11-3ubuntu7 03/31/2026
00018 ---[ end trace 0000000000000000 ]---
00018 RIP: 0010:osd_create+0x9cf/0xcf0 [osd_wbcfs]
00018 ------------[ cut here ]------------
00018 Code: c7 c7 00 96 7b a1 48 c7 c6 a0 12 7d a1 48 c7 c2 00 1c 7d a1 e8 52 f1 43 ff 48 c7 c7 00 96 7b a1 e8 46 81 44 ff e9 fe fc ff ff <0f> 0b e9 a5 fa ff ff 48 c7 c1 80 44 5d a0 80 e1 07 80 c1 03 38 c1
00018 WARNING: /home/ktest/git/linux/include/linux/fs.h:889 at osd_create+0x9cf/0xcf0 [osd_wbcfs], CPU#3: ll_ost00_000/1782
00018 RSP: 0018:ffffc90007ebf878 EFLAGS: 00010246
00018 Modules linked in:
00018 
00018  ofd(O)
00018 RAX: 0000000000000000 RBX: ffff888074a6d400 RCX: 0000000000000046
00018  osp(O)
00018 Lustre: lustre-OST0001-osc-MDT0000: update sequence from 0x100010000 to 0x2c0000401
00018 RDX: 0000000000000000 RSI: ffff888023251818 RDI: ffff88811b9209e8
00018  mdd(O)
00018 RBP: ffff888023251788 R08: ffffffff83a16803 R09: 1ffffffff0742d00
00018  lod(O)
00018 R10: dffffc0000000000 R11: fffffbfff0742d01 R12: ffff888104684030
00018  mdt(O)
00018 R13: dffffc0000000000 R14: 1ffff1100e94da80 R15: 1ffff110208d0842
00018  lquota(O)
00018 ------------[ cut here ]------------
00018 WARNING: /home/ktest/git/linux/include/linux/fs.h:889 at osd_create+0x9cf/0xcf0 [osd_wbcfs], CPU#0: ll_ost00_002/1784
00018 FS:  0000000000000000(0000) GS:ffff8881d4aaa000(0000) knlGS:0000000000000000
00018 CS:  0010 DS: 0000 ES: 0000 CR0: 0000000080050033
00018 CR2: 000055a86c1ba410 CR3: 000000011b6b5000 CR4: 0000000000750eb0
00018 PKRU: 55555554
00018 Call Trace:
00018  <TASK>
00018  ? ofd_precreate_objects+0x1bd8/0x3220 [ofd]
00018  ? ofd_create_hdl+0x2015/0x3510 [ofd]
00018  lfsck(O) mgs(O) osd_wbcfs(O)
00018 Modules linked in:
00018  lustre(O)
00018  ? tgt_request_handle+0x23ad/0x3d30 [ptlrpc]
00018  ofd(O)
00018  obdecho(O) mgc(O)
00018  ? ptlrpc_main+0x6359/0x96f0 [ptlrpc]
00018  osp(O) mdd(O)
00018  ? __kthread_parkme+0x73/0x130
00018  ? kthread+0x2cd/0x3a0
00018  ? ptlrpc_start_thread+0x1f10/0x1f10 [ptlrpc]
00018  ? kthread_unuse_mm+0x130/0x130
00018  ? ret_from_fork+0x18c/0x520
00018  ? kthread_unuse_mm+0x130/0x130
00018  ? ret_from_fork_asm+0x11/0x20
00018  </TASK>
00018 ---[ end trace 0000000000000000 ]---
00018 ------------[ cut here ]------------
00018 WARNING: /home/ktest/git/linux/include/linux/fs.h:889 at osd_create+0x9cf/0xcf0 [osd_wbcfs], CPU#1: ll_ost00_004/1832
00018 Modules linked in: ofd(O) osp(O) mdd(O) lod(O) mdt(O) lquota(O) lfsck(O) mgs(O) osd_wbcfs(O) lustre(O) obdecho(O) mgc(O) mdc(O) lov(O) osc(O) lmv(O) ec(O) fid(O) fld(O) ptlrpc(O) efivarfs obdclass(O) ksocklnd(O) lnet(O) libcfs(O)
00018 CPU: 1 UID: 0 PID: 1832 Comm: ll_ost00_004 Tainted: G        W  O        7.0.0-ktest-21af419-6330a45-20260729-dirty #1 PREEMPT 
00018 Tainted: [W]=WARN, [O]=OOT_MODULE
00018 Hardware name: QEMU Standard PC (Q35 + ICH9, 2009), BIOS 2025.11-3ubuntu7 03/31/2026
00018 RIP: 0010:osd_create+0x9cf/0xcf0 [osd_wbcfs]
00018  mdc(O)
00018 Code: c7 c7 00 96 7b a1 48 c7 c6 a0 12 7d a1 48 c7 c2 00 1c 7d a1 e8 52 f1 43 ff 48 c7 c7 00 96 7b a1 e8 46 81 44 ff e9 fe fc ff ff <0f> 0b e9 a5 fa ff ff 48 c7 c1 80 44 5d a0 80 e1 07 80 c1 03 38 c1
00018 RSP: 0018:ffffc90007ebf878 EFLAGS: 00010246
00018 RAX: 0000000000000000 RBX: ffff88813391d000 RCX: 0000000000000046
00018 RDX: 0000000000000000 RSI: ffff888023251100 RDI: ffff88811b9209e8
00018 RBP: ffff888023251070 R08: ffffffff83a16803 R09: 1ffffffff0742d00
00018 R10: dffffc0000000000 R11: fffffbfff0742d01 R12: ffff888104684030
00018 R13: dffffc0000000000 R14: 1ffff11026723a00 R15: 1ffff110208d0842
00018 FS:  0000000000000000(0000) GS:ffff8881d4aaa000(0000) knlGS:0000000000000000
00018 CS:  0010 DS: 0000 ES: 0000 CR0: 0000000080050033
00018 CR2: 000055a86c1ba410 CR3: 000000011b6b5000 CR4: 0000000000750eb0
00018 PKRU: 55555554
00018 Call Trace:
00018  <TASK>
00018  ? ofd_precreate_objects+0x1bd8/0x3220 [ofd]
00018  ? ofd_create_hdl+0x2015/0x3510 [ofd]
00018  lod(O)
00018  ? tgt_request_handle+0x23ad/0x3d30 [ptlrpc]
00018  lov(O)
00018  mdt(O)
00018  ? ptlrpc_main+0x6359/0x96f0 [ptlrpc]
00018  osc(O)
00018  ? __kthread_parkme+0x73/0x130
00018  ? kthread+0x2cd/0x3a0
00018  ? ptlrpc_start_thread+0x1f10/0x1f10 [ptlrpc]
00018  lquota(O)
00018  ? kthread_unuse_mm+0x130/0x130
00018  ? ret_from_fork+0x18c/0x520
00018  ? kthread_unuse_mm+0x130/0x130
00018  ? ret_from_fork_asm+0x11/0x20
00018  lmv(O)
00018  </TASK>
00018  ec(O) fid(O) fld(O) ptlrpc(O) efivarfs obdclass(O) ksocklnd(O) lnet(O) libcfs(O)
00018 CPU: 3 UID: 0 PID: 1782 Comm: ll_ost00_000 Tainted: G        W  O        7.0.0-ktest-21af419-6330a45-20260729-dirty #1 PREEMPT 
00018 Tainted: [W]=WARN, [O]=OOT_MODULE
00018 Hardware name: QEMU Standard PC (Q35 + ICH9, 2009), BIOS 2025.11-3ubuntu7 03/31/2026
00018 RIP: 0010:osd_create+0x9cf/0xcf0 [osd_wbcfs]
00018 Code: c7 c7 00 96 7b a1 48 c7 c6 a0 12 7d a1 48 c7 c2 00 1c 7d a1 e8 52 f1 43 ff 48 c7 c7 00 96 7b a1 e8 46 81 44 ff e9 fe fc ff ff <0f> 0b e9 a5 fa ff ff 48 c7 c1 80 44 5d a0 80 e1 07 80 c1 03 38 c1
00018 RSP: 0018:ffffc90002277878 EFLAGS: 00010246
00018 RAX: 0000000000000000 RBX: ffff8881176a0800 RCX: 0000000000000046
00018 RDX: 0000000000000000 RSI: ffff88802b7adf08 RDI: ffff88813342cb68
00018 RBP: ffff88802b7ade78 R08: ffffffff83a16803 R09: 1ffffffff0742d00
00018 R10: dffffc0000000000 R11: fffffbfff0742d01 R12: ffff8880407ce030
00018 R13: dffffc0000000000 R14: 1ffff11022ed4100 R15: 1ffff110080f9c42
00018 FS:  0000000000000000(0000) GS:ffff8881d4baa000(0000) knlGS:0000000000000000
00018 CS:  0010 DS: 0000 ES: 0000 CR0: 0000000080050033
00018 CR2: 00007fc8cfe181e0 CR3: 0000000004274000 CR4: 0000000000750eb0
00018 PKRU: 55555554
00018 Call Trace:
00018  <TASK>
00018  ? ofd_precreate_objects+0x1bd8/0x3220 [ofd]
00018  ? ofd_create_hdl+0x2015/0x3510 [ofd]
00018  lfsck(O)
00018 ---[ end trace 0000000000000000 ]---
00018  ? tgt_request_handle+0x23ad/0x3d30 [ptlrpc]
00018  mgs(O)
00018 ------------[ cut here ]------------
00018  ? ptlrpc_main+0x6359/0x96f0 [ptlrpc]
00018  osd_wbcfs(O)
00018  ? __kthread_parkme+0x73/0x130
00018  ? kthread+0x2cd/0x3a0
00018 WARNING: /home/ktest/git/linux/include/linux/fs.h:889 at osd_create+0x9cf/0xcf0 [osd_wbcfs], CPU#1: ll_ost00_004/1832
00018  ? ptlrpc_start_thread+0x1f10/0x1f10 [ptlrpc]
00018  lustre(O)
00018  ? kthread_unuse_mm+0x130/0x130
00018  ? ret_from_fork+0x18c/0x520
00018  ? kthread_unuse_mm+0x130/0x130
00018  ? ret_from_fork_asm+0x11/0x20
00018  </TASK>
00018 ---[ end trace 0000000000000000 ]---
00018 Modules linked in:
00018 ------------[ cut here ]------------
00018 WARNING: /home/ktest/git/linux/include/linux/fs.h:889 at osd_create+0x9cf/0xcf0 [osd_wbcfs], CPU#3: ll_ost00_000/1782
00018  obdecho(O)
00018 Modules linked in: ofd(O) osp(O) mdd(O) lod(O) mdt(O) lquota(O) lfsck(O) mgs(O) osd_wbcfs(O) lustre(O) obdecho(O) mgc(O) mdc(O) lov(O) osc(O) lmv(O) ec(O) fid(O) fld(O) ptlrpc(O)
00018  ofd(O) osp(O) mdd(O) lod(O) mdt(O) lquota(O) lfsck(O) mgs(O) osd_wbcfs(O) lustre(O) obdecho(O) mgc(O) mdc(O) lov(O) osc(O) lmv(O) ec(O) fid(O) fld(O) ptlrpc(O) efivarfs obdclass(O) ksocklnd(O) lnet(O) libcfs(O)
00018 CPU: 1 UID: 0 PID: 1832 Comm: ll_ost00_004 Tainted: G        W  O        7.0.0-ktest-21af419-6330a45-20260729-dirty #1 PREEMPT 
00018 Tainted: [W]=WARN, [O]=OOT_MODULE
00018  mgc(O)
00018 Hardware name: QEMU Standard PC (Q35 + ICH9, 2009), BIOS 2025.11-3ubuntu7 03/31/2026
00018  mdc(O) lov(O) osc(O) lmv(O) ec(O) fid(O) fld(O) ptlrpc(O) efivarfs obdclass(O) ksocklnd(O) lnet(O) libcfs(O)
00018 CPU: 0 UID: 0 PID: 1784 Comm: ll_ost00_002 Tainted: G        W  O        7.0.0-ktest-21af419-6330a45-20260729-dirty #1 PREEMPT 
00018 Tainted: [W]=WARN, [O]=OOT_MODULE
00018 Hardware name: QEMU Standard PC (Q35 + ICH9, 2009), BIOS 2025.11-3ubuntu7 03/31/2026
00018 RIP: 0010:osd_create+0x9cf/0xcf0 [osd_wbcfs]
00018 Code: c7 c7 00 96 7b a1 48 c7 c6 a0 12 7d a1 48 c7 c2 00 1c 7d a1 e8 52 f1 43 ff 48 c7 c7 00 96 7b a1 e8 46 81 44 ff e9 fe fc ff ff <0f> 0b e9 a5 fa ff ff 48 c7 c1 80 44 5d a0 80 e1 07 80 c1 03 38 c1
00018 RSP: 0018:ffffc900014178c0 EFLAGS: 00010246
00018 RAX: 0000000000000000 RBX: ffff888133ab5000 RCX: 0000000000000046
00018 RDX: 0000000000000000 RSI: ffff888023257b68 RDI: ffff88813342aa80
00018 RBP: ffff888023257ad8 R08: ffffffff83a16803 R09: 1ffffffff0742d00
00018 R10: dffffc0000000000 R11: fffffbfff0742d01 R12: ffff888040800030
00018 R13: dffffc0000000000 R14: 1ffff11026756a00 R15: 1ffff11008100042
00018 FS:  0000000000000000(0000) GS:ffff8881d4a2a000(0000) knlGS:0000000000000000
00018 CS:  0010 DS: 0000 ES: 0000 CR0: 0000000080050033
00018 CR2: 00007fc8cfe056f0 CR3: 00000001057e1000 CR4: 0000000000750eb0
00018 PKRU: 55555554
00018 Call Trace:
00018  <TASK>
00018  efivarfs
00018 RIP: 0010:osd_create+0x9cf/0xcf0 [osd_wbcfs]
00018  ? dt_find_or_create+0x81a/0x1170 [obdclass]
00018  obdclass(O)
00018 Code: c7 c7 00 96 7b a1 48 c7 c6 a0 12 7d a1 48 c7 c2 00 1c 7d a1 e8 52 f1 43 ff 48 c7 c7 00 96 7b a1 e8 46 81 44 ff e9 fe fc ff ff <0f> 0b e9 a5 fa ff ff 48 c7 c1 80 44 5d a0 80 e1 07 80 c1 03 38 c1
00018  ksocklnd(O)
00018  ? ofd_seq_load+0x605/0x1ac0 [ofd]
00018 RSP: 0018:ffffc90007ebf878 EFLAGS: 00010246
00018  ? ofd_create_hdl+0x4e0/0x3510 [ofd]
00018  ? ofd_create_hdl+0x778/0x3510 [ofd]
00018  lnet(O)
00018 
00018  libcfs(O)
00018 RAX: 0000000000000000 RBX: ffff88813391cc00 RCX: 0000000000000046
00018  ? lustre_pack_reply_flags+0x11f/0x3a0 [ptlrpc]
00018 
00018 RDX: 0000000000000000 RSI: ffff8880232509e8 RDI: ffff88811b9209e8
00018 CPU: 3 UID: 0 PID: 1782 Comm: ll_ost00_000 Tainted: G        W  O        7.0.0-ktest-21af419-6330a45-20260729-dirty #1 PREEMPT 
00018 Tainted: [W]=WARN, [O]=OOT_MODULE
00018 RBP: ffff888023250958 R08: ffffffff83a16803 R09: 1ffffffff0742d00
00018 Hardware name: QEMU Standard PC (Q35 + ICH9, 2009), BIOS 2025.11-3ubuntu7 03/31/2026
00018 R10: dffffc0000000000 R11: fffffbfff0742d01 R12: ffff888104684030
00018 RIP: 0010:osd_create+0x9cf/0xcf0 [osd_wbcfs]
00018  ? tgt_request_handle+0x23ad/0x3d30 [ptlrpc]
00018 R13: dffffc0000000000 R14: 1ffff11026723980 R15: 1ffff110208d0842
00018  ? ptlrpc_main+0x6359/0x96f0 [ptlrpc]
00018 Code: c7 c7 00 96 7b a1 48 c7 c6 a0 12 7d a1 48 c7 c2 00 1c 7d a1 e8 52 f1 43 ff 48 c7 c7 00 96 7b a1 e8 46 81 44 ff e9 fe fc ff ff <0f> 0b e9 a5 fa ff ff 48 c7 c1 80 44 5d a0 80 e1 07 80 c1 03 38 c1
00018 FS:  0000000000000000(0000) GS:ffff8881d4aaa000(0000) knlGS:0000000000000000
00018  ? __kthread_parkme+0x73/0x130
00018 RSP: 0018:ffffc90002277878 EFLAGS: 00010246
00018  ? kthread+0x2cd/0x3a0
00018 CS:  0010 DS: 0000 ES: 0000 CR0: 0000000080050033
00018  ? ptlrpc_start_thread+0x1f10/0x1f10 [ptlrpc]
00018 
00018 CR2: 000055a86c1ba410 CR3: 000000011b6b5000 CR4: 0000000000750eb0
00018  ? kthread_unuse_mm+0x130/0x130
00018  ? ret_from_fork+0x18c/0x520
00018 RAX: 0000000000000000 RBX: ffff88811ada8800 RCX: 0000000000000046
00018  ? kthread_unuse_mm+0x130/0x130
00018  ? ret_from_fork_asm+0x11/0x20
00018  </TASK>
00018 ---[ end trace 0000000000000000 ]---
00018 PKRU: 55555554
00018 RDX: 0000000000000000 RSI: ffff88802b7ad7f0 RDI: ffff88813342cb68
00018 Call Trace:
00018 RBP: ffff88802b7ad760 R08: ffffffff83a16803 R09: 1ffffffff0742d00
00018 ------------[ cut here ]------------
00018 WARNING: /home/ktest/git/linux/include/linux/fs.h:889 at osd_create+0x9cf/0xcf0 [osd_wbcfs], CPU#0: ll_ost00_002/1784
00018 Modules linked in: ofd(O) osp(O) mdd(O) lod(O) mdt(O) lquota(O) lfsck(O) mgs(O) osd_wbcfs(O) lustre(O) obdecho(O) mgc(O) mdc(O) lov(O) osc(O) lmv(O) ec(O) fid(O) fld(O) ptlrpc(O) efivarfs obdclass(O) ksocklnd(O) lnet(O) libcfs(O)
00018 CPU: 0 UID: 0 PID: 1784 Comm: ll_ost00_002 Tainted: G        W  O        7.0.0-ktest-21af419-6330a45-20260729-dirty #1 PREEMPT 
00018 Tainted: [W]=WARN, [O]=OOT_MODULE
00018 Hardware name: QEMU Standard PC (Q35 + ICH9, 2009), BIOS 2025.11-3ubuntu7 03/31/2026
00018 RIP: 0010:osd_create+0x9cf/0xcf0 [osd_wbcfs]
00018 Code: c7 c7 00 96 7b a1 48 c7 c6 a0 12 7d a1 48 c7 c2 00 1c 7d a1 e8 52 f1 43 ff 48 c7 c7 00 96 7b a1 e8 46 81 44 ff e9 fe fc ff ff <0f> 0b e9 a5 fa ff ff 48 c7 c1 80 44 5d a0 80 e1 07 80 c1 03 38 c1
00018 RSP: 0018:ffffc90001417878 EFLAGS: 00010246
00018 RAX: 0000000000000000 RBX: ffff888133ab4c00 RCX: 0000000000000046
00018 RDX: 0000000000000000 RSI: ffff888023257450 RDI: ffff88813342aaa8
00018 RBP: ffff8880232573c0 R08: ffffffff83a16803 R09: 1ffffffff0742d00
00018 R10: dffffc0000000000 R11: fffffbfff0742d01 R12: ffff888040800030
00018 R13: dffffc0000000000 R14: 1ffff11026756980 R15: 1ffff11008100042
00018 FS:  0000000000000000(0000) GS:ffff8881d4a2a000(0000) knlGS:0000000000000000
00018 CS:  0010 DS: 0000 ES: 0000 CR0: 0000000080050033
00018 CR2: 00007fc8cfe056f0 CR3: 00000001057e1000 CR4: 0000000000750eb0
00018 PKRU: 55555554
00018 Call Trace:
00018  <TASK>
00018  ? ofd_precreate_objects+0x1bd8/0x3220 [ofd]
00018  ? ofd_create_hdl+0x2015/0x3510 [ofd]
00018  <TASK>
00018  ? tgt_request_handle+0x23ad/0x3d30 [ptlrpc]
00018 R10: dffffc0000000000 R11: fffffbfff0742d01 R12: ffff8880407ce030
00018  ? ptlrpc_main+0x6359/0x96f0 [ptlrpc]
00018  ? ofd_precreate_objects+0x1bd8/0x3220 [ofd]
00018  ? __kthread_parkme+0x73/0x130
00018  ? kthread+0x2cd/0x3a0
00018 R13: dffffc0000000000 R14: 1ffff110235b5100 R15: 1ffff110080f9c42
00018  ? ofd_create_hdl+0x2015/0x3510 [ofd]
00018  ? ptlrpc_start_thread+0x1f10/0x1f10 [ptlrpc]
00018  ? kthread_unuse_mm+0x130/0x130
00018  ? ret_from_fork+0x18c/0x520
00018  ? kthread_unuse_mm+0x130/0x130
00018  ? ret_from_fork_asm+0x11/0x20
00018  </TASK>
00018 ---[ end trace 0000000000000000 ]---
00018 ------------[ cut here ]------------
00018 WARNING: /home/ktest/git/linux/include/linux/fs.h:889 at osd_create+0x9cf/0xcf0 [osd_wbcfs], CPU#0: ll_ost00_002/1784
00018 Modules linked in: ofd(O) osp(O) mdd(O) lod(O) mdt(O) lquota(O) lfsck(O) mgs(O) osd_wbcfs(O) lustre(O) obdecho(O) mgc(O) mdc(O) lov(O) osc(O) lmv(O) ec(O) fid(O) fld(O) ptlrpc(O) efivarfs obdclass(O) ksocklnd(O) lnet(O) libcfs(O)
00018 CPU: 0 UID: 0 PID: 1784 Comm: ll_ost00_002 Tainted: G        W  O        7.0.0-ktest-21af419-6330a45-20260729-dirty #1 PREEMPT 
00018 Tainted: [W]=WARN, [O]=OOT_MODULE
00018 Hardware name: QEMU Standard PC (Q35 + ICH9, 2009), BIOS 2025.11-3ubuntu7 03/31/2026
00018 RIP: 0010:osd_create+0x9cf/0xcf0 [osd_wbcfs]
00018 Code: c7 c7 00 96 7b a1 48 c7 c6 a0 12 7d a1 48 c7 c2 00 1c 7d a1 e8 52 f1 43 ff 48 c7 c7 00 96 7b a1 e8 46 81 44 ff e9 fe fc ff ff <0f> 0b e9 a5 fa ff ff 48 c7 c1 80 44 5d a0 80 e1 07 80 c1 03 38 c1
00018 RSP: 0018:ffffc90001417878 EFLAGS: 00010246
00018 RAX: 0000000000000000 RBX: ffff8881088d3c00 RCX: 0000000000000046
00018 RDX: 0000000000000000 RSI: ffff888023256d38 RDI: ffff88813342aaa8
00018 RBP: ffff888023256ca8 R08: ffffffff83a16803 R09: 1ffffffff0742d00
00018 R10: dffffc0000000000 R11: fffffbfff0742d01 R12: ffff888040800030
00018 R13: dffffc0000000000 R14: 1ffff1102111a780 R15: 1ffff11008100042
00018 FS:  0000000000000000(0000) GS:ffff8881d4a2a000(0000) knlGS:0000000000000000
00018 CS:  0010 DS: 0000 ES: 0000 CR0: 0000000080050033
00018 CR2: 00007fc8cfe056f0 CR3: 00000001057e1000 CR4: 0000000000750eb0
00018 PKRU: 55555554
00018 Call Trace:
00018  <TASK>
00018  ? ofd_precreate_objects+0x1bd8/0x3220 [ofd]
00018 FS:  0000000000000000(0000) GS:ffff8881d4baa000(0000) knlGS:0000000000000000
00018  ? ofd_create_hdl+0x2015/0x3510 [ofd]
00018  ? tgt_request_handle+0x23ad/0x3d30 [ptlrpc]
00018  ? tgt_request_handle+0x23ad/0x3d30 [ptlrpc]
00018 CS:  0010 DS: 0000 ES: 0000 CR0: 0000000080050033
00018  ? ptlrpc_main+0x6359/0x96f0 [ptlrpc]
00018 CR2: 00007fc8cfe181e0 CR3: 0000000004274000 CR4: 0000000000750eb0
00018  ? ptlrpc_main+0x6359/0x96f0 [ptlrpc]
00018  ? __kthread_parkme+0x73/0x130
00018  ? __kthread_parkme+0x73/0x130
00018  ? kthread+0x2cd/0x3a0
00018 PKRU: 55555554
00018  ? ptlrpc_start_thread+0x1f10/0x1f10 [ptlrpc]
00018  ? kthread+0x2cd/0x3a0
00018  ? kthread_unuse_mm+0x130/0x130
00018  ? ret_from_fork+0x18c/0x520
00018  ? kthread_unuse_mm+0x130/0x130
00018  ? ret_from_fork_asm+0x11/0x20
00018  </TASK>
00018 ---[ end trace 0000000000000000 ]---
00018 ------------[ cut here ]------------
00018 WARNING: /home/ktest/git/linux/include/linux/fs.h:889 at osd_create+0x9cf/0xcf0 [osd_wbcfs], CPU#1: ll_ost00_004/1832
00018 Modules linked in: ofd(O) osp(O) mdd(O) lod(O) mdt(O) lquota(O) lfsck(O) mgs(O) osd_wbcfs(O) lustre(O) obdecho(O) mgc(O) mdc(O) lov(O) osc(O) lmv(O) ec(O) fid(O) fld(O) ptlrpc(O) efivarfs obdclass(O) ksocklnd(O) lnet(O) libcfs(O)
00018 CPU: 1 UID: 0 PID: 1832 Comm: ll_ost00_004 Tainted: G        W  O        7.0.0-ktest-21af419-6330a45-20260729-dirty #1 PREEMPT 
00018 Tainted: [W]=WARN, [O]=OOT_MODULE
00018 Hardware name: QEMU Standard PC (Q35 + ICH9, 2009), BIOS 2025.11-3ubuntu7 03/31/2026
00018 Call Trace:
00018  <TASK>
00018  ? ofd_precreate_objects+0x1bd8/0x3220 [ofd]
00018 RIP: 0010:osd_create+0x9cf/0xcf0 [osd_wbcfs]
00018  ? ptlrpc_start_thread+0x1f10/0x1f10 [ptlrpc]
00018  ? ofd_create_hdl+0x2015/0x3510 [ofd]
00018 Code: c7 c7 00 96 7b a1 48 c7 c6 a0 12 7d a1 48 c7 c2 00 1c 7d a1 e8 52 f1 43 ff 48 c7 c7 00 96 7b a1 e8 46 81 44 ff e9 fe fc ff ff <0f> 0b e9 a5 fa ff ff 48 c7 c1 80 44 5d a0 80 e1 07 80 c1 03 38 c1
00018 RSP: 0018:ffffc90007ebf878 EFLAGS: 00010246
00018 RAX: 0000000000000000 RBX: ffff88813391c800 RCX: 0000000000000046
00018 RDX: 0000000000000000 RSI: ffff8880232502d0 RDI: ffff88811b9209e8
00018 RBP: ffff888023250240 R08: ffffffff83a16803 R09: 1ffffffff0742d00
00018 R10: dffffc0000000000 R11: fffffbfff0742d01 R12: ffff888104684030
00018 R13: dffffc0000000000 R14: 1ffff11026723900 R15: 1ffff110208d0842
00018 FS:  0000000000000000(0000) GS:ffff8881d4aaa000(0000) knlGS:0000000000000000
00018 CS:  0010 DS: 0000 ES: 0000 CR0: 0000000080050033
00018 CR2: 000055a86c1ba410 CR3: 000000011b6b5000 CR4: 0000000000750eb0
00018 PKRU: 55555554
00018 Call Trace:
00018  <TASK>
00018  ? ofd_precreate_objects+0x1bd8/0x3220 [ofd]
00018  ? ofd_create_hdl+0x2015/0x3510 [ofd]
00018  ? kthread_unuse_mm+0x130/0x130
00018  ? tgt_request_handle+0x23ad/0x3d30 [ptlrpc]
00018  ? tgt_request_handle+0x23ad/0x3d30 [ptlrpc]
00018  ? ret_from_fork+0x18c/0x520
00018  ? ptlrpc_main+0x6359/0x96f0 [ptlrpc]
00018  ? kthread_unuse_mm+0x130/0x130
00018  ? ptlrpc_main+0x6359/0x96f0 [ptlrpc]
00018  ? __kthread_parkme+0x73/0x130
00018  ? ret_from_fork_asm+0x11/0x20
00018  ? kthread+0x2cd/0x3a0
00018  </TASK>
00018 ---[ end trace 0000000000000000 ]---
00018 ------------[ cut here ]------------
00018 WARNING: /home/ktest/git/linux/include/linux/fs.h:889 at osd_create+0x9cf/0xcf0 [osd_wbcfs], CPU#0: ll_ost00_002/1784
00018 Modules linked in: ofd(O) osp(O) mdd(O) lod(O) mdt(O) lquota(O) lfsck(O) mgs(O) osd_wbcfs(O) lustre(O) obdecho(O) mgc(O) mdc(O) lov(O) osc(O) lmv(O) ec(O) fid(O) fld(O) ptlrpc(O) efivarfs obdclass(O) ksocklnd(O) lnet(O) libcfs(O)
00018 CPU: 0 UID: 0 PID: 1784 Comm: ll_ost00_002 Tainted: G        W  O        7.0.0-ktest-21af419-6330a45-20260729-dirty #1 PREEMPT 
00018 Tainted: [W]=WARN, [O]=OOT_MODULE
00018 Hardware name: QEMU Standard PC (Q35 + ICH9, 2009), BIOS 2025.11-3ubuntu7 03/31/2026
00018 RIP: 0010:osd_create+0x9cf/0xcf0 [osd_wbcfs]
00018 Code: c7 c7 00 96 7b a1 48 c7 c6 a0 12 7d a1 48 c7 c2 00 1c 7d a1 e8 52 f1 43 ff 48 c7 c7 00 96 7b a1 e8 46 81 44 ff e9 fe fc ff ff <0f> 0b e9 a5 fa ff ff 48 c7 c1 80 44 5d a0 80 e1 07 80 c1 03 38 c1
00018 RSP: 0018:ffffc90001417878 EFLAGS: 00010246
00018 RAX: 0000000000000000 RBX: ffff8881088d2800 RCX: 0000000000000046
00018 RDX: 0000000000000000 RSI: ffff888023256620 RDI: ffff88813342aaa8
00018 RBP: ffff888023256590 R08: ffffffff83a16803 R09: 1ffffffff0742d00
00018 R10: dffffc0000000000 R11: fffffbfff0742d01 R12: ffff888040800030
00018 R13: dffffc0000000000 R14: 1ffff1102111a500 R15: 1ffff11008100042
00018 FS:  0000000000000000(0000) GS:ffff8881d4a2a000(0000) knlGS:0000000000000000
00018 CS:  0010 DS: 0000 ES: 0000 CR0: 0000000080050033
00018 CR2: 00007fc8cfe056f0 CR3: 00000001057e1000 CR4: 0000000000750eb0
00018 PKRU: 55555554
00018 Call Trace:
00018  <TASK>
00018  ? ofd_precreate_objects+0x1bd8/0x3220 [ofd]
00018  ? __kthread_parkme+0x73/0x130
00018  ? ptlrpc_start_thread+0x1f10/0x1f10 [ptlrpc]
00018  ? ofd_create_hdl+0x2015/0x3510 [ofd]
00018  ? kthread+0x2cd/0x3a0
00018  ? ptlrpc_start_thread+0x1f10/0x1f10 [ptlrpc]
00018  ? tgt_request_handle+0x23ad/0x3d30 [ptlrpc]
00018  ? kthread_unuse_mm+0x130/0x130
00018  ? kthread_unuse_mm+0x130/0x130
00018  ? ptlrpc_main+0x6359/0x96f0 [ptlrpc]
00018  ? ret_from_fork+0x18c/0x520
00018  ? ret_from_fork+0x18c/0x520
00018  ? kthread_unuse_mm+0x130/0x130
00018  ? __kthread_parkme+0x73/0x130
00018  ? kthread+0x2cd/0x3a0
00018  ? kthread_unuse_mm+0x130/0x130
00018  ? ret_from_fork_asm+0x11/0x20
00018  ? ptlrpc_start_thread+0x1f10/0x1f10 [ptlrpc]
00018  ? kthread_unuse_mm+0x130/0x130
00018  ? ret_from_fork+0x18c/0x520
00018  ? kthread_unuse_mm+0x130/0x130
00018  ? ret_from_fork_asm+0x11/0x20
00018  </TASK>
00018 ---[ end trace 0000000000000000 ]---
00018  ? ret_from_fork_asm+0x11/0x20
00018 ------------[ cut here ]------------
00018 WARNING: /home/ktest/git/linux/include/linux/fs.h:889 at osd_create+0x9cf/0xcf0 [osd_wbcfs], CPU#0: ll_ost00_002/1784
00018 Modules linked in: ofd(O) osp(O) mdd(O) lod(O) mdt(O) lquota(O) lfsck(O) mgs(O) osd_wbcfs(O) lustre(O) obdecho(O) mgc(O) mdc(O) lov(O) osc(O) lmv(O) ec(O) fid(O) fld(O) ptlrpc(O) efivarfs obdclass(O) ksocklnd(O) lnet(O) libcfs(O)
00018 CPU: 0 UID: 0 PID: 1784 Comm: ll_ost00_002 Tainted: G        W  O        7.0.0-ktest-21af419-6330a45-20260729-dirty #1 PREEMPT 
00018 Tainted: [W]=WARN, [O]=OOT_MODULE
00018 Hardware name: QEMU Standard PC (Q35 + ICH9, 2009), BIOS 2025.11-3ubuntu7 03/31/2026
00018 RIP: 0010:osd_create+0x9cf/0xcf0 [osd_wbcfs]
00018 Code: c7 c7 00 96 7b a1 48 c7 c6 a0 12 7d a1 48 c7 c2 00 1c 7d a1 e8 52 f1 43 ff 48 c7 c7 00 96 7b a1 e8 46 81 44 ff e9 fe fc ff ff <0f> 0b e9 a5 fa ff ff 48 c7 c1 80 44 5d a0 80 e1 07 80 c1 03 38 c1
00018 RSP: 0018:ffffc90001417878 EFLAGS: 00010246
00018 RAX: 0000000000000000 RBX: ffff8881088d3400 RCX: 0000000000000046
00018 RDX: 0000000000000000 RSI: ffff888023255f08 RDI: ffff88813342aaa8
00018 RBP: ffff888023255e78 R08: ffffffff83a16803 R09: 1ffffffff0742d00
00018 R10: dffffc0000000000 R11: fffffbfff0742d01 R12: ffff888040800030
00018 R13: dffffc0000000000 R14: 1ffff1102111a680 R15: 1ffff11008100042
00018 FS:  0000000000000000(0000) GS:ffff8881d4a2a000(0000) knlGS:0000000000000000
00018 CS:  0010 DS: 0000 ES: 0000 CR0: 0000000080050033
00018 CR2: 00007fc8cfe056f0 CR3: 00000001057e1000 CR4: 0000000000750eb0
00018 PKRU: 55555554
00018 Call Trace:
00018  <TASK>
00018  ? ofd_precreate_objects+0x1bd8/0x3220 [ofd]
00018  ? ofd_create_hdl+0x2015/0x3510 [ofd]
00018  ? tgt_request_handle+0x23ad/0x3d30 [ptlrpc]
00018  </TASK>
00018  ? ptlrpc_main+0x6359/0x96f0 [ptlrpc]
00018  </TASK>
00018 ---[ end trace 0000000000000000 ]---
00018  ? __kthread_parkme+0x73/0x130
00018  ? kthread+0x2cd/0x3a0
00018 ---[ end trace 0000000000000000 ]---
00018  ? ptlrpc_start_thread+0x1f10/0x1f10 [ptlrpc]
00018 ------------[ cut here ]------------
00018  ? kthread_unuse_mm+0x130/0x130
00018  ? ret_from_fork+0x18c/0x520
00018  ? kthread_unuse_mm+0x130/0x130
00018  ? ret_from_fork_asm+0x11/0x20
00018  </TASK>
00018 ---[ end trace 0000000000000000 ]---
00018 ------------[ cut here ]------------
00018 WARNING: /home/ktest/git/linux/include/linux/fs.h:889 at osd_create+0x9cf/0xcf0 [osd_wbcfs], CPU#0: ll_ost00_002/1784
00018 Modules linked in: ofd(O) osp(O) mdd(O) lod(O) mdt(O) lquota(O) lfsck(O) mgs(O) osd_wbcfs(O) lustre(O) obdecho(O) mgc(O) mdc(O) lov(O) osc(O) lmv(O) ec(O) fid(O) fld(O) ptlrpc(O) efivarfs obdclass(O) ksocklnd(O) lnet(O) libcfs(O)
00018 CPU: 0 UID: 0 PID: 1784 Comm: ll_ost00_002 Tainted: G        W  O        7.0.0-ktest-21af419-6330a45-20260729-dirty #1 PREEMPT 
00018 Tainted: [W]=WARN, [O]=OOT_MODULE
00018 Hardware name: QEMU Standard PC (Q35 + ICH9, 2009), BIOS 2025.11-3ubuntu7 03/31/2026
00018 RIP: 0010:osd_create+0x9cf/0xcf0 [osd_wbcfs]
00018 Code: c7 c7 00 96 7b a1 48 c7 c6 a0 12 7d a1 48 c7 c2 00 1c 7d a1 e8 52 f1 43 ff 48 c7 c7 00 96 7b a1 e8 46 81 44 ff e9 fe fc ff ff <0f> 0b e9 a5 fa ff ff 48 c7 c1 80 44 5d a0 80 e1 07 80 c1 03 38 c1
00018 RSP: 0018:ffffc90001417878 EFLAGS: 00010246
00018 RAX: 0000000000000000 RBX: ffff8881088d3000 RCX: 0000000000000046
00018 RDX: 0000000000000000 RSI: ffff8880232557f0 RDI: ffff88813342aaa8
00018 RBP: ffff888023255760 R08: ffffffff83a16803 R09: 1ffffffff0742d00
00018 R10: dffffc0000000000 R11: fffffbfff0742d01 R12: ffff888040800030
00018 R13: dffffc0000000000 R14: 1ffff1102111a600 R15: 1ffff11008100042
00018 FS:  0000000000000000(0000) GS:ffff8881d4a2a000(0000) knlGS:0000000000000000
00018 CS:  0010 DS: 0000 ES: 0000 CR0: 0000000080050033
00018 CR2: 00007fc8cfe056f0 CR3: 00000001057e1000 CR4: 0000000000750eb0
00018 PKRU: 55555554
00018 Call Trace:
00018  <TASK>
00018  ? ofd_precreate_objects+0x1bd8/0x3220 [ofd]
00018  ? ofd_create_hdl+0x2015/0x3510 [ofd]
00018 ------------[ cut here ]------------
00018  ? tgt_request_handle+0x23ad/0x3d30 [ptlrpc]
00018 WARNING: /home/ktest/git/linux/include/linux/fs.h:889 at osd_create+0x9cf/0xcf0 [osd_wbcfs], CPU#1: ll_ost00_004/1832
00018 WARNING: /home/ktest/git/linux/include/linux/fs.h:889 at osd_create+0x9cf/0xcf0 [osd_wbcfs], CPU#3: ll_ost00_000/1782
00018  ? ptlrpc_main+0x6359/0x96f0 [ptlrpc]
00018 Modules linked in:
00018 Modules linked in:
00018  ? __kthread_parkme+0x73/0x130
00018  ? kthread+0x2cd/0x3a0
00018  ofd(O)
00018  ? ptlrpc_start_thread+0x1f10/0x1f10 [ptlrpc]
00018  ofd(O)
00018  osp(O)
00018  ? kthread_unuse_mm+0x130/0x130
00018  ? ret_from_fork+0x18c/0x520
00018  ? kthread_unuse_mm+0x130/0x130
00018  ? ret_from_fork_asm+0x11/0x20
00018  osp(O)
00018  </TASK>
00018 ---[ end trace 0000000000000000 ]---
00018  mdd(O)
00018 ------------[ cut here ]------------
00018 WARNING: /home/ktest/git/linux/include/linux/fs.h:889 at osd_create+0x9cf/0xcf0 [osd_wbcfs], CPU#0: ll_ost00_002/1784
00018 Modules linked in: ofd(O) osp(O) mdd(O) lod(O) mdt(O) lquota(O) lfsck(O) mgs(O) osd_wbcfs(O) lustre(O) obdecho(O) mgc(O) mdc(O) lov(O) osc(O) lmv(O) ec(O) fid(O) fld(O) ptlrpc(O) efivarfs obdclass(O) ksocklnd(O) lnet(O) libcfs(O)
00018 CPU: 0 UID: 0 PID: 1784 Comm: ll_ost00_002 Tainted: G        W  O        7.0.0-ktest-21af419-6330a45-20260729-dirty #1 PREEMPT 
00018  mdd(O) lod(O) mdt(O) lquota(O) lfsck(O) mgs(O) osd_wbcfs(O) lustre(O) obdecho(O) mgc(O) mdc(O) lov(O) osc(O) lmv(O) ec(O) fid(O) fld(O) ptlrpc(O) efivarfs obdclass(O) ksocklnd(O) lnet(O) libcfs(O)
00018 CPU: 3 UID: 0 PID: 1782 Comm: ll_ost00_000 Tainted: G        W  O        7.0.0-ktest-21af419-6330a45-20260729-dirty #1 PREEMPT 
00018 Tainted: [W]=WARN, [O]=OOT_MODULE
00018 Hardware name: QEMU Standard PC (Q35 + ICH9, 2009), BIOS 2025.11-3ubuntu7 03/31/2026
00018 RIP: 0010:osd_create+0x9cf/0xcf0 [osd_wbcfs]
00018 Code: c7 c7 00 96 7b a1 48 c7 c6 a0 12 7d a1 48 c7 c2 00 1c 7d a1 e8 52 f1 43 ff 48 c7 c7 00 96 7b a1 e8 46 81 44 ff e9 fe fc ff ff <0f> 0b e9 a5 fa ff ff 48 c7 c1 80 44 5d a0 80 e1 07 80 c1 03 38 c1
00018 RSP: 0018:ffffc90002277878 EFLAGS: 00010246
00018 RAX: 0000000000000000 RBX: ffff88811adab800 RCX: 0000000000000046
00018 RDX: 0000000000000000 RSI: ffff88802b7ad0d8 RDI: ffff88813342cb68
00018 RBP: ffff88802b7ad048 R08: ffffffff83a16803 R09: 1ffffffff0742d00
00018 R10: dffffc0000000000 R11: fffffbfff0742d01 R12: ffff8880407ce030
00018 R13: dffffc0000000000 R14: 1ffff110235b5700 R15: 1ffff110080f9c42
00018 FS:  0000000000000000(0000) GS:ffff8881d4baa000(0000) knlGS:0000000000000000
00018 CS:  0010 DS: 0000 ES: 0000 CR0: 0000000080050033
00018 CR2: 00007fc8cfe181e0 CR3: 0000000004274000 CR4: 0000000000750eb0
00018 PKRU: 55555554
00018 Call Trace:
00018  <TASK>
00018  lod(O)
00018  ? ofd_precreate_objects+0x1bd8/0x3220 [ofd]
00018 Tainted: [W]=WARN, [O]=OOT_MODULE
00018  ? ofd_create_hdl+0x2015/0x3510 [ofd]
00018  mdt(O)
00018 Hardware name: QEMU Standard PC (Q35 + ICH9, 2009), BIOS 2025.11-3ubuntu7 03/31/2026
00018  lquota(O)
00018  ? tgt_request_handle+0x23ad/0x3d30 [ptlrpc]
00018 RIP: 0010:osd_create+0x9cf/0xcf0 [osd_wbcfs]
00018  lfsck(O)
00018 Code: c7 c7 00 96 7b a1 48 c7 c6 a0 12 7d a1 48 c7 c2 00 1c 7d a1 e8 52 f1 43 ff 48 c7 c7 00 96 7b a1 e8 46 81 44 ff e9 fe fc ff ff <0f> 0b e9 a5 fa ff ff 48 c7 c1 80 44 5d a0 80 e1 07 80 c1 03 38 c1
00018  ? ptlrpc_main+0x6359/0x96f0 [ptlrpc]
00018  mgs(O)
00018 RSP: 0018:ffffc90001417878 EFLAGS: 00010246
00018  osd_wbcfs(O)
00018  ? __kthread_parkme+0x73/0x130
00018  ? kthread+0x2cd/0x3a0
00018 
00018  ? ptlrpc_start_thread+0x1f10/0x1f10 [ptlrpc]
00018  lustre(O)
00018 RAX: 0000000000000000 RBX: ffff8881088d0400 RCX: 0000000000000046
00018  ? kthread_unuse_mm+0x130/0x130
00018  ? ret_from_fork+0x18c/0x520
00018  ? kthread_unuse_mm+0x130/0x130
00018  ? ret_from_fork_asm+0x11/0x20
00018  </TASK>
00018 ---[ end trace 0000000000000000 ]---
00018  obdecho(O)
00018 ------------[ cut here ]------------
00018 WARNING: /home/ktest/git/linux/include/linux/fs.h:889 at osd_create+0x9cf/0xcf0 [osd_wbcfs], CPU#3: ll_ost00_000/1782
00018 Modules linked in: ofd(O) osp(O) mdd(O) lod(O) mdt(O) lquota(O) lfsck(O) mgs(O) osd_wbcfs(O) lustre(O) obdecho(O) mgc(O) mdc(O) lov(O) osc(O) lmv(O) ec(O) fid(O) fld(O) ptlrpc(O) efivarfs obdclass(O) ksocklnd(O) lnet(O) libcfs(O)
00018 CPU: 3 UID: 0 PID: 1782 Comm: ll_ost00_000 Tainted: G        W  O        7.0.0-ktest-21af419-6330a45-20260729-dirty #1 PREEMPT 
00018 Tainted: [W]=WARN, [O]=OOT_MODULE
00018 Hardware name: QEMU Standard PC (Q35 + ICH9, 2009), BIOS 2025.11-3ubuntu7 03/31/2026
00018 RIP: 0010:osd_create+0x9cf/0xcf0 [osd_wbcfs]
00018 Code: c7 c7 00 96 7b a1 48 c7 c6 a0 12 7d a1 48 c7 c2 00 1c 7d a1 e8 52 f1 43 ff 48 c7 c7 00 96 7b a1 e8 46 81 44 ff e9 fe fc ff ff <0f> 0b e9 a5 fa ff ff 48 c7 c1 80 44 5d a0 80 e1 07 80 c1 03 38 c1
00018 RSP: 0018:ffffc90002277878 EFLAGS: 00010246
00018 RAX: 0000000000000000 RBX: ffff88811770c800 RCX: 0000000000000046
00018 RDX: 0000000000000000 RSI: ffff88802b7ac9c0 RDI: ffff88813342cb68
00018 RDX: 0000000000000000 RSI: ffff88802af7a648 RDI: ffff88813342aaa8
00018 RBP: ffff88802af7a5b8 R08: ffffffff83a16803 R09: 1ffffffff0742d00
00018 R10: dffffc0000000000 R11: fffffbfff0742d01 R12: ffff888040800030
00018 R13: dffffc0000000000 R14: 1ffff1102111a080 R15: 1ffff11008100042
00018 FS:  0000000000000000(0000) GS:ffff8881d4a2a000(0000) knlGS:0000000000000000
00018 CS:  0010 DS: 0000 ES: 0000 CR0: 0000000080050033
00018 CR2: 00007fc8cfe056f0 CR3: 00000001057e1000 CR4: 0000000000750eb0
00018 PKRU: 55555554
00018 Call Trace:
00018  <TASK>
00018  ? ofd_precreate_objects+0x1bd8/0x3220 [ofd]
00018  mgc(O)
00018 RBP: ffff88802b7ac930 R08: ffffffff83a16803 R09: 1ffffffff0742d00
00018  ? ofd_create_hdl+0x2015/0x3510 [ofd]
00018  mdc(O)
00018 R10: dffffc0000000000 R11: fffffbfff0742d01 R12: ffff8880407ce030
00018  ? tgt_request_handle+0x23ad/0x3d30 [ptlrpc]
00018  lov(O) osc(O)
00018  ? ptlrpc_main+0x6359/0x96f0 [ptlrpc]
00018  ? __kthread_parkme+0x73/0x130
00018  ? kthread+0x2cd/0x3a0
00018  ? ptlrpc_start_thread+0x1f10/0x1f10 [ptlrpc]
00018 R13: dffffc0000000000 R14: 1ffff11022ee1900 R15: 1ffff110080f9c42
00018  ? kthread_unuse_mm+0x130/0x130
00018  ? ret_from_fork+0x18c/0x520
00018  ? kthread_unuse_mm+0x130/0x130
00018  ? ret_from_fork_asm+0x11/0x20
00018  </TASK>
00018 ---[ end trace 0000000000000000 ]---
00018 ------------[ cut here ]------------
00018 WARNING: /home/ktest/git/linux/include/linux/fs.h:889 at osd_create+0x9cf/0xcf0 [osd_wbcfs], CPU#0: ll_ost00_002/1784
00018 Modules linked in: ofd(O) osp(O) mdd(O) lod(O) mdt(O) lquota(O) lfsck(O) mgs(O) osd_wbcfs(O) lustre(O) obdecho(O) mgc(O) mdc(O) lov(O) osc(O) lmv(O) ec(O) fid(O) fld(O) ptlrpc(O) efivarfs obdclass(O) ksocklnd(O) lnet(O) libcfs(O)
00018 CPU: 0 UID: 0 PID: 1784 Comm: ll_ost00_002 Tainted: G        W  O        7.0.0-ktest-21af419-6330a45-20260729-dirty #1 PREEMPT 
00018 Tainted: [W]=WARN, [O]=OOT_MODULE
00018 Hardware name: QEMU Standard PC (Q35 + ICH9, 2009), BIOS 2025.11-3ubuntu7 03/31/2026
00018 RIP: 0010:osd_create+0x9cf/0xcf0 [osd_wbcfs]
00018 Code: c7 c7 00 96 7b a1 48 c7 c6 a0 12 7d a1 48 c7 c2 00 1c 7d a1 e8 52 f1 43 ff 48 c7 c7 00 96 7b a1 e8 46 81 44 ff e9 fe fc ff ff <0f> 0b e9 a5 fa ff ff 48 c7 c1 80 44 5d a0 80 e1 07 80 c1 03 38 c1
00018 RSP: 0018:ffffc90001417878 EFLAGS: 00010246
00018 RAX: 0000000000000000 RBX: ffff888133a59c00 RCX: 0000000000000046
00018 RDX: 0000000000000000 RSI: ffff88802af79f30 RDI: ffff88813342aaa8
00018 RBP: ffff88802af79ea0 R08: ffffffff83a16803 R09: 1ffffffff0742d00
00018 R10: dffffc0000000000 R11: fffffbfff0742d01 R12: ffff888040800030
00018 R13: dffffc0000000000 R14: 1ffff1102674b380 R15: 1ffff11008100042
00018 FS:  0000000000000000(0000) GS:ffff8881d4a2a000(0000) knlGS:0000000000000000
00018 CS:  0010 DS: 0000 ES: 0000 CR0: 0000000080050033
00018 CR2: 00007fc8cfe056f0 CR3: 00000001057e1000 CR4: 0000000000750eb0
00018 PKRU: 55555554
00018 Call Trace:
00018  <TASK>
00018  lmv(O)
00018  ? ofd_precreate_objects+0x1bd8/0x3220 [ofd]
00018  ? ofd_create_hdl+0x2015/0x3510 [ofd]
00018 FS:  0000000000000000(0000) GS:ffff8881d4baa000(0000) knlGS:0000000000000000
00018  ? tgt_request_handle+0x23ad/0x3d30 [ptlrpc]
00018  ec(O)
00018 CS:  0010 DS: 0000 ES: 0000 CR0: 0000000080050033
00018  ? ptlrpc_main+0x6359/0x96f0 [ptlrpc]
00018  ? __kthread_parkme+0x73/0x130
00018  ? kthread+0x2cd/0x3a0
00018  fid(O)
00018 CR2: 00007fc8cfe181e0 CR3: 0000000004274000 CR4: 0000000000750eb0
00018  ? ptlrpc_start_thread+0x1f10/0x1f10 [ptlrpc]
00018  fld(O)
00018  ? kthread_unuse_mm+0x130/0x130
00018  ? ret_from_fork+0x18c/0x520
00018  ? kthread_unuse_mm+0x130/0x130
00018  ? ret_from_fork_asm+0x11/0x20
00018  </TASK>
00018 ---[ end trace 0000000000000000 ]---
00018 ------------[ cut here ]------------
00018 WARNING: /home/ktest/git/linux/include/linux/fs.h:889 at osd_create+0x9cf/0xcf0 [osd_wbcfs], CPU#0: ll_ost00_002/1784
00018 Modules linked in: ofd(O) osp(O) mdd(O) lod(O) mdt(O) lquota(O) lfsck(O) mgs(O) osd_wbcfs(O) lustre(O) obdecho(O) mgc(O) mdc(O) lov(O) osc(O) lmv(O) ec(O) fid(O) fld(O) ptlrpc(O) efivarfs obdclass(O) ksocklnd(O) lnet(O) libcfs(O)
00018 CPU: 0 UID: 0 PID: 1784 Comm: ll_ost00_002 Tainted: G        W  O        7.0.0-ktest-21af419-6330a45-20260729-dirty #1 PREEMPT 
00018 Tainted: [W]=WARN, [O]=OOT_MODULE
00018 Hardware name: QEMU Standard PC (Q35 + ICH9, 2009), BIOS 2025.11-3ubuntu7 03/31/2026
00018 RIP: 0010:osd_create+0x9cf/0xcf0 [osd_wbcfs]
00018 Code: c7 c7 00 96 7b a1 48 c7 c6 a0 12 7d a1 48 c7 c2 00 1c 7d a1 e8 52 f1 43 ff 48 c7 c7 00 96 7b a1 e8 46 81 44 ff e9 fe fc ff ff <0f> 0b e9 a5 fa ff ff 48 c7 c1 80 44 5d a0 80 e1 07 80 c1 03 38 c1
00018 RSP: 0018:ffffc90001417878 EFLAGS: 00010246
00018 PKRU: 55555554
00018 Call Trace:
00018  <TASK>
00018  ? ofd_precreate_objects+0x1bd8/0x3220 [ofd]
00018  ? ofd_create_hdl+0x2015/0x3510 [ofd]
00018  ptlrpc(O)
00018  ? tgt_request_handle+0x23ad/0x3d30 [ptlrpc]
00018 
00018  efivarfs
00018  ? ptlrpc_main+0x6359/0x96f0 [ptlrpc]
00018 RAX: 0000000000000000 RBX: ffff888133a59800 RCX: 0000000000000046
00018  ? __kthread_parkme+0x73/0x130
00018  ? kthread+0x2cd/0x3a0
00018  obdclass(O)
00018  ? ptlrpc_start_thread+0x1f10/0x1f10 [ptlrpc]
00018 RDX: 0000000000000000 RSI: ffff88802af79818 RDI: ffff88813342aaa8
00018  ksocklnd(O)
00018 RBP: ffff88802af79788 R08: ffffffff83a16803 R09: 1ffffffff0742d00
00018  lnet(O)
00018  ? kthread_unuse_mm+0x130/0x130
00018  ? ret_from_fork+0x18c/0x520
00018  ? kthread_unuse_mm+0x130/0x130
00018  ? ret_from_fork_asm+0x11/0x20
00018  </TASK>
00018 ---[ end trace 0000000000000000 ]---
00018 R10: dffffc0000000000 R11: fffffbfff0742d01 R12: ffff888040800030
00018  libcfs(O)
00018 R13: dffffc0000000000 R14: 1ffff1102674b300 R15: 1ffff11008100042
00018 FS:  0000000000000000(0000) GS:ffff8881d4a2a000(0000) knlGS:0000000000000000
00018 
00018 CS:  0010 DS: 0000 ES: 0000 CR0: 0000000080050033
00018 CPU: 1 UID: 0 PID: 1832 Comm: ll_ost00_004 Tainted: G        W  O        7.0.0-ktest-21af419-6330a45-20260729-dirty #1 PREEMPT 
00018 CR2: 00007fc8cfe056f0 CR3: 00000001057e1000 CR4: 0000000000750eb0
00018 Tainted: [W]=WARN, [O]=OOT_MODULE
00018 PKRU: 55555554
00018 Hardware name: QEMU Standard PC (Q35 + ICH9, 2009), BIOS 2025.11-3ubuntu7 03/31/2026
00018 Call Trace:
00018 RIP: 0010:osd_create+0x9cf/0xcf0 [osd_wbcfs]
00018  <TASK>
00018 Code: c7 c7 00 96 7b a1 48 c7 c6 a0 12 7d a1 48 c7 c2 00 1c 7d a1 e8 52 f1 43 ff 48 c7 c7 00 96 7b a1 e8 46 81 44 ff e9 fe fc ff ff <0f> 0b e9 a5 fa ff ff 48 c7 c1 80 44 5d a0 80 e1 07 80 c1 03 38 c1
00018  ? ofd_precreate_objects+0x1bd8/0x3220 [ofd]
00018 RSP: 0018:ffffc90007ebf878 EFLAGS: 00010246
00018  ? ofd_create_hdl+0x2015/0x3510 [ofd]
00018 
00018  ? tgt_request_handle+0x23ad/0x3d30 [ptlrpc]
00018 RAX: 0000000000000000 RBX: ffff888133938000 RCX: 0000000000000046
00018  ? ptlrpc_main+0x6359/0x96f0 [ptlrpc]
00018 RDX: 0000000000000000 RSI: ffff88802e13d0d8 RDI: ffff88811b9209e8
00018  ? __kthread_parkme+0x73/0x130
00018 RBP: ffff88802e13d048 R08: ffffffff83a16803 R09: 1ffffffff0742d00
00018  ? kthread+0x2cd/0x3a0
00018 R10: dffffc0000000000 R11: fffffbfff0742d01 R12: ffff888104684030
00018  ? ptlrpc_start_thread+0x1f10/0x1f10 [ptlrpc]
00018 R13: dffffc0000000000 R14: 1ffff11026727000 R15: 1ffff110208d0842
00018  ? kthread_unuse_mm+0x130/0x130
00018 FS:  0000000000000000(0000) GS:ffff8881d4aaa000(0000) knlGS:0000000000000000
00018  ? ret_from_fork+0x18c/0x520
00018 CS:  0010 DS: 0000 ES: 0000 CR0: 0000000080050033
00018  ? kthread_unuse_mm+0x130/0x130
00018 CR2: 000055a86c1ba410 CR3: 000000011b6b5000 CR4: 0000000000750eb0
00018  ? ret_from_fork_asm+0x11/0x20
00018 PKRU: 55555554
00018  </TASK>
00018 Call Trace:
00018 ---[ end trace 0000000000000000 ]---
00018  <TASK>
00018 ------------[ cut here ]------------
00018  ? ofd_precreate_objects+0x1bd8/0x3220 [ofd]
00018 WARNING: /home/ktest/git/linux/include/linux/fs.h:889 at osd_create+0x9cf/0xcf0 [osd_wbcfs], CPU#0: ll_ost00_002/1784
00018  ? ofd_create_hdl+0x2015/0x3510 [ofd]
00018 Modules linked in:
00018  ? tgt_request_handle+0x23ad/0x3d30 [ptlrpc]
00018  ofd(O)
00018  ? ptlrpc_main+0x6359/0x96f0 [ptlrpc]
00018  osp(O)
00018  ? __kthread_parkme+0x73/0x130
00018  mdd(O)
00018  ? kthread+0x2cd/0x3a0
00018  lod(O)
00018  ? ptlrpc_start_thread+0x1f10/0x1f10 [ptlrpc]
00018  mdt(O)
00018  ? kthread_unuse_mm+0x130/0x130
00018  lquota(O)
00018  ? ret_from_fork+0x18c/0x520
00018  lfsck(O)
00018  ? kthread_unuse_mm+0x130/0x130
00018  mgs(O)
00018  ? ret_from_fork_asm+0x11/0x20
00018  osd_wbcfs(O)
00018  </TASK>
00018  lustre(O)
00018 ---[ end trace 0000000000000000 ]---
00018  obdecho(O)
00018 ------------[ cut here ]------------
00018  mgc(O)
00018 WARNING: /home/ktest/git/linux/include/linux/fs.h:889 at osd_create+0x9cf/0xcf0 [osd_wbcfs], CPU#1: ll_ost00_004/1832
00018  mdc(O)
00018 Modules linked in:
00018  lov(O)
00018  ofd(O)
00018  osc(O)
00018  osp(O)
00018  lmv(O)
00018  mdd(O)
00018  ec(O)
00018  lod(O)
00018  fid(O)
00018  mdt(O)
00018  fld(O)
00018  lquota(O)
00018  ptlrpc(O)
00018  lfsck(O)
00018  efivarfs
00018  mgs(O)
00018  obdclass(O)
00018  osd_wbcfs(O)
00018  ksocklnd(O)
00018  lustre(O)
00018  lnet(O)
00018  obdecho(O)
00018  libcfs(O)
00018  mgc(O)
00018 
00018  mdc(O)
00018 CPU: 0 UID: 0 PID: 1784 Comm: ll_ost00_002 Tainted: G        W  O        7.0.0-ktest-21af419-6330a45-20260729-dirty #1 PREEMPT 
00018  lov(O)
00018 Tainted: [W]=WARN, [O]=OOT_MODULE
00018  osc(O)
00018 Hardware name: QEMU Standard PC (Q35 + ICH9, 2009), BIOS 2025.11-3ubuntu7 03/31/2026
00018  lmv(O)
00018 RIP: 0010:osd_create+0x9cf/0xcf0 [osd_wbcfs]
00018  ec(O) fid(O)
00018 Code: c7 c7 00 96 7b a1 48 c7 c6 a0 12 7d a1 48 c7 c2 00 1c 7d a1 e8 52 f1 43 ff 48 c7 c7 00 96 7b a1 e8 46 81 44 ff e9 fe fc ff ff <0f> 0b e9 a5 fa ff ff 48 c7 c1 80 44 5d a0 80 e1 07 80 c1 03 38 c1
00018  fld(O)
00018 RSP: 0018:ffffc90001417878 EFLAGS: 00010246
00018  ptlrpc(O)
00018 
00018  efivarfs
00018 RAX: 0000000000000000 RBX: ffff88813466bc00 RCX: 0000000000000046
00018  obdclass(O)
00018 RDX: 0000000000000000 RSI: ffff88802af79100 RDI: ffff88813342aaa8
00018  ksocklnd(O)
00018 RBP: ffff88802af79070 R08: ffffffff83a16803 R09: 1ffffffff0742d00
00018  lnet(O) libcfs(O)
00018 R10: dffffc0000000000 R11: fffffbfff0742d01 R12: ffff888040800030
00018 
00018 R13: dffffc0000000000 R14: 1ffff110268cd780 R15: 1ffff11008100042
00018 CPU: 1 UID: 0 PID: 1832 Comm: ll_ost00_004 Tainted: G        W  O        7.0.0-ktest-21af419-6330a45-20260729-dirty #1 PREEMPT 
00018 FS:  0000000000000000(0000) GS:ffff8881d4a2a000(0000) knlGS:0000000000000000
00018 Tainted: [W]=WARN, [O]=OOT_MODULE
00018 CS:  0010 DS: 0000 ES: 0000 CR0: 0000000080050033
00018 Hardware name: QEMU Standard PC (Q35 + ICH9, 2009), BIOS 2025.11-3ubuntu7 03/31/2026
00018 CR2: 00007fc8cfe056f0 CR3: 00000001057e1000 CR4: 0000000000750eb0
00018 RIP: 0010:osd_create+0x9cf/0xcf0 [osd_wbcfs]
00018 PKRU: 55555554
00018 Code: c7 c7 00 96 7b a1 48 c7 c6 a0 12 7d a1 48 c7 c2 00 1c 7d a1 e8 52 f1 43 ff 48 c7 c7 00 96 7b a1 e8 46 81 44 ff e9 fe fc ff ff <0f> 0b e9 a5 fa ff ff 48 c7 c1 80 44 5d a0 80 e1 07 80 c1 03 38 c1
00018 Call Trace:
00018 RSP: 0018:ffffc90007ebf878 EFLAGS: 00010246
00018  <TASK>
00018 
00018  ? ofd_precreate_objects+0x1bd8/0x3220 [ofd]
00018 RAX: 0000000000000000 RBX: ffff88813393bc00 RCX: 0000000000000046
00018  ? ofd_create_hdl+0x2015/0x3510 [ofd]
00018 RDX: 0000000000000000 RSI: ffff88802e13c9c0 RDI: ffff88811b9209e8
00018  ? tgt_request_handle+0x23ad/0x3d30 [ptlrpc]
00018 RBP: ffff88802e13c930 R08: ffffffff83a16803 R09: 1ffffffff0742d00
00018  ? ptlrpc_main+0x6359/0x96f0 [ptlrpc]
00018 R10: dffffc0000000000 R11: fffffbfff0742d01 R12: ffff888104684030
00018  ? __kthread_parkme+0x73/0x130
00018 R13: dffffc0000000000 R14: 1ffff11026727780 R15: 1ffff110208d0842
00018  ? kthread+0x2cd/0x3a0
00018 FS:  0000000000000000(0000) GS:ffff8881d4aaa000(0000) knlGS:0000000000000000
00018  ? ptlrpc_start_thread+0x1f10/0x1f10 [ptlrpc]
00018 CS:  0010 DS: 0000 ES: 0000 CR0: 0000000080050033
00018  ? kthread_unuse_mm+0x130/0x130
00018 CR2: 000055a86c1ba410 CR3: 000000011b6b5000 CR4: 0000000000750eb0
00018  ? ret_from_fork+0x18c/0x520
00018 PKRU: 55555554
00018  ? kthread_unuse_mm+0x130/0x130
00018 Call Trace:
00018  ? ret_from_fork_asm+0x11/0x20
00018  <TASK>
00018  </TASK>
00018  ? ofd_precreate_objects+0x1bd8/0x3220 [ofd]
00018 ---[ end trace 0000000000000000 ]---
00018  ? ofd_create_hdl+0x2015/0x3510 [ofd]
00018 ------------[ cut here ]------------
00018  ? tgt_request_handle+0x23ad/0x3d30 [ptlrpc]
00018 WARNING: /home/ktest/git/linux/include/linux/fs.h:889 at osd_create+0x9cf/0xcf0 [osd_wbcfs], CPU#0: ll_ost00_002/1784
00018  ? ptlrpc_main+0x6359/0x96f0 [ptlrpc]
00018 Modules linked in:
00018  ? __kthread_parkme+0x73/0x130
00018  ofd(O)
00018  ? kthread+0x2cd/0x3a0
00018  osp(O)
00018  ? ptlrpc_start_thread+0x1f10/0x1f10 [ptlrpc]
00018  mdd(O)
00018  ? kthread_unuse_mm+0x130/0x130
00018  lod(O)
00018  ? ret_from_fork+0x18c/0x520
00018  mdt(O)
00018  ? kthread_unuse_mm+0x130/0x130
00018  lquota(O)
00018  ? ret_from_fork_asm+0x11/0x20
00018  lfsck(O)
00018  </TASK>
00018  mgs(O)
00018 ---[ end trace 0000000000000000 ]---
00018  osd_wbcfs(O)
00018 ------------[ cut here ]------------
00018  lustre(O)
00018 WARNING: /home/ktest/git/linux/include/linux/fs.h:889 at osd_create+0x9cf/0xcf0 [osd_wbcfs], CPU#1: ll_ost00_004/1832
00018  obdecho(O)
00018 Modules linked in:
00018  mgc(O)
00018  ofd(O)
00018  mdc(O)
00018  osp(O)
00018  lov(O)
00018  mdd(O)
00018  osc(O)
00018  lod(O)
00018  lmv(O)
00018  mdt(O)
00018  ec(O)
00018  lquota(O)
00018  fid(O)
00018  lfsck(O)
00018  fld(O)
00018  mgs(O)
00018  ptlrpc(O)
00018  osd_wbcfs(O)
00018  efivarfs
00018  lustre(O)
00018  obdclass(O)
00018  obdecho(O)
00018  ksocklnd(O)
00018  mgc(O)
00018  lnet(O)
00018  mdc(O)
00018  libcfs(O)
00018  lov(O)
00018 
00018  osc(O)
00018 CPU: 0 UID: 0 PID: 1784 Comm: ll_ost00_002 Tainted: G        W  O        7.0.0-ktest-21af419-6330a45-20260729-dirty #1 PREEMPT 
00018  lmv(O)
00018 Tainted: [W]=WARN, [O]=OOT_MODULE
00018  ec(O)
00018 Hardware name: QEMU Standard PC (Q35 + ICH9, 2009), BIOS 2025.11-3ubuntu7 03/31/2026
00018  fid(O)
00018 RIP: 0010:osd_create+0x9cf/0xcf0 [osd_wbcfs]
00018  fld(O)
00018 Code: c7 c7 00 96 7b a1 48 c7 c6 a0 12 7d a1 48 c7 c2 00 1c 7d a1 e8 52 f1 43 ff 48 c7 c7 00 96 7b a1 e8 46 81 44 ff e9 fe fc ff ff <0f> 0b e9 a5 fa ff ff 48 c7 c1 80 44 5d a0 80 e1 07 80 c1 03 38 c1
00018  ptlrpc(O)
00018 RSP: 0018:ffffc90001417878 EFLAGS: 00010246
00018  efivarfs
00018 
00018  obdclass(O)
00018 RAX: 0000000000000000 RBX: ffff888134668400 RCX: 0000000000000046
00018  ksocklnd(O)
00018 RDX: 0000000000000000 RSI: ffff88802af789e8 RDI: ffff88813342aaa8
00018  lnet(O)
00018 RBP: ffff88802af78958 R08: ffffffff83a16803 R09: 1ffffffff0742d00
00018  libcfs(O)
00018 R10: dffffc0000000000 R11: fffffbfff0742d01 R12: ffff888040800030
00018 
00018 R13: dffffc0000000000 R14: 1ffff110268cd080 R15: 1ffff11008100042
00018 CPU: 1 UID: 0 PID: 1832 Comm: ll_ost00_004 Tainted: G        W  O        7.0.0-ktest-21af419-6330a45-20260729-dirty #1 PREEMPT 
00018 FS:  0000000000000000(0000) GS:ffff8881d4a2a000(0000) knlGS:0000000000000000
00018 Tainted: [W]=WARN, [O]=OOT_MODULE
00018 CS:  0010 DS: 0000 ES: 0000 CR0: 0000000080050033
00018 Hardware name: QEMU Standard PC (Q35 + ICH9, 2009), BIOS 2025.11-3ubuntu7 03/31/2026
00018 CR2: 00007fc8cfe056f0 CR3: 00000001057e1000 CR4: 0000000000750eb0
00018 RIP: 0010:osd_create+0x9cf/0xcf0 [osd_wbcfs]
00018 PKRU: 55555554
00018 Code: c7 c7 00 96 7b a1 48 c7 c6 a0 12 7d a1 48 c7 c2 00 1c 7d a1 e8 52 f1 43 ff 48 c7 c7 00 96 7b a1 e8 46 81 44 ff e9 fe fc ff ff <0f> 0b e9 a5 fa ff ff 48 c7 c1 80 44 5d a0 80 e1 07 80 c1 03 38 c1
00018 Call Trace:
00018 RSP: 0018:ffffc90007ebf878 EFLAGS: 00010246
00018  <TASK>
00018 
00018  ? ofd_precreate_objects+0x1bd8/0x3220 [ofd]
00018 RAX: 0000000000000000 RBX: ffff888133a0a000 RCX: 0000000000000046
00018  ? ofd_create_hdl+0x2015/0x3510 [ofd]
00018 RDX: 0000000000000000 RSI: ffff88802e13c2a8 RDI: ffff88811b9209e8
00018  ? tgt_request_handle+0x23ad/0x3d30 [ptlrpc]
00018 RBP: ffff88802e13c218 R08: ffffffff83a16803 R09: 1ffffffff0742d00
00018  ? ptlrpc_main+0x6359/0x96f0 [ptlrpc]
00018 R10: dffffc0000000000 R11: fffffbfff0742d01 R12: ffff888104684030
00018  ? __kthread_parkme+0x73/0x130
00018 R13: dffffc0000000000 R14: 1ffff11026741400 R15: 1ffff110208d0842
00018  ? kthread+0x2cd/0x3a0
00018 FS:  0000000000000000(0000) GS:ffff8881d4aaa000(0000) knlGS:0000000000000000
00018  ? ptlrpc_start_thread+0x1f10/0x1f10 [ptlrpc]
00018 CS:  0010 DS: 0000 ES: 0000 CR0: 0000000080050033
00018  ? kthread_unuse_mm+0x130/0x130
00018 CR2: 000055a86c1ba410 CR3: 000000011b6b5000 CR4: 0000000000750eb0
00018  ? ret_from_fork+0x18c/0x520
00018 PKRU: 55555554
00018  ? kthread_unuse_mm+0x130/0x130
00018 Call Trace:
00018  ? ret_from_fork_asm+0x11/0x20
00018  <TASK>
00018  </TASK>
00018  ? ofd_precreate_objects+0x1bd8/0x3220 [ofd]
00018 ---[ end trace 0000000000000000 ]---
00018  ? ofd_create_hdl+0x2015/0x3510 [ofd]
00018 ------------[ cut here ]------------
00018  ? tgt_request_handle+0x23ad/0x3d30 [ptlrpc]
00018 WARNING: /home/ktest/git/linux/include/linux/fs.h:889 at osd_create+0x9cf/0xcf0 [osd_wbcfs], CPU#0: ll_ost00_002/1784
00018  ? ptlrpc_main+0x6359/0x96f0 [ptlrpc]
00018 Modules linked in:
00018  ? __kthread_parkme+0x73/0x130
00018  ofd(O)
00018  ? kthread+0x2cd/0x3a0
00018  osp(O)
00018  ? ptlrpc_start_thread+0x1f10/0x1f10 [ptlrpc]
00018  mdd(O)
00018  ? kthread_unuse_mm+0x130/0x130
00018  lod(O)
00018  ? ret_from_fork+0x18c/0x520
00018  mdt(O)
00018  ? kthread_unuse_mm+0x130/0x130
00018  lquota(O)
00018  ? ret_from_fork_asm+0x11/0x20
00018  lfsck(O)
00018  </TASK>
00018  mgs(O)
00018 ---[ end trace 0000000000000000 ]---
00018  osd_wbcfs(O)
00018 ------------[ cut here ]------------
00018  lustre(O)
00018 WARNING: /home/ktest/git/linux/include/linux/fs.h:889 at osd_create+0x9cf/0xcf0 [osd_wbcfs], CPU#1: ll_ost00_004/1832
00018  obdecho(O)
00018 Modules linked in:
00018  mgc(O)
00018  ofd(O)
00018  mdc(O)
00018  osp(O)
00018  lov(O)
00018  mdd(O)
00018  osc(O)
00018  lod(O)
00018  lmv(O)
00018  mdt(O)
00018  ec(O)
00018  lquota(O)
00018  fid(O)
00018  lfsck(O)
00018  fld(O)
00018  mgs(O)
00018  ptlrpc(O)
00018  osd_wbcfs(O)
00018  efivarfs
00018  lustre(O)
00018  obdclass(O)
00018  obdecho(O)
00018  ksocklnd(O)
00018  mgc(O) mdc(O)
00018  lnet(O)
00018  lov(O)
00018  libcfs(O)
00018  osc(O)
00018 
00018  lmv(O)
00018 CPU: 0 UID: 0 PID: 1784 Comm: ll_ost00_002 Tainted: G        W  O        7.0.0-ktest-21af419-6330a45-20260729-dirty #1 PREEMPT 
00018  ec(O)
00018 Tainted: [W]=WARN, [O]=OOT_MODULE
00018  fid(O)
00018 Hardware name: QEMU Standard PC (Q35 + ICH9, 2009), BIOS 2025.11-3ubuntu7 03/31/2026
00018  fld(O)
00018 RIP: 0010:osd_create+0x9cf/0xcf0 [osd_wbcfs]
00018  ptlrpc(O)
00018 Code: c7 c7 00 96 7b a1 48 c7 c6 a0 12 7d a1 48 c7 c2 00 1c 7d a1 e8 52 f1 43 ff 48 c7 c7 00 96 7b a1 e8 46 81 44 ff e9 fe fc ff ff <0f> 0b e9 a5 fa ff ff 48 c7 c1 80 44 5d a0 80 e1 07 80 c1 03 38 c1
00018  efivarfs
00018 RSP: 0018:ffffc90001417878 EFLAGS: 00010246
00018  obdclass(O)
00018 
00018  ksocklnd(O)
00018 RAX: 0000000000000000 RBX: ffff888134668000 RCX: 0000000000000046
00018  lnet(O)
00018 RDX: 0000000000000000 RSI: ffff88802af782d0 RDI: ffff88813342aaa8
00018  libcfs(O)
00018 RBP: ffff88802af78240 R08: ffffffff83a16803 R09: 1ffffffff0742d00
00018 
00018 R10: dffffc0000000000 R11: fffffbfff0742d01 R12: ffff888040800030
00018 CPU: 1 UID: 0 PID: 1832 Comm: ll_ost00_004 Tainted: G        W  O        7.0.0-ktest-21af419-6330a45-20260729-dirty #1 PREEMPT 
00018 R13: dffffc0000000000 R14: 1ffff110268cd000 R15: 1ffff11008100042
00018 Tainted: [W]=WARN, [O]=OOT_MODULE
00018 FS:  0000000000000000(0000) GS:ffff8881d4a2a000(0000) knlGS:0000000000000000
00018 Hardware name: QEMU Standard PC (Q35 + ICH9, 2009), BIOS 2025.11-3ubuntu7 03/31/2026
00018 CS:  0010 DS: 0000 ES: 0000 CR0: 0000000080050033
00018 RIP: 0010:osd_create+0x9cf/0xcf0 [osd_wbcfs]
00018 CR2: 00007fc8cfe056f0 CR3: 00000001057e1000 CR4: 0000000000750eb0
00018 Code: c7 c7 00 96 7b a1 48 c7 c6 a0 12 7d a1 48 c7 c2 00 1c 7d a1 e8 52 f1 43 ff 48 c7 c7 00 96 7b a1 e8 46 81 44 ff e9 fe fc ff ff <0f> 0b e9 a5 fa ff ff 48 c7 c1 80 44 5d a0 80 e1 07 80 c1 03 38 c1
00018 PKRU: 55555554
00018 RSP: 0018:ffffc90007ebf878 EFLAGS: 00010246
00018 Call Trace:
00018 
00018  <TASK>
00018 RAX: 0000000000000000 RBX: ffff888133a09c00 RCX: 0000000000000046
00018  ? ofd_precreate_objects+0x1bd8/0x3220 [ofd]
00018 RDX: 0000000000000000 RSI: ffff88802e13bb90 RDI: ffff88811b9209e8
00018  ? ofd_create_hdl+0x2015/0x3510 [ofd]
00018 RBP: ffff88802e13bb00 R08: ffffffff83a16803 R09: 1ffffffff0742d00
00018  ? tgt_request_handle+0x23ad/0x3d30 [ptlrpc]
00018 R10: dffffc0000000000 R11: fffffbfff0742d01 R12: ffff888104684030
00018  ? ptlrpc_main+0x6359/0x96f0 [ptlrpc]
00018 R13: dffffc0000000000 R14: 1ffff11026741380 R15: 1ffff110208d0842
00018  ? __kthread_parkme+0x73/0x130
00018 FS:  0000000000000000(0000) GS:ffff8881d4aaa000(0000) knlGS:0000000000000000
00018  ? kthread+0x2cd/0x3a0
00018 CS:  0010 DS: 0000 ES: 0000 CR0: 0000000080050033
00018  ? ptlrpc_start_thread+0x1f10/0x1f10 [ptlrpc]
00018 CR2: 000055a86c1ba410 CR3: 000000011b6b5000 CR4: 0000000000750eb0
00018  ? kthread_unuse_mm+0x130/0x130
00018 PKRU: 55555554
00018  ? ret_from_fork+0x18c/0x520
00018 Call Trace:
00018  ? kthread_unuse_mm+0x130/0x130
00018  <TASK>
00018  ? ret_from_fork_asm+0x11/0x20
00018  ? ofd_precreate_objects+0x1bd8/0x3220 [ofd]
00018  </TASK>
00018  ? ofd_create_hdl+0x2015/0x3510 [ofd]
00018 ---[ end trace 0000000000000000 ]---
00018  ? tgt_request_handle+0x23ad/0x3d30 [ptlrpc]
00018 ------------[ cut here ]------------
00018  ? ptlrpc_main+0x6359/0x96f0 [ptlrpc]
00018 WARNING: /home/ktest/git/linux/include/linux/fs.h:889 at osd_create+0x9cf/0xcf0 [osd_wbcfs], CPU#0: ll_ost00_002/1784
00018  ? __kthread_parkme+0x73/0x130
00018 Modules linked in:
00018  ? kthread+0x2cd/0x3a0
00018  ofd(O)
00018  ? ptlrpc_start_thread+0x1f10/0x1f10 [ptlrpc]
00018  osp(O) mdd(O)
00018  ? kthread_unuse_mm+0x130/0x130
00018  lod(O)
00018  ? ret_from_fork+0x18c/0x520
00018  mdt(O)
00018  ? kthread_unuse_mm+0x130/0x130
00018  lquota(O)
00018  ? ret_from_fork_asm+0x11/0x20
00018  lfsck(O)
00018  </TASK>
00018  mgs(O)
00018 ---[ end trace 0000000000000000 ]---
00018  osd_wbcfs(O)
00018 ------------[ cut here ]------------
00018  lustre(O)
00018 WARNING: /home/ktest/git/linux/include/linux/fs.h:889 at osd_create+0x9cf/0xcf0 [osd_wbcfs], CPU#1: ll_ost00_004/1832
00018  obdecho(O)
00018 Modules linked in:
00018  mgc(O)
00018  ofd(O)
00018  mdc(O)
00018  osp(O)
00018  lov(O)
00018  mdd(O)
00018  osc(O)
00018  lod(O)
00018  lmv(O)
00018  mdt(O)
00018  ec(O)
00018  lquota(O)
00018  fid(O)
00018  lfsck(O)
00018  fld(O)
00018  mgs(O)
00018  ptlrpc(O)
00018  osd_wbcfs(O)
00018  efivarfs
00018  lustre(O)
00018  obdclass(O)
00018  obdecho(O)
00018  ksocklnd(O)
00018  mgc(O)
00018  lnet(O)
00018  mdc(O)
00018  libcfs(O)
00018  lov(O)
00018 
00018  osc(O)
00018 CPU: 0 UID: 0 PID: 1784 Comm: ll_ost00_002 Tainted: G        W  O        7.0.0-ktest-21af419-6330a45-20260729-dirty #1 PREEMPT 
00018  lmv(O)
00018 Tainted: [W]=WARN, [O]=OOT_MODULE
00018  ec(O)
00018 Hardware name: QEMU Standard PC (Q35 + ICH9, 2009), BIOS 2025.11-3ubuntu7 03/31/2026
00018  fid(O)
00018 RIP: 0010:osd_create+0x9cf/0xcf0 [osd_wbcfs]
00018  fld(O)
00018 Code: c7 c7 00 96 7b a1 48 c7 c6 a0 12 7d a1 48 c7 c2 00 1c 7d a1 e8 52 f1 43 ff 48 c7 c7 00 96 7b a1 e8 46 81 44 ff e9 fe fc ff ff <0f> 0b e9 a5 fa ff ff 48 c7 c1 80 44 5d a0 80 e1 07 80 c1 03 38 c1
00018  ptlrpc(O)
00018 RSP: 0018:ffffc90001417878 EFLAGS: 00010246
00018  efivarfs
00018 
00018  obdclass(O)
00018 RAX: 0000000000000000 RBX: ffff888134669800 RCX: 0000000000000046
00018  ksocklnd(O)
00018 RDX: 0000000000000000 RSI: ffff88802e13fb68 RDI: ffff88813342aaa8
00018  lnet(O)
00018 RBP: ffff88802e13fad8 R08: ffffffff83a16803 R09: 1ffffffff0742d00
00018  libcfs(O)
00018 R10: dffffc0000000000 R11: fffffbfff0742d01 R12: ffff888040800030
00018 
00018 R13: dffffc0000000000 R14: 1ffff110268cd300 R15: 1ffff11008100042
00018 CPU: 1 UID: 0 PID: 1832 Comm: ll_ost00_004 Tainted: G        W  O        7.0.0-ktest-21af419-6330a45-20260729-dirty #1 PREEMPT 
00018 FS:  0000000000000000(0000) GS:ffff8881d4a2a000(0000) knlGS:0000000000000000
00018 Tainted: [W]=WARN, [O]=OOT_MODULE
00018 CS:  0010 DS: 0000 ES: 0000 CR0: 0000000080050033
00018 Hardware name: QEMU Standard PC (Q35 + ICH9, 2009), BIOS 2025.11-3ubuntu7 03/31/2026
00018 CR2: 00007fc8cfe056f0 CR3: 00000001057e1000 CR4: 0000000000750eb0
00018 RIP: 0010:osd_create+0x9cf/0xcf0 [osd_wbcfs]
00018 PKRU: 55555554
00018 Code: c7 c7 00 96 7b a1 48 c7 c6 a0 12 7d a1 48 c7 c2 00 1c 7d a1 e8 52 f1 43 ff 48 c7 c7 00 96 7b a1 e8 46 81 44 ff e9 fe fc ff ff <0f> 0b e9 a5 fa ff ff 48 c7 c1 80 44 5d a0 80 e1 07 80 c1 03 38 c1
00018 Call Trace:
00018 RSP: 0018:ffffc90007ebf878 EFLAGS: 00010246
00018  <TASK>
00018 
00018  ? ofd_precreate_objects+0x1bd8/0x3220 [ofd]
00018 RAX: 0000000000000000 RBX: ffff888133a09800 RCX: 0000000000000046
00018  ? ofd_create_hdl+0x2015/0x3510 [ofd]
00018 RDX: 0000000000000000 RSI: ffff88802e13b478 RDI: ffff88811b9209e8
00018  ? tgt_request_handle+0x23ad/0x3d30 [ptlrpc]
00018 RBP: ffff88802e13b3e8 R08: ffffffff83a16803 R09: 1ffffffff0742d00
00018  ? ptlrpc_main+0x6359/0x96f0 [ptlrpc]
00018 R10: dffffc0000000000 R11: fffffbfff0742d01 R12: ffff888104684030
00018  ? __kthread_parkme+0x73/0x130
00018 R13: dffffc0000000000 R14: 1ffff11026741300 R15: 1ffff110208d0842
00018  ? kthread+0x2cd/0x3a0
00018 FS:  0000000000000000(0000) GS:ffff8881d4aaa000(0000) knlGS:0000000000000000
00018  ? ptlrpc_start_thread+0x1f10/0x1f10 [ptlrpc]
00018 CS:  0010 DS: 0000 ES: 0000 CR0: 0000000080050033
00018  ? kthread_unuse_mm+0x130/0x130
00018 CR2: 000055a86c1ba410 CR3: 000000011b6b5000 CR4: 0000000000750eb0
00018 PKRU: 55555554
00018  ? ret_from_fork+0x18c/0x520
00018 Call Trace:
00018  ? kthread_unuse_mm+0x130/0x130
00018  <TASK>
00018  ? ret_from_fork_asm+0x11/0x20
00018  ? ofd_precreate_objects+0x1bd8/0x3220 [ofd]
00018  </TASK>
00018  ? ofd_create_hdl+0x2015/0x3510 [ofd]
00018 ---[ end trace 0000000000000000 ]---
00018  ? tgt_request_handle+0x23ad/0x3d30 [ptlrpc]
00018 ------------[ cut here ]------------
00018  ? ptlrpc_main+0x6359/0x96f0 [ptlrpc]
00018 WARNING: /home/ktest/git/linux/include/linux/fs.h:889 at osd_create+0x9cf/0xcf0 [osd_wbcfs], CPU#0: ll_ost00_002/1784
00018  ? __kthread_parkme+0x73/0x130
00018 Modules linked in:
00018  ? kthread+0x2cd/0x3a0
00018  ofd(O)
00018  ? ptlrpc_start_thread+0x1f10/0x1f10 [ptlrpc]
00018  osp(O)
00018  ? kthread_unuse_mm+0x130/0x130
00018  mdd(O)
00018  ? ret_from_fork+0x18c/0x520
00018  lod(O)
00018  ? kthread_unuse_mm+0x130/0x130
00018  mdt(O)
00018  ? ret_from_fork_asm+0x11/0x20
00018  lquota(O)
00018  </TASK>
00018  lfsck(O)
00018 ---[ end trace 0000000000000000 ]---
00018  mgs(O)
00018 ------------[ cut here ]------------
00018  osd_wbcfs(O)
00018 WARNING: /home/ktest/git/linux/include/linux/fs.h:889 at osd_create+0x9cf/0xcf0 [osd_wbcfs], CPU#1: ll_ost00_004/1832
00018  lustre(O)
00018 Modules linked in:
00018  obdecho(O)
00018  ofd(O)
00018  mgc(O)
00018  osp(O)
00018  mdc(O)
00018  mdd(O)
00018  lov(O)
00018  lod(O)
00018  osc(O)
00018  mdt(O)
00018  lmv(O)
00018  lquota(O)
00018  ec(O)
00018  lfsck(O)
00018  fid(O)
00018  mgs(O)
00018  fld(O)
00018  osd_wbcfs(O)
00018  ptlrpc(O)
00018  lustre(O)
00018  efivarfs
00018  obdecho(O)
00018  obdclass(O)
00018  mgc(O)
00018  ksocklnd(O)
00018  mdc(O)
00018  lnet(O)
00018  lov(O)
00018  libcfs(O)
00018  osc(O)
00018 
00018  lmv(O)
00018 CPU: 0 UID: 0 PID: 1784 Comm: ll_ost00_002 Tainted: G        W  O        7.0.0-ktest-21af419-6330a45-20260729-dirty #1 PREEMPT 
00018  ec(O)
00018 Tainted: [W]=WARN, [O]=OOT_MODULE
00018  fid(O)
00018 Hardware name: QEMU Standard PC (Q35 + ICH9, 2009), BIOS 2025.11-3ubuntu7 03/31/2026
00018  fld(O)
00018 RIP: 0010:osd_create+0x9cf/0xcf0 [osd_wbcfs]
00018  ptlrpc(O)
00018 Code: c7 c7 00 96 7b a1 48 c7 c6 a0 12 7d a1 48 c7 c2 00 1c 7d a1 e8 52 f1 43 ff 48 c7 c7 00 96 7b a1 e8 46 81 44 ff e9 fe fc ff ff <0f> 0b e9 a5 fa ff ff 48 c7 c1 80 44 5d a0 80 e1 07 80 c1 03 38 c1
00018  efivarfs
00018 RSP: 0018:ffffc90001417878 EFLAGS: 00010246
00018  obdclass(O)
00018 
00018  ksocklnd(O)
00018 RAX: 0000000000000000 RBX: ffff888134669400 RCX: 0000000000000046
00018  lnet(O)
00018 RDX: 0000000000000000 RSI: ffff88802e13f450 RDI: ffff88813342aaa8
00018  libcfs(O)
00018 RBP: ffff88802e13f3c0 R08: ffffffff83a16803 R09: 1ffffffff0742d00
00018 
00018 R10: dffffc0000000000 R11: fffffbfff0742d01 R12: ffff888040800030
00018 CPU: 1 UID: 0 PID: 1832 Comm: ll_ost00_004 Tainted: G        W  O        7.0.0-ktest-21af419-6330a45-20260729-dirty #1 PREEMPT 
00018 R13: dffffc0000000000 R14: 1ffff110268cd280 R15: 1ffff11008100042
00018 Tainted: [W]=WARN, [O]=OOT_MODULE
00018 FS:  0000000000000000(0000) GS:ffff8881d4a2a000(0000) knlGS:0000000000000000
00018 Hardware name: QEMU Standard PC (Q35 + ICH9, 2009), BIOS 2025.11-3ubuntu7 03/31/2026
00018 CS:  0010 DS: 0000 ES: 0000 CR0: 0000000080050033
00018 RIP: 0010:osd_create+0x9cf/0xcf0 [osd_wbcfs]
00018 CR2: 00007fc8cfe056f0 CR3: 00000001057e1000 CR4: 0000000000750eb0
00018 Code: c7 c7 00 96 7b a1 48 c7 c6 a0 12 7d a1 48 c7 c2 00 1c 7d a1 e8 52 f1 43 ff 48 c7 c7 00 96 7b a1 e8 46 81 44 ff e9 fe fc ff ff <0f> 0b e9 a5 fa ff ff 48 c7 c1 80 44 5d a0 80 e1 07 80 c1 03 38 c1
00018 PKRU: 55555554
00018 RSP: 0018:ffffc90007ebf878 EFLAGS: 00010246
00018 Call Trace:
00018 
00018  <TASK>
00018 RAX: 0000000000000000 RBX: ffff8880076a1c00 RCX: 0000000000000046
00018  ? ofd_precreate_objects+0x1bd8/0x3220 [ofd]
00018 RDX: 0000000000000000 RSI: ffff88802e13ad60 RDI: ffff88811b9209e8
00018  ? ofd_create_hdl+0x2015/0x3510 [ofd]
00018 RBP: ffff88802e13acd0 R08: ffffffff83a16803 R09: 1ffffffff0742d00
00018  ? tgt_request_handle+0x23ad/0x3d30 [ptlrpc]
00018 R10: dffffc0000000000 R11: fffffbfff0742d01 R12: ffff888104684030
00018  ? ptlrpc_main+0x6359/0x96f0 [ptlrpc]
00018 R13: dffffc0000000000 R14: 1ffff11000ed4380 R15: 1ffff110208d0842
00018  ? __kthread_parkme+0x73/0x130
00018 FS:  0000000000000000(0000) GS:ffff8881d4aaa000(0000) knlGS:0000000000000000
00018  ? kthread+0x2cd/0x3a0
00018 CS:  0010 DS: 0000 ES: 0000 CR0: 0000000080050033
00018  ? ptlrpc_start_thread+0x1f10/0x1f10 [ptlrpc]
00018 CR2: 000055a86c1ba410 CR3: 000000011b6b5000 CR4: 0000000000750eb0
00018  ? kthread_unuse_mm+0x130/0x130
00018 PKRU: 55555554
00018  ? ret_from_fork+0x18c/0x520
00018 Call Trace:
00018  ? kthread_unuse_mm+0x130/0x130
00018  <TASK>
00018  ? ret_from_fork_asm+0x11/0x20
00018  ? ofd_precreate_objects+0x1bd8/0x3220 [ofd]
00018  </TASK>
00018  ? ofd_create_hdl+0x2015/0x3510 [ofd]
00018 ---[ end trace 0000000000000000 ]---
00018  ? tgt_request_handle+0x23ad/0x3d30 [ptlrpc]
00018 ------------[ cut here ]------------
00018  ? ptlrpc_main+0x6359/0x96f0 [ptlrpc]
00018 WARNING: /home/ktest/git/linux/include/linux/fs.h:889 at osd_create+0x9cf/0xcf0 [osd_wbcfs], CPU#0: ll_ost00_002/1784
00018  ? __kthread_parkme+0x73/0x130
00018 Modules linked in:
00018  ? kthread+0x2cd/0x3a0
00018  ofd(O)
00018  ? ptlrpc_start_thread+0x1f10/0x1f10 [ptlrpc]
00018  osp(O)
00018  ? kthread_unuse_mm+0x130/0x130
00018  mdd(O)
00018  ? ret_from_fork+0x18c/0x520
00018  lod(O)
00018  ? kthread_unuse_mm+0x130/0x130
00018  mdt(O)
00018  ? ret_from_fork_asm+0x11/0x20
00018  lquota(O)
00018  </TASK>
00018  lfsck(O)
00018 ---[ end trace 0000000000000000 ]---
00018  mgs(O)
00018 ------------[ cut here ]------------
00018  osd_wbcfs(O)
00018 WARNING: /home/ktest/git/linux/include/linux/fs.h:889 at osd_create+0x9cf/0xcf0 [osd_wbcfs], CPU#1: ll_ost00_004/1832
00018  lustre(O)
00018 Modules linked in:
00018  obdecho(O)
00018  ofd(O)
00018  mgc(O)
00018  osp(O)
00018  mdc(O)
00018  mdd(O)
00018  lov(O)
00018  lod(O)
00018  osc(O)
00018  mdt(O)
00018  lmv(O)
00018  lquota(O)
00018  ec(O)
00018  lfsck(O)
00018  fid(O)
00018  mgs(O)
00018  fld(O)
00018  osd_wbcfs(O)
00018  ptlrpc(O)
00018  lustre(O)
00018  efivarfs
00018  obdecho(O)
00018  obdclass(O)
00018  mgc(O)
00018  ksocklnd(O)
00018  mdc(O)
00018  lnet(O)
00018  lov(O)
00018  libcfs(O)
00018  osc(O)
00018 
00018  lmv(O)
00018 CPU: 0 UID: 0 PID: 1784 Comm: ll_ost00_002 Tainted: G        W  O        7.0.0-ktest-21af419-6330a45-20260729-dirty #1 PREEMPT 
00018  ec(O)
00018 Tainted: [W]=WARN, [O]=OOT_MODULE
00018  fid(O)
00018 Hardware name: QEMU Standard PC (Q35 + ICH9, 2009), BIOS 2025.11-3ubuntu7 03/31/2026
00018  fld(O)
00018 RIP: 0010:osd_create+0x9cf/0xcf0 [osd_wbcfs]
00018  ptlrpc(O)
00018 Code: c7 c7 00 96 7b a1 48 c7 c6 a0 12 7d a1 48 c7 c2 00 1c 7d a1 e8 52 f1 43 ff 48 c7 c7 00 96 7b a1 e8 46 81 44 ff e9 fe fc ff ff <0f> 0b e9 a5 fa ff ff 48 c7 c1 80 44 5d a0 80 e1 07 80 c1 03 38 c1
00018  efivarfs
00018 RSP: 0018:ffffc90001417878 EFLAGS: 00010246
00018  obdclass(O)
00018 
00018  ksocklnd(O)
00018 RAX: 0000000000000000 RBX: ffff888134668c00 RCX: 0000000000000046
00018  lnet(O)
00018 RDX: 0000000000000000 RSI: ffff88802e13ed38 RDI: ffff88813342aaa8
00018  libcfs(O)
00018 RBP: ffff88802e13eca8 R08: ffffffff83a16803 R09: 1ffffffff0742d00
00018 
00018 R10: dffffc0000000000 R11: fffffbfff0742d01 R12: ffff888040800030
00018 CPU: 1 UID: 0 PID: 1832 Comm: ll_ost00_004 Tainted: G        W  O        7.0.0-ktest-21af419-6330a45-20260729-dirty #1 PREEMPT 
00018 R13: dffffc0000000000 R14: 1ffff110268cd180 R15: 1ffff11008100042
00018 Tainted: [W]=WARN, [O]=OOT_MODULE
00018 FS:  0000000000000000(0000) GS:ffff8881d4a2a000(0000) knlGS:0000000000000000
00018 Hardware name: QEMU Standard PC (Q35 + ICH9, 2009), BIOS 2025.11-3ubuntu7 03/31/2026
00018 CS:  0010 DS: 0000 ES: 0000 CR0: 0000000080050033
00018 RIP: 0010:osd_create+0x9cf/0xcf0 [osd_wbcfs]
00018 CR2: 00007fc8cfe056f0 CR3: 00000001057e1000 CR4: 0000000000750eb0
00018 Code: c7 c7 00 96 7b a1 48 c7 c6 a0 12 7d a1 48 c7 c2 00 1c 7d a1 e8 52 f1 43 ff 48 c7 c7 00 96 7b a1 e8 46 81 44 ff e9 fe fc ff ff <0f> 0b e9 a5 fa ff ff 48 c7 c1 80 44 5d a0 80 e1 07 80 c1 03 38 c1
00018 PKRU: 55555554
00018 RSP: 0018:ffffc90007ebf878 EFLAGS: 00010246
00018 Call Trace:
00018 
00018  <TASK>
00018 RAX: 0000000000000000 RBX: ffff8880076a3400 RCX: 0000000000000046
00018  ? ofd_precreate_objects+0x1bd8/0x3220 [ofd]
00018 RDX: 0000000000000000 RSI: ffff88802e13a648 RDI: ffff88811b9209e8
00018  ? ofd_create_hdl+0x2015/0x3510 [ofd]
00018 RBP: ffff88802e13a5b8 R08: ffffffff83a16803 R09: 1ffffffff0742d00
00018  ? tgt_request_handle+0x23ad/0x3d30 [ptlrpc]
00018 R10: dffffc0000000000 R11: fffffbfff0742d01 R12: ffff888104684030
00018  ? ptlrpc_main+0x6359/0x96f0 [ptlrpc]
00018 R13: dffffc0000000000 R14: 1ffff11000ed4680 R15: 1ffff110208d0842
00018  ? __kthread_parkme+0x73/0x130
00018 FS:  0000000000000000(0000) GS:ffff8881d4aaa000(0000) knlGS:0000000000000000
00018  ? kthread+0x2cd/0x3a0
00018 CS:  0010 DS: 0000 ES: 0000 CR0: 0000000080050033
00018  ? ptlrpc_start_thread+0x1f10/0x1f10 [ptlrpc]
00018 CR2: 000055a86c1ba410 CR3: 000000011b6b5000 CR4: 0000000000750eb0
00018  ? kthread_unuse_mm+0x130/0x130
00018 PKRU: 55555554
00018  ? ret_from_fork+0x18c/0x520
00018 Call Trace:
00018  ? kthread_unuse_mm+0x130/0x130
00018  <TASK>
00018  ? ret_from_fork_asm+0x11/0x20
00018  ? ofd_precreate_objects+0x1bd8/0x3220 [ofd]
00018  </TASK>
00018  ? ofd_create_hdl+0x2015/0x3510 [ofd]
00018 ---[ end trace 0000000000000000 ]---
00018  ? tgt_request_handle+0x23ad/0x3d30 [ptlrpc]
00018 ------------[ cut here ]------------
00018  ? ptlrpc_main+0x6359/0x96f0 [ptlrpc]
00018 WARNING: /home/ktest/git/linux/include/linux/fs.h:889 at osd_create+0x9cf/0xcf0 [osd_wbcfs], CPU#0: ll_ost00_002/1784
00018  ? __kthread_parkme+0x73/0x130
00018 Modules linked in:
00018  ? kthread+0x2cd/0x3a0
00018  ofd(O)
00018  ? ptlrpc_start_thread+0x1f10/0x1f10 [ptlrpc]
00018  osp(O)
00018  ? kthread_unuse_mm+0x130/0x130
00018  mdd(O)
00018  ? ret_from_fork+0x18c/0x520
00018  lod(O)
00018  ? kthread_unuse_mm+0x130/0x130
00018  mdt(O)
00018  ? ret_from_fork_asm+0x11/0x20
00018  lquota(O)
00018  </TASK>
00018  lfsck(O)
00018 ---[ end trace 0000000000000000 ]---
00018  mgs(O)
00018 ------------[ cut here ]------------
00018  osd_wbcfs(O)
00018 WARNING: /home/ktest/git/linux/include/linux/fs.h:889 at osd_create+0x9cf/0xcf0 [osd_wbcfs], CPU#1: ll_ost00_004/1832
00018  lustre(O)
00018 Modules linked in:
00018  obdecho(O)
00018  ofd(O)
00018  mgc(O)
00018  osp(O)
00018  mdc(O)
00018  mdd(O)
00018  lov(O)
00018  lod(O)
00018  osc(O)
00018  mdt(O)
00018  lmv(O)
00018  lquota(O)
00018  ec(O)
00018  lfsck(O)
00018  fid(O)
00018  mgs(O)
00018  fld(O)
00018  osd_wbcfs(O)
00018  ptlrpc(O)
00018  lustre(O)
00018  efivarfs
00018  obdecho(O)
00018  obdclass(O)
00018  mgc(O)
00018  ksocklnd(O)
00018  mdc(O)
00018  lnet(O)
00018  lov(O)
00018  libcfs(O)
00018  osc(O)
00018 
00018  lmv(O)
00018 CPU: 0 UID: 0 PID: 1784 Comm: ll_ost00_002 Tainted: G        W  O        7.0.0-ktest-21af419-6330a45-20260729-dirty #1 PREEMPT 
00018  ec(O)
00018 Tainted: [W]=WARN, [O]=OOT_MODULE
00018  fid(O)
00018 Hardware name: QEMU Standard PC (Q35 + ICH9, 2009), BIOS 2025.11-3ubuntu7 03/31/2026
00018  fld(O)
00018 RIP: 0010:osd_create+0x9cf/0xcf0 [osd_wbcfs]
00018  ptlrpc(O)
00018 Code: c7 c7 00 96 7b a1 48 c7 c6 a0 12 7d a1 48 c7 c2 00 1c 7d a1 e8 52 f1 43 ff 48 c7 c7 00 96 7b a1 e8 46 81 44 ff e9 fe fc ff ff <0f> 0b e9 a5 fa ff ff 48 c7 c1 80 44 5d a0 80 e1 07 80 c1 03 38 c1
00018  efivarfs obdclass(O) ksocklnd(O) lnet(O) libcfs(O)
00018 CPU: 1 UID: 0 PID: 1832 Comm: ll_ost00_004 Tainted: G        W  O        7.0.0-ktest-21af419-6330a45-20260729-dirty #1 PREEMPT 
00018 Tainted: [W]=WARN, [O]=OOT_MODULE
00018 Hardware name: QEMU Standard PC (Q35 + ICH9, 2009), BIOS 2025.11-3ubuntu7 03/31/2026
00018 RIP: 0010:osd_create+0x9cf/0xcf0 [osd_wbcfs]
00018 Code: c7 c7 00 96 7b a1 48 c7 c6 a0 12 7d a1 48 c7 c2 00 1c 7d a1 e8 52 f1 43 ff 48 c7 c7 00 96 7b a1 e8 46 81 44 ff e9 fe fc ff ff <0f> 0b e9 a5 fa ff ff 48 c7 c1 80 44 5d a0 80 e1 07 80 c1 03 38 c1
00018 RSP: 0018:ffffc90007ebf878 EFLAGS: 00010246
00018 RAX: 0000000000000000 RBX: ffff888136926000 RCX: 0000000000000046
00018 RDX: 0000000000000000 RSI: ffff88802e139f30 RDI: ffff88811b9209e8
00018 RBP: ffff88802e139ea0 R08: ffffffff83a16803 R09: 1ffffffff0742d00
00018 R10: dffffc0000000000 R11: fffffbfff0742d01 R12: ffff888104684030
00018 R13: dffffc0000000000 R14: 1ffff11026d24c00 R15: 1ffff110208d0842
00018 FS:  0000000000000000(0000) GS:ffff8881d4aaa000(0000) knlGS:0000000000000000
00018 CS:  0010 DS: 0000 ES: 0000 CR0: 0000000080050033
00018 CR2: 000055a86c1ba410 CR3: 000000011b6b5000 CR4: 0000000000750eb0
00018 PKRU: 55555554
00018 Call Trace:
00018  <TASK>
00018  ? ofd_precreate_objects+0x1bd8/0x3220 [ofd]
00018  ? ofd_create_hdl+0x2015/0x3510 [ofd]
00018 RSP: 0018:ffffc90001417878 EFLAGS: 00010246
00018  ? tgt_request_handle+0x23ad/0x3d30 [ptlrpc]
00018 
00018  ? ptlrpc_main+0x6359/0x96f0 [ptlrpc]
00018 RAX: 0000000000000000 RBX: ffff888134669000 RCX: 0000000000000046
00018  ? __kthread_parkme+0x73/0x130
00018 RDX: 0000000000000000 RSI: ffff88802e13e620 RDI: ffff88813342aaa8
00018  ? kthread+0x2cd/0x3a0
00018 RBP: ffff88802e13e590 R08: ffffffff83a16803 R09: 1ffffffff0742d00
00018  ? ptlrpc_start_thread+0x1f10/0x1f10 [ptlrpc]
00018 R10: dffffc0000000000 R11: fffffbfff0742d01 R12: ffff888040800030
00018  ? kthread_unuse_mm+0x130/0x130
00018 R13: dffffc0000000000 R14: 1ffff110268cd200 R15: 1ffff11008100042
00018  ? ret_from_fork+0x18c/0x520
00018 FS:  0000000000000000(0000) GS:ffff8881d4a2a000(0000) knlGS:0000000000000000
00018  ? kthread_unuse_mm+0x130/0x130
00018 CS:  0010 DS: 0000 ES: 0000 CR0: 0000000080050033
00018  ? ret_from_fork_asm+0x11/0x20
00018 CR2: 00007fc8cfe056f0 CR3: 00000001057e1000 CR4: 0000000000750eb0
00018  </TASK>
00018 PKRU: 55555554
00018 ---[ end trace 0000000000000000 ]---
00018 Call Trace:
00018 ------------[ cut here ]------------
00018  <TASK>
00018 WARNING: /home/ktest/git/linux/include/linux/fs.h:889 at osd_create+0x9cf/0xcf0 [osd_wbcfs], CPU#1: ll_ost00_004/1832
00018  ? ofd_precreate_objects+0x1bd8/0x3220 [ofd]
00018 Modules linked in: ofd(O)
00018  ? ofd_create_hdl+0x2015/0x3510 [ofd]
00018  osp(O)
00018  ? tgt_request_handle+0x23ad/0x3d30 [ptlrpc]
00018  mdd(O)
00018  ? ptlrpc_main+0x6359/0x96f0 [ptlrpc]
00018  lod(O)
00018  ? __kthread_parkme+0x73/0x130
00018  mdt(O)
00018  ? kthread+0x2cd/0x3a0
00018  lquota(O)
00018  ? ptlrpc_start_thread+0x1f10/0x1f10 [ptlrpc]
00018  lfsck(O)
00018  ? kthread_unuse_mm+0x130/0x130
00018  mgs(O)
00018  ? ret_from_fork+0x18c/0x520
00018  osd_wbcfs(O)
00018  ? kthread_unuse_mm+0x130/0x130
00018  lustre(O)
00018  ? ret_from_fork_asm+0x11/0x20
00018  obdecho(O)
00018  </TASK>
00018  mgc(O)
00018 ---[ end trace 0000000000000000 ]---
00018  mdc(O)
00018 ------------[ cut here ]------------
00018  lov(O)
00018 WARNING: /home/ktest/git/linux/include/linux/fs.h:889 at osd_create+0x9cf/0xcf0 [osd_wbcfs], CPU#0: ll_ost00_002/1784
00018  osc(O)
00018 Modules linked in:
00018  lmv(O)
00018  ofd(O)
00018  ec(O)
00018  osp(O)
00018  fid(O)
00018  mdd(O)
00018  fld(O)
00018  lod(O)
00018  ptlrpc(O) efivarfs
00018  mdt(O)
00018  obdclass(O)
00018  lquota(O)
00018  ksocklnd(O)
00018  lfsck(O)
00018  lnet(O)
00018  mgs(O)
00018  libcfs(O)
00018  osd_wbcfs(O)
00018 
00018  lustre(O)
00018 CPU: 1 UID: 0 PID: 1832 Comm: ll_ost00_004 Tainted: G        W  O        7.0.0-ktest-21af419-6330a45-20260729-dirty #1 PREEMPT 
00018  obdecho(O)
00018 Tainted: [W]=WARN, [O]=OOT_MODULE
00018  mgc(O)
00018 Hardware name: QEMU Standard PC (Q35 + ICH9, 2009), BIOS 2025.11-3ubuntu7 03/31/2026
00018  mdc(O)
00018 RIP: 0010:osd_create+0x9cf/0xcf0 [osd_wbcfs]
00018  lov(O)
00018 Code: c7 c7 00 96 7b a1 48 c7 c6 a0 12 7d a1 48 c7 c2 00 1c 7d a1 e8 52 f1 43 ff 48 c7 c7 00 96 7b a1 e8 46 81 44 ff e9 fe fc ff ff <0f> 0b e9 a5 fa ff ff 48 c7 c1 80 44 5d a0 80 e1 07 80 c1 03 38 c1
00018  osc(O)
00018 RSP: 0018:ffffc90007ebf878 EFLAGS: 00010246
00018  lmv(O)
00018 
00018  ec(O)
00018 RAX: 0000000000000000 RBX: ffff888136924800 RCX: 0000000000000046
00018  fid(O)
00018 RDX: 0000000000000000 RSI: ffff88802e139818 RDI: ffff88811b9209e8
00018  fld(O)
00018 RBP: ffff88802e139788 R08: ffffffff83a16803 R09: 1ffffffff0742d00
00018  ptlrpc(O)
00018 R10: dffffc0000000000 R11: fffffbfff0742d01 R12: ffff888104684030
00018  efivarfs
00018 R13: dffffc0000000000 R14: 1ffff11026d24900 R15: 1ffff110208d0842
00018  obdclass(O)
00018 FS:  0000000000000000(0000) GS:ffff8881d4aaa000(0000) knlGS:0000000000000000
00018  ksocklnd(O)
00018 CS:  0010 DS: 0000 ES: 0000 CR0: 0000000080050033
00018  lnet(O)
00018 CR2: 000055a86c1ba410 CR3: 000000011b6b5000 CR4: 0000000000750eb0
00018  libcfs(O)
00018 PKRU: 55555554
00018 
00018 Call Trace:
00018 CPU: 0 UID: 0 PID: 1784 Comm: ll_ost00_002 Tainted: G        W  O        7.0.0-ktest-21af419-6330a45-20260729-dirty #1 PREEMPT 
00018  <TASK>
00018 Tainted: [W]=WARN, [O]=OOT_MODULE
00018  ? ofd_precreate_objects+0x1bd8/0x3220 [ofd]
00018 Hardware name: QEMU Standard PC (Q35 + ICH9, 2009), BIOS 2025.11-3ubuntu7 03/31/2026
00018  ? ofd_create_hdl+0x2015/0x3510 [ofd]
00018  ? tgt_request_handle+0x23ad/0x3d30 [ptlrpc]
00018 RIP: 0010:osd_create+0x9cf/0xcf0 [osd_wbcfs]
00018  ? ptlrpc_main+0x6359/0x96f0 [ptlrpc]
00018 Code: c7 c7 00 96 7b a1 48 c7 c6 a0 12 7d a1 48 c7 c2 00 1c 7d a1 e8 52 f1 43 ff 48 c7 c7 00 96 7b a1 e8 46 81 44 ff e9 fe fc ff ff <0f> 0b e9 a5 fa ff ff 48 c7 c1 80 44 5d a0 80 e1 07 80 c1 03 38 c1
00018  ? __kthread_parkme+0x73/0x130
00018 RSP: 0018:ffffc90001417878 EFLAGS: 00010246
00018  ? kthread+0x2cd/0x3a0
00018 
00018  ? ptlrpc_start_thread+0x1f10/0x1f10 [ptlrpc]
00018 RAX: 0000000000000000 RBX: ffff888133acd000 RCX: 0000000000000046
00018  ? kthread_unuse_mm+0x130/0x130
00018 RDX: 0000000000000000 RSI: ffff88802e13df08 RDI: ffff88813342aaa8
00018  ? ret_from_fork+0x18c/0x520
00018 RBP: ffff88802e13de78 R08: ffffffff83a16803 R09: 1ffffffff0742d00
00018  ? kthread_unuse_mm+0x130/0x130
00018 R10: dffffc0000000000 R11: fffffbfff0742d01 R12: ffff888040800030
00018  ? ret_from_fork_asm+0x11/0x20
00018 R13: dffffc0000000000 R14: 1ffff11026759a00 R15: 1ffff11008100042
00018  </TASK>
00018 FS:  0000000000000000(0000) GS:ffff8881d4a2a000(0000) knlGS:0000000000000000
00018 ---[ end trace 0000000000000000 ]---
00018 CS:  0010 DS: 0000 ES: 0000 CR0: 0000000080050033
00018 ------------[ cut here ]------------
00018 CR2: 00007fc8cfe056f0 CR3: 00000001057e1000 CR4: 0000000000750eb0
00018 WARNING: /home/ktest/git/linux/include/linux/fs.h:889 at osd_create+0x9cf/0xcf0 [osd_wbcfs], CPU#1: ll_ost00_004/1832
00018 PKRU: 55555554
00018 Modules linked in:
00018 Call Trace:
00018  ofd(O)
00018  <TASK>
00018  osp(O)
00018  ? ofd_precreate_objects+0x1bd8/0x3220 [ofd]
00018  mdd(O)
00018  ? ofd_create_hdl+0x2015/0x3510 [ofd]
00018  lod(O)
00018  ? tgt_request_handle+0x23ad/0x3d30 [ptlrpc]
00018  mdt(O)
00018  ? ptlrpc_main+0x6359/0x96f0 [ptlrpc]
00018  lquota(O)
00018  ? __kthread_parkme+0x73/0x130
00018  lfsck(O) mgs(O)
00018  ? kthread+0x2cd/0x3a0
00018  osd_wbcfs(O)
00018  ? ptlrpc_start_thread+0x1f10/0x1f10 [ptlrpc]
00018  lustre(O)
00018  ? kthread_unuse_mm+0x130/0x130
00018  obdecho(O)
00018  ? ret_from_fork+0x18c/0x520
00018  mgc(O)
00018  ? kthread_unuse_mm+0x130/0x130
00018  mdc(O)
00018  ? ret_from_fork_asm+0x11/0x20
00018  lov(O)
00018  </TASK>
00018  osc(O)
00018 ---[ end trace 0000000000000000 ]---
00018  lmv(O)
00018 ------------[ cut here ]------------
00018  ec(O)
00018 WARNING: /home/ktest/git/linux/include/linux/fs.h:889 at osd_create+0x9cf/0xcf0 [osd_wbcfs], CPU#0: ll_ost00_002/1784
00018  fid(O)
00018 Modules linked in:
00018  fld(O)
00018  ofd(O)
00018  ptlrpc(O)
00018  osp(O)
00018  efivarfs
00018  mdd(O)
00018  obdclass(O)
00018  lod(O)
00018  ksocklnd(O)
00018  mdt(O)
00018  lnet(O)
00018  lquota(O)
00018  libcfs(O)
00018  lfsck(O)
00018 
00018  mgs(O)
00018 CPU: 1 UID: 0 PID: 1832 Comm: ll_ost00_004 Tainted: G        W  O        7.0.0-ktest-21af419-6330a45-20260729-dirty #1 PREEMPT 
00018  osd_wbcfs(O)
00018 Tainted: [W]=WARN, [O]=OOT_MODULE
00018  lustre(O)
00018 Hardware name: QEMU Standard PC (Q35 + ICH9, 2009), BIOS 2025.11-3ubuntu7 03/31/2026
00018  obdecho(O)
00018 RIP: 0010:osd_create+0x9cf/0xcf0 [osd_wbcfs]
00018  mgc(O)
00018 Code: c7 c7 00 96 7b a1 48 c7 c6 a0 12 7d a1 48 c7 c2 00 1c 7d a1 e8 52 f1 43 ff 48 c7 c7 00 96 7b a1 e8 46 81 44 ff e9 fe fc ff ff <0f> 0b e9 a5 fa ff ff 48 c7 c1 80 44 5d a0 80 e1 07 80 c1 03 38 c1
00018  mdc(O)
00018 RSP: 0018:ffffc90007ebf878 EFLAGS: 00010246
00018  lov(O) osc(O)
00018 
00018  lmv(O)
00018 RAX: 0000000000000000 RBX: ffff888136924c00 RCX: 0000000000000046
00018  ec(O)
00018 RDX: 0000000000000000 RSI: ffff88802e139100 RDI: ffff88811b9209e8
00018  fid(O)
00018 RBP: ffff88802e139070 R08: ffffffff83a16803 R09: 1ffffffff0742d00
00018  fld(O)
00018 R10: dffffc0000000000 R11: fffffbfff0742d01 R12: ffff888104684030
00018  ptlrpc(O)
00018 R13: dffffc0000000000 R14: 1ffff11026d24980 R15: 1ffff110208d0842
00018 FS:  0000000000000000(0000) GS:ffff8881d4aaa000(0000) knlGS:0000000000000000
00018 CS:  0010 DS: 0000 ES: 0000 CR0: 0000000080050033
00018 CR2: 000055a86c1ba410 CR3: 000000011b6b5000 CR4: 0000000000750eb0
00018 PKRU: 55555554
00018 Call Trace:
00018  <TASK>
00018  ? ofd_precreate_objects+0x1bd8/0x3220 [ofd]
00018  ? ofd_create_hdl+0x2015/0x3510 [ofd]
00018  efivarfs
00018  ? tgt_request_handle+0x23ad/0x3d30 [ptlrpc]
00018  obdclass(O)
00018  ? ptlrpc_main+0x6359/0x96f0 [ptlrpc]
00018  ksocklnd(O)
00018  ? __kthread_parkme+0x73/0x130
00018  lnet(O)
00018  ? kthread+0x2cd/0x3a0
00018  libcfs(O)
00018  ? ptlrpc_start_thread+0x1f10/0x1f10 [ptlrpc]
00018 
00018  ? kthread_unuse_mm+0x130/0x130
00018 CPU: 0 UID: 0 PID: 1784 Comm: ll_ost00_002 Tainted: G        W  O        7.0.0-ktest-21af419-6330a45-20260729-dirty #1 PREEMPT 
00018  ? ret_from_fork+0x18c/0x520
00018 Tainted: [W]=WARN, [O]=OOT_MODULE
00018  ? kthread_unuse_mm+0x130/0x130
00018 Hardware name: QEMU Standard PC (Q35 + ICH9, 2009), BIOS 2025.11-3ubuntu7 03/31/2026
00018  ? ret_from_fork_asm+0x11/0x20
00018 RIP: 0010:osd_create+0x9cf/0xcf0 [osd_wbcfs]
00018  </TASK>
00018 Code: c7 c7 00 96 7b a1 48 c7 c6 a0 12 7d a1 48 c7 c2 00 1c 7d a1 e8 52 f1 43 ff 48 c7 c7 00 96 7b a1 e8 46 81 44 ff e9 fe fc ff ff <0f> 0b e9 a5 fa ff ff 48 c7 c1 80 44 5d a0 80 e1 07 80 c1 03 38 c1
00018 ---[ end trace 0000000000000000 ]---
00018 RSP: 0018:ffffc90001417878 EFLAGS: 00010246
00018 ------------[ cut here ]------------
00018 
00018 WARNING: /home/ktest/git/linux/include/linux/fs.h:889 at osd_create+0x9cf/0xcf0 [osd_wbcfs], CPU#1: ll_ost00_004/1832
00018 RAX: 0000000000000000 RBX: ffff888133accc00 RCX: 0000000000000046
00018 Modules linked in:
00018 RDX: 0000000000000000 RSI: ffff88802e13d7f0 RDI: ffff88813342aaa8
00018  ofd(O)
00018 RBP: ffff88802e13d760 R08: ffffffff83a16803 R09: 1ffffffff0742d00
00018  osp(O) mdd(O)
00018 R10: dffffc0000000000 R11: fffffbfff0742d01 R12: ffff888040800030
00018  lod(O)
00018 R13: dffffc0000000000 R14: 1ffff11026759980 R15: 1ffff11008100042
00018  mdt(O)
00018 FS:  0000000000000000(0000) GS:ffff8881d4a2a000(0000) knlGS:0000000000000000
00018  lquota(O)
00018 CS:  0010 DS: 0000 ES: 0000 CR0: 0000000080050033
00018  lfsck(O)
00018 CR2: 00007fc8cfe056f0 CR3: 00000001057e1000 CR4: 0000000000750eb0
00018  mgs(O)
00018 PKRU: 55555554
00018  osd_wbcfs(O)
00018 Call Trace:
00018  lustre(O)
00018  <TASK>
00018  obdecho(O)
00018  ? ofd_precreate_objects+0x1bd8/0x3220 [ofd]
00018  mgc(O)
00018  ? ofd_create_hdl+0x2015/0x3510 [ofd]
00018  mdc(O)
00018  ? tgt_request_handle+0x23ad/0x3d30 [ptlrpc]
00018  lov(O)
00018  ? ptlrpc_main+0x6359/0x96f0 [ptlrpc]
00018  osc(O)
00018  ? __kthread_parkme+0x73/0x130
00018  lmv(O)
00018  ? kthread+0x2cd/0x3a0
00018  ec(O)
00018  ? ptlrpc_start_thread+0x1f10/0x1f10 [ptlrpc]
00018  fid(O)
00018  ? kthread_unuse_mm+0x130/0x130
00018  fld(O)
00018  ? ret_from_fork+0x18c/0x520
00018  ptlrpc(O)
00018  ? kthread_unuse_mm+0x130/0x130
00018  efivarfs
00018  ? ret_from_fork_asm+0x11/0x20
00018  obdclass(O)
00018  </TASK>
00018  ksocklnd(O)
00018 ---[ end trace 0000000000000000 ]---
00018  lnet(O)
00018 ------------[ cut here ]------------
00018  libcfs(O)
00018 WARNING: /home/ktest/git/linux/include/linux/fs.h:889 at osd_create+0x9cf/0xcf0 [osd_wbcfs], CPU#0: ll_ost00_002/1784
00018 
00018 Modules linked in:
00018 CPU: 1 UID: 0 PID: 1832 Comm: ll_ost00_004 Tainted: G        W  O        7.0.0-ktest-21af419-6330a45-20260729-dirty #1 PREEMPT 
00018  ofd(O)
00018 Tainted: [W]=WARN, [O]=OOT_MODULE
00018  osp(O)
00018 Hardware name: QEMU Standard PC (Q35 + ICH9, 2009), BIOS 2025.11-3ubuntu7 03/31/2026
00018  mdd(O)
00018 RIP: 0010:osd_create+0x9cf/0xcf0 [osd_wbcfs]
00018  lod(O)
00018 Code: c7 c7 00 96 7b a1 48 c7 c6 a0 12 7d a1 48 c7 c2 00 1c 7d a1 e8 52 f1 43 ff 48 c7 c7 00 96 7b a1 e8 46 81 44 ff e9 fe fc ff ff <0f> 0b e9 a5 fa ff ff 48 c7 c1 80 44 5d a0 80 e1 07 80 c1 03 38 c1
00018  mdt(O)
00018 RSP: 0018:ffffc90007ebf878 EFLAGS: 00010246
00018  lquota(O)
00018 
00018  lfsck(O)
00018 RAX: 0000000000000000 RBX: ffff888136924000 RCX: 0000000000000046
00018  mgs(O)
00018 RDX: 0000000000000000 RSI: ffff88802e1389e8 RDI: ffff88811b9209e8
00018  osd_wbcfs(O)
00018 RBP: ffff88802e138958 R08: ffffffff83a16803 R09: 1ffffffff0742d00
00018  lustre(O)
00018 R10: dffffc0000000000 R11: fffffbfff0742d01 R12: ffff888104684030
00018  obdecho(O)
00018 R13: dffffc0000000000 R14: 1ffff11026d24800 R15: 1ffff110208d0842
00018  mgc(O)
00018 FS:  0000000000000000(0000) GS:ffff8881d4aaa000(0000) knlGS:0000000000000000
00018  mdc(O)
00018 CS:  0010 DS: 0000 ES: 0000 CR0: 0000000080050033
00018  lov(O)
00018 CR2: 000055a86c1ba410 CR3: 000000011b6b5000 CR4: 0000000000750eb0
00018  osc(O)
00018 PKRU: 55555554
00018  lmv(O)
00018 Call Trace:
00018  ec(O)
00018  <TASK>
00018  fid(O)
00018  ? ofd_precreate_objects+0x1bd8/0x3220 [ofd]
00018  fld(O)
00018  ? ofd_create_hdl+0x2015/0x3510 [ofd]
00018  ptlrpc(O)
00018  ? tgt_request_handle+0x23ad/0x3d30 [ptlrpc]
00018  efivarfs
00018  ? ptlrpc_main+0x6359/0x96f0 [ptlrpc]
00018  obdclass(O)
00018  ? __kthread_parkme+0x73/0x130
00018  ksocklnd(O)
00018  ? kthread+0x2cd/0x3a0
00018  lnet(O)
00018  ? ptlrpc_start_thread+0x1f10/0x1f10 [ptlrpc]
00018  libcfs(O)
00018  ? kthread_unuse_mm+0x130/0x130
00018 
00018  ? ret_from_fork+0x18c/0x520
00018 CPU: 0 UID: 0 PID: 1784 Comm: ll_ost00_002 Tainted: G        W  O        7.0.0-ktest-21af419-6330a45-20260729-dirty #1 PREEMPT 
00018  ? kthread_unuse_mm+0x130/0x130
00018 Tainted: [W]=WARN, [O]=OOT_MODULE
00018  ? ret_from_fork_asm+0x11/0x20
00018 Hardware name: QEMU Standard PC (Q35 + ICH9, 2009), BIOS 2025.11-3ubuntu7 03/31/2026
00018  </TASK>
00018 RIP: 0010:osd_create+0x9cf/0xcf0 [osd_wbcfs]
00018 ---[ end trace 0000000000000000 ]---
00018 Code: c7 c7 00 96 7b a1 48 c7 c6 a0 12 7d a1 48 c7 c2 00 1c 7d a1 e8 52 f1 43 ff 48 c7 c7 00 96 7b a1 e8 46 81 44 ff e9 fe fc ff ff <0f> 0b e9 a5 fa ff ff 48 c7 c1 80 44 5d a0 80 e1 07 80 c1 03 38 c1
00018 RSP: 0018:ffffc90001417878 EFLAGS: 00010246
00018 RAX: 0000000000000000 RBX: ffff888133acc800 RCX: 0000000000000046
00018 RDX: 0000000000000000 RSI: ffff88802af7fb68 RDI: ffff88813342aaa8
00018 RBP: ffff88802af7fad8 R08: ffffffff83a16803 R09: 1ffffffff0742d00
00018 R10: dffffc0000000000 R11: fffffbfff0742d01 R12: ffff888040800030
00018 R13: dffffc0000000000 R14: 1ffff11026759900 R15: 1ffff11008100042
00018 FS:  0000000000000000(0000) GS:ffff8881d4a2a000(0000) knlGS:0000000000000000
00018 CS:  0010 DS: 0000 ES: 0000 CR0: 0000000080050033
00018 CR2: 00007fc8cfe056f0 CR3: 00000001057e1000 CR4: 0000000000750eb0
00018 PKRU: 55555554
00018 Call Trace:
00018  <TASK>
00018  ? ofd_precreate_objects+0x1bd8/0x3220 [ofd]
00018  ? ofd_create_hdl+0x2015/0x3510 [ofd]
00018  ? tgt_request_handle+0x23ad/0x3d30 [ptlrpc]
00018  ? ptlrpc_main+0x6359/0x96f0 [ptlrpc]
00018  ? __kthread_parkme+0x73/0x130
00018  ? kthread+0x2cd/0x3a0
00018  ? ptlrpc_start_thread+0x1f10/0x1f10 [ptlrpc]
00018  ? kthread_unuse_mm+0x130/0x130
00018  ? ret_from_fork+0x18c/0x520
00018  ? kthread_unuse_mm+0x130/0x130
00018  ? ret_from_fork_asm+0x11/0x20
00018  </TASK>
00018 ---[ end trace 0000000000000000 ]---
00018 ------------[ cut here ]------------
00018 WARNING: /home/ktest/git/linux/include/linux/fs.h:889 at osd_create+0x9cf/0xcf0 [osd_wbcfs], CPU#0: ll_ost00_002/1784
00018 Modules linked in: ofd(O) osp(O) mdd(O) lod(O) mdt(O) lquota(O) lfsck(O) mgs(O) osd_wbcfs(O) lustre(O) obdecho(O) mgc(O) mdc(O) lov(O) osc(O) lmv(O) ec(O) fid(O) fld(O) ptlrpc(O) efivarfs obdclass(O) ksocklnd(O) lnet(O) libcfs(O)
00018 CPU: 0 UID: 0 PID: 1784 Comm: ll_ost00_002 Tainted: G        W  O        7.0.0-ktest-21af419-6330a45-20260729-dirty #1 PREEMPT 
00018 Tainted: [W]=WARN, [O]=OOT_MODULE
00018 Hardware name: QEMU Standard PC (Q35 + ICH9, 2009), BIOS 2025.11-3ubuntu7 03/31/2026
00018 RIP: 0010:osd_create+0x9cf/0xcf0 [osd_wbcfs]
00018 Code: c7 c7 00 96 7b a1 48 c7 c6 a0 12 7d a1 48 c7 c2 00 1c 7d a1 e8 52 f1 43 ff 48 c7 c7 00 96 7b a1 e8 46 81 44 ff e9 fe fc ff ff <0f> 0b e9 a5 fa ff ff 48 c7 c1 80 44 5d a0 80 e1 07 80 c1 03 38 c1
00018 RSP: 0018:ffffc90001417878 EFLAGS: 00010246
00018 RAX: 0000000000000000 RBX: ffff888133ae8000 RCX: 0000000000000046
00018 RDX: 0000000000000000 RSI: ffff88802af7f450 RDI: ffff88813342aaa8
00018 RBP: ffff88802af7f3c0 R08: ffffffff83a16803 R09: 1ffffffff0742d00
00018 R10: dffffc0000000000 R11: fffffbfff0742d01 R12: ffff888040800030
00018 R13: dffffc0000000000 R14: 1ffff1102675d000 R15: 1ffff11008100042
00018 FS:  0000000000000000(0000) GS:ffff8881d4a2a000(0000) knlGS:0000000000000000
00018 CS:  0010 DS: 0000 ES: 0000 CR0: 0000000080050033
00018 CR2: 00007fc8cfe056f0 CR3: 00000001057e1000 CR4: 0000000000750eb0
00018 PKRU: 55555554
00018 Call Trace:
00018  <TASK>
00018  ? ofd_precreate_objects+0x1bd8/0x3220 [ofd]
00018  ? ofd_create_hdl+0x2015/0x3510 [ofd]
00018  ? tgt_request_handle+0x23ad/0x3d30 [ptlrpc]
00018  ? ptlrpc_main+0x6359/0x96f0 [ptlrpc]
00018  ? __kthread_parkme+0x73/0x130
00018  ? kthread+0x2cd/0x3a0
00018  ? ptlrpc_start_thread+0x1f10/0x1f10 [ptlrpc]
00018  ? kthread_unuse_mm+0x130/0x130
00018  ? ret_from_fork+0x18c/0x520
00018  ? kthread_unuse_mm+0x130/0x130
00018  ? ret_from_fork_asm+0x11/0x20
00018  </TASK>
00018 ---[ end trace 0000000000000000 ]---
00018 ------------[ cut here ]------------
00018 WARNING: /home/ktest/git/linux/include/linux/fs.h:889 at osd_create+0x9cf/0xcf0 [osd_wbcfs], CPU#0: ll_ost00_002/1784
00018 Modules linked in: ofd(O) osp(O) mdd(O) lod(O) mdt(O) lquota(O) lfsck(O) mgs(O) osd_wbcfs(O) lustre(O) obdecho(O) mgc(O) mdc(O) lov(O) osc(O) lmv(O) ec(O) fid(O) fld(O) ptlrpc(O) efivarfs obdclass(O) ksocklnd(O) lnet(O) libcfs(O)
00018 CPU: 0 UID: 0 PID: 1784 Comm: ll_ost00_002 Tainted: G        W  O        7.0.0-ktest-21af419-6330a45-20260729-dirty #1 PREEMPT 
00018 Tainted: [W]=WARN, [O]=OOT_MODULE
00018 Hardware name: QEMU Standard PC (Q35 + ICH9, 2009), BIOS 2025.11-3ubuntu7 03/31/2026
00018 RIP: 0010:osd_create+0x9cf/0xcf0 [osd_wbcfs]
00018 Code: c7 c7 00 96 7b a1 48 c7 c6 a0 12 7d a1 48 c7 c2 00 1c 7d a1 e8 52 f1 43 ff 48 c7 c7 00 96 7b a1 e8 46 81 44 ff e9 fe fc ff ff <0f> 0b e9 a5 fa ff ff 48 c7 c1 80 44 5d a0 80 e1 07 80 c1 03 38 c1
00018 RSP: 0018:ffffc90001417878 EFLAGS: 00010246
00018 RAX: 0000000000000000 RBX: ffff888133b21000 RCX: 0000000000000046
00018 RDX: 0000000000000000 RSI: ffff88802af7ed38 RDI: ffff88813342aaa8
00018 RBP: ffff88802af7eca8 R08: ffffffff83a16803 R09: 1ffffffff0742d00
00018 R10: dffffc0000000000 R11: fffffbfff0742d01 R12: ffff888040800030
00018 R13: dffffc0000000000 R14: 1ffff11026764200 R15: 1ffff11008100042
00018 FS:  0000000000000000(0000) GS:ffff8881d4a2a000(0000) knlGS:0000000000000000
00018 CS:  0010 DS: 0000 ES: 0000 CR0: 0000000080050033
00018 CR2: 00007fc8cfe056f0 CR3: 00000001057e1000 CR4: 0000000000750eb0
00018 PKRU: 55555554
00018 Call Trace:
00018  <TASK>
00018  ? ofd_precreate_objects+0x1bd8/0x3220 [ofd]
00018  ? ofd_create_hdl+0x2015/0x3510 [ofd]
00018  ? tgt_request_handle+0x23ad/0x3d30 [ptlrpc]
00018  ? ptlrpc_main+0x6359/0x96f0 [ptlrpc]
00018  ? __kthread_parkme+0x73/0x130
00018  ? kthread+0x2cd/0x3a0
00018  ? ptlrpc_start_thread+0x1f10/0x1f10 [ptlrpc]
00018  ? kthread_unuse_mm+0x130/0x130
00018  ? ret_from_fork+0x18c/0x520
00018  ? kthread_unuse_mm+0x130/0x130
00018  ? ret_from_fork_asm+0x11/0x20
00018  </TASK>
00018 ---[ end trace 0000000000000000 ]---
00018 ------------[ cut here ]------------
00018 WARNING: /home/ktest/git/linux/include/linux/fs.h:889 at osd_create+0x9cf/0xcf0 [osd_wbcfs], CPU#0: ll_ost00_002/1784
00018 Modules linked in: ofd(O) osp(O) mdd(O) lod(O) mdt(O) lquota(O) lfsck(O) mgs(O) osd_wbcfs(O) lustre(O) obdecho(O) mgc(O) mdc(O) lov(O) osc(O) lmv(O) ec(O) fid(O) fld(O) ptlrpc(O) efivarfs obdclass(O) ksocklnd(O) lnet(O) libcfs(O)
00018 CPU: 0 UID: 0 PID: 1784 Comm: ll_ost00_002 Tainted: G        W  O        7.0.0-ktest-21af419-6330a45-20260729-dirty #1 PREEMPT 
00018 Tainted: [W]=WARN, [O]=OOT_MODULE
00018 Hardware name: QEMU Standard PC (Q35 + ICH9, 2009), BIOS 2025.11-3ubuntu7 03/31/2026
00018 RIP: 0010:osd_create+0x9cf/0xcf0 [osd_wbcfs]
00018 Code: c7 c7 00 96 7b a1 48 c7 c6 a0 12 7d a1 48 c7 c2 00 1c 7d a1 e8 52 f1 43 ff 48 c7 c7 00 96 7b a1 e8 46 81 44 ff e9 fe fc ff ff <0f> 0b e9 a5 fa ff ff 48 c7 c1 80 44 5d a0 80 e1 07 80 c1 03 38 c1
00018 RSP: 0018:ffffc90001417878 EFLAGS: 00010246
00018 RAX: 0000000000000000 RBX: ffff888133b54000 RCX: 0000000000000046
00018 RDX: 0000000000000000 RSI: ffff88802af7e620 RDI: ffff88813342aaa8
00018 RBP: ffff88802af7e590 R08: ffffffff83a16803 R09: 1ffffffff0742d00
00018 R10: dffffc0000000000 R11: fffffbfff0742d01 R12: ffff888040800030
00018 R13: dffffc0000000000 R14: 1ffff1102676a800 R15: 1ffff11008100042
00018 FS:  0000000000000000(0000) GS:ffff8881d4a2a000(0000) knlGS:0000000000000000
00018 CS:  0010 DS: 0000 ES: 0000 CR0: 0000000080050033
00018 CR2: 00007fc8cfe056f0 CR3: 00000001057e1000 CR4: 0000000000750eb0
00018 PKRU: 55555554
00018 Call Trace:
00018  <TASK>
00018  ? ofd_precreate_objects+0x1bd8/0x3220 [ofd]
00018  ? ofd_create_hdl+0x2015/0x3510 [ofd]
00018  ? tgt_request_handle+0x23ad/0x3d30 [ptlrpc]
00018  ? ptlrpc_main+0x6359/0x96f0 [ptlrpc]
00018  ? __kthread_parkme+0x73/0x130
00018  ? kthread+0x2cd/0x3a0
00018  ? ptlrpc_start_thread+0x1f10/0x1f10 [ptlrpc]
00018  ? kthread_unuse_mm+0x130/0x130
00018  ? ret_from_fork+0x18c/0x520
00018  ? kthread_unuse_mm+0x130/0x130
00018  ? ret_from_fork_asm+0x11/0x20
00018  </TASK>
00018 ---[ end trace 0000000000000000 ]---
00018 ------------[ cut here ]------------
00018 WARNING: /home/ktest/git/linux/include/linux/fs.h:889 at osd_create+0x9cf/0xcf0 [osd_wbcfs], CPU#0: ll_ost00_002/1784
00018 Modules linked in: ofd(O) osp(O) mdd(O) lod(O) mdt(O) lquota(O) lfsck(O) mgs(O) osd_wbcfs(O) lustre(O) obdecho(O) mgc(O) mdc(O) lov(O) osc(O) lmv(O) ec(O) fid(O) fld(O) ptlrpc(O) efivarfs obdclass(O) ksocklnd(O) lnet(O) libcfs(O)
00018 CPU: 0 UID: 0 PID: 1784 Comm: ll_ost00_002 Tainted: G        W  O        7.0.0-ktest-21af419-6330a45-20260729-dirty #1 PREEMPT 
00018 Tainted: [W]=WARN, [O]=OOT_MODULE
00018 Hardware name: QEMU Standard PC (Q35 + ICH9, 2009), BIOS 2025.11-3ubuntu7 03/31/2026
00018 RIP: 0010:osd_create+0x9cf/0xcf0 [osd_wbcfs]
00018 Code: c7 c7 00 96 7b a1 48 c7 c6 a0 12 7d a1 48 c7 c2 00 1c 7d a1 e8 52 f1 43 ff 48 c7 c7 00 96 7b a1 e8 46 81 44 ff e9 fe fc ff ff <0f> 0b e9 a5 fa ff ff 48 c7 c1 80 44 5d a0 80 e1 07 80 c1 03 38 c1
00018 RSP: 0018:ffffc90001417878 EFLAGS: 00010246
00018 RAX: 0000000000000000 RBX: ffff888133bc5000 RCX: 0000000000000046
00018 RDX: 0000000000000000 RSI: ffff88802af7df08 RDI: ffff88813342aaa8
00018 RBP: ffff88802af7de78 R08: ffffffff83a16803 R09: 1ffffffff0742d00
00018 R10: dffffc0000000000 R11: fffffbfff0742d01 R12: ffff888040800030
00018 R13: dffffc0000000000 R14: 1ffff11026778a00 R15: 1ffff11008100042
00018 FS:  0000000000000000(0000) GS:ffff8881d4a2a000(0000) knlGS:0000000000000000
00018 CS:  0010 DS: 0000 ES: 0000 CR0: 0000000080050033
00018 CR2: 00007fc8cfe056f0 CR3: 00000001057e1000 CR4: 0000000000750eb0
00018 PKRU: 55555554
00018 Call Trace:
00018  <TASK>
00018  ? ofd_precreate_objects+0x1bd8/0x3220 [ofd]
00018  ? ofd_create_hdl+0x2015/0x3510 [ofd]
00018  ? tgt_request_handle+0x23ad/0x3d30 [ptlrpc]
00018  ? ptlrpc_main+0x6359/0x96f0 [ptlrpc]
00018  ? __kthread_parkme+0x73/0x130
00018  ? kthread+0x2cd/0x3a0
00018  ? ptlrpc_start_thread+0x1f10/0x1f10 [ptlrpc]
00018  ? kthread_unuse_mm+0x130/0x130
00018  ? ret_from_fork+0x18c/0x520
00018  ? kthread_unuse_mm+0x130/0x130
00018  ? ret_from_fork_asm+0x11/0x20
00018  </TASK>
00018 ---[ end trace 0000000000000000 ]---
00018 ------------[ cut here ]------------
00018 WARNING: /home/ktest/git/linux/include/linux/fs.h:889 at osd_create+0x9cf/0xcf0 [osd_wbcfs], CPU#0: ll_ost00_002/1784
00018 Modules linked in: ofd(O) osp(O) mdd(O) lod(O) mdt(O) lquota(O) lfsck(O) mgs(O) osd_wbcfs(O) lustre(O) obdecho(O) mgc(O) mdc(O) lov(O) osc(O) lmv(O) ec(O) fid(O) fld(O) ptlrpc(O) efivarfs obdclass(O) ksocklnd(O) lnet(O) libcfs(O)
00018 CPU: 0 UID: 0 PID: 1784 Comm: ll_ost00_002 Tainted: G        W  O        7.0.0-ktest-21af419-6330a45-20260729-dirty #1 PREEMPT 
00018 Tainted: [W]=WARN, [O]=OOT_MODULE
00018 Hardware name: QEMU Standard PC (Q35 + ICH9, 2009), BIOS 2025.11-3ubuntu7 03/31/2026
00018 RIP: 0010:osd_create+0x9cf/0xcf0 [osd_wbcfs]
00018 Code: c7 c7 00 96 7b a1 48 c7 c6 a0 12 7d a1 48 c7 c2 00 1c 7d a1 e8 52 f1 43 ff 48 c7 c7 00 96 7b a1 e8 46 81 44 ff e9 fe fc ff ff <0f> 0b e9 a5 fa ff ff 48 c7 c1 80 44 5d a0 80 e1 07 80 c1 03 38 c1
00018 RSP: 0018:ffffc90001417878 EFLAGS: 00010246
00018 RAX: 0000000000000000 RBX: ffff888133bc4c00 RCX: 0000000000000046
00018 RDX: 0000000000000000 RSI: ffff88802af7d7f0 RDI: ffff88813342aaa8
00018 RBP: ffff88802af7d760 R08: ffffffff83a16803 R09: 1ffffffff0742d00
00018 R10: dffffc0000000000 R11: fffffbfff0742d01 R12: ffff888040800030
00018 R13: dffffc0000000000 R14: 1ffff11026778980 R15: 1ffff11008100042
00018 FS:  0000000000000000(0000) GS:ffff8881d4a2a000(0000) knlGS:0000000000000000
00018 CS:  0010 DS: 0000 ES: 0000 CR0: 0000000080050033
00018 CR2: 00007fc8cfe056f0 CR3: 00000001057e1000 CR4: 0000000000750eb0
00018 PKRU: 55555554
00018 Call Trace:
00018  <TASK>
00018  ? ofd_precreate_objects+0x1bd8/0x3220 [ofd]
00018  ? ofd_create_hdl+0x2015/0x3510 [ofd]
00018  ? tgt_request_handle+0x23ad/0x3d30 [ptlrpc]
00018  ? ptlrpc_main+0x6359/0x96f0 [ptlrpc]
00018  ? __kthread_parkme+0x73/0x130
00018  ? kthread+0x2cd/0x3a0
00018  ? ptlrpc_start_thread+0x1f10/0x1f10 [ptlrpc]
00018  ? kthread_unuse_mm+0x130/0x130
00018  ? ret_from_fork+0x18c/0x520
00018  ? kthread_unuse_mm+0x130/0x130
00018  ? ret_from_fork_asm+0x11/0x20
00018  </TASK>
00018 ---[ end trace 0000000000000000 ]---
00018 ------------[ cut here ]------------
00018 WARNING: /home/ktest/git/linux/include/linux/fs.h:889 at osd_create+0x9cf/0xcf0 [osd_wbcfs], CPU#0: ll_ost00_002/1784
00018 Modules linked in: ofd(O) osp(O) mdd(O) lod(O) mdt(O) lquota(O) lfsck(O) mgs(O) osd_wbcfs(O) lustre(O) obdecho(O) mgc(O) mdc(O) lov(O) osc(O) lmv(O) ec(O) fid(O) fld(O) ptlrpc(O) efivarfs obdclass(O) ksocklnd(O) lnet(O) libcfs(O)
00018 CPU: 0 UID: 0 PID: 1784 Comm: ll_ost00_002 Tainted: G        W  O        7.0.0-ktest-21af419-6330a45-20260729-dirty #1 PREEMPT 
00018 Tainted: [W]=WARN, [O]=OOT_MODULE
00018 Hardware name: QEMU Standard PC (Q35 + ICH9, 2009), BIOS 2025.11-3ubuntu7 03/31/2026
00018 RIP: 0010:osd_create+0x9cf/0xcf0 [osd_wbcfs]
00018 Code: c7 c7 00 96 7b a1 48 c7 c6 a0 12 7d a1 48 c7 c2 00 1c 7d a1 e8 52 f1 43 ff 48 c7 c7 00 96 7b a1 e8 46 81 44 ff e9 fe fc ff ff <0f> 0b e9 a5 fa ff ff 48 c7 c1 80 44 5d a0 80 e1 07 80 c1 03 38 c1
00018 RSP: 0018:ffffc90001417878 EFLAGS: 00010246
00018 RAX: 0000000000000000 RBX: ffff888133bc4800 RCX: 0000000000000046
00018 RDX: 0000000000000000 RSI: ffff88802af7d0d8 RDI: ffff88813342aaa8
00018 RBP: ffff88802af7d048 R08: ffffffff83a16803 R09: 1ffffffff0742d00
00018 R10: dffffc0000000000 R11: fffffbfff0742d01 R12: ffff888040800030
00018 R13: dffffc0000000000 R14: 1ffff11026778900 R15: 1ffff11008100042
00018 FS:  0000000000000000(0000) GS:ffff8881d4a2a000(0000) knlGS:0000000000000000
00018 CS:  0010 DS: 0000 ES: 0000 CR0: 0000000080050033
00018 CR2: 00007fc8cfe056f0 CR3: 00000001057e1000 CR4: 0000000000750eb0
00018 PKRU: 55555554
00018 Call Trace:
00018  <TASK>
00018  ? ofd_precreate_objects+0x1bd8/0x3220 [ofd]
00018  ? ofd_create_hdl+0x2015/0x3510 [ofd]
00018  ? tgt_request_handle+0x23ad/0x3d30 [ptlrpc]
00018  ? ptlrpc_main+0x6359/0x96f0 [ptlrpc]
00018  ? __kthread_parkme+0x73/0x130
00018  ? kthread+0x2cd/0x3a0
00018  ? ptlrpc_start_thread+0x1f10/0x1f10 [ptlrpc]
00018  ? kthread_unuse_mm+0x130/0x130
00018  ? ret_from_fork+0x18c/0x520
00018  ? kthread_unuse_mm+0x130/0x130
00018  ? ret_from_fork_asm+0x11/0x20
00018  </TASK>
00018 ---[ end trace 0000000000000000 ]---
00018 ------------[ cut here ]------------
00018 WARNING: /home/ktest/git/linux/include/linux/fs.h:889 at osd_create+0x9cf/0xcf0 [osd_wbcfs], CPU#0: ll_ost00_002/1784
00018 Modules linked in: ofd(O) osp(O) mdd(O) lod(O) mdt(O) lquota(O) lfsck(O) mgs(O) osd_wbcfs(O) lustre(O) obdecho(O) mgc(O) mdc(O) lov(O) osc(O) lmv(O) ec(O) fid(O) fld(O) ptlrpc(O) efivarfs obdclass(O) ksocklnd(O) lnet(O) libcfs(O)
00018 CPU: 0 UID: 0 PID: 1784 Comm: ll_ost00_002 Tainted: G        W  O        7.0.0-ktest-21af419-6330a45-20260729-dirty #1 PREEMPT 
00018 Tainted: [W]=WARN, [O]=OOT_MODULE
00018 Hardware name: QEMU Standard PC (Q35 + ICH9, 2009), BIOS 2025.11-3ubuntu7 03/31/2026
00018 RIP: 0010:osd_create+0x9cf/0xcf0 [osd_wbcfs]
00018 Code: c7 c7 00 96 7b a1 48 c7 c6 a0 12 7d a1 48 c7 c2 00 1c 7d a1 e8 52 f1 43 ff 48 c7 c7 00 96 7b a1 e8 46 81 44 ff e9 fe fc ff ff <0f> 0b e9 a5 fa ff ff 48 c7 c1 80 44 5d a0 80 e1 07 80 c1 03 38 c1
00018 RSP: 0018:ffffc90001417878 EFLAGS: 00010246
00018 RAX: 0000000000000000 RBX: ffff888133bdd000 RCX: 0000000000000046
00018 RDX: 0000000000000000 RSI: ffff88802af7c9c0 RDI: ffff88813342aaa8
00018 RBP: ffff88802af7c930 R08: ffffffff83a16803 R09: 1ffffffff0742d00
00018 R10: dffffc0000000000 R11: fffffbfff0742d01 R12: ffff888040800030
00018 R13: dffffc0000000000 R14: 1ffff1102677ba00 R15: 1ffff11008100042
00018 FS:  0000000000000000(0000) GS:ffff8881d4a2a000(0000) knlGS:0000000000000000
00018 CS:  0010 DS: 0000 ES: 0000 CR0: 0000000080050033
00018 CR2: 00007fc8cfe056f0 CR3: 00000001057e1000 CR4: 0000000000750eb0
00018 PKRU: 55555554
00018 Call Trace:
00018  <TASK>
00018  ? ofd_precreate_objects+0x1bd8/0x3220 [ofd]
00018  ? ofd_create_hdl+0x2015/0x3510 [ofd]
00018  ? tgt_request_handle+0x23ad/0x3d30 [ptlrpc]
00018  ? ptlrpc_main+0x6359/0x96f0 [ptlrpc]
00018  ? __kthread_parkme+0x73/0x130
00018  ? kthread+0x2cd/0x3a0
00018  ? ptlrpc_start_thread+0x1f10/0x1f10 [ptlrpc]
00018  ? kthread_unuse_mm+0x130/0x130
00018  ? ret_from_fork+0x18c/0x520
00018  ? kthread_unuse_mm+0x130/0x130
00018  ? ret_from_fork_asm+0x11/0x20
00018  </TASK>
00018 ---[ end trace 0000000000000000 ]---
00018 ------------[ cut here ]------------
00018 WARNING: /home/ktest/git/linux/include/linux/fs.h:889 at osd_create+0x9cf/0xcf0 [osd_wbcfs], CPU#0: ll_ost00_002/1784
00018 Modules linked in: ofd(O) osp(O) mdd(O) lod(O) mdt(O) lquota(O) lfsck(O) mgs(O) osd_wbcfs(O) lustre(O) obdecho(O) mgc(O) mdc(O) lov(O) osc(O) lmv(O) ec(O) fid(O) fld(O) ptlrpc(O) efivarfs obdclass(O) ksocklnd(O) lnet(O) libcfs(O)
00018 CPU: 0 UID: 0 PID: 1784 Comm: ll_ost00_002 Tainted: G        W  O        7.0.0-ktest-21af419-6330a45-20260729-dirty #1 PREEMPT 
00018 Tainted: [W]=WARN, [O]=OOT_MODULE
00018 Hardware name: QEMU Standard PC (Q35 + ICH9, 2009), BIOS 2025.11-3ubuntu7 03/31/2026
00018 RIP: 0010:osd_create+0x9cf/0xcf0 [osd_wbcfs]
00018 Code: c7 c7 00 96 7b a1 48 c7 c6 a0 12 7d a1 48 c7 c2 00 1c 7d a1 e8 52 f1 43 ff 48 c7 c7 00 96 7b a1 e8 46 81 44 ff e9 fe fc ff ff <0f> 0b e9 a5 fa ff ff 48 c7 c1 80 44 5d a0 80 e1 07 80 c1 03 38 c1
00018 RSP: 0018:ffffc90001417878 EFLAGS: 00010246
00018 RAX: 0000000000000000 RBX: ffff888133bdcc00 RCX: 0000000000000046
00018 RDX: 0000000000000000 RSI: ffff88802af7c2a8 RDI: ffff88813342aaa8
00018 RBP: ffff88802af7c218 R08: ffffffff83a16803 R09: 1ffffffff0742d00
00018 R10: dffffc0000000000 R11: fffffbfff0742d01 R12: ffff888040800030
00018 R13: dffffc0000000000 R14: 1ffff1102677b980 R15: 1ffff11008100042
00018 FS:  0000000000000000(0000) GS:ffff8881d4a2a000(0000) knlGS:0000000000000000
00018 CS:  0010 DS: 0000 ES: 0000 CR0: 0000000080050033
00018 CR2: 00007fc8cfe056f0 CR3: 00000001057e1000 CR4: 0000000000750eb0
00018 PKRU: 55555554
00018 Call Trace:
00018  <TASK>
00018  ? ofd_precreate_objects+0x1bd8/0x3220 [ofd]
00018  ? ofd_create_hdl+0x2015/0x3510 [ofd]
00018  ? tgt_request_handle+0x23ad/0x3d30 [ptlrpc]
00018  ? ptlrpc_main+0x6359/0x96f0 [ptlrpc]
00018  ? __kthread_parkme+0x73/0x130
00018  ? kthread+0x2cd/0x3a0
00018  ? ptlrpc_start_thread+0x1f10/0x1f10 [ptlrpc]
00018  ? kthread_unuse_mm+0x130/0x130
00018  ? ret_from_fork+0x18c/0x520
00018  ? kthread_unuse_mm+0x130/0x130
00018  ? ret_from_fork_asm+0x11/0x20
00018  </TASK>
00018 ---[ end trace 0000000000000000 ]---
00018 ------------[ cut here ]------------
00018 WARNING: /home/ktest/git/linux/include/linux/fs.h:889 at osd_create+0x9cf/0xcf0 [osd_wbcfs], CPU#0: ll_ost00_002/1784
00018 Modules linked in: ofd(O) osp(O) mdd(O) lod(O) mdt(O) lquota(O) lfsck(O) mgs(O) osd_wbcfs(O) lustre(O) obdecho(O) mgc(O) mdc(O) lov(O) osc(O) lmv(O) ec(O) fid(O) fld(O) ptlrpc(O) efivarfs obdclass(O) ksocklnd(O) lnet(O) libcfs(O)
00018 CPU: 0 UID: 0 PID: 1784 Comm: ll_ost00_002 Tainted: G        W  O        7.0.0-ktest-21af419-6330a45-20260729-dirty #1 PREEMPT 
00018 Tainted: [W]=WARN, [O]=OOT_MODULE
00018 Hardware name: QEMU Standard PC (Q35 + ICH9, 2009), BIOS 2025.11-3ubuntu7 03/31/2026
00018 RIP: 0010:osd_create+0x9cf/0xcf0 [osd_wbcfs]
00018 Code: c7 c7 00 96 7b a1 48 c7 c6 a0 12 7d a1 48 c7 c2 00 1c 7d a1 e8 52 f1 43 ff 48 c7 c7 00 96 7b a1 e8 46 81 44 ff e9 fe fc ff ff <0f> 0b e9 a5 fa ff ff 48 c7 c1 80 44 5d a0 80 e1 07 80 c1 03 38 c1
00018 RSP: 0018:ffffc90001417878 EFLAGS: 00010246
00018 RAX: 0000000000000000 RBX: ffff888133bdc800 RCX: 0000000000000046
00018 RDX: 0000000000000000 RSI: ffff88802af7bb90 RDI: ffff88813342aaa8
00018 RBP: ffff88802af7bb00 R08: ffffffff83a16803 R09: 1ffffffff0742d00
00018 R10: dffffc0000000000 R11: fffffbfff0742d01 R12: ffff888040800030
00018 R13: dffffc0000000000 R14: 1ffff1102677b900 R15: 1ffff11008100042
00018 FS:  0000000000000000(0000) GS:ffff8881d4a2a000(0000) knlGS:0000000000000000
00018 CS:  0010 DS: 0000 ES: 0000 CR0: 0000000080050033
00018 CR2: 00007fc8cfe056f0 CR3: 00000001057e1000 CR4: 0000000000750eb0
00018 PKRU: 55555554
00018 Call Trace:
00018  <TASK>
00018  ? ofd_precreate_objects+0x1bd8/0x3220 [ofd]
00018  ? ofd_create_hdl+0x2015/0x3510 [ofd]
00018  ? tgt_request_handle+0x23ad/0x3d30 [ptlrpc]
00018  ? ptlrpc_main+0x6359/0x96f0 [ptlrpc]
00018  ? __kthread_parkme+0x73/0x130
00018  ? kthread+0x2cd/0x3a0
00018  ? ptlrpc_start_thread+0x1f10/0x1f10 [ptlrpc]
00018  ? kthread_unuse_mm+0x130/0x130
00018  ? ret_from_fork+0x18c/0x520
00018  ? kthread_unuse_mm+0x130/0x130
00018  ? ret_from_fork_asm+0x11/0x20
00018  </TASK>
00018 ---[ end trace 0000000000000000 ]---
00018 ------------[ cut here ]------------
00018 WARNING: /home/ktest/git/linux/include/linux/fs.h:889 at osd_create+0x9cf/0xcf0 [osd_wbcfs], CPU#0: ll_ost00_002/1784
00018 Modules linked in: ofd(O) osp(O) mdd(O) lod(O) mdt(O) lquota(O) lfsck(O) mgs(O) osd_wbcfs(O) lustre(O) obdecho(O) mgc(O) mdc(O) lov(O) osc(O) lmv(O) ec(O) fid(O) fld(O) ptlrpc(O) efivarfs obdclass(O) ksocklnd(O) lnet(O) libcfs(O)
00018 CPU: 0 UID: 0 PID: 1784 Comm: ll_ost00_002 Tainted: G        W  O        7.0.0-ktest-21af419-6330a45-20260729-dirty #1 PREEMPT 
00018 Tainted: [W]=WARN, [O]=OOT_MODULE
00018 Hardware name: QEMU Standard PC (Q35 + ICH9, 2009), BIOS 2025.11-3ubuntu7 03/31/2026
00018 RIP: 0010:osd_create+0x9cf/0xcf0 [osd_wbcfs]
00018 Code: c7 c7 00 96 7b a1 48 c7 c6 a0 12 7d a1 48 c7 c2 00 1c 7d a1 e8 52 f1 43 ff 48 c7 c7 00 96 7b a1 e8 46 81 44 ff e9 fe fc ff ff <0f> 0b e9 a5 fa ff ff 48 c7 c1 80 44 5d a0 80 e1 07 80 c1 03 38 c1
00018 RSP: 0018:ffffc90001417878 EFLAGS: 00010246
00018 RAX: 0000000000000000 RBX: ffff888134016000 RCX: 0000000000000046
00018 RDX: 0000000000000000 RSI: ffff88802af7b478 RDI: ffff88813342aaa8
00018 RBP: ffff88802af7b3e8 R08: ffffffff83a16803 R09: 1ffffffff0742d00
00018 R10: dffffc0000000000 R11: fffffbfff0742d01 R12: ffff888040800030
00018 R13: dffffc0000000000 R14: 1ffff11026802c00 R15: 1ffff11008100042
00018 FS:  0000000000000000(0000) GS:ffff8881d4a2a000(0000) knlGS:0000000000000000
00018 CS:  0010 DS: 0000 ES: 0000 CR0: 0000000080050033
00018 CR2: 00007fc8cfe056f0 CR3: 00000001057e1000 CR4: 0000000000750eb0
00018 PKRU: 55555554
00018 Call Trace:
00018  <TASK>
00018  ? ofd_precreate_objects+0x1bd8/0x3220 [ofd]
00018  ? ofd_create_hdl+0x2015/0x3510 [ofd]
00018  ? tgt_request_handle+0x23ad/0x3d30 [ptlrpc]
00018  ? ptlrpc_main+0x6359/0x96f0 [ptlrpc]
00018  ? __kthread_parkme+0x73/0x130
00018  ? kthread+0x2cd/0x3a0
00018  ? ptlrpc_start_thread+0x1f10/0x1f10 [ptlrpc]
00018  ? kthread_unuse_mm+0x130/0x130
00018  ? ret_from_fork+0x18c/0x520
00018  ? kthread_unuse_mm+0x130/0x130
00018  ? ret_from_fork_asm+0x11/0x20
00018  </TASK>
00018 ---[ end trace 0000000000000000 ]---
00018 ------------[ cut here ]------------
00018 WARNING: /home/ktest/git/linux/include/linux/fs.h:889 at osd_create+0x9cf/0xcf0 [osd_wbcfs], CPU#0: ll_ost00_002/1784
00018 Modules linked in: ofd(O) osp(O) mdd(O) lod(O) mdt(O) lquota(O) lfsck(O) mgs(O) osd_wbcfs(O) lustre(O) obdecho(O) mgc(O) mdc(O) lov(O) osc(O) lmv(O) ec(O) fid(O) fld(O) ptlrpc(O) efivarfs obdclass(O) ksocklnd(O) lnet(O) libcfs(O)
00018 CPU: 0 UID: 0 PID: 1784 Comm: ll_ost00_002 Tainted: G        W  O        7.0.0-ktest-21af419-6330a45-20260729-dirty #1 PREEMPT 
00018 Tainted: [W]=WARN, [O]=OOT_MODULE
00018 Hardware name: QEMU Standard PC (Q35 + ICH9, 2009), BIOS 2025.11-3ubuntu7 03/31/2026
00018 RIP: 0010:osd_create+0x9cf/0xcf0 [osd_wbcfs]
00018 Code: c7 c7 00 96 7b a1 48 c7 c6 a0 12 7d a1 48 c7 c2 00 1c 7d a1 e8 52 f1 43 ff 48 c7 c7 00 96 7b a1 e8 46 81 44 ff e9 fe fc ff ff <0f> 0b e9 a5 fa ff ff 48 c7 c1 80 44 5d a0 80 e1 07 80 c1 03 38 c1
00018 RSP: 0018:ffffc90001417878 EFLAGS: 00010246
00018 RAX: 0000000000000000 RBX: ffff888134015c00 RCX: 0000000000000046
00018 RDX: 0000000000000000 RSI: ffff88802af7ad60 RDI: ffff88813342aaa8
00018 RBP: ffff88802af7acd0 R08: ffffffff83a16803 R09: 1ffffffff0742d00
00018 R10: dffffc0000000000 R11: fffffbfff0742d01 R12: ffff888040800030
00018 R13: dffffc0000000000 R14: 1ffff11026802b80 R15: 1ffff11008100042
00018 FS:  0000000000000000(0000) GS:ffff8881d4a2a000(0000) knlGS:0000000000000000
00018 CS:  0010 DS: 0000 ES: 0000 CR0: 0000000080050033
00018 CR2: 00007fc8cfe056f0 CR3: 00000001057e1000 CR4: 0000000000750eb0
00018 PKRU: 55555554
00018 Call Trace:
00018  <TASK>
00018  ? ofd_precreate_objects+0x1bd8/0x3220 [ofd]
00018  ? ofd_create_hdl+0x2015/0x3510 [ofd]
00018  ? tgt_request_handle+0x23ad/0x3d30 [ptlrpc]
00018  ? ptlrpc_main+0x6359/0x96f0 [ptlrpc]
00018  ? __kthread_parkme+0x73/0x130
00018  ? kthread+0x2cd/0x3a0
00018  ? ptlrpc_start_thread+0x1f10/0x1f10 [ptlrpc]
00018  ? kthread_unuse_mm+0x130/0x130
00018  ? ret_from_fork+0x18c/0x520
00018  ? kthread_unuse_mm+0x130/0x130
00018  ? ret_from_fork_asm+0x11/0x20
00018  </TASK>
00018 ---[ end trace 0000000000000000 ]---
00018 ------------[ cut here ]------------
00018 WARNING: /home/ktest/git/linux/include/linux/fs.h:889 at osd_create+0x9cf/0xcf0 [osd_wbcfs], CPU#0: ll_ost00_002/1784
00018 Modules linked in: ofd(O) osp(O) mdd(O) lod(O) mdt(O) lquota(O) lfsck(O) mgs(O) osd_wbcfs(O) lustre(O) obdecho(O) mgc(O) mdc(O) lov(O) osc(O) lmv(O) ec(O) fid(O) fld(O) ptlrpc(O) efivarfs obdclass(O) ksocklnd(O) lnet(O) libcfs(O)
00018 CPU: 0 UID: 0 PID: 1784 Comm: ll_ost00_002 Tainted: G        W  O        7.0.0-ktest-21af419-6330a45-20260729-dirty #1 PREEMPT 
00018 Tainted: [W]=WARN, [O]=OOT_MODULE
00018 Hardware name: QEMU Standard PC (Q35 + ICH9, 2009), BIOS 2025.11-3ubuntu7 03/31/2026
00018 RIP: 0010:osd_create+0x9cf/0xcf0 [osd_wbcfs]
00018 Code: c7 c7 00 96 7b a1 48 c7 c6 a0 12 7d a1 48 c7 c2 00 1c 7d a1 e8 52 f1 43 ff 48 c7 c7 00 96 7b a1 e8 46 81 44 ff e9 fe fc ff ff <0f> 0b e9 a5 fa ff ff 48 c7 c1 80 44 5d a0 80 e1 07 80 c1 03 38 c1
00018 RSP: 0018:ffffc90001417878 EFLAGS: 00010246
00018 RAX: 0000000000000000 RBX: ffff888134015800 RCX: 0000000000000046
00018 RDX: 0000000000000000 RSI: ffff88802dd150d8 RDI: ffff88813342aaa8
00018 RBP: ffff88802dd15048 R08: ffffffff83a16803 R09: 1ffffffff0742d00
00018 R10: dffffc0000000000 R11: fffffbfff0742d01 R12: ffff888040800030
00018 R13: dffffc0000000000 R14: 1ffff11026802b00 R15: 1ffff11008100042
00018 FS:  0000000000000000(0000) GS:ffff8881d4a2a000(0000) knlGS:0000000000000000
00018 CS:  0010 DS: 0000 ES: 0000 CR0: 0000000080050033
00018 CR2: 00007fc8cfe056f0 CR3: 00000001057e1000 CR4: 0000000000750eb0
00018 PKRU: 55555554
00018 Call Trace:
00018  <TASK>
00018  ? ofd_precreate_objects+0x1bd8/0x3220 [ofd]
00018  ? ofd_create_hdl+0x2015/0x3510 [ofd]
00018  ? tgt_request_handle+0x23ad/0x3d30 [ptlrpc]
00018  ? ptlrpc_main+0x6359/0x96f0 [ptlrpc]
00018  ? __kthread_parkme+0x73/0x130
00018  ? kthread+0x2cd/0x3a0
00018  ? ptlrpc_start_thread+0x1f10/0x1f10 [ptlrpc]
00018  ? kthread_unuse_mm+0x130/0x130
00018  ? ret_from_fork+0x18c/0x520
00018  ? kthread_unuse_mm+0x130/0x130
00018  ? ret_from_fork_asm+0x11/0x20
00018  </TASK>
00018 ---[ end trace 0000000000000000 ]---
00018 ------------[ cut here ]------------
00018 WARNING: /home/ktest/git/linux/include/linux/fs.h:889 at osd_create+0x9cf/0xcf0 [osd_wbcfs], CPU#0: ll_ost00_002/1784
00018 Modules linked in: ofd(O) osp(O) mdd(O) lod(O) mdt(O) lquota(O) lfsck(O) mgs(O) osd_wbcfs(O) lustre(O) obdecho(O) mgc(O) mdc(O) lov(O) osc(O) lmv(O) ec(O) fid(O) fld(O) ptlrpc(O) efivarfs obdclass(O) ksocklnd(O) lnet(O) libcfs(O)
00018 CPU: 0 UID: 0 PID: 1784 Comm: ll_ost00_002 Tainted: G        W  O        7.0.0-ktest-21af419-6330a45-20260729-dirty #1 PREEMPT 
00018 Tainted: [W]=WARN, [O]=OOT_MODULE
00018 Hardware name: QEMU Standard PC (Q35 + ICH9, 2009), BIOS 2025.11-3ubuntu7 03/31/2026
00018 RIP: 0010:osd_create+0x9cf/0xcf0 [osd_wbcfs]
00018 Code: c7 c7 00 96 7b a1 48 c7 c6 a0 12 7d a1 48 c7 c2 00 1c 7d a1 e8 52 f1 43 ff 48 c7 c7 00 96 7b a1 e8 46 81 44 ff e9 fe fc ff ff <0f> 0b e9 a5 fa ff ff 48 c7 c1 80 44 5d a0 80 e1 07 80 c1 03 38 c1
00018 RSP: 0018:ffffc90001417878 EFLAGS: 00010246
00018 RAX: 0000000000000000 RBX: ffff888133ba9c00 RCX: 0000000000000046
00018 RDX: 0000000000000000 RSI: ffff88802dd149c0 RDI: ffff88813342aaa8
00018 RBP: ffff88802dd14930 R08: ffffffff83a16803 R09: 1ffffffff0742d00
00018 R10: dffffc0000000000 R11: fffffbfff0742d01 R12: ffff888040800030
00018 R13: dffffc0000000000 R14: 1ffff11026775380 R15: 1ffff11008100042
00018 FS:  0000000000000000(0000) GS:ffff8881d4a2a000(0000) knlGS:0000000000000000
00018 CS:  0010 DS: 0000 ES: 0000 CR0: 0000000080050033
00018 CR2: 00007fc8cfe056f0 CR3: 00000001057e1000 CR4: 0000000000750eb0
00018 PKRU: 55555554
00018 Call Trace:
00018  <TASK>
00018  ? ofd_precreate_objects+0x1bd8/0x3220 [ofd]
00018  ? ofd_create_hdl+0x2015/0x3510 [ofd]
00018  ? tgt_request_handle+0x23ad/0x3d30 [ptlrpc]
00018  ? ptlrpc_main+0x6359/0x96f0 [ptlrpc]
00018  ? __kthread_parkme+0x73/0x130
00018  ? kthread+0x2cd/0x3a0
00018  ? ptlrpc_start_thread+0x1f10/0x1f10 [ptlrpc]
00018  ? kthread_unuse_mm+0x130/0x130
00018  ? ret_from_fork+0x18c/0x520
00018  ? kthread_unuse_mm+0x130/0x130
00018  ? ret_from_fork_asm+0x11/0x20
00018  </TASK>
00018 ---[ end trace 0000000000000000 ]---
00018 ------------[ cut here ]------------
00018 WARNING: /home/ktest/git/linux/include/linux/fs.h:889 at osd_create+0x9cf/0xcf0 [osd_wbcfs], CPU#0: ll_ost00_002/1784
00018 Modules linked in: ofd(O) osp(O) mdd(O) lod(O) mdt(O) lquota(O) lfsck(O) mgs(O) osd_wbcfs(O) lustre(O) obdecho(O) mgc(O) mdc(O) lov(O) osc(O) lmv(O) ec(O) fid(O) fld(O) ptlrpc(O) efivarfs obdclass(O) ksocklnd(O) lnet(O) libcfs(O)
00018 CPU: 0 UID: 0 PID: 1784 Comm: ll_ost00_002 Tainted: G        W  O        7.0.0-ktest-21af419-6330a45-20260729-dirty #1 PREEMPT 
00018 Tainted: [W]=WARN, [O]=OOT_MODULE
00018 Hardware name: QEMU Standard PC (Q35 + ICH9, 2009), BIOS 2025.11-3ubuntu7 03/31/2026
00018 RIP: 0010:osd_create+0x9cf/0xcf0 [osd_wbcfs]
00018 Code: c7 c7 00 96 7b a1 48 c7 c6 a0 12 7d a1 48 c7 c2 00 1c 7d a1 e8 52 f1 43 ff 48 c7 c7 00 96 7b a1 e8 46 81 44 ff e9 fe fc ff ff <0f> 0b e9 a5 fa ff ff 48 c7 c1 80 44 5d a0 80 e1 07 80 c1 03 38 c1
00018 RSP: 0018:ffffc90001417878 EFLAGS: 00010246
00018 RAX: 0000000000000000 RBX: ffff888133ba9800 RCX: 0000000000000046
00018 RDX: 0000000000000000 RSI: ffff88802dd142a8 RDI: ffff88813342aaa8
00018 RBP: ffff88802dd14218 R08: ffffffff83a16803 R09: 1ffffffff0742d00
00018 R10: dffffc0000000000 R11: fffffbfff0742d01 R12: ffff888040800030
00018 R13: dffffc0000000000 R14: 1ffff11026775300 R15: 1ffff11008100042
00018 FS:  0000000000000000(0000) GS:ffff8881d4a2a000(0000) knlGS:0000000000000000
00018 CS:  0010 DS: 0000 ES: 0000 CR0: 0000000080050033
00018 CR2: 00007fc8cfe056f0 CR3: 00000001057e1000 CR4: 0000000000750eb0
00018 PKRU: 55555554
00018 Call Trace:
00018  <TASK>
00018  ? ofd_precreate_objects+0x1bd8/0x3220 [ofd]
00018  ? ofd_create_hdl+0x2015/0x3510 [ofd]
00018  ? tgt_request_handle+0x23ad/0x3d30 [ptlrpc]
00018  ? ptlrpc_main+0x6359/0x96f0 [ptlrpc]
00018  ? __kthread_parkme+0x73/0x130
00018  ? kthread+0x2cd/0x3a0
00018  ? ptlrpc_start_thread+0x1f10/0x1f10 [ptlrpc]
00018  ? kthread_unuse_mm+0x130/0x130
00018  ? ret_from_fork+0x18c/0x520
00018  ? kthread_unuse_mm+0x130/0x130
00018  ? ret_from_fork_asm+0x11/0x20
00018  </TASK>
00018 ---[ end trace 0000000000000000 ]---
00039 Lustre: lustre-MDT0000: local client d9773601-f5d2-4984-91ae-3ebd9f4f0ea7 w/o recovery
00039 Lustre: client wants to enable acl, but mdt not!
00039 Lustre: Mounted lustre-client
00039 lustre-ktest (1711) used greatest stack depth: 24296 bytes left
00039 32s
00039 /host/home/ktest/git/lustre-release/lustre/tests/test-framework.sh: line 6933: cd: HOME not set
00039 /host/home/ktest/git/lustre-release/lustre/tests/test-framework.sh: line 6933: cd: HOME not set
00039 /host/home/ktest/git/lustre-release/lustre/tests/test-framework.sh: line 6933: cd: HOME not set
00041 MGS_OS_VERSION_ID=24.04
00041 MGS_OS_ID=ubuntu
00041 MGS_OS_VERSION_CODE=402915328
00041 MGS_OS_ID_LIKE=debian ubuntu
00041 MDS1_OS_ID=ubuntu
00041 MDS1_OS_VERSION_CODE=402915328
00041 MDS1_OS_ID_LIKE=debian ubuntu
00041 MDS1_OS_VERSION_ID=24.04
00041 OST1_OS_VERSION_ID=24.04
00041 OST1_OS_VERSION_CODE=402915328
00041 OST1_OS_ID=ubuntu
00041 OST1_OS_ID_LIKE=debian ubuntu
00041 CLIENT_OS_VERSION_ID=24.04
00041 CLIENT_OS_ID_LIKE=debian ubuntu
00041 CLIENT_OS_ID=ubuntu
00041 CLIENT_OS_VERSION_CODE=402915328
00041 Started at Wed Jul 29 12:32:25 UTC 2026
00042 localhost.localdomain: executing check_logdir /tmp/test_logs/2026-07-29/123223
00042 Lustre: DEBUG MARKER: localhost.localdomain: executing check_logdir /tmp/test_logs/2026-07-29/123223
00042 Logging to shared log directory: /tmp/test_logs/2026-07-29/123223
00043 localhost.localdomain: executing yml_node
00043 Lustre: DEBUG MARKER: localhost.localdomain: executing yml_node
00044 Client: 2.17.54.83
00045 Lustre: DEBUG MARKER: Client: 2.17.54.83
00045 MDS: 2.17.54.83
00045 Lustre: DEBUG MARKER: MDS: 2.17.54.83
00045 OSS: 2.17.54.83
00045 Lustre: DEBUG MARKER: OSS: 2.17.54.83
00045 running: sanity ONLY=17d 17e 17f 17g 17h 17i 17k 17l 17m 17n 
00045 run_suite sanity /host/home/ktest/git/lustre-release/lustre/tests/sanity.sh
00045 -----============= acceptance-small: sanity ============----- Wed Jul 29 12:32:29 UTC 2026
00045 Lustre: DEBUG MARKER: -----============= acceptance-small: sanity ============----- Wed Jul 29 12:32:29 UTC 2026
00045 Running: bash /host/home/ktest/git/lustre-release/lustre/tests/sanity.sh
00046 MGS_OS_VERSION_ID=24.04
00046 MGS_OS_ID=ubuntu
00046 MGS_OS_VERSION_CODE=402915328
00046 MGS_OS_ID_LIKE=debian ubuntu
00047 MDS1_OS_ID=ubuntu
00047 MDS1_OS_VERSION_CODE=402915328
00047 MDS1_OS_ID_LIKE=debian ubuntu
00047 MDS1_OS_VERSION_ID=24.04
00047 OST1_OS_VERSION_ID=24.04
00047 OST1_OS_VERSION_CODE=402915328
00047 OST1_OS_ID=ubuntu
00047 OST1_OS_ID_LIKE=debian ubuntu
00047 CLIENT_OS_VERSION_ID=24.04
00047 CLIENT_OS_ID_LIKE=debian ubuntu
00047 CLIENT_OS_ID=ubuntu
00047 CLIENT_OS_VERSION_CODE=402915328
00047 localhost.localdomain: /host/home/ktest/git/lustre-release/lustre/tests/except/sanity.56aa.ex
00047 localhost.localdomain: /host/home/ktest/git/lustre-release/lustre/tests/except/sanity.ex
00047 - see CLIENT_VERSION > v2_15_63-134-gdacc4b6d38 (34682451 > 34553734) for LU-15963, go 312
00047 - see CLIENT_VERSION > v2_15_63-239-gab4ede45b4 (34682451 > 34553839) for LU-17856, go 56wa 56xe
00047 - see CLIENT_VERSION > v2_16_54-54-ga2e3a2f5a3 (34682451 > 34616886) for LU-14590, go 0d
00047 - see CLIENT_VERSION >= v2_15_7-16-gab522d54ad (34682451 >= 34539280) for LU-16203, go 60i
00047 - see CLIENT_VERSION >= v2_17_50-196-g63ee4af3bb (34682451 >= 34681540) for LU-19620, go 60b
00049 FAIL 17d (0s)
00050 
00050 == sanity test 17e: symlinks: create recursive symlink (should return error) ========================================================== 12:32:33 (1785328353)
00050 Lustre: DEBUG MARKER: == sanity test 17e: symlinks: create recursive symlink (should return error) ========================================================== 12:32:33 (1785328353)
00050 ------------[ cut here ]------------
00050 WARNING: /home/ktest/git/linux/include/linux/fs.h:889 at osd_create+0x9cf/0xcf0 [osd_wbcfs], CPU#0: mdt00_002/1733
00050 Modules linked in: ofd(O) osp(O) mdd(O) lod(O) mdt(O) lquota(O) lfsck(O) mgs(O) osd_wbcfs(O) lustre(O) obdecho(O) mgc(O) mdc(O) lov(O) osc(O) lmv(O) ec(O) fid(O) fld(O) ptlrpc(O) efivarfs obdclass(O) ksocklnd(O) lnet(O) libcfs(O)
00050 CPU: 0 UID: 0 PID: 1733 Comm: mdt00_002 Tainted: G        W  O        7.0.0-ktest-21af419-6330a45-20260729-dirty #1 PREEMPT 
00050 Tainted: [W]=WARN, [O]=OOT_MODULE
00050 Hardware name: QEMU Standard PC (Q35 + ICH9, 2009), BIOS 2025.11-3ubuntu7 03/31/2026
00050 RIP: 0010:osd_create+0x9cf/0xcf0 [osd_wbcfs]
00050 Code: c7 c7 00 96 7b a1 48 c7 c6 a0 12 7d a1 48 c7 c2 00 1c 7d a1 e8 52 f1 43 ff 48 c7 c7 00 96 7b a1 e8 46 81 44 ff e9 fe fc ff ff <0f> 0b e9 a5 fa ff ff 48 c7 c1 80 44 5d a0 80 e1 07 80 c1 03 38 c1
00050 RSP: 0018:ffffc900012ff5a8 EFLAGS: 00010246
00050 RAX: 0000000000000000 RBX: ffff88813468b000 RCX: 0000000000000046
00050 RDX: 0000000000000000 RSI: ffff88802dd12d60 RDI: ffff88802f2a2a58
00050 RBP: ffff88802dd12cd0 R08: ffff8881080a7803 R09: 1ffff11021014f00
00050 R10: dffffc0000000000 R11: ffffed1021014f01 R12: ffff88811dd7a2c8
00050 R13: dffffc0000000000 R14: 1ffff110268d1600 R15: 1ffff110077ecac8
00050 FS:  0000000000000000(0000) GS:ffff8881d4a2a000(0000) knlGS:0000000000000000
00050 CS:  0010 DS: 0000 ES: 0000 CR0: 0000000080050033
00050 CR2: 00007f89d96ee200 CR3: 0000000004274000 CR4: 0000000000750eb0
00050 PKRU: 55555554
00050 Call Trace:
00050  <TASK>
00050  ? lod_sub_create+0x168a/0x1940 [lod]
00050  ? dt_write_lock+0x16d/0x2a0 [obdclass]
00050  ? lod_create+0x10d/0x720 [lod]
00050  ? mdd_create_object_internal+0x18f/0x320 [mdd]
00050  ? mdd_create_object+0xab/0x1ce0 [mdd]
00050  ? mdd_create+0x2032/0x4110 [mdd]
00050  ? mdt_reint_create+0x2768/0x4e80 [mdt]
00050  ? mdt_reint_rec+0x10f/0x530 [mdt]
00050  ? mdt_reint_internal+0x9d5/0x11a0 [mdt]
00050  ? tsi2mdt_info+0x319/0x520 [mdt]
00050  ? mdt_reint+0x115/0x270 [mdt]
00050  ? tgt_request_handle+0x23ad/0x3d30 [ptlrpc]
00050  ? ptlrpc_main+0x6359/0x96f0 [ptlrpc]
00050  ? __kthread_parkme+0x73/0x130
00050  ? kthread+0x2cd/0x3a0
00050  ? ptlrpc_start_thread+0x1f10/0x1f10 [ptlrpc]
00050  ? kthread_unuse_mm+0x130/0x130
00050  ? ret_from_fork+0x18c/0x520
00050  ? kthread_unuse_mm+0x130/0x130
00050  ? ret_from_fork_asm+0x11/0x20
00050  </TASK>
00050 ---[ end trace 0000000000000000 ]---
00050 ------------[ cut here ]------------
00050 WARNING: /home/ktest/git/linux/include/linux/fs.h:889 at ll_iget+0x592/0x850 [lustre], CPU#2: mkdir/3212
00050 Modules linked in: ofd(O) osp(O) mdd(O) lod(O) mdt(O) lquota(O) lfsck(O) mgs(O) osd_wbcfs(O) lustre(O) obdecho(O) mgc(O) mdc(O) lov(O) osc(O) lmv(O) ec(O) fid(O) fld(O) ptlrpc(O) efivarfs obdclass(O) ksocklnd(O) lnet(O) libcfs(O)
00050 CPU: 2 UID: 0 PID: 3212 Comm: mkdir Tainted: G        W  O        7.0.0-ktest-21af419-6330a45-20260729-dirty #1 PREEMPT 
00050 Tainted: [W]=WARN, [O]=OOT_MODULE
00050 Hardware name: QEMU Standard PC (Q35 + ICH9, 2009), BIOS 2025.11-3ubuntu7 03/31/2026
00050 RIP: 0010:ll_iget+0x592/0x850 [lustre]
00050 Code: 48 c7 c6 40 52 76 a1 48 c7 c2 80 52 76 a1 e8 45 76 d4 fe 48 c7 c7 80 d7 a6 a1 e8 39 06 d5 fe 48 89 df 4c 89 fe e9 34 fb ff ff <0f> 0b e9 89 fb ff ff 0f 0b e9 f0 fc ff ff 48 c7 c1 80 44 5d a0 80
00050 RSP: 0018:ffffc9000986f9f0 EFLAGS: 00010246
00050 RAX: 0000000000000000 RBX: ffff88802d99c880 RCX: 0000000000000046
00050 RDX: 0000000000000000 RSI: ffff88802d99c910 RDI: ffff888138d4aa58
00050 RBP: ffff88802c5dc000 R08: ffff88813814a883 R09: 1ffff11027029510
00050 R10: dffffc0000000000 R11: ffffed1027029511 R12: dffffc0000000000
00050 R13: dffffc0000000000 R14: ffffc9000986faa8 R15: 0200000402000003
00050 FS:  00007ff662955d00(0000) GS:ffff8881d4b2a000(0000) knlGS:0000000000000000
00050 CS:  0010 DS: 0000 ES: 0000 CR0: 0000000080050033
00050 CR2: 00007ff6626f59d0 CR3: 0000000041347000 CR4: 0000000000750eb0
00050 PKRU: 55555554
00050 Call Trace:
00050  <TASK>
00050  ll_prep_inode+0x682/0x1310 [lustre]
00050  ll_new_node_finish+0x179/0x930 [lustre]
00050  ll_new_node+0xd7f/0x1740 [lustre]
00050  ll_mkdir+0x44e/0xf10 [lustre]
00050  vfs_mkdir+0x3c0/0x630
00050  filename_mkdirat+0x14c/0x300
00050  __x64_sys_mkdir+0x74/0x140
00050  do_syscall_64+0xc1/0x350
00050  entry_SYSCALL_64_after_hwframe+0x4b/0x53
00050 RIP: 0033:0x7ff66271b05b
00050 Code: 0f 1e fa 48 89 f2 b9 00 01 00 00 48 89 fe bf 9c ff ff ff e9 97 c3 ff ff 0f 1f 80 00 00 00 00 f3 0f 1e fa b8 53 00 00 00 0f 05 <48> 3d 00 f0 ff ff 77 05 c3 0f 1f 40 00 48 8b 15 89 7d 0e 00 f7 d8
00050 RSP: 002b:00007fff8da610a8 EFLAGS: 00000246 ORIG_RAX: 0000000000000053
00050 RAX: ffffffffffffffda RBX: 00007fff8da62837 RCX: 00007ff66271b05b
00050 RDX: 0000000000000000 RSI: 00000000000001ff RDI: 00007fff8da62837
00050 RBP: 00007fff8da611c0 R08: 00000000000001ff R09: 0000000000000000
00050 R10: 0000560e1a2b627e R11: 0000000000000246 R12: 00000000000001ff
00050 R13: 0000000000000000 R14: 0000000000000000 R15: 0000000000000000
00050  </TASK>
00050 ---[ end trace 0000000000000000 ]---
00050 ------------[ cut here ]------------
00050 WARNING: /home/ktest/git/linux/include/linux/fs.h:889 at ll_iget+0x592/0x850 [lustre], CPU#3: ln/3213
00050 Modules linked in: ofd(O) osp(O) mdd(O) lod(O) mdt(O) lquota(O) lfsck(O) mgs(O) osd_wbcfs(O) lustre(O) obdecho(O) mgc(O) mdc(O) lov(O) osc(O) lmv(O) ec(O) fid(O) fld(O) ptlrpc(O) efivarfs obdclass(O) ksocklnd(O) lnet(O) libcfs(O)
00050 CPU: 3 UID: 0 PID: 3213 Comm: ln Tainted: G        W  O        7.0.0-ktest-21af419-6330a45-20260729-dirty #1 PREEMPT 
00050 Tainted: [W]=WARN, [O]=OOT_MODULE
00050 Hardware name: QEMU Standard PC (Q35 + ICH9, 2009), BIOS 2025.11-3ubuntu7 03/31/2026
00050 RIP: 0010:ll_iget+0x592/0x850 [lustre]
00050 Code: 48 c7 c6 40 52 76 a1 48 c7 c2 80 52 76 a1 e8 45 76 d4 fe 48 c7 c7 80 d7 a6 a1 e8 39 06 d5 fe 48 89 df 4c 89 fe e9 34 fb ff ff <0f> 0b e9 89 fb ff ff 0f 0b e9 f0 fc ff ff 48 c7 c1 80 44 5d a0 80
00050 RSP: 0018:ffffc9000983f748 EFLAGS: 00010246
00050 RAX: 0000000000000000 RBX: ffff88802d99c880 RCX: 0000000000000046
00050 RDX: 0000000000000000 RSI: ffff88802d99c910 RDI: ffff88811bb68970
00050 RBP: ffff88802c5dc000 R08: ffffffff83a16803 R09: 1ffffffff0742d00
00050 R10: dffffc0000000000 R11: fffffbfff0742d01 R12: dffffc0000000000
00050 R13: dffffc0000000000 R14: ffffc9000983f800 R15: 0200000402000003
00050 FS:  00007f55565fd740(0000) GS:ffff8881d4baa000(0000) knlGS:0000000000000000
00050 CS:  0010 DS: 0000 ES: 0000 CR0: 0000000080050033
00050 CR2: 00007f55566f59d0 CR3: 000000002b287000 CR4: 0000000000750eb0
00050 PKRU: 55555554
00050 Call Trace:
00050  <TASK>
00050  ll_prep_inode+0x682/0x1310 [lustre]
00050  ? lustre_swab_barrier_lvb+0xd0/0xd0 [ptlrpc]
00050  ll_lookup_it+0x168c/0x4650 [lustre]
00050  ? encode_fn_len+0xd3/0xb10 [obdclass]
00050  ll_lookup_nd+0x2a7/0x4f0 [lustre]
00050  __lookup_slow+0x1a2/0x260
00050  lookup_slow+0x53/0x70
00050  link_path_walk+0xac4/0x13d0
00050  __filename_parentat+0x1a7/0x400
00050  ? handle_mm_fault+0xefd/0x2dc0
00050  ? handle_mm_fault+0xfa8/0x2dc0
00050  filename_create+0x47/0x240
00050  filename_symlinkat+0x84/0x2c0
00050  ? do_getname+0xb3/0x190
00050  __x64_sys_symlinkat+0x9c/0x270
00050  do_syscall_64+0xc1/0x350
00050  entry_SYSCALL_64_after_hwframe+0x4b/0x53
00050 RIP: 0033:0x7f555671bfdb
00050 Code: 77 05 c3 0f 1f 40 00 48 8b 15 39 6e 0e 00 f7 d8 64 89 02 b8 ff ff ff ff c3 66 0f 1f 44 00 00 f3 0f 1e fa b8 0a 01 00 00 0f 05 <48> 3d 01 f0 ff ff 73 01 c3 48 8b 0d 0d 6e 0e 00 f7 d8 64 89 01 48
00050 RSP: 002b:00007ffe731e5b48 EFLAGS: 00000246 ORIG_RAX: 000000000000010a
00050 RAX: ffffffffffffffda RBX: 0000000000000002 RCX: 00007f555671bfdb
00050 RDX: 00007ffe731e6831 RSI: 00000000ffffff9c RDI: 00007ffe731e680d
00050 RBP: 00007ffe731e5b50 R08: 00000000ffffffff R09: 0000000000000000
00050 R10: 000055b3737af303 R11: 0000000000000246 R12: 00007ffe731e5da8
00050 R13: 000055b3737b0714 R14: 000055b3737af301 R15: 000055b3737b2960
00050  </TASK>
00050 ---[ end trace 0000000000000000 ]---
00050 ------------[ cut here ]------------
00050 WARNING: /home/ktest/git/linux/include/linux/fs.h:889 at ll_iget+0x599/0x850 [lustre], CPU#3: ln/3213
00050 Modules linked in: ofd(O) osp(O) mdd(O) lod(O) mdt(O) lquota(O) lfsck(O) mgs(O) osd_wbcfs(O) lustre(O) obdecho(O) mgc(O) mdc(O) lov(O) osc(O) lmv(O) ec(O) fid(O) fld(O) ptlrpc(O) efivarfs obdclass(O) ksocklnd(O) lnet(O) libcfs(O)
00050 CPU: 3 UID: 0 PID: 3213 Comm: ln Tainted: G        W  O        7.0.0-ktest-21af419-6330a45-20260729-dirty #1 PREEMPT 
00050 Tainted: [W]=WARN, [O]=OOT_MODULE
00050 Hardware name: QEMU Standard PC (Q35 + ICH9, 2009), BIOS 2025.11-3ubuntu7 03/31/2026
00050 RIP: 0010:ll_iget+0x599/0x850 [lustre]
00050 Code: 48 c7 c2 80 52 76 a1 e8 45 76 d4 fe 48 c7 c7 80 d7 a6 a1 e8 39 06 d5 fe 48 89 df 4c 89 fe e9 34 fb ff ff 0f 0b e9 89 fb ff ff <0f> 0b e9 f0 fc ff ff 48 c7 c1 80 44 5d a0 80 e1 07 80 c1 03 38 c1
00050 RSP: 0018:ffffc9000983f748 EFLAGS: 00010246
00050 RAX: 0000000000000000 RBX: ffff88802d99c880 RCX: 0000000000000046
00050 RDX: 0000000000000000 RSI: ffff88802d99c910 RDI: ffff88811bb68970
00050 RBP: ffff88802c5dc000 R08: ffffffff83a16803 R09: 1ffffffff0742d00
00050 R10: dffffc0000000000 R11: fffffbfff0742d01 R12: dffffc0000000000
00050 R13: 1ffff11005b33929 R14: ffffc9000983f800 R15: ffff88802d99c948
00050 FS:  00007f55565fd740(0000) GS:ffff8881d4baa000(0000) knlGS:0000000000000000
00050 CS:  0010 DS: 0000 ES: 0000 CR0: 0000000080050033
00050 CR2: 00007f55566f59d0 CR3: 000000002b287000 CR4: 0000000000750eb0
00050 PKRU: 55555554
00050 Call Trace:
00050  <TASK>
00050  ll_prep_inode+0x682/0x1310 [lustre]
00050  ? lustre_swab_barrier_lvb+0xd0/0xd0 [ptlrpc]
00050  ll_lookup_it+0x168c/0x4650 [lustre]
00050  ? encode_fn_len+0xd3/0xb10 [obdclass]
00050  ll_lookup_nd+0x2a7/0x4f0 [lustre]
00050  __lookup_slow+0x1a2/0x260
00050  lookup_slow+0x53/0x70
00050  link_path_walk+0xac4/0x13d0
00050  __filename_parentat+0x1a7/0x400
00050  ? handle_mm_fault+0xefd/0x2dc0
00050  ? handle_mm_fault+0xfa8/0x2dc0
00050  filename_create+0x47/0x240
00050  filename_symlinkat+0x84/0x2c0
00050  ? do_getname+0xb3/0x190
00050  __x64_sys_symlinkat+0x9c/0x270
00050  do_syscall_64+0xc1/0x350
00050  entry_SYSCALL_64_after_hwframe+0x4b/0x53
00050 RIP: 0033:0x7f555671bfdb
00050 Code: 77 05 c3 0f 1f 40 00 48 8b 15 39 6e 0e 00 f7 d8 64 89 02 b8 ff ff ff ff c3 66 0f 1f 44 00 00 f3 0f 1e fa b8 0a 01 00 00 0f 05 <48> 3d 01 f0 ff ff 73 01 c3 48 8b 0d 0d 6e 0e 00 f7 d8 64 89 01 48
00050 RSP: 002b:00007ffe731e5b48 EFLAGS: 00000246 ORIG_RAX: 000000000000010a
00050 RAX: ffffffffffffffda RBX: 0000000000000002 RCX: 00007f555671bfdb
00050 RDX: 00007ffe731e6831 RSI: 00000000ffffff9c RDI: 00007ffe731e680d
00050 RBP: 00007ffe731e5b50 R08: 00000000ffffffff R09: 0000000000000000
00050 R10: 000055b3737af303 R11: 0000000000000246 R12: 00007ffe731e5da8
00050 R13: 000055b3737b0714 R14: 000055b3737af301 R15: 000055b3737b2960
00050  </TASK>
00050 ---[ end trace 0000000000000000 ]---
00050 ln: failed to create symbolic link '/mnt/lustre/d17e.sanity/f17e.sanity': Operation not supported
00050  sanity test_17e: @@@@@@ FAIL: create symlink failed 
00050 Lustre: DEBUG MARKER: sanity test_17e: @@@@@@ FAIL: create symlink failed
00050   Trace dump:
00050   = /host/home/ktest/git/lustre-release/lustre/tests/test-framework.sh:7447:error()
00050   = /host/home/ktest/git/lustre-release/lustre/tests/sanity.sh:647:test_17e()
00050   = /host/home/ktest/git/lustre-release/lustre/tests/test-framework.sh:7823:run_one()
00050   = /host/home/ktest/git/lustre-release/lustre/tests/test-framework.sh:7886:run_one_logged()
00050   = /host/home/ktest/git/lustre-release/lustre/tests/test-framework.sh:7686:run_test()
00050   = /host/home/ktest/git/lustre-release/lustre/tests/sanity.sh:651:main()
00050 Dumping lctl log to /tmp/test_logs/2026-07-29/123223/sanity.test_17e.*.1785328354.log
00050 Dumping logs only on local client.
00050 FAIL 17e (1s)
00050 
00050 == sanity test 17f: symlinks: long and very long symlink name ========================================================== 12:32:34 (1785328354)
00051 Lustre: DEBUG MARKER: == sanity test 17f: symlinks: long and very long symlink name ========================================================== 12:32:34 (1785328354)
00051 ------------[ cut here ]------------
00051 WARNING: /home/ktest/git/linux/include/linux/fs.h:889 at osd_create+0x9cf/0xcf0 [osd_wbcfs], CPU#0: mdt00_000/1731
00051 Modules linked in: ofd(O) osp(O) mdd(O) lod(O) mdt(O) lquota(O) lfsck(O) mgs(O) osd_wbcfs(O) lustre(O) obdecho(O) mgc(O) mdc(O) lov(O) osc(O) lmv(O) ec(O) fid(O) fld(O) ptlrpc(O) efivarfs obdclass(O) ksocklnd(O) lnet(O) libcfs(O)
00051 CPU: 0 UID: 0 PID: 1731 Comm: mdt00_000 Tainted: G        W  O        7.0.0-ktest-21af419-6330a45-20260729-dirty #1 PREEMPT 
00051 Tainted: [W]=WARN, [O]=OOT_MODULE
00051 Hardware name: QEMU Standard PC (Q35 + ICH9, 2009), BIOS 2025.11-3ubuntu7 03/31/2026
00051 RIP: 0010:osd_create+0x9cf/0xcf0 [osd_wbcfs]
00051 Code: c7 c7 00 96 7b a1 48 c7 c6 a0 12 7d a1 48 c7 c2 00 1c 7d a1 e8 52 f1 43 ff 48 c7 c7 00 96 7b a1 e8 46 81 44 ff e9 fe fc ff ff <0f> 0b e9 a5 fa ff ff 48 c7 c1 80 44 5d a0 80 e1 07 80 c1 03 38 c1
00051 RSP: 0018:ffffc9000432f5a8 EFLAGS: 00010246
00051 RAX: 0000000000000000 RBX: ffff888133938400 RCX: 0000000000000046
00051 RDX: 0000000000000000 RSI: ffff88802dd12648 RDI: ffff8881069d8998
00051 RBP: ffff88802dd125b8 R08: ffff8881080a7803 R09: 1ffff11021014f00
00051 R10: dffffc0000000000 R11: ffffed1021014f01 R12: ffff888135c042c8
00051 R13: dffffc0000000000 R14: 1ffff11026727080 R15: 1ffff11005a696c8
00051 FS:  0000000000000000(0000) GS:ffff8881d4a2a000(0000) knlGS:0000000000000000
00051 CS:  0010 DS: 0000 ES: 0000 CR0: 0000000080050033
00051 CR2: 000055eef9e653c0 CR3: 0000000104439000 CR4: 0000000000750eb0
00051 PKRU: 55555554
00051 Call Trace:
00051  <TASK>
00051  ? lod_sub_create+0x168a/0x1940 [lod]
00051  ? lod_create+0x10d/0x720 [lod]
00051  ? mdd_create_object_internal+0x18f/0x320 [mdd]
00051  ? mdd_create_object+0xab/0x1ce0 [mdd]
00051  ? mdd_create+0x2032/0x4110 [mdd]
00051  ? mdt_reint_create+0x2768/0x4e80 [mdt]
00051  ? mdt_reint_rec+0x10f/0x530 [mdt]
00051  ? mdt_reint_internal+0x9d5/0x11a0 [mdt]
00051  ? tsi2mdt_info+0x319/0x520 [mdt]
00051  ? mdt_reint+0x115/0x270 [mdt]
00051  ? tgt_request_handle+0x23ad/0x3d30 [ptlrpc]
00051  ? ptlrpc_main+0x6359/0x96f0 [ptlrpc]
00051  ? __kthread_parkme+0x73/0x130
00051  ? kthread+0x2cd/0x3a0
00051  ? ptlrpc_start_thread+0x1f10/0x1f10 [ptlrpc]
00051  ? kthread_unuse_mm+0x130/0x130
00051  ? ret_from_fork+0x18c/0x520
00051  ? kthread_unuse_mm+0x130/0x130
00051  ? ret_from_fork_asm+0x11/0x20
00051  </TASK>
00051 ---[ end trace 0000000000000000 ]---
00051 LustreError: 1772:0:(osd_dirent.c:113:osd_index_dir_insert()) lustre-MDT0000: lookup [0x240000402:0x2:0x0] from icache failed: rc=-22
00051 Lustre: 1772:0:(out_handler.c:886:out_tx_end()) lustre-MDT0000-osd: error during execution of #0 from lustre/ptlrpc/../target/out_handler.c:535: rc = -22
00051 mkdir: cannot create directory '/mnt/lustre/d17f.sanity': Invalid argument
00051  sanity test_17f: @@@@@@ FAIL: mkdir '/mnt/lustre/d17f.sanity' failed 
00051 Lustre: DEBUG MARKER: sanity test_17f: @@@@@@ FAIL: mkdir '/mnt/lustre/d17f.sanity' failed
00051   Trace dump:
00051   = /host/home/ktest/git/lustre-release/lustre/tests/test-framework.sh:7447:error()
00051   = /host/home/ktest/git/lustre-release/lustre/tests/test-framework.sh:10495:test_mkdir()
00051   = /host/home/ktest/git/lustre-release/lustre/tests/sanity.sh:654:test_17f()
00051   = /host/home/ktest/git/lustre-release/lustre/tests/test-framework.sh:7823:run_one()
00051   = /host/home/ktest/git/lustre-release/lustre/tests/test-framework.sh:7886:run_one_logged()
00051   = /host/home/ktest/git/lustre-release/lustre/tests/test-framework.sh:7686:run_test()
00051   = /host/home/ktest/git/lustre-release/lustre/tests/sanity.sh:663:main()
00051 Dumping lctl log to /tmp/test_logs/2026-07-29/123223/sanity.test_17f.*.1785328355.log
00051 Dumping logs only on local client.
00051 FAIL 17f (1s)
00051 
00051 == sanity test 17g: symlinks: really long symlink name and inode boundaries ========================================================== 12:32:35 (1785328355)
00051 Lustre: DEBUG MARKER: == sanity test 17g: symlinks: really long symlink name and inode boundaries ========================================================== 12:32:35 (1785328355)
00051 ------------[ cut here ]------------
00051 WARNING: /home/ktest/git/linux/include/linux/fs.h:889 at osd_create+0x9cf/0xcf0 [osd_wbcfs], CPU#0: mdt00_002/1733
00051 Modules linked in: ofd(O) osp(O) mdd(O) lod(O) mdt(O) lquota(O) lfsck(O) mgs(O) osd_wbcfs(O) lustre(O) obdecho(O) mgc(O) mdc(O) lov(O) osc(O) lmv(O) ec(O) fid(O) fld(O) ptlrpc(O) efivarfs obdclass(O) ksocklnd(O) lnet(O) libcfs(O)
00051 CPU: 0 UID: 0 PID: 1733 Comm: mdt00_002 Tainted: G        W  O        7.0.0-ktest-21af419-6330a45-20260729-dirty #1 PREEMPT 
00051 Tainted: [W]=WARN, [O]=OOT_MODULE
00051 Hardware name: QEMU Standard PC (Q35 + ICH9, 2009), BIOS 2025.11-3ubuntu7 03/31/2026
00051 RIP: 0010:osd_create+0x9cf/0xcf0 [osd_wbcfs]
00051 Code: c7 c7 00 96 7b a1 48 c7 c6 a0 12 7d a1 48 c7 c2 00 1c 7d a1 e8 52 f1 43 ff 48 c7 c7 00 96 7b a1 e8 46 81 44 ff e9 fe fc ff ff <0f> 0b e9 a5 fa ff ff 48 c7 c1 80 44 5d a0 80 e1 07 80 c1 03 38 c1
00051 RSP: 0018:ffffc900012ff5a8 EFLAGS: 00010246
00051 RAX: 0000000000000000 RBX: ffff888133423c00 RCX: 0000000000000046
00051 RDX: 0000000000000000 RSI: ffff88802dd11f30 RDI: ffff88802f2a2a58
00051 RBP: ffff88802dd11ea0 R08: ffff8881080a7803 R09: 1ffff11021014f00
00051 R10: dffffc0000000000 R11: ffffed1021014f01 R12: ffff88811dd7a2c8
00051 R13: dffffc0000000000 R14: 1ffff11026684780 R15: 1ffff110077ecac8
00051 FS:  0000000000000000(0000) GS:ffff8881d4a2a000(0000) knlGS:0000000000000000
00051 CS:  0010 DS: 0000 ES: 0000 CR0: 0000000080050033
00051 CR2: 00007feb024ee200 CR3: 0000000004274000 CR4: 0000000000750eb0
00051 PKRU: 55555554
00051 Call Trace:
00051  <TASK>
00051  ? lod_sub_create+0x168a/0x1940 [lod]
00051  ? dt_write_lock+0x16d/0x2a0 [obdclass]
00051  ? lod_create+0x10d/0x720 [lod]
00051  ? mdd_create_object_internal+0x18f/0x320 [mdd]
00051  ? mdd_create_object+0xab/0x1ce0 [mdd]
00051  ? mdd_create+0x2032/0x4110 [mdd]
00051  ? mdt_reint_create+0x2768/0x4e80 [mdt]
00051  ? mdt_reint_rec+0x10f/0x530 [mdt]
00051  ? mdt_reint_internal+0x9d5/0x11a0 [mdt]
00051  ? tsi2mdt_info+0x319/0x520 [mdt]
00051  ? mdt_reint+0x115/0x270 [mdt]
00051  ? tgt_request_handle+0x23ad/0x3d30 [ptlrpc]
00051  ? ptlrpc_main+0x6359/0x96f0 [ptlrpc]
00051  ? __kthread_parkme+0x73/0x130
00051  ? kthread+0x2cd/0x3a0
00051  ? ptlrpc_start_thread+0x1f10/0x1f10 [ptlrpc]
00051  ? kthread_unuse_mm+0x130/0x130
00051  ? ret_from_fork+0x18c/0x520
00051  ? kthread_unuse_mm+0x130/0x130
00051  ? ret_from_fork_asm+0x11/0x20
00051  </TASK>
00051 ---[ end trace 0000000000000000 ]---
00051 ------------[ cut here ]------------
00051 WARNING: /home/ktest/git/linux/include/linux/fs.h:889 at ll_iget+0x592/0x850 [lustre], CPU#2: mkdir/3393
00051 Modules linked in: ofd(O) osp(O) mdd(O) lod(O) mdt(O) lquota(O) lfsck(O) mgs(O) osd_wbcfs(O) lustre(O) obdecho(O) mgc(O) mdc(O) lov(O) osc(O) lmv(O) ec(O) fid(O) fld(O) ptlrpc(O) efivarfs obdclass(O) ksocklnd(O) lnet(O) libcfs(O)
00051 CPU: 2 UID: 0 PID: 3393 Comm: mkdir Tainted: G        W  O        7.0.0-ktest-21af419-6330a45-20260729-dirty #1 PREEMPT 
00051 Tainted: [W]=WARN, [O]=OOT_MODULE
00051 Hardware name: QEMU Standard PC (Q35 + ICH9, 2009), BIOS 2025.11-3ubuntu7 03/31/2026
00051 RIP: 0010:ll_iget+0x592/0x850 [lustre]
00051 Code: 48 c7 c6 40 52 76 a1 48 c7 c2 80 52 76 a1 e8 45 76 d4 fe 48 c7 c7 80 d7 a6 a1 e8 39 06 d5 fe 48 89 df 4c 89 fe e9 34 fb ff ff <0f> 0b e9 89 fb ff ff 0f 0b e9 f0 fc ff ff 48 c7 c1 80 44 5d a0 80
00051 RSP: 0018:ffffc90009c3f9f0 EFLAGS: 00010246
00051 RAX: 0000000000000000 RBX: ffff88802d99ba40 RCX: 0000000000000046
00051 RDX: 0000000000000000 RSI: ffff88802d99bad0 RDI: ffff88811bb6cb18
00051 RBP: ffff88802c5dc000 R08: ffff88813814a883 R09: 1ffff11027029510
00051 R10: dffffc0000000000 R11: ffffed1027029511 R12: dffffc0000000000
00051 R13: dffffc0000000000 R14: ffffc90009c3faa8 R15: 0200000402000005
00051 FS:  00007f685e6dad00(0000) GS:ffff8881d4b2a000(0000) knlGS:0000000000000000
00051 CS:  0010 DS: 0000 ES: 0000 CR0: 0000000080050033
00051 CR2: 00007f685e4f59d0 CR3: 0000000134722000 CR4: 0000000000750eb0
00051 PKRU: 55555554
00051 Call Trace:
00051  <TASK>
00051  ll_prep_inode+0x682/0x1310 [lustre]
00051  ll_new_node_finish+0x179/0x930 [lustre]
00051  ll_new_node+0xd7f/0x1740 [lustre]
00051  ll_mkdir+0x44e/0xf10 [lustre]
00051  vfs_mkdir+0x3c0/0x630
00051  filename_mkdirat+0x14c/0x300
00051  __x64_sys_mkdir+0x74/0x140
00051  do_syscall_64+0xc1/0x350
00051  entry_SYSCALL_64_after_hwframe+0x4b/0x53
00051 RIP: 0033:0x7f685e51b05b
00051 Code: 0f 1e fa 48 89 f2 b9 00 01 00 00 48 89 fe bf 9c ff ff ff e9 97 c3 ff ff 0f 1f 80 00 00 00 00 f3 0f 1e fa b8 53 00 00 00 0f 05 <48> 3d 00 f0 ff ff 77 05 c3 0f 1f 40 00 48 8b 15 89 7d 0e 00 f7 d8
00051 RSP: 002b:00007ffdaf1de8f8 EFLAGS: 00000246 ORIG_RAX: 0000000000000053
00051 RAX: ffffffffffffffda RBX: 00007ffdaf1e0837 RCX: 00007f685e51b05b
00051 RDX: 0000000000000000 RSI: 00000000000001ff RDI: 00007ffdaf1e0837
00051 RBP: 00007ffdaf1dea10 R08: 00000000000001ff R09: 0000000000000000
00051 R10: 000055689d64227e R11: 0000000000000246 R12: 00000000000001ff
00051 R13: 0000000000000000 R14: 0000000000000000 R15: 0000000000000000
00051  </TASK>
00051 ---[ end trace 0000000000000000 ]---
00052 ------------[ cut here ]------------
00052 WARNING: /home/ktest/git/linux/include/linux/fs.h:889 at ll_iget+0x592/0x850 [lustre], CPU#1: ln/3404
00052 Modules linked in: ofd(O) osp(O) mdd(O) lod(O) mdt(O) lquota(O) lfsck(O) mgs(O) osd_wbcfs(O) lustre(O) obdecho(O) mgc(O) mdc(O) lov(O) osc(O) lmv(O) ec(O) fid(O) fld(O) ptlrpc(O) efivarfs obdclass(O) ksocklnd(O) lnet(O) libcfs(O)
00052 CPU: 1 UID: 0 PID: 3404 Comm: ln Tainted: G        W  O        7.0.0-ktest-21af419-6330a45-20260729-dirty #1 PREEMPT 
00052 Tainted: [W]=WARN, [O]=OOT_MODULE
00052 Hardware name: QEMU Standard PC (Q35 + ICH9, 2009), BIOS 2025.11-3ubuntu7 03/31/2026
00052 RIP: 0010:ll_iget+0x592/0x850 [lustre]
00052 Code: 48 c7 c6 40 52 76 a1 48 c7 c2 80 52 76 a1 e8 45 76 d4 fe 48 c7 c7 80 d7 a6 a1 e8 39 06 d5 fe 48 89 df 4c 89 fe e9 34 fb ff ff <0f> 0b e9 89 fb ff ff 0f 0b e9 f0 fc ff ff 48 c7 c1 80 44 5d a0 80
00052 RSP: 0018:ffffc90009c7f748 EFLAGS: 00010246
00052 RAX: 0000000000000000 RBX: ffff88802d99ba40 RCX: 0000000000000046
00052 RDX: 0000000000000000 RSI: ffff88802d99bad0 RDI: ffff888079160970
00052 RBP: ffff88802c5dc000 R08: ffffffff83a16803 R09: 1ffffffff0742d00
00052 R10: dffffc0000000000 R11: fffffbfff0742d01 R12: dffffc0000000000
00052 R13: dffffc0000000000 R14: ffffc90009c7f800 R15: 0200000402000005
00052 FS:  00007fd4f4185740(0000) GS:ffff8881d4aaa000(0000) knlGS:0000000000000000
00052 CS:  0010 DS: 0000 ES: 0000 CR0: 0000000080050033
00052 CR2: 000055eef9e652a0 CR3: 0000000137869000 CR4: 0000000000750eb0
00052 PKRU: 55555554
00052 Call Trace:
00052  <TASK>
00052  ll_prep_inode+0x682/0x1310 [lustre]
00052  ? lustre_swab_barrier_lvb+0xd0/0xd0 [ptlrpc]
00052  ll_lookup_it+0x168c/0x4650 [lustre]
00052  ? encode_fn_len+0xd3/0xb10 [obdclass]
00052  ll_lookup_nd+0x2a7/0x4f0 [lustre]
00052  __lookup_slow+0x1a2/0x260
00052  lookup_slow+0x53/0x70
00052  link_path_walk+0xac4/0x13d0
00052  __filename_parentat+0x1a7/0x400
00052  ? handle_mm_fault+0xefd/0x2dc0
00052  ? handle_mm_fault+0xfa8/0x2dc0
00052  filename_create+0x47/0x240
00052  filename_symlinkat+0x84/0x2c0
00052  ? do_getname+0xb3/0x190
00052  __x64_sys_symlinkat+0x9c/0x270
00052  do_syscall_64+0xc1/0x350
00052  entry_SYSCALL_64_after_hwframe+0x4b/0x53
00052 RIP: 0033:0x7fd4f3f1bfdb
00052 Code: 77 05 c3 0f 1f 40 00 48 8b 15 39 6e 0e 00 f7 d8 64 89 02 b8 ff ff ff ff c3 66 0f 1f 44 00 00 f3 0f 1e fa b8 0a 01 00 00 0f 05 <48> 3d 01 f0 ff ff 73 01 c3 48 8b 0d 0d 6e 0e 00 f7 d8 64 89 01 48
00052 RSP: 002b:00007ffeebc67e58 EFLAGS: 00000246 ORIG_RAX: 000000000000010a
00052 RAX: ffffffffffffffda RBX: 0000000000000002 RCX: 00007fd4f3f1bfdb
00052 RDX: 00007ffeebc69839 RSI: 00000000ffffff9c RDI: 00007ffeebc697fd
00052 RBP: 00007ffeebc67e60 R08: 00000000ffffffff R09: 0000000000000000
00052 R10: 000055b9aa644303 R11: 0000000000000246 R12: 00007ffeebc680b8
00052 R13: 000055b9aa645714 R14: 000055b9aa644301 R15: 000055b9aa647960
00052  </TASK>
00052 ---[ end trace 0000000000000000 ]---
00052 ------------[ cut here ]------------
00052 WARNING: /home/ktest/git/linux/include/linux/fs.h:889 at ll_iget+0x599/0x850 [lustre], CPU#1: ln/3404
00052 Modules linked in: ofd(O) osp(O) mdd(O) lod(O) mdt(O) lquota(O) lfsck(O) mgs(O) osd_wbcfs(O) lustre(O) obdecho(O) mgc(O) mdc(O) lov(O) osc(O) lmv(O) ec(O) fid(O) fld(O) ptlrpc(O) efivarfs obdclass(O) ksocklnd(O) lnet(O) libcfs(O)
00052 CPU: 1 UID: 0 PID: 3404 Comm: ln Tainted: G        W  O        7.0.0-ktest-21af419-6330a45-20260729-dirty #1 PREEMPT 
00052 Tainted: [W]=WARN, [O]=OOT_MODULE
00052 Hardware name: QEMU Standard PC (Q35 + ICH9, 2009), BIOS 2025.11-3ubuntu7 03/31/2026
00052 RIP: 0010:ll_iget+0x599/0x850 [lustre]
00052 Code: 48 c7 c2 80 52 76 a1 e8 45 76 d4 fe 48 c7 c7 80 d7 a6 a1 e8 39 06 d5 fe 48 89 df 4c 89 fe e9 34 fb ff ff 0f 0b e9 89 fb ff ff <0f> 0b e9 f0 fc ff ff 48 c7 c1 80 44 5d a0 80 e1 07 80 c1 03 38 c1
00052 RSP: 0018:ffffc90009c7f748 EFLAGS: 00010246
00052 RAX: 0000000000000000 RBX: ffff88802d99ba40 RCX: 0000000000000046
00052 RDX: 0000000000000000 RSI: ffff88802d99bad0 RDI: ffff888079160970
00052 RBP: ffff88802c5dc000 R08: ffffffff83a16803 R09: 1ffffffff0742d00
00052 R10: dffffc0000000000 R11: fffffbfff0742d01 R12: dffffc0000000000
00052 R13: 1ffff11005b33761 R14: ffffc90009c7f800 R15: ffff88802d99bb08
00052 FS:  00007fd4f4185740(0000) GS:ffff8881d4aaa000(0000) knlGS:0000000000000000
00052 CS:  0010 DS: 0000 ES: 0000 CR0: 0000000080050033
00052 CR2: 000055eef9e652a0 CR3: 0000000137869000 CR4: 0000000000750eb0
00052 PKRU: 55555554
00052 Call Trace:
00052  <TASK>
00052  ll_prep_inode+0x682/0x1310 [lustre]
00052  ? lustre_swab_barrier_lvb+0xd0/0xd0 [ptlrpc]
00052  ll_lookup_it+0x168c/0x4650 [lustre]
00052  ? encode_fn_len+0xd3/0xb10 [obdclass]
00052  ll_lookup_nd+0x2a7/0x4f0 [lustre]
00052  __lookup_slow+0x1a2/0x260
00052  lookup_slow+0x53/0x70
00052  link_path_walk+0xac4/0x13d0
00052  __filename_parentat+0x1a7/0x400
00052  ? handle_mm_fault+0xefd/0x2dc0
00052  ? handle_mm_fault+0xfa8/0x2dc0
00052  filename_create+0x47/0x240
00052  filename_symlinkat+0x84/0x2c0
00052  ? do_getname+0xb3/0x190
00052  __x64_sys_symlinkat+0x9c/0x270
00052  do_syscall_64+0xc1/0x350
00052  entry_SYSCALL_64_after_hwframe+0x4b/0x53
00052 RIP: 0033:0x7fd4f3f1bfdb
00052 Code: 77 05 c3 0f 1f 40 00 48 8b 15 39 6e 0e 00 f7 d8 64 89 02 b8 ff ff ff ff c3 66 0f 1f 44 00 00 f3 0f 1e fa b8 0a 01 00 00 0f 05 <48> 3d 01 f0 ff ff 73 01 c3 48 8b 0d 0d 6e 0e 00 f7 d8 64 89 01 48
00052 RSP: 002b:00007ffeebc67e58 EFLAGS: 00000246 ORIG_RAX: 000000000000010a
00052 RAX: ffffffffffffffda RBX: 0000000000000002 RCX: 00007fd4f3f1bfdb
00052 RDX: 00007ffeebc69839 RSI: 00000000ffffff9c RDI: 00007ffeebc697fd
00052 RBP: 00007ffeebc67e60 R08: 00000000ffffffff R09: 0000000000000000
00052 R10: 000055b9aa644303 R11: 0000000000000246 R12: 00007ffeebc680b8
00052 R13: 000055b9aa645714 R14: 000055b9aa644301 R15: 000055b9aa647960
00052  </TASK>
00052 ---[ end trace 0000000000000000 ]---
00052 ln: failed to create symbolic link '/mnt/lustre/d17g.sanity/f59': Operation not supported
00052  sanity test_17g: @@@@@@ FAIL: failed 59-char symlink 
00052 Lustre: DEBUG MARKER: sanity test_17g: @@@@@@ FAIL: failed 59-char symlink
00052   Trace dump:
00052   = /host/home/ktest/git/lustre-release/lustre/tests/test-framework.sh:7447:error()
00052   = /host/home/ktest/git/lustre-release/lustre/tests/sanity.sh:692:test_17g()
00052   = /host/home/ktest/git/lustre-release/lustre/tests/test-framework.sh:7823:run_one()
00052   = /host/home/ktest/git/lustre-release/lustre/tests/test-framework.sh:7886:run_one_logged()
00052   = /host/home/ktest/git/lustre-release/lustre/tests/test-framework.sh:7686:run_test()
00052   = /host/home/ktest/git/lustre-release/lustre/tests/sanity.sh:696:main()
00052 Dumping lctl log to /tmp/test_logs/2026-07-29/123223/sanity.test_17g.*.1785328356.log
00052 Dumping logs only on local client.
00052 FAIL 17g (1s)
00052 
00052 == sanity test 17h: create objects: lov_free_memmd() doesn't lbug ========================================================== 12:32:36 (1785328356)
00052 Lustre: DEBUG MARKER: == sanity test 17h: create objects: lov_free_memmd() doesn't lbug ========================================================== 12:32:36 (1785328356)
00053 
00053  SKIP: sanity test_17h remote MDS with nodsh
00053 Lustre: DEBUG MARKER: SKIP: sanity test_17h remote MDS with nodsh
00053 SKIP 17h (1s)
00053 
00053 == sanity test 17i: don't panic on short symlink (should return error) ========================================================== 12:32:37 (1785328357)
00053 Lustre: DEBUG MARKER: == sanity test 17i: don't panic on short symlink (should return error) ========================================================== 12:32:37 (1785328357)
00053 
00053  SKIP: sanity test_17i remote MDS with nodsh
00054 Lustre: DEBUG MARKER: SKIP: sanity test_17i remote MDS with nodsh
00054 SKIP 17i (0s)
00054 
00054 == sanity test 17k: symlinks: rsync with xattrs enabled == 12:32:38 (1785328358)
00054 Lustre: DEBUG MARKER: == sanity test 17k: symlinks: rsync with xattrs enabled == 12:32:38 (1785328358)
00054 ------------[ cut here ]------------
00054 WARNING: /home/ktest/git/linux/include/linux/fs.h:889 at osd_create+0x9cf/0xcf0 [osd_wbcfs], CPU#3: mdt00_003/1759
00054 Modules linked in: ofd(O) osp(O) mdd(O) lod(O) mdt(O) lquota(O) lfsck(O) mgs(O) osd_wbcfs(O) lustre(O) obdecho(O) mgc(O) mdc(O) lov(O) osc(O) lmv(O) ec(O) fid(O) fld(O) ptlrpc(O) efivarfs obdclass(O) ksocklnd(O) lnet(O) libcfs(O)
00054 CPU: 3 UID: 0 PID: 1759 Comm: mdt00_003 Tainted: G        W  O        7.0.0-ktest-21af419-6330a45-20260729-dirty #1 PREEMPT 
00054 Tainted: [W]=WARN, [O]=OOT_MODULE
00054 Hardware name: QEMU Standard PC (Q35 + ICH9, 2009), BIOS 2025.11-3ubuntu7 03/31/2026
00054 RIP: 0010:osd_create+0x9cf/0xcf0 [osd_wbcfs]
00054 Code: c7 c7 00 96 7b a1 48 c7 c6 a0 12 7d a1 48 c7 c2 00 1c 7d a1 e8 52 f1 43 ff 48 c7 c7 00 96 7b a1 e8 46 81 44 ff e9 fe fc ff ff <0f> 0b e9 a5 fa ff ff 48 c7 c1 80 44 5d a0 80 e1 07 80 c1 03 38 c1
00054 RSP: 0018:ffffc900017075a8 EFLAGS: 00010246
00054 RAX: 0000000000000000 RBX: ffff8880074a7000 RCX: 0000000000000046
00054 RDX: 0000000000000000 RSI: ffff88802b7ab478 RDI: ffff88813875aa58
00054 RBP: ffff88802b7ab3e8 R08: ffff8881080a7a43 R09: 1ffff11021014f48
00054 R10: dffffc0000000000 R11: ffffed1021014f49 R12: ffff888107fc82c8
00054 R13: dffffc0000000000 R14: 1ffff11000e94e00 R15: 1ffff1100627d2c8
00054 FS:  0000000000000000(0000) GS:ffff8881d4baa000(0000) knlGS:0000000000000000
00054 CS:  0010 DS: 0000 ES: 0000 CR0: 0000000080050033
00054 CR2: 00007f5e2d8ee200 CR3: 0000000004274000 CR4: 0000000000750eb0
00054 PKRU: 55555554
00054 Call Trace:
00054  <TASK>
00054  ? lod_sub_create+0x168a/0x1940 [lod]
00054  ? lod_create+0x10d/0x720 [lod]
00054  ? mdd_create_object_internal+0x18f/0x320 [mdd]
00054  ? mdd_create_object+0xab/0x1ce0 [mdd]
00054  ? mdd_create+0x2032/0x4110 [mdd]
00054  ? mdt_reint_create+0x2768/0x4e80 [mdt]
00054  ? mdt_reint_rec+0x10f/0x530 [mdt]
00054  ? mdt_reint_internal+0x9d5/0x11a0 [mdt]
00054  ? tsi2mdt_info+0x319/0x520 [mdt]
00054  ? mdt_reint+0x115/0x270 [mdt]
00054  ? tgt_request_handle+0x23ad/0x3d30 [ptlrpc]
00054  ? ptlrpc_main+0x6359/0x96f0 [ptlrpc]
00054  ? __kthread_parkme+0x73/0x130
00054  ? kthread+0x2cd/0x3a0
00054  ? ptlrpc_start_thread+0x1f10/0x1f10 [ptlrpc]
00054  ? kthread_unuse_mm+0x130/0x130
00054  ? ret_from_fork+0x18c/0x520
00054  ? kthread_unuse_mm+0x130/0x130
00054  ? ret_from_fork_asm+0x11/0x20
00054  </TASK>
00054 ---[ end trace 0000000000000000 ]---
00054 LustreError: 1736:0:(osd_dirent.c:113:osd_index_dir_insert()) lustre-MDT0000: lookup [0x240000402:0x3:0x0] from icache failed: rc=-22
00054 Lustre: 1736:0:(out_handler.c:886:out_tx_end()) lustre-MDT0000-osd: error during execution of #0 from lustre/ptlrpc/../target/out_handler.c:535: rc = -22
00054 mkdir: cannot create directory '/mnt/lustre/d17k.sanity': Invalid argument
00054  sanity test_17k: @@@@@@ FAIL: mkdir '/mnt/lustre/d17k.sanity' failed 
00054 Lustre: DEBUG MARKER: sanity test_17k: @@@@@@ FAIL: mkdir '/mnt/lustre/d17k.sanity' failed
00054   Trace dump:
00054   = /host/home/ktest/git/lustre-release/lustre/tests/test-framework.sh:7447:error()
00054   = /host/home/ktest/git/lustre-release/lustre/tests/test-framework.sh:10495:test_mkdir()
00054   = /host/home/ktest/git/lustre-release/lustre/tests/sanity.sh:736:test_17k()
00054   = /host/home/ktest/git/lustre-release/lustre/tests/test-framework.sh:7823:run_one()
00054   = /host/home/ktest/git/lustre-release/lustre/tests/test-framework.sh:7886:run_one_logged()
00054   = /host/home/ktest/git/lustre-release/lustre/tests/test-framework.sh:7686:run_test()
00054   = /host/home/ktest/git/lustre-release/lustre/tests/sanity.sh:743:main()
00054 Dumping lctl log to /tmp/test_logs/2026-07-29/123223/sanity.test_17k.*.1785328358.log
00054 Dumping logs only on local client.
00054 FAIL 17k (1s)
00054 
00054 == sanity test 17l: Ensure lgetxattr's returned xattr size is consistent ========================================================== 12:32:38 (1785328358)
00055 Lustre: DEBUG MARKER: == sanity test 17l: Ensure lgetxattr's returned xattr size is consistent ========================================================== 12:32:38 (1785328358)
00055 ------------[ cut here ]------------
00055 WARNING: /home/ktest/git/linux/include/linux/fs.h:889 at osd_create+0x9cf/0xcf0 [osd_wbcfs], CPU#0: mdt00_002/1733
00055 Modules linked in: ofd(O) osp(O) mdd(O) lod(O) mdt(O) lquota(O) lfsck(O) mgs(O) osd_wbcfs(O) lustre(O) obdecho(O) mgc(O) mdc(O) lov(O) osc(O) lmv(O) ec(O) fid(O) fld(O) ptlrpc(O) efivarfs obdclass(O) ksocklnd(O) lnet(O) libcfs(O)
00055 CPU: 0 UID: 0 PID: 1733 Comm: mdt00_002 Tainted: G        W  O        7.0.0-ktest-21af419-6330a45-20260729-dirty #1 PREEMPT 
00055 Tainted: [W]=WARN, [O]=OOT_MODULE
00055 Hardware name: QEMU Standard PC (Q35 + ICH9, 2009), BIOS 2025.11-3ubuntu7 03/31/2026
00055 RIP: 0010:osd_create+0x9cf/0xcf0 [osd_wbcfs]
00055 Code: c7 c7 00 96 7b a1 48 c7 c6 a0 12 7d a1 48 c7 c2 00 1c 7d a1 e8 52 f1 43 ff 48 c7 c7 00 96 7b a1 e8 46 81 44 ff e9 fe fc ff ff <0f> 0b e9 a5 fa ff ff 48 c7 c1 80 44 5d a0 80 e1 07 80 c1 03 38 c1
00055 RSP: 0018:ffffc900012ff5a8 EFLAGS: 00010246
00055 RAX: 0000000000000000 RBX: ffff8881194db800 RCX: 0000000000000046
00055 RDX: 0000000000000000 RSI: ffff88802dd11818 RDI: ffff88802f2a2a58
00055 RBP: ffff88802dd11788 R08: ffff8881080a7803 R09: 1ffff11021014f00
00055 R10: dffffc0000000000 R11: ffffed1021014f01 R12: ffff88811dd7a2c8
00055 R13: dffffc0000000000 R14: 1ffff1102329b700 R15: 1ffff110077ecac8
00055 FS:  0000000000000000(0000) GS:ffff8881d4a2a000(0000) knlGS:0000000000000000
00055 CS:  0010 DS: 0000 ES: 0000 CR0: 0000000080050033
00055 CR2: 000055eef9e743d0 CR3: 000000002ae27000 CR4: 0000000000750eb0
00055 PKRU: 55555554
00055 Call Trace:
00055  <TASK>
00055  ? lod_sub_create+0x168a/0x1940 [lod]
00055  ? dt_write_lock+0x16d/0x2a0 [obdclass]
00055  ? lod_create+0x10d/0x720 [lod]
00055  ? mdd_create_object_internal+0x18f/0x320 [mdd]
00055  ? mdd_create_object+0xab/0x1ce0 [mdd]
00055  ? mdd_create+0x2032/0x4110 [mdd]
00055  ? mdt_reint_create+0x2768/0x4e80 [mdt]
00055  ? mdt_reint_rec+0x10f/0x530 [mdt]
00055  ? mdt_reint_internal+0x9d5/0x11a0 [mdt]
00055  ? tsi2mdt_info+0x319/0x520 [mdt]
00055  ? mdt_reint+0x115/0x270 [mdt]
00055  ? tgt_request_handle+0x23ad/0x3d30 [ptlrpc]
00055  ? ptlrpc_main+0x6359/0x96f0 [ptlrpc]
00055  ? __kthread_parkme+0x73/0x130
00055  ? kthread+0x2cd/0x3a0
00055  ? ptlrpc_start_thread+0x1f10/0x1f10 [ptlrpc]
00055  ? kthread_unuse_mm+0x130/0x130
00055  ? ret_from_fork+0x18c/0x520
00055  ? kthread_unuse_mm+0x130/0x130
00055  ? ret_from_fork_asm+0x11/0x20
00055  </TASK>
00055 ---[ end trace 0000000000000000 ]---
00055 ------------[ cut here ]------------
00055 WARNING: /home/ktest/git/linux/include/linux/fs.h:889 at ll_iget+0x592/0x850 [lustre], CPU#3: mkdir/3768
00055 Modules linked in: ofd(O) osp(O) mdd(O) lod(O) mdt(O) lquota(O) lfsck(O) mgs(O) osd_wbcfs(O) lustre(O) obdecho(O) mgc(O) mdc(O) lov(O) osc(O) lmv(O) ec(O) fid(O) fld(O) ptlrpc(O) efivarfs obdclass(O) ksocklnd(O) lnet(O) libcfs(O)
00055 CPU: 3 UID: 0 PID: 3768 Comm: mkdir Tainted: G        W  O        7.0.0-ktest-21af419-6330a45-20260729-dirty #1 PREEMPT 
00055 Tainted: [W]=WARN, [O]=OOT_MODULE
00055 Hardware name: QEMU Standard PC (Q35 + ICH9, 2009), BIOS 2025.11-3ubuntu7 03/31/2026
00055 RIP: 0010:ll_iget+0x592/0x850 [lustre]
00055 Code: 48 c7 c6 40 52 76 a1 48 c7 c2 80 52 76 a1 e8 45 76 d4 fe 48 c7 c7 80 d7 a6 a1 e8 39 06 d5 fe 48 89 df 4c 89 fe e9 34 fb ff ff <0f> 0b e9 89 fb ff ff 0f 0b e9 f0 fc ff ff 48 c7 c1 80 44 5d a0 80
00055 RSP: 0018:ffffc9000a33f9f0 EFLAGS: 00010246
00055 RAX: 0000000000000000 RBX: ffff88807bc256c0 RCX: 0000000000000046
00055 RDX: 0000000000000000 RSI: ffff88807bc25750 RDI: ffff88801d5d4b18
00055 RBP: ffff88802c5dc000 R08: ffff88813814a883 R09: 1ffff11027029510
00055 R10: dffffc0000000000 R11: ffffed1027029511 R12: dffffc0000000000
00055 R13: dffffc0000000000 R14: ffffc9000a33faa8 R15: 0200000402000007
00055 FS:  00007f9277f4ed00(0000) GS:ffff8881d4baa000(0000) knlGS:0000000000000000
00055 CS:  0010 DS: 0000 ES: 0000 CR0: 0000000080050033
00055 CR2: 00007f9277cf59d0 CR3: 000000003104a000 CR4: 0000000000750eb0
00055 PKRU: 55555554
00055 Call Trace:
00055  <TASK>
00055  ll_prep_inode+0x682/0x1310 [lustre]
00055  ll_new_node_finish+0x179/0x930 [lustre]
00055  ll_new_node+0xd7f/0x1740 [lustre]
00055  ll_mkdir+0x44e/0xf10 [lustre]
00055  vfs_mkdir+0x3c0/0x630
00055  filename_mkdirat+0x14c/0x300
00055  __x64_sys_mkdir+0x74/0x140
00055  do_syscall_64+0xc1/0x350
00055  entry_SYSCALL_64_after_hwframe+0x4b/0x53
00055 RIP: 0033:0x7f9277d1b05b
00055 Code: 0f 1e fa 48 89 f2 b9 00 01 00 00 48 89 fe bf 9c ff ff ff e9 97 c3 ff ff 0f 1f 80 00 00 00 00 f3 0f 1e fa b8 53 00 00 00 0f 05 <48> 3d 00 f0 ff ff 77 05 c3 0f 1f 40 00 48 8b 15 89 7d 0e 00 f7 d8
00055 RSP: 002b:00007ffd37fec808 EFLAGS: 00000246 ORIG_RAX: 0000000000000053
00055 RAX: ffffffffffffffda RBX: 00007ffd37fed837 RCX: 00007f9277d1b05b
00055 RDX: 0000000000000000 RSI: 00000000000001ff RDI: 00007ffd37fed837
00055 RBP: 00007ffd37fec920 R08: 00000000000001ff R09: 0000000000000000
00055 R10: 0000556af9e8d27e R11: 0000000000000246 R12: 00000000000001ff
00055 R13: 0000000000000000 R14: 0000000000000000 R15: 0000000000000000
00055  </TASK>
00055 ---[ end trace 0000000000000000 ]---
00055 ------------[ cut here ]------------
00055 WARNING: /home/ktest/git/linux/include/linux/fs.h:889 at ll_iget+0x592/0x850 [lustre], CPU#1: touch/3769
00055 Modules linked in: ofd(O) osp(O) mdd(O) lod(O) mdt(O) lquota(O) lfsck(O) mgs(O) osd_wbcfs(O) lustre(O) obdecho(O) mgc(O) mdc(O) lov(O) osc(O) lmv(O) ec(O) fid(O) fld(O) ptlrpc(O) efivarfs obdclass(O) ksocklnd(O) lnet(O) libcfs(O)
00055 CPU: 1 UID: 0 PID: 3769 Comm: touch Tainted: G        W  O        7.0.0-ktest-21af419-6330a45-20260729-dirty #1 PREEMPT 
00055 Tainted: [W]=WARN, [O]=OOT_MODULE
00055 Hardware name: QEMU Standard PC (Q35 + ICH9, 2009), BIOS 2025.11-3ubuntu7 03/31/2026
00055 RIP: 0010:ll_iget+0x592/0x850 [lustre]
00055 Code: 48 c7 c6 40 52 76 a1 48 c7 c2 80 52 76 a1 e8 45 76 d4 fe 48 c7 c7 80 d7 a6 a1 e8 39 06 d5 fe 48 89 df 4c 89 fe e9 34 fb ff ff <0f> 0b e9 89 fb ff ff 0f 0b e9 f0 fc ff ff 48 c7 c1 80 44 5d a0 80
00055 RSP: 0018:ffffc9000a34f610 EFLAGS: 00010246
00055 RAX: 0000000000000000 RBX: ffff88807bc256c0 RCX: 0000000000000046
00055 RDX: 0000000000000000 RSI: ffff88807bc25750 RDI: ffff888040834af0
00055 RBP: ffff88802c5dc000 R08: ffffffff83a16803 R09: 1ffffffff0742d00
00055 R10: dffffc0000000000 R11: fffffbfff0742d01 R12: dffffc0000000000
00055 R13: dffffc0000000000 R14: ffffc9000a34f6c8 R15: 0200000402000007
00055 FS:  00007fbc3bc80740(0000) GS:ffff8881d4aaa000(0000) knlGS:0000000000000000
00055 CS:  0010 DS: 0000 ES: 0000 CR0: 0000000080050033
00055 CR2: 00007fbc3baf59d0 CR3: 000000002e679000 CR4: 0000000000750eb0
00055 PKRU: 55555554
00055 Call Trace:
00055  <TASK>
00055  ll_prep_inode+0x682/0x1310 [lustre]
00055  ? lustre_swab_barrier_lvb+0xd0/0xd0 [ptlrpc]
00055  ll_lookup_it+0x168c/0x4650 [lustre]
00055  ? d_alloc_parallel+0xe4f/0xfb0
00055  ll_lookup_nd+0x2a7/0x4f0 [lustre]
00055  __lookup_slow+0x1a2/0x260
00055  lookup_slow+0x53/0x70
00055  link_path_walk+0xac4/0x13d0
00055  path_openat+0x236/0x2630
00055  ? kasan_save_track+0x2f/0x60
00055  ? kmem_cache_alloc_noprof+0xea/0x3d0
00055  ? do_getname+0x67/0x190
00055  ? __x64_sys_openat+0xf8/0x120
00055  ? do_syscall_64+0xc1/0x350
00055  ? filemap_map_pages+0x14c/0x1210
00055  do_file_open+0x19b/0x360
00055  ? _raw_spin_unlock+0x23/0x40
00055  ? alloc_fd+0x42c/0x480
00055  do_sys_openat2+0x84/0xf0
00055  __x64_sys_openat+0xf8/0x120
00055  do_syscall_64+0xc1/0x350
00055  entry_SYSCALL_64_after_hwframe+0x4b/0x53
00055 RIP: 0033:0x7fbc3bb1b1a5
00055 Code: 83 e2 40 75 50 89 f0 f7 d0 a9 00 00 41 00 74 45 80 3d ae fe 0e 00 00 74 60 89 da 4c 89 e6 bf 9c ff ff ff b8 01 01 00 00 0f 05 <48> 3d 00 f0 ff ff 0f 87 7f 00 00 00 48 8b 55 b8 64 48 2b 14 25 28
00055 RSP: 002b:00007ffcc0df3700 EFLAGS: 00000202 ORIG_RAX: 0000000000000101
00055 RAX: ffffffffffffffda RBX: 0000000000000941 RCX: 00007fbc3bb1b1a5
00055 RDX: 0000000000000941 RSI: 00007ffcc0df482b RDI: 00000000ffffff9c
00055 RBP: 00007ffcc0df3770 R08: 00000000ffffffff R09: 0000000000000000
00055 R10: 00000000000001b6 R11: 0000000000000202 R12: 00007ffcc0df482b
00055 R13: 00007fbc3bc03248 R14: 0000000000000000 R15: 0000000000000001
00055  </TASK>
00055 ---[ end trace 0000000000000000 ]---
00055 ------------[ cut here ]------------
00055 WARNING: /home/ktest/git/linux/include/linux/fs.h:889 at ll_iget+0x599/0x850 [lustre], CPU#1: touch/3769
00055 Modules linked in: ofd(O) osp(O) mdd(O) lod(O) mdt(O) lquota(O) lfsck(O) mgs(O) osd_wbcfs(O) lustre(O) obdecho(O) mgc(O) mdc(O) lov(O) osc(O) lmv(O) ec(O) fid(O) fld(O) ptlrpc(O) efivarfs obdclass(O) ksocklnd(O) lnet(O) libcfs(O)
00055 CPU: 1 UID: 0 PID: 3769 Comm: touch Tainted: G        W  O        7.0.0-ktest-21af419-6330a45-20260729-dirty #1 PREEMPT 
00055 Tainted: [W]=WARN, [O]=OOT_MODULE
00055 Hardware name: QEMU Standard PC (Q35 + ICH9, 2009), BIOS 2025.11-3ubuntu7 03/31/2026
00055 RIP: 0010:ll_iget+0x599/0x850 [lustre]
00055 Code: 48 c7 c2 80 52 76 a1 e8 45 76 d4 fe 48 c7 c7 80 d7 a6 a1 e8 39 06 d5 fe 48 89 df 4c 89 fe e9 34 fb ff ff 0f 0b e9 89 fb ff ff <0f> 0b e9 f0 fc ff ff 48 c7 c1 80 44 5d a0 80 e1 07 80 c1 03 38 c1
00055 RSP: 0018:ffffc9000a34f610 EFLAGS: 00010246
00055 RAX: 0000000000000000 RBX: ffff88807bc256c0 RCX: 0000000000000046
00055 RDX: 0000000000000000 RSI: ffff88807bc25750 RDI: ffff888040834af0
00055 RBP: ffff88802c5dc000 R08: ffffffff83a16803 R09: 1ffffffff0742d00
00055 R10: dffffc0000000000 R11: fffffbfff0742d01 R12: dffffc0000000000
00055 R13: 1ffff1100f784af1 R14: ffffc9000a34f6c8 R15: ffff88807bc25788
00055 FS:  00007fbc3bc80740(0000) GS:ffff8881d4aaa000(0000) knlGS:0000000000000000
00055 CS:  0010 DS: 0000 ES: 0000 CR0: 0000000080050033
00055 CR2: 00007fbc3baf59d0 CR3: 000000002e679000 CR4: 0000000000750eb0
00055 PKRU: 55555554
00055 Call Trace:
00055  <TASK>
00055  ll_prep_inode+0x682/0x1310 [lustre]
00055  ? lustre_swab_barrier_lvb+0xd0/0xd0 [ptlrpc]
00055  ll_lookup_it+0x168c/0x4650 [lustre]
00055  ? d_alloc_parallel+0xe4f/0xfb0
00055  ll_lookup_nd+0x2a7/0x4f0 [lustre]
00055  __lookup_slow+0x1a2/0x260
00055  lookup_slow+0x53/0x70
00055  link_path_walk+0xac4/0x13d0
00055  path_openat+0x236/0x2630
00055  ? kasan_save_track+0x2f/0x60
00055  ? kmem_cache_alloc_noprof+0xea/0x3d0
00055  ? do_getname+0x67/0x190
00055  ? __x64_sys_openat+0xf8/0x120
00055  ? do_syscall_64+0xc1/0x350
00055  ? filemap_map_pages+0x14c/0x1210
00055  do_file_open+0x19b/0x360
00055  ? _raw_spin_unlock+0x23/0x40
00055  ? alloc_fd+0x42c/0x480
00055  do_sys_openat2+0x84/0xf0
00055  __x64_sys_openat+0xf8/0x120
00055  do_syscall_64+0xc1/0x350
00055  entry_SYSCALL_64_after_hwframe+0x4b/0x53
00055 RIP: 0033:0x7fbc3bb1b1a5
00055 Code: 83 e2 40 75 50 89 f0 f7 d0 a9 00 00 41 00 74 45 80 3d ae fe 0e 00 00 74 60 89 da 4c 89 e6 bf 9c ff ff ff b8 01 01 00 00 0f 05 <48> 3d 00 f0 ff ff 0f 87 7f 00 00 00 48 8b 55 b8 64 48 2b 14 25 28
00055 RSP: 002b:00007ffcc0df3700 EFLAGS: 00000202 ORIG_RAX: 0000000000000101
00055 RAX: ffffffffffffffda RBX: 0000000000000941 RCX: 00007fbc3bb1b1a5
00055 RDX: 0000000000000941 RSI: 00007ffcc0df482b RDI: 00000000ffffff9c
00055 RBP: 00007ffcc0df3770 R08: 00000000ffffffff R09: 0000000000000000
00055 R10: 00000000000001b6 R11: 0000000000000202 R12: 00007ffcc0df482b
00055 R13: 00007fbc3bc03248 R14: 0000000000000000 R15: 0000000000000001
00055  </TASK>
00055 ---[ end trace 0000000000000000 ]---
00055 ------------[ cut here ]------------
00055 WARNING: /home/ktest/git/linux/include/linux/fs.h:889 at osd_create+0x9cf/0xcf0 [osd_wbcfs], CPU#0: mdt00_002/1733
00055 Modules linked in: ofd(O) osp(O) mdd(O) lod(O) mdt(O) lquota(O) lfsck(O) mgs(O) osd_wbcfs(O) lustre(O) obdecho(O) mgc(O) mdc(O) lov(O) osc(O) lmv(O) ec(O) fid(O) fld(O) ptlrpc(O) efivarfs obdclass(O) ksocklnd(O) lnet(O) libcfs(O)
00055 CPU: 0 UID: 0 PID: 1733 Comm: mdt00_002 Tainted: G        W  O        7.0.0-ktest-21af419-6330a45-20260729-dirty #1 PREEMPT 
00055 Tainted: [W]=WARN, [O]=OOT_MODULE
00055 Hardware name: QEMU Standard PC (Q35 + ICH9, 2009), BIOS 2025.11-3ubuntu7 03/31/2026
00055 RIP: 0010:osd_create+0x9cf/0xcf0 [osd_wbcfs]
00055 Code: c7 c7 00 96 7b a1 48 c7 c6 a0 12 7d a1 48 c7 c2 00 1c 7d a1 e8 52 f1 43 ff 48 c7 c7 00 96 7b a1 e8 46 81 44 ff e9 fe fc ff ff <0f> 0b e9 a5 fa ff ff 48 c7 c1 80 44 5d a0 80 e1 07 80 c1 03 38 c1
00055 RSP: 0018:ffffc900012ff2e8 EFLAGS: 00010246
00055 RAX: 0000000000000000 RBX: ffff8881194d8000 RCX: 0000000000000046
00055 RDX: 0000000000000000 RSI: ffff88802dd11100 RDI: ffff88802f2a2a58
00055 RBP: ffff88802dd11070 R08: ffff8881080a7803 R09: 1ffff11021014f00
00055 R10: dffffc0000000000 R11: ffffed1021014f01 R12: ffff88811dd7a2c8
00055 R13: dffffc0000000000 R14: 1ffff1102329b000 R15: 1ffff110077ecac8
00055 FS:  0000000000000000(0000) GS:ffff8881d4a2a000(0000) knlGS:0000000000000000
00055 CS:  0010 DS: 0000 ES: 0000 CR0: 0000000080050033
00055 CR2: 000055eef9e743d0 CR3: 000000002ae27000 CR4: 0000000000750eb0
00055 PKRU: 55555554
00055 Call Trace:
00055  <TASK>
00055  ? lod_sub_create+0x168a/0x1940 [lod]
00055  ? dt_write_lock+0x16d/0x2a0 [obdclass]
00055  ? lod_create+0x10d/0x720 [lod]
00055  ? mdd_create_object_internal+0x18f/0x320 [mdd]
00055  ? mdd_create_object+0xab/0x1ce0 [mdd]
00055  ? mdd_create+0x2032/0x4110 [mdd]
00055  ? lustre_msg_get_versions+0x49/0x160 [ptlrpc]
00055  ? mdt_reint_open+0x434b/0x8480 [mdt]
00055  ? mdt_reint_rec+0x10f/0x530 [mdt]
00055  ? mdt_reint_internal+0x9d5/0x11a0 [mdt]
00055  ? mdt_intent_open+0x18b/0x9a0 [mdt]
00055  ? mdt_intent_policy+0x1639/0x2300 [mdt]
00055  ? mdt_register_lwp_callback+0x620/0x620 [mdt]
00055  ? mdt_seq_init+0x1ef0/0x1ef0 [mdt]
00055  ? ldlm_lock_enqueue+0x221/0x16c0 [ptlrpc]
00055  ? ldlm_handle_enqueue+0x139f/0x3250 [ptlrpc]
00055  ? tgt_enqueue+0x19b/0x550 [ptlrpc]
00055  ? tgt_request_handle+0x23ad/0x3d30 [ptlrpc]
00055  ? ptlrpc_main+0x6359/0x96f0 [ptlrpc]
00055  ? __kthread_parkme+0x73/0x130
00055  ? kthread+0x2cd/0x3a0
00055  ? ptlrpc_start_thread+0x1f10/0x1f10 [ptlrpc]
00055  ? kthread_unuse_mm+0x130/0x130
00055  ? ret_from_fork+0x18c/0x520
00055  ? kthread_unuse_mm+0x130/0x130
00055  ? ret_from_fork_asm+0x11/0x20
00055  </TASK>
00055 ---[ end trace 0000000000000000 ]---
00055 ------------[ cut here ]------------
00055 WARNING: /home/ktest/git/linux/include/linux/fs.h:889 at ll_iget+0x592/0x850 [lustre], CPU#1: touch/3769
00055 Modules linked in: ofd(O) osp(O) mdd(O) lod(O) mdt(O) lquota(O) lfsck(O) mgs(O) osd_wbcfs(O) lustre(O) obdecho(O) mgc(O) mdc(O) lov(O) osc(O) lmv(O) ec(O) fid(O) fld(O) ptlrpc(O) efivarfs obdclass(O) ksocklnd(O) lnet(O) libcfs(O)
00055 CPU: 1 UID: 0 PID: 3769 Comm: touch Tainted: G        W  O        7.0.0-ktest-21af419-6330a45-20260729-dirty #1 PREEMPT 
00055 Tainted: [W]=WARN, [O]=OOT_MODULE
00055 Hardware name: QEMU Standard PC (Q35 + ICH9, 2009), BIOS 2025.11-3ubuntu7 03/31/2026
00055 RIP: 0010:ll_iget+0x592/0x850 [lustre]
00055 Code: 48 c7 c6 40 52 76 a1 48 c7 c2 80 52 76 a1 e8 45 76 d4 fe 48 c7 c7 80 d7 a6 a1 e8 39 06 d5 fe 48 89 df 4c 89 fe e9 34 fb ff ff <0f> 0b e9 89 fb ff ff 0f 0b e9 f0 fc ff ff 48 c7 c1 80 44 5d a0 80
00055 RSP: 0018:ffffc9000a34f6c8 EFLAGS: 00010246
00055 RAX: 0000000000000000 RBX: ffff88807bc61dc0 RCX: 0000000000000046
00055 RDX: 0000000000000000 RSI: ffff88807bc61e50 RDI: ffff888040834b18
00055 RBP: ffff88802c5dc000 R08: ffff88813814a883 R09: 1ffff11027029510
00055 R10: dffffc0000000000 R11: ffffed1027029511 R12: dffffc0000000000
00055 R13: dffffc0000000000 R14: ffffc9000a34f780 R15: 0200000402000008
00055 FS:  00007fbc3bc80740(0000) GS:ffff8881d4aaa000(0000) knlGS:0000000000000000
00055 CS:  0010 DS: 0000 ES: 0000 CR0: 0000000080050033
00055 CR2: 00007fbc3baf59d0 CR3: 000000002e679000 CR4: 0000000000750eb0
00055 PKRU: 55555554
00055 Call Trace:
00055  <TASK>
00055  ll_prep_inode+0x682/0x1310 [lustre]
00055  ll_create_it+0x52f/0x15d0 [lustre]
00055  ll_lookup_it+0x2bac/0x4650 [lustre]
00055  ? __alloc_tagging_slab_alloc_hook+0x136/0x190
00055  ll_atomic_open+0x950/0x1690 [lustre]
00055  atomic_open+0x162/0x320
00055  path_openat+0xcda/0x2630
00055  do_file_open+0x19b/0x360
00055  ? _raw_spin_unlock+0x23/0x40
00055  ? alloc_fd+0x42c/0x480
00055  do_sys_openat2+0x84/0xf0
00055  __x64_sys_openat+0xf8/0x120
00055  do_syscall_64+0xc1/0x350
00055  entry_SYSCALL_64_after_hwframe+0x4b/0x53
00055 RIP: 0033:0x7fbc3bb1b1a5
00055 Code: 83 e2 40 75 50 89 f0 f7 d0 a9 00 00 41 00 74 45 80 3d ae fe 0e 00 00 74 60 89 da 4c 89 e6 bf 9c ff ff ff b8 01 01 00 00 0f 05 <48> 3d 00 f0 ff ff 0f 87 7f 00 00 00 48 8b 55 b8 64 48 2b 14 25 28
00055 RSP: 002b:00007ffcc0df3700 EFLAGS: 00000202 ORIG_RAX: 0000000000000101
00055 RAX: ffffffffffffffda RBX: 0000000000000941 RCX: 00007fbc3bb1b1a5
00055 RDX: 0000000000000941 RSI: 00007ffcc0df482b RDI: 00000000ffffff9c
00055 RBP: 00007ffcc0df3770 R08: 00000000ffffffff R09: 0000000000000000
00055 R10: 00000000000001b6 R11: 0000000000000202 R12: 00007ffcc0df482b
00055 R13: 00007fbc3bc03248 R14: 0000000000000000 R15: 0000000000000001
00055  </TASK>
00055 ---[ end trace 0000000000000000 ]---
00055 ------------[ cut here ]------------
00055 WARNING: /home/ktest/git/linux/include/linux/fs.h:889 at cl_file_inode_init+0x5f8/0x7a0 [lustre], CPU#1: touch/3769
00055 Modules linked in: ofd(O) osp(O) mdd(O) lod(O) mdt(O) lquota(O) lfsck(O) mgs(O) osd_wbcfs(O) lustre(O) obdecho(O) mgc(O) mdc(O) lov(O) osc(O) lmv(O) ec(O) fid(O) fld(O) ptlrpc(O) efivarfs obdclass(O) ksocklnd(O) lnet(O) libcfs(O)
00055 CPU: 1 UID: 0 PID: 3769 Comm: touch Tainted: G        W  O        7.0.0-ktest-21af419-6330a45-20260729-dirty #1 PREEMPT 
00055 Tainted: [W]=WARN, [O]=OOT_MODULE
00055 Hardware name: QEMU Standard PC (Q35 + ICH9, 2009), BIOS 2025.11-3ubuntu7 03/31/2026
00055 RIP: 0010:cl_file_inode_init+0x5f8/0x7a0 [lustre]
00055 Code: c7 c7 c0 b3 a8 a1 48 c7 c6 c0 e3 76 a1 48 c7 c2 00 e4 76 a1 e8 f9 4e cf fe 48 c7 c7 c0 b3 a8 a1 e8 ed de cf fe e9 eb fb ff ff <0f> 0b e9 63 fc ff ff c7 05 ef c6 17 00 00 00 04 00 48 c7 c7 c0 b6
00055 RSP: 0018:ffffc9000a34f4c0 EFLAGS: 00010246
00055 RAX: 0000000000000000 RBX: ffff88807bc61dc0 RCX: 0000000000000046
00055 RDX: ffff88807bc61cec RSI: ffff88807bc61e50 RDI: ffff888040834b18
00055 RBP: dffffc0000000000 R08: ffff8881080a78c3 R09: 1ffff11021014f18
00055 R10: dffffc0000000000 R11: ffffed1021014f19 R12: ffff88813526cc38
00055 R13: 1ffff1100f78c4f0 R14: ffff88807bc62780 R15: ffff8880252ec000
00055 FS:  00007fbc3bc80740(0000) GS:ffff8881d4aaa000(0000) knlGS:0000000000000000
00055 CS:  0010 DS: 0000 ES: 0000 CR0: 0000000080050033
00055 CR2: 00007fbc3baf59d0 CR3: 000000002e679000 CR4: 0000000000750eb0
00055 PKRU: 55555554
00055 Call Trace:
00055  <TASK>
00055  ll_update_inode+0xfa/0x3ef0 [lustre]
00055  ? report_bug+0x87/0xc0
00055  ? inode_set_ctime_to_ts+0x7f/0x1b0
00055  ll_read_inode2+0x23d/0x9f0 [lustre]
00055  ll_iget+0x201/0x850 [lustre]
00055  ll_prep_inode+0x682/0x1310 [lustre]
00055  ll_create_it+0x52f/0x15d0 [lustre]
00055  ll_lookup_it+0x2bac/0x4650 [lustre]
00055  ? __alloc_tagging_slab_alloc_hook+0x136/0x190
00055  ll_atomic_open+0x950/0x1690 [lustre]
00055  atomic_open+0x162/0x320
00055  path_openat+0xcda/0x2630
00055  do_file_open+0x19b/0x360
00055  ? _raw_spin_unlock+0x23/0x40
00055  ? alloc_fd+0x42c/0x480
00055  do_sys_openat2+0x84/0xf0
00055  __x64_sys_openat+0xf8/0x120
00055  do_syscall_64+0xc1/0x350
00055  entry_SYSCALL_64_after_hwframe+0x4b/0x53
00055 RIP: 0033:0x7fbc3bb1b1a5
00055 Code: 83 e2 40 75 50 89 f0 f7 d0 a9 00 00 41 00 74 45 80 3d ae fe 0e 00 00 74 60 89 da 4c 89 e6 bf 9c ff ff ff b8 01 01 00 00 0f 05 <48> 3d 00 f0 ff ff 0f 87 7f 00 00 00 48 8b 55 b8 64 48 2b 14 25 28
00055 RSP: 002b:00007ffcc0df3700 EFLAGS: 00000202 ORIG_RAX: 0000000000000101
00055 RAX: ffffffffffffffda RBX: 0000000000000941 RCX: 00007fbc3bb1b1a5
00055 RDX: 0000000000000941 RSI: 00007ffcc0df482b RDI: 00000000ffffff9c
00055 RBP: 00007ffcc0df3770 R08: 00000000ffffffff R09: 0000000000000000
00055 R10: 00000000000001b6 R11: 0000000000000202 R12: 00007ffcc0df482b
00055 R13: 00007fbc3bc03248 R14: 0000000000000000 R15: 0000000000000001
00055  </TASK>
00055 ---[ end trace 0000000000000000 ]---
00055 touch (3769) used greatest stack depth: 24128 bytes left
00055 ln: failed to create symbolic link '/mnt/lustre/d17l.sanity/f17l.sanity.lnk': Operation not supported
00055 ------------[ cut here ]------------
00055 WARNING: /home/ktest/git/linux/include/linux/fs.h:889 at ll_iget+0x592/0x850 [lustre], CPU#1: getfattr/3776
00055 Modules linked in: ofd(O) osp(O) mdd(O) lod(O) mdt(O) lquota(O) lfsck(O) mgs(O) osd_wbcfs(O) lustre(O) obdecho(O) mgc(O) mdc(O) lov(O) osc(O) lmv(O) ec(O) fid(O) fld(O) ptlrpc(O) efivarfs obdclass(O) ksocklnd(O) lnet(O) libcfs(O)
00055 CPU: 1 UID: 0 PID: 3776 Comm: getfattr Tainted: G        W  O        7.0.0-ktest-21af419-6330a45-20260729-dirty #1 PREEMPT 
00055 Tainted: [W]=WARN, [O]=OOT_MODULE
00055 Hardware name: QEMU Standard PC (Q35 + ICH9, 2009), BIOS 2025.11-3ubuntu7 03/31/2026
00055 RIP: 0010:ll_iget+0x592/0x850 [lustre]
00055 Code: 48 c7 c6 40 52 76 a1 48 c7 c2 80 52 76 a1 e8 45 76 d4 fe 48 c7 c7 80 d7 a6 a1 e8 39 06 d5 fe 48 89 df 4c 89 fe e9 34 fb ff ff <0f> 0b e9 89 fb ff ff 0f 0b e9 f0 fc ff ff 48 c7 c1 80 44 5d a0 80
00055 RSP: 0018:ffffc9000a35f6d8 EFLAGS: 00010246
00055 RAX: 0000000000000000 RBX: ffff88807bc61dc0 RCX: 0000000000000046
00055 RDX: 0000000000000000 RSI: ffff88807bc61e50 RDI: ffff888079162a30
00055 RBP: ffff88802c5dc000 R08: ffffffff83a16803 R09: 1ffffffff0742d00
00055 R10: dffffc0000000000 R11: fffffbfff0742d01 R12: dffffc0000000000
00055 R13: dffffc0000000000 R14: ffffc9000a35f790 R15: 0200000402000008
00055 FS:  00007f49369d8740(0000) GS:ffff8881d4aaa000(0000) knlGS:0000000000000000
00055 CS:  0010 DS: 0000 ES: 0000 CR0: 0000000080050033
00055 CR2: 00007f493670d6f0 CR3: 0000000073d94000 CR4: 0000000000750eb0
00055 PKRU: 55555554
00055 Call Trace:
00055  <TASK>
00055  ll_prep_inode+0x682/0x1310 [lustre]
00055  ? lustre_swab_barrier_lvb+0xd0/0xd0 [ptlrpc]
00055  ll_lookup_it+0x168c/0x4650 [lustre]
00055  ? encode_fn_len+0xd3/0xb10 [obdclass]
00055  ll_lookup_nd+0x2a7/0x4f0 [lustre]
00055  __lookup_slow+0x1a2/0x260
00055  lookup_slow+0x53/0x70
00055  path_lookupat+0x2d0/0x6d0
00055  filename_lookup+0x18f/0x340
00055  vfs_statx+0x6a/0x3c0
00055  ? do_getname+0xb3/0x190
00055  vfs_fstatat+0xa6/0xd0
00055  __x64_sys_newfstatat+0xb2/0x2c0
00055  ? do_raw_spin_unlock+0x52/0x230
00055  ? __x64_sys_prlimit64+0x48c/0x5f0
00055  ? __x64_sys_prlimit64+0xe9/0x5f0
00055  ? fpregs_assert_state_consistent+0x4f/0xe0
00055  do_syscall_64+0xc1/0x350
00055  entry_SYSCALL_64_after_hwframe+0x4b/0x53
00055 RIP: 0033:0x7f49367173ee
00055 Code: 0f 1f 40 00 48 8b 15 29 ba 0e 00 f7 d8 64 89 02 b8 ff ff ff ff c3 66 0f 1f 44 00 00 f3 0f 1e fa 41 89 ca b8 06 01 00 00 0f 05 <3d> 00 f0 ff ff 77 0b 31 c0 c3 0f 1f 84 00 00 00 00 00 48 8b 15 f1
00055 RSP: 002b:00007ffd93cfcd98 EFLAGS: 00000246 ORIG_RAX: 0000000000000106
00055 RAX: ffffffffffffffda RBX: 00007ffd93cfce50 RCX: 00007f49367173ee
00055 RDX: 00007ffd93cfdeb0 RSI: 00007ffd93cfce50 RDI: 00000000ffffff9c
00055 RBP: 00007ffd93cfce20 R08: 0000562917cf8910 R09: 0000562917cf8ed0
00055 R10: 0000000000000100 R11: 0000000000000246 R12: 0000000000000100
00055 R13: 00007ffd93cfce50 R14: 00007ffd93cfdeb0 R15: 0000000000000000
00055  </TASK>
00055 ---[ end trace 0000000000000000 ]---
00055 ------------[ cut here ]------------
00055 WARNING: /home/ktest/git/linux/include/linux/fs.h:889 at ll_iget+0x599/0x850 [lustre], CPU#1: getfattr/3776
00055 Modules linked in: ofd(O) osp(O) mdd(O) lod(O) mdt(O) lquota(O) lfsck(O) mgs(O) osd_wbcfs(O) lustre(O) obdecho(O) mgc(O) mdc(O) lov(O) osc(O) lmv(O) ec(O) fid(O) fld(O) ptlrpc(O) efivarfs obdclass(O) ksocklnd(O) lnet(O) libcfs(O)
00055 CPU: 1 UID: 0 PID: 3776 Comm: getfattr Tainted: G        W  O        7.0.0-ktest-21af419-6330a45-20260729-dirty #1 PREEMPT 
00055 Tainted: [W]=WARN, [O]=OOT_MODULE
00055 Hardware name: QEMU Standard PC (Q35 + ICH9, 2009), BIOS 2025.11-3ubuntu7 03/31/2026
00055 RIP: 0010:ll_iget+0x599/0x850 [lustre]
00055 Code: 48 c7 c2 80 52 76 a1 e8 45 76 d4 fe 48 c7 c7 80 d7 a6 a1 e8 39 06 d5 fe 48 89 df 4c 89 fe e9 34 fb ff ff 0f 0b e9 89 fb ff ff <0f> 0b e9 f0 fc ff ff 48 c7 c1 80 44 5d a0 80 e1 07 80 c1 03 38 c1
00055 RSP: 0018:ffffc9000a35f6d8 EFLAGS: 00010246
00055 RAX: 0000000000000000 RBX: ffff88807bc61dc0 RCX: 0000000000000046
00055 RDX: 0000000000000000 RSI: ffff88807bc61e50 RDI: ffff888079162a30
00055 RBP: ffff88802c5dc000 R08: ffffffff83a16803 R09: 1ffffffff0742d00
00055 R10: dffffc0000000000 R11: fffffbfff0742d01 R12: dffffc0000000000
00055 R13: 1ffff1100f78c3d1 R14: ffffc9000a35f790 R15: ffff88807bc61e88
00055 FS:  00007f49369d8740(0000) GS:ffff8881d4aaa000(0000) knlGS:0000000000000000
00055 CS:  0010 DS: 0000 ES: 0000 CR0: 0000000080050033
00055 CR2: 00007f493670d6f0 CR3: 0000000073d94000 CR4: 0000000000750eb0
00055 PKRU: 55555554
00055 Call Trace:
00055  <TASK>
00055  ll_prep_inode+0x682/0x1310 [lustre]
00055  ? lustre_swab_barrier_lvb+0xd0/0xd0 [ptlrpc]
00055  ll_lookup_it+0x168c/0x4650 [lustre]
00055  ? encode_fn_len+0xd3/0xb10 [obdclass]
00055  ll_lookup_nd+0x2a7/0x4f0 [lustre]
00055  __lookup_slow+0x1a2/0x260
00055  lookup_slow+0x53/0x70
00055  path_lookupat+0x2d0/0x6d0
00055  filename_lookup+0x18f/0x340
00055  vfs_statx+0x6a/0x3c0
00055  ? do_getname+0xb3/0x190
00055  vfs_fstatat+0xa6/0xd0
00055  __x64_sys_newfstatat+0xb2/0x2c0
00055  ? do_raw_spin_unlock+0x52/0x230
00055  ? __x64_sys_prlimit64+0x48c/0x5f0
00055  ? __x64_sys_prlimit64+0xe9/0x5f0
00055  ? fpregs_assert_state_consistent+0x4f/0xe0
00055  do_syscall_64+0xc1/0x350
00055  entry_SYSCALL_64_after_hwframe+0x4b/0x53
00055 RIP: 0033:0x7f49367173ee
00055 Code: 0f 1f 40 00 48 8b 15 29 ba 0e 00 f7 d8 64 89 02 b8 ff ff ff ff c3 66 0f 1f 44 00 00 f3 0f 1e fa 41 89 ca b8 06 01 00 00 0f 05 <3d> 00 f0 ff ff 77 0b 31 c0 c3 0f 1f 84 00 00 00 00 00 48 8b 15 f1
00055 RSP: 002b:00007ffd93cfcd98 EFLAGS: 00000246 ORIG_RAX: 0000000000000106
00055 RAX: ffffffffffffffda RBX: 00007ffd93cfce50 RCX: 00007f49367173ee
00055 RDX: 00007ffd93cfdeb0 RSI: 00007ffd93cfce50 RDI: 00000000ffffff9c
00055 RBP: 00007ffd93cfce20 R08: 0000562917cf8910 R09: 0000562917cf8ed0
00055 R10: 0000000000000100 R11: 0000000000000246 R12: 0000000000000100
00055 R13: 00007ffd93cfce50 R14: 00007ffd93cfdeb0 R15: 0000000000000000
00055  </TASK>
00055 ---[ end trace 0000000000000000 ]---
00055 PASS 17l (1s)
00055 
00055 == sanity test 17m: run e2fsck against MDT which contains short/long symlink ========================================================== 12:32:39 (1785328359)
00056 Lustre: DEBUG MARKER: == sanity test 17m: run e2fsck against MDT which contains short/long symlink ========================================================== 12:32:39 (1785328359)
00056 
00056  SKIP: sanity test_17m ldiskfs only test
00056 Lustre: DEBUG MARKER: SKIP: sanity test_17m ldiskfs only test
00056 SKIP 17m (1s)
00056 
00056 == sanity test 17n: run e2fsck against master/slave MDT which contains remote dir ========================================================== 12:32:40 (1785328360)
00056 Lustre: DEBUG MARKER: == sanity test 17n: run e2fsck against master/slave MDT which contains remote dir ========================================================== 12:32:40 (1785328360)
00056 
00056  SKIP: sanity test_17n needs >= 2 MDTs
00056 Lustre: DEBUG MARKER: SKIP: sanity test_17n needs >= 2 MDTs
00056 SKIP 17n (0s)
00057 rm (4406) used greatest stack depth: 24112 bytes left
00057 resend_count is set to 4 4
00057 resend_count is set to 4 4
00057 resend_count is set to 4 4
00057 resend_count is set to 4 4
00057 resend_count is set to 4 4
00059 == sanity test complete, duration 14 sec ================= 12:32:43 (1785328363)
00059 Lustre: DEBUG MARKER: == sanity test complete, duration 14 sec ================= 12:32:43 (1785328363)
00059 sanity: FAIL: test_17d mkdir '/mnt/lustre/d17d.sanity' failed
00059 sanity: FAIL: test_17e create symlink failed
00059 sanity: FAIL: test_17f mkdir '/mnt/lustre/d17f.sanity' failed
00059 sanity: FAIL: test_17g failed 59-char symlink
00059 sanity: FAIL: test_17k mkdir '/mnt/lustre/d17k.sanity' failed
00059 === sanity: start cleanup 12:32:43 (1785328363) ===
00059 Lustre: DEBUG MARKER: === sanity: start cleanup 12:32:43 (1785328363) ===
00059 skip cleanup
00059 === sanity: finish cleanup 12:32:43 (1785328363) ===
00060 Lustre: DEBUG MARKER: === sanity: finish cleanup 12:32:43 (1785328363) ===
00060 debug=super ioctl neterror warning dlmtrace error emerg ha rpctrace vfstrace config console lfsck
00060 sanity returned 1
00060 Finished at Wed Jul 29 12:32:44 UTC 2026 in 21s
00060 /host/home/ktest/git/lustre-release/lustre/tests/auster: completed with rc 0
00060 
00060 ========= PASSED sanity-quick in 53s
00060 
00060 Passed: sanity-quick
00060 Failed: 
00060 NOTICE: Automounting of tracing to debugfs is deprecated and will be removed in 2030
00060 ------------[ cut here ]------------
00060 WARNING: /home/ktest/git/linux/include/linux/fs.h:889 at ll_writepages+0x4d3/0x6d0 [lustre], CPU#1: kworker/u16:3/182
00060 Modules linked in: ofd(O) osp(O) mdd(O) lod(O) mdt(O) lquota(O) lfsck(O) mgs(O) osd_wbcfs(O) lustre(O) obdecho(O) mgc(O) mdc(O) lov(O) osc(O) lmv(O) ec(O) fid(O) fld(O) ptlrpc(O) efivarfs obdclass(O) ksocklnd(O) lnet(O) libcfs(O)
00060 CPU: 1 UID: 0 PID: 182 Comm: kworker/u16:3 Tainted: G        W  O        7.0.0-ktest-21af419-6330a45-20260729-dirty #1 PREEMPT 
00060 Tainted: [W]=WARN, [O]=OOT_MODULE
00060 Hardware name: QEMU Standard PC (Q35 + ICH9, 2009), BIOS 2025.11-3ubuntu7 03/31/2026
00060 Workqueue: writeback wb_workfn (flush-lustre-ffff88813814a000)
00060 RIP: 0010:ll_writepages+0x4d3/0x6d0 [lustre]
00060 Code: 05 a6 a1 48 c7 c6 60 f9 75 a1 48 89 ca 49 89 c8 48 89 c3 e8 9f 43 d6 fe 48 89 d8 48 83 c4 30 5b 41 5c 41 5d 41 5e 41 5f 5d c3 <0f> 0b e9 21 fe ff ff 48 c7 c1 80 44 5d a0 80 e1 07 80 c1 03 38 c1
00060 RSP: 0018:ffffc900010075d0 EFLAGS: 00010246
00060 RAX: 0000000000000000 RBX: 1ffff92000200f0e RCX: 0000000000000046
00060 RDX: 0000000000000000 RSI: ffff88807bc61e50 RDI: ffff88811acfcb40
00060 RBP: ffff88807bc61dc0 R08: ffff88807bc61e3b R09: 1ffff1100f78c3c7
00060 R10: dffffc0000000000 R11: ffffed100f78c3c8 R12: 0000000000000000
00060 R13: 0000000000000000 R14: ffffc90001007850 R15: dffffc0000000000
00060 FS:  0000000000000000(0000) GS:ffff8881d4aaa000(0000) knlGS:0000000000000000
00060 CS:  0010 DS: 0000 ES: 0000 CR0: 0000000080050033
00060 CR2: 0000557fb21a12a0 CR3: 00000001196f0000 CR4: 0000000000750eb0
00060 PKRU: 55555554
00060 Call Trace:
00060  <TASK>
00060  do_writepages+0x250/0x3a0
00060  ? reacquire_held_locks+0xfc/0x160
00060  ? writeback_sb_inodes+0x37c/0x13e0
00060  __writeback_single_inode+0xec/0xc00
00060  writeback_sb_inodes+0x6ee/0x13e0
00060  __writeback_inodes_wb+0x124/0x1f0
00060  wb_writeback+0x2ea/0x6f0
00060  wb_workfn+0x55b/0x9c0
00060  ? process_scheduled_works+0x805/0x1090
00060  process_scheduled_works+0x867/0x1090
00060  worker_thread+0x86d/0xcb0
00060  kthread+0x2cd/0x3a0
00060  ? pr_cont_work+0x4b0/0x4b0
00060  ? kthread_unuse_mm+0x130/0x130
00060  ret_from_fork+0x18c/0x520
00060  ? kthread_unuse_mm+0x130/0x130
00060  ret_from_fork_asm+0x11/0x20
00060  </TASK>
00060 ---[ end trace 0000000000000000 ]---
00060 Kernel version: 7.0.0-ktest-21af419-6330a45-20260729-dirty
00060 TEST SUCCESS
