00000 
00002 init: failed to load nvme_core
00002 init: failed to load nvme
00002 init: failed to load zfs
00002 LNetError: 1:0:(lib-socket.c:619:lnet_inet_enumerate()) lnet: Can't find any usable interfaces, rc = -ENOENT
00002 LNetError: Error -100 starting up LNI tcp
00002 LustreError: 1:0:(events.c:627:ptlrpc_init_portals()) network initialisation failed: rc = -100
00003 init: finit_module /lib/modules/7.0.0-ktest-25ae35d-6330a45-20260730-dirty/updates/ptlrpc.ko: Network is down
00003 init: failed to load lustre
00003 init: failed to load osd_zfs
00003 init: failed to load iwlwifi
00003 init: failed to load iwlmvm
00003 init: failed to load mt7921e
00003 init: failed to load i915
00003 init: failed to load nouveau
00007 tlp: vm.laptop_mode is deprecated. Ignoring setting.
00007 Kernel version: 7.0.0-ktest-25ae35d-6330a45-20260730-dirty
00007 hook init_noop
00007 
00007 Running tests sanity-quick
00007 
00007 ========= TEST   sanity-quick
00007 0a 0b 0c 0d 0e 1 2 3 4 5 6a 6c 6e 6g 6h 6i 7a 7b 8 9 10 11 12 13 14 15 16 17a 17b 17c 17d 17e 17f 17g 17h 17i 17k 17l 17m 17n 17o 17p 17q 18 19a 19b 19c 19d 20 21 22 23a 23b 23c 23d 24a 24b 24c 24d 24e 24f 24g 24h 24i 24j 24k 24l 24m 24n 24o 24p 24q 24r 24s 24t 24u 24v 24w 24x 24y 24z 24A 24B 24C 24E 24F 24G 24H 24I 25a 25b 26a 26b 26c 26d 26e 26f 27a 27b 27ca 27cb 27cc 27cd 27ce 27cf 27cg 27d 27e 27f 27g 27ga 27i 27j 27k 27l 27m 27n 27o 27oo 27p 27q 27r 27s 27t 27u 27v 27w 27wa 27x 27y 27z 27A 27B 27Ca 27Cb 27Cc 27Cd 27Ce 27Cf 27Cg 27Ci 27Cj 27D 27E 27F 27G 27H 27I 27Ia 27J 27K 27Ke 27L 27M 27N 27O 27P 27Q 27R 27T 27U 27V 27W 27X 28 29 30a 30b 30c 30d 31a 31b 31c 31d 31e 31f 31g 31h 31i 31j 31k 31l 31m 31n 31o 31p 31q 31r 32a 32b 32c 32d 32e 32f 32g 32h 32i 32j 32k 32l 32m 32n 32o 32p 32q 32r 33aa 33a 33b 33c 33d 33e 33f 33g 33h 33hh 33i 33j 34a 34b 34c 34d 34e 34f 34g 34h 35a 36a 36b 36c 36d 36e 36f 36g 36h 36i 38 39a 39b 39c 39d 39e 39f 39g 39h 39i 39j 39k 39l 39m 39n 39o 39p 39r 39q 39s 39u 40 41 42a 42b 42c 42d 42e 43A 43a 43b 43c 44A 44a 44b 44c 44d 44e 44f 44g 45 46 48a 48b 48c 48d 48e 48f 49a 49b 49c 50 51a 51b 51c 51d 51e 51f 52a 52b 53 54a 54b 54c 54d 54e 55a 55b 55c 56a 56b 56bb 56bc 56bd 56c 56ca 56d 56e 56g 56h 56i 56ib 56j 56k 56l 56m 56n 56o 56ob 56oc 56od 56oe 56p 56q 56r 56ra 56rb 56rc 56rd 56re 56rf 56s 56t 56u 56v 56wa 56wb 56wc 56wd 56we 56x 56xB 56xC 56xD 56xa 56xab 56xb 56xc 56xd 56xe 56xf 56xg 56xh 56xi 56xj 56xk 56xl 56y 56z 56Aa 56ab 56aca 56acb 56acc 56Ba 56Ca 56Da 56Db 56Dc 56Dd 56Ea 56Eaa 56Eab 56Eb 56Ebb 56Ec 56Ed 56Eda 56Edb 56Ef 56Eg 56Eh 56Ei 56Ej 56Ek 57a 57b 58 59 60a 60b 60c 60d 60e 60f 60g 60h 60i 60j 61a 61b 63a 63b 64a 64b 64c 64d 64e 64f 64g 64h 64i 64j 65a 65b 65c 65d 65e 65f 65g 65h 65i 65j 65k 65l 65m 65n 65o 65p 65q 65r 66 69 70a 71 72a 72b 73 74a 74b 74c 76a 76b 77a 77b 77c 77d 77f 77g 77k 77l 77m 77n 77o 78 79 80 81a 81b 99 100 101a 101b 101c 101d 101e 101f 101g 101h 101i 101j 101m 102a 102b 102c 102d 102f 102h 102ha 102i 102j 102k 102l 102m 102n 102p 102q 102r 102s 102t 103a 103b 103c 103e 103f 103g 104a 104b 104c 104d 105a 105b 105c 105d 105e 105f 105g 105h 105i 106 107 110 116a 116b 117 118a 118b 118c 118d 118f 118g 118h 118i 118j 118k 118l 118m 118n 119a 119b 119c 119e 119f 119g 119h 119i 119j 119k 119m 119n 119o 119p 119q 119r 120a 120b 120c 120d 120e 120f 120g 121 123aa 123ab 123ac 123ad 123b 123c 123d 123e 123f 123g 123h 123i 123j 123k 123l 124a 124b 124c 124d 124e 124f 124g 125 126 127a 127b 127c 127d 127e 127f 128 129 130a 130b 130c 130d 130e 130f 130g 130h 130i 131a 131b 131c 131d 131e 133a 133b 133c 133d 133e 133f 133g 133h 134a 134b 135 136 140 150a 150b 150bb 150c 150d 150e 150f 150g 150h 150ia 150ib 150ic 151 152 153 154A 154B 154C 154a 154b 154c 154d 154e 154ea 154f 154g 154h 154i 154j 155a 155b 155c 155d 155e 155f 155g 155h 156 157a 157b 160a 160b 160c 160d 160e 160f 160g 160h 160i 160j 160k 160l 160m 160n 160o 160p 160q 160s 160t 160u 160v 160w 161a 161b 161c 161d 162a 162b 162c 165a 165b 165c 165d 165e 165f 165g 169 170a 170b 171 172 180a 180b 180c 181 182a 182b 183 184a 184b 184c 184d 184e 184f 185 185a 187a 187b 190a 190b 190c 200 204a 204b 204c 204d 204e 204f 204g 204h 205a 205b 205c 205d 205e 205f 205g 205h 205i 205k 205l 205m 206 207a 207b 208 209 210 212 213 214 215 216 217 218 219 220 221 222a 222b 223 224a 224b 224c 224d 225a 225b 226a 226b 226c 226d 226e 227 228a 228b 228c 229 230a 230b 230c 230d 230e 230f 230g 230h 230i 230j 230k 230l 230m 230n 230o 230p 230q 230r 230s 230t 230u 230v 230w 230x 230y 230z 230A 230B 231a 231b 232a 232b 233a 233b 234 235 236 238 239A 239a 239b 240 241a 241b 242 243 244a 244b 245a 245b 247a 247b 247c 247d 247e 247f 247g 247h 248a 248b 248c 248d 249 250 251a 252 253 254 255a 255b 255c 256 257 258a 258b 259 260 270a 270b 270c 270d 270e 270f 270g 270h 270i 270j 271a 271b 271ba 271c 271d 271f 271g 272a 272b 272c 272d 272e 272f 273a 273b 273c 275 276 277 278 280 300a 300b 300c 300d 300e 300f 300g 300h 300i 300j 300k 300l 300m 300n 300ne 300o 300p 300q 300r 300s 300t 300ua 300ub 300uc 300ud 300ue 300uf 300ug 300uh 300ui 300uj 310a 310b 310c 311 312 313 314 315 316 317 318 319 350 398a 398b 398c 398d 398e 398f 398g 398h 398i 398j 398k 398l 398m 398n 398o 398p 398q 398r 398s 398t 398u 399a 399b 400a 400b 401a 401aa 401ab 401ac 401ad 401b 401c 401d 401db 401e 401fa 401fb 401ga 401gb 401gc 401gd 402 403 404 405 406 407 408 409 410 411a 411b 412 413A 413a 413b 413c 413d 413e 413f 413g 413h 413i 413j 413k 413l 413z 414 415 416 417 418 419 420 421a 421b 421c 421d 421e 421f 421g 421h 422 423 424 425 426 427 428 429 430a 430b 430c 431 432 433 434 440 442 460d 600a 600b 600c 600d 801a 801b 801c 802b 802c 803a 803b 804 805 806 807a 807b 808 809 810 812a 812b 812c 813 814 815 816 817 818 819a 819b 820 823 831 832 833 834 842 850 851 852 853 854 855 860 900 901 902 903 904 905 906 907 908a 908b 909 910 911 920
00007 17d 17e 17f 17g 17h 17i 17k 17l 17m 17n
00007 17d,17e,17f,17g,17h,17i,17k,17l,17m,17n
00011 SETUP LUSTRE ... LNet: Added LNI 10.0.2.15@tcp [8/256/0/180]
00012 Lustre: Echo OBD driver; http://www.lustre.org/
00012 Lustre: 1727:0:(mdt_handler.c:64:mdt_max_mod_rpcs_per_client_set()) max_mod_rpcs_per_client is deprecated, set mdt.*.max_mod_rpcs_in_flight parameter instead
00012 ------------[ cut here ]------------
00012 WARNING: /home/ktest/git/linux/include/linux/fs.h:889 at osd_create+0x9cf/0xcf0 [osd_wbcfs], CPU#1: ll_mgs_0002/1724
00012 Modules linked in: mdt(O) lquota(O) lfsck(O) mgs(O) osd_wbcfs(O) lustre(O) obdecho(O) mgc(O) mdc(O) lov(O) osc(O) lmv(O) ec(O) fid(O) fld(O) ptlrpc(O) efivarfs obdclass(O) ksocklnd(O) lnet(O) libcfs(O)
00012 CPU: 1 UID: 0 PID: 1724 Comm: ll_mgs_0002 Tainted: G           O        7.0.0-ktest-25ae35d-6330a45-20260730-dirty #1 PREEMPT 
00012 Tainted: [O]=OOT_MODULE
00012 Hardware name: QEMU Standard PC (Q35 + ICH9, 2009), BIOS 2025.11-3ubuntu7 03/31/2026
00012 RIP: 0010:osd_create+0x9cf/0xcf0 [osd_wbcfs]
00012 Code: c7 c7 00 96 7b a1 48 c7 c6 a0 12 7d a1 48 c7 c2 00 1c 7d a1 e8 52 f1 43 ff 48 c7 c7 00 96 7b a1 e8 46 81 44 ff e9 fe fc ff ff <0f> 0b e9 a5 fa ff ff 48 c7 c1 80 44 5d a0 80 e1 07 80 c1 03 38 c1
00012 RSP: 0018:ffffc90001377740 EFLAGS: 00010246
00012 RAX: 0000000000000000 RBX: ffff888133bf5800 RCX: 0000000000000046
00012 RDX: 0000000000000000 RSI: ffff88811713fb68 RDI: ffff888136b189e8
00012 RBP: ffff88811713fad8 R08: ffffffff83a16803 R09: 1ffffffff0742d00
00012 R10: dffffc0000000000 R11: fffffbfff0742d01 R12: ffff88811b12ac00
00012 R13: dffffc0000000000 R14: 1ffff1102677eb00 R15: 1ffff1102362558f
00012 FS:  0000000000000000(0000) GS:ffff8881d4aaa000(0000) knlGS:0000000000000000
00012 CS:  0010 DS: 0000 ES: 0000 CR0: 0000000080050033
00012 CR2: 0000557666c9e5dc CR3: 0000000103e9f000 CR4: 0000000000750eb0
00012 PKRU: 55555554
00012 Call Trace:
00012  <TASK>
00012  ? local_object_create+0x109/0x640 [obdclass]
00012  ? dt_write_lock+0x16d/0x2a0 [obdclass]
00012  ? llog_osd_create+0x356/0x10d0 [obdclass]
00012  ? llog_create+0x2ed/0x530 [obdclass]
00012  ? llog_open_create+0x6e7/0xb30 [obdclass]
00012  ? mgs_find_or_make_fsdb_nolock+0x16d4/0x2d80 [mgs]
00012  ? class_find_param+0x25/0x70 [obdclass]
00012  ? mgs_find_or_make_fsdb+0xda/0x1f0 [mgs]
00012  ? mgs_target_reg+0x2333/0x4480 [mgs]
00012  ? tgt_request_handle+0x23ad/0x3d30 [ptlrpc]
00012  ? ptlrpc_main+0x6359/0x96f0 [ptlrpc]
00012  ? __kthread_parkme+0x73/0x130
00012  ? kthread+0x2cd/0x3a0
00012  ? ptlrpc_start_thread+0x1f10/0x1f10 [ptlrpc]
00012  ? kthread_unuse_mm+0x130/0x130
00012  ? ret_from_fork+0x18c/0x520
00012  ? kthread_unuse_mm+0x130/0x130
00012  ? ret_from_fork_asm+0x11/0x20
00012  </TASK>
00012 ---[ end trace 0000000000000000 ]---
00012 ------------[ cut here ]------------
00012 WARNING: /home/ktest/git/linux/include/linux/fs.h:889 at osd_create+0x9cf/0xcf0 [osd_wbcfs], CPU#0: ll_mgs_0002/1724
00012 Modules linked in: mdt(O) lquota(O) lfsck(O) mgs(O) osd_wbcfs(O) lustre(O) obdecho(O) mgc(O) mdc(O) lov(O) osc(O) lmv(O) ec(O) fid(O) fld(O) ptlrpc(O) efivarfs obdclass(O) ksocklnd(O) lnet(O) libcfs(O)
00012 CPU: 0 UID: 0 PID: 1724 Comm: ll_mgs_0002 Tainted: G        W  O        7.0.0-ktest-25ae35d-6330a45-20260730-dirty #1 PREEMPT 
00012 Tainted: [W]=WARN, [O]=OOT_MODULE
00012 Hardware name: QEMU Standard PC (Q35 + ICH9, 2009), BIOS 2025.11-3ubuntu7 03/31/2026
00012 RIP: 0010:osd_create+0x9cf/0xcf0 [osd_wbcfs]
00012 Code: c7 c7 00 96 7b a1 48 c7 c6 a0 12 7d a1 48 c7 c2 00 1c 7d a1 e8 52 f1 43 ff 48 c7 c7 00 96 7b a1 e8 46 81 44 ff e9 fe fc ff ff <0f> 0b e9 a5 fa ff ff 48 c7 c1 80 44 5d a0 80 e1 07 80 c1 03 38 c1
00012 RSP: 0018:ffffc90001377688 EFLAGS: 00010246
00012 RAX: 0000000000000000 RBX: ffff88811b122000 RCX: 0000000000000046
00012 RDX: 0000000000000000 RSI: ffff88802b9d42a8 RDI: ffff888136b189e8
00012 RBP: ffff88802b9d4218 R08: ffffffff83a16803 R09: 1ffffffff0742d00
00012 R10: dffffc0000000000 R11: fffffbfff0742d01 R12: ffff88811b12ac00
00012 R13: dffffc0000000000 R14: 1ffff11023624400 R15: 1ffff1102362558f
00012 FS:  0000000000000000(0000) GS:ffff8881d4a2a000(0000) knlGS:0000000000000000
00012 CS:  0010 DS: 0000 ES: 0000 CR0: 0000000080050033
00012 CR2: 00007f30f02e9b68 CR3: 000000011d831000 CR4: 0000000000750eb0
00012 PKRU: 55555554
00012 Call Trace:
00012  <TASK>
00012  ? local_object_create+0x109/0x640 [obdclass]
00012  ? dt_write_lock+0x16d/0x2a0 [obdclass]
00012  ? llog_osd_create+0x356/0x10d0 [obdclass]
00012  ? llog_create+0x2ed/0x530 [obdclass]
00012  ? llog_open_create+0x6e7/0xb30 [obdclass]
00012  ? record_start_log+0x348/0xa40 [mgs]
00012  ? mgs_write_log_lov+0x3ac/0xde0 [mgs]
00012  ? mgs_write_log_target+0x17a4/0x6ab0 [mgs]
00012  ? mgs_target_reg+0x254e/0x4480 [mgs]
00012  ? tgt_request_handle+0x23ad/0x3d30 [ptlrpc]
00012  ? ptlrpc_main+0x6359/0x96f0 [ptlrpc]
00012  ? __kthread_parkme+0x73/0x130
00012  ? kthread+0x2cd/0x3a0
00012  ? ptlrpc_start_thread+0x1f10/0x1f10 [ptlrpc]
00012  ? kthread_unuse_mm+0x130/0x130
00012  ? ret_from_fork+0x18c/0x520
00012  ? kthread_unuse_mm+0x130/0x130
00012  ? ret_from_fork_asm+0x11/0x20
00012  </TASK>
00012 ---[ end trace 0000000000000000 ]---
00012 ------------[ cut here ]------------
00012 WARNING: /home/ktest/git/linux/include/linux/fs.h:889 at osd_create+0x9cf/0xcf0 [osd_wbcfs], CPU#1: llog_process_th/1747
00012 Modules linked in: mdd(O) lod(O) mdt(O) lquota(O) lfsck(O) mgs(O) osd_wbcfs(O) lustre(O) obdecho(O) mgc(O) mdc(O) lov(O) osc(O) lmv(O) ec(O) fid(O) fld(O) ptlrpc(O) efivarfs obdclass(O) ksocklnd(O) lnet(O) libcfs(O)
00012 CPU: 1 UID: 0 PID: 1747 Comm: llog_process_th Tainted: G        W  O        7.0.0-ktest-25ae35d-6330a45-20260730-dirty #1 PREEMPT 
00012 Tainted: [W]=WARN, [O]=OOT_MODULE
00012 Hardware name: QEMU Standard PC (Q35 + ICH9, 2009), BIOS 2025.11-3ubuntu7 03/31/2026
00012 RIP: 0010:osd_create+0x9cf/0xcf0 [osd_wbcfs]
00012 Code: c7 c7 00 96 7b a1 48 c7 c6 a0 12 7d a1 48 c7 c2 00 1c 7d a1 e8 52 f1 43 ff 48 c7 c7 00 96 7b a1 e8 46 81 44 ff e9 fe fc ff ff <0f> 0b e9 a5 fa ff ff 48 c7 c1 80 44 5d a0 80 e1 07 80 c1 03 38 c1
00012 RSP: 0018:ffffc90000bff450 EFLAGS: 00010246
00012 RAX: 0000000000000000 RBX: ffff888103fcc000 RCX: 0000000000000046
00012 RDX: ffffffff84c44d40 RSI: ffff88811713f450 RDI: ffff88802daa0998
00012 RBP: ffff88811713f3c0 R08: 0000000000000001 R09: 0000000000000000
00012 R10: dffffc0000000000 R11: ffffed1022e27e6d R12: ffff888116b9b200
00012 R13: dffffc0000000000 R14: 1ffff110207f9800 R15: 1ffff9200017febf
00012 FS:  0000000000000000(0000) GS:ffff8881d4aaa000(0000) knlGS:0000000000000000
00012 CS:  0010 DS: 0000 ES: 0000 CR0: 0000000080050033
00012 CR2: 00007f89611e6194 CR3: 0000000004274000 CR4: 0000000000750eb0
00012 PKRU: 55555554
00012 Call Trace:
00012  <TASK>
00012  ? dt_find_or_create+0x81a/0x1170 [obdclass]
00012  ? fld_index_init+0x404/0x1610 [fld]
00012  ? is_module_address+0x1b/0x70
00012  ? is_module_address+0x5e/0x70
00012  ? __asan_memset+0x22/0x40
00012  ? fld_server_init+0x1d7/0x580 [fld]
00012  ? mdt_device_alloc+0x36b4/0x66c0 [mdt]
00012  ? __alloc_tagging_slab_alloc_hook+0x136/0x190
00012  ? obd_setup+0x25c/0x950 [obdclass]
00012  ? class_setup+0xc7d/0x10e0 [obdclass]
00012  ? class_process_config+0x2edb/0x7cb0 [obdclass]
00012  ? __kasan_kmalloc+0x72/0x80
00012  ? class_config_llog_handler+0x2954/0x4f80 [obdclass]
00012  ? class_config_llog_handler+0x2cea/0x4f80 [obdclass]
00012  ? lustre_cfg_rec_free+0x350/0x350 [obdclass]
00012  ? llog_process_thread+0x1fd2/0x4f70 [obdclass]
00012  ? _raw_spin_unlock+0x23/0x40
00012  ? llog_process_thread_daemonize+0x16d/0x1b0 [obdclass]
00012  ? kthread+0x2cd/0x3a0
00012  ? llog_process_or_fork+0xc90/0xc90 [obdclass]
00012  ? kthread_unuse_mm+0x130/0x130
00012  ? ret_from_fork+0x18c/0x520
00012  ? kthread_unuse_mm+0x130/0x130
00012  ? ret_from_fork_asm+0x11/0x20
00012  </TASK>
00012 ---[ end trace 0000000000000000 ]---
00012 ------------[ cut here ]------------
00012 WARNING: /home/ktest/git/linux/include/linux/fs.h:889 at osd_create+0x9cf/0xcf0 [osd_wbcfs], CPU#1: llog_process_th/1747
00012 Modules linked in: mdd(O) lod(O) mdt(O) lquota(O) lfsck(O) mgs(O) osd_wbcfs(O) lustre(O) obdecho(O) mgc(O) mdc(O) lov(O) osc(O) lmv(O) ec(O) fid(O) fld(O) ptlrpc(O) efivarfs obdclass(O) ksocklnd(O) lnet(O) libcfs(O)
00012 CPU: 1 UID: 0 PID: 1747 Comm: llog_process_th Tainted: G        W  O        7.0.0-ktest-25ae35d-6330a45-20260730-dirty #1 PREEMPT 
00012 Tainted: [W]=WARN, [O]=OOT_MODULE
00012 Hardware name: QEMU Standard PC (Q35 + ICH9, 2009), BIOS 2025.11-3ubuntu7 03/31/2026
00012 RIP: 0010:osd_create+0x9cf/0xcf0 [osd_wbcfs]
00012 Code: c7 c7 00 96 7b a1 48 c7 c6 a0 12 7d a1 48 c7 c2 00 1c 7d a1 e8 52 f1 43 ff 48 c7 c7 00 96 7b a1 e8 46 81 44 ff e9 fe fc ff ff <0f> 0b e9 a5 fa ff ff 48 c7 c1 80 44 5d a0 80 e1 07 80 c1 03 38 c1
00012 RSP: 0018:ffffc90000bff430 EFLAGS: 00010246
00012 RAX: 0000000000000000 RBX: ffff888103fcc400 RCX: 0000000000000046
00012 RDX: 0000000000000000 RSI: ffff88811713ed38 RDI: ffff88802daa0998
00012 RBP: ffff88811713eca8 R08: ffffffff83a16803 R09: 1ffffffff0742d00
00012 R10: dffffc0000000000 R11: fffffbfff0742d01 R12: ffffc90000bff530
00012 R13: dffffc0000000000 R14: 1ffff110207f9880 R15: 1ffff9200017fea4
00012 FS:  0000000000000000(0000) GS:ffff8881d4aaa000(0000) knlGS:0000000000000000
00012 CS:  0010 DS: 0000 ES: 0000 CR0: 0000000080050033
00012 CR2: 00007f89611e6194 CR3: 0000000004274000 CR4: 0000000000750eb0
00012 PKRU: 55555554
00012 Call Trace:
00012  <TASK>
00012  ? dt_find_or_create+0x81a/0x1170 [obdclass]
00012  ? seq_store_init+0x155/0x360 [fid]
00012  ? seq_server_init+0x290/0xba0 [fid]
00012  ? mdt_seq_init+0x513/0x1ef0 [mdt]
00012  ? fld_server_init+0x34e/0x580 [fld]
00012  ? mdt_device_alloc+0x39c5/0x66c0 [mdt]
00012  ? __alloc_tagging_slab_alloc_hook+0x136/0x190
00012  ? obd_setup+0x25c/0x950 [obdclass]
00012  ? class_setup+0xc7d/0x10e0 [obdclass]
00012  ? class_process_config+0x2edb/0x7cb0 [obdclass]
00012  ? __kasan_kmalloc+0x72/0x80
00012  ? class_config_llog_handler+0x2954/0x4f80 [obdclass]
00012  ? class_config_llog_handler+0x2cea/0x4f80 [obdclass]
00012  ? lustre_cfg_rec_free+0x350/0x350 [obdclass]
00012  ? llog_process_thread+0x1fd2/0x4f70 [obdclass]
00012  ? _raw_spin_unlock+0x23/0x40
00012  ? llog_process_thread_daemonize+0x16d/0x1b0 [obdclass]
00012  ? kthread+0x2cd/0x3a0
00012  ? llog_process_or_fork+0xc90/0xc90 [obdclass]
00012  ? kthread_unuse_mm+0x130/0x130
00012  ? ret_from_fork+0x18c/0x520
00012  ? kthread_unuse_mm+0x130/0x130
00012  ? ret_from_fork_asm+0x11/0x20
00012  </TASK>
00012 ---[ end trace 0000000000000000 ]---
00012 Lustre: ctl-lustre-MDT0000: No data found on store. Initialize space.
00012 ------------[ cut here ]------------
00012 WARNING: /home/ktest/git/linux/include/linux/fs.h:889 at osd_create+0x9cf/0xcf0 [osd_wbcfs], CPU#1: llog_process_th/1747
00012 Modules linked in: mdd(O) lod(O) mdt(O) lquota(O) lfsck(O) mgs(O) osd_wbcfs(O) lustre(O) obdecho(O) mgc(O) mdc(O) lov(O) osc(O) lmv(O) ec(O) fid(O) fld(O) ptlrpc(O) efivarfs obdclass(O) ksocklnd(O) lnet(O) libcfs(O)
00012 CPU: 1 UID: 0 PID: 1747 Comm: llog_process_th Tainted: G        W  O        7.0.0-ktest-25ae35d-6330a45-20260730-dirty #1 PREEMPT 
00012 Tainted: [W]=WARN, [O]=OOT_MODULE
00012 Hardware name: QEMU Standard PC (Q35 + ICH9, 2009), BIOS 2025.11-3ubuntu7 03/31/2026
00012 RIP: 0010:osd_create+0x9cf/0xcf0 [osd_wbcfs]
00012 Code: c7 c7 00 96 7b a1 48 c7 c6 a0 12 7d a1 48 c7 c2 00 1c 7d a1 e8 52 f1 43 ff 48 c7 c7 00 96 7b a1 e8 46 81 44 ff e9 fe fc ff ff <0f> 0b e9 a5 fa ff ff 48 c7 c1 80 44 5d a0 80 e1 07 80 c1 03 38 c1
00012 RSP: 0018:ffffc90000bff430 EFLAGS: 00010246
00012 RAX: 0000000000000000 RBX: ffff888103fcd400 RCX: 0000000000000046
00012 RDX: 0000000000000000 RSI: ffff88811713e620 RDI: ffff88802daa0998
00012 RBP: ffff88811713e590 R08: ffffffff83a16803 R09: 1ffffffff0742d00
00012 R10: dffffc0000000000 R11: fffffbfff0742d01 R12: ffffc90000bff530
00012 R13: dffffc0000000000 R14: 1ffff110207f9a80 R15: 1ffff9200017fea4
00012 FS:  0000000000000000(0000) GS:ffff8881d4aaa000(0000) knlGS:0000000000000000
00012 CS:  0010 DS: 0000 ES: 0000 CR0: 0000000080050033
00012 CR2: 00007f89611e6194 CR3: 0000000004274000 CR4: 0000000000750eb0
00012 PKRU: 55555554
00012 Call Trace:
00012  <TASK>
00012  ? dt_find_or_create+0x81a/0x1170 [obdclass]
00012  ? seq_store_init+0x155/0x360 [fid]
00012  ? seq_server_init+0x290/0xba0 [fid]
00012  ? mdt_seq_init+0x2c1/0x1ef0 [mdt]
00012  ? fld_server_init+0x34e/0x580 [fld]
00012  ? mdt_device_alloc+0x39c5/0x66c0 [mdt]
00012  ? __alloc_tagging_slab_alloc_hook+0x136/0x190
00012  ? obd_setup+0x25c/0x950 [obdclass]
00012  ? class_setup+0xc7d/0x10e0 [obdclass]
00012  ? class_process_config+0x2edb/0x7cb0 [obdclass]
00012  ? __kasan_kmalloc+0x72/0x80
00012  ? class_config_llog_handler+0x2954/0x4f80 [obdclass]
00012  ? class_config_llog_handler+0x2cea/0x4f80 [obdclass]
00012  ? lustre_cfg_rec_free+0x350/0x350 [obdclass]
00012  ? llog_process_thread+0x1fd2/0x4f70 [obdclass]
00012  ? _raw_spin_unlock+0x23/0x40
00012  ? llog_process_thread_daemonize+0x16d/0x1b0 [obdclass]
00012  ? kthread+0x2cd/0x3a0
00012  ? llog_process_or_fork+0xc90/0xc90 [obdclass]
00012  ? kthread_unuse_mm+0x130/0x130
00012  ? ret_from_fork+0x18c/0x520
00012  ? kthread_unuse_mm+0x130/0x130
00012  ? ret_from_fork_asm+0x11/0x20
00012  </TASK>
00012 ---[ end trace 0000000000000000 ]---
00012 ------------[ cut here ]------------
00012 WARNING: /home/ktest/git/linux/include/linux/fs.h:889 at osd_create+0x9cf/0xcf0 [osd_wbcfs], CPU#1: llog_process_th/1747
00012 Modules linked in: mdd(O) lod(O) mdt(O) lquota(O) lfsck(O) mgs(O) osd_wbcfs(O) lustre(O) obdecho(O) mgc(O) mdc(O) lov(O) osc(O) lmv(O) ec(O) fid(O) fld(O) ptlrpc(O) efivarfs obdclass(O) ksocklnd(O) lnet(O) libcfs(O)
00012 CPU: 1 UID: 0 PID: 1747 Comm: llog_process_th Tainted: G        W  O        7.0.0-ktest-25ae35d-6330a45-20260730-dirty #1 PREEMPT 
00012 Tainted: [W]=WARN, [O]=OOT_MODULE
00012 Hardware name: QEMU Standard PC (Q35 + ICH9, 2009), BIOS 2025.11-3ubuntu7 03/31/2026
00012 RIP: 0010:osd_create+0x9cf/0xcf0 [osd_wbcfs]
00012 Code: c7 c7 00 96 7b a1 48 c7 c6 a0 12 7d a1 48 c7 c2 00 1c 7d a1 e8 52 f1 43 ff 48 c7 c7 00 96 7b a1 e8 46 81 44 ff e9 fe fc ff ff <0f> 0b e9 a5 fa ff ff 48 c7 c1 80 44 5d a0 80 e1 07 80 c1 03 38 c1
00012 RSP: 0018:ffffc90000bff470 EFLAGS: 00010246
00012 RAX: 0000000000000000 RBX: ffff88811adccc00 RCX: 0000000000000046
00012 RDX: 0000000000000000 RSI: ffff88811713df08 RDI: ffff88802daa0998
00012 RBP: ffff88811713de78 R08: ffffffff83a16803 R09: 1ffffffff0742d00
00012 R10: dffffc0000000000 R11: fffffbfff0742d01 R12: ffffc90000bff5e0
00012 R13: dffffc0000000000 R14: 1ffff110235b9980 R15: 1ffff9200017fec9
00012 FS:  0000000000000000(0000) GS:ffff8881d4aaa000(0000) knlGS:0000000000000000
00012 CS:  0010 DS: 0000 ES: 0000 CR0: 0000000080050033
00012 CR2: 00007f89611e6194 CR3: 0000000004274000 CR4: 0000000000750eb0
00012 PKRU: 55555554
00012 Call Trace:
00012  <TASK>
00012  ? dt_find_or_create+0x81a/0x1170 [obdclass]
00012  ? tgt_init+0xb72/0x2a60 [ptlrpc]
00012  ? mdt_device_alloc+0x3ce7/0x66c0 [mdt]
00012  ? __alloc_tagging_slab_alloc_hook+0x136/0x190
00012  ? obd_setup+0x25c/0x950 [obdclass]
00012  ? class_setup+0xc7d/0x10e0 [obdclass]
00012  ? class_process_config+0x2edb/0x7cb0 [obdclass]
00012  ? __kasan_kmalloc+0x72/0x80
00012  ? class_config_llog_handler+0x2954/0x4f80 [obdclass]
00012  ? class_config_llog_handler+0x2cea/0x4f80 [obdclass]
00012  ? lustre_cfg_rec_free+0x350/0x350 [obdclass]
00012  ? llog_process_thread+0x1fd2/0x4f70 [obdclass]
00012  ? _raw_spin_unlock+0x23/0x40
00012  ? llog_process_thread_daemonize+0x16d/0x1b0 [obdclass]
00012  ? kthread+0x2cd/0x3a0
00012  ? llog_process_or_fork+0xc90/0xc90 [obdclass]
00012  ? kthread_unuse_mm+0x130/0x130
00012  ? ret_from_fork+0x18c/0x520
00012  ? kthread_unuse_mm+0x130/0x130
00012  ? ret_from_fork_asm+0x11/0x20
00012  </TASK>
00012 ---[ end trace 0000000000000000 ]---
00012 Lustre: lustre-MDT0000: new disk, initializing
00012 ------------[ cut here ]------------
00012 WARNING: /home/ktest/git/linux/include/linux/fs.h:889 at osd_create+0x9cf/0xcf0 [osd_wbcfs], CPU#1: llog_process_th/1747
00012 Modules linked in: mdd(O) lod(O) mdt(O) lquota(O) lfsck(O) mgs(O) osd_wbcfs(O) lustre(O) obdecho(O) mgc(O) mdc(O) lov(O) osc(O) lmv(O) ec(O) fid(O) fld(O) ptlrpc(O) efivarfs obdclass(O) ksocklnd(O) lnet(O) libcfs(O)
00012 CPU: 1 UID: 0 PID: 1747 Comm: llog_process_th Tainted: G        W  O        7.0.0-ktest-25ae35d-6330a45-20260730-dirty #1 PREEMPT 
00012 Tainted: [W]=WARN, [O]=OOT_MODULE
00012 Hardware name: QEMU Standard PC (Q35 + ICH9, 2009), BIOS 2025.11-3ubuntu7 03/31/2026
00012 RIP: 0010:osd_create+0x9cf/0xcf0 [osd_wbcfs]
00012 Code: c7 c7 00 96 7b a1 48 c7 c6 a0 12 7d a1 48 c7 c2 00 1c 7d a1 e8 52 f1 43 ff 48 c7 c7 00 96 7b a1 e8 46 81 44 ff e9 fe fc ff ff <0f> 0b e9 a5 fa ff ff 48 c7 c1 80 44 5d a0 80 e1 07 80 c1 03 38 c1
00012 RSP: 0018:ffffc90000bff470 EFLAGS: 00010246
00012 RAX: 0000000000000000 RBX: ffff88811adcc400 RCX: 0000000000000046
00012 RDX: 0000000000000000 RSI: ffff88811713d7f0 RDI: ffff88802daa0998
00012 RBP: ffff88811713d760 R08: ffffffff83a16803 R09: 1ffffffff0742d00
00012 R10: dffffc0000000000 R11: fffffbfff0742d01 R12: ffffc90000bff5e0
00012 R13: dffffc0000000000 R14: 1ffff110235b9880 R15: 1ffff9200017fec9
00012 FS:  0000000000000000(0000) GS:ffff8881d4aaa000(0000) knlGS:0000000000000000
00012 CS:  0010 DS: 0000 ES: 0000 CR0: 0000000080050033
00012 CR2: 00007f89611e6194 CR3: 0000000004274000 CR4: 0000000000750eb0
00012 PKRU: 55555554
00012 Call Trace:
00012  <TASK>
00012  ? dt_find_or_create+0x81a/0x1170 [obdclass]
00012  ? tgt_init+0x1a98/0x2a60 [ptlrpc]
00012  ? mdt_device_alloc+0x3ce7/0x66c0 [mdt]
00012  ? __alloc_tagging_slab_alloc_hook+0x136/0x190
00012  ? obd_setup+0x25c/0x950 [obdclass]
00012  ? class_setup+0xc7d/0x10e0 [obdclass]
00012  ? class_process_config+0x2edb/0x7cb0 [obdclass]
00012  ? __kasan_kmalloc+0x72/0x80
00012  ? class_config_llog_handler+0x2954/0x4f80 [obdclass]
00012  ? class_config_llog_handler+0x2cea/0x4f80 [obdclass]
00012  ? lustre_cfg_rec_free+0x350/0x350 [obdclass]
00012  ? llog_process_thread+0x1fd2/0x4f70 [obdclass]
00012  ? _raw_spin_unlock+0x23/0x40
00012  ? llog_process_thread_daemonize+0x16d/0x1b0 [obdclass]
00012  ? kthread+0x2cd/0x3a0
00012  ? llog_process_or_fork+0xc90/0xc90 [obdclass]
00012  ? kthread_unuse_mm+0x130/0x130
00012  ? ret_from_fork+0x18c/0x520
00012  ? kthread_unuse_mm+0x130/0x130
00012  ? ret_from_fork_asm+0x11/0x20
00012  </TASK>
00012 ---[ end trace 0000000000000000 ]---
00012 ------------[ cut here ]------------
00012 WARNING: /home/ktest/git/linux/include/linux/fs.h:889 at osd_create+0x9cf/0xcf0 [osd_wbcfs], CPU#1: llog_process_th/1747
00012 Modules linked in: mdd(O) lod(O) mdt(O) lquota(O) lfsck(O) mgs(O) osd_wbcfs(O) lustre(O) obdecho(O) mgc(O) mdc(O) lov(O) osc(O) lmv(O) ec(O) fid(O) fld(O) ptlrpc(O) efivarfs obdclass(O) ksocklnd(O) lnet(O) libcfs(O)
00012 CPU: 1 UID: 0 PID: 1747 Comm: llog_process_th Tainted: G        W  O        7.0.0-ktest-25ae35d-6330a45-20260730-dirty #1 PREEMPT 
00012 Tainted: [W]=WARN, [O]=OOT_MODULE
00012 Hardware name: QEMU Standard PC (Q35 + ICH9, 2009), BIOS 2025.11-3ubuntu7 03/31/2026
00012 RIP: 0010:osd_create+0x9cf/0xcf0 [osd_wbcfs]
00012 Code: c7 c7 00 96 7b a1 48 c7 c6 a0 12 7d a1 48 c7 c2 00 1c 7d a1 e8 52 f1 43 ff 48 c7 c7 00 96 7b a1 e8 46 81 44 ff e9 fe fc ff ff <0f> 0b e9 a5 fa ff ff 48 c7 c1 80 44 5d a0 80 e1 07 80 c1 03 38 c1
00012 RSP: 0018:ffffc90000bff370 EFLAGS: 00010246
00012 RAX: 0000000000000000 RBX: ffff888133cd6800 RCX: 0000000000000046
00012 RDX: 0000000000000000 RSI: ffff88811713d0d8 RDI: ffff88802daa0998
00012 RBP: ffff88811713d048 R08: ffffffff83a16803 R09: 1ffffffff0742d00
00012 R10: dffffc0000000000 R11: fffffbfff0742d01 R12: ffff88802b1c0418
00012 R13: dffffc0000000000 R14: 1ffff1102679ad00 R15: 1ffff11005638092
00012 FS:  0000000000000000(0000) GS:ffff8881d4aaa000(0000) knlGS:0000000000000000
00012 CS:  0010 DS: 0000 ES: 0000 CR0: 0000000080050033
00012 CR2: 00007f89611e6194 CR3: 0000000004274000 CR4: 0000000000750eb0
00012 PKRU: 55555554
00012 Call Trace:
00012  <TASK>
00012  ? local_object_create+0x109/0x640 [obdclass]
00012  ? dt_write_lock+0x16d/0x2a0 [obdclass]
00012  ? __local_file_create+0xce4/0x1bc0 [obdclass]
00012  ? local_file_find_or_create+0x13c/0x1d0 [obdclass]
00012  ? lquota_disk_dir_find_create+0x31f/0xd10 [lquota]
00012  ? qmt_device_prepare+0x122/0x600 [lquota]
00012  ? mdt_quota_init+0x1a65/0x3220 [mdt]
00012  ? mdt_tunables_init+0x3e6/0x530 [mdt]
00012  ? mdt_device_alloc+0x46a6/0x66c0 [mdt]
00012  ? obd_setup+0x25c/0x950 [obdclass]
00012  ? class_setup+0xc7d/0x10e0 [obdclass]
00012  ? class_process_config+0x2edb/0x7cb0 [obdclass]
00012  ? __kasan_kmalloc+0x72/0x80
00012  ? class_config_llog_handler+0x2954/0x4f80 [obdclass]
00012  ? class_config_llog_handler+0x2cea/0x4f80 [obdclass]
00012  ? lustre_cfg_rec_free+0x350/0x350 [obdclass]
00012  ? llog_process_thread+0x1fd2/0x4f70 [obdclass]
00012  ? _raw_spin_unlock+0x23/0x40
00012  ? llog_process_thread_daemonize+0x16d/0x1b0 [obdclass]
00012  ? kthread+0x2cd/0x3a0
00012  ? llog_process_or_fork+0xc90/0xc90 [obdclass]
00012  ? kthread_unuse_mm+0x130/0x130
00012  ? ret_from_fork+0x18c/0x520
00012  ? kthread_unuse_mm+0x130/0x130
00012  ? ret_from_fork_asm+0x11/0x20
00012  </TASK>
00012 ---[ end trace 0000000000000000 ]---
00012 ------------[ cut here ]------------
00012 WARNING: /home/ktest/git/linux/include/linux/fs.h:889 at osd_create+0x9cf/0xcf0 [osd_wbcfs], CPU#1: llog_process_th/1747
00012 Modules linked in: mdd(O) lod(O) mdt(O) lquota(O) lfsck(O) mgs(O) osd_wbcfs(O) lustre(O) obdecho(O) mgc(O) mdc(O) lov(O) osc(O) lmv(O) ec(O) fid(O) fld(O) ptlrpc(O) efivarfs obdclass(O) ksocklnd(O) lnet(O) libcfs(O)
00012 CPU: 1 UID: 0 PID: 1747 Comm: llog_process_th Tainted: G        W  O        7.0.0-ktest-25ae35d-6330a45-20260730-dirty #1 PREEMPT 
00012 Tainted: [W]=WARN, [O]=OOT_MODULE
00012 Hardware name: QEMU Standard PC (Q35 + ICH9, 2009), BIOS 2025.11-3ubuntu7 03/31/2026
00012 RIP: 0010:osd_create+0x9cf/0xcf0 [osd_wbcfs]
00012 Code: c7 c7 00 96 7b a1 48 c7 c6 a0 12 7d a1 48 c7 c2 00 1c 7d a1 e8 52 f1 43 ff 48 c7 c7 00 96 7b a1 e8 46 81 44 ff e9 fe fc ff ff <0f> 0b e9 a5 fa ff ff 48 c7 c1 80 44 5d a0 80 e1 07 80 c1 03 38 c1
00012 RSP: 0018:ffffc90000bff270 EFLAGS: 00010246
00012 RAX: 0000000000000000 RBX: ffff888133cd5800 RCX: 0000000000000046
00012 RDX: 0000000000000000 RSI: ffff88811713c9c0 RDI: ffff88802daa0998
00012 RBP: ffff88811713c930 R08: ffffffff83a16803 R09: 1ffffffff0742d00
00012 R10: dffffc0000000000 R11: fffffbfff0742d01 R12: ffff88802b1c0418
00012 R13: dffffc0000000000 R14: 1ffff1102679ab00 R15: 1ffff11005638092
00012 FS:  0000000000000000(0000) GS:ffff8881d4aaa000(0000) knlGS:0000000000000000
00012 CS:  0010 DS: 0000 ES: 0000 CR0: 0000000080050033
00012 CR2: 00007f89611e6194 CR3: 0000000004274000 CR4: 0000000000750eb0
00012 PKRU: 55555554
00012 Call Trace:
00012  <TASK>
00012  ? local_object_create+0x109/0x640 [obdclass]
00012  ? dt_write_lock+0x16d/0x2a0 [obdclass]
00012  ? __local_file_create+0xce4/0x1bc0 [obdclass]
00012  ? local_file_find_or_create+0x13c/0x1d0 [obdclass]
00012  ? lquota_disk_dir_find_create+0x31f/0xd10 [lquota]
00012  ? qmt_pool_prepare+0x3ee/0x16f0 [lquota]
00012  ? qmt_device_prepare+0x22a/0x600 [lquota]
00012  ? mdt_quota_init+0x1a65/0x3220 [mdt]
00012  ? mdt_tunables_init+0x3e6/0x530 [mdt]
00012  ? mdt_device_alloc+0x46a6/0x66c0 [mdt]
00012  ? obd_setup+0x25c/0x950 [obdclass]
00012  ? class_setup+0xc7d/0x10e0 [obdclass]
00012  ? class_process_config+0x2edb/0x7cb0 [obdclass]
00012  ? __kasan_kmalloc+0x72/0x80
00012  ? class_config_llog_handler+0x2954/0x4f80 [obdclass]
00012  ? class_config_llog_handler+0x2cea/0x4f80 [obdclass]
00012  ? lustre_cfg_rec_free+0x350/0x350 [obdclass]
00012  ? llog_process_thread+0x1fd2/0x4f70 [obdclass]
00012  ? _raw_spin_unlock+0x23/0x40
00012  ? llog_process_thread_daemonize+0x16d/0x1b0 [obdclass]
00012  ? kthread+0x2cd/0x3a0
00012  ? llog_process_or_fork+0xc90/0xc90 [obdclass]
00012  ? kthread_unuse_mm+0x130/0x130
00012  ? ret_from_fork+0x18c/0x520
00012  ? kthread_unuse_mm+0x130/0x130
00012  ? ret_from_fork_asm+0x11/0x20
00012  </TASK>
00012 ---[ end trace 0000000000000000 ]---
00012 ------------[ cut here ]------------
00012 WARNING: /home/ktest/git/linux/include/linux/fs.h:889 at osd_create+0x9cf/0xcf0 [osd_wbcfs], CPU#1: llog_process_th/1747
00012 Modules linked in: mdd(O) lod(O) mdt(O) lquota(O) lfsck(O) mgs(O) osd_wbcfs(O) lustre(O) obdecho(O) mgc(O) mdc(O) lov(O) osc(O) lmv(O) ec(O) fid(O) fld(O) ptlrpc(O) efivarfs obdclass(O) ksocklnd(O) lnet(O) libcfs(O)
00012 CPU: 1 UID: 0 PID: 1747 Comm: llog_process_th Tainted: G        W  O        7.0.0-ktest-25ae35d-6330a45-20260730-dirty #1 PREEMPT 
00012 Tainted: [W]=WARN, [O]=OOT_MODULE
00012 Hardware name: QEMU Standard PC (Q35 + ICH9, 2009), BIOS 2025.11-3ubuntu7 03/31/2026
00012 RIP: 0010:osd_create+0x9cf/0xcf0 [osd_wbcfs]
00012 Code: c7 c7 00 96 7b a1 48 c7 c6 a0 12 7d a1 48 c7 c2 00 1c 7d a1 e8 52 f1 43 ff 48 c7 c7 00 96 7b a1 e8 46 81 44 ff e9 fe fc ff ff <0f> 0b e9 a5 fa ff ff 48 c7 c1 80 44 5d a0 80 e1 07 80 c1 03 38 c1
00012 RSP: 0018:ffffc90000bff258 EFLAGS: 00010246
00012 RAX: 0000000000000000 RBX: ffff888133cd4800 RCX: 0000000000000046
00012 RDX: ffffffff84c44d40 RSI: ffff88811713c2a8 RDI: ffff88802daa0998
00012 RBP: ffff88811713c218 R08: 0000000000000001 R09: 0000000000000000
00012 R10: dffffc0000000000 R11: ffffed1022e27838 R12: ffff88802b1c0418
00012 R13: dffffc0000000000 R14: 1ffff1102679a900 R15: 1ffff11005638092
00012 FS:  0000000000000000(0000) GS:ffff8881d4aaa000(0000) knlGS:0000000000000000
00012 CS:  0010 DS: 0000 ES: 0000 CR0: 0000000080050033
00012 CR2: 00007f89611e6194 CR3: 0000000004274000 CR4: 0000000000750eb0
00012 PKRU: 55555554
00012 Call Trace:
00012  <TASK>
00012  ? local_object_create+0x109/0x640 [obdclass]
00012  ? dt_write_lock+0x16d/0x2a0 [obdclass]
00012  ? __local_file_create+0xce4/0x1bc0 [obdclass]
00012  ? local_index_find_or_create_with_fid+0x20d/0x3c0 [obdclass]
00012  ? lquota_disk_glb_find_create+0x3e7/0xe50 [lquota]
00012  ? qmt_pool_prepare+0x5af/0x16f0 [lquota]
00012  ? qmt_device_prepare+0x22a/0x600 [lquota]
00012  ? mdt_quota_init+0x1a65/0x3220 [mdt]
00012  ? mdt_tunables_init+0x3e6/0x530 [mdt]
00012  ? mdt_device_alloc+0x46a6/0x66c0 [mdt]
00012  ? obd_setup+0x25c/0x950 [obdclass]
00012  ? class_setup+0xc7d/0x10e0 [obdclass]
00012  ? class_process_config+0x2edb/0x7cb0 [obdclass]
00012  ? __kasan_kmalloc+0x72/0x80
00012  ? class_config_llog_handler+0x2954/0x4f80 [obdclass]
00012  ? class_config_llog_handler+0x2cea/0x4f80 [obdclass]
00012  ? lustre_cfg_rec_free+0x350/0x350 [obdclass]
00012  ? llog_process_thread+0x1fd2/0x4f70 [obdclass]
00012  ? _raw_spin_unlock+0x23/0x40
00012  ? llog_process_thread_daemonize+0x16d/0x1b0 [obdclass]
00012  ? kthread+0x2cd/0x3a0
00012  ? llog_process_or_fork+0xc90/0xc90 [obdclass]
00012  ? kthread_unuse_mm+0x130/0x130
00012  ? ret_from_fork+0x18c/0x520
00012  ? kthread_unuse_mm+0x130/0x130
00012  ? ret_from_fork_asm+0x11/0x20
00012  </TASK>
00012 ---[ end trace 0000000000000000 ]---
00012 ------------[ cut here ]------------
00012 WARNING: /home/ktest/git/linux/include/linux/fs.h:889 at osd_create+0x9cf/0xcf0 [osd_wbcfs], CPU#1: llog_process_th/1747
00012 Modules linked in: mdd(O) lod(O) mdt(O) lquota(O) lfsck(O) mgs(O) osd_wbcfs(O) lustre(O) obdecho(O) mgc(O) mdc(O) lov(O) osc(O) lmv(O) ec(O) fid(O) fld(O) ptlrpc(O) efivarfs obdclass(O) ksocklnd(O) lnet(O) libcfs(O)
00012 CPU: 1 UID: 0 PID: 1747 Comm: llog_process_th Tainted: G        W  O        7.0.0-ktest-25ae35d-6330a45-20260730-dirty #1 PREEMPT 
00012 Tainted: [W]=WARN, [O]=OOT_MODULE
00012 Hardware name: QEMU Standard PC (Q35 + ICH9, 2009), BIOS 2025.11-3ubuntu7 03/31/2026
00012 RIP: 0010:osd_create+0x9cf/0xcf0 [osd_wbcfs]
00012 Code: c7 c7 00 96 7b a1 48 c7 c6 a0 12 7d a1 48 c7 c2 00 1c 7d a1 e8 52 f1 43 ff 48 c7 c7 00 96 7b a1 e8 46 81 44 ff e9 fe fc ff ff <0f> 0b e9 a5 fa ff ff 48 c7 c1 80 44 5d a0 80 e1 07 80 c1 03 38 c1
00012 RSP: 0018:ffffc90000bff258 EFLAGS: 00010246
00012 RAX: 0000000000000000 RBX: ffff888119243400 RCX: 0000000000000046
00012 RDX: ffffffff84c44d40 RSI: ffff88811713bb90 RDI: ffff88802daa0998
00012 RBP: ffff88811713bb00 R08: 0000000000000001 R09: 0000000000000000
00012 R10: dffffc0000000000 R11: ffffed1022e27755 R12: ffff88802b1c0418
00012 R13: dffffc0000000000 R14: 1ffff11023248680 R15: 1ffff11005638092
00012 FS:  0000000000000000(0000) GS:ffff8881d4aaa000(0000) knlGS:0000000000000000
00012 CS:  0010 DS: 0000 ES: 0000 CR0: 0000000080050033
00012 CR2: 00007f89611e6194 CR3: 0000000004274000 CR4: 0000000000750eb0
00012 PKRU: 55555554
00012 Call Trace:
00012  <TASK>
00012  ? local_object_create+0x109/0x640 [obdclass]
00012  ? dt_write_lock+0x16d/0x2a0 [obdclass]
00012  ? __local_file_create+0xce4/0x1bc0 [obdclass]
00012  ? local_index_find_or_create_with_fid+0x20d/0x3c0 [obdclass]
00012  ? lquota_disk_glb_find_create+0x3e7/0xe50 [lquota]
00012  ? lprocfs_seq_create+0x120/0x340 [obdclass]
00012  ? qmt_pool_prepare+0x5af/0x16f0 [lquota]
00012  ? qmt_device_prepare+0x22a/0x600 [lquota]
00012  ? mdt_quota_init+0x1a65/0x3220 [mdt]
00012  ? mdt_tunables_init+0x3e6/0x530 [mdt]
00012  ? mdt_device_alloc+0x46a6/0x66c0 [mdt]
00012  ? obd_setup+0x25c/0x950 [obdclass]
00012  ? class_setup+0xc7d/0x10e0 [obdclass]
00012  ? class_process_config+0x2edb/0x7cb0 [obdclass]
00012  ? __kasan_kmalloc+0x72/0x80
00012  ? class_config_llog_handler+0x2954/0x4f80 [obdclass]
00012  ? class_config_llog_handler+0x2cea/0x4f80 [obdclass]
00012  ? lustre_cfg_rec_free+0x350/0x350 [obdclass]
00012  ? llog_process_thread+0x1fd2/0x4f70 [obdclass]
00012  ? _raw_spin_unlock+0x23/0x40
00012  ? llog_process_thread_daemonize+0x16d/0x1b0 [obdclass]
00012  ? kthread+0x2cd/0x3a0
00012  ? llog_process_or_fork+0xc90/0xc90 [obdclass]
00012  ? kthread_unuse_mm+0x130/0x130
00012  ? ret_from_fork+0x18c/0x520
00012  ? kthread_unuse_mm+0x130/0x130
00012  ? ret_from_fork_asm+0x11/0x20
00012  </TASK>
00012 ---[ end trace 0000000000000000 ]---
00012 ------------[ cut here ]------------
00012 WARNING: /home/ktest/git/linux/include/linux/fs.h:889 at osd_create+0x9cf/0xcf0 [osd_wbcfs], CPU#1: llog_process_th/1747
00012 Modules linked in: mdd(O) lod(O) mdt(O) lquota(O) lfsck(O) mgs(O) osd_wbcfs(O) lustre(O) obdecho(O) mgc(O) mdc(O) lov(O) osc(O) lmv(O) ec(O) fid(O) fld(O) ptlrpc(O) efivarfs obdclass(O) ksocklnd(O) lnet(O) libcfs(O)
00012 CPU: 1 UID: 0 PID: 1747 Comm: llog_process_th Tainted: G        W  O        7.0.0-ktest-25ae35d-6330a45-20260730-dirty #1 PREEMPT 
00012 Tainted: [W]=WARN, [O]=OOT_MODULE
00012 Hardware name: QEMU Standard PC (Q35 + ICH9, 2009), BIOS 2025.11-3ubuntu7 03/31/2026
00012 RIP: 0010:osd_create+0x9cf/0xcf0 [osd_wbcfs]
00012 Code: c7 c7 00 96 7b a1 48 c7 c6 a0 12 7d a1 48 c7 c2 00 1c 7d a1 e8 52 f1 43 ff 48 c7 c7 00 96 7b a1 e8 46 81 44 ff e9 fe fc ff ff <0f> 0b e9 a5 fa ff ff 48 c7 c1 80 44 5d a0 80 e1 07 80 c1 03 38 c1
00012 RSP: 0018:ffffc90000bff258 EFLAGS: 00010246
00012 RAX: 0000000000000000 RBX: ffff88811b147000 RCX: 0000000000000046
00012 RDX: ffffffff84c44d40 RSI: ffff88811713b478 RDI: ffff88802daa0998
00012 RBP: ffff88811713b3e8 R08: 0000000000000001 R09: 0000000000000000
00012 R10: dffffc0000000000 R11: ffffed1022e27672 R12: ffff88802b1c0418
00012 R13: dffffc0000000000 R14: 1ffff11023628e00 R15: 1ffff11005638092
00012 FS:  0000000000000000(0000) GS:ffff8881d4aaa000(0000) knlGS:0000000000000000
00012 CS:  0010 DS: 0000 ES: 0000 CR0: 0000000080050033
00012 CR2: 00007f89611e6194 CR3: 0000000004274000 CR4: 0000000000750eb0
00012 PKRU: 55555554
00012 Call Trace:
00012  <TASK>
00012  ? local_object_create+0x109/0x640 [obdclass]
00012  ? dt_write_lock+0x16d/0x2a0 [obdclass]
00012  ? __local_file_create+0xce4/0x1bc0 [obdclass]
00012  ? local_index_find_or_create_with_fid+0x20d/0x3c0 [obdclass]
00012  ? lquota_disk_glb_find_create+0x3e7/0xe50 [lquota]
00012  ? lprocfs_seq_create+0x120/0x340 [obdclass]
00012  ? qmt_pool_prepare+0x5af/0x16f0 [lquota]
00012  ? qmt_device_prepare+0x22a/0x600 [lquota]
00012  ? mdt_quota_init+0x1a65/0x3220 [mdt]
00012  ? mdt_tunables_init+0x3e6/0x530 [mdt]
00012  ? mdt_device_alloc+0x46a6/0x66c0 [mdt]
00012  ? obd_setup+0x25c/0x950 [obdclass]
00012  ? class_setup+0xc7d/0x10e0 [obdclass]
00012  ? class_process_config+0x2edb/0x7cb0 [obdclass]
00012  ? __kasan_kmalloc+0x72/0x80
00012  ? class_config_llog_handler+0x2954/0x4f80 [obdclass]
00012  ? class_config_llog_handler+0x2cea/0x4f80 [obdclass]
00012  ? lustre_cfg_rec_free+0x350/0x350 [obdclass]
00012  ? llog_process_thread+0x1fd2/0x4f70 [obdclass]
00012  ? _raw_spin_unlock+0x23/0x40
00012  ? llog_process_thread_daemonize+0x16d/0x1b0 [obdclass]
00012  ? kthread+0x2cd/0x3a0
00012  ? llog_process_or_fork+0xc90/0xc90 [obdclass]
00012  ? kthread_unuse_mm+0x130/0x130
00012  ? ret_from_fork+0x18c/0x520
00012  ? kthread_unuse_mm+0x130/0x130
00012  ? ret_from_fork_asm+0x11/0x20
00012  </TASK>
00012 ---[ end trace 0000000000000000 ]---
00012 ------------[ cut here ]------------
00012 WARNING: /home/ktest/git/linux/include/linux/fs.h:889 at osd_create+0x9cf/0xcf0 [osd_wbcfs], CPU#1: llog_process_th/1747
00012 Modules linked in: mdd(O) lod(O) mdt(O) lquota(O) lfsck(O) mgs(O) osd_wbcfs(O) lustre(O) obdecho(O) mgc(O) mdc(O) lov(O) osc(O) lmv(O) ec(O) fid(O) fld(O) ptlrpc(O) efivarfs obdclass(O) ksocklnd(O) lnet(O) libcfs(O)
00012 CPU: 1 UID: 0 PID: 1747 Comm: llog_process_th Tainted: G        W  O        7.0.0-ktest-25ae35d-6330a45-20260730-dirty #1 PREEMPT 
00012 Tainted: [W]=WARN, [O]=OOT_MODULE
00012 Hardware name: QEMU Standard PC (Q35 + ICH9, 2009), BIOS 2025.11-3ubuntu7 03/31/2026
00012 RIP: 0010:osd_create+0x9cf/0xcf0 [osd_wbcfs]
00012 Code: c7 c7 00 96 7b a1 48 c7 c6 a0 12 7d a1 48 c7 c2 00 1c 7d a1 e8 52 f1 43 ff 48 c7 c7 00 96 7b a1 e8 46 81 44 ff e9 fe fc ff ff <0f> 0b e9 a5 fa ff ff 48 c7 c1 80 44 5d a0 80 e1 07 80 c1 03 38 c1
00012 RSP: 0018:ffffc90000bff270 EFLAGS: 00010246
00012 RAX: 0000000000000000 RBX: ffff88811b144c00 RCX: 0000000000000046
00012 RDX: 0000000000000000 RSI: ffff88811713ad60 RDI: ffff88802daa0998
00012 RBP: ffff88811713acd0 R08: ffffffff83a16803 R09: 1ffffffff0742d00
00012 R10: dffffc0000000000 R11: fffffbfff0742d01 R12: ffff88802b1c0418
00012 R13: dffffc0000000000 R14: 1ffff11023628980 R15: 1ffff11005638092
00012 FS:  0000000000000000(0000) GS:ffff8881d4aaa000(0000) knlGS:0000000000000000
00012 CS:  0010 DS: 0000 ES: 0000 CR0: 0000000080050033
00012 CR2: 00007f89611e6194 CR3: 0000000004274000 CR4: 0000000000750eb0
00012 PKRU: 55555554
00012 Call Trace:
00012  <TASK>
00012  ? local_object_create+0x109/0x640 [obdclass]
00012  ? dt_write_lock+0x16d/0x2a0 [obdclass]
00012  ? __local_file_create+0xce4/0x1bc0 [obdclass]
00012  ? local_file_find_or_create+0x13c/0x1d0 [obdclass]
00012  ? lquota_disk_dir_find_create+0x31f/0xd10 [lquota]
00012  ? qmt_pool_prepare+0x3ee/0x16f0 [lquota]
00012  ? qmt_device_prepare+0x22a/0x600 [lquota]
00012  ? mdt_quota_init+0x1a65/0x3220 [mdt]
00012  ? mdt_tunables_init+0x3e6/0x530 [mdt]
00012  ? mdt_device_alloc+0x46a6/0x66c0 [mdt]
00012  ? obd_setup+0x25c/0x950 [obdclass]
00012  ? class_setup+0xc7d/0x10e0 [obdclass]
00012  ? class_process_config+0x2edb/0x7cb0 [obdclass]
00012  ? __kasan_kmalloc+0x72/0x80
00012  ? class_config_llog_handler+0x2954/0x4f80 [obdclass]
00012  ? class_config_llog_handler+0x2cea/0x4f80 [obdclass]
00012  ? lustre_cfg_rec_free+0x350/0x350 [obdclass]
00012  ? llog_process_thread+0x1fd2/0x4f70 [obdclass]
00012  ? _raw_spin_unlock+0x23/0x40
00012  ? llog_process_thread_daemonize+0x16d/0x1b0 [obdclass]
00012  ? kthread+0x2cd/0x3a0
00012  ? llog_process_or_fork+0xc90/0xc90 [obdclass]
00012  ? kthread_unuse_mm+0x130/0x130
00012  ? ret_from_fork+0x18c/0x520
00012  ? kthread_unuse_mm+0x130/0x130
00012  ? ret_from_fork_asm+0x11/0x20
00012  </TASK>
00012 ---[ end trace 0000000000000000 ]---
00012 ------------[ cut here ]------------
00012 WARNING: /home/ktest/git/linux/include/linux/fs.h:889 at osd_create+0x9cf/0xcf0 [osd_wbcfs], CPU#1: llog_process_th/1747
00012 Modules linked in: mdd(O) lod(O) mdt(O) lquota(O) lfsck(O) mgs(O) osd_wbcfs(O) lustre(O) obdecho(O) mgc(O) mdc(O) lov(O) osc(O) lmv(O) ec(O) fid(O) fld(O) ptlrpc(O) efivarfs obdclass(O) ksocklnd(O) lnet(O) libcfs(O)
00012 CPU: 1 UID: 0 PID: 1747 Comm: llog_process_th Tainted: G        W  O        7.0.0-ktest-25ae35d-6330a45-20260730-dirty #1 PREEMPT 
00012 Tainted: [W]=WARN, [O]=OOT_MODULE
00012 Hardware name: QEMU Standard PC (Q35 + ICH9, 2009), BIOS 2025.11-3ubuntu7 03/31/2026
00012 RIP: 0010:osd_create+0x9cf/0xcf0 [osd_wbcfs]
00012 Code: c7 c7 00 96 7b a1 48 c7 c6 a0 12 7d a1 48 c7 c2 00 1c 7d a1 e8 52 f1 43 ff 48 c7 c7 00 96 7b a1 e8 46 81 44 ff e9 fe fc ff ff <0f> 0b e9 a5 fa ff ff 48 c7 c1 80 44 5d a0 80 e1 07 80 c1 03 38 c1
00012 RSP: 0018:ffffc90000bff258 EFLAGS: 00010246
00012 RAX: 0000000000000000 RBX: ffff888119e36000 RCX: 0000000000000046
00012 RDX: ffffffff84c44d40 RSI: ffff88802993d0d8 RDI: ffff88802daa0998
00012 RBP: ffff88802993d048 R08: 0000000000000001 R09: 0000000000000000
00012 R10: dffffc0000000000 R11: ffffed10053279fe R12: ffff88802b1c0418
00012 R13: dffffc0000000000 R14: 1ffff110233c6c00 R15: 1ffff11005638092
00012 FS:  0000000000000000(0000) GS:ffff8881d4aaa000(0000) knlGS:0000000000000000
00012 CS:  0010 DS: 0000 ES: 0000 CR0: 0000000080050033
00012 CR2: 00007f89611e6194 CR3: 0000000004274000 CR4: 0000000000750eb0
00012 PKRU: 55555554
00012 Call Trace:
00012  <TASK>
00012  ? local_object_create+0x109/0x640 [obdclass]
00012  ? dt_write_lock+0x16d/0x2a0 [obdclass]
00012  ? __local_file_create+0xce4/0x1bc0 [obdclass]
00012  ? local_index_find_or_create_with_fid+0x20d/0x3c0 [obdclass]
00012  ? lquota_disk_glb_find_create+0x3e7/0xe50 [lquota]
00012  ? qmt_pool_prepare+0x5af/0x16f0 [lquota]
00012  ? qmt_device_prepare+0x22a/0x600 [lquota]
00012  ? mdt_quota_init+0x1a65/0x3220 [mdt]
00012  ? mdt_tunables_init+0x3e6/0x530 [mdt]
00012  ? mdt_device_alloc+0x46a6/0x66c0 [mdt]
00012  ? obd_setup+0x25c/0x950 [obdclass]
00012  ? class_setup+0xc7d/0x10e0 [obdclass]
00012  ? class_process_config+0x2edb/0x7cb0 [obdclass]
00012  ? __kasan_kmalloc+0x72/0x80
00012  ? class_config_llog_handler+0x2954/0x4f80 [obdclass]
00012  ? class_config_llog_handler+0x2cea/0x4f80 [obdclass]
00012  ? lustre_cfg_rec_free+0x350/0x350 [obdclass]
00012  ? llog_process_thread+0x1fd2/0x4f70 [obdclass]
00012  ? _raw_spin_unlock+0x23/0x40
00012  ? llog_process_thread_daemonize+0x16d/0x1b0 [obdclass]
00012  ? kthread+0x2cd/0x3a0
00012  ? llog_process_or_fork+0xc90/0xc90 [obdclass]
00012  ? kthread_unuse_mm+0x130/0x130
00012  ? ret_from_fork+0x18c/0x520
00012  ? kthread_unuse_mm+0x130/0x130
00012  ? ret_from_fork_asm+0x11/0x20
00012  </TASK>
00012 ---[ end trace 0000000000000000 ]---
00012 ------------[ cut here ]------------
00012 WARNING: /home/ktest/git/linux/include/linux/fs.h:889 at osd_create+0x9cf/0xcf0 [osd_wbcfs], CPU#1: llog_process_th/1747
00012 Modules linked in: mdd(O) lod(O) mdt(O) lquota(O) lfsck(O) mgs(O) osd_wbcfs(O) lustre(O) obdecho(O) mgc(O) mdc(O) lov(O) osc(O) lmv(O) ec(O) fid(O) fld(O) ptlrpc(O) efivarfs obdclass(O) ksocklnd(O) lnet(O) libcfs(O)
00012 CPU: 1 UID: 0 PID: 1747 Comm: llog_process_th Tainted: G        W  O        7.0.0-ktest-25ae35d-6330a45-20260730-dirty #1 PREEMPT 
00012 Tainted: [W]=WARN, [O]=OOT_MODULE
00012 Hardware name: QEMU Standard PC (Q35 + ICH9, 2009), BIOS 2025.11-3ubuntu7 03/31/2026
00012 RIP: 0010:osd_create+0x9cf/0xcf0 [osd_wbcfs]
00012 Code: c7 c7 00 96 7b a1 48 c7 c6 a0 12 7d a1 48 c7 c2 00 1c 7d a1 e8 52 f1 43 ff 48 c7 c7 00 96 7b a1 e8 46 81 44 ff e9 fe fc ff ff <0f> 0b e9 a5 fa ff ff 48 c7 c1 80 44 5d a0 80 e1 07 80 c1 03 38 c1
00012 RSP: 0018:ffffc90000bff258 EFLAGS: 00010246
00012 RAX: 0000000000000000 RBX: ffff888119e37c00 RCX: 0000000000000046
00012 RDX: ffffffff84c44d40 RSI: ffff88802993c9c0 RDI: ffff88802daa0998
00012 RBP: ffff88802993c930 R08: 0000000000000001 R09: 0000000000000000
00012 R10: dffffc0000000000 R11: ffffed100532791b R12: ffff88802b1c0418
00012 R13: dffffc0000000000 R14: 1ffff110233c6f80 R15: 1ffff11005638092
00012 FS:  0000000000000000(0000) GS:ffff8881d4aaa000(0000) knlGS:0000000000000000
00012 CS:  0010 DS: 0000 ES: 0000 CR0: 0000000080050033
00012 CR2: 00007f89611e6194 CR3: 0000000004274000 CR4: 0000000000750eb0
00012 PKRU: 55555554
00012 Call Trace:
00012  <TASK>
00012  ? local_object_create+0x109/0x640 [obdclass]
00012  ? dt_write_lock+0x16d/0x2a0 [obdclass]
00012  ? __local_file_create+0xce4/0x1bc0 [obdclass]
00012  ? local_index_find_or_create_with_fid+0x20d/0x3c0 [obdclass]
00012  ? lquota_disk_glb_find_create+0x3e7/0xe50 [lquota]
00012  ? lprocfs_seq_create+0x120/0x340 [obdclass]
00012  ? qmt_pool_prepare+0x5af/0x16f0 [lquota]
00012  ? qmt_device_prepare+0x22a/0x600 [lquota]
00012  ? mdt_quota_init+0x1a65/0x3220 [mdt]
00012  ? mdt_tunables_init+0x3e6/0x530 [mdt]
00012  ? mdt_device_alloc+0x46a6/0x66c0 [mdt]
00012  ? obd_setup+0x25c/0x950 [obdclass]
00012  ? class_setup+0xc7d/0x10e0 [obdclass]
00012  ? class_process_config+0x2edb/0x7cb0 [obdclass]
00012  ? __kasan_kmalloc+0x72/0x80
00012  ? class_config_llog_handler+0x2954/0x4f80 [obdclass]
00012  ? class_config_llog_handler+0x2cea/0x4f80 [obdclass]
00012  ? lustre_cfg_rec_free+0x350/0x350 [obdclass]
00012  ? llog_process_thread+0x1fd2/0x4f70 [obdclass]
00012  ? _raw_spin_unlock+0x23/0x40
00012  ? llog_process_thread_daemonize+0x16d/0x1b0 [obdclass]
00012  ? kthread+0x2cd/0x3a0
00012  ? llog_process_or_fork+0xc90/0xc90 [obdclass]
00012  ? kthread_unuse_mm+0x130/0x130
00012  ? ret_from_fork+0x18c/0x520
00012  ? kthread_unuse_mm+0x130/0x130
00012  ? ret_from_fork_asm+0x11/0x20
00012  </TASK>
00012 ---[ end trace 0000000000000000 ]---
00012 ------------[ cut here ]------------
00012 WARNING: /home/ktest/git/linux/include/linux/fs.h:889 at osd_create+0x9cf/0xcf0 [osd_wbcfs], CPU#1: llog_process_th/1747
00012 Modules linked in: mdd(O) lod(O) mdt(O) lquota(O) lfsck(O) mgs(O) osd_wbcfs(O) lustre(O) obdecho(O) mgc(O) mdc(O) lov(O) osc(O) lmv(O) ec(O) fid(O) fld(O) ptlrpc(O) efivarfs obdclass(O) ksocklnd(O) lnet(O) libcfs(O)
00012 CPU: 1 UID: 0 PID: 1747 Comm: llog_process_th Tainted: G        W  O        7.0.0-ktest-25ae35d-6330a45-20260730-dirty #1 PREEMPT 
00012 Tainted: [W]=WARN, [O]=OOT_MODULE
00012 Hardware name: QEMU Standard PC (Q35 + ICH9, 2009), BIOS 2025.11-3ubuntu7 03/31/2026
00012 RIP: 0010:osd_create+0x9cf/0xcf0 [osd_wbcfs]
00012 Code: c7 c7 00 96 7b a1 48 c7 c6 a0 12 7d a1 48 c7 c2 00 1c 7d a1 e8 52 f1 43 ff 48 c7 c7 00 96 7b a1 e8 46 81 44 ff e9 fe fc ff ff <0f> 0b e9 a5 fa ff ff 48 c7 c1 80 44 5d a0 80 e1 07 80 c1 03 38 c1
00012 RSP: 0018:ffffc90000bff258 EFLAGS: 00010246
00012 RAX: 0000000000000000 RBX: ffff888132ecec00 RCX: 0000000000000046
00012 RDX: ffffffff84c44d40 RSI: ffff88802993c2a8 RDI: ffff88802daa0998
00012 RBP: ffff88802993c218 R08: 0000000000000001 R09: 0000000000000000
00012 R10: dffffc0000000000 R11: ffffed1005327838 R12: ffff88802b1c0418
00012 R13: dffffc0000000000 R14: 1ffff110265d9d80 R15: 1ffff11005638092
00012 FS:  0000000000000000(0000) GS:ffff8881d4aaa000(0000) knlGS:0000000000000000
00012 CS:  0010 DS: 0000 ES: 0000 CR0: 0000000080050033
00012 CR2: 00007f89611e6194 CR3: 0000000004274000 CR4: 0000000000750eb0
00012 PKRU: 55555554
00012 Call Trace:
00012  <TASK>
00012  ? local_object_create+0x109/0x640 [obdclass]
00012  ? dt_write_lock+0x16d/0x2a0 [obdclass]
00012  ? __local_file_create+0xce4/0x1bc0 [obdclass]
00012  ? local_index_find_or_create_with_fid+0x20d/0x3c0 [obdclass]
00012  ? lquota_disk_glb_find_create+0x3e7/0xe50 [lquota]
00012  ? lprocfs_seq_create+0x120/0x340 [obdclass]
00012  ? qmt_pool_prepare+0x5af/0x16f0 [lquota]
00012  ? qmt_device_prepare+0x22a/0x600 [lquota]
00012  ? mdt_quota_init+0x1a65/0x3220 [mdt]
00012  ? mdt_tunables_init+0x3e6/0x530 [mdt]
00012  ? mdt_device_alloc+0x46a6/0x66c0 [mdt]
00012  ? obd_setup+0x25c/0x950 [obdclass]
00012  ? class_setup+0xc7d/0x10e0 [obdclass]
00012  ? class_process_config+0x2edb/0x7cb0 [obdclass]
00012  ? __kasan_kmalloc+0x72/0x80
00012  ? class_config_llog_handler+0x2954/0x4f80 [obdclass]
00012  ? class_config_llog_handler+0x2cea/0x4f80 [obdclass]
00012  ? lustre_cfg_rec_free+0x350/0x350 [obdclass]
00012  ? llog_process_thread+0x1fd2/0x4f70 [obdclass]
00012  ? _raw_spin_unlock+0x23/0x40
00012  ? llog_process_thread_daemonize+0x16d/0x1b0 [obdclass]
00012  ? kthread+0x2cd/0x3a0
00012  ? llog_process_or_fork+0xc90/0xc90 [obdclass]
00012  ? kthread_unuse_mm+0x130/0x130
00012  ? ret_from_fork+0x18c/0x520
00012  ? kthread_unuse_mm+0x130/0x130
00012  ? ret_from_fork_asm+0x11/0x20
00012  </TASK>
00012 ---[ end trace 0000000000000000 ]---
00012 llog_process_th (1747) used greatest stack depth: 25632 bytes left
00012 ------------[ cut here ]------------
00012 WARNING: /home/ktest/git/linux/include/linux/fs.h:889 at osd_create+0x9cf/0xcf0 [osd_wbcfs], CPU#0: ll_mgs_0001/1723
00012 Modules linked in: osp(O) mdd(O) lod(O) mdt(O) lquota(O) lfsck(O) mgs(O) osd_wbcfs(O) lustre(O) obdecho(O) mgc(O) mdc(O) lov(O) osc(O) lmv(O) ec(O) fid(O) fld(O) ptlrpc(O) efivarfs obdclass(O) ksocklnd(O) lnet(O) libcfs(O)
00012 CPU: 0 UID: 0 PID: 1723 Comm: ll_mgs_0001 Tainted: G        W  O        7.0.0-ktest-25ae35d-6330a45-20260730-dirty #1 PREEMPT 
00012 Tainted: [W]=WARN, [O]=OOT_MODULE
00012 Hardware name: QEMU Standard PC (Q35 + ICH9, 2009), BIOS 2025.11-3ubuntu7 03/31/2026
00012 RIP: 0010:osd_create+0x9cf/0xcf0 [osd_wbcfs]
00012 Code: c7 c7 00 96 7b a1 48 c7 c6 a0 12 7d a1 48 c7 c2 00 1c 7d a1 e8 52 f1 43 ff 48 c7 c7 00 96 7b a1 e8 46 81 44 ff e9 fe fc ff ff <0f> 0b e9 a5 fa ff ff 48 c7 c1 80 44 5d a0 80 e1 07 80 c1 03 38 c1
00012 RSP: 0018:ffffc90001367700 EFLAGS: 00010246
00012 RAX: 0000000000000000 RBX: ffff888133d24400 RCX: 0000000000000046
00012 RDX: 0000000000000000 RSI: ffff88802b9d3b90 RDI: ffff8881194c09e8
00012 RBP: ffff88802b9d3b00 R08: ffffffff83a16803 R09: 1ffffffff0742d00
00012 R10: dffffc0000000000 R11: fffffbfff0742d01 R12: ffff88810418e418
00012 R13: dffffc0000000000 R14: 1ffff110267a4880 R15: 1ffff11020831c92
00012 FS:  0000000000000000(0000) GS:ffff8881d4a2a000(0000) knlGS:0000000000000000
00012 CS:  0010 DS: 0000 ES: 0000 CR0: 0000000080050033
00012 CR2: 00007f3f117e6194 CR3: 0000000004274000 CR4: 0000000000750eb0
00012 PKRU: 55555554
00012 Call Trace:
00012  <TASK>
00012  ? local_object_create+0x109/0x640 [obdclass]
00012  ? dt_write_lock+0x16d/0x2a0 [obdclass]
00012  ? __local_file_create+0xce4/0x1bc0 [obdclass]
00012  ? local_file_find_or_create+0x13c/0x1d0 [obdclass]
00012  ? mgs_ir_update+0x1ce1/0x3850 [mgs]
00012  ? mgs_target_reg+0xd98/0x4480 [mgs]
00012  ? tgt_request_handle+0x23ad/0x3d30 [ptlrpc]
00012  ? ptlrpc_main+0x6359/0x96f0 [ptlrpc]
00012  ? __kthread_parkme+0x73/0x130
00012  ? kthread+0x2cd/0x3a0
00012  ? ptlrpc_start_thread+0x1f10/0x1f10 [ptlrpc]
00012  ? kthread_unuse_mm+0x130/0x130
00012  ? ret_from_fork+0x18c/0x520
00012  ? kthread_unuse_mm+0x130/0x130
00012  ? ret_from_fork_asm+0x11/0x20
00012  </TASK>
00012 ---[ end trace 0000000000000000 ]---
00012 Lustre: lustre-MDT0000: Imperative Recovery not enabled, recovery window 300-900
00012 Lustre: ctl-lustre-MDT0000: super-sequence allocation rc = 0 [0x0000000200000400-0x0000000240000400]:0:mdt
00012 ------------[ cut here ]------------
00012 WARNING: /home/ktest/git/linux/include/linux/fs.h:889 at osd_create+0x9cf/0xcf0 [osd_wbcfs], CPU#1: lod0000_rec0000/1758
00012 Modules linked in: osp(O) mdd(O) lod(O) mdt(O) lquota(O) lfsck(O) mgs(O) osd_wbcfs(O) lustre(O) obdecho(O) mgc(O) mdc(O) lov(O) osc(O) lmv(O) ec(O) fid(O) fld(O) ptlrpc(O) efivarfs obdclass(O) ksocklnd(O) lnet(O) libcfs(O)
00012 CPU: 1 UID: 0 PID: 1758 Comm: lod0000_rec0000 Tainted: G        W  O        7.0.0-ktest-25ae35d-6330a45-20260730-dirty #1 PREEMPT 
00012 Tainted: [W]=WARN, [O]=OOT_MODULE
00012 Hardware name: QEMU Standard PC (Q35 + ICH9, 2009), BIOS 2025.11-3ubuntu7 03/31/2026
00012 RIP: 0010:osd_create+0x9cf/0xcf0 [osd_wbcfs]
00012 Code: c7 c7 00 96 7b a1 48 c7 c6 a0 12 7d a1 48 c7 c2 00 1c 7d a1 e8 52 f1 43 ff 48 c7 c7 00 96 7b a1 e8 46 81 44 ff e9 fe fc ff ff <0f> 0b e9 a5 fa ff ff 48 c7 c1 80 44 5d a0 80 e1 07 80 c1 03 38 c1
00012 RSP: 0018:ffffc90000a37b50 EFLAGS: 00010246
00012 RAX: 0000000000000000 RBX: ffff888132ac0400 RCX: 0000000000000046
00012 RDX: 0000000000000000 RSI: ffff88802993a648 RDI: ffff88803204aa58
00012 RBP: ffff88802993a5b8 R08: ffffffff83a16803 R09: 1ffffffff0742d00
00012 R10: dffffc0000000000 R11: fffffbfff0742d01 R12: ffff88811ade3c00
00012 R13: dffffc0000000000 R14: 1ffff11026558080 R15: 1ffff110235bc78f
00012 FS:  0000000000000000(0000) GS:ffff8881d4aaa000(0000) knlGS:0000000000000000
00012 CS:  0010 DS: 0000 ES: 0000 CR0: 0000000080050033
00012 CR2: 00007f89611e6194 CR3: 000000002fded000 CR4: 0000000000750eb0
00012 PKRU: 55555554
00012 Call Trace:
00012  <TASK>
00012  ? llog_osd_create+0x605/0x10d0 [obdclass]
00012  ? llog_create+0x2ed/0x530 [obdclass]
00012  ? llog_open_create+0x6e7/0xb30 [obdclass]
00012  ? lod_sub_prep_llog+0xdfd/0x1b40 [lod]
00012  ? lod_sub_recovery_thread+0x316/0x18d0 [lod]
00012  ? __kthread_parkme+0x73/0x130
00012  ? kthread+0x2cd/0x3a0
00012  ? lod_sub_init_llog+0x1180/0x1180 [lod]
00012  ? kthread_unuse_mm+0x130/0x130
00012  ? ret_from_fork+0x18c/0x520
00012  ? kthread_unuse_mm+0x130/0x130
00012  ? ret_from_fork_asm+0x11/0x20
00012  </TASK>
00012 ---[ end trace 0000000000000000 ]---
00012 ------------[ cut here ]------------
00012 WARNING: /home/ktest/git/linux/include/linux/fs.h:889 at osd_create+0x9cf/0xcf0 [osd_wbcfs], CPU#0: ll_mgs_0001/1723
00012 Modules linked in: osp(O) mdd(O) lod(O) mdt(O) lquota(O) lfsck(O) mgs(O) osd_wbcfs(O) lustre(O) obdecho(O) mgc(O) mdc(O) lov(O) osc(O) lmv(O) ec(O) fid(O) fld(O) ptlrpc(O) efivarfs obdclass(O) ksocklnd(O) lnet(O) libcfs(O)
00012 CPU: 0 UID: 0 PID: 1723 Comm: ll_mgs_0001 Tainted: G        W  O        7.0.0-ktest-25ae35d-6330a45-20260730-dirty #1 PREEMPT 
00012 Tainted: [W]=WARN, [O]=OOT_MODULE
00012 Hardware name: QEMU Standard PC (Q35 + ICH9, 2009), BIOS 2025.11-3ubuntu7 03/31/2026
00012 RIP: 0010:osd_create+0x9cf/0xcf0 [osd_wbcfs]
00012 Code: c7 c7 00 96 7b a1 48 c7 c6 a0 12 7d a1 48 c7 c2 00 1c 7d a1 e8 52 f1 43 ff 48 c7 c7 00 96 7b a1 e8 46 81 44 ff e9 fe fc ff ff <0f> 0b e9 a5 fa ff ff 48 c7 c1 80 44 5d a0 80 e1 07 80 c1 03 38 c1
00012 RSP: 0018:ffffc90001367688 EFLAGS: 00010246
00012 RAX: 0000000000000000 RBX: ffff888133dd2000 RCX: 0000000000000046
00012 RDX: 0000000000000000 RSI: ffff88802b9d3478 RDI: ffff8881194c09e8
00012 RBP: ffff88802b9d33e8 R08: ffffffff83a16803 R09: 1ffffffff0742d00
00012 R10: dffffc0000000000 R11: fffffbfff0742d01 R12: ffff88811b12a400
00012 R13: dffffc0000000000 R14: 1ffff110267ba400 R15: 1ffff1102362548f
00012 FS:  0000000000000000(0000) GS:ffff8881d4a2a000(0000) knlGS:0000000000000000
00012 CS:  0010 DS: 0000 ES: 0000 CR0: 0000000080050033
00012 CR2: 00007f3f117e6194 CR3: 0000000105f04000 CR4: 0000000000750eb0
00012 PKRU: 55555554
00012 Call Trace:
00012  <TASK>
00012  ? local_object_create+0x109/0x640 [obdclass]
00012  ? dt_write_lock+0x16d/0x2a0 [obdclass]
00012  ? llog_osd_create+0x356/0x10d0 [obdclass]
00012  ? llog_create+0x2ed/0x530 [obdclass]
00012  ? llog_open_create+0x6e7/0xb30 [obdclass]
00012  ? record_start_log+0x348/0xa40 [mgs]
00012  ? mgs_write_log_lov+0x3ac/0xde0 [mgs]
00012  ? mgs_write_log_target+0x17a4/0x6ab0 [mgs]
00012  ? mgs_target_reg+0x254e/0x4480 [mgs]
00012  ? tgt_request_handle+0x23ad/0x3d30 [ptlrpc]
00012  ? ptlrpc_main+0x6359/0x96f0 [ptlrpc]
00012  ? __kthread_parkme+0x73/0x130
00012  ? kthread+0x2cd/0x3a0
00012  ? ptlrpc_start_thread+0x1f10/0x1f10 [ptlrpc]
00012  ? kthread_unuse_mm+0x130/0x130
00012  ? ret_from_fork+0x18c/0x520
00012  ? kthread_unuse_mm+0x130/0x130
00012  ? ret_from_fork_asm+0x11/0x20
00012  </TASK>
00012 ---[ end trace 0000000000000000 ]---
00012 ------------[ cut here ]------------
00012 WARNING: /home/ktest/git/linux/include/linux/fs.h:889 at osd_create+0x9cf/0xcf0 [osd_wbcfs], CPU#0: llog_process_th/1762
00012 Modules linked in: osp(O) mdd(O) lod(O) mdt(O) lquota(O) lfsck(O) mgs(O) osd_wbcfs(O) lustre(O) obdecho(O) mgc(O) mdc(O) lov(O) osc(O) lmv(O) ec(O) fid(O) fld(O) ptlrpc(O) efivarfs obdclass(O) ksocklnd(O) lnet(O) libcfs(O)
00012 CPU: 0 UID: 0 PID: 1762 Comm: llog_process_th Tainted: G        W  O        7.0.0-ktest-25ae35d-6330a45-20260730-dirty #1 PREEMPT 
00012 Tainted: [W]=WARN, [O]=OOT_MODULE
00012 Hardware name: QEMU Standard PC (Q35 + ICH9, 2009), BIOS 2025.11-3ubuntu7 03/31/2026
00012 RIP: 0010:osd_create+0x9cf/0xcf0 [osd_wbcfs]
00012 Code: c7 c7 00 96 7b a1 48 c7 c6 a0 12 7d a1 48 c7 c2 00 1c 7d a1 e8 52 f1 43 ff 48 c7 c7 00 96 7b a1 e8 46 81 44 ff e9 fe fc ff ff <0f> 0b e9 a5 fa ff ff 48 c7 c1 80 44 5d a0 80 e1 07 80 c1 03 38 c1
00012 RSP: 0018:ffffc90001927450 EFLAGS: 00010246
00012 RAX: 0000000000000000 RBX: ffff888133db7800 RCX: 0000000000000046
00012 RDX: ffffffff84c44d40 RSI: ffff88802b9d2d60 RDI: ffff88803190aa58
00012 RBP: ffff88802b9d2cd0 R08: 0000000000000001 R09: 0000000000000000
00012 R10: dffffc0000000000 R11: ffffed100573a58f R12: ffff88811ba53300
00012 R13: dffffc0000000000 R14: 1ffff110267b6f00 R15: 1ffff92000324ebf
00012 FS:  0000000000000000(0000) GS:ffff8881d4a2a000(0000) knlGS:0000000000000000
00012 CS:  0010 DS: 0000 ES: 0000 CR0: 0000000080050033
00012 CR2: 00007f3f117e6194 CR3: 0000000105f04000 CR4: 0000000000750eb0
00012 PKRU: 55555554
00012 Call Trace:
00012  <TASK>
00012  ? dt_find_or_create+0x81a/0x1170 [obdclass]
00012  ? fld_index_init+0x404/0x1610 [fld]
00012  ? is_module_address+0x1b/0x70
00012  ? is_module_address+0x5e/0x70
00012  ? __asan_memset+0x22/0x40
00012  ? fld_server_init+0x1d7/0x580 [fld]
00012  ? mdt_device_alloc+0x36b4/0x66c0 [mdt]
00012  ? __alloc_tagging_slab_alloc_hook+0x136/0x190
00012  ? obd_setup+0x25c/0x950 [obdclass]
00012  ? class_setup+0xc7d/0x10e0 [obdclass]
00012  ? class_process_config+0x2edb/0x7cb0 [obdclass]
00012  ? __kasan_kmalloc+0x72/0x80
00012  ? class_config_llog_handler+0x2954/0x4f80 [obdclass]
00012  ? class_config_llog_handler+0x2cea/0x4f80 [obdclass]
00012  ? lustre_cfg_rec_free+0x350/0x350 [obdclass]
00012  ? llog_process_thread+0x1fd2/0x4f70 [obdclass]
00012  ? _raw_spin_unlock+0x23/0x40
00012  ? llog_process_thread_daemonize+0x16d/0x1b0 [obdclass]
00012  ? kthread+0x2cd/0x3a0
00012  ? llog_process_or_fork+0xc90/0xc90 [obdclass]
00012  ? kthread_unuse_mm+0x130/0x130
00012  ? ret_from_fork+0x18c/0x520
00012  ? kthread_unuse_mm+0x130/0x130
00012  ? ret_from_fork_asm+0x11/0x20
00012  </TASK>
00012 ---[ end trace 0000000000000000 ]---
00012 ------------[ cut here ]------------
00012 WARNING: /home/ktest/git/linux/include/linux/fs.h:889 at osd_create+0x9cf/0xcf0 [osd_wbcfs], CPU#0: llog_process_th/1762
00012 Modules linked in: osp(O) mdd(O) lod(O) mdt(O) lquota(O) lfsck(O) mgs(O) osd_wbcfs(O) lustre(O) obdecho(O) mgc(O) mdc(O) lov(O) osc(O) lmv(O) ec(O) fid(O) fld(O) ptlrpc(O) efivarfs obdclass(O) ksocklnd(O) lnet(O) libcfs(O)
00012 CPU: 0 UID: 0 PID: 1762 Comm: llog_process_th Tainted: G        W  O        7.0.0-ktest-25ae35d-6330a45-20260730-dirty #1 PREEMPT 
00012 Tainted: [W]=WARN, [O]=OOT_MODULE
00012 Hardware name: QEMU Standard PC (Q35 + ICH9, 2009), BIOS 2025.11-3ubuntu7 03/31/2026
00012 RIP: 0010:osd_create+0x9cf/0xcf0 [osd_wbcfs]
00012 Code: c7 c7 00 96 7b a1 48 c7 c6 a0 12 7d a1 48 c7 c2 00 1c 7d a1 e8 52 f1 43 ff 48 c7 c7 00 96 7b a1 e8 46 81 44 ff e9 fe fc ff ff <0f> 0b e9 a5 fa ff ff 48 c7 c1 80 44 5d a0 80 e1 07 80 c1 03 38 c1
00012 RSP: 0018:ffffc90001927430 EFLAGS: 00010246
00012 RAX: 0000000000000000 RBX: ffff888133db5400 RCX: 0000000000000046
00012 RDX: 0000000000000000 RSI: ffff88802b9d2648 RDI: ffff88803190aa58
00012 RBP: ffff88802b9d25b8 R08: ffffffff83a16803 R09: 1ffffffff0742d00
00012 R10: dffffc0000000000 R11: fffffbfff0742d01 R12: ffffc90001927530
00012 R13: dffffc0000000000 R14: 1ffff110267b6a80 R15: 1ffff92000324ea4
00012 FS:  0000000000000000(0000) GS:ffff8881d4a2a000(0000) knlGS:0000000000000000
00012 CS:  0010 DS: 0000 ES: 0000 CR0: 0000000080050033
00012 CR2: 00007f3f117e6194 CR3: 0000000105f04000 CR4: 0000000000750eb0
00012 PKRU: 55555554
00012 Call Trace:
00012  <TASK>
00012  ? dt_find_or_create+0x81a/0x1170 [obdclass]
00012  ? seq_store_init+0x155/0x360 [fid]
00012  ? seq_server_init+0x290/0xba0 [fid]
00012  ? mdt_seq_init+0x2c1/0x1ef0 [mdt]
00012  ? fld_server_init+0x34e/0x580 [fld]
00012  ? mdt_device_alloc+0x39c5/0x66c0 [mdt]
00012  ? __alloc_tagging_slab_alloc_hook+0x136/0x190
00012  ? obd_setup+0x25c/0x950 [obdclass]
00012  ? class_setup+0xc7d/0x10e0 [obdclass]
00012  ? class_process_config+0x2edb/0x7cb0 [obdclass]
00012  ? __kasan_kmalloc+0x72/0x80
00012  ? class_config_llog_handler+0x2954/0x4f80 [obdclass]
00012  ? class_config_llog_handler+0x2cea/0x4f80 [obdclass]
00012  ? lustre_cfg_rec_free+0x350/0x350 [obdclass]
00012  ? llog_process_thread+0x1fd2/0x4f70 [obdclass]
00012  ? _raw_spin_unlock+0x23/0x40
00012  ? llog_process_thread_daemonize+0x16d/0x1b0 [obdclass]
00012  ? kthread+0x2cd/0x3a0
00012  ? llog_process_or_fork+0xc90/0xc90 [obdclass]
00012  ? kthread_unuse_mm+0x130/0x130
00012  ? ret_from_fork+0x18c/0x520
00012  ? kthread_unuse_mm+0x130/0x130
00012  ? ret_from_fork_asm+0x11/0x20
00012  </TASK>
00012 ---[ end trace 0000000000000000 ]---
00012 ------------[ cut here ]------------
00012 WARNING: /home/ktest/git/linux/include/linux/fs.h:889 at osd_create+0x9cf/0xcf0 [osd_wbcfs], CPU#0: llog_process_th/1762
00012 Modules linked in: osp(O) mdd(O) lod(O) mdt(O) lquota(O) lfsck(O) mgs(O) osd_wbcfs(O) lustre(O) obdecho(O) mgc(O) mdc(O) lov(O) osc(O) lmv(O) ec(O) fid(O) fld(O) ptlrpc(O) efivarfs obdclass(O) ksocklnd(O) lnet(O) libcfs(O)
00012 CPU: 0 UID: 0 PID: 1762 Comm: llog_process_th Tainted: G        W  O        7.0.0-ktest-25ae35d-6330a45-20260730-dirty #1 PREEMPT 
00012 Tainted: [W]=WARN, [O]=OOT_MODULE
00012 Hardware name: QEMU Standard PC (Q35 + ICH9, 2009), BIOS 2025.11-3ubuntu7 03/31/2026
00012 RIP: 0010:osd_create+0x9cf/0xcf0 [osd_wbcfs]
00012 Code: c7 c7 00 96 7b a1 48 c7 c6 a0 12 7d a1 48 c7 c2 00 1c 7d a1 e8 52 f1 43 ff 48 c7 c7 00 96 7b a1 e8 46 81 44 ff e9 fe fc ff ff <0f> 0b e9 a5 fa ff ff 48 c7 c1 80 44 5d a0 80 e1 07 80 c1 03 38 c1
00012 RSP: 0018:ffffc90001927470 EFLAGS: 00010246
00012 RAX: 0000000000000000 RBX: ffff888133db4c00 RCX: 0000000000000046
00012 RDX: 0000000000000000 RSI: ffff88802b9d1f30 RDI: ffff88803190aa58
00012 RBP: ffff88802b9d1ea0 R08: ffffffff83a16803 R09: 1ffffffff0742d00
00012 R10: dffffc0000000000 R11: fffffbfff0742d01 R12: ffffc900019275e0
00012 R13: dffffc0000000000 R14: 1ffff110267b6980 R15: 1ffff92000324ec9
00012 FS:  0000000000000000(0000) GS:ffff8881d4a2a000(0000) knlGS:0000000000000000
00012 CS:  0010 DS: 0000 ES: 0000 CR0: 0000000080050033
00012 CR2: 00007f3f117e6194 CR3: 0000000105f04000 CR4: 0000000000750eb0
00012 PKRU: 55555554
00012 Call Trace:
00012  <TASK>
00012  ? dt_find_or_create+0x81a/0x1170 [obdclass]
00012  ? tgt_init+0xb72/0x2a60 [ptlrpc]
00012  ? mdt_device_alloc+0x3ce7/0x66c0 [mdt]
00012  ? __alloc_tagging_slab_alloc_hook+0x136/0x190
00012  ? obd_setup+0x25c/0x950 [obdclass]
00012  ? class_setup+0xc7d/0x10e0 [obdclass]
00012  ? class_process_config+0x2edb/0x7cb0 [obdclass]
00012  ? __kasan_kmalloc+0x72/0x80
00012  ? class_config_llog_handler+0x2954/0x4f80 [obdclass]
00012  ? class_config_llog_handler+0x2cea/0x4f80 [obdclass]
00012  ? lustre_cfg_rec_free+0x350/0x350 [obdclass]
00012  ? llog_process_thread+0x1fd2/0x4f70 [obdclass]
00012  ? _raw_spin_unlock+0x23/0x40
00012  ? llog_process_thread_daemonize+0x16d/0x1b0 [obdclass]
00012  ? kthread+0x2cd/0x3a0
00012  ? llog_process_or_fork+0xc90/0xc90 [obdclass]
00012  ? kthread_unuse_mm+0x130/0x130
00012  ? ret_from_fork+0x18c/0x520
00012  ? kthread_unuse_mm+0x130/0x130
00012  ? ret_from_fork_asm+0x11/0x20
00012  </TASK>
00012 ---[ end trace 0000000000000000 ]---
00012 ------------[ cut here ]------------
00012 WARNING: /home/ktest/git/linux/include/linux/fs.h:889 at osd_create+0x9cf/0xcf0 [osd_wbcfs], CPU#0: llog_process_th/1762
00012 Modules linked in: osp(O) mdd(O) lod(O) mdt(O) lquota(O) lfsck(O) mgs(O) osd_wbcfs(O) lustre(O) obdecho(O) mgc(O) mdc(O) lov(O) osc(O) lmv(O) ec(O) fid(O) fld(O) ptlrpc(O) efivarfs obdclass(O) ksocklnd(O) lnet(O) libcfs(O)
00012 CPU: 0 UID: 0 PID: 1762 Comm: llog_process_th Tainted: G        W  O        7.0.0-ktest-25ae35d-6330a45-20260730-dirty #1 PREEMPT 
00012 Tainted: [W]=WARN, [O]=OOT_MODULE
00012 Hardware name: QEMU Standard PC (Q35 + ICH9, 2009), BIOS 2025.11-3ubuntu7 03/31/2026
00012 RIP: 0010:osd_create+0x9cf/0xcf0 [osd_wbcfs]
00012 Code: c7 c7 00 96 7b a1 48 c7 c6 a0 12 7d a1 48 c7 c2 00 1c 7d a1 e8 52 f1 43 ff 48 c7 c7 00 96 7b a1 e8 46 81 44 ff e9 fe fc ff ff <0f> 0b e9 a5 fa ff ff 48 c7 c1 80 44 5d a0 80 e1 07 80 c1 03 38 c1
00012 RSP: 0018:ffffc90001927470 EFLAGS: 00010246
00012 RAX: 0000000000000000 RBX: ffff88811adf1000 RCX: 0000000000000046
00012 RDX: 0000000000000000 RSI: ffff88802b9d1818 RDI: ffff88803190aa58
00012 RBP: ffff88802b9d1788 R08: ffffffff83a16803 R09: 1ffffffff0742d00
00012 R10: dffffc0000000000 R11: fffffbfff0742d01 R12: ffffc900019275e0
00012 R13: dffffc0000000000 R14: 1ffff110235be200 R15: 1ffff92000324ec9
00012 FS:  0000000000000000(0000) GS:ffff8881d4a2a000(0000) knlGS:0000000000000000
00012 CS:  0010 DS: 0000 ES: 0000 CR0: 0000000080050033
00012 CR2: 00007f3f117e6194 CR3: 0000000105f04000 CR4: 0000000000750eb0
00012 PKRU: 55555554
00012 Call Trace:
00012  <TASK>
00012  ? dt_find_or_create+0x81a/0x1170 [obdclass]
00012  ? tgt_init+0x1a98/0x2a60 [ptlrpc]
00012  ? mdt_device_alloc+0x3ce7/0x66c0 [mdt]
00012  ? __alloc_tagging_slab_alloc_hook+0x136/0x190
00012  ? obd_setup+0x25c/0x950 [obdclass]
00012  ? class_setup+0xc7d/0x10e0 [obdclass]
00012  ? class_process_config+0x2edb/0x7cb0 [obdclass]
00012  ? __kasan_kmalloc+0x72/0x80
00012  ? class_config_llog_handler+0x2954/0x4f80 [obdclass]
00012  ? class_config_llog_handler+0x2cea/0x4f80 [obdclass]
00012  ? lustre_cfg_rec_free+0x350/0x350 [obdclass]
00012  ? llog_process_thread+0x1fd2/0x4f70 [obdclass]
00012  ? _raw_spin_unlock+0x23/0x40
00012  ? llog_process_thread_daemonize+0x16d/0x1b0 [obdclass]
00012  ? kthread+0x2cd/0x3a0
00012  ? llog_process_or_fork+0xc90/0xc90 [obdclass]
00012  ? kthread_unuse_mm+0x130/0x130
00012  ? ret_from_fork+0x18c/0x520
00012  ? kthread_unuse_mm+0x130/0x130
00012  ? ret_from_fork_asm+0x11/0x20
00012  </TASK>
00012 ---[ end trace 0000000000000000 ]---
00012 Lustre: cli-ctl-lustre-MDT0001: Allocated super-sequence [0x0000000240000400-0x0000000280000400]:1:mdt]
00012 ------------[ cut here ]------------
00012 WARNING: /home/ktest/git/linux/include/linux/fs.h:889 at osd_create+0x9cf/0xcf0 [osd_wbcfs], CPU#2: lod0001_rec0001/1772
00012 Modules linked in: osp(O) mdd(O) lod(O) mdt(O) lquota(O) lfsck(O) mgs(O) osd_wbcfs(O) lustre(O) obdecho(O) mgc(O) mdc(O) lov(O) osc(O) lmv(O) ec(O) fid(O) fld(O) ptlrpc(O) efivarfs obdclass(O) ksocklnd(O) lnet(O) libcfs(O)
00012 CPU: 2 UID: 0 PID: 1772 Comm: lod0001_rec0001 Tainted: G        W  O        7.0.0-ktest-25ae35d-6330a45-20260730-dirty #1 PREEMPT 
00012 Tainted: [W]=WARN, [O]=OOT_MODULE
00012 Hardware name: QEMU Standard PC (Q35 + ICH9, 2009), BIOS 2025.11-3ubuntu7 03/31/2026
00012 RIP: 0010:osd_create+0x9cf/0xcf0 [osd_wbcfs]
00012 Code: c7 c7 00 96 7b a1 48 c7 c6 a0 12 7d a1 48 c7 c2 00 1c 7d a1 e8 52 f1 43 ff 48 c7 c7 00 96 7b a1 e8 46 81 44 ff e9 fe fc ff ff <0f> 0b e9 a5 fa ff ff 48 c7 c1 80 44 5d a0 80 e1 07 80 c1 03 38 c1
00012 ------------[ cut here ]------------
00012 RSP: 0018:ffffc90001fdfb50 EFLAGS: 00010246
00012 WARNING: /home/ktest/git/linux/include/linux/fs.h:889 at osd_create+0x9cf/0xcf0 [osd_wbcfs], CPU#0: mdt_out00_002/1766
00012 
00012 Modules linked in: osp(O) mdd(O) lod(O) mdt(O) lquota(O) lfsck(O) mgs(O) osd_wbcfs(O) lustre(O) obdecho(O) mgc(O) mdc(O) lov(O)
00012 RAX: 0000000000000000 RBX: ffff888134e61400 RCX: 0000000000000046
00012  osc(O) lmv(O)
00012 RDX: 0000000000000000 RSI: ffff888029b057f0 RDI: ffff888074fccb18
00012  ec(O) fid(O) fld(O) ptlrpc(O) efivarfs obdclass(O) ksocklnd(O) lnet(O) libcfs(O)
00012 RBP: ffff888029b05760 R08: ffffffff83a16803 R09: 1ffffffff0742d00
00012 CPU: 0 UID: 0 PID: 1766 Comm: mdt_out00_002 Tainted: G        W  O        7.0.0-ktest-25ae35d-6330a45-20260730-dirty #1 PREEMPT 
00012 Tainted: [W]=WARN, [O]=OOT_MODULE
00012 Hardware name: QEMU Standard PC (Q35 + ICH9, 2009), BIOS 2025.11-3ubuntu7 03/31/2026
00012 R10: dffffc0000000000 R11: fffffbfff0742d01 R12: ffff888132994400
00012 RIP: 0010:osd_create+0x9cf/0xcf0 [osd_wbcfs]
00012 R13: dffffc0000000000 R14: 1ffff110269cc280 R15: 1ffff1102653288f
00012 Code: c7 c7 00 96 7b a1 48 c7 c6 a0 12 7d a1 48 c7 c2 00 1c 7d a1 e8 52 f1 43 ff 48 c7 c7 00 96 7b a1 e8 46 81 44 ff e9 fe fc ff ff <0f> 0b e9 a5 fa ff ff 48 c7 c1 80 44 5d a0 80 e1 07 80 c1 03 38 c1
00012 RSP: 0018:ffffc90004a5f7f8 EFLAGS: 00010246
00012 RAX: 0000000000000000 RBX: ffff888133921000 RCX: 0000000000000046
00012 RDX: 0000000000000000 RSI: ffff88802b9d1100 RDI: ffff88802b1bcb18
00012 RBP: ffff88802b9d1070 R08: ffffffff83a16803 R09: 1ffffffff0742d00
00012 FS:  0000000000000000(0000) GS:ffff8881d4b2a000(0000) knlGS:0000000000000000
00012 R10: dffffc0000000000 R11: fffffbfff0742d01 R12: ffff88811ac71830
00012 R13: dffffc0000000000 R14: 1ffff11026724200 R15: 1ffff1102358e318
00012 FS:  0000000000000000(0000) GS:ffff8881d4a2a000(0000) knlGS:0000000000000000
00012 CS:  0010 DS: 0000 ES: 0000 CR0: 0000000080050033
00012 CR2: 00007f3f117e6194 CR3: 0000000105f04000 CR4: 0000000000750eb0
00012 CS:  0010 DS: 0000 ES: 0000 CR0: 0000000080050033
00012 PKRU: 55555554
00012 Call Trace:
00012  <TASK>
00012  ? out_tx_create_exec+0x277/0x7a0 [ptlrpc]
00012 CR2: 0000559f7c0115d0 CR3: 000000002fded000 CR4: 0000000000750eb0
00012  ? tx_add_exec+0xd70/0xd70 [ptlrpc]
00012 PKRU: 55555554
00012  ? out_tx_end+0x3e3/0x1190 [ptlrpc]
00012 Call Trace:
00012  ? out_handle+0x5286/0x6240 [ptlrpc]
00012  <TASK>
00012  ? tgt_request_handle+0x23ad/0x3d30 [ptlrpc]
00012  ? llog_osd_create+0x605/0x10d0 [obdclass]
00012  ? ptlrpc_main+0x6359/0x96f0 [ptlrpc]
00012  ? llog_create+0x2ed/0x530 [obdclass]
00012  ? __kthread_parkme+0x73/0x130
00012  ? llog_open_create+0x6e7/0xb30 [obdclass]
00012  ? kthread+0x2cd/0x3a0
00012  ? ptlrpc_start_thread+0x1f10/0x1f10 [ptlrpc]
00012  ? lod_sub_prep_llog+0xdfd/0x1b40 [lod]
00012  ? lod_sub_recovery_thread+0x316/0x18d0 [lod]
00012  ? __kthread_parkme+0x73/0x130
00012  ? kthread+0x2cd/0x3a0
00012  ? lod_sub_init_llog+0x1180/0x1180 [lod]
00012  ? kthread_unuse_mm+0x130/0x130
00012  ? ret_from_fork+0x18c/0x520
00012  ? kthread_unuse_mm+0x130/0x130
00012  ? ret_from_fork_asm+0x11/0x20
00012  ? kthread_unuse_mm+0x130/0x130
00012  </TASK>
00012 ---[ end trace 0000000000000000 ]---
00012  ? ret_from_fork+0x18c/0x520
00012  ? kthread_unuse_mm+0x130/0x130
00012  ? ret_from_fork_asm+0x11/0x20
00012  </TASK>
00012 ---[ end trace 0000000000000000 ]---
00012 ------------[ cut here ]------------
00012 WARNING: /home/ktest/git/linux/include/linux/fs.h:889 at osd_create+0x9cf/0xcf0 [osd_wbcfs], CPU#0: ll_mgs_0001/1723
00012 Modules linked in: ofd(O) osp(O) mdd(O) lod(O) mdt(O) lquota(O) lfsck(O) mgs(O) osd_wbcfs(O) lustre(O) obdecho(O) mgc(O) mdc(O) lov(O) osc(O) lmv(O) ec(O) fid(O) fld(O) ptlrpc(O) efivarfs obdclass(O) ksocklnd(O) lnet(O) libcfs(O)
00012 CPU: 0 UID: 0 PID: 1723 Comm: ll_mgs_0001 Tainted: G        W  O        7.0.0-ktest-25ae35d-6330a45-20260730-dirty #1 PREEMPT 
00012 Tainted: [W]=WARN, [O]=OOT_MODULE
00012 Hardware name: QEMU Standard PC (Q35 + ICH9, 2009), BIOS 2025.11-3ubuntu7 03/31/2026
00012 RIP: 0010:osd_create+0x9cf/0xcf0 [osd_wbcfs]
00012 Code: c7 c7 00 96 7b a1 48 c7 c6 a0 12 7d a1 48 c7 c2 00 1c 7d a1 e8 52 f1 43 ff 48 c7 c7 00 96 7b a1 e8 46 81 44 ff e9 fe fc ff ff <0f> 0b e9 a5 fa ff ff 48 c7 c1 80 44 5d a0 80 e1 07 80 c1 03 38 c1
00012 RSP: 0018:ffffc900013676f0 EFLAGS: 00010246
00012 RAX: 0000000000000000 RBX: ffff888133109800 RCX: 0000000000000046
00012 RDX: 0000000000000000 RSI: ffff88802b9d09e8 RDI: ffff8881194c09e8
00012 RBP: ffff88802b9d0958 R08: ffffffff83a16803 R09: 1ffffffff0742d00
00012 R10: dffffc0000000000 R11: fffffbfff0742d01 R12: ffff88811b12a400
00012 R13: dffffc0000000000 R14: 1ffff11026621300 R15: 1ffff1102362548f
00012 FS:  0000000000000000(0000) GS:ffff8881d4a2a000(0000) knlGS:0000000000000000
00012 CS:  0010 DS: 0000 ES: 0000 CR0: 0000000080050033
00012 CR2: 00007f3f117e6194 CR3: 0000000103e9f000 CR4: 0000000000750eb0
00012 PKRU: 55555554
00012 Call Trace:
00012  <TASK>
00012  ? local_object_create+0x109/0x640 [obdclass]
00012  ? dt_write_lock+0x16d/0x2a0 [obdclass]
00012  ? llog_osd_create+0x356/0x10d0 [obdclass]
00012  ? llog_create+0x2ed/0x530 [obdclass]
00012  ? llog_open_create+0x6e7/0xb30 [obdclass]
00012  ? record_start_log+0x348/0xa40 [mgs]
00012  ? mgs_write_log_target+0x16f2/0x6ab0 [mgs]
00012  ? mgs_target_reg+0x254e/0x4480 [mgs]
00012  ? tgt_request_handle+0x23ad/0x3d30 [ptlrpc]
00012  ? ptlrpc_main+0x6359/0x96f0 [ptlrpc]
00012  ? __kthread_parkme+0x73/0x130
00012  ? kthread+0x2cd/0x3a0
00012  ? ptlrpc_start_thread+0x1f10/0x1f10 [ptlrpc]
00012  ? kthread_unuse_mm+0x130/0x130
00012  ? ret_from_fork+0x18c/0x520
00012  ? kthread_unuse_mm+0x130/0x130
00012  ? ret_from_fork_asm+0x11/0x20
00012  </TASK>
00012 ---[ end trace 0000000000000000 ]---
00012 ------------[ cut here ]------------
00012 WARNING: /home/ktest/git/linux/include/linux/fs.h:889 at osd_create+0x9cf/0xcf0 [osd_wbcfs], CPU#0: llog_process_th/1792
00012 Modules linked in: ofd(O) osp(O) mdd(O) lod(O) mdt(O) lquota(O) lfsck(O) mgs(O) osd_wbcfs(O) lustre(O) obdecho(O) mgc(O) mdc(O) lov(O) osc(O) lmv(O) ec(O) fid(O) fld(O) ptlrpc(O) efivarfs obdclass(O) ksocklnd(O) lnet(O) libcfs(O)
00012 CPU: 0 UID: 0 PID: 1792 Comm: llog_process_th Tainted: G        W  O        7.0.0-ktest-25ae35d-6330a45-20260730-dirty #1 PREEMPT 
00012 Tainted: [W]=WARN, [O]=OOT_MODULE
00012 Hardware name: QEMU Standard PC (Q35 + ICH9, 2009), BIOS 2025.11-3ubuntu7 03/31/2026
00012 RIP: 0010:osd_create+0x9cf/0xcf0 [osd_wbcfs]
00012 Code: c7 c7 00 96 7b a1 48 c7 c6 a0 12 7d a1 48 c7 c2 00 1c 7d a1 e8 52 f1 43 ff 48 c7 c7 00 96 7b a1 e8 46 81 44 ff e9 fe fc ff ff <0f> 0b e9 a5 fa ff ff 48 c7 c1 80 44 5d a0 80 e1 07 80 c1 03 38 c1
00012 RSP: 0018:ffffc9000483f618 EFLAGS: 00010246
00012 RAX: 0000000000000000 RBX: ffff8881332e6800 RCX: 0000000000000046
00012 RDX: 0000000000000000 RSI: ffff88802b9d02d0 RDI: ffff888044032a58
00012 RBP: ffff88802b9d0240 R08: ffffffff83a16803 R09: 1ffffffff0742d00
00012 R10: dffffc0000000000 R11: fffffbfff0742d01 R12: ffffc9000483f788
00012 R13: dffffc0000000000 R14: 1ffff1102665cd00 R15: 1ffff92000907efe
00012 FS:  0000000000000000(0000) GS:ffff8881d4a2a000(0000) knlGS:0000000000000000
00012 CS:  0010 DS: 0000 ES: 0000 CR0: 0000000080050033
00012 CR2: 00007f3f117e6194 CR3: 0000000103e9f000 CR4: 0000000000750eb0
00012 PKRU: 55555554
00012 Call Trace:
00012  <TASK>
00012  ? dt_find_or_create+0x81a/0x1170 [obdclass]
00012  ? tgt_init+0xb72/0x2a60 [ptlrpc]
00012  ? ofd_device_alloc+0x1da8/0x35e0 [ofd]
00012  ? obd_setup+0x25c/0x950 [obdclass]
00012  ? class_setup+0xc7d/0x10e0 [obdclass]
00012  ? class_process_config+0x2edb/0x7cb0 [obdclass]
00012  ? __kasan_kmalloc+0x72/0x80
00012  ? class_config_llog_handler+0x2954/0x4f80 [obdclass]
00012  ? class_config_llog_handler+0x2cea/0x4f80 [obdclass]
00012  ? lustre_cfg_rec_free+0x350/0x350 [obdclass]
00012  ? llog_process_thread+0x1fd2/0x4f70 [obdclass]
00012  ? _raw_spin_unlock+0x23/0x40
00012  ? llog_process_thread_daemonize+0x16d/0x1b0 [obdclass]
00012  ? kthread+0x2cd/0x3a0
00012  ? llog_process_or_fork+0xc90/0xc90 [obdclass]
00012  ? kthread_unuse_mm+0x130/0x130
00012  ? ret_from_fork+0x18c/0x520
00012  ? kthread_unuse_mm+0x130/0x130
00012  ? ret_from_fork_asm+0x11/0x20
00012  </TASK>
00012 ---[ end trace 0000000000000000 ]---
00012 ------------[ cut here ]------------
00012 WARNING: /home/ktest/git/linux/include/linux/fs.h:889 at osd_create+0x9cf/0xcf0 [osd_wbcfs], CPU#0: llog_process_th/1792
00012 Modules linked in: ofd(O) osp(O) mdd(O) lod(O) mdt(O) lquota(O) lfsck(O) mgs(O) osd_wbcfs(O) lustre(O) obdecho(O) mgc(O) mdc(O) lov(O) osc(O) lmv(O) ec(O) fid(O) fld(O) ptlrpc(O) efivarfs obdclass(O) ksocklnd(O) lnet(O) libcfs(O)
00012 CPU: 0 UID: 0 PID: 1792 Comm: llog_process_th Tainted: G        W  O        7.0.0-ktest-25ae35d-6330a45-20260730-dirty #1 PREEMPT 
00012 Tainted: [W]=WARN, [O]=OOT_MODULE
00012 Hardware name: QEMU Standard PC (Q35 + ICH9, 2009), BIOS 2025.11-3ubuntu7 03/31/2026
00012 RIP: 0010:osd_create+0x9cf/0xcf0 [osd_wbcfs]
00012 Code: c7 c7 00 96 7b a1 48 c7 c6 a0 12 7d a1 48 c7 c2 00 1c 7d a1 e8 52 f1 43 ff 48 c7 c7 00 96 7b a1 e8 46 81 44 ff e9 fe fc ff ff <0f> 0b e9 a5 fa ff ff 48 c7 c1 80 44 5d a0 80 e1 07 80 c1 03 38 c1
00012 RSP: 0018:ffffc9000483f4f0 EFLAGS: 00010246
00012 RAX: 0000000000000000 RBX: ffff8881332e6c00 RCX: 0000000000000046
00012 RDX: 0000000000000000 RSI: ffff888044fa2648 RDI: ffff888044032a58
00012 RBP: ffff888044fa25b8 R08: ffffffff83a16803 R09: 1ffffffff0742d00
00012 R10: dffffc0000000000 R11: fffffbfff0742d01 R12: ffffc9000483f5f0
00012 R13: dffffc0000000000 R14: 1ffff1102665cd80 R15: 1ffff92000907ebc
00012 FS:  0000000000000000(0000) GS:ffff8881d4a2a000(0000) knlGS:0000000000000000
00012 CS:  0010 DS: 0000 ES: 0000 CR0: 0000000080050033
00012 CR2: 00007f3f117e6194 CR3: 0000000103e9f000 CR4: 0000000000750eb0
00012 PKRU: 55555554
00012 Call Trace:
00012  <TASK>
00012  ? dt_find_or_create+0x81a/0x1170 [obdclass]
00012  ? seq_store_init+0x155/0x360 [fid]
00012  ? seq_server_init+0x290/0xba0 [fid]
00012  ? ofd_fid_init+0x41c/0xf80 [ofd]
00012  ? ofd_seqs_init+0xb6/0x1370 [ofd]
00012  ? ofd_fs_setup+0x13c/0xdd0 [ofd]
00012  ? ofd_device_alloc+0x1fc1/0x35e0 [ofd]
00012  ? obd_setup+0x25c/0x950 [obdclass]
00012  ? class_setup+0xc7d/0x10e0 [obdclass]
00012  ? class_process_config+0x2edb/0x7cb0 [obdclass]
00012  ? __kasan_kmalloc+0x72/0x80
00012  ? class_config_llog_handler+0x2954/0x4f80 [obdclass]
00012  ? class_config_llog_handler+0x2cea/0x4f80 [obdclass]
00012  ? lustre_cfg_rec_free+0x350/0x350 [obdclass]
00012  ? llog_process_thread+0x1fd2/0x4f70 [obdclass]
00012  ? _raw_spin_unlock+0x23/0x40
00012  ? llog_process_thread_daemonize+0x16d/0x1b0 [obdclass]
00012  ? kthread+0x2cd/0x3a0
00012  ? llog_process_or_fork+0xc90/0xc90 [obdclass]
00012  ? kthread_unuse_mm+0x130/0x130
00012  ? ret_from_fork+0x18c/0x520
00012  ? kthread_unuse_mm+0x130/0x130
00012  ? ret_from_fork_asm+0x11/0x20
00012  </TASK>
00012 ---[ end trace 0000000000000000 ]---
00012 ------------[ cut here ]------------
00012 WARNING: /home/ktest/git/linux/include/linux/fs.h:889 at osd_create+0x9cf/0xcf0 [osd_wbcfs], CPU#0: llog_process_th/1792
00012 Modules linked in: ofd(O) osp(O) mdd(O) lod(O) mdt(O) lquota(O) lfsck(O) mgs(O) osd_wbcfs(O) lustre(O) obdecho(O) mgc(O) mdc(O) lov(O) osc(O) lmv(O) ec(O) fid(O) fld(O) ptlrpc(O) efivarfs obdclass(O) ksocklnd(O) lnet(O) libcfs(O)
00012 CPU: 0 UID: 0 PID: 1792 Comm: llog_process_th Tainted: G        W  O        7.0.0-ktest-25ae35d-6330a45-20260730-dirty #1 PREEMPT 
00012 Tainted: [W]=WARN, [O]=OOT_MODULE
00012 Hardware name: QEMU Standard PC (Q35 + ICH9, 2009), BIOS 2025.11-3ubuntu7 03/31/2026
00012 RIP: 0010:osd_create+0x9cf/0xcf0 [osd_wbcfs]
00012 Code: c7 c7 00 96 7b a1 48 c7 c6 a0 12 7d a1 48 c7 c2 00 1c 7d a1 e8 52 f1 43 ff 48 c7 c7 00 96 7b a1 e8 46 81 44 ff e9 fe fc ff ff <0f> 0b e9 a5 fa ff ff 48 c7 c1 80 44 5d a0 80 e1 07 80 c1 03 38 c1
00012 RSP: 0018:ffffc9000483f530 EFLAGS: 00010246
00012 RAX: 0000000000000000 RBX: ffff888133300400 RCX: 0000000000000046
00012 RDX: ffffffff84c44d40 RSI: ffff888044fa1f30 RDI: ffff888044032a58
00012 RBP: ffff888044fa1ea0 R08: 0000000000000001 R09: 0000000000000000
00012 R10: dffffc0000000000 R11: ffffed10089f43c9 R12: ffff88811aa6eb00
00012 R13: dffffc0000000000 R14: 1ffff11026660080 R15: 1ffff92000907edb
00012 FS:  0000000000000000(0000) GS:ffff8881d4a2a000(0000) knlGS:0000000000000000
00012 CS:  0010 DS: 0000 ES: 0000 CR0: 0000000080050033
00012 CR2: 00007f3f117e6194 CR3: 0000000103e9f000 CR4: 0000000000750eb0
00012 PKRU: 55555554
00012 Call Trace:
00012  <TASK>
00012  ? dt_find_or_create+0x81a/0x1170 [obdclass]
00012  ? fld_index_init+0x404/0x1610 [fld]
00012  ? is_module_address+0x1b/0x70
00012  ? is_module_address+0x5e/0x70
00012  ? __asan_memset+0x22/0x40
00012  ? fld_server_init+0x1d7/0x580 [fld]
00012  ? ofd_seqs_init+0x430/0x1370 [ofd]
00012  ? ofd_fs_setup+0x13c/0xdd0 [ofd]
00012  ? ofd_device_alloc+0x1fc1/0x35e0 [ofd]
00012  ? obd_setup+0x25c/0x950 [obdclass]
00012  ? class_setup+0xc7d/0x10e0 [obdclass]
00012  ? class_process_config+0x2edb/0x7cb0 [obdclass]
00012  ? __kasan_kmalloc+0x72/0x80
00012  ? class_config_llog_handler+0x2954/0x4f80 [obdclass]
00012  ? class_config_llog_handler+0x2cea/0x4f80 [obdclass]
00012  ? lustre_cfg_rec_free+0x350/0x350 [obdclass]
00012  ? llog_process_thread+0x1fd2/0x4f70 [obdclass]
00012  ? _raw_spin_unlock+0x23/0x40
00012  ? llog_process_thread_daemonize+0x16d/0x1b0 [obdclass]
00012  ? kthread+0x2cd/0x3a0
00012  ? llog_process_or_fork+0xc90/0xc90 [obdclass]
00012  ? kthread_unuse_mm+0x130/0x130
00012  ? ret_from_fork+0x18c/0x520
00012  ? kthread_unuse_mm+0x130/0x130
00012  ? ret_from_fork_asm+0x11/0x20
00012  </TASK>
00012 ---[ end trace 0000000000000000 ]---
00012 ------------[ cut here ]------------
00012 WARNING: /home/ktest/git/linux/include/linux/fs.h:889 at osd_create+0x9cf/0xcf0 [osd_wbcfs], CPU#0: llog_process_th/1792
00012 Modules linked in: ofd(O) osp(O) mdd(O) lod(O) mdt(O) lquota(O) lfsck(O) mgs(O) osd_wbcfs(O) lustre(O) obdecho(O) mgc(O) mdc(O) lov(O) osc(O) lmv(O) ec(O) fid(O) fld(O) ptlrpc(O) efivarfs obdclass(O) ksocklnd(O) lnet(O) libcfs(O)
00012 CPU: 0 UID: 0 PID: 1792 Comm: llog_process_th Tainted: G        W  O        7.0.0-ktest-25ae35d-6330a45-20260730-dirty #1 PREEMPT 
00012 Tainted: [W]=WARN, [O]=OOT_MODULE
00012 Hardware name: QEMU Standard PC (Q35 + ICH9, 2009), BIOS 2025.11-3ubuntu7 03/31/2026
00012 RIP: 0010:osd_create+0x9cf/0xcf0 [osd_wbcfs]
00012 Code: c7 c7 00 96 7b a1 48 c7 c6 a0 12 7d a1 48 c7 c2 00 1c 7d a1 e8 52 f1 43 ff 48 c7 c7 00 96 7b a1 e8 46 81 44 ff e9 fe fc ff ff <0f> 0b e9 a5 fa ff ff 48 c7 c1 80 44 5d a0 80 e1 07 80 c1 03 38 c1
00012 RSP: 0018:ffffc9000483f6e0 EFLAGS: 00010246
00012 RAX: 0000000000000000 RBX: ffff888133300000 RCX: 0000000000000046
00012 RDX: 0000000000000000 RSI: ffff888044fa1818 RDI: ffff888044032a58
00012 RBP: ffff888044fa1788 R08: ffffffff83a16803 R09: 1ffffffff0742d00
00012 R10: dffffc0000000000 R11: fffffbfff0742d01 R12: ffff888044d98830
00012 R13: dffffc0000000000 R14: 1ffff11026660000 R15: 1ffff110089b3142
00012 FS:  0000000000000000(0000) GS:ffff8881d4a2a000(0000) knlGS:0000000000000000
00012 CS:  0010 DS: 0000 ES: 0000 CR0: 0000000080050033
00012 CR2: 00007f3f117e6194 CR3: 0000000103e9f000 CR4: 0000000000750eb0
00012 PKRU: 55555554
00012 Call Trace:
00012  <TASK>
00012  ? dt_find_or_create+0x81a/0x1170 [obdclass]
00012  ? ofd_fs_setup+0x42c/0xdd0 [ofd]
00012  ? ofd_device_alloc+0x1fc1/0x35e0 [ofd]
00012  ? obd_setup+0x25c/0x950 [obdclass]
00012  ? class_setup+0xc7d/0x10e0 [obdclass]
00012  ? class_process_config+0x2edb/0x7cb0 [obdclass]
00012  ? __kasan_kmalloc+0x72/0x80
00012  ? class_config_llog_handler+0x2954/0x4f80 [obdclass]
00012  ? class_config_llog_handler+0x2cea/0x4f80 [obdclass]
00012  ? lustre_cfg_rec_free+0x350/0x350 [obdclass]
00012  ? llog_process_thread+0x1fd2/0x4f70 [obdclass]
00012  ? _raw_spin_unlock+0x23/0x40
00012  ? llog_process_thread_daemonize+0x16d/0x1b0 [obdclass]
00012  ? kthread+0x2cd/0x3a0
00012  ? llog_process_or_fork+0xc90/0xc90 [obdclass]
00012  ? kthread_unuse_mm+0x130/0x130
00012  ? ret_from_fork+0x18c/0x520
00012  ? kthread_unuse_mm+0x130/0x130
00012  ? ret_from_fork_asm+0x11/0x20
00012  </TASK>
00012 ---[ end trace 0000000000000000 ]---
00012 ------------[ cut here ]------------
00012 WARNING: /home/ktest/git/linux/include/linux/fs.h:889 at osd_create+0x9cf/0xcf0 [osd_wbcfs], CPU#0: llog_process_th/1792
00012 Modules linked in: ofd(O) osp(O) mdd(O) lod(O) mdt(O) lquota(O) lfsck(O) mgs(O) osd_wbcfs(O) lustre(O) obdecho(O) mgc(O) mdc(O) lov(O) osc(O) lmv(O) ec(O) fid(O) fld(O) ptlrpc(O) efivarfs obdclass(O) ksocklnd(O) lnet(O) libcfs(O)
00012 CPU: 0 UID: 0 PID: 1792 Comm: llog_process_th Tainted: G        W  O        7.0.0-ktest-25ae35d-6330a45-20260730-dirty #1 PREEMPT 
00012 Tainted: [W]=WARN, [O]=OOT_MODULE
00012 Hardware name: QEMU Standard PC (Q35 + ICH9, 2009), BIOS 2025.11-3ubuntu7 03/31/2026
00012 RIP: 0010:osd_create+0x9cf/0xcf0 [osd_wbcfs]
00012 Code: c7 c7 00 96 7b a1 48 c7 c6 a0 12 7d a1 48 c7 c2 00 1c 7d a1 e8 52 f1 43 ff 48 c7 c7 00 96 7b a1 e8 46 81 44 ff e9 fe fc ff ff <0f> 0b e9 a5 fa ff ff 48 c7 c1 80 44 5d a0 80 e1 07 80 c1 03 38 c1
00012 RSP: 0018:ffffc9000483f6e0 EFLAGS: 00010246
00012 RAX: 0000000000000000 RBX: ffff888133303800 RCX: 0000000000000046
00012 RDX: 0000000000000000 RSI: ffff888044fa1100 RDI: ffff888044032a58
00012 RBP: ffff888044fa1070 R08: ffffffff83a16803 R09: 1ffffffff0742d00
00012 R10: dffffc0000000000 R11: fffffbfff0742d01 R12: ffff888044d98830
00012 R13: dffffc0000000000 R14: 1ffff11026660700 R15: 1ffff110089b3142
00012 FS:  0000000000000000(0000) GS:ffff8881d4a2a000(0000) knlGS:0000000000000000
00012 CS:  0010 DS: 0000 ES: 0000 CR0: 0000000080050033
00012 CR2: 00007f3f117e6194 CR3: 0000000103e9f000 CR4: 0000000000750eb0
00012 PKRU: 55555554
00012 Call Trace:
00012  <TASK>
00012  ? dt_find_or_create+0x81a/0x1170 [obdclass]
00012  ? ofd_fs_setup+0x57f/0xdd0 [ofd]
00012  ? ofd_device_alloc+0x1fc1/0x35e0 [ofd]
00012  ? obd_setup+0x25c/0x950 [obdclass]
00012  ? class_setup+0xc7d/0x10e0 [obdclass]
00012  ? class_process_config+0x2edb/0x7cb0 [obdclass]
00012  ? __kasan_kmalloc+0x72/0x80
00012  ? class_config_llog_handler+0x2954/0x4f80 [obdclass]
00012  ? class_config_llog_handler+0x2cea/0x4f80 [obdclass]
00012  ? lustre_cfg_rec_free+0x350/0x350 [obdclass]
00012  ? llog_process_thread+0x1fd2/0x4f70 [obdclass]
00012  ? _raw_spin_unlock+0x23/0x40
00012  ? llog_process_thread_daemonize+0x16d/0x1b0 [obdclass]
00012  ? kthread+0x2cd/0x3a0
00012  ? llog_process_or_fork+0xc90/0xc90 [obdclass]
00012  ? kthread_unuse_mm+0x130/0x130
00012  ? ret_from_fork+0x18c/0x520
00012  ? kthread_unuse_mm+0x130/0x130
00012  ? ret_from_fork_asm+0x11/0x20
00012  </TASK>
00012 ---[ end trace 0000000000000000 ]---
00012 ------------[ cut here ]------------
00012 WARNING: /home/ktest/git/linux/include/linux/fs.h:889 at osd_create+0x9cf/0xcf0 [osd_wbcfs], CPU#0: llog_process_th/1792
00012 Modules linked in: ofd(O) osp(O) mdd(O) lod(O) mdt(O) lquota(O) lfsck(O) mgs(O) osd_wbcfs(O) lustre(O) obdecho(O) mgc(O) mdc(O) lov(O) osc(O) lmv(O) ec(O) fid(O) fld(O) ptlrpc(O) efivarfs obdclass(O) ksocklnd(O) lnet(O) libcfs(O)
00012 CPU: 0 UID: 0 PID: 1792 Comm: llog_process_th Tainted: G        W  O        7.0.0-ktest-25ae35d-6330a45-20260730-dirty #1 PREEMPT 
00012 Tainted: [W]=WARN, [O]=OOT_MODULE
00012 Hardware name: QEMU Standard PC (Q35 + ICH9, 2009), BIOS 2025.11-3ubuntu7 03/31/2026
00012 RIP: 0010:osd_create+0x9cf/0xcf0 [osd_wbcfs]
00012 Code: c7 c7 00 96 7b a1 48 c7 c6 a0 12 7d a1 48 c7 c2 00 1c 7d a1 e8 52 f1 43 ff 48 c7 c7 00 96 7b a1 e8 46 81 44 ff e9 fe fc ff ff <0f> 0b e9 a5 fa ff ff 48 c7 c1 80 44 5d a0 80 e1 07 80 c1 03 38 c1
00012 RSP: 0018:ffffc9000483f4a8 EFLAGS: 00010246
00012 RAX: 0000000000000000 RBX: ffff888133302800 RCX: 0000000000000046
00012 RDX: ffffffff84c44d40 RSI: ffff888044fa09e8 RDI: ffff888044032a58
00012 RBP: ffff888044fa0958 R08: 0000000000000001 R09: 0000000000000000
00012 R10: dffffc0000000000 R11: ffffed10089f4120 R12: ffff88802ccb9418
00012 R13: dffffc0000000000 R14: 1ffff11026660500 R15: 1ffff11005997292
00012 FS:  0000000000000000(0000) GS:ffff8881d4a2a000(0000) knlGS:0000000000000000
00012 CS:  0010 DS: 0000 ES: 0000 CR0: 0000000080050033
00012 CR2: 00007f3f117e6194 CR3: 0000000103e9f000 CR4: 0000000000750eb0
00012 PKRU: 55555554
00012 Call Trace:
00012  <TASK>
00012  ? local_object_create+0x109/0x640 [obdclass]
00012  ? dt_write_lock+0x16d/0x2a0 [obdclass]
00012  ? __local_file_create+0xce4/0x1bc0 [obdclass]
00012  ? local_index_find_or_create+0x1dc/0x2c0 [obdclass]
00012  ? nodemap_cache_find_create+0x4f9/0xe80 [ptlrpc]
00012  ? nodemap_save_config_cache+0x123/0x19b0 [ptlrpc]
00012  ? nm_config_file_register_tgt+0x19b/0x860 [ptlrpc]
00012  ? nm_config_file_register_tgt+0x1a9/0x860 [ptlrpc]
00012  ? ofd_device_alloc+0x219a/0x35e0 [ofd]
00012  ? obd_setup+0x25c/0x950 [obdclass]
00012  ? class_setup+0xc7d/0x10e0 [obdclass]
00012  ? class_process_config+0x2edb/0x7cb0 [obdclass]
00012  ? __kasan_kmalloc+0x72/0x80
00012  ? class_config_llog_handler+0x2954/0x4f80 [obdclass]
00012  ? class_config_llog_handler+0x2cea/0x4f80 [obdclass]
00012  ? lustre_cfg_rec_free+0x350/0x350 [obdclass]
00012  ? llog_process_thread+0x1fd2/0x4f70 [obdclass]
00012  ? _raw_spin_unlock+0x23/0x40
00012  ? llog_process_thread_daemonize+0x16d/0x1b0 [obdclass]
00012  ? kthread+0x2cd/0x3a0
00012  ? llog_process_or_fork+0xc90/0xc90 [obdclass]
00012  ? kthread_unuse_mm+0x130/0x130
00012  ? ret_from_fork+0x18c/0x520
00012  ? kthread_unuse_mm+0x130/0x130
00012  ? ret_from_fork_asm+0x11/0x20
00012  </TASK>
00012 ---[ end trace 0000000000000000 ]---
00012 ------------[ cut here ]------------
00012 WARNING: /home/ktest/git/linux/include/linux/fs.h:889 at osd_create+0x9cf/0xcf0 [osd_wbcfs], CPU#3: ll_mgs_0002/1724
00012 Modules linked in: ofd(O) osp(O) mdd(O) lod(O) mdt(O) lquota(O) lfsck(O) mgs(O) osd_wbcfs(O) lustre(O) obdecho(O) mgc(O) mdc(O) lov(O) osc(O) lmv(O) ec(O) fid(O) fld(O) ptlrpc(O) efivarfs obdclass(O) ksocklnd(O) lnet(O) libcfs(O)
00012 CPU: 3 UID: 0 PID: 1724 Comm: ll_mgs_0002 Tainted: G        W  O        7.0.0-ktest-25ae35d-6330a45-20260730-dirty #1 PREEMPT 
00012 Tainted: [W]=WARN, [O]=OOT_MODULE
00012 Hardware name: QEMU Standard PC (Q35 + ICH9, 2009), BIOS 2025.11-3ubuntu7 03/31/2026
00012 RIP: 0010:osd_create+0x9cf/0xcf0 [osd_wbcfs]
00012 Code: c7 c7 00 96 7b a1 48 c7 c6 a0 12 7d a1 48 c7 c2 00 1c 7d a1 e8 52 f1 43 ff 48 c7 c7 00 96 7b a1 e8 46 81 44 ff e9 fe fc ff ff <0f> 0b e9 a5 fa ff ff 48 c7 c1 80 44 5d a0 80 e1 07 80 c1 03 38 c1
00012 RSP: 0018:ffffc900013776f0 EFLAGS: 00010246
00012 RAX: 0000000000000000 RBX: ffff888005c5d800 RCX: 0000000000000046
00012 RDX: 0000000000000000 RSI: ffff888029afed38 RDI: ffff888136b189e8
00012 RBP: ffff888029afeca8 R08: ffffffff83a16803 R09: 1ffffffff0742d00
00012 R10: dffffc0000000000 R11: fffffbfff0742d01 R12: ffff88811b12ac00
00012 R13: dffffc0000000000 R14: 1ffff11000b8bb00 R15: 1ffff1102362558f
00012 FS:  0000000000000000(0000) GS:ffff8881d4baa000(0000) knlGS:0000000000000000
00012 CS:  0010 DS: 0000 ES: 0000 CR0: 0000000080050033
00012 CR2: 0000559f7c047520 CR3: 0000000019368000 CR4: 0000000000750eb0
00012 PKRU: 55555554
00012 Call Trace:
00012  <TASK>
00012  ? local_object_create+0x109/0x640 [obdclass]
00012  ? dt_write_lock+0x16d/0x2a0 [obdclass]
00012  ? llog_osd_create+0x356/0x10d0 [obdclass]
00012  ? llog_create+0x2ed/0x530 [obdclass]
00012  ? llog_open_create+0x6e7/0xb30 [obdclass]
00012  ? record_start_log+0x348/0xa40 [mgs]
00012  ? mgs_write_log_target+0x16f2/0x6ab0 [mgs]
00012  ? mgs_target_reg+0x254e/0x4480 [mgs]
00012  ? tgt_request_handle+0x23ad/0x3d30 [ptlrpc]
00012  ? ptlrpc_main+0x6359/0x96f0 [ptlrpc]
00012  ? __kthread_parkme+0x73/0x130
00012  ? kthread+0x2cd/0x3a0
00012  ? ptlrpc_start_thread+0x1f10/0x1f10 [ptlrpc]
00012  ? kthread_unuse_mm+0x130/0x130
00012  ? ret_from_fork+0x18c/0x520
00012  ? kthread_unuse_mm+0x130/0x130
00012  ? ret_from_fork_asm+0x11/0x20
00012  </TASK>
00012 ---[ end trace 0000000000000000 ]---
00012 ------------[ cut here ]------------
00012 WARNING: /home/ktest/git/linux/include/linux/fs.h:889 at osd_create+0x9cf/0xcf0 [osd_wbcfs], CPU#2: llog_process_th/1799
00012 Modules linked in: ofd(O) osp(O) mdd(O) lod(O) mdt(O) lquota(O) lfsck(O) mgs(O) osd_wbcfs(O) lustre(O) obdecho(O) mgc(O) mdc(O) lov(O) osc(O) lmv(O) ec(O) fid(O) fld(O) ptlrpc(O) efivarfs obdclass(O) ksocklnd(O) lnet(O) libcfs(O)
00012 CPU: 2 UID: 0 PID: 1799 Comm: llog_process_th Tainted: G        W  O        7.0.0-ktest-25ae35d-6330a45-20260730-dirty #1 PREEMPT 
00012 Tainted: [W]=WARN, [O]=OOT_MODULE
00012 Hardware name: QEMU Standard PC (Q35 + ICH9, 2009), BIOS 2025.11-3ubuntu7 03/31/2026
00012 RIP: 0010:osd_create+0x9cf/0xcf0 [osd_wbcfs]
00012 Code: c7 c7 00 96 7b a1 48 c7 c6 a0 12 7d a1 48 c7 c2 00 1c 7d a1 e8 52 f1 43 ff 48 c7 c7 00 96 7b a1 e8 46 81 44 ff e9 fe fc ff ff <0f> 0b e9 a5 fa ff ff 48 c7 c1 80 44 5d a0 80 e1 07 80 c1 03 38 c1
00012 RSP: 0018:ffffc90007537618 EFLAGS: 00010246
00012 RAX: 0000000000000000 RBX: ffff888073dd8800 RCX: 0000000000000046
00012 RDX: 0000000000000000 RSI: ffff888044fa5f08 RDI: ffff888044fecb18
00012 RBP: ffff888044fa5e78 R08: ffffffff83a16803 R09: 1ffffffff0742d00
00012 R10: dffffc0000000000 R11: fffffbfff0742d01 R12: ffffc90007537788
00012 R13: dffffc0000000000 R14: 1ffff1100e7bb100 R15: 1ffff92000ea6efe
00012 FS:  0000000000000000(0000) GS:ffff8881d4b2a000(0000) knlGS:0000000000000000
00012 CS:  0010 DS: 0000 ES: 0000 CR0: 0000000080050033
00012 CR2: 0000559f7c0115d0 CR3: 0000000105f04000 CR4: 0000000000750eb0
00012 PKRU: 55555554
00012 Call Trace:
00012  <TASK>
00012  ? dt_find_or_create+0x81a/0x1170 [obdclass]
00012  ? tgt_init+0xb72/0x2a60 [ptlrpc]
00012  ? ofd_device_alloc+0x1da8/0x35e0 [ofd]
00012  ? obd_setup+0x25c/0x950 [obdclass]
00012  ? class_setup+0xc7d/0x10e0 [obdclass]
00012  ? class_process_config+0x2edb/0x7cb0 [obdclass]
00012  ? __kasan_kmalloc+0x72/0x80
00012  ? class_config_llog_handler+0x2954/0x4f80 [obdclass]
00012  ? class_config_llog_handler+0x2cea/0x4f80 [obdclass]
00012  ? lustre_cfg_rec_free+0x350/0x350 [obdclass]
00012  ? llog_process_thread+0x1fd2/0x4f70 [obdclass]
00012  ? _raw_spin_unlock+0x23/0x40
00012  ? llog_process_thread_daemonize+0x16d/0x1b0 [obdclass]
00012  ? kthread+0x2cd/0x3a0
00012  ? llog_process_or_fork+0xc90/0xc90 [obdclass]
00012  ? kthread_unuse_mm+0x130/0x130
00012  ? ret_from_fork+0x18c/0x520
00012  ? kthread_unuse_mm+0x130/0x130
00012  ? ret_from_fork_asm+0x11/0x20
00012  </TASK>
00012 ---[ end trace 0000000000000000 ]---
00012 ------------[ cut here ]------------
00012 WARNING: /home/ktest/git/linux/include/linux/fs.h:889 at osd_create+0x9cf/0xcf0 [osd_wbcfs], CPU#2: llog_process_th/1799
00012 Modules linked in: ofd(O) osp(O) mdd(O) lod(O) mdt(O) lquota(O) lfsck(O) mgs(O) osd_wbcfs(O) lustre(O) obdecho(O) mgc(O) mdc(O) lov(O) osc(O) lmv(O) ec(O) fid(O) fld(O) ptlrpc(O) efivarfs obdclass(O) ksocklnd(O) lnet(O) libcfs(O)
00012 CPU: 2 UID: 0 PID: 1799 Comm: llog_process_th Tainted: G        W  O        7.0.0-ktest-25ae35d-6330a45-20260730-dirty #1 PREEMPT 
00012 Tainted: [W]=WARN, [O]=OOT_MODULE
00012 Hardware name: QEMU Standard PC (Q35 + ICH9, 2009), BIOS 2025.11-3ubuntu7 03/31/2026
00012 RIP: 0010:osd_create+0x9cf/0xcf0 [osd_wbcfs]
00012 Code: c7 c7 00 96 7b a1 48 c7 c6 a0 12 7d a1 48 c7 c2 00 1c 7d a1 e8 52 f1 43 ff 48 c7 c7 00 96 7b a1 e8 46 81 44 ff e9 fe fc ff ff <0f> 0b e9 a5 fa ff ff 48 c7 c1 80 44 5d a0 80 e1 07 80 c1 03 38 c1
00012 RSP: 0018:ffffc900075374f0 EFLAGS: 00010246
00012 RAX: 0000000000000000 RBX: ffff888073dd8400 RCX: 0000000000000046
00012 RDX: 0000000000000000 RSI: ffff888044fa57f0 RDI: ffff888044fecb18
00012 RBP: ffff888044fa5760 R08: ffffffff83a16803 R09: 1ffffffff0742d00
00012 R10: dffffc0000000000 R11: fffffbfff0742d01 R12: ffffc900075375f0
00012 R13: dffffc0000000000 R14: 1ffff1100e7bb080 R15: 1ffff92000ea6ebc
00012 FS:  0000000000000000(0000) GS:ffff8881d4b2a000(0000) knlGS:0000000000000000
00012 CS:  0010 DS: 0000 ES: 0000 CR0: 0000000080050033
00012 CR2: 0000559f7c0115d0 CR3: 0000000105f04000 CR4: 0000000000750eb0
00012 PKRU: 55555554
00012 Call Trace:
00012  <TASK>
00012  ? dt_find_or_create+0x81a/0x1170 [obdclass]
00012  ? seq_store_init+0x155/0x360 [fid]
00012  ? seq_server_init+0x290/0xba0 [fid]
00012  ? ofd_fid_init+0x41c/0xf80 [ofd]
00012  ? ofd_seqs_init+0xb6/0x1370 [ofd]
00012  ? ofd_fs_setup+0x13c/0xdd0 [ofd]
00012  ? ofd_device_alloc+0x1fc1/0x35e0 [ofd]
00012  ? obd_setup+0x25c/0x950 [obdclass]
00012  ? class_setup+0xc7d/0x10e0 [obdclass]
00012  ? class_process_config+0x2edb/0x7cb0 [obdclass]
00012  ? __kasan_kmalloc+0x72/0x80
00012  ? class_config_llog_handler+0x2954/0x4f80 [obdclass]
00012  ? class_config_llog_handler+0x2cea/0x4f80 [obdclass]
00012  ? lustre_cfg_rec_free+0x350/0x350 [obdclass]
00012  ? llog_process_thread+0x1fd2/0x4f70 [obdclass]
00012  ? _raw_spin_unlock+0x23/0x40
00012  ? llog_process_thread_daemonize+0x16d/0x1b0 [obdclass]
00012  ? kthread+0x2cd/0x3a0
00012  ? llog_process_or_fork+0xc90/0xc90 [obdclass]
00012  ? kthread_unuse_mm+0x130/0x130
00012  ? ret_from_fork+0x18c/0x520
00012  ? kthread_unuse_mm+0x130/0x130
00012  ? ret_from_fork_asm+0x11/0x20
00012  </TASK>
00012 ---[ end trace 0000000000000000 ]---
00012 ------------[ cut here ]------------
00012 WARNING: /home/ktest/git/linux/include/linux/fs.h:889 at osd_create+0x9cf/0xcf0 [osd_wbcfs], CPU#2: llog_process_th/1799
00012 Modules linked in: ofd(O) osp(O) mdd(O) lod(O) mdt(O) lquota(O) lfsck(O) mgs(O) osd_wbcfs(O) lustre(O) obdecho(O) mgc(O) mdc(O) lov(O) osc(O) lmv(O) ec(O) fid(O) fld(O) ptlrpc(O) efivarfs obdclass(O) ksocklnd(O) lnet(O) libcfs(O)
00012 CPU: 2 UID: 0 PID: 1799 Comm: llog_process_th Tainted: G        W  O        7.0.0-ktest-25ae35d-6330a45-20260730-dirty #1 PREEMPT 
00012 Tainted: [W]=WARN, [O]=OOT_MODULE
00012 Hardware name: QEMU Standard PC (Q35 + ICH9, 2009), BIOS 2025.11-3ubuntu7 03/31/2026
00012 RIP: 0010:osd_create+0x9cf/0xcf0 [osd_wbcfs]
00012 Code: c7 c7 00 96 7b a1 48 c7 c6 a0 12 7d a1 48 c7 c2 00 1c 7d a1 e8 52 f1 43 ff 48 c7 c7 00 96 7b a1 e8 46 81 44 ff e9 fe fc ff ff <0f> 0b e9 a5 fa ff ff 48 c7 c1 80 44 5d a0 80 e1 07 80 c1 03 38 c1
00012 RSP: 0018:ffffc90007537530 EFLAGS: 00010246
00012 RAX: 0000000000000000 RBX: ffff888073dda400 RCX: 0000000000000046
00012 RDX: ffffffff84c44d40 RSI: ffff888044fa50d8 RDI: ffff888044fecb18
00012 RBP: ffff888044fa5048 R08: 0000000000000001 R09: 0000000000000000
00012 R10: dffffc0000000000 R11: ffffed10089f49fe R12: ffff88813608d200
00012 R13: dffffc0000000000 R14: 1ffff1100e7bb480 R15: 1ffff92000ea6edb
00012 FS:  0000000000000000(0000) GS:ffff8881d4b2a000(0000) knlGS:0000000000000000
00012 CS:  0010 DS: 0000 ES: 0000 CR0: 0000000080050033
00012 CR2: 0000559f7c0115d0 CR3: 0000000105f04000 CR4: 0000000000750eb0
00012 PKRU: 55555554
00012 Call Trace:
00012  <TASK>
00012  ? dt_find_or_create+0x81a/0x1170 [obdclass]
00012  ? fld_index_init+0x404/0x1610 [fld]
00012  ? is_module_address+0x1b/0x70
00012  ? is_module_address+0x5e/0x70
00012  ? __asan_memset+0x22/0x40
00012  ? fld_server_init+0x1d7/0x580 [fld]
00012  ? ofd_seqs_init+0x430/0x1370 [ofd]
00012  ? ofd_fs_setup+0x13c/0xdd0 [ofd]
00012  ? ofd_device_alloc+0x1fc1/0x35e0 [ofd]
00012  ? obd_setup+0x25c/0x950 [obdclass]
00012  ? class_setup+0xc7d/0x10e0 [obdclass]
00012  ? class_process_config+0x2edb/0x7cb0 [obdclass]
00012  ? __kasan_kmalloc+0x72/0x80
00012  ? class_config_llog_handler+0x2954/0x4f80 [obdclass]
00012  ? class_config_llog_handler+0x2cea/0x4f80 [obdclass]
00012  ? lustre_cfg_rec_free+0x350/0x350 [obdclass]
00012  ? llog_process_thread+0x1fd2/0x4f70 [obdclass]
00012  ? _raw_spin_unlock+0x23/0x40
00012  ? llog_process_thread_daemonize+0x16d/0x1b0 [obdclass]
00012  ? kthread+0x2cd/0x3a0
00012  ? llog_process_or_fork+0xc90/0xc90 [obdclass]
00012  ? kthread_unuse_mm+0x130/0x130
00012  ? ret_from_fork+0x18c/0x520
00012  ? kthread_unuse_mm+0x130/0x130
00012  ? ret_from_fork_asm+0x11/0x20
00012  </TASK>
00012 ---[ end trace 0000000000000000 ]---
00012 ------------[ cut here ]------------
00012 WARNING: /home/ktest/git/linux/include/linux/fs.h:889 at osd_create+0x9cf/0xcf0 [osd_wbcfs], CPU#2: llog_process_th/1799
00012 Modules linked in: ofd(O) osp(O) mdd(O) lod(O) mdt(O) lquota(O) lfsck(O) mgs(O) osd_wbcfs(O) lustre(O) obdecho(O) mgc(O) mdc(O) lov(O) osc(O) lmv(O) ec(O) fid(O) fld(O) ptlrpc(O) efivarfs obdclass(O) ksocklnd(O) lnet(O) libcfs(O)
00012 CPU: 2 UID: 0 PID: 1799 Comm: llog_process_th Tainted: G        W  O        7.0.0-ktest-25ae35d-6330a45-20260730-dirty #1 PREEMPT 
00012 Tainted: [W]=WARN, [O]=OOT_MODULE
00012 Hardware name: QEMU Standard PC (Q35 + ICH9, 2009), BIOS 2025.11-3ubuntu7 03/31/2026
00012 RIP: 0010:osd_create+0x9cf/0xcf0 [osd_wbcfs]
00012 Code: c7 c7 00 96 7b a1 48 c7 c6 a0 12 7d a1 48 c7 c2 00 1c 7d a1 e8 52 f1 43 ff 48 c7 c7 00 96 7b a1 e8 46 81 44 ff e9 fe fc ff ff <0f> 0b e9 a5 fa ff ff 48 c7 c1 80 44 5d a0 80 e1 07 80 c1 03 38 c1
00012 RSP: 0018:ffffc900075376e0 EFLAGS: 00010246
00012 RAX: 0000000000000000 RBX: ffff888073ddac00 RCX: 0000000000000046
00012 RDX: 0000000000000000 RSI: ffff888044fa49c0 RDI: ffff888044fecb18
00012 RBP: ffff888044fa4930 R08: ffffffff83a16803 R09: 1ffffffff0742d00
00012 R10: dffffc0000000000 R11: fffffbfff0742d01 R12: ffff88802cfa6030
00012 R13: dffffc0000000000 R14: 1ffff1100e7bb580 R15: 1ffff110059f4c42
00012 FS:  0000000000000000(0000) GS:ffff8881d4b2a000(0000) knlGS:0000000000000000
00012 CS:  0010 DS: 0000 ES: 0000 CR0: 0000000080050033
00012 CR2: 0000559f7c0115d0 CR3: 0000000105f04000 CR4: 0000000000750eb0
00012 PKRU: 55555554
00012 Call Trace:
00012  <TASK>
00012  ? dt_find_or_create+0x81a/0x1170 [obdclass]
00012  ? ofd_fs_setup+0x42c/0xdd0 [ofd]
00012  ? ofd_device_alloc+0x1fc1/0x35e0 [ofd]
00012  ? obd_setup+0x25c/0x950 [obdclass]
00012  ? class_setup+0xc7d/0x10e0 [obdclass]
00012  ? class_process_config+0x2edb/0x7cb0 [obdclass]
00012  ? __kasan_kmalloc+0x72/0x80
00012  ? class_config_llog_handler+0x2954/0x4f80 [obdclass]
00012  ? class_config_llog_handler+0x2cea/0x4f80 [obdclass]
00012  ? lustre_cfg_rec_free+0x350/0x350 [obdclass]
00012  ? llog_process_thread+0x1fd2/0x4f70 [obdclass]
00012  ? _raw_spin_unlock+0x23/0x40
00012  ? llog_process_thread_daemonize+0x16d/0x1b0 [obdclass]
00012  ? kthread+0x2cd/0x3a0
00012  ? llog_process_or_fork+0xc90/0xc90 [obdclass]
00012  ? kthread_unuse_mm+0x130/0x130
00012  ? ret_from_fork+0x18c/0x520
00012  ? kthread_unuse_mm+0x130/0x130
00012  ? ret_from_fork_asm+0x11/0x20
00012  </TASK>
00012 ---[ end trace 0000000000000000 ]---
00012 ------------[ cut here ]------------
00012 WARNING: /home/ktest/git/linux/include/linux/fs.h:889 at osd_create+0x9cf/0xcf0 [osd_wbcfs], CPU#2: llog_process_th/1799
00012 Modules linked in: ofd(O) osp(O) mdd(O) lod(O) mdt(O) lquota(O) lfsck(O) mgs(O) osd_wbcfs(O) lustre(O) obdecho(O) mgc(O) mdc(O) lov(O) osc(O) lmv(O) ec(O) fid(O) fld(O) ptlrpc(O) efivarfs obdclass(O) ksocklnd(O) lnet(O) libcfs(O)
00012 CPU: 2 UID: 0 PID: 1799 Comm: llog_process_th Tainted: G        W  O        7.0.0-ktest-25ae35d-6330a45-20260730-dirty #1 PREEMPT 
00012 Tainted: [W]=WARN, [O]=OOT_MODULE
00012 Hardware name: QEMU Standard PC (Q35 + ICH9, 2009), BIOS 2025.11-3ubuntu7 03/31/2026
00012 RIP: 0010:osd_create+0x9cf/0xcf0 [osd_wbcfs]
00012 Code: c7 c7 00 96 7b a1 48 c7 c6 a0 12 7d a1 48 c7 c2 00 1c 7d a1 e8 52 f1 43 ff 48 c7 c7 00 96 7b a1 e8 46 81 44 ff e9 fe fc ff ff <0f> 0b e9 a5 fa ff ff 48 c7 c1 80 44 5d a0 80 e1 07 80 c1 03 38 c1
00012 RSP: 0018:ffffc900075376e0 EFLAGS: 00010246
00012 RAX: 0000000000000000 RBX: ffff888073ddb800 RCX: 0000000000000046
00012 RDX: 0000000000000000 RSI: ffff888044fa42a8 RDI: ffff888044fecb18
00012 RBP: ffff888044fa4218 R08: ffffffff83a16803 R09: 1ffffffff0742d00
00012 R10: dffffc0000000000 R11: fffffbfff0742d01 R12: ffff88802cfa6030
00012 R13: dffffc0000000000 R14: 1ffff1100e7bb700 R15: 1ffff110059f4c42
00012 FS:  0000000000000000(0000) GS:ffff8881d4b2a000(0000) knlGS:0000000000000000
00012 CS:  0010 DS: 0000 ES: 0000 CR0: 0000000080050033
00012 CR2: 0000559f7c0115d0 CR3: 0000000105f04000 CR4: 0000000000750eb0
00012 PKRU: 55555554
00012 Call Trace:
00012  <TASK>
00012  ? dt_find_or_create+0x81a/0x1170 [obdclass]
00012  ? ofd_fs_setup+0x57f/0xdd0 [ofd]
00012  ? ofd_device_alloc+0x1fc1/0x35e0 [ofd]
00012  ? obd_setup+0x25c/0x950 [obdclass]
00012  ? class_setup+0xc7d/0x10e0 [obdclass]
00012  ? class_process_config+0x2edb/0x7cb0 [obdclass]
00012  ? __kasan_kmalloc+0x72/0x80
00012  ? class_config_llog_handler+0x2954/0x4f80 [obdclass]
00012  ? class_config_llog_handler+0x2cea/0x4f80 [obdclass]
00012  ? lustre_cfg_rec_free+0x350/0x350 [obdclass]
00012  ? llog_process_thread+0x1fd2/0x4f70 [obdclass]
00012  ? _raw_spin_unlock+0x23/0x40
00012  ? llog_process_thread_daemonize+0x16d/0x1b0 [obdclass]
00012  ? kthread+0x2cd/0x3a0
00012  ? llog_process_or_fork+0xc90/0xc90 [obdclass]
00012  ? kthread_unuse_mm+0x130/0x130
00012  ? ret_from_fork+0x18c/0x520
00012  ? kthread_unuse_mm+0x130/0x130
00012  ? ret_from_fork_asm+0x11/0x20
00012  </TASK>
00012 ---[ end trace 0000000000000000 ]---
00012 ------------[ cut here ]------------
00012 WARNING: /home/ktest/git/linux/include/linux/fs.h:889 at osd_create+0x9cf/0xcf0 [osd_wbcfs], CPU#2: llog_process_th/1799
00012 Modules linked in: ofd(O) osp(O) mdd(O) lod(O) mdt(O) lquota(O) lfsck(O) mgs(O) osd_wbcfs(O) lustre(O) obdecho(O) mgc(O) mdc(O) lov(O) osc(O) lmv(O) ec(O) fid(O) fld(O) ptlrpc(O) efivarfs obdclass(O) ksocklnd(O) lnet(O) libcfs(O)
00012 CPU: 2 UID: 0 PID: 1799 Comm: llog_process_th Tainted: G        W  O        7.0.0-ktest-25ae35d-6330a45-20260730-dirty #1 PREEMPT 
00012 Tainted: [W]=WARN, [O]=OOT_MODULE
00012 Hardware name: QEMU Standard PC (Q35 + ICH9, 2009), BIOS 2025.11-3ubuntu7 03/31/2026
00012 RIP: 0010:osd_create+0x9cf/0xcf0 [osd_wbcfs]
00012 Code: c7 c7 00 96 7b a1 48 c7 c6 a0 12 7d a1 48 c7 c2 00 1c 7d a1 e8 52 f1 43 ff 48 c7 c7 00 96 7b a1 e8 46 81 44 ff e9 fe fc ff ff <0f> 0b e9 a5 fa ff ff 48 c7 c1 80 44 5d a0 80 e1 07 80 c1 03 38 c1
00012 RSP: 0018:ffffc900075374a8 EFLAGS: 00010246
00012 RAX: 0000000000000000 RBX: ffff8881333f7c00 RCX: 0000000000000046
00012 RDX: ffffffff84c44d40 RSI: ffff888044fa3b90 RDI: ffff888044fecb18
00012 RBP: ffff888044fa3b00 R08: 0000000000000001 R09: 0000000000000000
00012 R10: dffffc0000000000 R11: ffffed10089f4755 R12: ffff8880452d1418
00012 R13: dffffc0000000000 R14: 1ffff1102667ef80 R15: 1ffff11008a5a292
00012 FS:  0000000000000000(0000) GS:ffff8881d4b2a000(0000) knlGS:0000000000000000
00012 CS:  0010 DS: 0000 ES: 0000 CR0: 0000000080050033
00012 CR2: 0000559f7c0115d0 CR3: 0000000105f04000 CR4: 0000000000750eb0
00012 PKRU: 55555554
00012 Call Trace:
00012  <TASK>
00012  ? local_object_create+0x109/0x640 [obdclass]
00012  ? dt_write_lock+0x16d/0x2a0 [obdclass]
00012  ? __local_file_create+0xce4/0x1bc0 [obdclass]
00012  ? local_index_find_or_create+0x1dc/0x2c0 [obdclass]
00012  ? nodemap_cache_find_create+0x4f9/0xe80 [ptlrpc]
00012  ? nodemap_save_config_cache+0x123/0x19b0 [ptlrpc]
00012  ? nm_config_file_register_tgt+0x19b/0x860 [ptlrpc]
00012  ? nm_config_file_register_tgt+0x1a9/0x860 [ptlrpc]
00012  ? ofd_device_alloc+0x219a/0x35e0 [ofd]
00012  ? obd_setup+0x25c/0x950 [obdclass]
00012  ? class_setup+0xc7d/0x10e0 [obdclass]
00012  ? class_process_config+0x2edb/0x7cb0 [obdclass]
00012  ? __kasan_kmalloc+0x72/0x80
00012  ? class_config_llog_handler+0x2954/0x4f80 [obdclass]
00012  ? class_config_llog_handler+0x2cea/0x4f80 [obdclass]
00012  ? lustre_cfg_rec_free+0x350/0x350 [obdclass]
00012  ? llog_process_thread+0x1fd2/0x4f70 [obdclass]
00012  ? _raw_spin_unlock+0x23/0x40
00012  ? llog_process_thread_daemonize+0x16d/0x1b0 [obdclass]
00012  ? kthread+0x2cd/0x3a0
00012  ? llog_process_or_fork+0xc90/0xc90 [obdclass]
00012  ? kthread_unuse_mm+0x130/0x130
00012  ? ret_from_fork+0x18c/0x520
00012  ? kthread_unuse_mm+0x130/0x130
00012  ? ret_from_fork_asm+0x11/0x20
00012  </TASK>
00012 ---[ end trace 0000000000000000 ]---
