00001 
00002 init: failed to load nvme_core
00002 init: failed to load nvme
00002 init: failed to load zfs
00002 LNetError: 1:0:(lib-socket.c:619:lnet_inet_enumerate()) lnet: Can't find any usable interfaces, rc = -ENOENT
00003 LNetError: Error -100 starting up LNI tcp
00003 LustreError: 1:0:(events.c:627:ptlrpc_init_portals()) network initialisation failed: rc = -100
00003 init: finit_module /lib/modules/7.0.0-ktest-295ad02-6330a45-20260816-dirty/updates/ptlrpc.ko: Network is down
00003 init: failed to load lustre
00003 init: failed to load osd_zfs
00003 init: failed to load iwlwifi
00003 init: failed to load iwlmvm
00003 init: failed to load mt7921e
00003 init: failed to load i915
00003 init: failed to load nouveau
00007 tlp: vm.laptop_mode is deprecated. Ignoring setting.
00007 Kernel version: 7.0.0-ktest-295ad02-6330a45-20260816-dirty
00007 hook init_noop
00007 
00007 Running tests sanity-quick
00007 
00007 ========= TEST   sanity-quick
00007 0a 0b 0c 0d 0e 1 2 3 4 5 6a 6c 6e 6g 6h 6i 7a 7b 8 9 10 11 12 13 14 15 16 17a 17b 17c 17d 17e 17f 17g 17h 17i 17k 17l 17m 17n 17o 17p 17q 18 19a 19b 19c 19d 20 21 22 23a 23b 23c 23d 24a 24b 24c 24d 24e 24f 24g 24h 24i 24j 24k 24l 24m 24n 24o 24p 24q 24r 24s 24t 24u 24v 24w 24x 24y 24z 24A 24B 24C 24E 24F 24G 24H 24I 25a 25b 26a 26b 26c 26d 26e 26f 27a 27b 27ca 27cb 27cc 27cd 27ce 27cf 27cg 27d 27e 27f 27g 27ga 27i 27j 27k 27l 27m 27n 27o 27oo 27p 27q 27r 27s 27t 27u 27v 27w 27wa 27x 27y 27z 27A 27B 27Ca 27Cb 27Cc 27Cd 27Ce 27Cf 27Cg 27Ci 27Cj 27D 27E 27F 27G 27H 27I 27Ia 27J 27K 27Ke 27L 27M 27N 27O 27P 27Q 27R 27T 27U 27V 27W 27X 28 29 30a 30b 30c 30d 31a 31b 31c 31d 31e 31f 31g 31h 31i 31j 31k 31l 31m 31n 31o 31p 31q 31r 32a 32b 32c 32d 32e 32f 32g 32h 32i 32j 32k 32l 32m 32n 32o 32p 32q 32r 33aa 33a 33b 33c 33d 33e 33f 33g 33h 33hh 33i 33j 34a 34b 34c 34d 34e 34f 34g 34h 35a 36a 36b 36c 36d 36e 36f 36g 36h 36i 38 39a 39b 39c 39d 39e 39f 39g 39h 39i 39j 39k 39l 39m 39n 39o 39p 39r 39q 39s 39u 40 41 42a 42b 42c 42d 42e 43A 43a 43b 43c 44A 44a 44b 44c 44d 44e 44f 44g 45 46 48a 48b 48c 48d 48e 48f 49a 49b 49c 50 51a 51b 51c 51d 51e 51f 52a 52b 53 54a 54b 54c 54d 54e 55a 55b 55c 56a 56b 56bb 56bc 56bd 56c 56ca 56d 56e 56g 56h 56i 56ib 56j 56k 56l 56m 56n 56o 56ob 56oc 56od 56oe 56p 56q 56r 56ra 56rb 56rc 56rd 56re 56rf 56s 56t 56u 56v 56wa 56wb 56wc 56wd 56we 56x 56xB 56xC 56xD 56xa 56xab 56xb 56xc 56xd 56xe 56xf 56xg 56xh 56xi 56xj 56xk 56xl 56y 56z 56Aa 56ab 56aca 56acb 56acc 56Ba 56Ca 56Da 56Db 56Dc 56Dd 56Ea 56Eaa 56Eab 56Eb 56Ebb 56Ec 56Ed 56Eda 56Edb 56Ef 56Eg 56Eh 56Ei 56Ej 56Ek 57a 57b 58 59 60a 60b 60c 60d 60e 60f 60g 60h 60i 60j 61a 61b 63a 63b 64a 64b 64c 64d 64e 64f 64g 64h 64i 64j 65a 65b 65c 65d 65e 65f 65g 65h 65i 65j 65k 65l 65m 65n 65o 65p 65q 65r 66 69 70a 71 72a 72b 73 74a 74b 74c 76a 76b 77a 77b 77c 77d 77f 77g 77k 77l 77m 77n 77o 78 79 80 81a 81b 99 100 101a 101b 101c 101d 101e 101f 101g 101h 101i 101j 101m 102a 102b 102c 102d 102f 102h 102ha 102i 102j 102k 102l 102m 102n 102p 102q 102r 102s 102t 103a 103b 103c 103e 103f 103g 104a 104b 104c 104d 105a 105b 105c 105d 105e 105f 105g 105h 105i 106 107 110 116a 116b 117 118a 118b 118c 118d 118f 118g 118h 118i 118j 118k 118l 118m 118n 119a 119b 119c 119e 119f 119g 119h 119i 119j 119k 119m 119n 119o 119p 119q 119r 120a 120b 120c 120d 120e 120f 120g 121 123aa 123ab 123ac 123ad 123b 123c 123d 123e 123f 123g 123h 123i 123j 123k 123l 124a 124b 124c 124d 124e 124f 124g 125 126 127a 127b 127c 127d 127e 127f 128 129 130a 130b 130c 130d 130e 130f 130g 130h 130i 131a 131b 131c 131d 131e 133a 133b 133c 133d 133e 133f 133g 133h 134a 134b 135 136 140 150a 150b 150bb 150c 150d 150e 150f 150g 150h 150ia 150ib 150ic 151 152 153 154A 154B 154C 154a 154b 154c 154d 154e 154ea 154f 154g 154h 154i 154j 155a 155b 155c 155d 155e 155f 155g 155h 156 157a 157b 160a 160b 160c 160d 160e 160f 160g 160h 160i 160j 160k 160l 160m 160n 160o 160p 160q 160s 160t 160u 160v 160w 161a 161b 161c 161d 162a 162b 162c 165a 165b 165c 165d 165e 165f 165g 169 170a 170b 171 172 180a 180b 180c 181 182a 182b 183 184a 184b 184c 184d 184e 184f 185 185a 187a 187b 190a 190b 190c 200 204a 204b 204c 204d 204e 204f 204g 204h 205a 205b 205c 205d 205e 205f 205g 205h 205i 205k 205l 205m 206 207a 207b 208 209 210 212 213 214 215 216 217 218 219 220 221 222a 222b 223 224a 224b 224c 224d 225a 225b 226a 226b 226c 226d 226e 227 228a 228b 228c 229 230a 230b 230c 230d 230e 230f 230g 230h 230i 230j 230k 230l 230m 230n 230o 230p 230q 230r 230s 230t 230u 230v 230w 230x 230y 230z 230A 230B 231a 231b 232a 232b 233a 233b 234 235 236 238 239A 239a 239b 240 241a 241b 242 243 244a 244b 245a 245b 247a 247b 247c 247d 247e 247f 247g 247h 248a 248b 248c 248d 249 250 251a 252 253 254 255a 255b 255c 256 257 258a 258b 259 260 270a 270b 270c 270d 270e 270f 270g 270h 270i 270j 271a 271b 271ba 271c 271d 271f 271g 272a 272b 272c 272d 272e 272f 273a 273b 273c 275 276 277 278 280 300a 300b 300c 300d 300e 300f 300g 300h 300i 300j 300k 300l 300m 300n 300ne 300o 300p 300q 300r 300s 300t 300ua 300ub 300uc 300ud 300ue 300uf 300ug 300uh 300ui 300uj 310a 310b 310c 311 312 313 314 315 316 317 318 319 350 398a 398b 398c 398d 398e 398f 398g 398h 398i 398j 398k 398l 398m 398n 398o 398p 398q 398r 398s 398t 398u 399a 399b 400a 400b 401a 401aa 401ab 401ac 401ad 401b 401c 401d 401db 401e 401fa 401fb 401ga 401gb 401gc 401gd 402 403 404 405 406 407 408 409 410 411a 411b 412 413A 413a 413b 413c 413d 413e 413f 413g 413h 413i 413j 413k 413l 413z 414 415 416 417 418 419 420 421a 421b 421c 421d 421e 421f 421g 421h 422 423 424 425 426 427 428 429 430a 430b 430c 431 432 433 434 440 442 460d 600a 600b 600c 600d 801a 801b 801c 802b 802c 803a 803b 804 805 806 807a 807b 808 809 810 812a 812b 812c 813 814 815 816 817 818 819a 819b 820 823 831 832 833 834 842 850 851 852 853 854 855 860 900 901 902 903 904 905 906 907 908a 908b 909 910 911 920
00007 17d 17e 17f 17g 17h 17i 17k 17l 17m 17n
00007 17d,17e,17f,17g,17h,17i,17k,17l,17m,17n
00011 SETUP LUSTRE ... LNet: Added LNI 10.0.2.15@tcp [8/256/0/180]
00012 Lustre: Echo OBD driver; http://www.lustre.org/
00012 Lustre: 1729:0:(mdt_handler.c:64:mdt_max_mod_rpcs_per_client_set()) max_mod_rpcs_per_client is deprecated, set mdt.*.max_mod_rpcs_in_flight parameter instead
00012 ------------[ cut here ]------------
00012 WARNING: /home/ktest/git/linux/include/linux/fs.h:889 at osd_create+0x9cf/0xcf0 [osd_wbcfs], CPU#3: ll_mgs_0002/1726
00012 Modules linked in: mdt(O) lquota(O) lfsck(O) mgs(O) osd_wbcfs(O) lustre(O) obdecho(O) mgc(O) mdc(O) lov(O) osc(O) lmv(O) ec(O) fid(O) fld(O) ptlrpc(O) efivarfs obdclass(O) ksocklnd(O) lnet(O) libcfs(O)
00012 CPU: 3 UID: 0 PID: 1726 Comm: ll_mgs_0002 Tainted: G           O        7.0.0-ktest-295ad02-6330a45-20260816-dirty #1 PREEMPT 
00012 Tainted: [O]=OOT_MODULE
00012 Hardware name: QEMU Standard PC (Q35 + ICH9, 2009), BIOS 2025.11-3ubuntu7 03/31/2026
00012 RIP: 0010:osd_create+0x9cf/0xcf0 [osd_wbcfs]
00012 Code: c7 c7 00 96 7b a1 48 c7 c6 a0 12 7d a1 48 c7 c2 00 1c 7d a1 e8 52 f1 43 ff 48 c7 c7 00 96 7b a1 e8 46 81 44 ff e9 fe fc ff ff <0f> 0b e9 a5 fa ff ff 48 c7 c1 80 44 5d a0 80 e1 07 80 c1 03 38 c1
00012 RSP: 0018:ffffc900012c7740 EFLAGS: 00010246
00012 RAX: 0000000000000000 RBX: ffff88811bd48800 RCX: 0000000000000046
00012 RDX: 0000000000000000 RSI: ffff88803265a648 RDI: ffff88802e69cb68
00012 RBP: ffff88803265a5b8 R08: ffffffff83a16803 R09: 1ffffffff0742d00
00012 R10: dffffc0000000000 R11: fffffbfff0742d01 R12: ffff8881197a7000
00012 R13: dffffc0000000000 R14: 1ffff110237a9100 R15: 1ffff110232f4e0f
00012 FS:  0000000000000000(0000) GS:ffff8881d4baa000(0000) knlGS:0000000000000000
00012 CS:  0010 DS: 0000 ES: 0000 CR0: 0000000080050033
00012 CR2: 00007f408d7e6194 CR3: 000000007a5fc000 CR4: 0000000000750eb0
00012 PKRU: 55555554
00012 Call Trace:
00012  <TASK>
00012  ? local_object_create+0x109/0x640 [obdclass]
00012  ? dt_write_lock+0x16d/0x2a0 [obdclass]
00012  ? llog_osd_create+0x356/0x10d0 [obdclass]
00012  ? llog_create+0x2ed/0x530 [obdclass]
00012  ? llog_open_create+0x6e7/0xb30 [obdclass]
00012  ? mgs_find_or_make_fsdb_nolock+0x16d4/0x2d80 [mgs]
00012  ? class_find_param+0x25/0x70 [obdclass]
00012  ? mgs_find_or_make_fsdb+0xda/0x1f0 [mgs]
00012  ? mgs_target_reg+0x2333/0x4480 [mgs]
00012  ? tgt_request_handle+0x23ad/0x3d30 [ptlrpc]
00012  ? ptlrpc_main+0x6359/0x96f0 [ptlrpc]
00012  ? __kthread_parkme+0x73/0x130
00012  ? kthread+0x2cd/0x3a0
00012  ? ptlrpc_start_thread+0x1f10/0x1f10 [ptlrpc]
00012  ? kthread_unuse_mm+0x130/0x130
00012  ? ret_from_fork+0x18c/0x520
00012  ? kthread_unuse_mm+0x130/0x130
00012  ? ret_from_fork_asm+0x11/0x20
00012  </TASK>
00012 ---[ end trace 0000000000000000 ]---
00012 ------------[ cut here ]------------
00012 WARNING: /home/ktest/git/linux/include/linux/fs.h:889 at osd_create+0x9cf/0xcf0 [osd_wbcfs], CPU#3: ll_mgs_0002/1726
00012 Modules linked in: mdt(O) lquota(O) lfsck(O) mgs(O) osd_wbcfs(O) lustre(O) obdecho(O) mgc(O) mdc(O) lov(O) osc(O) lmv(O) ec(O) fid(O) fld(O) ptlrpc(O) efivarfs obdclass(O) ksocklnd(O) lnet(O) libcfs(O)
00012 CPU: 3 UID: 0 PID: 1726 Comm: ll_mgs_0002 Tainted: G        W  O        7.0.0-ktest-295ad02-6330a45-20260816-dirty #1 PREEMPT 
00012 Tainted: [W]=WARN, [O]=OOT_MODULE
00012 Hardware name: QEMU Standard PC (Q35 + ICH9, 2009), BIOS 2025.11-3ubuntu7 03/31/2026
00012 RIP: 0010:osd_create+0x9cf/0xcf0 [osd_wbcfs]
00012 Code: c7 c7 00 96 7b a1 48 c7 c6 a0 12 7d a1 48 c7 c2 00 1c 7d a1 e8 52 f1 43 ff 48 c7 c7 00 96 7b a1 e8 46 81 44 ff e9 fe fc ff ff <0f> 0b e9 a5 fa ff ff 48 c7 c1 80 44 5d a0 80 e1 07 80 c1 03 38 c1
00012 RSP: 0018:ffffc900012c7688 EFLAGS: 00010246
00012 RAX: 0000000000000000 RBX: ffff88811bd4bc00 RCX: 0000000000000046
00012 RDX: 0000000000000000 RSI: ffff888032659f30 RDI: ffff88802e69cb68
00012 RBP: ffff888032659ea0 R08: ffffffff83a16803 R09: 1ffffffff0742d00
00012 R10: dffffc0000000000 R11: fffffbfff0742d01 R12: ffff8881197a7000
00012 R13: dffffc0000000000 R14: 1ffff110237a9780 R15: 1ffff110232f4e0f
00012 FS:  0000000000000000(0000) GS:ffff8881d4baa000(0000) knlGS:0000000000000000
00012 CS:  0010 DS: 0000 ES: 0000 CR0: 0000000080050033
00012 CR2: 00007f408d7e6194 CR3: 000000007a5fc000 CR4: 0000000000750eb0
00012 PKRU: 55555554
00012 Call Trace:
00012  <TASK>
00012  ? local_object_create+0x109/0x640 [obdclass]
00012  ? dt_write_lock+0x16d/0x2a0 [obdclass]
00012  ? llog_osd_create+0x356/0x10d0 [obdclass]
00012  ? llog_create+0x2ed/0x530 [obdclass]
00012  ? llog_open_create+0x6e7/0xb30 [obdclass]
00012  ? record_start_log+0x348/0xa40 [mgs]
00012  ? mgs_write_log_lov+0x3ac/0xde0 [mgs]
00012  ? mgs_write_log_target+0x17a4/0x6ab0 [mgs]
00012  ? mgs_target_reg+0x254e/0x4480 [mgs]
00012  ? tgt_request_handle+0x23ad/0x3d30 [ptlrpc]
00012  ? ptlrpc_main+0x6359/0x96f0 [ptlrpc]
00012  ? __kthread_parkme+0x73/0x130
00012  ? kthread+0x2cd/0x3a0
00012  ? ptlrpc_start_thread+0x1f10/0x1f10 [ptlrpc]
00012  ? kthread_unuse_mm+0x130/0x130
00012  ? ret_from_fork+0x18c/0x520
00012  ? kthread_unuse_mm+0x130/0x130
00012  ? ret_from_fork_asm+0x11/0x20
00012  </TASK>
00012 ---[ end trace 0000000000000000 ]---
00012 ------------[ cut here ]------------
00012 WARNING: /home/ktest/git/linux/include/linux/fs.h:889 at osd_create+0x9cf/0xcf0 [osd_wbcfs], CPU#3: llog_process_th/1749
00012 Modules linked in: mdd(O) lod(O) mdt(O) lquota(O) lfsck(O) mgs(O) osd_wbcfs(O) lustre(O) obdecho(O) mgc(O) mdc(O) lov(O) osc(O) lmv(O) ec(O) fid(O) fld(O) ptlrpc(O) efivarfs obdclass(O) ksocklnd(O) lnet(O) libcfs(O)
00012 CPU: 3 UID: 0 PID: 1749 Comm: llog_process_th Tainted: G        W  O        7.0.0-ktest-295ad02-6330a45-20260816-dirty #1 PREEMPT 
00012 Tainted: [W]=WARN, [O]=OOT_MODULE
00012 Hardware name: QEMU Standard PC (Q35 + ICH9, 2009), BIOS 2025.11-3ubuntu7 03/31/2026
00012 RIP: 0010:osd_create+0x9cf/0xcf0 [osd_wbcfs]
00012 Code: c7 c7 00 96 7b a1 48 c7 c6 a0 12 7d a1 48 c7 c2 00 1c 7d a1 e8 52 f1 43 ff 48 c7 c7 00 96 7b a1 e8 46 81 44 ff e9 fe fc ff ff <0f> 0b e9 a5 fa ff ff 48 c7 c1 80 44 5d a0 80 e1 07 80 c1 03 38 c1
00012 RSP: 0018:ffffc90001417450 EFLAGS: 00010246
00012 RAX: 0000000000000000 RBX: ffff88811b8a0c00 RCX: 0000000000000046
00012 RDX: ffffffff84c44d40 RSI: ffff888032659818 RDI: ffff8880299daa58
00012 RBP: ffff888032659788 R08: 0000000000000001 R09: 0000000000000000
00012 R10: dffffc0000000000 R11: ffffed10064cb2e6 R12: ffff88811b85e700
00012 R13: dffffc0000000000 R14: 1ffff11023714180 R15: 1ffff92000282ebf
00012 FS:  0000000000000000(0000) GS:ffff8881d4baa000(0000) knlGS:0000000000000000
00012 CS:  0010 DS: 0000 ES: 0000 CR0: 0000000080050033
00012 CR2: 00007f408d7e6194 CR3: 000000011c9fa000 CR4: 0000000000750eb0
00012 PKRU: 55555554
00012 Call Trace:
00012  <TASK>
00012  ? dt_find_or_create+0x81a/0x1170 [obdclass]
00012  ? fld_index_init+0x404/0x1610 [fld]
00012  ? is_module_address+0x1b/0x70
00012  ? is_module_address+0x5e/0x70
00012  ? __asan_memset+0x22/0x40
00012  ? fld_server_init+0x1d7/0x580 [fld]
00012  ? mdt_device_alloc+0x36b4/0x66c0 [mdt]
00012  ? __alloc_tagging_slab_alloc_hook+0x136/0x190
00012  ? obd_setup+0x25c/0x950 [obdclass]
00012  ? class_setup+0xc7d/0x10e0 [obdclass]
00012  ? class_process_config+0x2edb/0x7cb0 [obdclass]
00012  ? __kasan_kmalloc+0x72/0x80
00012  ? class_config_llog_handler+0x2954/0x4f80 [obdclass]
00012  ? class_config_llog_handler+0x2cea/0x4f80 [obdclass]
00012  ? lustre_cfg_rec_free+0x350/0x350 [obdclass]
00012  ? llog_process_thread+0x1fd2/0x4f70 [obdclass]
00012  ? _raw_spin_unlock+0x23/0x40
00012  ? llog_process_thread_daemonize+0x16d/0x1b0 [obdclass]
00012  ? kthread+0x2cd/0x3a0
00012  ? llog_process_or_fork+0xc90/0xc90 [obdclass]
00012  ? kthread_unuse_mm+0x130/0x130
00012  ? ret_from_fork+0x18c/0x520
00012  ? kthread_unuse_mm+0x130/0x130
00012  ? ret_from_fork_asm+0x11/0x20
00012  </TASK>
00012 ---[ end trace 0000000000000000 ]---
00012 ------------[ cut here ]------------
00012 WARNING: /home/ktest/git/linux/include/linux/fs.h:889 at osd_create+0x9cf/0xcf0 [osd_wbcfs], CPU#3: llog_process_th/1749
00012 Modules linked in: mdd(O) lod(O) mdt(O) lquota(O) lfsck(O) mgs(O) osd_wbcfs(O) lustre(O) obdecho(O) mgc(O) mdc(O) lov(O) osc(O) lmv(O) ec(O) fid(O) fld(O) ptlrpc(O) efivarfs obdclass(O) ksocklnd(O) lnet(O) libcfs(O)
00012 CPU: 3 UID: 0 PID: 1749 Comm: llog_process_th Tainted: G        W  O        7.0.0-ktest-295ad02-6330a45-20260816-dirty #1 PREEMPT 
00012 Tainted: [W]=WARN, [O]=OOT_MODULE
00012 Hardware name: QEMU Standard PC (Q35 + ICH9, 2009), BIOS 2025.11-3ubuntu7 03/31/2026
00012 RIP: 0010:osd_create+0x9cf/0xcf0 [osd_wbcfs]
00012 Code: c7 c7 00 96 7b a1 48 c7 c6 a0 12 7d a1 48 c7 c2 00 1c 7d a1 e8 52 f1 43 ff 48 c7 c7 00 96 7b a1 e8 46 81 44 ff e9 fe fc ff ff <0f> 0b e9 a5 fa ff ff 48 c7 c1 80 44 5d a0 80 e1 07 80 c1 03 38 c1
00012 RSP: 0018:ffffc90001417430 EFLAGS: 00010246
00012 RAX: 0000000000000000 RBX: ffff88811b8a0800 RCX: 0000000000000046
00012 RDX: 0000000000000000 RSI: ffff888032659100 RDI: ffff8880299daa58
00012 RBP: ffff888032659070 R08: ffffffff83a16803 R09: 1ffffffff0742d00
00012 R10: dffffc0000000000 R11: fffffbfff0742d01 R12: ffffc90001417530
00012 R13: dffffc0000000000 R14: 1ffff11023714100 R15: 1ffff92000282ea4
00012 FS:  0000000000000000(0000) GS:ffff8881d4baa000(0000) knlGS:0000000000000000
00012 CS:  0010 DS: 0000 ES: 0000 CR0: 0000000080050033
00012 CR2: 00007f408d7e6194 CR3: 000000011c9fa000 CR4: 0000000000750eb0
00012 PKRU: 55555554
00012 Call Trace:
00012  <TASK>
00012  ? dt_find_or_create+0x81a/0x1170 [obdclass]
00012  ? seq_store_init+0x155/0x360 [fid]
00012  ? seq_server_init+0x290/0xba0 [fid]
00012  ? mdt_seq_init+0x513/0x1ef0 [mdt]
00012  ? fld_server_init+0x34e/0x580 [fld]
00012  ? mdt_device_alloc+0x39c5/0x66c0 [mdt]
00012  ? __alloc_tagging_slab_alloc_hook+0x136/0x190
00012  ? obd_setup+0x25c/0x950 [obdclass]
00012  ? class_setup+0xc7d/0x10e0 [obdclass]
00012  ? class_process_config+0x2edb/0x7cb0 [obdclass]
00012  ? __kasan_kmalloc+0x72/0x80
00012  ? class_config_llog_handler+0x2954/0x4f80 [obdclass]
00012  ? class_config_llog_handler+0x2cea/0x4f80 [obdclass]
00012  ? lustre_cfg_rec_free+0x350/0x350 [obdclass]
00012  ? llog_process_thread+0x1fd2/0x4f70 [obdclass]
00012  ? _raw_spin_unlock+0x23/0x40
00012  ? llog_process_thread_daemonize+0x16d/0x1b0 [obdclass]
00012  ? kthread+0x2cd/0x3a0
00012  ? llog_process_or_fork+0xc90/0xc90 [obdclass]
00012  ? kthread_unuse_mm+0x130/0x130
00012  ? ret_from_fork+0x18c/0x520
00012  ? kthread_unuse_mm+0x130/0x130
00012  ? ret_from_fork_asm+0x11/0x20
00012  </TASK>
00012 ---[ end trace 0000000000000000 ]---
00012 Lustre: ctl-lustre-MDT0000: No data found on store. Initialize space.
00012 ------------[ cut here ]------------
00012 WARNING: /home/ktest/git/linux/include/linux/fs.h:889 at osd_create+0x9cf/0xcf0 [osd_wbcfs], CPU#3: llog_process_th/1749
00012 Modules linked in: mdd(O) lod(O) mdt(O) lquota(O) lfsck(O) mgs(O) osd_wbcfs(O) lustre(O) obdecho(O) mgc(O) mdc(O) lov(O) osc(O) lmv(O) ec(O) fid(O) fld(O) ptlrpc(O) efivarfs obdclass(O) ksocklnd(O) lnet(O) libcfs(O)
00012 CPU: 3 UID: 0 PID: 1749 Comm: llog_process_th Tainted: G        W  O        7.0.0-ktest-295ad02-6330a45-20260816-dirty #1 PREEMPT 
00012 Tainted: [W]=WARN, [O]=OOT_MODULE
00012 Hardware name: QEMU Standard PC (Q35 + ICH9, 2009), BIOS 2025.11-3ubuntu7 03/31/2026
00012 RIP: 0010:osd_create+0x9cf/0xcf0 [osd_wbcfs]
00012 Code: c7 c7 00 96 7b a1 48 c7 c6 a0 12 7d a1 48 c7 c2 00 1c 7d a1 e8 52 f1 43 ff 48 c7 c7 00 96 7b a1 e8 46 81 44 ff e9 fe fc ff ff <0f> 0b e9 a5 fa ff ff 48 c7 c1 80 44 5d a0 80 e1 07 80 c1 03 38 c1
00012 RSP: 0018:ffffc90001417430 EFLAGS: 00010246
00012 RAX: 0000000000000000 RBX: ffff88811b8a3c00 RCX: 0000000000000046
00012 RDX: 0000000000000000 RSI: ffff8880326589e8 RDI: ffff8880299daa58
00012 RBP: ffff888032658958 R08: ffffffff83a16803 R09: 1ffffffff0742d00
00012 R10: dffffc0000000000 R11: fffffbfff0742d01 R12: ffffc90001417530
00012 R13: dffffc0000000000 R14: 1ffff11023714780 R15: 1ffff92000282ea4
00012 FS:  0000000000000000(0000) GS:ffff8881d4baa000(0000) knlGS:0000000000000000
00012 CS:  0010 DS: 0000 ES: 0000 CR0: 0000000080050033
00012 CR2: 00007f408d7e6194 CR3: 000000011c9fa000 CR4: 0000000000750eb0
00012 PKRU: 55555554
00012 Call Trace:
00012  <TASK>
00012  ? dt_find_or_create+0x81a/0x1170 [obdclass]
00012  ? seq_store_init+0x155/0x360 [fid]
00012  ? seq_server_init+0x290/0xba0 [fid]
00012  ? mdt_seq_init+0x2c1/0x1ef0 [mdt]
00012  ? fld_server_init+0x34e/0x580 [fld]
00012  ? mdt_device_alloc+0x39c5/0x66c0 [mdt]
00012  ? __alloc_tagging_slab_alloc_hook+0x136/0x190
00012  ? obd_setup+0x25c/0x950 [obdclass]
00012  ? class_setup+0xc7d/0x10e0 [obdclass]
00012  ? class_process_config+0x2edb/0x7cb0 [obdclass]
00012  ? __kasan_kmalloc+0x72/0x80
00012  ? class_config_llog_handler+0x2954/0x4f80 [obdclass]
00012  ? class_config_llog_handler+0x2cea/0x4f80 [obdclass]
00012  ? lustre_cfg_rec_free+0x350/0x350 [obdclass]
00012  ? llog_process_thread+0x1fd2/0x4f70 [obdclass]
00012  ? _raw_spin_unlock+0x23/0x40
00012  ? llog_process_thread_daemonize+0x16d/0x1b0 [obdclass]
00012  ? kthread+0x2cd/0x3a0
00012  ? llog_process_or_fork+0xc90/0xc90 [obdclass]
00012  ? kthread_unuse_mm+0x130/0x130
00012  ? ret_from_fork+0x18c/0x520
00012  ? kthread_unuse_mm+0x130/0x130
00012  ? ret_from_fork_asm+0x11/0x20
00012  </TASK>
00012 ---[ end trace 0000000000000000 ]---
00012 ------------[ cut here ]------------
00012 WARNING: /home/ktest/git/linux/include/linux/fs.h:889 at osd_create+0x9cf/0xcf0 [osd_wbcfs], CPU#3: llog_process_th/1749
00012 Modules linked in: mdd(O) lod(O) mdt(O) lquota(O) lfsck(O) mgs(O) osd_wbcfs(O) lustre(O) obdecho(O) mgc(O) mdc(O) lov(O) osc(O) lmv(O) ec(O) fid(O) fld(O) ptlrpc(O) efivarfs obdclass(O) ksocklnd(O) lnet(O) libcfs(O)
00012 CPU: 3 UID: 0 PID: 1749 Comm: llog_process_th Tainted: G        W  O        7.0.0-ktest-295ad02-6330a45-20260816-dirty #1 PREEMPT 
00012 Tainted: [W]=WARN, [O]=OOT_MODULE
00012 Hardware name: QEMU Standard PC (Q35 + ICH9, 2009), BIOS 2025.11-3ubuntu7 03/31/2026
00012 RIP: 0010:osd_create+0x9cf/0xcf0 [osd_wbcfs]
00012 Code: c7 c7 00 96 7b a1 48 c7 c6 a0 12 7d a1 48 c7 c2 00 1c 7d a1 e8 52 f1 43 ff 48 c7 c7 00 96 7b a1 e8 46 81 44 ff e9 fe fc ff ff <0f> 0b e9 a5 fa ff ff 48 c7 c1 80 44 5d a0 80 e1 07 80 c1 03 38 c1
00012 RSP: 0018:ffffc90001417470 EFLAGS: 00010246
00012 RAX: 0000000000000000 RBX: ffff888105704800 RCX: 0000000000000046
00012 RDX: 0000000000000000 RSI: ffff8880326582d0 RDI: ffff8880299daa58
00012 RBP: ffff888032658240 R08: ffffffff83a16803 R09: 1ffffffff0742d00
00012 R10: dffffc0000000000 R11: fffffbfff0742d01 R12: ffffc900014175e0
00012 R13: dffffc0000000000 R14: 1ffff11020ae0900 R15: 1ffff92000282ec9
00012 FS:  0000000000000000(0000) GS:ffff8881d4baa000(0000) knlGS:0000000000000000
00012 CS:  0010 DS: 0000 ES: 0000 CR0: 0000000080050033
00012 CR2: 00007f408d7e6194 CR3: 000000011c9fa000 CR4: 0000000000750eb0
00012 PKRU: 55555554
00012 Call Trace:
00012  <TASK>
00012  ? dt_find_or_create+0x81a/0x1170 [obdclass]
00012  ? tgt_init+0xb72/0x2a60 [ptlrpc]
00012  ? mdt_device_alloc+0x3ce7/0x66c0 [mdt]
00012  ? __alloc_tagging_slab_alloc_hook+0x136/0x190
00012  ? obd_setup+0x25c/0x950 [obdclass]
00012  ? class_setup+0xc7d/0x10e0 [obdclass]
00012  ? class_process_config+0x2edb/0x7cb0 [obdclass]
00012  ? __kasan_kmalloc+0x72/0x80
00012  ? class_config_llog_handler+0x2954/0x4f80 [obdclass]
00012  ? class_config_llog_handler+0x2cea/0x4f80 [obdclass]
00012  ? lustre_cfg_rec_free+0x350/0x350 [obdclass]
00012  ? llog_process_thread+0x1fd2/0x4f70 [obdclass]
00012  ? _raw_spin_unlock+0x23/0x40
00012  ? llog_process_thread_daemonize+0x16d/0x1b0 [obdclass]
00012  ? kthread+0x2cd/0x3a0
00012  ? llog_process_or_fork+0xc90/0xc90 [obdclass]
00012  ? kthread_unuse_mm+0x130/0x130
00012  ? ret_from_fork+0x18c/0x520
00012  ? kthread_unuse_mm+0x130/0x130
00012  ? ret_from_fork_asm+0x11/0x20
00012  </TASK>
00012 ---[ end trace 0000000000000000 ]---
00012 Lustre: lustre-MDT0000: new disk, initializing
00012 ------------[ cut here ]------------
00012 WARNING: /home/ktest/git/linux/include/linux/fs.h:889 at osd_create+0x9cf/0xcf0 [osd_wbcfs], CPU#3: llog_process_th/1749
00012 Modules linked in: mdd(O) lod(O) mdt(O) lquota(O) lfsck(O) mgs(O) osd_wbcfs(O) lustre(O) obdecho(O) mgc(O) mdc(O) lov(O) osc(O) lmv(O) ec(O) fid(O) fld(O) ptlrpc(O) efivarfs obdclass(O) ksocklnd(O) lnet(O) libcfs(O)
00012 CPU: 3 UID: 0 PID: 1749 Comm: llog_process_th Tainted: G        W  O        7.0.0-ktest-295ad02-6330a45-20260816-dirty #1 PREEMPT 
00012 Tainted: [W]=WARN, [O]=OOT_MODULE
00012 Hardware name: QEMU Standard PC (Q35 + ICH9, 2009), BIOS 2025.11-3ubuntu7 03/31/2026
00012 RIP: 0010:osd_create+0x9cf/0xcf0 [osd_wbcfs]
00012 Code: c7 c7 00 96 7b a1 48 c7 c6 a0 12 7d a1 48 c7 c2 00 1c 7d a1 e8 52 f1 43 ff 48 c7 c7 00 96 7b a1 e8 46 81 44 ff e9 fe fc ff ff <0f> 0b e9 a5 fa ff ff 48 c7 c1 80 44 5d a0 80 e1 07 80 c1 03 38 c1
00012 RSP: 0018:ffffc90001417470 EFLAGS: 00010246
00012 RAX: 0000000000000000 RBX: ffff888105704000 RCX: 0000000000000046
00012 RDX: 0000000000000000 RSI: ffff88802dc97b68 RDI: ffff8880299daa58
00012 RBP: ffff88802dc97ad8 R08: ffffffff83a16803 R09: 1ffffffff0742d00
00012 R10: dffffc0000000000 R11: fffffbfff0742d01 R12: ffffc900014175e0
00012 R13: dffffc0000000000 R14: 1ffff11020ae0800 R15: 1ffff92000282ec9
00012 FS:  0000000000000000(0000) GS:ffff8881d4baa000(0000) knlGS:0000000000000000
00012 CS:  0010 DS: 0000 ES: 0000 CR0: 0000000080050033
00012 CR2: 00007f408d7e6194 CR3: 000000011c9fa000 CR4: 0000000000750eb0
00012 PKRU: 55555554
00012 Call Trace:
00012  <TASK>
00012  ? dt_find_or_create+0x81a/0x1170 [obdclass]
00012  ? tgt_init+0x1a98/0x2a60 [ptlrpc]
00012  ? mdt_device_alloc+0x3ce7/0x66c0 [mdt]
00012  ? __alloc_tagging_slab_alloc_hook+0x136/0x190
00012  ? obd_setup+0x25c/0x950 [obdclass]
00012  ? class_setup+0xc7d/0x10e0 [obdclass]
00012  ? class_process_config+0x2edb/0x7cb0 [obdclass]
00012  ? __kasan_kmalloc+0x72/0x80
00012  ? class_config_llog_handler+0x2954/0x4f80 [obdclass]
00012  ? class_config_llog_handler+0x2cea/0x4f80 [obdclass]
00012  ? lustre_cfg_rec_free+0x350/0x350 [obdclass]
00012  ? llog_process_thread+0x1fd2/0x4f70 [obdclass]
00012  ? _raw_spin_unlock+0x23/0x40
00012  ? llog_process_thread_daemonize+0x16d/0x1b0 [obdclass]
00012  ? kthread+0x2cd/0x3a0
00012  ? llog_process_or_fork+0xc90/0xc90 [obdclass]
00012  ? kthread_unuse_mm+0x130/0x130
00012  ? ret_from_fork+0x18c/0x520
00012  ? kthread_unuse_mm+0x130/0x130
00012  ? ret_from_fork_asm+0x11/0x20
00012  </TASK>
00012 ---[ end trace 0000000000000000 ]---
00012 ------------[ cut here ]------------
00012 WARNING: /home/ktest/git/linux/include/linux/fs.h:889 at osd_create+0x9cf/0xcf0 [osd_wbcfs], CPU#3: llog_process_th/1749
00012 Modules linked in: mdd(O) lod(O) mdt(O) lquota(O) lfsck(O) mgs(O) osd_wbcfs(O) lustre(O) obdecho(O) mgc(O) mdc(O) lov(O) osc(O) lmv(O) ec(O) fid(O) fld(O) ptlrpc(O) efivarfs obdclass(O) ksocklnd(O) lnet(O) libcfs(O)
00012 CPU: 3 UID: 0 PID: 1749 Comm: llog_process_th Tainted: G        W  O        7.0.0-ktest-295ad02-6330a45-20260816-dirty #1 PREEMPT 
00012 Tainted: [W]=WARN, [O]=OOT_MODULE
00012 Hardware name: QEMU Standard PC (Q35 + ICH9, 2009), BIOS 2025.11-3ubuntu7 03/31/2026
00012 RIP: 0010:osd_create+0x9cf/0xcf0 [osd_wbcfs]
00012 Code: c7 c7 00 96 7b a1 48 c7 c6 a0 12 7d a1 48 c7 c2 00 1c 7d a1 e8 52 f1 43 ff 48 c7 c7 00 96 7b a1 e8 46 81 44 ff e9 fe fc ff ff <0f> 0b e9 a5 fa ff ff 48 c7 c1 80 44 5d a0 80 e1 07 80 c1 03 38 c1
00012 RSP: 0018:ffffc90001417370 EFLAGS: 00010246
00012 RAX: 0000000000000000 RBX: ffff888132f7c400 RCX: 0000000000000046
00012 RDX: 0000000000000000 RSI: ffff88802dc97450 RDI: ffff8880299daa58
00012 RBP: ffff88802dc973c0 R08: ffffffff83a16803 R09: 1ffffffff0742d00
00012 R10: dffffc0000000000 R11: fffffbfff0742d01 R12: ffff8880392a4418
00012 R13: dffffc0000000000 R14: 1ffff110265ef880 R15: 1ffff11007254892
00012 FS:  0000000000000000(0000) GS:ffff8881d4baa000(0000) knlGS:0000000000000000
00012 CS:  0010 DS: 0000 ES: 0000 CR0: 0000000080050033
00012 CR2: 00007f408d7e6194 CR3: 000000011c9fa000 CR4: 0000000000750eb0
00012 PKRU: 55555554
00012 Call Trace:
00012  <TASK>
00012  ? local_object_create+0x109/0x640 [obdclass]
00012  ? dt_write_lock+0x16d/0x2a0 [obdclass]
00012  ? __local_file_create+0xce4/0x1bc0 [obdclass]
00012  ? local_file_find_or_create+0x13c/0x1d0 [obdclass]
00012  ? lquota_disk_dir_find_create+0x31f/0xd10 [lquota]
00012  ? qmt_device_prepare+0x122/0x600 [lquota]
00012  ? mdt_quota_init+0x1a65/0x3220 [mdt]
00012  ? mdt_tunables_init+0x3e6/0x530 [mdt]
00012  ? mdt_device_alloc+0x46a6/0x66c0 [mdt]
00012  ? obd_setup+0x25c/0x950 [obdclass]
00012  ? class_setup+0xc7d/0x10e0 [obdclass]
00012  ? class_process_config+0x2edb/0x7cb0 [obdclass]
00012  ? __kasan_kmalloc+0x72/0x80
00012  ? class_config_llog_handler+0x2954/0x4f80 [obdclass]
00012  ? class_config_llog_handler+0x2cea/0x4f80 [obdclass]
00012  ? lustre_cfg_rec_free+0x350/0x350 [obdclass]
00012  ? llog_process_thread+0x1fd2/0x4f70 [obdclass]
00012  ? _raw_spin_unlock+0x23/0x40
00012  ? llog_process_thread_daemonize+0x16d/0x1b0 [obdclass]
00012  ? kthread+0x2cd/0x3a0
00012  ? llog_process_or_fork+0xc90/0xc90 [obdclass]
00012  ? kthread_unuse_mm+0x130/0x130
00012  ? ret_from_fork+0x18c/0x520
00012  ? kthread_unuse_mm+0x130/0x130
00012  ? ret_from_fork_asm+0x11/0x20
00012  </TASK>
00012 ---[ end trace 0000000000000000 ]---
00012 ------------[ cut here ]------------
00012 WARNING: /home/ktest/git/linux/include/linux/fs.h:889 at osd_create+0x9cf/0xcf0 [osd_wbcfs], CPU#3: llog_process_th/1749
00012 Modules linked in: mdd(O) lod(O) mdt(O) lquota(O) lfsck(O) mgs(O) osd_wbcfs(O) lustre(O) obdecho(O) mgc(O) mdc(O) lov(O) osc(O) lmv(O) ec(O) fid(O) fld(O) ptlrpc(O) efivarfs obdclass(O) ksocklnd(O) lnet(O) libcfs(O)
00012 CPU: 3 UID: 0 PID: 1749 Comm: llog_process_th Tainted: G        W  O        7.0.0-ktest-295ad02-6330a45-20260816-dirty #1 PREEMPT 
00012 Tainted: [W]=WARN, [O]=OOT_MODULE
00012 Hardware name: QEMU Standard PC (Q35 + ICH9, 2009), BIOS 2025.11-3ubuntu7 03/31/2026
00012 RIP: 0010:osd_create+0x9cf/0xcf0 [osd_wbcfs]
00012 Code: c7 c7 00 96 7b a1 48 c7 c6 a0 12 7d a1 48 c7 c2 00 1c 7d a1 e8 52 f1 43 ff 48 c7 c7 00 96 7b a1 e8 46 81 44 ff e9 fe fc ff ff <0f> 0b e9 a5 fa ff ff 48 c7 c1 80 44 5d a0 80 e1 07 80 c1 03 38 c1
00012 RSP: 0018:ffffc90001417270 EFLAGS: 00010246
00012 RAX: 0000000000000000 RBX: ffff888132f7f800 RCX: 0000000000000046
00012 RDX: 0000000000000000 RSI: ffff88802dc96d38 RDI: ffff8880299daa58
00012 RBP: ffff88802dc96ca8 R08: ffffffff83a16803 R09: 1ffffffff0742d00
00012 R10: dffffc0000000000 R11: fffffbfff0742d01 R12: ffff8880392a4418
00012 R13: dffffc0000000000 R14: 1ffff110265eff00 R15: 1ffff11007254892
00012 FS:  0000000000000000(0000) GS:ffff8881d4baa000(0000) knlGS:0000000000000000
00012 CS:  0010 DS: 0000 ES: 0000 CR0: 0000000080050033
00012 CR2: 00007f408d7e6194 CR3: 000000011c9fa000 CR4: 0000000000750eb0
00012 PKRU: 55555554
00012 Call Trace:
00012  <TASK>
00012  ? local_object_create+0x109/0x640 [obdclass]
00012  ? dt_write_lock+0x16d/0x2a0 [obdclass]
00012  ? __local_file_create+0xce4/0x1bc0 [obdclass]
00012  ? local_file_find_or_create+0x13c/0x1d0 [obdclass]
00012  ? lquota_disk_dir_find_create+0x31f/0xd10 [lquota]
00012  ? qmt_pool_prepare+0x3ee/0x16f0 [lquota]
00012  ? qmt_device_prepare+0x22a/0x600 [lquota]
00012  ? mdt_quota_init+0x1a65/0x3220 [mdt]
00012  ? mdt_tunables_init+0x3e6/0x530 [mdt]
00012  ? mdt_device_alloc+0x46a6/0x66c0 [mdt]
00012  ? obd_setup+0x25c/0x950 [obdclass]
00012  ? class_setup+0xc7d/0x10e0 [obdclass]
00012  ? class_process_config+0x2edb/0x7cb0 [obdclass]
00012  ? __kasan_kmalloc+0x72/0x80
00012  ? class_config_llog_handler+0x2954/0x4f80 [obdclass]
00012  ? class_config_llog_handler+0x2cea/0x4f80 [obdclass]
00012  ? lustre_cfg_rec_free+0x350/0x350 [obdclass]
00012  ? llog_process_thread+0x1fd2/0x4f70 [obdclass]
00012  ? _raw_spin_unlock+0x23/0x40
00012  ? llog_process_thread_daemonize+0x16d/0x1b0 [obdclass]
00012  ? kthread+0x2cd/0x3a0
00012  ? llog_process_or_fork+0xc90/0xc90 [obdclass]
00012  ? kthread_unuse_mm+0x130/0x130
00012  ? ret_from_fork+0x18c/0x520
00012  ? kthread_unuse_mm+0x130/0x130
00012  ? ret_from_fork_asm+0x11/0x20
00012  </TASK>
00012 ---[ end trace 0000000000000000 ]---
00012 ------------[ cut here ]------------
00012 WARNING: /home/ktest/git/linux/include/linux/fs.h:889 at osd_create+0x9cf/0xcf0 [osd_wbcfs], CPU#3: llog_process_th/1749
00012 Modules linked in: mdd(O) lod(O) mdt(O) lquota(O) lfsck(O) mgs(O) osd_wbcfs(O) lustre(O) obdecho(O) mgc(O) mdc(O) lov(O) osc(O) lmv(O) ec(O) fid(O) fld(O) ptlrpc(O) efivarfs obdclass(O) ksocklnd(O) lnet(O) libcfs(O)
00012 CPU: 3 UID: 0 PID: 1749 Comm: llog_process_th Tainted: G        W  O        7.0.0-ktest-295ad02-6330a45-20260816-dirty #1 PREEMPT 
00012 Tainted: [W]=WARN, [O]=OOT_MODULE
00012 Hardware name: QEMU Standard PC (Q35 + ICH9, 2009), BIOS 2025.11-3ubuntu7 03/31/2026
00012 RIP: 0010:osd_create+0x9cf/0xcf0 [osd_wbcfs]
00012 Code: c7 c7 00 96 7b a1 48 c7 c6 a0 12 7d a1 48 c7 c2 00 1c 7d a1 e8 52 f1 43 ff 48 c7 c7 00 96 7b a1 e8 46 81 44 ff e9 fe fc ff ff <0f> 0b e9 a5 fa ff ff 48 c7 c1 80 44 5d a0 80 e1 07 80 c1 03 38 c1
00012 RSP: 0018:ffffc90001417258 EFLAGS: 00010246
00012 RAX: 0000000000000000 RBX: ffff888104df7400 RCX: 0000000000000046
00012 RDX: ffffffff84c44d40 RSI: ffff88802dc96620 RDI: ffff8880299daa58
00012 RBP: ffff88802dc96590 R08: 0000000000000001 R09: 0000000000000000
00012 R10: dffffc0000000000 R11: ffffed1005b92ca7 R12: ffff8880392a4418
00012 R13: dffffc0000000000 R14: 1ffff110209bee80 R15: 1ffff11007254892
00012 FS:  0000000000000000(0000) GS:ffff8881d4baa000(0000) knlGS:0000000000000000
00012 CS:  0010 DS: 0000 ES: 0000 CR0: 0000000080050033
00012 CR2: 00007f408d7e6194 CR3: 000000011c9fa000 CR4: 0000000000750eb0
00012 PKRU: 55555554
00012 Call Trace:
00012  <TASK>
00012  ? local_object_create+0x109/0x640 [obdclass]
00012  ? dt_write_lock+0x16d/0x2a0 [obdclass]
00012  ? __local_file_create+0xce4/0x1bc0 [obdclass]
00012  ? local_index_find_or_create_with_fid+0x20d/0x3c0 [obdclass]
00012  ? lquota_disk_glb_find_create+0x3e7/0xe50 [lquota]
00012  ? qmt_pool_prepare+0x5af/0x16f0 [lquota]
00012  ? qmt_device_prepare+0x22a/0x600 [lquota]
00012  ? mdt_quota_init+0x1a65/0x3220 [mdt]
00012  ? mdt_tunables_init+0x3e6/0x530 [mdt]
00012  ? mdt_device_alloc+0x46a6/0x66c0 [mdt]
00012  ? obd_setup+0x25c/0x950 [obdclass]
00012  ? class_setup+0xc7d/0x10e0 [obdclass]
00012  ? class_process_config+0x2edb/0x7cb0 [obdclass]
00012  ? __kasan_kmalloc+0x72/0x80
00012  ? class_config_llog_handler+0x2954/0x4f80 [obdclass]
00012  ? class_config_llog_handler+0x2cea/0x4f80 [obdclass]
00012  ? lustre_cfg_rec_free+0x350/0x350 [obdclass]
00012  ? llog_process_thread+0x1fd2/0x4f70 [obdclass]
00012  ? _raw_spin_unlock+0x23/0x40
00012  ? llog_process_thread_daemonize+0x16d/0x1b0 [obdclass]
00012  ? kthread+0x2cd/0x3a0
00012  ? llog_process_or_fork+0xc90/0xc90 [obdclass]
00012  ? kthread_unuse_mm+0x130/0x130
00012  ? ret_from_fork+0x18c/0x520
00012  ? kthread_unuse_mm+0x130/0x130
00012  ? ret_from_fork_asm+0x11/0x20
00012  </TASK>
00012 ---[ end trace 0000000000000000 ]---
00012 ------------[ cut here ]------------
00012 WARNING: /home/ktest/git/linux/include/linux/fs.h:889 at osd_create+0x9cf/0xcf0 [osd_wbcfs], CPU#3: llog_process_th/1749
00012 Modules linked in: mdd(O) lod(O) mdt(O) lquota(O) lfsck(O) mgs(O) osd_wbcfs(O) lustre(O) obdecho(O) mgc(O) mdc(O) lov(O) osc(O) lmv(O) ec(O) fid(O) fld(O) ptlrpc(O) efivarfs obdclass(O) ksocklnd(O) lnet(O) libcfs(O)
00012 CPU: 3 UID: 0 PID: 1749 Comm: llog_process_th Tainted: G        W  O        7.0.0-ktest-295ad02-6330a45-20260816-dirty #1 PREEMPT 
00012 Tainted: [W]=WARN, [O]=OOT_MODULE
00012 Hardware name: QEMU Standard PC (Q35 + ICH9, 2009), BIOS 2025.11-3ubuntu7 03/31/2026
00012 RIP: 0010:osd_create+0x9cf/0xcf0 [osd_wbcfs]
00012 Code: c7 c7 00 96 7b a1 48 c7 c6 a0 12 7d a1 48 c7 c2 00 1c 7d a1 e8 52 f1 43 ff 48 c7 c7 00 96 7b a1 e8 46 81 44 ff e9 fe fc ff ff <0f> 0b e9 a5 fa ff ff 48 c7 c1 80 44 5d a0 80 e1 07 80 c1 03 38 c1
00012 RSP: 0018:ffffc90001417258 EFLAGS: 00010246
00012 RAX: 0000000000000000 RBX: ffff8881197b7c00 RCX: 0000000000000046
00012 RDX: ffffffff84c44d40 RSI: ffff88802dc95f08 RDI: ffff8880299daa58
00012 RBP: ffff88802dc95e78 R08: 0000000000000001 R09: 0000000000000000
00012 R10: dffffc0000000000 R11: ffffed1005b92bc4 R12: ffff8880392a4418
00012 R13: dffffc0000000000 R14: 1ffff110232f6f80 R15: 1ffff11007254892
00012 FS:  0000000000000000(0000) GS:ffff8881d4baa000(0000) knlGS:0000000000000000
00012 CS:  0010 DS: 0000 ES: 0000 CR0: 0000000080050033
00012 CR2: 00007f408d7e6194 CR3: 000000011c9fa000 CR4: 0000000000750eb0
00012 PKRU: 55555554
00012 Call Trace:
00012  <TASK>
00012  ? local_object_create+0x109/0x640 [obdclass]
00012  ? dt_write_lock+0x16d/0x2a0 [obdclass]
00012  ? __local_file_create+0xce4/0x1bc0 [obdclass]
00012  ? local_index_find_or_create_with_fid+0x20d/0x3c0 [obdclass]
00012  ? lquota_disk_glb_find_create+0x3e7/0xe50 [lquota]
00012  ? lprocfs_seq_create+0x120/0x340 [obdclass]
00012  ? qmt_pool_prepare+0x5af/0x16f0 [lquota]
00012  ? qmt_device_prepare+0x22a/0x600 [lquota]
00012  ? mdt_quota_init+0x1a65/0x3220 [mdt]
00012  ? mdt_tunables_init+0x3e6/0x530 [mdt]
00012  ? mdt_device_alloc+0x46a6/0x66c0 [mdt]
00012  ? obd_setup+0x25c/0x950 [obdclass]
00012  ? class_setup+0xc7d/0x10e0 [obdclass]
00012  ? class_process_config+0x2edb/0x7cb0 [obdclass]
00012  ? __kasan_kmalloc+0x72/0x80
00012  ? class_config_llog_handler+0x2954/0x4f80 [obdclass]
00012  ? class_config_llog_handler+0x2cea/0x4f80 [obdclass]
00012  ? lustre_cfg_rec_free+0x350/0x350 [obdclass]
00012  ? llog_process_thread+0x1fd2/0x4f70 [obdclass]
00012  ? _raw_spin_unlock+0x23/0x40
00012  ? llog_process_thread_daemonize+0x16d/0x1b0 [obdclass]
00012  ? kthread+0x2cd/0x3a0
00012  ? llog_process_or_fork+0xc90/0xc90 [obdclass]
00012  ? kthread_unuse_mm+0x130/0x130
00012  ? ret_from_fork+0x18c/0x520
00012  ? kthread_unuse_mm+0x130/0x130
00012  ? ret_from_fork_asm+0x11/0x20
00012  </TASK>
00012 ---[ end trace 0000000000000000 ]---
00012 ------------[ cut here ]------------
00012 WARNING: /home/ktest/git/linux/include/linux/fs.h:889 at osd_create+0x9cf/0xcf0 [osd_wbcfs], CPU#3: llog_process_th/1749
00012 Modules linked in: mdd(O) lod(O) mdt(O) lquota(O) lfsck(O) mgs(O) osd_wbcfs(O) lustre(O) obdecho(O) mgc(O) mdc(O) lov(O) osc(O) lmv(O) ec(O) fid(O) fld(O) ptlrpc(O) efivarfs obdclass(O) ksocklnd(O) lnet(O) libcfs(O)
00012 CPU: 3 UID: 0 PID: 1749 Comm: llog_process_th Tainted: G        W  O        7.0.0-ktest-295ad02-6330a45-20260816-dirty #1 PREEMPT 
00012 Tainted: [W]=WARN, [O]=OOT_MODULE
00012 Hardware name: QEMU Standard PC (Q35 + ICH9, 2009), BIOS 2025.11-3ubuntu7 03/31/2026
00012 RIP: 0010:osd_create+0x9cf/0xcf0 [osd_wbcfs]
00012 Code: c7 c7 00 96 7b a1 48 c7 c6 a0 12 7d a1 48 c7 c2 00 1c 7d a1 e8 52 f1 43 ff 48 c7 c7 00 96 7b a1 e8 46 81 44 ff e9 fe fc ff ff <0f> 0b e9 a5 fa ff ff 48 c7 c1 80 44 5d a0 80 e1 07 80 c1 03 38 c1
00012 RSP: 0018:ffffc90001417258 EFLAGS: 00010246
00012 RAX: 0000000000000000 RBX: ffff88811bd63400 RCX: 0000000000000046
00012 RDX: ffffffff84c44d40 RSI: ffff88802dc957f0 RDI: ffff8880299daa58
00012 RBP: ffff88802dc95760 R08: 0000000000000001 R09: 0000000000000000
00012 R10: dffffc0000000000 R11: ffffed1005b92ae1 R12: ffff8880392a4418
00012 R13: dffffc0000000000 R14: 1ffff110237ac680 R15: 1ffff11007254892
00012 FS:  0000000000000000(0000) GS:ffff8881d4baa000(0000) knlGS:0000000000000000
00012 CS:  0010 DS: 0000 ES: 0000 CR0: 0000000080050033
00012 CR2: 00007f408d7e6194 CR3: 000000011c9fa000 CR4: 0000000000750eb0
00012 PKRU: 55555554
00012 Call Trace:
00012  <TASK>
00012  ? local_object_create+0x109/0x640 [obdclass]
00012  ? dt_write_lock+0x16d/0x2a0 [obdclass]
00012  ? __local_file_create+0xce4/0x1bc0 [obdclass]
00012  ? local_index_find_or_create_with_fid+0x20d/0x3c0 [obdclass]
00012  ? lquota_disk_glb_find_create+0x3e7/0xe50 [lquota]
00012  ? lprocfs_seq_create+0x120/0x340 [obdclass]
00012  ? qmt_pool_prepare+0x5af/0x16f0 [lquota]
00012  ? qmt_device_prepare+0x22a/0x600 [lquota]
00012  ? mdt_quota_init+0x1a65/0x3220 [mdt]
00012  ? mdt_tunables_init+0x3e6/0x530 [mdt]
00012  ? mdt_device_alloc+0x46a6/0x66c0 [mdt]
00012  ? obd_setup+0x25c/0x950 [obdclass]
00012  ? class_setup+0xc7d/0x10e0 [obdclass]
00012  ? class_process_config+0x2edb/0x7cb0 [obdclass]
00012  ? __kasan_kmalloc+0x72/0x80
00012  ? class_config_llog_handler+0x2954/0x4f80 [obdclass]
00012  ? class_config_llog_handler+0x2cea/0x4f80 [obdclass]
00012  ? lustre_cfg_rec_free+0x350/0x350 [obdclass]
00012  ? llog_process_thread+0x1fd2/0x4f70 [obdclass]
00012  ? _raw_spin_unlock+0x23/0x40
00012  ? llog_process_thread_daemonize+0x16d/0x1b0 [obdclass]
00012  ? kthread+0x2cd/0x3a0
00012  ? llog_process_or_fork+0xc90/0xc90 [obdclass]
00012  ? kthread_unuse_mm+0x130/0x130
00012  ? ret_from_fork+0x18c/0x520
00012  ? kthread_unuse_mm+0x130/0x130
00012  ? ret_from_fork_asm+0x11/0x20
00012  </TASK>
00012 ---[ end trace 0000000000000000 ]---
00012 ------------[ cut here ]------------
00012 WARNING: /home/ktest/git/linux/include/linux/fs.h:889 at osd_create+0x9cf/0xcf0 [osd_wbcfs], CPU#3: llog_process_th/1749
00012 Modules linked in: mdd(O) lod(O) mdt(O) lquota(O) lfsck(O) mgs(O) osd_wbcfs(O) lustre(O) obdecho(O) mgc(O) mdc(O) lov(O) osc(O) lmv(O) ec(O) fid(O) fld(O) ptlrpc(O) efivarfs obdclass(O) ksocklnd(O) lnet(O) libcfs(O)
00012 CPU: 3 UID: 0 PID: 1749 Comm: llog_process_th Tainted: G        W  O        7.0.0-ktest-295ad02-6330a45-20260816-dirty #1 PREEMPT 
00012 Tainted: [W]=WARN, [O]=OOT_MODULE
00012 Hardware name: QEMU Standard PC (Q35 + ICH9, 2009), BIOS 2025.11-3ubuntu7 03/31/2026
00012 RIP: 0010:osd_create+0x9cf/0xcf0 [osd_wbcfs]
00012 Code: c7 c7 00 96 7b a1 48 c7 c6 a0 12 7d a1 48 c7 c2 00 1c 7d a1 e8 52 f1 43 ff 48 c7 c7 00 96 7b a1 e8 46 81 44 ff e9 fe fc ff ff <0f> 0b e9 a5 fa ff ff 48 c7 c1 80 44 5d a0 80 e1 07 80 c1 03 38 c1
00012 RSP: 0018:ffffc90001417270 EFLAGS: 00010246
00012 RAX: 0000000000000000 RBX: ffff88811a793800 RCX: 0000000000000046
00012 RDX: 0000000000000000 RSI: ffff88803265fb68 RDI: ffff8880299daa58
00012 RBP: ffff88803265fad8 R08: ffffffff83a16803 R09: 1ffffffff0742d00
00012 R10: dffffc0000000000 R11: fffffbfff0742d01 R12: ffff8880392a4418
00012 R13: dffffc0000000000 R14: 1ffff110234f2700 R15: 1ffff11007254892
00012 FS:  0000000000000000(0000) GS:ffff8881d4baa000(0000) knlGS:0000000000000000
00012 CS:  0010 DS: 0000 ES: 0000 CR0: 0000000080050033
00012 CR2: 00007f408d7e6194 CR3: 000000011c9fa000 CR4: 0000000000750eb0
00012 PKRU: 55555554
00012 Call Trace:
00012  <TASK>
00012  ? local_object_create+0x109/0x640 [obdclass]
00012  ? dt_write_lock+0x16d/0x2a0 [obdclass]
00012  ? __local_file_create+0xce4/0x1bc0 [obdclass]
00012  ? local_file_find_or_create+0x13c/0x1d0 [obdclass]
00012  ? lquota_disk_dir_find_create+0x31f/0xd10 [lquota]
00012  ? qmt_pool_prepare+0x3ee/0x16f0 [lquota]
00012  ? qmt_device_prepare+0x22a/0x600 [lquota]
00012  ? mdt_quota_init+0x1a65/0x3220 [mdt]
00012  ? mdt_tunables_init+0x3e6/0x530 [mdt]
00012  ? mdt_device_alloc+0x46a6/0x66c0 [mdt]
00012  ? obd_setup+0x25c/0x950 [obdclass]
00012  ? class_setup+0xc7d/0x10e0 [obdclass]
00012  ? class_process_config+0x2edb/0x7cb0 [obdclass]
00012  ? __kasan_kmalloc+0x72/0x80
00012  ? class_config_llog_handler+0x2954/0x4f80 [obdclass]
00012  ? class_config_llog_handler+0x2cea/0x4f80 [obdclass]
00012  ? lustre_cfg_rec_free+0x350/0x350 [obdclass]
00012  ? llog_process_thread+0x1fd2/0x4f70 [obdclass]
00012  ? _raw_spin_unlock+0x23/0x40
00012  ? llog_process_thread_daemonize+0x16d/0x1b0 [obdclass]
00012  ? kthread+0x2cd/0x3a0
00012  ? llog_process_or_fork+0xc90/0xc90 [obdclass]
00012  ? kthread_unuse_mm+0x130/0x130
00012  ? ret_from_fork+0x18c/0x520
00012  ? kthread_unuse_mm+0x130/0x130
00012  ? ret_from_fork_asm+0x11/0x20
00012  </TASK>
00012 ---[ end trace 0000000000000000 ]---
00012 ------------[ cut here ]------------
00012 WARNING: /home/ktest/git/linux/include/linux/fs.h:889 at osd_create+0x9cf/0xcf0 [osd_wbcfs], CPU#3: llog_process_th/1749
00012 Modules linked in: mdd(O) lod(O) mdt(O) lquota(O) lfsck(O) mgs(O) osd_wbcfs(O) lustre(O) obdecho(O) mgc(O) mdc(O) lov(O) osc(O) lmv(O) ec(O) fid(O) fld(O) ptlrpc(O) efivarfs obdclass(O) ksocklnd(O) lnet(O) libcfs(O)
00012 CPU: 3 UID: 0 PID: 1749 Comm: llog_process_th Tainted: G        W  O        7.0.0-ktest-295ad02-6330a45-20260816-dirty #1 PREEMPT 
00012 Tainted: [W]=WARN, [O]=OOT_MODULE
00012 Hardware name: QEMU Standard PC (Q35 + ICH9, 2009), BIOS 2025.11-3ubuntu7 03/31/2026
00012 RIP: 0010:osd_create+0x9cf/0xcf0 [osd_wbcfs]
00012 Code: c7 c7 00 96 7b a1 48 c7 c6 a0 12 7d a1 48 c7 c2 00 1c 7d a1 e8 52 f1 43 ff 48 c7 c7 00 96 7b a1 e8 46 81 44 ff e9 fe fc ff ff <0f> 0b e9 a5 fa ff ff 48 c7 c1 80 44 5d a0 80 e1 07 80 c1 03 38 c1
00012 RSP: 0018:ffffc90001417258 EFLAGS: 00010246
00012 RAX: 0000000000000000 RBX: ffff88811a792c00 RCX: 0000000000000046
00012 RDX: ffffffff84c44d40 RSI: ffff88803265f450 RDI: ffff8880299daa58
00012 RBP: ffff88803265f3c0 R08: 0000000000000001 R09: 0000000000000000
00012 R10: dffffc0000000000 R11: ffffed10064cbe6d R12: ffff8880392a4418
00012 R13: dffffc0000000000 R14: 1ffff110234f2580 R15: 1ffff11007254892
00012 FS:  0000000000000000(0000) GS:ffff8881d4baa000(0000) knlGS:0000000000000000
00012 CS:  0010 DS: 0000 ES: 0000 CR0: 0000000080050033
00012 CR2: 00007f408d7e6194 CR3: 000000011c9fa000 CR4: 0000000000750eb0
00012 PKRU: 55555554
00012 Call Trace:
00012  <TASK>
00012  ? local_object_create+0x109/0x640 [obdclass]
00012  ? dt_write_lock+0x16d/0x2a0 [obdclass]
00012  ? __local_file_create+0xce4/0x1bc0 [obdclass]
00012  ? local_index_find_or_create_with_fid+0x20d/0x3c0 [obdclass]
00012  ? lquota_disk_glb_find_create+0x3e7/0xe50 [lquota]
00012  ? qmt_pool_prepare+0x5af/0x16f0 [lquota]
00012  ? qmt_device_prepare+0x22a/0x600 [lquota]
00012  ? mdt_quota_init+0x1a65/0x3220 [mdt]
00012  ? mdt_tunables_init+0x3e6/0x530 [mdt]
00012  ? mdt_device_alloc+0x46a6/0x66c0 [mdt]
00012  ? obd_setup+0x25c/0x950 [obdclass]
00012  ? class_setup+0xc7d/0x10e0 [obdclass]
00012  ? class_process_config+0x2edb/0x7cb0 [obdclass]
00012  ? __kasan_kmalloc+0x72/0x80
00012  ? class_config_llog_handler+0x2954/0x4f80 [obdclass]
00012  ? class_config_llog_handler+0x2cea/0x4f80 [obdclass]
00012  ? lustre_cfg_rec_free+0x350/0x350 [obdclass]
00012  ? llog_process_thread+0x1fd2/0x4f70 [obdclass]
00012  ? _raw_spin_unlock+0x23/0x40
00012  ? llog_process_thread_daemonize+0x16d/0x1b0 [obdclass]
00012  ? kthread+0x2cd/0x3a0
00012  ? llog_process_or_fork+0xc90/0xc90 [obdclass]
00012  ? kthread_unuse_mm+0x130/0x130
00012  ? ret_from_fork+0x18c/0x520
00012  ? kthread_unuse_mm+0x130/0x130
00012  ? ret_from_fork_asm+0x11/0x20
00012  </TASK>
00012 ---[ end trace 0000000000000000 ]---
00012 ------------[ cut here ]------------
00012 WARNING: /home/ktest/git/linux/include/linux/fs.h:889 at osd_create+0x9cf/0xcf0 [osd_wbcfs], CPU#3: llog_process_th/1749
00012 Modules linked in: mdd(O) lod(O) mdt(O) lquota(O) lfsck(O) mgs(O) osd_wbcfs(O) lustre(O) obdecho(O) mgc(O) mdc(O) lov(O) osc(O) lmv(O) ec(O) fid(O) fld(O) ptlrpc(O) efivarfs obdclass(O) ksocklnd(O) lnet(O) libcfs(O)
00012 CPU: 3 UID: 0 PID: 1749 Comm: llog_process_th Tainted: G        W  O        7.0.0-ktest-295ad02-6330a45-20260816-dirty #1 PREEMPT 
00012 Tainted: [W]=WARN, [O]=OOT_MODULE
00012 Hardware name: QEMU Standard PC (Q35 + ICH9, 2009), BIOS 2025.11-3ubuntu7 03/31/2026
00012 RIP: 0010:osd_create+0x9cf/0xcf0 [osd_wbcfs]
00012 Code: c7 c7 00 96 7b a1 48 c7 c6 a0 12 7d a1 48 c7 c2 00 1c 7d a1 e8 52 f1 43 ff 48 c7 c7 00 96 7b a1 e8 46 81 44 ff e9 fe fc ff ff <0f> 0b e9 a5 fa ff ff 48 c7 c1 80 44 5d a0 80 e1 07 80 c1 03 38 c1
00012 RSP: 0018:ffffc90001417258 EFLAGS: 00010246
00012 RAX: 0000000000000000 RBX: ffff88811bdd3800 RCX: 0000000000000046
00012 RDX: ffffffff84c44d40 RSI: ffff88803265ed38 RDI: ffff8880299daa58
00012 RBP: ffff88803265eca8 R08: 0000000000000001 R09: 0000000000000000
00012 R10: dffffc0000000000 R11: ffffed10064cbd8a R12: ffff8880392a4418
00012 R13: dffffc0000000000 R14: 1ffff110237ba700 R15: 1ffff11007254892
00012 FS:  0000000000000000(0000) GS:ffff8881d4baa000(0000) knlGS:0000000000000000
00012 CS:  0010 DS: 0000 ES: 0000 CR0: 0000000080050033
00012 CR2: 00007f408d7e6194 CR3: 000000011c9fa000 CR4: 0000000000750eb0
00012 PKRU: 55555554
00012 Call Trace:
00012  <TASK>
00012  ? local_object_create+0x109/0x640 [obdclass]
00012  ? dt_write_lock+0x16d/0x2a0 [obdclass]
00012  ? __local_file_create+0xce4/0x1bc0 [obdclass]
00012  ? local_index_find_or_create_with_fid+0x20d/0x3c0 [obdclass]
00012  ? lquota_disk_glb_find_create+0x3e7/0xe50 [lquota]
00012  ? lprocfs_seq_create+0x120/0x340 [obdclass]
00012  ? qmt_pool_prepare+0x5af/0x16f0 [lquota]
00012  ? qmt_device_prepare+0x22a/0x600 [lquota]
00012  ? mdt_quota_init+0x1a65/0x3220 [mdt]
00012  ? mdt_tunables_init+0x3e6/0x530 [mdt]
00012  ? mdt_device_alloc+0x46a6/0x66c0 [mdt]
00012  ? obd_setup+0x25c/0x950 [obdclass]
00012  ? class_setup+0xc7d/0x10e0 [obdclass]
00012  ? class_process_config+0x2edb/0x7cb0 [obdclass]
00012  ? __kasan_kmalloc+0x72/0x80
00012  ? class_config_llog_handler+0x2954/0x4f80 [obdclass]
00012  ? class_config_llog_handler+0x2cea/0x4f80 [obdclass]
00012  ? lustre_cfg_rec_free+0x350/0x350 [obdclass]
00012  ? llog_process_thread+0x1fd2/0x4f70 [obdclass]
00012  ? _raw_spin_unlock+0x23/0x40
00012  ? llog_process_thread_daemonize+0x16d/0x1b0 [obdclass]
00012  ? kthread+0x2cd/0x3a0
00012  ? llog_process_or_fork+0xc90/0xc90 [obdclass]
00012  ? kthread_unuse_mm+0x130/0x130
00012  ? ret_from_fork+0x18c/0x520
00012  ? kthread_unuse_mm+0x130/0x130
00012  ? ret_from_fork_asm+0x11/0x20
00012  </TASK>
00012 ---[ end trace 0000000000000000 ]---
00012 ------------[ cut here ]------------
00012 WARNING: /home/ktest/git/linux/include/linux/fs.h:889 at osd_create+0x9cf/0xcf0 [osd_wbcfs], CPU#3: llog_process_th/1749
00012 Modules linked in: mdd(O) lod(O) mdt(O) lquota(O) lfsck(O) mgs(O) osd_wbcfs(O) lustre(O) obdecho(O) mgc(O) mdc(O) lov(O) osc(O) lmv(O) ec(O) fid(O) fld(O) ptlrpc(O) efivarfs obdclass(O) ksocklnd(O) lnet(O) libcfs(O)
00012 CPU: 3 UID: 0 PID: 1749 Comm: llog_process_th Tainted: G        W  O        7.0.0-ktest-295ad02-6330a45-20260816-dirty #1 PREEMPT 
00012 Tainted: [W]=WARN, [O]=OOT_MODULE
00012 Hardware name: QEMU Standard PC (Q35 + ICH9, 2009), BIOS 2025.11-3ubuntu7 03/31/2026
00012 RIP: 0010:osd_create+0x9cf/0xcf0 [osd_wbcfs]
00012 Code: c7 c7 00 96 7b a1 48 c7 c6 a0 12 7d a1 48 c7 c2 00 1c 7d a1 e8 52 f1 43 ff 48 c7 c7 00 96 7b a1 e8 46 81 44 ff e9 fe fc ff ff <0f> 0b e9 a5 fa ff ff 48 c7 c1 80 44 5d a0 80 e1 07 80 c1 03 38 c1
00012 RSP: 0018:ffffc90001417258 EFLAGS: 00010246
00012 RAX: 0000000000000000 RBX: ffff888117c59c00 RCX: 0000000000000046
00012 RDX: ffffffff84c44d40 RSI: ffff88803265e620 RDI: ffff8880299daa58
00012 RBP: ffff88803265e590 R08: 0000000000000001 R09: 0000000000000000
00012 R10: dffffc0000000000 R11: ffffed10064cbca7 R12: ffff8880392a4418
00012 R13: dffffc0000000000 R14: 1ffff11022f8b380 R15: 1ffff11007254892
00012 FS:  0000000000000000(0000) GS:ffff8881d4baa000(0000) knlGS:0000000000000000
00012 CS:  0010 DS: 0000 ES: 0000 CR0: 0000000080050033
00012 CR2: 00007f408d7e6194 CR3: 000000011c9fa000 CR4: 0000000000750eb0
00012 PKRU: 55555554
00012 Call Trace:
00012  <TASK>
00012  ? local_object_create+0x109/0x640 [obdclass]
00012  ? dt_write_lock+0x16d/0x2a0 [obdclass]
00012  ? __local_file_create+0xce4/0x1bc0 [obdclass]
00012  ? local_index_find_or_create_with_fid+0x20d/0x3c0 [obdclass]
00012  ? lquota_disk_glb_find_create+0x3e7/0xe50 [lquota]
00012  ? lprocfs_seq_create+0x120/0x340 [obdclass]
00012  ? qmt_pool_prepare+0x5af/0x16f0 [lquota]
00012  ? qmt_device_prepare+0x22a/0x600 [lquota]
00012  ? mdt_quota_init+0x1a65/0x3220 [mdt]
00012  ? mdt_tunables_init+0x3e6/0x530 [mdt]
00012  ? mdt_device_alloc+0x46a6/0x66c0 [mdt]
00012  ? obd_setup+0x25c/0x950 [obdclass]
00012  ? class_setup+0xc7d/0x10e0 [obdclass]
00012  ? class_process_config+0x2edb/0x7cb0 [obdclass]
00012  ? __kasan_kmalloc+0x72/0x80
00012  ? class_config_llog_handler+0x2954/0x4f80 [obdclass]
00012  ? class_config_llog_handler+0x2cea/0x4f80 [obdclass]
00012  ? lustre_cfg_rec_free+0x350/0x350 [obdclass]
00012  ? llog_process_thread+0x1fd2/0x4f70 [obdclass]
00012  ? _raw_spin_unlock+0x23/0x40
00012  ? llog_process_thread_daemonize+0x16d/0x1b0 [obdclass]
00012  ? kthread+0x2cd/0x3a0
00012  ? llog_process_or_fork+0xc90/0xc90 [obdclass]
00012  ? kthread_unuse_mm+0x130/0x130
00012  ? ret_from_fork+0x18c/0x520
00012  ? kthread_unuse_mm+0x130/0x130
00012  ? ret_from_fork_asm+0x11/0x20
00012  </TASK>
00012 ---[ end trace 0000000000000000 ]---
00012 ------------[ cut here ]------------
00012 WARNING: /home/ktest/git/linux/include/linux/fs.h:889 at osd_create+0x9cf/0xcf0 [osd_wbcfs], CPU#3: ll_mgs_0000/1724
00012 Modules linked in: osp(O) mdd(O) lod(O) mdt(O) lquota(O) lfsck(O) mgs(O) osd_wbcfs(O) lustre(O) obdecho(O) mgc(O) mdc(O) lov(O) osc(O) lmv(O) ec(O) fid(O) fld(O) ptlrpc(O) efivarfs obdclass(O) ksocklnd(O) lnet(O) libcfs(O)
00012 CPU: 3 UID: 0 PID: 1724 Comm: ll_mgs_0000 Tainted: G        W  O        7.0.0-ktest-295ad02-6330a45-20260816-dirty #1 PREEMPT 
00012 Tainted: [W]=WARN, [O]=OOT_MODULE
00012 Hardware name: QEMU Standard PC (Q35 + ICH9, 2009), BIOS 2025.11-3ubuntu7 03/31/2026
00012 RIP: 0010:osd_create+0x9cf/0xcf0 [osd_wbcfs]
00012 Code: c7 c7 00 96 7b a1 48 c7 c6 a0 12 7d a1 48 c7 c2 00 1c 7d a1 e8 52 f1 43 ff 48 c7 c7 00 96 7b a1 e8 46 81 44 ff e9 fe fc ff ff <0f> 0b e9 a5 fa ff ff 48 c7 c1 80 44 5d a0 80 e1 07 80 c1 03 38 c1
00012 RSP: 0018:ffffc900012b7700 EFLAGS: 00010246
00012 RAX: 0000000000000000 RBX: ffff888132f96000 RCX: 0000000000000046
00012 RDX: 0000000000000000 RSI: ffff88803265df08 RDI: ffff888119ceaaa8
00012 RBP: ffff88803265de78 R08: ffffffff83a16803 R09: 1ffffffff0742d00
00012 R10: dffffc0000000000 R11: fffffbfff0742d01 R12: ffff8881045c7418
00012 R13: dffffc0000000000 R14: 1ffff110265f2c00 R15: 1ffff110208b8e92
00012 FS:  0000000000000000(0000) GS:ffff8881d4baa000(0000) knlGS:0000000000000000
00012 CS:  0010 DS: 0000 ES: 0000 CR0: 0000000080050033
00012 CR2: 00007f408d7e6194 CR3: 000000011c9fa000 CR4: 0000000000750eb0
00012 PKRU: 55555554
00012 Call Trace:
00012  <TASK>
00012  ? local_object_create+0x109/0x640 [obdclass]
00012  ? dt_write_lock+0x16d/0x2a0 [obdclass]
00012  ? __local_file_create+0xce4/0x1bc0 [obdclass]
00012  ? local_file_find_or_create+0x13c/0x1d0 [obdclass]
00012  ? mgs_ir_update+0x1ce1/0x3850 [mgs]
00012  ? mgs_target_reg+0xd98/0x4480 [mgs]
00012  ? tgt_request_handle+0x23ad/0x3d30 [ptlrpc]
00012  ? ptlrpc_main+0x6359/0x96f0 [ptlrpc]
00012  ? __kthread_parkme+0x73/0x130
00012  ? kthread+0x2cd/0x3a0
00012  ? ptlrpc_start_thread+0x1f10/0x1f10 [ptlrpc]
00012  ? kthread_unuse_mm+0x130/0x130
00012  ? ret_from_fork+0x18c/0x520
00012  ? kthread_unuse_mm+0x130/0x130
00012  ? ret_from_fork_asm+0x11/0x20
00012  </TASK>
00012 ---[ end trace 0000000000000000 ]---
00012 Lustre: lustre-MDT0000: Imperative Recovery not enabled, recovery window 300-900
00012 Lustre: ctl-lustre-MDT0000: super-sequence allocation rc = 0 [0x0000000200000400-0x0000000240000400]:0:mdt
00012 ------------[ cut here ]------------
00012 WARNING: /home/ktest/git/linux/include/linux/fs.h:889 at osd_create+0x9cf/0xcf0 [osd_wbcfs], CPU#3: lod0000_rec0000/1759
00012 Modules linked in: osp(O) mdd(O) lod(O) mdt(O) lquota(O) lfsck(O) mgs(O) osd_wbcfs(O) lustre(O) obdecho(O) mgc(O) mdc(O) lov(O) osc(O) lmv(O) ec(O) fid(O) fld(O) ptlrpc(O) efivarfs obdclass(O) ksocklnd(O) lnet(O) libcfs(O)
00012 CPU: 3 UID: 0 PID: 1759 Comm: lod0000_rec0000 Tainted: G        W  O        7.0.0-ktest-295ad02-6330a45-20260816-dirty #1 PREEMPT 
00012 Tainted: [W]=WARN, [O]=OOT_MODULE
00012 Hardware name: QEMU Standard PC (Q35 + ICH9, 2009), BIOS 2025.11-3ubuntu7 03/31/2026
00012 RIP: 0010:osd_create+0x9cf/0xcf0 [osd_wbcfs]
00012 Code: c7 c7 00 96 7b a1 48 c7 c6 a0 12 7d a1 48 c7 c2 00 1c 7d a1 e8 52 f1 43 ff 48 c7 c7 00 96 7b a1 e8 46 81 44 ff e9 fe fc ff ff <0f> 0b e9 a5 fa ff ff 48 c7 c1 80 44 5d a0 80 e1 07 80 c1 03 38 c1
00012 RSP: 0018:ffffc90000c8fb50 EFLAGS: 00010246
00012 RAX: 0000000000000000 RBX: ffff88813674e400 RCX: 0000000000000046
00012 RDX: 0000000000000000 RSI: ffff88803265d7f0 RDI: ffff888030bd8998
00012 RBP: ffff88803265d760 R08: ffffffff83a16803 R09: 1ffffffff0742d00
00012 R10: dffffc0000000000 R11: fffffbfff0742d01 R12: ffff888119829000
00012 R13: dffffc0000000000 R14: 1ffff11026ce9c80 R15: 1ffff1102330520f
00012 FS:  0000000000000000(0000) GS:ffff8881d4baa000(0000) knlGS:0000000000000000
00012 CS:  0010 DS: 0000 ES: 0000 CR0: 0000000080050033
00012 CR2: 00007f408d7e6194 CR3: 000000011c9fa000 CR4: 0000000000750eb0
00012 PKRU: 55555554
00012 Call Trace:
00012  <TASK>
00012  ? llog_osd_create+0x605/0x10d0 [obdclass]
00012  ? llog_create+0x2ed/0x530 [obdclass]
00012  ? llog_open_create+0x6e7/0xb30 [obdclass]
00012  ? lod_sub_prep_llog+0xdfd/0x1b40 [lod]
00012  ? lod_sub_recovery_thread+0x316/0x18d0 [lod]
00012  ? __kthread_parkme+0x73/0x130
00012  ? kthread+0x2cd/0x3a0
00012  ? lod_sub_init_llog+0x1180/0x1180 [lod]
00012  ? kthread_unuse_mm+0x130/0x130
00012  ? ret_from_fork+0x18c/0x520
00012  ? kthread_unuse_mm+0x130/0x130
00012  ? ret_from_fork_asm+0x11/0x20
00012  </TASK>
00012 ---[ end trace 0000000000000000 ]---
00012 ------------[ cut here ]------------
00012 WARNING: /home/ktest/git/linux/include/linux/fs.h:889 at osd_create+0x9cf/0xcf0 [osd_wbcfs], CPU#1: ll_mgs_0000/1724
00012 Modules linked in: osp(O) mdd(O) lod(O) mdt(O) lquota(O) lfsck(O) mgs(O) osd_wbcfs(O) lustre(O) obdecho(O) mgc(O) mdc(O) lov(O) osc(O) lmv(O) ec(O) fid(O) fld(O) ptlrpc(O) efivarfs obdclass(O) ksocklnd(O) lnet(O) libcfs(O)
00012 CPU: 1 UID: 0 PID: 1724 Comm: ll_mgs_0000 Tainted: G        W  O        7.0.0-ktest-295ad02-6330a45-20260816-dirty #1 PREEMPT 
00012 Tainted: [W]=WARN, [O]=OOT_MODULE
00012 Hardware name: QEMU Standard PC (Q35 + ICH9, 2009), BIOS 2025.11-3ubuntu7 03/31/2026
00012 RIP: 0010:osd_create+0x9cf/0xcf0 [osd_wbcfs]
00012 Code: c7 c7 00 96 7b a1 48 c7 c6 a0 12 7d a1 48 c7 c2 00 1c 7d a1 e8 52 f1 43 ff 48 c7 c7 00 96 7b a1 e8 46 81 44 ff e9 fe fc ff ff <0f> 0b e9 a5 fa ff ff 48 c7 c1 80 44 5d a0 80 e1 07 80 c1 03 38 c1
00012 RSP: 0018:ffffc900012b7688 EFLAGS: 00010246
00012 RAX: 0000000000000000 RBX: ffff88811b000400 RCX: 0000000000000046
00012 RDX: 0000000000000000 RSI: ffff88802dc91818 RDI: ffff888119ceaaa8
00012 RBP: ffff88802dc91788 R08: ffffffff83a16803 R09: 1ffffffff0742d00
00012 R10: dffffc0000000000 R11: fffffbfff0742d01 R12: ffff888133b1a000
00012 R13: dffffc0000000000 R14: 1ffff11023600080 R15: 1ffff1102676340f
00012 FS:  0000000000000000(0000) GS:ffff8881d4aaa000(0000) knlGS:0000000000000000
00012 CS:  0010 DS: 0000 ES: 0000 CR0: 0000000080050033
00012 CR2: 0000557f2471ffc0 CR3: 000000011c9fa000 CR4: 0000000000750eb0
00012 PKRU: 55555554
00012 Call Trace:
00012  <TASK>
00012  ? local_object_create+0x109/0x640 [obdclass]
00012  ? dt_write_lock+0x16d/0x2a0 [obdclass]
00012  ? llog_osd_create+0x356/0x10d0 [obdclass]
00012  ? llog_create+0x2ed/0x530 [obdclass]
00012  ? llog_open_create+0x6e7/0xb30 [obdclass]
00012  ? record_start_log+0x348/0xa40 [mgs]
00012  ? mgs_write_log_lov+0x3ac/0xde0 [mgs]
00012  ? mgs_write_log_target+0x17a4/0x6ab0 [mgs]
00012  ? mgs_target_reg+0x254e/0x4480 [mgs]
00012  ? tgt_request_handle+0x23ad/0x3d30 [ptlrpc]
00012  ? ptlrpc_main+0x6359/0x96f0 [ptlrpc]
00012  ? __kthread_parkme+0x73/0x130
00012  ? kthread+0x2cd/0x3a0
00012  ? ptlrpc_start_thread+0x1f10/0x1f10 [ptlrpc]
00012  ? kthread_unuse_mm+0x130/0x130
00012  ? ret_from_fork+0x18c/0x520
00012  ? kthread_unuse_mm+0x130/0x130
00012  ? ret_from_fork_asm+0x11/0x20
00012  </TASK>
00012 ---[ end trace 0000000000000000 ]---
00013 ------------[ cut here ]------------
00013 WARNING: /home/ktest/git/linux/include/linux/fs.h:889 at osd_create+0x9cf/0xcf0 [osd_wbcfs], CPU#2: llog_process_th/1766
00013 Modules linked in: osp(O) mdd(O) lod(O) mdt(O) lquota(O) lfsck(O) mgs(O) osd_wbcfs(O) lustre(O) obdecho(O) mgc(O) mdc(O) lov(O) osc(O) lmv(O) ec(O) fid(O) fld(O) ptlrpc(O) efivarfs obdclass(O) ksocklnd(O) lnet(O) libcfs(O)
00013 CPU: 2 UID: 0 PID: 1766 Comm: llog_process_th Tainted: G        W  O        7.0.0-ktest-295ad02-6330a45-20260816-dirty #1 PREEMPT 
00013 Tainted: [W]=WARN, [O]=OOT_MODULE
00013 Hardware name: QEMU Standard PC (Q35 + ICH9, 2009), BIOS 2025.11-3ubuntu7 03/31/2026
00013 RIP: 0010:osd_create+0x9cf/0xcf0 [osd_wbcfs]
00013 Code: c7 c7 00 96 7b a1 48 c7 c6 a0 12 7d a1 48 c7 c2 00 1c 7d a1 e8 52 f1 43 ff 48 c7 c7 00 96 7b a1 e8 46 81 44 ff e9 fe fc ff ff <0f> 0b e9 a5 fa ff ff 48 c7 c1 80 44 5d a0 80 e1 07 80 c1 03 38 c1
00013 RSP: 0018:ffffc90003377450 EFLAGS: 00010246
00013 RAX: 0000000000000000 RBX: ffff88811b7f8800 RCX: 0000000000000046
00013 RDX: ffffffff84c44d40 RSI: ffff88803c55a648 RDI: ffff88802dfacb18
00013 RBP: ffff88803c55a5b8 R08: 0000000000000001 R09: 0000000000000000
00013 R10: dffffc0000000000 R11: ffffed10078ab4ac R12: ffff8881059c8d00
00013 R13: dffffc0000000000 R14: 1ffff110236ff100 R15: 1ffff9200066eebf
00013 FS:  0000000000000000(0000) GS:ffff8881d4b2a000(0000) knlGS:0000000000000000
00013 CS:  0010 DS: 0000 ES: 0000 CR0: 0000000080050033
00013 CR2: 00007f00853e6194 CR3: 000000011bd98000 CR4: 0000000000750eb0
00013 PKRU: 55555554
00013 Call Trace:
00013  <TASK>
00013  ? dt_find_or_create+0x81a/0x1170 [obdclass]
00013  ? fld_index_init+0x404/0x1610 [fld]
00013  ? is_module_address+0x1b/0x70
00013  ? is_module_address+0x5e/0x70
00013  ? __asan_memset+0x22/0x40
00013  ? fld_server_init+0x1d7/0x580 [fld]
00013  ? mdt_device_alloc+0x36b4/0x66c0 [mdt]
00013  ? ret_from_fork_asm+0x11/0x20
00013  ? __alloc_tagging_slab_alloc_hook+0x136/0x190
00013  ? obd_setup+0x25c/0x950 [obdclass]
00013  ? class_setup+0xc7d/0x10e0 [obdclass]
00013  ? class_process_config+0x2edb/0x7cb0 [obdclass]
00013  ? __kasan_kmalloc+0x72/0x80
00013  ? class_config_llog_handler+0x2954/0x4f80 [obdclass]
00013  ? class_config_llog_handler+0x2cea/0x4f80 [obdclass]
00013  ? lustre_cfg_rec_free+0x350/0x350 [obdclass]
00013  ? llog_process_thread+0x1fd2/0x4f70 [obdclass]
00013  ? _raw_spin_unlock+0x23/0x40
00013  ? llog_process_thread_daemonize+0x16d/0x1b0 [obdclass]
00013  ? kthread+0x2cd/0x3a0
00013  ? llog_process_or_fork+0xc90/0xc90 [obdclass]
00013  ? kthread_unuse_mm+0x130/0x130
00013  ? ret_from_fork+0x18c/0x520
00013  ? kthread_unuse_mm+0x130/0x130
00013  ? ret_from_fork_asm+0x11/0x20
00013  </TASK>
00013 ---[ end trace 0000000000000000 ]---
00013 ------------[ cut here ]------------
00013 WARNING: /home/ktest/git/linux/include/linux/fs.h:889 at osd_create+0x9cf/0xcf0 [osd_wbcfs], CPU#2: llog_process_th/1766
00013 Modules linked in: osp(O) mdd(O) lod(O) mdt(O) lquota(O) lfsck(O) mgs(O) osd_wbcfs(O) lustre(O) obdecho(O) mgc(O) mdc(O) lov(O) osc(O) lmv(O) ec(O) fid(O) fld(O) ptlrpc(O) efivarfs obdclass(O) ksocklnd(O) lnet(O) libcfs(O)
00013 CPU: 2 UID: 0 PID: 1766 Comm: llog_process_th Tainted: G        W  O        7.0.0-ktest-295ad02-6330a45-20260816-dirty #1 PREEMPT 
00013 Tainted: [W]=WARN, [O]=OOT_MODULE
00013 Hardware name: QEMU Standard PC (Q35 + ICH9, 2009), BIOS 2025.11-3ubuntu7 03/31/2026
00013 RIP: 0010:osd_create+0x9cf/0xcf0 [osd_wbcfs]
00013 Code: c7 c7 00 96 7b a1 48 c7 c6 a0 12 7d a1 48 c7 c2 00 1c 7d a1 e8 52 f1 43 ff 48 c7 c7 00 96 7b a1 e8 46 81 44 ff e9 fe fc ff ff <0f> 0b e9 a5 fa ff ff 48 c7 c1 80 44 5d a0 80 e1 07 80 c1 03 38 c1
00013 RSP: 0018:ffffc90003377430 EFLAGS: 00010246
00013 RAX: 0000000000000000 RBX: ffff88811b7f8000 RCX: 0000000000000046
00013 RDX: 0000000000000000 RSI: ffff88803c559f30 RDI: ffff88802dfacb18
00013 RBP: ffff88803c559ea0 R08: ffffffff83a16803 R09: 1ffffffff0742d00
00013 R10: dffffc0000000000 R11: fffffbfff0742d01 R12: ffffc90003377530
00013 R13: dffffc0000000000 R14: 1ffff110236ff000 R15: 1ffff9200066eea4
00013 FS:  0000000000000000(0000) GS:ffff8881d4b2a000(0000) knlGS:0000000000000000
00013 CS:  0010 DS: 0000 ES: 0000 CR0: 0000000080050033
00013 CR2: 00007f00853e6194 CR3: 000000011bd98000 CR4: 0000000000750eb0
00013 PKRU: 55555554
00013 Call Trace:
00013  <TASK>
00013  ? dt_find_or_create+0x81a/0x1170 [obdclass]
00013  ? seq_store_init+0x155/0x360 [fid]
00013  ? seq_server_init+0x290/0xba0 [fid]
00013  ? mdt_seq_init+0x2c1/0x1ef0 [mdt]
00013  ? fld_server_init+0x34e/0x580 [fld]
00013  ? mdt_device_alloc+0x39c5/0x66c0 [mdt]
00013  ? ret_from_fork_asm+0x11/0x20
00013  ? __alloc_tagging_slab_alloc_hook+0x136/0x190
00013  ? obd_setup+0x25c/0x950 [obdclass]
00013  ? class_setup+0xc7d/0x10e0 [obdclass]
00013  ? class_process_config+0x2edb/0x7cb0 [obdclass]
00013  ? __kasan_kmalloc+0x72/0x80
00013  ? class_config_llog_handler+0x2954/0x4f80 [obdclass]
00013  ? class_config_llog_handler+0x2cea/0x4f80 [obdclass]
00013  ? lustre_cfg_rec_free+0x350/0x350 [obdclass]
00013  ? llog_process_thread+0x1fd2/0x4f70 [obdclass]
00013  ? _raw_spin_unlock+0x23/0x40
00013  ? llog_process_thread_daemonize+0x16d/0x1b0 [obdclass]
00013  ? kthread+0x2cd/0x3a0
00013  ? llog_process_or_fork+0xc90/0xc90 [obdclass]
00013  ? kthread_unuse_mm+0x130/0x130
00013  ? ret_from_fork+0x18c/0x520
00013  ? kthread_unuse_mm+0x130/0x130
00013  ? ret_from_fork_asm+0x11/0x20
00013  </TASK>
00013 ---[ end trace 0000000000000000 ]---
00013 ------------[ cut here ]------------
00013 WARNING: /home/ktest/git/linux/include/linux/fs.h:889 at osd_create+0x9cf/0xcf0 [osd_wbcfs], CPU#2: llog_process_th/1766
00013 Modules linked in: osp(O) mdd(O) lod(O) mdt(O) lquota(O) lfsck(O) mgs(O) osd_wbcfs(O) lustre(O) obdecho(O) mgc(O) mdc(O) lov(O) osc(O) lmv(O) ec(O) fid(O) fld(O) ptlrpc(O) efivarfs obdclass(O) ksocklnd(O) lnet(O) libcfs(O)
00013 CPU: 2 UID: 0 PID: 1766 Comm: llog_process_th Tainted: G        W  O        7.0.0-ktest-295ad02-6330a45-20260816-dirty #1 PREEMPT 
00013 Tainted: [W]=WARN, [O]=OOT_MODULE
00013 Hardware name: QEMU Standard PC (Q35 + ICH9, 2009), BIOS 2025.11-3ubuntu7 03/31/2026
00013 RIP: 0010:osd_create+0x9cf/0xcf0 [osd_wbcfs]
00013 Code: c7 c7 00 96 7b a1 48 c7 c6 a0 12 7d a1 48 c7 c2 00 1c 7d a1 e8 52 f1 43 ff 48 c7 c7 00 96 7b a1 e8 46 81 44 ff e9 fe fc ff ff <0f> 0b e9 a5 fa ff ff 48 c7 c1 80 44 5d a0 80 e1 07 80 c1 03 38 c1
00013 RSP: 0018:ffffc90003377470 EFLAGS: 00010246
00013 RAX: 0000000000000000 RBX: ffff8881331a0c00 RCX: 0000000000000046
00013 RDX: 0000000000000000 RSI: ffff88803c559818 RDI: ffff88802dfacb18
00013 RBP: ffff88803c559788 R08: ffffffff83a16803 R09: 1ffffffff0742d00
00013 R10: dffffc0000000000 R11: fffffbfff0742d01 R12: ffffc900033775e0
00013 R13: dffffc0000000000 R14: 1ffff11026634180 R15: 1ffff9200066eec9
00013 FS:  0000000000000000(0000) GS:ffff8881d4b2a000(0000) knlGS:0000000000000000
00013 CS:  0010 DS: 0000 ES: 0000 CR0: 0000000080050033
00013 CR2: 00007f00853e6194 CR3: 000000011bd98000 CR4: 0000000000750eb0
00013 PKRU: 55555554
00013 Call Trace:
00013  <TASK>
00013  ? dt_find_or_create+0x81a/0x1170 [obdclass]
00013  ? tgt_init+0xb72/0x2a60 [ptlrpc]
00013  ? mdt_device_alloc+0x3ce7/0x66c0 [mdt]
00013  ? ret_from_fork_asm+0x11/0x20
00013  ? __alloc_tagging_slab_alloc_hook+0x136/0x190
00013  ? obd_setup+0x25c/0x950 [obdclass]
00013  ? class_setup+0xc7d/0x10e0 [obdclass]
00013  ? class_process_config+0x2edb/0x7cb0 [obdclass]
00013  ? __kasan_kmalloc+0x72/0x80
00013  ? class_config_llog_handler+0x2954/0x4f80 [obdclass]
00013  ? class_config_llog_handler+0x2cea/0x4f80 [obdclass]
00013  ? lustre_cfg_rec_free+0x350/0x350 [obdclass]
00013  ? llog_process_thread+0x1fd2/0x4f70 [obdclass]
00013  ? _raw_spin_unlock+0x23/0x40
00013  ? llog_process_thread_daemonize+0x16d/0x1b0 [obdclass]
00013  ? kthread+0x2cd/0x3a0
00013  ? llog_process_or_fork+0xc90/0xc90 [obdclass]
00013  ? kthread_unuse_mm+0x130/0x130
00013  ? ret_from_fork+0x18c/0x520
00013  ? kthread_unuse_mm+0x130/0x130
00013  ? ret_from_fork_asm+0x11/0x20
00013  </TASK>
00013 ---[ end trace 0000000000000000 ]---
00013 ------------[ cut here ]------------
00013 WARNING: /home/ktest/git/linux/include/linux/fs.h:889 at osd_create+0x9cf/0xcf0 [osd_wbcfs], CPU#2: llog_process_th/1766
00013 Modules linked in: osp(O) mdd(O) lod(O) mdt(O) lquota(O) lfsck(O) mgs(O) osd_wbcfs(O) lustre(O) obdecho(O) mgc(O) mdc(O) lov(O) osc(O) lmv(O) ec(O) fid(O) fld(O) ptlrpc(O) efivarfs obdclass(O) ksocklnd(O) lnet(O) libcfs(O)
00013 CPU: 2 UID: 0 PID: 1766 Comm: llog_process_th Tainted: G        W  O        7.0.0-ktest-295ad02-6330a45-20260816-dirty #1 PREEMPT 
00013 Tainted: [W]=WARN, [O]=OOT_MODULE
00013 Hardware name: QEMU Standard PC (Q35 + ICH9, 2009), BIOS 2025.11-3ubuntu7 03/31/2026
00013 RIP: 0010:osd_create+0x9cf/0xcf0 [osd_wbcfs]
00013 Code: c7 c7 00 96 7b a1 48 c7 c6 a0 12 7d a1 48 c7 c2 00 1c 7d a1 e8 52 f1 43 ff 48 c7 c7 00 96 7b a1 e8 46 81 44 ff e9 fe fc ff ff <0f> 0b e9 a5 fa ff ff 48 c7 c1 80 44 5d a0 80 e1 07 80 c1 03 38 c1
00013 RSP: 0018:ffffc90003377470 EFLAGS: 00010246
00013 RAX: 0000000000000000 RBX: ffff8881331a0800 RCX: 0000000000000046
00013 RDX: 0000000000000000 RSI: ffff88803c559100 RDI: ffff88802dfacb18
00013 RBP: ffff88803c559070 R08: ffffffff83a16803 R09: 1ffffffff0742d00
00013 R10: dffffc0000000000 R11: fffffbfff0742d01 R12: ffffc900033775e0
00013 R13: dffffc0000000000 R14: 1ffff11026634100 R15: 1ffff9200066eec9
00013 FS:  0000000000000000(0000) GS:ffff8881d4b2a000(0000) knlGS:0000000000000000
00013 CS:  0010 DS: 0000 ES: 0000 CR0: 0000000080050033
00013 CR2: 00007f00853e6194 CR3: 000000011bd98000 CR4: 0000000000750eb0
00013 PKRU: 55555554
00013 Call Trace:
00013  <TASK>
00013  ? dt_find_or_create+0x81a/0x1170 [obdclass]
00013  ? tgt_init+0x1a98/0x2a60 [ptlrpc]
00013  ? mdt_device_alloc+0x3ce7/0x66c0 [mdt]
00013  ? ret_from_fork_asm+0x11/0x20
00013  ? __alloc_tagging_slab_alloc_hook+0x136/0x190
00013  ? obd_setup+0x25c/0x950 [obdclass]
00013  ? class_setup+0xc7d/0x10e0 [obdclass]
00013  ? class_process_config+0x2edb/0x7cb0 [obdclass]
00013  ? __kasan_kmalloc+0x72/0x80
00013  ? class_config_llog_handler+0x2954/0x4f80 [obdclass]
00013  ? class_config_llog_handler+0x2cea/0x4f80 [obdclass]
00013  ? lustre_cfg_rec_free+0x350/0x350 [obdclass]
00013  ? llog_process_thread+0x1fd2/0x4f70 [obdclass]
00013  ? _raw_spin_unlock+0x23/0x40
00013  ? llog_process_thread_daemonize+0x16d/0x1b0 [obdclass]
00013  ? kthread+0x2cd/0x3a0
00013  ? llog_process_or_fork+0xc90/0xc90 [obdclass]
00013  ? kthread_unuse_mm+0x130/0x130
00013  ? ret_from_fork+0x18c/0x520
00013  ? kthread_unuse_mm+0x130/0x130
00013  ? ret_from_fork_asm+0x11/0x20
00013  </TASK>
00013 ---[ end trace 0000000000000000 ]---
00013 Lustre: cli-ctl-lustre-MDT0001: Allocated super-sequence [0x0000000240000400-0x0000000280000400]:1:mdt]
00013 ------------[ cut here ]------------
00013 WARNING: /home/ktest/git/linux/include/linux/fs.h:889 at osd_create+0x9cf/0xcf0 [osd_wbcfs], CPU#2: lod0001_rec0001/1775
00013 Modules linked in: osp(O) mdd(O) lod(O) mdt(O) lquota(O) lfsck(O) mgs(O) osd_wbcfs(O) lustre(O) obdecho(O) mgc(O) mdc(O) lov(O) osc(O) lmv(O) ec(O) fid(O) fld(O) ptlrpc(O) efivarfs obdclass(O) ksocklnd(O) lnet(O) libcfs(O)
00013 CPU: 2 UID: 0 PID: 1775 Comm: lod0001_rec0001 Tainted: G        W  O        7.0.0-ktest-295ad02-6330a45-20260816-dirty #1 PREEMPT 
00013 ------------[ cut here ]------------
00013 Tainted: [W]=WARN, [O]=OOT_MODULE
00013 WARNING: /home/ktest/git/linux/include/linux/fs.h:889 at osd_create+0x9cf/0xcf0 [osd_wbcfs], CPU#0: mdt_out00_000/1735
00013 Hardware name: QEMU Standard PC (Q35 + ICH9, 2009), BIOS 2025.11-3ubuntu7 03/31/2026
00013 Modules linked in: osp(O) mdd(O) lod(O) mdt(O) lquota(O) lfsck(O) mgs(O) osd_wbcfs(O) lustre(O) obdecho(O) mgc(O) mdc(O) lov(O)
00013 RIP: 0010:osd_create+0x9cf/0xcf0 [osd_wbcfs]
00013  osc(O) lmv(O) ec(O) fid(O) fld(O) ptlrpc(O) efivarfs obdclass(O) ksocklnd(O) lnet(O) libcfs(O)
00013 Code: c7 c7 00 96 7b a1 48 c7 c6 a0 12 7d a1 48 c7 c2 00 1c 7d a1 e8 52 f1 43 ff 48 c7 c7 00 96 7b a1 e8 46 81 44 ff e9 fe fc ff ff <0f> 0b e9 a5 fa ff ff 48 c7 c1 80 44 5d a0 80 e1 07 80 c1 03 38 c1
00013 CPU: 0 UID: 0 PID: 1735 Comm: mdt_out00_000 Tainted: G        W  O        7.0.0-ktest-295ad02-6330a45-20260816-dirty #1 PREEMPT 
00013 Tainted: [W]=WARN, [O]=OOT_MODULE
00013 Hardware name: QEMU Standard PC (Q35 + ICH9, 2009), BIOS 2025.11-3ubuntu7 03/31/2026
00013 RIP: 0010:osd_create+0x9cf/0xcf0 [osd_wbcfs]
00013 RSP: 0018:ffffc90002227b50 EFLAGS: 00010246
00013 Code: c7 c7 00 96 7b a1 48 c7 c6 a0 12 7d a1 48 c7 c2 00 1c 7d a1 e8 52 f1 43 ff 48 c7 c7 00 96 7b a1 e8 46 81 44 ff e9 fe fc ff ff <0f> 0b e9 a5 fa ff ff 48 c7 c1 80 44 5d a0 80 e1 07 80 c1 03 38 c1
00013 RSP: 0018:ffffc900013677f8 EFLAGS: 00010246
00013 RAX: 0000000000000000 RBX: ffff888133c78c00 RCX: 0000000000000046
00013 RDX: 0000000000000000 RSI: ffff88802a55d0d8 RDI: ffff88802dd34b18
00013 RBP: ffff88802a55d048 R08: ffffffff83a16803 R09: 1ffffffff0742d00
00013 R10: dffffc0000000000 R11: fffffbfff0742d01 R12: ffff888118d05430
00013 R13: dffffc0000000000 R14: 1ffff1102678f180 R15: 1ffff110231a0a98
00013 
00013 FS:  0000000000000000(0000) GS:ffff8881d4a2a000(0000) knlGS:0000000000000000
00013 CS:  0010 DS: 0000 ES: 0000 CR0: 0000000080050033
00013 CR2: 000056051e1a95dc CR3: 0000000029874000 CR4: 0000000000750eb0
00013 PKRU: 55555554
00013 Call Trace:
00013 RAX: 0000000000000000 RBX: ffff888119822800 RCX: 0000000000000046
00013  <TASK>
00013  ? out_tx_create_exec+0x277/0x7a0 [ptlrpc]
00013 RDX: 0000000000000000 RSI: ffff88803c5589e8 RDI: ffff88803e8eaa58
00013  ? tx_add_exec+0xd70/0xd70 [ptlrpc]
00013 RBP: ffff88803c558958 R08: ffffffff83a16803 R09: 1ffffffff0742d00
00013  ? out_tx_end+0x3e3/0x1190 [ptlrpc]
00013 R10: dffffc0000000000 R11: fffffbfff0742d01 R12: ffff88813333ec00
00013  ? out_handle+0x5286/0x6240 [ptlrpc]
00013 R13: dffffc0000000000 R14: 1ffff11023304500 R15: 1ffff11026667d8f
00013  ? tgt_request_handle+0x23ad/0x3d30 [ptlrpc]
00013 FS:  0000000000000000(0000) GS:ffff8881d4b2a000(0000) knlGS:0000000000000000
00013  ? ptlrpc_main+0x6359/0x96f0 [ptlrpc]
00013 CS:  0010 DS: 0000 ES: 0000 CR0: 0000000080050033
00013  ? __kthread_parkme+0x73/0x130
00013 CR2: 00007f00853e6194 CR3: 000000011bd98000 CR4: 0000000000750eb0
00013  ? kthread+0x2cd/0x3a0
00013  ? ptlrpc_start_thread+0x1f10/0x1f10 [ptlrpc]
00013 PKRU: 55555554
00013  ? kthread_unuse_mm+0x130/0x130
00013  ? ret_from_fork+0x18c/0x520
00013  ? kthread_unuse_mm+0x130/0x130
00013  ? ret_from_fork_asm+0x11/0x20
00013 Call Trace:
00013  </TASK>
00013 ---[ end trace 0000000000000000 ]---
00013  <TASK>
00013  ? llog_osd_create+0x605/0x10d0 [obdclass]
00013  ? llog_create+0x2ed/0x530 [obdclass]
00013  ? llog_open_create+0x6e7/0xb30 [obdclass]
00013  ? lod_sub_prep_llog+0xdfd/0x1b40 [lod]
00013  ? lod_sub_recovery_thread+0x316/0x18d0 [lod]
00013  ? __kthread_parkme+0x73/0x130
00013  ? kthread+0x2cd/0x3a0
00013  ? lod_sub_init_llog+0x1180/0x1180 [lod]
00013  ? kthread_unuse_mm+0x130/0x130
00013  ? ret_from_fork+0x18c/0x520
00013  ? kthread_unuse_mm+0x130/0x130
00013  ? ret_from_fork_asm+0x11/0x20
00013  </TASK>
00013 ---[ end trace 0000000000000000 ]---
00013 ------------[ cut here ]------------
00013 WARNING: /home/ktest/git/linux/include/linux/fs.h:889 at osd_create+0x9cf/0xcf0 [osd_wbcfs], CPU#2: ll_mgs_0000/1724
00013 Modules linked in: ofd(O) osp(O) mdd(O) lod(O) mdt(O) lquota(O) lfsck(O) mgs(O) osd_wbcfs(O) lustre(O) obdecho(O) mgc(O) mdc(O) lov(O) osc(O) lmv(O) ec(O) fid(O) fld(O) ptlrpc(O) efivarfs obdclass(O) ksocklnd(O) lnet(O) libcfs(O)
00013 CPU: 2 UID: 0 PID: 1724 Comm: ll_mgs_0000 Tainted: G        W  O        7.0.0-ktest-295ad02-6330a45-20260816-dirty #1 PREEMPT 
00013 Tainted: [W]=WARN, [O]=OOT_MODULE
00013 Hardware name: QEMU Standard PC (Q35 + ICH9, 2009), BIOS 2025.11-3ubuntu7 03/31/2026
00013 RIP: 0010:osd_create+0x9cf/0xcf0 [osd_wbcfs]
00013 Code: c7 c7 00 96 7b a1 48 c7 c6 a0 12 7d a1 48 c7 c2 00 1c 7d a1 e8 52 f1 43 ff 48 c7 c7 00 96 7b a1 e8 46 81 44 ff e9 fe fc ff ff <0f> 0b e9 a5 fa ff ff 48 c7 c1 80 44 5d a0 80 e1 07 80 c1 03 38 c1
00013 RSP: 0018:ffffc900012b76f0 EFLAGS: 00010246
00013 RAX: 0000000000000000 RBX: ffff88813343b000 RCX: 0000000000000046
00013 RDX: 0000000000000000 RSI: ffff88803c5582d0 RDI: ffff888119ceaaa8
00013 RBP: ffff88803c558240 R08: ffffffff83a16803 R09: 1ffffffff0742d00
00013 R10: dffffc0000000000 R11: fffffbfff0742d01 R12: ffff888133b1a000
00013 R13: dffffc0000000000 R14: 1ffff11026687600 R15: 1ffff1102676340f
00013 FS:  0000000000000000(0000) GS:ffff8881d4b2a000(0000) knlGS:0000000000000000
00013 CS:  0010 DS: 0000 ES: 0000 CR0: 0000000080050033
00013 CR2: 00007f00853e6194 CR3: 000000007a382000 CR4: 0000000000750eb0
00013 PKRU: 55555554
00013 Call Trace:
00013  <TASK>
00013  ? local_object_create+0x109/0x640 [obdclass]
00013  ? dt_write_lock+0x16d/0x2a0 [obdclass]
00013  ? llog_osd_create+0x356/0x10d0 [obdclass]
00013  ? llog_create+0x2ed/0x530 [obdclass]
00013  ? llog_open_create+0x6e7/0xb30 [obdclass]
00013  ? record_start_log+0x348/0xa40 [mgs]
00013  ? mgs_write_log_target+0x16f2/0x6ab0 [mgs]
00013  ? mgs_target_reg+0x254e/0x4480 [mgs]
00013  ? tgt_request_handle+0x23ad/0x3d30 [ptlrpc]
00013  ? ptlrpc_main+0x6359/0x96f0 [ptlrpc]
00013  ? __kthread_parkme+0x73/0x130
00013  ? kthread+0x2cd/0x3a0
00013  ? ptlrpc_start_thread+0x1f10/0x1f10 [ptlrpc]
00013  ? kthread_unuse_mm+0x130/0x130
00013  ? ret_from_fork+0x18c/0x520
00013  ? kthread_unuse_mm+0x130/0x130
00013  ? ret_from_fork_asm+0x11/0x20
00013  </TASK>
00013 ---[ end trace 0000000000000000 ]---
00013 ------------[ cut here ]------------
00013 WARNING: /home/ktest/git/linux/include/linux/fs.h:889 at osd_create+0x9cf/0xcf0 [osd_wbcfs], CPU#1: llog_process_th/1794
00013 Modules linked in: ofd(O) osp(O) mdd(O) lod(O) mdt(O) lquota(O) lfsck(O) mgs(O) osd_wbcfs(O) lustre(O) obdecho(O) mgc(O) mdc(O) lov(O) osc(O) lmv(O) ec(O) fid(O) fld(O) ptlrpc(O) efivarfs obdclass(O) ksocklnd(O) lnet(O) libcfs(O)
00013 CPU: 1 UID: 0 PID: 1794 Comm: llog_process_th Tainted: G        W  O        7.0.0-ktest-295ad02-6330a45-20260816-dirty #1 PREEMPT 
00013 Tainted: [W]=WARN, [O]=OOT_MODULE
00013 Hardware name: QEMU Standard PC (Q35 + ICH9, 2009), BIOS 2025.11-3ubuntu7 03/31/2026
00013 RIP: 0010:osd_create+0x9cf/0xcf0 [osd_wbcfs]
00013 Code: c7 c7 00 96 7b a1 48 c7 c6 a0 12 7d a1 48 c7 c2 00 1c 7d a1 e8 52 f1 43 ff 48 c7 c7 00 96 7b a1 e8 46 81 44 ff e9 fe fc ff ff <0f> 0b e9 a5 fa ff ff 48 c7 c1 80 44 5d a0 80 e1 07 80 c1 03 38 c1
00013 RSP: 0018:ffffc900033a7618 EFLAGS: 00010246
00013 RAX: 0000000000000000 RBX: ffff8881334df400 RCX: 0000000000000046
00013 RDX: 0000000000000000 RSI: ffff88803e999f30 RDI: ffff88802bd2cb18
00013 RBP: ffff88803e999ea0 R08: ffffffff83a16803 R09: 1ffffffff0742d00
00013 R10: dffffc0000000000 R11: fffffbfff0742d01 R12: ffffc900033a7788
00013 R13: dffffc0000000000 R14: 1ffff1102669be80 R15: 1ffff92000674efe
00013 FS:  0000000000000000(0000) GS:ffff8881d4aaa000(0000) knlGS:0000000000000000
00013 CS:  0010 DS: 0000 ES: 0000 CR0: 0000000080050033
00013 CR2: 00007f5a63d66020 CR3: 000000007a5fc000 CR4: 0000000000750eb0
00013 PKRU: 55555554
00013 Call Trace:
00013  <TASK>
00013  ? dt_find_or_create+0x81a/0x1170 [obdclass]
00013  ? tgt_init+0xb72/0x2a60 [ptlrpc]
00013  ? ofd_device_alloc+0x1da8/0x35e0 [ofd]
00013  ? obd_setup+0x25c/0x950 [obdclass]
00013  ? class_setup+0xc7d/0x10e0 [obdclass]
00013  ? class_process_config+0x2edb/0x7cb0 [obdclass]
00013  ? local_trylock_acquire+0xb/0x70
00013  ? __kasan_kmalloc+0x72/0x80
00013  ? class_config_llog_handler+0x2954/0x4f80 [obdclass]
00013  ? class_config_llog_handler+0x2cea/0x4f80 [obdclass]
00013  ? lustre_cfg_rec_free+0x350/0x350 [obdclass]
00013  ? llog_process_thread+0x1fd2/0x4f70 [obdclass]
00013  ? _raw_spin_unlock+0x23/0x40
00013  ? llog_process_thread_daemonize+0x16d/0x1b0 [obdclass]
00013  ? kthread+0x2cd/0x3a0
00013  ? llog_process_or_fork+0xc90/0xc90 [obdclass]
00013  ? kthread_unuse_mm+0x130/0x130
00013  ? ret_from_fork+0x18c/0x520
00013  ? kthread_unuse_mm+0x130/0x130
00013  ? ret_from_fork_asm+0x11/0x20
00013  </TASK>
00013 ---[ end trace 0000000000000000 ]---
00013 ------------[ cut here ]------------
00013 WARNING: /home/ktest/git/linux/include/linux/fs.h:889 at osd_create+0x9cf/0xcf0 [osd_wbcfs], CPU#1: llog_process_th/1794
00013 Modules linked in: ofd(O) osp(O) mdd(O) lod(O) mdt(O) lquota(O) lfsck(O) mgs(O) osd_wbcfs(O) lustre(O) obdecho(O) mgc(O) mdc(O) lov(O) osc(O) lmv(O) ec(O) fid(O) fld(O) ptlrpc(O) efivarfs obdclass(O) ksocklnd(O) lnet(O) libcfs(O)
00013 CPU: 1 UID: 0 PID: 1794 Comm: llog_process_th Tainted: G        W  O        7.0.0-ktest-295ad02-6330a45-20260816-dirty #1 PREEMPT 
00013 Tainted: [W]=WARN, [O]=OOT_MODULE
00013 Hardware name: QEMU Standard PC (Q35 + ICH9, 2009), BIOS 2025.11-3ubuntu7 03/31/2026
00013 RIP: 0010:osd_create+0x9cf/0xcf0 [osd_wbcfs]
00013 Code: c7 c7 00 96 7b a1 48 c7 c6 a0 12 7d a1 48 c7 c2 00 1c 7d a1 e8 52 f1 43 ff 48 c7 c7 00 96 7b a1 e8 46 81 44 ff e9 fe fc ff ff <0f> 0b e9 a5 fa ff ff 48 c7 c1 80 44 5d a0 80 e1 07 80 c1 03 38 c1
00013 RSP: 0018:ffffc900033a74f0 EFLAGS: 00010246
00013 RAX: 0000000000000000 RBX: ffff8881334dd000 RCX: 0000000000000046
00013 RDX: 0000000000000000 RSI: ffff88803e999818 RDI: ffff88802bd2cb18
00013 RBP: ffff88803e999788 R08: ffffffff83a16803 R09: 1ffffffff0742d00
00013 R10: dffffc0000000000 R11: fffffbfff0742d01 R12: ffffc900033a75f0
00013 R13: dffffc0000000000 R14: 1ffff1102669ba00 R15: 1ffff92000674ebc
00013 FS:  0000000000000000(0000) GS:ffff8881d4aaa000(0000) knlGS:0000000000000000
00013 CS:  0010 DS: 0000 ES: 0000 CR0: 0000000080050033
00013 CR2: 00007f5a63d66020 CR3: 000000007a5fc000 CR4: 0000000000750eb0
00013 PKRU: 55555554
00013 Call Trace:
00013  <TASK>
00013  ? dt_find_or_create+0x81a/0x1170 [obdclass]
00013  ? seq_store_init+0x155/0x360 [fid]
00013  ? seq_server_init+0x290/0xba0 [fid]
00013  ? ofd_fid_init+0x41c/0xf80 [ofd]
00013  ? ofd_seqs_init+0xb6/0x1370 [ofd]
00013  ? ofd_fs_setup+0x13c/0xdd0 [ofd]
00013  ? ofd_device_alloc+0x1fc1/0x35e0 [ofd]
00013  ? obd_setup+0x25c/0x950 [obdclass]
00013  ? class_setup+0xc7d/0x10e0 [obdclass]
00013  ? class_process_config+0x2edb/0x7cb0 [obdclass]
00013  ? local_trylock_acquire+0xb/0x70
00013  ? __kasan_kmalloc+0x72/0x80
00013  ? class_config_llog_handler+0x2954/0x4f80 [obdclass]
00013  ? class_config_llog_handler+0x2cea/0x4f80 [obdclass]
00013  ? lustre_cfg_rec_free+0x350/0x350 [obdclass]
00013  ? llog_process_thread+0x1fd2/0x4f70 [obdclass]
00013  ? _raw_spin_unlock+0x23/0x40
00013  ? llog_process_thread_daemonize+0x16d/0x1b0 [obdclass]
00013  ? kthread+0x2cd/0x3a0
00013  ? llog_process_or_fork+0xc90/0xc90 [obdclass]
00013  ? kthread_unuse_mm+0x130/0x130
00013  ? ret_from_fork+0x18c/0x520
00013  ? kthread_unuse_mm+0x130/0x130
00013  ? ret_from_fork_asm+0x11/0x20
00013  </TASK>
00013 ---[ end trace 0000000000000000 ]---
00013 ------------[ cut here ]------------
00013 WARNING: /home/ktest/git/linux/include/linux/fs.h:889 at osd_create+0x9cf/0xcf0 [osd_wbcfs], CPU#1: llog_process_th/1794
00013 Modules linked in: ofd(O) osp(O) mdd(O) lod(O) mdt(O) lquota(O) lfsck(O) mgs(O) osd_wbcfs(O) lustre(O) obdecho(O) mgc(O) mdc(O) lov(O) osc(O) lmv(O) ec(O) fid(O) fld(O) ptlrpc(O) efivarfs obdclass(O) ksocklnd(O) lnet(O) libcfs(O)
00013 CPU: 1 UID: 0 PID: 1794 Comm: llog_process_th Tainted: G        W  O        7.0.0-ktest-295ad02-6330a45-20260816-dirty #1 PREEMPT 
00013 Tainted: [W]=WARN, [O]=OOT_MODULE
00013 Hardware name: QEMU Standard PC (Q35 + ICH9, 2009), BIOS 2025.11-3ubuntu7 03/31/2026
00013 RIP: 0010:osd_create+0x9cf/0xcf0 [osd_wbcfs]
00013 Code: c7 c7 00 96 7b a1 48 c7 c6 a0 12 7d a1 48 c7 c2 00 1c 7d a1 e8 52 f1 43 ff 48 c7 c7 00 96 7b a1 e8 46 81 44 ff e9 fe fc ff ff <0f> 0b e9 a5 fa ff ff 48 c7 c1 80 44 5d a0 80 e1 07 80 c1 03 38 c1
00013 RSP: 0018:ffffc900033a7530 EFLAGS: 00010246
00013 RAX: 0000000000000000 RBX: ffff8881334df000 RCX: 0000000000000046
00013 RDX: ffffffff84c44d40 RSI: ffff88803e999100 RDI: ffff88802bd2cb18
00013 RBP: ffff88803e999070 R08: 0000000000000001 R09: 0000000000000000
00013 R10: dffffc0000000000 R11: ffffed1007d33203 R12: ffff88813574be00
00013 R13: dffffc0000000000 R14: 1ffff1102669be00 R15: 1ffff92000674edb
00013 FS:  0000000000000000(0000) GS:ffff8881d4aaa000(0000) knlGS:0000000000000000
00013 CS:  0010 DS: 0000 ES: 0000 CR0: 0000000080050033
00013 CR2: 00007f5a63d66020 CR3: 000000007a5fc000 CR4: 0000000000750eb0
00013 PKRU: 55555554
00013 Call Trace:
00013  <TASK>
00013  ? dt_find_or_create+0x81a/0x1170 [obdclass]
00013  ? fld_index_init+0x404/0x1610 [fld]
00013  ? is_module_address+0x1b/0x70
00013  ? is_module_address+0x5e/0x70
00013  ? __asan_memset+0x22/0x40
00013  ? fld_server_init+0x1d7/0x580 [fld]
00013  ? ofd_seqs_init+0x430/0x1370 [ofd]
00013  ? ofd_fs_setup+0x13c/0xdd0 [ofd]
00013  ? ofd_device_alloc+0x1fc1/0x35e0 [ofd]
00013  ? obd_setup+0x25c/0x950 [obdclass]
00013  ? class_setup+0xc7d/0x10e0 [obdclass]
00013  ? class_process_config+0x2edb/0x7cb0 [obdclass]
00013  ? local_trylock_acquire+0xb/0x70
00013  ? __kasan_kmalloc+0x72/0x80
00013  ? class_config_llog_handler+0x2954/0x4f80 [obdclass]
00013  ? class_config_llog_handler+0x2cea/0x4f80 [obdclass]
00013  ? lustre_cfg_rec_free+0x350/0x350 [obdclass]
00013  ? llog_process_thread+0x1fd2/0x4f70 [obdclass]
00013  ? _raw_spin_unlock+0x23/0x40
00013  ? llog_process_thread_daemonize+0x16d/0x1b0 [obdclass]
00013  ? kthread+0x2cd/0x3a0
00013  ? llog_process_or_fork+0xc90/0xc90 [obdclass]
00013  ? kthread_unuse_mm+0x130/0x130
00013  ? ret_from_fork+0x18c/0x520
00013  ? kthread_unuse_mm+0x130/0x130
00013  ? ret_from_fork_asm+0x11/0x20
00013  </TASK>
00013 ---[ end trace 0000000000000000 ]---
00013 ------------[ cut here ]------------
00013 WARNING: /home/ktest/git/linux/include/linux/fs.h:889 at osd_create+0x9cf/0xcf0 [osd_wbcfs], CPU#1: llog_process_th/1794
00013 Modules linked in: ofd(O) osp(O) mdd(O) lod(O) mdt(O) lquota(O) lfsck(O) mgs(O) osd_wbcfs(O) lustre(O) obdecho(O) mgc(O) mdc(O) lov(O) osc(O) lmv(O) ec(O) fid(O) fld(O) ptlrpc(O) efivarfs obdclass(O) ksocklnd(O) lnet(O) libcfs(O)
00013 CPU: 1 UID: 0 PID: 1794 Comm: llog_process_th Tainted: G        W  O        7.0.0-ktest-295ad02-6330a45-20260816-dirty #1 PREEMPT 
00013 Tainted: [W]=WARN, [O]=OOT_MODULE
00013 Hardware name: QEMU Standard PC (Q35 + ICH9, 2009), BIOS 2025.11-3ubuntu7 03/31/2026
00013 RIP: 0010:osd_create+0x9cf/0xcf0 [osd_wbcfs]
00013 Code: c7 c7 00 96 7b a1 48 c7 c6 a0 12 7d a1 48 c7 c2 00 1c 7d a1 e8 52 f1 43 ff 48 c7 c7 00 96 7b a1 e8 46 81 44 ff e9 fe fc ff ff <0f> 0b e9 a5 fa ff ff 48 c7 c1 80 44 5d a0 80 e1 07 80 c1 03 38 c1
00013 RSP: 0018:ffffc900033a76e0 EFLAGS: 00010246
00013 RAX: 0000000000000000 RBX: ffff8881334dec00 RCX: 0000000000000046
00013 RDX: 0000000000000000 RSI: ffff88803e9989e8 RDI: ffff88802bd2cb18
00013 RBP: ffff88803e998958 R08: ffffffff83a16803 R09: 1ffffffff0742d00
00013 R10: dffffc0000000000 R11: fffffbfff0742d01 R12: ffff88803ea3c030
00013 R13: dffffc0000000000 R14: 1ffff1102669bd80 R15: 1ffff11007d47842
00013 FS:  0000000000000000(0000) GS:ffff8881d4aaa000(0000) knlGS:0000000000000000
00013 CS:  0010 DS: 0000 ES: 0000 CR0: 0000000080050033
00013 CR2: 00007f5a63d66020 CR3: 000000007a5fc000 CR4: 0000000000750eb0
00013 PKRU: 55555554
00013 Call Trace:
00013  <TASK>
00013  ? dt_find_or_create+0x81a/0x1170 [obdclass]
00013  ? ofd_fs_setup+0x42c/0xdd0 [ofd]
00013  ? ofd_device_alloc+0x1fc1/0x35e0 [ofd]
00013  ? obd_setup+0x25c/0x950 [obdclass]
00013  ? class_setup+0xc7d/0x10e0 [obdclass]
00013  ? class_process_config+0x2edb/0x7cb0 [obdclass]
00013  ? local_trylock_acquire+0xb/0x70
00013  ? __kasan_kmalloc+0x72/0x80
00013  ? class_config_llog_handler+0x2954/0x4f80 [obdclass]
00013  ? class_config_llog_handler+0x2cea/0x4f80 [obdclass]
00013  ? lustre_cfg_rec_free+0x350/0x350 [obdclass]
00013  ? llog_process_thread+0x1fd2/0x4f70 [obdclass]
00013  ? _raw_spin_unlock+0x23/0x40
00013  ? llog_process_thread_daemonize+0x16d/0x1b0 [obdclass]
00013  ? kthread+0x2cd/0x3a0
00013  ? llog_process_or_fork+0xc90/0xc90 [obdclass]
00013  ? kthread_unuse_mm+0x130/0x130
00013  ? ret_from_fork+0x18c/0x520
00013  ? kthread_unuse_mm+0x130/0x130
00013  ? ret_from_fork_asm+0x11/0x20
00013  </TASK>
00013 ---[ end trace 0000000000000000 ]---
00013 ------------[ cut here ]------------
00013 WARNING: /home/ktest/git/linux/include/linux/fs.h:889 at osd_create+0x9cf/0xcf0 [osd_wbcfs], CPU#1: llog_process_th/1794
00013 Modules linked in: ofd(O) osp(O) mdd(O) lod(O) mdt(O) lquota(O) lfsck(O) mgs(O) osd_wbcfs(O) lustre(O) obdecho(O) mgc(O) mdc(O) lov(O) osc(O) lmv(O) ec(O) fid(O) fld(O) ptlrpc(O) efivarfs obdclass(O) ksocklnd(O) lnet(O) libcfs(O)
00013 CPU: 1 UID: 0 PID: 1794 Comm: llog_process_th Tainted: G        W  O        7.0.0-ktest-295ad02-6330a45-20260816-dirty #1 PREEMPT 
00013 Tainted: [W]=WARN, [O]=OOT_MODULE
00013 Hardware name: QEMU Standard PC (Q35 + ICH9, 2009), BIOS 2025.11-3ubuntu7 03/31/2026
00013 RIP: 0010:osd_create+0x9cf/0xcf0 [osd_wbcfs]
00013 Code: c7 c7 00 96 7b a1 48 c7 c6 a0 12 7d a1 48 c7 c2 00 1c 7d a1 e8 52 f1 43 ff 48 c7 c7 00 96 7b a1 e8 46 81 44 ff e9 fe fc ff ff <0f> 0b e9 a5 fa ff ff 48 c7 c1 80 44 5d a0 80 e1 07 80 c1 03 38 c1
00013 RSP: 0018:ffffc900033a76e0 EFLAGS: 00010246
00013 RAX: 0000000000000000 RBX: ffff8881334ddc00 RCX: 0000000000000046
00013 RDX: 0000000000000000 RSI: ffff88803e9982d0 RDI: ffff88802bd2cb18
00013 RBP: ffff88803e998240 R08: ffffffff83a16803 R09: 1ffffffff0742d00
00013 R10: dffffc0000000000 R11: fffffbfff0742d01 R12: ffff88803ea3c030
00013 R13: dffffc0000000000 R14: 1ffff1102669bb80 R15: 1ffff11007d47842
00013 FS:  0000000000000000(0000) GS:ffff8881d4aaa000(0000) knlGS:0000000000000000
00013 CS:  0010 DS: 0000 ES: 0000 CR0: 0000000080050033
00013 CR2: 00007f5a63d66020 CR3: 000000007a5fc000 CR4: 0000000000750eb0
00013 PKRU: 55555554
00013 Call Trace:
00013  <TASK>
00013  ? dt_find_or_create+0x81a/0x1170 [obdclass]
00013  ? ofd_fs_setup+0x57f/0xdd0 [ofd]
00013  ? ofd_device_alloc+0x1fc1/0x35e0 [ofd]
00013  ? obd_setup+0x25c/0x950 [obdclass]
00013  ? class_setup+0xc7d/0x10e0 [obdclass]
00013  ? class_process_config+0x2edb/0x7cb0 [obdclass]
00013  ? local_trylock_acquire+0xb/0x70
00013  ? __kasan_kmalloc+0x72/0x80
00013  ? class_config_llog_handler+0x2954/0x4f80 [obdclass]
00013  ? class_config_llog_handler+0x2cea/0x4f80 [obdclass]
00013  ? lustre_cfg_rec_free+0x350/0x350 [obdclass]
00013  ? llog_process_thread+0x1fd2/0x4f70 [obdclass]
00013  ? _raw_spin_unlock+0x23/0x40
00013  ? llog_process_thread_daemonize+0x16d/0x1b0 [obdclass]
00013  ? kthread+0x2cd/0x3a0
00013  ? llog_process_or_fork+0xc90/0xc90 [obdclass]
00013  ? kthread_unuse_mm+0x130/0x130
00013  ? ret_from_fork+0x18c/0x520
00013  ? kthread_unuse_mm+0x130/0x130
00013  ? ret_from_fork_asm+0x11/0x20
00013  </TASK>
00013 ---[ end trace 0000000000000000 ]---
00013 ------------[ cut here ]------------
00013 WARNING: /home/ktest/git/linux/include/linux/fs.h:889 at osd_create+0x9cf/0xcf0 [osd_wbcfs], CPU#1: llog_process_th/1794
00013 Modules linked in: ofd(O) osp(O) mdd(O) lod(O) mdt(O) lquota(O) lfsck(O) mgs(O) osd_wbcfs(O) lustre(O) obdecho(O) mgc(O) mdc(O) lov(O) osc(O) lmv(O) ec(O) fid(O) fld(O) ptlrpc(O) efivarfs obdclass(O) ksocklnd(O) lnet(O) libcfs(O)
00013 CPU: 1 UID: 0 PID: 1794 Comm: llog_process_th Tainted: G        W  O        7.0.0-ktest-295ad02-6330a45-20260816-dirty #1 PREEMPT 
00013 Tainted: [W]=WARN, [O]=OOT_MODULE
00013 Hardware name: QEMU Standard PC (Q35 + ICH9, 2009), BIOS 2025.11-3ubuntu7 03/31/2026
00013 RIP: 0010:osd_create+0x9cf/0xcf0 [osd_wbcfs]
00013 Code: c7 c7 00 96 7b a1 48 c7 c6 a0 12 7d a1 48 c7 c2 00 1c 7d a1 e8 52 f1 43 ff 48 c7 c7 00 96 7b a1 e8 46 81 44 ff e9 fe fc ff ff <0f> 0b e9 a5 fa ff ff 48 c7 c1 80 44 5d a0 80 e1 07 80 c1 03 38 c1
00013 RSP: 0018:ffffc900033a74a8 EFLAGS: 00010246
00013 RAX: 0000000000000000 RBX: ffff8881334fac00 RCX: 0000000000000046
00013 RDX: ffffffff84c44d40 RSI: ffff88803e987b68 RDI: ffff88802bd2cb18
00013 RBP: ffff88803e987ad8 R08: 0000000000000001 R09: 0000000000000000
00013 R10: dffffc0000000000 R11: ffffed1007d30f50 R12: ffff888045e8c418
00013 R13: dffffc0000000000 R14: 1ffff1102669f580 R15: 1ffff11008bd1892
00013 FS:  0000000000000000(0000) GS:ffff8881d4aaa000(0000) knlGS:0000000000000000
00013 CS:  0010 DS: 0000 ES: 0000 CR0: 0000000080050033
00013 CR2: 00007f5a63d66020 CR3: 000000007a5fc000 CR4: 0000000000750eb0
00013 PKRU: 55555554
00013 Call Trace:
00013  <TASK>
00013  ? local_object_create+0x109/0x640 [obdclass]
00013  ? dt_write_lock+0x16d/0x2a0 [obdclass]
00013  ? __local_file_create+0xce4/0x1bc0 [obdclass]
00013  ? local_index_find_or_create+0x1dc/0x2c0 [obdclass]
00013  ? nodemap_cache_find_create+0x4f9/0xe80 [ptlrpc]
00013  ? nodemap_save_config_cache+0x123/0x19b0 [ptlrpc]
00013  ? nm_config_file_register_tgt+0x19b/0x860 [ptlrpc]
00013  ? nm_config_file_register_tgt+0x1a9/0x860 [ptlrpc]
00013  ? ofd_device_alloc+0x219a/0x35e0 [ofd]
00013  ? obd_setup+0x25c/0x950 [obdclass]
00013  ? class_setup+0xc7d/0x10e0 [obdclass]
00013  ? class_process_config+0x2edb/0x7cb0 [obdclass]
00013  ? local_trylock_acquire+0xb/0x70
00013  ? __kasan_kmalloc+0x72/0x80
00013  ? class_config_llog_handler+0x2954/0x4f80 [obdclass]
00013  ? class_config_llog_handler+0x2cea/0x4f80 [obdclass]
00013  ? lustre_cfg_rec_free+0x350/0x350 [obdclass]
00013  ? llog_process_thread+0x1fd2/0x4f70 [obdclass]
00013  ? _raw_spin_unlock+0x23/0x40
00013  ? llog_process_thread_daemonize+0x16d/0x1b0 [obdclass]
00013  ? kthread+0x2cd/0x3a0
00013  ? llog_process_or_fork+0xc90/0xc90 [obdclass]
00013  ? kthread_unuse_mm+0x130/0x130
00013  ? ret_from_fork+0x18c/0x520
00013  ? kthread_unuse_mm+0x130/0x130
00013  ? ret_from_fork_asm+0x11/0x20
00013  </TASK>
00013 ---[ end trace 0000000000000000 ]---
00013 ------------[ cut here ]------------
00013 WARNING: /home/ktest/git/linux/include/linux/fs.h:889 at osd_create+0x9cf/0xcf0 [osd_wbcfs], CPU#2: ll_mgs_0002/1726
00013 Modules linked in: ofd(O) osp(O) mdd(O) lod(O) mdt(O) lquota(O) lfsck(O) mgs(O) osd_wbcfs(O) lustre(O) obdecho(O) mgc(O) mdc(O) lov(O) osc(O) lmv(O) ec(O) fid(O) fld(O) ptlrpc(O) efivarfs obdclass(O) ksocklnd(O) lnet(O) libcfs(O)
00013 CPU: 2 UID: 0 PID: 1726 Comm: ll_mgs_0002 Tainted: G        W  O        7.0.0-ktest-295ad02-6330a45-20260816-dirty #1 PREEMPT 
00013 Tainted: [W]=WARN, [O]=OOT_MODULE
00013 Hardware name: QEMU Standard PC (Q35 + ICH9, 2009), BIOS 2025.11-3ubuntu7 03/31/2026
00013 RIP: 0010:osd_create+0x9cf/0xcf0 [osd_wbcfs]
00013 Code: c7 c7 00 96 7b a1 48 c7 c6 a0 12 7d a1 48 c7 c2 00 1c 7d a1 e8 52 f1 43 ff 48 c7 c7 00 96 7b a1 e8 46 81 44 ff e9 fe fc ff ff <0f> 0b e9 a5 fa ff ff 48 c7 c1 80 44 5d a0 80 e1 07 80 c1 03 38 c1
00013 RSP: 0018:ffffc900012c76f0 EFLAGS: 00010246
00013 RAX: 0000000000000000 RBX: ffff888133d00400 RCX: 0000000000000046
00013 RDX: 0000000000000000 RSI: ffff888029adfb68 RDI: ffff88802e69cb68
00013 RBP: ffff888029adfad8 R08: ffffffff83a16803 R09: 1ffffffff0742d00
00013 R10: dffffc0000000000 R11: fffffbfff0742d01 R12: ffff8881197a7000
00013 R13: dffffc0000000000 R14: 1ffff110267a0080 R15: 1ffff110232f4e0f
00013 FS:  0000000000000000(0000) GS:ffff8881d4b2a000(0000) knlGS:0000000000000000
00013 CS:  0010 DS: 0000 ES: 0000 CR0: 0000000080050033
00013 CR2: 0000557f247018b8 CR3: 0000000118aaf000 CR4: 0000000000750eb0
00013 PKRU: 55555554
00013 Call Trace:
00013  <TASK>
00013  ? local_object_create+0x109/0x640 [obdclass]
00013  ? dt_write_lock+0x16d/0x2a0 [obdclass]
00013  ? llog_osd_create+0x356/0x10d0 [obdclass]
00013  ? llog_create+0x2ed/0x530 [obdclass]
00013  ? llog_open_create+0x6e7/0xb30 [obdclass]
00013  ? record_start_log+0x348/0xa40 [mgs]
00013  ? mgs_write_log_target+0x16f2/0x6ab0 [mgs]
00013  ? mgs_target_reg+0x254e/0x4480 [mgs]
00013  ? tgt_request_handle+0x23ad/0x3d30 [ptlrpc]
00013  ? ptlrpc_main+0x6359/0x96f0 [ptlrpc]
00013  ? __kthread_parkme+0x73/0x130
00013  ? kthread+0x2cd/0x3a0
00013  ? ptlrpc_start_thread+0x1f10/0x1f10 [ptlrpc]
00013  ? kthread_unuse_mm+0x130/0x130
00013  ? ret_from_fork+0x18c/0x520
00013  ? kthread_unuse_mm+0x130/0x130
00013  ? ret_from_fork_asm+0x11/0x20
00013  </TASK>
00013 ---[ end trace 0000000000000000 ]---
00013 ------------[ cut here ]------------
00013 WARNING: /home/ktest/git/linux/include/linux/fs.h:889 at osd_create+0x9cf/0xcf0 [osd_wbcfs], CPU#3: llog_process_th/1802
00013 Modules linked in: ofd(O) osp(O) mdd(O) lod(O) mdt(O) lquota(O) lfsck(O) mgs(O) osd_wbcfs(O) lustre(O) obdecho(O) mgc(O) mdc(O) lov(O) osc(O) lmv(O) ec(O) fid(O) fld(O) ptlrpc(O) efivarfs obdclass(O) ksocklnd(O) lnet(O) libcfs(O)
00013 CPU: 3 UID: 0 PID: 1802 Comm: llog_process_th Tainted: G        W  O        7.0.0-ktest-295ad02-6330a45-20260816-dirty #1 PREEMPT 
00013 Tainted: [W]=WARN, [O]=OOT_MODULE
00013 Hardware name: QEMU Standard PC (Q35 + ICH9, 2009), BIOS 2025.11-3ubuntu7 03/31/2026
00013 RIP: 0010:osd_create+0x9cf/0xcf0 [osd_wbcfs]
00013 Code: c7 c7 00 96 7b a1 48 c7 c6 a0 12 7d a1 48 c7 c2 00 1c 7d a1 e8 52 f1 43 ff 48 c7 c7 00 96 7b a1 e8 46 81 44 ff e9 fe fc ff ff <0f> 0b e9 a5 fa ff ff 48 c7 c1 80 44 5d a0 80 e1 07 80 c1 03 38 c1
00013 RSP: 0018:ffffc9000159f618 EFLAGS: 00010246
00013 RAX: 0000000000000000 RBX: ffff888132d26800 RCX: 0000000000000046
00013 RDX: 0000000000000000 RSI: ffff88803e99fb68 RDI: ffff88802bf8aa58
00013 RBP: ffff88803e99fad8 R08: ffffffff83a16803 R09: 1ffffffff0742d00
00013 R10: dffffc0000000000 R11: fffffbfff0742d01 R12: ffffc9000159f788
00013 R13: dffffc0000000000 R14: 1ffff110265a4d00 R15: 1ffff920002b3efe
00013 FS:  0000000000000000(0000) GS:ffff8881d4baa000(0000) knlGS:0000000000000000
00013 CS:  0010 DS: 0000 ES: 0000 CR0: 0000000080050033
00013 CR2: 000055f938c212b8 CR3: 000000011bd98000 CR4: 0000000000750eb0
00013 PKRU: 55555554
00013 Call Trace:
00013  <TASK>
00013  ? dt_find_or_create+0x81a/0x1170 [obdclass]
00013  ? tgt_init+0xb72/0x2a60 [ptlrpc]
00013  ? ofd_device_alloc+0x1da8/0x35e0 [ofd]
00013  ? obd_setup+0x25c/0x950 [obdclass]
00013  ? class_setup+0xc7d/0x10e0 [obdclass]
00013  ? class_process_config+0x2edb/0x7cb0 [obdclass]
00013  ? __kasan_kmalloc+0x72/0x80
00013  ? class_config_llog_handler+0x2954/0x4f80 [obdclass]
00013  ? class_config_llog_handler+0x2cea/0x4f80 [obdclass]
00013  ? lustre_cfg_rec_free+0x350/0x350 [obdclass]
00013  ? llog_process_thread+0x1fd2/0x4f70 [obdclass]
00013  ? _raw_spin_unlock+0x23/0x40
00013  ? llog_process_thread_daemonize+0x16d/0x1b0 [obdclass]
00013  ? kthread+0x2cd/0x3a0
00013  ? llog_process_or_fork+0xc90/0xc90 [obdclass]
00013  ? kthread_unuse_mm+0x130/0x130
00013  ? ret_from_fork+0x18c/0x520
00013  ? kthread_unuse_mm+0x130/0x130
00013  ? ret_from_fork_asm+0x11/0x20
00013  </TASK>
00013 ---[ end trace 0000000000000000 ]---
00013 ------------[ cut here ]------------
00013 WARNING: /home/ktest/git/linux/include/linux/fs.h:889 at osd_create+0x9cf/0xcf0 [osd_wbcfs], CPU#3: llog_process_th/1802
00013 Modules linked in: ofd(O) osp(O) mdd(O) lod(O) mdt(O) lquota(O) lfsck(O) mgs(O) osd_wbcfs(O) lustre(O) obdecho(O) mgc(O) mdc(O) lov(O) osc(O) lmv(O) ec(O) fid(O) fld(O) ptlrpc(O) efivarfs obdclass(O) ksocklnd(O) lnet(O) libcfs(O)
00013 CPU: 3 UID: 0 PID: 1802 Comm: llog_process_th Tainted: G        W  O        7.0.0-ktest-295ad02-6330a45-20260816-dirty #1 PREEMPT 
00013 Tainted: [W]=WARN, [O]=OOT_MODULE
00013 Hardware name: QEMU Standard PC (Q35 + ICH9, 2009), BIOS 2025.11-3ubuntu7 03/31/2026
00013 RIP: 0010:osd_create+0x9cf/0xcf0 [osd_wbcfs]
00013 Code: c7 c7 00 96 7b a1 48 c7 c6 a0 12 7d a1 48 c7 c2 00 1c 7d a1 e8 52 f1 43 ff 48 c7 c7 00 96 7b a1 e8 46 81 44 ff e9 fe fc ff ff <0f> 0b e9 a5 fa ff ff 48 c7 c1 80 44 5d a0 80 e1 07 80 c1 03 38 c1
00013 RSP: 0018:ffffc9000159f4f0 EFLAGS: 00010246
00013 RAX: 0000000000000000 RBX: ffff888132d26400 RCX: 0000000000000046
00013 RDX: 0000000000000000 RSI: ffff88803e99f450 RDI: ffff88802bf8aa58
00013 RBP: ffff88803e99f3c0 R08: ffffffff83a16803 R09: 1ffffffff0742d00
00013 R10: dffffc0000000000 R11: fffffbfff0742d01 R12: ffffc9000159f5f0
00013 R13: dffffc0000000000 R14: 1ffff110265a4c80 R15: 1ffff920002b3ebc
00013 FS:  0000000000000000(0000) GS:ffff8881d4baa000(0000) knlGS:0000000000000000
00013 CS:  0010 DS: 0000 ES: 0000 CR0: 0000000080050033
00013 CR2: 000055f938c212b8 CR3: 000000011bd98000 CR4: 0000000000750eb0
00013 PKRU: 55555554
00013 Call Trace:
00013  <TASK>
00013  ? dt_find_or_create+0x81a/0x1170 [obdclass]
00013  ? seq_store_init+0x155/0x360 [fid]
00013  ? seq_server_init+0x290/0xba0 [fid]
00013  ? ofd_fid_init+0x41c/0xf80 [ofd]
00013  ? ofd_seqs_init+0xb6/0x1370 [ofd]
00013  ? ofd_fs_setup+0x13c/0xdd0 [ofd]
00013  ? ofd_device_alloc+0x1fc1/0x35e0 [ofd]
00013  ? obd_setup+0x25c/0x950 [obdclass]
00013  ? class_setup+0xc7d/0x10e0 [obdclass]
00013  ? class_process_config+0x2edb/0x7cb0 [obdclass]
00013  ? __kasan_kmalloc+0x72/0x80
00013  ? class_config_llog_handler+0x2954/0x4f80 [obdclass]
00013  ? class_config_llog_handler+0x2cea/0x4f80 [obdclass]
00013  ? lustre_cfg_rec_free+0x350/0x350 [obdclass]
00013  ? llog_process_thread+0x1fd2/0x4f70 [obdclass]
00013  ? _raw_spin_unlock+0x23/0x40
00013  ? llog_process_thread_daemonize+0x16d/0x1b0 [obdclass]
00013  ? kthread+0x2cd/0x3a0
00013  ? llog_process_or_fork+0xc90/0xc90 [obdclass]
00013  ? kthread_unuse_mm+0x130/0x130
00013  ? ret_from_fork+0x18c/0x520
00013  ? kthread_unuse_mm+0x130/0x130
00013  ? ret_from_fork_asm+0x11/0x20
00013  </TASK>
00013 ---[ end trace 0000000000000000 ]---
00013 ------------[ cut here ]------------
00013 WARNING: /home/ktest/git/linux/include/linux/fs.h:889 at osd_create+0x9cf/0xcf0 [osd_wbcfs], CPU#3: llog_process_th/1802
00013 Modules linked in: ofd(O) osp(O) mdd(O) lod(O) mdt(O) lquota(O) lfsck(O) mgs(O) osd_wbcfs(O) lustre(O) obdecho(O) mgc(O) mdc(O) lov(O) osc(O) lmv(O) ec(O) fid(O) fld(O) ptlrpc(O) efivarfs obdclass(O) ksocklnd(O) lnet(O) libcfs(O)
00013 CPU: 3 UID: 0 PID: 1802 Comm: llog_process_th Tainted: G        W  O        7.0.0-ktest-295ad02-6330a45-20260816-dirty #1 PREEMPT 
00013 Tainted: [W]=WARN, [O]=OOT_MODULE
00013 Hardware name: QEMU Standard PC (Q35 + ICH9, 2009), BIOS 2025.11-3ubuntu7 03/31/2026
00013 RIP: 0010:osd_create+0x9cf/0xcf0 [osd_wbcfs]
00013 Code: c7 c7 00 96 7b a1 48 c7 c6 a0 12 7d a1 48 c7 c2 00 1c 7d a1 e8 52 f1 43 ff 48 c7 c7 00 96 7b a1 e8 46 81 44 ff e9 fe fc ff ff <0f> 0b e9 a5 fa ff ff 48 c7 c1 80 44 5d a0 80 e1 07 80 c1 03 38 c1
00013 RSP: 0018:ffffc9000159f530 EFLAGS: 00010246
00013 RAX: 0000000000000000 RBX: ffff888135783400 RCX: 0000000000000046
00013 RDX: ffffffff84c44d40 RSI: ffff88803e99ed38 RDI: ffff88802bf8aa58
00013 RBP: ffff88803e99eca8 R08: 0000000000000001 R09: 0000000000000000
00013 R10: dffffc0000000000 R11: ffffed1007d33d8a R12: ffff888131c57100
00013 R13: dffffc0000000000 R14: 1ffff11026af0680 R15: 1ffff920002b3edb
00013 FS:  0000000000000000(0000) GS:ffff8881d4baa000(0000) knlGS:0000000000000000
00013 CS:  0010 DS: 0000 ES: 0000 CR0: 0000000080050033
00013 CR2: 000055f938c212b8 CR3: 000000011bd98000 CR4: 0000000000750eb0
00013 PKRU: 55555554
00013 Call Trace:
00013  <TASK>
00013  ? dt_find_or_create+0x81a/0x1170 [obdclass]
00013  ? fld_index_init+0x404/0x1610 [fld]
00013  ? is_module_address+0x1b/0x70
00013  ? is_module_address+0x5e/0x70
00013  ? __asan_memset+0x22/0x40
00013  ? fld_server_init+0x1d7/0x580 [fld]
00013  ? ofd_seqs_init+0x430/0x1370 [ofd]
00013  ? ofd_fs_setup+0x13c/0xdd0 [ofd]
00013  ? ofd_device_alloc+0x1fc1/0x35e0 [ofd]
00013  ? obd_setup+0x25c/0x950 [obdclass]
00013  ? class_setup+0xc7d/0x10e0 [obdclass]
00013  ? class_process_config+0x2edb/0x7cb0 [obdclass]
00013  ? __kasan_kmalloc+0x72/0x80
00013  ? class_config_llog_handler+0x2954/0x4f80 [obdclass]
00013  ? class_config_llog_handler+0x2cea/0x4f80 [obdclass]
00013  ? lustre_cfg_rec_free+0x350/0x350 [obdclass]
00013  ? llog_process_thread+0x1fd2/0x4f70 [obdclass]
00013  ? _raw_spin_unlock+0x23/0x40
00013  ? llog_process_thread_daemonize+0x16d/0x1b0 [obdclass]
00013  ? kthread+0x2cd/0x3a0
00013  ? llog_process_or_fork+0xc90/0xc90 [obdclass]
00013  ? kthread_unuse_mm+0x130/0x130
00013  ? ret_from_fork+0x18c/0x520
00013  ? kthread_unuse_mm+0x130/0x130
00013  ? ret_from_fork_asm+0x11/0x20
00013  </TASK>
00013 ---[ end trace 0000000000000000 ]---
00013 ------------[ cut here ]------------
00013 WARNING: /home/ktest/git/linux/include/linux/fs.h:889 at osd_create+0x9cf/0xcf0 [osd_wbcfs], CPU#3: llog_process_th/1802
00013 Modules linked in: ofd(O) osp(O) mdd(O) lod(O) mdt(O) lquota(O) lfsck(O) mgs(O) osd_wbcfs(O) lustre(O) obdecho(O) mgc(O) mdc(O) lov(O) osc(O) lmv(O) ec(O) fid(O) fld(O) ptlrpc(O) efivarfs obdclass(O) ksocklnd(O) lnet(O) libcfs(O)
00013 CPU: 3 UID: 0 PID: 1802 Comm: llog_process_th Tainted: G        W  O        7.0.0-ktest-295ad02-6330a45-20260816-dirty #1 PREEMPT 
00013 Tainted: [W]=WARN, [O]=OOT_MODULE
00013 Hardware name: QEMU Standard PC (Q35 + ICH9, 2009), BIOS 2025.11-3ubuntu7 03/31/2026
00013 RIP: 0010:osd_create+0x9cf/0xcf0 [osd_wbcfs]
00013 Code: c7 c7 00 96 7b a1 48 c7 c6 a0 12 7d a1 48 c7 c2 00 1c 7d a1 e8 52 f1 43 ff 48 c7 c7 00 96 7b a1 e8 46 81 44 ff e9 fe fc ff ff <0f> 0b e9 a5 fa ff ff 48 c7 c1 80 44 5d a0 80 e1 07 80 c1 03 38 c1
00013 RSP: 0018:ffffc9000159f6e0 EFLAGS: 00010246
00013 RAX: 0000000000000000 RBX: ffff888135780000 RCX: 0000000000000046
00013 RDX: 0000000000000000 RSI: ffff88803e99e620 RDI: ffff88802bf8aa58
00013 RBP: ffff88803e99e590 R08: ffffffff83a16803 R09: 1ffffffff0742d00
00013 R10: dffffc0000000000 R11: fffffbfff0742d01 R12: ffff88802dce6030
00013 R13: dffffc0000000000 R14: 1ffff11026af0000 R15: 1ffff11005b9cc42
00013 FS:  0000000000000000(0000) GS:ffff8881d4baa000(0000) knlGS:0000000000000000
00013 CS:  0010 DS: 0000 ES: 0000 CR0: 0000000080050033
00013 CR2: 000055f938c212b8 CR3: 000000011bd98000 CR4: 0000000000750eb0
00013 PKRU: 55555554
00013 Call Trace:
00013  <TASK>
00013  ? dt_find_or_create+0x81a/0x1170 [obdclass]
00013  ? ofd_fs_setup+0x42c/0xdd0 [ofd]
00013  ? ofd_device_alloc+0x1fc1/0x35e0 [ofd]
00013  ? obd_setup+0x25c/0x950 [obdclass]
00013  ? class_setup+0xc7d/0x10e0 [obdclass]
00013  ? class_process_config+0x2edb/0x7cb0 [obdclass]
00013  ? __kasan_kmalloc+0x72/0x80
00013  ? class_config_llog_handler+0x2954/0x4f80 [obdclass]
00013  ? class_config_llog_handler+0x2cea/0x4f80 [obdclass]
00013  ? lustre_cfg_rec_free+0x350/0x350 [obdclass]
00013  ? llog_process_thread+0x1fd2/0x4f70 [obdclass]
00013  ? _raw_spin_unlock+0x23/0x40
00013  ? llog_process_thread_daemonize+0x16d/0x1b0 [obdclass]
00013  ? kthread+0x2cd/0x3a0
00013  ? llog_process_or_fork+0xc90/0xc90 [obdclass]
00013  ? kthread_unuse_mm+0x130/0x130
00013  ? ret_from_fork+0x18c/0x520
00013  ? kthread_unuse_mm+0x130/0x130
00013  ? ret_from_fork_asm+0x11/0x20
00013  </TASK>
00013 ---[ end trace 0000000000000000 ]---
00013 ------------[ cut here ]------------
00013 WARNING: /home/ktest/git/linux/include/linux/fs.h:889 at osd_create+0x9cf/0xcf0 [osd_wbcfs], CPU#3: llog_process_th/1802
00013 Modules linked in: ofd(O) osp(O) mdd(O) lod(O) mdt(O) lquota(O) lfsck(O) mgs(O) osd_wbcfs(O) lustre(O) obdecho(O) mgc(O) mdc(O) lov(O) osc(O) lmv(O) ec(O) fid(O) fld(O) ptlrpc(O) efivarfs obdclass(O) ksocklnd(O) lnet(O) libcfs(O)
00013 CPU: 3 UID: 0 PID: 1802 Comm: llog_process_th Tainted: G        W  O        7.0.0-ktest-295ad02-6330a45-20260816-dirty #1 PREEMPT 
00013 Tainted: [W]=WARN, [O]=OOT_MODULE
00013 Hardware name: QEMU Standard PC (Q35 + ICH9, 2009), BIOS 2025.11-3ubuntu7 03/31/2026
00013 RIP: 0010:osd_create+0x9cf/0xcf0 [osd_wbcfs]
00013 Code: c7 c7 00 96 7b a1 48 c7 c6 a0 12 7d a1 48 c7 c2 00 1c 7d a1 e8 52 f1 43 ff 48 c7 c7 00 96 7b a1 e8 46 81 44 ff e9 fe fc ff ff <0f> 0b e9 a5 fa ff ff 48 c7 c1 80 44 5d a0 80 e1 07 80 c1 03 38 c1
00013 RSP: 0018:ffffc9000159f6e0 EFLAGS: 00010246
00013 RAX: 0000000000000000 RBX: ffff888135781000 RCX: 0000000000000046
00013 RDX: 0000000000000000 RSI: ffff88803e99df08 RDI: ffff88802bf8aa58
00013 RBP: ffff88803e99de78 R08: ffffffff83a16803 R09: 1ffffffff0742d00
00013 R10: dffffc0000000000 R11: fffffbfff0742d01 R12: ffff88802dce6030
00013 R13: dffffc0000000000 R14: 1ffff11026af0200 R15: 1ffff11005b9cc42
00013 FS:  0000000000000000(0000) GS:ffff8881d4baa000(0000) knlGS:0000000000000000
00013 CS:  0010 DS: 0000 ES: 0000 CR0: 0000000080050033
00013 CR2: 000055f938c212b8 CR3: 000000011bd98000 CR4: 0000000000750eb0
00013 PKRU: 55555554
00013 Call Trace:
00013  <TASK>
00013  ? dt_find_or_create+0x81a/0x1170 [obdclass]
00013  ? ofd_fs_setup+0x57f/0xdd0 [ofd]
00013  ? ofd_device_alloc+0x1fc1/0x35e0 [ofd]
00013  ? obd_setup+0x25c/0x950 [obdclass]
00013  ? class_setup+0xc7d/0x10e0 [obdclass]
00013  ? class_process_config+0x2edb/0x7cb0 [obdclass]
00013  ? __kasan_kmalloc+0x72/0x80
00013  ? class_config_llog_handler+0x2954/0x4f80 [obdclass]
00013  ? class_config_llog_handler+0x2cea/0x4f80 [obdclass]
00013  ? lustre_cfg_rec_free+0x350/0x350 [obdclass]
00013  ? llog_process_thread+0x1fd2/0x4f70 [obdclass]
00013  ? _raw_spin_unlock+0x23/0x40
00013  ? llog_process_thread_daemonize+0x16d/0x1b0 [obdclass]
00013  ? kthread+0x2cd/0x3a0
00013  ? llog_process_or_fork+0xc90/0xc90 [obdclass]
00013  ? kthread_unuse_mm+0x130/0x130
00013  ? ret_from_fork+0x18c/0x520
00013  ? kthread_unuse_mm+0x130/0x130
00013  ? ret_from_fork_asm+0x11/0x20
00013  </TASK>
00013 ---[ end trace 0000000000000000 ]---
00013 ------------[ cut here ]------------
00013 WARNING: /home/ktest/git/linux/include/linux/fs.h:889 at osd_create+0x9cf/0xcf0 [osd_wbcfs], CPU#3: llog_process_th/1802
00013 Modules linked in: ofd(O) osp(O) mdd(O) lod(O) mdt(O) lquota(O) lfsck(O) mgs(O) osd_wbcfs(O) lustre(O) obdecho(O) mgc(O) mdc(O) lov(O) osc(O) lmv(O) ec(O) fid(O) fld(O) ptlrpc(O) efivarfs obdclass(O) ksocklnd(O) lnet(O) libcfs(O)
00013 CPU: 3 UID: 0 PID: 1802 Comm: llog_process_th Tainted: G        W  O        7.0.0-ktest-295ad02-6330a45-20260816-dirty #1 PREEMPT 
00013 Tainted: [W]=WARN, [O]=OOT_MODULE
00013 Hardware name: QEMU Standard PC (Q35 + ICH9, 2009), BIOS 2025.11-3ubuntu7 03/31/2026
00013 RIP: 0010:osd_create+0x9cf/0xcf0 [osd_wbcfs]
00013 Code: c7 c7 00 96 7b a1 48 c7 c6 a0 12 7d a1 48 c7 c2 00 1c 7d a1 e8 52 f1 43 ff 48 c7 c7 00 96 7b a1 e8 46 81 44 ff e9 fe fc ff ff <0f> 0b e9 a5 fa ff ff 48 c7 c1 80 44 5d a0 80 e1 07 80 c1 03 38 c1
00013 RSP: 0018:ffffc9000159f4a8 EFLAGS: 00010246
00013 RAX: 0000000000000000 RBX: ffff888135782400 RCX: 0000000000000046
00013 RDX: ffffffff84c44d40 RSI: ffff88803e99d7f0 RDI: ffff88802bf8aa58
00013 RBP: ffff88803e99d760 R08: 0000000000000001 R09: 0000000000000000
00013 R10: dffffc0000000000 R11: ffffed1007d33ae1 R12: ffff88804637b418
00013 R13: dffffc0000000000 R14: 1ffff11026af0480 R15: 1ffff11008c6f692
00013 FS:  0000000000000000(0000) GS:ffff8881d4baa000(0000) knlGS:0000000000000000
00013 CS:  0010 DS: 0000 ES: 0000 CR0: 0000000080050033
00013 CR2: 000055f938c212b8 CR3: 000000011bd98000 CR4: 0000000000750eb0
00013 PKRU: 55555554
00013 Call Trace:
00013  <TASK>
00013  ? local_object_create+0x109/0x640 [obdclass]
00013  ? dt_write_lock+0x16d/0x2a0 [obdclass]
00013  ? __local_file_create+0xce4/0x1bc0 [obdclass]
00013  ? local_index_find_or_create+0x1dc/0x2c0 [obdclass]
00013  ? nodemap_cache_find_create+0x4f9/0xe80 [ptlrpc]
00013  ? nodemap_save_config_cache+0x123/0x19b0 [ptlrpc]
00013  ? nm_config_file_register_tgt+0x19b/0x860 [ptlrpc]
00013  ? nm_config_file_register_tgt+0x1a9/0x860 [ptlrpc]
00013  ? ofd_device_alloc+0x219a/0x35e0 [ofd]
00013  ? obd_setup+0x25c/0x950 [obdclass]
00013  ? class_setup+0xc7d/0x10e0 [obdclass]
00013  ? class_process_config+0x2edb/0x7cb0 [obdclass]
00013  ? __kasan_kmalloc+0x72/0x80
00013  ? class_config_llog_handler+0x2954/0x4f80 [obdclass]
00013  ? class_config_llog_handler+0x2cea/0x4f80 [obdclass]
00013  ? lustre_cfg_rec_free+0x350/0x350 [obdclass]
00013  ? llog_process_thread+0x1fd2/0x4f70 [obdclass]
00013  ? _raw_spin_unlock+0x23/0x40
00013  ? llog_process_thread_daemonize+0x16d/0x1b0 [obdclass]
00013  ? kthread+0x2cd/0x3a0
00013  ? llog_process_or_fork+0xc90/0xc90 [obdclass]
00013  ? kthread_unuse_mm+0x130/0x130
00013  ? ret_from_fork+0x18c/0x520
00013  ? kthread_unuse_mm+0x130/0x130
00013  ? ret_from_fork_asm+0x11/0x20
00013  </TASK>
00013 ---[ end trace 0000000000000000 ]---
00020 ------------[ cut here ]------------
00020 WARNING: /home/ktest/git/linux/include/linux/fs.h:889 at osd_create+0x9cf/0xcf0 [osd_wbcfs], CPU#2: llog_process_th/1816
00020 Modules linked in: ofd(O) osp(O) mdd(O) lod(O) mdt(O) lquota(O) lfsck(O) mgs(O) osd_wbcfs(O) lustre(O) obdecho(O) mgc(O) mdc(O) lov(O) osc(O) lmv(O) ec(O) fid(O) fld(O) ptlrpc(O) efivarfs obdclass(O) ksocklnd(O) lnet(O) libcfs(O)
00020 CPU: 2 UID: 0 PID: 1816 Comm: llog_process_th Tainted: G        W  O        7.0.0-ktest-295ad02-6330a45-20260816-dirty #1 PREEMPT 
00020 Tainted: [W]=WARN, [O]=OOT_MODULE
00020 Hardware name: QEMU Standard PC (Q35 + ICH9, 2009), BIOS 2025.11-3ubuntu7 03/31/2026
00020 RIP: 0010:osd_create+0x9cf/0xcf0 [osd_wbcfs]
00020 Code: c7 c7 00 96 7b a1 48 c7 c6 a0 12 7d a1 48 c7 c2 00 1c 7d a1 e8 52 f1 43 ff 48 c7 c7 00 96 7b a1 e8 46 81 44 ff e9 fe fc ff ff <0f> 0b e9 a5 fa ff ff 48 c7 c1 80 44 5d a0 80 e1 07 80 c1 03 38 c1
00020 RSP: 0018:ffffc90006f976c0 EFLAGS: 00010246
00020 RAX: 0000000000000000 RBX: ffff888132543800 RCX: 0000000000000046
00020 RDX: 0000000000000000 RSI: ffff888029adf450 RDI: ffff88802e294b18
00020 RBP: ffff888029adf3c0 R08: ffffffff83a16803 R09: 1ffffffff0742d00
00020 R10: dffffc0000000000 R11: fffffbfff0742d01 R12: ffff88811b74c830
00020 R13: dffffc0000000000 R14: 1ffff110264a8700 R15: 1ffff92000df2ef8
00020 FS:  0000000000000000(0000) GS:ffff8881d4b2a000(0000) knlGS:0000000000000000
00020 CS:  0010 DS: 0000 ES: 0000 CR0: 0000000080050033
00020 CR2: 00007fbb3e205780 CR3: 0000000004274000 CR4: 0000000000750eb0
00020 PKRU: 55555554
00020 Call Trace:
00020  <TASK>
00020  ? dt_find_or_create+0x81a/0x1170 [obdclass]
00020  ? osp_find_or_create_local_file+0x266/0x690 [osp]
00020  ? osp_last_used_init+0x22c/0x2150 [osp]
00020  ? client_fid_init+0x636/0x9f0 [fid]
00020  ? osp_device_alloc+0x19a2/0x2e10 [osp]
00020  ? obd_setup+0x25c/0x950 [obdclass]
00020  ? class_setup+0xc7d/0x10e0 [obdclass]
00020  ? class_process_config+0x2edb/0x7cb0 [obdclass]
00020  ? __kasan_kmalloc+0x72/0x80
00020  ? class_config_llog_handler+0x2954/0x4f80 [obdclass]
00020  ? class_config_llog_handler+0x2cea/0x4f80 [obdclass]
00020  ? lustre_cfg_rec_free+0x350/0x350 [obdclass]
00020  ? llog_process_thread+0x1fd2/0x4f70 [obdclass]
00020  ? _raw_spin_unlock+0x23/0x40
00020  ? llog_process_thread_daemonize+0x16d/0x1b0 [obdclass]
00020  ? kthread+0x2cd/0x3a0
00020  ? llog_process_or_fork+0xc90/0xc90 [obdclass]
00020  ? kthread_unuse_mm+0x130/0x130
00020  ? ret_from_fork+0x18c/0x520
00020  ? kthread_unuse_mm+0x130/0x130
00020  ? ret_from_fork_asm+0x11/0x20
00020  </TASK>
00020 ---[ end trace 0000000000000000 ]---
00020 ------------[ cut here ]------------
00020 WARNING: /home/ktest/git/linux/include/linux/fs.h:889 at osd_create+0x9cf/0xcf0 [osd_wbcfs], CPU#2: llog_process_th/1816
00020 Modules linked in: ofd(O) osp(O) mdd(O) lod(O) mdt(O) lquota(O) lfsck(O) mgs(O) osd_wbcfs(O) lustre(O) obdecho(O) mgc(O) mdc(O) lov(O) osc(O) lmv(O) ec(O) fid(O) fld(O) ptlrpc(O) efivarfs obdclass(O) ksocklnd(O) lnet(O) libcfs(O)
00020 CPU: 2 UID: 0 PID: 1816 Comm: llog_process_th Tainted: G        W  O        7.0.0-ktest-295ad02-6330a45-20260816-dirty #1 PREEMPT 
00020 Tainted: [W]=WARN, [O]=OOT_MODULE
00020 Hardware name: QEMU Standard PC (Q35 + ICH9, 2009), BIOS 2025.11-3ubuntu7 03/31/2026
00020 RIP: 0010:osd_create+0x9cf/0xcf0 [osd_wbcfs]
00020 Code: c7 c7 00 96 7b a1 48 c7 c6 a0 12 7d a1 48 c7 c2 00 1c 7d a1 e8 52 f1 43 ff 48 c7 c7 00 96 7b a1 e8 46 81 44 ff e9 fe fc ff ff <0f> 0b e9 a5 fa ff ff 48 c7 c1 80 44 5d a0 80 e1 07 80 c1 03 38 c1
00020 RSP: 0018:ffffc90006f976c0 EFLAGS: 00010246
00020 RAX: 0000000000000000 RBX: ffff88813393a800 RCX: 0000000000000046
00020 RDX: 0000000000000000 RSI: ffff888029aded38 RDI: ffff88802e294b18
00020 RBP: ffff888029adeca8 R08: ffffffff83a16803 R09: 1ffffffff0742d00
00020 R10: dffffc0000000000 R11: fffffbfff0742d01 R12: ffff88811b74c830
00020 R13: dffffc0000000000 R14: 1ffff11026727500 R15: 1ffff92000df2ef8
00020 FS:  0000000000000000(0000) GS:ffff8881d4b2a000(0000) knlGS:0000000000000000
00020 CS:  0010 DS: 0000 ES: 0000 CR0: 0000000080050033
00020 CR2: 00007fbb3e205780 CR3: 0000000004274000 CR4: 0000000000750eb0
00020 PKRU: 55555554
00020 Call Trace:
00020  <TASK>
00020  ? dt_find_or_create+0x81a/0x1170 [obdclass]
00020  ? osp_find_or_create_local_file+0x266/0x690 [osp]
00020  ? osp_last_used_init+0x95c/0x2150 [osp]
00020  ? osp_device_alloc+0x19a2/0x2e10 [osp]
00020  ? obd_setup+0x25c/0x950 [obdclass]
00020  ? class_setup+0xc7d/0x10e0 [obdclass]
00020  ? class_process_config+0x2edb/0x7cb0 [obdclass]
00020  ? __kasan_kmalloc+0x72/0x80
00020  ? class_config_llog_handler+0x2954/0x4f80 [obdclass]
00020  ? class_config_llog_handler+0x2cea/0x4f80 [obdclass]
00020  ? lustre_cfg_rec_free+0x350/0x350 [obdclass]
00020  ? llog_process_thread+0x1fd2/0x4f70 [obdclass]
00020  ? _raw_spin_unlock+0x23/0x40
00020  ? llog_process_thread_daemonize+0x16d/0x1b0 [obdclass]
00020  ? kthread+0x2cd/0x3a0
00020  ? llog_process_or_fork+0xc90/0xc90 [obdclass]
00020  ? kthread_unuse_mm+0x130/0x130
00020  ? ret_from_fork+0x18c/0x520
00020  ? kthread_unuse_mm+0x130/0x130
00020  ? ret_from_fork_asm+0x11/0x20
00020  </TASK>
00020 ---[ end trace 0000000000000000 ]---
00020 ------------[ cut here ]------------
00020 WARNING: /home/ktest/git/linux/include/linux/fs.h:889 at osd_create+0x9cf/0xcf0 [osd_wbcfs], CPU#2: llog_process_th/1816
00020 Modules linked in: ofd(O) osp(O) mdd(O) lod(O) mdt(O) lquota(O) lfsck(O) mgs(O) osd_wbcfs(O) lustre(O) obdecho(O) mgc(O) mdc(O) lov(O) osc(O) lmv(O) ec(O) fid(O) fld(O) ptlrpc(O) efivarfs obdclass(O) ksocklnd(O) lnet(O) libcfs(O)
00020 CPU: 2 UID: 0 PID: 1816 Comm: llog_process_th Tainted: G        W  O        7.0.0-ktest-295ad02-6330a45-20260816-dirty #1 PREEMPT 
00020 Tainted: [W]=WARN, [O]=OOT_MODULE
00020 Hardware name: QEMU Standard PC (Q35 + ICH9, 2009), BIOS 2025.11-3ubuntu7 03/31/2026
00020 RIP: 0010:osd_create+0x9cf/0xcf0 [osd_wbcfs]
00020 Code: c7 c7 00 96 7b a1 48 c7 c6 a0 12 7d a1 48 c7 c2 00 1c 7d a1 e8 52 f1 43 ff 48 c7 c7 00 96 7b a1 e8 46 81 44 ff e9 fe fc ff ff <0f> 0b e9 a5 fa ff ff 48 c7 c1 80 44 5d a0 80 e1 07 80 c1 03 38 c1
00020 RSP: 0018:ffffc90006f97690 EFLAGS: 00010246
00020 RAX: 0000000000000000 RBX: ffff88813393a400 RCX: 0000000000000046
00020 RDX: 0000000000000000 RSI: ffff888029ade620 RDI: ffff88802e294b18
00020 RBP: ffff888029ade590 R08: ffffffff83a16803 R09: 1ffffffff0742d00
00020 R10: dffffc0000000000 R11: fffffbfff0742d01 R12: ffff8881355ae800
00020 R13: dffffc0000000000 R14: 1ffff11026727480 R15: 1ffff11026ab5d0f
00020 FS:  0000000000000000(0000) GS:ffff8881d4b2a000(0000) knlGS:0000000000000000
00020 CS:  0010 DS: 0000 ES: 0000 CR0: 0000000080050033
00020 CR2: 00007fbb3e205780 CR3: 0000000004274000 CR4: 0000000000750eb0
00020 PKRU: 55555554
00020 Call Trace:
00020  <TASK>
00020  ? llog_osd_get_cat_list+0x64d/0x1470 [obdclass]
00020  ? osp_sync_init+0x7a6/0x2760 [osp]
00020  ? is_module_address+0x1b/0x70
00020  ? osp_device_alloc+0x1b91/0x2e10 [osp]
00020  ? obd_setup+0x25c/0x950 [obdclass]
00020  ? class_setup+0xc7d/0x10e0 [obdclass]
00020  ? class_process_config+0x2edb/0x7cb0 [obdclass]
00020  ? __kasan_kmalloc+0x72/0x80
00020  ? class_config_llog_handler+0x2954/0x4f80 [obdclass]
00020  ? class_config_llog_handler+0x2cea/0x4f80 [obdclass]
00020  ? lustre_cfg_rec_free+0x350/0x350 [obdclass]
00020  ? llog_process_thread+0x1fd2/0x4f70 [obdclass]
00020  ? _raw_spin_unlock+0x23/0x40
00020  ? llog_process_thread_daemonize+0x16d/0x1b0 [obdclass]
00020  ? kthread+0x2cd/0x3a0
00020  ? llog_process_or_fork+0xc90/0xc90 [obdclass]
00020  ? kthread_unuse_mm+0x130/0x130
00020  ? ret_from_fork+0x18c/0x520
00020  ? kthread_unuse_mm+0x130/0x130
00020  ? ret_from_fork_asm+0x11/0x20
00020  </TASK>
00020 ---[ end trace 0000000000000000 ]---
00020 ------------[ cut here ]------------
00020 WARNING: /home/ktest/git/linux/include/linux/fs.h:889 at osd_create+0x9cf/0xcf0 [osd_wbcfs], CPU#2: llog_process_th/1816
00020 Modules linked in: ofd(O) osp(O) mdd(O) lod(O) mdt(O) lquota(O) lfsck(O) mgs(O) osd_wbcfs(O) lustre(O) obdecho(O) mgc(O) mdc(O) lov(O) osc(O) lmv(O) ec(O) fid(O) fld(O) ptlrpc(O) efivarfs obdclass(O) ksocklnd(O) lnet(O) libcfs(O)
00020 CPU: 2 UID: 0 PID: 1816 Comm: llog_process_th Tainted: G        W  O        7.0.0-ktest-295ad02-6330a45-20260816-dirty #1 PREEMPT 
00020 Tainted: [W]=WARN, [O]=OOT_MODULE
00020 Hardware name: QEMU Standard PC (Q35 + ICH9, 2009), BIOS 2025.11-3ubuntu7 03/31/2026
00020 RIP: 0010:osd_create+0x9cf/0xcf0 [osd_wbcfs]
00020 Code: c7 c7 00 96 7b a1 48 c7 c6 a0 12 7d a1 48 c7 c2 00 1c 7d a1 e8 52 f1 43 ff 48 c7 c7 00 96 7b a1 e8 46 81 44 ff e9 fe fc ff ff <0f> 0b e9 a5 fa ff ff 48 c7 c1 80 44 5d a0 80 e1 07 80 c1 03 38 c1
00020 RSP: 0018:ffffc90006f975a0 EFLAGS: 00010246
00020 RAX: 0000000000000000 RBX: ffff888133955400 RCX: 0000000000000046
00020 RDX: 0000000000000000 RSI: ffff888029addf08 RDI: ffff88802e294b18
00020 RBP: ffff888029adde78 R08: ffffffff83a16803 R09: 1ffffffff0742d00
00020 R10: dffffc0000000000 R11: fffffbfff0742d01 R12: ffff8881355ae800
00020 R13: dffffc0000000000 R14: 1ffff1102672aa80 R15: 1ffff11026ab5d0f
00020 FS:  0000000000000000(0000) GS:ffff8881d4b2a000(0000) knlGS:0000000000000000
00020 CS:  0010 DS: 0000 ES: 0000 CR0: 0000000080050033
00020 CR2: 00007fbb3e205780 CR3: 0000000004274000 CR4: 0000000000750eb0
00020 PKRU: 55555554
00020 Call Trace:
00020  <TASK>
00020  ? local_object_create+0x109/0x640 [obdclass]
00020  ? dt_write_lock+0x16d/0x2a0 [obdclass]
00020  ? llog_osd_create+0x356/0x10d0 [obdclass]
00020  ? llog_create+0x2ed/0x530 [obdclass]
00020  ? llog_open_create+0x6e7/0xb30 [obdclass]
00020  ? osp_sync_init+0xfc0/0x2760 [osp]
00020  ? osp_device_alloc+0x1b91/0x2e10 [osp]
00020  ? obd_setup+0x25c/0x950 [obdclass]
00020  ? class_setup+0xc7d/0x10e0 [obdclass]
00020  ? class_process_config+0x2edb/0x7cb0 [obdclass]
00020  ? __kasan_kmalloc+0x72/0x80
00020  ? class_config_llog_handler+0x2954/0x4f80 [obdclass]
00020  ? class_config_llog_handler+0x2cea/0x4f80 [obdclass]
00020  ? lustre_cfg_rec_free+0x350/0x350 [obdclass]
00020  ? llog_process_thread+0x1fd2/0x4f70 [obdclass]
00020  ? _raw_spin_unlock+0x23/0x40
00020  ? llog_process_thread_daemonize+0x16d/0x1b0 [obdclass]
00020  ? kthread+0x2cd/0x3a0
00020  ? llog_process_or_fork+0xc90/0xc90 [obdclass]
00020  ? kthread_unuse_mm+0x130/0x130
00020  ? ret_from_fork+0x18c/0x520
00020  ? kthread_unuse_mm+0x130/0x130
00020  ? ret_from_fork_asm+0x11/0x20
00020  </TASK>
00020 ---[ end trace 0000000000000000 ]---
00020 ------------[ cut here ]------------
00020 WARNING: /home/ktest/git/linux/include/linux/fs.h:889 at osd_create+0x9cf/0xcf0 [osd_wbcfs], CPU#2: llog_process_th/1816
00020 Modules linked in: ofd(O) osp(O) mdd(O) lod(O) mdt(O) lquota(O) lfsck(O) mgs(O) osd_wbcfs(O) lustre(O) obdecho(O) mgc(O) mdc(O) lov(O) osc(O) lmv(O) ec(O) fid(O) fld(O) ptlrpc(O) efivarfs obdclass(O) ksocklnd(O) lnet(O) libcfs(O)
00020 CPU: 2 UID: 0 PID: 1816 Comm: llog_process_th Tainted: G        W  O        7.0.0-ktest-295ad02-6330a45-20260816-dirty #1 PREEMPT 
00020 Tainted: [W]=WARN, [O]=OOT_MODULE
00020 Hardware name: QEMU Standard PC (Q35 + ICH9, 2009), BIOS 2025.11-3ubuntu7 03/31/2026
00020 RIP: 0010:osd_create+0x9cf/0xcf0 [osd_wbcfs]
00020 Code: c7 c7 00 96 7b a1 48 c7 c6 a0 12 7d a1 48 c7 c2 00 1c 7d a1 e8 52 f1 43 ff 48 c7 c7 00 96 7b a1 e8 46 81 44 ff e9 fe fc ff ff <0f> 0b e9 a5 fa ff ff 48 c7 c1 80 44 5d a0 80 e1 07 80 c1 03 38 c1
00020 RSP: 0018:ffffc90006f97450 EFLAGS: 00010246
00020 RAX: 0000000000000000 RBX: ffff888133954c00 RCX: 0000000000000046
00020 RDX: 0000000000000000 RSI: ffff888029add7f0 RDI: ffff88802e294b40
00020 RBP: ffff888029add760 R08: ffffffff83a16803 R09: 1ffffffff0742d00
00020 R10: dffffc0000000000 R11: fffffbfff0742d01 R12: ffff8881355ae800
00020 R13: dffffc0000000000 R14: 1ffff1102672a980 R15: 1ffff11026ab5d0f
00020 FS:  0000000000000000(0000) GS:ffff8881d4b2a000(0000) knlGS:0000000000000000
00020 CS:  0010 DS: 0000 ES: 0000 CR0: 0000000080050033
00020 CR2: 00007fbb3e205780 CR3: 0000000004274000 CR4: 0000000000750eb0
00020 PKRU: 55555554
00020 Call Trace:
00020  <TASK>
00020  ? local_object_create+0x109/0x640 [obdclass]
00020  ? dt_write_lock+0x16d/0x2a0 [obdclass]
00020  ? llog_osd_create+0x356/0x10d0 [obdclass]
00020  ? llog_create+0x2ed/0x530 [obdclass]
00020  ? llog_cat_new_log+0x6d1/0x2970 [obdclass]
00020  ? llog_cat_add_rec+0x6ba/0x1960 [obdclass]
00020  ? llog_cat_add+0x499/0x7a0 [obdclass]
00020  ? osp_sync_init+0x1588/0x2760 [osp]
00020  ? osp_device_alloc+0x1b91/0x2e10 [osp]
00020  ? obd_setup+0x25c/0x950 [obdclass]
00020  ? class_setup+0xc7d/0x10e0 [obdclass]
00020  ? class_process_config+0x2edb/0x7cb0 [obdclass]
00020  ? __kasan_kmalloc+0x72/0x80
00020  ? class_config_llog_handler+0x2954/0x4f80 [obdclass]
00020  ? class_config_llog_handler+0x2cea/0x4f80 [obdclass]
00020  ? lustre_cfg_rec_free+0x350/0x350 [obdclass]
00020  ? llog_process_thread+0x1fd2/0x4f70 [obdclass]
00020  ? _raw_spin_unlock+0x23/0x40
00020  ? llog_process_thread_daemonize+0x16d/0x1b0 [obdclass]
00020  ? kthread+0x2cd/0x3a0
00020  ? llog_process_or_fork+0xc90/0xc90 [obdclass]
00020  ? kthread_unuse_mm+0x130/0x130
00020  ? ret_from_fork+0x18c/0x520
00020  ? kthread_unuse_mm+0x130/0x130
00020  ? ret_from_fork_asm+0x11/0x20
00020  </TASK>
00020 ---[ end trace 0000000000000000 ]---
00020 ------------[ cut here ]------------
00020 WARNING: /home/ktest/git/linux/include/linux/fs.h:889 at osd_create+0x9cf/0xcf0 [osd_wbcfs], CPU#2: llog_process_th/1816
00020 Lustre: ctl-lustre-MDT0000: super-sequence allocation rc = 0 [0x0000000280000400-0x00000002c0000400]:0:ost
00020 Modules linked in:
00020 Lustre: Skipped 1 previous similar message
00020 Lustre: cli-lustre-OST0000-super: Allocated super-sequence [0x0000000280000400-0x00000002c0000400]:0:ost]
00020  ofd(O) osp(O) mdd(O) lod(O) mdt(O) lquota(O) lfsck(O) mgs(O) osd_wbcfs(O) lustre(O) obdecho(O) mgc(O) mdc(O) lov(O) osc(O) lmv(O) ec(O) fid(O) fld(O) ptlrpc(O) efivarfs obdclass(O) ksocklnd(O) lnet(O) libcfs(O)
00020 CPU: 2 UID: 0 PID: 1816 Comm: llog_process_th Tainted: G        W  O        7.0.0-ktest-295ad02-6330a45-20260816-dirty #1 PREEMPT 
00020 Tainted: [W]=WARN, [O]=OOT_MODULE
00020 ------------[ cut here ]------------
00020 Hardware name: QEMU Standard PC (Q35 + ICH9, 2009), BIOS 2025.11-3ubuntu7 03/31/2026
00020 WARNING: /home/ktest/git/linux/include/linux/fs.h:889 at osd_create+0x9cf/0xcf0 [osd_wbcfs], CPU#3: ll_ost00_002/1783
00020 RIP: 0010:osd_create+0x9cf/0xcf0 [osd_wbcfs]
00020 Modules linked in: ofd(O) osp(O) mdd(O) lod(O) mdt(O) lquota(O) lfsck(O) mgs(O) osd_wbcfs(O) lustre(O) obdecho(O) mgc(O) mdc(O) lov(O) osc(O) lmv(O) ec(O) fid(O) fld(O) ptlrpc(O)
00020 Code: c7 c7 00 96 7b a1 48 c7 c6 a0 12 7d a1 48 c7 c2 00 1c 7d a1 e8 52 f1 43 ff 48 c7 c7 00 96 7b a1 e8 46 81 44 ff e9 fe fc ff ff <0f> 0b e9 a5 fa ff ff 48 c7 c1 80 44 5d a0 80 e1 07 80 c1 03 38 c1
00020  efivarfs obdclass(O) ksocklnd(O) lnet(O) libcfs(O)
00020 CPU: 3 UID: 0 PID: 1783 Comm: ll_ost00_002 Tainted: G        W  O        7.0.0-ktest-295ad02-6330a45-20260816-dirty #1 PREEMPT 
00020 RSP: 0018:ffffc90006f975a0 EFLAGS: 00010246
00020 Tainted: [W]=WARN, [O]=OOT_MODULE
00020 Hardware name: QEMU Standard PC (Q35 + ICH9, 2009), BIOS 2025.11-3ubuntu7 03/31/2026
00020 RIP: 0010:osd_create+0x9cf/0xcf0 [osd_wbcfs]
00020 
00020 Code: c7 c7 00 96 7b a1 48 c7 c6 a0 12 7d a1 48 c7 c2 00 1c 7d a1 e8 52 f1 43 ff 48 c7 c7 00 96 7b a1 e8 46 81 44 ff e9 fe fc ff ff <0f> 0b e9 a5 fa ff ff 48 c7 c1 80 44 5d a0 80 e1 07 80 c1 03 38 c1
00020 RSP: 0018:ffffc900022d7950 EFLAGS: 00010246
00020 RAX: 0000000000000000 RBX: ffff888074774400 RCX: 0000000000000046
00020 RDX: 0000000000000000 RSI: ffff888116d3fb68 RDI: ffff88803e8ecb18
00020 RBP: ffff888116d3fad8 R08: ffffffff83a16803 R09: 1ffffffff0742d00
00020 RAX: 0000000000000000 RBX: ffff8881197c1800 RCX: 0000000000000046
00020 R10: dffffc0000000000 R11: fffffbfff0742d01 R12: ffff88803e97e830
00020 R13: dffffc0000000000 R14: 1ffff1100e8ee880 R15: 1ffff11007d2fd42
00020 FS:  0000000000000000(0000) GS:ffff8881d4baa000(0000) knlGS:0000000000000000
00020 CS:  0010 DS: 0000 ES: 0000 CR0: 0000000080050033
00020 CR2: 00007ffc8125aff8 CR3: 00000001367ea000 CR4: 0000000000750eb0
00020 RDX: 0000000000000000 RSI: ffff888116d3a648 RDI: ffff88802e294b18
00020 PKRU: 55555554
00020 Call Trace:
00020  <TASK>
00020  ? dt_find_or_create+0x81a/0x1170 [obdclass]
00020 RBP: ffff888116d3a5b8 R08: ffffffff83a16803 R09: 1ffffffff0742d00
00020  ? ofd_seq_load+0x605/0x1ac0 [ofd]
00020 R10: dffffc0000000000 R11: fffffbfff0742d01 R12: ffff88813673d400
00020  ? ofd_get_info_hdl+0xfdd/0x2330 [ofd]
00020 R13: dffffc0000000000 R14: 1ffff110232f8300 R15: 1ffff11026ce7a8f
00020  ? tgt_request_handle+0x23ad/0x3d30 [ptlrpc]
00020 FS:  0000000000000000(0000) GS:ffff8881d4b2a000(0000) knlGS:0000000000000000
00020  ? ptlrpc_main+0x6359/0x96f0 [ptlrpc]
00020 CS:  0010 DS: 0000 ES: 0000 CR0: 0000000080050033
00020  ? __kthread_parkme+0x73/0x130
00020 CR2: 00007fbb3e205780 CR3: 0000000004274000 CR4: 0000000000750eb0
00020  ? kthread+0x2cd/0x3a0
00020  ? ptlrpc_start_thread+0x1f10/0x1f10 [ptlrpc]
00020 PKRU: 55555554
00020  ? kthread_unuse_mm+0x130/0x130
00020  ? ret_from_fork+0x18c/0x520
00020  ? kthread_unuse_mm+0x130/0x130
00020 Call Trace:
00020  ? ret_from_fork_asm+0x11/0x20
00020  </TASK>
00020 ---[ end trace 0000000000000000 ]---
00020  <TASK>
00020  ? local_object_create+0x109/0x640 [obdclass]
00020  ? dt_write_lock+0x16d/0x2a0 [obdclass]
00020 ------------[ cut here ]------------
00020 WARNING: /home/ktest/git/linux/include/linux/fs.h:889 at osd_create+0x9cf/0xcf0 [osd_wbcfs], CPU#3: ll_ost00_002/1783
00020 Modules linked in: ofd(O) osp(O) mdd(O) lod(O) mdt(O) lquota(O) lfsck(O) mgs(O) osd_wbcfs(O) lustre(O) obdecho(O) mgc(O) mdc(O) lov(O) osc(O) lmv(O) ec(O) fid(O) fld(O) ptlrpc(O) efivarfs obdclass(O) ksocklnd(O) lnet(O)
00020  ? llog_osd_create+0x356/0x10d0 [obdclass]
00020  libcfs(O)
00020 CPU: 3 UID: 0 PID: 1783 Comm: ll_ost00_002 Tainted: G        W  O        7.0.0-ktest-295ad02-6330a45-20260816-dirty #1 PREEMPT 
00020 Tainted: [W]=WARN, [O]=OOT_MODULE
00020 Hardware name: QEMU Standard PC (Q35 + ICH9, 2009), BIOS 2025.11-3ubuntu7 03/31/2026
00020 RIP: 0010:osd_create+0x9cf/0xcf0 [osd_wbcfs]
00020  ? llog_create+0x2ed/0x530 [obdclass]
00020 Code: c7 c7 00 96 7b a1 48 c7 c6 a0 12 7d a1 48 c7 c2 00 1c 7d a1 e8 52 f1 43 ff 48 c7 c7 00 96 7b a1 e8 46 81 44 ff e9 fe fc ff ff <0f> 0b e9 a5 fa ff ff 48 c7 c1 80 44 5d a0 80 e1 07 80 c1 03 38 c1
00020 RSP: 0018:ffffc900022d7878 EFLAGS: 00010246
00020 RAX: 0000000000000000 RBX: ffff888133aac400 RCX: 0000000000000046
00020 RDX: 0000000000000000 RSI: ffff888116d3f450 RDI: ffff88803e8ecb68
00020 RBP: ffff888116d3f3c0 R08: ffffffff83a16803 R09: 1ffffffff0742d00
00020 R10: dffffc0000000000 R11: fffffbfff0742d01 R12: ffff88803e97e830
00020 R13: dffffc0000000000 R14: 1ffff11026755880 R15: 1ffff11007d2fd42
00020  ? llog_open_create+0x6e7/0xb30 [obdclass]
00020 FS:  0000000000000000(0000) GS:ffff8881d4baa000(0000) knlGS:0000000000000000
00020 CS:  0010 DS: 0000 ES: 0000 CR0: 0000000080050033
00020 CR2: 00007ffc8125aff8 CR3: 00000001367ea000 CR4: 0000000000750eb0
00020 PKRU: 55555554
00020 Call Trace:
00020  <TASK>
00020  ? osp_sync_init+0xfc0/0x2760 [osp]
00020  ? ofd_precreate_objects+0x1bd8/0x3220 [ofd]
00020  ? osp_device_alloc+0x1b91/0x2e10 [osp]
00020  ? ofd_create_hdl+0x2015/0x3510 [ofd]
00020  ? obd_setup+0x25c/0x950 [obdclass]
00020  ? tgt_request_handle+0x23ad/0x3d30 [ptlrpc]
00020  ? class_setup+0xc7d/0x10e0 [obdclass]
00020  ? ptlrpc_main+0x6359/0x96f0 [ptlrpc]
00020  ? class_process_config+0x2edb/0x7cb0 [obdclass]
00020  ? __kthread_parkme+0x73/0x130
00020  ? __kasan_kmalloc+0x72/0x80
00020  ? kthread+0x2cd/0x3a0
00020  ? ptlrpc_start_thread+0x1f10/0x1f10 [ptlrpc]
00020  ? class_config_llog_handler+0x2954/0x4f80 [obdclass]
00020  ? kthread_unuse_mm+0x130/0x130
00020  ? ret_from_fork+0x18c/0x520
00020  ? kthread_unuse_mm+0x130/0x130
00020  ? class_config_llog_handler+0x2cea/0x4f80 [obdclass]
00020  ? ret_from_fork_asm+0x11/0x20
00020  </TASK>
00020 ---[ end trace 0000000000000000 ]---
00020 ------------[ cut here ]------------
00020  ? lustre_cfg_rec_free+0x350/0x350 [obdclass]
00020 WARNING: /home/ktest/git/linux/include/linux/fs.h:889 at osd_create+0x9cf/0xcf0 [osd_wbcfs], CPU#3: ll_ost00_002/1783
00020  ? llog_process_thread+0x1fd2/0x4f70 [obdclass]
00020 Modules linked in: ofd(O) osp(O) mdd(O) lod(O) mdt(O) lquota(O) lfsck(O) mgs(O) osd_wbcfs(O) lustre(O) obdecho(O) mgc(O) mdc(O) lov(O)
00020  ? _raw_spin_unlock+0x23/0x40
00020  osc(O) lmv(O) ec(O) fid(O) fld(O) ptlrpc(O) efivarfs obdclass(O) ksocklnd(O) lnet(O) libcfs(O)
00020 CPU: 3 UID: 0 PID: 1783 Comm: ll_ost00_002 Tainted: G        W  O        7.0.0-ktest-295ad02-6330a45-20260816-dirty #1 PREEMPT 
00020  ? llog_process_thread_daemonize+0x16d/0x1b0 [obdclass]
00020 Tainted: [W]=WARN, [O]=OOT_MODULE
00020 Hardware name: QEMU Standard PC (Q35 + ICH9, 2009), BIOS 2025.11-3ubuntu7 03/31/2026
00020 RIP: 0010:osd_create+0x9cf/0xcf0 [osd_wbcfs]
00020  ? kthread+0x2cd/0x3a0
00020 Code: c7 c7 00 96 7b a1 48 c7 c6 a0 12 7d a1 48 c7 c2 00 1c 7d a1 e8 52 f1 43 ff 48 c7 c7 00 96 7b a1 e8 46 81 44 ff e9 fe fc ff ff <0f> 0b e9 a5 fa ff ff 48 c7 c1 80 44 5d a0 80 e1 07 80 c1 03 38 c1
00020 RSP: 0018:ffffc900022d7878 EFLAGS: 00010246
00020 RAX: 0000000000000000 RBX: ffff888105771400 RCX: 0000000000000046
00020 RDX: 0000000000000000 RSI: ffff888116d3ed38 RDI: ffff88803e8ecb68
00020 RBP: ffff888116d3eca8 R08: ffffffff83a16803 R09: 1ffffffff0742d00
00020 R10: dffffc0000000000 R11: fffffbfff0742d01 R12: ffff88803e97e830
00020 R13: dffffc0000000000 R14: 1ffff11020aee280 R15: 1ffff11007d2fd42
00020 FS:  0000000000000000(0000) GS:ffff8881d4baa000(0000) knlGS:0000000000000000
00020  ? llog_process_or_fork+0xc90/0xc90 [obdclass]
00020 CS:  0010 DS: 0000 ES: 0000 CR0: 0000000080050033
00020 CR2: 00007ffc8125aff8 CR3: 00000001367ea000 CR4: 0000000000750eb0
00020 PKRU: 55555554
00020 Call Trace:
00020  <TASK>
00020  ? ofd_precreate_objects+0x1bd8/0x3220 [ofd]
00020  ? kthread_unuse_mm+0x130/0x130
00020  ? ofd_create_hdl+0x2015/0x3510 [ofd]
00020  ? ret_from_fork+0x18c/0x520
00020  ? tgt_request_handle+0x23ad/0x3d30 [ptlrpc]
00020  ? ptlrpc_main+0x6359/0x96f0 [ptlrpc]
00020  ? kthread_unuse_mm+0x130/0x130
00020  ? __kthread_parkme+0x73/0x130
00020  ? ret_from_fork_asm+0x11/0x20
00020  ? kthread+0x2cd/0x3a0
00020  ? ptlrpc_start_thread+0x1f10/0x1f10 [ptlrpc]
00020  </TASK>
00020  ? kthread_unuse_mm+0x130/0x130
00020  ? ret_from_fork+0x18c/0x520
00020  ? kthread_unuse_mm+0x130/0x130
00020 ---[ end trace 0000000000000000 ]---
00020  ? ret_from_fork_asm+0x11/0x20
00020  </TASK>
00020 ---[ end trace 0000000000000000 ]---
00020 ------------[ cut here ]------------
00020 ------------[ cut here ]------------
00020 WARNING: /home/ktest/git/linux/include/linux/fs.h:889 at osd_create+0x9cf/0xcf0 [osd_wbcfs], CPU#3: ll_ost00_002/1783
00020 WARNING: /home/ktest/git/linux/include/linux/fs.h:889 at osd_create+0x9cf/0xcf0 [osd_wbcfs], CPU#2: llog_process_th/1816
00020 Modules linked in: ofd(O) osp(O) mdd(O) lod(O) mdt(O) lquota(O) lfsck(O) mgs(O) osd_wbcfs(O) lustre(O) obdecho(O) mgc(O) mdc(O) lov(O)
00020 Modules linked in:
00020  osc(O) lmv(O) ec(O) fid(O) fld(O) ptlrpc(O) efivarfs obdclass(O) ksocklnd(O) lnet(O) libcfs(O)
00020 CPU: 3 UID: 0 PID: 1783 Comm: ll_ost00_002 Tainted: G        W  O        7.0.0-ktest-295ad02-6330a45-20260816-dirty #1 PREEMPT 
00020  ofd(O)
00020 Tainted: [W]=WARN, [O]=OOT_MODULE
00020 Hardware name: QEMU Standard PC (Q35 + ICH9, 2009), BIOS 2025.11-3ubuntu7 03/31/2026
00020 RIP: 0010:osd_create+0x9cf/0xcf0 [osd_wbcfs]
00020  osp(O)
00020 Code: c7 c7 00 96 7b a1 48 c7 c6 a0 12 7d a1 48 c7 c2 00 1c 7d a1 e8 52 f1 43 ff 48 c7 c7 00 96 7b a1 e8 46 81 44 ff e9 fe fc ff ff <0f> 0b e9 a5 fa ff ff 48 c7 c1 80 44 5d a0 80 e1 07 80 c1 03 38 c1
00020 RSP: 0018:ffffc900022d7878 EFLAGS: 00010246
00020 RAX: 0000000000000000 RBX: ffff888105771800 RCX: 0000000000000046
00020 RDX: 0000000000000000 RSI: ffff888116d3e620 RDI: ffff88803e8ecb68
00020 RBP: ffff888116d3e590 R08: ffffffff83a16803 R09: 1ffffffff0742d00
00020 R10: dffffc0000000000 R11: fffffbfff0742d01 R12: ffff88803e97e830
00020 R13: dffffc0000000000 R14: 1ffff11020aee300 R15: 1ffff11007d2fd42
00020 FS:  0000000000000000(0000) GS:ffff8881d4baa000(0000) knlGS:0000000000000000
00020  mdd(O)
00020 CS:  0010 DS: 0000 ES: 0000 CR0: 0000000080050033
00020 CR2: 00007ffc8125aff8 CR3: 00000001367ea000 CR4: 0000000000750eb0
00020 PKRU: 55555554
00020 Call Trace:
00020  <TASK>
00020  ? ofd_precreate_objects+0x1bd8/0x3220 [ofd]
00020  lod(O)
00020  ? ofd_create_hdl+0x2015/0x3510 [ofd]
00020  mdt(O)
00020  ? tgt_request_handle+0x23ad/0x3d30 [ptlrpc]
00020  lquota(O)
00020  ? ptlrpc_main+0x6359/0x96f0 [ptlrpc]
00020  lfsck(O)
00020  ? __kthread_parkme+0x73/0x130
00020  mgs(O)
00020  ? kthread+0x2cd/0x3a0
00020  ? ptlrpc_start_thread+0x1f10/0x1f10 [ptlrpc]
00020  ? kthread_unuse_mm+0x130/0x130
00020  ? ret_from_fork+0x18c/0x520
00020  ? kthread_unuse_mm+0x130/0x130
00020  osd_wbcfs(O)
00020  ? ret_from_fork_asm+0x11/0x20
00020  </TASK>
00020 ---[ end trace 0000000000000000 ]---
00020 ------------[ cut here ]------------
00020  lustre(O)
00020 WARNING: /home/ktest/git/linux/include/linux/fs.h:889 at osd_create+0x9cf/0xcf0 [osd_wbcfs], CPU#3: ll_ost00_002/1783
00020  obdecho(O)
00020 Modules linked in: ofd(O) osp(O) mdd(O) lod(O) mdt(O) lquota(O) lfsck(O) mgs(O) osd_wbcfs(O) lustre(O) obdecho(O) mgc(O) mdc(O) lov(O)
00020  mgc(O)
00020  osc(O) lmv(O) ec(O) fid(O) fld(O) ptlrpc(O) efivarfs obdclass(O) ksocklnd(O) lnet(O) libcfs(O)
00020 CPU: 3 UID: 0 PID: 1783 Comm: ll_ost00_002 Tainted: G        W  O        7.0.0-ktest-295ad02-6330a45-20260816-dirty #1 PREEMPT 
00020  mdc(O)
00020 Tainted: [W]=WARN, [O]=OOT_MODULE
00020 Hardware name: QEMU Standard PC (Q35 + ICH9, 2009), BIOS 2025.11-3ubuntu7 03/31/2026
00020 RIP: 0010:osd_create+0x9cf/0xcf0 [osd_wbcfs]
00020  lov(O)
00020 Code: c7 c7 00 96 7b a1 48 c7 c6 a0 12 7d a1 48 c7 c2 00 1c 7d a1 e8 52 f1 43 ff 48 c7 c7 00 96 7b a1 e8 46 81 44 ff e9 fe fc ff ff <0f> 0b e9 a5 fa ff ff 48 c7 c1 80 44 5d a0 80 e1 07 80 c1 03 38 c1
00020 RSP: 0018:ffffc900022d7878 EFLAGS: 00010246
00020 RAX: 0000000000000000 RBX: ffff888105770400 RCX: 0000000000000046
00020 RDX: 0000000000000000 RSI: ffff888116d3df08 RDI: ffff88803e8ecb68
00020 RBP: ffff888116d3de78 R08: ffffffff83a16803 R09: 1ffffffff0742d00
00020 R10: dffffc0000000000 R11: fffffbfff0742d01 R12: ffff88803e97e830
00020 R13: dffffc0000000000 R14: 1ffff11020aee080 R15: 1ffff11007d2fd42
00020 FS:  0000000000000000(0000) GS:ffff8881d4baa000(0000) knlGS:0000000000000000
00020  osc(O)
00020 CS:  0010 DS: 0000 ES: 0000 CR0: 0000000080050033
00020 CR2: 00007ffc8125aff8 CR3: 00000001367ea000 CR4: 0000000000750eb0
00020 PKRU: 55555554
00020 Call Trace:
00020  <TASK>
00020  ? ofd_precreate_objects+0x1bd8/0x3220 [ofd]
00020  lmv(O)
00020  ? ofd_create_hdl+0x2015/0x3510 [ofd]
00020  ec(O)
00020  ? tgt_request_handle+0x23ad/0x3d30 [ptlrpc]
00020  fid(O)
00020  ? ptlrpc_main+0x6359/0x96f0 [ptlrpc]
00020  fld(O)
00020  ? __kthread_parkme+0x73/0x130
00020  ptlrpc(O)
00020  ? kthread+0x2cd/0x3a0
00020  ? ptlrpc_start_thread+0x1f10/0x1f10 [ptlrpc]
00020  ? kthread_unuse_mm+0x130/0x130
00020  ? ret_from_fork+0x18c/0x520
00020  ? kthread_unuse_mm+0x130/0x130
00020  ? ret_from_fork_asm+0x11/0x20
00020  efivarfs
00020  </TASK>
00020 ---[ end trace 0000000000000000 ]---
00020 ------------[ cut here ]------------
00020  obdclass(O)
00020 WARNING: /home/ktest/git/linux/include/linux/fs.h:889 at osd_create+0x9cf/0xcf0 [osd_wbcfs], CPU#3: ll_ost00_002/1783
00020  ksocklnd(O)
00020 Modules linked in: ofd(O) osp(O) mdd(O) lod(O) mdt(O) lquota(O) lfsck(O) mgs(O) osd_wbcfs(O) lustre(O) obdecho(O) mgc(O) mdc(O) lov(O)
00020  lnet(O)
00020  osc(O) lmv(O) ec(O) fid(O) fld(O) ptlrpc(O) efivarfs obdclass(O) ksocklnd(O) lnet(O) libcfs(O)
00020 CPU: 3 UID: 0 PID: 1783 Comm: ll_ost00_002 Tainted: G        W  O        7.0.0-ktest-295ad02-6330a45-20260816-dirty #1 PREEMPT 
00020  libcfs(O)
00020 Tainted: [W]=WARN, [O]=OOT_MODULE
00020 Hardware name: QEMU Standard PC (Q35 + ICH9, 2009), BIOS 2025.11-3ubuntu7 03/31/2026
00020 RIP: 0010:osd_create+0x9cf/0xcf0 [osd_wbcfs]
00020 
00020 Code: c7 c7 00 96 7b a1 48 c7 c6 a0 12 7d a1 48 c7 c2 00 1c 7d a1 e8 52 f1 43 ff 48 c7 c7 00 96 7b a1 e8 46 81 44 ff e9 fe fc ff ff <0f> 0b e9 a5 fa ff ff 48 c7 c1 80 44 5d a0 80 e1 07 80 c1 03 38 c1
00020 RSP: 0018:ffffc900022d7878 EFLAGS: 00010246
00020 RAX: 0000000000000000 RBX: ffff888105770800 RCX: 0000000000000046
00020 RDX: 0000000000000000 RSI: ffff888116d3d7f0 RDI: ffff88803e8ecb68
00020 RBP: ffff888116d3d760 R08: ffffffff83a16803 R09: 1ffffffff0742d00
00020 R10: dffffc0000000000 R11: fffffbfff0742d01 R12: ffff88803e97e830
00020 R13: dffffc0000000000 R14: 1ffff11020aee100 R15: 1ffff11007d2fd42
00020 FS:  0000000000000000(0000) GS:ffff8881d4baa000(0000) knlGS:0000000000000000
00020 CPU: 2 UID: 0 PID: 1816 Comm: llog_process_th Tainted: G        W  O        7.0.0-ktest-295ad02-6330a45-20260816-dirty #1 PREEMPT 
00020 CS:  0010 DS: 0000 ES: 0000 CR0: 0000000080050033
00020 CR2: 00007ffc8125aff8 CR3: 00000001367ea000 CR4: 0000000000750eb0
00020 PKRU: 55555554
00020 Call Trace:
00020  <TASK>
00020  ? ofd_precreate_objects+0x1bd8/0x3220 [ofd]
00020 Tainted: [W]=WARN, [O]=OOT_MODULE
00020  ? ofd_create_hdl+0x2015/0x3510 [ofd]
00020 Hardware name: QEMU Standard PC (Q35 + ICH9, 2009), BIOS 2025.11-3ubuntu7 03/31/2026
00020  ? tgt_request_handle+0x23ad/0x3d30 [ptlrpc]
00020 RIP: 0010:osd_create+0x9cf/0xcf0 [osd_wbcfs]
00020  ? ptlrpc_main+0x6359/0x96f0 [ptlrpc]
00020 Code: c7 c7 00 96 7b a1 48 c7 c6 a0 12 7d a1 48 c7 c2 00 1c 7d a1 e8 52 f1 43 ff 48 c7 c7 00 96 7b a1 e8 46 81 44 ff e9 fe fc ff ff <0f> 0b e9 a5 fa ff ff 48 c7 c1 80 44 5d a0 80 e1 07 80 c1 03 38 c1
00020  ? __kthread_parkme+0x73/0x130
00020 RSP: 0018:ffffc90006f97450 EFLAGS: 00010246
00020  ? kthread+0x2cd/0x3a0
00020  ? ptlrpc_start_thread+0x1f10/0x1f10 [ptlrpc]
00020 
00020  ? kthread_unuse_mm+0x130/0x130
00020  ? ret_from_fork+0x18c/0x520
00020  ? kthread_unuse_mm+0x130/0x130
00020  ? ret_from_fork_asm+0x11/0x20
00020 RAX: 0000000000000000 RBX: ffff8881197c0000 RCX: 0000000000000046
00020  </TASK>
00020 ---[ end trace 0000000000000000 ]---
00020 ------------[ cut here ]------------
00020 RDX: 0000000000000000 RSI: ffff888116d39f30 RDI: ffff88802e294b40
00020 WARNING: /home/ktest/git/linux/include/linux/fs.h:889 at osd_create+0x9cf/0xcf0 [osd_wbcfs], CPU#3: ll_ost00_002/1783
00020 RBP: ffff888116d39ea0 R08: ffffffff83a16803 R09: 1ffffffff0742d00
00020 Modules linked in: ofd(O) osp(O) mdd(O) lod(O) mdt(O) lquota(O) lfsck(O) mgs(O) osd_wbcfs(O) lustre(O) obdecho(O) mgc(O) mdc(O) lov(O)
00020 R10: dffffc0000000000 R11: fffffbfff0742d01 R12: ffff88813673d400
00020  osc(O) lmv(O) ec(O) fid(O) fld(O) ptlrpc(O) efivarfs obdclass(O) ksocklnd(O) lnet(O) libcfs(O)
00020 CPU: 3 UID: 0 PID: 1783 Comm: ll_ost00_002 Tainted: G        W  O        7.0.0-ktest-295ad02-6330a45-20260816-dirty #1 PREEMPT 
00020 R13: dffffc0000000000 R14: 1ffff110232f8000 R15: 1ffff11026ce7a8f
00020 Tainted: [W]=WARN, [O]=OOT_MODULE
00020 Hardware name: QEMU Standard PC (Q35 + ICH9, 2009), BIOS 2025.11-3ubuntu7 03/31/2026
00020 RIP: 0010:osd_create+0x9cf/0xcf0 [osd_wbcfs]
00020 FS:  0000000000000000(0000) GS:ffff8881d4b2a000(0000) knlGS:0000000000000000
00020 Code: c7 c7 00 96 7b a1 48 c7 c6 a0 12 7d a1 48 c7 c2 00 1c 7d a1 e8 52 f1 43 ff 48 c7 c7 00 96 7b a1 e8 46 81 44 ff e9 fe fc ff ff <0f> 0b e9 a5 fa ff ff 48 c7 c1 80 44 5d a0 80 e1 07 80 c1 03 38 c1
00020 RSP: 0018:ffffc900022d7878 EFLAGS: 00010246
00020 RAX: 0000000000000000 RBX: ffff888105773000 RCX: 0000000000000046
00020 RDX: 0000000000000000 RSI: ffff888116d3d0d8 RDI: ffff88803e8ecb68
00020 RBP: ffff888116d3d048 R08: ffffffff83a16803 R09: 1ffffffff0742d00
00020 R10: dffffc0000000000 R11: fffffbfff0742d01 R12: ffff88803e97e830
00020 R13: dffffc0000000000 R14: 1ffff11020aee600 R15: 1ffff11007d2fd42
00020 FS:  0000000000000000(0000) GS:ffff8881d4baa000(0000) knlGS:0000000000000000
00020 CS:  0010 DS: 0000 ES: 0000 CR0: 0000000080050033
00020 CS:  0010 DS: 0000 ES: 0000 CR0: 0000000080050033
00020 CR2: 00007ffc8125aff8 CR3: 00000001367ea000 CR4: 0000000000750eb0
00020 PKRU: 55555554
00020 Call Trace:
00020  <TASK>
00020  ? ofd_precreate_objects+0x1bd8/0x3220 [ofd]
00020 CR2: 00007fbb3e205780 CR3: 0000000004274000 CR4: 0000000000750eb0
00020  ? ofd_create_hdl+0x2015/0x3510 [ofd]
00020 PKRU: 55555554
00020  ? tgt_request_handle+0x23ad/0x3d30 [ptlrpc]
00020  ? ptlrpc_main+0x6359/0x96f0 [ptlrpc]
00020 Call Trace:
00020  ? __kthread_parkme+0x73/0x130
00020  <TASK>
00020  ? kthread+0x2cd/0x3a0
00020  ? ptlrpc_start_thread+0x1f10/0x1f10 [ptlrpc]
00020  ? local_object_create+0x109/0x640 [obdclass]
00020  ? kthread_unuse_mm+0x130/0x130
00020  ? ret_from_fork+0x18c/0x520
00020  ? kthread_unuse_mm+0x130/0x130
00020  ? ret_from_fork_asm+0x11/0x20
00020  ? dt_write_lock+0x16d/0x2a0 [obdclass]
00020  </TASK>
00020 ---[ end trace 0000000000000000 ]---
00020 ------------[ cut here ]------------
00020  ? llog_osd_create+0x356/0x10d0 [obdclass]
00020 WARNING: /home/ktest/git/linux/include/linux/fs.h:889 at osd_create+0x9cf/0xcf0 [osd_wbcfs], CPU#3: ll_ost00_002/1783
00020  ? llog_create+0x2ed/0x530 [obdclass]
00020 Modules linked in: ofd(O) osp(O) mdd(O) lod(O) mdt(O) lquota(O) lfsck(O) mgs(O) osd_wbcfs(O) lustre(O) obdecho(O) mgc(O) mdc(O) lov(O)
00020  ? llog_cat_new_log+0x6d1/0x2970 [obdclass]
00020  osc(O) lmv(O) ec(O) fid(O) fld(O) ptlrpc(O) efivarfs obdclass(O) ksocklnd(O) lnet(O) libcfs(O)
00020 CPU: 3 UID: 0 PID: 1783 Comm: ll_ost00_002 Tainted: G        W  O        7.0.0-ktest-295ad02-6330a45-20260816-dirty #1 PREEMPT 
00020  ? llog_cat_add_rec+0x6ba/0x1960 [obdclass]
00020 Tainted: [W]=WARN, [O]=OOT_MODULE
00020 Hardware name: QEMU Standard PC (Q35 + ICH9, 2009), BIOS 2025.11-3ubuntu7 03/31/2026
00020 RIP: 0010:osd_create+0x9cf/0xcf0 [osd_wbcfs]
00020  ? llog_cat_add+0x499/0x7a0 [obdclass]
00020 Code: c7 c7 00 96 7b a1 48 c7 c6 a0 12 7d a1 48 c7 c2 00 1c 7d a1 e8 52 f1 43 ff 48 c7 c7 00 96 7b a1 e8 46 81 44 ff e9 fe fc ff ff <0f> 0b e9 a5 fa ff ff 48 c7 c1 80 44 5d a0 80 e1 07 80 c1 03 38 c1
00020 RSP: 0018:ffffc900022d7878 EFLAGS: 00010246
00020 RAX: 0000000000000000 RBX: ffff888105772800 RCX: 0000000000000046
00020 RDX: 0000000000000000 RSI: ffff888116d3c9c0 RDI: ffff88803e8ecb68
00020 RBP: ffff888116d3c930 R08: ffffffff83a16803 R09: 1ffffffff0742d00
00020 R10: dffffc0000000000 R11: fffffbfff0742d01 R12: ffff88803e97e830
00020 R13: dffffc0000000000 R14: 1ffff11020aee500 R15: 1ffff11007d2fd42
00020 FS:  0000000000000000(0000) GS:ffff8881d4baa000(0000) knlGS:0000000000000000
00020  ? osp_sync_init+0x1588/0x2760 [osp]
00020 CS:  0010 DS: 0000 ES: 0000 CR0: 0000000080050033
00020 CR2: 00007ffc8125aff8 CR3: 00000001367ea000 CR4: 0000000000750eb0
00020 PKRU: 55555554
00020 Call Trace:
00020  <TASK>
00020  ? ofd_precreate_objects+0x1bd8/0x3220 [ofd]
00020  ? osp_device_alloc+0x1b91/0x2e10 [osp]
00020  ? ofd_create_hdl+0x2015/0x3510 [ofd]
00020  ? obd_setup+0x25c/0x950 [obdclass]
00020  ? tgt_request_handle+0x23ad/0x3d30 [ptlrpc]
00020  ? class_setup+0xc7d/0x10e0 [obdclass]
00020  ? ptlrpc_main+0x6359/0x96f0 [ptlrpc]
00020  ? class_process_config+0x2edb/0x7cb0 [obdclass]
00020  ? __kthread_parkme+0x73/0x130
00020  ? __kasan_kmalloc+0x72/0x80
00020  ? kthread+0x2cd/0x3a0
00020  ? ptlrpc_start_thread+0x1f10/0x1f10 [ptlrpc]
00020  ? class_config_llog_handler+0x2954/0x4f80 [obdclass]
00020  ? kthread_unuse_mm+0x130/0x130
00020  ? ret_from_fork+0x18c/0x520
00020  ? kthread_unuse_mm+0x130/0x130
00020  ? ret_from_fork_asm+0x11/0x20
00020  ? class_config_llog_handler+0x2cea/0x4f80 [obdclass]
00020  </TASK>
00020  ? lustre_cfg_rec_free+0x350/0x350 [obdclass]
00020 ---[ end trace 0000000000000000 ]---
00020 ------------[ cut here ]------------
00020  ? llog_process_thread+0x1fd2/0x4f70 [obdclass]
00020 WARNING: /home/ktest/git/linux/include/linux/fs.h:889 at osd_create+0x9cf/0xcf0 [osd_wbcfs], CPU#3: ll_ost00_002/1783
00020  ? _raw_spin_unlock+0x23/0x40
00020 Modules linked in: ofd(O) osp(O) mdd(O) lod(O) mdt(O)
00020  ? llog_process_thread_daemonize+0x16d/0x1b0 [obdclass]
00020  lquota(O) lfsck(O) mgs(O) osd_wbcfs(O) lustre(O) obdecho(O) mgc(O)
00020  ? kthread+0x2cd/0x3a0
00020  mdc(O) lov(O) osc(O) lmv(O) ec(O) fid(O) fld(O) ptlrpc(O)
00020  ? llog_process_or_fork+0xc90/0xc90 [obdclass]
00020  efivarfs obdclass(O) ksocklnd(O) lnet(O) libcfs(O)
00020 CPU: 3 UID: 0 PID: 1783 Comm: ll_ost00_002 Tainted: G        W  O        7.0.0-ktest-295ad02-6330a45-20260816-dirty #1 PREEMPT 
00020  ? kthread_unuse_mm+0x130/0x130
00020 Tainted: [W]=WARN, [O]=OOT_MODULE
00020 Hardware name: QEMU Standard PC (Q35 + ICH9, 2009), BIOS 2025.11-3ubuntu7 03/31/2026
00020 RIP: 0010:osd_create+0x9cf/0xcf0 [osd_wbcfs]
00020  ? ret_from_fork+0x18c/0x520
00020 Code: c7 c7 00 96 7b a1 48 c7 c6 a0 12 7d a1 48 c7 c2 00 1c 7d a1 e8 52 f1 43 ff 48 c7 c7 00 96 7b a1 e8 46 81 44 ff e9 fe fc ff ff <0f> 0b e9 a5 fa ff ff 48 c7 c1 80 44 5d a0 80 e1 07 80 c1 03 38 c1
00020 RSP: 0018:ffffc900022d7878 EFLAGS: 00010246
00020 RAX: 0000000000000000 RBX: ffff888105772400 RCX: 0000000000000046
00020  ? kthread_unuse_mm+0x130/0x130
00020 RDX: 0000000000000000 RSI: ffff888116d3c2a8 RDI: ffff88803e8ecb68
00020 RBP: ffff888116d3c218 R08: ffffffff83a16803 R09: 1ffffffff0742d00
00020 R10: dffffc0000000000 R11: fffffbfff0742d01 R12: ffff88803e97e830
00020 R13: dffffc0000000000 R14: 1ffff11020aee480 R15: 1ffff11007d2fd42
00020 FS:  0000000000000000(0000) GS:ffff8881d4baa000(0000) knlGS:0000000000000000
00020  ? ret_from_fork_asm+0x11/0x20
00020 CS:  0010 DS: 0000 ES: 0000 CR0: 0000000080050033
00020 CR2: 00007ffc8125aff8 CR3: 00000001367ea000 CR4: 0000000000750eb0
00020 PKRU: 55555554
00020 Call Trace:
00020  </TASK>
00020  <TASK>
00020  ? ofd_precreate_objects+0x1bd8/0x3220 [ofd]
00020 ---[ end trace 0000000000000000 ]---
00020  ? ofd_create_hdl+0x2015/0x3510 [ofd]
00020 ------------[ cut here ]------------
00020  ? tgt_request_handle+0x23ad/0x3d30 [ptlrpc]
00020 WARNING: /home/ktest/git/linux/include/linux/fs.h:889 at osd_create+0x9cf/0xcf0 [osd_wbcfs], CPU#1: ll_ost00_000/1781
00020  ? ptlrpc_main+0x6359/0x96f0 [ptlrpc]
00020 Modules linked in:
00020  ? __kthread_parkme+0x73/0x130
00020  ofd(O)
00020  ? kthread+0x2cd/0x3a0
00020  osp(O)
00020  ? ptlrpc_start_thread+0x1f10/0x1f10 [ptlrpc]
00020  mdd(O)
00020  ? kthread_unuse_mm+0x130/0x130
00020  lod(O)
00020  ? ret_from_fork+0x18c/0x520
00020  mdt(O)
00020  ? kthread_unuse_mm+0x130/0x130
00020  lquota(O)
00020  ? ret_from_fork_asm+0x11/0x20
00020  lfsck(O)
00020  </TASK>
00020  mgs(O)
00020 ---[ end trace 0000000000000000 ]---
00020  osd_wbcfs(O)
00020 ------------[ cut here ]------------
00020  lustre(O)
00020 WARNING: /home/ktest/git/linux/include/linux/fs.h:889 at osd_create+0x9cf/0xcf0 [osd_wbcfs], CPU#3: ll_ost00_002/1783
00020  obdecho(O)
00020 Modules linked in:
00020  mgc(O)
00020  ofd(O)
00020  mdc(O)
00020  osp(O)
00020  lov(O)
00020  mdd(O)
00020  osc(O)
00020  lod(O)
00020  lmv(O)
00020  mdt(O)
00020  ec(O)
00020  lquota(O)
00020  fid(O)
00020  lfsck(O)
00020  fld(O)
00020  mgs(O)
00020  ptlrpc(O)
00020  osd_wbcfs(O)
00020  efivarfs
00020  lustre(O)
00020  obdclass(O)
00020  obdecho(O)
00020  ksocklnd(O)
00020  mgc(O)
00020  lnet(O)
00020  mdc(O)
00020  libcfs(O)
00020  lov(O)
00020 
00020  osc(O)
00020 CPU: 1 UID: 0 PID: 1781 Comm: ll_ost00_000 Tainted: G        W  O        7.0.0-ktest-295ad02-6330a45-20260816-dirty #1 PREEMPT 
00020  lmv(O)
00020 Tainted: [W]=WARN, [O]=OOT_MODULE
00020  ec(O)
00020 Hardware name: QEMU Standard PC (Q35 + ICH9, 2009), BIOS 2025.11-3ubuntu7 03/31/2026
00020  fid(O)
00020 RIP: 0010:osd_create+0x9cf/0xcf0 [osd_wbcfs]
00020  fld(O)
00020 Code: c7 c7 00 96 7b a1 48 c7 c6 a0 12 7d a1 48 c7 c2 00 1c 7d a1 e8 52 f1 43 ff 48 c7 c7 00 96 7b a1 e8 46 81 44 ff e9 fe fc ff ff <0f> 0b e9 a5 fa ff ff 48 c7 c1 80 44 5d a0 80 e1 07 80 c1 03 38 c1
00020  ptlrpc(O)
00020 RSP: 0018:ffffc90001407950 EFLAGS: 00010246
00020  efivarfs
00020 RAX: 0000000000000000 RBX: ffff888132db4800 RCX: 0000000000000046
00020  obdclass(O)
00020 RDX: 0000000000000000 RSI: ffff88802bc7ad60 RDI: ffff88802e4b2a58
00020  ksocklnd(O)
00020 RBP: ffff88802bc7acd0 R08: ffffffff83a16803 R09: 1ffffffff0742d00
00020  lnet(O)
00020 R10: dffffc0000000000 R11: fffffbfff0742d01 R12: ffff88803e996830
00020  libcfs(O)
00020 R13: dffffc0000000000 R14: 1ffff110265b6900 R15: 1ffff11007d32d42
00020 
00020 FS:  0000000000000000(0000) GS:ffff8881d4aaa000(0000) knlGS:0000000000000000
00020 CPU: 3 UID: 0 PID: 1783 Comm: ll_ost00_002 Tainted: G        W  O        7.0.0-ktest-295ad02-6330a45-20260816-dirty #1 PREEMPT 
00020 CS:  0010 DS: 0000 ES: 0000 CR0: 0000000080050033
00020 Tainted: [W]=WARN, [O]=OOT_MODULE
00020 CR2: 00005618cdc2e2f0 CR3: 0000000103918000 CR4: 0000000000750eb0
00020 Hardware name: QEMU Standard PC (Q35 + ICH9, 2009), BIOS 2025.11-3ubuntu7 03/31/2026
00020 PKRU: 55555554
00020 RIP: 0010:osd_create+0x9cf/0xcf0 [osd_wbcfs]
00020 Call Trace:
00020 Code: c7 c7 00 96 7b a1 48 c7 c6 a0 12 7d a1 48 c7 c2 00 1c 7d a1 e8 52 f1 43 ff 48 c7 c7 00 96 7b a1 e8 46 81 44 ff e9 fe fc ff ff <0f> 0b e9 a5 fa ff ff 48 c7 c1 80 44 5d a0 80 e1 07 80 c1 03 38 c1
00020  <TASK>
00020 RSP: 0018:ffffc900022d7878 EFLAGS: 00010246
00020 RAX: 0000000000000000 RBX: ffff888105773800 RCX: 0000000000000046
00020  ? dt_find_or_create+0x81a/0x1170 [obdclass]
00020 RDX: 0000000000000000 RSI: ffff888116d3bb90 RDI: ffff88803e8ecb68
00020  ? ofd_seq_load+0x605/0x1ac0 [ofd]
00020 RBP: ffff888116d3bb00 R08: ffffffff83a16803 R09: 1ffffffff0742d00
00020  ? ofd_get_info_hdl+0xfdd/0x2330 [ofd]
00020 R10: dffffc0000000000 R11: fffffbfff0742d01 R12: ffff88803e97e830
00020 R13: dffffc0000000000 R14: 1ffff11020aee700 R15: 1ffff11007d2fd42
00020  ? tgt_request_handle+0x23ad/0x3d30 [ptlrpc]
00020 FS:  0000000000000000(0000) GS:ffff8881d4baa000(0000) knlGS:0000000000000000
00020 CS:  0010 DS: 0000 ES: 0000 CR0: 0000000080050033
00020 CR2: 00007ffc8125aff8 CR3: 00000001367ea000 CR4: 0000000000750eb0
00020 PKRU: 55555554
00020 Call Trace:
00020  <TASK>
00020  ? ofd_precreate_objects+0x1bd8/0x3220 [ofd]
00020  ? ptlrpc_main+0x6359/0x96f0 [ptlrpc]
00020  ? ofd_create_hdl+0x2015/0x3510 [ofd]
00020  ? __kthread_parkme+0x73/0x130
00020  ? tgt_request_handle+0x23ad/0x3d30 [ptlrpc]
00020  ? kthread+0x2cd/0x3a0
00020  ? ptlrpc_start_thread+0x1f10/0x1f10 [ptlrpc]
00020  ? kthread_unuse_mm+0x130/0x130
00020  ? ptlrpc_main+0x6359/0x96f0 [ptlrpc]
00020  ? ret_from_fork+0x18c/0x520
00020  ? kthread_unuse_mm+0x130/0x130
00020  ? ret_from_fork_asm+0x11/0x20
00020  </TASK>
00020 ---[ end trace 0000000000000000 ]---
00020  ? __kthread_parkme+0x73/0x130
00020  ? kthread+0x2cd/0x3a0
00020  ? ptlrpc_start_thread+0x1f10/0x1f10 [ptlrpc]
00020  ? kthread_unuse_mm+0x130/0x130
00020  ? ret_from_fork+0x18c/0x520
00020  ? kthread_unuse_mm+0x130/0x130
00020  ? ret_from_fork_asm+0x11/0x20
00020 ------------[ cut here ]------------
00020  </TASK>
00020 WARNING: /home/ktest/git/linux/include/linux/fs.h:889 at osd_create+0x9cf/0xcf0 [osd_wbcfs], CPU#1: ll_ost00_001/1782
00020 ---[ end trace 0000000000000000 ]---
00020 Modules linked in: ofd(O) osp(O) mdd(O) lod(O) mdt(O) lquota(O) lfsck(O) mgs(O) osd_wbcfs(O) lustre(O) obdecho(O) mgc(O) mdc(O) lov(O) osc(O) lmv(O) ec(O) fid(O) fld(O) ptlrpc(O)
00020 ------------[ cut here ]------------
00020  efivarfs
00020 WARNING: /home/ktest/git/linux/include/linux/fs.h:889 at osd_create+0x9cf/0xcf0 [osd_wbcfs], CPU#3: ll_ost00_002/1783
00020  obdclass(O)
00020 Modules linked in:
00020  ksocklnd(O)
00020  ofd(O) osp(O) mdd(O) lod(O) mdt(O)
00020  lnet(O)
00020  lquota(O)
00020  libcfs(O)
00020  lfsck(O)
00020 
00020  mgs(O)
00020 CPU: 1 UID: 0 PID: 1782 Comm: ll_ost00_001 Tainted: G        W  O        7.0.0-ktest-295ad02-6330a45-20260816-dirty #1 PREEMPT 
00020  osd_wbcfs(O)
00020 Tainted: [W]=WARN, [O]=OOT_MODULE
00020  lustre(O)
00020 Hardware name: QEMU Standard PC (Q35 + ICH9, 2009), BIOS 2025.11-3ubuntu7 03/31/2026
00020  obdecho(O)
00020 RIP: 0010:osd_create+0x9cf/0xcf0 [osd_wbcfs]
00020  mgc(O)
00020 Code: c7 c7 00 96 7b a1 48 c7 c6 a0 12 7d a1 48 c7 c2 00 1c 7d a1 e8 52 f1 43 ff 48 c7 c7 00 96 7b a1 e8 46 81 44 ff e9 fe fc ff ff <0f> 0b e9 a5 fa ff ff 48 c7 c1 80 44 5d a0 80 e1 07 80 c1 03 38 c1
00020  mdc(O)
00020 RSP: 0018:ffffc90001307878 EFLAGS: 00010246
00020  lov(O)
00020 
00020  osc(O)
00020 RAX: 0000000000000000 RBX: ffff888105709400 RCX: 0000000000000046
00020  lmv(O)
00020 RDX: 0000000000000000 RSI: ffff88802bc7a648 RDI: ffff88802e4b09e8
00020  ec(O)
00020 RBP: ffff88802bc7a5b8 R08: ffffffff83a16803 R09: 1ffffffff0742d00
00020  fid(O)
00020 R10: dffffc0000000000 R11: fffffbfff0742d01 R12: ffff88811b4c8830
00020  fld(O)
00020 R13: dffffc0000000000 R14: 1ffff11020ae1280 R15: 1ffff11023699142
00020  ptlrpc(O)
00020 FS:  0000000000000000(0000) GS:ffff8881d4aaa000(0000) knlGS:0000000000000000
00020  efivarfs
00020 CS:  0010 DS: 0000 ES: 0000 CR0: 0000000080050033
00020  obdclass(O)
00020 CR2: 00005618cdc2e2f0 CR3: 0000000103918000 CR4: 0000000000750eb0
00020  ksocklnd(O) lnet(O) libcfs(O)
00020 PKRU: 55555554
00020 
00020 Call Trace:
00020 CPU: 3 UID: 0 PID: 1783 Comm: ll_ost00_002 Tainted: G        W  O        7.0.0-ktest-295ad02-6330a45-20260816-dirty #1 PREEMPT 
00020  <TASK>
00020 Tainted: [W]=WARN, [O]=OOT_MODULE
00020  ? ofd_precreate_objects+0x1bd8/0x3220 [ofd]
00020 Hardware name: QEMU Standard PC (Q35 + ICH9, 2009), BIOS 2025.11-3ubuntu7 03/31/2026
00020  ? ofd_create_hdl+0x2015/0x3510 [ofd]
00020 RIP: 0010:osd_create+0x9cf/0xcf0 [osd_wbcfs]
00020  ? tgt_request_handle+0x23ad/0x3d30 [ptlrpc]
00020 Code: c7 c7 00 96 7b a1 48 c7 c6 a0 12 7d a1 48 c7 c2 00 1c 7d a1 e8 52 f1 43 ff 48 c7 c7 00 96 7b a1 e8 46 81 44 ff e9 fe fc ff ff <0f> 0b e9 a5 fa ff ff 48 c7 c1 80 44 5d a0 80 e1 07 80 c1 03 38 c1
00020  ? ptlrpc_main+0x6359/0x96f0 [ptlrpc]
00020 RSP: 0018:ffffc900022d7878 EFLAGS: 00010246
00020  ? __kthread_parkme+0x73/0x130
00020 RAX: 0000000000000000 RBX: ffff888105770c00 RCX: 0000000000000046
00020  ? kthread+0x2cd/0x3a0
00020 RDX: 0000000000000000 RSI: ffff888116d3b478 RDI: ffff88803e8ecb68
00020  ? ptlrpc_start_thread+0x1f10/0x1f10 [ptlrpc]
00020 RBP: ffff888116d3b3e8 R08: ffffffff83a16803 R09: 1ffffffff0742d00
00020 R10: dffffc0000000000 R11: fffffbfff0742d01 R12: ffff88803e97e830
00020 R13: dffffc0000000000 R14: 1ffff11020aee180 R15: 1ffff11007d2fd42
00020 FS:  0000000000000000(0000) GS:ffff8881d4baa000(0000) knlGS:0000000000000000
00020 CS:  0010 DS: 0000 ES: 0000 CR0: 0000000080050033
00020 CR2: 00007ffc8125aff8 CR3: 00000001367ea000 CR4: 0000000000750eb0
00020 PKRU: 55555554
00020 Call Trace:
00020  <TASK>
00020  ? ofd_precreate_objects+0x1bd8/0x3220 [ofd]
00020  ? ofd_create_hdl+0x2015/0x3510 [ofd]
00020  ? tgt_request_handle+0x23ad/0x3d30 [ptlrpc]
00020  ? kthread_unuse_mm+0x130/0x130
00020  ? ptlrpc_main+0x6359/0x96f0 [ptlrpc]
00020  ? ret_from_fork+0x18c/0x520
00020  ? __kthread_parkme+0x73/0x130
00020  ? kthread_unuse_mm+0x130/0x130
00020  ? kthread+0x2cd/0x3a0
00020  ? ret_from_fork_asm+0x11/0x20
00020  ? ptlrpc_start_thread+0x1f10/0x1f10 [ptlrpc]
00020  </TASK>
00020  ? kthread_unuse_mm+0x130/0x130
00020 ---[ end trace 0000000000000000 ]---
00020  ? ret_from_fork+0x18c/0x520
00020 ------------[ cut here ]------------
00020  ? kthread_unuse_mm+0x130/0x130
00020 WARNING: /home/ktest/git/linux/include/linux/fs.h:889 at osd_create+0x9cf/0xcf0 [osd_wbcfs], CPU#1: ll_ost00_001/1782
00020  ? ret_from_fork_asm+0x11/0x20
00020 Modules linked in:
00020  </TASK>
00020  ofd(O)
00020 ---[ end trace 0000000000000000 ]---
00020  osp(O)
00020 ------------[ cut here ]------------
00020  mdd(O)
00020 WARNING: /home/ktest/git/linux/include/linux/fs.h:889 at osd_create+0x9cf/0xcf0 [osd_wbcfs], CPU#3: ll_ost00_002/1783
00020  lod(O)
00020 Modules linked in:
00020  mdt(O)
00020  ofd(O)
00020  lquota(O)
00020  osp(O)
00020  lfsck(O)
00020  mdd(O)
00020  mgs(O)
00020  lod(O)
00020  osd_wbcfs(O)
00020  mdt(O)
00020  lustre(O)
00020  lquota(O)
00020  obdecho(O)
00020  lfsck(O)
00020  mgc(O)
00020  mgs(O)
00020  mdc(O)
00020  osd_wbcfs(O)
00020  lov(O)
00020  lustre(O)
00020  osc(O)
00020  obdecho(O)
00020  lmv(O)
00020  mgc(O)
00020  ec(O)
00020  mdc(O)
00030 localhost.localdomain: executing yml_node
00030 Lustre: DEBUG MARKER: localhost.localdomain: executing yml_node
00031 Client: 2.17.54
00031 Lustre: DEBUG MARKER: Client: 2.17.54
00031 MDS: 2.17.54
00031 Lustre: DEBUG MARKER: MDS: 2.17.54
00031 OSS: 2.17.54
00031 Lustre: DEBUG MARKER: OSS: 2.17.54
00031 running: sanity ONLY=17d 17e 17f 17g 17h 17i 17k 17l 17m 17n 
00032 run_suite sanity /host/home/ktest/git/lustre-release/lustre/tests/sanity.sh
00032 -----============= acceptance-small: sanity ============----- Sun Aug 16 09:36:41 UTC 2026
00032 Lustre: DEBUG MARKER: -----============= acceptance-small: sanity ============----- Sun Aug 16 09:36:41 UTC 2026
00032 Running: bash /host/home/ktest/git/lustre-release/lustre/tests/sanity.sh
00033 MGS_OS_VERSION_ID=24.04
00033 MGS_OS_ID=ubuntu
00033 MGS_OS_VERSION_CODE=402915328
00033 MGS_OS_ID_LIKE=debian ubuntu
00033 MDS1_OS_ID=ubuntu
00033 MDS1_OS_VERSION_CODE=402915328
00033 MDS1_OS_ID_LIKE=debian ubuntu
00033 MDS1_OS_VERSION_ID=24.04
00033 OST1_OS_VERSION_ID=24.04
00033 OST1_OS_VERSION_CODE=402915328
00033 OST1_OS_ID=ubuntu
00033 OST1_OS_ID_LIKE=debian ubuntu
00033 CLIENT_OS_VERSION_ID=24.04
00033 CLIENT_OS_ID_LIKE=debian ubuntu
00033 CLIENT_OS_ID=ubuntu
00033 CLIENT_OS_VERSION_CODE=402915328
00034 localhost.localdomain: /host/home/ktest/git/lustre-release/lustre/tests/except/sanity.56aa.ex
00034 localhost.localdomain: /host/home/ktest/git/lustre-release/lustre/tests/except/sanity.ex
00034 - see CLIENT_VERSION > v2_15_63-134-gdacc4b6d38 (34682368 > 34553734) for LU-15963, go 312
00034 - see CLIENT_VERSION > v2_15_63-239-gab4ede45b4 (34682368 > 34553839) for LU-17856, go 56wa 56xe
00034 - see CLIENT_VERSION > v2_16_54-54-ga2e3a2f5a3 (34682368 > 34616886) for LU-14590, go 0d
00034 - see CLIENT_VERSION >= v2_15_7-16-gab522d54ad (34682368 >= 34539280) for LU-16203, go 60i
00034 - see CLIENT_VERSION >= v2_17_50-196-g63ee4af3bb (34682368 >= 34681540) for LU-19620, go 60b
00034 - see CLIENT_VERSION >= v2_17_50-34-g089f438ba9 (34682368 >= 34681378) for LU-19692, go 77k
00034 - see CLIENT_VERSION >= v2_17_50-71-g2cbe29c282 (34682368 >= 34681415) for LU-19644, go 150ib
00034 - see CLIENT_VERSION >= v2_17_51-74 (34682368 >= 34681674) for LU-20010, go 56aa
00034 - need MDS1_VERSION < v2_14_55-100-g8a84c7f9c7 (34682368 < 34486116) for LU-14927, skip 0f
00034 Lustre: DEBUG MARKER: - need MDS1_VERSION < v2_14_55-100-g8a84c7f9c7 (34682368 < 34486116) for LU-14927, skip 0f
00034 - need MDS1_VERSION <= 2.16.61-1-g89cf292a8c2 (34682368 <= 34618625) for LU-18938, skip 360
00034 Lustre: DEBUG MARKER: - need MDS1_VERSION <= 2.16.61-1-g89cf292a8c2 (34682368 <= 34618625) for LU-18938, skip 360
00034 - see MDS1_VERSION <= CLIENT_VERSION (34682368 <= 34682368) for LU-18562, go 270a
00034 - need OST1_VERSION < v2_17_50-410-gbd8e7b9555 (34682368 < 34681754) for LU-12550, skip 216
00034 Lustre: DEBUG MARKER: - need OST1_VERSION < v2_17_50-410-gbd8e7b9555 (34682368 < 34681754) for LU-12550, skip 216
00034 excepting tests: 442 460d 600a 600b 600c 600d_base 600d 801a 801b 801c 802b 802c 803a 803b 804 805 806 807a 807b 808 809 810 812a 812b 812c 813 814 815 816 817 818 819a 819b 820 823 831 832 833 834 842 850 851 852 853 854 855 860 900 901 902 903 904 905 906 907 908a 908b 909 910 911 920 42a 42c 42b 118c 118d 407 119i 216 817 0f 27A 53 66 270a 119e 119f 119g 119h 156 17o 27oo 27z 27F 60a 64i 232 257 278 280 427 801c 818 820 17a 17b 17e 17g 17i 17p 21 25a 25b 26a 26c 26d 26e 26f 27ga 27Q 28 32e 32f 32g 32h 32m 32n 32o 32p 48a 54a 54c 54d 56l 56m 56n 56rd 56xb 56Eb 56eg 56eh 56ei 133a 140 170b 162a 226a 27p 27q 34a 31g 31l 31m 36g 44f 130a 130b 130c 130d 130e 130i 430a 51b 56ab 81b 220 413 418 806 52a 52b 102a 102h 102i 102r 102t 154B 154f 154g 160 161c 161d 205a 65k 807 808 812 56 65e 65a 406 205h 208 165 224d 226d 255 258 272 275 277 311 410 414 419 831 313 314 315 317 200 350 398 399 403 404 408 432 433 398a 405 411 421 27Cg 27U 422 424 425 426 428 429 434 442 430b 430c 431 814 833 850 801a 801b 802b 810 812b 842 851 901 903
00034 Lustre: DEBUG MARKER: excepting tests: 442 460d 600a 600b 600c 600d_base 600d 801a 801b 801c 802b 802c 803a 803b 804 805 806 807a 807b 808 809 810 812a 812b 812c 813 814 815 816 817 818 819a 819b 820 823 831 832 833 834 842 850 851 852 853 854 855 860 900 901 902 903 904 905 9
00035 skipping tests SLOW=no: 27m 60i 64b 68 71 135 136 230d 300o 842
00035 Lustre: DEBUG MARKER: skipping tests SLOW=no: 27m 60i 64b 68 71 135 136 230d 300o 842
00035 running as uid/gid/euid/egid 1000/1000/1000/1000, groups: 1000
00035  [true]
00035 ------------[ cut here ]------------
00035 WARNING: /home/ktest/git/linux/include/linux/fs.h:889 at osd_create+0x9cf/0xcf0 [osd_wbcfs], CPU#1: mdt00_001/1731
00035 Modules linked in: ofd(O) osp(O) mdd(O) lod(O) mdt(O) lquota(O) lfsck(O) mgs(O) osd_wbcfs(O) lustre(O) obdecho(O) mgc(O) mdc(O) lov(O) osc(O) lmv(O) ec(O) fid(O) fld(O) ptlrpc(O) efivarfs obdclass(O) ksocklnd(O) lnet(O) libcfs(O)
00035 CPU: 1 UID: 0 PID: 1731 Comm: mdt00_001 Tainted: G        W  O        7.0.0-ktest-295ad02-6330a45-20260816-dirty #1 PREEMPT 
00035 Tainted: [W]=WARN, [O]=OOT_MODULE
00035 Hardware name: QEMU Standard PC (Q35 + ICH9, 2009), BIOS 2025.11-3ubuntu7 03/31/2026
00035 RIP: 0010:osd_create+0x9cf/0xcf0 [osd_wbcfs]
00035 Code: c7 c7 00 96 7b a1 48 c7 c6 a0 12 7d a1 48 c7 c2 00 1c 7d a1 e8 52 f1 43 ff 48 c7 c7 00 96 7b a1 e8 46 81 44 ff e9 fe fc ff ff <0f> 0b e9 a5 fa ff ff 48 c7 c1 80 44 5d a0 80 e1 07 80 c1 03 38 c1
00035 RSP: 0018:ffffc900013375a8 EFLAGS: 00010246
00035 RAX: 0000000000000000 RBX: ffff888105da4000 RCX: 0000000000000046
00035 RDX: 0000000000000000 RSI: ffff8881338b82d0 RDI: ffff88802dfd2a58
00035 RBP: ffff8881338b8240 R08: ffffffff83a16803 R09: 1ffffffff0742d00
00035 R10: dffffc0000000000 R11: fffffbfff0742d01 R12: ffff88810871a2c8
00035 R13: dffffc0000000000 R14: 1ffff11020bb4800 R15: 1ffff11008c1c0c8
00035 FS:  0000000000000000(0000) GS:ffff8881d4aaa000(0000) knlGS:0000000000000000
00035 CS:  0010 DS: 0000 ES: 0000 CR0: 0000000080050033
00035 CR2: 0000557f2485b4e8 CR3: 0000000118aaf000 CR4: 0000000000750eb0
00035 PKRU: 55555554
00035 Call Trace:
00035  <TASK>
00035  ? lod_sub_create+0x168a/0x1940 [lod]
00035  ? __lock_acquire+0x73/0x620
00035  ? dt_write_lock+0x16d/0x2a0 [obdclass]
00035  ? lod_create+0x10d/0x720 [lod]
00035  ? mdd_create_object_internal+0x18f/0x320 [mdd]
00035  ? mdd_create_object+0xab/0x1ce0 [mdd]
00035  ? mdd_create+0x202b/0x4110 [mdd]
00035  ? mdt_reint_create+0x2761/0x4e70 [mdt]
00035  ? mdt_reint_rec+0x10f/0x530 [mdt]
00035  ? mdt_reint_internal+0x9d5/0x11a0 [mdt]
00035  ? tsi2mdt_info+0x319/0x520 [mdt]
00035  ? mdt_reint+0x115/0x270 [mdt]
00035  ? tgt_request_handle+0x23ad/0x3d30 [ptlrpc]
00035  ? ptlrpc_main+0x6359/0x96f0 [ptlrpc]
00035  ? __kthread_parkme+0x73/0x130
00035  ? kthread+0x2cd/0x3a0
00035  ? ptlrpc_start_thread+0x1f10/0x1f10 [ptlrpc]
00035  ? kthread_unuse_mm+0x130/0x130
00035  ? ret_from_fork+0x18c/0x520
00035  ? kthread_unuse_mm+0x130/0x130
00035  ? ret_from_fork_asm+0x11/0x20
00035  </TASK>
00035 ---[ end trace 0000000000000000 ]---
00035 ------------[ cut here ]------------
00035 WARNING: /home/ktest/git/linux/include/linux/fs.h:889 at ll_iget+0x592/0x850 [lustre], CPU#3: mkdir/3043
00035 Modules linked in: ofd(O) osp(O) mdd(O) lod(O) mdt(O) lquota(O) lfsck(O) mgs(O) osd_wbcfs(O) lustre(O) obdecho(O) mgc(O) mdc(O) lov(O) osc(O) lmv(O) ec(O) fid(O) fld(O) ptlrpc(O) efivarfs obdclass(O) ksocklnd(O) lnet(O) libcfs(O)
00035 CPU: 3 UID: 0 PID: 3043 Comm: mkdir Tainted: G        W  O        7.0.0-ktest-295ad02-6330a45-20260816-dirty #1 PREEMPT 
00035 Tainted: [W]=WARN, [O]=OOT_MODULE
00035 Hardware name: QEMU Standard PC (Q35 + ICH9, 2009), BIOS 2025.11-3ubuntu7 03/31/2026
00035 RIP: 0010:ll_iget+0x592/0x850 [lustre]
00035 Code: 48 c7 c6 40 52 76 a1 48 c7 c2 80 52 76 a1 e8 45 76 d4 fe 48 c7 c7 80 d7 a6 a1 e8 39 06 d5 fe 48 89 df 4c 89 fe e9 34 fb ff ff <0f> 0b e9 89 fb ff ff 0f 0b e9 f0 fc ff ff 48 c7 c1 80 44 5d a0 80
00035 RSP: 0018:ffffc900085f79f0 EFLAGS: 00010246
00035 RAX: 0000000000000000 RBX: ffff8881311c6500 RCX: 0000000000000046
00035 RDX: 0000000000000000 RSI: ffff8881311c6590 RDI: ffff888132d02a58
00035 RBP: ffff888046755000 R08: ffff88802b936883 R09: 1ffff11005726d10
00035 R10: dffffc0000000000 R11: ffffed1005726d11 R12: dffffc0000000000
00035 R13: dffffc0000000000 R14: ffffc900085f7aa8 R15: 0000000200000402
00035 FS:  00007f5544459d00(0000) GS:ffff8881d4baa000(0000) knlGS:0000000000000000
00035 CS:  0010 DS: 0000 ES: 0000 CR0: 0000000080050033
00035 CR2: 00007f55442f59d0 CR3: 000000007a31e000 CR4: 0000000000750eb0
00035 PKRU: 55555554
00035 Call Trace:
00035  <TASK>
00035  ll_prep_inode+0x682/0x1310 [lustre]
00035  ll_new_node_finish+0x179/0x930 [lustre]
00035  ll_new_node+0xd7f/0x1740 [lustre]
00035  ? ll_mkdir+0xf5/0xf10 [lustre]
00035  ll_mkdir+0x44e/0xf10 [lustre]
00035  vfs_mkdir+0x3c0/0x630
00035  filename_mkdirat+0x14c/0x300
00035  __x64_sys_mkdir+0x74/0x140
00035  do_syscall_64+0xc1/0x350
00035  entry_SYSCALL_64_after_hwframe+0x4b/0x53
00035 RIP: 0033:0x7f554431b05b
00035 Code: 0f 1e fa 48 89 f2 b9 00 01 00 00 48 89 fe bf 9c ff ff ff e9 97 c3 ff ff 0f 1f 80 00 00 00 00 f3 0f 1e fa b8 53 00 00 00 0f 05 <48> 3d 00 f0 ff ff 77 05 c3 0f 1f 40 00 48 8b 15 89 7d 0e 00 f7 d8
00035 RSP: 002b:00007ffe4aa7ff98 EFLAGS: 00000246 ORIG_RAX: 0000000000000053
00035 RAX: ffffffffffffffda RBX: 00007ffe4aa81892 RCX: 00007f554431b05b
00035 RDX: 0000000000000000 RSI: 00000000000001ff RDI: 00007ffe4aa81892
00035 RBP: 00007ffe4aa800b0 R08: 00000000000001ff R09: 0000000000000000
00035 R10: 000055a9a4dc227e R11: 0000000000000246 R12: 00000000000001ff
00035 R13: 0000000000000000 R14: 0000000000000000 R15: 0000000000000000
00035  </TASK>
00035 ---[ end trace 0000000000000000 ]---
00035 ------------[ cut here ]------------
00035 WARNING: /home/ktest/git/linux/include/linux/fs.h:889 at ll_iget+0x592/0x850 [lustre], CPU#2: chown/3046
00035 Modules linked in: ofd(O) osp(O) mdd(O) lod(O) mdt(O) lquota(O) lfsck(O) mgs(O) osd_wbcfs(O) lustre(O) obdecho(O) mgc(O) mdc(O) lov(O) osc(O) lmv(O) ec(O) fid(O) fld(O) ptlrpc(O) efivarfs obdclass(O) ksocklnd(O) lnet(O) libcfs(O)
00035 CPU: 2 UID: 0 PID: 3046 Comm: chown Tainted: G        W  O        7.0.0-ktest-295ad02-6330a45-20260816-dirty #1 PREEMPT 
00035 Tainted: [W]=WARN, [O]=OOT_MODULE
00035 Hardware name: QEMU Standard PC (Q35 + ICH9, 2009), BIOS 2025.11-3ubuntu7 03/31/2026
00035 RIP: 0010:ll_iget+0x592/0x850 [lustre]
00035 Code: 48 c7 c6 40 52 76 a1 48 c7 c2 80 52 76 a1 e8 45 76 d4 fe 48 c7 c7 80 d7 a6 a1 e8 39 06 d5 fe 48 89 df 4c 89 fe e9 34 fb ff ff <0f> 0b e9 89 fb ff ff 0f 0b e9 f0 fc ff ff 48 c7 c1 80 44 5d a0 80
00035 RSP: 0018:ffffc900086a76d8 EFLAGS: 00010246
00035 RAX: 0000000000000000 RBX: ffff8881311c6500 RCX: 0000000000000046
00035 RDX: 0000000000000000 RSI: ffff8881311c6590 RDI: ffff8881356c8970
00035 RBP: ffff888046755000 R08: ffffffff83a16803 R09: 1ffffffff0742d00
00035 R10: dffffc0000000000 R11: fffffbfff0742d01 R12: dffffc0000000000
00035 R13: dffffc0000000000 R14: ffffc900086a7790 R15: 0000000200000402
00035 FS:  00007f97e8046740(0000) GS:ffff8881d4b2a000(0000) knlGS:0000000000000000
00035 CS:  0010 DS: 0000 ES: 0000 CR0: 0000000080050033
00035 CR2: 000055b02c3a93c8 CR3: 0000000107101000 CR4: 0000000000750eb0
00035 PKRU: 55555554
00035 Call Trace:
00035  <TASK>
00035  ll_prep_inode+0x682/0x1310 [lustre]
00035  ? lustre_swab_barrier_lvb+0xd0/0xd0 [ptlrpc]
00035  ll_lookup_it+0x168c/0x4650 [lustre]
00035  ll_lookup_nd+0x2a7/0x4f0 [lustre]
00035  __lookup_slow+0x1a2/0x260
00035  lookup_slow+0x53/0x70
00035  path_lookupat+0x2d0/0x6d0
00035  filename_lookup+0x18f/0x340
00035  vfs_statx+0x6a/0x3c0
00035  ? do_getname+0xb3/0x190
00035  vfs_fstatat+0xa6/0xd0
00035  __x64_sys_newfstatat+0xb2/0x2c0
00035  ? kmem_cache_free+0x39f/0x580
00035  ? fpregs_assert_state_consistent+0x4f/0xe0
00035  do_syscall_64+0xc1/0x350
00035  entry_SYSCALL_64_after_hwframe+0x4b/0x53
00035 RIP: 0033:0x7f97e7f173ee
00035 Code: 0f 1f 40 00 48 8b 15 29 ba 0e 00 f7 d8 64 89 02 b8 ff ff ff ff c3 66 0f 1f 44 00 00 f3 0f 1e fa 41 89 ca b8 06 01 00 00 0f 05 <3d> 00 f0 ff ff 77 0b 31 c0 c3 0f 1f 84 00 00 00 00 00 48 8b 15 f1
00035 RSP: 002b:00007ffc5061cfc8 EFLAGS: 00000246 ORIG_RAX: 0000000000000106
00035 RAX: ffffffffffffffda RBX: 000055b02c3a9730 RCX: 00007f97e7f173ee
00035 RDX: 000055b02c3a97a0 RSI: 000055b02c3a9830 RDI: 00000000ffffff9c
00035 RBP: 00007ffc5061cff0 R08: 00007f97e8003b20 R09: 0000000000000130
00035 R10: 0000000000000100 R11: 0000000000000246 R12: 000055b02c3a97a0
00035 R13: 000055b02c3a8480 R14: 0000000000000000 R15: 00007ffc5061f892
00035  </TASK>
00035 ---[ end trace 0000000000000000 ]---
00035 ------------[ cut here ]------------
00035 WARNING: /home/ktest/git/linux/include/linux/fs.h:889 at ll_iget+0x599/0x850 [lustre], CPU#2: chown/3046
00035 Modules linked in: ofd(O) osp(O) mdd(O) lod(O) mdt(O) lquota(O) lfsck(O) mgs(O) osd_wbcfs(O) lustre(O) obdecho(O) mgc(O) mdc(O) lov(O) osc(O) lmv(O) ec(O) fid(O) fld(O) ptlrpc(O) efivarfs obdclass(O) ksocklnd(O) lnet(O) libcfs(O)
00035 CPU: 2 UID: 0 PID: 3046 Comm: chown Tainted: G        W  O        7.0.0-ktest-295ad02-6330a45-20260816-dirty #1 PREEMPT 
00035 Tainted: [W]=WARN, [O]=OOT_MODULE
00035 Hardware name: QEMU Standard PC (Q35 + ICH9, 2009), BIOS 2025.11-3ubuntu7 03/31/2026
00035 RIP: 0010:ll_iget+0x599/0x850 [lustre]
00035 Code: 48 c7 c2 80 52 76 a1 e8 45 76 d4 fe 48 c7 c7 80 d7 a6 a1 e8 39 06 d5 fe 48 89 df 4c 89 fe e9 34 fb ff ff 0f 0b e9 89 fb ff ff <0f> 0b e9 f0 fc ff ff 48 c7 c1 80 44 5d a0 80 e1 07 80 c1 03 38 c1
00035 RSP: 0018:ffffc900086a76d8 EFLAGS: 00010246
00035 RAX: 0000000000000000 RBX: ffff8881311c6500 RCX: 0000000000000046
00035 RDX: 0000000000000000 RSI: ffff8881311c6590 RDI: ffff8881356c8970
00035 RBP: ffff888046755000 R08: ffffffff83a16803 R09: 1ffffffff0742d00
00035 R10: dffffc0000000000 R11: fffffbfff0742d01 R12: dffffc0000000000
00035 R13: 1ffff11026238cb9 R14: ffffc900086a7790 R15: ffff8881311c65c8
00035 FS:  00007f97e8046740(0000) GS:ffff8881d4b2a000(0000) knlGS:0000000000000000
00035 CS:  0010 DS: 0000 ES: 0000 CR0: 0000000080050033
00035 CR2: 000055b02c3a93c8 CR3: 0000000107101000 CR4: 0000000000750eb0
00035 PKRU: 55555554
00035 Call Trace:
00035  <TASK>
00035  ll_prep_inode+0x682/0x1310 [lustre]
00035  ? lustre_swab_barrier_lvb+0xd0/0xd0 [ptlrpc]
00035  ll_lookup_it+0x168c/0x4650 [lustre]
00035  ll_lookup_nd+0x2a7/0x4f0 [lustre]
00035  __lookup_slow+0x1a2/0x260
00035  lookup_slow+0x53/0x70
00035  path_lookupat+0x2d0/0x6d0
00035  filename_lookup+0x18f/0x340
00035  vfs_statx+0x6a/0x3c0
00035  ? do_getname+0xb3/0x190
00035  vfs_fstatat+0xa6/0xd0
00035  __x64_sys_newfstatat+0xb2/0x2c0
00035  ? kmem_cache_free+0x39f/0x580
00035  ? fpregs_assert_state_consistent+0x4f/0xe0
00035  do_syscall_64+0xc1/0x350
00035  entry_SYSCALL_64_after_hwframe+0x4b/0x53
00035 RIP: 0033:0x7f97e7f173ee
00035 Code: 0f 1f 40 00 48 8b 15 29 ba 0e 00 f7 d8 64 89 02 b8 ff ff ff ff c3 66 0f 1f 44 00 00 f3 0f 1e fa 41 89 ca b8 06 01 00 00 0f 05 <3d> 00 f0 ff ff 77 0b 31 c0 c3 0f 1f 84 00 00 00 00 00 48 8b 15 f1
00035 RSP: 002b:00007ffc5061cfc8 EFLAGS: 00000246 ORIG_RAX: 0000000000000106
00035 RAX: ffffffffffffffda RBX: 000055b02c3a9730 RCX: 00007f97e7f173ee
00035 RDX: 000055b02c3a97a0 RSI: 000055b02c3a9830 RDI: 00000000ffffff9c
00035 RBP: 00007ffc5061cff0 R08: 00007f97e8003b20 R09: 0000000000000130
00035 R10: 0000000000000100 R11: 0000000000000246 R12: 000055b02c3a97a0
00035 R13: 000055b02c3a8480 R14: 0000000000000000 R15: 00007ffc5061f892
00035  </TASK>
00035 ---[ end trace 0000000000000000 ]---
00035 chown (3046) used greatest stack depth: 24272 bytes left
00035 running as uid/gid/euid/egid 1000/1000/1000/1000, groups: 1000
00035  [touch] [/mnt/lustre/d0_runas_test/f2646]
00035 ------------[ cut here ]------------
00035 WARNING: /home/ktest/git/linux/include/linux/fs.h:889 at ll_iget+0x592/0x850 [lustre], CPU#0: touch/3047
00035 Modules linked in: ofd(O) osp(O) mdd(O) lod(O) mdt(O) lquota(O) lfsck(O) mgs(O) osd_wbcfs(O) lustre(O) obdecho(O) mgc(O) mdc(O) lov(O) osc(O) lmv(O) ec(O) fid(O) fld(O) ptlrpc(O) efivarfs obdclass(O) ksocklnd(O) lnet(O) libcfs(O)
00035 CPU: 0 UID: 1000 PID: 3047 Comm: touch Tainted: G        W  O        7.0.0-ktest-295ad02-6330a45-20260816-dirty #1 PREEMPT 
00035 Tainted: [W]=WARN, [O]=OOT_MODULE
00035 Hardware name: QEMU Standard PC (Q35 + ICH9, 2009), BIOS 2025.11-3ubuntu7 03/31/2026
00035 RIP: 0010:ll_iget+0x592/0x850 [lustre]
00035 Code: 48 c7 c6 40 52 76 a1 48 c7 c2 80 52 76 a1 e8 45 76 d4 fe 48 c7 c7 80 d7 a6 a1 e8 39 06 d5 fe 48 89 df 4c 89 fe e9 34 fb ff ff <0f> 0b e9 89 fb ff ff 0f 0b e9 f0 fc ff ff 48 c7 c1 80 44 5d a0 80
00035 RSP: 0018:ffffc900085f7610 EFLAGS: 00010246
00035 RAX: 0000000000000000 RBX: ffff8881311c6500 RCX: 0000000000000046
00035 RDX: 0000000000000000 RSI: ffff8881311c6590 RDI: ffff888137350970
00035 RBP: ffff888046755000 R08: ffffffff83a16803 R09: 1ffffffff0742d00
00035 R10: dffffc0000000000 R11: fffffbfff0742d01 R12: dffffc0000000000
00035 R13: dffffc0000000000 R14: ffffc900085f76c8 R15: 0000000200000402
00035 FS:  00007f0971996740(0000) GS:ffff8881d4a2a000(0000) knlGS:0000000000000000
00035 CS:  0010 DS: 0000 ES: 0000 CR0: 0000000080050033
00035 CR2: 00007f09716f59d0 CR3: 000000011a098000 CR4: 0000000000750eb0
00035 PKRU: 55555554
00035 Call Trace:
00035  <TASK>
00035  ll_prep_inode+0x682/0x1310 [lustre]
00035  ? lustre_swab_barrier_lvb+0xd0/0xd0 [ptlrpc]
00035  ll_lookup_it+0x168c/0x4650 [lustre]
00035  ? d_alloc_parallel+0xe4f/0xfb0
00035  ll_lookup_nd+0x2a7/0x4f0 [lustre]
00035  __lookup_slow+0x1a2/0x260
00035  lookup_slow+0x53/0x70
00035  link_path_walk+0xac4/0x13d0
00035  path_openat+0x236/0x2630
00035  ? kasan_save_track+0x2f/0x60
00035  ? kmem_cache_alloc_noprof+0xea/0x3d0
00035  ? do_getname+0x67/0x190
00035  ? __x64_sys_openat+0xf8/0x120
00035  ? do_syscall_64+0xc1/0x350
00035  ? filemap_map_pages+0x14c/0x1210
00035  do_file_open+0x19b/0x360
00035  ? _raw_spin_unlock+0x23/0x40
00035  ? alloc_fd+0x42c/0x480
00035  do_sys_openat2+0x84/0xf0
00035  __x64_sys_openat+0xf8/0x120
00035  do_syscall_64+0xc1/0x350
00035  entry_SYSCALL_64_after_hwframe+0x4b/0x53
00035 RIP: 0033:0x7f097171b1a5
00035 Code: 83 e2 40 75 50 89 f0 f7 d0 a9 00 00 41 00 74 45 80 3d ae fe 0e 00 00 74 60 89 da 4c 89 e6 bf 9c ff ff ff b8 01 01 00 00 0f 05 <48> 3d 00 f0 ff ff 0f 87 7f 00 00 00 48 8b 55 b8 64 48 2b 14 25 28
00035 RSP: 002b:00007ffcfe47ddf0 EFLAGS: 00000202 ORIG_RAX: 0000000000000101
00035 RAX: ffffffffffffffda RBX: 0000000000000941 RCX: 00007f097171b1a5
00035 RDX: 0000000000000941 RSI: 00007ffcfe47f87f RDI: 00000000ffffff9c
00035 RBP: 00007ffcfe47de60 R08: 00000000ffffffff R09: 0000000000000000
00035 R10: 00000000000001b6 R11: 0000000000000202 R12: 00007ffcfe47f87f
00035 R13: 00007f0971803248 R14: 0000000000000000 R15: 0000000000000001
00035  </TASK>
00035 ---[ end trace 0000000000000000 ]---
00035 ------------[ cut here ]------------
00035 WARNING: /home/ktest/git/linux/include/linux/fs.h:889 at ll_iget+0x599/0x850 [lustre], CPU#0: touch/3047
00035 Modules linked in: ofd(O) osp(O) mdd(O) lod(O) mdt(O) lquota(O) lfsck(O) mgs(O) osd_wbcfs(O) lustre(O) obdecho(O) mgc(O) mdc(O) lov(O) osc(O) lmv(O) ec(O) fid(O) fld(O) ptlrpc(O) efivarfs obdclass(O) ksocklnd(O) lnet(O) libcfs(O)
00035 CPU: 0 UID: 1000 PID: 3047 Comm: touch Tainted: G        W  O        7.0.0-ktest-295ad02-6330a45-20260816-dirty #1 PREEMPT 
00035 Tainted: [W]=WARN, [O]=OOT_MODULE
00035 Hardware name: QEMU Standard PC (Q35 + ICH9, 2009), BIOS 2025.11-3ubuntu7 03/31/2026
00035 RIP: 0010:ll_iget+0x599/0x850 [lustre]
00035 Code: 48 c7 c2 80 52 76 a1 e8 45 76 d4 fe 48 c7 c7 80 d7 a6 a1 e8 39 06 d5 fe 48 89 df 4c 89 fe e9 34 fb ff ff 0f 0b e9 89 fb ff ff <0f> 0b e9 f0 fc ff ff 48 c7 c1 80 44 5d a0 80 e1 07 80 c1 03 38 c1
00035 RSP: 0018:ffffc900085f7610 EFLAGS: 00010246
00035 RAX: 0000000000000000 RBX: ffff8881311c6500 RCX: 0000000000000046
00035 RDX: 0000000000000000 RSI: ffff8881311c6590 RDI: ffff888137350970
00035 RBP: ffff888046755000 R08: ffffffff83a16803 R09: 1ffffffff0742d00
00035 R10: dffffc0000000000 R11: fffffbfff0742d01 R12: dffffc0000000000
00035 R13: 1ffff11026238cb9 R14: ffffc900085f76c8 R15: ffff8881311c65c8
00035 FS:  00007f0971996740(0000) GS:ffff8881d4a2a000(0000) knlGS:0000000000000000
00035 CS:  0010 DS: 0000 ES: 0000 CR0: 0000000080050033
00035 CR2: 00007f09716f59d0 CR3: 000000011a098000 CR4: 0000000000750eb0
00035 PKRU: 55555554
00035 Call Trace:
00035  <TASK>
00035  ll_prep_inode+0x682/0x1310 [lustre]
00035  ? lustre_swab_barrier_lvb+0xd0/0xd0 [ptlrpc]
00035  ll_lookup_it+0x168c/0x4650 [lustre]
00035  ? d_alloc_parallel+0xe4f/0xfb0
00035  ll_lookup_nd+0x2a7/0x4f0 [lustre]
00035  __lookup_slow+0x1a2/0x260
00035  lookup_slow+0x53/0x70
00035  link_path_walk+0xac4/0x13d0
00035  path_openat+0x236/0x2630
00035  ? kasan_save_track+0x2f/0x60
00035  ? kmem_cache_alloc_noprof+0xea/0x3d0
00035  ? do_getname+0x67/0x190
00035  ? __x64_sys_openat+0xf8/0x120
00035  ? do_syscall_64+0xc1/0x350
00035  ? filemap_map_pages+0x14c/0x1210
00035  do_file_open+0x19b/0x360
00035  ? _raw_spin_unlock+0x23/0x40
00035  ? alloc_fd+0x42c/0x480
00035  do_sys_openat2+0x84/0xf0
00035  __x64_sys_openat+0xf8/0x120
00035  do_syscall_64+0xc1/0x350
00035  entry_SYSCALL_64_after_hwframe+0x4b/0x53
00035 RIP: 0033:0x7f097171b1a5
00035 Code: 83 e2 40 75 50 89 f0 f7 d0 a9 00 00 41 00 74 45 80 3d ae fe 0e 00 00 74 60 89 da 4c 89 e6 bf 9c ff ff ff b8 01 01 00 00 0f 05 <48> 3d 00 f0 ff ff 0f 87 7f 00 00 00 48 8b 55 b8 64 48 2b 14 25 28
00035 RSP: 002b:00007ffcfe47ddf0 EFLAGS: 00000202 ORIG_RAX: 0000000000000101
00035 RAX: ffffffffffffffda RBX: 0000000000000941 RCX: 00007f097171b1a5
00035 RDX: 0000000000000941 RSI: 00007ffcfe47f87f RDI: 00000000ffffff9c
00035 RBP: 00007ffcfe47de60 R08: 00000000ffffffff R09: 0000000000000000
00035 R10: 00000000000001b6 R11: 0000000000000202 R12: 00007ffcfe47f87f
00035 R13: 00007f0971803248 R14: 0000000000000000 R15: 0000000000000001
00035  </TASK>
00035 ---[ end trace 0000000000000000 ]---
00035 ------------[ cut here ]------------
00035 WARNING: /home/ktest/git/linux/include/linux/fs.h:889 at osd_create+0x9cf/0xcf0 [osd_wbcfs], CPU#1: mdt00_003/1801
00035 Modules linked in: ofd(O) osp(O) mdd(O) lod(O) mdt(O) lquota(O) lfsck(O) mgs(O) osd_wbcfs(O) lustre(O) obdecho(O) mgc(O) mdc(O) lov(O) osc(O) lmv(O) ec(O) fid(O) fld(O) ptlrpc(O) efivarfs obdclass(O) ksocklnd(O) lnet(O) libcfs(O)
00035 CPU: 1 UID: 0 PID: 1801 Comm: mdt00_003 Tainted: G        W  O        7.0.0-ktest-295ad02-6330a45-20260816-dirty #1 PREEMPT 
00035 Tainted: [W]=WARN, [O]=OOT_MODULE
00035 Hardware name: QEMU Standard PC (Q35 + ICH9, 2009), BIOS 2025.11-3ubuntu7 03/31/2026
00035 RIP: 0010:osd_create+0x9cf/0xcf0 [osd_wbcfs]
00035 Code: c7 c7 00 96 7b a1 48 c7 c6 a0 12 7d a1 48 c7 c2 00 1c 7d a1 e8 52 f1 43 ff 48 c7 c7 00 96 7b a1 e8 46 81 44 ff e9 fe fc ff ff <0f> 0b e9 a5 fa ff ff 48 c7 c1 80 44 5d a0 80 e1 07 80 c1 03 38 c1
00035 RSP: 0018:ffffc9000158f2e8 EFLAGS: 00010246
00035 RAX: 0000000000000000 RBX: ffff88810571a400 RCX: 0000000000000046
00035 RDX: 0000000000000000 RSI: ffff88813331fb68 RDI: ffff88811baf8998
00035 RBP: ffff88813331fad8 R08: ffffffff83a16803 R09: 1ffffffff0742d00
00035 R10: dffffc0000000000 R11: fffffbfff0742d01 R12: ffff88802b7ca2c8
00035 R13: dffffc0000000000 R14: 1ffff11020ae3480 R15: 1ffff11008c6aac8
00035 FS:  0000000000000000(0000) GS:ffff8881d4aaa000(0000) knlGS:0000000000000000
00035 CS:  0010 DS: 0000 ES: 0000 CR0: 0000000080050033
00035 CR2: 0000557f2485b4e8 CR3: 000000007a7ab000 CR4: 0000000000750eb0
00035 PKRU: 55555554
00035 Call Trace:
00035  <TASK>
00035  ? lod_sub_create+0x168a/0x1940 [lod]
00035  ? __lock_acquire+0x73/0x620
00035  ? dt_write_lock+0x16d/0x2a0 [obdclass]
00035  ? lod_create+0x10d/0x720 [lod]
00035  ? mdd_create_object_internal+0x18f/0x320 [mdd]
00035  ? mdd_create_object+0xab/0x1ce0 [mdd]
00035  ? mdd_create+0x202b/0x4110 [mdd]
00035  ? lustre_msg_get_versions+0x49/0x160 [ptlrpc]
00035  ? mdt_reint_open+0x434b/0x8480 [mdt]
00035  ? mdt_reint_rec+0x10f/0x530 [mdt]
00035  ? mdt_reint_internal+0x9d5/0x11a0 [mdt]
00035  ? mdt_intent_open+0x18b/0x9a0 [mdt]
00035  ? mdt_intent_policy+0x1639/0x2300 [mdt]
00035  ? mdt_register_lwp_callback+0x620/0x620 [mdt]
00035  ? mdt_seq_init+0x1ef0/0x1ef0 [mdt]
00035  ? ldlm_lock_enqueue+0x221/0x16c0 [ptlrpc]
00035  ? ldlm_handle_enqueue+0x139f/0x3250 [ptlrpc]
00035  ? tgt_enqueue+0x19b/0x550 [ptlrpc]
00035  ? tgt_request_handle+0x23ad/0x3d30 [ptlrpc]
00035  ? ptlrpc_main+0x6359/0x96f0 [ptlrpc]
00035  ? __kthread_parkme+0x73/0x130
00035  ? kthread+0x2cd/0x3a0
00035  ? ptlrpc_start_thread+0x1f10/0x1f10 [ptlrpc]
00035  ? kthread_unuse_mm+0x130/0x130
00035  ? ret_from_fork+0x18c/0x520
00035  ? kthread_unuse_mm+0x130/0x130
00035  ? ret_from_fork_asm+0x11/0x20
00035  </TASK>
00035 ---[ end trace 0000000000000000 ]---
00035 ------------[ cut here ]------------
00035 WARNING: /home/ktest/git/linux/include/linux/fs.h:889 at ll_iget+0x592/0x850 [lustre], CPU#0: touch/3047
00035 Modules linked in: ofd(O) osp(O) mdd(O) lod(O) mdt(O) lquota(O) lfsck(O) mgs(O) osd_wbcfs(O) lustre(O) obdecho(O) mgc(O) mdc(O) lov(O) osc(O) lmv(O) ec(O) fid(O) fld(O) ptlrpc(O) efivarfs obdclass(O) ksocklnd(O) lnet(O) libcfs(O)
00035 CPU: 0 UID: 1000 PID: 3047 Comm: touch Tainted: G        W  O        7.0.0-ktest-295ad02-6330a45-20260816-dirty #1 PREEMPT 
00035 Tainted: [W]=WARN, [O]=OOT_MODULE
00035 Hardware name: QEMU Standard PC (Q35 + ICH9, 2009), BIOS 2025.11-3ubuntu7 03/31/2026
00035 RIP: 0010:ll_iget+0x592/0x850 [lustre]
00035 Code: 48 c7 c6 40 52 76 a1 48 c7 c2 80 52 76 a1 e8 45 76 d4 fe 48 c7 c7 80 d7 a6 a1 e8 39 06 d5 fe 48 89 df 4c 89 fe e9 34 fb ff ff <0f> 0b e9 89 fb ff ff 0f 0b e9 f0 fc ff ff 48 c7 c1 80 44 5d a0 80
00035 RSP: 0018:ffffc900085f76c8 EFLAGS: 00010246
00035 RAX: 0000000000000000 RBX: ffff88814b782c00 RCX: 0000000000000046
00035 RDX: 0000000000000000 RSI: ffff88814b782c90 RDI: ffff888137350998
00035 RBP: ffff888046755000 R08: ffff88802b936883 R09: 1ffff11005726d10
00035 R10: dffffc0000000000 R11: ffffed1005726d11 R12: dffffc0000000000
00035 R13: dffffc0000000000 R14: ffffc900085f7780 R15: 0000000200000402
00035 FS:  00007f0971996740(0000) GS:ffff8881d4a2a000(0000) knlGS:0000000000000000
00035 CS:  0010 DS: 0000 ES: 0000 CR0: 0000000080050033
00035 CR2: 00007f09716f59d0 CR3: 000000011a098000 CR4: 0000000000750eb0
00035 PKRU: 55555554
00035 Call Trace:
00035  <TASK>
00035  ll_prep_inode+0x682/0x1310 [lustre]
00035  ll_create_it+0x52f/0x15d0 [lustre]
00035  ? lprocfs_counter_add+0x2df/0x3e0 [obdclass]
00035  ll_lookup_it+0x2bac/0x4650 [lustre]
00035  ? kasan_unpoison+0x48/0x70
00035  ? __alloc_tagging_slab_alloc_hook+0x136/0x190
00035  ll_atomic_open+0x950/0x1690 [lustre]
00035  atomic_open+0x162/0x320
00035  path_openat+0xcda/0x2630
00035  do_file_open+0x19b/0x360
00035  ? _raw_spin_unlock+0x23/0x40
00035  ? alloc_fd+0x42c/0x480
00035  do_sys_openat2+0x84/0xf0
00035  __x64_sys_openat+0xf8/0x120
00035  do_syscall_64+0xc1/0x350
00035  entry_SYSCALL_64_after_hwframe+0x4b/0x53
00035 RIP: 0033:0x7f097171b1a5
00035 Code: 83 e2 40 75 50 89 f0 f7 d0 a9 00 00 41 00 74 45 80 3d ae fe 0e 00 00 74 60 89 da 4c 89 e6 bf 9c ff ff ff b8 01 01 00 00 0f 05 <48> 3d 00 f0 ff ff 0f 87 7f 00 00 00 48 8b 55 b8 64 48 2b 14 25 28
00035 RSP: 002b:00007ffcfe47ddf0 EFLAGS: 00000202 ORIG_RAX: 0000000000000101
00035 RAX: ffffffffffffffda RBX: 0000000000000941 RCX: 00007f097171b1a5
00035 RDX: 0000000000000941 RSI: 00007ffcfe47f87f RDI: 00000000ffffff9c
00035 RBP: 00007ffcfe47de60 R08: 00000000ffffffff R09: 0000000000000000
00035 R10: 00000000000001b6 R11: 0000000000000202 R12: 00007ffcfe47f87f
00035 R13: 00007f0971803248 R14: 0000000000000000 R15: 0000000000000001
00035  </TASK>
00035 ---[ end trace 0000000000000000 ]---
00035 ------------[ cut here ]------------
00035 WARNING: /home/ktest/git/linux/include/linux/fs.h:889 at cl_file_inode_init+0x5f8/0x7a0 [lustre], CPU#0: touch/3047
00035 Modules linked in: ofd(O) osp(O) mdd(O) lod(O) mdt(O) lquota(O) lfsck(O) mgs(O) osd_wbcfs(O) lustre(O) obdecho(O) mgc(O) mdc(O) lov(O) osc(O) lmv(O) ec(O) fid(O) fld(O) ptlrpc(O) efivarfs obdclass(O) ksocklnd(O) lnet(O) libcfs(O)
00035 CPU: 0 UID: 1000 PID: 3047 Comm: touch Tainted: G        W  O        7.0.0-ktest-295ad02-6330a45-20260816-dirty #1 PREEMPT 
00035 Tainted: [W]=WARN, [O]=OOT_MODULE
00035 Hardware name: QEMU Standard PC (Q35 + ICH9, 2009), BIOS 2025.11-3ubuntu7 03/31/2026
00035 RIP: 0010:cl_file_inode_init+0x5f8/0x7a0 [lustre]
00035 Code: c7 c7 c0 b3 a8 a1 48 c7 c6 c0 e3 76 a1 48 c7 c2 00 e4 76 a1 e8 f9 4e cf fe 48 c7 c7 c0 b3 a8 a1 e8 ed de cf fe e9 eb fb ff ff <0f> 0b e9 63 fc ff ff c7 05 ef c6 17 00 00 00 04 00 48 c7 c7 c0 b6
00035 RSP: 0018:ffffc900085f74c0 EFLAGS: 00010246
00035 RAX: 0000000000000000 RBX: ffff88814b782c00 RCX: 0000000000000046
00035 RDX: ffff88814b782b2c RSI: ffff88814b782c90 RDI: ffff888137350998
00035 RBP: dffffc0000000000 R08: ffffffffa0c80ce7 R09: 1ffffffff419019c
00035 R10: dffffc0000000000 R11: fffffbfff419019d R12: ffff88811791e0d8
00035 R13: 1ffff110296f06b8 R14: ffff88814b7835c0 R15: ffff8881332df000
00035 FS:  00007f0971996740(0000) GS:ffff8881d4a2a000(0000) knlGS:0000000000000000
00035 CS:  0010 DS: 0000 ES: 0000 CR0: 0000000080050033
00035 CR2: 00007f09716f59d0 CR3: 000000011a098000 CR4: 0000000000750eb0
00035 PKRU: 55555554
00035 Call Trace:
00035  <TASK>
00035  ll_update_inode+0xfa/0x3ef0 [lustre]
00035  ? report_bug+0x87/0xc0
00035  ? inode_set_ctime_to_ts+0x7f/0x1b0
00035  ll_read_inode2+0x23d/0x9f0 [lustre]
00035  ll_iget+0x201/0x850 [lustre]
00035  ll_prep_inode+0x682/0x1310 [lustre]
00035  ll_create_it+0x52f/0x15d0 [lustre]
00035  ? lprocfs_counter_add+0x2df/0x3e0 [obdclass]
00035  ll_lookup_it+0x2bac/0x4650 [lustre]
00035  ? kasan_unpoison+0x48/0x70
00035  ? __alloc_tagging_slab_alloc_hook+0x136/0x190
00035  ll_atomic_open+0x950/0x1690 [lustre]
00035  atomic_open+0x162/0x320
00035  path_openat+0xcda/0x2630
00035  do_file_open+0x19b/0x360
00035  ? _raw_spin_unlock+0x23/0x40
00035  ? alloc_fd+0x42c/0x480
00035  do_sys_openat2+0x84/0xf0
00035  __x64_sys_openat+0xf8/0x120
00035  do_syscall_64+0xc1/0x350
00035  entry_SYSCALL_64_after_hwframe+0x4b/0x53
00035 RIP: 0033:0x7f097171b1a5
00035 Code: 83 e2 40 75 50 89 f0 f7 d0 a9 00 00 41 00 74 45 80 3d ae fe 0e 00 00 74 60 89 da 4c 89 e6 bf 9c ff ff ff b8 01 01 00 00 0f 05 <48> 3d 00 f0 ff ff 0f 87 7f 00 00 00 48 8b 55 b8 64 48 2b 14 25 28
00035 RSP: 002b:00007ffcfe47ddf0 EFLAGS: 00000202 ORIG_RAX: 0000000000000101
00035 RAX: ffffffffffffffda RBX: 0000000000000941 RCX: 00007f097171b1a5
00035 RDX: 0000000000000941 RSI: 00007ffcfe47f87f RDI: 00000000ffffff9c
00035 RBP: 00007ffcfe47de60 R08: 00000000ffffffff R09: 0000000000000000
00035 R10: 00000000000001b6 R11: 0000000000000202 R12: 00007ffcfe47f87f
00035 R13: 00007f0971803248 R14: 0000000000000000 R15: 0000000000000001
00035  </TASK>
00035 ---[ end trace 0000000000000000 ]---
00035 LustreError: 3048:0:(osc_quota.c:196:osc_quotactl()) ptlrpc_queue_wait failed, rc: -95
00035 LustreError: 3048:0:(mdc_request.c:2191:mdc_quotactl()) lustre-MDT0000-mdc-ffff88802b936000: ptlrpc_queue_wait failed: rc = -95
00035 LustreError: 3048:0:(lmv_obd.c:4339:lmv_quotactl()) getquota on mdt 0 failed. -95
00035 ------------[ cut here ]------------
00035 WARNING: /home/ktest/git/linux/include/linux/fs.h:889 at ll_iget+0x592/0x850 [lustre], CPU#2: rm/3048
00035 Modules linked in: ofd(O) osp(O) mdd(O) lod(O) mdt(O) lquota(O) lfsck(O) mgs(O) osd_wbcfs(O) lustre(O) obdecho(O) mgc(O) mdc(O) lov(O) osc(O) lmv(O) ec(O) fid(O) fld(O) ptlrpc(O) efivarfs obdclass(O) ksocklnd(O) lnet(O) libcfs(O)
00035 CPU: 2 UID: 0 PID: 3048 Comm: rm Tainted: G        W  O        7.0.0-ktest-295ad02-6330a45-20260816-dirty #1 PREEMPT 
00035 Tainted: [W]=WARN, [O]=OOT_MODULE
00035 Hardware name: QEMU Standard PC (Q35 + ICH9, 2009), BIOS 2025.11-3ubuntu7 03/31/2026
00035 RIP: 0010:ll_iget+0x592/0x850 [lustre]
00035 Code: 48 c7 c6 40 52 76 a1 48 c7 c2 80 52 76 a1 e8 45 76 d4 fe 48 c7 c7 80 d7 a6 a1 e8 39 06 d5 fe 48 89 df 4c 89 fe e9 34 fb ff ff <0f> 0b e9 89 fb ff ff 0f 0b e9 f0 fc ff ff 48 c7 c1 80 44 5d a0 80
00035 RSP: 0018:ffffc900086d7a38 EFLAGS: 00010246
00035 RAX: 0000000000000000 RBX: ffff88814b782c00 RCX: 0000000000000046
00035 RDX: 0000000000000000 RSI: ffff88814b782c90 RDI: ffff888132d04b18
00035 RBP: ffff888046755000 R08: ffffffff83a16803 R09: 1ffffffff0742d00
00035 R10: dffffc0000000000 R11: fffffbfff0742d01 R12: dffffc0000000000
00035 R13: dffffc0000000000 R14: ffffc900086d7af0 R15: 0000000200000402
00035 FS:  00007fad8fc74740(0000) GS:ffff8881d4b2a000(0000) knlGS:0000000000000000
00035 CS:  0010 DS: 0000 ES: 0000 CR0: 0000000080050033
00035 CR2: 00007fad8f8ff000 CR3: 00000001377e5000 CR4: 0000000000750eb0
00035 PKRU: 55555554
00035 Call Trace:
00035  <TASK>
00035  ll_prep_inode+0x682/0x1310 [lustre]
00035  ? lustre_swab_barrier_lvb+0xd0/0xd0 [ptlrpc]
00035  ll_lookup_it+0x168c/0x4650 [lustre]
00035  ? __alloc_tagging_slab_alloc_hook+0x136/0x190
00035  ll_lookup_nd+0x2a7/0x4f0 [lustre]
00035  lookup_one_qstr_excl+0x198/0x2a0
00035  filename_unlinkat+0x15e/0x410
00035  __x64_sys_unlinkat+0xa8/0x170
00035  do_syscall_64+0xc1/0x350
00035  entry_SYSCALL_64_after_hwframe+0x4b/0x53
00035 RIP: 0033:0x7fad8fb1c46b
00035 Code: 77 05 c3 0f 1f 40 00 48 8b 15 a9 69 0e 00 f7 d8 64 89 02 b8 ff ff ff ff c3 66 0f 1f 44 00 00 f3 0f 1e fa b8 07 01 00 00 0f 05 <48> 3d 01 f0 ff ff 73 01 c3 48 8b 0d 7d 69 0e 00 f7 d8 64 89 01 48
00035 RSP: 002b:00007ffcf70072c8 EFLAGS: 00000246 ORIG_RAX: 0000000000000107
00035 RAX: ffffffffffffffda RBX: 00005623f4b2b890 RCX: 00007fad8fb1c46b
00035 RDX: 0000000000000000 RSI: 00005623f4b2b990 RDI: 0000000000000004
00035 RBP: 00007ffcf70073a0 R08: 00005623f4b2d2f0 R09: 00007ffcf70073fc
00035 R10: 000000000000001a R11: 0000000000000246 R12: 00005623f4b2b5c0
00035 R13: 0000000000000000 R14: 00007ffcf7007400 R15: 0000000000000000
00035  </TASK>
00035 ---[ end trace 0000000000000000 ]---
00035 ------------[ cut here ]------------
00035 WARNING: /home/ktest/git/linux/include/linux/fs.h:889 at ll_iget+0x599/0x850 [lustre], CPU#2: rm/3048
00035 Modules linked in: ofd(O) osp(O) mdd(O) lod(O) mdt(O) lquota(O) lfsck(O) mgs(O) osd_wbcfs(O) lustre(O) obdecho(O) mgc(O) mdc(O) lov(O) osc(O) lmv(O) ec(O) fid(O) fld(O) ptlrpc(O) efivarfs obdclass(O) ksocklnd(O) lnet(O) libcfs(O)
00035 CPU: 2 UID: 0 PID: 3048 Comm: rm Tainted: G        W  O        7.0.0-ktest-295ad02-6330a45-20260816-dirty #1 PREEMPT 
00035 Tainted: [W]=WARN, [O]=OOT_MODULE
00035 Hardware name: QEMU Standard PC (Q35 + ICH9, 2009), BIOS 2025.11-3ubuntu7 03/31/2026
00035 RIP: 0010:ll_iget+0x599/0x850 [lustre]
00035 Code: 48 c7 c2 80 52 76 a1 e8 45 76 d4 fe 48 c7 c7 80 d7 a6 a1 e8 39 06 d5 fe 48 89 df 4c 89 fe e9 34 fb ff ff 0f 0b e9 89 fb ff ff <0f> 0b e9 f0 fc ff ff 48 c7 c1 80 44 5d a0 80 e1 07 80 c1 03 38 c1
00035 RSP: 0018:ffffc900086d7a38 EFLAGS: 00010246
00035 RAX: 0000000000000000 RBX: ffff88814b782c00 RCX: 0000000000000046
00035 RDX: 0000000000000000 RSI: ffff88814b782c90 RDI: ffff888132d04b18
00035 RBP: ffff888046755000 R08: ffffffff83a16803 R09: 1ffffffff0742d00
00035 R10: dffffc0000000000 R11: fffffbfff0742d01 R12: dffffc0000000000
00035 R13: 1ffff110296f0599 R14: ffffc900086d7af0 R15: ffff88814b782cc8
00035 FS:  00007fad8fc74740(0000) GS:ffff8881d4b2a000(0000) knlGS:0000000000000000
00035 CS:  0010 DS: 0000 ES: 0000 CR0: 0000000080050033
00035 CR2: 00007fad8f8ff000 CR3: 00000001377e5000 CR4: 0000000000750eb0
00035 PKRU: 55555554
00035 Call Trace:
00035  <TASK>
00035  ll_prep_inode+0x682/0x1310 [lustre]
00035  ? lustre_swab_barrier_lvb+0xd0/0xd0 [ptlrpc]
00035  ll_lookup_it+0x168c/0x4650 [lustre]
00035  ? __alloc_tagging_slab_alloc_hook+0x136/0x190
00035  ll_lookup_nd+0x2a7/0x4f0 [lustre]
00035  lookup_one_qstr_excl+0x198/0x2a0
00035  filename_unlinkat+0x15e/0x410
00035  __x64_sys_unlinkat+0xa8/0x170
00035  do_syscall_64+0xc1/0x350
00035  entry_SYSCALL_64_after_hwframe+0x4b/0x53
00035 RIP: 0033:0x7fad8fb1c46b
00035 Code: 77 05 c3 0f 1f 40 00 48 8b 15 a9 69 0e 00 f7 d8 64 89 02 b8 ff ff ff ff c3 66 0f 1f 44 00 00 f3 0f 1e fa b8 07 01 00 00 0f 05 <48> 3d 01 f0 ff ff 73 01 c3 48 8b 0d 7d 69 0e 00 f7 d8 64 89 01 48
00035 RSP: 002b:00007ffcf70072c8 EFLAGS: 00000246 ORIG_RAX: 0000000000000107
00035 RAX: ffffffffffffffda RBX: 00005623f4b2b890 RCX: 00007fad8fb1c46b
00035 RDX: 0000000000000000 RSI: 00005623f4b2b990 RDI: 0000000000000004
00035 RBP: 00007ffcf70073a0 R08: 00005623f4b2d2f0 R09: 00007ffcf70073fc
00035 R10: 000000000000001a R11: 0000000000000246 R12: 00005623f4b2b5c0
00035 R13: 0000000000000000 R14: 00007ffcf7007400 R15: 0000000000000000
00035  </TASK>
00035 ---[ end trace 0000000000000000 ]---
00035 preparing for tests involving mounts
00035 mke2fs 1.47.0 (5-Feb-2023)
00035 
00035 Filesystem too small for a journal
00035 
00035 debug=all
00035 
00035 == sanity test 17d: symlinks: create dangling ============ 09:36:44 (1786873004)
00035 Lustre: DEBUG MARKER: == sanity test 17d: symlinks: create dangling ============ 09:36:44 (1786873004)
00035 ------------[ cut here ]------------
00035 WARNING: /home/ktest/git/linux/include/linux/fs.h:889 at osd_create+0x9cf/0xcf0 [osd_wbcfs], CPU#1: mdt00_001/1731
00035 ------------[ cut here ]------------
00035 Modules linked in: ofd(O) osp(O) mdd(O) lod(O) mdt(O) lquota(O) lfsck(O) mgs(O) osd_wbcfs(O) lustre(O) obdecho(O) mgc(O) mdc(O) lov(O) osc(O) lmv(O) ec(O) fid(O) fld(O) ptlrpc(O) efivarfs obdclass(O) ksocklnd(O)
00035 WARNING: /home/ktest/git/linux/include/linux/fs.h:889 at osd_create+0x9cf/0xcf0 [osd_wbcfs], CPU#2: mdt_out00_001/1736
00035  lnet(O) libcfs(O)
00035 CPU: 1 UID: 0 PID: 1731 Comm: mdt00_001 Tainted: G        W  O        7.0.0-ktest-295ad02-6330a45-20260816-dirty #1 PREEMPT 
00035 Tainted: [W]=WARN, [O]=OOT_MODULE
00035 Modules linked in:
00035 Hardware name: QEMU Standard PC (Q35 + ICH9, 2009), BIOS 2025.11-3ubuntu7 03/31/2026
00035 RIP: 0010:osd_create+0x9cf/0xcf0 [osd_wbcfs]
00035  ofd(O)
00035 Code: c7 c7 00 96 7b a1 48 c7 c6 a0 12 7d a1 48 c7 c2 00 1c 7d a1 e8 52 f1 43 ff 48 c7 c7 00 96 7b a1 e8 46 81 44 ff e9 fe fc ff ff <0f> 0b e9 a5 fa ff ff 48 c7 c1 80 44 5d a0 80 e1 07 80 c1 03 38 c1
00035 RSP: 0018:ffffc900013375a8 EFLAGS: 00010246
00035 RAX: 0000000000000000 RBX: ffff888133105c00 RCX: 0000000000000046
00035 RDX: 0000000000000000 RSI: ffff88813331f450 RDI: ffff88802dfd2a58
00035  osp(O)
00035 RBP: ffff88813331f3c0 R08: ffff8881088f70c3 R09: 1ffff1102111ee18
00035 R10: dffffc0000000000 R11: ffffed102111ee19 R12: ffff88810871a2c8
00035 R13: dffffc0000000000 R14: 1ffff11026620b80 R15: 1ffff11008c1c0c8
00035 FS:  0000000000000000(0000) GS:ffff8881d4aaa000(0000) knlGS:0000000000000000
00035 CS:  0010 DS: 0000 ES: 0000 CR0: 0000000080050033
00035 CR2: 00007fdfd6aee200 CR3: 0000000004274000 CR4: 0000000000750eb0
00035  mdd(O)
00035 PKRU: 55555554
00035 Call Trace:
00035  <TASK>
00035  ? lod_sub_create+0x168a/0x1940 [lod]
00035  lod(O)
00035  ? lod_create+0x10d/0x720 [lod]
00035  mdt(O)
00035  ? mdd_create_object_internal+0x18f/0x320 [mdd]
00035  ? mdd_create_object+0xab/0x1ce0 [mdd]
00035  lquota(O)
00035  ? mdd_create+0x202b/0x4110 [mdd]
00035  lfsck(O)
00035  ? mdt_reint_create+0x2761/0x4e70 [mdt]
00035  ? mdt_reint_rec+0x10f/0x530 [mdt]
00035  mgs(O)
00035  ? mdt_reint_internal+0x9d5/0x11a0 [mdt]
00035  osd_wbcfs(O)
00035  ? tsi2mdt_info+0x319/0x520 [mdt]
00035  lustre(O)
00035  ? mdt_reint+0x115/0x270 [mdt]
00035  obdecho(O)
00035  ? tgt_request_handle+0x23ad/0x3d30 [ptlrpc]
00035  mgc(O)
00035  ? ptlrpc_main+0x6359/0x96f0 [ptlrpc]
00035  mdc(O)
00035  ? __kthread_parkme+0x73/0x130
00035  lov(O)
00035  ? kthread+0x2cd/0x3a0
00035  ? ptlrpc_start_thread+0x1f10/0x1f10 [ptlrpc]
00035  ? kthread_unuse_mm+0x130/0x130
00035  ? ret_from_fork+0x18c/0x520
00035  ? kthread_unuse_mm+0x130/0x130
00035  osc(O)
00035  ? ret_from_fork_asm+0x11/0x20
00035  </TASK>
00035 ---[ end trace 0000000000000000 ]---
00035 ------------[ cut here ]------------
00035 WARNING: /home/ktest/git/linux/include/linux/fs.h:889 at osd_create+0x9cf/0xcf0 [osd_wbcfs], CPU#1: mdt00_001/1731
00035  lmv(O)
00035 Modules linked in: ofd(O) osp(O) mdd(O) lod(O) mdt(O) lquota(O) lfsck(O) mgs(O) osd_wbcfs(O) lustre(O) obdecho(O) mgc(O) mdc(O) lov(O)
00035  ec(O)
00035  osc(O) lmv(O) ec(O) fid(O) fld(O) ptlrpc(O) efivarfs obdclass(O) ksocklnd(O) lnet(O) libcfs(O)
00035 CPU: 1 UID: 0 PID: 1731 Comm: mdt00_001 Tainted: G        W  O        7.0.0-ktest-295ad02-6330a45-20260816-dirty #1 PREEMPT 
00035  fid(O)
00035 Tainted: [W]=WARN, [O]=OOT_MODULE
00035 Hardware name: QEMU Standard PC (Q35 + ICH9, 2009), BIOS 2025.11-3ubuntu7 03/31/2026
00035 RIP: 0010:osd_create+0x9cf/0xcf0 [osd_wbcfs]
00035  fld(O)
00035 Code: c7 c7 00 96 7b a1 48 c7 c6 a0 12 7d a1 48 c7 c2 00 1c 7d a1 e8 52 f1 43 ff 48 c7 c7 00 96 7b a1 e8 46 81 44 ff e9 fe fc ff ff <0f> 0b e9 a5 fa ff ff 48 c7 c1 80 44 5d a0 80 e1 07 80 c1 03 38 c1
00035 RSP: 0018:ffffc90001337370 EFLAGS: 00010246
00035 RAX: 0000000000000000 RBX: ffff888133105400 RCX: 0000000000000046
00035 RDX: 0000000000000000 RSI: ffff88813331ed38 RDI: ffff88802dfd2a80
00035 RBP: ffff88813331eca8 R08: ffff8881088f70c3 R09: 1ffff1102111ee18
00035 R10: dffffc0000000000 R11: ffffed102111ee19 R12: ffff888133c0f000
00035 R13: dffffc0000000000 R14: 1ffff11026620a80 R15: 1ffff11026781e0f
00035 FS:  0000000000000000(0000) GS:ffff8881d4aaa000(0000) knlGS:0000000000000000
00035  ptlrpc(O)
00035 CS:  0010 DS: 0000 ES: 0000 CR0: 0000000080050033
00035 CR2: 00007fdfd6aee200 CR3: 0000000004274000 CR4: 0000000000750eb0
00035 PKRU: 55555554
00035 Call Trace:
00035  <TASK>
00035  ? llog_osd_create+0x605/0x10d0 [obdclass]
00035  efivarfs
00035  ? llog_create+0x2ed/0x530 [obdclass]
00035  ? llog_cat_new_log+0x6d1/0x2970 [obdclass]
00035  obdclass(O)
00035  ? llog_cat_add_rec+0x6ba/0x1960 [obdclass]
00035  ksocklnd(O)
00035  ? llog_add+0x2cb/0x470 [obdclass]
00035  lnet(O)
00035  ? sub_updates_write+0x1444/0x49d0 [ptlrpc]
00035  libcfs(O)
00035  ? prepare_writing_updates+0x256b/0x27c0 [ptlrpc]
00035 
00035  ? top_trans_stop+0x5f4/0x1bf0 [ptlrpc]
00035 CPU: 2 UID: 0 PID: 1736 Comm: mdt_out00_001 Tainted: G        W  O        7.0.0-ktest-295ad02-6330a45-20260816-dirty #1 PREEMPT 
00035  ? mdd_trans_stop+0xa5/0x320 [mdd]
00035 Tainted: [W]=WARN, [O]=OOT_MODULE
00035  ? mdd_create+0x2d26/0x4110 [mdd]
00035 Hardware name: QEMU Standard PC (Q35 + ICH9, 2009), BIOS 2025.11-3ubuntu7 03/31/2026
00035  ? mdt_reint_create+0x2761/0x4e70 [mdt]
00035 RIP: 0010:osd_create+0x9cf/0xcf0 [osd_wbcfs]
00035  ? mdt_reint_rec+0x10f/0x530 [mdt]
00035 Code: c7 c7 00 96 7b a1 48 c7 c6 a0 12 7d a1 48 c7 c2 00 1c 7d a1 e8 52 f1 43 ff 48 c7 c7 00 96 7b a1 e8 46 81 44 ff e9 fe fc ff ff <0f> 0b e9 a5 fa ff ff 48 c7 c1 80 44 5d a0 80 e1 07 80 c1 03 38 c1
00035  ? mdt_reint_internal+0x9d5/0x11a0 [mdt]
00035 RSP: 0018:ffffc900013777f8 EFLAGS: 00010246
00035  ? tsi2mdt_info+0x319/0x520 [mdt]
00035 
00035  ? mdt_reint+0x115/0x270 [mdt]
00035 RAX: 0000000000000000 RBX: ffff888132f96c00 RCX: 0000000000000046
00035  ? tgt_request_handle+0x23ad/0x3d30 [ptlrpc]
00035 RDX: 0000000000000000 RSI: ffff888116d382d0 RDI: ffff88802dd32a58
00035  ? ptlrpc_main+0x6359/0x96f0 [ptlrpc]
00035 RBP: ffff888116d38240 R08: ffff8881088f7183 R09: 1ffff1102111ee30
00035  ? __kthread_parkme+0x73/0x130
00035 R10: dffffc0000000000 R11: ffffed102111ee31 R12: ffff888118c03e30
00035  ? kthread+0x2cd/0x3a0
00035  ? ptlrpc_start_thread+0x1f10/0x1f10 [ptlrpc]
00035 R13: dffffc0000000000 R14: 1ffff110265f2d80 R15: 1ffff110231807d8
00035  ? kthread_unuse_mm+0x130/0x130
00035  ? ret_from_fork+0x18c/0x520
00035  ? kthread_unuse_mm+0x130/0x130
00035  ? ret_from_fork_asm+0x11/0x20
00035 FS:  0000000000000000(0000) GS:ffff8881d4b2a000(0000) knlGS:0000000000000000
00035  </TASK>
00035 ---[ end trace 0000000000000000 ]---
00035 CS:  0010 DS: 0000 ES: 0000 CR0: 0000000080050033
00035 CR2: 00007ff3abef59d0 CR3: 000000003f7c5000 CR4: 0000000000750eb0
00035 PKRU: 55555554
00035 Call Trace:
00035  <TASK>
00035  ? out_tx_create_exec+0x277/0x7a0 [ptlrpc]
00035  ? tx_add_exec+0xd70/0xd70 [ptlrpc]
00035  ? out_tx_end+0x3e3/0x1190 [ptlrpc]
00035  ? out_handle+0x5286/0x6240 [ptlrpc]
00035  ? tgt_request_handle+0x23ad/0x3d30 [ptlrpc]
00035  ? ptlrpc_main+0x6359/0x96f0 [ptlrpc]
00035  ? __kthread_parkme+0x73/0x130
00035  ? kthread+0x2cd/0x3a0
00035  ? ptlrpc_start_thread+0x1f10/0x1f10 [ptlrpc]
00035  ? kthread_unuse_mm+0x130/0x130
00035  ? ret_from_fork+0x18c/0x520
00035  ? kthread_unuse_mm+0x130/0x130
00035  ? ret_from_fork_asm+0x11/0x20
00035  </TASK>
00035 ---[ end trace 0000000000000000 ]---
00035 ------------[ cut here ]------------
00035 WARNING: /home/ktest/git/linux/include/linux/fs.h:889 at osd_create+0x9cf/0xcf0 [osd_wbcfs], CPU#1: mdt_out00_002/1770
00035 Modules linked in: ofd(O) osp(O) mdd(O) lod(O) mdt(O) lquota(O) lfsck(O) mgs(O) osd_wbcfs(O) lustre(O) obdecho(O) mgc(O) mdc(O) lov(O) osc(O) lmv(O) ec(O) fid(O) fld(O) ptlrpc(O) efivarfs obdclass(O) ksocklnd(O) lnet(O) libcfs(O)
00035 CPU: 1 UID: 0 PID: 1770 Comm: mdt_out00_002 Tainted: G        W  O        7.0.0-ktest-295ad02-6330a45-20260816-dirty #1 PREEMPT 
00035 Tainted: [W]=WARN, [O]=OOT_MODULE
00035 Hardware name: QEMU Standard PC (Q35 + ICH9, 2009), BIOS 2025.11-3ubuntu7 03/31/2026
00035 RIP: 0010:osd_create+0x9cf/0xcf0 [osd_wbcfs]
00035 Code: c7 c7 00 96 7b a1 48 c7 c6 a0 12 7d a1 48 c7 c2 00 1c 7d a1 e8 52 f1 43 ff 48 c7 c7 00 96 7b a1 e8 46 81 44 ff e9 fe fc ff ff <0f> 0b e9 a5 fa ff ff 48 c7 c1 80 44 5d a0 80 e1 07 80 c1 03 38 c1
00035 RSP: 0018:ffffc900019377f8 EFLAGS: 00010246
00035 RAX: 0000000000000000 RBX: ffff888119830000 RCX: 0000000000000046
00035 RDX: 0000000000000000 RSI: ffff88813331e620 RDI: ffff88803e6f0998
00035 RBP: ffff88813331e590 R08: ffff8881088f70c3 R09: 1ffff1102111ee18
00035 R10: dffffc0000000000 R11: ffffed102111ee19 R12: ffff88811bfab430
00035 R13: dffffc0000000000 R14: 1ffff11023306000 R15: 1ffff110237f5698
00035 FS:  0000000000000000(0000) GS:ffff8881d4aaa000(0000) knlGS:0000000000000000
00035 CS:  0010 DS: 0000 ES: 0000 CR0: 0000000080050033
00035 CR2: 00007fdfd6aee200 CR3: 0000000103918000 CR4: 0000000000750eb0
00035 PKRU: 55555554
00035 Call Trace:
00035  <TASK>
00035  ? out_tx_create_exec+0x277/0x7a0 [ptlrpc]
00035  ? tx_add_exec+0xd70/0xd70 [ptlrpc]
00035  ? out_tx_end+0x3e3/0x1190 [ptlrpc]
00035  ? out_handle+0x5286/0x6240 [ptlrpc]
00035  ? tgt_request_handle+0x23ad/0x3d30 [ptlrpc]
00035  ? ptlrpc_main+0x6359/0x96f0 [ptlrpc]
00035  ? __kthread_parkme+0x73/0x130
00035  ? kthread+0x2cd/0x3a0
00035  ? ptlrpc_start_thread+0x1f10/0x1f10 [ptlrpc]
00035  ? kthread_unuse_mm+0x130/0x130
00035  ? ret_from_fork+0x18c/0x520
00035  ? kthread_unuse_mm+0x130/0x130
00035  ? ret_from_fork_asm+0x11/0x20
00035  </TASK>
00035 ---[ end trace 0000000000000000 ]---
00035 LustreError: 1736:0:(osd_dirent.c:113:osd_index_dir_insert()) lustre-MDT0000: lookup [0x240000402:0x1:0x0] from icache failed: rc=-22
00035 Lustre: 1736:0:(out_handler.c:886:out_tx_end()) lustre-MDT0000-osd: error during execution of #0 from lustre/ptlrpc/../target/out_handler.c:535: rc = -22
00035 mkdir: cannot create directory '/mnt/lustre/d17d.sanity': Invalid argument
00035  sanity test_17d: @@@@@@ FAIL: mkdir '/mnt/lustre/d17d.sanity' failed 
00036 Lustre: DEBUG MARKER: sanity test_17d: @@@@@@ FAIL: mkdir '/mnt/lustre/d17d.sanity' failed
00036   Trace dump:
00036   = /host/home/ktest/git/lustre-release/lustre/tests/test-framework.sh:7447:error()
00036   = /host/home/ktest/git/lustre-release/lustre/tests/test-framework.sh:10495:test_mkdir()
00036   = /host/home/ktest/git/lustre-release/lustre/tests/sanity.sh:638:test_17d()
00036   = /host/home/ktest/git/lustre-release/lustre/tests/test-framework.sh:7823:run_one()
00036   = /host/home/ktest/git/lustre-release/lustre/tests/test-framework.sh:7886:run_one_logged()
00036   = /host/home/ktest/git/lustre-release/lustre/tests/test-framework.sh:7686:run_test()
00036   = /host/home/ktest/git/lustre-release/lustre/tests/sanity.sh:642:main()
00036 Dumping lctl log to /tmp/test_logs/2026-08-16/093635/sanity.test_17d.*.1786873005.log
00036 Dumping logs only on local client.
00036 FAIL 17d (1s)
00036 
00036 == sanity test 17e: symlinks: create recursive symlink (should return error) ========================================================== 09:36:45 (1786873005)
00036 Lustre: DEBUG MARKER: == sanity test 17e: symlinks: create recursive symlink (should return error) ========================================================== 09:36:45 (1786873005)
00036 ------------[ cut here ]------------
00036 WARNING: /home/ktest/git/linux/include/linux/fs.h:889 at osd_create+0x9cf/0xcf0 [osd_wbcfs], CPU#3: mdt00_000/1730
00036 Modules linked in: ofd(O) osp(O) mdd(O) lod(O) mdt(O) lquota(O) lfsck(O) mgs(O) osd_wbcfs(O) lustre(O) obdecho(O) mgc(O) mdc(O) lov(O) osc(O) lmv(O) ec(O) fid(O) fld(O) ptlrpc(O) efivarfs obdclass(O) ksocklnd(O) lnet(O) libcfs(O)
00036 CPU: 3 UID: 0 PID: 1730 Comm: mdt00_000 Tainted: G        W  O        7.0.0-ktest-295ad02-6330a45-20260816-dirty #1 PREEMPT 
00036 Tainted: [W]=WARN, [O]=OOT_MODULE
00036 Hardware name: QEMU Standard PC (Q35 + ICH9, 2009), BIOS 2025.11-3ubuntu7 03/31/2026
00036 RIP: 0010:osd_create+0x9cf/0xcf0 [osd_wbcfs]
00036 Code: c7 c7 00 96 7b a1 48 c7 c6 a0 12 7d a1 48 c7 c2 00 1c 7d a1 e8 52 f1 43 ff 48 c7 c7 00 96 7b a1 e8 46 81 44 ff e9 fe fc ff ff <0f> 0b e9 a5 fa ff ff 48 c7 c1 80 44 5d a0 80 e1 07 80 c1 03 38 c1
00036 RSP: 0018:ffffc900013175a8 EFLAGS: 00010246
00036 RAX: 0000000000000000 RBX: ffff8881040d5800 RCX: 0000000000000046
00036 RDX: 0000000000000000 RSI: ffff888118b8e620 RDI: ffff88802dfd4b18
00036 RBP: ffff888118b8e590 R08: ffff8881088f7243 R09: 1ffff1102111ee48
00036 R10: dffffc0000000000 R11: ffffed102111ee49 R12: ffff8880750562c8
00036 R13: dffffc0000000000 R14: 1ffff1102081ab00 R15: 1ffff11005ba5ac8
00036 FS:  0000000000000000(0000) GS:ffff8881d4baa000(0000) knlGS:0000000000000000
00036 CS:  0010 DS: 0000 ES: 0000 CR0: 0000000080050033
00036 CR2: 000056097820fe20 CR3: 000000011aed8000 CR4: 0000000000750eb0
00036 PKRU: 55555554
00036 Call Trace:
00036  <TASK>
00036  ? lod_sub_create+0x168a/0x1940 [lod]
00036  ? dt_write_lock+0x16d/0x2a0 [obdclass]
00036  ? lod_create+0x10d/0x720 [lod]
00036  ? mdd_create_object_internal+0x18f/0x320 [mdd]
00036  ? mdd_create_object+0xab/0x1ce0 [mdd]
00036  ? mdd_create+0x202b/0x4110 [mdd]
00036  ? mdt_reint_create+0x2761/0x4e70 [mdt]
00036  ? mdt_reint_rec+0x10f/0x530 [mdt]
00036  ? mdt_reint_internal+0x9d5/0x11a0 [mdt]
00036  ? tsi2mdt_info+0x319/0x520 [mdt]
00036  ? mdt_reint+0x115/0x270 [mdt]
00036  ? tgt_request_handle+0x23ad/0x3d30 [ptlrpc]
00036  ? ptlrpc_main+0x6359/0x96f0 [ptlrpc]
00036  ? __kthread_parkme+0x73/0x130
00036  ? kthread+0x2cd/0x3a0
00036  ? ptlrpc_start_thread+0x1f10/0x1f10 [ptlrpc]
00036  ? kthread_unuse_mm+0x130/0x130
00036  ? ret_from_fork+0x18c/0x520
00036  ? kthread_unuse_mm+0x130/0x130
00036  ? ret_from_fork_asm+0x11/0x20
00036  </TASK>
00036 ---[ end trace 0000000000000000 ]---
00036 ------------[ cut here ]------------
00036 WARNING: /home/ktest/git/linux/include/linux/fs.h:889 at ll_iget+0x592/0x850 [lustre], CPU#1: mkdir/3210
00036 Modules linked in: ofd(O) osp(O) mdd(O) lod(O) mdt(O) lquota(O) lfsck(O) mgs(O) osd_wbcfs(O) lustre(O) obdecho(O) mgc(O) mdc(O) lov(O) osc(O) lmv(O) ec(O) fid(O) fld(O) ptlrpc(O) efivarfs obdclass(O) ksocklnd(O) lnet(O) libcfs(O)
00036 CPU: 1 UID: 0 PID: 3210 Comm: mkdir Tainted: G        W  O        7.0.0-ktest-295ad02-6330a45-20260816-dirty #1 PREEMPT 
00036 Tainted: [W]=WARN, [O]=OOT_MODULE
00036 Hardware name: QEMU Standard PC (Q35 + ICH9, 2009), BIOS 2025.11-3ubuntu7 03/31/2026
00036 RIP: 0010:ll_iget+0x592/0x850 [lustre]
00036 Code: 48 c7 c6 40 52 76 a1 48 c7 c2 80 52 76 a1 e8 45 76 d4 fe 48 c7 c7 80 d7 a6 a1 e8 39 06 d5 fe 48 89 df 4c 89 fe e9 34 fb ff ff <0f> 0b e9 89 fb ff ff 0f 0b e9 f0 fc ff ff 48 c7 c1 80 44 5d a0 80
00036 RSP: 0018:ffffc90008b979f0 EFLAGS: 00010246
00036 RAX: 0000000000000000 RBX: ffff88802d06c880 RCX: 0000000000000046
00036 RDX: 0000000000000000 RSI: ffff88802d06c910 RDI: ffff88802bafaa58
00036 RBP: ffff888046755000 R08: ffff88802b936883 R09: 1ffff11005726d10
00036 R10: dffffc0000000000 R11: ffffed1005726d11 R12: dffffc0000000000
00036 R13: dffffc0000000000 R14: ffffc90008b97aa8 R15: 0200000402000003
00036 FS:  00007fca362f1d00(0000) GS:ffff8881d4aaa000(0000) knlGS:0000000000000000
00036 CS:  0010 DS: 0000 ES: 0000 CR0: 0000000080050033
00036 CR2: 00007fca360f59d0 CR3: 0000000133692000 CR4: 0000000000750eb0
00036 PKRU: 55555554
00036 Call Trace:
00036  <TASK>
00036  ll_prep_inode+0x682/0x1310 [lustre]
00036  ll_new_node_finish+0x179/0x930 [lustre]
00036  ll_new_node+0xd7f/0x1740 [lustre]
00036  ll_mkdir+0x44e/0xf10 [lustre]
00036  vfs_mkdir+0x3c0/0x630
00036  filename_mkdirat+0x14c/0x300
00036  __x64_sys_mkdir+0x74/0x140
00036  do_syscall_64+0xc1/0x350
00036  entry_SYSCALL_64_after_hwframe+0x4b/0x53
00036 RIP: 0033:0x7fca3611b05b
00036 Code: 0f 1e fa 48 89 f2 b9 00 01 00 00 48 89 fe bf 9c ff ff ff e9 97 c3 ff ff 0f 1f 80 00 00 00 00 f3 0f 1e fa b8 53 00 00 00 0f 05 <48> 3d 00 f0 ff ff 77 05 c3 0f 1f 40 00 48 8b 15 89 7d 0e 00 f7 d8
00036 RSP: 002b:00007ffd998cf938 EFLAGS: 00000246 ORIG_RAX: 0000000000000053
00036 RAX: ffffffffffffffda RBX: 00007ffd998d1837 RCX: 00007fca3611b05b
00036 RDX: 0000000000000000 RSI: 00000000000001ff RDI: 00007ffd998d1837
00036 RBP: 00007ffd998cfa50 R08: 00000000000001ff R09: 0000000000000000
00036 R10: 000055b0993d727e R11: 0000000000000246 R12: 00000000000001ff
00036 R13: 0000000000000000 R14: 0000000000000000 R15: 0000000000000000
00036  </TASK>
00036 ---[ end trace 0000000000000000 ]---
00036 ------------[ cut here ]------------
00036 WARNING: /home/ktest/git/linux/include/linux/fs.h:889 at ll_iget+0x592/0x850 [lustre], CPU#1: ln/3211
00036 Modules linked in: ofd(O) osp(O) mdd(O) lod(O) mdt(O) lquota(O) lfsck(O) mgs(O) osd_wbcfs(O) lustre(O) obdecho(O) mgc(O) mdc(O) lov(O) osc(O) lmv(O) ec(O) fid(O) fld(O) ptlrpc(O) efivarfs obdclass(O) ksocklnd(O) lnet(O) libcfs(O)
00036 CPU: 1 UID: 0 PID: 3211 Comm: ln Tainted: G        W  O        7.0.0-ktest-295ad02-6330a45-20260816-dirty #1 PREEMPT 
00036 Tainted: [W]=WARN, [O]=OOT_MODULE
00036 Hardware name: QEMU Standard PC (Q35 + ICH9, 2009), BIOS 2025.11-3ubuntu7 03/31/2026
00036 RIP: 0010:ll_iget+0x592/0x850 [lustre]
00036 Code: 48 c7 c6 40 52 76 a1 48 c7 c2 80 52 76 a1 e8 45 76 d4 fe 48 c7 c7 80 d7 a6 a1 e8 39 06 d5 fe 48 89 df 4c 89 fe e9 34 fb ff ff <0f> 0b e9 89 fb ff ff 0f 0b e9 f0 fc ff ff 48 c7 c1 80 44 5d a0 80
00036 RSP: 0018:ffffc90008a67748 EFLAGS: 00010246
00036 RAX: 0000000000000000 RBX: ffff88802d06c880 RCX: 0000000000000046
00036 RDX: 0000000000000000 RSI: ffff88802d06c910 RDI: ffff88803e6f2a30
00036 RBP: ffff888046755000 R08: ffffffff83a16803 R09: 1ffffffff0742d00
00036 R10: dffffc0000000000 R11: fffffbfff0742d01 R12: dffffc0000000000
00036 R13: dffffc0000000000 R14: ffffc90008a67800 R15: 0200000402000003
00036 FS:  00007f3e15a7f740(0000) GS:ffff8881d4aaa000(0000) knlGS:0000000000000000
00036 CS:  0010 DS: 0000 ES: 0000 CR0: 0000000080050033
00036 CR2: 00007f3e158f59d0 CR3: 000000011a20b000 CR4: 0000000000750eb0
00036 PKRU: 55555554
00036 Call Trace:
00036  <TASK>
00036  ll_prep_inode+0x682/0x1310 [lustre]
00036  ? lustre_swab_barrier_lvb+0xd0/0xd0 [ptlrpc]
00036  ll_lookup_it+0x168c/0x4650 [lustre]
00036  ? encode_fn_len+0xd3/0xb10 [obdclass]
00036  ll_lookup_nd+0x2a7/0x4f0 [lustre]
00036  __lookup_slow+0x1a2/0x260
00036  lookup_slow+0x53/0x70
00036  link_path_walk+0xac4/0x13d0
00036  __filename_parentat+0x1a7/0x400
00036  ? handle_mm_fault+0xefd/0x2dc0
00036  ? handle_mm_fault+0xfa8/0x2dc0
00036  filename_create+0x47/0x240
00036  filename_symlinkat+0x84/0x2c0
00036  ? do_getname+0xb3/0x190
00036  __x64_sys_symlinkat+0x9c/0x270
00036  do_syscall_64+0xc1/0x350
00036  entry_SYSCALL_64_after_hwframe+0x4b/0x53
00036 RIP: 0033:0x7f3e1591bfdb
00036 Code: 77 05 c3 0f 1f 40 00 48 8b 15 39 6e 0e 00 f7 d8 64 89 02 b8 ff ff ff ff c3 66 0f 1f 44 00 00 f3 0f 1e fa b8 0a 01 00 00 0f 05 <48> 3d 01 f0 ff ff 73 01 c3 48 8b 0d 0d 6e 0e 00 f7 d8 64 89 01 48
00036 RSP: 002b:00007ffc4368caa8 EFLAGS: 00000246 ORIG_RAX: 000000000000010a
00036 RAX: ffffffffffffffda RBX: 0000000000000002 RCX: 00007f3e1591bfdb
00036 RDX: 00007ffc4368e831 RSI: 00000000ffffff9c RDI: 00007ffc4368e80d
00036 RBP: 00007ffc4368cab0 R08: 00000000ffffffff R09: 0000000000000000
00036 R10: 0000561d44561303 R11: 0000000000000246 R12: 00007ffc4368cd08
00036 R13: 0000561d44562714 R14: 0000561d44561301 R15: 0000561d44564960
00036  </TASK>
00036 ---[ end trace 0000000000000000 ]---
00036 ------------[ cut here ]------------
00036 WARNING: /home/ktest/git/linux/include/linux/fs.h:889 at ll_iget+0x599/0x850 [lustre], CPU#1: ln/3211
00036 Modules linked in: ofd(O) osp(O) mdd(O) lod(O) mdt(O) lquota(O) lfsck(O) mgs(O) osd_wbcfs(O) lustre(O) obdecho(O) mgc(O) mdc(O) lov(O) osc(O) lmv(O) ec(O) fid(O) fld(O) ptlrpc(O) efivarfs obdclass(O) ksocklnd(O) lnet(O) libcfs(O)
00036 CPU: 1 UID: 0 PID: 3211 Comm: ln Tainted: G        W  O        7.0.0-ktest-295ad02-6330a45-20260816-dirty #1 PREEMPT 
00036 Tainted: [W]=WARN, [O]=OOT_MODULE
00036 Hardware name: QEMU Standard PC (Q35 + ICH9, 2009), BIOS 2025.11-3ubuntu7 03/31/2026
00036 RIP: 0010:ll_iget+0x599/0x850 [lustre]
00036 Code: 48 c7 c2 80 52 76 a1 e8 45 76 d4 fe 48 c7 c7 80 d7 a6 a1 e8 39 06 d5 fe 48 89 df 4c 89 fe e9 34 fb ff ff 0f 0b e9 89 fb ff ff <0f> 0b e9 f0 fc ff ff 48 c7 c1 80 44 5d a0 80 e1 07 80 c1 03 38 c1
00036 RSP: 0018:ffffc90008a67748 EFLAGS: 00010246
00036 RAX: 0000000000000000 RBX: ffff88802d06c880 RCX: 0000000000000046
00036 RDX: 0000000000000000 RSI: ffff88802d06c910 RDI: ffff88803e6f2a30
00036 RBP: ffff888046755000 R08: ffffffff83a16803 R09: 1ffffffff0742d00
00036 R10: dffffc0000000000 R11: fffffbfff0742d01 R12: dffffc0000000000
00036 R13: 1ffff11005a0d929 R14: ffffc90008a67800 R15: ffff88802d06c948
00036 FS:  00007f3e15a7f740(0000) GS:ffff8881d4aaa000(0000) knlGS:0000000000000000
00036 CS:  0010 DS: 0000 ES: 0000 CR0: 0000000080050033
00036 CR2: 00007f3e158f59d0 CR3: 000000011a20b000 CR4: 0000000000750eb0
00036 PKRU: 55555554
00036 Call Trace:
00036  <TASK>
00036  ll_prep_inode+0x682/0x1310 [lustre]
00036  ? lustre_swab_barrier_lvb+0xd0/0xd0 [ptlrpc]
00036  ll_lookup_it+0x168c/0x4650 [lustre]
00036  ? encode_fn_len+0xd3/0xb10 [obdclass]
00036  ll_lookup_nd+0x2a7/0x4f0 [lustre]
00036  __lookup_slow+0x1a2/0x260
00036  lookup_slow+0x53/0x70
00036  link_path_walk+0xac4/0x13d0
00036  __filename_parentat+0x1a7/0x400
00036  ? handle_mm_fault+0xefd/0x2dc0
00036  ? handle_mm_fault+0xfa8/0x2dc0
00036  filename_create+0x47/0x240
00036  filename_symlinkat+0x84/0x2c0
00036  ? do_getname+0xb3/0x190
00036  __x64_sys_symlinkat+0x9c/0x270
00036  do_syscall_64+0xc1/0x350
00036  entry_SYSCALL_64_after_hwframe+0x4b/0x53
00036 RIP: 0033:0x7f3e1591bfdb
00036 Code: 77 05 c3 0f 1f 40 00 48 8b 15 39 6e 0e 00 f7 d8 64 89 02 b8 ff ff ff ff c3 66 0f 1f 44 00 00 f3 0f 1e fa b8 0a 01 00 00 0f 05 <48> 3d 01 f0 ff ff 73 01 c3 48 8b 0d 0d 6e 0e 00 f7 d8 64 89 01 48
00036 RSP: 002b:00007ffc4368caa8 EFLAGS: 00000246 ORIG_RAX: 000000000000010a
00036 RAX: ffffffffffffffda RBX: 0000000000000002 RCX: 00007f3e1591bfdb
00036 RDX: 00007ffc4368e831 RSI: 00000000ffffff9c RDI: 00007ffc4368e80d
00036 RBP: 00007ffc4368cab0 R08: 00000000ffffffff R09: 0000000000000000
00036 R10: 0000561d44561303 R11: 0000000000000246 R12: 00007ffc4368cd08
00036 R13: 0000561d44562714 R14: 0000561d44561301 R15: 0000561d44564960
00036  </TASK>
00036 ---[ end trace 0000000000000000 ]---
00036 ln: failed to create symbolic link '/mnt/lustre/d17e.sanity/f17e.sanity': Operation not supported
00036  sanity test_17e: @@@@@@ FAIL: create symlink failed 
00036 Lustre: DEBUG MARKER: sanity test_17e: @@@@@@ FAIL: create symlink failed
00036   Trace dump:
00036   = /host/home/ktest/git/lustre-release/lustre/tests/test-framework.sh:7447:error()
00036   = /host/home/ktest/git/lustre-release/lustre/tests/sanity.sh:647:test_17e()
00036   = /host/home/ktest/git/lustre-release/lustre/tests/test-framework.sh:7823:run_one()
00036   = /host/home/ktest/git/lustre-release/lustre/tests/test-framework.sh:7886:run_one_logged()
00036   = /host/home/ktest/git/lustre-release/lustre/tests/test-framework.sh:7686:run_test()
00036   = /host/home/ktest/git/lustre-release/lustre/tests/sanity.sh:651:main()
00036 Dumping lctl log to /tmp/test_logs/2026-08-16/093635/sanity.test_17e.*.1786873006.log
00036 Dumping logs only on local client.
00037 FAIL 17e (1s)
00037 
00037 == sanity test 17f: symlinks: long and very long symlink name ========================================================== 09:36:46 (1786873006)
00037 Lustre: DEBUG MARKER: == sanity test 17f: symlinks: long and very long symlink name ========================================================== 09:36:46 (1786873006)
00037 ------------[ cut here ]------------
00037 WARNING: /home/ktest/git/linux/include/linux/fs.h:889 at osd_create+0x9cf/0xcf0 [osd_wbcfs], CPU#0: mdt00_000/1730
00037 Modules linked in: ofd(O) osp(O) mdd(O) lod(O) mdt(O) lquota(O) lfsck(O) mgs(O) osd_wbcfs(O) lustre(O) obdecho(O) mgc(O) mdc(O) lov(O) osc(O) lmv(O) ec(O) fid(O) fld(O) ptlrpc(O) efivarfs obdclass(O) ksocklnd(O) lnet(O) libcfs(O)
00037 CPU: 0 UID: 0 PID: 1730 Comm: mdt00_000 Tainted: G        W  O        7.0.0-ktest-295ad02-6330a45-20260816-dirty #1 PREEMPT 
00037 Tainted: [W]=WARN, [O]=OOT_MODULE
00037 Hardware name: QEMU Standard PC (Q35 + ICH9, 2009), BIOS 2025.11-3ubuntu7 03/31/2026
00037 RIP: 0010:osd_create+0x9cf/0xcf0 [osd_wbcfs]
00037 Code: c7 c7 00 96 7b a1 48 c7 c6 a0 12 7d a1 48 c7 c2 00 1c 7d a1 e8 52 f1 43 ff 48 c7 c7 00 96 7b a1 e8 46 81 44 ff e9 fe fc ff ff <0f> 0b e9 a5 fa ff ff 48 c7 c1 80 44 5d a0 80 e1 07 80 c1 03 38 c1
00037 RSP: 0018:ffffc900013175a8 EFLAGS: 00010246
00037 RAX: 0000000000000000 RBX: ffff8881333b6800 RCX: 0000000000000046
00037 RDX: 0000000000000000 RSI: ffff888133319f30 RDI: ffff88802dfd4b18
00037 RBP: ffff888133319ea0 R08: ffff8881088f7003 R09: 1ffff1102111ee00
00037 R10: dffffc0000000000 R11: ffffed102111ee01 R12: ffff8880750562c8
00037 R13: dffffc0000000000 R14: 1ffff11026676d00 R15: 1ffff11005ba5ac8
00037 FS:  0000000000000000(0000) GS:ffff8881d4a2a000(0000) knlGS:0000000000000000
00037 CS:  0010 DS: 0000 ES: 0000 CR0: 0000000080050033
00037 CR2: 00007f5b620c3b68 CR3: 0000000004274000 CR4: 0000000000750eb0
00037 PKRU: 55555554
00037 Call Trace:
00037  <TASK>
00037  ? lod_sub_create+0x168a/0x1940 [lod]
00037  ? lod_create+0x10d/0x720 [lod]
00037  ? mdd_create_object_internal+0x18f/0x320 [mdd]
00037  ? mdd_create_object+0xab/0x1ce0 [mdd]
00037  ? mdd_create+0x202b/0x4110 [mdd]
00037  ? mdt_reint_create+0x2761/0x4e70 [mdt]
00037  ? mdt_reint_rec+0x10f/0x530 [mdt]
00037  ? mdt_reint_internal+0x9d5/0x11a0 [mdt]
00037  ? tsi2mdt_info+0x319/0x520 [mdt]
00037  ? mdt_reint+0x115/0x270 [mdt]
00037  ? tgt_request_handle+0x23ad/0x3d30 [ptlrpc]
00037  ? ptlrpc_main+0x6359/0x96f0 [ptlrpc]
00037  ? __kthread_parkme+0x73/0x130
00037  ? kthread+0x2cd/0x3a0
00037  ? ptlrpc_start_thread+0x1f10/0x1f10 [ptlrpc]
00037  ? kthread_unuse_mm+0x130/0x130
00037  ? ret_from_fork+0x18c/0x520
00037  ? kthread_unuse_mm+0x130/0x130
00037  ? ret_from_fork_asm+0x11/0x20
00037  </TASK>
00037 ---[ end trace 0000000000000000 ]---
00037 LustreError: 1736:0:(osd_dirent.c:113:osd_index_dir_insert()) lustre-MDT0000: lookup [0x240000402:0x2:0x0] from icache failed: rc=-22
00037 Lustre: 1736:0:(out_handler.c:886:out_tx_end()) lustre-MDT0000-osd: error during execution of #0 from lustre/ptlrpc/../target/out_handler.c:535: rc = -22
00037 mkdir: cannot create directory '/mnt/lustre/d17f.sanity': Invalid argument
00037  sanity test_17f: @@@@@@ FAIL: mkdir '/mnt/lustre/d17f.sanity' failed 
00037 Lustre: DEBUG MARKER: sanity test_17f: @@@@@@ FAIL: mkdir '/mnt/lustre/d17f.sanity' failed
00037   Trace dump:
00037   = /host/home/ktest/git/lustre-release/lustre/tests/test-framework.sh:7447:error()
00037   = /host/home/ktest/git/lustre-release/lustre/tests/test-framework.sh:10495:test_mkdir()
00037   = /host/home/ktest/git/lustre-release/lustre/tests/sanity.sh:654:test_17f()
00037   = /host/home/ktest/git/lustre-release/lustre/tests/test-framework.sh:7823:run_one()
00037   = /host/home/ktest/git/lustre-release/lustre/tests/test-framework.sh:7886:run_one_logged()
00037   = /host/home/ktest/git/lustre-release/lustre/tests/test-framework.sh:7686:run_test()
00037   = /host/home/ktest/git/lustre-release/lustre/tests/sanity.sh:663:main()
00037 Dumping lctl log to /tmp/test_logs/2026-08-16/093635/sanity.test_17f.*.1786873006.log
00037 Dumping logs only on local client.
00038 FAIL 17f (1s)
00038 
00038 == sanity test 17g: symlinks: really long symlink name and inode boundaries ========================================================== 09:36:47 (1786873007)
00038 Lustre: DEBUG MARKER: == sanity test 17g: symlinks: really long symlink name and inode boundaries ========================================================== 09:36:47 (1786873007)
00038 ------------[ cut here ]------------
00038 WARNING: /home/ktest/git/linux/include/linux/fs.h:889 at osd_create+0x9cf/0xcf0 [osd_wbcfs], CPU#2: mdt00_001/1731
00038 Modules linked in: ofd(O) osp(O) mdd(O) lod(O) mdt(O) lquota(O) lfsck(O) mgs(O) osd_wbcfs(O) lustre(O) obdecho(O) mgc(O) mdc(O) lov(O) osc(O) lmv(O) ec(O) fid(O) fld(O) ptlrpc(O) efivarfs obdclass(O) ksocklnd(O) lnet(O) libcfs(O)
00038 CPU: 2 UID: 0 PID: 1731 Comm: mdt00_001 Tainted: G        W  O        7.0.0-ktest-295ad02-6330a45-20260816-dirty #1 PREEMPT 
00038 Tainted: [W]=WARN, [O]=OOT_MODULE
00038 Hardware name: QEMU Standard PC (Q35 + ICH9, 2009), BIOS 2025.11-3ubuntu7 03/31/2026
00038 RIP: 0010:osd_create+0x9cf/0xcf0 [osd_wbcfs]
00038 Code: c7 c7 00 96 7b a1 48 c7 c6 a0 12 7d a1 48 c7 c2 00 1c 7d a1 e8 52 f1 43 ff 48 c7 c7 00 96 7b a1 e8 46 81 44 ff e9 fe fc ff ff <0f> 0b e9 a5 fa ff ff 48 c7 c1 80 44 5d a0 80 e1 07 80 c1 03 38 c1
00038 RSP: 0018:ffffc900013375a8 EFLAGS: 00010246
00038 RAX: 0000000000000000 RBX: ffff8881355ab400 RCX: 0000000000000046
00038 RDX: 0000000000000000 RSI: ffff88802bc7fb68 RDI: ffff88802dfd2a58
00038 RBP: ffff88802bc7fad8 R08: ffff8881088f7183 R09: 1ffff1102111ee30
00038 R10: dffffc0000000000 R11: ffffed102111ee31 R12: ffff88810871a2c8
00038 R13: dffffc0000000000 R14: 1ffff11026ab5680 R15: 1ffff11008c1c0c8
00038 FS:  0000000000000000(0000) GS:ffff8881d4b2a000(0000) knlGS:0000000000000000
00038 CS:  0010 DS: 0000 ES: 0000 CR0: 0000000080050033
00038 CR2: 00005609782112a0 CR3: 000000011b654000 CR4: 0000000000750eb0
00038 PKRU: 55555554
00038 Call Trace:
00038  <TASK>
00038  ? lod_sub_create+0x168a/0x1940 [lod]
00038  ? dt_write_lock+0x16d/0x2a0 [obdclass]
00038  ? lod_create+0x10d/0x720 [lod]
00038  ? mdd_create_object_internal+0x18f/0x320 [mdd]
00038  ? mdd_create_object+0xab/0x1ce0 [mdd]
00038  ? mdd_create+0x202b/0x4110 [mdd]
00038  ? mdt_reint_create+0x2761/0x4e70 [mdt]
00038  ? mdt_reint_rec+0x10f/0x530 [mdt]
00038  ? mdt_reint_internal+0x9d5/0x11a0 [mdt]
00038  ? tsi2mdt_info+0x319/0x520 [mdt]
00038  ? mdt_reint+0x115/0x270 [mdt]
00038  ? tgt_request_handle+0x23ad/0x3d30 [ptlrpc]
00038  ? ptlrpc_main+0x6359/0x96f0 [ptlrpc]
00038  ? __kthread_parkme+0x73/0x130
00038  ? kthread+0x2cd/0x3a0
00038  ? ptlrpc_start_thread+0x1f10/0x1f10 [ptlrpc]
00038  ? kthread_unuse_mm+0x130/0x130
00038  ? ret_from_fork+0x18c/0x520
00038  ? kthread_unuse_mm+0x130/0x130
00038  ? ret_from_fork_asm+0x11/0x20
00038  </TASK>
00038 ---[ end trace 0000000000000000 ]---
00038 ------------[ cut here ]------------
00038 WARNING: /home/ktest/git/linux/include/linux/fs.h:889 at ll_iget+0x592/0x850 [lustre], CPU#3: mkdir/3391
00038 Modules linked in: ofd(O) osp(O) mdd(O) lod(O) mdt(O) lquota(O) lfsck(O) mgs(O) osd_wbcfs(O) lustre(O) obdecho(O) mgc(O) mdc(O) lov(O) osc(O) lmv(O) ec(O) fid(O) fld(O) ptlrpc(O) efivarfs obdclass(O) ksocklnd(O) lnet(O) libcfs(O)
00038 CPU: 3 UID: 0 PID: 3391 Comm: mkdir Tainted: G        W  O        7.0.0-ktest-295ad02-6330a45-20260816-dirty #1 PREEMPT 
00038 Tainted: [W]=WARN, [O]=OOT_MODULE
00038 Hardware name: QEMU Standard PC (Q35 + ICH9, 2009), BIOS 2025.11-3ubuntu7 03/31/2026
00038 RIP: 0010:ll_iget+0x592/0x850 [lustre]
00038 Code: 48 c7 c6 40 52 76 a1 48 c7 c2 80 52 76 a1 e8 45 76 d4 fe 48 c7 c7 80 d7 a6 a1 e8 39 06 d5 fe 48 89 df 4c 89 fe e9 34 fb ff ff <0f> 0b e9 89 fb ff ff 0f 0b e9 f0 fc ff ff 48 c7 c1 80 44 5d a0 80
00038 RSP: 0018:ffffc90008e879f0 EFLAGS: 00010246
00038 RAX: 0000000000000000 RBX: ffff8881311c56c0 RCX: 0000000000000046
00038 RDX: 0000000000000000 RSI: ffff8881311c5750 RDI: ffff888030c60998
00038 RBP: ffff888046755000 R08: ffff88802b936883 R09: 1ffff11005726d10
00038 R10: dffffc0000000000 R11: ffffed1005726d11 R12: dffffc0000000000
00038 R13: dffffc0000000000 R14: ffffc90008e87aa8 R15: 0200000402000005
00038 FS:  00007fbc06ce9d00(0000) GS:ffff8881d4baa000(0000) knlGS:0000000000000000
00038 CS:  0010 DS: 0000 ES: 0000 CR0: 0000000080050033
00038 CR2: 00007fbc06af59d0 CR3: 000000011b786000 CR4: 0000000000750eb0
00038 PKRU: 55555554
00038 Call Trace:
00038  <TASK>
00038  ll_prep_inode+0x682/0x1310 [lustre]
00038  ll_new_node_finish+0x179/0x930 [lustre]
00038  ll_new_node+0xd7f/0x1740 [lustre]
00038  ll_mkdir+0x44e/0xf10 [lustre]
00038  vfs_mkdir+0x3c0/0x630
00038  filename_mkdirat+0x14c/0x300
00038  __x64_sys_mkdir+0x74/0x140
00038  do_syscall_64+0xc1/0x350
00038  entry_SYSCALL_64_after_hwframe+0x4b/0x53
00038 RIP: 0033:0x7fbc06b1b05b
00038 Code: 0f 1e fa 48 89 f2 b9 00 01 00 00 48 89 fe bf 9c ff ff ff e9 97 c3 ff ff 0f 1f 80 00 00 00 00 f3 0f 1e fa b8 53 00 00 00 0f 05 <48> 3d 00 f0 ff ff 77 05 c3 0f 1f 40 00 48 8b 15 89 7d 0e 00 f7 d8
00038 RSP: 002b:00007ffdfe203a98 EFLAGS: 00000246 ORIG_RAX: 0000000000000053
00038 RAX: ffffffffffffffda RBX: 00007ffdfe205837 RCX: 00007fbc06b1b05b
00038 RDX: 0000000000000000 RSI: 00000000000001ff RDI: 00007ffdfe205837
00038 RBP: 00007ffdfe203bb0 R08: 00000000000001ff R09: 0000000000000000
00038 R10: 00005642114fd27e R11: 0000000000000246 R12: 00000000000001ff
00038 R13: 0000000000000000 R14: 0000000000000000 R15: 0000000000000000
00038  </TASK>
00038 ---[ end trace 0000000000000000 ]---
00038 ------------[ cut here ]------------
00038 WARNING: /home/ktest/git/linux/include/linux/fs.h:889 at ll_iget+0x592/0x850 [lustre], CPU#2: ln/3402
00038 Modules linked in: ofd(O) osp(O) mdd(O) lod(O) mdt(O) lquota(O) lfsck(O) mgs(O) osd_wbcfs(O) lustre(O) obdecho(O) mgc(O) mdc(O) lov(O) osc(O) lmv(O) ec(O) fid(O) fld(O) ptlrpc(O) efivarfs obdclass(O) ksocklnd(O) lnet(O) libcfs(O)
00038 CPU: 2 UID: 0 PID: 3402 Comm: ln Tainted: G        W  O        7.0.0-ktest-295ad02-6330a45-20260816-dirty #1 PREEMPT 
00038 Tainted: [W]=WARN, [O]=OOT_MODULE
00038 Hardware name: QEMU Standard PC (Q35 + ICH9, 2009), BIOS 2025.11-3ubuntu7 03/31/2026
00038 RIP: 0010:ll_iget+0x592/0x850 [lustre]
00038 Code: 48 c7 c6 40 52 76 a1 48 c7 c2 80 52 76 a1 e8 45 76 d4 fe 48 c7 c7 80 d7 a6 a1 e8 39 06 d5 fe 48 89 df 4c 89 fe e9 34 fb ff ff <0f> 0b e9 89 fb ff ff 0f 0b e9 f0 fc ff ff 48 c7 c1 80 44 5d a0 80
00038 RSP: 0018:ffffc90008ff7748 EFLAGS: 00010246
00038 RAX: 0000000000000000 RBX: ffff8881311c56c0 RCX: 0000000000000046
00038 RDX: 0000000000000000 RSI: ffff8881311c5750 RDI: ffff888104534af0
00038 RBP: ffff888046755000 R08: ffffffff83a16803 R09: 1ffffffff0742d00
00038 R10: dffffc0000000000 R11: fffffbfff0742d01 R12: dffffc0000000000
00038 R13: dffffc0000000000 R14: ffffc90008ff7800 R15: 0200000402000005
00038 FS:  00007fe969ab8740(0000) GS:ffff8881d4b2a000(0000) knlGS:0000000000000000
00038 CS:  0010 DS: 0000 ES: 0000 CR0: 0000000080050033
00038 CR2: 00005609782112a0 CR3: 0000000119f2b000 CR4: 0000000000750eb0
00038 PKRU: 55555554
00038 Call Trace:
00038  <TASK>
00038  ll_prep_inode+0x682/0x1310 [lustre]
00038  ? lustre_swab_barrier_lvb+0xd0/0xd0 [ptlrpc]
00038  ll_lookup_it+0x168c/0x4650 [lustre]
00038  ? encode_fn_len+0xd3/0xb10 [obdclass]
00038  ll_lookup_nd+0x2a7/0x4f0 [lustre]
00038  __lookup_slow+0x1a2/0x260
00038  lookup_slow+0x53/0x70
00038  link_path_walk+0xac4/0x13d0
00038  __filename_parentat+0x1a7/0x400
00038  ? handle_mm_fault+0xefd/0x2dc0
00038  ? handle_mm_fault+0xfa8/0x2dc0
00038  filename_create+0x47/0x240
00038  filename_symlinkat+0x84/0x2c0
00038  ? do_getname+0xb3/0x190
00038  __x64_sys_symlinkat+0x9c/0x270
00038  do_syscall_64+0xc1/0x350
00038  entry_SYSCALL_64_after_hwframe+0x4b/0x53
00038 RIP: 0033:0x7fe96991bfdb
00038 Code: 77 05 c3 0f 1f 40 00 48 8b 15 39 6e 0e 00 f7 d8 64 89 02 b8 ff ff ff ff c3 66 0f 1f 44 00 00 f3 0f 1e fa b8 0a 01 00 00 0f 05 <48> 3d 01 f0 ff ff 73 01 c3 48 8b 0d 0d 6e 0e 00 f7 d8 64 89 01 48
00038 RSP: 002b:00007ffd59e130c8 EFLAGS: 00000246 ORIG_RAX: 000000000000010a
00038 RAX: ffffffffffffffda RBX: 0000000000000002 RCX: 00007fe96991bfdb
00038 RDX: 00007ffd59e14839 RSI: 00000000ffffff9c RDI: 00007ffd59e147fd
00038 RBP: 00007ffd59e130d0 R08: 00000000ffffffff R09: 0000000000000000
00038 R10: 000056520431c303 R11: 0000000000000246 R12: 00007ffd59e13328
00038 R13: 000056520431d714 R14: 000056520431c301 R15: 000056520431f960
00038  </TASK>
00038 ---[ end trace 0000000000000000 ]---
00038 ------------[ cut here ]------------
00038 WARNING: /home/ktest/git/linux/include/linux/fs.h:889 at ll_iget+0x599/0x850 [lustre], CPU#2: ln/3402
00038 Modules linked in: ofd(O) osp(O) mdd(O) lod(O) mdt(O) lquota(O) lfsck(O) mgs(O) osd_wbcfs(O) lustre(O) obdecho(O) mgc(O) mdc(O) lov(O) osc(O) lmv(O) ec(O) fid(O) fld(O) ptlrpc(O) efivarfs obdclass(O) ksocklnd(O) lnet(O) libcfs(O)
00038 CPU: 2 UID: 0 PID: 3402 Comm: ln Tainted: G        W  O        7.0.0-ktest-295ad02-6330a45-20260816-dirty #1 PREEMPT 
00038 Tainted: [W]=WARN, [O]=OOT_MODULE
00038 Hardware name: QEMU Standard PC (Q35 + ICH9, 2009), BIOS 2025.11-3ubuntu7 03/31/2026
00038 RIP: 0010:ll_iget+0x599/0x850 [lustre]
00038 Code: 48 c7 c2 80 52 76 a1 e8 45 76 d4 fe 48 c7 c7 80 d7 a6 a1 e8 39 06 d5 fe 48 89 df 4c 89 fe e9 34 fb ff ff 0f 0b e9 89 fb ff ff <0f> 0b e9 f0 fc ff ff 48 c7 c1 80 44 5d a0 80 e1 07 80 c1 03 38 c1
00038 RSP: 0018:ffffc90008ff7748 EFLAGS: 00010246
00038 RAX: 0000000000000000 RBX: ffff8881311c56c0 RCX: 0000000000000046
00038 RDX: 0000000000000000 RSI: ffff8881311c5750 RDI: ffff888104534af0
00038 RBP: ffff888046755000 R08: ffffffff83a16803 R09: 1ffffffff0742d00
00038 R10: dffffc0000000000 R11: fffffbfff0742d01 R12: dffffc0000000000
00038 R13: 1ffff11026238af1 R14: ffffc90008ff7800 R15: ffff8881311c5788
00038 FS:  00007fe969ab8740(0000) GS:ffff8881d4b2a000(0000) knlGS:0000000000000000
00038 CS:  0010 DS: 0000 ES: 0000 CR0: 0000000080050033
00038 CR2: 00005609782112a0 CR3: 0000000119f2b000 CR4: 0000000000750eb0
00038 PKRU: 55555554
00038 Call Trace:
00038  <TASK>
00038  ll_prep_inode+0x682/0x1310 [lustre]
00038  ? lustre_swab_barrier_lvb+0xd0/0xd0 [ptlrpc]
00038  ll_lookup_it+0x168c/0x4650 [lustre]
00038  ? encode_fn_len+0xd3/0xb10 [obdclass]
00038  ll_lookup_nd+0x2a7/0x4f0 [lustre]
00038  __lookup_slow+0x1a2/0x260
00038  lookup_slow+0x53/0x70
00038  link_path_walk+0xac4/0x13d0
00038  __filename_parentat+0x1a7/0x400
00038  ? handle_mm_fault+0xefd/0x2dc0
00038  ? handle_mm_fault+0xfa8/0x2dc0
00038  filename_create+0x47/0x240
00038  filename_symlinkat+0x84/0x2c0
00038  ? do_getname+0xb3/0x190
00038  __x64_sys_symlinkat+0x9c/0x270
00038  do_syscall_64+0xc1/0x350
00038  entry_SYSCALL_64_after_hwframe+0x4b/0x53
00038 RIP: 0033:0x7fe96991bfdb
00038 Code: 77 05 c3 0f 1f 40 00 48 8b 15 39 6e 0e 00 f7 d8 64 89 02 b8 ff ff ff ff c3 66 0f 1f 44 00 00 f3 0f 1e fa b8 0a 01 00 00 0f 05 <48> 3d 01 f0 ff ff 73 01 c3 48 8b 0d 0d 6e 0e 00 f7 d8 64 89 01 48
00038 RSP: 002b:00007ffd59e130c8 EFLAGS: 00000246 ORIG_RAX: 000000000000010a
00038 RAX: ffffffffffffffda RBX: 0000000000000002 RCX: 00007fe96991bfdb
00038 RDX: 00007ffd59e14839 RSI: 00000000ffffff9c RDI: 00007ffd59e147fd
00038 RBP: 00007ffd59e130d0 R08: 00000000ffffffff R09: 0000000000000000
00038 R10: 000056520431c303 R11: 0000000000000246 R12: 00007ffd59e13328
00038 R13: 000056520431d714 R14: 000056520431c301 R15: 000056520431f960
00038  </TASK>
00038 ---[ end trace 0000000000000000 ]---
00038 ln: failed to create symbolic link '/mnt/lustre/d17g.sanity/f59': Operation not supported
00038  sanity test_17g: @@@@@@ FAIL: failed 59-char symlink 
00038 Lustre: DEBUG MARKER: sanity test_17g: @@@@@@ FAIL: failed 59-char symlink
00038   Trace dump:
00038   = /host/home/ktest/git/lustre-release/lustre/tests/test-framework.sh:7447:error()
00038   = /host/home/ktest/git/lustre-release/lustre/tests/sanity.sh:692:test_17g()
00038   = /host/home/ktest/git/lustre-release/lustre/tests/test-framework.sh:7823:run_one()
00038   = /host/home/ktest/git/lustre-release/lustre/tests/test-framework.sh:7886:run_one_logged()
00038   = /host/home/ktest/git/lustre-release/lustre/tests/test-framework.sh:7686:run_test()
00038   = /host/home/ktest/git/lustre-release/lustre/tests/sanity.sh:696:main()
00038 Dumping lctl log to /tmp/test_logs/2026-08-16/093635/sanity.test_17g.*.1786873007.log
00038 Dumping logs only on local client.
00038 FAIL 17g (0s)
00038 
00039 == sanity test 17h: create objects: lov_free_memmd() doesn't lbug ========================================================== 09:36:48 (1786873008)
00039 Lustre: DEBUG MARKER: == sanity test 17h: create objects: lov_free_memmd() doesn't lbug ========================================================== 09:36:48 (1786873008)
00039 ------------[ cut here ]------------
00039 WARNING: /home/ktest/git/linux/include/linux/fs.h:889 at osd_create+0x9cf/0xcf0 [osd_wbcfs], CPU#3: mdt00_001/1731
00039 Modules linked in: ofd(O) osp(O) mdd(O) lod(O) mdt(O) lquota(O) lfsck(O) mgs(O) osd_wbcfs(O) lustre(O) obdecho(O) mgc(O) mdc(O) lov(O) osc(O) lmv(O) ec(O) fid(O) fld(O) ptlrpc(O) efivarfs obdclass(O) ksocklnd(O) lnet(O) libcfs(O)
00039 CPU: 3 UID: 0 PID: 1731 Comm: mdt00_001 Tainted: G        W  O        7.0.0-ktest-295ad02-6330a45-20260816-dirty #1 PREEMPT 
00039 Tainted: [W]=WARN, [O]=OOT_MODULE
00039 Hardware name: QEMU Standard PC (Q35 + ICH9, 2009), BIOS 2025.11-3ubuntu7 03/31/2026
00039 RIP: 0010:osd_create+0x9cf/0xcf0 [osd_wbcfs]
00039 Code: c7 c7 00 96 7b a1 48 c7 c6 a0 12 7d a1 48 c7 c2 00 1c 7d a1 e8 52 f1 43 ff 48 c7 c7 00 96 7b a1 e8 46 81 44 ff e9 fe fc ff ff <0f> 0b e9 a5 fa ff ff 48 c7 c1 80 44 5d a0 80 e1 07 80 c1 03 38 c1
00039 RSP: 0018:ffffc900013375a8 EFLAGS: 00010246
00039 RAX: 0000000000000000 RBX: ffff8881355ac000 RCX: 0000000000000046
00039 RDX: 0000000000000000 RSI: ffff888118b8df08 RDI: ffff88802dfd2a58
00039 RBP: ffff888118b8de78 R08: ffff8881088f7243 R09: 1ffff1102111ee48
00039 R10: dffffc0000000000 R11: ffffed102111ee49 R12: ffff88810871a2c8
00039 R13: dffffc0000000000 R14: 1ffff11026ab5800 R15: 1ffff11008c1c0c8
00039 FS:  0000000000000000(0000) GS:ffff8881d4baa000(0000) knlGS:0000000000000000
00039 CS:  0010 DS: 0000 ES: 0000 CR0: 0000000080050033
00039 CR2: 00007f6a544f59d0 CR3: 000000000768f000 CR4: 0000000000750eb0
00039 PKRU: 55555554
00039 Call Trace:
00039  <TASK>
00039  ? lod_sub_create+0x168a/0x1940 [lod]
00039  ? lod_create+0x10d/0x720 [lod]
00039  ? mdd_create_object_internal+0x18f/0x320 [mdd]
00039  ? mdd_create_object+0xab/0x1ce0 [mdd]
00039  ? mdd_create+0x202b/0x4110 [mdd]
00039  ? mdt_reint_create+0x2761/0x4e70 [mdt]
00039  ? mdt_reint_rec+0x10f/0x530 [mdt]
00039  ? mdt_reint_internal+0x9d5/0x11a0 [mdt]
00039  ? tsi2mdt_info+0x319/0x520 [mdt]
00039  ? mdt_reint+0x115/0x270 [mdt]
00039  ? tgt_request_handle+0x23ad/0x3d30 [ptlrpc]
00039  ? ptlrpc_main+0x6359/0x96f0 [ptlrpc]
00039  ? __kthread_parkme+0x73/0x130
00039  ? kthread+0x2cd/0x3a0
00039  ? ptlrpc_start_thread+0x1f10/0x1f10 [ptlrpc]
00039  ? kthread_unuse_mm+0x130/0x130
00039  ? ret_from_fork+0x18c/0x520
00039  ? kthread_unuse_mm+0x130/0x130
00039  ? ret_from_fork_asm+0x11/0x20
00039  </TASK>
00039 ---[ end trace 0000000000000000 ]---
00039 LustreError: 1736:0:(osd_dirent.c:113:osd_index_dir_insert()) lustre-MDT0000: lookup [0x240000402:0x3:0x0] from icache failed: rc=-22
00039 Lustre: 1736:0:(out_handler.c:886:out_tx_end()) lustre-MDT0000-osd: error during execution of #0 from lustre/ptlrpc/../target/out_handler.c:535: rc = -22
00039 mkdir: cannot create directory '/mnt/lustre/d17h.sanity': Invalid argument
00039  sanity test_17h: @@@@@@ FAIL: mkdir '/mnt/lustre/d17h.sanity' failed 
00039 Lustre: DEBUG MARKER: sanity test_17h: @@@@@@ FAIL: mkdir '/mnt/lustre/d17h.sanity' failed
00039   Trace dump:
00039   = /host/home/ktest/git/lustre-release/lustre/tests/test-framework.sh:7447:error()
00039   = /host/home/ktest/git/lustre-release/lustre/tests/test-framework.sh:10495:test_mkdir()
00039   = /host/home/ktest/git/lustre-release/lustre/tests/sanity.sh:704:test_17h()
00039   = /host/home/ktest/git/lustre-release/lustre/tests/test-framework.sh:7823:run_one()
00039   = /host/home/ktest/git/lustre-release/lustre/tests/test-framework.sh:7886:run_one_logged()
00039   = /host/home/ktest/git/lustre-release/lustre/tests/test-framework.sh:7686:run_test()
00039   = /host/home/ktest/git/lustre-release/lustre/tests/sanity.sh:711:main()
00039 Dumping lctl log to /tmp/test_logs/2026-08-16/093635/sanity.test_17h.*.1786873008.log
00039 Dumping logs only on local client.
00039 FAIL 17h (0s)
00039 
00039 == sanity test 17i: don't panic on short symlink (should return error) ========================================================== 09:36:49 (1786873009)
00040 Lustre: DEBUG MARKER: == sanity test 17i: don't panic on short symlink (should return error) ========================================================== 09:36:49 (1786873009)
00040 ------------[ cut here ]------------
00040 WARNING: /home/ktest/git/linux/include/linux/fs.h:889 at osd_create+0x9cf/0xcf0 [osd_wbcfs], CPU#3: mdt00_001/1731
00040 Modules linked in: ofd(O) osp(O) mdd(O) lod(O) mdt(O) lquota(O) lfsck(O) mgs(O) osd_wbcfs(O) lustre(O) obdecho(O) mgc(O) mdc(O) lov(O) osc(O) lmv(O) ec(O) fid(O) fld(O) ptlrpc(O) efivarfs obdclass(O) ksocklnd(O) lnet(O) libcfs(O)
00040 CPU: 3 UID: 0 PID: 1731 Comm: mdt00_001 Tainted: G        W  O        7.0.0-ktest-295ad02-6330a45-20260816-dirty #1 PREEMPT 
00040 Tainted: [W]=WARN, [O]=OOT_MODULE
00040 Hardware name: QEMU Standard PC (Q35 + ICH9, 2009), BIOS 2025.11-3ubuntu7 03/31/2026
00040 RIP: 0010:osd_create+0x9cf/0xcf0 [osd_wbcfs]
00040 Code: c7 c7 00 96 7b a1 48 c7 c6 a0 12 7d a1 48 c7 c2 00 1c 7d a1 e8 52 f1 43 ff 48 c7 c7 00 96 7b a1 e8 46 81 44 ff e9 fe fc ff ff <0f> 0b e9 a5 fa ff ff 48 c7 c1 80 44 5d a0 80 e1 07 80 c1 03 38 c1
00040 RSP: 0018:ffffc900013375a8 EFLAGS: 00010246
00040 RAX: 0000000000000000 RBX: ffff888104359400 RCX: 0000000000000046
00040 RDX: 0000000000000000 RSI: ffff888118b8d7f0 RDI: ffff88802dfd2a58
00040 RBP: ffff888118b8d760 R08: ffff8881088f7243 R09: 1ffff1102111ee48
00040 R10: dffffc0000000000 R11: ffffed102111ee49 R12: ffff88810871a2c8
00040 R13: dffffc0000000000 R14: 1ffff1102086b280 R15: 1ffff11008c1c0c8
00040 FS:  0000000000000000(0000) GS:ffff8881d4baa000(0000) knlGS:0000000000000000
00040 CS:  0010 DS: 0000 ES: 0000 CR0: 0000000080050033
00040 CR2: 00007f18202ee200 CR3: 0000000004274000 CR4: 0000000000750eb0
00040 PKRU: 55555554
00040 Call Trace:
00040  <TASK>
00040  ? lod_sub_create+0x168a/0x1940 [lod]
00040  ? dt_write_lock+0x16d/0x2a0 [obdclass]
00040  ? lod_create+0x10d/0x720 [lod]
00040  ? mdd_create_object_internal+0x18f/0x320 [mdd]
00040  ? mdd_create_object+0xab/0x1ce0 [mdd]
00040  ? mdd_create+0x202b/0x4110 [mdd]
00040  ? mdt_reint_create+0x2761/0x4e70 [mdt]
00040  ? mdt_reint_rec+0x10f/0x530 [mdt]
00040  ? mdt_reint_internal+0x9d5/0x11a0 [mdt]
00040  ? tsi2mdt_info+0x319/0x520 [mdt]
00040  ? mdt_reint+0x115/0x270 [mdt]
00040  ? tgt_request_handle+0x23ad/0x3d30 [ptlrpc]
00040  ? ptlrpc_main+0x6359/0x96f0 [ptlrpc]
00040  ? __kthread_parkme+0x73/0x130
00040  ? kthread+0x2cd/0x3a0
00040  ? ptlrpc_start_thread+0x1f10/0x1f10 [ptlrpc]
00040  ? kthread_unuse_mm+0x130/0x130
00040  ? ret_from_fork+0x18c/0x520
00040  ? kthread_unuse_mm+0x130/0x130
00040  ? ret_from_fork_asm+0x11/0x20
00040  </TASK>
00040 ---[ end trace 0000000000000000 ]---
00040 ------------[ cut here ]------------
00040 WARNING: /home/ktest/git/linux/include/linux/fs.h:889 at ll_iget+0x592/0x850 [lustre], CPU#1: mkdir/3660
00040 Modules linked in: ofd(O) osp(O) mdd(O) lod(O) mdt(O) lquota(O) lfsck(O) mgs(O) osd_wbcfs(O) lustre(O) obdecho(O) mgc(O) mdc(O) lov(O) osc(O) lmv(O) ec(O) fid(O) fld(O) ptlrpc(O) efivarfs obdclass(O) ksocklnd(O) lnet(O) libcfs(O)
00040 CPU: 1 UID: 0 PID: 3660 Comm: mkdir Tainted: G        W  O        7.0.0-ktest-295ad02-6330a45-20260816-dirty #1 PREEMPT 
00040 Tainted: [W]=WARN, [O]=OOT_MODULE
00040 Hardware name: QEMU Standard PC (Q35 + ICH9, 2009), BIOS 2025.11-3ubuntu7 03/31/2026
00040 RIP: 0010:ll_iget+0x592/0x850 [lustre]
00040 Code: 48 c7 c6 40 52 76 a1 48 c7 c2 80 52 76 a1 e8 45 76 d4 fe 48 c7 c7 80 d7 a6 a1 e8 39 06 d5 fe 48 89 df 4c 89 fe e9 34 fb ff ff <0f> 0b e9 89 fb ff ff 0f 0b e9 f0 fc ff ff 48 c7 c1 80 44 5d a0 80
00040 RSP: 0018:ffffc900094d79f0 EFLAGS: 00010246
00040 RAX: 0000000000000000 RBX: ffff88802d06ba40 RCX: 0000000000000046
00040 RDX: 0000000000000000 RSI: ffff88802d06bad0 RDI: ffff88802c440998
00040 RBP: ffff888046755000 R08: ffff88802b936883 R09: 1ffff11005726d10
00040 R10: dffffc0000000000 R11: ffffed1005726d11 R12: dffffc0000000000
00040 R13: dffffc0000000000 R14: ffffc900094d7aa8 R15: 0200000402000007
00040 FS:  00007fb5f1058d00(0000) GS:ffff8881d4aaa000(0000) knlGS:0000000000000000
00040 CS:  0010 DS: 0000 ES: 0000 CR0: 0000000080050033
00040 CR2: 00007fb5f0ef59d0 CR3: 000000002cd34000 CR4: 0000000000750eb0
00040 PKRU: 55555554
00040 Call Trace:
00040  <TASK>
00040  ll_prep_inode+0x682/0x1310 [lustre]
00040  ll_new_node_finish+0x179/0x930 [lustre]
00040  ll_new_node+0xd7f/0x1740 [lustre]
00040  ll_mkdir+0x44e/0xf10 [lustre]
00040  vfs_mkdir+0x3c0/0x630
00040  filename_mkdirat+0x14c/0x300
00040  __x64_sys_mkdir+0x74/0x140
00040  do_syscall_64+0xc1/0x350
00040  entry_SYSCALL_64_after_hwframe+0x4b/0x53
00040 RIP: 0033:0x7fb5f0f1b05b
00040 Code: 0f 1e fa 48 89 f2 b9 00 01 00 00 48 89 fe bf 9c ff ff ff e9 97 c3 ff ff 0f 1f 80 00 00 00 00 f3 0f 1e fa b8 53 00 00 00 0f 05 <48> 3d 00 f0 ff ff 77 05 c3 0f 1f 40 00 48 8b 15 89 7d 0e 00 f7 d8
00040 RSP: 002b:00007fff80e438c8 EFLAGS: 00000246 ORIG_RAX: 0000000000000053
00040 RAX: ffffffffffffffda RBX: 00007fff80e44837 RCX: 00007fb5f0f1b05b
00040 RDX: 0000000000000000 RSI: 00000000000001ff RDI: 00007fff80e44837
00040 RBP: 00007fff80e439e0 R08: 00000000000001ff R09: 0000000000000000
00040 R10: 000055d02ec2927e R11: 0000000000000246 R12: 00000000000001ff
00040 R13: 0000000000000000 R14: 0000000000000000 R15: 0000000000000000
00040  </TASK>
00040 ---[ end trace 0000000000000000 ]---
00040 ------------[ cut here ]------------
00040 WARNING: /home/ktest/git/linux/include/linux/fs.h:889 at ll_iget+0x592/0x850 [lustre], CPU#0: lfs/3661
00040 Modules linked in: ofd(O) osp(O) mdd(O) lod(O) mdt(O) lquota(O) lfsck(O) mgs(O) osd_wbcfs(O) lustre(O) obdecho(O) mgc(O) mdc(O) lov(O) osc(O) lmv(O) ec(O) fid(O) fld(O) ptlrpc(O) efivarfs obdclass(O) ksocklnd(O) lnet(O) libcfs(O)
00040 CPU: 0 UID: 0 PID: 3661 Comm: lfs Tainted: G        W  O        7.0.0-ktest-295ad02-6330a45-20260816-dirty #1 PREEMPT 
00040 Tainted: [W]=WARN, [O]=OOT_MODULE
00040 Hardware name: QEMU Standard PC (Q35 + ICH9, 2009), BIOS 2025.11-3ubuntu7 03/31/2026
00040 RIP: 0010:ll_iget+0x592/0x850 [lustre]
00040 Code: 48 c7 c6 40 52 76 a1 48 c7 c2 80 52 76 a1 e8 45 76 d4 fe 48 c7 c7 80 d7 a6 a1 e8 39 06 d5 fe 48 89 df 4c 89 fe e9 34 fb ff ff <0f> 0b e9 89 fb ff ff 0f 0b e9 f0 fc ff ff 48 c7 c1 80 44 5d a0 80
00040 RSP: 0018:ffffc900094c7758 EFLAGS: 00010246
00040 RAX: 0000000000000000 RBX: ffff88802d06ba40 RCX: 0000000000000046
00040 RDX: 0000000000000000 RSI: ffff88802d06bad0 RDI: ffff888119caaa30
00040 RBP: ffff888046755000 R08: ffffffff83a16803 R09: 1ffffffff0742d00
00040 R10: dffffc0000000000 R11: fffffbfff0742d01 R12: dffffc0000000000
00040 R13: dffffc0000000000 R14: ffffc900094c7810 R15: 0200000402000007
00040 FS:  00007f8047ea5940(0000) GS:ffff8881d4a2a000(0000) knlGS:0000000000000000
00040 CS:  0010 DS: 0000 ES: 0000 CR0: 0000000080050033
00040 CR2: 000055e9f28a8c18 CR3: 000000002ffee000 CR4: 0000000000750eb0
00040 PKRU: 55555554
00040 Call Trace:
00040  <TASK>
00040  ll_prep_inode+0x682/0x1310 [lustre]
00040  ? lustre_swab_barrier_lvb+0xd0/0xd0 [ptlrpc]
00040  ll_lookup_it+0x168c/0x4650 [lustre]
00040  ? __alloc_tagging_slab_alloc_hook+0x136/0x190
00040  ll_atomic_open+0x950/0x1690 [lustre]
00040  ? d_alloc_parallel+0x2a8/0xfb0
00040  atomic_open+0x162/0x320
00040  path_openat+0xcda/0x2630
00040  do_file_open+0x19b/0x360
00040  ? _raw_spin_unlock+0x23/0x40
00040  ? alloc_fd+0x42c/0x480
00040  do_sys_openat2+0x84/0xf0
00040  __x64_sys_openat+0xf8/0x120
00040  do_syscall_64+0xc1/0x350
00040  entry_SYSCALL_64_after_hwframe+0x4b/0x53
00040 RIP: 0033:0x7f8047d1b1a5
00040 Code: 83 e2 40 75 50 89 f0 f7 d0 a9 00 00 41 00 74 45 80 3d ae fe 0e 00 00 74 60 89 da 4c 89 e6 bf 9c ff ff ff b8 01 01 00 00 0f 05 <48> 3d 00 f0 ff ff 0f 87 7f 00 00 00 48 8b 55 b8 64 48 2b 14 25 28
00040 RSP: 002b:00007ffc6304ffd0 EFLAGS: 00000202 ORIG_RAX: 0000000000000101
00040 RAX: ffffffffffffffda RBX: 0000000000010800 RCX: 00007f8047d1b1a5
00040 RDX: 0000000000010800 RSI: 000055e9f28952a0 RDI: 00000000ffffff9c
00040 RBP: 00007ffc63050040 R08: 00007f8047ff41c0 R09: 00007ffc63050340
00040 R10: 0000000000000000 R11: 0000000000000202 R12: 000055e9f28952a0
00040 R13: 00007f8047ffda10 R14: 00007f8047ff41c0 R15: 0000000000000017
00040  </TASK>
00040 ---[ end trace 0000000000000000 ]---
00040 ------------[ cut here ]------------
00040 WARNING: /home/ktest/git/linux/include/linux/fs.h:889 at ll_iget+0x599/0x850 [lustre], CPU#0: lfs/3661
00040 Modules linked in: ofd(O) osp(O) mdd(O) lod(O) mdt(O) lquota(O) lfsck(O) mgs(O) osd_wbcfs(O) lustre(O) obdecho(O) mgc(O) mdc(O) lov(O) osc(O) lmv(O) ec(O) fid(O) fld(O) ptlrpc(O) efivarfs obdclass(O) ksocklnd(O) lnet(O) libcfs(O)
00040 CPU: 0 UID: 0 PID: 3661 Comm: lfs Tainted: G        W  O        7.0.0-ktest-295ad02-6330a45-20260816-dirty #1 PREEMPT 
00040 Tainted: [W]=WARN, [O]=OOT_MODULE
00040 Hardware name: QEMU Standard PC (Q35 + ICH9, 2009), BIOS 2025.11-3ubuntu7 03/31/2026
00040 RIP: 0010:ll_iget+0x599/0x850 [lustre]
00040 Code: 48 c7 c2 80 52 76 a1 e8 45 76 d4 fe 48 c7 c7 80 d7 a6 a1 e8 39 06 d5 fe 48 89 df 4c 89 fe e9 34 fb ff ff 0f 0b e9 89 fb ff ff <0f> 0b e9 f0 fc ff ff 48 c7 c1 80 44 5d a0 80 e1 07 80 c1 03 38 c1
00040 RSP: 0018:ffffc900094c7758 EFLAGS: 00010246
00040 RAX: 0000000000000000 RBX: ffff88802d06ba40 RCX: 0000000000000046
00040 RDX: 0000000000000000 RSI: ffff88802d06bad0 RDI: ffff888119caaa30
00040 RBP: ffff888046755000 R08: ffffffff83a16803 R09: 1ffffffff0742d00
00040 R10: dffffc0000000000 R11: fffffbfff0742d01 R12: dffffc0000000000
00040 R13: 1ffff11005a0d761 R14: ffffc900094c7810 R15: ffff88802d06bb08
00040 FS:  00007f8047ea5940(0000) GS:ffff8881d4a2a000(0000) knlGS:0000000000000000
00040 CS:  0010 DS: 0000 ES: 0000 CR0: 0000000080050033
00040 CR2: 000055e9f28a8c18 CR3: 000000002ffee000 CR4: 0000000000750eb0
00040 PKRU: 55555554
00040 Call Trace:
00040  <TASK>
00040  ll_prep_inode+0x682/0x1310 [lustre]
00040  ? lustre_swab_barrier_lvb+0xd0/0xd0 [ptlrpc]
00040  ll_lookup_it+0x168c/0x4650 [lustre]
00040  ? __alloc_tagging_slab_alloc_hook+0x136/0x190
00040  ll_atomic_open+0x950/0x1690 [lustre]
00040  ? d_alloc_parallel+0x2a8/0xfb0
00040  atomic_open+0x162/0x320
00040  path_openat+0xcda/0x2630
00040  do_file_open+0x19b/0x360
00040  ? _raw_spin_unlock+0x23/0x40
00040  ? alloc_fd+0x42c/0x480
00040  do_sys_openat2+0x84/0xf0
00040  __x64_sys_openat+0xf8/0x120
00040  do_syscall_64+0xc1/0x350
00040  entry_SYSCALL_64_after_hwframe+0x4b/0x53
00040 RIP: 0033:0x7f8047d1b1a5
00040 Code: 83 e2 40 75 50 89 f0 f7 d0 a9 00 00 41 00 74 45 80 3d ae fe 0e 00 00 74 60 89 da 4c 89 e6 bf 9c ff ff ff b8 01 01 00 00 0f 05 <48> 3d 00 f0 ff ff 0f 87 7f 00 00 00 48 8b 55 b8 64 48 2b 14 25 28
00040 RSP: 002b:00007ffc6304ffd0 EFLAGS: 00000202 ORIG_RAX: 0000000000000101
00040 RAX: ffffffffffffffda RBX: 0000000000010800 RCX: 00007f8047d1b1a5
00040 RDX: 0000000000010800 RSI: 000055e9f28952a0 RDI: 00000000ffffff9c
00040 RBP: 00007ffc63050040 R08: 00007f8047ff41c0 R09: 00007ffc63050340
00040 R10: 0000000000000000 R11: 0000000000000202 R12: 000055e9f28952a0
00040 R13: 00007f8047ffda10 R14: 00007f8047ff41c0 R15: 0000000000000017
00040  </TASK>
00040 ---[ end trace 0000000000000000 ]---
00040 ------------[ cut here ]------------
00040 WARNING: /home/ktest/git/linux/include/linux/fs.h:889 at ll_iget+0x592/0x850 [lustre], CPU#0: lfs/3661
00040 Modules linked in: ofd(O) osp(O) mdd(O) lod(O) mdt(O) lquota(O) lfsck(O) mgs(O) osd_wbcfs(O) lustre(O) obdecho(O) mgc(O) mdc(O) lov(O) osc(O) lmv(O) ec(O) fid(O) fld(O) ptlrpc(O) efivarfs obdclass(O) ksocklnd(O) lnet(O) libcfs(O)
00040 CPU: 0 UID: 0 PID: 3661 Comm: lfs Tainted: G        W  O        7.0.0-ktest-295ad02-6330a45-20260816-dirty #1 PREEMPT 
00040 Tainted: [W]=WARN, [O]=OOT_MODULE
00040 Hardware name: QEMU Standard PC (Q35 + ICH9, 2009), BIOS 2025.11-3ubuntu7 03/31/2026
00040 RIP: 0010:ll_iget+0x592/0x850 [lustre]
00040 Code: 48 c7 c6 40 52 76 a1 48 c7 c2 80 52 76 a1 e8 45 76 d4 fe 48 c7 c7 80 d7 a6 a1 e8 39 06 d5 fe 48 89 df 4c 89 fe e9 34 fb ff ff <0f> 0b e9 89 fb ff ff 0f 0b e9 f0 fc ff ff 48 c7 c1 80 44 5d a0 80
00040 RSP: 0018:ffffc900094c7758 EFLAGS: 00010246
00040 RAX: 0000000000000000 RBX: ffff88802d06ba40 RCX: 0000000000000046
00040 RDX: 0000000000000000 RSI: ffff88802d06bad0 RDI: ffff888119caaa30
00040 RBP: ffff888046755000 R08: ffffffff83a16803 R09: 1ffffffff0742d00
00040 R10: dffffc0000000000 R11: fffffbfff0742d01 R12: dffffc0000000000
00040 R13: dffffc0000000000 R14: ffffc900094c7810 R15: 0200000402000007
00040 FS:  00007f8047ea5940(0000) GS:ffff8881d4a2a000(0000) knlGS:0000000000000000
00040 CS:  0010 DS: 0000 ES: 0000 CR0: 0000000080050033
00040 CR2: 000055e9f28a8c18 CR3: 000000002ffee000 CR4: 0000000000750eb0
00040 PKRU: 55555554
00040 Call Trace:
00040  <TASK>
00040  ll_prep_inode+0x682/0x1310 [lustre]
00040  ? lustre_swab_barrier_lvb+0xd0/0xd0 [ptlrpc]
00040  ll_lookup_it+0x168c/0x4650 [lustre]
00040  ? __alloc_tagging_slab_alloc_hook+0x136/0x190
00040  ll_atomic_open+0x950/0x1690 [lustre]
00040  ? d_alloc_parallel+0x2a8/0xfb0
00040  atomic_open+0x162/0x320
00040  path_openat+0xcda/0x2630
00040  do_file_open+0x19b/0x360
00040  ? _raw_spin_unlock+0x23/0x40
00040  ? alloc_fd+0x42c/0x480
00040  do_sys_openat2+0x84/0xf0
00040  __x64_sys_openat+0xf8/0x120
00040  do_syscall_64+0xc1/0x350
00040  entry_SYSCALL_64_after_hwframe+0x4b/0x53
00040 RIP: 0033:0x7f8047d1b1a5
00040 Code: 83 e2 40 75 50 89 f0 f7 d0 a9 00 00 41 00 74 45 80 3d ae fe 0e 00 00 74 60 89 da 4c 89 e6 bf 9c ff ff ff b8 01 01 00 00 0f 05 <48> 3d 00 f0 ff ff 0f 87 7f 00 00 00 48 8b 55 b8 64 48 2b 14 25 28
00040 RSP: 002b:00007ffc6304ffd0 EFLAGS: 00000202 ORIG_RAX: 0000000000000101
00040 RAX: ffffffffffffffda RBX: 0000000000020800 RCX: 00007f8047d1b1a5
00040 RDX: 0000000000020800 RSI: 000055e9f28952a0 RDI: 00000000ffffff9c
00040 RBP: 00007ffc63050040 R08: 00007f8047ff41c0 R09: 00007ffc63050340
00040 R10: 0000000000000000 R11: 0000000000000202 R12: 000055e9f28952a0
00040 R13: 00007f8047ffda10 R14: 00007f8047ff41c0 R15: 0000000000000017
00040  </TASK>
00040 ---[ end trace 0000000000000000 ]---
00040 ------------[ cut here ]------------
00040 WARNING: /home/ktest/git/linux/include/linux/fs.h:889 at ll_iget+0x599/0x850 [lustre], CPU#0: lfs/3661
00040 Modules linked in: ofd(O) osp(O) mdd(O) lod(O) mdt(O) lquota(O) lfsck(O) mgs(O) osd_wbcfs(O) lustre(O) obdecho(O) mgc(O) mdc(O) lov(O) osc(O) lmv(O) ec(O) fid(O) fld(O) ptlrpc(O) efivarfs obdclass(O) ksocklnd(O) lnet(O) libcfs(O)
00040 CPU: 0 UID: 0 PID: 3661 Comm: lfs Tainted: G        W  O        7.0.0-ktest-295ad02-6330a45-20260816-dirty #1 PREEMPT 
00040 Tainted: [W]=WARN, [O]=OOT_MODULE
00040 Hardware name: QEMU Standard PC (Q35 + ICH9, 2009), BIOS 2025.11-3ubuntu7 03/31/2026
00040 RIP: 0010:ll_iget+0x599/0x850 [lustre]
00040 Code: 48 c7 c2 80 52 76 a1 e8 45 76 d4 fe 48 c7 c7 80 d7 a6 a1 e8 39 06 d5 fe 48 89 df 4c 89 fe e9 34 fb ff ff 0f 0b e9 89 fb ff ff <0f> 0b e9 f0 fc ff ff 48 c7 c1 80 44 5d a0 80 e1 07 80 c1 03 38 c1
00040 RSP: 0018:ffffc900094c7758 EFLAGS: 00010246
00040 RAX: 0000000000000000 RBX: ffff88802d06ba40 RCX: 0000000000000046
00040 RDX: 0000000000000000 RSI: ffff88802d06bad0 RDI: ffff888119caaa30
00040 RBP: ffff888046755000 R08: ffffffff83a16803 R09: 1ffffffff0742d00
00040 R10: dffffc0000000000 R11: fffffbfff0742d01 R12: dffffc0000000000
00040 R13: 1ffff11005a0d761 R14: ffffc900094c7810 R15: ffff88802d06bb08
00040 FS:  00007f8047ea5940(0000) GS:ffff8881d4a2a000(0000) knlGS:0000000000000000
00040 CS:  0010 DS: 0000 ES: 0000 CR0: 0000000080050033
00040 CR2: 000055e9f28a8c18 CR3: 000000002ffee000 CR4: 0000000000750eb0
00040 PKRU: 55555554
00040 Call Trace:
00040  <TASK>
00040  ll_prep_inode+0x682/0x1310 [lustre]
00040  ? lustre_swab_barrier_lvb+0xd0/0xd0 [ptlrpc]
00040  ll_lookup_it+0x168c/0x4650 [lustre]
00040  ? __alloc_tagging_slab_alloc_hook+0x136/0x190
00040  ll_atomic_open+0x950/0x1690 [lustre]
00040  ? d_alloc_parallel+0x2a8/0xfb0
00040  atomic_open+0x162/0x320
00040  path_openat+0xcda/0x2630
00040  do_file_open+0x19b/0x360
00040  ? _raw_spin_unlock+0x23/0x40
00040  ? alloc_fd+0x42c/0x480
00040  do_sys_openat2+0x84/0xf0
00040  __x64_sys_openat+0xf8/0x120
00040  do_syscall_64+0xc1/0x350
00040  entry_SYSCALL_64_after_hwframe+0x4b/0x53
00040 RIP: 0033:0x7f8047d1b1a5
00040 Code: 83 e2 40 75 50 89 f0 f7 d0 a9 00 00 41 00 74 45 80 3d ae fe 0e 00 00 74 60 89 da 4c 89 e6 bf 9c ff ff ff b8 01 01 00 00 0f 05 <48> 3d 00 f0 ff ff 0f 87 7f 00 00 00 48 8b 55 b8 64 48 2b 14 25 28
00040 RSP: 002b:00007ffc6304ffd0 EFLAGS: 00000202 ORIG_RAX: 0000000000000101
00040 RAX: ffffffffffffffda RBX: 0000000000020800 RCX: 00007f8047d1b1a5
00040 RDX: 0000000000020800 RSI: 000055e9f28952a0 RDI: 00000000ffffff9c
00040 RBP: 00007ffc63050040 R08: 00007f8047ff41c0 R09: 00007ffc63050340
00040 R10: 0000000000000000 R11: 0000000000000202 R12: 000055e9f28952a0
00040 R13: 00007f8047ffda10 R14: 00007f8047ff41c0 R15: 0000000000000017
00040  </TASK>
00040 ---[ end trace 0000000000000000 ]---
00040 ------------[ cut here ]------------
00040 WARNING: /home/ktest/git/linux/include/linux/fs.h:889 at ll_iget+0x592/0x850 [lustre], CPU#0: ln/3662
00040 Modules linked in: ofd(O) osp(O) mdd(O) lod(O) mdt(O) lquota(O) lfsck(O) mgs(O) osd_wbcfs(O) lustre(O) obdecho(O) mgc(O) mdc(O) lov(O) osc(O) lmv(O) ec(O) fid(O) fld(O) ptlrpc(O) efivarfs obdclass(O) ksocklnd(O) lnet(O) libcfs(O)
00040 CPU: 0 UID: 0 PID: 3662 Comm: ln Tainted: G        W  O        7.0.0-ktest-295ad02-6330a45-20260816-dirty #1 PREEMPT 
00040 Tainted: [W]=WARN, [O]=OOT_MODULE
00040 Hardware name: QEMU Standard PC (Q35 + ICH9, 2009), BIOS 2025.11-3ubuntu7 03/31/2026
00040 RIP: 0010:ll_iget+0x592/0x850 [lustre]
00040 Code: 48 c7 c6 40 52 76 a1 48 c7 c2 80 52 76 a1 e8 45 76 d4 fe 48 c7 c7 80 d7 a6 a1 e8 39 06 d5 fe 48 89 df 4c 89 fe e9 34 fb ff ff <0f> 0b e9 89 fb ff ff 0f 0b e9 f0 fc ff ff 48 c7 c1 80 44 5d a0 80
00040 RSP: 0018:ffffc90009467748 EFLAGS: 00010246
00040 RAX: 0000000000000000 RBX: ffff88802d06ba40 RCX: 0000000000000046
00040 RDX: 0000000000000000 RSI: ffff88802d06bad0 RDI: ffff888133dfaa30
00040 RBP: ffff888046755000 R08: ffffffff83a16803 R09: 1ffffffff0742d00
00040 R10: dffffc0000000000 R11: fffffbfff0742d01 R12: dffffc0000000000
00040 R13: dffffc0000000000 R14: ffffc90009467800 R15: 0200000402000007
00040 FS:  00007fa7e769a740(0000) GS:ffff8881d4a2a000(0000) knlGS:0000000000000000
00040 CS:  0010 DS: 0000 ES: 0000 CR0: 0000000080050033
00040 CR2: 00007fa7e74f59d0 CR3: 00000000745c0000 CR4: 0000000000750eb0
00040 PKRU: 55555554
00040 Call Trace:
00040  <TASK>
00040  ll_prep_inode+0x682/0x1310 [lustre]
00040  ? lustre_swab_barrier_lvb+0xd0/0xd0 [ptlrpc]
00040  ll_lookup_it+0x168c/0x4650 [lustre]
00040  ? encode_fn_len+0xd3/0xb10 [obdclass]
00040  ll_lookup_nd+0x2a7/0x4f0 [lustre]
00040  __lookup_slow+0x1a2/0x260
00040  lookup_slow+0x53/0x70
00040  link_path_walk+0xac4/0x13d0
00040  __filename_parentat+0x1a7/0x400
00040  ? handle_mm_fault+0xefd/0x2dc0
00040  ? handle_mm_fault+0xfa8/0x2dc0
00040  filename_create+0x47/0x240
00040  filename_symlinkat+0x84/0x2c0
00040  ? do_getname+0xb3/0x190
00040  __x64_sys_symlinkat+0x9c/0x270
00040  do_syscall_64+0xc1/0x350
00040  entry_SYSCALL_64_after_hwframe+0x4b/0x53
00040 RIP: 0033:0x7fa7e751bfdb
00040 Code: 77 05 c3 0f 1f 40 00 48 8b 15 39 6e 0e 00 f7 d8 64 89 02 b8 ff ff ff ff c3 66 0f 1f 44 00 00 f3 0f 1e fa b8 0a 01 00 00 0f 05 <48> 3d 01 f0 ff ff 73 01 c3 48 8b 0d 0d 6e 0e 00 f7 d8 64 89 01 48
00040 RSP: 002b:00007ffe3e376e58 EFLAGS: 00000246 ORIG_RAX: 000000000000010a
00040 RAX: ffffffffffffffda RBX: 0000000000000002 RCX: 00007fa7e751bfdb
00040 RDX: 00007ffe3e378831 RSI: 00000000ffffff9c RDI: 00007ffe3e37880d
00040 RBP: 00007ffe3e376e60 R08: 00000000ffffffff R09: 0000000000000000
00040 R10: 0000555d4ed0e303 R11: 0000000000000246 R12: 00007ffe3e3770b8
00040 R13: 0000555d4ed0f714 R14: 0000555d4ed0e301 R15: 0000555d4ed11960
00040  </TASK>
00040 ---[ end trace 0000000000000000 ]---
00040 ------------[ cut here ]------------
00040 WARNING: /home/ktest/git/linux/include/linux/fs.h:889 at ll_iget+0x599/0x850 [lustre], CPU#0: ln/3662
00040 Modules linked in: ofd(O) osp(O) mdd(O) lod(O) mdt(O) lquota(O) lfsck(O) mgs(O) osd_wbcfs(O) lustre(O) obdecho(O) mgc(O) mdc(O) lov(O) osc(O) lmv(O) ec(O) fid(O) fld(O) ptlrpc(O) efivarfs obdclass(O) ksocklnd(O) lnet(O) libcfs(O)
00040 CPU: 0 UID: 0 PID: 3662 Comm: ln Tainted: G        W  O        7.0.0-ktest-295ad02-6330a45-20260816-dirty #1 PREEMPT 
00040 Tainted: [W]=WARN, [O]=OOT_MODULE
00040 Hardware name: QEMU Standard PC (Q35 + ICH9, 2009), BIOS 2025.11-3ubuntu7 03/31/2026
00040 RIP: 0010:ll_iget+0x599/0x850 [lustre]
00040 Code: 48 c7 c2 80 52 76 a1 e8 45 76 d4 fe 48 c7 c7 80 d7 a6 a1 e8 39 06 d5 fe 48 89 df 4c 89 fe e9 34 fb ff ff 0f 0b e9 89 fb ff ff <0f> 0b e9 f0 fc ff ff 48 c7 c1 80 44 5d a0 80 e1 07 80 c1 03 38 c1
00040 RSP: 0018:ffffc90009467748 EFLAGS: 00010246
00040 RAX: 0000000000000000 RBX: ffff88802d06ba40 RCX: 0000000000000046
00040 RDX: 0000000000000000 RSI: ffff88802d06bad0 RDI: ffff888133dfaa30
00040 RBP: ffff888046755000 R08: ffffffff83a16803 R09: 1ffffffff0742d00
00040 R10: dffffc0000000000 R11: fffffbfff0742d01 R12: dffffc0000000000
00040 R13: 1ffff11005a0d761 R14: ffffc90009467800 R15: ffff88802d06bb08
00040 FS:  00007fa7e769a740(0000) GS:ffff8881d4a2a000(0000) knlGS:0000000000000000
00040 CS:  0010 DS: 0000 ES: 0000 CR0: 0000000080050033
00040 CR2: 00007fa7e74f59d0 CR3: 00000000745c0000 CR4: 0000000000750eb0
00040 PKRU: 55555554
00040 Call Trace:
00040  <TASK>
00040  ll_prep_inode+0x682/0x1310 [lustre]
00040  ? lustre_swab_barrier_lvb+0xd0/0xd0 [ptlrpc]
00040  ll_lookup_it+0x168c/0x4650 [lustre]
00040  ? encode_fn_len+0xd3/0xb10 [obdclass]
00040  ll_lookup_nd+0x2a7/0x4f0 [lustre]
00040  __lookup_slow+0x1a2/0x260
00040  lookup_slow+0x53/0x70
00040  link_path_walk+0xac4/0x13d0
00040  __filename_parentat+0x1a7/0x400
00040  ? handle_mm_fault+0xefd/0x2dc0
00040  ? handle_mm_fault+0xfa8/0x2dc0
00040  filename_create+0x47/0x240
00040  filename_symlinkat+0x84/0x2c0
00040  ? do_getname+0xb3/0x190
00040  __x64_sys_symlinkat+0x9c/0x270
00040  do_syscall_64+0xc1/0x350
00040  entry_SYSCALL_64_after_hwframe+0x4b/0x53
00040 RIP: 0033:0x7fa7e751bfdb
00040 Code: 77 05 c3 0f 1f 40 00 48 8b 15 39 6e 0e 00 f7 d8 64 89 02 b8 ff ff ff ff c3 66 0f 1f 44 00 00 f3 0f 1e fa b8 0a 01 00 00 0f 05 <48> 3d 01 f0 ff ff 73 01 c3 48 8b 0d 0d 6e 0e 00 f7 d8 64 89 01 48
00040 RSP: 002b:00007ffe3e376e58 EFLAGS: 00000246 ORIG_RAX: 000000000000010a
00040 RAX: ffffffffffffffda RBX: 0000000000000002 RCX: 00007fa7e751bfdb
00040 RDX: 00007ffe3e378831 RSI: 00000000ffffff9c RDI: 00007ffe3e37880d
