00001 
00003 init: failed to load nvme_core
00003 init: failed to load nvme
00003 init: failed to load zfs
00003 LNetError: 1:0:(lib-socket.c:619:lnet_inet_enumerate()) lnet: Can't find any usable interfaces, rc = -ENOENT
00003 LNetError: Error -100 starting up LNI tcp
00004 LustreError: 1:0:(events.c:627:ptlrpc_init_portals()) network initialisation failed: rc = -100
00004 init: finit_module /lib/modules/7.0.0-ktest-2b8c50a-6330a45-20260806-dirty/updates/ptlrpc.ko: Network is down
00004 init: failed to load lustre
00004 init: failed to load osd_zfs
00004 init: failed to load iwlwifi
00004 init: failed to load iwlmvm
00004 init: failed to load mt7921e
00004 init: failed to load i915
00004 init: failed to load nouveau
00008 tlp: vm.laptop_mode is deprecated. Ignoring setting.
00008 Kernel version: 7.0.0-ktest-2b8c50a-6330a45-20260806-dirty
00008 hook init_noop
00008 
00008 Running tests llmount
00008 
00008 ========= TEST   llmount
00012 SETUP LUSTRE ... LNet: Added LNI 10.0.2.15@tcp [8/256/0/180]
00013 Lustre: Echo OBD driver; http://www.lustre.org/
00014 Lustre: 1910:0:(mdt_handler.c:64:mdt_max_mod_rpcs_per_client_set()) max_mod_rpcs_per_client is deprecated, set mdt.*.max_mod_rpcs_in_flight parameter instead
00014 ------------[ cut here ]------------
00014 WARNING: /home/ktest/git/linux/include/linux/fs.h:889 at osd_create+0x9cf/0xcf0 [osd_wbcfs], CPU#7: ll_mgs_0002/1907
00014 Modules linked in: mdt(O) lquota(O) lfsck(O) mgs(O) osd_wbcfs(O) lustre(O) obdecho(O) mgc(O) mdc(O) lov(O) osc(O) lmv(O) ec(O) fid(O) fld(O) ptlrpc(O) efivarfs obdclass(O) ksocklnd(O) lnet(O) libcfs(O)
00014 CPU: 7 UID: 0 PID: 1907 Comm: ll_mgs_0002 Tainted: G           O        7.0.0-ktest-2b8c50a-6330a45-20260806-dirty #1 PREEMPT 
00014 Tainted: [O]=OOT_MODULE
00014 Hardware name: QEMU Standard PC (Q35 + ICH9, 2009), BIOS 2025.11-3ubuntu7 03/31/2026
00014 RIP: 0010:osd_create+0x9cf/0xcf0 [osd_wbcfs]
00014 Code: c7 c7 00 c6 7b a1 48 c7 c6 a0 42 7d a1 48 c7 c2 00 4c 7d a1 e8 82 dd 43 ff 48 c7 c7 00 c6 7b a1 e8 c6 6a 44 ff e9 fe fc ff ff <0f> 0b e9 a5 fa ff ff 48 c7 c1 80 44 5d a0 80 e1 07 80 c1 03 38 c1
00014 RSP: 0018:ffffc90001be7750 EFLAGS: 00010246
00014 RAX: 0000000000000000 RBX: ffff88814e70a400 RCX: 0000000000000046
00014 RDX: 0000000000000000 RSI: ffff8881aa102648 RDI: ffff88818020cb68
00014 RBP: ffff8881aa1025b8 R08: ffffffff83a16803 R09: 1ffffffff0742d00
00014 R10: dffffc0000000000 R11: fffffbfff0742d01 R12: ffff888140e53400
00014 R13: dffffc0000000000 R14: 1ffff11029ce1480 R15: 1ffff110281ca68f
00014 FS:  0000000000000000(0000) GS:ffff88831e7aa000(0000) knlGS:0000000000000000
00014 CS:  0010 DS: 0000 ES: 0000 CR0: 0000000080050033
00014 CR2: 00007f2c5c1e6194 CR3: 0000000004274000 CR4: 0000000000750eb0
00014 PKRU: 55555554
00014 Call Trace:
00014  <TASK>
00014  ? local_object_create+0x109/0x640 [obdclass]
00014  ? dt_write_lock+0x16d/0x2a0 [obdclass]
00014  ? llog_osd_create+0x356/0x1140 [obdclass]
00014  ? llog_create+0x2ed/0x530 [obdclass]
00014  ? llog_open_create+0x5af/0xb10 [obdclass]
00014  ? mgs_find_or_make_fsdb_nolock+0x16d4/0x2d80 [mgs]
00014  ? class_find_param+0x25/0x70 [obdclass]
00014  ? mgs_find_or_make_fsdb+0xda/0x1f0 [mgs]
00014  ? mgs_target_reg+0x2333/0x4480 [mgs]
00014  ? tgt_request_handle+0x23ad/0x3d30 [ptlrpc]
00014  ? ptlrpc_main+0x6359/0x96f0 [ptlrpc]
00014  ? __kthread_parkme+0x73/0x130
00014  ? kthread+0x2cd/0x3a0
00014  ? ptlrpc_start_thread+0x1f10/0x1f10 [ptlrpc]
00014  ? kthread_unuse_mm+0x130/0x130
00014  ? ret_from_fork+0x18c/0x520
00014  ? kthread_unuse_mm+0x130/0x130
00014  ? ret_from_fork_asm+0x11/0x20
00014  </TASK>
00014 ---[ end trace 0000000000000000 ]---
00014 ------------[ cut here ]------------
00014 WARNING: /home/ktest/git/linux/include/linux/fs.h:889 at osd_create+0x9cf/0xcf0 [osd_wbcfs], CPU#7: ll_mgs_0002/1907
00014 Modules linked in: mdt(O) lquota(O) lfsck(O) mgs(O) osd_wbcfs(O) lustre(O) obdecho(O) mgc(O) mdc(O) lov(O) osc(O) lmv(O) ec(O) fid(O) fld(O) ptlrpc(O) efivarfs obdclass(O) ksocklnd(O) lnet(O) libcfs(O)
00014 CPU: 7 UID: 0 PID: 1907 Comm: ll_mgs_0002 Tainted: G        W  O        7.0.0-ktest-2b8c50a-6330a45-20260806-dirty #1 PREEMPT 
00014 Tainted: [W]=WARN, [O]=OOT_MODULE
00014 Hardware name: QEMU Standard PC (Q35 + ICH9, 2009), BIOS 2025.11-3ubuntu7 03/31/2026
00014 RIP: 0010:osd_create+0x9cf/0xcf0 [osd_wbcfs]
00014 Code: c7 c7 00 c6 7b a1 48 c7 c6 a0 42 7d a1 48 c7 c2 00 4c 7d a1 e8 82 dd 43 ff 48 c7 c7 00 c6 7b a1 e8 c6 6a 44 ff e9 fe fc ff ff <0f> 0b e9 a5 fa ff ff 48 c7 c1 80 44 5d a0 80 e1 07 80 c1 03 38 c1
00014 RSP: 0018:ffffc90001be7698 EFLAGS: 00010246
00014 RAX: 0000000000000000 RBX: ffff88814e70b400 RCX: 0000000000000046
00014 RDX: 0000000000000000 RSI: ffff8881aa101f30 RDI: ffff88818020cb68
00014 RBP: ffff8881aa101ea0 R08: ffffffff83a16803 R09: 1ffffffff0742d00
00014 R10: dffffc0000000000 R11: fffffbfff0742d01 R12: ffff888140e53400
00014 R13: dffffc0000000000 R14: 1ffff11029ce1680 R15: 1ffff110281ca68f
00014 FS:  0000000000000000(0000) GS:ffff88831e7aa000(0000) knlGS:0000000000000000
00014 CS:  0010 DS: 0000 ES: 0000 CR0: 0000000080050033
00014 CR2: 00007f2c5c1e6194 CR3: 0000000004274000 CR4: 0000000000750eb0
00014 PKRU: 55555554
00014 Call Trace:
00014  <TASK>
00014  ? local_object_create+0x109/0x640 [obdclass]
00014  ? dt_write_lock+0x16d/0x2a0 [obdclass]
00014  ? llog_osd_create+0x356/0x1140 [obdclass]
00014  ? llog_create+0x2ed/0x530 [obdclass]
00014  ? llog_open_create+0x5af/0xb10 [obdclass]
00014  ? record_start_log+0x348/0xa40 [mgs]
00014  ? mgs_write_log_lov+0x3ac/0xde0 [mgs]
00014  ? mgs_write_log_target+0x17a4/0x6ab0 [mgs]
00014  ? mgs_target_reg+0x254e/0x4480 [mgs]
00014  ? tgt_request_handle+0x23ad/0x3d30 [ptlrpc]
00014  ? ptlrpc_main+0x6359/0x96f0 [ptlrpc]
00014  ? __kthread_parkme+0x73/0x130
00014  ? kthread+0x2cd/0x3a0
00014  ? ptlrpc_start_thread+0x1f10/0x1f10 [ptlrpc]
00014  ? kthread_unuse_mm+0x130/0x130
00014  ? ret_from_fork+0x18c/0x520
00014  ? kthread_unuse_mm+0x130/0x130
00014  ? ret_from_fork_asm+0x11/0x20
00014  </TASK>
00014 ---[ end trace 0000000000000000 ]---
00014 ------------[ cut here ]------------
00014 WARNING: /home/ktest/git/linux/include/linux/fs.h:889 at osd_create+0x9cf/0xcf0 [osd_wbcfs], CPU#1: llog_process_th/1931
00014 Modules linked in: mdd(O) lod(O) mdt(O) lquota(O) lfsck(O) mgs(O) osd_wbcfs(O) lustre(O) obdecho(O) mgc(O) mdc(O) lov(O) osc(O) lmv(O) ec(O) fid(O) fld(O) ptlrpc(O) efivarfs obdclass(O) ksocklnd(O) lnet(O) libcfs(O)
00014 CPU: 1 UID: 0 PID: 1931 Comm: llog_process_th Tainted: G        W  O        7.0.0-ktest-2b8c50a-6330a45-20260806-dirty #1 PREEMPT 
00014 Tainted: [W]=WARN, [O]=OOT_MODULE
00014 Hardware name: QEMU Standard PC (Q35 + ICH9, 2009), BIOS 2025.11-3ubuntu7 03/31/2026
00014 RIP: 0010:osd_create+0x9cf/0xcf0 [osd_wbcfs]
00014 Code: c7 c7 00 c6 7b a1 48 c7 c6 a0 42 7d a1 48 c7 c2 00 4c 7d a1 e8 82 dd 43 ff 48 c7 c7 00 c6 7b a1 e8 c6 6a 44 ff e9 fe fc ff ff <0f> 0b e9 a5 fa ff ff 48 c7 c1 80 44 5d a0 80 e1 07 80 c1 03 38 c1
00014 RSP: 0018:ffffc90001d67450 EFLAGS: 00010246
00014 RAX: 0000000000000000 RBX: ffff88813945cc00 RCX: 0000000000000046
00014 RDX: ffffffff84c44d40 RSI: ffff8881aa107b68 RDI: ffff88813d790998
00014 RBP: ffff8881aa107ad8 R08: 0000000000000001 R09: 0000000000000000
00014 R10: dffffc0000000000 R11: ffffed1035420f50 R12: ffff888119c47d00
00014 R13: dffffc0000000000 R14: 1ffff1102728b980 R15: 1ffff920003acebf
00014 FS:  0000000000000000(0000) GS:ffff88831e4aa000(0000) knlGS:0000000000000000
00014 CS:  0010 DS: 0000 ES: 0000 CR0: 0000000080050033
00014 CR2: 00007f1b6d9e6194 CR3: 0000000189353000 CR4: 0000000000750eb0
00014 PKRU: 55555554
00014 Call Trace:
00014  <TASK>
00014  ? dt_find_or_create+0x81a/0x1170 [obdclass]
00014  ? fld_index_init+0x404/0x1610 [fld]
00014  ? is_module_address+0x1b/0x70
00014  ? is_module_address+0x5e/0x70
00014  ? __asan_memset+0x22/0x40
00014  ? fld_server_init+0x1d7/0x580 [fld]
00014  ? mdt_device_alloc+0x36b4/0x66c0 [mdt]
00014  ? __alloc_tagging_slab_alloc_hook+0x136/0x190
00014  ? obd_setup+0x25c/0x960 [obdclass]
00014  ? class_setup+0xc7d/0x10e0 [obdclass]
00014  ? class_process_config+0x2edb/0x7cb0 [obdclass]
00014  ? __kasan_kmalloc+0x72/0x80
00014  ? class_config_llog_handler+0x2954/0x4f80 [obdclass]
00014  ? class_config_llog_handler+0x2cea/0x4f80 [obdclass]
00014  ? lustre_cfg_rec_free+0x350/0x350 [obdclass]
00014  ? llog_process_thread+0x1fd2/0x4f70 [obdclass]
00014  ? _raw_spin_unlock+0x23/0x40
00014  ? llog_process_thread_daemonize+0x16d/0x1b0 [obdclass]
00014  ? kthread+0x2cd/0x3a0
00014  ? llog_process_or_fork+0xc90/0xc90 [obdclass]
00014  ? kthread_unuse_mm+0x130/0x130
00014  ? ret_from_fork+0x18c/0x520
00014  ? kthread_unuse_mm+0x130/0x130
00014  ? ret_from_fork_asm+0x11/0x20
00014  </TASK>
00014 ---[ end trace 0000000000000000 ]---
00014 ------------[ cut here ]------------
00014 WARNING: /home/ktest/git/linux/include/linux/fs.h:889 at osd_create+0x9cf/0xcf0 [osd_wbcfs], CPU#1: llog_process_th/1931
00014 Modules linked in: mdd(O) lod(O) mdt(O) lquota(O) lfsck(O) mgs(O) osd_wbcfs(O) lustre(O) obdecho(O) mgc(O) mdc(O) lov(O) osc(O) lmv(O) ec(O) fid(O) fld(O) ptlrpc(O) efivarfs obdclass(O) ksocklnd(O) lnet(O) libcfs(O)
00014 CPU: 1 UID: 0 PID: 1931 Comm: llog_process_th Tainted: G        W  O        7.0.0-ktest-2b8c50a-6330a45-20260806-dirty #1 PREEMPT 
00014 Tainted: [W]=WARN, [O]=OOT_MODULE
00014 Hardware name: QEMU Standard PC (Q35 + ICH9, 2009), BIOS 2025.11-3ubuntu7 03/31/2026
00014 RIP: 0010:osd_create+0x9cf/0xcf0 [osd_wbcfs]
00014 Code: c7 c7 00 c6 7b a1 48 c7 c6 a0 42 7d a1 48 c7 c2 00 4c 7d a1 e8 82 dd 43 ff 48 c7 c7 00 c6 7b a1 e8 c6 6a 44 ff e9 fe fc ff ff <0f> 0b e9 a5 fa ff ff 48 c7 c1 80 44 5d a0 80 e1 07 80 c1 03 38 c1
00014 RSP: 0018:ffffc90001d67430 EFLAGS: 00010246
00014 RAX: 0000000000000000 RBX: ffff88813945bc00 RCX: 0000000000000046
00014 RDX: 0000000000000000 RSI: ffff8881aa107450 RDI: ffff88813d790998
00014 RBP: ffff8881aa1073c0 R08: ffffffff83a16803 R09: 1ffffffff0742d00
00014 R10: dffffc0000000000 R11: fffffbfff0742d01 R12: ffffc90001d67530
00014 R13: dffffc0000000000 R14: 1ffff1102728b780 R15: 1ffff920003acea4
00014 FS:  0000000000000000(0000) GS:ffff88831e4aa000(0000) knlGS:0000000000000000
00014 CS:  0010 DS: 0000 ES: 0000 CR0: 0000000080050033
00014 CR2: 00007f1b6d9e6194 CR3: 0000000189353000 CR4: 0000000000750eb0
00014 PKRU: 55555554
00014 Call Trace:
00014  <TASK>
00014  ? dt_find_or_create+0x81a/0x1170 [obdclass]
00014  ? seq_store_init+0x155/0x360 [fid]
00014  ? seq_server_init+0x290/0xba0 [fid]
00014  ? mdt_seq_init+0x513/0x1ef0 [mdt]
00014  ? fld_server_init+0x34e/0x580 [fld]
00014  ? mdt_device_alloc+0x39c5/0x66c0 [mdt]
00014  ? __alloc_tagging_slab_alloc_hook+0x136/0x190
00014  ? obd_setup+0x25c/0x960 [obdclass]
00014  ? class_setup+0xc7d/0x10e0 [obdclass]
00014  ? class_process_config+0x2edb/0x7cb0 [obdclass]
00014  ? __kasan_kmalloc+0x72/0x80
00014  ? class_config_llog_handler+0x2954/0x4f80 [obdclass]
00014  ? class_config_llog_handler+0x2cea/0x4f80 [obdclass]
00014  ? lustre_cfg_rec_free+0x350/0x350 [obdclass]
00014  ? llog_process_thread+0x1fd2/0x4f70 [obdclass]
00014  ? _raw_spin_unlock+0x23/0x40
00014  ? llog_process_thread_daemonize+0x16d/0x1b0 [obdclass]
00014  ? kthread+0x2cd/0x3a0
00014  ? llog_process_or_fork+0xc90/0xc90 [obdclass]
00014  ? kthread_unuse_mm+0x130/0x130
00014  ? ret_from_fork+0x18c/0x520
00014  ? kthread_unuse_mm+0x130/0x130
00014  ? ret_from_fork_asm+0x11/0x20
00014  </TASK>
00014 ---[ end trace 0000000000000000 ]---
00014 Lustre: ctl-lustre-MDT0000: No data found on store. Initialize space.
00014 ------------[ cut here ]------------
00014 WARNING: /home/ktest/git/linux/include/linux/fs.h:889 at osd_create+0x9cf/0xcf0 [osd_wbcfs], CPU#1: llog_process_th/1931
00014 Modules linked in: mdd(O) lod(O) mdt(O) lquota(O) lfsck(O) mgs(O) osd_wbcfs(O) lustre(O) obdecho(O) mgc(O) mdc(O) lov(O) osc(O) lmv(O) ec(O) fid(O) fld(O) ptlrpc(O) efivarfs obdclass(O) ksocklnd(O) lnet(O) libcfs(O)
00014 CPU: 1 UID: 0 PID: 1931 Comm: llog_process_th Tainted: G        W  O        7.0.0-ktest-2b8c50a-6330a45-20260806-dirty #1 PREEMPT 
00014 Tainted: [W]=WARN, [O]=OOT_MODULE
00014 Hardware name: QEMU Standard PC (Q35 + ICH9, 2009), BIOS 2025.11-3ubuntu7 03/31/2026
00014 RIP: 0010:osd_create+0x9cf/0xcf0 [osd_wbcfs]
00014 Code: c7 c7 00 c6 7b a1 48 c7 c6 a0 42 7d a1 48 c7 c2 00 4c 7d a1 e8 82 dd 43 ff 48 c7 c7 00 c6 7b a1 e8 c6 6a 44 ff e9 fe fc ff ff <0f> 0b e9 a5 fa ff ff 48 c7 c1 80 44 5d a0 80 e1 07 80 c1 03 38 c1
00014 RSP: 0018:ffffc90001d67430 EFLAGS: 00010246
00014 RAX: 0000000000000000 RBX: ffff88813945b400 RCX: 0000000000000046
00014 RDX: 0000000000000000 RSI: ffff8881aa106d38 RDI: ffff88813d790998
00014 RBP: ffff8881aa106ca8 R08: ffffffff83a16803 R09: 1ffffffff0742d00
00014 R10: dffffc0000000000 R11: fffffbfff0742d01 R12: ffffc90001d67530
00014 R13: dffffc0000000000 R14: 1ffff1102728b680 R15: 1ffff920003acea4
00014 FS:  0000000000000000(0000) GS:ffff88831e4aa000(0000) knlGS:0000000000000000
00014 CS:  0010 DS: 0000 ES: 0000 CR0: 0000000080050033
00014 CR2: 00007f1b6d9e6194 CR3: 0000000189353000 CR4: 0000000000750eb0
00014 PKRU: 55555554
00014 Call Trace:
00014  <TASK>
00014  ? dt_find_or_create+0x81a/0x1170 [obdclass]
00014  ? seq_store_init+0x155/0x360 [fid]
00014  ? seq_server_init+0x290/0xba0 [fid]
00014  ? mdt_seq_init+0x2c1/0x1ef0 [mdt]
00014  ? fld_server_init+0x34e/0x580 [fld]
00014  ? mdt_device_alloc+0x39c5/0x66c0 [mdt]
00014  ? __alloc_tagging_slab_alloc_hook+0x136/0x190
00014  ? obd_setup+0x25c/0x960 [obdclass]
00014  ? class_setup+0xc7d/0x10e0 [obdclass]
00014  ? class_process_config+0x2edb/0x7cb0 [obdclass]
00014  ? __kasan_kmalloc+0x72/0x80
00014  ? class_config_llog_handler+0x2954/0x4f80 [obdclass]
00014  ? class_config_llog_handler+0x2cea/0x4f80 [obdclass]
00014  ? lustre_cfg_rec_free+0x350/0x350 [obdclass]
00014  ? llog_process_thread+0x1fd2/0x4f70 [obdclass]
00014  ? _raw_spin_unlock+0x23/0x40
00014  ? llog_process_thread_daemonize+0x16d/0x1b0 [obdclass]
00014  ? kthread+0x2cd/0x3a0
00014  ? llog_process_or_fork+0xc90/0xc90 [obdclass]
00014  ? kthread_unuse_mm+0x130/0x130
00014  ? ret_from_fork+0x18c/0x520
00014  ? kthread_unuse_mm+0x130/0x130
00014  ? ret_from_fork_asm+0x11/0x20
00014  </TASK>
00014 ---[ end trace 0000000000000000 ]---
00014 ------------[ cut here ]------------
00014 WARNING: /home/ktest/git/linux/include/linux/fs.h:889 at osd_create+0x9cf/0xcf0 [osd_wbcfs], CPU#1: llog_process_th/1931
00014 Modules linked in: mdd(O) lod(O) mdt(O) lquota(O) lfsck(O) mgs(O) osd_wbcfs(O) lustre(O) obdecho(O) mgc(O) mdc(O) lov(O) osc(O) lmv(O) ec(O) fid(O) fld(O) ptlrpc(O) efivarfs obdclass(O) ksocklnd(O) lnet(O) libcfs(O)
00014 CPU: 1 UID: 0 PID: 1931 Comm: llog_process_th Tainted: G        W  O        7.0.0-ktest-2b8c50a-6330a45-20260806-dirty #1 PREEMPT 
00014 Tainted: [W]=WARN, [O]=OOT_MODULE
00014 Hardware name: QEMU Standard PC (Q35 + ICH9, 2009), BIOS 2025.11-3ubuntu7 03/31/2026
00014 RIP: 0010:osd_create+0x9cf/0xcf0 [osd_wbcfs]
00014 Code: c7 c7 00 c6 7b a1 48 c7 c6 a0 42 7d a1 48 c7 c2 00 4c 7d a1 e8 82 dd 43 ff 48 c7 c7 00 c6 7b a1 e8 c6 6a 44 ff e9 fe fc ff ff <0f> 0b e9 a5 fa ff ff 48 c7 c1 80 44 5d a0 80 e1 07 80 c1 03 38 c1
00014 RSP: 0018:ffffc90001d67470 EFLAGS: 00010246
00014 RAX: 0000000000000000 RBX: ffff8881394ab800 RCX: 0000000000000046
00014 RDX: 0000000000000000 RSI: ffff8881aa106620 RDI: ffff88813d790998
00014 RBP: ffff8881aa106590 R08: ffffffff83a16803 R09: 1ffffffff0742d00
00014 R10: dffffc0000000000 R11: fffffbfff0742d01 R12: ffffc90001d675e0
00014 R13: dffffc0000000000 R14: 1ffff11027295700 R15: 1ffff920003acec9
00014 FS:  0000000000000000(0000) GS:ffff88831e4aa000(0000) knlGS:0000000000000000
00014 CS:  0010 DS: 0000 ES: 0000 CR0: 0000000080050033
00014 CR2: 00007f1b6d9e6194 CR3: 0000000189353000 CR4: 0000000000750eb0
00014 PKRU: 55555554
00014 Call Trace:
00014  <TASK>
00014  ? dt_find_or_create+0x81a/0x1170 [obdclass]
00014  ? tgt_init+0xb72/0x2a60 [ptlrpc]
00014  ? mdt_device_alloc+0x3ce7/0x66c0 [mdt]
00014  ? __alloc_tagging_slab_alloc_hook+0x136/0x190
00014  ? obd_setup+0x25c/0x960 [obdclass]
00014  ? class_setup+0xc7d/0x10e0 [obdclass]
00014  ? class_process_config+0x2edb/0x7cb0 [obdclass]
00014  ? __kasan_kmalloc+0x72/0x80
00014  ? class_config_llog_handler+0x2954/0x4f80 [obdclass]
00014  ? class_config_llog_handler+0x2cea/0x4f80 [obdclass]
00014  ? lustre_cfg_rec_free+0x350/0x350 [obdclass]
00014  ? llog_process_thread+0x1fd2/0x4f70 [obdclass]
00014  ? _raw_spin_unlock+0x23/0x40
00014  ? llog_process_thread_daemonize+0x16d/0x1b0 [obdclass]
00014  ? kthread+0x2cd/0x3a0
00014  ? llog_process_or_fork+0xc90/0xc90 [obdclass]
00014  ? kthread_unuse_mm+0x130/0x130
00014  ? ret_from_fork+0x18c/0x520
00014  ? kthread_unuse_mm+0x130/0x130
00014  ? ret_from_fork_asm+0x11/0x20
00014  </TASK>
00014 ---[ end trace 0000000000000000 ]---
00014 Lustre: lustre-MDT0000: new disk, initializing
00014 ------------[ cut here ]------------
00014 WARNING: /home/ktest/git/linux/include/linux/fs.h:889 at osd_create+0x9cf/0xcf0 [osd_wbcfs], CPU#1: llog_process_th/1931
00014 Modules linked in: mdd(O) lod(O) mdt(O) lquota(O) lfsck(O) mgs(O) osd_wbcfs(O) lustre(O) obdecho(O) mgc(O) mdc(O) lov(O) osc(O) lmv(O) ec(O) fid(O) fld(O) ptlrpc(O) efivarfs obdclass(O) ksocklnd(O) lnet(O) libcfs(O)
00014 CPU: 1 UID: 0 PID: 1931 Comm: llog_process_th Tainted: G        W  O        7.0.0-ktest-2b8c50a-6330a45-20260806-dirty #1 PREEMPT 
00014 Tainted: [W]=WARN, [O]=OOT_MODULE
00014 Hardware name: QEMU Standard PC (Q35 + ICH9, 2009), BIOS 2025.11-3ubuntu7 03/31/2026
00014 RIP: 0010:osd_create+0x9cf/0xcf0 [osd_wbcfs]
00014 Code: c7 c7 00 c6 7b a1 48 c7 c6 a0 42 7d a1 48 c7 c2 00 4c 7d a1 e8 82 dd 43 ff 48 c7 c7 00 c6 7b a1 e8 c6 6a 44 ff e9 fe fc ff ff <0f> 0b e9 a5 fa ff ff 48 c7 c1 80 44 5d a0 80 e1 07 80 c1 03 38 c1
00014 RSP: 0018:ffffc90001d67470 EFLAGS: 00010246
00014 RAX: 0000000000000000 RBX: ffff8881394ab000 RCX: 0000000000000046
00014 RDX: 0000000000000000 RSI: ffff8881aa105f08 RDI: ffff88813d790998
00014 RBP: ffff8881aa105e78 R08: ffffffff83a16803 R09: 1ffffffff0742d00
00014 R10: dffffc0000000000 R11: fffffbfff0742d01 R12: ffffc90001d675e0
00014 R13: dffffc0000000000 R14: 1ffff11027295600 R15: 1ffff920003acec9
00014 FS:  0000000000000000(0000) GS:ffff88831e4aa000(0000) knlGS:0000000000000000
00014 CS:  0010 DS: 0000 ES: 0000 CR0: 0000000080050033
00014 CR2: 00007f1b6d9e6194 CR3: 0000000189353000 CR4: 0000000000750eb0
00014 PKRU: 55555554
00014 Call Trace:
00014  <TASK>
00014  ? dt_find_or_create+0x81a/0x1170 [obdclass]
00014  ? tgt_init+0x1a98/0x2a60 [ptlrpc]
00014  ? mdt_device_alloc+0x3ce7/0x66c0 [mdt]
00014  ? __alloc_tagging_slab_alloc_hook+0x136/0x190
00014  ? obd_setup+0x25c/0x960 [obdclass]
00014  ? class_setup+0xc7d/0x10e0 [obdclass]
00014  ? class_process_config+0x2edb/0x7cb0 [obdclass]
00014  ? __kasan_kmalloc+0x72/0x80
00014  ? class_config_llog_handler+0x2954/0x4f80 [obdclass]
00014  ? class_config_llog_handler+0x2cea/0x4f80 [obdclass]
00014  ? lustre_cfg_rec_free+0x350/0x350 [obdclass]
00014  ? llog_process_thread+0x1fd2/0x4f70 [obdclass]
00014  ? _raw_spin_unlock+0x23/0x40
00014  ? llog_process_thread_daemonize+0x16d/0x1b0 [obdclass]
00014  ? kthread+0x2cd/0x3a0
00014  ? llog_process_or_fork+0xc90/0xc90 [obdclass]
00014  ? kthread_unuse_mm+0x130/0x130
00014  ? ret_from_fork+0x18c/0x520
00014  ? kthread_unuse_mm+0x130/0x130
00014  ? ret_from_fork_asm+0x11/0x20
00014  </TASK>
00014 ---[ end trace 0000000000000000 ]---
00014 ------------[ cut here ]------------
00014 WARNING: /home/ktest/git/linux/include/linux/fs.h:889 at osd_create+0x9cf/0xcf0 [osd_wbcfs], CPU#1: llog_process_th/1931
00014 Modules linked in: mdd(O) lod(O) mdt(O) lquota(O) lfsck(O) mgs(O) osd_wbcfs(O) lustre(O) obdecho(O) mgc(O) mdc(O) lov(O) osc(O) lmv(O) ec(O) fid(O) fld(O) ptlrpc(O) efivarfs obdclass(O) ksocklnd(O) lnet(O) libcfs(O)
00014 CPU: 1 UID: 0 PID: 1931 Comm: llog_process_th Tainted: G        W  O        7.0.0-ktest-2b8c50a-6330a45-20260806-dirty #1 PREEMPT 
00014 Tainted: [W]=WARN, [O]=OOT_MODULE
00014 Hardware name: QEMU Standard PC (Q35 + ICH9, 2009), BIOS 2025.11-3ubuntu7 03/31/2026
00014 RIP: 0010:osd_create+0x9cf/0xcf0 [osd_wbcfs]
00014 Code: c7 c7 00 c6 7b a1 48 c7 c6 a0 42 7d a1 48 c7 c2 00 4c 7d a1 e8 82 dd 43 ff 48 c7 c7 00 c6 7b a1 e8 c6 6a 44 ff e9 fe fc ff ff <0f> 0b e9 a5 fa ff ff 48 c7 c1 80 44 5d a0 80 e1 07 80 c1 03 38 c1
00014 RSP: 0018:ffffc90001d67370 EFLAGS: 00010246
00014 RAX: 0000000000000000 RBX: ffff88816b9e7400 RCX: 0000000000000046
00014 RDX: 0000000000000000 RSI: ffff8881aa1057f0 RDI: ffff88813d790998
00014 RBP: ffff8881aa105760 R08: ffffffff83a16803 R09: 1ffffffff0742d00
00014 R10: dffffc0000000000 R11: fffffbfff0742d01 R12: ffff888199702418
00014 R13: dffffc0000000000 R14: 1ffff1102d73ce80 R15: 1ffff110332e0492
00014 FS:  0000000000000000(0000) GS:ffff88831e4aa000(0000) knlGS:0000000000000000
00014 CS:  0010 DS: 0000 ES: 0000 CR0: 0000000080050033
00014 CR2: 00007f1b6d9e6194 CR3: 0000000189353000 CR4: 0000000000750eb0
00014 PKRU: 55555554
00014 Call Trace:
00014  <TASK>
00014  ? local_object_create+0x109/0x640 [obdclass]
00014  ? dt_write_lock+0x16d/0x2a0 [obdclass]
00014  ? __local_file_create+0xce4/0x1bc0 [obdclass]
00014  ? local_file_find_or_create+0x13c/0x1d0 [obdclass]
00014  ? lquota_disk_dir_find_create+0x31f/0xd10 [lquota]
00014  ? qmt_device_prepare+0x157/0x600 [lquota]
00014  ? mdt_quota_init+0x1a65/0x3220 [mdt]
00014  ? mdt_tunables_init+0x3e6/0x530 [mdt]
00014  ? mdt_device_alloc+0x46a6/0x66c0 [mdt]
00014  ? obd_setup+0x25c/0x960 [obdclass]
00014  ? class_setup+0xc7d/0x10e0 [obdclass]
00014  ? class_process_config+0x2edb/0x7cb0 [obdclass]
00014  ? __kasan_kmalloc+0x72/0x80
00014  ? class_config_llog_handler+0x2954/0x4f80 [obdclass]
00014  ? class_config_llog_handler+0x2cea/0x4f80 [obdclass]
00014  ? lustre_cfg_rec_free+0x350/0x350 [obdclass]
00014  ? llog_process_thread+0x1fd2/0x4f70 [obdclass]
00014  ? _raw_spin_unlock+0x23/0x40
00014  ? llog_process_thread_daemonize+0x16d/0x1b0 [obdclass]
00014  ? kthread+0x2cd/0x3a0
00014  ? llog_process_or_fork+0xc90/0xc90 [obdclass]
00014  ? kthread_unuse_mm+0x130/0x130
00014  ? ret_from_fork+0x18c/0x520
00014  ? kthread_unuse_mm+0x130/0x130
00014  ? ret_from_fork_asm+0x11/0x20
00014  </TASK>
00014 ---[ end trace 0000000000000000 ]---
00014 ------------[ cut here ]------------
00014 WARNING: /home/ktest/git/linux/include/linux/fs.h:889 at osd_create+0x9cf/0xcf0 [osd_wbcfs], CPU#1: llog_process_th/1931
00014 Modules linked in: mdd(O) lod(O) mdt(O) lquota(O) lfsck(O) mgs(O) osd_wbcfs(O) lustre(O) obdecho(O) mgc(O) mdc(O) lov(O) osc(O) lmv(O) ec(O) fid(O) fld(O) ptlrpc(O) efivarfs obdclass(O) ksocklnd(O) lnet(O) libcfs(O)
00014 CPU: 1 UID: 0 PID: 1931 Comm: llog_process_th Tainted: G        W  O        7.0.0-ktest-2b8c50a-6330a45-20260806-dirty #1 PREEMPT 
00014 Tainted: [W]=WARN, [O]=OOT_MODULE
00014 Hardware name: QEMU Standard PC (Q35 + ICH9, 2009), BIOS 2025.11-3ubuntu7 03/31/2026
00014 RIP: 0010:osd_create+0x9cf/0xcf0 [osd_wbcfs]
00014 Code: c7 c7 00 c6 7b a1 48 c7 c6 a0 42 7d a1 48 c7 c2 00 4c 7d a1 e8 82 dd 43 ff 48 c7 c7 00 c6 7b a1 e8 c6 6a 44 ff e9 fe fc ff ff <0f> 0b e9 a5 fa ff ff 48 c7 c1 80 44 5d a0 80 e1 07 80 c1 03 38 c1
00014 RSP: 0018:ffffc90001d67270 EFLAGS: 00010246
00014 RAX: 0000000000000000 RBX: ffff88816b9e0000 RCX: 0000000000000046
00014 RDX: 0000000000000000 RSI: ffff8881aa1050d8 RDI: ffff88813d790998
00014 RBP: ffff8881aa105048 R08: ffffffff83a16803 R09: 1ffffffff0742d00
00014 R10: dffffc0000000000 R11: fffffbfff0742d01 R12: ffff888199702418
00014 R13: dffffc0000000000 R14: 1ffff1102d73c000 R15: 1ffff110332e0492
00014 FS:  0000000000000000(0000) GS:ffff88831e4aa000(0000) knlGS:0000000000000000
00014 CS:  0010 DS: 0000 ES: 0000 CR0: 0000000080050033
00014 CR2: 00007f1b6d9e6194 CR3: 0000000189353000 CR4: 0000000000750eb0
00014 PKRU: 55555554
00014 Call Trace:
00014  <TASK>
00014  ? local_object_create+0x109/0x640 [obdclass]
00014  ? dt_write_lock+0x16d/0x2a0 [obdclass]
00014  ? __local_file_create+0xce4/0x1bc0 [obdclass]
00014  ? local_file_find_or_create+0x13c/0x1d0 [obdclass]
00014  ? lquota_disk_dir_find_create+0x31f/0xd10 [lquota]
00014  ? qmt_pool_prepare+0x3ee/0x16f0 [lquota]
00014  ? qmt_device_prepare+0x25f/0x600 [lquota]
00014  ? mdt_quota_init+0x1a65/0x3220 [mdt]
00014  ? mdt_tunables_init+0x3e6/0x530 [mdt]
00014  ? mdt_device_alloc+0x46a6/0x66c0 [mdt]
00014  ? obd_setup+0x25c/0x960 [obdclass]
00014  ? class_setup+0xc7d/0x10e0 [obdclass]
00014  ? class_process_config+0x2edb/0x7cb0 [obdclass]
00014  ? __kasan_kmalloc+0x72/0x80
00014  ? class_config_llog_handler+0x2954/0x4f80 [obdclass]
00014  ? class_config_llog_handler+0x2cea/0x4f80 [obdclass]
00014  ? lustre_cfg_rec_free+0x350/0x350 [obdclass]
00014  ? llog_process_thread+0x1fd2/0x4f70 [obdclass]
00014  ? _raw_spin_unlock+0x23/0x40
00014  ? llog_process_thread_daemonize+0x16d/0x1b0 [obdclass]
00014  ? kthread+0x2cd/0x3a0
00014  ? llog_process_or_fork+0xc90/0xc90 [obdclass]
00014  ? kthread_unuse_mm+0x130/0x130
00014  ? ret_from_fork+0x18c/0x520
00014  ? kthread_unuse_mm+0x130/0x130
00014  ? ret_from_fork_asm+0x11/0x20
00014  </TASK>
00014 ---[ end trace 0000000000000000 ]---
00014 ------------[ cut here ]------------
00014 WARNING: /home/ktest/git/linux/include/linux/fs.h:889 at osd_create+0x9cf/0xcf0 [osd_wbcfs], CPU#1: llog_process_th/1931
00014 Modules linked in: mdd(O) lod(O) mdt(O) lquota(O) lfsck(O) mgs(O) osd_wbcfs(O) lustre(O) obdecho(O) mgc(O) mdc(O) lov(O) osc(O) lmv(O) ec(O) fid(O) fld(O) ptlrpc(O) efivarfs obdclass(O) ksocklnd(O) lnet(O) libcfs(O)
00014 CPU: 1 UID: 0 PID: 1931 Comm: llog_process_th Tainted: G        W  O        7.0.0-ktest-2b8c50a-6330a45-20260806-dirty #1 PREEMPT 
00014 Tainted: [W]=WARN, [O]=OOT_MODULE
00014 Hardware name: QEMU Standard PC (Q35 + ICH9, 2009), BIOS 2025.11-3ubuntu7 03/31/2026
00014 RIP: 0010:osd_create+0x9cf/0xcf0 [osd_wbcfs]
00014 Code: c7 c7 00 c6 7b a1 48 c7 c6 a0 42 7d a1 48 c7 c2 00 4c 7d a1 e8 82 dd 43 ff 48 c7 c7 00 c6 7b a1 e8 c6 6a 44 ff e9 fe fc ff ff <0f> 0b e9 a5 fa ff ff 48 c7 c1 80 44 5d a0 80 e1 07 80 c1 03 38 c1
00014 RSP: 0018:ffffc90001d67258 EFLAGS: 00010246
00014 RAX: 0000000000000000 RBX: ffff88816bb76c00 RCX: 0000000000000046
00014 RDX: ffffffff84c44d40 RSI: ffff8881aa1049c0 RDI: ffff88813d790998
00014 RBP: ffff8881aa104930 R08: 0000000000000001 R09: 0000000000000000
00014 R10: dffffc0000000000 R11: ffffed103542091b R12: ffff888199702418
00014 R13: dffffc0000000000 R14: 1ffff1102d76ed80 R15: 1ffff110332e0492
00014 FS:  0000000000000000(0000) GS:ffff88831e4aa000(0000) knlGS:0000000000000000
00014 CS:  0010 DS: 0000 ES: 0000 CR0: 0000000080050033
00014 CR2: 00007f1b6d9e6194 CR3: 0000000189353000 CR4: 0000000000750eb0
00014 PKRU: 55555554
00014 Call Trace:
00014  <TASK>
00014  ? local_object_create+0x109/0x640 [obdclass]
00014  ? dt_write_lock+0x16d/0x2a0 [obdclass]
00014  ? __local_file_create+0xce4/0x1bc0 [obdclass]
00014  ? local_index_find_or_create_with_fid+0x20d/0x3c0 [obdclass]
00014  ? lquota_disk_glb_find_create+0x3e7/0xe50 [lquota]
00014  ? qmt_pool_prepare+0x5af/0x16f0 [lquota]
00014  ? qmt_device_prepare+0x25f/0x600 [lquota]
00014  ? mdt_quota_init+0x1a65/0x3220 [mdt]
00014  ? mdt_tunables_init+0x3e6/0x530 [mdt]
00014  ? mdt_device_alloc+0x46a6/0x66c0 [mdt]
00014  ? obd_setup+0x25c/0x960 [obdclass]
00014  ? class_setup+0xc7d/0x10e0 [obdclass]
00014  ? class_process_config+0x2edb/0x7cb0 [obdclass]
00014  ? __kasan_kmalloc+0x72/0x80
00014  ? class_config_llog_handler+0x2954/0x4f80 [obdclass]
00014  ? class_config_llog_handler+0x2cea/0x4f80 [obdclass]
00014  ? lustre_cfg_rec_free+0x350/0x350 [obdclass]
00014  ? llog_process_thread+0x1fd2/0x4f70 [obdclass]
00014  ? _raw_spin_unlock+0x23/0x40
00014  ? llog_process_thread_daemonize+0x16d/0x1b0 [obdclass]
00014  ? kthread+0x2cd/0x3a0
00014  ? llog_process_or_fork+0xc90/0xc90 [obdclass]
00014  ? kthread_unuse_mm+0x130/0x130
00014  ? ret_from_fork+0x18c/0x520
00014  ? kthread_unuse_mm+0x130/0x130
00014  ? ret_from_fork_asm+0x11/0x20
00014  </TASK>
00014 ---[ end trace 0000000000000000 ]---
00014 ------------[ cut here ]------------
00014 WARNING: /home/ktest/git/linux/include/linux/fs.h:889 at osd_create+0x9cf/0xcf0 [osd_wbcfs], CPU#1: llog_process_th/1931
00014 Modules linked in: mdd(O) lod(O) mdt(O) lquota(O) lfsck(O) mgs(O) osd_wbcfs(O) lustre(O) obdecho(O) mgc(O) mdc(O) lov(O) osc(O) lmv(O) ec(O) fid(O) fld(O) ptlrpc(O) efivarfs obdclass(O) ksocklnd(O) lnet(O) libcfs(O)
00014 CPU: 1 UID: 0 PID: 1931 Comm: llog_process_th Tainted: G        W  O        7.0.0-ktest-2b8c50a-6330a45-20260806-dirty #1 PREEMPT 
00014 Tainted: [W]=WARN, [O]=OOT_MODULE
00014 Hardware name: QEMU Standard PC (Q35 + ICH9, 2009), BIOS 2025.11-3ubuntu7 03/31/2026
00014 RIP: 0010:osd_create+0x9cf/0xcf0 [osd_wbcfs]
00014 Code: c7 c7 00 c6 7b a1 48 c7 c6 a0 42 7d a1 48 c7 c2 00 4c 7d a1 e8 82 dd 43 ff 48 c7 c7 00 c6 7b a1 e8 c6 6a 44 ff e9 fe fc ff ff <0f> 0b e9 a5 fa ff ff 48 c7 c1 80 44 5d a0 80 e1 07 80 c1 03 38 c1
00014 RSP: 0018:ffffc90001d67258 EFLAGS: 00010246
00014 RAX: 0000000000000000 RBX: ffff88816bb72c00 RCX: 0000000000000046
00014 RDX: ffffffff84c44d40 RSI: ffff8881aa1042a8 RDI: ffff88813d790998
00014 RBP: ffff8881aa104218 R08: 0000000000000001 R09: 0000000000000000
00014 R10: dffffc0000000000 R11: ffffed1035420838 R12: ffff888199702418
00014 R13: dffffc0000000000 R14: 1ffff1102d76e580 R15: 1ffff110332e0492
00014 FS:  0000000000000000(0000) GS:ffff88831e4aa000(0000) knlGS:0000000000000000
00014 CS:  0010 DS: 0000 ES: 0000 CR0: 0000000080050033
00014 CR2: 00007f1b6d9e6194 CR3: 0000000189353000 CR4: 0000000000750eb0
00014 PKRU: 55555554
00014 Call Trace:
00014  <TASK>
00014  ? local_object_create+0x109/0x640 [obdclass]
00014  ? dt_write_lock+0x16d/0x2a0 [obdclass]
00014  ? __local_file_create+0xce4/0x1bc0 [obdclass]
00014  ? local_index_find_or_create_with_fid+0x20d/0x3c0 [obdclass]
00014  ? lquota_disk_glb_find_create+0x3e7/0xe50 [lquota]
00014  ? lprocfs_seq_create+0x120/0x340 [obdclass]
00014  ? qmt_pool_prepare+0x5af/0x16f0 [lquota]
00014  ? qmt_device_prepare+0x25f/0x600 [lquota]
00014  ? mdt_quota_init+0x1a65/0x3220 [mdt]
00014  ? mdt_tunables_init+0x3e6/0x530 [mdt]
00014  ? mdt_device_alloc+0x46a6/0x66c0 [mdt]
00014  ? obd_setup+0x25c/0x960 [obdclass]
00014  ? class_setup+0xc7d/0x10e0 [obdclass]
00014  ? class_process_config+0x2edb/0x7cb0 [obdclass]
00014  ? __kasan_kmalloc+0x72/0x80
00014  ? class_config_llog_handler+0x2954/0x4f80 [obdclass]
00014  ? class_config_llog_handler+0x2cea/0x4f80 [obdclass]
00014  ? lustre_cfg_rec_free+0x350/0x350 [obdclass]
00014  ? llog_process_thread+0x1fd2/0x4f70 [obdclass]
00014  ? _raw_spin_unlock+0x23/0x40
00014  ? llog_process_thread_daemonize+0x16d/0x1b0 [obdclass]
00014  ? kthread+0x2cd/0x3a0
00014  ? llog_process_or_fork+0xc90/0xc90 [obdclass]
00014  ? kthread_unuse_mm+0x130/0x130
00014  ? ret_from_fork+0x18c/0x520
00014  ? kthread_unuse_mm+0x130/0x130
00014  ? ret_from_fork_asm+0x11/0x20
00014  </TASK>
00014 ---[ end trace 0000000000000000 ]---
00014 ------------[ cut here ]------------
00014 WARNING: /home/ktest/git/linux/include/linux/fs.h:889 at osd_create+0x9cf/0xcf0 [osd_wbcfs], CPU#1: llog_process_th/1931
00014 Modules linked in: mdd(O) lod(O) mdt(O) lquota(O) lfsck(O) mgs(O) osd_wbcfs(O) lustre(O) obdecho(O) mgc(O) mdc(O) lov(O) osc(O) lmv(O) ec(O) fid(O) fld(O) ptlrpc(O) efivarfs obdclass(O) ksocklnd(O) lnet(O) libcfs(O)
00014 CPU: 1 UID: 0 PID: 1931 Comm: llog_process_th Tainted: G        W  O        7.0.0-ktest-2b8c50a-6330a45-20260806-dirty #1 PREEMPT 
00014 Tainted: [W]=WARN, [O]=OOT_MODULE
00014 Hardware name: QEMU Standard PC (Q35 + ICH9, 2009), BIOS 2025.11-3ubuntu7 03/31/2026
00014 RIP: 0010:osd_create+0x9cf/0xcf0 [osd_wbcfs]
00014 Code: c7 c7 00 c6 7b a1 48 c7 c6 a0 42 7d a1 48 c7 c2 00 4c 7d a1 e8 82 dd 43 ff 48 c7 c7 00 c6 7b a1 e8 c6 6a 44 ff e9 fe fc ff ff <0f> 0b e9 a5 fa ff ff 48 c7 c1 80 44 5d a0 80 e1 07 80 c1 03 38 c1
00014 RSP: 0018:ffffc90001d67258 EFLAGS: 00010246
00014 RAX: 0000000000000000 RBX: ffff88817f4ed400 RCX: 0000000000000046
00014 RDX: ffffffff84c44d40 RSI: ffff8881aa103b90 RDI: ffff88813d790998
00014 RBP: ffff8881aa103b00 R08: 0000000000000001 R09: 0000000000000000
00014 R10: dffffc0000000000 R11: ffffed1035420755 R12: ffff888199702418
00014 R13: dffffc0000000000 R14: 1ffff1102fe9da80 R15: 1ffff110332e0492
00014 FS:  0000000000000000(0000) GS:ffff88831e4aa000(0000) knlGS:0000000000000000
00014 CS:  0010 DS: 0000 ES: 0000 CR0: 0000000080050033
00014 CR2: 00007f1b6d9e6194 CR3: 0000000189353000 CR4: 0000000000750eb0
00014 PKRU: 55555554
00014 Call Trace:
00014  <TASK>
00014  ? local_object_create+0x109/0x640 [obdclass]
00014  ? dt_write_lock+0x16d/0x2a0 [obdclass]
00014  ? __local_file_create+0xce4/0x1bc0 [obdclass]
00014  ? local_index_find_or_create_with_fid+0x20d/0x3c0 [obdclass]
00014  ? lquota_disk_glb_find_create+0x3e7/0xe50 [lquota]
00014  ? lprocfs_seq_create+0x120/0x340 [obdclass]
00014  ? qmt_pool_prepare+0x5af/0x16f0 [lquota]
00014  ? qmt_device_prepare+0x25f/0x600 [lquota]
00014  ? mdt_quota_init+0x1a65/0x3220 [mdt]
00014  ? mdt_tunables_init+0x3e6/0x530 [mdt]
00014  ? mdt_device_alloc+0x46a6/0x66c0 [mdt]
00014  ? obd_setup+0x25c/0x960 [obdclass]
00014  ? class_setup+0xc7d/0x10e0 [obdclass]
00014  ? class_process_config+0x2edb/0x7cb0 [obdclass]
00014  ? __kasan_kmalloc+0x72/0x80
00014  ? class_config_llog_handler+0x2954/0x4f80 [obdclass]
00014  ? class_config_llog_handler+0x2cea/0x4f80 [obdclass]
00014  ? lustre_cfg_rec_free+0x350/0x350 [obdclass]
00014  ? llog_process_thread+0x1fd2/0x4f70 [obdclass]
00014  ? _raw_spin_unlock+0x23/0x40
00014  ? llog_process_thread_daemonize+0x16d/0x1b0 [obdclass]
00014  ? kthread+0x2cd/0x3a0
00014  ? llog_process_or_fork+0xc90/0xc90 [obdclass]
00014  ? kthread_unuse_mm+0x130/0x130
00014  ? ret_from_fork+0x18c/0x520
00014  ? kthread_unuse_mm+0x130/0x130
00014  ? ret_from_fork_asm+0x11/0x20
00014  </TASK>
00014 ---[ end trace 0000000000000000 ]---
00014 ------------[ cut here ]------------
00014 WARNING: /home/ktest/git/linux/include/linux/fs.h:889 at osd_create+0x9cf/0xcf0 [osd_wbcfs], CPU#1: llog_process_th/1931
00014 Modules linked in: mdd(O) lod(O) mdt(O) lquota(O) lfsck(O) mgs(O) osd_wbcfs(O) lustre(O) obdecho(O) mgc(O) mdc(O) lov(O) osc(O) lmv(O) ec(O) fid(O) fld(O) ptlrpc(O) efivarfs obdclass(O) ksocklnd(O) lnet(O) libcfs(O)
00014 CPU: 1 UID: 0 PID: 1931 Comm: llog_process_th Tainted: G        W  O        7.0.0-ktest-2b8c50a-6330a45-20260806-dirty #1 PREEMPT 
00014 Tainted: [W]=WARN, [O]=OOT_MODULE
00014 Hardware name: QEMU Standard PC (Q35 + ICH9, 2009), BIOS 2025.11-3ubuntu7 03/31/2026
00014 RIP: 0010:osd_create+0x9cf/0xcf0 [osd_wbcfs]
00014 Code: c7 c7 00 c6 7b a1 48 c7 c6 a0 42 7d a1 48 c7 c2 00 4c 7d a1 e8 82 dd 43 ff 48 c7 c7 00 c6 7b a1 e8 c6 6a 44 ff e9 fe fc ff ff <0f> 0b e9 a5 fa ff ff 48 c7 c1 80 44 5d a0 80 e1 07 80 c1 03 38 c1
00014 RSP: 0018:ffffc90001d67270 EFLAGS: 00010246
00014 RAX: 0000000000000000 RBX: ffff88817f4f8800 RCX: 0000000000000046
00014 RDX: 0000000000000000 RSI: ffff8881aa103478 RDI: ffff88813d790998
00014 RBP: ffff8881aa1033e8 R08: ffffffff83a16803 R09: 1ffffffff0742d00
00014 R10: dffffc0000000000 R11: fffffbfff0742d01 R12: ffff888199702418
00014 R13: dffffc0000000000 R14: 1ffff1102fe9f100 R15: 1ffff110332e0492
00014 FS:  0000000000000000(0000) GS:ffff88831e4aa000(0000) knlGS:0000000000000000
00014 CS:  0010 DS: 0000 ES: 0000 CR0: 0000000080050033
00014 CR2: 00007f1b6d9e6194 CR3: 0000000189353000 CR4: 0000000000750eb0
00014 PKRU: 55555554
00014 Call Trace:
00014  <TASK>
00014  ? local_object_create+0x109/0x640 [obdclass]
00014  ? dt_write_lock+0x16d/0x2a0 [obdclass]
00014  ? __local_file_create+0xce4/0x1bc0 [obdclass]
00014  ? local_file_find_or_create+0x13c/0x1d0 [obdclass]
00014  ? lquota_disk_dir_find_create+0x31f/0xd10 [lquota]
00014  ? qmt_pool_prepare+0x3ee/0x16f0 [lquota]
00014  ? qmt_device_prepare+0x25f/0x600 [lquota]
00014  ? mdt_quota_init+0x1a65/0x3220 [mdt]
00014  ? mdt_tunables_init+0x3e6/0x530 [mdt]
00014  ? mdt_device_alloc+0x46a6/0x66c0 [mdt]
00014  ? obd_setup+0x25c/0x960 [obdclass]
00014  ? class_setup+0xc7d/0x10e0 [obdclass]
00014  ? class_process_config+0x2edb/0x7cb0 [obdclass]
00014  ? __kasan_kmalloc+0x72/0x80
00014  ? class_config_llog_handler+0x2954/0x4f80 [obdclass]
00014  ? class_config_llog_handler+0x2cea/0x4f80 [obdclass]
00014  ? lustre_cfg_rec_free+0x350/0x350 [obdclass]
00014  ? llog_process_thread+0x1fd2/0x4f70 [obdclass]
00014  ? _raw_spin_unlock+0x23/0x40
00014  ? llog_process_thread_daemonize+0x16d/0x1b0 [obdclass]
00014  ? kthread+0x2cd/0x3a0
00014  ? llog_process_or_fork+0xc90/0xc90 [obdclass]
00014  ? kthread_unuse_mm+0x130/0x130
00014  ? ret_from_fork+0x18c/0x520
00014  ? kthread_unuse_mm+0x130/0x130
00014  ? ret_from_fork_asm+0x11/0x20
00014  </TASK>
00014 ---[ end trace 0000000000000000 ]---
00014 ------------[ cut here ]------------
00014 WARNING: /home/ktest/git/linux/include/linux/fs.h:889 at osd_create+0x9cf/0xcf0 [osd_wbcfs], CPU#1: llog_process_th/1931
00014 Modules linked in: mdd(O) lod(O) mdt(O) lquota(O) lfsck(O) mgs(O) osd_wbcfs(O) lustre(O) obdecho(O) mgc(O) mdc(O) lov(O) osc(O) lmv(O) ec(O) fid(O) fld(O) ptlrpc(O) efivarfs obdclass(O) ksocklnd(O) lnet(O) libcfs(O)
00014 CPU: 1 UID: 0 PID: 1931 Comm: llog_process_th Tainted: G        W  O        7.0.0-ktest-2b8c50a-6330a45-20260806-dirty #1 PREEMPT 
00014 Tainted: [W]=WARN, [O]=OOT_MODULE
00014 Hardware name: QEMU Standard PC (Q35 + ICH9, 2009), BIOS 2025.11-3ubuntu7 03/31/2026
00014 RIP: 0010:osd_create+0x9cf/0xcf0 [osd_wbcfs]
00014 Code: c7 c7 00 c6 7b a1 48 c7 c6 a0 42 7d a1 48 c7 c2 00 4c 7d a1 e8 82 dd 43 ff 48 c7 c7 00 c6 7b a1 e8 c6 6a 44 ff e9 fe fc ff ff <0f> 0b e9 a5 fa ff ff 48 c7 c1 80 44 5d a0 80 e1 07 80 c1 03 38 c1
00014 RSP: 0018:ffffc90001d67258 EFLAGS: 00010246
00014 RAX: 0000000000000000 RBX: ffff88817f4fb000 RCX: 0000000000000046
00014 RDX: ffffffff84c44d40 RSI: ffff8881aa102d60 RDI: ffff88813d790998
00014 RBP: ffff8881aa102cd0 R08: 0000000000000001 R09: 0000000000000000
00014 R10: dffffc0000000000 R11: ffffed103542058f R12: ffff888199702418
00014 R13: dffffc0000000000 R14: 1ffff1102fe9f600 R15: 1ffff110332e0492
00014 FS:  0000000000000000(0000) GS:ffff88831e4aa000(0000) knlGS:0000000000000000
00014 CS:  0010 DS: 0000 ES: 0000 CR0: 0000000080050033
00014 CR2: 00007f1b6d9e6194 CR3: 0000000189353000 CR4: 0000000000750eb0
00014 PKRU: 55555554
00014 Call Trace:
00014  <TASK>
00014  ? local_object_create+0x109/0x640 [obdclass]
00014  ? dt_write_lock+0x16d/0x2a0 [obdclass]
00014  ? __local_file_create+0xce4/0x1bc0 [obdclass]
00014  ? local_index_find_or_create_with_fid+0x20d/0x3c0 [obdclass]
00014  ? lquota_disk_glb_find_create+0x3e7/0xe50 [lquota]
00014  ? qmt_pool_prepare+0x5af/0x16f0 [lquota]
00014  ? qmt_device_prepare+0x25f/0x600 [lquota]
00014  ? mdt_quota_init+0x1a65/0x3220 [mdt]
00014  ? mdt_tunables_init+0x3e6/0x530 [mdt]
00014  ? mdt_device_alloc+0x46a6/0x66c0 [mdt]
00014  ? obd_setup+0x25c/0x960 [obdclass]
00014  ? class_setup+0xc7d/0x10e0 [obdclass]
00014  ? class_process_config+0x2edb/0x7cb0 [obdclass]
00014  ? __kasan_kmalloc+0x72/0x80
00014  ? class_config_llog_handler+0x2954/0x4f80 [obdclass]
00014  ? class_config_llog_handler+0x2cea/0x4f80 [obdclass]
00014  ? lustre_cfg_rec_free+0x350/0x350 [obdclass]
00014  ? llog_process_thread+0x1fd2/0x4f70 [obdclass]
00014  ? _raw_spin_unlock+0x23/0x40
00014  ? llog_process_thread_daemonize+0x16d/0x1b0 [obdclass]
00014  ? kthread+0x2cd/0x3a0
00014  ? llog_process_or_fork+0xc90/0xc90 [obdclass]
00014  ? kthread_unuse_mm+0x130/0x130
00014  ? ret_from_fork+0x18c/0x520
00014  ? kthread_unuse_mm+0x130/0x130
00014  ? ret_from_fork_asm+0x11/0x20
00014  </TASK>
00014 ---[ end trace 0000000000000000 ]---
00014 ------------[ cut here ]------------
00014 WARNING: /home/ktest/git/linux/include/linux/fs.h:889 at osd_create+0x9cf/0xcf0 [osd_wbcfs], CPU#1: llog_process_th/1931
00014 Modules linked in: mdd(O) lod(O) mdt(O) lquota(O) lfsck(O) mgs(O) osd_wbcfs(O) lustre(O) obdecho(O) mgc(O) mdc(O) lov(O) osc(O) lmv(O) ec(O) fid(O) fld(O) ptlrpc(O) efivarfs obdclass(O) ksocklnd(O) lnet(O) libcfs(O)
00014 CPU: 1 UID: 0 PID: 1931 Comm: llog_process_th Tainted: G        W  O        7.0.0-ktest-2b8c50a-6330a45-20260806-dirty #1 PREEMPT 
00014 Tainted: [W]=WARN, [O]=OOT_MODULE
00014 Hardware name: QEMU Standard PC (Q35 + ICH9, 2009), BIOS 2025.11-3ubuntu7 03/31/2026
00014 RIP: 0010:osd_create+0x9cf/0xcf0 [osd_wbcfs]
00014 Code: c7 c7 00 c6 7b a1 48 c7 c6 a0 42 7d a1 48 c7 c2 00 4c 7d a1 e8 82 dd 43 ff 48 c7 c7 00 c6 7b a1 e8 c6 6a 44 ff e9 fe fc ff ff <0f> 0b e9 a5 fa ff ff 48 c7 c1 80 44 5d a0 80 e1 07 80 c1 03 38 c1
00014 RSP: 0018:ffffc90001d67258 EFLAGS: 00010246
00014 RAX: 0000000000000000 RBX: ffff88817f797400 RCX: 0000000000000046
00014 RDX: ffffffff84c44d40 RSI: ffff88819975d0d8 RDI: ffff88813d790998
00014 RBP: ffff88819975d048 R08: 0000000000000001 R09: 0000000000000000
00014 R10: dffffc0000000000 R11: ffffed10332eb9fe R12: ffff888199702418
00014 R13: dffffc0000000000 R14: 1ffff1102fef2e80 R15: 1ffff110332e0492
00014 FS:  0000000000000000(0000) GS:ffff88831e4aa000(0000) knlGS:0000000000000000
00014 CS:  0010 DS: 0000 ES: 0000 CR0: 0000000080050033
00014 CR2: 00007f1b6d9e6194 CR3: 0000000189353000 CR4: 0000000000750eb0
00014 PKRU: 55555554
00014 Call Trace:
00014  <TASK>
00014  ? local_object_create+0x109/0x640 [obdclass]
00014  ? dt_write_lock+0x16d/0x2a0 [obdclass]
00014  ? __local_file_create+0xce4/0x1bc0 [obdclass]
00014  ? local_index_find_or_create_with_fid+0x20d/0x3c0 [obdclass]
00014  ? lquota_disk_glb_find_create+0x3e7/0xe50 [lquota]
00014  ? lprocfs_seq_create+0x120/0x340 [obdclass]
00014  ? qmt_pool_prepare+0x5af/0x16f0 [lquota]
00014  ? qmt_device_prepare+0x25f/0x600 [lquota]
00014  ? mdt_quota_init+0x1a65/0x3220 [mdt]
00014  ? mdt_tunables_init+0x3e6/0x530 [mdt]
00014  ? mdt_device_alloc+0x46a6/0x66c0 [mdt]
00014  ? obd_setup+0x25c/0x960 [obdclass]
00014  ? class_setup+0xc7d/0x10e0 [obdclass]
00014  ? class_process_config+0x2edb/0x7cb0 [obdclass]
00014  ? __kasan_kmalloc+0x72/0x80
00014  ? class_config_llog_handler+0x2954/0x4f80 [obdclass]
00014  ? class_config_llog_handler+0x2cea/0x4f80 [obdclass]
00014  ? lustre_cfg_rec_free+0x350/0x350 [obdclass]
00014  ? llog_process_thread+0x1fd2/0x4f70 [obdclass]
00014  ? _raw_spin_unlock+0x23/0x40
00014  ? llog_process_thread_daemonize+0x16d/0x1b0 [obdclass]
00014  ? kthread+0x2cd/0x3a0
00014  ? llog_process_or_fork+0xc90/0xc90 [obdclass]
00014  ? kthread_unuse_mm+0x130/0x130
00014  ? ret_from_fork+0x18c/0x520
00014  ? kthread_unuse_mm+0x130/0x130
00014  ? ret_from_fork_asm+0x11/0x20
00014  </TASK>
00014 ---[ end trace 0000000000000000 ]---
00014 ------------[ cut here ]------------
00014 WARNING: /home/ktest/git/linux/include/linux/fs.h:889 at osd_create+0x9cf/0xcf0 [osd_wbcfs], CPU#1: llog_process_th/1931
00014 Modules linked in: mdd(O) lod(O) mdt(O) lquota(O) lfsck(O) mgs(O) osd_wbcfs(O) lustre(O) obdecho(O) mgc(O) mdc(O) lov(O) osc(O) lmv(O) ec(O) fid(O) fld(O) ptlrpc(O) efivarfs obdclass(O) ksocklnd(O) lnet(O) libcfs(O)
00014 CPU: 1 UID: 0 PID: 1931 Comm: llog_process_th Tainted: G        W  O        7.0.0-ktest-2b8c50a-6330a45-20260806-dirty #1 PREEMPT 
00014 Tainted: [W]=WARN, [O]=OOT_MODULE
00014 Hardware name: QEMU Standard PC (Q35 + ICH9, 2009), BIOS 2025.11-3ubuntu7 03/31/2026
00014 RIP: 0010:osd_create+0x9cf/0xcf0 [osd_wbcfs]
00014 Code: c7 c7 00 c6 7b a1 48 c7 c6 a0 42 7d a1 48 c7 c2 00 4c 7d a1 e8 82 dd 43 ff 48 c7 c7 00 c6 7b a1 e8 c6 6a 44 ff e9 fe fc ff ff <0f> 0b e9 a5 fa ff ff 48 c7 c1 80 44 5d a0 80 e1 07 80 c1 03 38 c1
00014 RSP: 0018:ffffc90001d67258 EFLAGS: 00010246
00014 RAX: 0000000000000000 RBX: ffff88817f797800 RCX: 0000000000000046
00014 RDX: ffffffff84c44d40 RSI: ffff88819975c9c0 RDI: ffff88813d790998
00014 RBP: ffff88819975c930 R08: 0000000000000001 R09: 0000000000000000
00014 R10: dffffc0000000000 R11: ffffed10332eb91b R12: ffff888199702418
00014 R13: dffffc0000000000 R14: 1ffff1102fef2f00 R15: 1ffff110332e0492
00014 FS:  0000000000000000(0000) GS:ffff88831e4aa000(0000) knlGS:0000000000000000
00014 CS:  0010 DS: 0000 ES: 0000 CR0: 0000000080050033
00014 CR2: 00007f1b6d9e6194 CR3: 0000000189353000 CR4: 0000000000750eb0
00014 PKRU: 55555554
00014 Call Trace:
00014  <TASK>
00014  ? local_object_create+0x109/0x640 [obdclass]
00014  ? dt_write_lock+0x16d/0x2a0 [obdclass]
00014  ? __local_file_create+0xce4/0x1bc0 [obdclass]
00014  ? local_index_find_or_create_with_fid+0x20d/0x3c0 [obdclass]
00014  ? lquota_disk_glb_find_create+0x3e7/0xe50 [lquota]
00014  ? lprocfs_seq_create+0x120/0x340 [obdclass]
00014  ? qmt_pool_prepare+0x5af/0x16f0 [lquota]
00014  ? qmt_device_prepare+0x25f/0x600 [lquota]
00014  ? mdt_quota_init+0x1a65/0x3220 [mdt]
00014  ? mdt_tunables_init+0x3e6/0x530 [mdt]
00014  ? mdt_device_alloc+0x46a6/0x66c0 [mdt]
00014  ? obd_setup+0x25c/0x960 [obdclass]
00014  ? class_setup+0xc7d/0x10e0 [obdclass]
00014  ? class_process_config+0x2edb/0x7cb0 [obdclass]
00014  ? __kasan_kmalloc+0x72/0x80
00014  ? class_config_llog_handler+0x2954/0x4f80 [obdclass]
00014  ? class_config_llog_handler+0x2cea/0x4f80 [obdclass]
00014  ? lustre_cfg_rec_free+0x350/0x350 [obdclass]
00014  ? llog_process_thread+0x1fd2/0x4f70 [obdclass]
00014  ? _raw_spin_unlock+0x23/0x40
00014  ? llog_process_thread_daemonize+0x16d/0x1b0 [obdclass]
00014  ? kthread+0x2cd/0x3a0
00014  ? llog_process_or_fork+0xc90/0xc90 [obdclass]
00014  ? kthread_unuse_mm+0x130/0x130
00014  ? ret_from_fork+0x18c/0x520
00014  ? kthread_unuse_mm+0x130/0x130
00014  ? ret_from_fork_asm+0x11/0x20
00014  </TASK>
00014 ---[ end trace 0000000000000000 ]---
00014 ------------[ cut here ]------------
00014 WARNING: /home/ktest/git/linux/include/linux/fs.h:889 at osd_create+0x9cf/0xcf0 [osd_wbcfs], CPU#9: ll_mgs_0000/1905
00014 Modules linked in: osp(O) mdd(O) lod(O) mdt(O) lquota(O) lfsck(O) mgs(O) osd_wbcfs(O) lustre(O) obdecho(O) mgc(O) mdc(O) lov(O) osc(O) lmv(O) ec(O) fid(O) fld(O) ptlrpc(O) efivarfs obdclass(O) ksocklnd(O) lnet(O) libcfs(O)
00014 CPU: 9 UID: 0 PID: 1905 Comm: ll_mgs_0000 Tainted: G        W  O        7.0.0-ktest-2b8c50a-6330a45-20260806-dirty #1 PREEMPT 
00014 Tainted: [W]=WARN, [O]=OOT_MODULE
00014 Hardware name: QEMU Standard PC (Q35 + ICH9, 2009), BIOS 2025.11-3ubuntu7 03/31/2026
00014 RIP: 0010:osd_create+0x9cf/0xcf0 [osd_wbcfs]
00014 Code: c7 c7 00 c6 7b a1 48 c7 c6 a0 42 7d a1 48 c7 c2 00 4c 7d a1 e8 82 dd 43 ff 48 c7 c7 00 c6 7b a1 e8 c6 6a 44 ff e9 fe fc ff ff <0f> 0b e9 a5 fa ff ff 48 c7 c1 80 44 5d a0 80 e1 07 80 c1 03 38 c1
00014 RSP: 0018:ffffc90001bc7700 EFLAGS: 00010246
00014 RAX: 0000000000000000 RBX: ffff8881893ae800 RCX: 0000000000000046
00014 RDX: 0000000000000000 RSI: ffff8881aa1d2648 RDI: ffff88818d514b68
00014 RBP: ffff8881aa1d25b8 R08: ffffffff83a16803 R09: 1ffffffff0742d00
00014 R10: dffffc0000000000 R11: fffffbfff0742d01 R12: ffff888105741418
00014 R13: dffffc0000000000 R14: 1ffff11031275d00 R15: 1ffff11020ae8292
00014 FS:  0000000000000000(0000) GS:ffff88831e8aa000(0000) knlGS:0000000000000000
00014 CS:  0010 DS: 0000 ES: 0000 CR0: 0000000080050033
00014 CR2: 00007fd8a59e6194 CR3: 0000000004274000 CR4: 0000000000750eb0
00014 PKRU: 55555554
00014 Call Trace:
00014  <TASK>
00014  ? local_object_create+0x109/0x640 [obdclass]
00014  ? dt_write_lock+0x16d/0x2a0 [obdclass]
00014  ? __local_file_create+0xce4/0x1bc0 [obdclass]
00014  ? local_file_find_or_create+0x13c/0x1d0 [obdclass]
00014  ? mgs_ir_update+0x1ce1/0x3850 [mgs]
00014  ? mgs_target_reg+0xd98/0x4480 [mgs]
00014  ? tgt_request_handle+0x23ad/0x3d30 [ptlrpc]
00014  ? ptlrpc_main+0x6359/0x96f0 [ptlrpc]
00014  ? __kthread_parkme+0x73/0x130
00014  ? kthread+0x2cd/0x3a0
00014  ? ptlrpc_start_thread+0x1f10/0x1f10 [ptlrpc]
00014  ? kthread_unuse_mm+0x130/0x130
00014  ? ret_from_fork+0x18c/0x520
00014  ? kthread_unuse_mm+0x130/0x130
00014  ? ret_from_fork_asm+0x11/0x20
00014  </TASK>
00014 ---[ end trace 0000000000000000 ]---
00014 Lustre: lustre-MDT0000: Imperative Recovery not enabled, recovery window 300-900
00014 Lustre: ctl-lustre-MDT0000: super-sequence allocation rc = 0 [0x0000000200000400-0x0000000240000400]:0:mdt
00014 ------------[ cut here ]------------
00014 WARNING: /home/ktest/git/linux/include/linux/fs.h:889 at osd_create+0x9cf/0xcf0 [osd_wbcfs], CPU#7: lod0000_rec0000/1942
00014 Modules linked in: osp(O) mdd(O) lod(O) mdt(O) lquota(O) lfsck(O) mgs(O) osd_wbcfs(O) lustre(O) obdecho(O) mgc(O) mdc(O) lov(O) osc(O) lmv(O) ec(O) fid(O) fld(O) ptlrpc(O) efivarfs obdclass(O) ksocklnd(O) lnet(O) libcfs(O)
00014 CPU: 7 UID: 0 PID: 1942 Comm: lod0000_rec0000 Tainted: G        W  O        7.0.0-ktest-2b8c50a-6330a45-20260806-dirty #1 PREEMPT 
00014 Tainted: [W]=WARN, [O]=OOT_MODULE
00014 Hardware name: QEMU Standard PC (Q35 + ICH9, 2009), BIOS 2025.11-3ubuntu7 03/31/2026
00014 RIP: 0010:osd_create+0x9cf/0xcf0 [osd_wbcfs]
00014 Code: c7 c7 00 c6 7b a1 48 c7 c6 a0 42 7d a1 48 c7 c2 00 4c 7d a1 e8 82 dd 43 ff 48 c7 c7 00 c6 7b a1 e8 c6 6a 44 ff e9 fe fc ff ff <0f> 0b e9 a5 fa ff ff 48 c7 c1 80 44 5d a0 80 e1 07 80 c1 03 38 c1
00014 RSP: 0018:ffffc9000217fb60 EFLAGS: 00010246
00014 RAX: 0000000000000000 RBX: ffff888180218800 RCX: 0000000000000046
00014 RDX: 0000000000000000 RSI: ffff8881aa101818 RDI: ffff888138eb8998
00014 RBP: ffff8881aa101788 R08: ffffffff83a16803 R09: 1ffffffff0742d00
00014 R10: dffffc0000000000 R11: fffffbfff0742d01 R12: ffff88817fbd3c00
00014 R13: dffffc0000000000 R14: 1ffff11030043100 R15: 1ffff1102ff7a78f
00014 FS:  0000000000000000(0000) GS:ffff88831e7aa000(0000) knlGS:0000000000000000
00014 CS:  0010 DS: 0000 ES: 0000 CR0: 0000000080050033
00014 CR2: 00007f2c5c1e6194 CR3: 0000000136b49000 CR4: 0000000000750eb0
00014 PKRU: 55555554
00014 Call Trace:
00014  <TASK>
00014  ? llog_osd_create+0x645/0x1140 [obdclass]
00014  ? llog_create+0x2ed/0x530 [obdclass]
00014  ? llog_open_create+0x5af/0xb10 [obdclass]
00014  ? lod_sub_prep_llog+0xdfd/0x1b40 [lod]
00014  ? lod_sub_recovery_thread+0x316/0x18d0 [lod]
00014  ? __kthread_parkme+0x73/0x130
00014  ? kthread+0x2cd/0x3a0
00014  ? lod_sub_init_llog+0x1180/0x1180 [lod]
00014  ? kthread_unuse_mm+0x130/0x130
00014  ? ret_from_fork+0x18c/0x520
00014  ? kthread_unuse_mm+0x130/0x130
00014  ? ret_from_fork_asm+0x11/0x20
00014  </TASK>
00014 ---[ end trace 0000000000000000 ]---
00014 ------------[ cut here ]------------
00014 WARNING: /home/ktest/git/linux/include/linux/fs.h:889 at osd_create+0x9cf/0xcf0 [osd_wbcfs], CPU#9: ll_mgs_0000/1905
00014 Modules linked in: osp(O) mdd(O) lod(O) mdt(O) lquota(O) lfsck(O) mgs(O) osd_wbcfs(O) lustre(O) obdecho(O) mgc(O) mdc(O) lov(O) osc(O) lmv(O) ec(O) fid(O) fld(O) ptlrpc(O) efivarfs obdclass(O) ksocklnd(O) lnet(O) libcfs(O)
00014 CPU: 9 UID: 0 PID: 1905 Comm: ll_mgs_0000 Tainted: G        W  O        7.0.0-ktest-2b8c50a-6330a45-20260806-dirty #1 PREEMPT 
00014 Tainted: [W]=WARN, [O]=OOT_MODULE
00014 Hardware name: QEMU Standard PC (Q35 + ICH9, 2009), BIOS 2025.11-3ubuntu7 03/31/2026
00014 RIP: 0010:osd_create+0x9cf/0xcf0 [osd_wbcfs]
00014 Code: c7 c7 00 c6 7b a1 48 c7 c6 a0 42 7d a1 48 c7 c2 00 4c 7d a1 e8 82 dd 43 ff 48 c7 c7 00 c6 7b a1 e8 c6 6a 44 ff e9 fe fc ff ff <0f> 0b e9 a5 fa ff ff 48 c7 c1 80 44 5d a0 80 e1 07 80 c1 03 38 c1
00014 RSP: 0018:ffffc90001bc7698 EFLAGS: 00010246
00014 RAX: 0000000000000000 RBX: ffff8881893aa400 RCX: 0000000000000046
00014 RDX: 0000000000000000 RSI: ffff8881aa1d1f30 RDI: ffff88818d514b68
00014 RBP: ffff8881aa1d1ea0 R08: ffffffff83a16803 R09: 1ffffffff0742d00
00014 R10: dffffc0000000000 R11: fffffbfff0742d01 R12: ffff88813c8b9c00
00014 R13: dffffc0000000000 R14: 1ffff11031275480 R15: 1ffff1102791738f
00014 FS:  0000000000000000(0000) GS:ffff88831e8aa000(0000) knlGS:0000000000000000
00014 CS:  0010 DS: 0000 ES: 0000 CR0: 0000000080050033
00014 CR2: 00007fd8a59e6194 CR3: 0000000004274000 CR4: 0000000000750eb0
00014 PKRU: 55555554
00014 Call Trace:
00014  <TASK>
00014  ? local_object_create+0x109/0x640 [obdclass]
00014  ? dt_write_lock+0x16d/0x2a0 [obdclass]
00014  ? llog_osd_create+0x356/0x1140 [obdclass]
00014  ? llog_create+0x2ed/0x530 [obdclass]
00014  ? llog_open_create+0x5af/0xb10 [obdclass]
00014  ? record_start_log+0x348/0xa40 [mgs]
00014  ? mgs_write_log_lov+0x3ac/0xde0 [mgs]
00014  ? mgs_write_log_target+0x17a4/0x6ab0 [mgs]
00014  ? mgs_target_reg+0x254e/0x4480 [mgs]
00014  ? tgt_request_handle+0x23ad/0x3d30 [ptlrpc]
00014  ? ptlrpc_main+0x6359/0x96f0 [ptlrpc]
00014  ? __kthread_parkme+0x73/0x130
00014  ? kthread+0x2cd/0x3a0
00014  ? ptlrpc_start_thread+0x1f10/0x1f10 [ptlrpc]
00014  ? kthread_unuse_mm+0x130/0x130
00014  ? ret_from_fork+0x18c/0x520
00014  ? kthread_unuse_mm+0x130/0x130
00014  ? ret_from_fork_asm+0x11/0x20
00014  </TASK>
00014 ---[ end trace 0000000000000000 ]---
00014 ------------[ cut here ]------------
00014 WARNING: /home/ktest/git/linux/include/linux/fs.h:889 at osd_create+0x9cf/0xcf0 [osd_wbcfs], CPU#3: llog_process_th/1948
00014 Modules linked in: osp(O) mdd(O) lod(O) mdt(O) lquota(O) lfsck(O) mgs(O) osd_wbcfs(O) lustre(O) obdecho(O) mgc(O) mdc(O) lov(O) osc(O) lmv(O) ec(O) fid(O) fld(O) ptlrpc(O) efivarfs obdclass(O) ksocklnd(O) lnet(O) libcfs(O)
00014 CPU: 3 UID: 0 PID: 1948 Comm: llog_process_th Tainted: G        W  O        7.0.0-ktest-2b8c50a-6330a45-20260806-dirty #1 PREEMPT 
00014 Tainted: [W]=WARN, [O]=OOT_MODULE
00014 Hardware name: QEMU Standard PC (Q35 + ICH9, 2009), BIOS 2025.11-3ubuntu7 03/31/2026
00014 RIP: 0010:osd_create+0x9cf/0xcf0 [osd_wbcfs]
00014 Code: c7 c7 00 c6 7b a1 48 c7 c6 a0 42 7d a1 48 c7 c2 00 4c 7d a1 e8 82 dd 43 ff 48 c7 c7 00 c6 7b a1 e8 c6 6a 44 ff e9 fe fc ff ff <0f> 0b e9 a5 fa ff ff 48 c7 c1 80 44 5d a0 80 e1 07 80 c1 03 38 c1
00014 RSP: 0018:ffffc90002367450 EFLAGS: 00010246
00014 RAX: 0000000000000000 RBX: ffff88819046f400 RCX: 0000000000000046
00014 RDX: ffffffff84c44d40 RSI: ffff88813bd82648 RDI: ffff888139eccb18
00014 RBP: ffff88813bd825b8 R08: 0000000000000001 R09: 0000000000000000
00014 R10: dffffc0000000000 R11: ffffed10277b04ac R12: ffff88813a8f4e00
00014 R13: dffffc0000000000 R14: 1ffff1103208de80 R15: 1ffff9200046cebf
00014 FS:  0000000000000000(0000) GS:ffff88831e5aa000(0000) knlGS:0000000000000000
00014 CS:  0010 DS: 0000 ES: 0000 CR0: 0000000080050033
00014 CR2: 00007f9dd52ee200 CR3: 0000000119a37000 CR4: 0000000000750eb0
00014 PKRU: 55555554
00014 Call Trace:
00014  <TASK>
00014  ? dt_find_or_create+0x81a/0x1170 [obdclass]
00014  ? fld_index_init+0x404/0x1610 [fld]
00014  ? is_module_address+0x1b/0x70
00014  ? is_module_address+0x5e/0x70
00014  ? __asan_memset+0x22/0x40
00014  ? fld_server_init+0x1d7/0x580 [fld]
00014  ? mdt_device_alloc+0x36b4/0x66c0 [mdt]
00014  ? __alloc_tagging_slab_alloc_hook+0x136/0x190
00014  ? obd_setup+0x25c/0x960 [obdclass]
00014  ? class_setup+0xc7d/0x10e0 [obdclass]
00014  ? class_process_config+0x2edb/0x7cb0 [obdclass]
00014  ? __kasan_kmalloc+0x72/0x80
00014  ? class_config_llog_handler+0x2954/0x4f80 [obdclass]
00014  ? class_config_llog_handler+0x2cea/0x4f80 [obdclass]
00014  ? lustre_cfg_rec_free+0x350/0x350 [obdclass]
00014  ? llog_process_thread+0x1fd2/0x4f70 [obdclass]
00014  ? _raw_spin_unlock+0x23/0x40
00014  ? llog_process_thread_daemonize+0x16d/0x1b0 [obdclass]
00014  ? kthread+0x2cd/0x3a0
00014  ? llog_process_or_fork+0xc90/0xc90 [obdclass]
00014  ? kthread_unuse_mm+0x130/0x130
00014  ? ret_from_fork+0x18c/0x520
00014  ? kthread_unuse_mm+0x130/0x130
00014  ? ret_from_fork_asm+0x11/0x20
00014  </TASK>
00014 ---[ end trace 0000000000000000 ]---
00014 ------------[ cut here ]------------
00014 WARNING: /home/ktest/git/linux/include/linux/fs.h:889 at osd_create+0x9cf/0xcf0 [osd_wbcfs], CPU#3: llog_process_th/1948
00014 Modules linked in: osp(O) mdd(O) lod(O) mdt(O) lquota(O) lfsck(O) mgs(O) osd_wbcfs(O) lustre(O) obdecho(O) mgc(O) mdc(O) lov(O) osc(O) lmv(O) ec(O) fid(O) fld(O) ptlrpc(O) efivarfs obdclass(O) ksocklnd(O) lnet(O) libcfs(O)
00014 CPU: 3 UID: 0 PID: 1948 Comm: llog_process_th Tainted: G        W  O        7.0.0-ktest-2b8c50a-6330a45-20260806-dirty #1 PREEMPT 
00014 Tainted: [W]=WARN, [O]=OOT_MODULE
00014 Hardware name: QEMU Standard PC (Q35 + ICH9, 2009), BIOS 2025.11-3ubuntu7 03/31/2026
00014 RIP: 0010:osd_create+0x9cf/0xcf0 [osd_wbcfs]
00014 Code: c7 c7 00 c6 7b a1 48 c7 c6 a0 42 7d a1 48 c7 c2 00 4c 7d a1 e8 82 dd 43 ff 48 c7 c7 00 c6 7b a1 e8 c6 6a 44 ff e9 fe fc ff ff <0f> 0b e9 a5 fa ff ff 48 c7 c1 80 44 5d a0 80 e1 07 80 c1 03 38 c1
00014 RSP: 0018:ffffc90002367430 EFLAGS: 00010246
00014 RAX: 0000000000000000 RBX: ffff88819046d000 RCX: 0000000000000046
00014 RDX: 0000000000000000 RSI: ffff88813bd81f30 RDI: ffff888139eccb18
00014 RBP: ffff88813bd81ea0 R08: ffffffff83a16803 R09: 1ffffffff0742d00
00014 R10: dffffc0000000000 R11: fffffbfff0742d01 R12: ffffc90002367530
00014 R13: dffffc0000000000 R14: 1ffff1103208da00 R15: 1ffff9200046cea4
00014 FS:  0000000000000000(0000) GS:ffff88831e5aa000(0000) knlGS:0000000000000000
00014 CS:  0010 DS: 0000 ES: 0000 CR0: 0000000080050033
00014 CR2: 00007f9dd52ee200 CR3: 0000000119a37000 CR4: 0000000000750eb0
00014 PKRU: 55555554
00014 Call Trace:
00014  <TASK>
00014  ? dt_find_or_create+0x81a/0x1170 [obdclass]
00014  ? seq_store_init+0x155/0x360 [fid]
00014  ? seq_server_init+0x290/0xba0 [fid]
00014  ? mdt_seq_init+0x2c1/0x1ef0 [mdt]
00014  ? fld_server_init+0x34e/0x580 [fld]
00014  ? mdt_device_alloc+0x39c5/0x66c0 [mdt]
00014  ? __alloc_tagging_slab_alloc_hook+0x136/0x190
00014  ? obd_setup+0x25c/0x960 [obdclass]
00014  ? class_setup+0xc7d/0x10e0 [obdclass]
00014  ? class_process_config+0x2edb/0x7cb0 [obdclass]
00014  ? __kasan_kmalloc+0x72/0x80
00014  ? class_config_llog_handler+0x2954/0x4f80 [obdclass]
00014  ? class_config_llog_handler+0x2cea/0x4f80 [obdclass]
00014  ? lustre_cfg_rec_free+0x350/0x350 [obdclass]
00014  ? llog_process_thread+0x1fd2/0x4f70 [obdclass]
00014  ? _raw_spin_unlock+0x23/0x40
00014  ? llog_process_thread_daemonize+0x16d/0x1b0 [obdclass]
00014  ? kthread+0x2cd/0x3a0
00014  ? llog_process_or_fork+0xc90/0xc90 [obdclass]
00014  ? kthread_unuse_mm+0x130/0x130
00014  ? ret_from_fork+0x18c/0x520
00014  ? kthread_unuse_mm+0x130/0x130
00014  ? ret_from_fork_asm+0x11/0x20
00014  </TASK>
00014 ---[ end trace 0000000000000000 ]---
00014 ------------[ cut here ]------------
00014 WARNING: /home/ktest/git/linux/include/linux/fs.h:889 at osd_create+0x9cf/0xcf0 [osd_wbcfs], CPU#3: llog_process_th/1948
00014 Modules linked in: osp(O) mdd(O) lod(O) mdt(O) lquota(O) lfsck(O) mgs(O) osd_wbcfs(O) lustre(O) obdecho(O) mgc(O) mdc(O) lov(O) osc(O) lmv(O) ec(O) fid(O) fld(O) ptlrpc(O) efivarfs obdclass(O) ksocklnd(O) lnet(O) libcfs(O)
00014 CPU: 3 UID: 0 PID: 1948 Comm: llog_process_th Tainted: G        W  O        7.0.0-ktest-2b8c50a-6330a45-20260806-dirty #1 PREEMPT 
00014 Tainted: [W]=WARN, [O]=OOT_MODULE
00014 Hardware name: QEMU Standard PC (Q35 + ICH9, 2009), BIOS 2025.11-3ubuntu7 03/31/2026
00014 RIP: 0010:osd_create+0x9cf/0xcf0 [osd_wbcfs]
00014 Code: c7 c7 00 c6 7b a1 48 c7 c6 a0 42 7d a1 48 c7 c2 00 4c 7d a1 e8 82 dd 43 ff 48 c7 c7 00 c6 7b a1 e8 c6 6a 44 ff e9 fe fc ff ff <0f> 0b e9 a5 fa ff ff 48 c7 c1 80 44 5d a0 80 e1 07 80 c1 03 38 c1
00014 RSP: 0018:ffffc90002367470 EFLAGS: 00010246
00014 RAX: 0000000000000000 RBX: ffff8881909f7c00 RCX: 0000000000000046
00014 RDX: 0000000000000000 RSI: ffff88813bd81818 RDI: ffff888139eccb18
00014 RBP: ffff88813bd81788 R08: ffffffff83a16803 R09: 1ffffffff0742d00
00014 R10: dffffc0000000000 R11: fffffbfff0742d01 R12: ffffc900023675e0
00014 R13: dffffc0000000000 R14: 1ffff1103213ef80 R15: 1ffff9200046cec9
00014 FS:  0000000000000000(0000) GS:ffff88831e5aa000(0000) knlGS:0000000000000000
00014 CS:  0010 DS: 0000 ES: 0000 CR0: 0000000080050033
00014 CR2: 00007f9dd52ee200 CR3: 0000000119a37000 CR4: 0000000000750eb0
00014 PKRU: 55555554
00014 Call Trace:
00014  <TASK>
00014  ? dt_find_or_create+0x81a/0x1170 [obdclass]
00014  ? tgt_init+0xb72/0x2a60 [ptlrpc]
00014  ? mdt_device_alloc+0x3ce7/0x66c0 [mdt]
00014  ? __alloc_tagging_slab_alloc_hook+0x136/0x190
00014  ? obd_setup+0x25c/0x960 [obdclass]
00014  ? class_setup+0xc7d/0x10e0 [obdclass]
00014  ? class_process_config+0x2edb/0x7cb0 [obdclass]
00014  ? __kasan_kmalloc+0x72/0x80
00014  ? class_config_llog_handler+0x2954/0x4f80 [obdclass]
00014  ? class_config_llog_handler+0x2cea/0x4f80 [obdclass]
00014  ? lustre_cfg_rec_free+0x350/0x350 [obdclass]
00014  ? llog_process_thread+0x1fd2/0x4f70 [obdclass]
00014  ? _raw_spin_unlock+0x23/0x40
00014  ? llog_process_thread_daemonize+0x16d/0x1b0 [obdclass]
00014  ? kthread+0x2cd/0x3a0
00014  ? llog_process_or_fork+0xc90/0xc90 [obdclass]
00014  ? kthread_unuse_mm+0x130/0x130
00014  ? ret_from_fork+0x18c/0x520
00014  ? kthread_unuse_mm+0x130/0x130
00014  ? ret_from_fork_asm+0x11/0x20
00014  </TASK>
00014 ---[ end trace 0000000000000000 ]---
00014 ------------[ cut here ]------------
00014 WARNING: /home/ktest/git/linux/include/linux/fs.h:889 at osd_create+0x9cf/0xcf0 [osd_wbcfs], CPU#3: llog_process_th/1948
00014 Modules linked in: osp(O) mdd(O) lod(O) mdt(O) lquota(O) lfsck(O) mgs(O) osd_wbcfs(O) lustre(O) obdecho(O) mgc(O) mdc(O) lov(O) osc(O) lmv(O) ec(O) fid(O) fld(O) ptlrpc(O) efivarfs obdclass(O) ksocklnd(O) lnet(O) libcfs(O)
00014 CPU: 3 UID: 0 PID: 1948 Comm: llog_process_th Tainted: G        W  O        7.0.0-ktest-2b8c50a-6330a45-20260806-dirty #1 PREEMPT 
00014 Tainted: [W]=WARN, [O]=OOT_MODULE
00014 Hardware name: QEMU Standard PC (Q35 + ICH9, 2009), BIOS 2025.11-3ubuntu7 03/31/2026
00014 RIP: 0010:osd_create+0x9cf/0xcf0 [osd_wbcfs]
00014 Code: c7 c7 00 c6 7b a1 48 c7 c6 a0 42 7d a1 48 c7 c2 00 4c 7d a1 e8 82 dd 43 ff 48 c7 c7 00 c6 7b a1 e8 c6 6a 44 ff e9 fe fc ff ff <0f> 0b e9 a5 fa ff ff 48 c7 c1 80 44 5d a0 80 e1 07 80 c1 03 38 c1
00014 RSP: 0018:ffffc90002367470 EFLAGS: 00010246
00014 RAX: 0000000000000000 RBX: ffff8881909f1c00 RCX: 0000000000000046
00014 RDX: 0000000000000000 RSI: ffff88813bd81100 RDI: ffff888139eccb18
00014 RBP: ffff88813bd81070 R08: ffffffff83a16803 R09: 1ffffffff0742d00
00014 R10: dffffc0000000000 R11: fffffbfff0742d01 R12: ffffc900023675e0
00014 R13: dffffc0000000000 R14: 1ffff1103213e380 R15: 1ffff9200046cec9
00014 FS:  0000000000000000(0000) GS:ffff88831e5aa000(0000) knlGS:0000000000000000
00014 CS:  0010 DS: 0000 ES: 0000 CR0: 0000000080050033
00014 CR2: 00007f9dd52ee200 CR3: 0000000119a37000 CR4: 0000000000750eb0
00014 PKRU: 55555554
00014 Call Trace:
00014  <TASK>
00014  ? dt_find_or_create+0x81a/0x1170 [obdclass]
00014  ? tgt_init+0x1a98/0x2a60 [ptlrpc]
00014  ? mdt_device_alloc+0x3ce7/0x66c0 [mdt]
00014  ? __alloc_tagging_slab_alloc_hook+0x136/0x190
00014  ? obd_setup+0x25c/0x960 [obdclass]
00014  ? class_setup+0xc7d/0x10e0 [obdclass]
00014  ? class_process_config+0x2edb/0x7cb0 [obdclass]
00014  ? __kasan_kmalloc+0x72/0x80
00014  ? class_config_llog_handler+0x2954/0x4f80 [obdclass]
00014  ? class_config_llog_handler+0x2cea/0x4f80 [obdclass]
00014  ? lustre_cfg_rec_free+0x350/0x350 [obdclass]
00014  ? llog_process_thread+0x1fd2/0x4f70 [obdclass]
00014  ? _raw_spin_unlock+0x23/0x40
00014  ? llog_process_thread_daemonize+0x16d/0x1b0 [obdclass]
00014  ? kthread+0x2cd/0x3a0
00014  ? llog_process_or_fork+0xc90/0xc90 [obdclass]
00014  ? kthread_unuse_mm+0x130/0x130
00014  ? ret_from_fork+0x18c/0x520
00014  ? kthread_unuse_mm+0x130/0x130
00014  ? ret_from_fork_asm+0x11/0x20
00014  </TASK>
00014 ---[ end trace 0000000000000000 ]---
00014 Lustre: cli-ctl-lustre-MDT0001: Allocated super-sequence [0x0000000240000400-0x0000000280000400]:1:mdt]
00014 ------------[ cut here ]------------
00014 WARNING: /home/ktest/git/linux/include/linux/fs.h:889 at osd_create+0x9cf/0xcf0 [osd_wbcfs], CPU#1: lod0001_rec0001/1956
00014 Modules linked in: osp(O) mdd(O) lod(O) mdt(O) lquota(O) lfsck(O) mgs(O) osd_wbcfs(O) lustre(O) obdecho(O) mgc(O) mdc(O) lov(O) osc(O) lmv(O) ec(O) fid(O) fld(O) ptlrpc(O) efivarfs obdclass(O) ksocklnd(O) lnet(O) libcfs(O)
00014 CPU: 1 UID: 0 PID: 1956 Comm: lod0001_rec0001 Tainted: G        W  O        7.0.0-ktest-2b8c50a-6330a45-20260806-dirty #1 PREEMPT 
00014 Tainted: [W]=WARN, [O]=OOT_MODULE
00014 Hardware name: QEMU Standard PC (Q35 + ICH9, 2009), BIOS 2025.11-3ubuntu7 03/31/2026
00014 RIP: 0010:osd_create+0x9cf/0xcf0 [osd_wbcfs]
00014 Code: c7 c7 00 c6 7b a1 48 c7 c6 a0 42 7d a1 48 c7 c2 00 4c 7d a1 e8 82 dd 43 ff 48 c7 c7 00 c6 7b a1 e8 c6 6a 44 ff e9 fe fc ff ff <0f> 0b e9 a5 fa ff ff 48 c7 c1 80 44 5d a0 80 e1 07 80 c1 03 38 c1
00014 ------------[ cut here ]------------
00014 RSP: 0018:ffffc90002dc7b60 EFLAGS: 00010246
00014 WARNING: /home/ktest/git/linux/include/linux/fs.h:889 at osd_create+0x9cf/0xcf0 [osd_wbcfs], CPU#7: mdt_out00_000/1917
00014 RAX: 0000000000000000 RBX: ffff888193e02c00 RCX: 0000000000000046
00014 Modules linked in:
00014 RDX: 0000000000000000 RSI: ffff88819975c2a8 RDI: ffff88813dc74b18
00014  osp(O)
00014 RBP: ffff88819975c218 R08: ffffffff83a16803 R09: 1ffffffff0742d00
00014  mdd(O)
00014  lod(O)
00014 R10: dffffc0000000000 R11: fffffbfff0742d01 R12: ffff8881056ff000
00014  mdt(O)
00014 R13: dffffc0000000000 R14: 1ffff110327c0580 R15: 1ffff11020adfe0f
00014  lquota(O)
00014 FS:  0000000000000000(0000) GS:ffff88831e4aa000(0000) knlGS:0000000000000000
00014  lfsck(O)
00014 CS:  0010 DS: 0000 ES: 0000 CR0: 0000000080050033
00014  mgs(O)
00014 CR2: 00007f1b6d9e6194 CR3: 0000000189353000 CR4: 0000000000750eb0
00014  osd_wbcfs(O)
00014 PKRU: 55555554
00014  lustre(O)
00014 Call Trace:
00014  obdecho(O)
00014  <TASK>
00014  mgc(O) mdc(O) lov(O) osc(O) lmv(O) ec(O) fid(O) fld(O) ptlrpc(O) efivarfs obdclass(O) ksocklnd(O) lnet(O) libcfs(O)
00014  ? llog_osd_create+0x645/0x1140 [obdclass]
00014 CPU: 7 UID: 0 PID: 1917 Comm: mdt_out00_000 Tainted: G        W  O        7.0.0-ktest-2b8c50a-6330a45-20260806-dirty #1 PREEMPT 
00014  ? llog_create+0x2ed/0x530 [obdclass]
00014 Tainted: [W]=WARN, [O]=OOT_MODULE
00014  ? llog_open_create+0x5af/0xb10 [obdclass]
00014 Hardware name: QEMU Standard PC (Q35 + ICH9, 2009), BIOS 2025.11-3ubuntu7 03/31/2026
00014 RIP: 0010:osd_create+0x9cf/0xcf0 [osd_wbcfs]
00014 Code: c7 c7 00 c6 7b a1 48 c7 c6 a0 42 7d a1 48 c7 c2 00 4c 7d a1 e8 82 dd 43 ff 48 c7 c7 00 c6 7b a1 e8 c6 6a 44 ff e9 fe fc ff ff <0f> 0b e9 a5 fa ff ff 48 c7 c1 80 44 5d a0 80 e1 07 80 c1 03 38 c1
00014 RSP: 0018:ffffc90001c17800 EFLAGS: 00010246
00014 RAX: 0000000000000000 RBX: ffff888105814800 RCX: 0000000000000046
00014 RDX: 0000000000000000 RSI: ffff8881aa101100 RDI: ffff88818c60cb18
00014 RBP: ffff8881aa101070 R08: ffffffff83a16803 R09: 1ffffffff0742d00
00014 R10: dffffc0000000000 R11: fffffbfff0742d01 R12: ffff88814a3fbe30
00014 R13: dffffc0000000000 R14: 1ffff11020b02900 R15: 1ffff1102947f7d8
00014 FS:  0000000000000000(0000) GS:ffff88831e7aa000(0000) knlGS:0000000000000000
00014 CS:  0010 DS: 0000 ES: 0000 CR0: 0000000080050033
00014 CR2: 00007f2c5c1e6194 CR3: 0000000136b49000 CR4: 0000000000750eb0
00014 PKRU: 55555554
00014 Call Trace:
00014  <TASK>
00014  ? out_tx_create_exec+0x277/0x7a0 [ptlrpc]
00014  ? lod_sub_prep_llog+0xdfd/0x1b40 [lod]
00014  ? tx_add_exec+0xd70/0xd70 [ptlrpc]
00014  ? lod_sub_recovery_thread+0x316/0x18d0 [lod]
00014  ? out_tx_end+0x3e3/0x1190 [ptlrpc]
00014  ? __kthread_parkme+0x73/0x130
00014  ? out_handle+0x539f/0x6350 [ptlrpc]
00014  ? kthread+0x2cd/0x3a0
00014  ? tgt_request_handle+0x23ad/0x3d30 [ptlrpc]
00014  ? lod_sub_init_llog+0x1180/0x1180 [lod]
00014  ? ptlrpc_main+0x6359/0x96f0 [ptlrpc]
00014  ? kthread_unuse_mm+0x130/0x130
00014  ? __kthread_parkme+0x73/0x130
00014  ? ret_from_fork+0x18c/0x520
00014  ? kthread+0x2cd/0x3a0
00014  ? kthread_unuse_mm+0x130/0x130
00014  ? ptlrpc_start_thread+0x1f10/0x1f10 [ptlrpc]
00014  ? ret_from_fork_asm+0x11/0x20
00014  ? kthread_unuse_mm+0x130/0x130
00014  </TASK>
00014  ? ret_from_fork+0x18c/0x520
00014 ---[ end trace 0000000000000000 ]---
00014  ? kthread_unuse_mm+0x130/0x130
00014  ? ret_from_fork_asm+0x11/0x20
00014  </TASK>
00014 ---[ end trace 0000000000000000 ]---
00014 ------------[ cut here ]------------
00014 WARNING: /home/ktest/git/linux/include/linux/fs.h:889 at osd_create+0x9cf/0xcf0 [osd_wbcfs], CPU#9: ll_mgs_0000/1905
00014 Modules linked in: ofd(O) osp(O) mdd(O) lod(O) mdt(O) lquota(O) lfsck(O) mgs(O) osd_wbcfs(O) lustre(O) obdecho(O) mgc(O) mdc(O) lov(O) osc(O) lmv(O) ec(O) fid(O) fld(O) ptlrpc(O) efivarfs obdclass(O) ksocklnd(O) lnet(O) libcfs(O)
00014 CPU: 9 UID: 0 PID: 1905 Comm: ll_mgs_0000 Tainted: G        W  O        7.0.0-ktest-2b8c50a-6330a45-20260806-dirty #1 PREEMPT 
00014 Tainted: [W]=WARN, [O]=OOT_MODULE
00014 Hardware name: QEMU Standard PC (Q35 + ICH9, 2009), BIOS 2025.11-3ubuntu7 03/31/2026
00014 RIP: 0010:osd_create+0x9cf/0xcf0 [osd_wbcfs]
00014 Code: c7 c7 00 c6 7b a1 48 c7 c6 a0 42 7d a1 48 c7 c2 00 4c 7d a1 e8 82 dd 43 ff 48 c7 c7 00 c6 7b a1 e8 c6 6a 44 ff e9 fe fc ff ff <0f> 0b e9 a5 fa ff ff 48 c7 c1 80 44 5d a0 80 e1 07 80 c1 03 38 c1
00014 RSP: 0018:ffffc90001bc7700 EFLAGS: 00010246
00014 RAX: 0000000000000000 RBX: ffff888191d70800 RCX: 0000000000000046
00014 RDX: 0000000000000000 RSI: ffff8881aa1d1818 RDI: ffff88818d514b68
00014 RBP: ffff8881aa1d1788 R08: ffffffff83a16803 R09: 1ffffffff0742d00
00014 R10: dffffc0000000000 R11: fffffbfff0742d01 R12: ffff88813c8b9c00
00014 R13: dffffc0000000000 R14: 1ffff110323ae100 R15: 1ffff1102791738f
00014 FS:  0000000000000000(0000) GS:ffff88831e8aa000(0000) knlGS:0000000000000000
00014 CS:  0010 DS: 0000 ES: 0000 CR0: 0000000080050033
00014 CR2: 00007fd8a59e6194 CR3: 0000000004274000 CR4: 0000000000750eb0
00014 PKRU: 55555554
00014 Call Trace:
00014  <TASK>
00014  ? local_object_create+0x109/0x640 [obdclass]
00014  ? dt_write_lock+0x16d/0x2a0 [obdclass]
00014  ? llog_osd_create+0x356/0x1140 [obdclass]
00014  ? llog_create+0x2ed/0x530 [obdclass]
00014  ? llog_open_create+0x5af/0xb10 [obdclass]
00014  ? record_start_log+0x348/0xa40 [mgs]
00014  ? mgs_write_log_target+0x16f2/0x6ab0 [mgs]
00014  ? mgs_target_reg+0x254e/0x4480 [mgs]
00014  ? tgt_request_handle+0x23ad/0x3d30 [ptlrpc]
00014  ? ptlrpc_main+0x6359/0x96f0 [ptlrpc]
00014  ? __kthread_parkme+0x73/0x130
00014  ? kthread+0x2cd/0x3a0
00014  ? ptlrpc_start_thread+0x1f10/0x1f10 [ptlrpc]
00014  ? kthread_unuse_mm+0x130/0x130
00014  ? ret_from_fork+0x18c/0x520
00014  ? kthread_unuse_mm+0x130/0x130
00014  ? ret_from_fork_asm+0x11/0x20
00014  </TASK>
00014 ---[ end trace 0000000000000000 ]---
00014 ------------[ cut here ]------------
00014 WARNING: /home/ktest/git/linux/include/linux/fs.h:889 at osd_create+0x9cf/0xcf0 [osd_wbcfs], CPU#10: llog_process_th/1974
00014 Modules linked in: ofd(O) osp(O) mdd(O) lod(O) mdt(O) lquota(O) lfsck(O) mgs(O) osd_wbcfs(O) lustre(O) obdecho(O) mgc(O) mdc(O) lov(O) osc(O) lmv(O) ec(O) fid(O) fld(O) ptlrpc(O) efivarfs obdclass(O) ksocklnd(O) lnet(O) libcfs(O)
00014 CPU: 10 UID: 0 PID: 1974 Comm: llog_process_th Tainted: G        W  O        7.0.0-ktest-2b8c50a-6330a45-20260806-dirty #1 PREEMPT 
00014 Tainted: [W]=WARN, [O]=OOT_MODULE
00014 Hardware name: QEMU Standard PC (Q35 + ICH9, 2009), BIOS 2025.11-3ubuntu7 03/31/2026
00014 RIP: 0010:osd_create+0x9cf/0xcf0 [osd_wbcfs]
00014 Code: c7 c7 00 c6 7b a1 48 c7 c6 a0 42 7d a1 48 c7 c2 00 4c 7d a1 e8 82 dd 43 ff 48 c7 c7 00 c6 7b a1 e8 c6 6a 44 ff e9 fe fc ff ff <0f> 0b e9 a5 fa ff ff 48 c7 c1 80 44 5d a0 80 e1 07 80 c1 03 38 c1
00014 RSP: 0018:ffffc900021e7618 EFLAGS: 00010246
00014 RAX: 0000000000000000 RBX: ffff88811ec22400 RCX: 0000000000000046
00014 RDX: 0000000000000000 RSI: ffff88819f8b57f0 RDI: ffff888138810998
00014 RBP: ffff88819f8b5760 R08: ffffffff83a16803 R09: 1ffffffff0742d00
00014 R10: dffffc0000000000 R11: fffffbfff0742d01 R12: ffffc900021e7788
00014 R13: dffffc0000000000 R14: 1ffff11023d84480 R15: 1ffff9200043cefe
00014 FS:  0000000000000000(0000) GS:ffff88831e92a000(0000) knlGS:0000000000000000
00014 CS:  0010 DS: 0000 ES: 0000 CR0: 0000000080050033
00014 CR2: 00005603f26e5840 CR3: 0000000197f8d000 CR4: 0000000000750eb0
00014 PKRU: 55555554
00014 Call Trace:
00014  <TASK>
00014  ? dt_find_or_create+0x81a/0x1170 [obdclass]
00014  ? tgt_init+0xb72/0x2a60 [ptlrpc]
00014  ? ofd_device_alloc+0x1d4b/0x3600 [ofd]
00014  ? obd_setup+0x25c/0x960 [obdclass]
00014  ? class_setup+0xc7d/0x10e0 [obdclass]
00014  ? class_process_config+0x2edb/0x7cb0 [obdclass]
00014  ? __kasan_kmalloc+0x72/0x80
00014  ? class_config_llog_handler+0x2954/0x4f80 [obdclass]
00014  ? class_config_llog_handler+0x2cea/0x4f80 [obdclass]
00014  ? lustre_cfg_rec_free+0x350/0x350 [obdclass]
00014  ? llog_process_thread+0x1fd2/0x4f70 [obdclass]
00014  ? _raw_spin_unlock+0x23/0x40
00014  ? llog_process_thread_daemonize+0x16d/0x1b0 [obdclass]
00014  ? kthread+0x2cd/0x3a0
00014  ? llog_process_or_fork+0xc90/0xc90 [obdclass]
00014  ? kthread_unuse_mm+0x130/0x130
00014  ? ret_from_fork+0x18c/0x520
00014  ? kthread_unuse_mm+0x130/0x130
00014  ? ret_from_fork_asm+0x11/0x20
00014  </TASK>
00014 ---[ end trace 0000000000000000 ]---
00014 ------------[ cut here ]------------
00014 WARNING: /home/ktest/git/linux/include/linux/fs.h:889 at osd_create+0x9cf/0xcf0 [osd_wbcfs], CPU#10: llog_process_th/1974
00014 Modules linked in: ofd(O) osp(O) mdd(O) lod(O) mdt(O) lquota(O) lfsck(O) mgs(O) osd_wbcfs(O) lustre(O) obdecho(O) mgc(O) mdc(O) lov(O) osc(O) lmv(O) ec(O) fid(O) fld(O) ptlrpc(O) efivarfs obdclass(O) ksocklnd(O) lnet(O) libcfs(O)
00014 CPU: 10 UID: 0 PID: 1974 Comm: llog_process_th Tainted: G        W  O        7.0.0-ktest-2b8c50a-6330a45-20260806-dirty #1 PREEMPT 
00014 Tainted: [W]=WARN, [O]=OOT_MODULE
00014 Hardware name: QEMU Standard PC (Q35 + ICH9, 2009), BIOS 2025.11-3ubuntu7 03/31/2026
00014 RIP: 0010:osd_create+0x9cf/0xcf0 [osd_wbcfs]
00014 Code: c7 c7 00 c6 7b a1 48 c7 c6 a0 42 7d a1 48 c7 c2 00 4c 7d a1 e8 82 dd 43 ff 48 c7 c7 00 c6 7b a1 e8 c6 6a 44 ff e9 fe fc ff ff <0f> 0b e9 a5 fa ff ff 48 c7 c1 80 44 5d a0 80 e1 07 80 c1 03 38 c1
00014 RSP: 0018:ffffc900021e74f0 EFLAGS: 00010246
00014 RAX: 0000000000000000 RBX: ffff88811ec25800 RCX: 0000000000000046
00014 RDX: 0000000000000000 RSI: ffff88819f8b50d8 RDI: ffff888138810998
00014 RBP: ffff88819f8b5048 R08: ffffffff83a16803 R09: 1ffffffff0742d00
00014 R10: dffffc0000000000 R11: fffffbfff0742d01 R12: ffffc900021e75f0
00014 R13: dffffc0000000000 R14: 1ffff11023d84b00 R15: 1ffff9200043cebc
00014 FS:  0000000000000000(0000) GS:ffff88831e92a000(0000) knlGS:0000000000000000
00014 CS:  0010 DS: 0000 ES: 0000 CR0: 0000000080050033
00014 CR2: 00005603f26e5840 CR3: 0000000197f8d000 CR4: 0000000000750eb0
00014 PKRU: 55555554
00014 Call Trace:
00014  <TASK>
00014  ? dt_find_or_create+0x81a/0x1170 [obdclass]
00014  ? seq_store_init+0x155/0x360 [fid]
00014  ? seq_server_init+0x290/0xba0 [fid]
00014  ? ofd_fid_init+0x41c/0xf80 [ofd]
00014  ? ofd_seqs_init+0xb6/0x1370 [ofd]
00014  ? ofd_fs_setup+0x13c/0xdd0 [ofd]
00014  ? ofd_device_alloc+0x1f64/0x3600 [ofd]
00014  ? obd_setup+0x25c/0x960 [obdclass]
00014  ? class_setup+0xc7d/0x10e0 [obdclass]
00014  ? class_process_config+0x2edb/0x7cb0 [obdclass]
00014  ? __kasan_kmalloc+0x72/0x80
00014  ? class_config_llog_handler+0x2954/0x4f80 [obdclass]
00014  ? class_config_llog_handler+0x2cea/0x4f80 [obdclass]
00014  ? lustre_cfg_rec_free+0x350/0x350 [obdclass]
00014  ? llog_process_thread+0x1fd2/0x4f70 [obdclass]
00014  ? _raw_spin_unlock+0x23/0x40
00014  ? llog_process_thread_daemonize+0x16d/0x1b0 [obdclass]
00014  ? kthread+0x2cd/0x3a0
00014  ? llog_process_or_fork+0xc90/0xc90 [obdclass]
00014  ? kthread_unuse_mm+0x130/0x130
00014  ? ret_from_fork+0x18c/0x520
00014  ? kthread_unuse_mm+0x130/0x130
00014  ? ret_from_fork_asm+0x11/0x20
00014  </TASK>
00014 ---[ end trace 0000000000000000 ]---
00014 ------------[ cut here ]------------
00014 WARNING: /home/ktest/git/linux/include/linux/fs.h:889 at osd_create+0x9cf/0xcf0 [osd_wbcfs], CPU#10: llog_process_th/1974
00014 Modules linked in: ofd(O) osp(O) mdd(O) lod(O) mdt(O) lquota(O) lfsck(O) mgs(O) osd_wbcfs(O) lustre(O) obdecho(O) mgc(O) mdc(O) lov(O) osc(O) lmv(O) ec(O) fid(O) fld(O) ptlrpc(O) efivarfs obdclass(O) ksocklnd(O) lnet(O) libcfs(O)
00014 CPU: 10 UID: 0 PID: 1974 Comm: llog_process_th Tainted: G        W  O        7.0.0-ktest-2b8c50a-6330a45-20260806-dirty #1 PREEMPT 
00014 Tainted: [W]=WARN, [O]=OOT_MODULE
00014 Hardware name: QEMU Standard PC (Q35 + ICH9, 2009), BIOS 2025.11-3ubuntu7 03/31/2026
00014 RIP: 0010:osd_create+0x9cf/0xcf0 [osd_wbcfs]
00014 Code: c7 c7 00 c6 7b a1 48 c7 c6 a0 42 7d a1 48 c7 c2 00 4c 7d a1 e8 82 dd 43 ff 48 c7 c7 00 c6 7b a1 e8 c6 6a 44 ff e9 fe fc ff ff <0f> 0b e9 a5 fa ff ff 48 c7 c1 80 44 5d a0 80 e1 07 80 c1 03 38 c1
00014 RSP: 0018:ffffc900021e7530 EFLAGS: 00010246
00014 RAX: 0000000000000000 RBX: ffff88811ec21800 RCX: 0000000000000046
00014 RDX: ffffffff84c44d40 RSI: ffff88819f8b49c0 RDI: ffff888138810998
00014 RBP: ffff88819f8b4930 R08: 0000000000000001 R09: 0000000000000000
00014 R10: dffffc0000000000 R11: ffffed1033f1691b R12: ffff8881376c4e00
00014 R13: dffffc0000000000 R14: 1ffff11023d84300 R15: 1ffff9200043cedb
00014 FS:  0000000000000000(0000) GS:ffff88831e92a000(0000) knlGS:0000000000000000
00014 CS:  0010 DS: 0000 ES: 0000 CR0: 0000000080050033
00014 CR2: 00005603f26e5840 CR3: 0000000197f8d000 CR4: 0000000000750eb0
00014 PKRU: 55555554
00014 Call Trace:
00014  <TASK>
00014  ? dt_find_or_create+0x81a/0x1170 [obdclass]
00014  ? fld_index_init+0x404/0x1610 [fld]
00014  ? is_module_address+0x1b/0x70
00014  ? is_module_address+0x5e/0x70
00014  ? __asan_memset+0x22/0x40
00014  ? fld_server_init+0x1d7/0x580 [fld]
00014  ? ofd_seqs_init+0x430/0x1370 [ofd]
00014  ? ofd_fs_setup+0x13c/0xdd0 [ofd]
00014  ? ofd_device_alloc+0x1f64/0x3600 [ofd]
00014  ? obd_setup+0x25c/0x960 [obdclass]
00014  ? class_setup+0xc7d/0x10e0 [obdclass]
00014  ? class_process_config+0x2edb/0x7cb0 [obdclass]
00014  ? __kasan_kmalloc+0x72/0x80
00014  ? class_config_llog_handler+0x2954/0x4f80 [obdclass]
00014  ? class_config_llog_handler+0x2cea/0x4f80 [obdclass]
00014  ? lustre_cfg_rec_free+0x350/0x350 [obdclass]
00014  ? llog_process_thread+0x1fd2/0x4f70 [obdclass]
00014  ? _raw_spin_unlock+0x23/0x40
00014  ? llog_process_thread_daemonize+0x16d/0x1b0 [obdclass]
00014  ? kthread+0x2cd/0x3a0
00014  ? llog_process_or_fork+0xc90/0xc90 [obdclass]
00014  ? kthread_unuse_mm+0x130/0x130
00014  ? ret_from_fork+0x18c/0x520
00014  ? kthread_unuse_mm+0x130/0x130
00014  ? ret_from_fork_asm+0x11/0x20
00014  </TASK>
00014 ---[ end trace 0000000000000000 ]---
00014 ------------[ cut here ]------------
00014 WARNING: /home/ktest/git/linux/include/linux/fs.h:889 at osd_create+0x9cf/0xcf0 [osd_wbcfs], CPU#10: llog_process_th/1974
00014 Modules linked in: ofd(O) osp(O) mdd(O) lod(O) mdt(O) lquota(O) lfsck(O) mgs(O) osd_wbcfs(O) lustre(O) obdecho(O) mgc(O) mdc(O) lov(O) osc(O) lmv(O) ec(O) fid(O) fld(O) ptlrpc(O) efivarfs obdclass(O) ksocklnd(O) lnet(O) libcfs(O)
00014 CPU: 10 UID: 0 PID: 1974 Comm: llog_process_th Tainted: G        W  O        7.0.0-ktest-2b8c50a-6330a45-20260806-dirty #1 PREEMPT 
00014 Tainted: [W]=WARN, [O]=OOT_MODULE
00014 Hardware name: QEMU Standard PC (Q35 + ICH9, 2009), BIOS 2025.11-3ubuntu7 03/31/2026
00014 RIP: 0010:osd_create+0x9cf/0xcf0 [osd_wbcfs]
00014 Code: c7 c7 00 c6 7b a1 48 c7 c6 a0 42 7d a1 48 c7 c2 00 4c 7d a1 e8 82 dd 43 ff 48 c7 c7 00 c6 7b a1 e8 c6 6a 44 ff e9 fe fc ff ff <0f> 0b e9 a5 fa ff ff 48 c7 c1 80 44 5d a0 80 e1 07 80 c1 03 38 c1
00014 RSP: 0018:ffffc900021e76e0 EFLAGS: 00010246
00014 RAX: 0000000000000000 RBX: ffff88811ec20800 RCX: 0000000000000046
00014 RDX: 0000000000000000 RSI: ffff88819f8b42a8 RDI: ffff888138810998
00014 RBP: ffff88819f8b4218 R08: ffffffff83a16803 R09: 1ffffffff0742d00
00014 R10: dffffc0000000000 R11: fffffbfff0742d01 R12: ffff8881b4baa030
00014 R13: dffffc0000000000 R14: 1ffff11023d84100 R15: 1ffff11036975442
00014 FS:  0000000000000000(0000) GS:ffff88831e92a000(0000) knlGS:0000000000000000
00014 CS:  0010 DS: 0000 ES: 0000 CR0: 0000000080050033
00014 CR2: 00005603f26e5840 CR3: 0000000197f8d000 CR4: 0000000000750eb0
00014 PKRU: 55555554
00014 Call Trace:
00014  <TASK>
00014  ? dt_find_or_create+0x81a/0x1170 [obdclass]
00014  ? ofd_fs_setup+0x42c/0xdd0 [ofd]
00014  ? ofd_device_alloc+0x1f64/0x3600 [ofd]
00014  ? obd_setup+0x25c/0x960 [obdclass]
00014  ? class_setup+0xc7d/0x10e0 [obdclass]
00014  ? class_process_config+0x2edb/0x7cb0 [obdclass]
00014  ? __kasan_kmalloc+0x72/0x80
00014  ? class_config_llog_handler+0x2954/0x4f80 [obdclass]
00014  ? class_config_llog_handler+0x2cea/0x4f80 [obdclass]
00014  ? lustre_cfg_rec_free+0x350/0x350 [obdclass]
00014  ? llog_process_thread+0x1fd2/0x4f70 [obdclass]
00014  ? _raw_spin_unlock+0x23/0x40
00014  ? llog_process_thread_daemonize+0x16d/0x1b0 [obdclass]
00014  ? kthread+0x2cd/0x3a0
00014  ? llog_process_or_fork+0xc90/0xc90 [obdclass]
00014  ? kthread_unuse_mm+0x130/0x130
00014  ? ret_from_fork+0x18c/0x520
00014  ? kthread_unuse_mm+0x130/0x130
00014  ? ret_from_fork_asm+0x11/0x20
00014  </TASK>
00014 ---[ end trace 0000000000000000 ]---
00014 ------------[ cut here ]------------
00014 WARNING: /home/ktest/git/linux/include/linux/fs.h:889 at osd_create+0x9cf/0xcf0 [osd_wbcfs], CPU#10: llog_process_th/1974
00014 Modules linked in: ofd(O) osp(O) mdd(O) lod(O) mdt(O) lquota(O) lfsck(O) mgs(O) osd_wbcfs(O) lustre(O) obdecho(O) mgc(O) mdc(O) lov(O) osc(O) lmv(O) ec(O) fid(O) fld(O) ptlrpc(O) efivarfs obdclass(O) ksocklnd(O) lnet(O) libcfs(O)
00014 CPU: 10 UID: 0 PID: 1974 Comm: llog_process_th Tainted: G        W  O        7.0.0-ktest-2b8c50a-6330a45-20260806-dirty #1 PREEMPT 
00014 Tainted: [W]=WARN, [O]=OOT_MODULE
00014 Hardware name: QEMU Standard PC (Q35 + ICH9, 2009), BIOS 2025.11-3ubuntu7 03/31/2026
00014 RIP: 0010:osd_create+0x9cf/0xcf0 [osd_wbcfs]
00014 Code: c7 c7 00 c6 7b a1 48 c7 c6 a0 42 7d a1 48 c7 c2 00 4c 7d a1 e8 82 dd 43 ff 48 c7 c7 00 c6 7b a1 e8 c6 6a 44 ff e9 fe fc ff ff <0f> 0b e9 a5 fa ff ff 48 c7 c1 80 44 5d a0 80 e1 07 80 c1 03 38 c1
00014 RSP: 0018:ffffc900021e76e0 EFLAGS: 00010246
00014 RAX: 0000000000000000 RBX: ffff88813966d400 RCX: 0000000000000046
00014 RDX: 0000000000000000 RSI: ffff88819f8b3b90 RDI: ffff888138810998
00014 RBP: ffff88819f8b3b00 R08: ffffffff83a16803 R09: 1ffffffff0742d00
00014 R10: dffffc0000000000 R11: fffffbfff0742d01 R12: ffff8881b4baa030
00014 R13: dffffc0000000000 R14: 1ffff110272cda80 R15: 1ffff11036975442
00014 FS:  0000000000000000(0000) GS:ffff88831e92a000(0000) knlGS:0000000000000000
00014 CS:  0010 DS: 0000 ES: 0000 CR0: 0000000080050033
00014 CR2: 00005603f26e5840 CR3: 0000000197f8d000 CR4: 0000000000750eb0
00014 PKRU: 55555554
00014 Call Trace:
00014  <TASK>
00014  ? dt_find_or_create+0x81a/0x1170 [obdclass]
00014  ? ofd_fs_setup+0x57f/0xdd0 [ofd]
00014  ? ofd_device_alloc+0x1f64/0x3600 [ofd]
00014  ? obd_setup+0x25c/0x960 [obdclass]
00014  ? class_setup+0xc7d/0x10e0 [obdclass]
00014  ? class_process_config+0x2edb/0x7cb0 [obdclass]
00014  ? __kasan_kmalloc+0x72/0x80
00014  ? class_config_llog_handler+0x2954/0x4f80 [obdclass]
00014  ? class_config_llog_handler+0x2cea/0x4f80 [obdclass]
00014  ? lustre_cfg_rec_free+0x350/0x350 [obdclass]
00014  ? llog_process_thread+0x1fd2/0x4f70 [obdclass]
00014  ? _raw_spin_unlock+0x23/0x40
00014  ? llog_process_thread_daemonize+0x16d/0x1b0 [obdclass]
00014  ? kthread+0x2cd/0x3a0
00014  ? llog_process_or_fork+0xc90/0xc90 [obdclass]
00014  ? kthread_unuse_mm+0x130/0x130
00014  ? ret_from_fork+0x18c/0x520
00014  ? kthread_unuse_mm+0x130/0x130
00014  ? ret_from_fork_asm+0x11/0x20
00014  </TASK>
00014 ---[ end trace 0000000000000000 ]---
00014 ------------[ cut here ]------------
00014 WARNING: /home/ktest/git/linux/include/linux/fs.h:889 at osd_create+0x9cf/0xcf0 [osd_wbcfs], CPU#10: llog_process_th/1974
00014 Modules linked in: ofd(O) osp(O) mdd(O) lod(O) mdt(O) lquota(O) lfsck(O) mgs(O) osd_wbcfs(O) lustre(O) obdecho(O) mgc(O) mdc(O) lov(O) osc(O) lmv(O) ec(O) fid(O) fld(O) ptlrpc(O) efivarfs obdclass(O) ksocklnd(O) lnet(O) libcfs(O)
00014 CPU: 10 UID: 0 PID: 1974 Comm: llog_process_th Tainted: G        W  O        7.0.0-ktest-2b8c50a-6330a45-20260806-dirty #1 PREEMPT 
00014 Tainted: [W]=WARN, [O]=OOT_MODULE
00014 Hardware name: QEMU Standard PC (Q35 + ICH9, 2009), BIOS 2025.11-3ubuntu7 03/31/2026
00014 RIP: 0010:osd_create+0x9cf/0xcf0 [osd_wbcfs]
00014 Code: c7 c7 00 c6 7b a1 48 c7 c6 a0 42 7d a1 48 c7 c2 00 4c 7d a1 e8 82 dd 43 ff 48 c7 c7 00 c6 7b a1 e8 c6 6a 44 ff e9 fe fc ff ff <0f> 0b e9 a5 fa ff ff 48 c7 c1 80 44 5d a0 80 e1 07 80 c1 03 38 c1
00014 RSP: 0018:ffffc900021e74a8 EFLAGS: 00010246
00014 RAX: 0000000000000000 RBX: ffff88813966c800 RCX: 0000000000000046
00014 RDX: ffffffff84c44d40 RSI: ffff88819f8b3478 RDI: ffff888138810998
00014 RBP: ffff88819f8b33e8 R08: 0000000000000001 R09: 0000000000000000
00014 R10: dffffc0000000000 R11: ffffed1033f16672 R12: ffff88813685d418
00014 R13: dffffc0000000000 R14: 1ffff110272cd900 R15: 1ffff11026d0ba92
00014 FS:  0000000000000000(0000) GS:ffff88831e92a000(0000) knlGS:0000000000000000
00014 CS:  0010 DS: 0000 ES: 0000 CR0: 0000000080050033
00014 CR2: 00005603f26e5840 CR3: 0000000197f8d000 CR4: 0000000000750eb0
00014 PKRU: 55555554
00014 Call Trace:
00014  <TASK>
00014  ? local_object_create+0x109/0x640 [obdclass]
00014  ? dt_write_lock+0x16d/0x2a0 [obdclass]
00014  ? __local_file_create+0xce4/0x1bc0 [obdclass]
00014  ? local_index_find_or_create+0x1dc/0x2c0 [obdclass]
00014  ? nodemap_cache_find_create+0x4f9/0xe80 [ptlrpc]
00014  ? nodemap_save_config_cache+0x123/0x19b0 [ptlrpc]
00014  ? nm_config_file_register_tgt+0x19b/0x860 [ptlrpc]
00014  ? nm_config_file_register_tgt+0x1a9/0x860 [ptlrpc]
00014  ? ofd_device_alloc+0x213d/0x3600 [ofd]
00014  ? obd_setup+0x25c/0x960 [obdclass]
00014  ? class_setup+0xc7d/0x10e0 [obdclass]
00014  ? class_process_config+0x2edb/0x7cb0 [obdclass]
00014  ? __kasan_kmalloc+0x72/0x80
00014  ? class_config_llog_handler+0x2954/0x4f80 [obdclass]
00014  ? class_config_llog_handler+0x2cea/0x4f80 [obdclass]
00014  ? lustre_cfg_rec_free+0x350/0x350 [obdclass]
00014  ? llog_process_thread+0x1fd2/0x4f70 [obdclass]
00014  ? _raw_spin_unlock+0x23/0x40
00014  ? llog_process_thread_daemonize+0x16d/0x1b0 [obdclass]
00014  ? kthread+0x2cd/0x3a0
00014  ? llog_process_or_fork+0xc90/0xc90 [obdclass]
00014  ? kthread_unuse_mm+0x130/0x130
00014  ? ret_from_fork+0x18c/0x520
00014  ? kthread_unuse_mm+0x130/0x130
00014  ? ret_from_fork_asm+0x11/0x20
00014  </TASK>
00014 ---[ end trace 0000000000000000 ]---
00014 ------------[ cut here ]------------
00014 WARNING: /home/ktest/git/linux/include/linux/fs.h:889 at osd_create+0x9cf/0xcf0 [osd_wbcfs], CPU#9: ll_mgs_0002/1907
00014 Modules linked in: ofd(O) osp(O) mdd(O) lod(O) mdt(O) lquota(O) lfsck(O) mgs(O) osd_wbcfs(O) lustre(O) obdecho(O) mgc(O) mdc(O) lov(O) osc(O) lmv(O) ec(O) fid(O) fld(O) ptlrpc(O) efivarfs obdclass(O) ksocklnd(O) lnet(O) libcfs(O)
00014 CPU: 9 UID: 0 PID: 1907 Comm: ll_mgs_0002 Tainted: G        W  O        7.0.0-ktest-2b8c50a-6330a45-20260806-dirty #1 PREEMPT 
00014 Tainted: [W]=WARN, [O]=OOT_MODULE
00014 Hardware name: QEMU Standard PC (Q35 + ICH9, 2009), BIOS 2025.11-3ubuntu7 03/31/2026
00014 RIP: 0010:osd_create+0x9cf/0xcf0 [osd_wbcfs]
00014 Code: c7 c7 00 c6 7b a1 48 c7 c6 a0 42 7d a1 48 c7 c2 00 4c 7d a1 e8 82 dd 43 ff 48 c7 c7 00 c6 7b a1 e8 c6 6a 44 ff e9 fe fc ff ff <0f> 0b e9 a5 fa ff ff 48 c7 c1 80 44 5d a0 80 e1 07 80 c1 03 38 c1
00014 RSP: 0018:ffffc90001be7700 EFLAGS: 00010246
00014 RAX: 0000000000000000 RBX: ffff888138c86400 RCX: 0000000000000046
00014 RDX: 0000000000000000 RSI: ffff8881aa1d1100 RDI: ffff88818020cb68
00014 RBP: ffff8881aa1d1070 R08: ffffffff83a16803 R09: 1ffffffff0742d00
00014 R10: dffffc0000000000 R11: fffffbfff0742d01 R12: ffff888140e53400
00014 R13: dffffc0000000000 R14: 1ffff11027190c80 R15: 1ffff110281ca68f
00014 FS:  0000000000000000(0000) GS:ffff88831e8aa000(0000) knlGS:0000000000000000
00014 CS:  0010 DS: 0000 ES: 0000 CR0: 0000000080050033
00014 CR2: 00007fd8a59e6194 CR3: 0000000004274000 CR4: 0000000000750eb0
00014 PKRU: 55555554
00014 Call Trace:
00014  <TASK>
00014  ? local_object_create+0x109/0x640 [obdclass]
00014  ? dt_write_lock+0x16d/0x2a0 [obdclass]
00014  ? llog_osd_create+0x356/0x1140 [obdclass]
00014  ? llog_create+0x2ed/0x530 [obdclass]
00014  ? llog_open_create+0x5af/0xb10 [obdclass]
00014  ? record_start_log+0x348/0xa40 [mgs]
00014  ? mgs_write_log_target+0x16f2/0x6ab0 [mgs]
00014  ? mgs_target_reg+0x254e/0x4480 [mgs]
00014  ? tgt_request_handle+0x23ad/0x3d30 [ptlrpc]
00014  ? ptlrpc_main+0x6359/0x96f0 [ptlrpc]
00014  ? __kthread_parkme+0x73/0x130
00014  ? kthread+0x2cd/0x3a0
00014  ? ptlrpc_start_thread+0x1f10/0x1f10 [ptlrpc]
00014  ? kthread_unuse_mm+0x130/0x130
00014  ? ret_from_fork+0x18c/0x520
00014  ? kthread_unuse_mm+0x130/0x130
00014  ? ret_from_fork_asm+0x11/0x20
00014  </TASK>
00014 ---[ end trace 0000000000000000 ]---
00014 ------------[ cut here ]------------
00014 WARNING: /home/ktest/git/linux/include/linux/fs.h:889 at osd_create+0x9cf/0xcf0 [osd_wbcfs], CPU#14: llog_process_th/1981
00014 Modules linked in: ofd(O) osp(O) mdd(O) lod(O) mdt(O) lquota(O) lfsck(O) mgs(O) osd_wbcfs(O) lustre(O) obdecho(O) mgc(O) mdc(O) lov(O) osc(O) lmv(O) ec(O) fid(O) fld(O) ptlrpc(O) efivarfs obdclass(O) ksocklnd(O) lnet(O) libcfs(O)
00014 CPU: 14 UID: 0 PID: 1981 Comm: llog_process_th Tainted: G        W  O        7.0.0-ktest-2b8c50a-6330a45-20260806-dirty #1 PREEMPT 
00014 Tainted: [W]=WARN, [O]=OOT_MODULE
00014 Hardware name: QEMU Standard PC (Q35 + ICH9, 2009), BIOS 2025.11-3ubuntu7 03/31/2026
00014 RIP: 0010:osd_create+0x9cf/0xcf0 [osd_wbcfs]
00014 Code: c7 c7 00 c6 7b a1 48 c7 c6 a0 42 7d a1 48 c7 c2 00 4c 7d a1 e8 82 dd 43 ff 48 c7 c7 00 c6 7b a1 e8 c6 6a 44 ff e9 fe fc ff ff <0f> 0b e9 a5 fa ff ff 48 c7 c1 80 44 5d a0 80 e1 07 80 c1 03 38 c1
00014 RSP: 0018:ffffc9000857f618 EFLAGS: 00010246
00014 RAX: 0000000000000000 RBX: ffff888139766800 RCX: 0000000000000046
00014 RDX: 0000000000000000 RSI: ffff8881b5232648 RDI: ffff88817f7b0998
00014 RBP: ffff8881b52325b8 R08: ffffffff83a16803 R09: 1ffffffff0742d00
00014 R10: dffffc0000000000 R11: fffffbfff0742d01 R12: ffffc9000857f788
00014 R13: dffffc0000000000 R14: 1ffff110272ecd00 R15: 1ffff920010afefe
00014 FS:  0000000000000000(0000) GS:ffff88831eb2a000(0000) knlGS:0000000000000000
00014 CS:  0010 DS: 0000 ES: 0000 CR0: 0000000080050033
00014 CR2: 00007f0468eee200 CR3: 0000000004274000 CR4: 0000000000750eb0
00014 PKRU: 55555554
00014 Call Trace:
00014  <TASK>
00014  ? dt_find_or_create+0x81a/0x1170 [obdclass]
00014  ? tgt_init+0xb72/0x2a60 [ptlrpc]
00014  ? ofd_device_alloc+0x1d4b/0x3600 [ofd]
00014  ? obd_setup+0x25c/0x960 [obdclass]
00014  ? class_setup+0xc7d/0x10e0 [obdclass]
00014  ? class_process_config+0x2edb/0x7cb0 [obdclass]
00014  ? __kasan_kmalloc+0x72/0x80
00014  ? class_config_llog_handler+0x2954/0x4f80 [obdclass]
00014  ? class_config_llog_handler+0x2cea/0x4f80 [obdclass]
00014  ? lustre_cfg_rec_free+0x350/0x350 [obdclass]
00014  ? llog_process_thread+0x1fd2/0x4f70 [obdclass]
00014  ? _raw_spin_unlock+0x23/0x40
00014  ? llog_process_thread_daemonize+0x16d/0x1b0 [obdclass]
00014  ? kthread+0x2cd/0x3a0
00014  ? llog_process_or_fork+0xc90/0xc90 [obdclass]
00014  ? kthread_unuse_mm+0x130/0x130
00014  ? ret_from_fork+0x18c/0x520
00014  ? kthread_unuse_mm+0x130/0x130
00014  ? ret_from_fork_asm+0x11/0x20
00014  </TASK>
00014 ---[ end trace 0000000000000000 ]---
00014 ------------[ cut here ]------------
00014 WARNING: /home/ktest/git/linux/include/linux/fs.h:889 at osd_create+0x9cf/0xcf0 [osd_wbcfs], CPU#14: llog_process_th/1981
00014 Modules linked in: ofd(O) osp(O) mdd(O) lod(O) mdt(O) lquota(O) lfsck(O) mgs(O) osd_wbcfs(O) lustre(O) obdecho(O) mgc(O) mdc(O) lov(O) osc(O) lmv(O) ec(O) fid(O) fld(O) ptlrpc(O) efivarfs obdclass(O) ksocklnd(O) lnet(O) libcfs(O)
00014 CPU: 14 UID: 0 PID: 1981 Comm: llog_process_th Tainted: G        W  O        7.0.0-ktest-2b8c50a-6330a45-20260806-dirty #1 PREEMPT 
00014 Tainted: [W]=WARN, [O]=OOT_MODULE
00014 Hardware name: QEMU Standard PC (Q35 + ICH9, 2009), BIOS 2025.11-3ubuntu7 03/31/2026
00014 RIP: 0010:osd_create+0x9cf/0xcf0 [osd_wbcfs]
00014 Code: c7 c7 00 c6 7b a1 48 c7 c6 a0 42 7d a1 48 c7 c2 00 4c 7d a1 e8 82 dd 43 ff 48 c7 c7 00 c6 7b a1 e8 c6 6a 44 ff e9 fe fc ff ff <0f> 0b e9 a5 fa ff ff 48 c7 c1 80 44 5d a0 80 e1 07 80 c1 03 38 c1
00014 RSP: 0018:ffffc9000857f4f0 EFLAGS: 00010246
00014 RAX: 0000000000000000 RBX: ffff888139779000 RCX: 0000000000000046
00014 RDX: 0000000000000000 RSI: ffff8881b5231f30 RDI: ffff88817f7b0998
00014 RBP: ffff8881b5231ea0 R08: ffffffff83a16803 R09: 1ffffffff0742d00
00014 R10: dffffc0000000000 R11: fffffbfff0742d01 R12: ffffc9000857f5f0
00014 R13: dffffc0000000000 R14: 1ffff110272ef200 R15: 1ffff920010afebc
00014 FS:  0000000000000000(0000) GS:ffff88831eb2a000(0000) knlGS:0000000000000000
00014 CS:  0010 DS: 0000 ES: 0000 CR0: 0000000080050033
00014 CR2: 00007f0468eee200 CR3: 0000000004274000 CR4: 0000000000750eb0
00014 PKRU: 55555554
00014 Call Trace:
00014  <TASK>
00014  ? dt_find_or_create+0x81a/0x1170 [obdclass]
00014  ? seq_store_init+0x155/0x360 [fid]
00014  ? seq_server_init+0x290/0xba0 [fid]
00014  ? ofd_fid_init+0x41c/0xf80 [ofd]
00014  ? ofd_seqs_init+0xb6/0x1370 [ofd]
00014  ? ofd_fs_setup+0x13c/0xdd0 [ofd]
00014  ? ofd_device_alloc+0x1f64/0x3600 [ofd]
00014  ? obd_setup+0x25c/0x960 [obdclass]
00014  ? class_setup+0xc7d/0x10e0 [obdclass]
00014  ? class_process_config+0x2edb/0x7cb0 [obdclass]
00014  ? __kasan_kmalloc+0x72/0x80
00014  ? class_config_llog_handler+0x2954/0x4f80 [obdclass]
00014  ? class_config_llog_handler+0x2cea/0x4f80 [obdclass]
00014  ? lustre_cfg_rec_free+0x350/0x350 [obdclass]
00014  ? llog_process_thread+0x1fd2/0x4f70 [obdclass]
00014  ? _raw_spin_unlock+0x23/0x40
00014  ? llog_process_thread_daemonize+0x16d/0x1b0 [obdclass]
00014  ? kthread+0x2cd/0x3a0
00014  ? llog_process_or_fork+0xc90/0xc90 [obdclass]
00014  ? kthread_unuse_mm+0x130/0x130
00014  ? ret_from_fork+0x18c/0x520
00014  ? kthread_unuse_mm+0x130/0x130
00014  ? ret_from_fork_asm+0x11/0x20
00014  </TASK>
00014 ---[ end trace 0000000000000000 ]---
00014 ------------[ cut here ]------------
00014 WARNING: /home/ktest/git/linux/include/linux/fs.h:889 at osd_create+0x9cf/0xcf0 [osd_wbcfs], CPU#14: llog_process_th/1981
00014 Modules linked in: ofd(O) osp(O) mdd(O) lod(O) mdt(O) lquota(O) lfsck(O) mgs(O) osd_wbcfs(O) lustre(O) obdecho(O) mgc(O) mdc(O) lov(O) osc(O) lmv(O) ec(O) fid(O) fld(O) ptlrpc(O) efivarfs obdclass(O) ksocklnd(O) lnet(O) libcfs(O)
00014 CPU: 14 UID: 0 PID: 1981 Comm: llog_process_th Tainted: G        W  O        7.0.0-ktest-2b8c50a-6330a45-20260806-dirty #1 PREEMPT 
00014 Tainted: [W]=WARN, [O]=OOT_MODULE
00014 Hardware name: QEMU Standard PC (Q35 + ICH9, 2009), BIOS 2025.11-3ubuntu7 03/31/2026
00014 RIP: 0010:osd_create+0x9cf/0xcf0 [osd_wbcfs]
00014 Code: c7 c7 00 c6 7b a1 48 c7 c6 a0 42 7d a1 48 c7 c2 00 4c 7d a1 e8 82 dd 43 ff 48 c7 c7 00 c6 7b a1 e8 c6 6a 44 ff e9 fe fc ff ff <0f> 0b e9 a5 fa ff ff 48 c7 c1 80 44 5d a0 80 e1 07 80 c1 03 38 c1
00014 RSP: 0018:ffffc9000857f530 EFLAGS: 00010246
00014 RAX: 0000000000000000 RBX: ffff88813977e000 RCX: 0000000000000046
00014 RDX: ffffffff84c44d40 RSI: ffff8881b5231818 RDI: ffff88817f7b0998
00014 RBP: ffff8881b5231788 R08: 0000000000000001 R09: 0000000000000000
00014 R10: dffffc0000000000 R11: ffffed1036a462e6 R12: ffff88813bfd2a00
00014 R13: dffffc0000000000 R14: 1ffff110272efc00 R15: 1ffff920010afedb
00014 FS:  0000000000000000(0000) GS:ffff88831eb2a000(0000) knlGS:0000000000000000
00014 CS:  0010 DS: 0000 ES: 0000 CR0: 0000000080050033
00014 CR2: 00007f0468eee200 CR3: 0000000004274000 CR4: 0000000000750eb0
00014 PKRU: 55555554
00014 Call Trace:
00014  <TASK>
00014  ? dt_find_or_create+0x81a/0x1170 [obdclass]
00014  ? fld_index_init+0x404/0x1610 [fld]
00014  ? is_module_address+0x1b/0x70
00014  ? is_module_address+0x5e/0x70
00014  ? __asan_memset+0x22/0x40
00014  ? fld_server_init+0x1d7/0x580 [fld]
00014  ? ofd_seqs_init+0x430/0x1370 [ofd]
00014  ? ofd_fs_setup+0x13c/0xdd0 [ofd]
00014  ? ofd_device_alloc+0x1f64/0x3600 [ofd]
00014  ? obd_setup+0x25c/0x960 [obdclass]
00014  ? class_setup+0xc7d/0x10e0 [obdclass]
00014  ? class_process_config+0x2edb/0x7cb0 [obdclass]
00014  ? __kasan_kmalloc+0x72/0x80
00014  ? class_config_llog_handler+0x2954/0x4f80 [obdclass]
00014  ? class_config_llog_handler+0x2cea/0x4f80 [obdclass]
00014  ? lustre_cfg_rec_free+0x350/0x350 [obdclass]
00014  ? llog_process_thread+0x1fd2/0x4f70 [obdclass]
00014  ? _raw_spin_unlock+0x23/0x40
00014  ? llog_process_thread_daemonize+0x16d/0x1b0 [obdclass]
00014  ? kthread+0x2cd/0x3a0
00014  ? llog_process_or_fork+0xc90/0xc90 [obdclass]
00014  ? kthread_unuse_mm+0x130/0x130
00014  ? ret_from_fork+0x18c/0x520
00014  ? kthread_unuse_mm+0x130/0x130
00014  ? ret_from_fork_asm+0x11/0x20
00014  </TASK>
00014 ---[ end trace 0000000000000000 ]---
00014 ------------[ cut here ]------------
00014 WARNING: /home/ktest/git/linux/include/linux/fs.h:889 at osd_create+0x9cf/0xcf0 [osd_wbcfs], CPU#14: llog_process_th/1981
00014 Modules linked in: ofd(O) osp(O) mdd(O) lod(O) mdt(O) lquota(O) lfsck(O) mgs(O) osd_wbcfs(O) lustre(O) obdecho(O) mgc(O) mdc(O) lov(O) osc(O) lmv(O) ec(O) fid(O) fld(O) ptlrpc(O) efivarfs obdclass(O) ksocklnd(O) lnet(O) libcfs(O)
00014 CPU: 14 UID: 0 PID: 1981 Comm: llog_process_th Tainted: G        W  O        7.0.0-ktest-2b8c50a-6330a45-20260806-dirty #1 PREEMPT 
00014 Tainted: [W]=WARN, [O]=OOT_MODULE
00014 Hardware name: QEMU Standard PC (Q35 + ICH9, 2009), BIOS 2025.11-3ubuntu7 03/31/2026
00014 RIP: 0010:osd_create+0x9cf/0xcf0 [osd_wbcfs]
00014 Code: c7 c7 00 c6 7b a1 48 c7 c6 a0 42 7d a1 48 c7 c2 00 4c 7d a1 e8 82 dd 43 ff 48 c7 c7 00 c6 7b a1 e8 c6 6a 44 ff e9 fe fc ff ff <0f> 0b e9 a5 fa ff ff 48 c7 c1 80 44 5d a0 80 e1 07 80 c1 03 38 c1
00014 RSP: 0018:ffffc9000857f6e0 EFLAGS: 00010246
00014 RAX: 0000000000000000 RBX: ffff88813977d400 RCX: 0000000000000046
00014 RDX: 0000000000000000 RSI: ffff8881b5231100 RDI: ffff88817f7b0998
00014 RBP: ffff8881b5231070 R08: ffffffff83a16803 R09: 1ffffffff0742d00
00014 R10: dffffc0000000000 R11: fffffbfff0742d01 R12: ffff8881ac443830
00014 R13: dffffc0000000000 R14: 1ffff110272efa80 R15: 1ffff11035888742
00014 FS:  0000000000000000(0000) GS:ffff88831eb2a000(0000) knlGS:0000000000000000
00014 CS:  0010 DS: 0000 ES: 0000 CR0: 0000000080050033
00014 CR2: 00007f0468eee200 CR3: 0000000004274000 CR4: 0000000000750eb0
00014 PKRU: 55555554
00014 Call Trace:
00014  <TASK>
00014  ? dt_find_or_create+0x81a/0x1170 [obdclass]
00014  ? ofd_fs_setup+0x42c/0xdd0 [ofd]
00014  ? ofd_device_alloc+0x1f64/0x3600 [ofd]
00014  ? obd_setup+0x25c/0x960 [obdclass]
00014  ? class_setup+0xc7d/0x10e0 [obdclass]
00014  ? class_process_config+0x2edb/0x7cb0 [obdclass]
00014  ? __kasan_kmalloc+0x72/0x80
00014  ? class_config_llog_handler+0x2954/0x4f80 [obdclass]
00014  ? class_config_llog_handler+0x2cea/0x4f80 [obdclass]
00014  ? lustre_cfg_rec_free+0x350/0x350 [obdclass]
00014  ? llog_process_thread+0x1fd2/0x4f70 [obdclass]
00014  ? _raw_spin_unlock+0x23/0x40
00014  ? llog_process_thread_daemonize+0x16d/0x1b0 [obdclass]
00014  ? kthread+0x2cd/0x3a0
00014  ? llog_process_or_fork+0xc90/0xc90 [obdclass]
00014  ? kthread_unuse_mm+0x130/0x130
00014  ? ret_from_fork+0x18c/0x520
00014  ? kthread_unuse_mm+0x130/0x130
00014  ? ret_from_fork_asm+0x11/0x20
00014  </TASK>
00014 ---[ end trace 0000000000000000 ]---
00014 ------------[ cut here ]------------
00014 WARNING: /home/ktest/git/linux/include/linux/fs.h:889 at osd_create+0x9cf/0xcf0 [osd_wbcfs], CPU#14: llog_process_th/1981
00014 Modules linked in: ofd(O) osp(O) mdd(O) lod(O) mdt(O) lquota(O) lfsck(O) mgs(O) osd_wbcfs(O) lustre(O) obdecho(O) mgc(O) mdc(O) lov(O) osc(O) lmv(O) ec(O) fid(O) fld(O) ptlrpc(O) efivarfs obdclass(O) ksocklnd(O) lnet(O) libcfs(O)
00014 CPU: 14 UID: 0 PID: 1981 Comm: llog_process_th Tainted: G        W  O        7.0.0-ktest-2b8c50a-6330a45-20260806-dirty #1 PREEMPT 
00014 Tainted: [W]=WARN, [O]=OOT_MODULE
00014 Hardware name: QEMU Standard PC (Q35 + ICH9, 2009), BIOS 2025.11-3ubuntu7 03/31/2026
00014 RIP: 0010:osd_create+0x9cf/0xcf0 [osd_wbcfs]
00014 Code: c7 c7 00 c6 7b a1 48 c7 c6 a0 42 7d a1 48 c7 c2 00 4c 7d a1 e8 82 dd 43 ff 48 c7 c7 00 c6 7b a1 e8 c6 6a 44 ff e9 fe fc ff ff <0f> 0b e9 a5 fa ff ff 48 c7 c1 80 44 5d a0 80 e1 07 80 c1 03 38 c1
00014 RSP: 0018:ffffc9000857f6e0 EFLAGS: 00010246
00014 RAX: 0000000000000000 RBX: ffff88813977d000 RCX: 0000000000000046
00014 RDX: 0000000000000000 RSI: ffff8881b52309e8 RDI: ffff88817f7b0998
00014 RBP: ffff8881b5230958 R08: ffffffff83a16803 R09: 1ffffffff0742d00
00014 R10: dffffc0000000000 R11: fffffbfff0742d01 R12: ffff8881ac443830
00014 R13: dffffc0000000000 R14: 1ffff110272efa00 R15: 1ffff11035888742
00014 FS:  0000000000000000(0000) GS:ffff88831eb2a000(0000) knlGS:0000000000000000
00014 CS:  0010 DS: 0000 ES: 0000 CR0: 0000000080050033
00014 CR2: 00007f0468eee200 CR3: 0000000004274000 CR4: 0000000000750eb0
00014 PKRU: 55555554
00014 Call Trace:
00014  <TASK>
00014  ? dt_find_or_create+0x81a/0x1170 [obdclass]
00014  ? ofd_fs_setup+0x57f/0xdd0 [ofd]
00014  ? ofd_device_alloc+0x1f64/0x3600 [ofd]
00014  ? obd_setup+0x25c/0x960 [obdclass]
00014  ? class_setup+0xc7d/0x10e0 [obdclass]
00014  ? class_process_config+0x2edb/0x7cb0 [obdclass]
00014  ? __kasan_kmalloc+0x72/0x80
00014  ? class_config_llog_handler+0x2954/0x4f80 [obdclass]
00014  ? class_config_llog_handler+0x2cea/0x4f80 [obdclass]
00014  ? lustre_cfg_rec_free+0x350/0x350 [obdclass]
00014  ? llog_process_thread+0x1fd2/0x4f70 [obdclass]
00014  ? _raw_spin_unlock+0x23/0x40
00014  ? llog_process_thread_daemonize+0x16d/0x1b0 [obdclass]
00014  ? kthread+0x2cd/0x3a0
00014  ? llog_process_or_fork+0xc90/0xc90 [obdclass]
00014  ? kthread_unuse_mm+0x130/0x130
00014  ? ret_from_fork+0x18c/0x520
00014  ? kthread_unuse_mm+0x130/0x130
00014  ? ret_from_fork_asm+0x11/0x20
00014  </TASK>
00014 ---[ end trace 0000000000000000 ]---
00014 ------------[ cut here ]------------
00014 WARNING: /home/ktest/git/linux/include/linux/fs.h:889 at osd_create+0x9cf/0xcf0 [osd_wbcfs], CPU#14: llog_process_th/1981
00014 Modules linked in: ofd(O) osp(O) mdd(O) lod(O) mdt(O) lquota(O) lfsck(O) mgs(O) osd_wbcfs(O) lustre(O) obdecho(O) mgc(O) mdc(O) lov(O) osc(O) lmv(O) ec(O) fid(O) fld(O) ptlrpc(O) efivarfs obdclass(O) ksocklnd(O) lnet(O) libcfs(O)
00014 CPU: 14 UID: 0 PID: 1981 Comm: llog_process_th Tainted: G        W  O        7.0.0-ktest-2b8c50a-6330a45-20260806-dirty #1 PREEMPT 
00014 Tainted: [W]=WARN, [O]=OOT_MODULE
00014 Hardware name: QEMU Standard PC (Q35 + ICH9, 2009), BIOS 2025.11-3ubuntu7 03/31/2026
00014 RIP: 0010:osd_create+0x9cf/0xcf0 [osd_wbcfs]
00014 Code: c7 c7 00 c6 7b a1 48 c7 c6 a0 42 7d a1 48 c7 c2 00 4c 7d a1 e8 82 dd 43 ff 48 c7 c7 00 c6 7b a1 e8 c6 6a 44 ff e9 fe fc ff ff <0f> 0b e9 a5 fa ff ff 48 c7 c1 80 44 5d a0 80 e1 07 80 c1 03 38 c1
00014 RSP: 0018:ffffc9000857f4a8 EFLAGS: 00010246
00014 RAX: 0000000000000000 RBX: ffff88813977c000 RCX: 0000000000000046
00014 RDX: ffffffff84c44d40 RSI: ffff8881b52302d0 RDI: ffff88817f7b0998
00014 RBP: ffff8881b5230240 R08: 0000000000000001 R09: 0000000000000000
00014 R10: dffffc0000000000 R11: ffffed1036a4603d R12: ffff88819a7c9418
00014 R13: dffffc0000000000 R14: 1ffff110272ef800 R15: 1ffff110334f9292
00014 FS:  0000000000000000(0000) GS:ffff88831eb2a000(0000) knlGS:0000000000000000
00014 CS:  0010 DS: 0000 ES: 0000 CR0: 0000000080050033
00014 CR2: 00007f0468eee200 CR3: 0000000004274000 CR4: 0000000000750eb0
00014 PKRU: 55555554
00014 Call Trace:
00014  <TASK>
00014  ? local_object_create+0x109/0x640 [obdclass]
00014  ? dt_write_lock+0x16d/0x2a0 [obdclass]
00014  ? __local_file_create+0xce4/0x1bc0 [obdclass]
00014  ? local_index_find_or_create+0x1dc/0x2c0 [obdclass]
00014  ? nodemap_cache_find_create+0x4f9/0xe80 [ptlrpc]
00014  ? nodemap_save_config_cache+0x123/0x19b0 [ptlrpc]
00014  ? nm_config_file_register_tgt+0x19b/0x860 [ptlrpc]
00014  ? nm_config_file_register_tgt+0x1a9/0x860 [ptlrpc]
00014  ? ofd_device_alloc+0x213d/0x3600 [ofd]
00014  ? obd_setup+0x25c/0x960 [obdclass]
00014  ? class_setup+0xc7d/0x10e0 [obdclass]
00014  ? class_process_config+0x2edb/0x7cb0 [obdclass]
00014  ? __kasan_kmalloc+0x72/0x80
00014  ? class_config_llog_handler+0x2954/0x4f80 [obdclass]
00014  ? class_config_llog_handler+0x2cea/0x4f80 [obdclass]
00014  ? lustre_cfg_rec_free+0x350/0x350 [obdclass]
00014  ? llog_process_thread+0x1fd2/0x4f70 [obdclass]
00014  ? _raw_spin_unlock+0x23/0x40
00014  ? llog_process_thread_daemonize+0x16d/0x1b0 [obdclass]
00014  ? kthread+0x2cd/0x3a0
00014  ? llog_process_or_fork+0xc90/0xc90 [obdclass]
00014  ? kthread_unuse_mm+0x130/0x130
00014  ? ret_from_fork+0x18c/0x520
00014  ? kthread_unuse_mm+0x130/0x130
00014  ? ret_from_fork_asm+0x11/0x20
00014  </TASK>
00014 ---[ end trace 0000000000000000 ]---
00022 ------------[ cut here ]------------
00022 WARNING: /home/ktest/git/linux/include/linux/fs.h:889 at osd_create+0x9cf/0xcf0 [osd_wbcfs], CPU#14: llog_process_th/1995
00022 Modules linked in: ofd(O) osp(O) mdd(O) lod(O) mdt(O) lquota(O) lfsck(O) mgs(O) osd_wbcfs(O) lustre(O) obdecho(O) mgc(O) mdc(O) lov(O) osc(O) lmv(O) ec(O) fid(O) fld(O) ptlrpc(O) efivarfs obdclass(O) ksocklnd(O) lnet(O) libcfs(O)
00022 CPU: 14 UID: 0 PID: 1995 Comm: llog_process_th Tainted: G        W  O        7.0.0-ktest-2b8c50a-6330a45-20260806-dirty #1 PREEMPT 
00022 Tainted: [W]=WARN, [O]=OOT_MODULE
00022 Hardware name: QEMU Standard PC (Q35 + ICH9, 2009), BIOS 2025.11-3ubuntu7 03/31/2026
00022 RIP: 0010:osd_create+0x9cf/0xcf0 [osd_wbcfs]
00022 Code: c7 c7 00 c6 7b a1 48 c7 c6 a0 42 7d a1 48 c7 c2 00 4c 7d a1 e8 82 dd 43 ff 48 c7 c7 00 c6 7b a1 e8 c6 6a 44 ff e9 fe fc ff ff <0f> 0b e9 a5 fa ff ff 48 c7 c1 80 44 5d a0 80 e1 07 80 c1 03 38 c1
00022 RSP: 0018:ffffc900060376c0 EFLAGS: 00010246
00022 RAX: 0000000000000000 RBX: ffff888139c90800 RCX: 0000000000000046
00022 RDX: 0000000000000000 RSI: ffff8881b4b7fb68 RDI: ffff8881893caa58
00022 RBP: ffff8881b4b7fad8 R08: ffffffff83a16803 R09: 1ffffffff0742d00
00022 R10: dffffc0000000000 R11: fffffbfff0742d01 R12: ffff88810577f830
00022 R13: dffffc0000000000 R14: 1ffff11027392100 R15: 1ffff92000c06ef8
00022 FS:  0000000000000000(0000) GS:ffff88831eb2a000(0000) knlGS:0000000000000000
00022 CS:  0010 DS: 0000 ES: 0000 CR0: 0000000080050033
00022 CR2: 0000559120d6c590 CR3: 0000000004274000 CR4: 0000000000750eb0
00022 PKRU: 55555554
00022 Call Trace:
00022  <TASK>
00022  ? dt_find_or_create+0x81a/0x1170 [obdclass]
00022  ? osp_find_or_create_local_file+0x266/0x690 [osp]
00022  ? osp_last_used_init+0x22c/0x2150 [osp]
00022  ? client_fid_init+0x636/0x9f0 [fid]
00022  ? osp_device_alloc+0x19a2/0x2e10 [osp]
00022  ? obd_setup+0x25c/0x960 [obdclass]
00022  ? class_setup+0xc7d/0x10e0 [obdclass]
00022  ? class_process_config+0x2edb/0x7cb0 [obdclass]
00022  ? __kasan_kmalloc+0x72/0x80
00022  ? class_config_llog_handler+0x2954/0x4f80 [obdclass]
00022  ? class_config_llog_handler+0x2cea/0x4f80 [obdclass]
00022  ? lustre_cfg_rec_free+0x350/0x350 [obdclass]
00022  ? llog_process_thread+0x1fd2/0x4f70 [obdclass]
00022  ? _raw_spin_unlock+0x23/0x40
00022  ? llog_process_thread_daemonize+0x16d/0x1b0 [obdclass]
00022  ? kthread+0x2cd/0x3a0
00022  ? llog_process_or_fork+0xc90/0xc90 [obdclass]
00022  ? kthread_unuse_mm+0x130/0x130
00022  ? ret_from_fork+0x18c/0x520
00022  ? kthread_unuse_mm+0x130/0x130
00022  ? ret_from_fork_asm+0x11/0x20
00022  </TASK>
00022 ---[ end trace 0000000000000000 ]---
00022 ------------[ cut here ]------------
00022 WARNING: /home/ktest/git/linux/include/linux/fs.h:889 at osd_create+0x9cf/0xcf0 [osd_wbcfs], CPU#14: llog_process_th/1995
00022 Modules linked in: ofd(O) osp(O) mdd(O) lod(O) mdt(O) lquota(O) lfsck(O) mgs(O) osd_wbcfs(O) lustre(O) obdecho(O) mgc(O) mdc(O) lov(O) osc(O) lmv(O) ec(O) fid(O) fld(O) ptlrpc(O) efivarfs obdclass(O) ksocklnd(O) lnet(O) libcfs(O)
00022 CPU: 14 UID: 0 PID: 1995 Comm: llog_process_th Tainted: G        W  O        7.0.0-ktest-2b8c50a-6330a45-20260806-dirty #1 PREEMPT 
00022 Tainted: [W]=WARN, [O]=OOT_MODULE
00022 Hardware name: QEMU Standard PC (Q35 + ICH9, 2009), BIOS 2025.11-3ubuntu7 03/31/2026
00022 RIP: 0010:osd_create+0x9cf/0xcf0 [osd_wbcfs]
00022 Code: c7 c7 00 c6 7b a1 48 c7 c6 a0 42 7d a1 48 c7 c2 00 4c 7d a1 e8 82 dd 43 ff 48 c7 c7 00 c6 7b a1 e8 c6 6a 44 ff e9 fe fc ff ff <0f> 0b e9 a5 fa ff ff 48 c7 c1 80 44 5d a0 80 e1 07 80 c1 03 38 c1
00022 RSP: 0018:ffffc900060376c0 EFLAGS: 00010246
00022 RAX: 0000000000000000 RBX: ffff888139c96400 RCX: 0000000000000046
00022 RDX: 0000000000000000 RSI: ffff8881b4b7f450 RDI: ffff8881893caa58
00022 RBP: ffff8881b4b7f3c0 R08: ffffffff83a16803 R09: 1ffffffff0742d00
00022 R10: dffffc0000000000 R11: fffffbfff0742d01 R12: ffff88810577f830
00022 R13: dffffc0000000000 R14: 1ffff11027392c80 R15: 1ffff92000c06ef8
00022 FS:  0000000000000000(0000) GS:ffff88831eb2a000(0000) knlGS:0000000000000000
00022 CS:  0010 DS: 0000 ES: 0000 CR0: 0000000080050033
00022 CR2: 0000559120d6c590 CR3: 0000000004274000 CR4: 0000000000750eb0
00022 PKRU: 55555554
00022 Call Trace:
00022  <TASK>
00022  ? dt_find_or_create+0x81a/0x1170 [obdclass]
00022  ? osp_find_or_create_local_file+0x266/0x690 [osp]
00022  ? osp_last_used_init+0x95c/0x2150 [osp]
00022  ? osp_device_alloc+0x19a2/0x2e10 [osp]
00022  ? obd_setup+0x25c/0x960 [obdclass]
00022  ? class_setup+0xc7d/0x10e0 [obdclass]
00022  ? class_process_config+0x2edb/0x7cb0 [obdclass]
00022  ? __kasan_kmalloc+0x72/0x80
00022  ? class_config_llog_handler+0x2954/0x4f80 [obdclass]
00022  ? class_config_llog_handler+0x2cea/0x4f80 [obdclass]
00022  ? lustre_cfg_rec_free+0x350/0x350 [obdclass]
00022  ? llog_process_thread+0x1fd2/0x4f70 [obdclass]
00022  ? _raw_spin_unlock+0x23/0x40
00022  ? llog_process_thread_daemonize+0x16d/0x1b0 [obdclass]
00022  ? kthread+0x2cd/0x3a0
00022  ? llog_process_or_fork+0xc90/0xc90 [obdclass]
00022  ? kthread_unuse_mm+0x130/0x130
00022  ? ret_from_fork+0x18c/0x520
00022  ? kthread_unuse_mm+0x130/0x130
00022  ? ret_from_fork_asm+0x11/0x20
00022  </TASK>
00022 ---[ end trace 0000000000000000 ]---
00022 ------------[ cut here ]------------
00022 WARNING: /home/ktest/git/linux/include/linux/fs.h:889 at osd_create+0x9cf/0xcf0 [osd_wbcfs], CPU#14: llog_process_th/1995
00022 Modules linked in: ofd(O) osp(O) mdd(O) lod(O) mdt(O) lquota(O) lfsck(O) mgs(O) osd_wbcfs(O) lustre(O) obdecho(O) mgc(O) mdc(O) lov(O) osc(O) lmv(O) ec(O) fid(O) fld(O) ptlrpc(O) efivarfs obdclass(O) ksocklnd(O) lnet(O) libcfs(O)
00022 CPU: 14 UID: 0 PID: 1995 Comm: llog_process_th Tainted: G        W  O        7.0.0-ktest-2b8c50a-6330a45-20260806-dirty #1 PREEMPT 
00022 Tainted: [W]=WARN, [O]=OOT_MODULE
00022 Hardware name: QEMU Standard PC (Q35 + ICH9, 2009), BIOS 2025.11-3ubuntu7 03/31/2026
00022 RIP: 0010:osd_create+0x9cf/0xcf0 [osd_wbcfs]
00022 Code: c7 c7 00 c6 7b a1 48 c7 c6 a0 42 7d a1 48 c7 c2 00 4c 7d a1 e8 82 dd 43 ff 48 c7 c7 00 c6 7b a1 e8 c6 6a 44 ff e9 fe fc ff ff <0f> 0b e9 a5 fa ff ff 48 c7 c1 80 44 5d a0 80 e1 07 80 c1 03 38 c1
00022 RSP: 0018:ffffc90006037690 EFLAGS: 00010246
00022 RAX: 0000000000000000 RBX: ffff888139c96000 RCX: 0000000000000046
00022 RDX: 0000000000000000 RSI: ffff8881b4b7ed38 RDI: ffff8881893caa58
00022 RBP: ffff8881b4b7eca8 R08: ffffffff83a16803 R09: 1ffffffff0742d00
00022 R10: dffffc0000000000 R11: fffffbfff0742d01 R12: ffff888139c74400
00022 R13: dffffc0000000000 R14: 1ffff11027392c00 R15: 1ffff1102738e88f
00022 FS:  0000000000000000(0000) GS:ffff88831eb2a000(0000) knlGS:0000000000000000
00022 CS:  0010 DS: 0000 ES: 0000 CR0: 0000000080050033
00022 CR2: 0000559120d6c590 CR3: 0000000004274000 CR4: 0000000000750eb0
00022 PKRU: 55555554
00022 Call Trace:
00022  <TASK>
00022  ? llog_osd_get_cat_list+0x64d/0x1470 [obdclass]
00022  ? osp_sync_init+0x7a6/0x2760 [osp]
00022  ? is_module_address+0x1b/0x70
00022  ? osp_device_alloc+0x1b91/0x2e10 [osp]
00022  ? obd_setup+0x25c/0x960 [obdclass]
00022  ? class_setup+0xc7d/0x10e0 [obdclass]
00022  ? class_process_config+0x2edb/0x7cb0 [obdclass]
00022  ? __kasan_kmalloc+0x72/0x80
00022  ? class_config_llog_handler+0x2954/0x4f80 [obdclass]
00022  ? class_config_llog_handler+0x2cea/0x4f80 [obdclass]
00022  ? lustre_cfg_rec_free+0x350/0x350 [obdclass]
00022  ? llog_process_thread+0x1fd2/0x4f70 [obdclass]
00022  ? _raw_spin_unlock+0x23/0x40
00022  ? llog_process_thread_daemonize+0x16d/0x1b0 [obdclass]
00022  ? kthread+0x2cd/0x3a0
00022  ? llog_process_or_fork+0xc90/0xc90 [obdclass]
00022  ? kthread_unuse_mm+0x130/0x130
00022  ? ret_from_fork+0x18c/0x520
00022  ? kthread_unuse_mm+0x130/0x130
00022  ? ret_from_fork_asm+0x11/0x20
00022  </TASK>
00022 ---[ end trace 0000000000000000 ]---
00022 ------------[ cut here ]------------
00022 WARNING: /home/ktest/git/linux/include/linux/fs.h:889 at osd_create+0x9cf/0xcf0 [osd_wbcfs], CPU#14: llog_process_th/1995
00022 Modules linked in: ofd(O) osp(O) mdd(O) lod(O) mdt(O) lquota(O) lfsck(O) mgs(O) osd_wbcfs(O) lustre(O) obdecho(O) mgc(O) mdc(O) lov(O) osc(O) lmv(O) ec(O) fid(O) fld(O) ptlrpc(O) efivarfs obdclass(O) ksocklnd(O) lnet(O) libcfs(O)
00022 CPU: 14 UID: 0 PID: 1995 Comm: llog_process_th Tainted: G        W  O        7.0.0-ktest-2b8c50a-6330a45-20260806-dirty #1 PREEMPT 
00022 Tainted: [W]=WARN, [O]=OOT_MODULE
00022 Hardware name: QEMU Standard PC (Q35 + ICH9, 2009), BIOS 2025.11-3ubuntu7 03/31/2026
00022 RIP: 0010:osd_create+0x9cf/0xcf0 [osd_wbcfs]
00022 Code: c7 c7 00 c6 7b a1 48 c7 c6 a0 42 7d a1 48 c7 c2 00 4c 7d a1 e8 82 dd 43 ff 48 c7 c7 00 c6 7b a1 e8 c6 6a 44 ff e9 fe fc ff ff <0f> 0b e9 a5 fa ff ff 48 c7 c1 80 44 5d a0 80 e1 07 80 c1 03 38 c1
00022 RSP: 0018:ffffc900060375b0 EFLAGS: 00010246
00022 RAX: 0000000000000000 RBX: ffff888139c95800 RCX: 0000000000000046
00022 RDX: 0000000000000000 RSI: ffff8881b4b7e620 RDI: ffff8881893caa58
00022 RBP: ffff8881b4b7e590 R08: ffffffff83a16803 R09: 1ffffffff0742d00
00022 R10: dffffc0000000000 R11: fffffbfff0742d01 R12: ffff888139c74400
00022 R13: dffffc0000000000 R14: 1ffff11027392b00 R15: 1ffff1102738e88f
00022 FS:  0000000000000000(0000) GS:ffff88831eb2a000(0000) knlGS:0000000000000000
00022 CS:  0010 DS: 0000 ES: 0000 CR0: 0000000080050033
00022 CR2: 0000559120d6c590 CR3: 0000000004274000 CR4: 0000000000750eb0
00022 PKRU: 55555554
00022 Call Trace:
00022  <TASK>
00022  ? local_object_create+0x109/0x640 [obdclass]
00022  ? dt_write_lock+0x16d/0x2a0 [obdclass]
00022  ? llog_osd_create+0x356/0x1140 [obdclass]
00022  ? llog_create+0x2ed/0x530 [obdclass]
00022  ? llog_open_create+0x5af/0xb10 [obdclass]
00022  ? osp_sync_init+0xfc0/0x2760 [osp]
00022  ? osp_device_alloc+0x1b91/0x2e10 [osp]
00022  ? obd_setup+0x25c/0x960 [obdclass]
00022  ? class_setup+0xc7d/0x10e0 [obdclass]
00022  ? class_process_config+0x2edb/0x7cb0 [obdclass]
00022  ? __kasan_kmalloc+0x72/0x80
00022  ? class_config_llog_handler+0x2954/0x4f80 [obdclass]
00022  ? class_config_llog_handler+0x2cea/0x4f80 [obdclass]
00022  ? lustre_cfg_rec_free+0x350/0x350 [obdclass]
00022  ? llog_process_thread+0x1fd2/0x4f70 [obdclass]
00022  ? _raw_spin_unlock+0x23/0x40
00022  ? llog_process_thread_daemonize+0x16d/0x1b0 [obdclass]
00022  ? kthread+0x2cd/0x3a0
00022  ? llog_process_or_fork+0xc90/0xc90 [obdclass]
00022  ? kthread_unuse_mm+0x130/0x130
00022  ? ret_from_fork+0x18c/0x520
00022  ? kthread_unuse_mm+0x130/0x130
00022  ? ret_from_fork_asm+0x11/0x20
00022  </TASK>
00022 ---[ end trace 0000000000000000 ]---
00022 ------------[ cut here ]------------
00022 WARNING: /home/ktest/git/linux/include/linux/fs.h:889 at osd_create+0x9cf/0xcf0 [osd_wbcfs], CPU#14: llog_process_th/1995
00022 Modules linked in: ofd(O) osp(O) mdd(O) lod(O) mdt(O) lquota(O) lfsck(O) mgs(O) osd_wbcfs(O) lustre(O) obdecho(O) mgc(O) mdc(O) lov(O) osc(O) lmv(O) ec(O) fid(O) fld(O) ptlrpc(O) efivarfs obdclass(O) ksocklnd(O) lnet(O) libcfs(O)
00022 CPU: 14 UID: 0 PID: 1995 Comm: llog_process_th Tainted: G        W  O        7.0.0-ktest-2b8c50a-6330a45-20260806-dirty #1 PREEMPT 
00022 Tainted: [W]=WARN, [O]=OOT_MODULE
00022 Hardware name: QEMU Standard PC (Q35 + ICH9, 2009), BIOS 2025.11-3ubuntu7 03/31/2026
00022 RIP: 0010:osd_create+0x9cf/0xcf0 [osd_wbcfs]
00022 Code: c7 c7 00 c6 7b a1 48 c7 c6 a0 42 7d a1 48 c7 c2 00 4c 7d a1 e8 82 dd 43 ff 48 c7 c7 00 c6 7b a1 e8 c6 6a 44 ff e9 fe fc ff ff <0f> 0b e9 a5 fa ff ff 48 c7 c1 80 44 5d a0 80 e1 07 80 c1 03 38 c1
00022 RSP: 0018:ffffc90006037450 EFLAGS: 00010246
00022 RAX: 0000000000000000 RBX: ffff888139c95000 RCX: 0000000000000046
00022 RDX: 0000000000000000 RSI: ffff8881b4b7df08 RDI: ffff8881893caa80
00022 RBP: ffff8881b4b7de78 R08: ffffffff83a16803 R09: 1ffffffff0742d00
00022 R10: dffffc0000000000 R11: fffffbfff0742d01 R12: ffff888139c74400
00022 R13: dffffc0000000000 R14: 1ffff11027392a00 R15: 1ffff1102738e88f
00022 FS:  0000000000000000(0000) GS:ffff88831eb2a000(0000) knlGS:0000000000000000
00022 CS:  0010 DS: 0000 ES: 0000 CR0: 0000000080050033
00022 CR2: 0000559120d6c590 CR3: 0000000004274000 CR4: 0000000000750eb0
00022 PKRU: 55555554
00022 Call Trace:
00022  <TASK>
00022  ? local_object_create+0x109/0x640 [obdclass]
00022  ? dt_write_lock+0x16d/0x2a0 [obdclass]
00022  ? llog_osd_create+0x356/0x1140 [obdclass]
00022  ? llog_create+0x2ed/0x530 [obdclass]
00022  ? llog_cat_new_log+0x6c3/0x2bf0 [obdclass]
00022  ? llog_cat_add_rec+0x6ba/0x1960 [obdclass]
00022  ? llog_cat_add+0x451/0x890 [obdclass]
00022  ? osp_sync_init+0x1588/0x2760 [osp]
00022  ? osp_device_alloc+0x1b91/0x2e10 [osp]
00022  ? obd_setup+0x25c/0x960 [obdclass]
00022  ? class_setup+0xc7d/0x10e0 [obdclass]
00022  ? class_process_config+0x2edb/0x7cb0 [obdclass]
00022  ? __kasan_kmalloc+0x72/0x80
00022  ? class_config_llog_handler+0x2954/0x4f80 [obdclass]
00022  ? class_config_llog_handler+0x2cea/0x4f80 [obdclass]
00022  ? lustre_cfg_rec_free+0x350/0x350 [obdclass]
00022  ? llog_process_thread+0x1fd2/0x4f70 [obdclass]
00022  ? _raw_spin_unlock+0x23/0x40
00022  ? llog_process_thread_daemonize+0x16d/0x1b0 [obdclass]
00022  ? kthread+0x2cd/0x3a0
00022  ? llog_process_or_fork+0xc90/0xc90 [obdclass]
00022  ? kthread_unuse_mm+0x130/0x130
00022  ? ret_from_fork+0x18c/0x520
00022  ? kthread_unuse_mm+0x130/0x130
00022  ? ret_from_fork_asm+0x11/0x20
00022  </TASK>
00022 ---[ end trace 0000000000000000 ]---
00022 Lustre: ctl-lustre-MDT0000: super-sequence allocation rc = 0 [0x0000000280000400-0x00000002c0000400]:0:ost
00022 ------------[ cut here ]------------
00022 Lustre: Skipped 1 previous similar message
00022 Lustre: cli-lustre-OST0000-super: Allocated super-sequence [0x0000000280000400-0x00000002c0000400]:0:ost]
00022 WARNING: /home/ktest/git/linux/include/linux/fs.h:889 at osd_create+0x9cf/0xcf0 [osd_wbcfs], CPU#14: llog_process_th/1995
00022 Modules linked in: ofd(O) osp(O) mdd(O) lod(O) mdt(O) lquota(O) lfsck(O) mgs(O) osd_wbcfs(O) lustre(O) obdecho(O) mgc(O) mdc(O) lov(O) osc(O) lmv(O) ec(O) fid(O) fld(O) ptlrpc(O) efivarfs obdclass(O) ksocklnd(O) lnet(O) libcfs(O)
00022 CPU: 14 UID: 0 PID: 1995 Comm: llog_process_th Tainted: G        W  O        7.0.0-ktest-2b8c50a-6330a45-20260806-dirty #1 PREEMPT 
00022 ------------[ cut here ]------------
00022 Tainted: [W]=WARN, [O]=OOT_MODULE
00022 Hardware name: QEMU Standard PC (Q35 + ICH9, 2009), BIOS 2025.11-3ubuntu7 03/31/2026
00022 WARNING: /home/ktest/git/linux/include/linux/fs.h:889 at osd_create+0x9cf/0xcf0 [osd_wbcfs], CPU#6: ll_ost00_002/1962
00022 RIP: 0010:osd_create+0x9cf/0xcf0 [osd_wbcfs]
00022 Modules linked in:
00022 Code: c7 c7 00 c6 7b a1 48 c7 c6 a0 42 7d a1 48 c7 c2 00 4c 7d a1 e8 82 dd 43 ff 48 c7 c7 00 c6 7b a1 e8 c6 6a 44 ff e9 fe fc ff ff <0f> 0b e9 a5 fa ff ff 48 c7 c1 80 44 5d a0 80 e1 07 80 c1 03 38 c1
00022  ofd(O)
00022 RSP: 0018:ffffc900060375b0 EFLAGS: 00010246
00022  osp(O)
00022 
00022  mdd(O)
00022 RAX: 0000000000000000 RBX: ffff888138de8000 RCX: 0000000000000046
00022  lod(O)
00022 RDX: 0000000000000000 RSI: ffff8881b4b7d7f0 RDI: ffff8881893caa58
00022  mdt(O)
00022 RBP: ffff8881b4b7d760 R08: ffffffff83a16803 R09: 1ffffffff0742d00
00022  lquota(O)
00022 R10: dffffc0000000000 R11: fffffbfff0742d01 R12: ffff888139d27400
00022  lfsck(O)
00022 R13: dffffc0000000000 R14: 1ffff110271bd000 R15: 1ffff110273a4e8f
00022  mgs(O)
00022 FS:  0000000000000000(0000) GS:ffff88831eb2a000(0000) knlGS:0000000000000000
00022  osd_wbcfs(O)
00022 CS:  0010 DS: 0000 ES: 0000 CR0: 0000000080050033
00022  lustre(O)
00022 CR2: 0000559120d6c590 CR3: 0000000004274000 CR4: 0000000000750eb0
00022  obdecho(O)
00022 PKRU: 55555554
00022  mgc(O)
00022 Call Trace:
00022  mdc(O)
00022  <TASK>
00022  lov(O) osc(O) lmv(O) ec(O) fid(O) fld(O) ptlrpc(O) efivarfs obdclass(O) ksocklnd(O) lnet(O) libcfs(O)
00022  ? local_object_create+0x109/0x640 [obdclass]
00022 CPU: 6 UID: 0 PID: 1962 Comm: ll_ost00_002 Tainted: G        W  O        7.0.0-ktest-2b8c50a-6330a45-20260806-dirty #1 PREEMPT 
00022  ? dt_write_lock+0x16d/0x2a0 [obdclass]
00022 Tainted: [W]=WARN, [O]=OOT_MODULE
00022  ? llog_osd_create+0x356/0x1140 [obdclass]
00022 Hardware name: QEMU Standard PC (Q35 + ICH9, 2009), BIOS 2025.11-3ubuntu7 03/31/2026
00022 RIP: 0010:osd_create+0x9cf/0xcf0 [osd_wbcfs]
00022 Code: c7 c7 00 c6 7b a1 48 c7 c6 a0 42 7d a1 48 c7 c2 00 4c 7d a1 e8 82 dd 43 ff 48 c7 c7 00 c6 7b a1 e8 c6 6a 44 ff e9 fe fc ff ff <0f> 0b e9 a5 fa ff ff 48 c7 c1 80 44 5d a0 80 e1 07 80 c1 03 38 c1
00022  ? llog_create+0x2ed/0x530 [obdclass]
00022 RSP: 0018:ffffc90001d47950 EFLAGS: 00010246
00022  ? llog_open_create+0x5af/0xb10 [obdclass]
00022 
00022  ? osp_sync_init+0xfc0/0x2760 [osp]
00022 RAX: 0000000000000000 RBX: ffff888138e00c00 RCX: 0000000000000046
00022  ? osp_device_alloc+0x1b91/0x2e10 [osp]
00022 RDX: 0000000000000000 RSI: ffff8881b51050d8 RDI: ffff888109d30998
00022  ? obd_setup+0x25c/0x960 [obdclass]
00022 RBP: ffff8881b5105048 R08: ffffffff83a16803 R09: 1ffffffff0742d00
00022  ? class_setup+0xc7d/0x10e0 [obdclass]
00022 R10: dffffc0000000000 R11: fffffbfff0742d01 R12: ffff888192478830
00022  ? class_process_config+0x2edb/0x7cb0 [obdclass]
00022 R13: dffffc0000000000 R14: 1ffff110271c0180 R15: 1ffff1103248f142
00022  ? __kasan_kmalloc+0x72/0x80
00022 FS:  0000000000000000(0000) GS:ffff88831e72a000(0000) knlGS:0000000000000000
00022  ? class_config_llog_handler+0x2954/0x4f80 [obdclass]
00022 CS:  0010 DS: 0000 ES: 0000 CR0: 0000000080050033
00022  ? class_config_llog_handler+0x2cea/0x4f80 [obdclass]
00022 CR2: 0000559120d6c590 CR3: 0000000004274000 CR4: 0000000000750eb0
00022  ? lustre_cfg_rec_free+0x350/0x350 [obdclass]
00022 PKRU: 55555554
00022 Call Trace:
00022  <TASK>
00022  ? llog_process_thread+0x1fd2/0x4f70 [obdclass]
00022  ? dt_find_or_create+0x81a/0x1170 [obdclass]
00022  ? _raw_spin_unlock+0x23/0x40
00022  ? ofd_seq_load+0x605/0x1ac0 [ofd]
00022  ? llog_process_thread_daemonize+0x16d/0x1b0 [obdclass]
00022  ? ofd_get_info_hdl+0xfdd/0x2330 [ofd]
00022  ? tgt_request_handle+0x23ad/0x3d30 [ptlrpc]
00022  ? kthread+0x2cd/0x3a0
00022  ? llog_process_or_fork+0xc90/0xc90 [obdclass]
00022  ? ptlrpc_main+0x6359/0x96f0 [ptlrpc]
00022  ? kthread_unuse_mm+0x130/0x130
00022  ? ret_from_fork+0x18c/0x520
00022  ? kthread_unuse_mm+0x130/0x130
00022  ? ret_from_fork_asm+0x11/0x20
00022  </TASK>
00022 ---[ end trace 0000000000000000 ]---
00022 ------------[ cut here ]------------
00022  ? __kthread_parkme+0x73/0x130
00022 WARNING: /home/ktest/git/linux/include/linux/fs.h:889 at osd_create+0x9cf/0xcf0 [osd_wbcfs], CPU#14: llog_process_th/1995
00022  ? kthread+0x2cd/0x3a0
00022 Modules linked in:
00022  ? ptlrpc_start_thread+0x1f10/0x1f10 [ptlrpc]
00022  ofd(O)
00022  ? kthread_unuse_mm+0x130/0x130
00022  osp(O)
00022  ? ret_from_fork+0x18c/0x520
00022  mdd(O)
00022  ? kthread_unuse_mm+0x130/0x130
00022  lod(O)
00022  ? ret_from_fork_asm+0x11/0x20
00022  mdt(O)
00022  </TASK>
00022  lquota(O)
00022 ---[ end trace 0000000000000000 ]---
00022  lfsck(O) mgs(O) osd_wbcfs(O) lustre(O) obdecho(O) mgc(O) mdc(O) lov(O) osc(O) lmv(O) ec(O) fid(O) fld(O) ptlrpc(O) efivarfs obdclass(O) ksocklnd(O) lnet(O) libcfs(O)
00022 CPU: 14 UID: 0 PID: 1995 Comm: llog_process_th Tainted: G        W  O        7.0.0-ktest-2b8c50a-6330a45-20260806-dirty #1 PREEMPT 
00022 Tainted: [W]=WARN, [O]=OOT_MODULE
00022 Hardware name: QEMU Standard PC (Q35 + ICH9, 2009), BIOS 2025.11-3ubuntu7 03/31/2026
00022 RIP: 0010:osd_create+0x9cf/0xcf0 [osd_wbcfs]
00022 Code: c7 c7 00 c6 7b a1 48 c7 c6 a0 42 7d a1 48 c7 c2 00 4c 7d a1 e8 82 dd 43 ff 48 c7 c7 00 c6 7b a1 e8 c6 6a 44 ff e9 fe fc ff ff <0f> 0b e9 a5 fa ff ff 48 c7 c1 80 44 5d a0 80 e1 07 80 c1 03 38 c1
00022 RSP: 0018:ffffc90006037450 EFLAGS: 00010246
00022 RAX: 0000000000000000 RBX: ffff888138dec000 RCX: 0000000000000046
00022 RDX: 0000000000000000 RSI: ffff888120eda648 RDI: ffff8881893caa80
00022 RBP: ffff888120eda5b8 R08: ffffffff83a16803 R09: 1ffffffff0742d00
00022 R10: dffffc0000000000 R11: fffffbfff0742d01 R12: ffff888139d27400
00022 ------------[ cut here ]------------
00022 R13: dffffc0000000000 R14: 1ffff110271bd800 R15: 1ffff110273a4e8f
00022 FS:  0000000000000000(0000) GS:ffff88831eb2a000(0000) knlGS:0000000000000000
00022 CS:  0010 DS: 0000 ES: 0000 CR0: 0000000080050033
00022 CR2: 0000559120d6c590 CR3: 0000000004274000 CR4: 0000000000750eb0
00022 PKRU: 55555554
00022 WARNING: /home/ktest/git/linux/include/linux/fs.h:889 at osd_create+0x9cf/0xcf0 [osd_wbcfs], CPU#2: ll_ost00_003/1998
00022 Call Trace:
00022  <TASK>
00022  ? local_object_create+0x109/0x640 [obdclass]
00022 Modules linked in:
00022  ? dt_write_lock+0x16d/0x2a0 [obdclass]
00022  ofd(O)
00022  ? llog_osd_create+0x356/0x1140 [obdclass]
00022  osp(O)
00022  ? llog_create+0x2ed/0x530 [obdclass]
00022  ? llog_cat_new_log+0x6c3/0x2bf0 [obdclass]
00022  mdd(O) lod(O) mdt(O) lquota(O) lfsck(O) mgs(O) osd_wbcfs(O) lustre(O) obdecho(O) mgc(O) mdc(O) lov(O) osc(O) lmv(O) ec(O) fid(O) fld(O) ptlrpc(O) efivarfs obdclass(O) ksocklnd(O) lnet(O) libcfs(O)
00022 CPU: 2 UID: 0 PID: 1998 Comm: ll_ost00_003 Tainted: G        W  O        7.0.0-ktest-2b8c50a-6330a45-20260806-dirty #1 PREEMPT 
00022 Tainted: [W]=WARN, [O]=OOT_MODULE
00022 Hardware name: QEMU Standard PC (Q35 + ICH9, 2009), BIOS 2025.11-3ubuntu7 03/31/2026
00022 RIP: 0010:osd_create+0x9cf/0xcf0 [osd_wbcfs]
00022 Code: c7 c7 00 c6 7b a1 48 c7 c6 a0 42 7d a1 48 c7 c2 00 4c 7d a1 e8 82 dd 43 ff 48 c7 c7 00 c6 7b a1 e8 c6 6a 44 ff e9 fe fc ff ff <0f> 0b e9 a5 fa ff ff 48 c7 c1 80 44 5d a0 80 e1 07 80 c1 03 38 c1
00022 RSP: 0018:ffffc90008daf878 EFLAGS: 00010246
00022 RAX: 0000000000000000 RBX: ffff888109d29400 RCX: 0000000000000046
00022 RDX: 0000000000000000 RSI: ffff888120edfb68 RDI: ffff8881893789e8
00022 RBP: ffff888120edfad8 R08: ffffffff83a16803 R09: 1ffffffff0742d00
00022  ? llog_cat_add_rec+0x6ba/0x1960 [obdclass]
00022 R10: dffffc0000000000 R11: fffffbfff0742d01 R12: ffff888108350830
00022  ? llog_cat_add+0x451/0x890 [obdclass]
00022 R13: dffffc0000000000 R14: 1ffff110213a5280 R15: 1ffff1102106a142
00022  ? osp_sync_init+0x1588/0x2760 [osp]
00022 FS:  0000000000000000(0000) GS:ffff88831e52a000(0000) knlGS:0000000000000000
00022  ? osp_device_alloc+0x1b91/0x2e10 [osp]
00022 CS:  0010 DS: 0000 ES: 0000 CR0: 0000000080050033
00022  ? obd_setup+0x25c/0x960 [obdclass]
00022  ? class_setup+0xc7d/0x10e0 [obdclass]
00022 CR2: 0000559120d60aa0 CR3: 0000000004274000 CR4: 0000000000750eb0
00022  ? class_process_config+0x2edb/0x7cb0 [obdclass]
00022 PKRU: 55555554
00022  ? __kasan_kmalloc+0x72/0x80
00022  ? class_config_llog_handler+0x2954/0x4f80 [obdclass]
00022  ? class_config_llog_handler+0x2cea/0x4f80 [obdclass]
00022 Call Trace:
00022  ? lustre_cfg_rec_free+0x350/0x350 [obdclass]
00022  <TASK>
00022  ? llog_process_thread+0x1fd2/0x4f70 [obdclass]
00022  ? ofd_precreate_objects+0x1bd8/0x3220 [ofd]
00022  ? _raw_spin_unlock+0x23/0x40
00022  ? ofd_create_hdl+0x2015/0x3510 [ofd]
00022  ? llog_process_thread_daemonize+0x16d/0x1b0 [obdclass]
00022  ? tgt_request_handle+0x23ad/0x3d30 [ptlrpc]
00022  ? kthread+0x2cd/0x3a0
00022  ? llog_process_or_fork+0xc90/0xc90 [obdclass]
00022  ? kthread_unuse_mm+0x130/0x130
00022  ? ptlrpc_main+0x6359/0x96f0 [ptlrpc]
00022  ? ret_from_fork+0x18c/0x520
00022  ? kthread_unuse_mm+0x130/0x130
00022  ? ret_from_fork_asm+0x11/0x20
00022  </TASK>
00022 ---[ end trace 0000000000000000 ]---
00022  ? __kthread_parkme+0x73/0x130
00022  ? kthread+0x2cd/0x3a0
00022 Lustre: lustre-MDT0001: local client 809a3ef3-fdf1-4d9e-95ee-f8d6e147c205 w/o recovery
00022  ? ptlrpc_start_thread+0x1f10/0x1f10 [ptlrpc]
00022  ? kthread_unuse_mm+0x130/0x130
00022  ? ret_from_fork+0x18c/0x520
00022  ? kthread_unuse_mm+0x130/0x130
00022  ? ret_from_fork_asm+0x11/0x20
00022  </TASK>
00022 ---[ end trace 0000000000000000 ]---
00022 ------------[ cut here ]------------
00022 WARNING: /home/ktest/git/linux/include/linux/fs.h:889 at osd_create+0x9cf/0xcf0 [osd_wbcfs], CPU#2: ll_ost00_003/1998
00022 Modules linked in: ofd(O) osp(O) mdd(O) lod(O) mdt(O) lquota(O) lfsck(O) mgs(O) osd_wbcfs(O) lustre(O) obdecho(O) mgc(O) mdc(O) lov(O) osc(O) lmv(O) ec(O) fid(O) fld(O) ptlrpc(O) efivarfs obdclass(O) ksocklnd(O) lnet(O) libcfs(O)
00022 CPU: 2 UID: 0 PID: 1998 Comm: ll_ost00_003 Tainted: G        W  O        7.0.0-ktest-2b8c50a-6330a45-20260806-dirty #1 PREEMPT 
00022 Tainted: [W]=WARN, [O]=OOT_MODULE
00022 Hardware name: QEMU Standard PC (Q35 + ICH9, 2009), BIOS 2025.11-3ubuntu7 03/31/2026
00022 RIP: 0010:osd_create+0x9cf/0xcf0 [osd_wbcfs]
00022 Code: c7 c7 00 c6 7b a1 48 c7 c6 a0 42 7d a1 48 c7 c2 00 4c 7d a1 e8 82 dd 43 ff 48 c7 c7 00 c6 7b a1 e8 c6 6a 44 ff e9 fe fc ff ff <0f> 0b e9 a5 fa ff ff 48 c7 c1 80 44 5d a0 80 e1 07 80 c1 03 38 c1
00022 RSP: 0018:ffffc90008daf878 EFLAGS: 00010246
00022 RAX: 0000000000000000 RBX: ffff888109d29000 RCX: 0000000000000046
00022 RDX: 0000000000000000 RSI: ffff888120edf450 RDI: ffff8881893789e8
00022 RBP: ffff888120edf3c0 R08: ffffffff83a16803 R09: 1ffffffff0742d00
00022 R10: dffffc0000000000 R11: fffffbfff0742d01 R12: ffff888108350830
00022 R13: dffffc0000000000 R14: 1ffff110213a5200 R15: 1ffff1102106a142
00022 ------------[ cut here ]------------
00022 FS:  0000000000000000(0000) GS:ffff88831e52a000(0000) knlGS:0000000000000000
00022 WARNING: /home/ktest/git/linux/include/linux/fs.h:889 at osd_create+0x9cf/0xcf0 [osd_wbcfs], CPU#6: ll_ost00_002/1962
00022 CS:  0010 DS: 0000 ES: 0000 CR0: 0000000080050033
00022 Modules linked in: ofd(O) osp(O) mdd(O) lod(O) mdt(O) lquota(O) lfsck(O) mgs(O) osd_wbcfs(O) lustre(O) obdecho(O) mgc(O) mdc(O) lov(O) osc(O) lmv(O) ec(O) fid(O) fld(O) ptlrpc(O) efivarfs obdclass(O)
00022 CR2: 0000559120d60aa0 CR3: 0000000004274000 CR4: 0000000000750eb0
00022  ksocklnd(O) lnet(O) libcfs(O)
00022 CPU: 6 UID: 0 PID: 1962 Comm: ll_ost00_002 Tainted: G        W  O        7.0.0-ktest-2b8c50a-6330a45-20260806-dirty #1 PREEMPT 
00022 Tainted: [W]=WARN, [O]=OOT_MODULE
00022 Hardware name: QEMU Standard PC (Q35 + ICH9, 2009), BIOS 2025.11-3ubuntu7 03/31/2026
00022 PKRU: 55555554
00022 RIP: 0010:osd_create+0x9cf/0xcf0 [osd_wbcfs]
00022 Call Trace:
00022 Code: c7 c7 00 c6 7b a1 48 c7 c6 a0 42 7d a1 48 c7 c2 00 4c 7d a1 e8 82 dd 43 ff 48 c7 c7 00 c6 7b a1 e8 c6 6a 44 ff e9 fe fc ff ff <0f> 0b e9 a5 fa ff ff 48 c7 c1 80 44 5d a0 80 e1 07 80 c1 03 38 c1
00022 RSP: 0018:ffffc90001d47950 EFLAGS: 00010246
00022 RAX: 0000000000000000 RBX: ffff888138e04c00 RCX: 0000000000000046
00022 RDX: 0000000000000000 RSI: ffff8881b51049c0 RDI: ffff888109d30998
00022 RBP: ffff8881b5104930 R08: ffffffff83a16803 R09: 1ffffffff0742d00
00022 R10: dffffc0000000000 R11: fffffbfff0742d01 R12: ffff888192478830
00022  <TASK>
00022 R13: dffffc0000000000 R14: 1ffff110271c0980 R15: 1ffff1103248f142
00022 FS:  0000000000000000(0000) GS:ffff88831e72a000(0000) knlGS:0000000000000000
00022 CS:  0010 DS: 0000 ES: 0000 CR0: 0000000080050033
00022 CR2: 0000559120d6c590 CR3: 0000000004274000 CR4: 0000000000750eb0
00022 PKRU: 55555554
00022  ? ofd_precreate_objects+0x1bd8/0x3220 [ofd]
00022 Call Trace:
00022  <TASK>
00022  ? dt_find_or_create+0x81a/0x1170 [obdclass]
00022  ? ofd_create_hdl+0x2015/0x3510 [ofd]
00022  ? ofd_seq_load+0x605/0x1ac0 [ofd]
00022  ? tgt_request_handle+0x23ad/0x3d30 [ptlrpc]
00022  ? ofd_get_info_hdl+0xfdd/0x2330 [ofd]
00022  ? ptlrpc_main+0x6359/0x96f0 [ptlrpc]
00022  ? tgt_request_handle+0x23ad/0x3d30 [ptlrpc]
00022  ? __kthread_parkme+0x73/0x130
00022  ? ptlrpc_main+0x6359/0x96f0 [ptlrpc]
00022  ? kthread+0x2cd/0x3a0
00022  ? ptlrpc_start_thread+0x1f10/0x1f10 [ptlrpc]
00022  ? __kthread_parkme+0x73/0x130
00022  ? kthread+0x2cd/0x3a0
00022  ? ptlrpc_start_thread+0x1f10/0x1f10 [ptlrpc]
00022  ? kthread_unuse_mm+0x130/0x130
00022  ? ret_from_fork+0x18c/0x520
00022  ? kthread_unuse_mm+0x130/0x130
00022  ? ret_from_fork_asm+0x11/0x20
00022  ? kthread_unuse_mm+0x130/0x130
00022  ? ret_from_fork+0x18c/0x520
00022  ? kthread_unuse_mm+0x130/0x130
00022  ? ret_from_fork_asm+0x11/0x20
00022  </TASK>
00022  </TASK>
00022 ---[ end trace 0000000000000000 ]---
00022 ---[ end trace 0000000000000000 ]---
00022 ------------[ cut here ]------------
00022 WARNING: /home/ktest/git/linux/include/linux/fs.h:889 at osd_create+0x9cf/0xcf0 [osd_wbcfs], CPU#2: ll_ost00_003/1998
00022 ------------[ cut here ]------------
00022 Modules linked in:
00022 WARNING: /home/ktest/git/linux/include/linux/fs.h:889 at osd_create+0x9cf/0xcf0 [osd_wbcfs], CPU#6: ll_ost00_002/1962
00022  ofd(O)
00022 Modules linked in: ofd(O) osp(O) mdd(O) lod(O) mdt(O) lquota(O) lfsck(O) mgs(O) osd_wbcfs(O) lustre(O) obdecho(O) mgc(O) mdc(O) lov(O) osc(O) lmv(O) ec(O) fid(O) fld(O) ptlrpc(O) efivarfs
00022  osp(O)
00022  obdclass(O)
00022  mdd(O)
00022  ksocklnd(O) lnet(O) libcfs(O)
00022 CPU: 6 UID: 0 PID: 1962 Comm: ll_ost00_002 Tainted: G        W  O        7.0.0-ktest-2b8c50a-6330a45-20260806-dirty #1 PREEMPT 
00022 Tainted: [W]=WARN, [O]=OOT_MODULE
00022 Hardware name: QEMU Standard PC (Q35 + ICH9, 2009), BIOS 2025.11-3ubuntu7 03/31/2026
00022 RIP: 0010:osd_create+0x9cf/0xcf0 [osd_wbcfs]
00022  lod(O)
00022 Code: c7 c7 00 c6 7b a1 48 c7 c6 a0 42 7d a1 48 c7 c2 00 4c 7d a1 e8 82 dd 43 ff 48 c7 c7 00 c6 7b a1 e8 c6 6a 44 ff e9 fe fc ff ff <0f> 0b e9 a5 fa ff ff 48 c7 c1 80 44 5d a0 80 e1 07 80 c1 03 38 c1
00022 RSP: 0018:ffffc90001d47878 EFLAGS: 00010246
00022 RAX: 0000000000000000 RBX: ffff888138e04400 RCX: 0000000000000046
00022 RDX: 0000000000000000 RSI: ffff8881b51042a8 RDI: ffff888109d309e8
00022 RBP: ffff8881b5104218 R08: ffffffff83a16803 R09: 1ffffffff0742d00
00022 R10: dffffc0000000000 R11: fffffbfff0742d01 R12: ffff888192478830
00022 R13: dffffc0000000000 R14: 1ffff110271c0880 R15: 1ffff1103248f142
00022  mdt(O)
00022 FS:  0000000000000000(0000) GS:ffff88831e72a000(0000) knlGS:0000000000000000
00022 CS:  0010 DS: 0000 ES: 0000 CR0: 0000000080050033
00022 CR2: 0000559120d6c590 CR3: 0000000004274000 CR4: 0000000000750eb0
00022 PKRU: 55555554
00022 Call Trace:
00022  <TASK>
00022  lquota(O)
00022  ? ofd_precreate_objects+0x1bd8/0x3220 [ofd]
00022  lfsck(O)
00022  ? ofd_create_hdl+0x2015/0x3510 [ofd]
00022  ? tgt_request_handle+0x23ad/0x3d30 [ptlrpc]
00022  mgs(O)
00022  ? ptlrpc_main+0x6359/0x96f0 [ptlrpc]
00022  osd_wbcfs(O)
00022  ? __kthread_parkme+0x73/0x130
00022  lustre(O)
00022  ? kthread+0x2cd/0x3a0
00022  ? ptlrpc_start_thread+0x1f10/0x1f10 [ptlrpc]
00022  obdecho(O)
00022  ? kthread_unuse_mm+0x130/0x130
00022  ? ret_from_fork+0x18c/0x520
00022  ? kthread_unuse_mm+0x130/0x130
00022  ? ret_from_fork_asm+0x11/0x20
00022  mgc(O)
00022  </TASK>
00022 ---[ end trace 0000000000000000 ]---
00022 ------------[ cut here ]------------
00022  mdc(O)
00022 WARNING: /home/ktest/git/linux/include/linux/fs.h:889 at osd_create+0x9cf/0xcf0 [osd_wbcfs], CPU#6: ll_ost00_002/1962
00022  lov(O)
00022 Modules linked in: ofd(O) osp(O) mdd(O) lod(O) mdt(O) lquota(O) lfsck(O) mgs(O) osd_wbcfs(O) lustre(O) obdecho(O) mgc(O) mdc(O) lov(O)
00022  osc(O)
00022  osc(O) lmv(O) ec(O) fid(O) fld(O) ptlrpc(O) efivarfs obdclass(O) ksocklnd(O) lnet(O) libcfs(O)
00022 CPU: 6 UID: 0 PID: 1962 Comm: ll_ost00_002 Tainted: G        W  O        7.0.0-ktest-2b8c50a-6330a45-20260806-dirty #1 PREEMPT 
00022  lmv(O)
00022 Tainted: [W]=WARN, [O]=OOT_MODULE
00022 Hardware name: QEMU Standard PC (Q35 + ICH9, 2009), BIOS 2025.11-3ubuntu7 03/31/2026
00022 RIP: 0010:osd_create+0x9cf/0xcf0 [osd_wbcfs]
00022  ec(O)
00022 Code: c7 c7 00 c6 7b a1 48 c7 c6 a0 42 7d a1 48 c7 c2 00 4c 7d a1 e8 82 dd 43 ff 48 c7 c7 00 c6 7b a1 e8 c6 6a 44 ff e9 fe fc ff ff <0f> 0b e9 a5 fa ff ff 48 c7 c1 80 44 5d a0 80 e1 07 80 c1 03 38 c1
00022 RSP: 0018:ffffc90001d47878 EFLAGS: 00010246
00022 RAX: 0000000000000000 RBX: ffff888138e04000 RCX: 0000000000000046
00022 RDX: 0000000000000000 RSI: ffff8881b5103b90 RDI: ffff888109d309e8
00022 RBP: ffff8881b5103b00 R08: ffffffff83a16803 R09: 1ffffffff0742d00
00022 R10: dffffc0000000000 R11: fffffbfff0742d01 R12: ffff888192478830
00022 R13: dffffc0000000000 R14: 1ffff110271c0800 R15: 1ffff1103248f142
00022 FS:  0000000000000000(0000) GS:ffff88831e72a000(0000) knlGS:0000000000000000
00022  fid(O)
00022 CS:  0010 DS: 0000 ES: 0000 CR0: 0000000080050033
00022 CR2: 0000559120d6c590 CR3: 0000000004274000 CR4: 0000000000750eb0
00022 PKRU: 55555554
00022 Call Trace:
00022  <TASK>
00022  ? ofd_precreate_objects+0x1bd8/0x3220 [ofd]
00022  fld(O)
00022  ? ofd_create_hdl+0x2015/0x3510 [ofd]
00022  ptlrpc(O)
00022  ? tgt_request_handle+0x23ad/0x3d30 [ptlrpc]
00022  efivarfs
00022  ? ptlrpc_main+0x6359/0x96f0 [ptlrpc]
00022  obdclass(O)
00022  ? __kthread_parkme+0x73/0x130
00022  ksocklnd(O)
00022  ? kthread+0x2cd/0x3a0
00022  ? ptlrpc_start_thread+0x1f10/0x1f10 [ptlrpc]
00022  ? kthread_unuse_mm+0x130/0x130
00022  ? ret_from_fork+0x18c/0x520
00022  lnet(O)
00022  ? kthread_unuse_mm+0x130/0x130
00022  ? ret_from_fork_asm+0x11/0x20
00022  </TASK>
00022  libcfs(O)
00022 ---[ end trace 0000000000000000 ]---
00022 ------------[ cut here ]------------
00022 
00022 WARNING: /home/ktest/git/linux/include/linux/fs.h:889 at osd_create+0x9cf/0xcf0 [osd_wbcfs], CPU#6: ll_ost00_002/1962
00022 CPU: 2 UID: 0 PID: 1998 Comm: ll_ost00_003 Tainted: G        W  O        7.0.0-ktest-2b8c50a-6330a45-20260806-dirty #1 PREEMPT 
00022 Modules linked in: ofd(O) osp(O) mdd(O) lod(O) mdt(O) lquota(O) lfsck(O) mgs(O) osd_wbcfs(O) lustre(O) obdecho(O) mgc(O) mdc(O) lov(O) osc(O)
00022 Tainted: [W]=WARN, [O]=OOT_MODULE
00022  lmv(O) ec(O) fid(O) fld(O) ptlrpc(O) efivarfs obdclass(O) ksocklnd(O) lnet(O) libcfs(O)
00022 CPU: 6 UID: 0 PID: 1962 Comm: ll_ost00_002 Tainted: G        W  O        7.0.0-ktest-2b8c50a-6330a45-20260806-dirty #1 PREEMPT 
00022 Tainted: [W]=WARN, [O]=OOT_MODULE
00022 Hardware name: QEMU Standard PC (Q35 + ICH9, 2009), BIOS 2025.11-3ubuntu7 03/31/2026
00022 Hardware name: QEMU Standard PC (Q35 + ICH9, 2009), BIOS 2025.11-3ubuntu7 03/31/2026
00022 RIP: 0010:osd_create+0x9cf/0xcf0 [osd_wbcfs]
00022 RIP: 0010:osd_create+0x9cf/0xcf0 [osd_wbcfs]
00022 Code: c7 c7 00 c6 7b a1 48 c7 c6 a0 42 7d a1 48 c7 c2 00 4c 7d a1 e8 82 dd 43 ff 48 c7 c7 00 c6 7b a1 e8 c6 6a 44 ff e9 fe fc ff ff <0f> 0b e9 a5 fa ff ff 48 c7 c1 80 44 5d a0 80 e1 07 80 c1 03 38 c1
00022 RSP: 0018:ffffc90001d47878 EFLAGS: 00010246
00022 RAX: 0000000000000000 RBX: ffff888138e03c00 RCX: 0000000000000046
00022 RDX: 0000000000000000 RSI: ffff8881b5103478 RDI: ffff888109d309e8
00022 ------------[ cut here ]------------
00022 WARNING: /home/ktest/git/linux/include/linux/fs.h:889 at osd_create+0x9cf/0xcf0 [osd_wbcfs], CPU#5: llog_process_th/2003
00022 Modules linked in: ofd(O) osp(O) mdd(O) lod(O) mdt(O) lquota(O) lfsck(O) mgs(O) osd_wbcfs(O) lustre(O) obdecho(O) mgc(O) mdc(O) lov(O) osc(O) lmv(O) ec(O) fid(O) fld(O) ptlrpc(O) efivarfs obdclass(O) ksocklnd(O) lnet(O) libcfs(O)
00022 CPU: 5 UID: 0 PID: 2003 Comm: llog_process_th Tainted: G        W  O        7.0.0-ktest-2b8c50a-6330a45-20260806-dirty #1 PREEMPT 
00022 Code: c7 c7 00 c6 7b a1 48 c7 c6 a0 42 7d a1 48 c7 c2 00 4c 7d a1 e8 82 dd 43 ff 48 c7 c7 00 c6 7b a1 e8 c6 6a 44 ff e9 fe fc ff ff <0f> 0b e9 a5 fa ff ff 48 c7 c1 80 44 5d a0 80 e1 07 80 c1 03 38 c1
00022 RSP: 0018:ffffc90008daf878 EFLAGS: 00010246
00022 RAX: 0000000000000000 RBX: ffff888109d2e400 RCX: 0000000000000046
00022 RDX: 0000000000000000 RSI: ffff888120eded38 RDI: ffff8881893789e8
00022 RBP: ffff888120edeca8 R08: ffffffff83a16803 R09: 1ffffffff0742d00
00022 R10: dffffc0000000000 R11: fffffbfff0742d01 R12: ffff888108350830
00022 R13: dffffc0000000000 R14: 1ffff110213a5c80 R15: 1ffff1102106a142
00022 FS:  0000000000000000(0000) GS:ffff88831e52a000(0000) knlGS:0000000000000000
00022 CS:  0010 DS: 0000 ES: 0000 CR0: 0000000080050033
00022 CR2: 0000559120d60aa0 CR3: 0000000004274000 CR4: 0000000000750eb0
00022 PKRU: 55555554
00022 Call Trace:
00022  <TASK>
00022  ? ofd_precreate_objects+0x1bd8/0x3220 [ofd]
00022 RBP: ffff8881b51033e8 R08: ffffffff83a16803 R09: 1ffffffff0742d00
00022  ? ofd_create_hdl+0x2015/0x3510 [ofd]
00022 Tainted: [W]=WARN, [O]=OOT_MODULE
00022 R10: dffffc0000000000 R11: fffffbfff0742d01 R12: ffff888192478830
00022 Hardware name: QEMU Standard PC (Q35 + ICH9, 2009), BIOS 2025.11-3ubuntu7 03/31/2026
00022  ? tgt_request_handle+0x23ad/0x3d30 [ptlrpc]
00022 R13: dffffc0000000000 R14: 1ffff110271c0780 R15: 1ffff1103248f142
00022 RIP: 0010:osd_create+0x9cf/0xcf0 [osd_wbcfs]
00022 FS:  0000000000000000(0000) GS:ffff88831e72a000(0000) knlGS:0000000000000000
00022 Code: c7 c7 00 c6 7b a1 48 c7 c6 a0 42 7d a1 48 c7 c2 00 4c 7d a1 e8 82 dd 43 ff 48 c7 c7 00 c6 7b a1 e8 c6 6a 44 ff e9 fe fc ff ff <0f> 0b e9 a5 fa ff ff 48 c7 c1 80 44 5d a0 80 e1 07 80 c1 03 38 c1
00022 ------------[ cut here ]------------
00022 WARNING: /home/ktest/git/linux/include/linux/fs.h:889 at osd_create+0x9cf/0xcf0 [osd_wbcfs], CPU#8: mdt_out00_001/1918
00022 Modules linked in: ofd(O) osp(O) mdd(O) lod(O) mdt(O)
00022 CS:  0010 DS: 0000 ES: 0000 CR0: 0000000080050033
00022 CR2: 0000559120d6c590 CR3: 0000000004274000 CR4: 0000000000750eb0
00022 PKRU: 55555554
00022 Call Trace:
00022  <TASK>
00022 RSP: 0018:ffffc90008dff6c0 EFLAGS: 00010246
00022  ? ofd_precreate_objects+0x1bd8/0x3220 [ofd]
00022  ? ptlrpc_main+0x6359/0x96f0 [ptlrpc]
00022  ? ofd_create_hdl+0x2015/0x3510 [ofd]
00022  lquota(O)
00022 
00022  ? tgt_request_handle+0x23ad/0x3d30 [ptlrpc]
00022  lfsck(O)
00022  ? __kthread_parkme+0x73/0x130
00022  ? kthread+0x2cd/0x3a0
00022 RAX: 0000000000000000 RBX: ffff888138fc4400 RCX: 0000000000000046
00022  mgs(O)
00022  ? ptlrpc_start_thread+0x1f10/0x1f10 [ptlrpc]
00022 RDX: 0000000000000000 RSI: ffff888120d950d8 RDI: ffff888107b48998
00022  ? ptlrpc_main+0x6359/0x96f0 [ptlrpc]
00022  osd_wbcfs(O)
00022  ? kthread_unuse_mm+0x130/0x130
00022  ? ret_from_fork+0x18c/0x520
00022  ? kthread_unuse_mm+0x130/0x130
00022  ? ret_from_fork_asm+0x11/0x20
00022  </TASK>
00022 ---[ end trace 0000000000000000 ]---
00022 RBP: ffff888120d95048 R08: ffffffff83a16803 R09: 1ffffffff0742d00
00022  ? __kthread_parkme+0x73/0x130
00022  lustre(O) obdecho(O) mgc(O) mdc(O) lov(O) osc(O) lmv(O) ec(O) fid(O) fld(O) ptlrpc(O) efivarfs obdclass(O) ksocklnd(O) lnet(O) libcfs(O)
00022 CPU: 8 UID: 0 PID: 1918 Comm: mdt_out00_001 Tainted: G        W  O        7.0.0-ktest-2b8c50a-6330a45-20260806-dirty #1 PREEMPT 
00022 Tainted: [W]=WARN, [O]=OOT_MODULE
00022 Hardware name: QEMU Standard PC (Q35 + ICH9, 2009), BIOS 2025.11-3ubuntu7 03/31/2026
00022 RIP: 0010:osd_create+0x9cf/0xcf0 [osd_wbcfs]
00022 ------------[ cut here ]------------
00022 Code: c7 c7 00 c6 7b a1 48 c7 c6 a0 42 7d a1 48 c7 c2 00 4c 7d a1 e8 82 dd 43 ff 48 c7 c7 00 c6 7b a1 e8 c6 6a 44 ff e9 fe fc ff ff <0f> 0b e9 a5 fa ff ff 48 c7 c1 80 44 5d a0 80 e1 07 80 c1 03 38 c1
00022 WARNING: /home/ktest/git/linux/include/linux/fs.h:889 at osd_create+0x9cf/0xcf0 [osd_wbcfs], CPU#2: ll_ost00_003/1998
00022 RSP: 0018:ffffc90001c47800 EFLAGS: 00010246
00022 RAX: 0000000000000000 RBX: ffff888139bb9800 RCX: 0000000000000046
00022 RDX: 0000000000000000 RSI: ffff8881b52357f0 RDI: ffff88818a68aa58
00022 RBP: ffff8881b5235760 R08: ffffffff83a16803 R09: 1ffffffff0742d00
00022 R10: dffffc0000000000 R11: fffffbfff0742d01 R12: ffff88818c47c830
00022 R13: dffffc0000000000 R14: 1ffff11027377300 R15: 1ffff1103188f918
00022 FS:  0000000000000000(0000) GS:ffff88831e82a000(0000) knlGS:0000000000000000
00022 Modules linked in:
00022 CS:  0010 DS: 0000 ES: 0000 CR0: 0000000080050033
00022  ofd(O)
00022 R10: dffffc0000000000 R11: fffffbfff0742d01 R12: ffff8881917c8830
00022 CR2: 000055d83c47af00 CR3: 0000000197f8d000 CR4: 0000000000750eb0
00022 PKRU: 55555554
00022 Call Trace:
00022  <TASK>
00022  osp(O) mdd(O) lod(O) mdt(O) lquota(O) lfsck(O) mgs(O) osd_wbcfs(O) lustre(O) obdecho(O) mgc(O) mdc(O) lov(O) osc(O) lmv(O) ec(O) fid(O) fld(O) ptlrpc(O) efivarfs obdclass(O) ksocklnd(O) lnet(O) libcfs(O)
00022  ? kthread+0x2cd/0x3a0
00022 CPU: 2 UID: 0 PID: 1998 Comm: ll_ost00_003 Tainted: G        W  O        7.0.0-ktest-2b8c50a-6330a45-20260806-dirty #1 PREEMPT 
00022 Tainted: [W]=WARN, [O]=OOT_MODULE
00022 Hardware name: QEMU Standard PC (Q35 + ICH9, 2009), BIOS 2025.11-3ubuntu7 03/31/2026
00022 RIP: 0010:osd_create+0x9cf/0xcf0 [osd_wbcfs]
00022 R13: dffffc0000000000 R14: 1ffff110271f8880 R15: 1ffff920011bfef8
00022 Code: c7 c7 00 c6 7b a1 48 c7 c6 a0 42 7d a1 48 c7 c2 00 4c 7d a1 e8 82 dd 43 ff 48 c7 c7 00 c6 7b a1 e8 c6 6a 44 ff e9 fe fc ff ff <0f> 0b e9 a5 fa ff ff 48 c7 c1 80 44 5d a0 80 e1 07 80 c1 03 38 c1
00022 RSP: 0018:ffffc90008daf878 EFLAGS: 00010246
00022 RAX: 0000000000000000 RBX: ffff88811e0adc00 RCX: 0000000000000046
00022 RDX: 0000000000000000 RSI: ffff888120ede620 RDI: ffff8881893789e8
00022 RBP: ffff888120ede590 R08: ffffffff83a16803 R09: 1ffffffff0742d00
00022 R10: dffffc0000000000 R11: fffffbfff0742d01 R12: ffff888108350830
00022 R13: dffffc0000000000 R14: 1ffff11023c15b80 R15: 1ffff1102106a142
00022 FS:  0000000000000000(0000) GS:ffff88831e52a000(0000) knlGS:0000000000000000
00022 CS:  0010 DS: 0000 ES: 0000 CR0: 0000000080050033
00022 FS:  0000000000000000(0000) GS:ffff88831e6aa000(0000) knlGS:0000000000000000
00022 CS:  0010 DS: 0000 ES: 0000 CR0: 0000000080050033
00022  ? out_tx_create_exec+0x277/0x7a0 [ptlrpc]
00022 CR2: 0000559120d60aa0 CR3: 0000000120fd5000 CR4: 0000000000750eb0
00022 PKRU: 55555554
00022  ? ptlrpc_start_thread+0x1f10/0x1f10 [ptlrpc]
00022 CR2: 0000559120d60aa0 CR3: 0000000004274000 CR4: 0000000000750eb0
00022  ? kthread_unuse_mm+0x130/0x130
00022 Call Trace:
00022  ? ret_from_fork+0x18c/0x520
00022  <TASK>
00022  ? kthread_unuse_mm+0x130/0x130
00022  ? ret_from_fork_asm+0x11/0x20
00022  </TASK>
00022  ? dt_find_or_create+0x81a/0x1170 [obdclass]
00022  ? osp_find_or_create_local_file+0x266/0x690 [osp]
00022  ? tx_add_exec+0xd70/0xd70 [ptlrpc]
00022  ? osp_last_used_init+0x22c/0x2150 [osp]
00022  ? client_fid_init+0x636/0x9f0 [fid]
00022 PKRU: 55555554
00022  ? osp_device_alloc+0x19a2/0x2e10 [osp]
00022  ? obd_setup+0x25c/0x960 [obdclass]
00022 ---[ end trace 0000000000000000 ]---
00022 ------------[ cut here ]------------
00022  ? class_setup+0xc7d/0x10e0 [obdclass]
00022  ? out_tx_end+0x3e3/0x1190 [ptlrpc]
00022  ? class_process_config+0x2edb/0x7cb0 [obdclass]
00022  ? __kasan_kmalloc+0x72/0x80
00022 Call Trace:
00022  ? class_config_llog_handler+0x2954/0x4f80 [obdclass]
00022 WARNING: /home/ktest/git/linux/include/linux/fs.h:889 at osd_create+0x9cf/0xcf0 [osd_wbcfs], CPU#6: ll_ost00_002/1962
00022  ? out_handle+0x539f/0x6350 [ptlrpc]
00022  ? class_config_llog_handler+0x2cea/0x4f80 [obdclass]
00022  <TASK>
00022  ? lustre_cfg_rec_free+0x350/0x350 [obdclass]
00022  ? llog_process_thread+0x1fd2/0x4f70 [obdclass]
00022  ? tgt_request_handle+0x23ad/0x3d30 [ptlrpc]
00022  ? _raw_spin_unlock+0x23/0x40
00022 Modules linked in: ofd(O) osp(O) mdd(O) lod(O) mdt(O) lquota(O) lfsck(O) mgs(O) osd_wbcfs(O) lustre(O) obdecho(O) mgc(O) mdc(O) lov(O) osc(O) lmv(O)
00022  ? llog_process_thread_daemonize+0x16d/0x1b0 [obdclass]
00022  ? kthread+0x2cd/0x3a0
00022  ? ofd_precreate_objects+0x1bd8/0x3220 [ofd]
00022  ? llog_process_or_fork+0xc90/0xc90 [obdclass]
00022  ? kthread_unuse_mm+0x130/0x130
00022  ? ret_from_fork+0x18c/0x520
00022  ? kthread_unuse_mm+0x130/0x130
00022  ? ptlrpc_main+0x6359/0x96f0 [ptlrpc]
00022  ? ret_from_fork_asm+0x11/0x20
00022  </TASK>
00022 ---[ end trace 0000000000000000 ]---
00022  ec(O) fid(O) fld(O) ptlrpc(O) efivarfs obdclass(O) ksocklnd(O) lnet(O) libcfs(O)
00022 CPU: 6 UID: 0 PID: 1962 Comm: ll_ost00_002 Tainted: G        W  O        7.0.0-ktest-2b8c50a-6330a45-20260806-dirty #1 PREEMPT 
00022 Tainted: [W]=WARN, [O]=OOT_MODULE
00022 Hardware name: QEMU Standard PC (Q35 + ICH9, 2009), BIOS 2025.11-3ubuntu7 03/31/2026
00022 ------------[ cut here ]------------
00022 WARNING: /home/ktest/git/linux/include/linux/fs.h:889 at osd_create+0x9cf/0xcf0 [osd_wbcfs], CPU#5: llog_process_th/2003
00022 Modules linked in: ofd(O) osp(O) mdd(O) lod(O) mdt(O) lquota(O) lfsck(O) mgs(O) osd_wbcfs(O) lustre(O) obdecho(O) mgc(O) mdc(O) lov(O) osc(O) lmv(O) ec(O) fid(O) fld(O) ptlrpc(O) efivarfs obdclass(O) ksocklnd(O) lnet(O) libcfs(O)
00022  ? __kthread_parkme+0x73/0x130
00022  ? kthread+0x2cd/0x3a0
00022  ? ofd_create_hdl+0x2015/0x3510 [ofd]
00022 RIP: 0010:osd_create+0x9cf/0xcf0 [osd_wbcfs]
00022 CPU: 5 UID: 0 PID: 2003 Comm: llog_process_th Tainted: G        W  O        7.0.0-ktest-2b8c50a-6330a45-20260806-dirty #1 PREEMPT 
00022  ? ptlrpc_start_thread+0x1f10/0x1f10 [ptlrpc]
00022  ? tgt_request_handle+0x23ad/0x3d30 [ptlrpc]
00022  ? kthread_unuse_mm+0x130/0x130
00022  ? ret_from_fork+0x18c/0x520
00022  ? kthread_unuse_mm+0x130/0x130
00022  ? ret_from_fork_asm+0x11/0x20
00022  </TASK>
00022 ---[ end trace 0000000000000000 ]---
00022  ? ptlrpc_main+0x6359/0x96f0 [ptlrpc]
00022 Code: c7 c7 00 c6 7b a1 48 c7 c6 a0 42 7d a1 48 c7 c2 00 4c 7d a1 e8 82 dd 43 ff 48 c7 c7 00 c6 7b a1 e8 c6 6a 44 ff e9 fe fc ff ff <0f> 0b e9 a5 fa ff ff 48 c7 c1 80 44 5d a0 80 e1 07 80 c1 03 38 c1
00022 Tainted: [W]=WARN, [O]=OOT_MODULE
00022  ? __kthread_parkme+0x73/0x130
00022  ? kthread+0x2cd/0x3a0
00022 RSP: 0018:ffffc90001d47878 EFLAGS: 00010246
00022  ? ptlrpc_start_thread+0x1f10/0x1f10 [ptlrpc]
00022 Hardware name: QEMU Standard PC (Q35 + ICH9, 2009), BIOS 2025.11-3ubuntu7 03/31/2026
00022 
00022  ? kthread_unuse_mm+0x130/0x130
00022  ? ret_from_fork+0x18c/0x520
00022  ? kthread_unuse_mm+0x130/0x130
00022  ? ret_from_fork_asm+0x11/0x20
00022  </TASK>
00022 ---[ end trace 0000000000000000 ]---
00022 ------------[ cut here ]------------
00022 WARNING: /home/ktest/git/linux/include/linux/fs.h:889 at osd_create+0x9cf/0xcf0 [osd_wbcfs], CPU#2: ll_ost00_003/1998
00022 Modules linked in: ofd(O) osp(O) mdd(O) lod(O) mdt(O) lquota(O) lfsck(O) mgs(O) osd_wbcfs(O) lustre(O) obdecho(O) mgc(O) mdc(O) lov(O) osc(O) lmv(O) ec(O) fid(O) fld(O) ptlrpc(O) efivarfs obdclass(O) ksocklnd(O) lnet(O) libcfs(O)
00022 CPU: 2 UID: 0 PID: 1998 Comm: ll_ost00_003 Tainted: G        W  O        7.0.0-ktest-2b8c50a-6330a45-20260806-dirty #1 PREEMPT 
00022 Tainted: [W]=WARN, [O]=OOT_MODULE
00022 Hardware name: QEMU Standard PC (Q35 + ICH9, 2009), BIOS 2025.11-3ubuntu7 03/31/2026
00022 RIP: 0010:osd_create+0x9cf/0xcf0 [osd_wbcfs]
00022 Code: c7 c7 00 c6 7b a1 48 c7 c6 a0 42 7d a1 48 c7 c2 00 4c 7d a1 e8 82 dd 43 ff 48 c7 c7 00 c6 7b a1 e8 c6 6a 44 ff e9 fe fc ff ff <0f> 0b e9 a5 fa ff ff 48 c7 c1 80 44 5d a0 80 e1 07 80 c1 03 38 c1
00022 RSP: 0018:ffffc90008daf878 EFLAGS: 00010246
00022 RAX: 0000000000000000 RBX: ffff88811e0af800 RCX: 0000000000000046
00022 RDX: 0000000000000000 RSI: ffff888120eddf08 RDI: ffff8881893789e8
00022 RBP: ffff888120edde78 R08: ffffffff83a16803 R09: 1ffffffff0742d00
00022 R10: dffffc0000000000 R11: fffffbfff0742d01 R12: ffff888108350830
00022 R13: dffffc0000000000 R14: 1ffff11023c15f00 R15: 1ffff1102106a142
00022 FS:  0000000000000000(0000) GS:ffff88831e52a000(0000) knlGS:0000000000000000
00022 CS:  0010 DS: 0000 ES: 0000 CR0: 0000000080050033
00022 CR2: 0000559120d60aa0 CR3: 0000000004274000 CR4: 0000000000750eb0
00022 PKRU: 55555554
00022 Call Trace:
00022 RIP: 0010:osd_create+0x9cf/0xcf0 [osd_wbcfs]
00022 Code: c7 c7 00 c6 7b a1 48 c7 c6 a0 42 7d a1 48 c7 c2 00 4c 7d a1 e8 82 dd 43 ff 48 c7 c7 00 c6 7b a1 e8 c6 6a 44 ff e9 fe fc ff ff <0f> 0b e9 a5 fa ff ff 48 c7 c1 80 44 5d a0 80 e1 07 80 c1 03 38 c1
00022 RSP: 0018:ffffc90008dff6c0 EFLAGS: 00010246
00022 RAX: 0000000000000000 RBX: ffff888138ffc000 RCX: 0000000000000046
00022 RDX: 0000000000000000 RSI: ffff888120d949c0 RDI: ffff888107b48998
00022 RBP: ffff888120d94930 R08: ffffffff83a16803 R09: 1ffffffff0742d00
00022 R10: dffffc0000000000 R11: fffffbfff0742d01 R12: ffff8881917c8830
00022 R13: dffffc0000000000 R14: 1ffff110271ff800 R15: 1ffff920011bfef8
00022 FS:  0000000000000000(0000) GS:ffff88831e6aa000(0000) knlGS:0000000000000000
00022 CS:  0010 DS: 0000 ES: 0000 CR0: 0000000080050033
00022 CR2: 0000559120d60aa0 CR3: 0000000120fd5000 CR4: 0000000000750eb0
00022 PKRU: 55555554
00022 Call Trace:
00022  <TASK>
00022  ? dt_find_or_create+0x81a/0x1170 [obdclass]
00022  ? osp_find_or_create_local_file+0x266/0x690 [osp]
00022  ? osp_last_used_init+0x95c/0x2150 [osp]
00022  ? osp_device_alloc+0x19a2/0x2e10 [osp]
00022  ? obd_setup+0x25c/0x960 [obdclass]
00022 RAX: 0000000000000000 RBX: ffff888138e02800 RCX: 0000000000000046
00022 RDX: 0000000000000000 RSI: ffff8881b5102d60 RDI: ffff888109d309e8
00022 RBP: ffff8881b5102cd0 R08: ffffffff83a16803 R09: 1ffffffff0742d00
00022 R10: dffffc0000000000 R11: fffffbfff0742d01 R12: ffff888192478830
00022 R13: dffffc0000000000 R14: 1ffff110271c0500 R15: 1ffff1103248f142
00022 FS:  0000000000000000(0000) GS:ffff88831e72a000(0000) knlGS:0000000000000000
00022 CS:  0010 DS: 0000 ES: 0000 CR0: 0000000080050033
00022 CR2: 0000559120d6c590 CR3: 0000000004274000 CR4: 0000000000750eb0
00022 PKRU: 55555554
00022  ? class_setup+0xc7d/0x10e0 [obdclass]
00022  ? class_process_config+0x2edb/0x7cb0 [obdclass]
00022  <TASK>
00022  ? __kasan_kmalloc+0x72/0x80
00022  ? class_config_llog_handler+0x2954/0x4f80 [obdclass]
00022  ? class_config_llog_handler+0x2cea/0x4f80 [obdclass]
00022 Call Trace:
00022  ? lustre_cfg_rec_free+0x350/0x350 [obdclass]
00022  <TASK>
00022  ? ofd_precreate_objects+0x1bd8/0x3220 [ofd]
00022  ? ofd_precreate_objects+0x1bd8/0x3220 [ofd]
00022  ? llog_process_thread+0x1fd2/0x4f70 [obdclass]
00022  ? _raw_spin_unlock+0x23/0x40
00022  ? ofd_create_hdl+0x2015/0x3510 [ofd]
00022  ? llog_process_thread_daemonize+0x16d/0x1b0 [obdclass]
00022  ? kthread+0x2cd/0x3a0
00022  ? llog_process_or_fork+0xc90/0xc90 [obdclass]
00022  ? ofd_create_hdl+0x2015/0x3510 [ofd]
00022  ? kthread_unuse_mm+0x130/0x130
00022  ? ret_from_fork+0x18c/0x520
00022  ? kthread_unuse_mm+0x130/0x130
00022  ? ret_from_fork_asm+0x11/0x20
00022  </TASK>
00022 ---[ end trace 0000000000000000 ]---
00022 ------------[ cut here ]------------
00022  ? tgt_request_handle+0x23ad/0x3d30 [ptlrpc]
00022 WARNING: /home/ktest/git/linux/include/linux/fs.h:889 at osd_create+0x9cf/0xcf0 [osd_wbcfs], CPU#5: llog_process_th/2003
00022  ? tgt_request_handle+0x23ad/0x3d30 [ptlrpc]
00022 Modules linked in: ofd(O) osp(O) mdd(O) lod(O) mdt(O) lquota(O) lfsck(O) mgs(O) osd_wbcfs(O)
00022  ? ptlrpc_main+0x6359/0x96f0 [ptlrpc]
00022  ? __kthread_parkme+0x73/0x130
00022  lustre(O)
00022  ? kthread+0x2cd/0x3a0
00022  obdecho(O)
00022  ? ptlrpc_main+0x6359/0x96f0 [ptlrpc]
00022  ? ptlrpc_start_thread+0x1f10/0x1f10 [ptlrpc]
00022  mgc(O) mdc(O) lov(O) osc(O) lmv(O) ec(O) fid(O) fld(O)
00022  ? __kthread_parkme+0x73/0x130
00022  ? kthread+0x2cd/0x3a0
00022  ptlrpc(O)
00022  ? ptlrpc_start_thread+0x1f10/0x1f10 [ptlrpc]
00022  ? kthread_unuse_mm+0x130/0x130
00022  ? kthread_unuse_mm+0x130/0x130
00022  ? ret_from_fork+0x18c/0x520
00022  ? kthread_unuse_mm+0x130/0x130
00022  ? ret_from_fork_asm+0x11/0x20
00022  </TASK>
00022 ---[ end trace 0000000000000000 ]---
00022  efivarfs
00022 ------------[ cut here ]------------
00022 WARNING: /home/ktest/git/linux/include/linux/fs.h:889 at osd_create+0x9cf/0xcf0 [osd_wbcfs], CPU#2: ll_ost00_003/1998
00022 Modules linked in: ofd(O) osp(O) mdd(O) lod(O) mdt(O) lquota(O) lfsck(O) mgs(O) osd_wbcfs(O) lustre(O) obdecho(O) mgc(O) mdc(O) lov(O) osc(O) lmv(O) ec(O) fid(O) fld(O) ptlrpc(O) efivarfs obdclass(O) ksocklnd(O) lnet(O) libcfs(O)
00022 CPU: 2 UID: 0 PID: 1998 Comm: ll_ost00_003 Tainted: G        W  O        7.0.0-ktest-2b8c50a-6330a45-20260806-dirty #1 PREEMPT 
00022  ? ret_from_fork+0x18c/0x520
00022 Tainted: [W]=WARN, [O]=OOT_MODULE
00022 Hardware name: QEMU Standard PC (Q35 + ICH9, 2009), BIOS 2025.11-3ubuntu7 03/31/2026
00022 RIP: 0010:osd_create+0x9cf/0xcf0 [osd_wbcfs]
00022 Code: c7 c7 00 c6 7b a1 48 c7 c6 a0 42 7d a1 48 c7 c2 00 4c 7d a1 e8 82 dd 43 ff 48 c7 c7 00 c6 7b a1 e8 c6 6a 44 ff e9 fe fc ff ff <0f> 0b e9 a5 fa ff ff 48 c7 c1 80 44 5d a0 80 e1 07 80 c1 03 38 c1
00022 RSP: 0018:ffffc90008daf878 EFLAGS: 00010246
00022 RAX: 0000000000000000 RBX: ffff88811e0ac400 RCX: 0000000000000046
00022 RDX: 0000000000000000 RSI: ffff888120edd7f0 RDI: ffff8881893789e8
00022 RBP: ffff888120edd760 R08: ffffffff83a16803 R09: 1ffffffff0742d00
00022 R10: dffffc0000000000 R11: fffffbfff0742d01 R12: ffff888108350830
00022 R13: dffffc0000000000 R14: 1ffff11023c15880 R15: 1ffff1102106a142
00022 FS:  0000000000000000(0000) GS:ffff88831e52a000(0000) knlGS:0000000000000000
00022 CS:  0010 DS: 0000 ES: 0000 CR0: 0000000080050033
00022 CR2: 0000559120d60aa0 CR3: 0000000004274000 CR4: 0000000000750eb0
00022 PKRU: 55555554
00022 Call Trace:
00022  <TASK>
00022  ? ofd_precreate_objects+0x1bd8/0x3220 [ofd]
00022  obdclass(O)
00022  ? ofd_create_hdl+0x2015/0x3510 [ofd]
00022  ? kthread_unuse_mm+0x130/0x130
00022  ? tgt_request_handle+0x23ad/0x3d30 [ptlrpc]
00022  ksocklnd(O)
00022  ? ptlrpc_main+0x6359/0x96f0 [ptlrpc]
00022  ? ret_from_fork_asm+0x11/0x20
00022  ? __kthread_parkme+0x73/0x130
00022  lnet(O)
00022  ? kthread+0x2cd/0x3a0
00022  ? ptlrpc_start_thread+0x1f10/0x1f10 [ptlrpc]
00022  </TASK>
00022  ? kthread_unuse_mm+0x130/0x130
00022  ? ret_from_fork+0x18c/0x520
00022  ? kthread_unuse_mm+0x130/0x130
00022  ? ret_from_fork_asm+0x11/0x20
00022  </TASK>
00022 ---[ end trace 0000000000000000 ]---
00022  libcfs(O)
00022 ------------[ cut here ]------------
00022 WARNING: /home/ktest/git/linux/include/linux/fs.h:889 at osd_create+0x9cf/0xcf0 [osd_wbcfs], CPU#2: ll_ost00_003/1998
00022 Modules linked in: ofd(O) osp(O) mdd(O) lod(O) mdt(O) lquota(O) lfsck(O) mgs(O) osd_wbcfs(O) lustre(O) obdecho(O) mgc(O) mdc(O) lov(O) osc(O) lmv(O) ec(O) fid(O) fld(O) ptlrpc(O) efivarfs obdclass(O) ksocklnd(O) lnet(O) libcfs(O)
00022 CPU: 2 UID: 0 PID: 1998 Comm: ll_ost00_003 Tainted: G        W  O        7.0.0-ktest-2b8c50a-6330a45-20260806-dirty #1 PREEMPT 
00022 Tainted: [W]=WARN, [O]=OOT_MODULE
00022 Hardware name: QEMU Standard PC (Q35 + ICH9, 2009), BIOS 2025.11-3ubuntu7 03/31/2026
00022 RIP: 0010:osd_create+0x9cf/0xcf0 [osd_wbcfs]
00022 ---[ end trace 0000000000000000 ]---
00022 Code: c7 c7 00 c6 7b a1 48 c7 c6 a0 42 7d a1 48 c7 c2 00 4c 7d a1 e8 82 dd 43 ff 48 c7 c7 00 c6 7b a1 e8 c6 6a 44 ff e9 fe fc ff ff <0f> 0b e9 a5 fa ff ff 48 c7 c1 80 44 5d a0 80 e1 07 80 c1 03 38 c1
00022 RSP: 0018:ffffc90008daf878 EFLAGS: 00010246
00022 RAX: 0000000000000000 RBX: ffff88811e0ab800 RCX: 0000000000000046
00022 RDX: 0000000000000000 RSI: ffff888120edd0d8 RDI: ffff8881893789e8
00022 RBP: ffff888120edd048 R08: ffffffff83a16803 R09: 1ffffffff0742d00
00022 R10: dffffc0000000000 R11: fffffbfff0742d01 R12: ffff888108350830
00022 R13: dffffc0000000000 R14: 1ffff11023c15700 R15: 1ffff1102106a142
00022 FS:  0000000000000000(0000) GS:ffff88831e52a000(0000) knlGS:0000000000000000
00022 CS:  0010 DS: 0000 ES: 0000 CR0: 0000000080050033
00022 CR2: 0000559120d60aa0 CR3: 0000000004274000 CR4: 0000000000750eb0
00022 PKRU: 55555554
00022 Call Trace:
00022  <TASK>
00022  ? ofd_precreate_objects+0x1bd8/0x3220 [ofd]
00022 
00022  ? ofd_create_hdl+0x2015/0x3510 [ofd]
00022 ------------[ cut here ]------------
00022 WARNING: /home/ktest/git/linux/include/linux/fs.h:889 at osd_create+0x9cf/0xcf0 [osd_wbcfs], CPU#6: ll_ost00_002/1962
00022 CPU: 5 UID: 0 PID: 2003 Comm: llog_process_th Tainted: G        W  O        7.0.0-ktest-2b8c50a-6330a45-20260806-dirty #1 PREEMPT 
00022 Tainted: [W]=WARN, [O]=OOT_MODULE
00022 Hardware name: QEMU Standard PC (Q35 + ICH9, 2009), BIOS 2025.11-3ubuntu7 03/31/2026
00022 Modules linked in: ofd(O) osp(O) mdd(O) lod(O) mdt(O) lquota(O) lfsck(O)
00022 RIP: 0010:osd_create+0x9cf/0xcf0 [osd_wbcfs]
00022 Code: c7 c7 00 c6 7b a1 48 c7 c6 a0 42 7d a1 48 c7 c2 00 4c 7d a1 e8 82 dd 43 ff 48 c7 c7 00 c6 7b a1 e8 c6 6a 44 ff e9 fe fc ff ff <0f> 0b e9 a5 fa ff ff 48 c7 c1 80 44 5d a0 80 e1 07 80 c1 03 38 c1
00022 RSP: 0018:ffffc90008dff690 EFLAGS: 00010246
00022 RAX: 0000000000000000 RBX: ffff888138ffbc00 RCX: 0000000000000046
00022 RDX: 0000000000000000 RSI: ffff888120d942a8 RDI: ffff888107b48998
00022 RBP: ffff888120d94218 R08: ffffffff83a16803 R09: 1ffffffff0742d00
00022 R10: dffffc0000000000 R11: fffffbfff0742d01 R12: ffff888138fc2000
00022 R13: dffffc0000000000 R14: 1ffff110271ff780 R15: 1ffff110271f840f
00022 FS:  0000000000000000(0000) GS:ffff88831e6aa000(0000) knlGS:0000000000000000
00022 CS:  0010 DS: 0000 ES: 0000 CR0: 0000000080050033
00022 CR2: 0000559120d60aa0 CR3: 0000000120fd5000 CR4: 0000000000750eb0
00022 PKRU: 55555554
00022  mgs(O)
00022  ? tgt_request_handle+0x23ad/0x3d30 [ptlrpc]
00022 Call Trace:
00022  osd_wbcfs(O)
00022  <TASK>
00022  lustre(O)
00022  ? ptlrpc_main+0x6359/0x96f0 [ptlrpc]
00022  ? llog_osd_get_cat_list+0x64d/0x1470 [obdclass]
00022  obdecho(O)
00022  ? osp_sync_init+0x7a6/0x2760 [osp]
00022  ? __kthread_parkme+0x73/0x130
00022  ? kthread+0x2cd/0x3a0
00022  mgc(O)
00022  ? ptlrpc_start_thread+0x1f10/0x1f10 [ptlrpc]
00022  ? is_module_address+0x1b/0x70
00022  mdc(O)
00022  ? kthread_unuse_mm+0x130/0x130
00022  ? ret_from_fork+0x18c/0x520
00022  ? kthread_unuse_mm+0x130/0x130
00022  ? ret_from_fork_asm+0x11/0x20
00022  </TASK>
00022 ---[ end trace 0000000000000000 ]---
00022 ------------[ cut here ]------------
00022  ? osp_device_alloc+0x1b91/0x2e10 [osp]
00022  lov(O) osc(O) lmv(O) ec(O) fid(O) fld(O) ptlrpc(O) efivarfs obdclass(O) ksocklnd(O)
00022  ? obd_setup+0x25c/0x960 [obdclass]
00022  lnet(O) libcfs(O)
00022 WARNING: /home/ktest/git/linux/include/linux/fs.h:889 at osd_create+0x9cf/0xcf0 [osd_wbcfs], CPU#2: ll_ost00_003/1998
00022 CPU: 6 UID: 0 PID: 1962 Comm: ll_ost00_002 Tainted: G        W  O        7.0.0-ktest-2b8c50a-6330a45-20260806-dirty #1 PREEMPT 
00022 Tainted: [W]=WARN, [O]=OOT_MODULE
00022 Hardware name: QEMU Standard PC (Q35 + ICH9, 2009), BIOS 2025.11-3ubuntu7 03/31/2026
00022 RIP: 0010:osd_create+0x9cf/0xcf0 [osd_wbcfs]
00022  ? class_setup+0xc7d/0x10e0 [obdclass]
00022 Modules linked in:
00022  ? class_process_config+0x2edb/0x7cb0 [obdclass]
00022 Code: c7 c7 00 c6 7b a1 48 c7 c6 a0 42 7d a1 48 c7 c2 00 4c 7d a1 e8 82 dd 43 ff 48 c7 c7 00 c6 7b a1 e8 c6 6a 44 ff e9 fe fc ff ff <0f> 0b e9 a5 fa ff ff 48 c7 c1 80 44 5d a0 80 e1 07 80 c1 03 38 c1
00022 RSP: 0018:ffffc90001d47878 EFLAGS: 00010246
00022 RAX: 0000000000000000 RBX: ffff888138918c00 RCX: 0000000000000046
00022 RDX: 0000000000000000 RSI: ffff8881b5102648 RDI: ffff888109d309e8
00022 RBP: ffff8881b51025b8 R08: ffffffff83a16803 R09: 1ffffffff0742d00
00022 R10: dffffc0000000000 R11: fffffbfff0742d01 R12: ffff888192478830
00022 R13: dffffc0000000000 R14: 1ffff11027123180 R15: 1ffff1103248f142
00022  ? __kasan_kmalloc+0x72/0x80
00022  ofd(O)
00022 FS:  0000000000000000(0000) GS:ffff88831e72a000(0000) knlGS:0000000000000000
00022 CS:  0010 DS: 0000 ES: 0000 CR0: 0000000080050033
00022 CR2: 0000559120d6c590 CR3: 0000000004274000 CR4: 0000000000750eb0
00022 PKRU: 55555554
00022 Call Trace:
00022  <TASK>
00022  ? class_config_llog_handler+0x2954/0x4f80 [obdclass]
00022  osp(O)
00022  ? class_config_llog_handler+0x2cea/0x4f80 [obdclass]
00022  ? ofd_precreate_objects+0x1bd8/0x3220 [ofd]
00022  ? lustre_cfg_rec_free+0x350/0x350 [obdclass]
00022  mdd(O)
00022  ? llog_process_thread+0x1fd2/0x4f70 [obdclass]
00022  ? _raw_spin_unlock+0x23/0x40
00022  ? llog_process_thread_daemonize+0x16d/0x1b0 [obdclass]
00022  ? ofd_create_hdl+0x2015/0x3510 [ofd]
00022  ? kthread+0x2cd/0x3a0
00022  ? llog_process_or_fork+0xc90/0xc90 [obdclass]
00022  ? kthread_unuse_mm+0x130/0x130
00022  ? ret_from_fork+0x18c/0x520
00022  ? kthread_unuse_mm+0x130/0x130
00022  ? ret_from_fork_asm+0x11/0x20
00022  </TASK>
00022 ---[ end trace 0000000000000000 ]---
00022  lod(O)
00022 ------------[ cut here ]------------
00022 WARNING: /home/ktest/git/linux/include/linux/fs.h:889 at osd_create+0x9cf/0xcf0 [osd_wbcfs], CPU#5: llog_process_th/2003
00022 Modules linked in: ofd(O) osp(O) mdd(O) lod(O) mdt(O) lquota(O) lfsck(O)
00022  ? tgt_request_handle+0x23ad/0x3d30 [ptlrpc]
00022  mdt(O)
00022  mgs(O) osd_wbcfs(O) lustre(O) obdecho(O) mgc(O) mdc(O) lov(O) osc(O) lmv(O) ec(O)
00022  lquota(O)
00022  ? ptlrpc_main+0x6359/0x96f0 [ptlrpc]
00022  ? __kthread_parkme+0x73/0x130
00022  ? kthread+0x2cd/0x3a0
00022  fid(O) fld(O) ptlrpc(O) efivarfs obdclass(O) ksocklnd(O) lnet(O) libcfs(O)
00022 CPU: 5 UID: 0 PID: 2003 Comm: llog_process_th Tainted: G        W  O        7.0.0-ktest-2b8c50a-6330a45-20260806-dirty #1 PREEMPT 
00022  ? ptlrpc_start_thread+0x1f10/0x1f10 [ptlrpc]
00022  ? kthread_unuse_mm+0x130/0x130
00022  ? ret_from_fork+0x18c/0x520
00022  ? kthread_unuse_mm+0x130/0x130
00022  ? ret_from_fork_asm+0x11/0x20
00022  </TASK>
00022 ---[ end trace 0000000000000000 ]---
00022 ------------[ cut here ]------------
00022 WARNING: /home/ktest/git/linux/include/linux/fs.h:889 at osd_create+0x9cf/0xcf0 [osd_wbcfs], CPU#6: ll_ost00_002/1962
00022 Modules linked in: ofd(O)
00022  lfsck(O) mgs(O) osd_wbcfs(O) lustre(O) obdecho(O) mgc(O) mdc(O) lov(O) osc(O) lmv(O) ec(O) fid(O) fld(O) ptlrpc(O) efivarfs obdclass(O) ksocklnd(O) lnet(O) libcfs(O)
00022 CPU: 2 UID: 0 PID: 1998 Comm: ll_ost00_003 Tainted: G        W  O        7.0.0-ktest-2b8c50a-6330a45-20260806-dirty #1 PREEMPT 
00022 Tainted: [W]=WARN, [O]=OOT_MODULE
00022 Hardware name: QEMU Standard PC (Q35 + ICH9, 2009), BIOS 2025.11-3ubuntu7 03/31/2026
00022 RIP: 0010:osd_create+0x9cf/0xcf0 [osd_wbcfs]
00022 Code: c7 c7 00 c6 7b a1 48 c7 c6 a0 42 7d a1 48 c7 c2 00 4c 7d a1 e8 82 dd 43 ff 48 c7 c7 00 c6 7b a1 e8 c6 6a 44 ff e9 fe fc ff ff <0f> 0b e9 a5 fa ff ff 48 c7 c1 80 44 5d a0 80 e1 07 80 c1 03 38 c1
00022 RSP: 0018:ffffc90008daf878 EFLAGS: 00010246
00022 RAX: 0000000000000000 RBX: ffff88811e0aa000 RCX: 0000000000000046
00022 RDX: 0000000000000000 RSI: ffff888120edc9c0 RDI: ffff8881893789e8
00022 RBP: ffff888120edc930 R08: ffffffff83a16803 R09: 1ffffffff0742d00
00022 R10: dffffc0000000000 R11: fffffbfff0742d01 R12: ffff888108350830
00022 R13: dffffc0000000000 R14: 1ffff11023c15400 R15: 1ffff1102106a142
00022 Tainted: [W]=WARN, [O]=OOT_MODULE
00022 FS:  0000000000000000(0000) GS:ffff88831e52a000(0000) knlGS:0000000000000000
00022 CS:  0010 DS: 0000 ES: 0000 CR0: 0000000080050033
00022 CR2: 0000559120d60aa0 CR3: 0000000004274000 CR4: 0000000000750eb0
00022 PKRU: 55555554
00022 Call Trace:
00022  <TASK>
00022  ? ofd_precreate_objects+0x1bd8/0x3220 [ofd]
00022  ? ofd_create_hdl+0x2015/0x3510 [ofd]
00022  osp(O)
00022  ? tgt_request_handle+0x23ad/0x3d30 [ptlrpc]
00022 Hardware name: QEMU Standard PC (Q35 + ICH9, 2009), BIOS 2025.11-3ubuntu7 03/31/2026
00022  mdd(O)
00022  ? ptlrpc_main+0x6359/0x96f0 [ptlrpc]
00022 RIP: 0010:osd_create+0x9cf/0xcf0 [osd_wbcfs]
00022  ? __kthread_parkme+0x73/0x130
00022  lod(O)
00022  ? kthread+0x2cd/0x3a0
00022  ? ptlrpc_start_thread+0x1f10/0x1f10 [ptlrpc]
00022 Code: c7 c7 00 c6 7b a1 48 c7 c6 a0 42 7d a1 48 c7 c2 00 4c 7d a1 e8 82 dd 43 ff 48 c7 c7 00 c6 7b a1 e8 c6 6a 44 ff e9 fe fc ff ff <0f> 0b e9 a5 fa ff ff 48 c7 c1 80 44 5d a0 80 e1 07 80 c1 03 38 c1
00022  mdt(O)
00022  ? kthread_unuse_mm+0x130/0x130
00022  ? ret_from_fork+0x18c/0x520
00022  ? kthread_unuse_mm+0x130/0x130
00022  ? ret_from_fork_asm+0x11/0x20
00022  </TASK>
00022 ---[ end trace 0000000000000000 ]---
00022 RSP: 0018:ffffc90008dff5b0 EFLAGS: 00010246
00022 ------------[ cut here ]------------
00022  lquota(O)
00022 WARNING: /home/ktest/git/linux/include/linux/fs.h:889 at osd_create+0x9cf/0xcf0 [osd_wbcfs], CPU#2: ll_ost00_003/1998
00022 Modules linked in: ofd(O) osp(O) mdd(O) lod(O) mdt(O) lquota(O) lfsck(O) mgs(O) osd_wbcfs(O) lustre(O) obdecho(O) mgc(O) mdc(O) lov(O) osc(O) lmv(O) ec(O) fid(O) fld(O) ptlrpc(O) efivarfs obdclass(O) ksocklnd(O) lnet(O) libcfs(O)
00022 CPU: 2 UID: 0 PID: 1998 Comm: ll_ost00_003 Tainted: G        W  O        7.0.0-ktest-2b8c50a-6330a45-20260806-dirty #1 PREEMPT 
00022 Tainted: [W]=WARN, [O]=OOT_MODULE
00022 Hardware name: QEMU Standard PC (Q35 + ICH9, 2009), BIOS 2025.11-3ubuntu7 03/31/2026
00022 RIP: 0010:osd_create+0x9cf/0xcf0 [osd_wbcfs]
00022 Code: c7 c7 00 c6 7b a1 48 c7 c6 a0 42 7d a1 48 c7 c2 00 4c 7d a1 e8 82 dd 43 ff 48 c7 c7 00 c6 7b a1 e8 c6 6a 44 ff e9 fe fc ff ff <0f> 0b e9 a5 fa ff ff 48 c7 c1 80 44 5d a0 80 e1 07 80 c1 03 38 c1
00022 RSP: 0018:ffffc90008daf878 EFLAGS: 00010246
00022 RAX: 0000000000000000 RBX: ffff88811e0a8400 RCX: 0000000000000046
00022 RDX: 0000000000000000 RSI: ffff888120edc2a8 RDI: ffff8881893789e8
00022 RBP: ffff888120edc218 R08: ffffffff83a16803 R09: 1ffffffff0742d00
00022 R10: dffffc0000000000 R11: fffffbfff0742d01 R12: ffff888108350830
00022 R13: dffffc0000000000 R14: 1ffff11023c15080 R15: 1ffff1102106a142
00022 FS:  0000000000000000(0000) GS:ffff88831e52a000(0000) knlGS:0000000000000000
00022 CS:  0010 DS: 0000 ES: 0000 CR0: 0000000080050033
00022 CR2: 0000559120d60aa0 CR3: 0000000004274000 CR4: 0000000000750eb0
00022 PKRU: 55555554
00022 Call Trace:
00022  <TASK>
00022 
00022 RAX: 0000000000000000 RBX: ffff888138ffb000 RCX: 0000000000000046
00022  ? ofd_precreate_objects+0x1bd8/0x3220 [ofd]
00022  ? ofd_create_hdl+0x2015/0x3510 [ofd]
00022  lfsck(O)
00022 RDX: 0000000000000000 RSI: ffff888120d93b90 RDI: ffff888107b48998
00022  mgs(O)
00022  ? tgt_request_handle+0x23ad/0x3d30 [ptlrpc]
00022 RBP: ffff888120d93b00 R08: ffffffff83a16803 R09: 1ffffffff0742d00
00022 R10: dffffc0000000000 R11: fffffbfff0742d01 R12: ffff888138fc2000
00022  ? ptlrpc_main+0x6359/0x96f0 [ptlrpc]
00022  osd_wbcfs(O)
00022 R13: dffffc0000000000 R14: 1ffff110271ff600 R15: 1ffff110271f840f
00022  ? __kthread_parkme+0x73/0x130
00022  ? kthread+0x2cd/0x3a0
00022  ? ptlrpc_start_thread+0x1f10/0x1f10 [ptlrpc]
00022  lustre(O)
00022  ? kthread_unuse_mm+0x130/0x130
00022  ? ret_from_fork+0x18c/0x520
00022  ? kthread_unuse_mm+0x130/0x130
00022  ? ret_from_fork_asm+0x11/0x20
00022  </TASK>
00022 ---[ end trace 0000000000000000 ]---
00022 FS:  0000000000000000(0000) GS:ffff88831e6aa000(0000) knlGS:0000000000000000
00022 ------------[ cut here ]------------
00022 WARNING: /home/ktest/git/linux/include/linux/fs.h:889 at osd_create+0x9cf/0xcf0 [osd_wbcfs], CPU#2: ll_ost00_003/1998
00022 Modules linked in: ofd(O) osp(O) mdd(O) lod(O) mdt(O) lquota(O) lfsck(O) mgs(O) osd_wbcfs(O) lustre(O) obdecho(O) mgc(O) mdc(O) lov(O) osc(O) lmv(O) ec(O) fid(O) fld(O) ptlrpc(O) efivarfs obdclass(O) ksocklnd(O) lnet(O) libcfs(O)
00022 CPU: 2 UID: 0 PID: 1998 Comm: ll_ost00_003 Tainted: G        W  O        7.0.0-ktest-2b8c50a-6330a45-20260806-dirty #1 PREEMPT 
00022 Tainted: [W]=WARN, [O]=OOT_MODULE
00022 Hardware name: QEMU Standard PC (Q35 + ICH9, 2009), BIOS 2025.11-3ubuntu7 03/31/2026
00022 RIP: 0010:osd_create+0x9cf/0xcf0 [osd_wbcfs]
00022 Code: c7 c7 00 c6 7b a1 48 c7 c6 a0 42 7d a1 48 c7 c2 00 4c 7d a1 e8 82 dd 43 ff 48 c7 c7 00 c6 7b a1 e8 c6 6a 44 ff e9 fe fc ff ff <0f> 0b e9 a5 fa ff ff 48 c7 c1 80 44 5d a0 80 e1 07 80 c1 03 38 c1
00022 RSP: 0018:ffffc90008daf878 EFLAGS: 00010246
00022 RAX: 0000000000000000 RBX: ffff888135414800 RCX: 0000000000000046
00022 RDX: 0000000000000000 RSI: ffff888120edbb90 RDI: ffff8881893789e8
00022 RBP: ffff888120edbb00 R08: ffffffff83a16803 R09: 1ffffffff0742d00
00022 R10: dffffc0000000000 R11: fffffbfff0742d01 R12: ffff888108350830
00022 R13: dffffc0000000000 R14: 1ffff11026a82900 R15: 1ffff1102106a142
00022 FS:  0000000000000000(0000) GS:ffff88831e52a000(0000) knlGS:0000000000000000
00022 CS:  0010 DS: 0000 ES: 0000 CR0: 0000000080050033
00022 CR2: 0000559120d60aa0 CR3: 0000000004274000 CR4: 0000000000750eb0
00022 PKRU: 55555554
00022 Call Trace:
00022  <TASK>
00022  obdecho(O)
00022  ? ofd_precreate_objects+0x1bd8/0x3220 [ofd]
00022  ? ofd_create_hdl+0x2015/0x3510 [ofd]
00022 CS:  0010 DS: 0000 ES: 0000 CR0: 0000000080050033
00022  ? tgt_request_handle+0x23ad/0x3d30 [ptlrpc]
00022  mgc(O)
00022  ? ptlrpc_main+0x6359/0x96f0 [ptlrpc]
00022 CR2: 0000559120d60aa0 CR3: 0000000120fd5000 CR4: 0000000000750eb0
00022  ? __kthread_parkme+0x73/0x130
00022  mdc(O)
00022  ? kthread+0x2cd/0x3a0
00022  ? ptlrpc_start_thread+0x1f10/0x1f10 [ptlrpc]
00022 PKRU: 55555554
00022  ? kthread_unuse_mm+0x130/0x130
00022  lov(O)
00022  ? ret_from_fork+0x18c/0x520
00022  ? kthread_unuse_mm+0x130/0x130
00022  ? ret_from_fork_asm+0x11/0x20
00022  </TASK>
00022 ---[ end trace 0000000000000000 ]---
00022 ------------[ cut here ]------------
00022 WARNING: /home/ktest/git/linux/include/linux/fs.h:889 at osd_create+0x9cf/0xcf0 [osd_wbcfs], CPU#2: ll_ost00_003/1998
00022 Modules linked in: ofd(O) osp(O) mdd(O) lod(O) mdt(O) lquota(O) lfsck(O) mgs(O) osd_wbcfs(O) lustre(O) obdecho(O) mgc(O) mdc(O) lov(O) osc(O) lmv(O) ec(O) fid(O) fld(O) ptlrpc(O) efivarfs obdclass(O) ksocklnd(O) lnet(O) libcfs(O)
00022 CPU: 2 UID: 0 PID: 1998 Comm: ll_ost00_003 Tainted: G        W  O        7.0.0-ktest-2b8c50a-6330a45-20260806-dirty #1 PREEMPT 
00022 Tainted: [W]=WARN, [O]=OOT_MODULE
00022 Hardware name: QEMU Standard PC (Q35 + ICH9, 2009), BIOS 2025.11-3ubuntu7 03/31/2026
00022 Call Trace:
00022 RIP: 0010:osd_create+0x9cf/0xcf0 [osd_wbcfs]
00022 Code: c7 c7 00 c6 7b a1 48 c7 c6 a0 42 7d a1 48 c7 c2 00 4c 7d a1 e8 82 dd 43 ff 48 c7 c7 00 c6 7b a1 e8 c6 6a 44 ff e9 fe fc ff ff <0f> 0b e9 a5 fa ff ff 48 c7 c1 80 44 5d a0 80 e1 07 80 c1 03 38 c1
00022 RSP: 0018:ffffc90008daf878 EFLAGS: 00010246
00022 RAX: 0000000000000000 RBX: ffff888135414400 RCX: 0000000000000046
00022 RDX: 0000000000000000 RSI: ffff888120edb478 RDI: ffff8881893789e8
00022 RBP: ffff888120edb3e8 R08: ffffffff83a16803 R09: 1ffffffff0742d00
00022 R10: dffffc0000000000 R11: fffffbfff0742d01 R12: ffff888108350830
00022 R13: dffffc0000000000 R14: 1ffff11026a82880 R15: 1ffff1102106a142
00022 FS:  0000000000000000(0000) GS:ffff88831e52a000(0000) knlGS:0000000000000000
00022 CS:  0010 DS: 0000 ES: 0000 CR0: 0000000080050033
00022 CR2: 0000559120d60aa0 CR3: 0000000004274000 CR4: 0000000000750eb0
00022 PKRU: 55555554
00022 Call Trace:
00022  <TASK>
00022  ? ofd_precreate_objects+0x1bd8/0x3220 [ofd]
00022  osc(O)
00022  ? ofd_create_hdl+0x2015/0x3510 [ofd]
00022  <TASK>
00022  ? tgt_request_handle+0x23ad/0x3d30 [ptlrpc]
00022  lmv(O)
00022  ? ptlrpc_main+0x6359/0x96f0 [ptlrpc]
00022  ? local_object_create+0x109/0x640 [obdclass]
00022  ec(O)
00022  ? __kthread_parkme+0x73/0x130
00022  ? kthread+0x2cd/0x3a0
00022  ? dt_write_lock+0x16d/0x2a0 [obdclass]
00022  ? ptlrpc_start_thread+0x1f10/0x1f10 [ptlrpc]
00022  fid(O)
00022  ? kthread_unuse_mm+0x130/0x130
00022  ? ret_from_fork+0x18c/0x520
00022  ? kthread_unuse_mm+0x130/0x130
00022  ? ret_from_fork_asm+0x11/0x20
00022  </TASK>
00022  ? llog_osd_create+0x356/0x1140 [obdclass]
00022  fld(O) ptlrpc(O) efivarfs obdclass(O) ksocklnd(O) lnet(O) libcfs(O)
00022 CPU: 6 UID: 0 PID: 1962 Comm: ll_ost00_002 Tainted: G        W  O        7.0.0-ktest-2b8c50a-6330a45-20260806-dirty #1 PREEMPT 
00022 Tainted: [W]=WARN, [O]=OOT_MODULE
00022  ? llog_create+0x2ed/0x530 [obdclass]
00022 ---[ end trace 0000000000000000 ]---
00022  ? llog_open_create+0x5af/0xb10 [obdclass]
00022 Hardware name: QEMU Standard PC (Q35 + ICH9, 2009), BIOS 2025.11-3ubuntu7 03/31/2026
00022 RIP: 0010:osd_create+0x9cf/0xcf0 [osd_wbcfs]
00022 ------------[ cut here ]------------
00022 WARNING: /home/ktest/git/linux/include/linux/fs.h:889 at osd_create+0x9cf/0xcf0 [osd_wbcfs], CPU#2: ll_ost00_003/1998
00022 Code: c7 c7 00 c6 7b a1 48 c7 c6 a0 42 7d a1 48 c7 c2 00 4c 7d a1 e8 82 dd 43 ff 48 c7 c7 00 c6 7b a1 e8 c6 6a 44 ff e9 fe fc ff ff <0f> 0b e9 a5 fa ff ff 48 c7 c1 80 44 5d a0 80 e1 07 80 c1 03 38 c1
00022 Modules linked in: ofd(O) osp(O) mdd(O) lod(O) mdt(O) lquota(O) lfsck(O) mgs(O) osd_wbcfs(O) lustre(O) obdecho(O) mgc(O) mdc(O) lov(O) osc(O) lmv(O) ec(O) fid(O) fld(O) ptlrpc(O)
00022  ? osp_sync_init+0xfc0/0x2760 [osp]
00022  ? osp_device_alloc+0x1b91/0x2e10 [osp]
00022 RSP: 0018:ffffc90001d47878 EFLAGS: 00010246
00022 RAX: 0000000000000000 RBX: ffff888138918400 RCX: 0000000000000046
00022 RDX: 0000000000000000 RSI: ffff8881b5101f30 RDI: ffff888109d309e8
00022 RBP: ffff8881b5101ea0 R08: ffffffff83a16803 R09: 1ffffffff0742d00
00022 R10: dffffc0000000000 R11: fffffbfff0742d01 R12: ffff888192478830
00022 R13: dffffc0000000000 R14: 1ffff11027123080 R15: 1ffff1103248f142
00022 FS:  0000000000000000(0000) GS:ffff88831e72a000(0000) knlGS:0000000000000000
00022  ? obd_setup+0x25c/0x960 [obdclass]
00022  efivarfs
00022 CS:  0010 DS: 0000 ES: 0000 CR0: 0000000080050033
00022 CR2: 0000559120d6c590 CR3: 0000000004274000 CR4: 0000000000750eb0
00022 PKRU: 55555554
00022 Call Trace:
00022  <TASK>
00022  ? ofd_precreate_objects+0x1bd8/0x3220 [ofd]
00022  ? ofd_create_hdl+0x2015/0x3510 [ofd]
00022  obdclass(O)
00022  ? tgt_request_handle+0x23ad/0x3d30 [ptlrpc]
00022  ? class_setup+0xc7d/0x10e0 [obdclass]
00022  ksocklnd(O)
00022  ? ptlrpc_main+0x6359/0x96f0 [ptlrpc]
00022  ? class_process_config+0x2edb/0x7cb0 [obdclass]
00022  lnet(O)
00022  ? __kthread_parkme+0x73/0x130
00022  ? kthread+0x2cd/0x3a0
00022  ? __kasan_kmalloc+0x72/0x80
00022  ? ptlrpc_start_thread+0x1f10/0x1f10 [ptlrpc]
00022  libcfs(O)
00022  ? class_config_llog_handler+0x2954/0x4f80 [obdclass]
00022 
00022  ? kthread_unuse_mm+0x130/0x130
00022  ? ret_from_fork+0x18c/0x520
00022  ? kthread_unuse_mm+0x130/0x130
00022  ? class_config_llog_handler+0x2cea/0x4f80 [obdclass]
00022 CPU: 2 UID: 0 PID: 1998 Comm: ll_ost00_003 Tainted: G        W  O        7.0.0-ktest-2b8c50a-6330a45-20260806-dirty #1 PREEMPT 
00022  ? lustre_cfg_rec_free+0x350/0x350 [obdclass]
00022  ? ret_from_fork_asm+0x11/0x20
00022  </TASK>
00022 ---[ end trace 0000000000000000 ]---
00022 Tainted: [W]=WARN, [O]=OOT_MODULE
00022  ? llog_process_thread+0x1fd2/0x4f70 [obdclass]
00022 ------------[ cut here ]------------
00022 WARNING: /home/ktest/git/linux/include/linux/fs.h:889 at osd_create+0x9cf/0xcf0 [osd_wbcfs], CPU#6: ll_ost00_002/1962
00022 Modules linked in: ofd(O) osp(O) mdd(O) lod(O) mdt(O) lquota(O) lfsck(O) mgs(O) osd_wbcfs(O) lustre(O) obdecho(O) mgc(O) mdc(O) lov(O) osc(O) lmv(O) ec(O) fid(O) fld(O) ptlrpc(O) efivarfs obdclass(O) ksocklnd(O) lnet(O) libcfs(O)
00022 CPU: 6 UID: 0 PID: 1962 Comm: ll_ost00_002 Tainted: G        W  O        7.0.0-ktest-2b8c50a-6330a45-20260806-dirty #1 PREEMPT 
00022 Tainted: [W]=WARN, [O]=OOT_MODULE
00022 Hardware name: QEMU Standard PC (Q35 + ICH9, 2009), BIOS 2025.11-3ubuntu7 03/31/2026
00022 RIP: 0010:osd_create+0x9cf/0xcf0 [osd_wbcfs]
00022 Code: c7 c7 00 c6 7b a1 48 c7 c6 a0 42 7d a1 48 c7 c2 00 4c 7d a1 e8 82 dd 43 ff 48 c7 c7 00 c6 7b a1 e8 c6 6a 44 ff e9 fe fc ff ff <0f> 0b e9 a5 fa ff ff 48 c7 c1 80 44 5d a0 80 e1 07 80 c1 03 38 c1
00022 RSP: 0018:ffffc90001d47878 EFLAGS: 00010246
00022 RAX: 0000000000000000 RBX: ffff888138918000 RCX: 0000000000000046
00022 RDX: 0000000000000000 RSI: ffff8881b5101818 RDI: ffff888109d309e8
00022 RBP: ffff8881b5101788 R08: ffffffff83a16803 R09: 1ffffffff0742d00
00022 R10: dffffc0000000000 R11: fffffbfff0742d01 R12: ffff888192478830
00022 R13: dffffc0000000000 R14: 1ffff11027123000 R15: 1ffff1103248f142
00022 FS:  0000000000000000(0000) GS:ffff88831e72a000(0000) knlGS:0000000000000000
00022 CS:  0010 DS: 0000 ES: 0000 CR0: 0000000080050033
00022 CR2: 0000559120d6c590 CR3: 0000000004274000 CR4: 0000000000750eb0
00022 PKRU: 55555554
00022 Call Trace:
00022  <TASK>
00022  ? ofd_precreate_objects+0x1bd8/0x3220 [ofd]
00022  ? ofd_create_hdl+0x2015/0x3510 [ofd]
00022 Hardware name: QEMU Standard PC (Q35 + ICH9, 2009), BIOS 2025.11-3ubuntu7 03/31/2026
00022  ? _raw_spin_unlock+0x23/0x40
00022  ? tgt_request_handle+0x23ad/0x3d30 [ptlrpc]
00022 RIP: 0010:osd_create+0x9cf/0xcf0 [osd_wbcfs]
00022  ? llog_process_thread_daemonize+0x16d/0x1b0 [obdclass]
00022  ? ptlrpc_main+0x6359/0x96f0 [ptlrpc]
00022  ? __kthread_parkme+0x73/0x130
00022 Code: c7 c7 00 c6 7b a1 48 c7 c6 a0 42 7d a1 48 c7 c2 00 4c 7d a1 e8 82 dd 43 ff 48 c7 c7 00 c6 7b a1 e8 c6 6a 44 ff e9 fe fc ff ff <0f> 0b e9 a5 fa ff ff 48 c7 c1 80 44 5d a0 80 e1 07 80 c1 03 38 c1
00022 RSP: 0018:ffffc90008daf878 EFLAGS: 00010246
00022 RAX: 0000000000000000 RBX: ffff888135411000 RCX: 0000000000000046
00022 RDX: 0000000000000000 RSI: ffff888120edad60 RDI: ffff8881893789e8
00022 RBP: ffff888120edacd0 R08: ffffffff83a16803 R09: 1ffffffff0742d00
00022 R10: dffffc0000000000 R11: fffffbfff0742d01 R12: ffff888108350830
00022 R13: dffffc0000000000 R14: 1ffff11026a82200 R15: 1ffff1102106a142
00022 FS:  0000000000000000(0000) GS:ffff88831e52a000(0000) knlGS:0000000000000000
00022 CS:  0010 DS: 0000 ES: 0000 CR0: 0000000080050033
00022 CR2: 0000559120d60aa0 CR3: 0000000004274000 CR4: 0000000000750eb0
00022 PKRU: 55555554
00022  ? kthread+0x2cd/0x3a0
00022 Call Trace:
00022  <TASK>
00022  ? ofd_precreate_objects+0x1bd8/0x3220 [ofd]
00022  ? ofd_create_hdl+0x2015/0x3510 [ofd]
00022  ? tgt_request_handle+0x23ad/0x3d30 [ptlrpc]
00022  ? kthread+0x2cd/0x3a0
00022  ? llog_process_or_fork+0xc90/0xc90 [obdclass]
00022  ? ptlrpc_main+0x6359/0x96f0 [ptlrpc]
00022  ? ptlrpc_start_thread+0x1f10/0x1f10 [ptlrpc]
00022  ? kthread_unuse_mm+0x130/0x130
00022  ? ret_from_fork+0x18c/0x520
00022  ? kthread_unuse_mm+0x130/0x130
00022  ? __kthread_parkme+0x73/0x130
00022  ? kthread+0x2cd/0x3a0
00022  ? ret_from_fork_asm+0x11/0x20
00022  ? ptlrpc_start_thread+0x1f10/0x1f10 [ptlrpc]
00022  ? kthread_unuse_mm+0x130/0x130
00022  </TASK>
00022  ? ret_from_fork+0x18c/0x520
00022  ? kthread_unuse_mm+0x130/0x130
00022  ? ret_from_fork+0x18c/0x520
00022  ? kthread_unuse_mm+0x130/0x130
00022  ? ret_from_fork_asm+0x11/0x20
00022  </TASK>
00022 ---[ end trace 0000000000000000 ]---
00022 ---[ end trace 0000000000000000 ]---
00022 ------------[ cut here ]------------
00022 WARNING: /home/ktest/git/linux/include/linux/fs.h:889 at osd_create+0x9cf/0xcf0 [osd_wbcfs], CPU#2: ll_ost00_003/1998
00022 Modules linked in: ofd(O) osp(O) mdd(O) lod(O) mdt(O) lquota(O) lfsck(O) mgs(O) osd_wbcfs(O) lustre(O) obdecho(O) mgc(O) mdc(O) lov(O) osc(O) lmv(O) ec(O) fid(O) fld(O) ptlrpc(O) efivarfs obdclass(O) ksocklnd(O) lnet(O) libcfs(O)
00022 CPU: 2 UID: 0 PID: 1998 Comm: ll_ost00_003 Tainted: G        W  O        7.0.0-ktest-2b8c50a-6330a45-20260806-dirty #1 PREEMPT 
00022 Tainted: [W]=WARN, [O]=OOT_MODULE
00022 Hardware name: QEMU Standard PC (Q35 + ICH9, 2009), BIOS 2025.11-3ubuntu7 03/31/2026
00022 RIP: 0010:osd_create+0x9cf/0xcf0 [osd_wbcfs]
00022 Code: c7 c7 00 c6 7b a1 48 c7 c6 a0 42 7d a1 48 c7 c2 00 4c 7d a1 e8 82 dd 43 ff 48 c7 c7 00 c6 7b a1 e8 c6 6a 44 ff e9 fe fc ff ff <0f> 0b e9 a5 fa ff ff 48 c7 c1 80 44 5d a0 80 e1 07 80 c1 03 38 c1
00022 RSP: 0018:ffffc90008daf878 EFLAGS: 00010246
00022 RAX: 0000000000000000 RBX: ffff888135413400 RCX: 0000000000000046
00022 RDX: 0000000000000000 RSI: ffff888197b12648 RDI: ffff8881893789e8
00022  ? kthread_unuse_mm+0x130/0x130
00022 RBP: ffff888197b125b8 R08: ffffffff83a16803 R09: 1ffffffff0742d00
00022 R10: dffffc0000000000 R11: fffffbfff0742d01 R12: ffff888108350830
00022 R13: dffffc0000000000 R14: 1ffff11026a82680 R15: 1ffff1102106a142
00022 FS:  0000000000000000(0000) GS:ffff88831e52a000(0000) knlGS:0000000000000000
00022 CS:  0010 DS: 0000 ES: 0000 CR0: 0000000080050033
00022 CR2: 0000559120d60aa0 CR3: 0000000004274000 CR4: 0000000000750eb0
00022 PKRU: 55555554
00022 Call Trace:
00022  <TASK>
00022  ? ofd_precreate_objects+0x1bd8/0x3220 [ofd]
00022  ? ofd_create_hdl+0x2015/0x3510 [ofd]
00022  ? tgt_request_handle+0x23ad/0x3d30 [ptlrpc]
00022 ------------[ cut here ]------------
00022 WARNING: /home/ktest/git/linux/include/linux/fs.h:889 at osd_create+0x9cf/0xcf0 [osd_wbcfs], CPU#5: llog_process_th/2003
00022 Modules linked in: ofd(O) osp(O) mdd(O) lod(O) mdt(O) lquota(O) lfsck(O) mgs(O) osd_wbcfs(O) lustre(O) obdecho(O) mgc(O) mdc(O) lov(O) osc(O) lmv(O) ec(O) fid(O) fld(O) ptlrpc(O) efivarfs obdclass(O) ksocklnd(O) lnet(O) libcfs(O)
00022 CPU: 5 UID: 0 PID: 2003 Comm: llog_process_th Tainted: G        W  O        7.0.0-ktest-2b8c50a-6330a45-20260806-dirty #1 PREEMPT 
00022 Tainted: [W]=WARN, [O]=OOT_MODULE
00022 Hardware name: QEMU Standard PC (Q35 + ICH9, 2009), BIOS 2025.11-3ubuntu7 03/31/2026
00022 RIP: 0010:osd_create+0x9cf/0xcf0 [osd_wbcfs]
00022 Code: c7 c7 00 c6 7b a1 48 c7 c6 a0 42 7d a1 48 c7 c2 00 4c 7d a1 e8 82 dd 43 ff 48 c7 c7 00 c6 7b a1 e8 c6 6a 44 ff e9 fe fc ff ff <0f> 0b e9 a5 fa ff ff 48 c7 c1 80 44 5d a0 80 e1 07 80 c1 03 38 c1
00022 RSP: 0018:ffffc90008dff450 EFLAGS: 00010246
00022 RAX: 0000000000000000 RBX: ffff888138ffa800 RCX: 0000000000000046
00022 RDX: 0000000000000000 RSI: ffff888120d93478 RDI: ffff888107b489c0
00022 RBP: ffff888120d933e8 R08: ffffffff83a16803 R09: 1ffffffff0742d00
00022 R10: dffffc0000000000 R11: fffffbfff0742d01 R12: ffff888138fc2000
00022 R13: dffffc0000000000 R14: 1ffff110271ff500 R15: 1ffff110271f840f
00022 FS:  0000000000000000(0000) GS:ffff88831e6aa000(0000) knlGS:0000000000000000
00022 CS:  0010 DS: 0000 ES: 0000 CR0: 0000000080050033
00022 CR2: 0000559120d60aa0 CR3: 0000000120fd5000 CR4: 0000000000750eb0
00022 PKRU: 55555554
00022 Call Trace:
00022  <TASK>
00022  ? ret_from_fork_asm+0x11/0x20
00022  </TASK>
00022 ---[ end trace 0000000000000000 ]---
00022  ? local_object_create+0x109/0x640 [obdclass]
00022  ? ptlrpc_main+0x6359/0x96f0 [ptlrpc]
00022 ------------[ cut here ]------------
00022  ? __kthread_parkme+0x73/0x130
00022  ? kthread+0x2cd/0x3a0
00022  ? ptlrpc_start_thread+0x1f10/0x1f10 [ptlrpc]
00022  ? kthread_unuse_mm+0x130/0x130
00022  ? ret_from_fork+0x18c/0x520
00022  ? kthread_unuse_mm+0x130/0x130
00022  ? ret_from_fork_asm+0x11/0x20
00022  </TASK>
00022 ---[ end trace 0000000000000000 ]---
00022 ------------[ cut here ]------------
00022 WARNING: /home/ktest/git/linux/include/linux/fs.h:889 at osd_create+0x9cf/0xcf0 [osd_wbcfs], CPU#6: ll_ost00_002/1962
00022  ? dt_write_lock+0x16d/0x2a0 [obdclass]
00022 WARNING: /home/ktest/git/linux/include/linux/fs.h:889 at osd_create+0x9cf/0xcf0 [osd_wbcfs], CPU#2: ll_ost00_003/1998
00022 Modules linked in: ofd(O) osp(O) mdd(O) lod(O) mdt(O) lquota(O) lfsck(O) mgs(O) osd_wbcfs(O) lustre(O) obdecho(O) mgc(O) mdc(O) lov(O) osc(O) lmv(O) ec(O) fid(O) fld(O) ptlrpc(O) efivarfs obdclass(O) ksocklnd(O) lnet(O) libcfs(O)
00022 CPU: 2 UID: 0 PID: 1998 Comm: ll_ost00_003 Tainted: G        W  O        7.0.0-ktest-2b8c50a-6330a45-20260806-dirty #1 PREEMPT 
00022 Tainted: [W]=WARN, [O]=OOT_MODULE
00022 Hardware name: QEMU Standard PC (Q35 + ICH9, 2009), BIOS 2025.11-3ubuntu7 03/31/2026
00022 RIP: 0010:osd_create+0x9cf/0xcf0 [osd_wbcfs]
00022 Modules linked in:
00022 Code: c7 c7 00 c6 7b a1 48 c7 c6 a0 42 7d a1 48 c7 c2 00 4c 7d a1 e8 82 dd 43 ff 48 c7 c7 00 c6 7b a1 e8 c6 6a 44 ff e9 fe fc ff ff <0f> 0b e9 a5 fa ff ff 48 c7 c1 80 44 5d a0 80 e1 07 80 c1 03 38 c1
00022 RSP: 0018:ffffc90008daf878 EFLAGS: 00010246
00022 RAX: 0000000000000000 RBX: ffff888135413000 RCX: 0000000000000046
00022 RDX: 0000000000000000 RSI: ffff888197b11f30 RDI: ffff8881893789e8
00022 RBP: ffff888197b11ea0 R08: ffffffff83a16803 R09: 1ffffffff0742d00
00022 R10: dffffc0000000000 R11: fffffbfff0742d01 R12: ffff888108350830
00022 R13: dffffc0000000000 R14: 1ffff11026a82600 R15: 1ffff1102106a142
00022 FS:  0000000000000000(0000) GS:ffff88831e52a000(0000) knlGS:0000000000000000
00022 CS:  0010 DS: 0000 ES: 0000 CR0: 0000000080050033
00022 CR2: 0000559120d60aa0 CR3: 0000000004274000 CR4: 0000000000750eb0
00022 PKRU: 55555554
00022 Call Trace:
00022  <TASK>
00022  ? ofd_precreate_objects+0x1bd8/0x3220 [ofd]
00022  ? llog_osd_create+0x356/0x1140 [obdclass]
00022  ? llog_create+0x2ed/0x530 [obdclass]
00022  ofd(O) osp(O) mdd(O) lod(O) mdt(O) lquota(O) lfsck(O) mgs(O) osd_wbcfs(O) lustre(O) obdecho(O) mgc(O)
00022  ? llog_cat_new_log+0x6c3/0x2bf0 [obdclass]
00022  ? ofd_create_hdl+0x2015/0x3510 [ofd]
00022  mdc(O)
00022  ? tgt_request_handle+0x23ad/0x3d30 [ptlrpc]
00022  ? llog_cat_add_rec+0x6ba/0x1960 [obdclass]
00022  lov(O)
00022  ? llog_cat_add+0x451/0x890 [obdclass]
00022  ? ptlrpc_main+0x6359/0x96f0 [ptlrpc]
00022  osc(O)
00022  ? __kthread_parkme+0x73/0x130
00022  ? kthread+0x2cd/0x3a0
00022  ? ptlrpc_start_thread+0x1f10/0x1f10 [ptlrpc]
00022  ? osp_sync_init+0x1588/0x2760 [osp]
00022  ? osp_device_alloc+0x1b91/0x2e10 [osp]
00022  lmv(O) ec(O) fid(O) fld(O) ptlrpc(O) efivarfs obdclass(O) ksocklnd(O) lnet(O) libcfs(O)
00022 CPU: 6 UID: 0 PID: 1962 Comm: ll_ost00_002 Tainted: G        W  O        7.0.0-ktest-2b8c50a-6330a45-20260806-dirty #1 PREEMPT 
00022  ? obd_setup+0x25c/0x960 [obdclass]
00022  ? kthread_unuse_mm+0x130/0x130
00022 Tainted: [W]=WARN, [O]=OOT_MODULE
00022 Hardware name: QEMU Standard PC (Q35 + ICH9, 2009), BIOS 2025.11-3ubuntu7 03/31/2026
00022 RIP: 0010:osd_create+0x9cf/0xcf0 [osd_wbcfs]
00022  ? class_setup+0xc7d/0x10e0 [obdclass]
00022  ? ret_from_fork+0x18c/0x520
00022 Code: c7 c7 00 c6 7b a1 48 c7 c6 a0 42 7d a1 48 c7 c2 00 4c 7d a1 e8 82 dd 43 ff 48 c7 c7 00 c6 7b a1 e8 c6 6a 44 ff e9 fe fc ff ff <0f> 0b e9 a5 fa ff ff 48 c7 c1 80 44 5d a0 80 e1 07 80 c1 03 38 c1
00022 RSP: 0018:ffffc90001d47878 EFLAGS: 00010246
00022 RAX: 0000000000000000 RBX: ffff88813891c400 RCX: 0000000000000046
00022 RDX: 0000000000000000 RSI: ffff8881b5101100 RDI: ffff888109d309e8
00022 RBP: ffff8881b5101070 R08: ffffffff83a16803 R09: 1ffffffff0742d00
00022 R10: dffffc0000000000 R11: fffffbfff0742d01 R12: ffff888192478830
00022 R13: dffffc0000000000 R14: 1ffff11027123880 R15: 1ffff1103248f142
00022 FS:  0000000000000000(0000) GS:ffff88831e72a000(0000) knlGS:0000000000000000
00022  ? class_process_config+0x2edb/0x7cb0 [obdclass]
00022  ? __kasan_kmalloc+0x72/0x80
00022  ? class_config_llog_handler+0x2954/0x4f80 [obdclass]
00022  ? kthread_unuse_mm+0x130/0x130
00022 CS:  0010 DS: 0000 ES: 0000 CR0: 0000000080050033
00022 CR2: 0000559120d6c590 CR3: 0000000004274000 CR4: 0000000000750eb0
00022 PKRU: 55555554
00022 Call Trace:
00022  <TASK>
00022  ? ofd_precreate_objects+0x1bd8/0x3220 [ofd]
00022  ? ofd_create_hdl+0x2015/0x3510 [ofd]
00022  ? ret_from_fork_asm+0x11/0x20
00022  ? class_config_llog_handler+0x2cea/0x4f80 [obdclass]
00022  ? tgt_request_handle+0x23ad/0x3d30 [ptlrpc]
00022  </TASK>
00022  ? lustre_cfg_rec_free+0x350/0x350 [obdclass]
00022  ? ptlrpc_main+0x6359/0x96f0 [ptlrpc]
00022 ---[ end trace 0000000000000000 ]---
00022  ? __kthread_parkme+0x73/0x130
00022  ? kthread+0x2cd/0x3a0
00022  ? ptlrpc_start_thread+0x1f10/0x1f10 [ptlrpc]
00022  ? llog_process_thread+0x1fd2/0x4f70 [obdclass]
00022  ? _raw_spin_unlock+0x23/0x40
00022  ? llog_process_thread_daemonize+0x16d/0x1b0 [obdclass]
00022  ? kthread+0x2cd/0x3a0
00022  ? llog_process_or_fork+0xc90/0xc90 [obdclass]
00022  ? kthread_unuse_mm+0x130/0x130
00022  ? ret_from_fork+0x18c/0x520
00022  ? kthread_unuse_mm+0x130/0x130
00022  ? ret_from_fork_asm+0x11/0x20
00022  </TASK>
00022 ------------[ cut here ]------------
00022 WARNING: /home/ktest/git/linux/include/linux/fs.h:889 at osd_create+0x9cf/0xcf0 [osd_wbcfs], CPU#2: ll_ost00_003/1998
00022 Modules linked in: ofd(O) osp(O) mdd(O) lod(O) mdt(O) lquota(O) lfsck(O) mgs(O) osd_wbcfs(O) lustre(O) obdecho(O) mgc(O) mdc(O) lov(O) osc(O) lmv(O) ec(O) fid(O) fld(O) ptlrpc(O) efivarfs obdclass(O) ksocklnd(O) lnet(O) libcfs(O)
00022 CPU: 2 UID: 0 PID: 1998 Comm: ll_ost00_003 Tainted: G        W  O        7.0.0-ktest-2b8c50a-6330a45-20260806-dirty #1 PREEMPT 
00022 Tainted: [W]=WARN, [O]=OOT_MODULE
00022 Hardware name: QEMU Standard PC (Q35 + ICH9, 2009), BIOS 2025.11-3ubuntu7 03/31/2026
00022 RIP: 0010:osd_create+0x9cf/0xcf0 [osd_wbcfs]
00022 Code: c7 c7 00 c6 7b a1 48 c7 c6 a0 42 7d a1 48 c7 c2 00 4c 7d a1 e8 82 dd 43 ff 48 c7 c7 00 c6 7b a1 e8 c6 6a 44 ff e9 fe fc ff ff <0f> 0b e9 a5 fa ff ff 48 c7 c1 80 44 5d a0 80 e1 07 80 c1 03 38 c1
00022 RSP: 0018:ffffc90008daf878 EFLAGS: 00010246
00022 RAX: 0000000000000000 RBX: ffff888135412c00 RCX: 0000000000000046
00022 RDX: 0000000000000000 RSI: ffff888197b11818 RDI: ffff8881893789e8
00022 RBP: ffff888197b11788 R08: ffffffff83a16803 R09: 1ffffffff0742d00
00022 R10: dffffc0000000000 R11: fffffbfff0742d01 R12: ffff888108350830
00022 R13: dffffc0000000000 R14: 1ffff11026a82580 R15: 1ffff1102106a142
00022 FS:  0000000000000000(0000) GS:ffff88831e52a000(0000) knlGS:0000000000000000
00022 CS:  0010 DS: 0000 ES: 0000 CR0: 0000000080050033
00022 CR2: 0000559120d60aa0 CR3: 0000000004274000 CR4: 0000000000750eb0
00022 PKRU: 55555554
00022 Call Trace:
00022  <TASK>
00022  ? ofd_precreate_objects+0x1bd8/0x3220 [ofd]
00022  ? kthread_unuse_mm+0x130/0x130
00022  ? ofd_create_hdl+0x2015/0x3510 [ofd]
00022 ---[ end trace 0000000000000000 ]---
00022  ? tgt_request_handle+0x23ad/0x3d30 [ptlrpc]
00022  ? ret_from_fork+0x18c/0x520
00022  ? kthread_unuse_mm+0x130/0x130
00022  ? ret_from_fork_asm+0x11/0x20
00022  </TASK>
00022 ---[ end trace 0000000000000000 ]---
00022  ? ptlrpc_main+0x6359/0x96f0 [ptlrpc]
00022 ------------[ cut here ]------------
00022  ? __kthread_parkme+0x73/0x130
00022 WARNING: /home/ktest/git/linux/include/linux/fs.h:889 at osd_create+0x9cf/0xcf0 [osd_wbcfs], CPU#6: ll_ost00_002/1962
00022  ? kthread+0x2cd/0x3a0
00022 Modules linked in: ofd(O) osp(O) mdd(O) lod(O) mdt(O) lquota(O) lfsck(O) mgs(O) osd_wbcfs(O) lustre(O) obdecho(O) mgc(O) mdc(O) lov(O) osc(O)
00022  ? ptlrpc_start_thread+0x1f10/0x1f10 [ptlrpc]
00022  lmv(O) ec(O) fid(O) fld(O) ptlrpc(O) efivarfs obdclass(O) ksocklnd(O) lnet(O) libcfs(O)
00022 CPU: 6 UID: 0 PID: 1962 Comm: ll_ost00_002 Tainted: G        W  O        7.0.0-ktest-2b8c50a-6330a45-20260806-dirty #1 PREEMPT 
00022 Tainted: [W]=WARN, [O]=OOT_MODULE
00022  ? kthread_unuse_mm+0x130/0x130
00022 Hardware name: QEMU Standard PC (Q35 + ICH9, 2009), BIOS 2025.11-3ubuntu7 03/31/2026
00022 RIP: 0010:osd_create+0x9cf/0xcf0 [osd_wbcfs]
00022  ? ret_from_fork+0x18c/0x520
00022 Code: c7 c7 00 c6 7b a1 48 c7 c6 a0 42 7d a1 48 c7 c2 00 4c 7d a1 e8 82 dd 43 ff 48 c7 c7 00 c6 7b a1 e8 c6 6a 44 ff e9 fe fc ff ff <0f> 0b e9 a5 fa ff ff 48 c7 c1 80 44 5d a0 80 e1 07 80 c1 03 38 c1
00022 RSP: 0018:ffffc90001d47878 EFLAGS: 00010246
00022 RAX: 0000000000000000 RBX: ffff88813891c000 RCX: 0000000000000046
00022 RDX: 0000000000000000 RSI: ffff8881b51009e8 RDI: ffff888109d309e8
00022 RBP: ffff8881b5100958 R08: ffffffff83a16803 R09: 1ffffffff0742d00
00022 R10: dffffc0000000000 R11: fffffbfff0742d01 R12: ffff888192478830
00022 R13: dffffc0000000000 R14: 1ffff11027123800 R15: 1ffff1103248f142
00022 FS:  0000000000000000(0000) GS:ffff88831e72a000(0000) knlGS:0000000000000000
00022  ? kthread_unuse_mm+0x130/0x130
00022 CS:  0010 DS: 0000 ES: 0000 CR0: 0000000080050033
00022 CR2: 0000559120d6c590 CR3: 0000000004274000 CR4: 0000000000750eb0
00022 PKRU: 55555554
00022 Call Trace:
00022  <TASK>
00022  ? ofd_precreate_objects+0x1bd8/0x3220 [ofd]
00022  ? ret_from_fork_asm+0x11/0x20
00022  ? ofd_create_hdl+0x2015/0x3510 [ofd]
00022  </TASK>
00022 ------------[ cut here ]------------
00022 ---[ end trace 0000000000000000 ]---
00022 WARNING: /home/ktest/git/linux/include/linux/fs.h:889 at osd_create+0x9cf/0xcf0 [osd_wbcfs], CPU#8: ll_ost00_001/1961
00022  ? tgt_request_handle+0x23ad/0x3d30 [ptlrpc]
00022 ------------[ cut here ]------------
00022 Modules linked in: ofd(O) osp(O) mdd(O) lod(O) mdt(O) lquota(O) lfsck(O) mgs(O) osd_wbcfs(O)
00022 WARNING: /home/ktest/git/linux/include/linux/fs.h:889 at osd_create+0x9cf/0xcf0 [osd_wbcfs], CPU#2: ll_ost00_003/1998
00022  ? ptlrpc_main+0x6359/0x96f0 [ptlrpc]
00022  lustre(O) obdecho(O) mgc(O) mdc(O) lov(O) osc(O) lmv(O) ec(O) fid(O) fld(O) ptlrpc(O) efivarfs obdclass(O) ksocklnd(O) lnet(O)
00022 Modules linked in: ofd(O) osp(O) mdd(O) lod(O) mdt(O) lquota(O) lfsck(O) mgs(O) osd_wbcfs(O) lustre(O) obdecho(O) mgc(O) mdc(O) lov(O) osc(O) lmv(O) ec(O) fid(O) fld(O) ptlrpc(O) efivarfs obdclass(O) ksocklnd(O) lnet(O) libcfs(O)
00022 CPU: 2 UID: 0 PID: 1998 Comm: ll_ost00_003 Tainted: G        W  O        7.0.0-ktest-2b8c50a-6330a45-20260806-dirty #1 PREEMPT 
00022 Tainted: [W]=WARN, [O]=OOT_MODULE
00022 Hardware name: QEMU Standard PC (Q35 + ICH9, 2009), BIOS 2025.11-3ubuntu7 03/31/2026
00022 RIP: 0010:osd_create+0x9cf/0xcf0 [osd_wbcfs]
00022 Code: c7 c7 00 c6 7b a1 48 c7 c6 a0 42 7d a1 48 c7 c2 00 4c 7d a1 e8 82 dd 43 ff 48 c7 c7 00 c6 7b a1 e8 c6 6a 44 ff e9 fe fc ff ff <0f> 0b e9 a5 fa ff ff 48 c7 c1 80 44 5d a0 80 e1 07 80 c1 03 38 c1
00022  libcfs(O)
00022 RSP: 0018:ffffc90008daf878 EFLAGS: 00010246
00022 RAX: 0000000000000000 RBX: ffff888135412800 RCX: 0000000000000046
00022 RDX: 0000000000000000 RSI: ffff888197b11100 RDI: ffff8881893789e8
00022 RBP: ffff888197b11070 R08: ffffffff83a16803 R09: 1ffffffff0742d00
00022 R10: dffffc0000000000 R11: fffffbfff0742d01 R12: ffff888108350830
00022 R13: dffffc0000000000 R14: 1ffff11026a82500 R15: 1ffff1102106a142
00022 FS:  0000000000000000(0000) GS:ffff88831e52a000(0000) knlGS:0000000000000000
00022 CS:  0010 DS: 0000 ES: 0000 CR0: 0000000080050033
00022 CR2: 0000559120d60aa0 CR3: 0000000004274000 CR4: 0000000000750eb0
00022 PKRU: 55555554
00022 Call Trace:
00022  <TASK>
00022  ? ofd_precreate_objects+0x1bd8/0x3220 [ofd]
00022  ? ofd_create_hdl+0x2015/0x3510 [ofd]
00022  ? __kthread_parkme+0x73/0x130
00022 CPU: 8 UID: 0 PID: 1961 Comm: ll_ost00_001 Tainted: G        W  O        7.0.0-ktest-2b8c50a-6330a45-20260806-dirty #1 PREEMPT 
00022  ? tgt_request_handle+0x23ad/0x3d30 [ptlrpc]
00022  ? kthread+0x2cd/0x3a0
00022 Tainted: [W]=WARN, [O]=OOT_MODULE
00022  ? ptlrpc_main+0x6359/0x96f0 [ptlrpc]
00022 ------------[ cut here ]------------
00022 WARNING: /home/ktest/git/linux/include/linux/fs.h:889 at osd_create+0x9cf/0xcf0 [osd_wbcfs], CPU#5: llog_process_th/2003
00022  ? __kthread_parkme+0x73/0x130
00022  ? kthread+0x2cd/0x3a0
00022  ? ptlrpc_start_thread+0x1f10/0x1f10 [ptlrpc]
00022 Hardware name: QEMU Standard PC (Q35 + ICH9, 2009), BIOS 2025.11-3ubuntu7 03/31/2026
00022 RIP: 0010:osd_create+0x9cf/0xcf0 [osd_wbcfs]
00022  ? ptlrpc_start_thread+0x1f10/0x1f10 [ptlrpc]
00022 Modules linked in:
00022  ? kthread_unuse_mm+0x130/0x130
00022  ? ret_from_fork+0x18c/0x520
00022  ? kthread_unuse_mm+0x130/0x130
00022  ? ret_from_fork_asm+0x11/0x20
00022  </TASK>
00022 ---[ end trace 0000000000000000 ]---
00022 ------------[ cut here ]------------
00022 WARNING: /home/ktest/git/linux/include/linux/fs.h:889 at osd_create+0x9cf/0xcf0 [osd_wbcfs], CPU#6: ll_ost00_002/1962
00022 Modules linked in: ofd(O) osp(O) mdd(O) lod(O) mdt(O) lquota(O) lfsck(O) mgs(O) osd_wbcfs(O) lustre(O) obdecho(O) mgc(O) mdc(O) lov(O) osc(O) lmv(O) ec(O) fid(O) fld(O) ptlrpc(O) efivarfs obdclass(O) ksocklnd(O)
00022  ? kthread_unuse_mm+0x130/0x130
00022  lnet(O) libcfs(O)
00022  ? ret_from_fork+0x18c/0x520
00022 CPU: 6 UID: 0 PID: 1962 Comm: ll_ost00_002 Tainted: G        W  O        7.0.0-ktest-2b8c50a-6330a45-20260806-dirty #1 PREEMPT 
00022  ? kthread_unuse_mm+0x130/0x130
00022 Tainted: [W]=WARN, [O]=OOT_MODULE
00022 Hardware name: QEMU Standard PC (Q35 + ICH9, 2009), BIOS 2025.11-3ubuntu7 03/31/2026
00022  ? ret_from_fork_asm+0x11/0x20
00022 RIP: 0010:osd_create+0x9cf/0xcf0 [osd_wbcfs]
00022 Code: c7 c7 00 c6 7b a1 48 c7 c6 a0 42 7d a1 48 c7 c2 00 4c 7d a1 e8 82 dd 43 ff 48 c7 c7 00 c6 7b a1 e8 c6 6a 44 ff e9 fe fc ff ff <0f> 0b e9 a5 fa ff ff 48 c7 c1 80 44 5d a0 80 e1 07 80 c1 03 38 c1
00022 RSP: 0018:ffffc90001d47878 EFLAGS: 00010246
00022 RAX: 0000000000000000 RBX: ffff88813891dc00 RCX: 0000000000000046
00022  </TASK>
00022 ---[ end trace 0000000000000000 ]---
00022 RDX: 0000000000000000 RSI: ffff8881b51002d0 RDI: ffff888109d309e8
00022 RBP: ffff8881b5100240 R08: ffffffff83a16803 R09: 1ffffffff0742d00
00022 R10: dffffc0000000000 R11: fffffbfff0742d01 R12: ffff888192478830
00022 R13: dffffc0000000000 R14: 1ffff11027123b80 R15: 1ffff1103248f142
00022 FS:  0000000000000000(0000) GS:ffff88831e72a000(0000) knlGS:0000000000000000
00022 CS:  0010 DS: 0000 ES: 0000 CR0: 0000000080050033
00022 CR2: 0000559120d6c590 CR3: 0000000004274000 CR4: 0000000000750eb0
00022 PKRU: 55555554
00022 Code: c7 c7 00 c6 7b a1 48 c7 c6 a0 42 7d a1 48 c7 c2 00 4c 7d a1 e8 82 dd 43 ff 48 c7 c7 00 c6 7b a1 e8 c6 6a 44 ff e9 fe fc ff ff <0f> 0b e9 a5 fa ff ff 48 c7 c1 80 44 5d a0 80 e1 07 80 c1 03 38 c1
00022 RSP: 0018:ffffc90001d57950 EFLAGS: 00010246
00022 RAX: 0000000000000000 RBX: ffff888139049000 RCX: 0000000000000046
00022 RDX: 0000000000000000 RSI: ffff8881b52350d8 RDI: ffff888109d4aa58
00022 RBP: ffff8881b5235048 R08: ffffffff83a16803 R09: 1ffffffff0742d00
00022 R10: dffffc0000000000 R11: fffffbfff0742d01 R12: ffff8881ae1b2830
00022 ------------[ cut here ]------------
00022 R13: dffffc0000000000 R14: 1ffff11027209200 R15: 1ffff11035c36542
00022 FS:  0000000000000000(0000) GS:ffff88831e82a000(0000) knlGS:0000000000000000
00022 WARNING: /home/ktest/git/linux/include/linux/fs.h:889 at osd_create+0x9cf/0xcf0 [osd_wbcfs], CPU#2: ll_ost00_003/1998
00022 CS:  0010 DS: 0000 ES: 0000 CR0: 0000000080050033
00022 CR2: 000055d83c47af00 CR3: 0000000197f8d000 CR4: 0000000000750eb0
00022  ofd(O)
00022 PKRU: 55555554
00022 Call Trace:
00022  <TASK>
00022 Modules linked in: ofd(O) osp(O) mdd(O) lod(O) mdt(O) lquota(O) lfsck(O) mgs(O) osd_wbcfs(O) lustre(O) obdecho(O) mgc(O) mdc(O) lov(O) osc(O) lmv(O) ec(O) fid(O) fld(O) ptlrpc(O) efivarfs obdclass(O) ksocklnd(O) lnet(O) libcfs(O)
00022 CPU: 2 UID: 0 PID: 1998 Comm: ll_ost00_003 Tainted: G        W  O        7.0.0-ktest-2b8c50a-6330a45-20260806-dirty #1 PREEMPT 
00022 Tainted: [W]=WARN, [O]=OOT_MODULE
00022 Hardware name: QEMU Standard PC (Q35 + ICH9, 2009), BIOS 2025.11-3ubuntu7 03/31/2026
00022 RIP: 0010:osd_create+0x9cf/0xcf0 [osd_wbcfs]
00022 Code: c7 c7 00 c6 7b a1 48 c7 c6 a0 42 7d a1 48 c7 c2 00 4c 7d a1 e8 82 dd 43 ff 48 c7 c7 00 c6 7b a1 e8 c6 6a 44 ff e9 fe fc ff ff <0f> 0b e9 a5 fa ff ff 48 c7 c1 80 44 5d a0 80 e1 07 80 c1 03 38 c1
00022 RSP: 0018:ffffc90008daf878 EFLAGS: 00010246
00022 RAX: 0000000000000000 RBX: ffff888135412400 RCX: 0000000000000046
00022 Call Trace:
00022 RDX: 0000000000000000 RSI: ffff888197b109e8 RDI: ffff8881893789e8
00022 RBP: ffff888197b10958 R08: ffffffff83a16803 R09: 1ffffffff0742d00
00022 R10: dffffc0000000000 R11: fffffbfff0742d01 R12: ffff888108350830
00022 R13: dffffc0000000000 R14: 1ffff11026a82480 R15: 1ffff1102106a142
00022 FS:  0000000000000000(0000) GS:ffff88831e52a000(0000) knlGS:0000000000000000
00022 CS:  0010 DS: 0000 ES: 0000 CR0: 0000000080050033
00022 CR2: 0000559120d60aa0 CR3: 0000000004274000 CR4: 0000000000750eb0
00022 PKRU: 55555554
00022 Call Trace:
00022  <TASK>
00022  ? dt_find_or_create+0x81a/0x1170 [obdclass]
00022  ? ofd_precreate_objects+0x1bd8/0x3220 [ofd]
00022  osp(O)
00022  ? ofd_create_hdl+0x2015/0x3510 [ofd]
00022  <TASK>
00022  ? ofd_seq_load+0x605/0x1ac0 [ofd]
00022  mdd(O)
00022  ? ofd_get_info_hdl+0xfdd/0x2330 [ofd]
00022  ? tgt_request_handle+0x23ad/0x3d30 [ptlrpc]
00022  ? ofd_precreate_objects+0x1bd8/0x3220 [ofd]
00022  lod(O)
00022  ? tgt_request_handle+0x23ad/0x3d30 [ptlrpc]
00022  ? ofd_create_hdl+0x2015/0x3510 [ofd]
00022  mdt(O)
00022  ? ptlrpc_main+0x6359/0x96f0 [ptlrpc]
00022  ? tgt_request_handle+0x23ad/0x3d30 [ptlrpc]
00022  ? __kthread_parkme+0x73/0x130
00022  ? kthread+0x2cd/0x3a0
00022  lquota(O)
00022  ? ptlrpc_start_thread+0x1f10/0x1f10 [ptlrpc]
00022  lfsck(O) mgs(O)
00022  ? kthread_unuse_mm+0x130/0x130
00022  ? ret_from_fork+0x18c/0x520
00022  ? kthread_unuse_mm+0x130/0x130
00022  ? ptlrpc_main+0x6359/0x96f0 [ptlrpc]
00022  osd_wbcfs(O) lustre(O) obdecho(O) mgc(O) mdc(O) lov(O) osc(O) lmv(O) ec(O) fid(O) fld(O) ptlrpc(O) efivarfs obdclass(O) ksocklnd(O)
00022  ? ptlrpc_main+0x6359/0x96f0 [ptlrpc]
00022  ? ret_from_fork_asm+0x11/0x20
00022  ? __kthread_parkme+0x73/0x130
00022  lnet(O) libcfs(O)
00022  ? kthread+0x2cd/0x3a0
00022 
00022 CPU: 5 UID: 0 PID: 2003 Comm: llog_process_th Tainted: G        W  O        7.0.0-ktest-2b8c50a-6330a45-20260806-dirty #1 PREEMPT 
00022 Tainted: [W]=WARN, [O]=OOT_MODULE
00022 Hardware name: QEMU Standard PC (Q35 + ICH9, 2009), BIOS 2025.11-3ubuntu7 03/31/2026
00022  ? __kthread_parkme+0x73/0x130
00022  ? kthread+0x2cd/0x3a0
00022  </TASK>
00022  ? ptlrpc_start_thread+0x1f10/0x1f10 [ptlrpc]
00022 RIP: 0010:osd_create+0x9cf/0xcf0 [osd_wbcfs]
00022  ? ptlrpc_start_thread+0x1f10/0x1f10 [ptlrpc]
00022 ---[ end trace 0000000000000000 ]---
00022 Code: c7 c7 00 c6 7b a1 48 c7 c6 a0 42 7d a1 48 c7 c2 00 4c 7d a1 e8 82 dd 43 ff 48 c7 c7 00 c6 7b a1 e8 c6 6a 44 ff e9 fe fc ff ff <0f> 0b e9 a5 fa ff ff 48 c7 c1 80 44 5d a0 80 e1 07 80 c1 03 38 c1
00022 RSP: 0018:ffffc90008dff5b0 EFLAGS: 00010246
00022  ? kthread_unuse_mm+0x130/0x130
00022 RAX: 0000000000000000 RBX: ffff888139061c00 RCX: 0000000000000046
00022  ? kthread_unuse_mm+0x130/0x130
00022 RDX: 0000000000000000 RSI: ffff888120d92d60 RDI: ffff888107b48998
00022  ? ret_from_fork+0x18c/0x520
00022 RBP: ffff888120d92cd0 R08: ffffffff83a16803 R09: 1ffffffff0742d00
00022 R10: dffffc0000000000 R11: fffffbfff0742d01 R12: ffff888139035400
00022  ? ret_from_fork+0x18c/0x520
00022 R13: dffffc0000000000 R14: 1ffff1102720c380 R15: 1ffff11027206a8f
00022 FS:  0000000000000000(0000) GS:ffff88831e6aa000(0000) knlGS:0000000000000000
00022  ? kthread_unuse_mm+0x130/0x130
00022 CS:  0010 DS: 0000 ES: 0000 CR0: 0000000080050033
00022 CR2: 0000559120d60aa0 CR3: 0000000120fd5000 CR4: 0000000000750eb0
00022  ? ret_from_fork_asm+0x11/0x20
00022 PKRU: 55555554
00022 Call Trace:
00022  <TASK>
00022  </TASK>
00022 ---[ end trace 0000000000000000 ]---
00022 ------------[ cut here ]------------
00022  ? local_object_create+0x109/0x640 [obdclass]
00022  ? kthread_unuse_mm+0x130/0x130
00022  ? ret_from_fork_asm+0x11/0x20
00022  </TASK>
00022  ? dt_write_lock+0x16d/0x2a0 [obdclass]
00022 WARNING: /home/ktest/git/linux/include/linux/fs.h:889 at osd_create+0x9cf/0xcf0 [osd_wbcfs], CPU#2: ll_ost00_003/1998
00022 Modules linked in: ofd(O) osp(O) mdd(O) lod(O) mdt(O) lquota(O) lfsck(O) mgs(O) osd_wbcfs(O) lustre(O) obdecho(O) mgc(O) mdc(O) lov(O) osc(O) lmv(O) ec(O) fid(O) fld(O) ptlrpc(O) efivarfs obdclass(O) ksocklnd(O) lnet(O) libcfs(O)
00022 CPU: 2 UID: 0 PID: 1998 Comm: ll_ost00_003 Tainted: G        W  O        7.0.0-ktest-2b8c50a-6330a45-20260806-dirty #1 PREEMPT 
00022 Tainted: [W]=WARN, [O]=OOT_MODULE
00022 Hardware name: QEMU Standard PC (Q35 + ICH9, 2009), BIOS 2025.11-3ubuntu7 03/31/2026
00022 RIP: 0010:osd_create+0x9cf/0xcf0 [osd_wbcfs]
00022 ---[ end trace 0000000000000000 ]---
00022 Code: c7 c7 00 c6 7b a1 48 c7 c6 a0 42 7d a1 48 c7 c2 00 4c 7d a1 e8 82 dd 43 ff 48 c7 c7 00 c6 7b a1 e8 c6 6a 44 ff e9 fe fc ff ff <0f> 0b e9 a5 fa ff ff 48 c7 c1 80 44 5d a0 80 e1 07 80 c1 03 38 c1
00022 RSP: 0018:ffffc90008daf878 EFLAGS: 00010246
00022 RAX: 0000000000000000 RBX: ffff888135410c00 RCX: 0000000000000046
00022 RDX: 0000000000000000 RSI: ffff888197b102d0 RDI: ffff8881893789e8
00022 RBP: ffff888197b10240 R08: ffffffff83a16803 R09: 1ffffffff0742d00
00022 R10: dffffc0000000000 R11: fffffbfff0742d01 R12: ffff888108350830
00022 R13: dffffc0000000000 R14: 1ffff11026a82180 R15: 1ffff1102106a142
00022 FS:  0000000000000000(0000) GS:ffff88831e52a000(0000) knlGS:0000000000000000
00022 CS:  0010 DS: 0000 ES: 0000 CR0: 0000000080050033
00022 CR2: 0000559120d60aa0 CR3: 0000000004274000 CR4: 0000000000750eb0
00022 PKRU: 55555554
00022 Call Trace:
00022  <TASK>
00022  ? ofd_precreate_objects+0x1bd8/0x3220 [ofd]
00022  ? ofd_create_hdl+0x2015/0x3510 [ofd]
00022  ? llog_osd_create+0x356/0x1140 [obdclass]
00022  ? tgt_request_handle+0x23ad/0x3d30 [ptlrpc]
00022 ------------[ cut here ]------------
00022 WARNING: /home/ktest/git/linux/include/linux/fs.h:889 at osd_create+0x9cf/0xcf0 [osd_wbcfs], CPU#1: ll_ost00_004/2010
00022 Modules linked in: ofd(O) osp(O) mdd(O) lod(O) mdt(O) lquota(O) lfsck(O) mgs(O) osd_wbcfs(O) lustre(O) obdecho(O) mgc(O) mdc(O) lov(O) osc(O) lmv(O) ec(O) fid(O) fld(O) ptlrpc(O) efivarfs obdclass(O) ksocklnd(O) lnet(O) libcfs(O)
00022 CPU: 1 UID: 0 PID: 2010 Comm: ll_ost00_004 Tainted: G        W  O        7.0.0-ktest-2b8c50a-6330a45-20260806-dirty #1 PREEMPT 
00022 Tainted: [W]=WARN, [O]=OOT_MODULE
00022 Hardware name: QEMU Standard PC (Q35 + ICH9, 2009), BIOS 2025.11-3ubuntu7 03/31/2026
00022 RIP: 0010:osd_create+0x9cf/0xcf0 [osd_wbcfs]
00022 ------------[ cut here ]------------
00022 WARNING: /home/ktest/git/linux/include/linux/fs.h:889 at osd_create+0x9cf/0xcf0 [osd_wbcfs], CPU#6: ll_ost00_002/1962
00022 Modules linked in: ofd(O) osp(O) mdd(O) lod(O) mdt(O) lquota(O) lfsck(O) mgs(O) osd_wbcfs(O) lustre(O) obdecho(O) mgc(O) mdc(O) lov(O) osc(O) lmv(O) ec(O) fid(O) fld(O) ptlrpc(O) efivarfs obdclass(O) ksocklnd(O) lnet(O) libcfs(O)
00022 CPU: 6 UID: 0 PID: 1962 Comm: ll_ost00_002 Tainted: G        W  O        7.0.0-ktest-2b8c50a-6330a45-20260806-dirty #1 PREEMPT 
00022 Tainted: [W]=WARN, [O]=OOT_MODULE
00022 Hardware name: QEMU Standard PC (Q35 + ICH9, 2009), BIOS 2025.11-3ubuntu7 03/31/2026
00022 RIP: 0010:osd_create+0x9cf/0xcf0 [osd_wbcfs]
00022  ? ptlrpc_main+0x6359/0x96f0 [ptlrpc]
00022  ? llog_create+0x2ed/0x530 [obdclass]
00022 Code: c7 c7 00 c6 7b a1 48 c7 c6 a0 42 7d a1 48 c7 c2 00 4c 7d a1 e8 82 dd 43 ff 48 c7 c7 00 c6 7b a1 e8 c6 6a 44 ff e9 fe fc ff ff <0f> 0b e9 a5 fa ff ff 48 c7 c1 80 44 5d a0 80 e1 07 80 c1 03 38 c1
00022 Code: c7 c7 00 c6 7b a1 48 c7 c6 a0 42 7d a1 48 c7 c2 00 4c 7d a1 e8 82 dd 43 ff 48 c7 c7 00 c6 7b a1 e8 c6 6a 44 ff e9 fe fc ff ff <0f> 0b e9 a5 fa ff ff 48 c7 c1 80 44 5d a0 80 e1 07 80 c1 03 38 c1
00022 RSP: 0018:ffffc90008f7f878 EFLAGS: 00010246
00022  ? llog_open_create+0x5af/0xb10 [obdclass]
00022  ? __kthread_parkme+0x73/0x130
00022  ? kthread+0x2cd/0x3a0
00022 RSP: 0018:ffffc90001d47878 EFLAGS: 00010246
00022  ? osp_sync_init+0xfc0/0x2760 [osp]
00022 
00022  ? osp_device_alloc+0x1b91/0x2e10 [osp]
00022  ? ptlrpc_start_thread+0x1f10/0x1f10 [ptlrpc]
00022  ? obd_setup+0x25c/0x960 [obdclass]
00022 
00022  ? kthread_unuse_mm+0x130/0x130
00022  ? ret_from_fork+0x18c/0x520
00022  ? kthread_unuse_mm+0x130/0x130
00022  ? ret_from_fork_asm+0x11/0x20
00022  </TASK>
00022 ---[ end trace 0000000000000000 ]---
00022  ? class_setup+0xc7d/0x10e0 [obdclass]
00022 RAX: 0000000000000000 RBX: ffff888139011c00 RCX: 0000000000000046
00022 ------------[ cut here ]------------
00022 WARNING: /home/ktest/git/linux/include/linux/fs.h:889 at osd_create+0x9cf/0xcf0 [osd_wbcfs], CPU#2: ll_ost00_003/1998
00022 Modules linked in: ofd(O) osp(O) mdd(O) lod(O) mdt(O) lquota(O) lfsck(O) mgs(O) osd_wbcfs(O) lustre(O) obdecho(O) mgc(O) mdc(O) lov(O) osc(O)
00022 RAX: 0000000000000000 RBX: ffff88813891c800 RCX: 0000000000000046
00022  lmv(O) ec(O) fid(O) fld(O) ptlrpc(O) efivarfs obdclass(O) ksocklnd(O) lnet(O) libcfs(O)
00022 CPU: 2 UID: 0 PID: 1998 Comm: ll_ost00_003 Tainted: G        W  O        7.0.0-ktest-2b8c50a-6330a45-20260806-dirty #1 PREEMPT 
00022 Tainted: [W]=WARN, [O]=OOT_MODULE
00022 Hardware name: QEMU Standard PC (Q35 + ICH9, 2009), BIOS 2025.11-3ubuntu7 03/31/2026
00022 RIP: 0010:osd_create+0x9cf/0xcf0 [osd_wbcfs]
00022  ? class_process_config+0x2edb/0x7cb0 [obdclass]
00022 Code: c7 c7 00 c6 7b a1 48 c7 c6 a0 42 7d a1 48 c7 c2 00 4c 7d a1 e8 82 dd 43 ff 48 c7 c7 00 c6 7b a1 e8 c6 6a 44 ff e9 fe fc ff ff <0f> 0b e9 a5 fa ff ff 48 c7 c1 80 44 5d a0 80 e1 07 80 c1 03 38 c1
00022 RSP: 0018:ffffc90008daf878 EFLAGS: 00010246
00022 RAX: 0000000000000000 RBX: ffff888135410800 RCX: 0000000000000046
00022 RDX: 0000000000000000 RSI: ffff888120d97b68 RDI: ffff8881893789e8
00022 RBP: ffff888120d97ad8 R08: ffffffff83a16803 R09: 1ffffffff0742d00
00022 RDX: 0000000000000000 RSI: ffff88819975bb90 RDI: ffff88816ad62aa8
00022 R10: dffffc0000000000 R11: fffffbfff0742d01 R12: ffff888108350830
00022 R13: dffffc0000000000 R14: 1ffff11026a82100 R15: 1ffff1102106a142
00022 FS:  0000000000000000(0000) GS:ffff88831e52a000(0000) knlGS:0000000000000000
00022 CS:  0010 DS: 0000 ES: 0000 CR0: 0000000080050033
00022 CR2: 0000559120d60aa0 CR3: 0000000004274000 CR4: 0000000000750eb0
00022 PKRU: 55555554
00022 Call Trace:
00022  <TASK>
00022 RDX: 0000000000000000 RSI: ffff888197b17b68 RDI: ffff888109d309e8
00022  ? ofd_precreate_objects+0x1bd8/0x3220 [ofd]
00022  ? __kasan_kmalloc+0x72/0x80
00022  ? ofd_create_hdl+0x2015/0x3510 [ofd]
00022  ? class_config_llog_handler+0x2954/0x4f80 [obdclass]
00022 RBP: ffff88819975bb00 R08: ffffffff83a16803 R09: 1ffffffff0742d00
00022 RBP: ffff888197b17ad8 R08: ffffffff83a16803 R09: 1ffffffff0742d00
00022  ? class_config_llog_handler+0x2cea/0x4f80 [obdclass]
00022  ? tgt_request_handle+0x23ad/0x3d30 [ptlrpc]
00022 R10: dffffc0000000000 R11: fffffbfff0742d01 R12: ffff8881695cb030
00022  ? lustre_cfg_rec_free+0x350/0x350 [obdclass]
00022 R10: dffffc0000000000 R11: fffffbfff0742d01 R12: ffff888192478830
00022  ? llog_process_thread+0x1fd2/0x4f70 [obdclass]
00022 R13: dffffc0000000000 R14: 1ffff11027202380 R15: 1ffff1102d2b9642
00022  ? ptlrpc_main+0x6359/0x96f0 [ptlrpc]
00022 R13: dffffc0000000000 R14: 1ffff11027123900 R15: 1ffff1103248f142
00022  ? _raw_spin_unlock+0x23/0x40
00022 FS:  0000000000000000(0000) GS:ffff88831e4aa000(0000) knlGS:0000000000000000
00022  ? llog_process_thread_daemonize+0x16d/0x1b0 [obdclass]
00022 FS:  0000000000000000(0000) GS:ffff88831e72a000(0000) knlGS:0000000000000000
00022  ? kthread+0x2cd/0x3a0
00022  ? __kthread_parkme+0x73/0x130
00022  ? kthread+0x2cd/0x3a0
00022 CS:  0010 DS: 0000 ES: 0000 CR0: 0000000080050033
00022  ? llog_process_or_fork+0xc90/0xc90 [obdclass]
00022 CS:  0010 DS: 0000 ES: 0000 CR0: 0000000080050033
00022  ? kthread_unuse_mm+0x130/0x130
00022  ? ret_from_fork+0x18c/0x520
00022  ? kthread_unuse_mm+0x130/0x130
00022  ? ret_from_fork_asm+0x11/0x20
00022  </TASK>
00022 ---[ end trace 0000000000000000 ]---
00022  ? ptlrpc_start_thread+0x1f10/0x1f10 [ptlrpc]
00022  ? kthread_unuse_mm+0x130/0x130
00022 ------------[ cut here ]------------
00022  ? ret_from_fork+0x18c/0x520
00022  ? kthread_unuse_mm+0x130/0x130
00022  ? ret_from_fork_asm+0x11/0x20
00022 WARNING: /home/ktest/git/linux/include/linux/fs.h:889 at osd_create+0x9cf/0xcf0 [osd_wbcfs], CPU#5: llog_process_th/2003
00022 Modules linked in: ofd(O) osp(O) mdd(O) lod(O) mdt(O) lquota(O) lfsck(O) mgs(O) osd_wbcfs(O) lustre(O) obdecho(O) mgc(O) mdc(O) lov(O)
00022  </TASK>
00022  osc(O)
00022 ---[ end trace 0000000000000000 ]---
00022  lmv(O)
00022  ec(O) fid(O) fld(O) ptlrpc(O) efivarfs obdclass(O) ksocklnd(O) lnet(O) libcfs(O)
00022 CPU: 5 UID: 0 PID: 2003 Comm: llog_process_th Tainted: G        W  O        7.0.0-ktest-2b8c50a-6330a45-20260806-dirty #1 PREEMPT 
00022 CR2: 00007fc570405780 CR3: 0000000105322000 CR4: 0000000000750eb0
00022 Tainted: [W]=WARN, [O]=OOT_MODULE
00022 Hardware name: QEMU Standard PC (Q35 + ICH9, 2009), BIOS 2025.11-3ubuntu7 03/31/2026
00022 RIP: 0010:osd_create+0x9cf/0xcf0 [osd_wbcfs]
00022 Code: c7 c7 00 c6 7b a1 48 c7 c6 a0 42 7d a1 48 c7 c2 00 4c 7d a1 e8 82 dd 43 ff 48 c7 c7 00 c6 7b a1 e8 c6 6a 44 ff e9 fe fc ff ff <0f> 0b e9 a5 fa ff ff 48 c7 c1 80 44 5d a0 80 e1 07 80 c1 03 38 c1
00022 RSP: 0018:ffffc90008dff450 EFLAGS: 00010246
00022 RAX: 0000000000000000 RBX: ffff888139061400 RCX: 0000000000000046
00022 ------------[ cut here ]------------
00022 RDX: 0000000000000000 RSI: ffff888120d92648 RDI: ffff888107b489c0
00022 RBP: ffff888120d925b8 R08: ffffffff83a16803 R09: 1ffffffff0742d00
00022 R10: dffffc0000000000 R11: fffffbfff0742d01 R12: ffff888139035400
00022 R13: dffffc0000000000 R14: 1ffff1102720c280 R15: 1ffff11027206a8f
00022 FS:  0000000000000000(0000) GS:ffff88831e6aa000(0000) knlGS:0000000000000000
00022 CS:  0010 DS: 0000 ES: 0000 CR0: 0000000080050033
00022 WARNING: /home/ktest/git/linux/include/linux/fs.h:889 at osd_create+0x9cf/0xcf0 [osd_wbcfs], CPU#2: ll_ost00_003/1998
00022 CR2: 0000559120d60aa0 CR3: 0000000120fd5000 CR4: 0000000000750eb0
00022 PKRU: 55555554
00022 Call Trace:
00022  <TASK>
00022 Modules linked in: ofd(O) osp(O) mdd(O) lod(O) mdt(O) lquota(O) lfsck(O) mgs(O) osd_wbcfs(O) lustre(O) obdecho(O) mgc(O) mdc(O) lov(O) osc(O) lmv(O) ec(O) fid(O) fld(O) ptlrpc(O) efivarfs obdclass(O) ksocklnd(O) lnet(O) libcfs(O)
00022 CPU: 2 UID: 0 PID: 1998 Comm: ll_ost00_003 Tainted: G        W  O        7.0.0-ktest-2b8c50a-6330a45-20260806-dirty #1 PREEMPT 
00022 Tainted: [W]=WARN, [O]=OOT_MODULE
00022  ? local_object_create+0x109/0x640 [obdclass]
00022 Hardware name: QEMU Standard PC (Q35 + ICH9, 2009), BIOS 2025.11-3ubuntu7 03/31/2026
00022 RIP: 0010:osd_create+0x9cf/0xcf0 [osd_wbcfs]
00022 Code: c7 c7 00 c6 7b a1 48 c7 c6 a0 42 7d a1 48 c7 c2 00 4c 7d a1 e8 82 dd 43 ff 48 c7 c7 00 c6 7b a1 e8 c6 6a 44 ff e9 fe fc ff ff <0f> 0b e9 a5 fa ff ff 48 c7 c1 80 44 5d a0 80 e1 07 80 c1 03 38 c1
00022 RSP: 0018:ffffc90008daf878 EFLAGS: 00010246
00022 RAX: 0000000000000000 RBX: ffff888135417c00 RCX: 0000000000000046
00022 RDX: 0000000000000000 RSI: ffff888120d97450 RDI: ffff8881893789e8
00022 RBP: ffff888120d973c0 R08: ffffffff83a16803 R09: 1ffffffff0742d00
00022 R10: dffffc0000000000 R11: fffffbfff0742d01 R12: ffff888108350830
00022 R13: dffffc0000000000 R14: 1ffff11026a82f80 R15: 1ffff1102106a142
00022 FS:  0000000000000000(0000) GS:ffff88831e52a000(0000) knlGS:0000000000000000
00022 CS:  0010 DS: 0000 ES: 0000 CR0: 0000000080050033
00022 CR2: 0000559120d60aa0 CR3: 0000000004274000 CR4: 0000000000750eb0
00022 PKRU: 55555554
00022 Call Trace:
00022  <TASK>
00022  ? ofd_precreate_objects+0x1bd8/0x3220 [ofd]
00022  ? dt_write_lock+0x16d/0x2a0 [obdclass]
00022  ? ofd_create_hdl+0x2015/0x3510 [ofd]
00022  ? llog_osd_create+0x356/0x1140 [obdclass]
00022  ? tgt_request_handle+0x23ad/0x3d30 [ptlrpc]
00022 CR2: 0000559120d6c590 CR3: 0000000004274000 CR4: 0000000000750eb0
00022  ? llog_create+0x2ed/0x530 [obdclass]
00022  ? llog_cat_new_log+0x6c3/0x2bf0 [obdclass]
00022  ? llog_cat_add_rec+0x6ba/0x1960 [obdclass]
00022  ? ptlrpc_main+0x6359/0x96f0 [ptlrpc]
00022 PKRU: 55555554
00022 PKRU: 55555554
00022  ? llog_cat_add+0x451/0x890 [obdclass]
00022  ? __kthread_parkme+0x73/0x130
00022 Call Trace:
00022  ? kthread+0x2cd/0x3a0
00022  ? osp_sync_init+0x1588/0x2760 [osp]
00022  ? osp_device_alloc+0x1b91/0x2e10 [osp]
00022  ? obd_setup+0x25c/0x960 [obdclass]
00022  ? ptlrpc_start_thread+0x1f10/0x1f10 [ptlrpc]
00022 Call Trace:
00022  ? class_setup+0xc7d/0x10e0 [obdclass]
00022  <TASK>
00022  ? kthread_unuse_mm+0x130/0x130
00022  ? ret_from_fork+0x18c/0x520
00022  ? kthread_unuse_mm+0x130/0x130
00022  ? ret_from_fork_asm+0x11/0x20
00022  </TASK>
00022 ---[ end trace 0000000000000000 ]---
00022 ------------[ cut here ]------------
00022 WARNING: /home/ktest/git/linux/include/linux/fs.h:889 at osd_create+0x9cf/0xcf0 [osd_wbcfs], CPU#2: ll_ost00_003/1998
00022  ? class_process_config+0x2edb/0x7cb0 [obdclass]
00022 Modules linked in: ofd(O) osp(O) mdd(O) lod(O) mdt(O) lquota(O) lfsck(O) mgs(O) osd_wbcfs(O) lustre(O) obdecho(O) mgc(O) mdc(O) lov(O) osc(O) lmv(O) ec(O) fid(O) fld(O) ptlrpc(O) efivarfs obdclass(O) ksocklnd(O) lnet(O) libcfs(O)
00022 CPU: 2 UID: 0 PID: 1998 Comm: ll_ost00_003 Tainted: G        W  O        7.0.0-ktest-2b8c50a-6330a45-20260806-dirty #1 PREEMPT 
00022 Tainted: [W]=WARN, [O]=OOT_MODULE
00022 Hardware name: QEMU Standard PC (Q35 + ICH9, 2009), BIOS 2025.11-3ubuntu7 03/31/2026
00022 RIP: 0010:osd_create+0x9cf/0xcf0 [osd_wbcfs]
00022  ? __kasan_kmalloc+0x72/0x80
00022 Code: c7 c7 00 c6 7b a1 48 c7 c6 a0 42 7d a1 48 c7 c2 00 4c 7d a1 e8 82 dd 43 ff 48 c7 c7 00 c6 7b a1 e8 c6 6a 44 ff e9 fe fc ff ff <0f> 0b e9 a5 fa ff ff 48 c7 c1 80 44 5d a0 80 e1 07 80 c1 03 38 c1
00022 RSP: 0018:ffffc90008daf878 EFLAGS: 00010246
00022 RAX: 0000000000000000 RBX: ffff888135417400 RCX: 0000000000000046
00022 RDX: 0000000000000000 RSI: ffff888120d96d38 RDI: ffff8881893789e8
00022 RBP: ffff888120d96ca8 R08: ffffffff83a16803 R09: 1ffffffff0742d00
00022 R10: dffffc0000000000 R11: fffffbfff0742d01 R12: ffff888108350830
00022 R13: dffffc0000000000 R14: 1ffff11026a82e80 R15: 1ffff1102106a142
00022 FS:  0000000000000000(0000) GS:ffff88831e52a000(0000) knlGS:0000000000000000
00022 CS:  0010 DS: 0000 ES: 0000 CR0: 0000000080050033
00022 CR2: 0000559120d60aa0 CR3: 0000000004274000 CR4: 0000000000750eb0
00022 PKRU: 55555554
00022 Call Trace:
00022  <TASK>
00022  ? class_config_llog_handler+0x2954/0x4f80 [obdclass]
00022  ? ofd_precreate_objects+0x1bd8/0x3220 [ofd]
00022  ? ofd_create_hdl+0x2015/0x3510 [ofd]
00022  ? class_config_llog_handler+0x2cea/0x4f80 [obdclass]
00022  <TASK>
00022  ? lustre_cfg_rec_free+0x350/0x350 [obdclass]
00022  ? tgt_request_handle+0x23ad/0x3d30 [ptlrpc]
00022  ? ofd_precreate_objects+0x1bd8/0x3220 [ofd]
00022  ? ofd_create_hdl+0x2015/0x3510 [ofd]
00022  ? ofd_precreate_objects+0x1bd8/0x3220 [ofd]
00022  ? ptlrpc_main+0x6359/0x96f0 [ptlrpc]
00022  ? tgt_request_handle+0x23ad/0x3d30 [ptlrpc]
00022  ? llog_process_thread+0x1fd2/0x4f70 [obdclass]
00022  ? __kthread_parkme+0x73/0x130
00022  ? ofd_create_hdl+0x2015/0x3510 [ofd]
00022  ? kthread+0x2cd/0x3a0
00022  ? _raw_spin_unlock+0x23/0x40
00022  ? ptlrpc_start_thread+0x1f10/0x1f10 [ptlrpc]
00022  ? tgt_request_handle+0x23ad/0x3d30 [ptlrpc]
00022  ? ptlrpc_main+0x6359/0x96f0 [ptlrpc]
00022  ? ptlrpc_main+0x6359/0x96f0 [ptlrpc]
00022  ? llog_process_thread_daemonize+0x16d/0x1b0 [obdclass]
00022  ? kthread_unuse_mm+0x130/0x130
00022  ? __kthread_parkme+0x73/0x130
00022  ? kthread+0x2cd/0x3a0
00022  ? __kthread_parkme+0x73/0x130
00022  ? kthread+0x2cd/0x3a0
00022  ? kthread+0x2cd/0x3a0
00022  ? llog_process_or_fork+0xc90/0xc90 [obdclass]
00022  ? ptlrpc_start_thread+0x1f10/0x1f10 [ptlrpc]
00022  ? ptlrpc_start_thread+0x1f10/0x1f10 [ptlrpc]
00022  ? ret_from_fork+0x18c/0x520
00022  ? kthread_unuse_mm+0x130/0x130
00022  ? ret_from_fork+0x18c/0x520
00022  ? kthread_unuse_mm+0x130/0x130
00022  ? kthread_unuse_mm+0x130/0x130
00022  ? kthread_unuse_mm+0x130/0x130
00022  ? ret_from_fork+0x18c/0x520
00022  ? ret_from_fork_asm+0x11/0x20
00022  ? kthread_unuse_mm+0x130/0x130
00022  </TASK>
00022 ---[ end trace 0000000000000000 ]---
00022  ? ret_from_fork_asm+0x11/0x20
00022  </TASK>
00022 ---[ end trace 0000000000000000 ]---
00022  ? kthread_unuse_mm+0x130/0x130
00022  ? ret_from_fork+0x18c/0x520
00022  ? kthread_unuse_mm+0x130/0x130
00022  ? ret_from_fork_asm+0x11/0x20
00022  </TASK>
00022  ? ret_from_fork_asm+0x11/0x20
00022 ---[ end trace 0000000000000000 ]---
00022 ------------[ cut here ]------------
00022  </TASK>
00022 WARNING: /home/ktest/git/linux/include/linux/fs.h:889 at osd_create+0x9cf/0xcf0 [osd_wbcfs], CPU#6: ll_ost00_002/1962
00022 ---[ end trace 0000000000000000 ]---
00022 Modules linked in: ofd(O) osp(O) mdd(O) lod(O) mdt(O) lquota(O) lfsck(O) mgs(O) osd_wbcfs(O) lustre(O) obdecho(O) mgc(O)
00022 ------------[ cut here ]------------
00022  mdc(O) lov(O) osc(O) lmv(O) ec(O) fid(O) fld(O) ptlrpc(O) efivarfs obdclass(O) ksocklnd(O) lnet(O)
00022 WARNING: /home/ktest/git/linux/include/linux/fs.h:889 at osd_create+0x9cf/0xcf0 [osd_wbcfs], CPU#2: ll_ost00_003/1998
00022  libcfs(O)
00022 CPU: 6 UID: 0 PID: 1962 Comm: ll_ost00_002 Tainted: G        W  O        7.0.0-ktest-2b8c50a-6330a45-20260806-dirty #1 PREEMPT 
00022 Tainted: [W]=WARN, [O]=OOT_MODULE
00022 Hardware name: QEMU Standard PC (Q35 + ICH9, 2009), BIOS 2025.11-3ubuntu7 03/31/2026
00022 RIP: 0010:osd_create+0x9cf/0xcf0 [osd_wbcfs]
00022 Lustre: lustre-OST0000-osc-MDT0000: update sequence from 0x100000000 to 0x280000401
00022 Modules linked in:
00022 Code: c7 c7 00 c6 7b a1 48 c7 c6 a0 42 7d a1 48 c7 c2 00 4c 7d a1 e8 82 dd 43 ff 48 c7 c7 00 c6 7b a1 e8 c6 6a 44 ff e9 fe fc ff ff <0f> 0b e9 a5 fa ff ff 48 c7 c1 80 44 5d a0 80 e1 07 80 c1 03 38 c1
00022 RSP: 0018:ffffc90001d47878 EFLAGS: 00010246
00022 RAX: 0000000000000000 RBX: ffff88813891fc00 RCX: 0000000000000046
00022 RDX: 0000000000000000 RSI: ffff888197b17450 RDI: ffff888109d309e8
00022 RBP: ffff888197b173c0 R08: ffffffff83a16803 R09: 1ffffffff0742d00
00022 R10: dffffc0000000000 R11: fffffbfff0742d01 R12: ffff888192478830
00022  ofd(O)
00022 R13: dffffc0000000000 R14: 1ffff11027123f80 R15: 1ffff1103248f142
00022 FS:  0000000000000000(0000) GS:ffff88831e72a000(0000) knlGS:0000000000000000
00022 CS:  0010 DS: 0000 ES: 0000 CR0: 0000000080050033
00022 CR2: 0000559120d6c590 CR3: 0000000004274000 CR4: 0000000000750eb0
00022 PKRU: 55555554
00022 ------------[ cut here ]------------
00022  osp(O)
00022 WARNING: /home/ktest/git/linux/include/linux/fs.h:889 at osd_create+0x9cf/0xcf0 [osd_wbcfs], CPU#8: ll_ost00_001/1961
00022 Call Trace:
00022  <TASK>
00022  ? ofd_precreate_objects+0x1bd8/0x3220 [ofd]
00022  ? ofd_create_hdl+0x2015/0x3510 [ofd]
00022  mdd(O)
00022  ? tgt_request_handle+0x23ad/0x3d30 [ptlrpc]
00022 Modules linked in: ofd(O) osp(O) mdd(O) lod(O) mdt(O) lquota(O) lfsck(O) mgs(O) osd_wbcfs(O) lustre(O) obdecho(O) mgc(O)
00022  ? ptlrpc_main+0x6359/0x96f0 [ptlrpc]
00022  ? __kthread_parkme+0x73/0x130
00022  ? kthread+0x2cd/0x3a0
00022  lod(O)
00022  ? ptlrpc_start_thread+0x1f10/0x1f10 [ptlrpc]
00022  ? kthread_unuse_mm+0x130/0x130
00022  ? ret_from_fork+0x18c/0x520
00022  ? kthread_unuse_mm+0x130/0x130
00022  ? ret_from_fork_asm+0x11/0x20
00022  </TASK>
00022 ---[ end trace 0000000000000000 ]---
00022 ------------[ cut here ]------------
00022 WARNING: /home/ktest/git/linux/include/linux/fs.h:889 at osd_create+0x9cf/0xcf0 [osd_wbcfs], CPU#6: ll_ost00_002/1962
00022  mdc(O) lov(O)
00022 Modules linked in:
00022  osc(O)
00022  lmv(O)
00022  ofd(O)
00022  ec(O)
00022  osp(O)
00022  mdd(O) lod(O)
00022  fid(O) fld(O) ptlrpc(O) efivarfs obdclass(O) ksocklnd(O) lnet(O) libcfs(O)
00022 CPU: 8 UID: 0 PID: 1961 Comm: ll_ost00_001 Tainted: G        W  O        7.0.0-ktest-2b8c50a-6330a45-20260806-dirty #1 PREEMPT 
00022 Tainted: [W]=WARN, [O]=OOT_MODULE
00022 Hardware name: QEMU Standard PC (Q35 + ICH9, 2009), BIOS 2025.11-3ubuntu7 03/31/2026
00022 RIP: 0010:osd_create+0x9cf/0xcf0 [osd_wbcfs]
00022 Code: c7 c7 00 c6 7b a1 48 c7 c6 a0 42 7d a1 48 c7 c2 00 4c 7d a1 e8 82 dd 43 ff 48 c7 c7 00 c6 7b a1 e8 c6 6a 44 ff e9 fe fc ff ff <0f> 0b e9 a5 fa ff ff 48 c7 c1 80 44 5d a0 80 e1 07 80 c1 03 38 c1
00022 RSP: 0018:ffffc90001d578c0 EFLAGS: 00010246
00022 RAX: 0000000000000000 RBX: ffff888139048400 RCX: 0000000000000046
00022 RDX: 0000000000000000 RSI: ffff8881b52349c0 RDI: ffff888109d4aa80
00022 RBP: ffff8881b5234930 R08: ffffffff83a16803 R09: 1ffffffff0742d00
00022 R10: dffffc0000000000 R11: fffffbfff0742d01 R12: ffff8881ae1b2830
00022 R13: dffffc0000000000 R14: 1ffff11027209080 R15: 1ffff11035c36542
00022 FS:  0000000000000000(0000) GS:ffff88831e82a000(0000) knlGS:0000000000000000
00022 CS:  0010 DS: 0000 ES: 0000 CR0: 0000000080050033
00022 CR2: 000055d83c47af00 CR3: 0000000197f8d000 CR4: 0000000000750eb0
00022 PKRU: 55555554
00022 Call Trace:
00022  <TASK>
00022  mdt(O)
00022  ? dt_find_or_create+0x81a/0x1170 [obdclass]
00022  ? ofd_seq_load+0x605/0x1ac0 [ofd]
00022  mdt(O) lquota(O) lfsck(O) mgs(O) osd_wbcfs(O) lustre(O) obdecho(O) mgc(O) mdc(O) lov(O) osc(O) lmv(O) ec(O)
00022  ? ofd_create_hdl+0x4e0/0x3510 [ofd]
00022  ? ofd_create_hdl+0x778/0x3510 [ofd]
00022  lquota(O)
00022  fid(O) fld(O) ptlrpc(O) efivarfs obdclass(O) ksocklnd(O) lnet(O) libcfs(O)
00022 CPU: 6 UID: 0 PID: 1962 Comm: ll_ost00_002 Tainted: G        W  O        7.0.0-ktest-2b8c50a-6330a45-20260806-dirty #1 PREEMPT 
00022 Tainted: [W]=WARN, [O]=OOT_MODULE
00022  ? lustre_pack_reply_flags+0x11f/0x3a0 [ptlrpc]
00022  ? tgt_request_handle+0x23ad/0x3d30 [ptlrpc]
00022 ------------[ cut here ]------------
00022  lfsck(O)
00022 WARNING: /home/ktest/git/linux/include/linux/fs.h:889 at osd_create+0x9cf/0xcf0 [osd_wbcfs], CPU#10: ll_ost00_004/2010
00022 Modules linked in: ofd(O) osp(O) mdd(O) lod(O) mdt(O) lquota(O) lfsck(O) mgs(O) osd_wbcfs(O) lustre(O) obdecho(O) mgc(O) mdc(O) lov(O) osc(O) lmv(O) ec(O) fid(O) fld(O) ptlrpc(O) efivarfs obdclass(O) ksocklnd(O) lnet(O) libcfs(O)
00022 CPU: 10 UID: 0 PID: 2010 Comm: ll_ost00_004 Tainted: G        W  O        7.0.0-ktest-2b8c50a-6330a45-20260806-dirty #1 PREEMPT 
00022 Tainted: [W]=WARN, [O]=OOT_MODULE
00022 Hardware name: QEMU Standard PC (Q35 + ICH9, 2009), BIOS 2025.11-3ubuntu7 03/31/2026
00022 Hardware name: QEMU Standard PC (Q35 + ICH9, 2009), BIOS 2025.11-3ubuntu7 03/31/2026
00022 RIP: 0010:osd_create+0x9cf/0xcf0 [osd_wbcfs]
00022 RIP: 0010:osd_create+0x9cf/0xcf0 [osd_wbcfs]
00022 Code: c7 c7 00 c6 7b a1 48 c7 c6 a0 42 7d a1 48 c7 c2 00 4c 7d a1 e8 82 dd 43 ff 48 c7 c7 00 c6 7b a1 e8 c6 6a 44 ff e9 fe fc ff ff <0f> 0b e9 a5 fa ff ff 48 c7 c1 80 44 5d a0 80 e1 07 80 c1 03 38 c1
00022 Code: c7 c7 00 c6 7b a1 48 c7 c6 a0 42 7d a1 48 c7 c2 00 4c 7d a1 e8 82 dd 43 ff 48 c7 c7 00 c6 7b a1 e8 c6 6a 44 ff e9 fe fc ff ff <0f> 0b e9 a5 fa ff ff 48 c7 c1 80 44 5d a0 80 e1 07 80 c1 03 38 c1
00022 RSP: 0018:ffffc90001d47878 EFLAGS: 00010246
00022 RAX: 0000000000000000 RBX: ffff88813891d800 RCX: 0000000000000046
00022 RDX: 0000000000000000 RSI: ffff888197b16d38 RDI: ffff888109d309e8
00022 RBP: ffff888197b16ca8 R08: ffffffff83a16803 R09: 1ffffffff0742d00
00022 R10: dffffc0000000000 R11: fffffbfff0742d01 R12: ffff888192478830
00022 R13: dffffc0000000000 R14: 1ffff11027123b00 R15: 1ffff1103248f142
00022 FS:  0000000000000000(0000) GS:ffff88831e72a000(0000) knlGS:0000000000000000
00022 CS:  0010 DS: 0000 ES: 0000 CR0: 0000000080050033
00022 CR2: 0000559120d6c590 CR3: 0000000004274000 CR4: 0000000000750eb0
00022 PKRU: 55555554
00022 Call Trace:
00022  <TASK>
00022  ? ofd_precreate_objects+0x1bd8/0x3220 [ofd]
00022  ? ofd_create_hdl+0x2015/0x3510 [ofd]
00022  mgs(O)
00022  ? ptlrpc_main+0x6359/0x96f0 [ptlrpc]
00022  ? tgt_request_handle+0x23ad/0x3d30 [ptlrpc]
00022 RSP: 0018:ffffc90008f7f950 EFLAGS: 00010246
00022 RAX: 0000000000000000 RBX: ffff888105e09800 RCX: 0000000000000046
00022 RDX: 0000000000000000 RSI: ffff88819f8b2d60 RDI: ffff88816ad62a58
00022 RBP: ffff88819f8b2cd0 R08: ffffffff83a16803 R09: 1ffffffff0742d00
00022 R10: dffffc0000000000 R11: fffffbfff0742d01 R12: ffff8881695cb030
00022  ? __kthread_parkme+0x73/0x130
00022  ? kthread+0x2cd/0x3a0
00022  osd_wbcfs(O)
00022  ? ptlrpc_main+0x6359/0x96f0 [ptlrpc]
00022  ? ptlrpc_start_thread+0x1f10/0x1f10 [ptlrpc]
00022 R13: dffffc0000000000 R14: 1ffff11020bc1300 R15: 1ffff1102d2b9642
00022 FS:  0000000000000000(0000) GS:ffff88831e92a000(0000) knlGS:0000000000000000
00022 CS:  0010 DS: 0000 ES: 0000 CR0: 0000000080050033
00022 CR2: 00005603f26e5840 CR3: 0000000004274000 CR4: 0000000000750eb0
00022 PKRU: 55555554
00022  ? __kthread_parkme+0x73/0x130
00022  ? kthread+0x2cd/0x3a0
00022  ? kthread_unuse_mm+0x130/0x130
00022  ? ret_from_fork+0x18c/0x520
00022  ? kthread_unuse_mm+0x130/0x130
00022  ? ret_from_fork_asm+0x11/0x20
00022  </TASK>
00022 ---[ end trace 0000000000000000 ]---
00022  lustre(O)
00022  ? ptlrpc_start_thread+0x1f10/0x1f10 [ptlrpc]
00022 Call Trace:
00022  <TASK>
00022  ? dt_find_or_create+0x81a/0x1170 [obdclass]
00022  obdecho(O)
00022  ? ofd_seq_load+0x605/0x1ac0 [ofd]
00022  ? kthread_unuse_mm+0x130/0x130
00022  ? ofd_get_info_hdl+0xfdd/0x2330 [ofd]
00022  ? ret_from_fork+0x18c/0x520
00022  ? kthread_unuse_mm+0x130/0x130
00022  mgc(O)
00022  ? ret_from_fork_asm+0x11/0x20
00022  </TASK>
00022 ---[ end trace 0000000000000000 ]---
00022  mdc(O)
00022 ------------[ cut here ]------------
00022 WARNING: /home/ktest/git/linux/include/linux/fs.h:889 at osd_create+0x9cf/0xcf0 [osd_wbcfs], CPU#8: ll_ost00_001/1961
00022 Modules linked in: ofd(O) osp(O) mdd(O) lod(O) mdt(O) lquota(O) lfsck(O) mgs(O) osd_wbcfs(O) lustre(O) obdecho(O) mgc(O) mdc(O) lov(O) osc(O) lmv(O) ec(O) fid(O) fld(O) ptlrpc(O) efivarfs obdclass(O) ksocklnd(O) lnet(O) libcfs(O)
00022 CPU: 8 UID: 0 PID: 1961 Comm: ll_ost00_001 Tainted: G        W  O        7.0.0-ktest-2b8c50a-6330a45-20260806-dirty #1 PREEMPT 
00022 Tainted: [W]=WARN, [O]=OOT_MODULE
00022  ? tgt_request_handle+0x23ad/0x3d30 [ptlrpc]
00022 Hardware name: QEMU Standard PC (Q35 + ICH9, 2009), BIOS 2025.11-3ubuntu7 03/31/2026
00022 ------------[ cut here ]------------
00022 WARNING: /home/ktest/git/linux/include/linux/fs.h:889 at osd_create+0x9cf/0xcf0 [osd_wbcfs], CPU#6: ll_ost00_002/1962
00022 Modules linked in: ofd(O)
00022  lov(O) osc(O) lmv(O) ec(O) fid(O) fld(O) ptlrpc(O) efivarfs obdclass(O) ksocklnd(O) lnet(O) libcfs(O)
00022 CPU: 2 UID: 0 PID: 1998 Comm: ll_ost00_003 Tainted: G        W  O        7.0.0-ktest-2b8c50a-6330a45-20260806-dirty #1 PREEMPT 
00022 Tainted: [W]=WARN, [O]=OOT_MODULE
00022 Hardware name: QEMU Standard PC (Q35 + ICH9, 2009), BIOS 2025.11-3ubuntu7 03/31/2026
00022 RIP: 0010:osd_create+0x9cf/0xcf0 [osd_wbcfs]
00022 Code: c7 c7 00 c6 7b a1 48 c7 c6 a0 42 7d a1 48 c7 c2 00 4c 7d a1 e8 82 dd 43 ff 48 c7 c7 00 c6 7b a1 e8 c6 6a 44 ff e9 fe fc ff ff <0f> 0b e9 a5 fa ff ff 48 c7 c1 80 44 5d a0 80 e1 07 80 c1 03 38 c1
00022 RSP: 0018:ffffc90008daf878 EFLAGS: 00010246
00022 RAX: 0000000000000000 RBX: ffff888138e18c00 RCX: 0000000000000046
00022 RDX: 0000000000000000 RSI: ffff888120d96620 RDI: ffff8881893789e8
00022 RBP: ffff888120d96590 R08: ffffffff83a16803 R09: 1ffffffff0742d00
00022 R10: dffffc0000000000 R11: fffffbfff0742d01 R12: ffff888108350830
00022 R13: dffffc0000000000 R14: 1ffff110271c3180 R15: 1ffff1102106a142
00022 FS:  0000000000000000(0000) GS:ffff88831e52a000(0000) knlGS:0000000000000000
00022 CS:  0010 DS: 0000 ES: 0000 CR0: 0000000080050033
00022 CR2: 0000559120d60aa0 CR3: 0000000004274000 CR4: 0000000000750eb0
00022 PKRU: 55555554
00022 RIP: 0010:osd_create+0x9cf/0xcf0 [osd_wbcfs]
00022 Code: c7 c7 00 c6 7b a1 48 c7 c6 a0 42 7d a1 48 c7 c2 00 4c 7d a1 e8 82 dd 43 ff 48 c7 c7 00 c6 7b a1 e8 c6 6a 44 ff e9 fe fc ff ff <0f> 0b e9 a5 fa ff ff 48 c7 c1 80 44 5d a0 80 e1 07 80 c1 03 38 c1
00022 RSP: 0018:ffffc90001d57878 EFLAGS: 00010246
00022 RAX: 0000000000000000 RBX: ffff888139048000 RCX: 0000000000000046
00022 RDX: 0000000000000000 RSI: ffff8881b52342a8 RDI: ffff888109d4aaa8
00022 RBP: ffff8881b5234218 R08: ffffffff83a16803 R09: 1ffffffff0742d00
00022 R10: dffffc0000000000 R11: fffffbfff0742d01 R12: ffff8881ae1b2830
00022 R13: dffffc0000000000 R14: 1ffff11027209000 R15: 1ffff11035c36542
00022 FS:  0000000000000000(0000) GS:ffff88831e82a000(0000) knlGS:0000000000000000
00022 CS:  0010 DS: 0000 ES: 0000 CR0: 0000000080050033
00022 CR2: 000055d83c47af00 CR3: 0000000197f8d000 CR4: 0000000000750eb0
00022 PKRU: 55555554
00022 Call Trace:
00022  <TASK>
00022  ? ofd_precreate_objects+0x1bd8/0x3220 [ofd]
00022  osp(O) mdd(O) lod(O) mdt(O) lquota(O) lfsck(O) mgs(O) osd_wbcfs(O) lustre(O) obdecho(O) mgc(O) mdc(O) lov(O)
00022  ? ofd_create_hdl+0x2015/0x3510 [ofd]
00022  ? ptlrpc_main+0x6359/0x96f0 [ptlrpc]
00022  ? tgt_request_handle+0x23ad/0x3d30 [ptlrpc]
00022 Call Trace:
00022  ? __kthread_parkme+0x73/0x130
00022  ? kthread+0x2cd/0x3a0
00022  ? ptlrpc_start_thread+0x1f10/0x1f10 [ptlrpc]
00022  osc(O) lmv(O) ec(O) fid(O) fld(O) ptlrpc(O) efivarfs obdclass(O) ksocklnd(O) lnet(O) libcfs(O)
00022 CPU: 6 UID: 0 PID: 1962 Comm: ll_ost00_002 Tainted: G        W  O        7.0.0-ktest-2b8c50a-6330a45-20260806-dirty #1 PREEMPT 
00022  ? ptlrpc_main+0x6359/0x96f0 [ptlrpc]
00022  ? kthread_unuse_mm+0x130/0x130
00022  ? ret_from_fork+0x18c/0x520
00022  ? kthread_unuse_mm+0x130/0x130
00022  ? ret_from_fork_asm+0x11/0x20
00022  </TASK>
00022 ---[ end trace 0000000000000000 ]---
00022  <TASK>
00022  ? __kthread_parkme+0x73/0x130
00022  ? kthread+0x2cd/0x3a0
00022 Tainted: [W]=WARN, [O]=OOT_MODULE
00022 Hardware name: QEMU Standard PC (Q35 + ICH9, 2009), BIOS 2025.11-3ubuntu7 03/31/2026
00022 RIP: 0010:osd_create+0x9cf/0xcf0 [osd_wbcfs]
00022  ? ptlrpc_start_thread+0x1f10/0x1f10 [ptlrpc]
00022  ? ofd_precreate_objects+0x1bd8/0x3220 [ofd]
00022  ? kthread_unuse_mm+0x130/0x130
00022 ------------[ cut here ]------------
00022  ? ret_from_fork+0x18c/0x520
00022  ? kthread_unuse_mm+0x130/0x130
00022 Code: c7 c7 00 c6 7b a1 48 c7 c6 a0 42 7d a1 48 c7 c2 00 4c 7d a1 e8 82 dd 43 ff 48 c7 c7 00 c6 7b a1 e8 c6 6a 44 ff e9 fe fc ff ff <0f> 0b e9 a5 fa ff ff 48 c7 c1 80 44 5d a0 80 e1 07 80 c1 03 38 c1
00022 RSP: 0018:ffffc90001d47878 EFLAGS: 00010246
00022  ? ret_from_fork_asm+0x11/0x20
00022 
00022 RAX: 0000000000000000 RBX: ffff88813891d000 RCX: 0000000000000046
00022 RDX: 0000000000000000 RSI: ffff888197b16620 RDI: ffff888109d309e8
00022 RBP: ffff888197b16590 R08: ffffffff83a16803 R09: 1ffffffff0742d00
00022 WARNING: /home/ktest/git/linux/include/linux/fs.h:889 at osd_create+0x9cf/0xcf0 [osd_wbcfs], CPU#9: ll_ost00_005/2014
00022 R10: dffffc0000000000 R11: fffffbfff0742d01 R12: ffff888192478830
00022 R13: dffffc0000000000 R14: 1ffff11027123a00 R15: 1ffff1103248f142
00022  </TASK>
00022 ---[ end trace 0000000000000000 ]---
00022 Modules linked in: ofd(O) osp(O) mdd(O) lod(O) mdt(O) lquota(O) lfsck(O) mgs(O) osd_wbcfs(O) lustre(O) obdecho(O) mgc(O) mdc(O) lov(O) osc(O) lmv(O) ec(O) fid(O) fld(O) ptlrpc(O) efivarfs obdclass(O) ksocklnd(O) lnet(O) libcfs(O)
00022 CPU: 9 UID: 0 PID: 2014 Comm: ll_ost00_005 Tainted: G        W  O        7.0.0-ktest-2b8c50a-6330a45-20260806-dirty #1 PREEMPT 
00022 Tainted: [W]=WARN, [O]=OOT_MODULE
00022 Hardware name: QEMU Standard PC (Q35 + ICH9, 2009), BIOS 2025.11-3ubuntu7 03/31/2026
00022 ------------[ cut here ]------------
00022 RIP: 0010:osd_create+0x9cf/0xcf0 [osd_wbcfs]
00022 Code: c7 c7 00 c6 7b a1 48 c7 c6 a0 42 7d a1 48 c7 c2 00 4c 7d a1 e8 82 dd 43 ff 48 c7 c7 00 c6 7b a1 e8 c6 6a 44 ff e9 fe fc ff ff <0f> 0b e9 a5 fa ff ff 48 c7 c1 80 44 5d a0 80 e1 07 80 c1 03 38 c1
00022 WARNING: /home/ktest/git/linux/include/linux/fs.h:889 at osd_create+0x9cf/0xcf0 [osd_wbcfs], CPU#8: ll_ost00_001/1961
00022 RSP: 0018:ffffc90008fbf878 EFLAGS: 00010246
00022 RAX: 0000000000000000 RBX: ffff88811f1f3400 RCX: 0000000000000046
00022 RDX: 0000000000000000 RSI: ffff8881aa1d09e8 RDI: ffff8881893a2aa8
00022 RBP: ffff8881aa1d0958 R08: ffffffff83a16803 R09: 1ffffffff0742d00
00022 Modules linked in:
00022 R10: dffffc0000000000 R11: fffffbfff0742d01 R12: ffff88813f500830
00022  ofd(O) osp(O)
00022 R13: dffffc0000000000 R14: 1ffff11023e3e680 R15: 1ffff11027ea0142
00022  mdd(O) lod(O) mdt(O) lquota(O)
00022 FS:  0000000000000000(0000) GS:ffff88831e8aa000(0000) knlGS:0000000000000000
00022  lfsck(O) mgs(O)
00022 CS:  0010 DS: 0000 ES: 0000 CR0: 0000000080050033
00022  osd_wbcfs(O) lustre(O)
00022 CR2: 00007fd8a59e6194 CR3: 0000000004274000 CR4: 0000000000750eb0
00022  obdecho(O) mgc(O) mdc(O) lov(O) osc(O)
00022 PKRU: 55555554
00022  lmv(O)
00022 Call Trace:
00022  ec(O)
00022  fid(O) fld(O)
00022  <TASK>
00022  ptlrpc(O) efivarfs obdclass(O) ksocklnd(O) lnet(O) libcfs(O)
00022 CPU: 8 UID: 0 PID: 1961 Comm: ll_ost00_001 Tainted: G        W  O        7.0.0-ktest-2b8c50a-6330a45-20260806-dirty #1 PREEMPT 
00022 Tainted: [W]=WARN, [O]=OOT_MODULE
00022 Hardware name: QEMU Standard PC (Q35 + ICH9, 2009), BIOS 2025.11-3ubuntu7 03/31/2026
00022 RIP: 0010:osd_create+0x9cf/0xcf0 [osd_wbcfs]
00022 Code: c7 c7 00 c6 7b a1 48 c7 c6 a0 42 7d a1 48 c7 c2 00 4c 7d a1 e8 82 dd 43 ff 48 c7 c7 00 c6 7b a1 e8 c6 6a 44 ff e9 fe fc ff ff <0f> 0b e9 a5 fa ff ff 48 c7 c1 80 44 5d a0 80 e1 07 80 c1 03 38 c1
00022 RSP: 0018:ffffc90001d57878 EFLAGS: 00010246
00022 RAX: 0000000000000000 RBX: ffff88813904d400 RCX: 0000000000000046
00022 RDX: 0000000000000000 RSI: ffff8881b5233b90 RDI: ffff888109d4aaa8
00022  ? ofd_precreate_objects+0x1bd8/0x3220 [ofd]
00022 RBP: ffff8881b5233b00 R08: ffffffff83a16803 R09: 1ffffffff0742d00
00022 R10: dffffc0000000000 R11: fffffbfff0742d01 R12: ffff8881ae1b2830
00022 R13: dffffc0000000000 R14: 1ffff11027209a80 R15: 1ffff11035c36542
00022 FS:  0000000000000000(0000) GS:ffff88831e82a000(0000) knlGS:0000000000000000
00022 CS:  0010 DS: 0000 ES: 0000 CR0: 0000000080050033
00022 CR2: 000055d83c47af00 CR3: 0000000197f8d000 CR4: 0000000000750eb0
00022 PKRU: 55555554
00022 Call Trace:
00022  <TASK>
00022  ? ofd_precreate_objects+0x1bd8/0x3220 [ofd]
00022  ? ofd_create_hdl+0x2015/0x3510 [ofd]
00022  ? ofd_create_hdl+0x2015/0x3510 [ofd]
00022  ? tgt_request_handle+0x23ad/0x3d30 [ptlrpc]
00022  ? tgt_request_handle+0x23ad/0x3d30 [ptlrpc]
00022  ? ofd_create_hdl+0x2015/0x3510 [ofd]
00022 FS:  0000000000000000(0000) GS:ffff88831e72a000(0000) knlGS:0000000000000000
00022 CS:  0010 DS: 0000 ES: 0000 CR0: 0000000080050033
00022 CR2: 0000559120d6c590 CR3: 0000000004274000 CR4: 0000000000750eb0
00022 PKRU: 55555554
00022 Call Trace:
00022  <TASK>
00022  ? ofd_precreate_objects+0x1bd8/0x3220 [ofd]
00022  ? ptlrpc_main+0x6359/0x96f0 [ptlrpc]
00022  ? ptlrpc_main+0x6359/0x96f0 [ptlrpc]
00022  ? tgt_request_handle+0x23ad/0x3d30 [ptlrpc]
00022  ? __kthread_parkme+0x73/0x130
00022  ? kthread+0x2cd/0x3a0
00022  ? ofd_create_hdl+0x2015/0x3510 [ofd]
00022  ? ptlrpc_start_thread+0x1f10/0x1f10 [ptlrpc]
00022  ? __kthread_parkme+0x73/0x130
00022  ? tgt_request_handle+0x23ad/0x3d30 [ptlrpc]
00022  ? kthread_unuse_mm+0x130/0x130
00022  ? ret_from_fork+0x18c/0x520
00022  ? kthread_unuse_mm+0x130/0x130
00022  ? ret_from_fork_asm+0x11/0x20
00022  </TASK>
00022 ---[ end trace 0000000000000000 ]---
00022  ? kthread+0x2cd/0x3a0
00022  ? ptlrpc_main+0x6359/0x96f0 [ptlrpc]
00022  ? ptlrpc_main+0x6359/0x96f0 [ptlrpc]
00022 Lustre: lustre-OST0001-osc-MDT0000: update sequence from 0x100010000 to 0x2c0000401
00022  ? ptlrpc_start_thread+0x1f10/0x1f10 [ptlrpc]
00022  ? __kthread_parkme+0x73/0x130
00022  ? __kthread_parkme+0x73/0x130
00022  ? kthread+0x2cd/0x3a0
00022  ? kthread+0x2cd/0x3a0
00022  ? kthread_unuse_mm+0x130/0x130
00022 ------------[ cut here ]------------
00022 WARNING: /home/ktest/git/linux/include/linux/fs.h:889 at osd_create+0x9cf/0xcf0 [osd_wbcfs], CPU#10: ll_ost00_004/2010
00022  ? ptlrpc_start_thread+0x1f10/0x1f10 [ptlrpc]
00022  ? ret_from_fork+0x18c/0x520
00022  ? ptlrpc_start_thread+0x1f10/0x1f10 [ptlrpc]
00022 Modules linked in: ofd(O)
00022  ? kthread_unuse_mm+0x130/0x130
00022  ? ret_from_fork+0x18c/0x520
00022  ? kthread_unuse_mm+0x130/0x130
00022  ? ret_from_fork_asm+0x11/0x20
00022  </TASK>
00022 ---[ end trace 0000000000000000 ]---
00022 ------------[ cut here ]------------
00022 WARNING: /home/ktest/git/linux/include/linux/fs.h:889 at osd_create+0x9cf/0xcf0 [osd_wbcfs], CPU#6: ll_ost00_002/1962
00022 Modules linked in: ofd(O) osp(O) mdd(O) lod(O) mdt(O) lquota(O) lfsck(O) mgs(O) osd_wbcfs(O) lustre(O) obdecho(O) mgc(O) mdc(O) lov(O) osc(O) lmv(O) ec(O) fid(O) fld(O) ptlrpc(O) efivarfs obdclass(O) ksocklnd(O) lnet(O)
00022  ? kthread_unuse_mm+0x130/0x130
00022  ? ret_from_fork_asm+0x11/0x20
00022  </TASK>
00022 ---[ end trace 0000000000000000 ]---
00022  ? kthread_unuse_mm+0x130/0x130
00022  ? ret_from_fork+0x18c/0x520
00022  ? kthread_unuse_mm+0x130/0x130
00022  ? ret_from_fork_asm+0x11/0x20
00022 ------------[ cut here ]------------
00022  </TASK>
00022 ---[ end trace 0000000000000000 ]---
00022 WARNING: /home/ktest/git/linux/include/linux/fs.h:889 at osd_create+0x9cf/0xcf0 [osd_wbcfs], CPU#8: ll_ost00_001/1961
00022 Modules linked in:
00022  osp(O) mdd(O) lod(O) mdt(O) lquota(O) lfsck(O) mgs(O) osd_wbcfs(O) lustre(O) obdecho(O) mgc(O) mdc(O) lov(O) osc(O) lmv(O) ec(O) fid(O) fld(O) ptlrpc(O) efivarfs obdclass(O) ksocklnd(O) lnet(O)
00022 ------------[ cut here ]------------
00022  libcfs(O)
00022 CPU: 10 UID: 0 PID: 2010 Comm: ll_ost00_004 Tainted: G        W  O        7.0.0-ktest-2b8c50a-6330a45-20260806-dirty #1 PREEMPT 
00022 Tainted: [W]=WARN, [O]=OOT_MODULE
00022 WARNING: /home/ktest/git/linux/include/linux/fs.h:889 at osd_create+0x9cf/0xcf0 [osd_wbcfs], CPU#2: ll_ost00_003/1998
00022 Hardware name: QEMU Standard PC (Q35 + ICH9, 2009), BIOS 2025.11-3ubuntu7 03/31/2026
00022 RIP: 0010:osd_create+0x9cf/0xcf0 [osd_wbcfs]
00022 Code: c7 c7 00 c6 7b a1 48 c7 c6 a0 42 7d a1 48 c7 c2 00 4c 7d a1 e8 82 dd 43 ff 48 c7 c7 00 c6 7b a1 e8 c6 6a 44 ff e9 fe fc ff ff <0f> 0b e9 a5 fa ff ff 48 c7 c1 80 44 5d a0 80 e1 07 80 c1 03 38 c1
00022 RSP: 0018:ffffc90008f7f8c0 EFLAGS: 00010246
00022 Modules linked in:
00022 
00022 RAX: 0000000000000000 RBX: ffff888105e0f400 RCX: 0000000000000046
00022 RDX: 0000000000000000 RSI: ffff8881b536d0d8 RDI: ffff88816ad62a80
00022  libcfs(O)
00022 CPU: 6 UID: 0 PID: 1962 Comm: ll_ost00_002 Tainted: G        W  O        7.0.0-ktest-2b8c50a-6330a45-20260806-dirty #1 PREEMPT 
00022 Tainted: [W]=WARN, [O]=OOT_MODULE
00022  ofd(O)
00022 Hardware name: QEMU Standard PC (Q35 + ICH9, 2009), BIOS 2025.11-3ubuntu7 03/31/2026
00022  osp(O) mdd(O) lod(O) mdt(O) lquota(O) lfsck(O) mgs(O) osd_wbcfs(O)
00022 RIP: 0010:osd_create+0x9cf/0xcf0 [osd_wbcfs]
00022  lustre(O) obdecho(O) mgc(O) mdc(O) lov(O) osc(O)
00022 Code: c7 c7 00 c6 7b a1 48 c7 c6 a0 42 7d a1 48 c7 c2 00 4c 7d a1 e8 82 dd 43 ff 48 c7 c7 00 c6 7b a1 e8 c6 6a 44 ff e9 fe fc ff ff <0f> 0b e9 a5 fa ff ff 48 c7 c1 80 44 5d a0 80 e1 07 80 c1 03 38 c1
00022  ofd(O)
00022 RSP: 0018:ffffc90001d47878 EFLAGS: 00010246
00022 RAX: 0000000000000000 RBX: ffff88813891cc00 RCX: 0000000000000046
00022 RDX: 0000000000000000 RSI: ffff888197b15f08 RDI: ffff888109d309e8
00022  lmv(O)
00022 RBP: ffff888197b15e78 R08: ffffffff83a16803 R09: 1ffffffff0742d00
00022  ec(O)
00022 R10: dffffc0000000000 R11: fffffbfff0742d01 R12: ffff888192478830
00022 R13: dffffc0000000000 R14: 1ffff11027123980 R15: 1ffff1103248f142
00022  fid(O) fld(O) ptlrpc(O)
00022 FS:  0000000000000000(0000) GS:ffff88831e72a000(0000) knlGS:0000000000000000
00022  efivarfs
00022 CS:  0010 DS: 0000 ES: 0000 CR0: 0000000080050033
00022  obdclass(O)
00022 CR2: 0000559120d6c590 CR3: 0000000004274000 CR4: 0000000000750eb0
00022  ksocklnd(O)
00022  lnet(O) libcfs(O)
00022 PKRU: 55555554
00022 Call Trace:
00022 CPU: 2 UID: 0 PID: 1998 Comm: ll_ost00_003 Tainted: G        W  O        7.0.0-ktest-2b8c50a-6330a45-20260806-dirty #1 PREEMPT 
00022  <TASK>
00022 Tainted: [W]=WARN, [O]=OOT_MODULE
00022 Hardware name: QEMU Standard PC (Q35 + ICH9, 2009), BIOS 2025.11-3ubuntu7 03/31/2026
00022 RIP: 0010:osd_create+0x9cf/0xcf0 [osd_wbcfs]
00022  ? ofd_precreate_objects+0x1bd8/0x3220 [ofd]
00022 Code: c7 c7 00 c6 7b a1 48 c7 c6 a0 42 7d a1 48 c7 c2 00 4c 7d a1 e8 82 dd 43 ff 48 c7 c7 00 c6 7b a1 e8 c6 6a 44 ff e9 fe fc ff ff <0f> 0b e9 a5 fa ff ff 48 c7 c1 80 44 5d a0 80 e1 07 80 c1 03 38 c1
00022 RSP: 0018:ffffc90008daf878 EFLAGS: 00010246
00022 RAX: 0000000000000000 RBX: ffff888138e18800 RCX: 0000000000000046
00022 RDX: 0000000000000000 RSI: ffff888120d95f08 RDI: ffff8881893789e8
00022 RBP: ffff888120d95e78 R08: ffffffff83a16803 R09: 1ffffffff0742d00
00022 R10: dffffc0000000000 R11: fffffbfff0742d01 R12: ffff888108350830
00022 R13: dffffc0000000000 R14: 1ffff110271c3100 R15: 1ffff1102106a142
00022 FS:  0000000000000000(0000) GS:ffff88831e52a000(0000) knlGS:0000000000000000
00022 CS:  0010 DS: 0000 ES: 0000 CR0: 0000000080050033
00022 CR2: 0000559120d60aa0 CR3: 0000000004274000 CR4: 0000000000750eb0
00022 PKRU: 55555554
00022 Call Trace:
00022  <TASK>
00022  ? ofd_create_hdl+0x2015/0x3510 [ofd]
00022 RBP: ffff8881b536d048 R08: ffffffff83a16803 R09: 1ffffffff0742d00
00022  ? ofd_precreate_objects+0x1bd8/0x3220 [ofd]
00022  osp(O) mdd(O)
00022  ? ofd_create_hdl+0x2015/0x3510 [ofd]
00022 R10: dffffc0000000000 R11: fffffbfff0742d01 R12: ffff8881695cb030
00022  ? tgt_request_handle+0x23ad/0x3d30 [ptlrpc]
00022  lod(O) mdt(O)
00022  ? tgt_request_handle+0x23ad/0x3d30 [ptlrpc]
00022 R13: dffffc0000000000 R14: 1ffff11020bc1e80 R15: 1ffff1102d2b9642
00022 FS:  0000000000000000(0000) GS:ffff88831e92a000(0000) knlGS:0000000000000000
00022  lquota(O)
00022  ? ptlrpc_main+0x6359/0x96f0 [ptlrpc]
00022 CS:  0010 DS: 0000 ES: 0000 CR0: 0000000080050033
00022  lfsck(O) mgs(O) osd_wbcfs(O) lustre(O) obdecho(O) mgc(O) mdc(O) lov(O) osc(O) lmv(O) ec(O) fid(O) fld(O) ptlrpc(O) efivarfs obdclass(O) ksocklnd(O)
00022  ? ptlrpc_main+0x6359/0x96f0 [ptlrpc]
00022  ? __kthread_parkme+0x73/0x130
00022  ? kthread+0x2cd/0x3a0
00022 CR2: 00005603f26e5840 CR3: 0000000004274000 CR4: 0000000000750eb0
00022  ? __kthread_parkme+0x73/0x130
00022  ? kthread+0x2cd/0x3a0
00022  lnet(O)
00022  ? ptlrpc_start_thread+0x1f10/0x1f10 [ptlrpc]
00022 PKRU: 55555554
00022  ? ptlrpc_start_thread+0x1f10/0x1f10 [ptlrpc]
00022  ? kthread_unuse_mm+0x130/0x130
00022  ? ret_from_fork+0x18c/0x520
00022  ? kthread_unuse_mm+0x130/0x130
00022  ? ret_from_fork_asm+0x11/0x20
00022  </TASK>
00022 ---[ end trace 0000000000000000 ]---
00022 ------------[ cut here ]------------
00022 WARNING: /home/ktest/git/linux/include/linux/fs.h:889 at osd_create+0x9cf/0xcf0 [osd_wbcfs], CPU#6: ll_ost00_002/1962
00022 Modules linked in: ofd(O) osp(O) mdd(O) lod(O) mdt(O) lquota(O) lfsck(O) mgs(O) osd_wbcfs(O) lustre(O) obdecho(O) mgc(O) mdc(O) lov(O)
00022  ? kthread_unuse_mm+0x130/0x130
00022  osc(O) lmv(O) ec(O) fid(O) fld(O)
00022  ? ret_from_fork+0x18c/0x520
00022  ptlrpc(O)
00022  efivarfs obdclass(O) ksocklnd(O)
00022  ? kthread_unuse_mm+0x130/0x130
00022  libcfs(O)
00022  lnet(O)
00022 
00022 CPU: 8 UID: 0 PID: 1961 Comm: ll_ost00_001 Tainted: G        W  O        7.0.0-ktest-2b8c50a-6330a45-20260806-dirty #1 PREEMPT 
00022 Tainted: [W]=WARN, [O]=OOT_MODULE
00022 Hardware name: QEMU Standard PC (Q35 + ICH9, 2009), BIOS 2025.11-3ubuntu7 03/31/2026
00022  ? ret_from_fork_asm+0x11/0x20
00022 RIP: 0010:osd_create+0x9cf/0xcf0 [osd_wbcfs]
00022  </TASK>
00022 ---[ end trace 0000000000000000 ]---
00022 Code: c7 c7 00 c6 7b a1 48 c7 c6 a0 42 7d a1 48 c7 c2 00 4c 7d a1 e8 82 dd 43 ff 48 c7 c7 00 c6 7b a1 e8 c6 6a 44 ff e9 fe fc ff ff <0f> 0b e9 a5 fa ff ff 48 c7 c1 80 44 5d a0 80 e1 07 80 c1 03 38 c1
00022 RSP: 0018:ffffc90001d57878 EFLAGS: 00010246
00022 RAX: 0000000000000000 RBX: ffff88813904d000 RCX: 0000000000000046
00022 RDX: 0000000000000000 RSI: ffff8881b5233478 RDI: ffff888109d4aaa8
00022 RBP: ffff8881b52333e8 R08: ffffffff83a16803 R09: 1ffffffff0742d00
00022 R10: dffffc0000000000 R11: fffffbfff0742d01 R12: ffff8881ae1b2830
00022 R13: dffffc0000000000 R14: 1ffff11027209a00 R15: 1ffff11035c36542
00022 FS:  0000000000000000(0000) GS:ffff88831e82a000(0000) knlGS:0000000000000000
00022 CS:  0010 DS: 0000 ES: 0000 CR0: 0000000080050033
00022 CR2: 000055d83c47af00 CR3: 0000000197f8d000 CR4: 0000000000750eb0
00022 PKRU: 55555554
00022 Call Trace:
00022  <TASK>
00022 ------------[ cut here ]------------
00022  ? ofd_precreate_objects+0x1bd8/0x3220 [ofd]
00022 Call Trace:
00022  <TASK>
00022 WARNING: /home/ktest/git/linux/include/linux/fs.h:889 at osd_create+0x9cf/0xcf0 [osd_wbcfs], CPU#2: ll_ost00_003/1998
00022 Modules linked in: ofd(O) osp(O) mdd(O) lod(O) mdt(O) lquota(O) lfsck(O) mgs(O) osd_wbcfs(O) lustre(O) obdecho(O) mgc(O) mdc(O) lov(O) osc(O) lmv(O) ec(O) fid(O) fld(O)
00022  ? ofd_create_hdl+0x2015/0x3510 [ofd]
00022  ptlrpc(O) efivarfs obdclass(O) ksocklnd(O) lnet(O) libcfs(O)
00022  libcfs(O)
00022 CPU: 2 UID: 0 PID: 1998 Comm: ll_ost00_003 Tainted: G        W  O        7.0.0-ktest-2b8c50a-6330a45-20260806-dirty #1 PREEMPT 
00022 Tainted: [W]=WARN, [O]=OOT_MODULE
00022 Hardware name: QEMU Standard PC (Q35 + ICH9, 2009), BIOS 2025.11-3ubuntu7 03/31/2026
00022 RIP: 0010:osd_create+0x9cf/0xcf0 [osd_wbcfs]
00022 Code: c7 c7 00 c6 7b a1 48 c7 c6 a0 42 7d a1 48 c7 c2 00 4c 7d a1 e8 82 dd 43 ff 48 c7 c7 00 c6 7b a1 e8 c6 6a 44 ff e9 fe fc ff ff <0f> 0b e9 a5 fa ff ff 48 c7 c1 80 44 5d a0 80 e1 07 80 c1 03 38 c1
00022 RSP: 0018:ffffc90008daf878 EFLAGS: 00010246
00022 RAX: 0000000000000000 RBX: ffff888138e18400 RCX: 0000000000000046
00022 RDX: 0000000000000000 RSI: ffff888120d957f0 RDI: ffff8881893789e8
00022 RBP: ffff888120d95760 R08: ffffffff83a16803 R09: 1ffffffff0742d00
00022 R10: dffffc0000000000 R11: fffffbfff0742d01 R12: ffff888108350830
00022 R13: dffffc0000000000 R14: 1ffff110271c3080 R15: 1ffff1102106a142
00022 FS:  0000000000000000(0000) GS:ffff88831e52a000(0000) knlGS:0000000000000000
00022 CS:  0010 DS: 0000 ES: 0000 CR0: 0000000080050033
00022 CR2: 0000559120d60aa0 CR3: 0000000004274000 CR4: 0000000000750eb0
00022 PKRU: 55555554
00022 Call Trace:
00022  <TASK>
00022  ? ofd_precreate_objects+0x1bd8/0x3220 [ofd]
00022  ? tgt_request_handle+0x23ad/0x3d30 [ptlrpc]
00022  ? ofd_create_hdl+0x2015/0x3510 [ofd]
00022  ? tgt_request_handle+0x23ad/0x3d30 [ptlrpc]
00022  ? dt_find_or_create+0x81a/0x1170 [obdclass]
00022  ? ofd_seq_load+0x605/0x1ac0 [ofd]
00022  ? ofd_create_hdl+0x4e0/0x3510 [ofd]
00022 
00022  ? ofd_create_hdl+0x778/0x3510 [ofd]
00022  ? ptlrpc_main+0x6359/0x96f0 [ptlrpc]
00022  ? lustre_pack_reply_flags+0x11f/0x3a0 [ptlrpc]
00022  ? ptlrpc_main+0x6359/0x96f0 [ptlrpc]
00022 CPU: 6 UID: 0 PID: 1962 Comm: ll_ost00_002 Tainted: G        W  O        7.0.0-ktest-2b8c50a-6330a45-20260806-dirty #1 PREEMPT 
00022 Tainted: [W]=WARN, [O]=OOT_MODULE
00022 Hardware name: QEMU Standard PC (Q35 + ICH9, 2009), BIOS 2025.11-3ubuntu7 03/31/2026
00022 RIP: 0010:osd_create+0x9cf/0xcf0 [osd_wbcfs]
00022  ? __kthread_parkme+0x73/0x130
00022  ? kthread+0x2cd/0x3a0
00022  ? __kthread_parkme+0x73/0x130
00022  ? kthread+0x2cd/0x3a0
00022 Code: c7 c7 00 c6 7b a1 48 c7 c6 a0 42 7d a1 48 c7 c2 00 4c 7d a1 e8 82 dd 43 ff 48 c7 c7 00 c6 7b a1 e8 c6 6a 44 ff e9 fe fc ff ff <0f> 0b e9 a5 fa ff ff 48 c7 c1 80 44 5d a0 80 e1 07 80 c1 03 38 c1
00022  ? ptlrpc_start_thread+0x1f10/0x1f10 [ptlrpc]
00022  ? ptlrpc_start_thread+0x1f10/0x1f10 [ptlrpc]
00022  ? tgt_request_handle+0x23ad/0x3d30 [ptlrpc]
00022  ? kthread_unuse_mm+0x130/0x130
00022  ? ret_from_fork+0x18c/0x520
00022  ? kthread_unuse_mm+0x130/0x130
00022  ? ret_from_fork_asm+0x11/0x20
00022  </TASK>
00022 ---[ end trace 0000000000000000 ]---
00022 ------------[ cut here ]------------
00022 WARNING: /home/ktest/git/linux/include/linux/fs.h:889 at osd_create+0x9cf/0xcf0 [osd_wbcfs], CPU#8: ll_ost00_001/1961
00022 Modules linked in: ofd(O) osp(O) mdd(O) lod(O) mdt(O) lquota(O) lfsck(O) mgs(O) osd_wbcfs(O) lustre(O) obdecho(O) mgc(O) mdc(O) lov(O) osc(O) lmv(O) ec(O) fid(O) fld(O) ptlrpc(O) efivarfs obdclass(O) ksocklnd(O) lnet(O) libcfs(O)
00022 CPU: 8 UID: 0 PID: 1961 Comm: ll_ost00_001 Tainted: G        W  O        7.0.0-ktest-2b8c50a-6330a45-20260806-dirty #1 PREEMPT 
00022 Tainted: [W]=WARN, [O]=OOT_MODULE
00022 Hardware name: QEMU Standard PC (Q35 + ICH9, 2009), BIOS 2025.11-3ubuntu7 03/31/2026
00022 RIP: 0010:osd_create+0x9cf/0xcf0 [osd_wbcfs]
00022 Code: c7 c7 00 c6 7b a1 48 c7 c6 a0 42 7d a1 48 c7 c2 00 4c 7d a1 e8 82 dd 43 ff 48 c7 c7 00 c6 7b a1 e8 c6 6a 44 ff e9 fe fc ff ff <0f> 0b e9 a5 fa ff ff 48 c7 c1 80 44 5d a0 80 e1 07 80 c1 03 38 c1
00022 RSP: 0018:ffffc90001d57878 EFLAGS: 00010246
00022 RAX: 0000000000000000 RBX: ffff88813904cc00 RCX: 0000000000000046
00022 RDX: 0000000000000000 RSI: ffff8881b5232d60 RDI: ffff888109d4aaa8
00022 RBP: ffff8881b5232cd0 R08: ffffffff83a16803 R09: 1ffffffff0742d00
00022 R10: dffffc0000000000 R11: fffffbfff0742d01 R12: ffff8881ae1b2830
00022 R13: dffffc0000000000 R14: 1ffff11027209980 R15: 1ffff11035c36542
00022 FS:  0000000000000000(0000) GS:ffff88831e82a000(0000) knlGS:0000000000000000
00022 CS:  0010 DS: 0000 ES: 0000 CR0: 0000000080050033
00022 CR2: 000055d83c47af00 CR3: 0000000197f8d000 CR4: 0000000000750eb0
00022 PKRU: 55555554
00022 Call Trace:
00022  <TASK>
00022  ? ofd_precreate_objects+0x1bd8/0x3220 [ofd]
00022  ? ofd_create_hdl+0x2015/0x3510 [ofd]
00022  ? ptlrpc_main+0x6359/0x96f0 [ptlrpc]
00022 RSP: 0018:ffffc90001d47878 EFLAGS: 00010246
00022 RAX: 0000000000000000 RBX: ffff88813891d400 RCX: 0000000000000046
00022 RDX: 0000000000000000 RSI: ffff888197b157f0 RDI: ffff888109d309e8
00022 RBP: ffff888197b15760 R08: ffffffff83a16803 R09: 1ffffffff0742d00
00022 R10: dffffc0000000000 R11: fffffbfff0742d01 R12: ffff888192478830
00022 R13: dffffc0000000000 R14: 1ffff11027123a80 R15: 1ffff1103248f142
00022 FS:  0000000000000000(0000) GS:ffff88831e72a000(0000) knlGS:0000000000000000
00022  ? tgt_request_handle+0x23ad/0x3d30 [ptlrpc]
00022  ? __kthread_parkme+0x73/0x130
00022  ? kthread_unuse_mm+0x130/0x130
00022  ? ret_from_fork+0x18c/0x520
00022  ? kthread_unuse_mm+0x130/0x130
00022  ? ret_from_fork_asm+0x11/0x20
00022  </TASK>
00022 ---[ end trace 0000000000000000 ]---
00022 ------------[ cut here ]------------
00022 WARNING: /home/ktest/git/linux/include/linux/fs.h:889 at osd_create+0x9cf/0xcf0 [osd_wbcfs], CPU#2: ll_ost00_003/1998
00022 CS:  0010 DS: 0000 ES: 0000 CR0: 0000000080050033
00022 Modules linked in: ofd(O) osp(O) mdd(O) lod(O) mdt(O) lquota(O) lfsck(O) mgs(O) osd_wbcfs(O) lustre(O) obdecho(O) mgc(O) mdc(O) lov(O) osc(O) lmv(O) ec(O) fid(O) fld(O) ptlrpc(O) efivarfs obdclass(O) ksocklnd(O) lnet(O) libcfs(O)
00022 CPU: 2 UID: 0 PID: 1998 Comm: ll_ost00_003 Tainted: G        W  O        7.0.0-ktest-2b8c50a-6330a45-20260806-dirty #1 PREEMPT 
00022 Tainted: [W]=WARN, [O]=OOT_MODULE
00022 Hardware name: QEMU Standard PC (Q35 + ICH9, 2009), BIOS 2025.11-3ubuntu7 03/31/2026
00022 RIP: 0010:osd_create+0x9cf/0xcf0 [osd_wbcfs]
00022 Code: c7 c7 00 c6 7b a1 48 c7 c6 a0 42 7d a1 48 c7 c2 00 4c 7d a1 e8 82 dd 43 ff 48 c7 c7 00 c6 7b a1 e8 c6 6a 44 ff e9 fe fc ff ff <0f> 0b e9 a5 fa ff ff 48 c7 c1 80 44 5d a0 80 e1 07 80 c1 03 38 c1
00022 RSP: 0018:ffffc90008daf878 EFLAGS: 00010246
00022 RAX: 0000000000000000 RBX: ffff888138e18000 RCX: 0000000000000046
00022 RDX: 0000000000000000 RSI: ffff8881078e2648 RDI: ffff8881893789e8
00022 RBP: ffff8881078e25b8 R08: ffffffff83a16803 R09: 1ffffffff0742d00
00022 R10: dffffc0000000000 R11: fffffbfff0742d01 R12: ffff888108350830
00022 R13: dffffc0000000000 R14: 1ffff110271c3000 R15: 1ffff1102106a142
00022 FS:  0000000000000000(0000) GS:ffff88831e52a000(0000) knlGS:0000000000000000
00022 CS:  0010 DS: 0000 ES: 0000 CR0: 0000000080050033
00022 CR2: 0000559120d60aa0 CR3: 0000000004274000 CR4: 0000000000750eb0
00022 PKRU: 55555554
00022 Call Trace:
00022  <TASK>
00022  ? ptlrpc_main+0x6359/0x96f0 [ptlrpc]
00022  ? kthread+0x2cd/0x3a0
00022  ? ofd_precreate_objects+0x1bd8/0x3220 [ofd]
00022  ? ofd_create_hdl+0x2015/0x3510 [ofd]
00022  ? __kthread_parkme+0x73/0x130
00022  ? kthread+0x2cd/0x3a0
00022 CR2: 0000559120d6c590 CR3: 0000000004274000 CR4: 0000000000750eb0
00022  ? tgt_request_handle+0x23ad/0x3d30 [ptlrpc]
00022  ? ptlrpc_start_thread+0x1f10/0x1f10 [ptlrpc]
00022  ? ptlrpc_start_thread+0x1f10/0x1f10 [ptlrpc]
00022  ? kthread_unuse_mm+0x130/0x130
00022  ? ret_from_fork+0x18c/0x520
00022 PKRU: 55555554
00022  ? kthread_unuse_mm+0x130/0x130
00022 Call Trace:
00022  <TASK>
00022  ? ret_from_fork_asm+0x11/0x20
00022  </TASK>
00022  ? ofd_precreate_objects+0x1bd8/0x3220 [ofd]
00022  ? ofd_create_hdl+0x2015/0x3510 [ofd]
00022 ---[ end trace 0000000000000000 ]---
00022  ? kthread_unuse_mm+0x130/0x130
00022  ? ret_from_fork+0x18c/0x520
00022  ? kthread_unuse_mm+0x130/0x130
00022  ? ret_from_fork_asm+0x11/0x20
00022  </TASK>
00022 ---[ end trace 0000000000000000 ]---
00022  ? ptlrpc_main+0x6359/0x96f0 [ptlrpc]
00022 ------------[ cut here ]------------
00022  ? tgt_request_handle+0x23ad/0x3d30 [ptlrpc]
00022  ? __kthread_parkme+0x73/0x130
00022 WARNING: /home/ktest/git/linux/include/linux/fs.h:889 at osd_create+0x9cf/0xcf0 [osd_wbcfs], CPU#8: ll_ost00_001/1961
00022 Modules linked in: ofd(O) osp(O) mdd(O) lod(O) mdt(O) lquota(O) lfsck(O) mgs(O) osd_wbcfs(O) lustre(O) obdecho(O) mgc(O) mdc(O) lov(O) osc(O)
00022  ? kthread+0x2cd/0x3a0
00022 ------------[ cut here ]------------
00022 WARNING: /home/ktest/git/linux/include/linux/fs.h:889 at osd_create+0x9cf/0xcf0 [osd_wbcfs], CPU#10: ll_ost00_004/2010
00022 Modules linked in: ofd(O) osp(O) mdd(O) lod(O) mdt(O) lquota(O) lfsck(O) mgs(O) osd_wbcfs(O) lustre(O) obdecho(O) mgc(O) mdc(O) lov(O) osc(O) lmv(O) ec(O) fid(O) fld(O) ptlrpc(O) efivarfs obdclass(O) ksocklnd(O) lnet(O) libcfs(O)
00022  ? ptlrpc_main+0x6359/0x96f0 [ptlrpc]
00022 CPU: 10 UID: 0 PID: 2010 Comm: ll_ost00_004 Tainted: G        W  O        7.0.0-ktest-2b8c50a-6330a45-20260806-dirty #1 PREEMPT 
00022 Tainted: [W]=WARN, [O]=OOT_MODULE
00022 Hardware name: QEMU Standard PC (Q35 + ICH9, 2009), BIOS 2025.11-3ubuntu7 03/31/2026
00022 RIP: 0010:osd_create+0x9cf/0xcf0 [osd_wbcfs]
00022  lmv(O) ec(O) fid(O) fld(O)
00022 Code: c7 c7 00 c6 7b a1 48 c7 c6 a0 42 7d a1 48 c7 c2 00 4c 7d a1 e8 82 dd 43 ff 48 c7 c7 00 c6 7b a1 e8 c6 6a 44 ff e9 fe fc ff ff <0f> 0b e9 a5 fa ff ff 48 c7 c1 80 44 5d a0 80 e1 07 80 c1 03 38 c1
00022  ptlrpc(O)
00022  efivarfs obdclass(O)
00022 RSP: 0018:ffffc90008f7f878 EFLAGS: 00010246
00022  ksocklnd(O) lnet(O) libcfs(O)
00022 
00022 
00022 RAX: 0000000000000000 RBX: ffff88811a3f2400 RCX: 0000000000000046
00022 CPU: 8 UID: 0 PID: 1961 Comm: ll_ost00_001 Tainted: G        W  O        7.0.0-ktest-2b8c50a-6330a45-20260806-dirty #1 PREEMPT 
00022 Tainted: [W]=WARN, [O]=OOT_MODULE
00022 Hardware name: QEMU Standard PC (Q35 + ICH9, 2009), BIOS 2025.11-3ubuntu7 03/31/2026
00022 RIP: 0010:osd_create+0x9cf/0xcf0 [osd_wbcfs]
00022 Code: c7 c7 00 c6 7b a1 48 c7 c6 a0 42 7d a1 48 c7 c2 00 4c 7d a1 e8 82 dd 43 ff 48 c7 c7 00 c6 7b a1 e8 c6 6a 44 ff e9 fe fc ff ff <0f> 0b e9 a5 fa ff ff 48 c7 c1 80 44 5d a0 80 e1 07 80 c1 03 38 c1
00022 RSP: 0018:ffffc90001d57878 EFLAGS: 00010246
00022  ? __kthread_parkme+0x73/0x130
00022  ? kthread+0x2cd/0x3a0
00022 RDX: 0000000000000000 RSI: ffff8881b536c9c0 RDI: ffff88816ad62aa8
00022  ? ptlrpc_start_thread+0x1f10/0x1f10 [ptlrpc]
00022 RAX: 0000000000000000 RBX: ffff88813904c400 RCX: 0000000000000046
00022  ? ptlrpc_start_thread+0x1f10/0x1f10 [ptlrpc]
00022  ? kthread_unuse_mm+0x130/0x130
00022  ? ret_from_fork+0x18c/0x520
00022  ? kthread_unuse_mm+0x130/0x130
00022  ? ret_from_fork_asm+0x11/0x20
00022  </TASK>
00022 RBP: ffff8881b536c930 R08: ffffffff83a16803 R09: 1ffffffff0742d00
00022 ---[ end trace 0000000000000000 ]---
00022 RDX: 0000000000000000 RSI: ffff8881078e7b68 RDI: ffff888109d4aaa8
00022 ------------[ cut here ]------------
00022 WARNING: /home/ktest/git/linux/include/linux/fs.h:889 at osd_create+0x9cf/0xcf0 [osd_wbcfs], CPU#2: ll_ost00_003/1998
00022 Modules linked in: ofd(O) osp(O) mdd(O) lod(O) mdt(O) lquota(O)
00022  ? kthread_unuse_mm+0x130/0x130
00022  lfsck(O) mgs(O) osd_wbcfs(O) lustre(O)
00022  ? ret_from_fork+0x18c/0x520
00022  obdecho(O) mgc(O) mdc(O) lov(O)
00022  ? kthread_unuse_mm+0x130/0x130
00022  osc(O) lmv(O) ec(O) fid(O) fld(O)
00022  ? ret_from_fork_asm+0x11/0x20
00022  </TASK>
00022 ---[ end trace 0000000000000000 ]---
00022  ptlrpc(O) efivarfs obdclass(O) ksocklnd(O) lnet(O) libcfs(O)
00022 CPU: 2 UID: 0 PID: 1998 Comm: ll_ost00_003 Tainted: G        W  O        7.0.0-ktest-2b8c50a-6330a45-20260806-dirty #1 PREEMPT 
00022 Tainted: [W]=WARN, [O]=OOT_MODULE
00022 Hardware name: QEMU Standard PC (Q35 + ICH9, 2009), BIOS 2025.11-3ubuntu7 03/31/2026
00022 RIP: 0010:osd_create+0x9cf/0xcf0 [osd_wbcfs]
00022 ------------[ cut here ]------------
00022 WARNING: /home/ktest/git/linux/include/linux/fs.h:889 at osd_create+0x9cf/0xcf0 [osd_wbcfs], CPU#6: ll_ost00_002/1962
00022 Modules linked in:
00022 Code: c7 c7 00 c6 7b a1 48 c7 c6 a0 42 7d a1 48 c7 c2 00 4c 7d a1 e8 82 dd 43 ff 48 c7 c7 00 c6 7b a1 e8 c6 6a 44 ff e9 fe fc ff ff <0f> 0b e9 a5 fa ff ff 48 c7 c1 80 44 5d a0 80 e1 07 80 c1 03 38 c1
00022  ofd(O) osp(O)
00022 RSP: 0018:ffffc90008daf878 EFLAGS: 00010246
00022  mdd(O) lod(O)
00022 
00022 RAX: 0000000000000000 RBX: ffff888138e1d400 RCX: 0000000000000046
00022  mdt(O)
00022 RDX: 0000000000000000 RSI: ffff8881078e1f30 RDI: ffff8881893789e8
00022  lquota(O)
00022  lfsck(O)
00022 R10: dffffc0000000000 R11: fffffbfff0742d01 R12: ffff8881695cb030
00022  mgs(O)
00022 R13: dffffc0000000000 R14: 1ffff1102347e480 R15: 1ffff1102d2b9642
00022 FS:  0000000000000000(0000) GS:ffff88831e92a000(0000) knlGS:0000000000000000
00022 CS:  0010 DS: 0000 ES: 0000 CR0: 0000000080050033
00022 CR2: 00005603f26e5840 CR3: 0000000004274000 CR4: 0000000000750eb0
00022 RBP: ffff8881078e1ea0 R08: ffffffff83a16803 R09: 1ffffffff0742d00
00022 R10: dffffc0000000000 R11: fffffbfff0742d01 R12: ffff888108350830
00022 R13: dffffc0000000000 R14: 1ffff110271c3a80 R15: 1ffff1102106a142
00022 PKRU: 55555554
00022 Call Trace:
00022 FS:  0000000000000000(0000) GS:ffff88831e52a000(0000) knlGS:0000000000000000
00022  <TASK>
00022 CS:  0010 DS: 0000 ES: 0000 CR0: 0000000080050033
00022 CR2: 0000559120d60aa0 CR3: 0000000004274000 CR4: 0000000000750eb0
00022 PKRU: 55555554
00022 Call Trace:
00022  <TASK>
00022  ? ofd_precreate_objects+0x1bd8/0x3220 [ofd]
00022 RBP: ffff8881078e7ad8 R08: ffffffff83a16803 R09: 1ffffffff0742d00
00022  ? ofd_precreate_objects+0x1bd8/0x3220 [ofd]
00022  ? ofd_create_hdl+0x2015/0x3510 [ofd]
00022  ? ofd_create_hdl+0x2015/0x3510 [ofd]
00022  osd_wbcfs(O)
00022  ? tgt_request_handle+0x23ad/0x3d30 [ptlrpc]
00022 R10: dffffc0000000000 R11: fffffbfff0742d01 R12: ffff8881ae1b2830
00022  ? tgt_request_handle+0x23ad/0x3d30 [ptlrpc]
00022  lustre(O)
00022 R13: dffffc0000000000 R14: 1ffff11027209880 R15: 1ffff11035c36542
00022  obdecho(O)
00022  ? ptlrpc_main+0x6359/0x96f0 [ptlrpc]
00022  ? ptlrpc_main+0x6359/0x96f0 [ptlrpc]
00022 FS:  0000000000000000(0000) GS:ffff88831e82a000(0000) knlGS:0000000000000000
00022  mgc(O)
00022  ? __kthread_parkme+0x73/0x130
00022  ? kthread+0x2cd/0x3a0
00022  ? __kthread_parkme+0x73/0x130
00022 CS:  0010 DS: 0000 ES: 0000 CR0: 0000000080050033
00022  ? kthread+0x2cd/0x3a0
00022  mdc(O)
00022 CR2: 000055d83c47af00 CR3: 0000000197f8d000 CR4: 0000000000750eb0
00022  ? ptlrpc_start_thread+0x1f10/0x1f10 [ptlrpc]
00022  ? ptlrpc_start_thread+0x1f10/0x1f10 [ptlrpc]
00022  lov(O)
00022  ? kthread_unuse_mm+0x130/0x130
00022  ? kthread_unuse_mm+0x130/0x130
00022  ? ret_from_fork+0x18c/0x520
00022 PKRU: 55555554
00022  ? kthread_unuse_mm+0x130/0x130
00022  ? ret_from_fork_asm+0x11/0x20
00022  </TASK>
00022  ? ret_from_fork+0x18c/0x520
00022 ---[ end trace 0000000000000000 ]---
00022  ? kthread_unuse_mm+0x130/0x130
00022  ? ret_from_fork_asm+0x11/0x20
00022  </TASK>
00022 ---[ end trace 0000000000000000 ]---
00022 ------------[ cut here ]------------
00022 WARNING: /home/ktest/git/linux/include/linux/fs.h:889 at osd_create+0x9cf/0xcf0 [osd_wbcfs], CPU#10: ll_ost00_004/2010
00022 Modules linked in: ofd(O) osp(O) mdd(O) lod(O) mdt(O) lquota(O) lfsck(O) mgs(O) osd_wbcfs(O) lustre(O) obdecho(O) mgc(O) mdc(O)
00022 ------------[ cut here ]------------
00022  lov(O)
00022  osc(O) lmv(O) ec(O) fid(O) fld(O) ptlrpc(O) efivarfs obdclass(O)
00022 WARNING: /home/ktest/git/linux/include/linux/fs.h:889 at osd_create+0x9cf/0xcf0 [osd_wbcfs], CPU#2: ll_ost00_003/1998
00022  ksocklnd(O) lnet(O) libcfs(O)
00022 CPU: 10 UID: 0 PID: 2010 Comm: ll_ost00_004 Tainted: G        W  O        7.0.0-ktest-2b8c50a-6330a45-20260806-dirty #1 PREEMPT 
00022 Tainted: [W]=WARN, [O]=OOT_MODULE
00022 Hardware name: QEMU Standard PC (Q35 + ICH9, 2009), BIOS 2025.11-3ubuntu7 03/31/2026
00022 RIP: 0010:osd_create+0x9cf/0xcf0 [osd_wbcfs]
00022 Modules linked in: ofd(O)
00022 Code: c7 c7 00 c6 7b a1 48 c7 c6 a0 42 7d a1 48 c7 c2 00 4c 7d a1 e8 82 dd 43 ff 48 c7 c7 00 c6 7b a1 e8 c6 6a 44 ff e9 fe fc ff ff <0f> 0b e9 a5 fa ff ff 48 c7 c1 80 44 5d a0 80 e1 07 80 c1 03 38 c1
00022  osp(O) mdd(O)
00022 RSP: 0018:ffffc90008f7f878 EFLAGS: 00010246
00022  lod(O) mdt(O)
00022 
00022  lquota(O)
00022 RAX: 0000000000000000 RBX: ffff88811a3f1c00 RCX: 0000000000000046
00022  lfsck(O)
00022  mgs(O)
00022 RDX: 0000000000000000 RSI: ffff8881b536c2a8 RDI: ffff88816ad62aa8
00022  osd_wbcfs(O)
00022 RBP: ffff8881b536c218 R08: ffffffff83a16803 R09: 1ffffffff0742d00
00022 R10: dffffc0000000000 R11: fffffbfff0742d01 R12: ffff8881695cb030
00022 R13: dffffc0000000000 R14: 1ffff1102347e380 R15: 1ffff1102d2b9642
00022 FS:  0000000000000000(0000) GS:ffff88831e92a000(0000) knlGS:0000000000000000
00022 CS:  0010 DS: 0000 ES: 0000 CR0: 0000000080050033
00022 CR2: 00005603f26e5840 CR3: 0000000004274000 CR4: 0000000000750eb0
00022 PKRU: 55555554
00022 Call Trace:
00022  lustre(O)
00022  <TASK>
00022  obdecho(O) mgc(O) mdc(O) lov(O) osc(O) lmv(O) ec(O) fid(O) fld(O) ptlrpc(O) efivarfs obdclass(O) ksocklnd(O) lnet(O) libcfs(O)
00022 CPU: 2 UID: 0 PID: 1998 Comm: ll_ost00_003 Tainted: G        W  O        7.0.0-ktest-2b8c50a-6330a45-20260806-dirty #1 PREEMPT 
00022  ? ofd_precreate_objects+0x1bd8/0x3220 [ofd]
00022 Tainted: [W]=WARN, [O]=OOT_MODULE
00022 Hardware name: QEMU Standard PC (Q35 + ICH9, 2009), BIOS 2025.11-3ubuntu7 03/31/2026
00022 RIP: 0010:osd_create+0x9cf/0xcf0 [osd_wbcfs]
00022 Code: c7 c7 00 c6 7b a1 48 c7 c6 a0 42 7d a1 48 c7 c2 00 4c 7d a1 e8 82 dd 43 ff 48 c7 c7 00 c6 7b a1 e8 c6 6a 44 ff e9 fe fc ff ff <0f> 0b e9 a5 fa ff ff 48 c7 c1 80 44 5d a0 80 e1 07 80 c1 03 38 c1
00022 RSP: 0018:ffffc90008daf878 EFLAGS: 00010246
00022  ? ofd_create_hdl+0x2015/0x3510 [ofd]
00022 RAX: 0000000000000000 RBX: ffff888138e1d000 RCX: 0000000000000046
00022 RDX: 0000000000000000 RSI: ffff8881078e1818 RDI: ffff8881893789e8
00022 RBP: ffff8881078e1788 R08: ffffffff83a16803 R09: 1ffffffff0742d00
00022 R10: dffffc0000000000 R11: fffffbfff0742d01 R12: ffff888108350830
00022 R13: dffffc0000000000 R14: 1ffff110271c3a00 R15: 1ffff1102106a142
00022 FS:  0000000000000000(0000) GS:ffff88831e52a000(0000) knlGS:0000000000000000
00022 CS:  0010 DS: 0000 ES: 0000 CR0: 0000000080050033
00022 CR2: 0000559120d60aa0 CR3: 0000000004274000 CR4: 0000000000750eb0
00022 PKRU: 55555554
00022 Call Trace:
00022  <TASK>
00022  osc(O)
00022  ? ofd_precreate_objects+0x1bd8/0x3220 [ofd]
00022  ? ofd_create_hdl+0x2015/0x3510 [ofd]
00022  ? tgt_request_handle+0x23ad/0x3d30 [ptlrpc]
00022 Call Trace:
00022  <TASK>
00022  ? tgt_request_handle+0x23ad/0x3d30 [ptlrpc]
00022  lmv(O)
00022  ? ofd_precreate_objects+0x1bd8/0x3220 [ofd]
00022  ? ptlrpc_main+0x6359/0x96f0 [ptlrpc]
00022  ec(O)
00022  ? ptlrpc_main+0x6359/0x96f0 [ptlrpc]
00022  ? ofd_create_hdl+0x2015/0x3510 [ofd]
00022  fid(O)
00022  ? __kthread_parkme+0x73/0x130
00022  ? kthread+0x2cd/0x3a0
00022  fld(O) ptlrpc(O) efivarfs obdclass(O) ksocklnd(O) lnet(O) libcfs(O)
00022 CPU: 6 UID: 0 PID: 1962 Comm: ll_ost00_002 Tainted: G        W  O        7.0.0-ktest-2b8c50a-6330a45-20260806-dirty #1 PREEMPT 
00022 Tainted: [W]=WARN, [O]=OOT_MODULE
00022  ? tgt_request_handle+0x23ad/0x3d30 [ptlrpc]
00022  ? ptlrpc_start_thread+0x1f10/0x1f10 [ptlrpc]
00022  ? __kthread_parkme+0x73/0x130
00022  ? kthread+0x2cd/0x3a0
00022  ? kthread_unuse_mm+0x130/0x130
00022  ? ret_from_fork+0x18c/0x520
00022  ? kthread_unuse_mm+0x130/0x130
00022  ? ret_from_fork_asm+0x11/0x20
00022  </TASK>
00022 ---[ end trace 0000000000000000 ]---
00022 ------------[ cut here ]------------
00022 WARNING: /home/ktest/git/linux/include/linux/fs.h:889 at osd_create+0x9cf/0xcf0 [osd_wbcfs], CPU#10: ll_ost00_004/2010
00022 Modules linked in: ofd(O) osp(O) mdd(O) lod(O) mdt(O) lquota(O) lfsck(O) mgs(O) osd_wbcfs(O) lustre(O) obdecho(O) mgc(O) mdc(O) lov(O) osc(O) lmv(O) ec(O) fid(O) fld(O) ptlrpc(O) efivarfs obdclass(O) ksocklnd(O) lnet(O) libcfs(O)
00022 CPU: 10 UID: 0 PID: 2010 Comm: ll_ost00_004 Tainted: G        W  O        7.0.0-ktest-2b8c50a-6330a45-20260806-dirty #1 PREEMPT 
00022 Tainted: [W]=WARN, [O]=OOT_MODULE
00022 Hardware name: QEMU Standard PC (Q35 + ICH9, 2009), BIOS 2025.11-3ubuntu7 03/31/2026
00022 RIP: 0010:osd_create+0x9cf/0xcf0 [osd_wbcfs]
00022  ? ptlrpc_start_thread+0x1f10/0x1f10 [ptlrpc]
00022 Code: c7 c7 00 c6 7b a1 48 c7 c6 a0 42 7d a1 48 c7 c2 00 4c 7d a1 e8 82 dd 43 ff 48 c7 c7 00 c6 7b a1 e8 c6 6a 44 ff e9 fe fc ff ff <0f> 0b e9 a5 fa ff ff 48 c7 c1 80 44 5d a0 80 e1 07 80 c1 03 38 c1
00022 RSP: 0018:ffffc90008f7f878 EFLAGS: 00010246
00022 RAX: 0000000000000000 RBX: ffff88811a3f6800 RCX: 0000000000000046
00022 RDX: 0000000000000000 RSI: ffff8881b536bb90 RDI: ffff88816ad62aa8
00022 RBP: ffff8881b536bb00 R08: ffffffff83a16803 R09: 1ffffffff0742d00
00022 R10: dffffc0000000000 R11: fffffbfff0742d01 R12: ffff8881695cb030
00022 R13: dffffc0000000000 R14: 1ffff1102347ed00 R15: 1ffff1102d2b9642
00022 FS:  0000000000000000(0000) GS:ffff88831e92a000(0000) knlGS:0000000000000000
00022 CS:  0010 DS: 0000 ES: 0000 CR0: 0000000080050033
00022 CR2: 00005603f26e5840 CR3: 0000000004274000 CR4: 0000000000750eb0
00022 PKRU: 55555554
00022 Call Trace:
00022  <TASK>
00022  ? ofd_precreate_objects+0x1bd8/0x3220 [ofd]
00022  ? ofd_create_hdl+0x2015/0x3510 [ofd]
00022 Hardware name: QEMU Standard PC (Q35 + ICH9, 2009), BIOS 2025.11-3ubuntu7 03/31/2026
00022  ? kthread_unuse_mm+0x130/0x130
00022  ? ret_from_fork+0x18c/0x520
00022  ? kthread_unuse_mm+0x130/0x130
00022  ? ret_from_fork_asm+0x11/0x20
00022  </TASK>
00022 ---[ end trace 0000000000000000 ]---
00022 ------------[ cut here ]------------
00022  ? tgt_request_handle+0x23ad/0x3d30 [ptlrpc]
00022 RIP: 0010:osd_create+0x9cf/0xcf0 [osd_wbcfs]
00022  ? ptlrpc_main+0x6359/0x96f0 [ptlrpc]
00022 WARNING: /home/ktest/git/linux/include/linux/fs.h:889 at osd_create+0x9cf/0xcf0 [osd_wbcfs], CPU#2: ll_ost00_003/1998
00022 Code: c7 c7 00 c6 7b a1 48 c7 c6 a0 42 7d a1 48 c7 c2 00 4c 7d a1 e8 82 dd 43 ff 48 c7 c7 00 c6 7b a1 e8 c6 6a 44 ff e9 fe fc ff ff <0f> 0b e9 a5 fa ff ff 48 c7 c1 80 44 5d a0 80 e1 07 80 c1 03 38 c1
00022 RSP: 0018:ffffc90001d47878 EFLAGS: 00010246
00022 RAX: 0000000000000000 RBX: ffff8881389b4400 RCX: 0000000000000046
00022 RDX: 0000000000000000 RSI: ffff888197b150d8 RDI: ffff888109d309e8
00022 RBP: ffff888197b15048 R08: ffffffff83a16803 R09: 1ffffffff0742d00
00022 R10: dffffc0000000000 R11: fffffbfff0742d01 R12: ffff888192478830
00022 R13: dffffc0000000000 R14: 1ffff11027136880 R15: 1ffff1103248f142
00022 FS:  0000000000000000(0000) GS:ffff88831e72a000(0000) knlGS:0000000000000000
00022  ? ptlrpc_main+0x6359/0x96f0 [ptlrpc]
00022 Modules linked in: ofd(O) osp(O) mdd(O) lod(O) mdt(O) lquota(O) lfsck(O) mgs(O) osd_wbcfs(O) lustre(O) obdecho(O) mgc(O) mdc(O) lov(O) osc(O) lmv(O) ec(O) fid(O)
00022 CS:  0010 DS: 0000 ES: 0000 CR0: 0000000080050033
00022  fld(O) ptlrpc(O) efivarfs obdclass(O) ksocklnd(O) lnet(O) libcfs(O)
00022 CPU: 2 UID: 0 PID: 1998 Comm: ll_ost00_003 Tainted: G        W  O        7.0.0-ktest-2b8c50a-6330a45-20260806-dirty #1 PREEMPT 
00022 Tainted: [W]=WARN, [O]=OOT_MODULE
00022 Hardware name: QEMU Standard PC (Q35 + ICH9, 2009), BIOS 2025.11-3ubuntu7 03/31/2026
00022 RIP: 0010:osd_create+0x9cf/0xcf0 [osd_wbcfs]
00022 Code: c7 c7 00 c6 7b a1 48 c7 c6 a0 42 7d a1 48 c7 c2 00 4c 7d a1 e8 82 dd 43 ff 48 c7 c7 00 c6 7b a1 e8 c6 6a 44 ff e9 fe fc ff ff <0f> 0b e9 a5 fa ff ff 48 c7 c1 80 44 5d a0 80 e1 07 80 c1 03 38 c1
00022 RSP: 0018:ffffc90008daf878 EFLAGS: 00010246
00022 RAX: 0000000000000000 RBX: ffff888138e1cc00 RCX: 0000000000000046
00022 RDX: 0000000000000000 RSI: ffff8881078e1100 RDI: ffff8881893789e8
00022 RBP: ffff8881078e1070 R08: ffffffff83a16803 R09: 1ffffffff0742d00
00022 R10: dffffc0000000000 R11: fffffbfff0742d01 R12: ffff888108350830
00022 R13: dffffc0000000000 R14: 1ffff110271c3980 R15: 1ffff1102106a142
00022 FS:  0000000000000000(0000) GS:ffff88831e52a000(0000) knlGS:0000000000000000
00022 CS:  0010 DS: 0000 ES: 0000 CR0: 0000000080050033
00022 CR2: 0000559120d60aa0 CR3: 0000000004274000 CR4: 0000000000750eb0
00022 PKRU: 55555554
00022 Call Trace:
00022  <TASK>
00022  ? ofd_precreate_objects+0x1bd8/0x3220 [ofd]
00022  ? __kthread_parkme+0x73/0x130
00022  ? kthread+0x2cd/0x3a0
00022  ? __kthread_parkme+0x73/0x130
00022  ? kthread+0x2cd/0x3a0
00022 CR2: 0000559120d6c590 CR3: 0000000004274000 CR4: 0000000000750eb0
00022 PKRU: 55555554
00022 Call Trace:
00022  <TASK>
00022  ? ofd_precreate_objects+0x1bd8/0x3220 [ofd]
00022  ? ptlrpc_start_thread+0x1f10/0x1f10 [ptlrpc]
00022  ? ptlrpc_start_thread+0x1f10/0x1f10 [ptlrpc]
00022  ? kthread_unuse_mm+0x130/0x130
00022  ? ret_from_fork+0x18c/0x520
00022  ? kthread_unuse_mm+0x130/0x130
00022  ? ret_from_fork_asm+0x11/0x20
00022  </TASK>
00022 ---[ end trace 0000000000000000 ]---
00022  ? kthread_unuse_mm+0x130/0x130
00022  ? ret_from_fork+0x18c/0x520
00022 ------------[ cut here ]------------
00022  ? kthread_unuse_mm+0x130/0x130
00022  ? ret_from_fork_asm+0x11/0x20
00022 WARNING: /home/ktest/git/linux/include/linux/fs.h:889 at osd_create+0x9cf/0xcf0 [osd_wbcfs], CPU#10: ll_ost00_004/2010
00022  </TASK>
00022 Modules linked in: ofd(O) osp(O) mdd(O) lod(O) mdt(O) lquota(O) lfsck(O) mgs(O) osd_wbcfs(O) lustre(O) obdecho(O) mgc(O) mdc(O) lov(O) osc(O) lmv(O) ec(O) fid(O) fld(O) ptlrpc(O) efivarfs obdclass(O) ksocklnd(O) lnet(O) libcfs(O)
00022 CPU: 10 UID: 0 PID: 2010 Comm: ll_ost00_004 Tainted: G        W  O        7.0.0-ktest-2b8c50a-6330a45-20260806-dirty #1 PREEMPT 
00022 Tainted: [W]=WARN, [O]=OOT_MODULE
00022  ? ofd_create_hdl+0x2015/0x3510 [ofd]
00022 Hardware name: QEMU Standard PC (Q35 + ICH9, 2009), BIOS 2025.11-3ubuntu7 03/31/2026
00022 RIP: 0010:osd_create+0x9cf/0xcf0 [osd_wbcfs]
00022 Code: c7 c7 00 c6 7b a1 48 c7 c6 a0 42 7d a1 48 c7 c2 00 4c 7d a1 e8 82 dd 43 ff 48 c7 c7 00 c6 7b a1 e8 c6 6a 44 ff e9 fe fc ff ff <0f> 0b e9 a5 fa ff ff 48 c7 c1 80 44 5d a0 80 e1 07 80 c1 03 38 c1
00022 RSP: 0018:ffffc90008f7f878 EFLAGS: 00010246
00022 RAX: 0000000000000000 RBX: ffff88811a3f4000 RCX: 0000000000000046
00022 RDX: 0000000000000000 RSI: ffff8881b536b478 RDI: ffff88816ad62aa8
00022 RBP: ffff8881b536b3e8 R08: ffffffff83a16803 R09: 1ffffffff0742d00
00022 R10: dffffc0000000000 R11: fffffbfff0742d01 R12: ffff8881695cb030
00022  ? ofd_create_hdl+0x2015/0x3510 [ofd]
00022  ? tgt_request_handle+0x23ad/0x3d30 [ptlrpc]
00022  ? tgt_request_handle+0x23ad/0x3d30 [ptlrpc]
00022 ---[ end trace 0000000000000000 ]---
00022  ? ptlrpc_main+0x6359/0x96f0 [ptlrpc]
00022  ? ptlrpc_main+0x6359/0x96f0 [ptlrpc]
00022 R13: dffffc0000000000 R14: 1ffff1102347e800 R15: 1ffff1102d2b9642
00022  ? __kthread_parkme+0x73/0x130
00022  ? kthread+0x2cd/0x3a0
00022  ? __kthread_parkme+0x73/0x130
00022  ? kthread+0x2cd/0x3a0
00022 ------------[ cut here ]------------
00022  ? ptlrpc_start_thread+0x1f10/0x1f10 [ptlrpc]
00022  ? ptlrpc_start_thread+0x1f10/0x1f10 [ptlrpc]
00022 FS:  0000000000000000(0000) GS:ffff88831e92a000(0000) knlGS:0000000000000000
00022  ? kthread_unuse_mm+0x130/0x130
00022  ? ret_from_fork+0x18c/0x520
00022  ? kthread_unuse_mm+0x130/0x130
00022  ? ret_from_fork_asm+0x11/0x20
00022  </TASK>
00022 ---[ end trace 0000000000000000 ]---
00022 WARNING: /home/ktest/git/linux/include/linux/fs.h:889 at osd_create+0x9cf/0xcf0 [osd_wbcfs], CPU#8: ll_ost00_001/1961
00022  ? kthread_unuse_mm+0x130/0x130
00022 ------------[ cut here ]------------
00022  ? ret_from_fork+0x18c/0x520
00022  ? kthread_unuse_mm+0x130/0x130
00022 WARNING: /home/ktest/git/linux/include/linux/fs.h:889 at osd_create+0x9cf/0xcf0 [osd_wbcfs], CPU#2: ll_ost00_003/1998
00022  ? ret_from_fork_asm+0x11/0x20
00022 Modules linked in: ofd(O)
00022  </TASK>
00022 ---[ end trace 0000000000000000 ]---
00022  osp(O) mdd(O) lod(O) mdt(O) lquota(O) lfsck(O) mgs(O) osd_wbcfs(O) lustre(O) obdecho(O) mgc(O) mdc(O) lov(O) osc(O) lmv(O)
00022 ------------[ cut here ]------------
00022  ec(O)
00022  fid(O)
00022 WARNING: /home/ktest/git/linux/include/linux/fs.h:889 at osd_create+0x9cf/0xcf0 [osd_wbcfs], CPU#6: ll_ost00_002/1962
00022  fld(O) ptlrpc(O) efivarfs
00022 Modules linked in:
00022  obdclass(O)
00022  ksocklnd(O)
00022  ofd(O)
00022  lnet(O)
00022  osp(O)
00022  mdd(O)
00022  libcfs(O)
00022 
00022  lod(O) mdt(O)
00022 CPU: 2 UID: 0 PID: 1998 Comm: ll_ost00_003 Tainted: G        W  O        7.0.0-ktest-2b8c50a-6330a45-20260806-dirty #1 PREEMPT 
00022  lquota(O)
00022  lfsck(O)
00022 Tainted: [W]=WARN, [O]=OOT_MODULE
00022  mgs(O) osd_wbcfs(O)
00022 Hardware name: QEMU Standard PC (Q35 + ICH9, 2009), BIOS 2025.11-3ubuntu7 03/31/2026
00022  lustre(O) obdecho(O) mgc(O) mdc(O) lov(O) osc(O) lmv(O) ec(O) fid(O) fld(O) ptlrpc(O) efivarfs obdclass(O) ksocklnd(O) lnet(O) libcfs(O)
00022 CPU: 6 UID: 0 PID: 1962 Comm: ll_ost00_002 Tainted: G        W  O        7.0.0-ktest-2b8c50a-6330a45-20260806-dirty #1 PREEMPT 
00022 Tainted: [W]=WARN, [O]=OOT_MODULE
00022 RIP: 0010:osd_create+0x9cf/0xcf0 [osd_wbcfs]
00022 Hardware name: QEMU Standard PC (Q35 + ICH9, 2009), BIOS 2025.11-3ubuntu7 03/31/2026
00022 Code: c7 c7 00 c6 7b a1 48 c7 c6 a0 42 7d a1 48 c7 c2 00 4c 7d a1 e8 82 dd 43 ff 48 c7 c7 00 c6 7b a1 e8 c6 6a 44 ff e9 fe fc ff ff <0f> 0b e9 a5 fa ff ff 48 c7 c1 80 44 5d a0 80 e1 07 80 c1 03 38 c1
00022 RIP: 0010:osd_create+0x9cf/0xcf0 [osd_wbcfs]
00022 RSP: 0018:ffffc90008daf878 EFLAGS: 00010246
00022 Code: c7 c7 00 c6 7b a1 48 c7 c6 a0 42 7d a1 48 c7 c2 00 4c 7d a1 e8 82 dd 43 ff 48 c7 c7 00 c6 7b a1 e8 c6 6a 44 ff e9 fe fc ff ff <0f> 0b e9 a5 fa ff ff 48 c7 c1 80 44 5d a0 80 e1 07 80 c1 03 38 c1
00022 RSP: 0018:ffffc90001d47878 EFLAGS: 00010246
00022 RAX: 0000000000000000 RBX: ffff8881389b4800 RCX: 0000000000000046
00022 RDX: 0000000000000000 RSI: ffff888197b149c0 RDI: ffff888109d309e8
00022 
00022 RAX: 0000000000000000 RBX: ffff888138e1c000 RCX: 0000000000000046
00022 RBP: ffff888197b14930 R08: ffffffff83a16803 R09: 1ffffffff0742d00
00022 RDX: 0000000000000000 RSI: ffff8881078e09e8 RDI: ffff8881893789e8
00022 R10: dffffc0000000000 R11: fffffbfff0742d01 R12: ffff888192478830
00022 RBP: ffff8881078e0958 R08: ffffffff83a16803 R09: 1ffffffff0742d00
00022 R13: dffffc0000000000 R14: 1ffff11027136900 R15: 1ffff1103248f142
00022 R10: dffffc0000000000 R11: fffffbfff0742d01 R12: ffff888108350830
00022 R13: dffffc0000000000 R14: 1ffff110271c3800 R15: 1ffff1102106a142
00022 FS:  0000000000000000(0000) GS:ffff88831e72a000(0000) knlGS:0000000000000000
00022 CS:  0010 DS: 0000 ES: 0000 CR0: 0000000080050033
00022 FS:  0000000000000000(0000) GS:ffff88831e52a000(0000) knlGS:0000000000000000
00022 CR2: 0000559120d6c590 CR3: 0000000004274000 CR4: 0000000000750eb0
00022 CS:  0010 DS: 0000 ES: 0000 CR0: 0000000080050033
00022 CR2: 0000559120d60aa0 CR3: 0000000004274000 CR4: 0000000000750eb0
00022 PKRU: 55555554
00022 Call Trace:
00022  <TASK>
00022 PKRU: 55555554
00022 Call Trace:
00022  <TASK>
00022  ? ofd_precreate_objects+0x1bd8/0x3220 [ofd]
00022  ? ofd_precreate_objects+0x1bd8/0x3220 [ofd]
00022  ? ofd_create_hdl+0x2015/0x3510 [ofd]
00022  ? ofd_create_hdl+0x2015/0x3510 [ofd]
00022 CS:  0010 DS: 0000 ES: 0000 CR0: 0000000080050033
00022  ? tgt_request_handle+0x23ad/0x3d30 [ptlrpc]
00022  ? tgt_request_handle+0x23ad/0x3d30 [ptlrpc]
00022 Modules linked in:
00022 CR2: 00005603f26e5840 CR3: 0000000004274000 CR4: 0000000000750eb0
00022  ? ptlrpc_main+0x6359/0x96f0 [ptlrpc]
00022  ? ptlrpc_main+0x6359/0x96f0 [ptlrpc]
00022  ofd(O)
00022  ? __kthread_parkme+0x73/0x130
00022  ? kthread+0x2cd/0x3a0
00022  ? __kthread_parkme+0x73/0x130
00022  ? kthread+0x2cd/0x3a0
00022 PKRU: 55555554
00022  ? ptlrpc_start_thread+0x1f10/0x1f10 [ptlrpc]
00022  ? ptlrpc_start_thread+0x1f10/0x1f10 [ptlrpc]
00022  osp(O)
00022  ? kthread_unuse_mm+0x130/0x130
00022  ? ret_from_fork+0x18c/0x520
00022  ? kthread_unuse_mm+0x130/0x130
00022  ? kthread_unuse_mm+0x130/0x130
00022  ? ret_from_fork_asm+0x11/0x20
00022  ? ret_from_fork+0x18c/0x520
00022  ? kthread_unuse_mm+0x130/0x130
00022  </TASK>
00022 ---[ end trace 0000000000000000 ]---
00022  ? ret_from_fork_asm+0x11/0x20
00022  </TASK>
00022 ---[ end trace 0000000000000000 ]---
00022 ------------[ cut here ]------------
00022 WARNING: /home/ktest/git/linux/include/linux/fs.h:889 at osd_create+0x9cf/0xcf0 [osd_wbcfs], CPU#6: ll_ost00_002/1962
00022 Modules linked in: ofd(O) osp(O) mdd(O) lod(O) mdt(O) lquota(O) lfsck(O) mgs(O) osd_wbcfs(O) lustre(O) obdecho(O) mgc(O) mdc(O) lov(O) osc(O) lmv(O)
00022 ------------[ cut here ]------------
00022  ec(O) fid(O) fld(O) ptlrpc(O) efivarfs obdclass(O) ksocklnd(O)
00022 Call Trace:
00022  lnet(O)
00022 WARNING: /home/ktest/git/linux/include/linux/fs.h:889 at osd_create+0x9cf/0xcf0 [osd_wbcfs], CPU#2: ll_ost00_003/1998
00022  libcfs(O)
00022 
00022 CPU: 6 UID: 0 PID: 1962 Comm: ll_ost00_002 Tainted: G        W  O        7.0.0-ktest-2b8c50a-6330a45-20260806-dirty #1 PREEMPT 
00022 Tainted: [W]=WARN, [O]=OOT_MODULE
00022 Hardware name: QEMU Standard PC (Q35 + ICH9, 2009), BIOS 2025.11-3ubuntu7 03/31/2026
00022 RIP: 0010:osd_create+0x9cf/0xcf0 [osd_wbcfs]
00022 Modules linked in: ofd(O) osp(O)
00022 Code: c7 c7 00 c6 7b a1 48 c7 c6 a0 42 7d a1 48 c7 c2 00 4c 7d a1 e8 82 dd 43 ff 48 c7 c7 00 c6 7b a1 e8 c6 6a 44 ff e9 fe fc ff ff <0f> 0b e9 a5 fa ff ff 48 c7 c1 80 44 5d a0 80 e1 07 80 c1 03 38 c1
00022  mdd(O) lod(O)
00022 RSP: 0018:ffffc90001d47878 EFLAGS: 00010246
00022  mdt(O) lquota(O)
00022 
00022  lfsck(O)
00022 RAX: 0000000000000000 RBX: ffff8881389b6800 RCX: 0000000000000046
00022 RDX: 0000000000000000 RSI: ffff888197b142a8 RDI: ffff888109d309e8
00022 RBP: ffff888197b14218 R08: ffffffff83a16803 R09: 1ffffffff0742d00
00022 R10: dffffc0000000000 R11: fffffbfff0742d01 R12: ffff888192478830
00022 R13: dffffc0000000000 R14: 1ffff11027136d00 R15: 1ffff1103248f142
00022 FS:  0000000000000000(0000) GS:ffff88831e72a000(0000) knlGS:0000000000000000
00022 CS:  0010 DS: 0000 ES: 0000 CR0: 0000000080050033
00022 CR2: 0000559120d6c590 CR3: 0000000004274000 CR4: 0000000000750eb0
00022  mgs(O) osd_wbcfs(O) lustre(O)
00022 PKRU: 55555554
00022  obdecho(O) mgc(O)
00022 Call Trace:
00022  mdc(O)
00022  <TASK>
00022  lov(O) osc(O) lmv(O) ec(O) fid(O) fld(O) ptlrpc(O) efivarfs obdclass(O) ksocklnd(O) lnet(O) libcfs(O)
00022  ? ofd_precreate_objects+0x1bd8/0x3220 [ofd]
00022 CPU: 2 UID: 0 PID: 1998 Comm: ll_ost00_003 Tainted: G        W  O        7.0.0-ktest-2b8c50a-6330a45-20260806-dirty #1 PREEMPT 
00022 Tainted: [W]=WARN, [O]=OOT_MODULE
00022 Hardware name: QEMU Standard PC (Q35 + ICH9, 2009), BIOS 2025.11-3ubuntu7 03/31/2026
00022 RIP: 0010:osd_create+0x9cf/0xcf0 [osd_wbcfs]
00022  mdd(O)
00022 Code: c7 c7 00 c6 7b a1 48 c7 c6 a0 42 7d a1 48 c7 c2 00 4c 7d a1 e8 82 dd 43 ff 48 c7 c7 00 c6 7b a1 e8 c6 6a 44 ff e9 fe fc ff ff <0f> 0b e9 a5 fa ff ff 48 c7 c1 80 44 5d a0 80 e1 07 80 c1 03 38 c1
00022 RSP: 0018:ffffc90008daf878 EFLAGS: 00010246
00022 RAX: 0000000000000000 RBX: ffff888138e1ec00 RCX: 0000000000000046
00022 RDX: 0000000000000000 RSI: ffff8881078e02d0 RDI: ffff8881893789e8
00022 RBP: ffff8881078e0240 R08: ffffffff83a16803 R09: 1ffffffff0742d00
00022 R10: dffffc0000000000 R11: fffffbfff0742d01 R12: ffff888108350830
00022 R13: dffffc0000000000 R14: 1ffff110271c3d80 R15: 1ffff1102106a142
00022 FS:  0000000000000000(0000) GS:ffff88831e52a000(0000) knlGS:0000000000000000
00022 CS:  0010 DS: 0000 ES: 0000 CR0: 0000000080050033
00022  ? ofd_create_hdl+0x2015/0x3510 [ofd]
00022 CR2: 0000559120d60aa0 CR3: 0000000004274000 CR4: 0000000000750eb0
00022 PKRU: 55555554
00022 Call Trace:
00022  <TASK>
00022  ? ofd_precreate_objects+0x1bd8/0x3220 [ofd]
00022  ? ofd_create_hdl+0x2015/0x3510 [ofd]
00022  <TASK>
00022  ? tgt_request_handle+0x23ad/0x3d30 [ptlrpc]
00022  lod(O)
00022  ? tgt_request_handle+0x23ad/0x3d30 [ptlrpc]
00022  ? ofd_precreate_objects+0x1bd8/0x3220 [ofd]
00022  mdt(O) lquota(O) lfsck(O) mgs(O) osd_wbcfs(O) lustre(O) obdecho(O) mgc(O)
00022  ? ofd_create_hdl+0x2015/0x3510 [ofd]
00022  ? ptlrpc_main+0x6359/0x96f0 [ptlrpc]
00022  mdc(O)
00022  ? ptlrpc_main+0x6359/0x96f0 [ptlrpc]
00022  lov(O)
00022  ? __kthread_parkme+0x73/0x130
00022  ? tgt_request_handle+0x23ad/0x3d30 [ptlrpc]
00022  ? __kthread_parkme+0x73/0x130
00022  ? kthread+0x2cd/0x3a0
00022  osc(O)
00022  ? ptlrpc_start_thread+0x1f10/0x1f10 [ptlrpc]
00022  ? kthread+0x2cd/0x3a0
00022  ? ptlrpc_main+0x6359/0x96f0 [ptlrpc]
00022  lmv(O)
00022  ? kthread_unuse_mm+0x130/0x130
00022  ? ret_from_fork+0x18c/0x520
00022  ? kthread_unuse_mm+0x130/0x130
00022  ? ret_from_fork_asm+0x11/0x20
00022  </TASK>
00022 ---[ end trace 0000000000000000 ]---
00022 ------------[ cut here ]------------
00022 WARNING: /home/ktest/git/linux/include/linux/fs.h:889 at osd_create+0x9cf/0xcf0 [osd_wbcfs], CPU#2: ll_ost00_003/1998
00022 Modules linked in: ofd(O) osp(O) mdd(O) lod(O) mdt(O) lquota(O) lfsck(O) mgs(O) osd_wbcfs(O) lustre(O) obdecho(O) mgc(O) mdc(O) lov(O) osc(O) lmv(O) ec(O) fid(O) fld(O) ptlrpc(O) efivarfs
00022  ec(O)
00022  obdclass(O) ksocklnd(O) lnet(O) libcfs(O)
00022 CPU: 2 UID: 0 PID: 1998 Comm: ll_ost00_003 Tainted: G        W  O        7.0.0-ktest-2b8c50a-6330a45-20260806-dirty #1 PREEMPT 
00022 Tainted: [W]=WARN, [O]=OOT_MODULE
00022  ? ptlrpc_start_thread+0x1f10/0x1f10 [ptlrpc]
00022 Hardware name: QEMU Standard PC (Q35 + ICH9, 2009), BIOS 2025.11-3ubuntu7 03/31/2026
00022 RIP: 0010:osd_create+0x9cf/0xcf0 [osd_wbcfs]
00022 Code: c7 c7 00 c6 7b a1 48 c7 c6 a0 42 7d a1 48 c7 c2 00 4c 7d a1 e8 82 dd 43 ff 48 c7 c7 00 c6 7b a1 e8 c6 6a 44 ff e9 fe fc ff ff <0f> 0b e9 a5 fa ff ff 48 c7 c1 80 44 5d a0 80 e1 07 80 c1 03 38 c1
00022 RSP: 0018:ffffc90008daf878 EFLAGS: 00010246
00022 RAX: 0000000000000000 RBX: ffff888138e1ac00 RCX: 0000000000000046
00022 RDX: 0000000000000000 RSI: ffff8881b536fb68 RDI: ffff8881893789e8
00022 RBP: ffff8881b536fad8 R08: ffffffff83a16803 R09: 1ffffffff0742d00
00022 R10: dffffc0000000000 R11: fffffbfff0742d01 R12: ffff888108350830
00022 R13: dffffc0000000000 R14: 1ffff110271c3580 R15: 1ffff1102106a142
00022 FS:  0000000000000000(0000) GS:ffff88831e52a000(0000) knlGS:0000000000000000
00022  ? __kthread_parkme+0x73/0x130
00022  ? kthread+0x2cd/0x3a0
00022  fid(O) fld(O) ptlrpc(O) efivarfs obdclass(O) ksocklnd(O) lnet(O) libcfs(O)
00022  ? kthread_unuse_mm+0x130/0x130
00022  ? ret_from_fork+0x18c/0x520
00022  ? kthread_unuse_mm+0x130/0x130
00022  ? ret_from_fork_asm+0x11/0x20
00022  </TASK>
00022 ---[ end trace 0000000000000000 ]---
00022 ------------[ cut here ]------------
00022 CS:  0010 DS: 0000 ES: 0000 CR0: 0000000080050033
00022 CR2: 0000559120d60aa0 CR3: 0000000004274000 CR4: 0000000000750eb0
00022 PKRU: 55555554
00022 Call Trace:
00022  <TASK>
00022  ? ofd_precreate_objects+0x1bd8/0x3220 [ofd]
00022  ? ptlrpc_start_thread+0x1f10/0x1f10 [ptlrpc]
00022 
00022  ? ofd_create_hdl+0x2015/0x3510 [ofd]
00022  ? kthread_unuse_mm+0x130/0x130
00022  ? ret_from_fork+0x18c/0x520
00022  ? kthread_unuse_mm+0x130/0x130
00022  ? ret_from_fork_asm+0x11/0x20
00022  </TASK>
00022 ---[ end trace 0000000000000000 ]---
00022 ------------[ cut here ]------------
00022 WARNING: /home/ktest/git/linux/include/linux/fs.h:889 at osd_create+0x9cf/0xcf0 [osd_wbcfs], CPU#10: ll_ost00_004/2010
00022 Modules linked in: ofd(O) osp(O) mdd(O) lod(O) mdt(O) lquota(O) lfsck(O) mgs(O) osd_wbcfs(O) lustre(O) obdecho(O) mgc(O) mdc(O) lov(O) osc(O) lmv(O) ec(O) fid(O) fld(O) ptlrpc(O) efivarfs obdclass(O) ksocklnd(O) lnet(O) libcfs(O)
00022 CPU: 10 UID: 0 PID: 2010 Comm: ll_ost00_004 Tainted: G        W  O        7.0.0-ktest-2b8c50a-6330a45-20260806-dirty #1 PREEMPT 
00022 Tainted: [W]=WARN, [O]=OOT_MODULE
00022 Hardware name: QEMU Standard PC (Q35 + ICH9, 2009), BIOS 2025.11-3ubuntu7 03/31/2026
00022  ? tgt_request_handle+0x23ad/0x3d30 [ptlrpc]
00022 RIP: 0010:osd_create+0x9cf/0xcf0 [osd_wbcfs]
00022 Code: c7 c7 00 c6 7b a1 48 c7 c6 a0 42 7d a1 48 c7 c2 00 4c 7d a1 e8 82 dd 43 ff 48 c7 c7 00 c6 7b a1 e8 c6 6a 44 ff e9 fe fc ff ff <0f> 0b e9 a5 fa ff ff 48 c7 c1 80 44 5d a0 80 e1 07 80 c1 03 38 c1
00022 RSP: 0018:ffffc90008f7f878 EFLAGS: 00010246
00022 RAX: 0000000000000000 RBX: ffff88811a3f1400 RCX: 0000000000000046
00022 RDX: 0000000000000000 RSI: ffff8881b536ad60 RDI: ffff88816ad62aa8
00022 RBP: ffff8881b536acd0 R08: ffffffff83a16803 R09: 1ffffffff0742d00
00022 R10: dffffc0000000000 R11: fffffbfff0742d01 R12: ffff8881695cb030
00022 R13: dffffc0000000000 R14: 1ffff1102347e280 R15: 1ffff1102d2b9642
00022 FS:  0000000000000000(0000) GS:ffff88831e92a000(0000) knlGS:0000000000000000
00022 CS:  0010 DS: 0000 ES: 0000 CR0: 0000000080050033
00022 CR2: 00005603f26e5840 CR3: 0000000004274000 CR4: 0000000000750eb0
00022 PKRU: 55555554
00022 Call Trace:
00022  <TASK>
00022  ? ofd_precreate_objects+0x1bd8/0x3220 [ofd]
00022  ? ofd_create_hdl+0x2015/0x3510 [ofd]
00022 WARNING: /home/ktest/git/linux/include/linux/fs.h:889 at osd_create+0x9cf/0xcf0 [osd_wbcfs], CPU#6: ll_ost00_002/1962
00022 CPU: 8 UID: 0 PID: 1961 Comm: ll_ost00_001 Tainted: G        W  O        7.0.0-ktest-2b8c50a-6330a45-20260806-dirty #1 PREEMPT 
00022  ? tgt_request_handle+0x23ad/0x3d30 [ptlrpc]
00022  ? ptlrpc_main+0x6359/0x96f0 [ptlrpc]
00022 Modules linked in:
00022 Tainted: [W]=WARN, [O]=OOT_MODULE
00022  ? __kthread_parkme+0x73/0x130
00022  ? kthread+0x2cd/0x3a0
00022  ofd(O)
00022  ? ptlrpc_main+0x6359/0x96f0 [ptlrpc]
00022 Hardware name: QEMU Standard PC (Q35 + ICH9, 2009), BIOS 2025.11-3ubuntu7 03/31/2026
00022  osp(O) mdd(O)
00022  ? ptlrpc_start_thread+0x1f10/0x1f10 [ptlrpc]
00022 RIP: 0010:osd_create+0x9cf/0xcf0 [osd_wbcfs]
00022  ? __kthread_parkme+0x73/0x130
00022  ? kthread+0x2cd/0x3a0
00022  ? kthread_unuse_mm+0x130/0x130
00022  ? ret_from_fork+0x18c/0x520
00022  ? kthread_unuse_mm+0x130/0x130
00022  ? ret_from_fork_asm+0x11/0x20
00022  </TASK>
00022  lod(O)
00022 ---[ end trace 0000000000000000 ]---
00022 ------------[ cut here ]------------
00022 WARNING: /home/ktest/git/linux/include/linux/fs.h:889 at osd_create+0x9cf/0xcf0 [osd_wbcfs], CPU#2: ll_ost00_003/1998
00022  ? ptlrpc_start_thread+0x1f10/0x1f10 [ptlrpc]
00022 Modules linked in: ofd(O) osp(O) mdd(O) lod(O) mdt(O) lquota(O) lfsck(O) mgs(O) osd_wbcfs(O) lustre(O) obdecho(O) mgc(O) mdc(O) lov(O) osc(O) lmv(O) ec(O) fid(O) fld(O) ptlrpc(O) efivarfs obdclass(O) ksocklnd(O) lnet(O) libcfs(O)
00022 Code: c7 c7 00 c6 7b a1 48 c7 c6 a0 42 7d a1 48 c7 c2 00 4c 7d a1 e8 82 dd 43 ff 48 c7 c7 00 c6 7b a1 e8 c6 6a 44 ff e9 fe fc ff ff <0f> 0b e9 a5 fa ff ff 48 c7 c1 80 44 5d a0 80 e1 07 80 c1 03 38 c1
00022 CPU: 2 UID: 0 PID: 1998 Comm: ll_ost00_003 Tainted: G        W  O        7.0.0-ktest-2b8c50a-6330a45-20260806-dirty #1 PREEMPT 
00022 Tainted: [W]=WARN, [O]=OOT_MODULE
00022 Hardware name: QEMU Standard PC (Q35 + ICH9, 2009), BIOS 2025.11-3ubuntu7 03/31/2026
00022 RIP: 0010:osd_create+0x9cf/0xcf0 [osd_wbcfs]
00022  mdt(O) lquota(O)
00022 Code: c7 c7 00 c6 7b a1 48 c7 c6 a0 42 7d a1 48 c7 c2 00 4c 7d a1 e8 82 dd 43 ff 48 c7 c7 00 c6 7b a1 e8 c6 6a 44 ff e9 fe fc ff ff <0f> 0b e9 a5 fa ff ff 48 c7 c1 80 44 5d a0 80 e1 07 80 c1 03 38 c1
00022 RSP: 0018:ffffc90008daf878 EFLAGS: 00010246
00022 RAX: 0000000000000000 RBX: ffff888138e1fc00 RCX: 0000000000000046
00022 RDX: 0000000000000000 RSI: ffff8881b536f450 RDI: ffff8881893789e8
00022 RBP: ffff8881b536f3c0 R08: ffffffff83a16803 R09: 1ffffffff0742d00
00022 R10: dffffc0000000000 R11: fffffbfff0742d01 R12: ffff888108350830
00022 R13: dffffc0000000000 R14: 1ffff110271c3f80 R15: 1ffff1102106a142
00022 FS:  0000000000000000(0000) GS:ffff88831e52a000(0000) knlGS:0000000000000000
00022 CS:  0010 DS: 0000 ES: 0000 CR0: 0000000080050033
00022 CR2: 0000559120d60aa0 CR3: 0000000004274000 CR4: 0000000000750eb0
00022 PKRU: 55555554
00022 Call Trace:
00022  <TASK>
00022  ? kthread_unuse_mm+0x130/0x130
00022  ? ret_from_fork+0x18c/0x520
00022  ? kthread_unuse_mm+0x130/0x130
00022  ? ofd_precreate_objects+0x1bd8/0x3220 [ofd]
00022  ? ret_from_fork_asm+0x11/0x20
00022  </TASK>
00022 ---[ end trace 0000000000000000 ]---
00022 ------------[ cut here ]------------
00022 WARNING: /home/ktest/git/linux/include/linux/fs.h:889 at osd_create+0x9cf/0xcf0 [osd_wbcfs], CPU#10: ll_ost00_004/2010
00022 Modules linked in: ofd(O) osp(O) mdd(O) lod(O) mdt(O) lquota(O) lfsck(O)
00022  ? ofd_create_hdl+0x2015/0x3510 [ofd]
00022  mgs(O) osd_wbcfs(O) lustre(O) obdecho(O) mgc(O) mdc(O) lov(O) osc(O) lmv(O) ec(O) fid(O) fld(O) ptlrpc(O) efivarfs obdclass(O) ksocklnd(O) lnet(O) libcfs(O)
00022 CPU: 10 UID: 0 PID: 2010 Comm: ll_ost00_004 Tainted: G        W  O        7.0.0-ktest-2b8c50a-6330a45-20260806-dirty #1 PREEMPT 
00022 Tainted: [W]=WARN, [O]=OOT_MODULE
00022 Hardware name: QEMU Standard PC (Q35 + ICH9, 2009), BIOS 2025.11-3ubuntu7 03/31/2026
00022 RIP: 0010:osd_create+0x9cf/0xcf0 [osd_wbcfs]
00022 Code: c7 c7 00 c6 7b a1 48 c7 c6 a0 42 7d a1 48 c7 c2 00 4c 7d a1 e8 82 dd 43 ff 48 c7 c7 00 c6 7b a1 e8 c6 6a 44 ff e9 fe fc ff ff <0f> 0b e9 a5 fa ff ff 48 c7 c1 80 44 5d a0 80 e1 07 80 c1 03 38 c1
00022 RSP: 0018:ffffc90008f7f878 EFLAGS: 00010246
00022 RAX: 0000000000000000 RBX: ffff88811a3f0000 RCX: 0000000000000046
00022 RDX: 0000000000000000 RSI: ffff8881b536a648 RDI: ffff88816ad62aa8
00022 RBP: ffff8881b536a5b8 R08: ffffffff83a16803 R09: 1ffffffff0742d00
00022 R10: dffffc0000000000 R11: fffffbfff0742d01 R12: ffff8881695cb030
00022 R13: dffffc0000000000 R14: 1ffff1102347e000 R15: 1ffff1102d2b9642
00022 FS:  0000000000000000(0000) GS:ffff88831e92a000(0000) knlGS:0000000000000000
00022 CS:  0010 DS: 0000 ES: 0000 CR0: 0000000080050033
00022 CR2: 00005603f26e5840 CR3: 0000000004274000 CR4: 0000000000750eb0
00022 PKRU: 55555554
00022 Call Trace:
00022  <TASK>
00022  ? ofd_precreate_objects+0x1bd8/0x3220 [ofd]
00022 RSP: 0018:ffffc90001d57878 EFLAGS: 00010246
00022  ? ofd_create_hdl+0x2015/0x3510 [ofd]
00022  ? tgt_request_handle+0x23ad/0x3d30 [ptlrpc]
00022  ? tgt_request_handle+0x23ad/0x3d30 [ptlrpc]
00022  ? ptlrpc_main+0x6359/0x96f0 [ptlrpc]
00022  lfsck(O)
00022  ? ptlrpc_main+0x6359/0x96f0 [ptlrpc]
00022  ? __kthread_parkme+0x73/0x130
00022  ? kthread+0x2cd/0x3a0
00022  ? __kthread_parkme+0x73/0x130
00022  ? kthread+0x2cd/0x3a0
00022  ? ptlrpc_start_thread+0x1f10/0x1f10 [ptlrpc]
00022 
00022  ? ptlrpc_start_thread+0x1f10/0x1f10 [ptlrpc]
00022  ? kthread_unuse_mm+0x130/0x130
00022  mgs(O)
00022  ? ret_from_fork+0x18c/0x520
00022  ? kthread_unuse_mm+0x130/0x130
00022  ? ret_from_fork_asm+0x11/0x20
00022  </TASK>
00022 ---[ end trace 0000000000000000 ]---
00022  ? kthread_unuse_mm+0x130/0x130
00022  ? ret_from_fork+0x18c/0x520
00022  ? kthread_unuse_mm+0x130/0x130
00022  ? ret_from_fork_asm+0x11/0x20
00022  </TASK>
00022 ---[ end trace 0000000000000000 ]---
00022 ------------[ cut here ]------------
00022 WARNING: /home/ktest/git/linux/include/linux/fs.h:889 at osd_create+0x9cf/0xcf0 [osd_wbcfs], CPU#10: ll_ost00_004/2010
00022 Modules linked in: ofd(O) osp(O) mdd(O) lod(O) mdt(O) lquota(O) lfsck(O) mgs(O) osd_wbcfs(O) lustre(O) obdecho(O) mgc(O) mdc(O) lov(O) osc(O) lmv(O) ec(O) fid(O) fld(O) ptlrpc(O) efivarfs obdclass(O) ksocklnd(O) lnet(O) libcfs(O)
00022 CPU: 10 UID: 0 PID: 2010 Comm: ll_ost00_004 Tainted: G        W  O        7.0.0-ktest-2b8c50a-6330a45-20260806-dirty #1 PREEMPT 
00022 Tainted: [W]=WARN, [O]=OOT_MODULE
00022 Hardware name: QEMU Standard PC (Q35 + ICH9, 2009), BIOS 2025.11-3ubuntu7 03/31/2026
00022 RIP: 0010:osd_create+0x9cf/0xcf0 [osd_wbcfs]
00022 Code: c7 c7 00 c6 7b a1 48 c7 c6 a0 42 7d a1 48 c7 c2 00 4c 7d a1 e8 82 dd 43 ff 48 c7 c7 00 c6 7b a1 e8 c6 6a 44 ff e9 fe fc ff ff <0f> 0b e9 a5 fa ff ff 48 c7 c1 80 44 5d a0 80 e1 07 80 c1 03 38 c1
00022 RSP: 0018:ffffc90008f7f878 EFLAGS: 00010246
00022 RAX: 0000000000000000 RBX: ffff88811a3f7c00 RCX: 0000000000000046
00022 RDX: 0000000000000000 RSI: ffff8881b5369f30 RDI: ffff88816ad62aa8
00022 RBP: ffff8881b5369ea0 R08: ffffffff83a16803 R09: 1ffffffff0742d00
00022 R10: dffffc0000000000 R11: fffffbfff0742d01 R12: ffff8881695cb030
00022 R13: dffffc0000000000 R14: 1ffff1102347ef80 R15: 1ffff1102d2b9642
00022 FS:  0000000000000000(0000) GS:ffff88831e92a000(0000) knlGS:0000000000000000
00022 RAX: 0000000000000000 RBX: ffff88813904f000 RCX: 0000000000000046
00022 CS:  0010 DS: 0000 ES: 0000 CR0: 0000000080050033
00022 RDX: 0000000000000000 RSI: ffff8881078e7450 RDI: ffff888109d4aaa8
00022 RBP: ffff8881078e73c0 R08: ffffffff83a16803 R09: 1ffffffff0742d00
00022 R10: dffffc0000000000 R11: fffffbfff0742d01 R12: ffff8881ae1b2830
00022 R13: dffffc0000000000 R14: 1ffff11027209e00 R15: 1ffff11035c36542
00022 FS:  0000000000000000(0000) GS:ffff88831e82a000(0000) knlGS:0000000000000000
00022 CS:  0010 DS: 0000 ES: 0000 CR0: 0000000080050033
00022 CR2: 000055d83c47af00 CR3: 0000000197f8d000 CR4: 0000000000750eb0
00022 PKRU: 55555554
00022 Call Trace:
00022  <TASK>
00022  ? ofd_precreate_objects+0x1bd8/0x3220 [ofd]
00022  osd_wbcfs(O)
00022  ? ofd_create_hdl+0x2015/0x3510 [ofd]
00022  ? tgt_request_handle+0x23ad/0x3d30 [ptlrpc]
00022 CR2: 00005603f26e5840 CR3: 0000000004274000 CR4: 0000000000750eb0
00022  ? ptlrpc_main+0x6359/0x96f0 [ptlrpc]
00022  lustre(O)
00022  ? __kthread_parkme+0x73/0x130
00022  ? kthread+0x2cd/0x3a0
00022 PKRU: 55555554
00022  ? ptlrpc_start_thread+0x1f10/0x1f10 [ptlrpc]
00022  obdecho(O)
00022  ? kthread_unuse_mm+0x130/0x130
00022  ? ret_from_fork+0x18c/0x520
00022  ? kthread_unuse_mm+0x130/0x130
00022  ? ret_from_fork_asm+0x11/0x20
00022  </TASK>
00022 ---[ end trace 0000000000000000 ]---
00022 Call Trace:
00022  <TASK>
00022 ------------[ cut here ]------------
00022 WARNING: /home/ktest/git/linux/include/linux/fs.h:889 at osd_create+0x9cf/0xcf0 [osd_wbcfs], CPU#8: ll_ost00_001/1961
00022 Modules linked in: ofd(O) osp(O) mdd(O) lod(O) mdt(O) lquota(O) lfsck(O) mgs(O) osd_wbcfs(O) lustre(O) obdecho(O) mgc(O) mdc(O) lov(O) osc(O) lmv(O) ec(O) fid(O) fld(O) ptlrpc(O) efivarfs obdclass(O) ksocklnd(O) lnet(O) libcfs(O)
00022 CPU: 8 UID: 0 PID: 1961 Comm: ll_ost00_001 Tainted: G        W  O        7.0.0-ktest-2b8c50a-6330a45-20260806-dirty #1 PREEMPT 
00022 Tainted: [W]=WARN, [O]=OOT_MODULE
00022 Hardware name: QEMU Standard PC (Q35 + ICH9, 2009), BIOS 2025.11-3ubuntu7 03/31/2026
00022 RIP: 0010:osd_create+0x9cf/0xcf0 [osd_wbcfs]
00022 Code: c7 c7 00 c6 7b a1 48 c7 c6 a0 42 7d a1 48 c7 c2 00 4c 7d a1 e8 82 dd 43 ff 48 c7 c7 00 c6 7b a1 e8 c6 6a 44 ff e9 fe fc ff ff <0f> 0b e9 a5 fa ff ff 48 c7 c1 80 44 5d a0 80 e1 07 80 c1 03 38 c1
00022 RSP: 0018:ffffc90001d57878 EFLAGS: 00010246
00022 RAX: 0000000000000000 RBX: ffff8881390d3000 RCX: 0000000000000046
00022 RDX: 0000000000000000 RSI: ffff8881078e6d38 RDI: ffff888109d4aaa8
00022 RBP: ffff8881078e6ca8 R08: ffffffff83a16803 R09: 1ffffffff0742d00
00022 R10: dffffc0000000000 R11: fffffbfff0742d01 R12: ffff8881ae1b2830
00022 R13: dffffc0000000000 R14: 1ffff1102721a600 R15: 1ffff11035c36542
00022 FS:  0000000000000000(0000) GS:ffff88831e82a000(0000) knlGS:0000000000000000
00022 CS:  0010 DS: 0000 ES: 0000 CR0: 0000000080050033
00022 CR2: 000055d83c47af00 CR3: 0000000197f8d000 CR4: 0000000000750eb0
00022 PKRU: 55555554
00022 Call Trace:
00022  <TASK>
00022  ? ofd_precreate_objects+0x1bd8/0x3220 [ofd]
00022  mgc(O)
00022  ? ofd_create_hdl+0x2015/0x3510 [ofd]
00022  ? ofd_precreate_objects+0x1bd8/0x3220 [ofd]
00022  ? tgt_request_handle+0x23ad/0x3d30 [ptlrpc]
00022  mdc(O)
00022  ? ofd_create_hdl+0x2015/0x3510 [ofd]
00022  ? ptlrpc_main+0x6359/0x96f0 [ptlrpc]
00022  lov(O) osc(O)
00022  ? __kthread_parkme+0x73/0x130
00022  ? tgt_request_handle+0x23ad/0x3d30 [ptlrpc]
00022  lmv(O)
00022  ? kthread+0x2cd/0x3a0
00022  ? ptlrpc_main+0x6359/0x96f0 [ptlrpc]
00022  ec(O)
00022  ? ptlrpc_start_thread+0x1f10/0x1f10 [ptlrpc]
00022  fid(O)
00022  ? __kthread_parkme+0x73/0x130
00022  fld(O)
00022  ? kthread_unuse_mm+0x130/0x130
00022  ? ret_from_fork+0x18c/0x520
00022  ? kthread_unuse_mm+0x130/0x130
00022  ? ret_from_fork_asm+0x11/0x20
00022  </TASK>
00022 ---[ end trace 0000000000000000 ]---
00022 ------------[ cut here ]------------
00022 WARNING: /home/ktest/git/linux/include/linux/fs.h:889 at osd_create+0x9cf/0xcf0 [osd_wbcfs], CPU#8: ll_ost00_001/1961
00022 Modules linked in: ofd(O) osp(O) mdd(O) lod(O) mdt(O) lquota(O) lfsck(O) mgs(O) osd_wbcfs(O) lustre(O) obdecho(O) mgc(O) mdc(O) lov(O) osc(O) lmv(O) ec(O) fid(O) fld(O) ptlrpc(O) efivarfs obdclass(O) ksocklnd(O) lnet(O) libcfs(O)
00022 CPU: 8 UID: 0 PID: 1961 Comm: ll_ost00_001 Tainted: G        W  O        7.0.0-ktest-2b8c50a-6330a45-20260806-dirty #1 PREEMPT 
00022 Tainted: [W]=WARN, [O]=OOT_MODULE
00022 Hardware name: QEMU Standard PC (Q35 + ICH9, 2009), BIOS 2025.11-3ubuntu7 03/31/2026
00022 RIP: 0010:osd_create+0x9cf/0xcf0 [osd_wbcfs]
00022 Code: c7 c7 00 c6 7b a1 48 c7 c6 a0 42 7d a1 48 c7 c2 00 4c 7d a1 e8 82 dd 43 ff 48 c7 c7 00 c6 7b a1 e8 c6 6a 44 ff e9 fe fc ff ff <0f> 0b e9 a5 fa ff ff 48 c7 c1 80 44 5d a0 80 e1 07 80 c1 03 38 c1
00022 RSP: 0018:ffffc90001d57878 EFLAGS: 00010246
00022 RAX: 0000000000000000 RBX: ffff8881390d2c00 RCX: 0000000000000046
00022 RDX: 0000000000000000 RSI: ffff8881078e6620 RDI: ffff888109d4aaa8
00022 RBP: ffff8881078e6590 R08: ffffffff83a16803 R09: 1ffffffff0742d00
00022 R10: dffffc0000000000 R11: fffffbfff0742d01 R12: ffff8881ae1b2830
00022 R13: dffffc0000000000 R14: 1ffff1102721a580 R15: 1ffff11035c36542
00022 FS:  0000000000000000(0000) GS:ffff88831e82a000(0000) knlGS:0000000000000000
00022 CS:  0010 DS: 0000 ES: 0000 CR0: 0000000080050033
00022 CR2: 000055d83c47af00 CR3: 0000000197f8d000 CR4: 0000000000750eb0
00022 PKRU: 55555554
00022 Call Trace:
00022  ? kthread+0x2cd/0x3a0
00022  ? ptlrpc_start_thread+0x1f10/0x1f10 [ptlrpc]
00022  ptlrpc(O)
00022  <TASK>
00022  ? kthread_unuse_mm+0x130/0x130
00022  ? ret_from_fork+0x18c/0x520
00022  ? kthread_unuse_mm+0x130/0x130
00022  ? ret_from_fork_asm+0x11/0x20
00022  </TASK>
00022 ---[ end trace 0000000000000000 ]---
00022  efivarfs
00022 ------------[ cut here ]------------
00022 WARNING: /home/ktest/git/linux/include/linux/fs.h:889 at osd_create+0x9cf/0xcf0 [osd_wbcfs], CPU#10: ll_ost00_004/2010
00022 Modules linked in: ofd(O) osp(O) mdd(O) lod(O) mdt(O) lquota(O) lfsck(O) mgs(O) osd_wbcfs(O) lustre(O) obdecho(O) mgc(O) mdc(O) lov(O) osc(O) lmv(O) ec(O) fid(O) fld(O) ptlrpc(O) efivarfs obdclass(O) ksocklnd(O) lnet(O) libcfs(O)
00022 CPU: 10 UID: 0 PID: 2010 Comm: ll_ost00_004 Tainted: G        W  O        7.0.0-ktest-2b8c50a-6330a45-20260806-dirty #1 PREEMPT 
00022 Tainted: [W]=WARN, [O]=OOT_MODULE
00022 Hardware name: QEMU Standard PC (Q35 + ICH9, 2009), BIOS 2025.11-3ubuntu7 03/31/2026
00022 RIP: 0010:osd_create+0x9cf/0xcf0 [osd_wbcfs]
00022 Code: c7 c7 00 c6 7b a1 48 c7 c6 a0 42 7d a1 48 c7 c2 00 4c 7d a1 e8 82 dd 43 ff 48 c7 c7 00 c6 7b a1 e8 c6 6a 44 ff e9 fe fc ff ff <0f> 0b e9 a5 fa ff ff 48 c7 c1 80 44 5d a0 80 e1 07 80 c1 03 38 c1
00022 RSP: 0018:ffffc90008f7f878 EFLAGS: 00010246
00022 RAX: 0000000000000000 RBX: ffff88813b314800 RCX: 0000000000000046
00022 RDX: 0000000000000000 RSI: ffff8881b5369818 RDI: ffff88816ad62aa8
00022 RBP: ffff8881b5369788 R08: ffffffff83a16803 R09: 1ffffffff0742d00
00022 R10: dffffc0000000000 R11: fffffbfff0742d01 R12: ffff8881695cb030
00022 R13: dffffc0000000000 R14: 1ffff11027662900 R15: 1ffff1102d2b9642
00022 FS:  0000000000000000(0000) GS:ffff88831e92a000(0000) knlGS:0000000000000000
00022 CS:  0010 DS: 0000 ES: 0000 CR0: 0000000080050033
00022 CR2: 00005603f26e5840 CR3: 0000000004274000 CR4: 0000000000750eb0
00022 PKRU: 55555554
00022 Call Trace:
00022  <TASK>
00022  ? ofd_precreate_objects+0x1bd8/0x3220 [ofd]
00022  ? ofd_create_hdl+0x2015/0x3510 [ofd]
00022  ? ofd_precreate_objects+0x1bd8/0x3220 [ofd]
00022  obdclass(O)
00022  ? ofd_create_hdl+0x2015/0x3510 [ofd]
00022  ? tgt_request_handle+0x23ad/0x3d30 [ptlrpc]
00022  ? tgt_request_handle+0x23ad/0x3d30 [ptlrpc]
00022  ksocklnd(O)
00022  ? ptlrpc_main+0x6359/0x96f0 [ptlrpc]
00022  ? ptlrpc_main+0x6359/0x96f0 [ptlrpc]
00022  ? __kthread_parkme+0x73/0x130
00022  ? kthread+0x2cd/0x3a0
00022  lnet(O)
00022  ? ptlrpc_start_thread+0x1f10/0x1f10 [ptlrpc]
00022  ? __kthread_parkme+0x73/0x130
00022  ? kthread_unuse_mm+0x130/0x130
00022  ? ret_from_fork+0x18c/0x520
00022  ? kthread_unuse_mm+0x130/0x130
00022  ? ret_from_fork_asm+0x11/0x20
00022  </TASK>
00022 ---[ end trace 0000000000000000 ]---
00022 ------------[ cut here ]------------
00022 WARNING: /home/ktest/git/linux/include/linux/fs.h:889 at osd_create+0x9cf/0xcf0 [osd_wbcfs], CPU#8: ll_ost00_001/1961
00022 Modules linked in: ofd(O) osp(O) mdd(O) lod(O) mdt(O) lquota(O) lfsck(O) mgs(O) osd_wbcfs(O) lustre(O) obdecho(O) mgc(O) mdc(O) lov(O) osc(O) lmv(O) ec(O) fid(O) fld(O) ptlrpc(O) efivarfs obdclass(O) ksocklnd(O) lnet(O) libcfs(O)
00022 CPU: 8 UID: 0 PID: 1961 Comm: ll_ost00_001 Tainted: G        W  O        7.0.0-ktest-2b8c50a-6330a45-20260806-dirty #1 PREEMPT 
00022 Tainted: [W]=WARN, [O]=OOT_MODULE
00022 Hardware name: QEMU Standard PC (Q35 + ICH9, 2009), BIOS 2025.11-3ubuntu7 03/31/2026
00022 RIP: 0010:osd_create+0x9cf/0xcf0 [osd_wbcfs]
00022 Code: c7 c7 00 c6 7b a1 48 c7 c6 a0 42 7d a1 48 c7 c2 00 4c 7d a1 e8 82 dd 43 ff 48 c7 c7 00 c6 7b a1 e8 c6 6a 44 ff e9 fe fc ff ff <0f> 0b e9 a5 fa ff ff 48 c7 c1 80 44 5d a0 80 e1 07 80 c1 03 38 c1
00022 RSP: 0018:ffffc90001d57878 EFLAGS: 00010246
00022 RAX: 0000000000000000 RBX: ffff8881390d2800 RCX: 0000000000000046
00022 RDX: 0000000000000000 RSI: ffff8881078e5f08 RDI: ffff888109d4aaa8
00022 RBP: ffff8881078e5e78 R08: ffffffff83a16803 R09: 1ffffffff0742d00
00022 R10: dffffc0000000000 R11: fffffbfff0742d01 R12: ffff8881ae1b2830
00022 R13: dffffc0000000000 R14: 1ffff1102721a500 R15: 1ffff11035c36542
00022 FS:  0000000000000000(0000) GS:ffff88831e82a000(0000) knlGS:0000000000000000
00022 CS:  0010 DS: 0000 ES: 0000 CR0: 0000000080050033
00022 CR2: 000055d83c47af00 CR3: 0000000197f8d000 CR4: 0000000000750eb0
00022 PKRU: 55555554
00022 Call Trace:
00022  <TASK>
00022  libcfs(O)
00022  ? ofd_precreate_objects+0x1bd8/0x3220 [ofd]
00022  ? ofd_create_hdl+0x2015/0x3510 [ofd]
00022  ? tgt_request_handle+0x23ad/0x3d30 [ptlrpc]
00022  ? ptlrpc_main+0x6359/0x96f0 [ptlrpc]
00022  ? kthread+0x2cd/0x3a0
00022  ? __kthread_parkme+0x73/0x130
00022  ? kthread+0x2cd/0x3a0
00022 
00022 CPU: 6 UID: 0 PID: 1962 Comm: ll_ost00_002 Tainted: G        W  O        7.0.0-ktest-2b8c50a-6330a45-20260806-dirty #1 PREEMPT 
00022  ? ptlrpc_start_thread+0x1f10/0x1f10 [ptlrpc]
00022  ? ptlrpc_start_thread+0x1f10/0x1f10 [ptlrpc]
00022 Tainted: [W]=WARN, [O]=OOT_MODULE
00022  ? kthread_unuse_mm+0x130/0x130
00022  ? kthread_unuse_mm+0x130/0x130
00022  ? ret_from_fork+0x18c/0x520
00022  ? kthread_unuse_mm+0x130/0x130
00022  ? ret_from_fork_asm+0x11/0x20
00022  </TASK>
00022 ---[ end trace 0000000000000000 ]---
00022 ------------[ cut here ]------------
00022 WARNING: /home/ktest/git/linux/include/linux/fs.h:889 at osd_create+0x9cf/0xcf0 [osd_wbcfs], CPU#10: ll_ost00_004/2010
00022 Modules linked in: ofd(O) osp(O) mdd(O) lod(O) mdt(O) lquota(O) lfsck(O) mgs(O) osd_wbcfs(O) lustre(O) obdecho(O) mgc(O) mdc(O) lov(O) osc(O) lmv(O) ec(O) fid(O) fld(O) ptlrpc(O) efivarfs obdclass(O) ksocklnd(O) lnet(O) libcfs(O)
00022 CPU: 10 UID: 0 PID: 2010 Comm: ll_ost00_004 Tainted: G        W  O        7.0.0-ktest-2b8c50a-6330a45-20260806-dirty #1 PREEMPT 
00022 Tainted: [W]=WARN, [O]=OOT_MODULE
00022 Hardware name: QEMU Standard PC (Q35 + ICH9, 2009), BIOS 2025.11-3ubuntu7 03/31/2026
00022 RIP: 0010:osd_create+0x9cf/0xcf0 [osd_wbcfs]
00022 Code: c7 c7 00 c6 7b a1 48 c7 c6 a0 42 7d a1 48 c7 c2 00 4c 7d a1 e8 82 dd 43 ff 48 c7 c7 00 c6 7b a1 e8 c6 6a 44 ff e9 fe fc ff ff <0f> 0b e9 a5 fa ff ff 48 c7 c1 80 44 5d a0 80 e1 07 80 c1 03 38 c1
00022 RSP: 0018:ffffc90008f7f878 EFLAGS: 00010246
00022 RAX: 0000000000000000 RBX: ffff88813b314400 RCX: 0000000000000046
00022 RDX: 0000000000000000 RSI: ffff8881b5369100 RDI: ffff88816ad62aa8
00022 RBP: ffff8881b5369070 R08: ffffffff83a16803 R09: 1ffffffff0742d00
00022 R10: dffffc0000000000 R11: fffffbfff0742d01 R12: ffff8881695cb030
00022 R13: dffffc0000000000 R14: 1ffff11027662880 R15: 1ffff1102d2b9642
00022 FS:  0000000000000000(0000) GS:ffff88831e92a000(0000) knlGS:0000000000000000
00022 CS:  0010 DS: 0000 ES: 0000 CR0: 0000000080050033
00022 CR2: 00005603f26e5840 CR3: 0000000004274000 CR4: 0000000000750eb0
00022 PKRU: 55555554
00022 Call Trace:
00022  <TASK>
00022  ? ofd_precreate_objects+0x1bd8/0x3220 [ofd]
00022  ? ofd_create_hdl+0x2015/0x3510 [ofd]
00022 Hardware name: QEMU Standard PC (Q35 + ICH9, 2009), BIOS 2025.11-3ubuntu7 03/31/2026
00022  ? tgt_request_handle+0x23ad/0x3d30 [ptlrpc]
00022  ? ret_from_fork+0x18c/0x520
00022 RIP: 0010:osd_create+0x9cf/0xcf0 [osd_wbcfs]
00022  ? ptlrpc_main+0x6359/0x96f0 [ptlrpc]
00022  ? kthread_unuse_mm+0x130/0x130
00022  ? __kthread_parkme+0x73/0x130
00022  ? kthread+0x2cd/0x3a0
00022 Code: c7 c7 00 c6 7b a1 48 c7 c6 a0 42 7d a1 48 c7 c2 00 4c 7d a1 e8 82 dd 43 ff 48 c7 c7 00 c6 7b a1 e8 c6 6a 44 ff e9 fe fc ff ff <0f> 0b e9 a5 fa ff ff 48 c7 c1 80 44 5d a0 80 e1 07 80 c1 03 38 c1
00022  ? ptlrpc_start_thread+0x1f10/0x1f10 [ptlrpc]
00022  ? ret_from_fork_asm+0x11/0x20
00022  ? kthread_unuse_mm+0x130/0x130
00022  ? ret_from_fork+0x18c/0x520
00022  ? kthread_unuse_mm+0x130/0x130
00022  ? ret_from_fork_asm+0x11/0x20
00022  </TASK>
00022 ---[ end trace 0000000000000000 ]---
00022 ------------[ cut here ]------------
00022 WARNING: /home/ktest/git/linux/include/linux/fs.h:889 at osd_create+0x9cf/0xcf0 [osd_wbcfs], CPU#10: ll_ost00_004/2010
00022 Modules linked in: ofd(O) osp(O) mdd(O) lod(O) mdt(O) lquota(O) lfsck(O) mgs(O) osd_wbcfs(O) lustre(O) obdecho(O) mgc(O) mdc(O) lov(O) osc(O) lmv(O) ec(O) fid(O) fld(O) ptlrpc(O) efivarfs obdclass(O) ksocklnd(O) lnet(O) libcfs(O)
00022 CPU: 10 UID: 0 PID: 2010 Comm: ll_ost00_004 Tainted: G        W  O        7.0.0-ktest-2b8c50a-6330a45-20260806-dirty #1 PREEMPT 
00022 Tainted: [W]=WARN, [O]=OOT_MODULE
00022 Hardware name: QEMU Standard PC (Q35 + ICH9, 2009), BIOS 2025.11-3ubuntu7 03/31/2026
00022 RSP: 0018:ffffc90001d47878 EFLAGS: 00010246
00022 RIP: 0010:osd_create+0x9cf/0xcf0 [osd_wbcfs]
00022 Code: c7 c7 00 c6 7b a1 48 c7 c6 a0 42 7d a1 48 c7 c2 00 4c 7d a1 e8 82 dd 43 ff 48 c7 c7 00 c6 7b a1 e8 c6 6a 44 ff e9 fe fc ff ff <0f> 0b e9 a5 fa ff ff 48 c7 c1 80 44 5d a0 80 e1 07 80 c1 03 38 c1
00022 RSP: 0018:ffffc90008f7f878 EFLAGS: 00010246
00022 RAX: 0000000000000000 RBX: ffff88813b314000 RCX: 0000000000000046
00022 RDX: 0000000000000000 RSI: ffff8881b53689e8 RDI: ffff88816ad62aa8
00022 RBP: ffff8881b5368958 R08: ffffffff83a16803 R09: 1ffffffff0742d00
00022 R10: dffffc0000000000 R11: fffffbfff0742d01 R12: ffff8881695cb030
00022 R13: dffffc0000000000 R14: 1ffff11027662800 R15: 1ffff1102d2b9642
00022 FS:  0000000000000000(0000) GS:ffff88831e92a000(0000) knlGS:0000000000000000
00022 CS:  0010 DS: 0000 ES: 0000 CR0: 0000000080050033
00022 CR2: 00005603f26e5840 CR3: 0000000004274000 CR4: 0000000000750eb0
00022 PKRU: 55555554
00022 Call Trace:
00022  <TASK>
00022  ? ofd_precreate_objects+0x1bd8/0x3220 [ofd]
00022  ? ofd_create_hdl+0x2015/0x3510 [ofd]
00022  </TASK>
00022  ? tgt_request_handle+0x23ad/0x3d30 [ptlrpc]
00022 
00022 ---[ end trace 0000000000000000 ]---
00022 RAX: 0000000000000000 RBX: ffff8881389b7c00 RCX: 0000000000000046
00022  ? ptlrpc_main+0x6359/0x96f0 [ptlrpc]
00022 ------------[ cut here ]------------
00022 RDX: 0000000000000000 RSI: ffff888197b13b90 RDI: ffff888109d309e8
00022 WARNING: /home/ktest/git/linux/include/linux/fs.h:889 at osd_create+0x9cf/0xcf0 [osd_wbcfs], CPU#8: ll_ost00_001/1961
00022  ? __kthread_parkme+0x73/0x130
00022  ? kthread+0x2cd/0x3a0
00022 RBP: ffff888197b13b00 R08: ffffffff83a16803 R09: 1ffffffff0742d00
00022 R10: dffffc0000000000 R11: fffffbfff0742d01 R12: ffff888192478830
00022 R13: dffffc0000000000 R14: 1ffff11027136f80 R15: 1ffff1103248f142
00022 FS:  0000000000000000(0000) GS:ffff88831e72a000(0000) knlGS:0000000000000000
00022 CS:  0010 DS: 0000 ES: 0000 CR0: 0000000080050033
00022 CR2: 0000559120d6c590 CR3: 0000000004274000 CR4: 0000000000750eb0
00022 PKRU: 55555554
00022 Call Trace:
00022  <TASK>
00022  ? ofd_precreate_objects+0x1bd8/0x3220 [ofd]
00022  ? ofd_create_hdl+0x2015/0x3510 [ofd]
00022 Modules linked in: ofd(O)
00022  ? tgt_request_handle+0x23ad/0x3d30 [ptlrpc]
00022  ? ptlrpc_start_thread+0x1f10/0x1f10 [ptlrpc]
00022  osp(O)
00022  ? kthread_unuse_mm+0x130/0x130
00022  ? ret_from_fork+0x18c/0x520
00022  ? kthread_unuse_mm+0x130/0x130
00022  ? ret_from_fork_asm+0x11/0x20
00022  </TASK>
00022 ---[ end trace 0000000000000000 ]---
00022 ------------[ cut here ]------------
00022 WARNING: /home/ktest/git/linux/include/linux/fs.h:889 at osd_create+0x9cf/0xcf0 [osd_wbcfs], CPU#10: ll_ost00_004/2010
00022 Modules linked in: ofd(O) osp(O) mdd(O) lod(O) mdt(O) lquota(O) lfsck(O) mgs(O) osd_wbcfs(O) lustre(O) obdecho(O) mgc(O) mdc(O) lov(O) osc(O) lmv(O) ec(O) fid(O) fld(O) ptlrpc(O) efivarfs obdclass(O) ksocklnd(O) lnet(O) libcfs(O)
00022 CPU: 10 UID: 0 PID: 2010 Comm: ll_ost00_004 Tainted: G        W  O        7.0.0-ktest-2b8c50a-6330a45-20260806-dirty #1 PREEMPT 
00022 Tainted: [W]=WARN, [O]=OOT_MODULE
00022 Hardware name: QEMU Standard PC (Q35 + ICH9, 2009), BIOS 2025.11-3ubuntu7 03/31/2026
00022 RIP: 0010:osd_create+0x9cf/0xcf0 [osd_wbcfs]
00022 Code: c7 c7 00 c6 7b a1 48 c7 c6 a0 42 7d a1 48 c7 c2 00 4c 7d a1 e8 82 dd 43 ff 48 c7 c7 00 c6 7b a1 e8 c6 6a 44 ff e9 fe fc ff ff <0f> 0b e9 a5 fa ff ff 48 c7 c1 80 44 5d a0 80 e1 07 80 c1 03 38 c1
00022 RSP: 0018:ffffc90008f7f878 EFLAGS: 00010246
00022 RAX: 0000000000000000 RBX: ffff88813b313c00 RCX: 0000000000000046
00022 RDX: 0000000000000000 RSI: ffff8881b53682d0 RDI: ffff88816ad62aa8
00022 RBP: ffff8881b5368240 R08: ffffffff83a16803 R09: 1ffffffff0742d00
00022 R10: dffffc0000000000 R11: fffffbfff0742d01 R12: ffff8881695cb030
00022 R13: dffffc0000000000 R14: 1ffff11027662780 R15: 1ffff1102d2b9642
00022 FS:  0000000000000000(0000) GS:ffff88831e92a000(0000) knlGS:0000000000000000
00022 CS:  0010 DS: 0000 ES: 0000 CR0: 0000000080050033
00022 CR2: 00005603f26e5840 CR3: 0000000004274000 CR4: 0000000000750eb0
00022 PKRU: 55555554
00022 Call Trace:
00022  <TASK>
00022  ? ofd_precreate_objects+0x1bd8/0x3220 [ofd]
00022  mdd(O)
00022  ? ofd_create_hdl+0x2015/0x3510 [ofd]
00022  ? ptlrpc_main+0x6359/0x96f0 [ptlrpc]
00022  lod(O) mdt(O)
00022  ? tgt_request_handle+0x23ad/0x3d30 [ptlrpc]
00022  ? __kthread_parkme+0x73/0x130
00022  lquota(O)
00022  ? kthread+0x2cd/0x3a0
00022  lfsck(O)
00022  ? ptlrpc_main+0x6359/0x96f0 [ptlrpc]
00022  ? ptlrpc_start_thread+0x1f10/0x1f10 [ptlrpc]
00022  mgs(O)
00022  ? kthread_unuse_mm+0x130/0x130
00022  ? ret_from_fork+0x18c/0x520
00022  ? kthread_unuse_mm+0x130/0x130
00022  ? ret_from_fork_asm+0x11/0x20
00022  </TASK>
00022 ---[ end trace 0000000000000000 ]---
00022 ------------[ cut here ]------------
00022 WARNING: /home/ktest/git/linux/include/linux/fs.h:889 at osd_create+0x9cf/0xcf0 [osd_wbcfs], CPU#6: ll_ost00_002/1962
00022 Modules linked in: ofd(O) osp(O) mdd(O) lod(O) mdt(O) lquota(O) lfsck(O) mgs(O) osd_wbcfs(O) lustre(O) obdecho(O) mgc(O) mdc(O) lov(O) osc(O) lmv(O) ec(O) fid(O) fld(O) ptlrpc(O) efivarfs obdclass(O) ksocklnd(O) lnet(O) libcfs(O)
00022 CPU: 6 UID: 0 PID: 1962 Comm: ll_ost00_002 Tainted: G        W  O        7.0.0-ktest-2b8c50a-6330a45-20260806-dirty #1 PREEMPT 
00022 Tainted: [W]=WARN, [O]=OOT_MODULE
00022 Hardware name: QEMU Standard PC (Q35 + ICH9, 2009), BIOS 2025.11-3ubuntu7 03/31/2026
00022 RIP: 0010:osd_create+0x9cf/0xcf0 [osd_wbcfs]
00022 Code: c7 c7 00 c6 7b a1 48 c7 c6 a0 42 7d a1 48 c7 c2 00 4c 7d a1 e8 82 dd 43 ff 48 c7 c7 00 c6 7b a1 e8 c6 6a 44 ff e9 fe fc ff ff <0f> 0b e9 a5 fa ff ff 48 c7 c1 80 44 5d a0 80 e1 07 80 c1 03 38 c1
00022 RSP: 0018:ffffc90001d47878 EFLAGS: 00010246
00022 RAX: 0000000000000000 RBX: ffff8881389b7800 RCX: 0000000000000046
00022 RDX: 0000000000000000 RSI: ffff888197b13478 RDI: ffff888109d309e8
00022 RBP: ffff888197b133e8 R08: ffffffff83a16803 R09: 1ffffffff0742d00
00022 R10: dffffc0000000000 R11: fffffbfff0742d01 R12: ffff888192478830
00022 R13: dffffc0000000000 R14: 1ffff11027136f00 R15: 1ffff1103248f142
00022 FS:  0000000000000000(0000) GS:ffff88831e72a000(0000) knlGS:0000000000000000
00022 CS:  0010 DS: 0000 ES: 0000 CR0: 0000000080050033
00022 CR2: 0000559120d6c590 CR3: 0000000004274000 CR4: 0000000000750eb0
00022 PKRU: 55555554
00022 Call Trace:
00022  <TASK>
00022  ? ofd_precreate_objects+0x1bd8/0x3220 [ofd]
00022  ? ofd_create_hdl+0x2015/0x3510 [ofd]
00022  ? __kthread_parkme+0x73/0x130
00022  ? kthread+0x2cd/0x3a0
00022  ? ptlrpc_start_thread+0x1f10/0x1f10 [ptlrpc]
00022  ? kthread_unuse_mm+0x130/0x130
00022  ? ret_from_fork+0x18c/0x520
00022  ? kthread_unuse_mm+0x130/0x130
00022  ? ret_from_fork_asm+0x11/0x20
00022  </TASK>
00022 ---[ end trace 0000000000000000 ]---
00022 ------------[ cut here ]------------
00022 WARNING: /home/ktest/git/linux/include/linux/fs.h:889 at osd_create+0x9cf/0xcf0 [osd_wbcfs], CPU#10: ll_ost00_004/2010
00022 Modules linked in: ofd(O) osp(O) mdd(O) lod(O) mdt(O) lquota(O) lfsck(O) mgs(O) osd_wbcfs(O) lustre(O) obdecho(O) mgc(O) mdc(O) lov(O) osc(O) lmv(O) ec(O) fid(O) fld(O) ptlrpc(O) efivarfs obdclass(O) ksocklnd(O) lnet(O) libcfs(O)
00022 CPU: 10 UID: 0 PID: 2010 Comm: ll_ost00_004 Tainted: G        W  O        7.0.0-ktest-2b8c50a-6330a45-20260806-dirty #1 PREEMPT 
00022 Tainted: [W]=WARN, [O]=OOT_MODULE
00022 Hardware name: QEMU Standard PC (Q35 + ICH9, 2009), BIOS 2025.11-3ubuntu7 03/31/2026
00022 RIP: 0010:osd_create+0x9cf/0xcf0 [osd_wbcfs]
00022 Code: c7 c7 00 c6 7b a1 48 c7 c6 a0 42 7d a1 48 c7 c2 00 4c 7d a1 e8 82 dd 43 ff 48 c7 c7 00 c6 7b a1 e8 c6 6a 44 ff e9 fe fc ff ff <0f> 0b e9 a5 fa ff ff 48 c7 c1 80 44 5d a0 80 e1 07 80 c1 03 38 c1
00022 RSP: 0018:ffffc90008f7f878 EFLAGS: 00010246
00022 RAX: 0000000000000000 RBX: ffff88813b313800 RCX: 0000000000000046
00022 RDX: 0000000000000000 RSI: ffff8881b53750d8 RDI: ffff88816ad62aa8
00022 RBP: ffff8881b5375048 R08: ffffffff83a16803 R09: 1ffffffff0742d00
00022 R10: dffffc0000000000 R11: fffffbfff0742d01 R12: ffff8881695cb030
00022 R13: dffffc0000000000 R14: 1ffff11027662700 R15: 1ffff1102d2b9642
00022 FS:  0000000000000000(0000) GS:ffff88831e92a000(0000) knlGS:0000000000000000
00022 CS:  0010 DS: 0000 ES: 0000 CR0: 0000000080050033
00022 CR2: 00005603f26e5840 CR3: 0000000004274000 CR4: 0000000000750eb0
00022 PKRU: 55555554
00022 Call Trace:
00022  <TASK>
00022  ? ofd_precreate_objects+0x1bd8/0x3220 [ofd]
00022  osd_wbcfs(O) lustre(O)
00022  ? ofd_create_hdl+0x2015/0x3510 [ofd]
00022  ? tgt_request_handle+0x23ad/0x3d30 [ptlrpc]
00022  obdecho(O)
00022  ? tgt_request_handle+0x23ad/0x3d30 [ptlrpc]
00022  ? ptlrpc_main+0x6359/0x96f0 [ptlrpc]
00022  ? ptlrpc_main+0x6359/0x96f0 [ptlrpc]
00022  ? __kthread_parkme+0x73/0x130
00022  ? kthread+0x2cd/0x3a0
00022  ? ptlrpc_start_thread+0x1f10/0x1f10 [ptlrpc]
00022  mgc(O) mdc(O) lov(O) osc(O) lmv(O) ec(O) fid(O) fld(O) ptlrpc(O) efivarfs obdclass(O)
00022  ? kthread_unuse_mm+0x130/0x130
00022  ? ret_from_fork+0x18c/0x520
00022  ? kthread_unuse_mm+0x130/0x130
00022  ? ret_from_fork_asm+0x11/0x20
00022  </TASK>
00022 ---[ end trace 0000000000000000 ]---
00022 ------------[ cut here ]------------
00022 WARNING: /home/ktest/git/linux/include/linux/fs.h:889 at osd_create+0x9cf/0xcf0 [osd_wbcfs], CPU#6: ll_ost00_002/1962
00022 Modules linked in: ofd(O) osp(O) mdd(O) lod(O) mdt(O) lquota(O) lfsck(O) mgs(O) osd_wbcfs(O) lustre(O) obdecho(O) mgc(O) mdc(O) lov(O) osc(O) lmv(O) ec(O) fid(O) fld(O) ptlrpc(O) efivarfs obdclass(O) ksocklnd(O) lnet(O) libcfs(O)
00022 CPU: 6 UID: 0 PID: 1962 Comm: ll_ost00_002 Tainted: G        W  O        7.0.0-ktest-2b8c50a-6330a45-20260806-dirty #1 PREEMPT 
00022 Tainted: [W]=WARN, [O]=OOT_MODULE
00022 Hardware name: QEMU Standard PC (Q35 + ICH9, 2009), BIOS 2025.11-3ubuntu7 03/31/2026
00022 RIP: 0010:osd_create+0x9cf/0xcf0 [osd_wbcfs]
00022  ? __kthread_parkme+0x73/0x130
00022  ? kthread+0x2cd/0x3a0
00022  ? ptlrpc_start_thread+0x1f10/0x1f10 [ptlrpc]
00022  ksocklnd(O)
00022  ? kthread_unuse_mm+0x130/0x130
00022  ? ret_from_fork+0x18c/0x520
00022  ? kthread_unuse_mm+0x130/0x130
00022  ? ret_from_fork_asm+0x11/0x20
00022  </TASK>
00022 ---[ end trace 0000000000000000 ]---
00022 ------------[ cut here ]------------
00022 Code: c7 c7 00 c6 7b a1 48 c7 c6 a0 42 7d a1 48 c7 c2 00 4c 7d a1 e8 82 dd 43 ff 48 c7 c7 00 c6 7b a1 e8 c6 6a 44 ff e9 fe fc ff ff <0f> 0b e9 a5 fa ff ff 48 c7 c1 80 44 5d a0 80 e1 07 80 c1 03 38 c1
00022 WARNING: /home/ktest/git/linux/include/linux/fs.h:889 at osd_create+0x9cf/0xcf0 [osd_wbcfs], CPU#10: ll_ost00_004/2010
00022 Modules linked in: ofd(O) osp(O) mdd(O) lod(O) mdt(O) lquota(O) lfsck(O) mgs(O) osd_wbcfs(O) lustre(O) obdecho(O) mgc(O) mdc(O) lov(O) osc(O) lmv(O) ec(O) fid(O) fld(O) ptlrpc(O) efivarfs obdclass(O) ksocklnd(O) lnet(O) libcfs(O)
00022 CPU: 10 UID: 0 PID: 2010 Comm: ll_ost00_004 Tainted: G        W  O        7.0.0-ktest-2b8c50a-6330a45-20260806-dirty #1 PREEMPT 
00022 Tainted: [W]=WARN, [O]=OOT_MODULE
00022 Hardware name: QEMU Standard PC (Q35 + ICH9, 2009), BIOS 2025.11-3ubuntu7 03/31/2026
00022 RIP: 0010:osd_create+0x9cf/0xcf0 [osd_wbcfs]
00022 Code: c7 c7 00 c6 7b a1 48 c7 c6 a0 42 7d a1 48 c7 c2 00 4c 7d a1 e8 82 dd 43 ff 48 c7 c7 00 c6 7b a1 e8 c6 6a 44 ff e9 fe fc ff ff <0f> 0b e9 a5 fa ff ff 48 c7 c1 80 44 5d a0 80 e1 07 80 c1 03 38 c1
00022 RSP: 0018:ffffc90008f7f878 EFLAGS: 00010246
00022 RAX: 0000000000000000 RBX: ffff88813b313400 RCX: 0000000000000046
00022 RDX: 0000000000000000 RSI: ffff8881b53749c0 RDI: ffff88816ad62aa8
00022 RBP: ffff8881b5374930 R08: ffffffff83a16803 R09: 1ffffffff0742d00
00022 R10: dffffc0000000000 R11: fffffbfff0742d01 R12: ffff8881695cb030
00022 R13: dffffc0000000000 R14: 1ffff11027662680 R15: 1ffff1102d2b9642
00022 FS:  0000000000000000(0000) GS:ffff88831e92a000(0000) knlGS:0000000000000000
00022 CS:  0010 DS: 0000 ES: 0000 CR0: 0000000080050033
00022 CR2: 00005603f26e5840 CR3: 0000000004274000 CR4: 0000000000750eb0
00022 PKRU: 55555554
00022 Call Trace:
00022  <TASK>
00022  ? ofd_precreate_objects+0x1bd8/0x3220 [ofd]
00022  ? ofd_create_hdl+0x2015/0x3510 [ofd]
00022  lnet(O) libcfs(O)
00022  ? tgt_request_handle+0x23ad/0x3d30 [ptlrpc]
00022 RSP: 0018:ffffc90001d47878 EFLAGS: 00010246
00022 
00022  ? ptlrpc_main+0x6359/0x96f0 [ptlrpc]
00022 
00022  ? __kthread_parkme+0x73/0x130
00022  ? kthread+0x2cd/0x3a0
00022 CPU: 8 UID: 0 PID: 1961 Comm: ll_ost00_001 Tainted: G        W  O        7.0.0-ktest-2b8c50a-6330a45-20260806-dirty #1 PREEMPT 
00022  ? ptlrpc_start_thread+0x1f10/0x1f10 [ptlrpc]
00022 RAX: 0000000000000000 RBX: ffff8881389b6000 RCX: 0000000000000046
00022 Tainted: [W]=WARN, [O]=OOT_MODULE
00022  ? kthread_unuse_mm+0x130/0x130
00022  ? ret_from_fork+0x18c/0x520
00022  ? kthread_unuse_mm+0x130/0x130
00022  ? ret_from_fork_asm+0x11/0x20
00022 RDX: 0000000000000000 RSI: ffff888197b12d60 RDI: ffff888109d309e8
00022  </TASK>
00022 ---[ end trace 0000000000000000 ]---
00022 ------------[ cut here ]------------
00022 Hardware name: QEMU Standard PC (Q35 + ICH9, 2009), BIOS 2025.11-3ubuntu7 03/31/2026
00022 WARNING: /home/ktest/git/linux/include/linux/fs.h:889 at osd_create+0x9cf/0xcf0 [osd_wbcfs], CPU#10: ll_ost00_004/2010
00022 Modules linked in: ofd(O) osp(O) mdd(O) lod(O) mdt(O) lquota(O) lfsck(O) mgs(O) osd_wbcfs(O) lustre(O) obdecho(O) mgc(O) mdc(O) lov(O) osc(O) lmv(O) ec(O) fid(O) fld(O) ptlrpc(O) efivarfs obdclass(O) ksocklnd(O) lnet(O) libcfs(O)
00022 CPU: 10 UID: 0 PID: 2010 Comm: ll_ost00_004 Tainted: G        W  O        7.0.0-ktest-2b8c50a-6330a45-20260806-dirty #1 PREEMPT 
00022 Tainted: [W]=WARN, [O]=OOT_MODULE
00022 Hardware name: QEMU Standard PC (Q35 + ICH9, 2009), BIOS 2025.11-3ubuntu7 03/31/2026
00022 RIP: 0010:osd_create+0x9cf/0xcf0 [osd_wbcfs]
00022 Code: c7 c7 00 c6 7b a1 48 c7 c6 a0 42 7d a1 48 c7 c2 00 4c 7d a1 e8 82 dd 43 ff 48 c7 c7 00 c6 7b a1 e8 c6 6a 44 ff e9 fe fc ff ff <0f> 0b e9 a5 fa ff ff 48 c7 c1 80 44 5d a0 80 e1 07 80 c1 03 38 c1
00022 RSP: 0018:ffffc90008f7f878 EFLAGS: 00010246
00022 RAX: 0000000000000000 RBX: ffff88813b313000 RCX: 0000000000000046
00022 RDX: 0000000000000000 RSI: ffff8881b53742a8 RDI: ffff88816ad62aa8
00022 RBP: ffff8881b5374218 R08: ffffffff83a16803 R09: 1ffffffff0742d00
00022 R10: dffffc0000000000 R11: fffffbfff0742d01 R12: ffff8881695cb030
00022 R13: dffffc0000000000 R14: 1ffff11027662600 R15: 1ffff1102d2b9642
00022 FS:  0000000000000000(0000) GS:ffff88831e92a000(0000) knlGS:0000000000000000
00022 CS:  0010 DS: 0000 ES: 0000 CR0: 0000000080050033
00022 CR2: 00005603f26e5840 CR3: 0000000004274000 CR4: 0000000000750eb0
00022 PKRU: 55555554
00022 Call Trace:
00022  <TASK>
00022 RBP: ffff888197b12cd0 R08: ffffffff83a16803 R09: 1ffffffff0742d00
00022  ? ofd_precreate_objects+0x1bd8/0x3220 [ofd]
00022 RIP: 0010:osd_create+0x9cf/0xcf0 [osd_wbcfs]
00022  ? ofd_create_hdl+0x2015/0x3510 [ofd]
00022 R10: dffffc0000000000 R11: fffffbfff0742d01 R12: ffff888192478830
00022 Code: c7 c7 00 c6 7b a1 48 c7 c6 a0 42 7d a1 48 c7 c2 00 4c 7d a1 e8 82 dd 43 ff 48 c7 c7 00 c6 7b a1 e8 c6 6a 44 ff e9 fe fc ff ff <0f> 0b e9 a5 fa ff ff 48 c7 c1 80 44 5d a0 80 e1 07 80 c1 03 38 c1
00022  ? tgt_request_handle+0x23ad/0x3d30 [ptlrpc]
00022 R13: dffffc0000000000 R14: 1ffff11027136c00 R15: 1ffff1103248f142
00022 RSP: 0018:ffffc90001d57878 EFLAGS: 00010246
00022 FS:  0000000000000000(0000) GS:ffff88831e72a000(0000) knlGS:0000000000000000
00022  ? ptlrpc_main+0x6359/0x96f0 [ptlrpc]
00022 
00022 CS:  0010 DS: 0000 ES: 0000 CR0: 0000000080050033
00022 RAX: 0000000000000000 RBX: ffff8881390d2400 RCX: 0000000000000046
00022  ? __kthread_parkme+0x73/0x130
00022  ? kthread+0x2cd/0x3a0
00022 CR2: 0000559120d6c590 CR3: 0000000004274000 CR4: 0000000000750eb0
00022  ? ptlrpc_start_thread+0x1f10/0x1f10 [ptlrpc]
00022 RDX: 0000000000000000 RSI: ffff8881078e57f0 RDI: ffff888109d4aaa8
00022 PKRU: 55555554
00022  ? kthread_unuse_mm+0x130/0x130
00022  ? ret_from_fork+0x18c/0x520
00022  ? kthread_unuse_mm+0x130/0x130
00022  ? ret_from_fork_asm+0x11/0x20
00022 RBP: ffff8881078e5760 R08: ffffffff83a16803 R09: 1ffffffff0742d00
00022  </TASK>
00022 ---[ end trace 0000000000000000 ]---
00022 ------------[ cut here ]------------
00022 WARNING: /home/ktest/git/linux/include/linux/fs.h:889 at osd_create+0x9cf/0xcf0 [osd_wbcfs], CPU#10: ll_ost00_004/2010
00022 Modules linked in: ofd(O) osp(O) mdd(O) lod(O) mdt(O) lquota(O) lfsck(O) mgs(O) osd_wbcfs(O) lustre(O) obdecho(O) mgc(O) mdc(O) lov(O) osc(O) lmv(O) ec(O) fid(O) fld(O) ptlrpc(O) efivarfs obdclass(O) ksocklnd(O) lnet(O) libcfs(O)
00022 CPU: 10 UID: 0 PID: 2010 Comm: ll_ost00_004 Tainted: G        W  O        7.0.0-ktest-2b8c50a-6330a45-20260806-dirty #1 PREEMPT 
00022 Tainted: [W]=WARN, [O]=OOT_MODULE
00022 Hardware name: QEMU Standard PC (Q35 + ICH9, 2009), BIOS 2025.11-3ubuntu7 03/31/2026
00022 RIP: 0010:osd_create+0x9cf/0xcf0 [osd_wbcfs]
00022 Code: c7 c7 00 c6 7b a1 48 c7 c6 a0 42 7d a1 48 c7 c2 00 4c 7d a1 e8 82 dd 43 ff 48 c7 c7 00 c6 7b a1 e8 c6 6a 44 ff e9 fe fc ff ff <0f> 0b e9 a5 fa ff ff 48 c7 c1 80 44 5d a0 80 e1 07 80 c1 03 38 c1
00022 RSP: 0018:ffffc90008f7f878 EFLAGS: 00010246
00022 RAX: 0000000000000000 RBX: ffff88813b312c00 RCX: 0000000000000046
00022 RDX: 0000000000000000 RSI: ffff8881b5373b90 RDI: ffff88816ad62aa8
00022 RBP: ffff8881b5373b00 R08: ffffffff83a16803 R09: 1ffffffff0742d00
00022 Call Trace:
00022  <TASK>
00022  ? ofd_precreate_objects+0x1bd8/0x3220 [ofd]
00022  ? ofd_create_hdl+0x2015/0x3510 [ofd]
00022 R10: dffffc0000000000 R11: fffffbfff0742d01 R12: ffff8881ae1b2830
00022 R10: dffffc0000000000 R11: fffffbfff0742d01 R12: ffff8881695cb030
00022  ? tgt_request_handle+0x23ad/0x3d30 [ptlrpc]
00022 R13: dffffc0000000000 R14: 1ffff1102721a480 R15: 1ffff11035c36542
00022 R13: dffffc0000000000 R14: 1ffff11027662580 R15: 1ffff1102d2b9642
00022 FS:  0000000000000000(0000) GS:ffff88831e82a000(0000) knlGS:0000000000000000
00022  ? ptlrpc_main+0x6359/0x96f0 [ptlrpc]
00022 FS:  0000000000000000(0000) GS:ffff88831e92a000(0000) knlGS:0000000000000000
00022  ? __kthread_parkme+0x73/0x130
00022  ? kthread+0x2cd/0x3a0
00022  ? ptlrpc_start_thread+0x1f10/0x1f10 [ptlrpc]
00022 CS:  0010 DS: 0000 ES: 0000 CR0: 0000000080050033
00022  ? kthread_unuse_mm+0x130/0x130
00022  ? ret_from_fork+0x18c/0x520
00022  ? kthread_unuse_mm+0x130/0x130
00022  ? ret_from_fork_asm+0x11/0x20
00022  </TASK>
00022 ---[ end trace 0000000000000000 ]---
00022 CS:  0010 DS: 0000 ES: 0000 CR0: 0000000080050033
00022 ------------[ cut here ]------------
00022 WARNING: /home/ktest/git/linux/include/linux/fs.h:889 at osd_create+0x9cf/0xcf0 [osd_wbcfs], CPU#6: ll_ost00_002/1962
00022 Modules linked in: ofd(O) osp(O) mdd(O) lod(O) mdt(O) lquota(O) lfsck(O) mgs(O) osd_wbcfs(O) lustre(O) obdecho(O) mgc(O) mdc(O) lov(O) osc(O) lmv(O) ec(O) fid(O) fld(O) ptlrpc(O) efivarfs obdclass(O) ksocklnd(O) lnet(O) libcfs(O)
00022 CPU: 6 UID: 0 PID: 1962 Comm: ll_ost00_002 Tainted: G        W  O        7.0.0-ktest-2b8c50a-6330a45-20260806-dirty #1 PREEMPT 
00022 Tainted: [W]=WARN, [O]=OOT_MODULE
00022 Hardware name: QEMU Standard PC (Q35 + ICH9, 2009), BIOS 2025.11-3ubuntu7 03/31/2026
00022 RIP: 0010:osd_create+0x9cf/0xcf0 [osd_wbcfs]
00022 Code: c7 c7 00 c6 7b a1 48 c7 c6 a0 42 7d a1 48 c7 c2 00 4c 7d a1 e8 82 dd 43 ff 48 c7 c7 00 c6 7b a1 e8 c6 6a 44 ff e9 fe fc ff ff <0f> 0b e9 a5 fa ff ff 48 c7 c1 80 44 5d a0 80 e1 07 80 c1 03 38 c1
00022 RSP: 0018:ffffc90001d47878 EFLAGS: 00010246
00022 RAX: 0000000000000000 RBX: ffff8881389b5c00 RCX: 0000000000000046
00022 RDX: 0000000000000000 RSI: ffff8881b5112648 RDI: ffff888109d309e8
00022 RBP: ffff8881b51125b8 R08: ffffffff83a16803 R09: 1ffffffff0742d00
00022 R10: dffffc0000000000 R11: fffffbfff0742d01 R12: ffff888192478830
00022 R13: dffffc0000000000 R14: 1ffff11027136b80 R15: 1ffff1103248f142
00022 CR2: 000055d83c47af00 CR3: 0000000197f8d000 CR4: 0000000000750eb0
00022 FS:  0000000000000000(0000) GS:ffff88831e72a000(0000) knlGS:0000000000000000
00022 CS:  0010 DS: 0000 ES: 0000 CR0: 0000000080050033
00022 CR2: 0000559120d6c590 CR3: 0000000004274000 CR4: 0000000000750eb0
00022 PKRU: 55555554
00022 Call Trace:
00022  <TASK>
00022  ? ofd_precreate_objects+0x1bd8/0x3220 [ofd]
00022  ? ofd_create_hdl+0x2015/0x3510 [ofd]
00022 CR2: 00005603f26e5840 CR3: 0000000004274000 CR4: 0000000000750eb0
00022 PKRU: 55555554
00022  ? tgt_request_handle+0x23ad/0x3d30 [ptlrpc]
00022 PKRU: 55555554
00022 Call Trace:
00022  ? ptlrpc_main+0x6359/0x96f0 [ptlrpc]
00022 Call Trace:
00022  ? __kthread_parkme+0x73/0x130
00022  ? kthread+0x2cd/0x3a0
00022  ? ptlrpc_start_thread+0x1f10/0x1f10 [ptlrpc]
00022  <TASK>
00022  ? kthread_unuse_mm+0x130/0x130
00022  ? ret_from_fork+0x18c/0x520
00022  ? kthread_unuse_mm+0x130/0x130
00022  ? ret_from_fork_asm+0x11/0x20
00022  </TASK>
00022 ---[ end trace 0000000000000000 ]---
00022 ------------[ cut here ]------------
00022 WARNING: /home/ktest/git/linux/include/linux/fs.h:889 at osd_create+0x9cf/0xcf0 [osd_wbcfs], CPU#6: ll_ost00_002/1962
00022 Modules linked in: ofd(O) osp(O) mdd(O) lod(O) mdt(O) lquota(O) lfsck(O) mgs(O) osd_wbcfs(O) lustre(O) obdecho(O) mgc(O) mdc(O) lov(O) osc(O) lmv(O) ec(O) fid(O) fld(O) ptlrpc(O) efivarfs obdclass(O) ksocklnd(O) lnet(O) libcfs(O)
00022 CPU: 6 UID: 0 PID: 1962 Comm: ll_ost00_002 Tainted: G        W  O        7.0.0-ktest-2b8c50a-6330a45-20260806-dirty #1 PREEMPT 
00022 Tainted: [W]=WARN, [O]=OOT_MODULE
00022 Hardware name: QEMU Standard PC (Q35 + ICH9, 2009), BIOS 2025.11-3ubuntu7 03/31/2026
00022 RIP: 0010:osd_create+0x9cf/0xcf0 [osd_wbcfs]
00022 Code: c7 c7 00 c6 7b a1 48 c7 c6 a0 42 7d a1 48 c7 c2 00 4c 7d a1 e8 82 dd 43 ff 48 c7 c7 00 c6 7b a1 e8 c6 6a 44 ff e9 fe fc ff ff <0f> 0b e9 a5 fa ff ff 48 c7 c1 80 44 5d a0 80 e1 07 80 c1 03 38 c1
00022 RSP: 0018:ffffc90001d47878 EFLAGS: 00010246
00022 RAX: 0000000000000000 RBX: ffff8881389b5400 RCX: 0000000000000046
00022 RDX: 0000000000000000 RSI: ffff8881b5111f30 RDI: ffff888109d309e8
00022 RBP: ffff8881b5111ea0 R08: ffffffff83a16803 R09: 1ffffffff0742d00
00022 R10: dffffc0000000000 R11: fffffbfff0742d01 R12: ffff888192478830
00022 R13: dffffc0000000000 R14: 1ffff11027136a80 R15: 1ffff1103248f142
00022 FS:  0000000000000000(0000) GS:ffff88831e72a000(0000) knlGS:0000000000000000
00022 CS:  0010 DS: 0000 ES: 0000 CR0: 0000000080050033
00022 CR2: 0000559120d6c590 CR3: 0000000004274000 CR4: 0000000000750eb0
00022 PKRU: 55555554
00022 Call Trace:
00022  <TASK>
00022  ? ofd_precreate_objects+0x1bd8/0x3220 [ofd]
00022  ? ofd_create_hdl+0x2015/0x3510 [ofd]
00022  ? tgt_request_handle+0x23ad/0x3d30 [ptlrpc]
00022  <TASK>
00022  ? ptlrpc_main+0x6359/0x96f0 [ptlrpc]
00022  ? __kthread_parkme+0x73/0x130
00022  ? kthread+0x2cd/0x3a0
00022  ? ofd_precreate_objects+0x1bd8/0x3220 [ofd]
00022  ? ptlrpc_start_thread+0x1f10/0x1f10 [ptlrpc]
00022  ? ofd_precreate_objects+0x1bd8/0x3220 [ofd]
00022  ? ofd_create_hdl+0x2015/0x3510 [ofd]
00022  ? ofd_create_hdl+0x2015/0x3510 [ofd]
00022  ? tgt_request_handle+0x23ad/0x3d30 [ptlrpc]
00022  ? kthread_unuse_mm+0x130/0x130
00022  ? ptlrpc_main+0x6359/0x96f0 [ptlrpc]
00022  ? tgt_request_handle+0x23ad/0x3d30 [ptlrpc]
00022  ? __kthread_parkme+0x73/0x130
00022  ? kthread+0x2cd/0x3a0
00022  ? ret_from_fork+0x18c/0x520
00022  ? ptlrpc_start_thread+0x1f10/0x1f10 [ptlrpc]
00022  ? ptlrpc_main+0x6359/0x96f0 [ptlrpc]
00022  ? kthread_unuse_mm+0x130/0x130
00022  ? kthread_unuse_mm+0x130/0x130
00022  ? __kthread_parkme+0x73/0x130
00022  ? ret_from_fork_asm+0x11/0x20
00022  ? kthread+0x2cd/0x3a0
00022  ? ptlrpc_start_thread+0x1f10/0x1f10 [ptlrpc]
00022  ? ret_from_fork+0x18c/0x520
00022  ? kthread_unuse_mm+0x130/0x130
00022  ? ret_from_fork+0x18c/0x520
00022  ? kthread_unuse_mm+0x130/0x130
00022  ? ret_from_fork_asm+0x11/0x20
00022  </TASK>
00022 ---[ end trace 0000000000000000 ]---
00022 ------------[ cut here ]------------
00022 WARNING: /home/ktest/git/linux/include/linux/fs.h:889 at osd_create+0x9cf/0xcf0 [osd_wbcfs], CPU#10: ll_ost00_004/2010
00022 Modules linked in: ofd(O) osp(O) mdd(O) lod(O) mdt(O) lquota(O) lfsck(O) mgs(O) osd_wbcfs(O)
00022  </TASK>
00022 ---[ end trace 0000000000000000 ]---
00022 ------------[ cut here ]------------
00022 WARNING: /home/ktest/git/linux/include/linux/fs.h:889 at osd_create+0x9cf/0xcf0 [osd_wbcfs], CPU#6: ll_ost00_002/1962
00022  ? kthread_unuse_mm+0x130/0x130
00022 Modules linked in: ofd(O) osp(O) mdd(O) lod(O) mdt(O) lquota(O) lfsck(O) mgs(O) osd_wbcfs(O) lustre(O) obdecho(O) mgc(O) mdc(O) lov(O) osc(O) lmv(O) ec(O) fid(O) fld(O) ptlrpc(O) efivarfs obdclass(O) ksocklnd(O) lnet(O) libcfs(O)
00022 CPU: 6 UID: 0 PID: 1962 Comm: ll_ost00_002 Tainted: G        W  O        7.0.0-ktest-2b8c50a-6330a45-20260806-dirty #1 PREEMPT 
00022 Tainted: [W]=WARN, [O]=OOT_MODULE
00022 Hardware name: QEMU Standard PC (Q35 + ICH9, 2009), BIOS 2025.11-3ubuntu7 03/31/2026
00022  lustre(O)
00022 RIP: 0010:osd_create+0x9cf/0xcf0 [osd_wbcfs]
00022 Code: c7 c7 00 c6 7b a1 48 c7 c6 a0 42 7d a1 48 c7 c2 00 4c 7d a1 e8 82 dd 43 ff 48 c7 c7 00 c6 7b a1 e8 c6 6a 44 ff e9 fe fc ff ff <0f> 0b e9 a5 fa ff ff 48 c7 c1 80 44 5d a0 80 e1 07 80 c1 03 38 c1
00022 RSP: 0018:ffffc90001d47878 EFLAGS: 00010246
00022 RAX: 0000000000000000 RBX: ffff8881389b5000 RCX: 0000000000000046
00022 RDX: 0000000000000000 RSI: ffff8881b5111818 RDI: ffff888109d309e8
00022 RBP: ffff8881b5111788 R08: ffffffff83a16803 R09: 1ffffffff0742d00
00022 R10: dffffc0000000000 R11: fffffbfff0742d01 R12: ffff888192478830
00022 R13: dffffc0000000000 R14: 1ffff11027136a00 R15: 1ffff1103248f142
00022 FS:  0000000000000000(0000) GS:ffff88831e72a000(0000) knlGS:0000000000000000
00022 CS:  0010 DS: 0000 ES: 0000 CR0: 0000000080050033
00022 CR2: 0000559120d6c590 CR3: 0000000004274000 CR4: 0000000000750eb0
00022 PKRU: 55555554
00022 Call Trace:
00022  <TASK>
00022  ? ret_from_fork_asm+0x11/0x20
00022  ? ofd_precreate_objects+0x1bd8/0x3220 [ofd]
00022  ? ofd_create_hdl+0x2015/0x3510 [ofd]
00022  obdecho(O)
00022  </TASK>
00022  ? tgt_request_handle+0x23ad/0x3d30 [ptlrpc]
00022  mgc(O)
00022 ---[ end trace 0000000000000000 ]---
00022  mdc(O)
00022  ? ptlrpc_main+0x6359/0x96f0 [ptlrpc]
00022 ------------[ cut here ]------------
00022  lov(O)
00022  ? __kthread_parkme+0x73/0x130
00022  ? kthread+0x2cd/0x3a0
00022 WARNING: /home/ktest/git/linux/include/linux/fs.h:889 at osd_create+0x9cf/0xcf0 [osd_wbcfs], CPU#8: ll_ost00_001/1961
00022  osc(O) lmv(O)
00022  ? ptlrpc_start_thread+0x1f10/0x1f10 [ptlrpc]
00022 Modules linked in:
00022  ec(O)
00022  ? kthread_unuse_mm+0x130/0x130
00022  ? ret_from_fork+0x18c/0x520
00022  ? kthread_unuse_mm+0x130/0x130
00022  ? ret_from_fork_asm+0x11/0x20
00022  </TASK>
00022 ---[ end trace 0000000000000000 ]---
00022 ------------[ cut here ]------------
00022 WARNING: /home/ktest/git/linux/include/linux/fs.h:889 at osd_create+0x9cf/0xcf0 [osd_wbcfs], CPU#6: ll_ost00_002/1962
00022  ofd(O)
00022 Modules linked in: ofd(O) osp(O) mdd(O) lod(O) mdt(O) lquota(O) lfsck(O) mgs(O) osd_wbcfs(O) lustre(O) obdecho(O) mgc(O) mdc(O) lov(O) osc(O) lmv(O) ec(O) fid(O) fld(O) ptlrpc(O) efivarfs obdclass(O) ksocklnd(O) lnet(O) libcfs(O)
00022 CPU: 6 UID: 0 PID: 1962 Comm: ll_ost00_002 Tainted: G        W  O        7.0.0-ktest-2b8c50a-6330a45-20260806-dirty #1 PREEMPT 
00022 Tainted: [W]=WARN, [O]=OOT_MODULE
00022 Hardware name: QEMU Standard PC (Q35 + ICH9, 2009), BIOS 2025.11-3ubuntu7 03/31/2026
00022 RIP: 0010:osd_create+0x9cf/0xcf0 [osd_wbcfs]
00022 Code: c7 c7 00 c6 7b a1 48 c7 c6 a0 42 7d a1 48 c7 c2 00 4c 7d a1 e8 82 dd 43 ff 48 c7 c7 00 c6 7b a1 e8 c6 6a 44 ff e9 fe fc ff ff <0f> 0b e9 a5 fa ff ff 48 c7 c1 80 44 5d a0 80 e1 07 80 c1 03 38 c1
00022 RSP: 0018:ffffc90001d47878 EFLAGS: 00010246
00022 RAX: 0000000000000000 RBX: ffff8881389b6c00 RCX: 0000000000000046
00022 RDX: 0000000000000000 RSI: ffff8881b5111100 RDI: ffff888109d309e8
00022 RBP: ffff8881b5111070 R08: ffffffff83a16803 R09: 1ffffffff0742d00
00022 R10: dffffc0000000000 R11: fffffbfff0742d01 R12: ffff888192478830
00022 R13: dffffc0000000000 R14: 1ffff11027136d80 R15: 1ffff1103248f142
00022 FS:  0000000000000000(0000) GS:ffff88831e72a000(0000) knlGS:0000000000000000
00022 CS:  0010 DS: 0000 ES: 0000 CR0: 0000000080050033
00022 CR2: 0000559120d6c590 CR3: 0000000004274000 CR4: 0000000000750eb0
00022 PKRU: 55555554
00022 Call Trace:
00022  <TASK>
00022  ? ofd_precreate_objects+0x1bd8/0x3220 [ofd]
00022  fid(O)
00022  ? ofd_create_hdl+0x2015/0x3510 [ofd]
00022  osp(O)
00022  fld(O)
00022  ? tgt_request_handle+0x23ad/0x3d30 [ptlrpc]
00022  mdd(O)
00022  ptlrpc(O)
00022  lod(O)
00022  ? ptlrpc_main+0x6359/0x96f0 [ptlrpc]
00022  efivarfs
00022  ? __kthread_parkme+0x73/0x130
00022  ? kthread+0x2cd/0x3a0
00022  mdt(O) lquota(O)
00022  ? ptlrpc_start_thread+0x1f10/0x1f10 [ptlrpc]
00022  ? kthread_unuse_mm+0x130/0x130
00022  ? ret_from_fork+0x18c/0x520
00022  ? kthread_unuse_mm+0x130/0x130
00022  ? ret_from_fork_asm+0x11/0x20
00022  obdclass(O)
00022  </TASK>
00022 ---[ end trace 0000000000000000 ]---
00022 ------------[ cut here ]------------
00022 WARNING: /home/ktest/git/linux/include/linux/fs.h:889 at osd_create+0x9cf/0xcf0 [osd_wbcfs], CPU#6: ll_ost00_002/1962
00022 Modules linked in: ofd(O) osp(O) mdd(O) lod(O) mdt(O) lquota(O) lfsck(O) mgs(O) osd_wbcfs(O) lustre(O) obdecho(O) mgc(O) mdc(O) lov(O) osc(O) lmv(O) ec(O) fid(O) fld(O) ptlrpc(O) efivarfs obdclass(O) ksocklnd(O) lnet(O) libcfs(O)
00022 CPU: 6 UID: 0 PID: 1962 Comm: ll_ost00_002 Tainted: G        W  O        7.0.0-ktest-2b8c50a-6330a45-20260806-dirty #1 PREEMPT 
00022 Tainted: [W]=WARN, [O]=OOT_MODULE
00022 Hardware name: QEMU Standard PC (Q35 + ICH9, 2009), BIOS 2025.11-3ubuntu7 03/31/2026
00022 RIP: 0010:osd_create+0x9cf/0xcf0 [osd_wbcfs]
00022 Code: c7 c7 00 c6 7b a1 48 c7 c6 a0 42 7d a1 48 c7 c2 00 4c 7d a1 e8 82 dd 43 ff 48 c7 c7 00 c6 7b a1 e8 c6 6a 44 ff e9 fe fc ff ff <0f> 0b e9 a5 fa ff ff 48 c7 c1 80 44 5d a0 80 e1 07 80 c1 03 38 c1
00022 RSP: 0018:ffffc90001d47878 EFLAGS: 00010246
00022 RAX: 0000000000000000 RBX: ffff8881389b1c00 RCX: 0000000000000046
00022 RDX: 0000000000000000 RSI: ffff8881b51109e8 RDI: ffff888109d309e8
00022 RBP: ffff8881b5110958 R08: ffffffff83a16803 R09: 1ffffffff0742d00
00022 R10: dffffc0000000000 R11: fffffbfff0742d01 R12: ffff888192478830
00022 R13: dffffc0000000000 R14: 1ffff11027136380 R15: 1ffff1103248f142
00022 FS:  0000000000000000(0000) GS:ffff88831e72a000(0000) knlGS:0000000000000000
00022 CS:  0010 DS: 0000 ES: 0000 CR0: 0000000080050033
00022 CR2: 0000559120d6c590 CR3: 0000000004274000 CR4: 0000000000750eb0
00022  lfsck(O)
00022 PKRU: 55555554
00022 Call Trace:
00022  <TASK>
00022  ? ofd_precreate_objects+0x1bd8/0x3220 [ofd]
00022  ? ofd_create_hdl+0x2015/0x3510 [ofd]
00022  ksocklnd(O)
00022  mgs(O)
00022  lnet(O)
00022  ? tgt_request_handle+0x23ad/0x3d30 [ptlrpc]
00022  osd_wbcfs(O)
00022  libcfs(O)
00022  ? ptlrpc_main+0x6359/0x96f0 [ptlrpc]
00022  lustre(O)
00022  ? __kthread_parkme+0x73/0x130
00022  ? kthread+0x2cd/0x3a0
00022  ? ptlrpc_start_thread+0x1f10/0x1f10 [ptlrpc]
00022 
00022 CPU: 10 UID: 0 PID: 2010 Comm: ll_ost00_004 Tainted: G        W  O        7.0.0-ktest-2b8c50a-6330a45-20260806-dirty #1 PREEMPT 
00022  ? kthread_unuse_mm+0x130/0x130
00022  ? ret_from_fork+0x18c/0x520
00022  ? kthread_unuse_mm+0x130/0x130
00022  ? ret_from_fork_asm+0x11/0x20
00022  </TASK>
00022 ---[ end trace 0000000000000000 ]---
00022 ------------[ cut here ]------------
00022 WARNING: /home/ktest/git/linux/include/linux/fs.h:889 at osd_create+0x9cf/0xcf0 [osd_wbcfs], CPU#6: ll_ost00_002/1962
00022 Modules linked in: ofd(O) osp(O) mdd(O) lod(O) mdt(O) lquota(O) lfsck(O) mgs(O) osd_wbcfs(O) lustre(O) obdecho(O) mgc(O) mdc(O) lov(O) osc(O) lmv(O) ec(O) fid(O) fld(O) ptlrpc(O) efivarfs obdclass(O) ksocklnd(O) lnet(O) libcfs(O)
00022 CPU: 6 UID: 0 PID: 1962 Comm: ll_ost00_002 Tainted: G        W  O        7.0.0-ktest-2b8c50a-6330a45-20260806-dirty #1 PREEMPT 
00022 Tainted: [W]=WARN, [O]=OOT_MODULE
00022 Hardware name: QEMU Standard PC (Q35 + ICH9, 2009), BIOS 2025.11-3ubuntu7 03/31/2026
00022 RIP: 0010:osd_create+0x9cf/0xcf0 [osd_wbcfs]
00022 Code: c7 c7 00 c6 7b a1 48 c7 c6 a0 42 7d a1 48 c7 c2 00 4c 7d a1 e8 82 dd 43 ff 48 c7 c7 00 c6 7b a1 e8 c6 6a 44 ff e9 fe fc ff ff <0f> 0b e9 a5 fa ff ff 48 c7 c1 80 44 5d a0 80 e1 07 80 c1 03 38 c1
00022 RSP: 0018:ffffc90001d47878 EFLAGS: 00010246
00022 RAX: 0000000000000000 RBX: ffff8881389d1400 RCX: 0000000000000046
00022 RDX: 0000000000000000 RSI: ffff8881b51102d0 RDI: ffff888109d309e8
00022 RBP: ffff8881b5110240 R08: ffffffff83a16803 R09: 1ffffffff0742d00
00022 R10: dffffc0000000000 R11: fffffbfff0742d01 R12: ffff888192478830
00022 R13: dffffc0000000000 R14: 1ffff1102713a280 R15: 1ffff1103248f142
00022 FS:  0000000000000000(0000) GS:ffff88831e72a000(0000) knlGS:0000000000000000
00022 CS:  0010 DS: 0000 ES: 0000 CR0: 0000000080050033
00022 CR2: 0000559120d6c590 CR3: 0000000004274000 CR4: 0000000000750eb0
00022 PKRU: 55555554
00022 Call Trace:
00022  <TASK>
00022  ? ofd_precreate_objects+0x1bd8/0x3220 [ofd]
00022  ? ofd_create_hdl+0x2015/0x3510 [ofd]
00022  ? tgt_request_handle+0x23ad/0x3d30 [ptlrpc]
00022  obdecho(O)
00022  ? ptlrpc_main+0x6359/0x96f0 [ptlrpc]
00022 Tainted: [W]=WARN, [O]=OOT_MODULE
00022  ? __kthread_parkme+0x73/0x130
00022  ? kthread+0x2cd/0x3a0
00022  mgc(O)
00022  ? ptlrpc_start_thread+0x1f10/0x1f10 [ptlrpc]
00022 Hardware name: QEMU Standard PC (Q35 + ICH9, 2009), BIOS 2025.11-3ubuntu7 03/31/2026
00022  ? kthread_unuse_mm+0x130/0x130
00022  ? ret_from_fork+0x18c/0x520
00022  ? kthread_unuse_mm+0x130/0x130
00022  ? ret_from_fork_asm+0x11/0x20
00022  </TASK>
00022 ---[ end trace 0000000000000000 ]---
00022 ------------[ cut here ]------------
00022 WARNING: /home/ktest/git/linux/include/linux/fs.h:889 at osd_create+0x9cf/0xcf0 [osd_wbcfs], CPU#6: ll_ost00_002/1962
00022 Modules linked in: ofd(O) osp(O) mdd(O) lod(O) mdt(O) lquota(O) lfsck(O) mgs(O) osd_wbcfs(O) lustre(O) obdecho(O) mgc(O) mdc(O) lov(O) osc(O) lmv(O) ec(O) fid(O) fld(O) ptlrpc(O) efivarfs obdclass(O) ksocklnd(O) lnet(O) libcfs(O)
00022  mdc(O)
00022 CPU: 6 UID: 0 PID: 1962 Comm: ll_ost00_002 Tainted: G        W  O        7.0.0-ktest-2b8c50a-6330a45-20260806-dirty #1 PREEMPT 
00022 Tainted: [W]=WARN, [O]=OOT_MODULE
00022 Hardware name: QEMU Standard PC (Q35 + ICH9, 2009), BIOS 2025.11-3ubuntu7 03/31/2026
00022 RIP: 0010:osd_create+0x9cf/0xcf0 [osd_wbcfs]
00022 Code: c7 c7 00 c6 7b a1 48 c7 c6 a0 42 7d a1 48 c7 c2 00 4c 7d a1 e8 82 dd 43 ff 48 c7 c7 00 c6 7b a1 e8 c6 6a 44 ff e9 fe fc ff ff <0f> 0b e9 a5 fa ff ff 48 c7 c1 80 44 5d a0 80 e1 07 80 c1 03 38 c1
00022 RSP: 0018:ffffc90001d47878 EFLAGS: 00010246
00022 RAX: 0000000000000000 RBX: ffff8881389d1000 RCX: 0000000000000046
00022 RDX: 0000000000000000 RSI: ffff8881b5377b68 RDI: ffff888109d309e8
00022 RBP: ffff8881b5377ad8 R08: ffffffff83a16803 R09: 1ffffffff0742d00
00022 R10: dffffc0000000000 R11: fffffbfff0742d01 R12: ffff888192478830
00022 R13: dffffc0000000000 R14: 1ffff1102713a200 R15: 1ffff1103248f142
00022 FS:  0000000000000000(0000) GS:ffff88831e72a000(0000) knlGS:0000000000000000
00022 CS:  0010 DS: 0000 ES: 0000 CR0: 0000000080050033
00022 CR2: 0000559120d6c590 CR3: 0000000004274000 CR4: 0000000000750eb0
00022 PKRU: 55555554
00022 Call Trace:
00022  <TASK>
00022  ? ofd_precreate_objects+0x1bd8/0x3220 [ofd]
00022  ? ofd_create_hdl+0x2015/0x3510 [ofd]
00022  ? tgt_request_handle+0x23ad/0x3d30 [ptlrpc]
00022 RIP: 0010:osd_create+0x9cf/0xcf0 [osd_wbcfs]
00022  ? ptlrpc_main+0x6359/0x96f0 [ptlrpc]
00022  lov(O)
00022  ? __kthread_parkme+0x73/0x130
00022  ? kthread+0x2cd/0x3a0
00022 Code: c7 c7 00 c6 7b a1 48 c7 c6 a0 42 7d a1 48 c7 c2 00 4c 7d a1 e8 82 dd 43 ff 48 c7 c7 00 c6 7b a1 e8 c6 6a 44 ff e9 fe fc ff ff <0f> 0b e9 a5 fa ff ff 48 c7 c1 80 44 5d a0 80 e1 07 80 c1 03 38 c1
00022  ? ptlrpc_start_thread+0x1f10/0x1f10 [ptlrpc]
00022  osc(O)
00022  ? kthread_unuse_mm+0x130/0x130
00022  ? ret_from_fork+0x18c/0x520
00022  ? kthread_unuse_mm+0x130/0x130
00022  ? ret_from_fork_asm+0x11/0x20
00022  </TASK>
00022 ---[ end trace 0000000000000000 ]---
00022 ------------[ cut here ]------------
00022 WARNING: /home/ktest/git/linux/include/linux/fs.h:889 at osd_create+0x9cf/0xcf0 [osd_wbcfs], CPU#6: ll_ost00_002/1962
00022 Modules linked in: ofd(O) osp(O) mdd(O) lod(O) mdt(O) lquota(O) lfsck(O) mgs(O) osd_wbcfs(O) lustre(O) obdecho(O) mgc(O) mdc(O) lov(O) osc(O) lmv(O) ec(O) fid(O) fld(O) ptlrpc(O) efivarfs obdclass(O) ksocklnd(O) lnet(O) libcfs(O)
00022 CPU: 6 UID: 0 PID: 1962 Comm: ll_ost00_002 Tainted: G        W  O        7.0.0-ktest-2b8c50a-6330a45-20260806-dirty #1 PREEMPT 
00022 Tainted: [W]=WARN, [O]=OOT_MODULE
00022 Hardware name: QEMU Standard PC (Q35 + ICH9, 2009), BIOS 2025.11-3ubuntu7 03/31/2026
00022 RIP: 0010:osd_create+0x9cf/0xcf0 [osd_wbcfs]
00022 Code: c7 c7 00 c6 7b a1 48 c7 c6 a0 42 7d a1 48 c7 c2 00 4c 7d a1 e8 82 dd 43 ff 48 c7 c7 00 c6 7b a1 e8 c6 6a 44 ff e9 fe fc ff ff <0f> 0b e9 a5 fa ff ff 48 c7 c1 80 44 5d a0 80 e1 07 80 c1 03 38 c1
00022 RSP: 0018:ffffc90001d47878 EFLAGS: 00010246
00022 RAX: 0000000000000000 RBX: ffff8881389d0c00 RCX: 0000000000000046
00022 RDX: 0000000000000000 RSI: ffff8881b5377450 RDI: ffff888109d309e8
00022 RBP: ffff8881b53773c0 R08: ffffffff83a16803 R09: 1ffffffff0742d00
00022 R10: dffffc0000000000 R11: fffffbfff0742d01 R12: ffff888192478830
00022 R13: dffffc0000000000 R14: 1ffff1102713a180 R15: 1ffff1103248f142
00022 RSP: 0018:ffffc90008f7f878 EFLAGS: 00010246
00022 FS:  0000000000000000(0000) GS:ffff88831e72a000(0000) knlGS:0000000000000000
00022 CS:  0010 DS: 0000 ES: 0000 CR0: 0000000080050033
00022 CR2: 0000559120d6c590 CR3: 0000000004274000 CR4: 0000000000750eb0
00022 PKRU: 55555554
00022 Call Trace:
00022  <TASK>
00022  ? ofd_precreate_objects+0x1bd8/0x3220 [ofd]
00022  ? ofd_create_hdl+0x2015/0x3510 [ofd]
00022  lmv(O)
00022  ? tgt_request_handle+0x23ad/0x3d30 [ptlrpc]
00022 
00022  ? ptlrpc_main+0x6359/0x96f0 [ptlrpc]
00022  ec(O)
00022  ? __kthread_parkme+0x73/0x130
00022  ? kthread+0x2cd/0x3a0
00022 RAX: 0000000000000000 RBX: ffff88813b312800 RCX: 0000000000000046
00022 RDX: 0000000000000000 RSI: ffff8881b5373478 RDI: ffff88816ad62aa8
00022 RBP: ffff8881b53733e8 R08: ffffffff83a16803 R09: 1ffffffff0742d00
00022 R10: dffffc0000000000 R11: fffffbfff0742d01 R12: ffff8881695cb030
00022 R13: dffffc0000000000 R14: 1ffff11027662500 R15: 1ffff1102d2b9642
00022 FS:  0000000000000000(0000) GS:ffff88831e92a000(0000) knlGS:0000000000000000
00022 CS:  0010 DS: 0000 ES: 0000 CR0: 0000000080050033
00022 CR2: 00005603f26e5840 CR3: 0000000004274000 CR4: 0000000000750eb0
00022 PKRU: 55555554
00022 Call Trace:
00022  <TASK>
00022  ? ofd_precreate_objects+0x1bd8/0x3220 [ofd]
00022  ? ofd_create_hdl+0x2015/0x3510 [ofd]
00022  fid(O) fld(O)
00022  ? tgt_request_handle+0x23ad/0x3d30 [ptlrpc]
00022  ? ptlrpc_start_thread+0x1f10/0x1f10 [ptlrpc]
00022  ptlrpc(O)
00022  ? kthread_unuse_mm+0x130/0x130
00022  ? ret_from_fork+0x18c/0x520
00022  ? kthread_unuse_mm+0x130/0x130
00022  ? ret_from_fork_asm+0x11/0x20
00022  </TASK>
00022 ---[ end trace 0000000000000000 ]---
00022 ------------[ cut here ]------------
00022 WARNING: /home/ktest/git/linux/include/linux/fs.h:889 at osd_create+0x9cf/0xcf0 [osd_wbcfs], CPU#6: ll_ost00_002/1962
00022 Modules linked in: ofd(O) osp(O) mdd(O) lod(O) mdt(O) lquota(O) lfsck(O) mgs(O) osd_wbcfs(O) lustre(O) obdecho(O) mgc(O) mdc(O) lov(O) osc(O) lmv(O) ec(O) fid(O) fld(O) ptlrpc(O) efivarfs obdclass(O) ksocklnd(O) lnet(O) libcfs(O)
00022 CPU: 6 UID: 0 PID: 1962 Comm: ll_ost00_002 Tainted: G        W  O        7.0.0-ktest-2b8c50a-6330a45-20260806-dirty #1 PREEMPT 
00022 Tainted: [W]=WARN, [O]=OOT_MODULE
00022 Hardware name: QEMU Standard PC (Q35 + ICH9, 2009), BIOS 2025.11-3ubuntu7 03/31/2026
00022 RIP: 0010:osd_create+0x9cf/0xcf0 [osd_wbcfs]
00022 Code: c7 c7 00 c6 7b a1 48 c7 c6 a0 42 7d a1 48 c7 c2 00 4c 7d a1 e8 82 dd 43 ff 48 c7 c7 00 c6 7b a1 e8 c6 6a 44 ff e9 fe fc ff ff <0f> 0b e9 a5 fa ff ff 48 c7 c1 80 44 5d a0 80 e1 07 80 c1 03 38 c1
00022 RSP: 0018:ffffc90001d47878 EFLAGS: 00010246
00022 RAX: 0000000000000000 RBX: ffff8881389d0800 RCX: 0000000000000046
00022 RDX: 0000000000000000 RSI: ffff8881b5376d38 RDI: ffff888109d309e8
00022 RBP: ffff8881b5376ca8 R08: ffffffff83a16803 R09: 1ffffffff0742d00
00022 R10: dffffc0000000000 R11: fffffbfff0742d01 R12: ffff888192478830
00022 R13: dffffc0000000000 R14: 1ffff1102713a100 R15: 1ffff1103248f142
00022 FS:  0000000000000000(0000) GS:ffff88831e72a000(0000) knlGS:0000000000000000
00022 CS:  0010 DS: 0000 ES: 0000 CR0: 0000000080050033
00022 CR2: 0000559120d6c590 CR3: 0000000004274000 CR4: 0000000000750eb0
00022 PKRU: 55555554
00022 Call Trace:
00022  <TASK>
00022  ? ofd_precreate_objects+0x1bd8/0x3220 [ofd]
00022  efivarfs obdclass(O)
00022  ? ptlrpc_main+0x6359/0x96f0 [ptlrpc]
00022  ? ofd_create_hdl+0x2015/0x3510 [ofd]
00022  ksocklnd(O)
00022  ? __kthread_parkme+0x73/0x130
00022  ? kthread+0x2cd/0x3a0
00022  ? ptlrpc_start_thread+0x1f10/0x1f10 [ptlrpc]
00022  ? tgt_request_handle+0x23ad/0x3d30 [ptlrpc]
00022  ? ptlrpc_main+0x6359/0x96f0 [ptlrpc]
00022  lnet(O)
00022  ? __kthread_parkme+0x73/0x130
00022  ? kthread+0x2cd/0x3a0
00022  ? kthread_unuse_mm+0x130/0x130
00022  ? ptlrpc_start_thread+0x1f10/0x1f10 [ptlrpc]
00022  libcfs(O)
00022  ? kthread_unuse_mm+0x130/0x130
00022  ? ret_from_fork+0x18c/0x520
00022  ? kthread_unuse_mm+0x130/0x130
00022  ? ret_from_fork_asm+0x11/0x20
00022  </TASK>
00022 ---[ end trace 0000000000000000 ]---
00022 ------------[ cut here ]------------
00022 WARNING: /home/ktest/git/linux/include/linux/fs.h:889 at osd_create+0x9cf/0xcf0 [osd_wbcfs], CPU#6: ll_ost00_002/1962
00022 Modules linked in: ofd(O) osp(O) mdd(O) lod(O) mdt(O) lquota(O) lfsck(O) mgs(O) osd_wbcfs(O) lustre(O) obdecho(O) mgc(O) mdc(O) lov(O) osc(O) lmv(O) ec(O) fid(O) fld(O) ptlrpc(O) efivarfs obdclass(O) ksocklnd(O) lnet(O) libcfs(O)
00022 CPU: 6 UID: 0 PID: 1962 Comm: ll_ost00_002 Tainted: G        W  O        7.0.0-ktest-2b8c50a-6330a45-20260806-dirty #1 PREEMPT 
00022 Tainted: [W]=WARN, [O]=OOT_MODULE
00022 Hardware name: QEMU Standard PC (Q35 + ICH9, 2009), BIOS 2025.11-3ubuntu7 03/31/2026
00022  ? ret_from_fork+0x18c/0x520
00022 RIP: 0010:osd_create+0x9cf/0xcf0 [osd_wbcfs]
00022 Code: c7 c7 00 c6 7b a1 48 c7 c6 a0 42 7d a1 48 c7 c2 00 4c 7d a1 e8 82 dd 43 ff 48 c7 c7 00 c6 7b a1 e8 c6 6a 44 ff e9 fe fc ff ff <0f> 0b e9 a5 fa ff ff 48 c7 c1 80 44 5d a0 80 e1 07 80 c1 03 38 c1
00022 RSP: 0018:ffffc90001d47878 EFLAGS: 00010246
00022 RAX: 0000000000000000 RBX: ffff8881389d7000 RCX: 0000000000000046
00022 RDX: 0000000000000000 RSI: ffff8881b5376620 RDI: ffff888109d309e8
00022 RBP: ffff8881b5376590 R08: ffffffff83a16803 R09: 1ffffffff0742d00
00022 R10: dffffc0000000000 R11: fffffbfff0742d01 R12: ffff888192478830
00022 R13: dffffc0000000000 R14: 1ffff1102713ae00 R15: 1ffff1103248f142
00022 FS:  0000000000000000(0000) GS:ffff88831e72a000(0000) knlGS:0000000000000000
00022 CS:  0010 DS: 0000 ES: 0000 CR0: 0000000080050033
00022 CR2: 0000559120d6c590 CR3: 0000000004274000 CR4: 0000000000750eb0
00022 PKRU: 55555554
00022 Call Trace:
00022  <TASK>
00022  ? ofd_precreate_objects+0x1bd8/0x3220 [ofd]
00022  ? ofd_create_hdl+0x2015/0x3510 [ofd]
00022 
00022  ? tgt_request_handle+0x23ad/0x3d30 [ptlrpc]
00022  ? kthread_unuse_mm+0x130/0x130
00022 CPU: 8 UID: 0 PID: 1961 Comm: ll_ost00_001 Tainted: G        W  O        7.0.0-ktest-2b8c50a-6330a45-20260806-dirty #1 PREEMPT 
00022  ? ptlrpc_main+0x6359/0x96f0 [ptlrpc]
00022  ? ret_from_fork_asm+0x11/0x20
00022  ? __kthread_parkme+0x73/0x130
00022  ? kthread+0x2cd/0x3a0
00022 Tainted: [W]=WARN, [O]=OOT_MODULE
00022  ? ptlrpc_start_thread+0x1f10/0x1f10 [ptlrpc]
00022  </TASK>
00022 Hardware name: QEMU Standard PC (Q35 + ICH9, 2009), BIOS 2025.11-3ubuntu7 03/31/2026
00022  ? kthread_unuse_mm+0x130/0x130
00022  ? ret_from_fork+0x18c/0x520
00022  ? kthread_unuse_mm+0x130/0x130
00022  ? ret_from_fork_asm+0x11/0x20
00022  </TASK>
00022 ---[ end trace 0000000000000000 ]---
00022 ---[ end trace 0000000000000000 ]---
00022 RIP: 0010:osd_create+0x9cf/0xcf0 [osd_wbcfs]
00022 ------------[ cut here ]------------
00022 Code: c7 c7 00 c6 7b a1 48 c7 c6 a0 42 7d a1 48 c7 c2 00 4c 7d a1 e8 82 dd 43 ff 48 c7 c7 00 c6 7b a1 e8 c6 6a 44 ff e9 fe fc ff ff <0f> 0b e9 a5 fa ff ff 48 c7 c1 80 44 5d a0 80 e1 07 80 c1 03 38 c1
00022 WARNING: /home/ktest/git/linux/include/linux/fs.h:889 at osd_create+0x9cf/0xcf0 [osd_wbcfs], CPU#10: ll_ost00_004/2010
00022 RSP: 0018:ffffc90001d57878 EFLAGS: 00010246
00022 Modules linked in:
00022 
00022  ofd(O)
00022 RAX: 0000000000000000 RBX: ffff8881390d2000 RCX: 0000000000000046
00022  osp(O)
00022 RDX: 0000000000000000 RSI: ffff8881078e50d8 RDI: ffff888109d4aaa8
00022  mdd(O)
00022 RBP: ffff8881078e5048 R08: ffffffff83a16803 R09: 1ffffffff0742d00
00022  lod(O)
00022 R10: dffffc0000000000 R11: fffffbfff0742d01 R12: ffff8881ae1b2830
00022  mdt(O)
00022 R13: dffffc0000000000 R14: 1ffff1102721a400 R15: 1ffff11035c36542
00022  lquota(O)
00022 FS:  0000000000000000(0000) GS:ffff88831e82a000(0000) knlGS:0000000000000000
00022  lfsck(O)
00022 CS:  0010 DS: 0000 ES: 0000 CR0: 0000000080050033
00022  mgs(O)
00022 CR2: 000055d83c47af00 CR3: 0000000197f8d000 CR4: 0000000000750eb0
00022  osd_wbcfs(O)
00022 PKRU: 55555554
00022  lustre(O)
00022 Call Trace:
00022  obdecho(O)
00022  <TASK>
00022  mgc(O)
00022  ? ofd_precreate_objects+0x1bd8/0x3220 [ofd]
00022  mdc(O)
00022  ? ofd_create_hdl+0x2015/0x3510 [ofd]
00022  lov(O)
00022  ? tgt_request_handle+0x23ad/0x3d30 [ptlrpc]
00022  osc(O)
00022  ? ptlrpc_main+0x6359/0x96f0 [ptlrpc]
00022  lmv(O)
00022  ? __kthread_parkme+0x73/0x130
00022  ec(O)
00022  ? kthread+0x2cd/0x3a0
00022  fid(O)
00022  ? ptlrpc_start_thread+0x1f10/0x1f10 [ptlrpc]
00022  fld(O)
00022  ? kthread_unuse_mm+0x130/0x130
00022  ptlrpc(O)
00022  ? ret_from_fork+0x18c/0x520
00022  efivarfs
00022  ? kthread_unuse_mm+0x130/0x130
00022  obdclass(O)
00022  ? ret_from_fork_asm+0x11/0x20
00022  ksocklnd(O)
00022  </TASK>
00022  lnet(O)
00022 ---[ end trace 0000000000000000 ]---
00022  libcfs(O)
00022 ------------[ cut here ]------------
00022 
00022 WARNING: /home/ktest/git/linux/include/linux/fs.h:889 at osd_create+0x9cf/0xcf0 [osd_wbcfs], CPU#8: ll_ost00_001/1961
00022 CPU: 10 UID: 0 PID: 2010 Comm: ll_ost00_004 Tainted: G        W  O        7.0.0-ktest-2b8c50a-6330a45-20260806-dirty #1 PREEMPT 
00022 Modules linked in:
00022 Tainted: [W]=WARN, [O]=OOT_MODULE
00022  ofd(O)
00022 Hardware name: QEMU Standard PC (Q35 + ICH9, 2009), BIOS 2025.11-3ubuntu7 03/31/2026
00022  osp(O)
00022 RIP: 0010:osd_create+0x9cf/0xcf0 [osd_wbcfs]
00022  mdd(O)
00022 Code: c7 c7 00 c6 7b a1 48 c7 c6 a0 42 7d a1 48 c7 c2 00 4c 7d a1 e8 82 dd 43 ff 48 c7 c7 00 c6 7b a1 e8 c6 6a 44 ff e9 fe fc ff ff <0f> 0b e9 a5 fa ff ff 48 c7 c1 80 44 5d a0 80 e1 07 80 c1 03 38 c1
00022  lod(O) mdt(O) lquota(O) lfsck(O) mgs(O) osd_wbcfs(O) lustre(O) obdecho(O) mgc(O) mdc(O) lov(O)
00022 RSP: 0018:ffffc90008f7f878 EFLAGS: 00010246
00022  osc(O)
00022 
00022  lmv(O)
00022 RAX: 0000000000000000 RBX: ffff88813b312400 RCX: 0000000000000046
00022  ec(O)
00022 RDX: 0000000000000000 RSI: ffff8881b5372d60 RDI: ffff88816ad62aa8
00022  fid(O)
00022 RBP: ffff8881b5372cd0 R08: ffffffff83a16803 R09: 1ffffffff0742d00
00022  fld(O)
00022 R10: dffffc0000000000 R11: fffffbfff0742d01 R12: ffff8881695cb030
00022  ptlrpc(O)
00022 R13: dffffc0000000000 R14: 1ffff11027662480 R15: 1ffff1102d2b9642
00022  efivarfs
00022 FS:  0000000000000000(0000) GS:ffff88831e92a000(0000) knlGS:0000000000000000
00022  obdclass(O)
00022 CS:  0010 DS: 0000 ES: 0000 CR0: 0000000080050033
00022  ksocklnd(O)
00022 CR2: 00005603f26e5840 CR3: 0000000004274000 CR4: 0000000000750eb0
00022  lnet(O)
00022 PKRU: 55555554
00022  libcfs(O)
00022 Call Trace:
00022 
00022  <TASK>
00022 CPU: 8 UID: 0 PID: 1961 Comm: ll_ost00_001 Tainted: G        W  O        7.0.0-ktest-2b8c50a-6330a45-20260806-dirty #1 PREEMPT 
00022  ? ofd_precreate_objects+0x1bd8/0x3220 [ofd]
00022 Tainted: [W]=WARN, [O]=OOT_MODULE
00022  ? ofd_create_hdl+0x2015/0x3510 [ofd]
00022 Hardware name: QEMU Standard PC (Q35 + ICH9, 2009), BIOS 2025.11-3ubuntu7 03/31/2026
00022  ? tgt_request_handle+0x23ad/0x3d30 [ptlrpc]
00022 RIP: 0010:osd_create+0x9cf/0xcf0 [osd_wbcfs]
00022  ? ptlrpc_main+0x6359/0x96f0 [ptlrpc]
00022 Code: c7 c7 00 c6 7b a1 48 c7 c6 a0 42 7d a1 48 c7 c2 00 4c 7d a1 e8 82 dd 43 ff 48 c7 c7 00 c6 7b a1 e8 c6 6a 44 ff e9 fe fc ff ff <0f> 0b e9 a5 fa ff ff 48 c7 c1 80 44 5d a0 80 e1 07 80 c1 03 38 c1
00022  ? __kthread_parkme+0x73/0x130
00022 RSP: 0018:ffffc90001d57878 EFLAGS: 00010246
00022  ? kthread+0x2cd/0x3a0
00022 
00022  ? ptlrpc_start_thread+0x1f10/0x1f10 [ptlrpc]
00022 RAX: 0000000000000000 RBX: ffff8881390d1c00 RCX: 0000000000000046
00022  ? kthread_unuse_mm+0x130/0x130
00022 RDX: 0000000000000000 RSI: ffff8881078e49c0 RDI: ffff888109d4aaa8
00022  ? ret_from_fork+0x18c/0x520
00022 RBP: ffff8881078e4930 R08: ffffffff83a16803 R09: 1ffffffff0742d00
00022  ? kthread_unuse_mm+0x130/0x130
00022 R10: dffffc0000000000 R11: fffffbfff0742d01 R12: ffff8881ae1b2830
00022  ? ret_from_fork_asm+0x11/0x20
00022 R13: dffffc0000000000 R14: 1ffff1102721a380 R15: 1ffff11035c36542
00022  </TASK>
00022 FS:  0000000000000000(0000) GS:ffff88831e82a000(0000) knlGS:0000000000000000
00022 ---[ end trace 0000000000000000 ]---
00022 CS:  0010 DS: 0000 ES: 0000 CR0: 0000000080050033
00022 ------------[ cut here ]------------
00022 CR2: 000055d83c47af00 CR3: 0000000197f8d000 CR4: 0000000000750eb0
00022 WARNING: /home/ktest/git/linux/include/linux/fs.h:889 at osd_create+0x9cf/0xcf0 [osd_wbcfs], CPU#10: ll_ost00_004/2010
00022 PKRU: 55555554
00022 Modules linked in:
00022 Call Trace:
00022  ofd(O)
00022  <TASK>
00022  osp(O)
00022  ? ofd_precreate_objects+0x1bd8/0x3220 [ofd]
00022  mdd(O)
00022  ? ofd_create_hdl+0x2015/0x3510 [ofd]
00022  lod(O)
00022  ? tgt_request_handle+0x23ad/0x3d30 [ptlrpc]
00022  mdt(O)
00022  ? ptlrpc_main+0x6359/0x96f0 [ptlrpc]
00022  lquota(O)
00022  ? __kthread_parkme+0x73/0x130
00022  lfsck(O)
00022  ? kthread+0x2cd/0x3a0
00022  mgs(O)
00022  ? ptlrpc_start_thread+0x1f10/0x1f10 [ptlrpc]
00022  osd_wbcfs(O)
00022  ? kthread_unuse_mm+0x130/0x130
00022  lustre(O)
00022  ? ret_from_fork+0x18c/0x520
00022  obdecho(O) mgc(O)
00022  ? kthread_unuse_mm+0x130/0x130
00022  mdc(O)
00022  ? ret_from_fork_asm+0x11/0x20
00022  lov(O)
00022  </TASK>
00022  osc(O)
00022 ---[ end trace 0000000000000000 ]---
00022  lmv(O)
00022 ------------[ cut here ]------------
00022  ec(O)
00022 WARNING: /home/ktest/git/linux/include/linux/fs.h:889 at osd_create+0x9cf/0xcf0 [osd_wbcfs], CPU#8: ll_ost00_001/1961
00022  fid(O)
00022 Modules linked in:
00022  fld(O)
00022  ofd(O)
00022  ptlrpc(O)
00022  osp(O)
00022  efivarfs
00022  mdd(O)
00022  obdclass(O)
00022  lod(O)
00022  ksocklnd(O)
00022  mdt(O)
00022  lnet(O)
00022  lquota(O)
00022  libcfs(O)
00022  lfsck(O)
00022 
00022  mgs(O)
00022 CPU: 10 UID: 0 PID: 2010 Comm: ll_ost00_004 Tainted: G        W  O        7.0.0-ktest-2b8c50a-6330a45-20260806-dirty #1 PREEMPT 
00022  osd_wbcfs(O)
00022 Tainted: [W]=WARN, [O]=OOT_MODULE
00022  lustre(O)
00022 Hardware name: QEMU Standard PC (Q35 + ICH9, 2009), BIOS 2025.11-3ubuntu7 03/31/2026
00022  obdecho(O)
00022 RIP: 0010:osd_create+0x9cf/0xcf0 [osd_wbcfs]
00022  mgc(O)
00022 Code: c7 c7 00 c6 7b a1 48 c7 c6 a0 42 7d a1 48 c7 c2 00 4c 7d a1 e8 82 dd 43 ff 48 c7 c7 00 c6 7b a1 e8 c6 6a 44 ff e9 fe fc ff ff <0f> 0b e9 a5 fa ff ff 48 c7 c1 80 44 5d a0 80 e1 07 80 c1 03 38 c1
00022  mdc(O)
00022 RSP: 0018:ffffc90008f7f878 EFLAGS: 00010246
00022  lov(O)
00022 
00022  osc(O)
00022 RAX: 0000000000000000 RBX: ffff88813b312000 RCX: 0000000000000046
00022  lmv(O)
00022 RDX: 0000000000000000 RSI: ffff8881b5372648 RDI: ffff88816ad62aa8
00022  ec(O)
00022 RBP: ffff8881b53725b8 R08: ffffffff83a16803 R09: 1ffffffff0742d00
00022  fid(O)
00022 R10: dffffc0000000000 R11: fffffbfff0742d01 R12: ffff8881695cb030
00022  fld(O)
00022 R13: dffffc0000000000 R14: 1ffff11027662400 R15: 1ffff1102d2b9642
00022  ptlrpc(O) efivarfs
00022 FS:  0000000000000000(0000) GS:ffff88831e92a000(0000) knlGS:0000000000000000
00022  obdclass(O)
00022 CS:  0010 DS: 0000 ES: 0000 CR0: 0000000080050033
00022  ksocklnd(O)
00022 CR2: 00005603f26e5840 CR3: 0000000004274000 CR4: 0000000000750eb0
00022  lnet(O)
00022 PKRU: 55555554
00022  libcfs(O)
00022 Call Trace:
00022 
00022  <TASK>
00022 CPU: 8 UID: 0 PID: 1961 Comm: ll_ost00_001 Tainted: G        W  O        7.0.0-ktest-2b8c50a-6330a45-20260806-dirty #1 PREEMPT 
00022  ? ofd_precreate_objects+0x1bd8/0x3220 [ofd]
00022 Tainted: [W]=WARN, [O]=OOT_MODULE
00022  ? ofd_create_hdl+0x2015/0x3510 [ofd]
00022 Hardware name: QEMU Standard PC (Q35 + ICH9, 2009), BIOS 2025.11-3ubuntu7 03/31/2026
00022  ? tgt_request_handle+0x23ad/0x3d30 [ptlrpc]
00022 RIP: 0010:osd_create+0x9cf/0xcf0 [osd_wbcfs]
00022  ? ptlrpc_main+0x6359/0x96f0 [ptlrpc]
00022 Code: c7 c7 00 c6 7b a1 48 c7 c6 a0 42 7d a1 48 c7 c2 00 4c 7d a1 e8 82 dd 43 ff 48 c7 c7 00 c6 7b a1 e8 c6 6a 44 ff e9 fe fc ff ff <0f> 0b e9 a5 fa ff ff 48 c7 c1 80 44 5d a0 80 e1 07 80 c1 03 38 c1
00022  ? __kthread_parkme+0x73/0x130
00022 RSP: 0018:ffffc90001d57878 EFLAGS: 00010246
00022  ? kthread+0x2cd/0x3a0
00022 
00022  ? ptlrpc_start_thread+0x1f10/0x1f10 [ptlrpc]
00022 RAX: 0000000000000000 RBX: ffff8881390d1800 RCX: 0000000000000046
00022  ? kthread_unuse_mm+0x130/0x130
00022 RDX: 0000000000000000 RSI: ffff8881078e42a8 RDI: ffff888109d4aaa8
00022  ? ret_from_fork+0x18c/0x520
00022 RBP: ffff8881078e4218 R08: ffffffff83a16803 R09: 1ffffffff0742d00
00022  ? kthread_unuse_mm+0x130/0x130
00022 R10: dffffc0000000000 R11: fffffbfff0742d01 R12: ffff8881ae1b2830
00022  ? ret_from_fork_asm+0x11/0x20
00022 R13: dffffc0000000000 R14: 1ffff1102721a300 R15: 1ffff11035c36542
00022  </TASK>
00022 FS:  0000000000000000(0000) GS:ffff88831e82a000(0000) knlGS:0000000000000000
00022 ---[ end trace 0000000000000000 ]---
00022 CS:  0010 DS: 0000 ES: 0000 CR0: 0000000080050033
00022 ------------[ cut here ]------------
00022 CR2: 000055d83c47af00 CR3: 0000000197f8d000 CR4: 0000000000750eb0
00022 WARNING: /home/ktest/git/linux/include/linux/fs.h:889 at osd_create+0x9cf/0xcf0 [osd_wbcfs], CPU#10: ll_ost00_004/2010
00022 PKRU: 55555554
00022 Modules linked in:
00022 Call Trace:
00022  ofd(O)
00022  <TASK>
00022  osp(O)
00022  ? ofd_precreate_objects+0x1bd8/0x3220 [ofd]
00022  mdd(O)
00022  ? ofd_create_hdl+0x2015/0x3510 [ofd]
00022  lod(O)
00022  ? tgt_request_handle+0x23ad/0x3d30 [ptlrpc]
00022  mdt(O)
00022  ? ptlrpc_main+0x6359/0x96f0 [ptlrpc]
00022  lquota(O)
00022  ? __kthread_parkme+0x73/0x130
00022  lfsck(O)
00022  ? kthread+0x2cd/0x3a0
00022  mgs(O)
00022  ? ptlrpc_start_thread+0x1f10/0x1f10 [ptlrpc]
00022  osd_wbcfs(O) lustre(O)
00022  ? kthread_unuse_mm+0x130/0x130
00022  obdecho(O)
00022  ? ret_from_fork+0x18c/0x520
00022  mgc(O)
00022  ? kthread_unuse_mm+0x130/0x130
00022  mdc(O)
00022  ? ret_from_fork_asm+0x11/0x20
00022  lov(O)
00022  </TASK>
00022  osc(O)
00022 ---[ end trace 0000000000000000 ]---
00022  lmv(O) ec(O)
00022 ------------[ cut here ]------------
00022  fid(O)
00022 WARNING: /home/ktest/git/linux/include/linux/fs.h:889 at osd_create+0x9cf/0xcf0 [osd_wbcfs], CPU#8: ll_ost00_001/1961
00022  fld(O) ptlrpc(O)
00022 Modules linked in:
00022  efivarfs
00022  ofd(O)
00022  obdclass(O)
00022  osp(O)
00022  ksocklnd(O)
00022  mdd(O)
00022  lnet(O)
00022  lod(O)
00022  libcfs(O)
00022  mdt(O)
00022 
00022  lquota(O)
00022 CPU: 10 UID: 0 PID: 2010 Comm: ll_ost00_004 Tainted: G        W  O        7.0.0-ktest-2b8c50a-6330a45-20260806-dirty #1 PREEMPT 
00022  lfsck(O)
00022 Tainted: [W]=WARN, [O]=OOT_MODULE
00022  mgs(O)
00022 Hardware name: QEMU Standard PC (Q35 + ICH9, 2009), BIOS 2025.11-3ubuntu7 03/31/2026
00022  osd_wbcfs(O)
00022 RIP: 0010:osd_create+0x9cf/0xcf0 [osd_wbcfs]
00022  lustre(O)
00022 Code: c7 c7 00 c6 7b a1 48 c7 c6 a0 42 7d a1 48 c7 c2 00 4c 7d a1 e8 82 dd 43 ff 48 c7 c7 00 c6 7b a1 e8 c6 6a 44 ff e9 fe fc ff ff <0f> 0b e9 a5 fa ff ff 48 c7 c1 80 44 5d a0 80 e1 07 80 c1 03 38 c1
00022  obdecho(O)
00022 RSP: 0018:ffffc90008f7f878 EFLAGS: 00010246
00022  mgc(O)
00022 
00022  mdc(O)
00022 RAX: 0000000000000000 RBX: ffff88813b317800 RCX: 0000000000000046
00022  lov(O)
00022 RDX: 0000000000000000 RSI: ffff8881b5371f30 RDI: ffff88816ad62aa8
00022  osc(O)
00022 RBP: ffff8881b5371ea0 R08: ffffffff83a16803 R09: 1ffffffff0742d00
00022  lmv(O)
00022 R10: dffffc0000000000 R11: fffffbfff0742d01 R12: ffff8881695cb030
00022  ec(O)
00022 R13: dffffc0000000000 R14: 1ffff11027662f00 R15: 1ffff1102d2b9642
00022  fid(O)
00022 FS:  0000000000000000(0000) GS:ffff88831e92a000(0000) knlGS:0000000000000000
00022  fld(O)
00022 CS:  0010 DS: 0000 ES: 0000 CR0: 0000000080050033
00022  ptlrpc(O)
00022 CR2: 00005603f26e5840 CR3: 0000000004274000 CR4: 0000000000750eb0
00022  efivarfs
00022 PKRU: 55555554
00022  obdclass(O)
00022 Call Trace:
00022  ksocklnd(O)
00022  <TASK>
00022  lnet(O)
00022  ? ofd_precreate_objects+0x1bd8/0x3220 [ofd]
00022  libcfs(O)
00022  ? ofd_create_hdl+0x2015/0x3510 [ofd]
00022 
00022  ? tgt_request_handle+0x23ad/0x3d30 [ptlrpc]
00022 CPU: 8 UID: 0 PID: 1961 Comm: ll_ost00_001 Tainted: G        W  O        7.0.0-ktest-2b8c50a-6330a45-20260806-dirty #1 PREEMPT 
00022  ? ptlrpc_main+0x6359/0x96f0 [ptlrpc]
00022  ? __kthread_parkme+0x73/0x130
00022 Tainted: [W]=WARN, [O]=OOT_MODULE
00022  ? kthread+0x2cd/0x3a0
00022 Hardware name: QEMU Standard PC (Q35 + ICH9, 2009), BIOS 2025.11-3ubuntu7 03/31/2026
00022  ? ptlrpc_start_thread+0x1f10/0x1f10 [ptlrpc]
00022 RIP: 0010:osd_create+0x9cf/0xcf0 [osd_wbcfs]
00022  ? kthread_unuse_mm+0x130/0x130
00022 Code: c7 c7 00 c6 7b a1 48 c7 c6 a0 42 7d a1 48 c7 c2 00 4c 7d a1 e8 82 dd 43 ff 48 c7 c7 00 c6 7b a1 e8 c6 6a 44 ff e9 fe fc ff ff <0f> 0b e9 a5 fa ff ff 48 c7 c1 80 44 5d a0 80 e1 07 80 c1 03 38 c1
00022  ? ret_from_fork+0x18c/0x520
00022 RSP: 0018:ffffc90001d57878 EFLAGS: 00010246
00022  ? kthread_unuse_mm+0x130/0x130
00022 
00022  ? ret_from_fork_asm+0x11/0x20
00022 RAX: 0000000000000000 RBX: ffff8881390d1400 RCX: 0000000000000046
00022  </TASK>
00022 RDX: 0000000000000000 RSI: ffff8881078e3b90 RDI: ffff888109d4aaa8
00022 ---[ end trace 0000000000000000 ]---
00022 RBP: ffff8881078e3b00 R08: ffffffff83a16803 R09: 1ffffffff0742d00
00022 ------------[ cut here ]------------
00022 R10: dffffc0000000000 R11: fffffbfff0742d01 R12: ffff8881ae1b2830
00022 WARNING: /home/ktest/git/linux/include/linux/fs.h:889 at osd_create+0x9cf/0xcf0 [osd_wbcfs], CPU#10: ll_ost00_004/2010
00022 R13: dffffc0000000000 R14: 1ffff1102721a280 R15: 1ffff11035c36542
00022 Modules linked in:
00022 FS:  0000000000000000(0000) GS:ffff88831e82a000(0000) knlGS:0000000000000000
00022  ofd(O)
00022 CS:  0010 DS: 0000 ES: 0000 CR0: 0000000080050033
00022  osp(O)
00022 CR2: 000055d83c47af00 CR3: 0000000197f8d000 CR4: 0000000000750eb0
00022  mdd(O) lod(O)
00022 PKRU: 55555554
00022  mdt(O)
00022 Call Trace:
00022  lquota(O)
00022  <TASK>
00022  lfsck(O)
00022  ? ofd_precreate_objects+0x1bd8/0x3220 [ofd]
00022  mgs(O)
00022  ? ofd_create_hdl+0x2015/0x3510 [ofd]
00022  osd_wbcfs(O)
00022  ? tgt_request_handle+0x23ad/0x3d30 [ptlrpc]
00022  lustre(O) obdecho(O)
00022  ? ptlrpc_main+0x6359/0x96f0 [ptlrpc]
00022  mgc(O)
00022  ? __kthread_parkme+0x73/0x130
00022  mdc(O)
00022  ? kthread+0x2cd/0x3a0
00022  lov(O)
00022  ? ptlrpc_start_thread+0x1f10/0x1f10 [ptlrpc]
00022  osc(O)
00022  ? kthread_unuse_mm+0x130/0x130
00022  lmv(O)
00022  ? ret_from_fork+0x18c/0x520
00022  ec(O)
00022  ? kthread_unuse_mm+0x130/0x130
00022  fid(O)
00022  ? ret_from_fork_asm+0x11/0x20
00022  fld(O)
00022  </TASK>
00022  ptlrpc(O)
00022 ---[ end trace 0000000000000000 ]---
00022  efivarfs
00022 ------------[ cut here ]------------
00022  obdclass(O)
00022 WARNING: /home/ktest/git/linux/include/linux/fs.h:889 at osd_create+0x9cf/0xcf0 [osd_wbcfs], CPU#8: ll_ost00_001/1961
00022  ksocklnd(O)
00022 Modules linked in:
00022  lnet(O)
00022  ofd(O)
00022  libcfs(O)
00022  osp(O)
00022 
00022 CPU: 10 UID: 0 PID: 2010 Comm: ll_ost00_004 Tainted: G        W  O        7.0.0-ktest-2b8c50a-6330a45-20260806-dirty #1 PREEMPT 
00022  mdd(O)
00022 Tainted: [W]=WARN, [O]=OOT_MODULE
00022  lod(O)
00022 Hardware name: QEMU Standard PC (Q35 + ICH9, 2009), BIOS 2025.11-3ubuntu7 03/31/2026
00022  mdt(O)
00022 RIP: 0010:osd_create+0x9cf/0xcf0 [osd_wbcfs]
00022  lquota(O)
00022 Code: c7 c7 00 c6 7b a1 48 c7 c6 a0 42 7d a1 48 c7 c2 00 4c 7d a1 e8 82 dd 43 ff 48 c7 c7 00 c6 7b a1 e8 c6 6a 44 ff e9 fe fc ff ff <0f> 0b e9 a5 fa ff ff 48 c7 c1 80 44 5d a0 80 e1 07 80 c1 03 38 c1
00022  lfsck(O)
00022 RSP: 0018:ffffc90008f7f878 EFLAGS: 00010246
00022  mgs(O)
00022 
00022  osd_wbcfs(O)
00022 RAX: 0000000000000000 RBX: ffff88813b370c00 RCX: 0000000000000046
00022  lustre(O)
00022 RDX: 0000000000000000 RSI: ffff8881b5371818 RDI: ffff88816ad62aa8
00022  obdecho(O)
00022 RBP: ffff8881b5371788 R08: ffffffff83a16803 R09: 1ffffffff0742d00
00022  mgc(O)
00022 R10: dffffc0000000000 R11: fffffbfff0742d01 R12: ffff8881695cb030
00022  mdc(O)
00022 R13: dffffc0000000000 R14: 1ffff1102766e180 R15: 1ffff1102d2b9642
00022  lov(O)
00022 FS:  0000000000000000(0000) GS:ffff88831e92a000(0000) knlGS:0000000000000000
00022  osc(O)
00022 CS:  0010 DS: 0000 ES: 0000 CR0: 0000000080050033
00022  lmv(O)
00022 CR2: 00005603f26e5840 CR3: 0000000004274000 CR4: 0000000000750eb0
00022  ec(O)
00022 PKRU: 55555554
00022  fid(O)
00022 Call Trace:
00022  fld(O)
00022  <TASK>
00022  ptlrpc(O)
00022  ? ofd_precreate_objects+0x1bd8/0x3220 [ofd]
00022  efivarfs
00022  ? ofd_create_hdl+0x2015/0x3510 [ofd]
00022  obdclass(O)
00022  ? tgt_request_handle+0x23ad/0x3d30 [ptlrpc]
00022  ksocklnd(O)
00022  ? ptlrpc_main+0x6359/0x96f0 [ptlrpc]
00022  lnet(O)
00022  ? __kthread_parkme+0x73/0x130
00022  libcfs(O)
00022  ? kthread+0x2cd/0x3a0
00022 
00022  ? ptlrpc_start_thread+0x1f10/0x1f10 [ptlrpc]
00022 CPU: 8 UID: 0 PID: 1961 Comm: ll_ost00_001 Tainted: G        W  O        7.0.0-ktest-2b8c50a-6330a45-20260806-dirty #1 PREEMPT 
00022  ? kthread_unuse_mm+0x130/0x130
00022 Tainted: [W]=WARN, [O]=OOT_MODULE
00022  ? ret_from_fork+0x18c/0x520
00022 Hardware name: QEMU Standard PC (Q35 + ICH9, 2009), BIOS 2025.11-3ubuntu7 03/31/2026
00022  ? kthread_unuse_mm+0x130/0x130
00022 RIP: 0010:osd_create+0x9cf/0xcf0 [osd_wbcfs]
00022  ? ret_from_fork_asm+0x11/0x20
00022 Code: c7 c7 00 c6 7b a1 48 c7 c6 a0 42 7d a1 48 c7 c2 00 4c 7d a1 e8 82 dd 43 ff 48 c7 c7 00 c6 7b a1 e8 c6 6a 44 ff e9 fe fc ff ff <0f> 0b e9 a5 fa ff ff 48 c7 c1 80 44 5d a0 80 e1 07 80 c1 03 38 c1
00022  </TASK>
00022 RSP: 0018:ffffc90001d57878 EFLAGS: 00010246
00022 ---[ end trace 0000000000000000 ]---
00022 
00022 ------------[ cut here ]------------
00022 RAX: 0000000000000000 RBX: ffff8881390d1000 RCX: 0000000000000046
00022 WARNING: /home/ktest/git/linux/include/linux/fs.h:889 at osd_create+0x9cf/0xcf0 [osd_wbcfs], CPU#10: ll_ost00_004/2010
00022 RDX: 0000000000000000 RSI: ffff8881078e3478 RDI: ffff888109d4aaa8
00022 Modules linked in:
00022 RBP: ffff8881078e33e8 R08: ffffffff83a16803 R09: 1ffffffff0742d00
00022  ofd(O)
00022 R10: dffffc0000000000 R11: fffffbfff0742d01 R12: ffff8881ae1b2830
00022  osp(O)
00022 R13: dffffc0000000000 R14: 1ffff1102721a200 R15: 1ffff11035c36542
00022  mdd(O)
00022 FS:  0000000000000000(0000) GS:ffff88831e82a000(0000) knlGS:0000000000000000
00022  lod(O)
00022 CS:  0010 DS: 0000 ES: 0000 CR0: 0000000080050033
00022  mdt(O)
00022 CR2: 000055d83c47af00 CR3: 0000000197f8d000 CR4: 0000000000750eb0
00022  lquota(O)
00022 PKRU: 55555554
00022  lfsck(O)
00022 Call Trace:
00022  mgs(O)
00022  <TASK>
00022  osd_wbcfs(O)
00022  ? ofd_precreate_objects+0x1bd8/0x3220 [ofd]
00022  lustre(O)
00022  ? ofd_create_hdl+0x2015/0x3510 [ofd]
00022  obdecho(O)
00022  ? tgt_request_handle+0x23ad/0x3d30 [ptlrpc]
00022  mgc(O)
00022  ? ptlrpc_main+0x6359/0x96f0 [ptlrpc]
00022  mdc(O)
00022  ? __kthread_parkme+0x73/0x130
00022  lov(O)
00022  ? kthread+0x2cd/0x3a0
00022  osc(O)
00022  ? ptlrpc_start_thread+0x1f10/0x1f10 [ptlrpc]
00022  lmv(O)
00022  ? kthread_unuse_mm+0x130/0x130
00022  ec(O) fid(O)
00022  ? ret_from_fork+0x18c/0x520
00022  fld(O)
00022  ? kthread_unuse_mm+0x130/0x130
00022  ptlrpc(O)
00022  ? ret_from_fork_asm+0x11/0x20
00022  efivarfs
00022  </TASK>
00022  obdclass(O)
00022 ---[ end trace 0000000000000000 ]---
00022  ksocklnd(O)
00022 ------------[ cut here ]------------
00022  lnet(O)
00022 WARNING: /home/ktest/git/linux/include/linux/fs.h:889 at osd_create+0x9cf/0xcf0 [osd_wbcfs], CPU#8: ll_ost00_001/1961
00022  libcfs(O)
00022 Modules linked in:
00022 
00022  ofd(O)
00022 CPU: 10 UID: 0 PID: 2010 Comm: ll_ost00_004 Tainted: G        W  O        7.0.0-ktest-2b8c50a-6330a45-20260806-dirty #1 PREEMPT 
00022  osp(O)
00022 Tainted: [W]=WARN, [O]=OOT_MODULE
00022  mdd(O)
00022 Hardware name: QEMU Standard PC (Q35 + ICH9, 2009), BIOS 2025.11-3ubuntu7 03/31/2026
00022  lod(O)
00022 RIP: 0010:osd_create+0x9cf/0xcf0 [osd_wbcfs]
00022  mdt(O)
00022 Code: c7 c7 00 c6 7b a1 48 c7 c6 a0 42 7d a1 48 c7 c2 00 4c 7d a1 e8 82 dd 43 ff 48 c7 c7 00 c6 7b a1 e8 c6 6a 44 ff e9 fe fc ff ff <0f> 0b e9 a5 fa ff ff 48 c7 c1 80 44 5d a0 80 e1 07 80 c1 03 38 c1
00022  lquota(O)
00022 RSP: 0018:ffffc90008f7f878 EFLAGS: 00010246
00022  lfsck(O)
00022 
00022  mgs(O)
00022 RAX: 0000000000000000 RBX: ffff88813b370400 RCX: 0000000000000046
00022  osd_wbcfs(O)
00022 RDX: 0000000000000000 RSI: ffff8881b5371100 RDI: ffff88816ad62aa8
00022  lustre(O)
00022 RBP: ffff8881b5371070 R08: ffffffff83a16803 R09: 1ffffffff0742d00
00022  obdecho(O)
00022 R10: dffffc0000000000 R11: fffffbfff0742d01 R12: ffff8881695cb030
00022  mgc(O)
00022 R13: dffffc0000000000 R14: 1ffff1102766e080 R15: 1ffff1102d2b9642
00022  mdc(O)
00022 FS:  0000000000000000(0000) GS:ffff88831e92a000(0000) knlGS:0000000000000000
00022  lov(O)
00022 CS:  0010 DS: 0000 ES: 0000 CR0: 0000000080050033
00022  osc(O)
00022 CR2: 00005603f26e5840 CR3: 0000000004274000 CR4: 0000000000750eb0
00022  lmv(O)
00022 PKRU: 55555554
00022  ec(O)
00022 Call Trace:
00022  fid(O)
00022  <TASK>
00022  fld(O)
00022  ? ofd_precreate_objects+0x1bd8/0x3220 [ofd]
00022  ptlrpc(O)
00022  ? ofd_create_hdl+0x2015/0x3510 [ofd]
00022  efivarfs
00022  ? tgt_request_handle+0x23ad/0x3d30 [ptlrpc]
00022  obdclass(O)
00022  ? ptlrpc_main+0x6359/0x96f0 [ptlrpc]
00022  ksocklnd(O)
00022  ? __kthread_parkme+0x73/0x130
00022  lnet(O)
00022  ? kthread+0x2cd/0x3a0
00022  libcfs(O)
00022  ? ptlrpc_start_thread+0x1f10/0x1f10 [ptlrpc]
00022 
00022  ? kthread_unuse_mm+0x130/0x130
00022 CPU: 8 UID: 0 PID: 1961 Comm: ll_ost00_001 Tainted: G        W  O        7.0.0-ktest-2b8c50a-6330a45-20260806-dirty #1 PREEMPT 
00022  ? ret_from_fork+0x18c/0x520
00022 Tainted: [W]=WARN, [O]=OOT_MODULE
00022  ? kthread_unuse_mm+0x130/0x130
00022 Hardware name: QEMU Standard PC (Q35 + ICH9, 2009), BIOS 2025.11-3ubuntu7 03/31/2026
00022  ? ret_from_fork_asm+0x11/0x20
00022 RIP: 0010:osd_create+0x9cf/0xcf0 [osd_wbcfs]
00022  </TASK>
00022 Code: c7 c7 00 c6 7b a1 48 c7 c6 a0 42 7d a1 48 c7 c2 00 4c 7d a1 e8 82 dd 43 ff 48 c7 c7 00 c6 7b a1 e8 c6 6a 44 ff e9 fe fc ff ff <0f> 0b e9 a5 fa ff ff 48 c7 c1 80 44 5d a0 80 e1 07 80 c1 03 38 c1
00022 ---[ end trace 0000000000000000 ]---
00022 RSP: 0018:ffffc90001d57878 EFLAGS: 00010246
00022 ------------[ cut here ]------------
00022 
00022 WARNING: /home/ktest/git/linux/include/linux/fs.h:889 at osd_create+0x9cf/0xcf0 [osd_wbcfs], CPU#10: ll_ost00_004/2010
00022 RAX: 0000000000000000 RBX: ffff8881390d0c00 RCX: 0000000000000046
00022 Modules linked in:
00022 RDX: 0000000000000000 RSI: ffff8881078e2d60 RDI: ffff888109d4aaa8
00022  ofd(O)
00022 RBP: ffff8881078e2cd0 R08: ffffffff83a16803 R09: 1ffffffff0742d00
00022  osp(O)
00022 R10: dffffc0000000000 R11: fffffbfff0742d01 R12: ffff8881ae1b2830
00022  mdd(O)
00022 R13: dffffc0000000000 R14: 1ffff1102721a180 R15: 1ffff11035c36542
00022  lod(O)
00022 FS:  0000000000000000(0000) GS:ffff88831e82a000(0000) knlGS:0000000000000000
00022  mdt(O)
00022 CS:  0010 DS: 0000 ES: 0000 CR0: 0000000080050033
00022  lquota(O) lfsck(O)
00022 CR2: 000055d83c47af00 CR3: 0000000197f8d000 CR4: 0000000000750eb0
00022  mgs(O)
00022 PKRU: 55555554
00022  osd_wbcfs(O)
00022 Call Trace:
00022  lustre(O) obdecho(O)
00022  <TASK>
00022  mgc(O)
00022  ? ofd_precreate_objects+0x1bd8/0x3220 [ofd]
00022  mdc(O) lov(O)
00022  ? ofd_create_hdl+0x2015/0x3510 [ofd]
00022  osc(O)
00022  ? tgt_request_handle+0x23ad/0x3d30 [ptlrpc]
00022  lmv(O) ec(O)
00022  ? ptlrpc_main+0x6359/0x96f0 [ptlrpc]
00022  fid(O) fld(O)
00022  ? __kthread_parkme+0x73/0x130
00022  ptlrpc(O) efivarfs
00022  ? kthread+0x2cd/0x3a0
00022  obdclass(O)
00022  ? ptlrpc_start_thread+0x1f10/0x1f10 [ptlrpc]
00022  ksocklnd(O) lnet(O)
00022  ? kthread_unuse_mm+0x130/0x130
00022  libcfs(O)
00022  ? ret_from_fork+0x18c/0x520
00022 
00022 CPU: 10 UID: 0 PID: 2010 Comm: ll_ost00_004 Tainted: G        W  O        7.0.0-ktest-2b8c50a-6330a45-20260806-dirty #1 PREEMPT 
00022  ? kthread_unuse_mm+0x130/0x130
00022 Tainted: [W]=WARN, [O]=OOT_MODULE
00022  ? ret_from_fork_asm+0x11/0x20
00022 Hardware name: QEMU Standard PC (Q35 + ICH9, 2009), BIOS 2025.11-3ubuntu7 03/31/2026
00022  </TASK>
00022 RIP: 0010:osd_create+0x9cf/0xcf0 [osd_wbcfs]
00022 ---[ end trace 0000000000000000 ]---
00022 Code: c7 c7 00 c6 7b a1 48 c7 c6 a0 42 7d a1 48 c7 c2 00 4c 7d a1 e8 82 dd 43 ff 48 c7 c7 00 c6 7b a1 e8 c6 6a 44 ff e9 fe fc ff ff <0f> 0b e9 a5 fa ff ff 48 c7 c1 80 44 5d a0 80 e1 07 80 c1 03 38 c1
00022 ------------[ cut here ]------------
00022 RSP: 0018:ffffc90008f7f878 EFLAGS: 00010246
00022 WARNING: /home/ktest/git/linux/include/linux/fs.h:889 at osd_create+0x9cf/0xcf0 [osd_wbcfs], CPU#8: ll_ost00_001/1961
00022 
00022 Modules linked in:
00022 RAX: 0000000000000000 RBX: ffff88813b370000 RCX: 0000000000000046
00022  ofd(O)
00022 RDX: 0000000000000000 RSI: ffff8881b53709e8 RDI: ffff88816ad62aa8
00022  osp(O)
00022 RBP: ffff8881b5370958 R08: ffffffff83a16803 R09: 1ffffffff0742d00
00022  mdd(O)
00022 R10: dffffc0000000000 R11: fffffbfff0742d01 R12: ffff8881695cb030
00022  lod(O)
00022 R13: dffffc0000000000 R14: 1ffff1102766e000 R15: 1ffff1102d2b9642
00022 FS:  0000000000000000(0000) GS:ffff88831e92a000(0000) knlGS:0000000000000000
00022  mdt(O)
00022 CS:  0010 DS: 0000 ES: 0000 CR0: 0000000080050033
00022  lquota(O)
00022 CR2: 00005603f26e5840 CR3: 0000000004274000 CR4: 0000000000750eb0
00022  lfsck(O)
00022 PKRU: 55555554
00022  mgs(O)
00022 Call Trace:
00022  osd_wbcfs(O)
00022  <TASK>
00022  lustre(O)
00022  ? ofd_precreate_objects+0x1bd8/0x3220 [ofd]
00022  obdecho(O)
00022  ? ofd_create_hdl+0x2015/0x3510 [ofd]
00022  mgc(O)
00022  ? tgt_request_handle+0x23ad/0x3d30 [ptlrpc]
00022  mdc(O)
00022  ? ptlrpc_main+0x6359/0x96f0 [ptlrpc]
00022  lov(O)
00022  ? __kthread_parkme+0x73/0x130
00022  osc(O)
00022  ? kthread+0x2cd/0x3a0
00022  lmv(O)
00022  ? ptlrpc_start_thread+0x1f10/0x1f10 [ptlrpc]
00022  ec(O)
00022  ? kthread_unuse_mm+0x130/0x130
00022  fid(O)
00022  ? ret_from_fork+0x18c/0x520
00022  fld(O)
00022  ? kthread_unuse_mm+0x130/0x130
00022  ptlrpc(O)
00022  ? ret_from_fork_asm+0x11/0x20
00022  efivarfs
00022  </TASK>
00022  obdclass(O)
00022 ---[ end trace 0000000000000000 ]---
00022  ksocklnd(O)
00022 ------------[ cut here ]------------
00022  lnet(O)
00022 WARNING: /home/ktest/git/linux/include/linux/fs.h:889 at osd_create+0x9cf/0xcf0 [osd_wbcfs], CPU#10: ll_ost00_004/2010
00022  libcfs(O)
00022 Modules linked in:
00022 
00022  ofd(O)
00022 CPU: 8 UID: 0 PID: 1961 Comm: ll_ost00_001 Tainted: G        W  O        7.0.0-ktest-2b8c50a-6330a45-20260806-dirty #1 PREEMPT 
00022  osp(O)
00022 Tainted: [W]=WARN, [O]=OOT_MODULE
00022  mdd(O) lod(O)
00022 Hardware name: QEMU Standard PC (Q35 + ICH9, 2009), BIOS 2025.11-3ubuntu7 03/31/2026
00022  mdt(O) lquota(O)
00022 RIP: 0010:osd_create+0x9cf/0xcf0 [osd_wbcfs]
00022  lfsck(O) mgs(O)
00022 Code: c7 c7 00 c6 7b a1 48 c7 c6 a0 42 7d a1 48 c7 c2 00 4c 7d a1 e8 82 dd 43 ff 48 c7 c7 00 c6 7b a1 e8 c6 6a 44 ff e9 fe fc ff ff <0f> 0b e9 a5 fa ff ff 48 c7 c1 80 44 5d a0 80 e1 07 80 c1 03 38 c1
00022  osd_wbcfs(O)
00022 RSP: 0018:ffffc90001d57878 EFLAGS: 00010246
00022  lustre(O)
00022 
00022  obdecho(O) mgc(O)
00022 RAX: 0000000000000000 RBX: ffff8881390d0800 RCX: 0000000000000046
00022  mdc(O)
00022 RDX: 0000000000000000 RSI: ffff8881b5117b68 RDI: ffff888109d4aaa8
00022  lov(O) osc(O)
00022 RBP: ffff8881b5117ad8 R08: ffffffff83a16803 R09: 1ffffffff0742d00
00022  lmv(O) ec(O)
00022 R10: dffffc0000000000 R11: fffffbfff0742d01 R12: ffff8881ae1b2830
00022  fid(O)
00022 R13: dffffc0000000000 R14: 1ffff1102721a100 R15: 1ffff11035c36542
00022  fld(O)
00022 FS:  0000000000000000(0000) GS:ffff88831e82a000(0000) knlGS:0000000000000000
00022  ptlrpc(O)
00022 CS:  0010 DS: 0000 ES: 0000 CR0: 0000000080050033
00022  efivarfs obdclass(O)
00022 CR2: 000055d83c47af00 CR3: 0000000197f8d000 CR4: 0000000000750eb0
00022  ksocklnd(O) lnet(O)
00022 PKRU: 55555554
00022  libcfs(O)
00022 Call Trace:
00022 
00022  <TASK>
00022 CPU: 10 UID: 0 PID: 2010 Comm: ll_ost00_004 Tainted: G        W  O        7.0.0-ktest-2b8c50a-6330a45-20260806-dirty #1 PREEMPT 
00022  ? ofd_precreate_objects+0x1bd8/0x3220 [ofd]
00022 Tainted: [W]=WARN, [O]=OOT_MODULE
00022  ? ofd_create_hdl+0x2015/0x3510 [ofd]
00022 Hardware name: QEMU Standard PC (Q35 + ICH9, 2009), BIOS 2025.11-3ubuntu7 03/31/2026
00022  ? tgt_request_handle+0x23ad/0x3d30 [ptlrpc]
00022 RIP: 0010:osd_create+0x9cf/0xcf0 [osd_wbcfs]
00022  ? ptlrpc_main+0x6359/0x96f0 [ptlrpc]
00022 Code: c7 c7 00 c6 7b a1 48 c7 c6 a0 42 7d a1 48 c7 c2 00 4c 7d a1 e8 82 dd 43 ff 48 c7 c7 00 c6 7b a1 e8 c6 6a 44 ff e9 fe fc ff ff <0f> 0b e9 a5 fa ff ff 48 c7 c1 80 44 5d a0 80 e1 07 80 c1 03 38 c1
00022  ? __kthread_parkme+0x73/0x130
00022 RSP: 0018:ffffc90008f7f878 EFLAGS: 00010246
00022  ? kthread+0x2cd/0x3a0
00022 
00022  ? ptlrpc_start_thread+0x1f10/0x1f10 [ptlrpc]
00022 RAX: 0000000000000000 RBX: ffff88813b375800 RCX: 0000000000000046
00022  ? kthread_unuse_mm+0x130/0x130
00022 RDX: 0000000000000000 RSI: ffff8881b53702d0 RDI: ffff88816ad62aa8
00022  ? ret_from_fork+0x18c/0x520
00022 RBP: ffff8881b5370240 R08: ffffffff83a16803 R09: 1ffffffff0742d00
00022 R10: dffffc0000000000 R11: fffffbfff0742d01 R12: ffff8881695cb030
00022  ? kthread_unuse_mm+0x130/0x130
00022 R13: dffffc0000000000 R14: 1ffff1102766eb00 R15: 1ffff1102d2b9642
00022  ? ret_from_fork_asm+0x11/0x20
00022 FS:  0000000000000000(0000) GS:ffff88831e92a000(0000) knlGS:0000000000000000
00022  </TASK>
00022 CS:  0010 DS: 0000 ES: 0000 CR0: 0000000080050033
00022 ---[ end trace 0000000000000000 ]---
00022 CR2: 00005603f26e5840 CR3: 0000000004274000 CR4: 0000000000750eb0
00022 ------------[ cut here ]------------
00022 PKRU: 55555554
00022 WARNING: /home/ktest/git/linux/include/linux/fs.h:889 at osd_create+0x9cf/0xcf0 [osd_wbcfs], CPU#8: ll_ost00_001/1961
00022 Call Trace:
00022 Modules linked in:
00022  <TASK>
00022  ofd(O)
00022  ? ofd_precreate_objects+0x1bd8/0x3220 [ofd]
00022  osp(O)
00022  ? ofd_create_hdl+0x2015/0x3510 [ofd]
00022  mdd(O)
00022  ? tgt_request_handle+0x23ad/0x3d30 [ptlrpc]
00022  lod(O)
00022  ? ptlrpc_main+0x6359/0x96f0 [ptlrpc]
00022  mdt(O)
00022  ? __kthread_parkme+0x73/0x130
00022  lquota(O)
00022  ? kthread+0x2cd/0x3a0
00022  lfsck(O)
00022  ? ptlrpc_start_thread+0x1f10/0x1f10 [ptlrpc]
00022  mgs(O)
00022  ? kthread_unuse_mm+0x130/0x130
00022  osd_wbcfs(O)
00022  ? ret_from_fork+0x18c/0x520
00022  lustre(O)
00022  ? kthread_unuse_mm+0x130/0x130
00022  obdecho(O)
00022  ? ret_from_fork_asm+0x11/0x20
00022  mgc(O)
00022  </TASK>
00022  mdc(O)
00022 ---[ end trace 0000000000000000 ]---
00022  lov(O)
00022 ------------[ cut here ]------------
00022  osc(O)
00022 WARNING: /home/ktest/git/linux/include/linux/fs.h:889 at osd_create+0x9cf/0xcf0 [osd_wbcfs], CPU#10: ll_ost00_004/2010
00022  lmv(O)
00022 Modules linked in:
00022  ec(O)
00022  ofd(O)
00022  fid(O)
00022  osp(O)
00022  fld(O)
00022  mdd(O)
00022  ptlrpc(O)
00022  lod(O)
00022  efivarfs
00022  mdt(O)
00022  obdclass(O)
00022  lquota(O)
00022  ksocklnd(O)
00022  lfsck(O)
00022  lnet(O)
00022  mgs(O)
00022  libcfs(O)
00022  osd_wbcfs(O)
00022 
00022  lustre(O)
00022 CPU: 8 UID: 0 PID: 1961 Comm: ll_ost00_001 Tainted: G        W  O        7.0.0-ktest-2b8c50a-6330a45-20260806-dirty #1 PREEMPT 
00022  obdecho(O)
00022 Tainted: [W]=WARN, [O]=OOT_MODULE
00022  mgc(O)
00022 Hardware name: QEMU Standard PC (Q35 + ICH9, 2009), BIOS 2025.11-3ubuntu7 03/31/2026
00022  mdc(O)
00022 RIP: 0010:osd_create+0x9cf/0xcf0 [osd_wbcfs]
00022  lov(O)
00022 Code: c7 c7 00 c6 7b a1 48 c7 c6 a0 42 7d a1 48 c7 c2 00 4c 7d a1 e8 82 dd 43 ff 48 c7 c7 00 c6 7b a1 e8 c6 6a 44 ff e9 fe fc ff ff <0f> 0b e9 a5 fa ff ff 48 c7 c1 80 44 5d a0 80 e1 07 80 c1 03 38 c1
00022  osc(O)
00022 RSP: 0018:ffffc90001d57878 EFLAGS: 00010246
00022  lmv(O)
00022 
00022  ec(O) fid(O)
00022 RAX: 0000000000000000 RBX: ffff8881390d6400 RCX: 0000000000000046
00022  fld(O)
00022 RDX: 0000000000000000 RSI: ffff8881b5117450 RDI: ffff888109d4aaa8
00022  ptlrpc(O)
00022 RBP: ffff8881b51173c0 R08: ffffffff83a16803 R09: 1ffffffff0742d00
00022  efivarfs
00022 R10: dffffc0000000000 R11: fffffbfff0742d01 R12: ffff8881ae1b2830
00022  obdclass(O) ksocklnd(O)
00022 R13: dffffc0000000000 R14: 1ffff1102721ac80 R15: 1ffff11035c36542
00022  lnet(O)
00022 FS:  0000000000000000(0000) GS:ffff88831e82a000(0000) knlGS:0000000000000000
00022  libcfs(O)
00022 CS:  0010 DS: 0000 ES: 0000 CR0: 0000000080050033
00022 CPU: 10 UID: 0 PID: 2010 Comm: ll_ost00_004 Tainted: G        W  O        7.0.0-ktest-2b8c50a-6330a45-20260806-dirty #1 PREEMPT 
00022 CR2: 000055d83c47af00 CR3: 0000000197f8d000 CR4: 0000000000750eb0
00022 Tainted: [W]=WARN, [O]=OOT_MODULE
00022 PKRU: 55555554
00022 Hardware name: QEMU Standard PC (Q35 + ICH9, 2009), BIOS 2025.11-3ubuntu7 03/31/2026
00022 Call Trace:
00022 RIP: 0010:osd_create+0x9cf/0xcf0 [osd_wbcfs]
00022  <TASK>
00022 Code: c7 c7 00 c6 7b a1 48 c7 c6 a0 42 7d a1 48 c7 c2 00 4c 7d a1 e8 82 dd 43 ff 48 c7 c7 00 c6 7b a1 e8 c6 6a 44 ff e9 fe fc ff ff <0f> 0b e9 a5 fa ff ff 48 c7 c1 80 44 5d a0 80 e1 07 80 c1 03 38 c1
00022  ? ofd_precreate_objects+0x1bd8/0x3220 [ofd]
00022 RSP: 0018:ffffc90008f7f878 EFLAGS: 00010246
00022  ? ofd_create_hdl+0x2015/0x3510 [ofd]
00022 
00022 RAX: 0000000000000000 RBX: ffff88813b375400 RCX: 0000000000000046
00022  ? tgt_request_handle+0x23ad/0x3d30 [ptlrpc]
00022 RDX: 0000000000000000 RSI: ffff8881b53850d8 RDI: ffff88816ad62aa8
00022 RBP: ffff8881b5385048 R08: ffffffff83a16803 R09: 1ffffffff0742d00
00022  ? ptlrpc_main+0x6359/0x96f0 [ptlrpc]
00022 R10: dffffc0000000000 R11: fffffbfff0742d01 R12: ffff8881695cb030
00022  ? __kthread_parkme+0x73/0x130
00022 R13: dffffc0000000000 R14: 1ffff1102766ea80 R15: 1ffff1102d2b9642
00022  ? kthread+0x2cd/0x3a0
00022 FS:  0000000000000000(0000) GS:ffff88831e92a000(0000) knlGS:0000000000000000
00022  ? ptlrpc_start_thread+0x1f10/0x1f10 [ptlrpc]
00022 CS:  0010 DS: 0000 ES: 0000 CR0: 0000000080050033
00022  ? kthread_unuse_mm+0x130/0x130
00022 CR2: 00005603f26e5840 CR3: 0000000004274000 CR4: 0000000000750eb0
00022  ? ret_from_fork+0x18c/0x520
00022 PKRU: 55555554
00022  ? kthread_unuse_mm+0x130/0x130
00022 Call Trace:
00022  ? ret_from_fork_asm+0x11/0x20
00022  <TASK>
00022  </TASK>
00022  ? ofd_precreate_objects+0x1bd8/0x3220 [ofd]
00022 ---[ end trace 0000000000000000 ]---
00022  ? ofd_create_hdl+0x2015/0x3510 [ofd]
00022 ------------[ cut here ]------------
00022  ? tgt_request_handle+0x23ad/0x3d30 [ptlrpc]
00022 WARNING: /home/ktest/git/linux/include/linux/fs.h:889 at osd_create+0x9cf/0xcf0 [osd_wbcfs], CPU#8: ll_ost00_001/1961
00022  ? ptlrpc_main+0x6359/0x96f0 [ptlrpc]
00022 Modules linked in:
00022  ? __kthread_parkme+0x73/0x130
00022  ofd(O)
00022  ? kthread+0x2cd/0x3a0
00022  osp(O)
00022  ? ptlrpc_start_thread+0x1f10/0x1f10 [ptlrpc]
00022  mdd(O)
00022  ? kthread_unuse_mm+0x130/0x130
00022  lod(O)
00022  ? ret_from_fork+0x18c/0x520
00022  mdt(O)
00022  ? kthread_unuse_mm+0x130/0x130
00022  lquota(O)
00022  ? ret_from_fork_asm+0x11/0x20
00022  lfsck(O)
00022  </TASK>
00022  mgs(O)
00022 ---[ end trace 0000000000000000 ]---
00022  osd_wbcfs(O)
00022 ------------[ cut here ]------------
00022  lustre(O)
00022 WARNING: /home/ktest/git/linux/include/linux/fs.h:889 at osd_create+0x9cf/0xcf0 [osd_wbcfs], CPU#10: ll_ost00_004/2010
00022  obdecho(O)
00022 Modules linked in:
00022  mgc(O)
00022  ofd(O)
00022  mdc(O)
00022  osp(O)
00022  lov(O)
00022  mdd(O)
00022  osc(O)
00022  lod(O)
00022  lmv(O)
00022  mdt(O)
00022  ec(O)
00022  lquota(O)
00022  fid(O)
00022  lfsck(O)
00022  fld(O)
00022  mgs(O) osd_wbcfs(O)
00022  ptlrpc(O)
00022  lustre(O) obdecho(O)
00022  efivarfs
00022  mgc(O) mdc(O)
00022  obdclass(O)
00022  lov(O) osc(O)
00022  ksocklnd(O)
00022  lmv(O)
00022  lnet(O)
00022  ec(O)
00022  libcfs(O)
00022  fid(O)
00022 
00022  fld(O) ptlrpc(O)
00022 CPU: 8 UID: 0 PID: 1961 Comm: ll_ost00_001 Tainted: G        W  O        7.0.0-ktest-2b8c50a-6330a45-20260806-dirty #1 PREEMPT 
00022  efivarfs obdclass(O)
00022 Tainted: [W]=WARN, [O]=OOT_MODULE
00022  ksocklnd(O)
00022 Hardware name: QEMU Standard PC (Q35 + ICH9, 2009), BIOS 2025.11-3ubuntu7 03/31/2026
00022  lnet(O)
00022 RIP: 0010:osd_create+0x9cf/0xcf0 [osd_wbcfs]
00022  libcfs(O)
00022 Code: c7 c7 00 c6 7b a1 48 c7 c6 a0 42 7d a1 48 c7 c2 00 4c 7d a1 e8 82 dd 43 ff 48 c7 c7 00 c6 7b a1 e8 c6 6a 44 ff e9 fe fc ff ff <0f> 0b e9 a5 fa ff ff 48 c7 c1 80 44 5d a0 80 e1 07 80 c1 03 38 c1
00022 CPU: 10 UID: 0 PID: 2010 Comm: ll_ost00_004 Tainted: G        W  O        7.0.0-ktest-2b8c50a-6330a45-20260806-dirty #1 PREEMPT 
00022 RSP: 0018:ffffc90001d57878 EFLAGS: 00010246
00022 Tainted: [W]=WARN, [O]=OOT_MODULE
00022 
00022 Hardware name: QEMU Standard PC (Q35 + ICH9, 2009), BIOS 2025.11-3ubuntu7 03/31/2026
00022 RAX: 0000000000000000 RBX: ffff8881390f4400 RCX: 0000000000000046
00022 RIP: 0010:osd_create+0x9cf/0xcf0 [osd_wbcfs]
00022 RDX: 0000000000000000 RSI: ffff8881b5116d38 RDI: ffff888109d4aaa8
00022 Code: c7 c7 00 c6 7b a1 48 c7 c6 a0 42 7d a1 48 c7 c2 00 4c 7d a1 e8 82 dd 43 ff 48 c7 c7 00 c6 7b a1 e8 c6 6a 44 ff e9 fe fc ff ff <0f> 0b e9 a5 fa ff ff 48 c7 c1 80 44 5d a0 80 e1 07 80 c1 03 38 c1
00022 RBP: ffff8881b5116ca8 R08: ffffffff83a16803 R09: 1ffffffff0742d00
00022 RSP: 0018:ffffc90008f7f878 EFLAGS: 00010246
00022 R10: dffffc0000000000 R11: fffffbfff0742d01 R12: ffff8881ae1b2830
00022 
00022 R13: dffffc0000000000 R14: 1ffff1102721e880 R15: 1ffff11035c36542
00022 RAX: 0000000000000000 RBX: ffff88813b374c00 RCX: 0000000000000046
00022 FS:  0000000000000000(0000) GS:ffff88831e82a000(0000) knlGS:0000000000000000
00022 RDX: 0000000000000000 RSI: ffff8881b53849c0 RDI: ffff88816ad62aa8
00022 CS:  0010 DS: 0000 ES: 0000 CR0: 0000000080050033
00022 RBP: ffff8881b5384930 R08: ffffffff83a16803 R09: 1ffffffff0742d00
00022 CR2: 000055d83c47af00 CR3: 0000000197f8d000 CR4: 0000000000750eb0
00022 R10: dffffc0000000000 R11: fffffbfff0742d01 R12: ffff8881695cb030
00022 PKRU: 55555554
00022 R13: dffffc0000000000 R14: 1ffff1102766e980 R15: 1ffff1102d2b9642
00022 Call Trace:
00022  <TASK>
00022 FS:  0000000000000000(0000) GS:ffff88831e92a000(0000) knlGS:0000000000000000
00022  ? ofd_precreate_objects+0x1bd8/0x3220 [ofd]
00022 CS:  0010 DS: 0000 ES: 0000 CR0: 0000000080050033
00022  ? ofd_create_hdl+0x2015/0x3510 [ofd]
00022 CR2: 00005603f26e5840 CR3: 0000000004274000 CR4: 0000000000750eb0
00022  ? tgt_request_handle+0x23ad/0x3d30 [ptlrpc]
00022 PKRU: 55555554
00022  ? ptlrpc_main+0x6359/0x96f0 [ptlrpc]
00022 Call Trace:
00022  <TASK>
00022  ? __kthread_parkme+0x73/0x130
00022  ? ofd_precreate_objects+0x1bd8/0x3220 [ofd]
00022  ? kthread+0x2cd/0x3a0
00022  ? ofd_create_hdl+0x2015/0x3510 [ofd]
00022  ? ptlrpc_start_thread+0x1f10/0x1f10 [ptlrpc]
00022  ? tgt_request_handle+0x23ad/0x3d30 [ptlrpc]
00022  ? kthread_unuse_mm+0x130/0x130
00022  ? ptlrpc_main+0x6359/0x96f0 [ptlrpc]
00022  ? ret_from_fork+0x18c/0x520
00022  ? __kthread_parkme+0x73/0x130
00022  ? kthread_unuse_mm+0x130/0x130
00022  ? kthread+0x2cd/0x3a0
00022  ? ret_from_fork_asm+0x11/0x20
00022  ? ptlrpc_start_thread+0x1f10/0x1f10 [ptlrpc]
00022  </TASK>
00022  ? kthread_unuse_mm+0x130/0x130
00022 ---[ end trace 0000000000000000 ]---
00022  ? ret_from_fork+0x18c/0x520
00022 ------------[ cut here ]------------
00022  ? kthread_unuse_mm+0x130/0x130
00022 WARNING: /home/ktest/git/linux/include/linux/fs.h:889 at osd_create+0x9cf/0xcf0 [osd_wbcfs], CPU#8: ll_ost00_001/1961
00022  ? ret_from_fork_asm+0x11/0x20
00022 Modules linked in:
00022  </TASK>
00022  ofd(O)
00022 ---[ end trace 0000000000000000 ]---
00022  osp(O)
00022 ------------[ cut here ]------------
00022  mdd(O)
00022 WARNING: /home/ktest/git/linux/include/linux/fs.h:889 at osd_create+0x9cf/0xcf0 [osd_wbcfs], CPU#10: ll_ost00_004/2010
00022  lod(O)
00022 Modules linked in:
00022  mdt(O)
00022  ofd(O)
00022  lquota(O)
00022  osp(O)
00022  lfsck(O)
00022  mdd(O)
00022  mgs(O)
00022  lod(O)
00022  osd_wbcfs(O)
00022  mdt(O)
00022  lustre(O)
00022  lquota(O) lfsck(O)
00022  obdecho(O)
00022  mgs(O)
00022  mgc(O)
00022  osd_wbcfs(O)
00022  mdc(O)
00022  lustre(O)
00022  lov(O)
00022  obdecho(O)
00022  osc(O)
00022  mgc(O)
00022  lmv(O)
00022  mdc(O)
00022  ec(O)
00022  lov(O)
00022  fid(O)
00022  osc(O) lmv(O)
00022  fld(O)
00022  ec(O)
00022  ptlrpc(O)
00022  fid(O)
00022  efivarfs
00022  fld(O)
00022  obdclass(O)
00022  ptlrpc(O)
00022  ksocklnd(O)
00022  efivarfs
00022  lnet(O)
00022  obdclass(O) ksocklnd(O)
00022  libcfs(O)
00022  lnet(O)
00022 
00022  libcfs(O)
00022 CPU: 8 UID: 0 PID: 1961 Comm: ll_ost00_001 Tainted: G        W  O        7.0.0-ktest-2b8c50a-6330a45-20260806-dirty #1 PREEMPT 
00022 
00022 Tainted: [W]=WARN, [O]=OOT_MODULE
00022 CPU: 10 UID: 0 PID: 2010 Comm: ll_ost00_004 Tainted: G        W  O        7.0.0-ktest-2b8c50a-6330a45-20260806-dirty #1 PREEMPT 
00022 Hardware name: QEMU Standard PC (Q35 + ICH9, 2009), BIOS 2025.11-3ubuntu7 03/31/2026
00022 Tainted: [W]=WARN, [O]=OOT_MODULE
00022 RIP: 0010:osd_create+0x9cf/0xcf0 [osd_wbcfs]
00022 Hardware name: QEMU Standard PC (Q35 + ICH9, 2009), BIOS 2025.11-3ubuntu7 03/31/2026
00022 Code: c7 c7 00 c6 7b a1 48 c7 c6 a0 42 7d a1 48 c7 c2 00 4c 7d a1 e8 82 dd 43 ff 48 c7 c7 00 c6 7b a1 e8 c6 6a 44 ff e9 fe fc ff ff <0f> 0b e9 a5 fa ff ff 48 c7 c1 80 44 5d a0 80 e1 07 80 c1 03 38 c1
00022 RIP: 0010:osd_create+0x9cf/0xcf0 [osd_wbcfs]
00022 RSP: 0018:ffffc90001d57878 EFLAGS: 00010246
00022 Code: c7 c7 00 c6 7b a1 48 c7 c6 a0 42 7d a1 48 c7 c2 00 4c 7d a1 e8 82 dd 43 ff 48 c7 c7 00 c6 7b a1 e8 c6 6a 44 ff e9 fe fc ff ff <0f> 0b e9 a5 fa ff ff 48 c7 c1 80 44 5d a0 80 e1 07 80 c1 03 38 c1
00022 
00022 RSP: 0018:ffffc90008f7f878 EFLAGS: 00010246
00022 RAX: 0000000000000000 RBX: ffff8881390f4000 RCX: 0000000000000046
00022 
00022 RAX: 0000000000000000 RBX: ffff88813b374800 RCX: 0000000000000046
00022 RDX: 0000000000000000 RSI: ffff8881b5116620 RDI: ffff888109d4aaa8
00022 RDX: 0000000000000000 RSI: ffff8881b53842a8 RDI: ffff88816ad62aa8
00022 RBP: ffff8881b5116590 R08: ffffffff83a16803 R09: 1ffffffff0742d00
00022 RBP: ffff8881b5384218 R08: ffffffff83a16803 R09: 1ffffffff0742d00
00022 R10: dffffc0000000000 R11: fffffbfff0742d01 R12: ffff8881ae1b2830
00022 R10: dffffc0000000000 R11: fffffbfff0742d01 R12: ffff8881695cb030
00022 R13: dffffc0000000000 R14: 1ffff1102721e800 R15: 1ffff11035c36542
00022 R13: dffffc0000000000 R14: 1ffff1102766e900 R15: 1ffff1102d2b9642
00022 FS:  0000000000000000(0000) GS:ffff88831e82a000(0000) knlGS:0000000000000000
00022 FS:  0000000000000000(0000) GS:ffff88831e92a000(0000) knlGS:0000000000000000
00022 CS:  0010 DS: 0000 ES: 0000 CR0: 0000000080050033
00022 CS:  0010 DS: 0000 ES: 0000 CR0: 0000000080050033
00022 CR2: 000055d83c47af00 CR3: 0000000197f8d000 CR4: 0000000000750eb0
00022 CR2: 00005603f26e5840 CR3: 0000000004274000 CR4: 0000000000750eb0
00022 PKRU: 55555554
00022 PKRU: 55555554
00022 Call Trace:
00022 Call Trace:
00022  <TASK>
00022  <TASK>
00022  ? ofd_precreate_objects+0x1bd8/0x3220 [ofd]
00022  ? ofd_precreate_objects+0x1bd8/0x3220 [ofd]
00022  ? ofd_create_hdl+0x2015/0x3510 [ofd]
00022  ? ofd_create_hdl+0x2015/0x3510 [ofd]
00022  ? tgt_request_handle+0x23ad/0x3d30 [ptlrpc]
00022  ? tgt_request_handle+0x23ad/0x3d30 [ptlrpc]
00022  ? ptlrpc_main+0x6359/0x96f0 [ptlrpc]
00022  ? ptlrpc_main+0x6359/0x96f0 [ptlrpc]
00022  ? __kthread_parkme+0x73/0x130
00022  ? __kthread_parkme+0x73/0x130
00022  ? kthread+0x2cd/0x3a0
00022  ? kthread+0x2cd/0x3a0
00022  ? ptlrpc_start_thread+0x1f10/0x1f10 [ptlrpc]
00022  ? ptlrpc_start_thread+0x1f10/0x1f10 [ptlrpc]
00022  ? kthread_unuse_mm+0x130/0x130
00022  ? kthread_unuse_mm+0x130/0x130
00022  ? ret_from_fork+0x18c/0x520
00022  ? ret_from_fork+0x18c/0x520
00022  ? kthread_unuse_mm+0x130/0x130
00022  ? kthread_unuse_mm+0x130/0x130
00022  ? ret_from_fork_asm+0x11/0x20
00022  ? ret_from_fork_asm+0x11/0x20
00022  </TASK>
00022  </TASK>
00022 ---[ end trace 0000000000000000 ]---
00022 ---[ end trace 0000000000000000 ]---
00022 ------------[ cut here ]------------
00022 ------------[ cut here ]------------
00022 WARNING: /home/ktest/git/linux/include/linux/fs.h:889 at osd_create+0x9cf/0xcf0 [osd_wbcfs], CPU#8: ll_ost00_001/1961
00022 WARNING: /home/ktest/git/linux/include/linux/fs.h:889 at osd_create+0x9cf/0xcf0 [osd_wbcfs], CPU#10: ll_ost00_004/2010
00022 Modules linked in:
00022 Modules linked in: ofd(O)
00022  ofd(O)
00022  osp(O) mdd(O)
00022  osp(O)
00022  lod(O)
00022  mdd(O)
00022  mdt(O) lquota(O)
00022  lod(O)
00022  lfsck(O)
00022  mdt(O)
00022  mgs(O) osd_wbcfs(O)
00022  lquota(O)
00022  lustre(O)
00022  lfsck(O)
00022  obdecho(O)
00022  mgs(O)
00022  mgc(O)
00022  osd_wbcfs(O)
00022  mdc(O)
00022  lustre(O)
00022  lov(O)
00022  obdecho(O)
00022  osc(O)
00022  mgc(O)
00022  lmv(O)
00022  mdc(O)
00022  ec(O)
00022  lov(O)
00022  fid(O)
00022  osc(O)
00022  fld(O) ptlrpc(O)
00022  lmv(O)
00022  efivarfs
00022  ec(O)
00022  obdclass(O)
00022  fid(O)
00022  ksocklnd(O)
00022  fld(O)
00022  lnet(O)
00022  ptlrpc(O)
00022  libcfs(O)
00022  efivarfs
00022 
00022  obdclass(O)
00022 CPU: 10 UID: 0 PID: 2010 Comm: ll_ost00_004 Tainted: G        W  O        7.0.0-ktest-2b8c50a-6330a45-20260806-dirty #1 PREEMPT 
00022  ksocklnd(O)
00022 Tainted: [W]=WARN, [O]=OOT_MODULE
00022  lnet(O)
00022 Hardware name: QEMU Standard PC (Q35 + ICH9, 2009), BIOS 2025.11-3ubuntu7 03/31/2026
00022  libcfs(O)
00022 RIP: 0010:osd_create+0x9cf/0xcf0 [osd_wbcfs]
00022 
00022 Code: c7 c7 00 c6 7b a1 48 c7 c6 a0 42 7d a1 48 c7 c2 00 4c 7d a1 e8 82 dd 43 ff 48 c7 c7 00 c6 7b a1 e8 c6 6a 44 ff e9 fe fc ff ff <0f> 0b e9 a5 fa ff ff 48 c7 c1 80 44 5d a0 80 e1 07 80 c1 03 38 c1
00022 CPU: 8 UID: 0 PID: 1961 Comm: ll_ost00_001 Tainted: G        W  O        7.0.0-ktest-2b8c50a-6330a45-20260806-dirty #1 PREEMPT 
00022 RSP: 0018:ffffc90008f7f878 EFLAGS: 00010246
00022 Tainted: [W]=WARN, [O]=OOT_MODULE
00022 
00022 RAX: 0000000000000000 RBX: ffff88813b374400 RCX: 0000000000000046
00022 Hardware name: QEMU Standard PC (Q35 + ICH9, 2009), BIOS 2025.11-3ubuntu7 03/31/2026
00022 RDX: 0000000000000000 RSI: ffff8881b5383b90 RDI: ffff88816ad62aa8
00022 RIP: 0010:osd_create+0x9cf/0xcf0 [osd_wbcfs]
00022 RBP: ffff8881b5383b00 R08: ffffffff83a16803 R09: 1ffffffff0742d00
00022 Code: c7 c7 00 c6 7b a1 48 c7 c6 a0 42 7d a1 48 c7 c2 00 4c 7d a1 e8 82 dd 43 ff 48 c7 c7 00 c6 7b a1 e8 c6 6a 44 ff e9 fe fc ff ff <0f> 0b e9 a5 fa ff ff 48 c7 c1 80 44 5d a0 80 e1 07 80 c1 03 38 c1
00022 R10: dffffc0000000000 R11: fffffbfff0742d01 R12: ffff8881695cb030
00022 RSP: 0018:ffffc90001d57878 EFLAGS: 00010246
00022 R13: dffffc0000000000 R14: 1ffff1102766e880 R15: 1ffff1102d2b9642
00022 
00022 FS:  0000000000000000(0000) GS:ffff88831e92a000(0000) knlGS:0000000000000000
00022 RAX: 0000000000000000 RBX: ffff8881390f6c00 RCX: 0000000000000046
00022 CS:  0010 DS: 0000 ES: 0000 CR0: 0000000080050033
00022 RDX: 0000000000000000 RSI: ffff8881b5115f08 RDI: ffff888109d4aaa8
00022 CR2: 00005603f26e5840 CR3: 0000000004274000 CR4: 0000000000750eb0
00022 RBP: ffff8881b5115e78 R08: ffffffff83a16803 R09: 1ffffffff0742d00
00022 PKRU: 55555554
00022 R10: dffffc0000000000 R11: fffffbfff0742d01 R12: ffff8881ae1b2830
00022 Call Trace:
00022  <TASK>
00022 R13: dffffc0000000000 R14: 1ffff1102721ed80 R15: 1ffff11035c36542
00022  ? ofd_precreate_objects+0x1bd8/0x3220 [ofd]
00022 FS:  0000000000000000(0000) GS:ffff88831e82a000(0000) knlGS:0000000000000000
00022  ? ofd_create_hdl+0x2015/0x3510 [ofd]
00022 CS:  0010 DS: 0000 ES: 0000 CR0: 0000000080050033
00022  ? tgt_request_handle+0x23ad/0x3d30 [ptlrpc]
00022 CR2: 000055d83c47af00 CR3: 0000000197f8d000 CR4: 0000000000750eb0
00022  ? ptlrpc_main+0x6359/0x96f0 [ptlrpc]
00022 PKRU: 55555554
00022  ? __kthread_parkme+0x73/0x130
00022 Call Trace:
00022  ? kthread+0x2cd/0x3a0
00022  <TASK>
00022  ? ptlrpc_start_thread+0x1f10/0x1f10 [ptlrpc]
00022  ? ofd_precreate_objects+0x1bd8/0x3220 [ofd]
00022  ? kthread_unuse_mm+0x130/0x130
00022  ? ofd_create_hdl+0x2015/0x3510 [ofd]
00022  ? ret_from_fork+0x18c/0x520
00022  ? tgt_request_handle+0x23ad/0x3d30 [ptlrpc]
00022  ? kthread_unuse_mm+0x130/0x130
00022  ? ptlrpc_main+0x6359/0x96f0 [ptlrpc]
00022  ? ret_from_fork_asm+0x11/0x20
00022  ? __kthread_parkme+0x73/0x130
00022  </TASK>
00022  ? kthread+0x2cd/0x3a0
00022 ---[ end trace 0000000000000000 ]---
00022  ? ptlrpc_start_thread+0x1f10/0x1f10 [ptlrpc]
00022 ------------[ cut here ]------------
00022  ? kthread_unuse_mm+0x130/0x130
00022 WARNING: /home/ktest/git/linux/include/linux/fs.h:889 at osd_create+0x9cf/0xcf0 [osd_wbcfs], CPU#10: ll_ost00_004/2010
00022  ? ret_from_fork+0x18c/0x520
00022 Modules linked in: ofd(O)
00022  ? kthread_unuse_mm+0x130/0x130
00022  osp(O) mdd(O)
00022  ? ret_from_fork_asm+0x11/0x20
00022  lod(O)
00022  </TASK>
00022  mdt(O)
00022 ---[ end trace 0000000000000000 ]---
00022  lquota(O)
00022 ------------[ cut here ]------------
00022  lfsck(O)
00022 WARNING: /home/ktest/git/linux/include/linux/fs.h:889 at osd_create+0x9cf/0xcf0 [osd_wbcfs], CPU#8: ll_ost00_001/1961
00022  mgs(O) osd_wbcfs(O)
00022 Modules linked in:
00022  lustre(O)
00022  ofd(O)
00022  obdecho(O)
00022  osp(O)
00022  mgc(O)
00022  mdd(O)
00022  mdc(O)
00022  lod(O)
00022  lov(O)
00022  mdt(O) lquota(O)
00022  osc(O)
00022  lfsck(O)
00022  lmv(O)
00022  mgs(O) osd_wbcfs(O)
00022  ec(O)
00022  lustre(O)
00022  fid(O)
00022  obdecho(O)
00022  fld(O)
00022  mgc(O)
00022  ptlrpc(O)
00022  mdc(O)
00022  efivarfs
00022  lov(O)
00022  obdclass(O)
00022  osc(O)
00022  ksocklnd(O)
00022  lmv(O)
00022  lnet(O)
00022  ec(O)
00022  libcfs(O)
00022  fid(O)
00022 
00022  fld(O)
00022 CPU: 10 UID: 0 PID: 2010 Comm: ll_ost00_004 Tainted: G        W  O        7.0.0-ktest-2b8c50a-6330a45-20260806-dirty #1 PREEMPT 
00022  ptlrpc(O)
00022 Tainted: [W]=WARN, [O]=OOT_MODULE
00022  efivarfs
00022 Hardware name: QEMU Standard PC (Q35 + ICH9, 2009), BIOS 2025.11-3ubuntu7 03/31/2026
00022  obdclass(O)
00022 RIP: 0010:osd_create+0x9cf/0xcf0 [osd_wbcfs]
00022  ksocklnd(O)
00022 Code: c7 c7 00 c6 7b a1 48 c7 c6 a0 42 7d a1 48 c7 c2 00 4c 7d a1 e8 82 dd 43 ff 48 c7 c7 00 c6 7b a1 e8 c6 6a 44 ff e9 fe fc ff ff <0f> 0b e9 a5 fa ff ff 48 c7 c1 80 44 5d a0 80 e1 07 80 c1 03 38 c1
00022  lnet(O) libcfs(O)
00022 RSP: 0018:ffffc90008f7f878 EFLAGS: 00010246
00022 
00022 
00022 CPU: 8 UID: 0 PID: 1961 Comm: ll_ost00_001 Tainted: G        W  O        7.0.0-ktest-2b8c50a-6330a45-20260806-dirty #1 PREEMPT 
00022 RAX: 0000000000000000 RBX: ffff88813b374000 RCX: 0000000000000046
00022 Tainted: [W]=WARN, [O]=OOT_MODULE
00022 RDX: 0000000000000000 RSI: ffff8881b5383478 RDI: ffff88816ad62aa8
00022 Hardware name: QEMU Standard PC (Q35 + ICH9, 2009), BIOS 2025.11-3ubuntu7 03/31/2026
00022 RBP: ffff8881b53833e8 R08: ffffffff83a16803 R09: 1ffffffff0742d00
00022 RIP: 0010:osd_create+0x9cf/0xcf0 [osd_wbcfs]
00022 R10: dffffc0000000000 R11: fffffbfff0742d01 R12: ffff8881695cb030
00022 Code: c7 c7 00 c6 7b a1 48 c7 c6 a0 42 7d a1 48 c7 c2 00 4c 7d a1 e8 82 dd 43 ff 48 c7 c7 00 c6 7b a1 e8 c6 6a 44 ff e9 fe fc ff ff <0f> 0b e9 a5 fa ff ff 48 c7 c1 80 44 5d a0 80 e1 07 80 c1 03 38 c1
00022 R13: dffffc0000000000 R14: 1ffff1102766e800 R15: 1ffff1102d2b9642
00022 RSP: 0018:ffffc90001d57878 EFLAGS: 00010246
00022 FS:  0000000000000000(0000) GS:ffff88831e92a000(0000) knlGS:0000000000000000
00022 
00022 CS:  0010 DS: 0000 ES: 0000 CR0: 0000000080050033
00022 RAX: 0000000000000000 RBX: ffff8881390f6400 RCX: 0000000000000046
00022 CR2: 00005603f26e5840 CR3: 0000000004274000 CR4: 0000000000750eb0
00022 RDX: 0000000000000000 RSI: ffff8881b51157f0 RDI: ffff888109d4aaa8
00022 PKRU: 55555554
00022 RBP: ffff8881b5115760 R08: ffffffff83a16803 R09: 1ffffffff0742d00
00022 Call Trace:
00022 R10: dffffc0000000000 R11: fffffbfff0742d01 R12: ffff8881ae1b2830
00022  <TASK>
00022 R13: dffffc0000000000 R14: 1ffff1102721ec80 R15: 1ffff11035c36542
00022  ? ofd_precreate_objects+0x1bd8/0x3220 [ofd]
00022 FS:  0000000000000000(0000) GS:ffff88831e82a000(0000) knlGS:0000000000000000
00022  ? ofd_create_hdl+0x2015/0x3510 [ofd]
00022 CS:  0010 DS: 0000 ES: 0000 CR0: 0000000080050033
00022  ? tgt_request_handle+0x23ad/0x3d30 [ptlrpc]
00022 CR2: 000055d83c47af00 CR3: 0000000197f8d000 CR4: 0000000000750eb0
00022  ? ptlrpc_main+0x6359/0x96f0 [ptlrpc]
00022 PKRU: 55555554
00022  ? __kthread_parkme+0x73/0x130
00022 Call Trace:
00022  ? kthread+0x2cd/0x3a0
00022  <TASK>
00022  ? ptlrpc_start_thread+0x1f10/0x1f10 [ptlrpc]
00022  ? ofd_precreate_objects+0x1bd8/0x3220 [ofd]
00022  ? kthread_unuse_mm+0x130/0x130
00022  ? ofd_create_hdl+0x2015/0x3510 [ofd]
00022  ? ret_from_fork+0x18c/0x520
00022  ? tgt_request_handle+0x23ad/0x3d30 [ptlrpc]
00022  ? kthread_unuse_mm+0x130/0x130
00022  ? ptlrpc_main+0x6359/0x96f0 [ptlrpc]
00022  ? ret_from_fork_asm+0x11/0x20
00022  ? __kthread_parkme+0x73/0x130
00022  </TASK>
00022  ? kthread+0x2cd/0x3a0
00022 ---[ end trace 0000000000000000 ]---
00022  ? ptlrpc_start_thread+0x1f10/0x1f10 [ptlrpc]
00022 ------------[ cut here ]------------
00022  ? kthread_unuse_mm+0x130/0x130
00022 WARNING: /home/ktest/git/linux/include/linux/fs.h:889 at osd_create+0x9cf/0xcf0 [osd_wbcfs], CPU#10: ll_ost00_004/2010
00022  ? ret_from_fork+0x18c/0x520
00022 Modules linked in:
00022  ? kthread_unuse_mm+0x130/0x130
00022  ofd(O)
00022  ? ret_from_fork_asm+0x11/0x20
00022  osp(O)
00022  </TASK>
00022  mdd(O)
00022 ---[ end trace 0000000000000000 ]---
00022  lod(O)
00022 ------------[ cut here ]------------
00022  mdt(O)
00022 WARNING: /home/ktest/git/linux/include/linux/fs.h:889 at osd_create+0x9cf/0xcf0 [osd_wbcfs], CPU#8: ll_ost00_001/1961
00022  lquota(O)
00022 Modules linked in: ofd(O)
00022  lfsck(O)
00022  osp(O)
00022  mgs(O)
00022  mdd(O)
00022  osd_wbcfs(O)
00022  lod(O)
00022  lustre(O)
00022  mdt(O)
00022  obdecho(O)
00022  lquota(O)
00022  mgc(O)
00022  lfsck(O) mgs(O)
00022  mdc(O)
00022  osd_wbcfs(O)
00022  lov(O)
00022  lustre(O)
00022  osc(O)
00022  obdecho(O) mgc(O)
00022  lmv(O) ec(O)
00022  mdc(O)
00022  fid(O)
00022  lov(O)
00022  fld(O)
00022  osc(O)
00022  ptlrpc(O)
00022  lmv(O)
00022  efivarfs
00022  ec(O)
00022  obdclass(O)
00022  fid(O)
00022  ksocklnd(O)
00022  fld(O)
00022  lnet(O)
00022  ptlrpc(O)
00022  libcfs(O)
00022  efivarfs
00022 
00022  obdclass(O)
00022 CPU: 10 UID: 0 PID: 2010 Comm: ll_ost00_004 Tainted: G        W  O        7.0.0-ktest-2b8c50a-6330a45-20260806-dirty #1 PREEMPT 
00022  ksocklnd(O)
00022 Tainted: [W]=WARN, [O]=OOT_MODULE
00022  lnet(O)
00022 Hardware name: QEMU Standard PC (Q35 + ICH9, 2009), BIOS 2025.11-3ubuntu7 03/31/2026
00022  libcfs(O)
00022 RIP: 0010:osd_create+0x9cf/0xcf0 [osd_wbcfs]
00022 
00022 CPU: 8 UID: 0 PID: 1961 Comm: ll_ost00_001 Tainted: G        W  O        7.0.0-ktest-2b8c50a-6330a45-20260806-dirty #1 PREEMPT 
00022 Code: c7 c7 00 c6 7b a1 48 c7 c6 a0 42 7d a1 48 c7 c2 00 4c 7d a1 e8 82 dd 43 ff 48 c7 c7 00 c6 7b a1 e8 c6 6a 44 ff e9 fe fc ff ff <0f> 0b e9 a5 fa ff ff 48 c7 c1 80 44 5d a0 80 e1 07 80 c1 03 38 c1
00022 Tainted: [W]=WARN, [O]=OOT_MODULE
00022 RSP: 0018:ffffc90008f7f878 EFLAGS: 00010246
00022 Hardware name: QEMU Standard PC (Q35 + ICH9, 2009), BIOS 2025.11-3ubuntu7 03/31/2026
00022 
00022 RIP: 0010:osd_create+0x9cf/0xcf0 [osd_wbcfs]
00022 RAX: 0000000000000000 RBX: ffff88813b373c00 RCX: 0000000000000046
00022 Code: c7 c7 00 c6 7b a1 48 c7 c6 a0 42 7d a1 48 c7 c2 00 4c 7d a1 e8 82 dd 43 ff 48 c7 c7 00 c6 7b a1 e8 c6 6a 44 ff e9 fe fc ff ff <0f> 0b e9 a5 fa ff ff 48 c7 c1 80 44 5d a0 80 e1 07 80 c1 03 38 c1
00022 RDX: 0000000000000000 RSI: ffff8881b5382d60 RDI: ffff88816ad62aa8
00022 RSP: 0018:ffffc90001d57878 EFLAGS: 00010246
00022 RBP: ffff8881b5382cd0 R08: ffffffff83a16803 R09: 1ffffffff0742d00
00022 
00022 R10: dffffc0000000000 R11: fffffbfff0742d01 R12: ffff8881695cb030
00022 RAX: 0000000000000000 RBX: ffff8881390f5c00 RCX: 0000000000000046
00022 R13: dffffc0000000000 R14: 1ffff1102766e780 R15: 1ffff1102d2b9642
00022 RDX: 0000000000000000 RSI: ffff8881b51150d8 RDI: ffff888109d4aaa8
00022 FS:  0000000000000000(0000) GS:ffff88831e92a000(0000) knlGS:0000000000000000
00022 RBP: ffff8881b5115048 R08: ffffffff83a16803 R09: 1ffffffff0742d00
00022 CS:  0010 DS: 0000 ES: 0000 CR0: 0000000080050033
00022 R10: dffffc0000000000 R11: fffffbfff0742d01 R12: ffff8881ae1b2830
00022 CR2: 00005603f26e5840 CR3: 0000000004274000 CR4: 0000000000750eb0
00022 R13: dffffc0000000000 R14: 1ffff1102721eb80 R15: 1ffff11035c36542
00022 PKRU: 55555554
00022 FS:  0000000000000000(0000) GS:ffff88831e82a000(0000) knlGS:0000000000000000
00022 Call Trace:
00022 CS:  0010 DS: 0000 ES: 0000 CR0: 0000000080050033
00022  <TASK>
00022 CR2: 000055d83c47af00 CR3: 0000000197f8d000 CR4: 0000000000750eb0
00022  ? ofd_precreate_objects+0x1bd8/0x3220 [ofd]
00022 PKRU: 55555554
00022  ? ofd_create_hdl+0x2015/0x3510 [ofd]
00022 Call Trace:
00022  ? tgt_request_handle+0x23ad/0x3d30 [ptlrpc]
00022  <TASK>
00022  ? ptlrpc_main+0x6359/0x96f0 [ptlrpc]
00022  ? ofd_precreate_objects+0x1bd8/0x3220 [ofd]
00022  ? __kthread_parkme+0x73/0x130
00022  ? ofd_create_hdl+0x2015/0x3510 [ofd]
00022  ? kthread+0x2cd/0x3a0
00022  ? tgt_request_handle+0x23ad/0x3d30 [ptlrpc]
00022  ? ptlrpc_start_thread+0x1f10/0x1f10 [ptlrpc]
00022  ? ptlrpc_main+0x6359/0x96f0 [ptlrpc]
00022  ? kthread_unuse_mm+0x130/0x130
00022  ? __kthread_parkme+0x73/0x130
00022  ? ret_from_fork+0x18c/0x520
00022  ? kthread+0x2cd/0x3a0
00022  ? kthread_unuse_mm+0x130/0x130
00022  ? ptlrpc_start_thread+0x1f10/0x1f10 [ptlrpc]
00022  ? ret_from_fork_asm+0x11/0x20
00022  ? kthread_unuse_mm+0x130/0x130
00022  </TASK>
00022  ? ret_from_fork+0x18c/0x520
00022 ---[ end trace 0000000000000000 ]---
00022  ? kthread_unuse_mm+0x130/0x130
00022 ------------[ cut here ]------------
00022  ? ret_from_fork_asm+0x11/0x20
00022 WARNING: /home/ktest/git/linux/include/linux/fs.h:889 at osd_create+0x9cf/0xcf0 [osd_wbcfs], CPU#10: ll_ost00_004/2010
00022  </TASK>
00022 Modules linked in: ofd(O)
00022 ---[ end trace 0000000000000000 ]---
00022  osp(O)
00022 ------------[ cut here ]------------
00022  mdd(O) lod(O)
00022 WARNING: /home/ktest/git/linux/include/linux/fs.h:889 at osd_create+0x9cf/0xcf0 [osd_wbcfs], CPU#8: ll_ost00_001/1961
00022  mdt(O) lquota(O)
00022 Modules linked in:
00022  lfsck(O)
00022  ofd(O)
00022  mgs(O)
00022  osp(O)
00022  osd_wbcfs(O)
00022  mdd(O)
00022  lustre(O)
00022  lod(O)
00022  obdecho(O)
00022  mdt(O)
00022  mgc(O)
00022  lquota(O)
00022  mdc(O)
00022  lfsck(O)
00022  lov(O) osc(O)
00022  mgs(O)
00022  lmv(O)
00022  osd_wbcfs(O)
00022  ec(O)
00022  lustre(O)
00022  fid(O)
00022  obdecho(O)
00022  fld(O)
00022  mgc(O)
00022  ptlrpc(O) efivarfs
00022  mdc(O)
00022  obdclass(O)
00022  lov(O)
00022  ksocklnd(O) lnet(O)
00022  osc(O)
00022  libcfs(O)
00022  lmv(O)
00022 
00022 CPU: 10 UID: 0 PID: 2010 Comm: ll_ost00_004 Tainted: G        W  O        7.0.0-ktest-2b8c50a-6330a45-20260806-dirty #1 PREEMPT 
00022  ec(O)
00022 Tainted: [W]=WARN, [O]=OOT_MODULE
00022  fid(O)
00022 Hardware name: QEMU Standard PC (Q35 + ICH9, 2009), BIOS 2025.11-3ubuntu7 03/31/2026
00022  fld(O)
00022 RIP: 0010:osd_create+0x9cf/0xcf0 [osd_wbcfs]
00022  ptlrpc(O)
00022 Code: c7 c7 00 c6 7b a1 48 c7 c6 a0 42 7d a1 48 c7 c2 00 4c 7d a1 e8 82 dd 43 ff 48 c7 c7 00 c6 7b a1 e8 c6 6a 44 ff e9 fe fc ff ff <0f> 0b e9 a5 fa ff ff 48 c7 c1 80 44 5d a0 80 e1 07 80 c1 03 38 c1
00022  efivarfs
00022 RSP: 0018:ffffc90008f7f878 EFLAGS: 00010246
00022  obdclass(O)
00022 
00022 RAX: 0000000000000000 RBX: ffff88813b373800 RCX: 0000000000000046
00022  ksocklnd(O)
00022 RDX: 0000000000000000 RSI: ffff8881b5382648 RDI: ffff88816ad62aa8
00022  lnet(O)
00022 RBP: ffff8881b53825b8 R08: ffffffff83a16803 R09: 1ffffffff0742d00
00022  libcfs(O)
00022 R10: dffffc0000000000 R11: fffffbfff0742d01 R12: ffff8881695cb030
00022 
00022 R13: dffffc0000000000 R14: 1ffff1102766e700 R15: 1ffff1102d2b9642
00022 CPU: 8 UID: 0 PID: 1961 Comm: ll_ost00_001 Tainted: G        W  O        7.0.0-ktest-2b8c50a-6330a45-20260806-dirty #1 PREEMPT 
00022 FS:  0000000000000000(0000) GS:ffff88831e92a000(0000) knlGS:0000000000000000
00022 Tainted: [W]=WARN, [O]=OOT_MODULE
00022 CS:  0010 DS: 0000 ES: 0000 CR0: 0000000080050033
00022 Hardware name: QEMU Standard PC (Q35 + ICH9, 2009), BIOS 2025.11-3ubuntu7 03/31/2026
00022 CR2: 00005603f26e5840 CR3: 0000000004274000 CR4: 0000000000750eb0
00022 RIP: 0010:osd_create+0x9cf/0xcf0 [osd_wbcfs]
00022 PKRU: 55555554
00022 Code: c7 c7 00 c6 7b a1 48 c7 c6 a0 42 7d a1 48 c7 c2 00 4c 7d a1 e8 82 dd 43 ff 48 c7 c7 00 c6 7b a1 e8 c6 6a 44 ff e9 fe fc ff ff <0f> 0b e9 a5 fa ff ff 48 c7 c1 80 44 5d a0 80 e1 07 80 c1 03 38 c1
00022 Call Trace:
00022  <TASK>
00022 RSP: 0018:ffffc90001d57878 EFLAGS: 00010246
00022  ? ofd_precreate_objects+0x1bd8/0x3220 [ofd]
00022 
00022  ? ofd_create_hdl+0x2015/0x3510 [ofd]
00022 RAX: 0000000000000000 RBX: ffff8881390f6800 RCX: 0000000000000046
00022  ? tgt_request_handle+0x23ad/0x3d30 [ptlrpc]
00022 RDX: 0000000000000000 RSI: ffff8881b51149c0 RDI: ffff888109d4aaa8
00022  ? ptlrpc_main+0x6359/0x96f0 [ptlrpc]
00022 RBP: ffff8881b5114930 R08: ffffffff83a16803 R09: 1ffffffff0742d00
00022  ? __kthread_parkme+0x73/0x130
00022 R10: dffffc0000000000 R11: fffffbfff0742d01 R12: ffff8881ae1b2830
00022  ? kthread+0x2cd/0x3a0
00022 R13: dffffc0000000000 R14: 1ffff1102721ed00 R15: 1ffff11035c36542
00022  ? ptlrpc_start_thread+0x1f10/0x1f10 [ptlrpc]
00022  ? kthread_unuse_mm+0x130/0x130
00022 FS:  0000000000000000(0000) GS:ffff88831e82a000(0000) knlGS:0000000000000000
00022  ? ret_from_fork+0x18c/0x520
00022 CS:  0010 DS: 0000 ES: 0000 CR0: 0000000080050033
00022  ? kthread_unuse_mm+0x130/0x130
00022 CR2: 000055d83c47af00 CR3: 0000000197f8d000 CR4: 0000000000750eb0
00022  ? ret_from_fork_asm+0x11/0x20
00022 PKRU: 55555554
00022  </TASK>
00022 Call Trace:
00022  <TASK>
00022 ---[ end trace 0000000000000000 ]---
00022  ? ofd_precreate_objects+0x1bd8/0x3220 [ofd]
00022 ------------[ cut here ]------------
00022  ? ofd_create_hdl+0x2015/0x3510 [ofd]
00022 WARNING: /home/ktest/git/linux/include/linux/fs.h:889 at osd_create+0x9cf/0xcf0 [osd_wbcfs], CPU#10: ll_ost00_004/2010
00022  ? tgt_request_handle+0x23ad/0x3d30 [ptlrpc]
00022 Modules linked in:
00022  ? ptlrpc_main+0x6359/0x96f0 [ptlrpc]
00022  ofd(O)
00022  ? __kthread_parkme+0x73/0x130
00022  osp(O)
00022  ? kthread+0x2cd/0x3a0
00022  mdd(O)
00022  ? ptlrpc_start_thread+0x1f10/0x1f10 [ptlrpc]
00022  lod(O)
00022  ? kthread_unuse_mm+0x130/0x130
00022  mdt(O)
00022  ? ret_from_fork+0x18c/0x520
00022  lquota(O)
00022  ? kthread_unuse_mm+0x130/0x130
00022  lfsck(O)
00022  ? ret_from_fork_asm+0x11/0x20
00022  mgs(O)
00022  </TASK>
00022  osd_wbcfs(O)
00022 ---[ end trace 0000000000000000 ]---
00022  lustre(O) obdecho(O)
00022 ------------[ cut here ]------------
00022  mgc(O) mdc(O)
00022 WARNING: /home/ktest/git/linux/include/linux/fs.h:889 at osd_create+0x9cf/0xcf0 [osd_wbcfs], CPU#8: ll_ost00_001/1961
00022  lov(O)
00022 Modules linked in:
00022  osc(O)
00022  ofd(O)
00022  lmv(O)
00022  osp(O)
00022  ec(O)
00022  mdd(O)
00022  fid(O)
00022  lod(O)
00022  fld(O)
00022  mdt(O)
00022  ptlrpc(O)
00022  lquota(O)
00022  efivarfs
00022  lfsck(O)
00022  obdclass(O) ksocklnd(O)
00022  mgs(O)
00022  lnet(O)
00022  osd_wbcfs(O)
00022  libcfs(O)
00022  lustre(O)
00022 
00022  obdecho(O)
00022 CPU: 10 UID: 0 PID: 2010 Comm: ll_ost00_004 Tainted: G        W  O        7.0.0-ktest-2b8c50a-6330a45-20260806-dirty #1 PREEMPT 
00022  mgc(O)
00022 Tainted: [W]=WARN, [O]=OOT_MODULE
00022  mdc(O)
00022 Hardware name: QEMU Standard PC (Q35 + ICH9, 2009), BIOS 2025.11-3ubuntu7 03/31/2026
00022  lov(O)
00022 RIP: 0010:osd_create+0x9cf/0xcf0 [osd_wbcfs]
00022  osc(O) lmv(O)
00022 Code: c7 c7 00 c6 7b a1 48 c7 c6 a0 42 7d a1 48 c7 c2 00 4c 7d a1 e8 82 dd 43 ff 48 c7 c7 00 c6 7b a1 e8 c6 6a 44 ff e9 fe fc ff ff <0f> 0b e9 a5 fa ff ff 48 c7 c1 80 44 5d a0 80 e1 07 80 c1 03 38 c1
00022  ec(O)
00022 RSP: 0018:ffffc90008f7f878 EFLAGS: 00010246
00022  fid(O)
00022 
00022 RAX: 0000000000000000 RBX: ffff88813a9ea000 RCX: 0000000000000046
00022  fld(O)
00022 RDX: 0000000000000000 RSI: ffff8881b5381f30 RDI: ffff88816ad62aa8
00022  ptlrpc(O)
00022 RBP: ffff8881b5381ea0 R08: ffffffff83a16803 R09: 1ffffffff0742d00
00022  efivarfs
00022 R10: dffffc0000000000 R11: fffffbfff0742d01 R12: ffff8881695cb030
00022  obdclass(O)
00022 R13: dffffc0000000000 R14: 1ffff1102753d400 R15: 1ffff1102d2b9642
00022  ksocklnd(O)
00022 FS:  0000000000000000(0000) GS:ffff88831e92a000(0000) knlGS:0000000000000000
00022  lnet(O)
00022 CS:  0010 DS: 0000 ES: 0000 CR0: 0000000080050033
00022  libcfs(O)
00022 CR2: 00005603f26e5840 CR3: 0000000004274000 CR4: 0000000000750eb0
00022 
00022 PKRU: 55555554
00022 CPU: 8 UID: 0 PID: 1961 Comm: ll_ost00_001 Tainted: G        W  O        7.0.0-ktest-2b8c50a-6330a45-20260806-dirty #1 PREEMPT 
00022 Call Trace:
00022 Tainted: [W]=WARN, [O]=OOT_MODULE
00022  <TASK>
00022 Hardware name: QEMU Standard PC (Q35 + ICH9, 2009), BIOS 2025.11-3ubuntu7 03/31/2026
00022  ? ofd_precreate_objects+0x1bd8/0x3220 [ofd]
00022 RIP: 0010:osd_create+0x9cf/0xcf0 [osd_wbcfs]
00022  ? ofd_create_hdl+0x2015/0x3510 [ofd]
00022 Code: c7 c7 00 c6 7b a1 48 c7 c6 a0 42 7d a1 48 c7 c2 00 4c 7d a1 e8 82 dd 43 ff 48 c7 c7 00 c6 7b a1 e8 c6 6a 44 ff e9 fe fc ff ff <0f> 0b e9 a5 fa ff ff 48 c7 c1 80 44 5d a0 80 e1 07 80 c1 03 38 c1
00022  ? tgt_request_handle+0x23ad/0x3d30 [ptlrpc]
00022 RSP: 0018:ffffc90001d57878 EFLAGS: 00010246
00022  ? ptlrpc_main+0x6359/0x96f0 [ptlrpc]
00022 
00022  ? __kthread_parkme+0x73/0x130
00022 RAX: 0000000000000000 RBX: ffff8881390f5000 RCX: 0000000000000046
00022  ? kthread+0x2cd/0x3a0
00022 RDX: 0000000000000000 RSI: ffff8881b51142a8 RDI: ffff888109d4aaa8
00022  ? ptlrpc_start_thread+0x1f10/0x1f10 [ptlrpc]
00022 RBP: ffff8881b5114218 R08: ffffffff83a16803 R09: 1ffffffff0742d00
00022  ? kthread_unuse_mm+0x130/0x130
00022 R10: dffffc0000000000 R11: fffffbfff0742d01 R12: ffff8881ae1b2830
00022  ? ret_from_fork+0x18c/0x520
00022 R13: dffffc0000000000 R14: 1ffff1102721ea00 R15: 1ffff11035c36542
00022  ? kthread_unuse_mm+0x130/0x130
00022 FS:  0000000000000000(0000) GS:ffff88831e82a000(0000) knlGS:0000000000000000
00022  ? ret_from_fork_asm+0x11/0x20
00022 CS:  0010 DS: 0000 ES: 0000 CR0: 0000000080050033
00022  </TASK>
00022 CR2: 000055d83c47af00 CR3: 0000000197f8d000 CR4: 0000000000750eb0
00022 ---[ end trace 0000000000000000 ]---
00022 PKRU: 55555554
00022 ------------[ cut here ]------------
00022 Call Trace:
00022 WARNING: /home/ktest/git/linux/include/linux/fs.h:889 at osd_create+0x9cf/0xcf0 [osd_wbcfs], CPU#10: ll_ost00_004/2010
00022  <TASK>
00022 Modules linked in:
00022  ? ofd_precreate_objects+0x1bd8/0x3220 [ofd]
00022  ofd(O)
00022  ? ofd_create_hdl+0x2015/0x3510 [ofd]
00022  osp(O)
00022  ? tgt_request_handle+0x23ad/0x3d30 [ptlrpc]
00022  mdd(O) lod(O)
00022  ? ptlrpc_main+0x6359/0x96f0 [ptlrpc]
00022  mdt(O)
00022  ? __kthread_parkme+0x73/0x130
00022  lquota(O)
00022  ? kthread+0x2cd/0x3a0
00022  lfsck(O)
00022  ? ptlrpc_start_thread+0x1f10/0x1f10 [ptlrpc]
00022  mgs(O)
00022  ? kthread_unuse_mm+0x130/0x130
00022  osd_wbcfs(O)
00022  ? ret_from_fork+0x18c/0x520
00022  lustre(O)
00022  ? kthread_unuse_mm+0x130/0x130
00022  obdecho(O)
00022  ? ret_from_fork_asm+0x11/0x20
00022  mgc(O)
00022  </TASK>
00022  mdc(O)
00022 ---[ end trace 0000000000000000 ]---
00022  lov(O)
00022 ------------[ cut here ]------------
00022  osc(O)
00022 WARNING: /home/ktest/git/linux/include/linux/fs.h:889 at osd_create+0x9cf/0xcf0 [osd_wbcfs], CPU#8: ll_ost00_001/1961
00022  lmv(O)
00022 Modules linked in:
00022  ec(O)
00022  ofd(O)
00022  fid(O)
00022  osp(O)
00022  fld(O)
00022  mdd(O)
00022  ptlrpc(O)
00022  lod(O)
00022  efivarfs
00022  mdt(O)
00022  obdclass(O)
00022  lquota(O)
00022  ksocklnd(O)
00022  lfsck(O) mgs(O)
00022  lnet(O)
00022  osd_wbcfs(O)
00022  libcfs(O)
00022  lustre(O)
00022 
00022  obdecho(O)
00022 CPU: 10 UID: 0 PID: 2010 Comm: ll_ost00_004 Tainted: G        W  O        7.0.0-ktest-2b8c50a-6330a45-20260806-dirty #1 PREEMPT 
00022  mgc(O)
00022 Tainted: [W]=WARN, [O]=OOT_MODULE
00022  mdc(O)
00022 Hardware name: QEMU Standard PC (Q35 + ICH9, 2009), BIOS 2025.11-3ubuntu7 03/31/2026
00022  lov(O)
00022 RIP: 0010:osd_create+0x9cf/0xcf0 [osd_wbcfs]
00022  osc(O)
00022 Code: c7 c7 00 c6 7b a1 48 c7 c6 a0 42 7d a1 48 c7 c2 00 4c 7d a1 e8 82 dd 43 ff 48 c7 c7 00 c6 7b a1 e8 c6 6a 44 ff e9 fe fc ff ff <0f> 0b e9 a5 fa ff ff 48 c7 c1 80 44 5d a0 80 e1 07 80 c1 03 38 c1
00022  lmv(O)
00022 RSP: 0018:ffffc90008f7f878 EFLAGS: 00010246
00022  ec(O)
00022 
00022  fid(O)
00022 RAX: 0000000000000000 RBX: ffff88813b3e8800 RCX: 0000000000000046
00022  fld(O)
00022 RDX: 0000000000000000 RSI: ffff8881b5381818 RDI: ffff88816ad62aa8
00022  ptlrpc(O)
00022 RBP: ffff8881b5381788 R08: ffffffff83a16803 R09: 1ffffffff0742d00
00022  efivarfs
00022 R10: dffffc0000000000 R11: fffffbfff0742d01 R12: ffff8881695cb030
00022  obdclass(O)
00022 R13: dffffc0000000000 R14: 1ffff1102767d100 R15: 1ffff1102d2b9642
00022  ksocklnd(O)
00022 FS:  0000000000000000(0000) GS:ffff88831e92a000(0000) knlGS:0000000000000000
00022  lnet(O)
00022 CS:  0010 DS: 0000 ES: 0000 CR0: 0000000080050033
00022  libcfs(O)
00022 CR2: 00005603f26e5840 CR3: 0000000004274000 CR4: 0000000000750eb0
00022 
00022 PKRU: 55555554
00022 CPU: 8 UID: 0 PID: 1961 Comm: ll_ost00_001 Tainted: G        W  O        7.0.0-ktest-2b8c50a-6330a45-20260806-dirty #1 PREEMPT 
00022 Call Trace:
00022 Tainted: [W]=WARN, [O]=OOT_MODULE
00022  <TASK>
00022 Hardware name: QEMU Standard PC (Q35 + ICH9, 2009), BIOS 2025.11-3ubuntu7 03/31/2026
00022  ? ofd_precreate_objects+0x1bd8/0x3220 [ofd]
00022 RIP: 0010:osd_create+0x9cf/0xcf0 [osd_wbcfs]
00022  ? ofd_create_hdl+0x2015/0x3510 [ofd]
00022 Code: c7 c7 00 c6 7b a1 48 c7 c6 a0 42 7d a1 48 c7 c2 00 4c 7d a1 e8 82 dd 43 ff 48 c7 c7 00 c6 7b a1 e8 c6 6a 44 ff e9 fe fc ff ff <0f> 0b e9 a5 fa ff ff 48 c7 c1 80 44 5d a0 80 e1 07 80 c1 03 38 c1
00022  ? tgt_request_handle+0x23ad/0x3d30 [ptlrpc]
00022 RSP: 0018:ffffc90001d57878 EFLAGS: 00010246
00022  ? ptlrpc_main+0x6359/0x96f0 [ptlrpc]
00022 RAX: 0000000000000000 RBX: ffff8881390f6000 RCX: 0000000000000046
00022  ? __kthread_parkme+0x73/0x130
00022 RDX: 0000000000000000 RSI: ffff8881b5113b90 RDI: ffff888109d4aaa8
00022  ? kthread+0x2cd/0x3a0
00022 RBP: ffff8881b5113b00 R08: ffffffff83a16803 R09: 1ffffffff0742d00
00022  ? ptlrpc_start_thread+0x1f10/0x1f10 [ptlrpc]
00022 R10: dffffc0000000000 R11: fffffbfff0742d01 R12: ffff8881ae1b2830
00022  ? kthread_unuse_mm+0x130/0x130
00022 R13: dffffc0000000000 R14: 1ffff1102721ec00 R15: 1ffff11035c36542
00022  ? ret_from_fork+0x18c/0x520
00022 FS:  0000000000000000(0000) GS:ffff88831e82a000(0000) knlGS:0000000000000000
00022  ? kthread_unuse_mm+0x130/0x130
00022 CS:  0010 DS: 0000 ES: 0000 CR0: 0000000080050033
00022  ? ret_from_fork_asm+0x11/0x20
00022 CR2: 000055d83c47af00 CR3: 0000000197f8d000 CR4: 0000000000750eb0
00022  </TASK>
00022 PKRU: 55555554
00022 ---[ end trace 0000000000000000 ]---
00022 Call Trace:
00022  <TASK>
00022  ? ofd_precreate_objects+0x1bd8/0x3220 [ofd]
00022  ? ofd_create_hdl+0x2015/0x3510 [ofd]
00022  ? tgt_request_handle+0x23ad/0x3d30 [ptlrpc]
00022  ? ptlrpc_main+0x6359/0x96f0 [ptlrpc]
00022  ? __kthread_parkme+0x73/0x130
00022  ? kthread+0x2cd/0x3a0
00022  ? ptlrpc_start_thread+0x1f10/0x1f10 [ptlrpc]
00022  ? kthread_unuse_mm+0x130/0x130
00022  ? ret_from_fork+0x18c/0x520
00022  ? kthread_unuse_mm+0x130/0x130
00022  ? ret_from_fork_asm+0x11/0x20
00022  </TASK>
00022 ---[ end trace 0000000000000000 ]---
00022 ------------[ cut here ]------------
00022 WARNING: /home/ktest/git/linux/include/linux/fs.h:889 at osd_create+0x9cf/0xcf0 [osd_wbcfs], CPU#8: ll_ost00_001/1961
00022 Modules linked in: ofd(O) osp(O) mdd(O) lod(O) mdt(O) lquota(O) lfsck(O) mgs(O) osd_wbcfs(O) lustre(O) obdecho(O) mgc(O) mdc(O) lov(O) osc(O) lmv(O) ec(O) fid(O) fld(O) ptlrpc(O) efivarfs obdclass(O) ksocklnd(O) lnet(O) libcfs(O)
00022 CPU: 8 UID: 0 PID: 1961 Comm: ll_ost00_001 Tainted: G        W  O        7.0.0-ktest-2b8c50a-6330a45-20260806-dirty #1 PREEMPT 
00022 Tainted: [W]=WARN, [O]=OOT_MODULE
00022 Hardware name: QEMU Standard PC (Q35 + ICH9, 2009), BIOS 2025.11-3ubuntu7 03/31/2026
00022 RIP: 0010:osd_create+0x9cf/0xcf0 [osd_wbcfs]
00022 Code: c7 c7 00 c6 7b a1 48 c7 c6 a0 42 7d a1 48 c7 c2 00 4c 7d a1 e8 82 dd 43 ff 48 c7 c7 00 c6 7b a1 e8 c6 6a 44 ff e9 fe fc ff ff <0f> 0b e9 a5 fa ff ff 48 c7 c1 80 44 5d a0 80 e1 07 80 c1 03 38 c1
00022 RSP: 0018:ffffc90001d57878 EFLAGS: 00010246
00022 RAX: 0000000000000000 RBX: ffff8881390f7c00 RCX: 0000000000000046
00022 RDX: 0000000000000000 RSI: ffff8881b5113478 RDI: ffff888109d4aaa8
00022 RBP: ffff8881b51133e8 R08: ffffffff83a16803 R09: 1ffffffff0742d00
00022 R10: dffffc0000000000 R11: fffffbfff0742d01 R12: ffff8881ae1b2830
00022 R13: dffffc0000000000 R14: 1ffff1102721ef80 R15: 1ffff11035c36542
00022 FS:  0000000000000000(0000) GS:ffff88831e82a000(0000) knlGS:0000000000000000
00022 CS:  0010 DS: 0000 ES: 0000 CR0: 0000000080050033
00022 CR2: 000055d83c47af00 CR3: 0000000197f8d000 CR4: 0000000000750eb0
00022 PKRU: 55555554
00022 Call Trace:
00022  <TASK>
00022  ? ofd_precreate_objects+0x1bd8/0x3220 [ofd]
00022  ? ofd_create_hdl+0x2015/0x3510 [ofd]
00022  ? tgt_request_handle+0x23ad/0x3d30 [ptlrpc]
00022  ? ptlrpc_main+0x6359/0x96f0 [ptlrpc]
00022  ? __kthread_parkme+0x73/0x130
00022  ? kthread+0x2cd/0x3a0
00022  ? ptlrpc_start_thread+0x1f10/0x1f10 [ptlrpc]
00022  ? kthread_unuse_mm+0x130/0x130
00022  ? ret_from_fork+0x18c/0x520
00022  ? kthread_unuse_mm+0x130/0x130
00022  ? ret_from_fork_asm+0x11/0x20
00022  </TASK>
00022 ---[ end trace 0000000000000000 ]---
00022 ------------[ cut here ]------------
00022 WARNING: /home/ktest/git/linux/include/linux/fs.h:889 at osd_create+0x9cf/0xcf0 [osd_wbcfs], CPU#8: ll_ost00_001/1961
00022 Modules linked in: ofd(O) osp(O) mdd(O) lod(O) mdt(O) lquota(O) lfsck(O) mgs(O) osd_wbcfs(O) lustre(O) obdecho(O) mgc(O) mdc(O) lov(O) osc(O) lmv(O) ec(O) fid(O) fld(O) ptlrpc(O) efivarfs obdclass(O) ksocklnd(O) lnet(O) libcfs(O)
00022 CPU: 8 UID: 0 PID: 1961 Comm: ll_ost00_001 Tainted: G        W  O        7.0.0-ktest-2b8c50a-6330a45-20260806-dirty #1 PREEMPT 
00022 Tainted: [W]=WARN, [O]=OOT_MODULE
00022 Hardware name: QEMU Standard PC (Q35 + ICH9, 2009), BIOS 2025.11-3ubuntu7 03/31/2026
00022 RIP: 0010:osd_create+0x9cf/0xcf0 [osd_wbcfs]
00022 Code: c7 c7 00 c6 7b a1 48 c7 c6 a0 42 7d a1 48 c7 c2 00 4c 7d a1 e8 82 dd 43 ff 48 c7 c7 00 c6 7b a1 e8 c6 6a 44 ff e9 fe fc ff ff <0f> 0b e9 a5 fa ff ff 48 c7 c1 80 44 5d a0 80 e1 07 80 c1 03 38 c1
00022 RSP: 0018:ffffc90001d57878 EFLAGS: 00010246
00022 RAX: 0000000000000000 RBX: ffff8881390f5800 RCX: 0000000000000046
00022 RDX: 0000000000000000 RSI: ffff8881b5112d60 RDI: ffff888109d4aaa8
00022 RBP: ffff8881b5112cd0 R08: ffffffff83a16803 R09: 1ffffffff0742d00
00022 R10: dffffc0000000000 R11: fffffbfff0742d01 R12: ffff8881ae1b2830
00022 R13: dffffc0000000000 R14: 1ffff1102721eb00 R15: 1ffff11035c36542
00022 FS:  0000000000000000(0000) GS:ffff88831e82a000(0000) knlGS:0000000000000000
00022 CS:  0010 DS: 0000 ES: 0000 CR0: 0000000080050033
00022 CR2: 000055d83c47af00 CR3: 0000000197f8d000 CR4: 0000000000750eb0
00022 PKRU: 55555554
00022 Call Trace:
00022  <TASK>
00022  ? ofd_precreate_objects+0x1bd8/0x3220 [ofd]
00022  ? ofd_create_hdl+0x2015/0x3510 [ofd]
00022  ? tgt_request_handle+0x23ad/0x3d30 [ptlrpc]
00022  ? ptlrpc_main+0x6359/0x96f0 [ptlrpc]
00022  ? __kthread_parkme+0x73/0x130
00022  ? kthread+0x2cd/0x3a0
00022  ? ptlrpc_start_thread+0x1f10/0x1f10 [ptlrpc]
00022  ? kthread_unuse_mm+0x130/0x130
00022  ? ret_from_fork+0x18c/0x520
00022  ? kthread_unuse_mm+0x130/0x130
00022  ? ret_from_fork_asm+0x11/0x20
00022  </TASK>
00022 ---[ end trace 0000000000000000 ]---
00022 ------------[ cut here ]------------
00022 WARNING: /home/ktest/git/linux/include/linux/fs.h:889 at osd_create+0x9cf/0xcf0 [osd_wbcfs], CPU#8: ll_ost00_001/1961
00022 Modules linked in: ofd(O) osp(O) mdd(O) lod(O) mdt(O) lquota(O) lfsck(O) mgs(O) osd_wbcfs(O) lustre(O) obdecho(O) mgc(O) mdc(O) lov(O) osc(O) lmv(O) ec(O) fid(O) fld(O) ptlrpc(O) efivarfs obdclass(O) ksocklnd(O) lnet(O) libcfs(O)
00022 CPU: 8 UID: 0 PID: 1961 Comm: ll_ost00_001 Tainted: G        W  O        7.0.0-ktest-2b8c50a-6330a45-20260806-dirty #1 PREEMPT 
00022 Tainted: [W]=WARN, [O]=OOT_MODULE
00022 Hardware name: QEMU Standard PC (Q35 + ICH9, 2009), BIOS 2025.11-3ubuntu7 03/31/2026
00022 RIP: 0010:osd_create+0x9cf/0xcf0 [osd_wbcfs]
00022 Code: c7 c7 00 c6 7b a1 48 c7 c6 a0 42 7d a1 48 c7 c2 00 4c 7d a1 e8 82 dd 43 ff 48 c7 c7 00 c6 7b a1 e8 c6 6a 44 ff e9 fe fc ff ff <0f> 0b e9 a5 fa ff ff 48 c7 c1 80 44 5d a0 80 e1 07 80 c1 03 38 c1
00022 RSP: 0018:ffffc90001d57878 EFLAGS: 00010246
00022 RAX: 0000000000000000 RBX: ffff8881390f4c00 RCX: 0000000000000046
00022 RDX: 0000000000000000 RSI: ffff8881696c2648 RDI: ffff888109d4aaa8
00022 RBP: ffff8881696c25b8 R08: ffffffff83a16803 R09: 1ffffffff0742d00
00022 R10: dffffc0000000000 R11: fffffbfff0742d01 R12: ffff8881ae1b2830
00022 R13: dffffc0000000000 R14: 1ffff1102721e980 R15: 1ffff11035c36542
00022 FS:  0000000000000000(0000) GS:ffff88831e82a000(0000) knlGS:0000000000000000
00022 CS:  0010 DS: 0000 ES: 0000 CR0: 0000000080050033
00022 CR2: 000055d83c47af00 CR3: 0000000197f8d000 CR4: 0000000000750eb0
00022 PKRU: 55555554
00022 Call Trace:
00022  <TASK>
00022  ? ofd_precreate_objects+0x1bd8/0x3220 [ofd]
00022  ? ofd_create_hdl+0x2015/0x3510 [ofd]
00022  ? tgt_request_handle+0x23ad/0x3d30 [ptlrpc]
00022  ? ptlrpc_main+0x6359/0x96f0 [ptlrpc]
00022  ? __kthread_parkme+0x73/0x130
00022  ? kthread+0x2cd/0x3a0
00022  ? ptlrpc_start_thread+0x1f10/0x1f10 [ptlrpc]
00022  ? kthread_unuse_mm+0x130/0x130
00022  ? ret_from_fork+0x18c/0x520
00022  ? kthread_unuse_mm+0x130/0x130
00022  ? ret_from_fork_asm+0x11/0x20
00022  </TASK>
00022 ---[ end trace 0000000000000000 ]---
00022 ------------[ cut here ]------------
00022 WARNING: /home/ktest/git/linux/include/linux/fs.h:889 at osd_create+0x9cf/0xcf0 [osd_wbcfs], CPU#8: ll_ost00_001/1961
00022 Modules linked in: ofd(O) osp(O) mdd(O) lod(O) mdt(O) lquota(O) lfsck(O) mgs(O) osd_wbcfs(O) lustre(O) obdecho(O) mgc(O) mdc(O) lov(O) osc(O) lmv(O) ec(O) fid(O) fld(O) ptlrpc(O) efivarfs obdclass(O) ksocklnd(O) lnet(O) libcfs(O)
00022 CPU: 8 UID: 0 PID: 1961 Comm: ll_ost00_001 Tainted: G        W  O        7.0.0-ktest-2b8c50a-6330a45-20260806-dirty #1 PREEMPT 
00022 Tainted: [W]=WARN, [O]=OOT_MODULE
00022 Hardware name: QEMU Standard PC (Q35 + ICH9, 2009), BIOS 2025.11-3ubuntu7 03/31/2026
00022 RIP: 0010:osd_create+0x9cf/0xcf0 [osd_wbcfs]
00022 Code: c7 c7 00 c6 7b a1 48 c7 c6 a0 42 7d a1 48 c7 c2 00 4c 7d a1 e8 82 dd 43 ff 48 c7 c7 00 c6 7b a1 e8 c6 6a 44 ff e9 fe fc ff ff <0f> 0b e9 a5 fa ff ff 48 c7 c1 80 44 5d a0 80 e1 07 80 c1 03 38 c1
00022 RSP: 0018:ffffc90001d57878 EFLAGS: 00010246
00022 RAX: 0000000000000000 RBX: ffff8881390f4800 RCX: 0000000000000046
00022 RDX: 0000000000000000 RSI: ffff8881696c1f30 RDI: ffff888109d4aaa8
00022 RBP: ffff8881696c1ea0 R08: ffffffff83a16803 R09: 1ffffffff0742d00
00022 R10: dffffc0000000000 R11: fffffbfff0742d01 R12: ffff8881ae1b2830
00022 R13: dffffc0000000000 R14: 1ffff1102721e900 R15: 1ffff11035c36542
00022 FS:  0000000000000000(0000) GS:ffff88831e82a000(0000) knlGS:0000000000000000
00022 CS:  0010 DS: 0000 ES: 0000 CR0: 0000000080050033
00022 CR2: 000055d83c47af00 CR3: 0000000197f8d000 CR4: 0000000000750eb0
00022 PKRU: 55555554
00022 Call Trace:
00022  <TASK>
00022  ? ofd_precreate_objects+0x1bd8/0x3220 [ofd]
00022  ? ofd_create_hdl+0x2015/0x3510 [ofd]
00022  ? tgt_request_handle+0x23ad/0x3d30 [ptlrpc]
00022  ? ptlrpc_main+0x6359/0x96f0 [ptlrpc]
00022  ? __kthread_parkme+0x73/0x130
00022  ? kthread+0x2cd/0x3a0
00022  ? ptlrpc_start_thread+0x1f10/0x1f10 [ptlrpc]
00022  ? kthread_unuse_mm+0x130/0x130
00022  ? ret_from_fork+0x18c/0x520
00022  ? kthread_unuse_mm+0x130/0x130
00022  ? ret_from_fork_asm+0x11/0x20
00022  </TASK>
00022 ---[ end trace 0000000000000000 ]---
00022 ------------[ cut here ]------------
00022 WARNING: /home/ktest/git/linux/include/linux/fs.h:889 at osd_create+0x9cf/0xcf0 [osd_wbcfs], CPU#8: ll_ost00_001/1961
00022 Modules linked in: ofd(O) osp(O) mdd(O) lod(O) mdt(O) lquota(O) lfsck(O) mgs(O) osd_wbcfs(O) lustre(O) obdecho(O) mgc(O) mdc(O) lov(O) osc(O) lmv(O) ec(O) fid(O) fld(O) ptlrpc(O) efivarfs obdclass(O) ksocklnd(O) lnet(O) libcfs(O)
00022 CPU: 8 UID: 0 PID: 1961 Comm: ll_ost00_001 Tainted: G        W  O        7.0.0-ktest-2b8c50a-6330a45-20260806-dirty #1 PREEMPT 
00022 Tainted: [W]=WARN, [O]=OOT_MODULE
00022 Hardware name: QEMU Standard PC (Q35 + ICH9, 2009), BIOS 2025.11-3ubuntu7 03/31/2026
00022 RIP: 0010:osd_create+0x9cf/0xcf0 [osd_wbcfs]
00022 Code: c7 c7 00 c6 7b a1 48 c7 c6 a0 42 7d a1 48 c7 c2 00 4c 7d a1 e8 82 dd 43 ff 48 c7 c7 00 c6 7b a1 e8 c6 6a 44 ff e9 fe fc ff ff <0f> 0b e9 a5 fa ff ff 48 c7 c1 80 44 5d a0 80 e1 07 80 c1 03 38 c1
00022 RSP: 0018:ffffc90001d57878 EFLAGS: 00010246
00022 RAX: 0000000000000000 RBX: ffff888139140c00 RCX: 0000000000000046
00022 RDX: 0000000000000000 RSI: ffff8881696c1818 RDI: ffff888109d4aaa8
00022 RBP: ffff8881696c1788 R08: ffffffff83a16803 R09: 1ffffffff0742d00
00022 R10: dffffc0000000000 R11: fffffbfff0742d01 R12: ffff8881ae1b2830
00022 R13: dffffc0000000000 R14: 1ffff11027228180 R15: 1ffff11035c36542
00022 FS:  0000000000000000(0000) GS:ffff88831e82a000(0000) knlGS:0000000000000000
00022 CS:  0010 DS: 0000 ES: 0000 CR0: 0000000080050033
00022 CR2: 000055d83c47af00 CR3: 0000000197f8d000 CR4: 0000000000750eb0
00022 PKRU: 55555554
00022 Call Trace:
00022  <TASK>
00022  ? ofd_precreate_objects+0x1bd8/0x3220 [ofd]
00022  ? ofd_create_hdl+0x2015/0x3510 [ofd]
00022  ? tgt_request_handle+0x23ad/0x3d30 [ptlrpc]
00022  ? ptlrpc_main+0x6359/0x96f0 [ptlrpc]
00022  ? __kthread_parkme+0x73/0x130
00022  ? kthread+0x2cd/0x3a0
00022  ? ptlrpc_start_thread+0x1f10/0x1f10 [ptlrpc]
00022  ? kthread_unuse_mm+0x130/0x130
00022  ? ret_from_fork+0x18c/0x520
00022  ? kthread_unuse_mm+0x130/0x130
00022  ? ret_from_fork_asm+0x11/0x20
00022  </TASK>
00022 ---[ end trace 0000000000000000 ]---
00022 ------------[ cut here ]------------
00022 WARNING: /home/ktest/git/linux/include/linux/fs.h:889 at osd_create+0x9cf/0xcf0 [osd_wbcfs], CPU#8: ll_ost00_001/1961
00022 Modules linked in: ofd(O) osp(O) mdd(O) lod(O) mdt(O) lquota(O) lfsck(O) mgs(O) osd_wbcfs(O) lustre(O) obdecho(O) mgc(O) mdc(O) lov(O) osc(O) lmv(O) ec(O) fid(O) fld(O) ptlrpc(O) efivarfs obdclass(O) ksocklnd(O) lnet(O) libcfs(O)
00022 CPU: 8 UID: 0 PID: 1961 Comm: ll_ost00_001 Tainted: G        W  O        7.0.0-ktest-2b8c50a-6330a45-20260806-dirty #1 PREEMPT 
00022 Tainted: [W]=WARN, [O]=OOT_MODULE
00022 Hardware name: QEMU Standard PC (Q35 + ICH9, 2009), BIOS 2025.11-3ubuntu7 03/31/2026
00022 RIP: 0010:osd_create+0x9cf/0xcf0 [osd_wbcfs]
00022 Code: c7 c7 00 c6 7b a1 48 c7 c6 a0 42 7d a1 48 c7 c2 00 4c 7d a1 e8 82 dd 43 ff 48 c7 c7 00 c6 7b a1 e8 c6 6a 44 ff e9 fe fc ff ff <0f> 0b e9 a5 fa ff ff 48 c7 c1 80 44 5d a0 80 e1 07 80 c1 03 38 c1
00022 RSP: 0018:ffffc90001d57878 EFLAGS: 00010246
00022 RAX: 0000000000000000 RBX: ffff888139140800 RCX: 0000000000000046
00022 RDX: 0000000000000000 RSI: ffff8881696c1100 RDI: ffff888109d4aaa8
00022 RBP: ffff8881696c1070 R08: ffffffff83a16803 R09: 1ffffffff0742d00
00022 R10: dffffc0000000000 R11: fffffbfff0742d01 R12: ffff8881ae1b2830
00022 R13: dffffc0000000000 R14: 1ffff11027228100 R15: 1ffff11035c36542
00022 FS:  0000000000000000(0000) GS:ffff88831e82a000(0000) knlGS:0000000000000000
00022 CS:  0010 DS: 0000 ES: 0000 CR0: 0000000080050033
00022 CR2: 000055d83c47af00 CR3: 0000000197f8d000 CR4: 0000000000750eb0
00022 PKRU: 55555554
00022 Call Trace:
00022  <TASK>
00022  ? ofd_precreate_objects+0x1bd8/0x3220 [ofd]
00022  ? ofd_create_hdl+0x2015/0x3510 [ofd]
00022  ? tgt_request_handle+0x23ad/0x3d30 [ptlrpc]
00022  ? ptlrpc_main+0x6359/0x96f0 [ptlrpc]
00022  ? __kthread_parkme+0x73/0x130
00022  ? kthread+0x2cd/0x3a0
00022  ? ptlrpc_start_thread+0x1f10/0x1f10 [ptlrpc]
00022  ? kthread_unuse_mm+0x130/0x130
00022  ? ret_from_fork+0x18c/0x520
00022  ? kthread_unuse_mm+0x130/0x130
00022  ? ret_from_fork_asm+0x11/0x20
00022  </TASK>
00022 ---[ end trace 0000000000000000 ]---
00038 Lustre: lustre-MDT0000: local client 809a3ef3-fdf1-4d9e-95ee-f8d6e147c205 w/o recovery
00038 Lustre: client wants to enable acl, but mdt not!
00038 Lustre: Mounted lustre-client
00038 lustre-ktest (1890) used greatest stack depth: 23640 bytes left
00039 32s
00049 CLEANUP LUSTRE ... Lustre: Unmounted lustre-client
00049 Lustre: server umount lustre-OST0000 complete
00049 Lustre: server umount lustre-OST0001 complete
00052 LustreError: lustre-MDT0001-osp-MDT0000: operation mds_statfs to node 0@lo failed: rc = -107
00052 Lustre: lustre-MDT0001-osp-MDT0000: Connection to lustre-MDT0001 (at 0@lo) was lost; in progress operations using this service will wait for recovery to complete
00052 Lustre: lustre-MDT0001: Not available for connect from 0@lo (stopping)
00059 Lustre: server umount lustre-MDT0001 complete
00069 Lustre: server umount lustre-MDT0000 complete
00069 20s
00069 
00069 ========= PASSED llmount in 62s
00069 
00069 Passed: llmount
00069 Failed: 
00069 NOTICE: Automounting of tracing to debugfs is deprecated and will be removed in 2030
00069 Kernel version: 7.0.0-ktest-2b8c50a-6330a45-20260806-dirty
00069 TEST SUCCESS
