00000 
00002 init: failed to load nvme_core
00002 init: failed to load nvme
00002 init: failed to load zfs
00002 LNetError: 1:0:(lib-socket.c:619:lnet_inet_enumerate()) lnet: Can't find any usable interfaces, rc = -ENOENT
00002 LNetError: Error -100 starting up LNI tcp
00003 LustreError: 1:0:(events.c:627:ptlrpc_init_portals()) network initialisation failed: rc = -100
00003 init: finit_module /lib/modules/7.0.0-ktest-2f98931-6330a45-20260821-dirty/updates/ptlrpc.ko: Network is down
00003 init: failed to load lustre
00003 init: failed to load osd_zfs
00003 init: failed to load iwlwifi
00003 init: failed to load iwlmvm
00003 init: failed to load mt7921e
00003 init: failed to load i915
00003 init: failed to load nouveau
00007 tlp: vm.laptop_mode is deprecated. Ignoring setting.
00007 Kernel version: 7.0.0-ktest-2f98931-6330a45-20260821-dirty
00007 hook init_noop
00007 
00007 Running tests llmount
00007 
00007 ========= TEST   llmount
00011 SETUP LUSTRE ... LNet: Added LNI 10.0.2.15@tcp [8/256/0/180]
00012 Lustre: Echo OBD driver; http://www.lustre.org/
00012 Lustre: 1906:0:(mdt_handler.c:64:mdt_max_mod_rpcs_per_client_set()) max_mod_rpcs_per_client is deprecated, set mdt.*.max_mod_rpcs_in_flight parameter instead
00012 ------------[ cut here ]------------
00012 WARNING: /home/ktest/git/linux/include/linux/fs.h:889 at osd_create+0x9cf/0xcf0 [osd_wbcfs], CPU#2: ll_mgs_0002/1903
00012 Modules linked in: mdt(O) lquota(O) lfsck(O) mgs(O) osd_wbcfs(O) lustre(O) obdecho(O) mgc(O) mdc(O) lov(O) osc(O) lmv(O) ec(O) fid(O) fld(O) ptlrpc(O) efivarfs obdclass(O) ksocklnd(O) lnet(O) libcfs(O)
00012 CPU: 2 UID: 0 PID: 1903 Comm: ll_mgs_0002 Tainted: G           O        7.0.0-ktest-2f98931-6330a45-20260821-dirty #1 PREEMPT 
00012 Tainted: [O]=OOT_MODULE
00012 Hardware name: QEMU Standard PC (Q35 + ICH9, 2009), BIOS 2025.11-3ubuntu7 03/31/2026
00012 RIP: 0010:osd_create+0x9cf/0xcf0 [osd_wbcfs]
00012 Code: c7 c7 00 b6 7c a1 48 c7 c6 a0 22 75 a1 48 c7 c2 00 2c 75 a1 e8 82 dd 43 ff 48 c7 c7 00 b6 7c a1 e8 f6 6a 44 ff e9 fe fc ff ff <0f> 0b e9 a5 fa ff ff 48 c7 c1 80 44 5d a0 80 e1 07 80 c1 03 38 c1
00012 RSP: 0018:ffffc90001c77750 EFLAGS: 00010246
00012 RAX: 0000000000000000 RBX: ffff88810866c000 RCX: 0000000000000046
00012 RDX: 0000000000000000 RSI: ffff88819df1a648 RDI: ffff888105e22aa8
00012 RBP: ffff88819df1a5b8 R08: ffffffff83a16803 R09: 1ffffffff0742d00
00012 R10: dffffc0000000000 R11: fffffbfff0742d01 R12: ffff888139cbfc00
00012 R13: dffffc0000000000 R14: 1ffff110210cd800 R15: 1ffff11027397f8f
00012 FS:  0000000000000000(0000) GS:ffff88831e52a000(0000) knlGS:0000000000000000
00012 CS:  0010 DS: 0000 ES: 0000 CR0: 0000000080050033
00012 CR2: 00007f0c364ee200 CR3: 0000000004274000 CR4: 0000000000750eb0
00012 PKRU: 55555554
00012 Call Trace:
00012  <TASK>
00012  ? local_object_create+0x109/0x640 [obdclass]
00012  ? dt_write_lock+0x16d/0x2a0 [obdclass]
00012  ? llog_osd_create+0x356/0x1140 [obdclass]
00012  ? llog_create+0x2ed/0x530 [obdclass]
00012  ? llog_open_create+0x5af/0xb10 [obdclass]
00012  ? mgs_find_or_make_fsdb_nolock+0x16d4/0x2d80 [mgs]
00012  ? class_find_param+0x25/0x70 [obdclass]
00012  ? mgs_find_or_make_fsdb+0xda/0x1f0 [mgs]
00012  ? mgs_target_reg+0x2333/0x4480 [mgs]
00012  ? tgt_request_handle+0x23ad/0x3d30 [ptlrpc]
00012  ? ptlrpc_main+0x6359/0x96f0 [ptlrpc]
00012  ? __kthread_parkme+0x73/0x130
00012  ? kthread+0x2cd/0x3a0
00012  ? ptlrpc_start_thread+0x1f10/0x1f10 [ptlrpc]
00012  ? kthread_unuse_mm+0x130/0x130
00012  ? ret_from_fork+0x18c/0x520
00012  ? kthread_unuse_mm+0x130/0x130
00012  ? ret_from_fork_asm+0x11/0x20
00012  </TASK>
00012 ---[ end trace 0000000000000000 ]---
00012 ------------[ cut here ]------------
00012 WARNING: /home/ktest/git/linux/include/linux/fs.h:889 at osd_create+0x9cf/0xcf0 [osd_wbcfs], CPU#2: ll_mgs_0002/1903
00012 Modules linked in: mdt(O) lquota(O) lfsck(O) mgs(O) osd_wbcfs(O) lustre(O) obdecho(O) mgc(O) mdc(O) lov(O) osc(O) lmv(O) ec(O) fid(O) fld(O) ptlrpc(O) efivarfs obdclass(O) ksocklnd(O) lnet(O) libcfs(O)
00012 CPU: 2 UID: 0 PID: 1903 Comm: ll_mgs_0002 Tainted: G        W  O        7.0.0-ktest-2f98931-6330a45-20260821-dirty #1 PREEMPT 
00012 Tainted: [W]=WARN, [O]=OOT_MODULE
00012 Hardware name: QEMU Standard PC (Q35 + ICH9, 2009), BIOS 2025.11-3ubuntu7 03/31/2026
00012 RIP: 0010:osd_create+0x9cf/0xcf0 [osd_wbcfs]
00012 Code: c7 c7 00 b6 7c a1 48 c7 c6 a0 22 75 a1 48 c7 c2 00 2c 75 a1 e8 82 dd 43 ff 48 c7 c7 00 b6 7c a1 e8 f6 6a 44 ff e9 fe fc ff ff <0f> 0b e9 a5 fa ff ff 48 c7 c1 80 44 5d a0 80 e1 07 80 c1 03 38 c1
00012 RSP: 0018:ffffc90001c77698 EFLAGS: 00010246
00012 RAX: 0000000000000000 RBX: ffff88810866e800 RCX: 0000000000000046
00012 RDX: 0000000000000000 RSI: ffff88819df19f30 RDI: ffff888105e22aa8
00012 RBP: ffff88819df19ea0 R08: ffffffff83a16803 R09: 1ffffffff0742d00
00012 R10: dffffc0000000000 R11: fffffbfff0742d01 R12: ffff888139cbfc00
00012 R13: dffffc0000000000 R14: 1ffff110210cdd00 R15: 1ffff11027397f8f
00012 FS:  0000000000000000(0000) GS:ffff88831e52a000(0000) knlGS:0000000000000000
00012 CS:  0010 DS: 0000 ES: 0000 CR0: 0000000080050033
00012 CR2: 00007f0c364ee200 CR3: 0000000004274000 CR4: 0000000000750eb0
00012 PKRU: 55555554
00012 Call Trace:
00012  <TASK>
00012  ? local_object_create+0x109/0x640 [obdclass]
00012  ? dt_write_lock+0x16d/0x2a0 [obdclass]
00012  ? llog_osd_create+0x356/0x1140 [obdclass]
00012  ? llog_create+0x2ed/0x530 [obdclass]
00012  ? llog_open_create+0x5af/0xb10 [obdclass]
00012  ? record_start_log+0x348/0xa40 [mgs]
00012  ? mgs_write_log_lov+0x3ac/0xde0 [mgs]
00012  ? mgs_write_log_target+0x17a4/0x6ab0 [mgs]
00012  ? mgs_target_reg+0x254e/0x4480 [mgs]
00012  ? tgt_request_handle+0x23ad/0x3d30 [ptlrpc]
00012  ? ptlrpc_main+0x6359/0x96f0 [ptlrpc]
00012  ? __kthread_parkme+0x73/0x130
00012  ? kthread+0x2cd/0x3a0
00012  ? ptlrpc_start_thread+0x1f10/0x1f10 [ptlrpc]
00012  ? kthread_unuse_mm+0x130/0x130
00012  ? ret_from_fork+0x18c/0x520
00012  ? kthread_unuse_mm+0x130/0x130
00012  ? ret_from_fork_asm+0x11/0x20
00012  </TASK>
00012 ---[ end trace 0000000000000000 ]---
00012 ------------[ cut here ]------------
00012 WARNING: /home/ktest/git/linux/include/linux/fs.h:889 at osd_create+0x9cf/0xcf0 [osd_wbcfs], CPU#1: llog_process_th/1926
00012 Modules linked in: mdd(O) lod(O) mdt(O) lquota(O) lfsck(O) mgs(O) osd_wbcfs(O) lustre(O) obdecho(O) mgc(O) mdc(O) lov(O) osc(O) lmv(O) ec(O) fid(O) fld(O) ptlrpc(O) efivarfs obdclass(O) ksocklnd(O) lnet(O) libcfs(O)
00012 CPU: 1 UID: 0 PID: 1926 Comm: llog_process_th Tainted: G        W  O        7.0.0-ktest-2f98931-6330a45-20260821-dirty #1 PREEMPT 
00012 Tainted: [W]=WARN, [O]=OOT_MODULE
00012 Hardware name: QEMU Standard PC (Q35 + ICH9, 2009), BIOS 2025.11-3ubuntu7 03/31/2026
00012 RIP: 0010:osd_create+0x9cf/0xcf0 [osd_wbcfs]
00012 Code: c7 c7 00 b6 7c a1 48 c7 c6 a0 22 75 a1 48 c7 c2 00 2c 75 a1 e8 82 dd 43 ff 48 c7 c7 00 b6 7c a1 e8 f6 6a 44 ff e9 fe fc ff ff <0f> 0b e9 a5 fa ff ff 48 c7 c1 80 44 5d a0 80 e1 07 80 c1 03 38 c1
00012 RSP: 0018:ffffc90001e17450 EFLAGS: 00010246
00012 RAX: 0000000000000000 RBX: ffff8881392be400 RCX: 0000000000000046
00012 RDX: ffffffff84c44d40 RSI: ffff88819df1fb68 RDI: ffff8881193c8998
00012 RBP: ffff88819df1fad8 R08: 0000000000000001 R09: 0000000000000000
00012 R10: dffffc0000000000 R11: ffffed1033be3f50 R12: ffff888192871600
00012 R13: dffffc0000000000 R14: 1ffff11027257c80 R15: 1ffff920003c2ebf
00012 FS:  0000000000000000(0000) GS:ffff88831e4aa000(0000) knlGS:0000000000000000
00012 CS:  0010 DS: 0000 ES: 0000 CR0: 0000000080050033
00012 CR2: 00007fb32baee200 CR3: 0000000004274000 CR4: 0000000000750eb0
00012 PKRU: 55555554
00012 Call Trace:
00012  <TASK>
00012  ? dt_find_or_create+0x81a/0x1170 [obdclass]
00012  ? fld_index_init+0x404/0x1610 [fld]
00012  ? is_module_address+0x1b/0x70
00012  ? is_module_address+0x5e/0x70
00012  ? __asan_memset+0x22/0x40
00012  ? fld_server_init+0x1d7/0x580 [fld]
00012  ? mdt_device_alloc+0x36b4/0x66c0 [mdt]
00012  ? ret_from_fork_asm+0x11/0x20
00012  ? __alloc_tagging_slab_alloc_hook+0x136/0x190
00012  ? obd_setup+0x25c/0x960 [obdclass]
00012  ? class_setup+0xc7d/0x10e0 [obdclass]
00012  ? class_process_config+0x2edb/0x7cb0 [obdclass]
00012  ? __kasan_kmalloc+0x72/0x80
00012  ? class_config_llog_handler+0x2954/0x4f80 [obdclass]
00012  ? class_config_llog_handler+0x2cea/0x4f80 [obdclass]
00012  ? lustre_cfg_rec_free+0x350/0x350 [obdclass]
00012  ? llog_process_thread+0x1fd2/0x4f70 [obdclass]
00012  ? _raw_spin_unlock+0x23/0x40
00012  ? llog_process_thread_daemonize+0x16d/0x1b0 [obdclass]
00012  ? kthread+0x2cd/0x3a0
00012  ? llog_process_or_fork+0xc90/0xc90 [obdclass]
00012  ? kthread_unuse_mm+0x130/0x130
00012  ? ret_from_fork+0x18c/0x520
00012  ? kthread_unuse_mm+0x130/0x130
00012  ? ret_from_fork_asm+0x11/0x20
00012  </TASK>
00012 ---[ end trace 0000000000000000 ]---
00012 ------------[ cut here ]------------
00012 WARNING: /home/ktest/git/linux/include/linux/fs.h:889 at osd_create+0x9cf/0xcf0 [osd_wbcfs], CPU#1: llog_process_th/1926
00012 Modules linked in: mdd(O) lod(O) mdt(O) lquota(O) lfsck(O) mgs(O) osd_wbcfs(O) lustre(O) obdecho(O) mgc(O) mdc(O) lov(O) osc(O) lmv(O) ec(O) fid(O) fld(O) ptlrpc(O) efivarfs obdclass(O) ksocklnd(O) lnet(O) libcfs(O)
00012 CPU: 1 UID: 0 PID: 1926 Comm: llog_process_th Tainted: G        W  O        7.0.0-ktest-2f98931-6330a45-20260821-dirty #1 PREEMPT 
00012 Tainted: [W]=WARN, [O]=OOT_MODULE
00012 Hardware name: QEMU Standard PC (Q35 + ICH9, 2009), BIOS 2025.11-3ubuntu7 03/31/2026
00012 RIP: 0010:osd_create+0x9cf/0xcf0 [osd_wbcfs]
00012 Code: c7 c7 00 b6 7c a1 48 c7 c6 a0 22 75 a1 48 c7 c2 00 2c 75 a1 e8 82 dd 43 ff 48 c7 c7 00 b6 7c a1 e8 f6 6a 44 ff e9 fe fc ff ff <0f> 0b e9 a5 fa ff ff 48 c7 c1 80 44 5d a0 80 e1 07 80 c1 03 38 c1
00012 RSP: 0018:ffffc90001e17430 EFLAGS: 00010246
00012 RAX: 0000000000000000 RBX: ffff8881392bd800 RCX: 0000000000000046
00012 RDX: 0000000000000000 RSI: ffff88819df1f450 RDI: ffff8881193c8998
00012 RBP: ffff88819df1f3c0 R08: ffffffff83a16803 R09: 1ffffffff0742d00
00012 R10: dffffc0000000000 R11: fffffbfff0742d01 R12: ffffc90001e17530
00012 R13: dffffc0000000000 R14: 1ffff11027257b00 R15: 1ffff920003c2ea4
00012 FS:  0000000000000000(0000) GS:ffff88831e4aa000(0000) knlGS:0000000000000000
00012 CS:  0010 DS: 0000 ES: 0000 CR0: 0000000080050033
00012 CR2: 00007fb32baee200 CR3: 0000000004274000 CR4: 0000000000750eb0
00012 PKRU: 55555554
00012 Call Trace:
00012  <TASK>
00012  ? dt_find_or_create+0x81a/0x1170 [obdclass]
00012  ? seq_store_init+0x155/0x360 [fid]
00012  ? seq_server_init+0x290/0xba0 [fid]
00012  ? mdt_seq_init+0x513/0x1ef0 [mdt]
00012  ? fld_server_init+0x34e/0x580 [fld]
00012  ? mdt_device_alloc+0x39c5/0x66c0 [mdt]
00012  ? ret_from_fork_asm+0x11/0x20
00012  ? __alloc_tagging_slab_alloc_hook+0x136/0x190
00012  ? obd_setup+0x25c/0x960 [obdclass]
00012  ? class_setup+0xc7d/0x10e0 [obdclass]
00012  ? class_process_config+0x2edb/0x7cb0 [obdclass]
00012  ? __kasan_kmalloc+0x72/0x80
00012  ? class_config_llog_handler+0x2954/0x4f80 [obdclass]
00012  ? class_config_llog_handler+0x2cea/0x4f80 [obdclass]
00012  ? lustre_cfg_rec_free+0x350/0x350 [obdclass]
00012  ? llog_process_thread+0x1fd2/0x4f70 [obdclass]
00012  ? _raw_spin_unlock+0x23/0x40
00012  ? llog_process_thread_daemonize+0x16d/0x1b0 [obdclass]
00012  ? kthread+0x2cd/0x3a0
00012  ? llog_process_or_fork+0xc90/0xc90 [obdclass]
00012  ? kthread_unuse_mm+0x130/0x130
00012  ? ret_from_fork+0x18c/0x520
00012  ? kthread_unuse_mm+0x130/0x130
00012  ? ret_from_fork_asm+0x11/0x20
00012  </TASK>
00012 ---[ end trace 0000000000000000 ]---
00012 Lustre: ctl-lustre-MDT0000: No data found on store. Initialize space.
00012 ------------[ cut here ]------------
00012 WARNING: /home/ktest/git/linux/include/linux/fs.h:889 at osd_create+0x9cf/0xcf0 [osd_wbcfs], CPU#1: llog_process_th/1926
00012 Modules linked in: mdd(O) lod(O) mdt(O) lquota(O) lfsck(O) mgs(O) osd_wbcfs(O) lustre(O) obdecho(O) mgc(O) mdc(O) lov(O) osc(O) lmv(O) ec(O) fid(O) fld(O) ptlrpc(O) efivarfs obdclass(O) ksocklnd(O) lnet(O) libcfs(O)
00012 CPU: 1 UID: 0 PID: 1926 Comm: llog_process_th Tainted: G        W  O        7.0.0-ktest-2f98931-6330a45-20260821-dirty #1 PREEMPT 
00012 Tainted: [W]=WARN, [O]=OOT_MODULE
00012 Hardware name: QEMU Standard PC (Q35 + ICH9, 2009), BIOS 2025.11-3ubuntu7 03/31/2026
00012 RIP: 0010:osd_create+0x9cf/0xcf0 [osd_wbcfs]
00012 Code: c7 c7 00 b6 7c a1 48 c7 c6 a0 22 75 a1 48 c7 c2 00 2c 75 a1 e8 82 dd 43 ff 48 c7 c7 00 b6 7c a1 e8 f6 6a 44 ff e9 fe fc ff ff <0f> 0b e9 a5 fa ff ff 48 c7 c1 80 44 5d a0 80 e1 07 80 c1 03 38 c1
00012 RSP: 0018:ffffc90001e17430 EFLAGS: 00010246
00012 RAX: 0000000000000000 RBX: ffff8881392bbc00 RCX: 0000000000000046
00012 RDX: 0000000000000000 RSI: ffff88819df1ed38 RDI: ffff8881193c8998
00012 RBP: ffff88819df1eca8 R08: ffffffff83a16803 R09: 1ffffffff0742d00
00012 R10: dffffc0000000000 R11: fffffbfff0742d01 R12: ffffc90001e17530
00012 R13: dffffc0000000000 R14: 1ffff11027257780 R15: 1ffff920003c2ea4
00012 FS:  0000000000000000(0000) GS:ffff88831e4aa000(0000) knlGS:0000000000000000
00012 CS:  0010 DS: 0000 ES: 0000 CR0: 0000000080050033
00012 CR2: 00007fb32baee200 CR3: 0000000004274000 CR4: 0000000000750eb0
00012 PKRU: 55555554
00012 Call Trace:
00012  <TASK>
00012  ? dt_find_or_create+0x81a/0x1170 [obdclass]
00012  ? seq_store_init+0x155/0x360 [fid]
00012  ? seq_server_init+0x290/0xba0 [fid]
00012  ? mdt_seq_init+0x2c1/0x1ef0 [mdt]
00012  ? fld_server_init+0x34e/0x580 [fld]
00012  ? mdt_device_alloc+0x39c5/0x66c0 [mdt]
00012  ? ret_from_fork_asm+0x11/0x20
00012  ? __alloc_tagging_slab_alloc_hook+0x136/0x190
00012  ? obd_setup+0x25c/0x960 [obdclass]
00012  ? class_setup+0xc7d/0x10e0 [obdclass]
00012  ? class_process_config+0x2edb/0x7cb0 [obdclass]
00012  ? __kasan_kmalloc+0x72/0x80
00012  ? class_config_llog_handler+0x2954/0x4f80 [obdclass]
00012  ? class_config_llog_handler+0x2cea/0x4f80 [obdclass]
00012  ? lustre_cfg_rec_free+0x350/0x350 [obdclass]
00012  ? llog_process_thread+0x1fd2/0x4f70 [obdclass]
00012  ? _raw_spin_unlock+0x23/0x40
00012  ? llog_process_thread_daemonize+0x16d/0x1b0 [obdclass]
00012  ? kthread+0x2cd/0x3a0
00012  ? llog_process_or_fork+0xc90/0xc90 [obdclass]
00012  ? kthread_unuse_mm+0x130/0x130
00012  ? ret_from_fork+0x18c/0x520
00012  ? kthread_unuse_mm+0x130/0x130
00012  ? ret_from_fork_asm+0x11/0x20
00012  </TASK>
00012 ---[ end trace 0000000000000000 ]---
00012 ------------[ cut here ]------------
00012 WARNING: /home/ktest/git/linux/include/linux/fs.h:889 at osd_create+0x9cf/0xcf0 [osd_wbcfs], CPU#1: llog_process_th/1926
00012 Modules linked in: mdd(O) lod(O) mdt(O) lquota(O) lfsck(O) mgs(O) osd_wbcfs(O) lustre(O) obdecho(O) mgc(O) mdc(O) lov(O) osc(O) lmv(O) ec(O) fid(O) fld(O) ptlrpc(O) efivarfs obdclass(O) ksocklnd(O) lnet(O) libcfs(O)
00012 CPU: 1 UID: 0 PID: 1926 Comm: llog_process_th Tainted: G        W  O        7.0.0-ktest-2f98931-6330a45-20260821-dirty #1 PREEMPT 
00012 Tainted: [W]=WARN, [O]=OOT_MODULE
00012 Hardware name: QEMU Standard PC (Q35 + ICH9, 2009), BIOS 2025.11-3ubuntu7 03/31/2026
00012 RIP: 0010:osd_create+0x9cf/0xcf0 [osd_wbcfs]
00012 Code: c7 c7 00 b6 7c a1 48 c7 c6 a0 22 75 a1 48 c7 c2 00 2c 75 a1 e8 82 dd 43 ff 48 c7 c7 00 b6 7c a1 e8 f6 6a 44 ff e9 fe fc ff ff <0f> 0b e9 a5 fa ff ff 48 c7 c1 80 44 5d a0 80 e1 07 80 c1 03 38 c1
00012 RSP: 0018:ffffc90001e17470 EFLAGS: 00010246
00012 RAX: 0000000000000000 RBX: ffff8881392d9c00 RCX: 0000000000000046
00012 RDX: 0000000000000000 RSI: ffff88819df1e620 RDI: ffff8881193c8998
00012 RBP: ffff88819df1e590 R08: ffffffff83a16803 R09: 1ffffffff0742d00
00012 R10: dffffc0000000000 R11: fffffbfff0742d01 R12: ffffc90001e175e0
00012 R13: dffffc0000000000 R14: 1ffff1102725b380 R15: 1ffff920003c2ec9
00012 FS:  0000000000000000(0000) GS:ffff88831e4aa000(0000) knlGS:0000000000000000
00012 CS:  0010 DS: 0000 ES: 0000 CR0: 0000000080050033
00012 CR2: 00007fb32baee200 CR3: 0000000004274000 CR4: 0000000000750eb0
00012 PKRU: 55555554
00012 Call Trace:
00012  <TASK>
00012  ? dt_find_or_create+0x81a/0x1170 [obdclass]
00012  ? tgt_init+0xb72/0x2a60 [ptlrpc]
00012  ? mdt_device_alloc+0x3ce7/0x66c0 [mdt]
00012  ? ret_from_fork_asm+0x11/0x20
00012  ? __alloc_tagging_slab_alloc_hook+0x136/0x190
00012  ? obd_setup+0x25c/0x960 [obdclass]
00012  ? class_setup+0xc7d/0x10e0 [obdclass]
00012  ? class_process_config+0x2edb/0x7cb0 [obdclass]
00012  ? __kasan_kmalloc+0x72/0x80
00012  ? class_config_llog_handler+0x2954/0x4f80 [obdclass]
00012  ? class_config_llog_handler+0x2cea/0x4f80 [obdclass]
00012  ? lustre_cfg_rec_free+0x350/0x350 [obdclass]
00012  ? llog_process_thread+0x1fd2/0x4f70 [obdclass]
00012  ? _raw_spin_unlock+0x23/0x40
00012  ? llog_process_thread_daemonize+0x16d/0x1b0 [obdclass]
00012  ? kthread+0x2cd/0x3a0
00012  ? llog_process_or_fork+0xc90/0xc90 [obdclass]
00012  ? kthread_unuse_mm+0x130/0x130
00012  ? ret_from_fork+0x18c/0x520
00012  ? kthread_unuse_mm+0x130/0x130
00012  ? ret_from_fork_asm+0x11/0x20
00012  </TASK>
00012 ---[ end trace 0000000000000000 ]---
00012 Lustre: lustre-MDT0000: new disk, initializing
00012 ------------[ cut here ]------------
00012 WARNING: /home/ktest/git/linux/include/linux/fs.h:889 at osd_create+0x9cf/0xcf0 [osd_wbcfs], CPU#1: llog_process_th/1926
00012 Modules linked in: mdd(O) lod(O) mdt(O) lquota(O) lfsck(O) mgs(O) osd_wbcfs(O) lustre(O) obdecho(O) mgc(O) mdc(O) lov(O) osc(O) lmv(O) ec(O) fid(O) fld(O) ptlrpc(O) efivarfs obdclass(O) ksocklnd(O) lnet(O) libcfs(O)
00012 CPU: 1 UID: 0 PID: 1926 Comm: llog_process_th Tainted: G        W  O        7.0.0-ktest-2f98931-6330a45-20260821-dirty #1 PREEMPT 
00012 Tainted: [W]=WARN, [O]=OOT_MODULE
00012 Hardware name: QEMU Standard PC (Q35 + ICH9, 2009), BIOS 2025.11-3ubuntu7 03/31/2026
00012 RIP: 0010:osd_create+0x9cf/0xcf0 [osd_wbcfs]
00012 Code: c7 c7 00 b6 7c a1 48 c7 c6 a0 22 75 a1 48 c7 c2 00 2c 75 a1 e8 82 dd 43 ff 48 c7 c7 00 b6 7c a1 e8 f6 6a 44 ff e9 fe fc ff ff <0f> 0b e9 a5 fa ff ff 48 c7 c1 80 44 5d a0 80 e1 07 80 c1 03 38 c1
00012 RSP: 0018:ffffc90001e17470 EFLAGS: 00010246
00012 RAX: 0000000000000000 RBX: ffff8881392d9800 RCX: 0000000000000046
00012 RDX: 0000000000000000 RSI: ffff88819df1df08 RDI: ffff8881193c8998
00012 RBP: ffff88819df1de78 R08: ffffffff83a16803 R09: 1ffffffff0742d00
00012 R10: dffffc0000000000 R11: fffffbfff0742d01 R12: ffffc90001e175e0
00012 R13: dffffc0000000000 R14: 1ffff1102725b300 R15: 1ffff920003c2ec9
00012 FS:  0000000000000000(0000) GS:ffff88831e4aa000(0000) knlGS:0000000000000000
00012 CS:  0010 DS: 0000 ES: 0000 CR0: 0000000080050033
00012 CR2: 00007fb32baee200 CR3: 0000000004274000 CR4: 0000000000750eb0
00012 PKRU: 55555554
00012 Call Trace:
00012  <TASK>
00012  ? dt_find_or_create+0x81a/0x1170 [obdclass]
00012  ? tgt_init+0x1a98/0x2a60 [ptlrpc]
00012  ? mdt_device_alloc+0x3ce7/0x66c0 [mdt]
00012  ? ret_from_fork_asm+0x11/0x20
00012  ? __alloc_tagging_slab_alloc_hook+0x136/0x190
00012  ? obd_setup+0x25c/0x960 [obdclass]
00012  ? class_setup+0xc7d/0x10e0 [obdclass]
00012  ? class_process_config+0x2edb/0x7cb0 [obdclass]
00012  ? __kasan_kmalloc+0x72/0x80
00012  ? class_config_llog_handler+0x2954/0x4f80 [obdclass]
00012  ? class_config_llog_handler+0x2cea/0x4f80 [obdclass]
00012  ? lustre_cfg_rec_free+0x350/0x350 [obdclass]
00012  ? llog_process_thread+0x1fd2/0x4f70 [obdclass]
00012  ? _raw_spin_unlock+0x23/0x40
00012  ? llog_process_thread_daemonize+0x16d/0x1b0 [obdclass]
00012  ? kthread+0x2cd/0x3a0
00012  ? llog_process_or_fork+0xc90/0xc90 [obdclass]
00012  ? kthread_unuse_mm+0x130/0x130
00012  ? ret_from_fork+0x18c/0x520
00012  ? kthread_unuse_mm+0x130/0x130
00012  ? ret_from_fork_asm+0x11/0x20
00012  </TASK>
00012 ---[ end trace 0000000000000000 ]---
00012 ------------[ cut here ]------------
00012 WARNING: /home/ktest/git/linux/include/linux/fs.h:889 at osd_create+0x9cf/0xcf0 [osd_wbcfs], CPU#1: llog_process_th/1926
00012 Modules linked in: mdd(O) lod(O) mdt(O) lquota(O) lfsck(O) mgs(O) osd_wbcfs(O) lustre(O) obdecho(O) mgc(O) mdc(O) lov(O) osc(O) lmv(O) ec(O) fid(O) fld(O) ptlrpc(O) efivarfs obdclass(O) ksocklnd(O) lnet(O) libcfs(O)
00012 CPU: 1 UID: 0 PID: 1926 Comm: llog_process_th Tainted: G        W  O        7.0.0-ktest-2f98931-6330a45-20260821-dirty #1 PREEMPT 
00012 Tainted: [W]=WARN, [O]=OOT_MODULE
00012 Hardware name: QEMU Standard PC (Q35 + ICH9, 2009), BIOS 2025.11-3ubuntu7 03/31/2026
00012 RIP: 0010:osd_create+0x9cf/0xcf0 [osd_wbcfs]
00012 Code: c7 c7 00 b6 7c a1 48 c7 c6 a0 22 75 a1 48 c7 c2 00 2c 75 a1 e8 82 dd 43 ff 48 c7 c7 00 b6 7c a1 e8 f6 6a 44 ff e9 fe fc ff ff <0f> 0b e9 a5 fa ff ff 48 c7 c1 80 44 5d a0 80 e1 07 80 c1 03 38 c1
00012 RSP: 0018:ffffc90001e17370 EFLAGS: 00010246
00012 RAX: 0000000000000000 RBX: ffff88815d396800 RCX: 0000000000000046
00012 RDX: 0000000000000000 RSI: ffff88819df1d7f0 RDI: ffff8881193c8998
00012 RBP: ffff88819df1d760 R08: ffffffff83a16803 R09: 1ffffffff0742d00
00012 R10: dffffc0000000000 R11: fffffbfff0742d01 R12: ffff8881a0f1b418
00012 R13: dffffc0000000000 R14: 1ffff1102ba72d00 R15: 1ffff110341e3692
00012 FS:  0000000000000000(0000) GS:ffff88831e4aa000(0000) knlGS:0000000000000000
00012 CS:  0010 DS: 0000 ES: 0000 CR0: 0000000080050033
00012 CR2: 00007fb32baee200 CR3: 0000000004274000 CR4: 0000000000750eb0
00012 PKRU: 55555554
00012 Call Trace:
00012  <TASK>
00012  ? local_object_create+0x109/0x640 [obdclass]
00012  ? dt_write_lock+0x16d/0x2a0 [obdclass]
00012  ? __local_file_create+0xce4/0x1bc0 [obdclass]
00012  ? local_file_find_or_create+0x13c/0x1d0 [obdclass]
00012  ? lquota_disk_dir_find_create+0x31f/0xd10 [lquota]
00012  ? qmt_device_prepare+0x157/0x600 [lquota]
00012  ? mdt_quota_init+0x1a65/0x3220 [mdt]
00012  ? mdt_tunables_init+0x3e6/0x530 [mdt]
00012  ? mdt_device_alloc+0x46a6/0x66c0 [mdt]
00012  ? ret_from_fork_asm+0x11/0x20
00012  ? obd_setup+0x25c/0x960 [obdclass]
00012  ? class_setup+0xc7d/0x10e0 [obdclass]
00012  ? class_process_config+0x2edb/0x7cb0 [obdclass]
00012  ? __kasan_kmalloc+0x72/0x80
00012  ? class_config_llog_handler+0x2954/0x4f80 [obdclass]
00012  ? class_config_llog_handler+0x2cea/0x4f80 [obdclass]
00012  ? lustre_cfg_rec_free+0x350/0x350 [obdclass]
00012  ? llog_process_thread+0x1fd2/0x4f70 [obdclass]
00012  ? _raw_spin_unlock+0x23/0x40
00012  ? llog_process_thread_daemonize+0x16d/0x1b0 [obdclass]
00012  ? kthread+0x2cd/0x3a0
00012  ? llog_process_or_fork+0xc90/0xc90 [obdclass]
00012  ? kthread_unuse_mm+0x130/0x130
00012  ? ret_from_fork+0x18c/0x520
00012  ? kthread_unuse_mm+0x130/0x130
00012  ? ret_from_fork_asm+0x11/0x20
00012  </TASK>
00012 ---[ end trace 0000000000000000 ]---
00012 ------------[ cut here ]------------
00012 WARNING: /home/ktest/git/linux/include/linux/fs.h:889 at osd_create+0x9cf/0xcf0 [osd_wbcfs], CPU#1: llog_process_th/1926
00012 Modules linked in: mdd(O) lod(O) mdt(O) lquota(O) lfsck(O) mgs(O) osd_wbcfs(O) lustre(O) obdecho(O) mgc(O) mdc(O) lov(O) osc(O) lmv(O) ec(O) fid(O) fld(O) ptlrpc(O) efivarfs obdclass(O) ksocklnd(O) lnet(O) libcfs(O)
00012 CPU: 1 UID: 0 PID: 1926 Comm: llog_process_th Tainted: G        W  O        7.0.0-ktest-2f98931-6330a45-20260821-dirty #1 PREEMPT 
00012 Tainted: [W]=WARN, [O]=OOT_MODULE
00012 Hardware name: QEMU Standard PC (Q35 + ICH9, 2009), BIOS 2025.11-3ubuntu7 03/31/2026
00012 RIP: 0010:osd_create+0x9cf/0xcf0 [osd_wbcfs]
00012 Code: c7 c7 00 b6 7c a1 48 c7 c6 a0 22 75 a1 48 c7 c2 00 2c 75 a1 e8 82 dd 43 ff 48 c7 c7 00 b6 7c a1 e8 f6 6a 44 ff e9 fe fc ff ff <0f> 0b e9 a5 fa ff ff 48 c7 c1 80 44 5d a0 80 e1 07 80 c1 03 38 c1
00012 RSP: 0018:ffffc90001e17270 EFLAGS: 00010246
00012 RAX: 0000000000000000 RBX: ffff88815d391000 RCX: 0000000000000046
00012 RDX: 0000000000000000 RSI: ffff88819df1d0d8 RDI: ffff8881193c8998
00012 RBP: ffff88819df1d048 R08: ffffffff83a16803 R09: 1ffffffff0742d00
00012 R10: dffffc0000000000 R11: fffffbfff0742d01 R12: ffff8881a0f1b418
00012 R13: dffffc0000000000 R14: 1ffff1102ba72200 R15: 1ffff110341e3692
00012 FS:  0000000000000000(0000) GS:ffff88831e4aa000(0000) knlGS:0000000000000000
00012 CS:  0010 DS: 0000 ES: 0000 CR0: 0000000080050033
00012 CR2: 00007fb32baee200 CR3: 0000000004274000 CR4: 0000000000750eb0
00012 PKRU: 55555554
00012 Call Trace:
00012  <TASK>
00012  ? local_object_create+0x109/0x640 [obdclass]
00012  ? dt_write_lock+0x16d/0x2a0 [obdclass]
00012  ? __local_file_create+0xce4/0x1bc0 [obdclass]
00012  ? local_file_find_or_create+0x13c/0x1d0 [obdclass]
00012  ? lquota_disk_dir_find_create+0x31f/0xd10 [lquota]
00012  ? qmt_pool_prepare+0x3ee/0x16f0 [lquota]
00012  ? qmt_device_prepare+0x25f/0x600 [lquota]
00012  ? mdt_quota_init+0x1a65/0x3220 [mdt]
00012  ? mdt_tunables_init+0x3e6/0x530 [mdt]
00012  ? mdt_device_alloc+0x46a6/0x66c0 [mdt]
00012  ? ret_from_fork_asm+0x11/0x20
00012  ? obd_setup+0x25c/0x960 [obdclass]
00012  ? class_setup+0xc7d/0x10e0 [obdclass]
00012  ? class_process_config+0x2edb/0x7cb0 [obdclass]
00012  ? __kasan_kmalloc+0x72/0x80
00012  ? class_config_llog_handler+0x2954/0x4f80 [obdclass]
00012  ? class_config_llog_handler+0x2cea/0x4f80 [obdclass]
00012  ? lustre_cfg_rec_free+0x350/0x350 [obdclass]
00012  ? llog_process_thread+0x1fd2/0x4f70 [obdclass]
00012  ? _raw_spin_unlock+0x23/0x40
00012  ? llog_process_thread_daemonize+0x16d/0x1b0 [obdclass]
00012  ? kthread+0x2cd/0x3a0
00012  ? llog_process_or_fork+0xc90/0xc90 [obdclass]
00012  ? kthread_unuse_mm+0x130/0x130
00012  ? ret_from_fork+0x18c/0x520
00012  ? kthread_unuse_mm+0x130/0x130
00012  ? ret_from_fork_asm+0x11/0x20
00012  </TASK>
00012 ---[ end trace 0000000000000000 ]---
00012 ------------[ cut here ]------------
00012 WARNING: /home/ktest/git/linux/include/linux/fs.h:889 at osd_create+0x9cf/0xcf0 [osd_wbcfs], CPU#1: llog_process_th/1926
00012 Modules linked in: mdd(O) lod(O) mdt(O) lquota(O) lfsck(O) mgs(O) osd_wbcfs(O) lustre(O) obdecho(O) mgc(O) mdc(O) lov(O) osc(O) lmv(O) ec(O) fid(O) fld(O) ptlrpc(O) efivarfs obdclass(O) ksocklnd(O) lnet(O) libcfs(O)
00012 CPU: 1 UID: 0 PID: 1926 Comm: llog_process_th Tainted: G        W  O        7.0.0-ktest-2f98931-6330a45-20260821-dirty #1 PREEMPT 
00012 Tainted: [W]=WARN, [O]=OOT_MODULE
00012 Hardware name: QEMU Standard PC (Q35 + ICH9, 2009), BIOS 2025.11-3ubuntu7 03/31/2026
00012 RIP: 0010:osd_create+0x9cf/0xcf0 [osd_wbcfs]
00012 Code: c7 c7 00 b6 7c a1 48 c7 c6 a0 22 75 a1 48 c7 c2 00 2c 75 a1 e8 82 dd 43 ff 48 c7 c7 00 b6 7c a1 e8 f6 6a 44 ff e9 fe fc ff ff <0f> 0b e9 a5 fa ff ff 48 c7 c1 80 44 5d a0 80 e1 07 80 c1 03 38 c1
00012 RSP: 0018:ffffc90001e17258 EFLAGS: 00010246
00012 RAX: 0000000000000000 RBX: ffff888139314000 RCX: 0000000000000046
00012 RDX: ffffffff84c44d40 RSI: ffff88819df1c9c0 RDI: ffff8881193c8998
00012 RBP: ffff88819df1c930 R08: 0000000000000001 R09: 0000000000000000
00012 R10: dffffc0000000000 R11: ffffed1033be391b R12: ffff8881a0f1b418
00012 R13: dffffc0000000000 R14: 1ffff11027262800 R15: 1ffff110341e3692
00012 FS:  0000000000000000(0000) GS:ffff88831e4aa000(0000) knlGS:0000000000000000
00012 CS:  0010 DS: 0000 ES: 0000 CR0: 0000000080050033
00012 CR2: 00007fb32baee200 CR3: 0000000004274000 CR4: 0000000000750eb0
00012 PKRU: 55555554
00012 Call Trace:
00012  <TASK>
00012  ? local_object_create+0x109/0x640 [obdclass]
00012  ? dt_write_lock+0x16d/0x2a0 [obdclass]
00012  ? __local_file_create+0xce4/0x1bc0 [obdclass]
00012  ? local_index_find_or_create_with_fid+0x20d/0x3c0 [obdclass]
00012  ? lquota_disk_glb_find_create+0x3e7/0xe50 [lquota]
00012  ? qmt_pool_prepare+0x5af/0x16f0 [lquota]
00012  ? qmt_device_prepare+0x25f/0x600 [lquota]
00012  ? mdt_quota_init+0x1a65/0x3220 [mdt]
00012  ? mdt_tunables_init+0x3e6/0x530 [mdt]
00012  ? mdt_device_alloc+0x46a6/0x66c0 [mdt]
00012  ? ret_from_fork_asm+0x11/0x20
00012  ? obd_setup+0x25c/0x960 [obdclass]
00012  ? class_setup+0xc7d/0x10e0 [obdclass]
00012  ? class_process_config+0x2edb/0x7cb0 [obdclass]
00012  ? __kasan_kmalloc+0x72/0x80
00012  ? class_config_llog_handler+0x2954/0x4f80 [obdclass]
00012  ? class_config_llog_handler+0x2cea/0x4f80 [obdclass]
00012  ? lustre_cfg_rec_free+0x350/0x350 [obdclass]
00012  ? llog_process_thread+0x1fd2/0x4f70 [obdclass]
00012  ? _raw_spin_unlock+0x23/0x40
00012  ? llog_process_thread_daemonize+0x16d/0x1b0 [obdclass]
00012  ? kthread+0x2cd/0x3a0
00012  ? llog_process_or_fork+0xc90/0xc90 [obdclass]
00012  ? kthread_unuse_mm+0x130/0x130
00012  ? ret_from_fork+0x18c/0x520
00012  ? kthread_unuse_mm+0x130/0x130
00012  ? ret_from_fork_asm+0x11/0x20
00012  </TASK>
00012 ---[ end trace 0000000000000000 ]---
00012 ------------[ cut here ]------------
00012 WARNING: /home/ktest/git/linux/include/linux/fs.h:889 at osd_create+0x9cf/0xcf0 [osd_wbcfs], CPU#1: llog_process_th/1926
00012 Modules linked in: mdd(O) lod(O) mdt(O) lquota(O) lfsck(O) mgs(O) osd_wbcfs(O) lustre(O) obdecho(O) mgc(O) mdc(O) lov(O) osc(O) lmv(O) ec(O) fid(O) fld(O) ptlrpc(O) efivarfs obdclass(O) ksocklnd(O) lnet(O) libcfs(O)
00012 CPU: 1 UID: 0 PID: 1926 Comm: llog_process_th Tainted: G        W  O        7.0.0-ktest-2f98931-6330a45-20260821-dirty #1 PREEMPT 
00012 Tainted: [W]=WARN, [O]=OOT_MODULE
00012 Hardware name: QEMU Standard PC (Q35 + ICH9, 2009), BIOS 2025.11-3ubuntu7 03/31/2026
00012 RIP: 0010:osd_create+0x9cf/0xcf0 [osd_wbcfs]
00012 Code: c7 c7 00 b6 7c a1 48 c7 c6 a0 22 75 a1 48 c7 c2 00 2c 75 a1 e8 82 dd 43 ff 48 c7 c7 00 b6 7c a1 e8 f6 6a 44 ff e9 fe fc ff ff <0f> 0b e9 a5 fa ff ff 48 c7 c1 80 44 5d a0 80 e1 07 80 c1 03 38 c1
00012 RSP: 0018:ffffc90001e17258 EFLAGS: 00010246
00012 RAX: 0000000000000000 RBX: ffff888139316000 RCX: 0000000000000046
00012 RDX: ffffffff84c44d40 RSI: ffff88819df1c2a8 RDI: ffff8881193c8998
00012 RBP: ffff88819df1c218 R08: 0000000000000001 R09: 0000000000000000
00012 R10: dffffc0000000000 R11: ffffed1033be3838 R12: ffff8881a0f1b418
00012 R13: dffffc0000000000 R14: 1ffff11027262c00 R15: 1ffff110341e3692
00012 FS:  0000000000000000(0000) GS:ffff88831e4aa000(0000) knlGS:0000000000000000
00012 CS:  0010 DS: 0000 ES: 0000 CR0: 0000000080050033
00012 CR2: 00007fb32baee200 CR3: 0000000004274000 CR4: 0000000000750eb0
00012 PKRU: 55555554
00012 Call Trace:
00012  <TASK>
00012  ? local_object_create+0x109/0x640 [obdclass]
00012  ? dt_write_lock+0x16d/0x2a0 [obdclass]
00012  ? __local_file_create+0xce4/0x1bc0 [obdclass]
00012  ? local_index_find_or_create_with_fid+0x20d/0x3c0 [obdclass]
00012  ? lquota_disk_glb_find_create+0x3e7/0xe50 [lquota]
00012  ? lprocfs_seq_create+0x120/0x340 [obdclass]
00012  ? qmt_pool_prepare+0x5af/0x16f0 [lquota]
00012  ? qmt_device_prepare+0x25f/0x600 [lquota]
00012  ? mdt_quota_init+0x1a65/0x3220 [mdt]
00012  ? mdt_tunables_init+0x3e6/0x530 [mdt]
00012  ? mdt_device_alloc+0x46a6/0x66c0 [mdt]
00012  ? ret_from_fork_asm+0x11/0x20
00012  ? obd_setup+0x25c/0x960 [obdclass]
00012  ? class_setup+0xc7d/0x10e0 [obdclass]
00012  ? class_process_config+0x2edb/0x7cb0 [obdclass]
00012  ? __kasan_kmalloc+0x72/0x80
00012  ? class_config_llog_handler+0x2954/0x4f80 [obdclass]
00012  ? class_config_llog_handler+0x2cea/0x4f80 [obdclass]
00012  ? lustre_cfg_rec_free+0x350/0x350 [obdclass]
00012  ? llog_process_thread+0x1fd2/0x4f70 [obdclass]
00012  ? _raw_spin_unlock+0x23/0x40
00012  ? llog_process_thread_daemonize+0x16d/0x1b0 [obdclass]
00012  ? kthread+0x2cd/0x3a0
00012  ? llog_process_or_fork+0xc90/0xc90 [obdclass]
00012  ? kthread_unuse_mm+0x130/0x130
00012  ? ret_from_fork+0x18c/0x520
00012  ? kthread_unuse_mm+0x130/0x130
00012  ? ret_from_fork_asm+0x11/0x20
00012  </TASK>
00012 ---[ end trace 0000000000000000 ]---
00012 ------------[ cut here ]------------
00012 WARNING: /home/ktest/git/linux/include/linux/fs.h:889 at osd_create+0x9cf/0xcf0 [osd_wbcfs], CPU#1: llog_process_th/1926
00012 Modules linked in: mdd(O) lod(O) mdt(O) lquota(O) lfsck(O) mgs(O) osd_wbcfs(O) lustre(O) obdecho(O) mgc(O) mdc(O) lov(O) osc(O) lmv(O) ec(O) fid(O) fld(O) ptlrpc(O) efivarfs obdclass(O) ksocklnd(O) lnet(O) libcfs(O)
00012 CPU: 1 UID: 0 PID: 1926 Comm: llog_process_th Tainted: G        W  O        7.0.0-ktest-2f98931-6330a45-20260821-dirty #1 PREEMPT 
00012 Tainted: [W]=WARN, [O]=OOT_MODULE
00012 Hardware name: QEMU Standard PC (Q35 + ICH9, 2009), BIOS 2025.11-3ubuntu7 03/31/2026
00012 RIP: 0010:osd_create+0x9cf/0xcf0 [osd_wbcfs]
00012 Code: c7 c7 00 b6 7c a1 48 c7 c6 a0 22 75 a1 48 c7 c2 00 2c 75 a1 e8 82 dd 43 ff 48 c7 c7 00 b6 7c a1 e8 f6 6a 44 ff e9 fe fc ff ff <0f> 0b e9 a5 fa ff ff 48 c7 c1 80 44 5d a0 80 e1 07 80 c1 03 38 c1
00012 RSP: 0018:ffffc90001e17258 EFLAGS: 00010246
00012 RAX: 0000000000000000 RBX: ffff88813932b000 RCX: 0000000000000046
00012 RDX: ffffffff84c44d40 RSI: ffff88819df1bb90 RDI: ffff8881193c8998
00012 RBP: ffff88819df1bb00 R08: 0000000000000001 R09: 0000000000000000
00012 R10: dffffc0000000000 R11: ffffed1033be3755 R12: ffff8881a0f1b418
00012 R13: dffffc0000000000 R14: 1ffff11027265600 R15: 1ffff110341e3692
00012 FS:  0000000000000000(0000) GS:ffff88831e4aa000(0000) knlGS:0000000000000000
00012 CS:  0010 DS: 0000 ES: 0000 CR0: 0000000080050033
00012 CR2: 00007fb32baee200 CR3: 0000000004274000 CR4: 0000000000750eb0
00012 PKRU: 55555554
00012 Call Trace:
00012  <TASK>
00012  ? local_object_create+0x109/0x640 [obdclass]
00012  ? dt_write_lock+0x16d/0x2a0 [obdclass]
00012  ? __local_file_create+0xce4/0x1bc0 [obdclass]
00012  ? local_index_find_or_create_with_fid+0x20d/0x3c0 [obdclass]
00012  ? lquota_disk_glb_find_create+0x3e7/0xe50 [lquota]
00012  ? lprocfs_seq_create+0x120/0x340 [obdclass]
00012  ? qmt_pool_prepare+0x5af/0x16f0 [lquota]
00012  ? qmt_device_prepare+0x25f/0x600 [lquota]
00012  ? mdt_quota_init+0x1a65/0x3220 [mdt]
00012  ? mdt_tunables_init+0x3e6/0x530 [mdt]
00012  ? mdt_device_alloc+0x46a6/0x66c0 [mdt]
00012  ? ret_from_fork_asm+0x11/0x20
00012  ? obd_setup+0x25c/0x960 [obdclass]
00012  ? class_setup+0xc7d/0x10e0 [obdclass]
00012  ? class_process_config+0x2edb/0x7cb0 [obdclass]
00012  ? __kasan_kmalloc+0x72/0x80
00012  ? class_config_llog_handler+0x2954/0x4f80 [obdclass]
00012  ? class_config_llog_handler+0x2cea/0x4f80 [obdclass]
00012  ? lustre_cfg_rec_free+0x350/0x350 [obdclass]
00012  ? llog_process_thread+0x1fd2/0x4f70 [obdclass]
00012  ? _raw_spin_unlock+0x23/0x40
00012  ? llog_process_thread_daemonize+0x16d/0x1b0 [obdclass]
00012  ? kthread+0x2cd/0x3a0
00012  ? llog_process_or_fork+0xc90/0xc90 [obdclass]
00012  ? kthread_unuse_mm+0x130/0x130
00012  ? ret_from_fork+0x18c/0x520
00012  ? kthread_unuse_mm+0x130/0x130
00012  ? ret_from_fork_asm+0x11/0x20
00012  </TASK>
00012 ---[ end trace 0000000000000000 ]---
00012 ------------[ cut here ]------------
00012 WARNING: /home/ktest/git/linux/include/linux/fs.h:889 at osd_create+0x9cf/0xcf0 [osd_wbcfs], CPU#1: llog_process_th/1926
00012 Modules linked in: mdd(O) lod(O) mdt(O) lquota(O) lfsck(O) mgs(O) osd_wbcfs(O) lustre(O) obdecho(O) mgc(O) mdc(O) lov(O) osc(O) lmv(O) ec(O) fid(O) fld(O) ptlrpc(O) efivarfs obdclass(O) ksocklnd(O) lnet(O) libcfs(O)
00012 CPU: 1 UID: 0 PID: 1926 Comm: llog_process_th Tainted: G        W  O        7.0.0-ktest-2f98931-6330a45-20260821-dirty #1 PREEMPT 
00012 Tainted: [W]=WARN, [O]=OOT_MODULE
00012 Hardware name: QEMU Standard PC (Q35 + ICH9, 2009), BIOS 2025.11-3ubuntu7 03/31/2026
00012 RIP: 0010:osd_create+0x9cf/0xcf0 [osd_wbcfs]
00012 Code: c7 c7 00 b6 7c a1 48 c7 c6 a0 22 75 a1 48 c7 c2 00 2c 75 a1 e8 82 dd 43 ff 48 c7 c7 00 b6 7c a1 e8 f6 6a 44 ff e9 fe fc ff ff <0f> 0b e9 a5 fa ff ff 48 c7 c1 80 44 5d a0 80 e1 07 80 c1 03 38 c1
00012 RSP: 0018:ffffc90001e17270 EFLAGS: 00010246
00012 RAX: 0000000000000000 RBX: ffff88811e07d800 RCX: 0000000000000046
00012 RDX: 0000000000000000 RSI: ffff88819df1b478 RDI: ffff8881193c8998
00012 RBP: ffff88819df1b3e8 R08: ffffffff83a16803 R09: 1ffffffff0742d00
00012 R10: dffffc0000000000 R11: fffffbfff0742d01 R12: ffff8881a0f1b418
00012 R13: dffffc0000000000 R14: 1ffff11023c0fb00 R15: 1ffff110341e3692
00012 FS:  0000000000000000(0000) GS:ffff88831e4aa000(0000) knlGS:0000000000000000
00012 CS:  0010 DS: 0000 ES: 0000 CR0: 0000000080050033
00012 CR2: 00007fb32baee200 CR3: 0000000004274000 CR4: 0000000000750eb0
00012 PKRU: 55555554
00012 Call Trace:
00012  <TASK>
00012  ? local_object_create+0x109/0x640 [obdclass]
00012  ? dt_write_lock+0x16d/0x2a0 [obdclass]
00012  ? __local_file_create+0xce4/0x1bc0 [obdclass]
00012  ? local_file_find_or_create+0x13c/0x1d0 [obdclass]
00012  ? lquota_disk_dir_find_create+0x31f/0xd10 [lquota]
00012  ? qmt_pool_prepare+0x3ee/0x16f0 [lquota]
00012  ? qmt_device_prepare+0x25f/0x600 [lquota]
00012  ? mdt_quota_init+0x1a65/0x3220 [mdt]
00012  ? mdt_tunables_init+0x3e6/0x530 [mdt]
00012  ? mdt_device_alloc+0x46a6/0x66c0 [mdt]
00012  ? ret_from_fork_asm+0x11/0x20
00012  ? obd_setup+0x25c/0x960 [obdclass]
00012  ? class_setup+0xc7d/0x10e0 [obdclass]
00012  ? class_process_config+0x2edb/0x7cb0 [obdclass]
00012  ? __kasan_kmalloc+0x72/0x80
00012  ? class_config_llog_handler+0x2954/0x4f80 [obdclass]
00012  ? class_config_llog_handler+0x2cea/0x4f80 [obdclass]
00012  ? lustre_cfg_rec_free+0x350/0x350 [obdclass]
00012  ? llog_process_thread+0x1fd2/0x4f70 [obdclass]
00012  ? _raw_spin_unlock+0x23/0x40
00012  ? llog_process_thread_daemonize+0x16d/0x1b0 [obdclass]
00012  ? kthread+0x2cd/0x3a0
00012  ? llog_process_or_fork+0xc90/0xc90 [obdclass]
00012  ? kthread_unuse_mm+0x130/0x130
00012  ? ret_from_fork+0x18c/0x520
00012  ? kthread_unuse_mm+0x130/0x130
00012  ? ret_from_fork_asm+0x11/0x20
00012  </TASK>
00012 ---[ end trace 0000000000000000 ]---
00012 ------------[ cut here ]------------
00012 WARNING: /home/ktest/git/linux/include/linux/fs.h:889 at osd_create+0x9cf/0xcf0 [osd_wbcfs], CPU#1: llog_process_th/1926
00012 Modules linked in: mdd(O) lod(O) mdt(O) lquota(O) lfsck(O) mgs(O) osd_wbcfs(O) lustre(O) obdecho(O) mgc(O) mdc(O) lov(O) osc(O) lmv(O) ec(O) fid(O) fld(O) ptlrpc(O) efivarfs obdclass(O) ksocklnd(O) lnet(O) libcfs(O)
00012 CPU: 1 UID: 0 PID: 1926 Comm: llog_process_th Tainted: G        W  O        7.0.0-ktest-2f98931-6330a45-20260821-dirty #1 PREEMPT 
00012 Tainted: [W]=WARN, [O]=OOT_MODULE
00012 Hardware name: QEMU Standard PC (Q35 + ICH9, 2009), BIOS 2025.11-3ubuntu7 03/31/2026
00012 RIP: 0010:osd_create+0x9cf/0xcf0 [osd_wbcfs]
00012 Code: c7 c7 00 b6 7c a1 48 c7 c6 a0 22 75 a1 48 c7 c2 00 2c 75 a1 e8 82 dd 43 ff 48 c7 c7 00 b6 7c a1 e8 f6 6a 44 ff e9 fe fc ff ff <0f> 0b e9 a5 fa ff ff 48 c7 c1 80 44 5d a0 80 e1 07 80 c1 03 38 c1
00012 RSP: 0018:ffffc90001e17258 EFLAGS: 00010246
00012 RAX: 0000000000000000 RBX: ffff88811e07c000 RCX: 0000000000000046
00012 RDX: ffffffff84c44d40 RSI: ffff88819df1ad60 RDI: ffff8881193c8998
00012 RBP: ffff88819df1acd0 R08: 0000000000000001 R09: 0000000000000000
00012 R10: dffffc0000000000 R11: ffffed1033be358f R12: ffff8881a0f1b418
00012 R13: dffffc0000000000 R14: 1ffff11023c0f800 R15: 1ffff110341e3692
00012 FS:  0000000000000000(0000) GS:ffff88831e4aa000(0000) knlGS:0000000000000000
00012 CS:  0010 DS: 0000 ES: 0000 CR0: 0000000080050033
00012 CR2: 00007fb32baee200 CR3: 0000000004274000 CR4: 0000000000750eb0
00012 PKRU: 55555554
00012 Call Trace:
00012  <TASK>
00012  ? local_object_create+0x109/0x640 [obdclass]
00012  ? dt_write_lock+0x16d/0x2a0 [obdclass]
00012  ? __local_file_create+0xce4/0x1bc0 [obdclass]
00012  ? local_index_find_or_create_with_fid+0x20d/0x3c0 [obdclass]
00012  ? lquota_disk_glb_find_create+0x3e7/0xe50 [lquota]
00012  ? qmt_pool_prepare+0x5af/0x16f0 [lquota]
00012  ? qmt_device_prepare+0x25f/0x600 [lquota]
00012  ? mdt_quota_init+0x1a65/0x3220 [mdt]
00012  ? mdt_tunables_init+0x3e6/0x530 [mdt]
00012  ? mdt_device_alloc+0x46a6/0x66c0 [mdt]
00012  ? ret_from_fork_asm+0x11/0x20
00012  ? obd_setup+0x25c/0x960 [obdclass]
00012  ? class_setup+0xc7d/0x10e0 [obdclass]
00012  ? class_process_config+0x2edb/0x7cb0 [obdclass]
00012  ? __kasan_kmalloc+0x72/0x80
00012  ? class_config_llog_handler+0x2954/0x4f80 [obdclass]
00012  ? class_config_llog_handler+0x2cea/0x4f80 [obdclass]
00012  ? lustre_cfg_rec_free+0x350/0x350 [obdclass]
00012  ? llog_process_thread+0x1fd2/0x4f70 [obdclass]
00012  ? _raw_spin_unlock+0x23/0x40
00012  ? llog_process_thread_daemonize+0x16d/0x1b0 [obdclass]
00012  ? kthread+0x2cd/0x3a0
00012  ? llog_process_or_fork+0xc90/0xc90 [obdclass]
00012  ? kthread_unuse_mm+0x130/0x130
00012  ? ret_from_fork+0x18c/0x520
00012  ? kthread_unuse_mm+0x130/0x130
00012  ? ret_from_fork_asm+0x11/0x20
00012  </TASK>
00012 ---[ end trace 0000000000000000 ]---
00012 ------------[ cut here ]------------
00012 WARNING: /home/ktest/git/linux/include/linux/fs.h:889 at osd_create+0x9cf/0xcf0 [osd_wbcfs], CPU#1: llog_process_th/1926
00012 Modules linked in: mdd(O) lod(O) mdt(O) lquota(O) lfsck(O) mgs(O) osd_wbcfs(O) lustre(O) obdecho(O) mgc(O) mdc(O) lov(O) osc(O) lmv(O) ec(O) fid(O) fld(O) ptlrpc(O) efivarfs obdclass(O) ksocklnd(O) lnet(O) libcfs(O)
00012 CPU: 1 UID: 0 PID: 1926 Comm: llog_process_th Tainted: G        W  O        7.0.0-ktest-2f98931-6330a45-20260821-dirty #1 PREEMPT 
00012 Tainted: [W]=WARN, [O]=OOT_MODULE
00012 Hardware name: QEMU Standard PC (Q35 + ICH9, 2009), BIOS 2025.11-3ubuntu7 03/31/2026
00012 RIP: 0010:osd_create+0x9cf/0xcf0 [osd_wbcfs]
00012 Code: c7 c7 00 b6 7c a1 48 c7 c6 a0 22 75 a1 48 c7 c2 00 2c 75 a1 e8 82 dd 43 ff 48 c7 c7 00 b6 7c a1 e8 f6 6a 44 ff e9 fe fc ff ff <0f> 0b e9 a5 fa ff ff 48 c7 c1 80 44 5d a0 80 e1 07 80 c1 03 38 c1
00012 RSP: 0018:ffffc90001e17258 EFLAGS: 00010246
00012 RAX: 0000000000000000 RBX: ffff888171902c00 RCX: 0000000000000046
00012 RDX: ffffffff84c44d40 RSI: ffff88817fb2d0d8 RDI: ffff8881193c8998
00012 RBP: ffff88817fb2d048 R08: 0000000000000001 R09: 0000000000000000
00012 R10: dffffc0000000000 R11: ffffed102ff659fe R12: ffff8881a0f1b418
00012 R13: dffffc0000000000 R14: 1ffff1102e320580 R15: 1ffff110341e3692
00012 FS:  0000000000000000(0000) GS:ffff88831e4aa000(0000) knlGS:0000000000000000
00012 CS:  0010 DS: 0000 ES: 0000 CR0: 0000000080050033
00012 CR2: 00007fb32baee200 CR3: 0000000004274000 CR4: 0000000000750eb0
00012 PKRU: 55555554
00012 Call Trace:
00012  <TASK>
00012  ? local_object_create+0x109/0x640 [obdclass]
00012  ? dt_write_lock+0x16d/0x2a0 [obdclass]
00012  ? __local_file_create+0xce4/0x1bc0 [obdclass]
00012  ? local_index_find_or_create_with_fid+0x20d/0x3c0 [obdclass]
00012  ? lquota_disk_glb_find_create+0x3e7/0xe50 [lquota]
00012  ? lprocfs_seq_create+0x120/0x340 [obdclass]
00012  ? qmt_pool_prepare+0x5af/0x16f0 [lquota]
00012  ? qmt_device_prepare+0x25f/0x600 [lquota]
00012  ? mdt_quota_init+0x1a65/0x3220 [mdt]
00012  ? mdt_tunables_init+0x3e6/0x530 [mdt]
00012  ? mdt_device_alloc+0x46a6/0x66c0 [mdt]
00012  ? ret_from_fork_asm+0x11/0x20
00012  ? obd_setup+0x25c/0x960 [obdclass]
00012  ? class_setup+0xc7d/0x10e0 [obdclass]
00012  ? class_process_config+0x2edb/0x7cb0 [obdclass]
00012  ? __kasan_kmalloc+0x72/0x80
00012  ? class_config_llog_handler+0x2954/0x4f80 [obdclass]
00012  ? class_config_llog_handler+0x2cea/0x4f80 [obdclass]
00012  ? lustre_cfg_rec_free+0x350/0x350 [obdclass]
00012  ? llog_process_thread+0x1fd2/0x4f70 [obdclass]
00012  ? _raw_spin_unlock+0x23/0x40
00012  ? llog_process_thread_daemonize+0x16d/0x1b0 [obdclass]
00012  ? kthread+0x2cd/0x3a0
00012  ? llog_process_or_fork+0xc90/0xc90 [obdclass]
00012  ? kthread_unuse_mm+0x130/0x130
00012  ? ret_from_fork+0x18c/0x520
00012  ? kthread_unuse_mm+0x130/0x130
00012  ? ret_from_fork_asm+0x11/0x20
00012  </TASK>
00012 ---[ end trace 0000000000000000 ]---
00012 ------------[ cut here ]------------
00012 WARNING: /home/ktest/git/linux/include/linux/fs.h:889 at osd_create+0x9cf/0xcf0 [osd_wbcfs], CPU#1: llog_process_th/1926
00012 Modules linked in: mdd(O) lod(O) mdt(O) lquota(O) lfsck(O) mgs(O) osd_wbcfs(O) lustre(O) obdecho(O) mgc(O) mdc(O) lov(O) osc(O) lmv(O) ec(O) fid(O) fld(O) ptlrpc(O) efivarfs obdclass(O) ksocklnd(O) lnet(O) libcfs(O)
00012 CPU: 1 UID: 0 PID: 1926 Comm: llog_process_th Tainted: G        W  O        7.0.0-ktest-2f98931-6330a45-20260821-dirty #1 PREEMPT 
00012 Tainted: [W]=WARN, [O]=OOT_MODULE
00012 Hardware name: QEMU Standard PC (Q35 + ICH9, 2009), BIOS 2025.11-3ubuntu7 03/31/2026
00012 RIP: 0010:osd_create+0x9cf/0xcf0 [osd_wbcfs]
00012 Code: c7 c7 00 b6 7c a1 48 c7 c6 a0 22 75 a1 48 c7 c2 00 2c 75 a1 e8 82 dd 43 ff 48 c7 c7 00 b6 7c a1 e8 f6 6a 44 ff e9 fe fc ff ff <0f> 0b e9 a5 fa ff ff 48 c7 c1 80 44 5d a0 80 e1 07 80 c1 03 38 c1
00012 RSP: 0018:ffffc90001e17258 EFLAGS: 00010246
00012 RAX: 0000000000000000 RBX: ffff888171901c00 RCX: 0000000000000046
00012 RDX: ffffffff84c44d40 RSI: ffff88817fb2c9c0 RDI: ffff8881193c8998
00012 RBP: ffff88817fb2c930 R08: 0000000000000001 R09: 0000000000000000
00012 R10: dffffc0000000000 R11: ffffed102ff6591b R12: ffff8881a0f1b418
00012 R13: dffffc0000000000 R14: 1ffff1102e320380 R15: 1ffff110341e3692
00012 FS:  0000000000000000(0000) GS:ffff88831e4aa000(0000) knlGS:0000000000000000
00012 CS:  0010 DS: 0000 ES: 0000 CR0: 0000000080050033
00012 CR2: 00007fb32baee200 CR3: 0000000004274000 CR4: 0000000000750eb0
00012 PKRU: 55555554
00012 Call Trace:
00012  <TASK>
00012  ? local_object_create+0x109/0x640 [obdclass]
00012  ? dt_write_lock+0x16d/0x2a0 [obdclass]
00012  ? __local_file_create+0xce4/0x1bc0 [obdclass]
00012  ? local_index_find_or_create_with_fid+0x20d/0x3c0 [obdclass]
00012  ? lquota_disk_glb_find_create+0x3e7/0xe50 [lquota]
00012  ? lprocfs_seq_create+0x120/0x340 [obdclass]
00012  ? qmt_pool_prepare+0x5af/0x16f0 [lquota]
00012  ? qmt_device_prepare+0x25f/0x600 [lquota]
00012  ? mdt_quota_init+0x1a65/0x3220 [mdt]
00012  ? mdt_tunables_init+0x3e6/0x530 [mdt]
00012  ? mdt_device_alloc+0x46a6/0x66c0 [mdt]
00012  ? ret_from_fork_asm+0x11/0x20
00012  ? obd_setup+0x25c/0x960 [obdclass]
00012  ? class_setup+0xc7d/0x10e0 [obdclass]
00012  ? class_process_config+0x2edb/0x7cb0 [obdclass]
00012  ? __kasan_kmalloc+0x72/0x80
00012  ? class_config_llog_handler+0x2954/0x4f80 [obdclass]
00012  ? class_config_llog_handler+0x2cea/0x4f80 [obdclass]
00012  ? lustre_cfg_rec_free+0x350/0x350 [obdclass]
00012  ? llog_process_thread+0x1fd2/0x4f70 [obdclass]
00012  ? _raw_spin_unlock+0x23/0x40
00012  ? llog_process_thread_daemonize+0x16d/0x1b0 [obdclass]
00012  ? kthread+0x2cd/0x3a0
00012  ? llog_process_or_fork+0xc90/0xc90 [obdclass]
00012  ? kthread_unuse_mm+0x130/0x130
00012  ? ret_from_fork+0x18c/0x520
00012  ? kthread_unuse_mm+0x130/0x130
00012  ? ret_from_fork_asm+0x11/0x20
00012  </TASK>
00012 ---[ end trace 0000000000000000 ]---
00013 ------------[ cut here ]------------
00013 WARNING: /home/ktest/git/linux/include/linux/fs.h:889 at osd_create+0x9cf/0xcf0 [osd_wbcfs], CPU#11: ll_mgs_0000/1901
00013 Modules linked in: osp(O) mdd(O) lod(O) mdt(O) lquota(O) lfsck(O) mgs(O) osd_wbcfs(O) lustre(O) obdecho(O) mgc(O) mdc(O) lov(O) osc(O) lmv(O) ec(O) fid(O) fld(O) ptlrpc(O) efivarfs obdclass(O) ksocklnd(O) lnet(O) libcfs(O)
00013 CPU: 11 UID: 0 PID: 1901 Comm: ll_mgs_0000 Tainted: G        W  O        7.0.0-ktest-2f98931-6330a45-20260821-dirty #1 PREEMPT 
00013 Tainted: [W]=WARN, [O]=OOT_MODULE
00013 Hardware name: QEMU Standard PC (Q35 + ICH9, 2009), BIOS 2025.11-3ubuntu7 03/31/2026
00013 RIP: 0010:osd_create+0x9cf/0xcf0 [osd_wbcfs]
00013 Code: c7 c7 00 b6 7c a1 48 c7 c6 a0 22 75 a1 48 c7 c2 00 2c 75 a1 e8 82 dd 43 ff 48 c7 c7 00 b6 7c a1 e8 f6 6a 44 ff e9 fe fc ff ff <0f> 0b e9 a5 fa ff ff 48 c7 c1 80 44 5d a0 80 e1 07 80 c1 03 38 c1
00013 RSP: 0018:ffffc90001c57700 EFLAGS: 00010246
00013 RAX: 0000000000000000 RBX: ffff888150f61c00 RCX: 0000000000000046
00013 RDX: 0000000000000000 RSI: ffff88810ca02648 RDI: ffff888139f64b68
00013 RBP: ffff88810ca025b8 R08: ffffffff83a16803 R09: 1ffffffff0742d00
00013 R10: dffffc0000000000 R11: fffffbfff0742d01 R12: ffff88810595c418
00013 R13: dffffc0000000000 R14: 1ffff1102a1ec380 R15: 1ffff11020b2b892
00013 FS:  0000000000000000(0000) GS:ffff88831e9aa000(0000) knlGS:0000000000000000
00013 CS:  0010 DS: 0000 ES: 0000 CR0: 0000000080050033
00013 CR2: 00007f2e60fe6194 CR3: 0000000004274000 CR4: 0000000000750eb0
00013 PKRU: 55555554
00013 Call Trace:
00013  <TASK>
00013  ? local_object_create+0x109/0x640 [obdclass]
00013  ? dt_write_lock+0x16d/0x2a0 [obdclass]
00013  ? __local_file_create+0xce4/0x1bc0 [obdclass]
00013  ? local_file_find_or_create+0x13c/0x1d0 [obdclass]
00013  ? mgs_ir_update+0x1ce1/0x3850 [mgs]
00013  ? mgs_target_reg+0xd98/0x4480 [mgs]
00013  ? tgt_request_handle+0x23ad/0x3d30 [ptlrpc]
00013  ? ptlrpc_main+0x6359/0x96f0 [ptlrpc]
00013  ? __kthread_parkme+0x73/0x130
00013  ? kthread+0x2cd/0x3a0
00013  ? ptlrpc_start_thread+0x1f10/0x1f10 [ptlrpc]
00013  ? kthread_unuse_mm+0x130/0x130
00013  ? ret_from_fork+0x18c/0x520
00013  ? kthread_unuse_mm+0x130/0x130
00013  ? ret_from_fork_asm+0x11/0x20
00013  </TASK>
00013 ---[ end trace 0000000000000000 ]---
00013 Lustre: lustre-MDT0000: Imperative Recovery not enabled, recovery window 300-900
00013 Lustre: ctl-lustre-MDT0000: super-sequence allocation rc = 0 [0x0000000200000400-0x0000000240000400]:0:mdt
00013 ------------[ cut here ]------------
00013 WARNING: /home/ktest/git/linux/include/linux/fs.h:889 at osd_create+0x9cf/0xcf0 [osd_wbcfs], CPU#7: lod0000_rec0000/1936
00013 Modules linked in: osp(O) mdd(O) lod(O) mdt(O) lquota(O) lfsck(O) mgs(O) osd_wbcfs(O) lustre(O) obdecho(O) mgc(O) mdc(O) lov(O) osc(O) lmv(O) ec(O) fid(O) fld(O) ptlrpc(O) efivarfs obdclass(O) ksocklnd(O) lnet(O) libcfs(O)
00013 CPU: 7 UID: 0 PID: 1936 Comm: lod0000_rec0000 Tainted: G        W  O        7.0.0-ktest-2f98931-6330a45-20260821-dirty #1 PREEMPT 
00013 Tainted: [W]=WARN, [O]=OOT_MODULE
00013 Hardware name: QEMU Standard PC (Q35 + ICH9, 2009), BIOS 2025.11-3ubuntu7 03/31/2026
00013 RIP: 0010:osd_create+0x9cf/0xcf0 [osd_wbcfs]
00013 Code: c7 c7 00 b6 7c a1 48 c7 c6 a0 22 75 a1 48 c7 c2 00 2c 75 a1 e8 82 dd 43 ff 48 c7 c7 00 b6 7c a1 e8 f6 6a 44 ff e9 fe fc ff ff <0f> 0b e9 a5 fa ff ff 48 c7 c1 80 44 5d a0 80 e1 07 80 c1 03 38 c1
00013 RSP: 0018:ffffc90001df7b60 EFLAGS: 00010246
00013 RAX: 0000000000000000 RBX: ffff888164010000 RCX: 0000000000000046
00013 RDX: 0000000000000000 RSI: ffff88819e149818 RDI: ffff88813a3e4b18
00013 RBP: ffff88819e149788 R08: ffffffff83a16803 R09: 1ffffffff0742d00
00013 R10: dffffc0000000000 R11: fffffbfff0742d01 R12: ffff888187707400
00013 R13: dffffc0000000000 R14: 1ffff1102c802000 R15: 1ffff11030ee0e8f
00013 FS:  0000000000000000(0000) GS:ffff88831e7aa000(0000) knlGS:0000000000000000
00013 CS:  0010 DS: 0000 ES: 0000 CR0: 0000000080050033
00013 CR2: 0000557e5cd62570 CR3: 0000000120649000 CR4: 0000000000750eb0
00013 PKRU: 55555554
00013 Call Trace:
00013  <TASK>
00013  ? llog_osd_create+0x645/0x1140 [obdclass]
00013  ? llog_create+0x2ed/0x530 [obdclass]
00013  ? llog_open_create+0x5af/0xb10 [obdclass]
00013  ? lod_sub_prep_llog+0xdfd/0x1b40 [lod]
00013  ? lod_sub_recovery_thread+0x316/0x18d0 [lod]
00013  ? __kthread_parkme+0x73/0x130
00013  ? kthread+0x2cd/0x3a0
00013  ? lod_sub_init_llog+0x1180/0x1180 [lod]
00013  ? kthread_unuse_mm+0x130/0x130
00013  ? ret_from_fork+0x18c/0x520
00013  ? kthread_unuse_mm+0x130/0x130
00013  ? ret_from_fork_asm+0x11/0x20
00013  </TASK>
00013 ---[ end trace 0000000000000000 ]---
00013 ------------[ cut here ]------------
00013 WARNING: /home/ktest/git/linux/include/linux/fs.h:889 at osd_create+0x9cf/0xcf0 [osd_wbcfs], CPU#11: ll_mgs_0000/1901
00013 Modules linked in: osp(O) mdd(O) lod(O) mdt(O) lquota(O) lfsck(O) mgs(O) osd_wbcfs(O) lustre(O) obdecho(O) mgc(O) mdc(O) lov(O) osc(O) lmv(O) ec(O) fid(O) fld(O) ptlrpc(O) efivarfs obdclass(O) ksocklnd(O) lnet(O) libcfs(O)
00013 CPU: 11 UID: 0 PID: 1901 Comm: ll_mgs_0000 Tainted: G        W  O        7.0.0-ktest-2f98931-6330a45-20260821-dirty #1 PREEMPT 
00013 Tainted: [W]=WARN, [O]=OOT_MODULE
00013 Hardware name: QEMU Standard PC (Q35 + ICH9, 2009), BIOS 2025.11-3ubuntu7 03/31/2026
00013 RIP: 0010:osd_create+0x9cf/0xcf0 [osd_wbcfs]
00013 Code: c7 c7 00 b6 7c a1 48 c7 c6 a0 22 75 a1 48 c7 c2 00 2c 75 a1 e8 82 dd 43 ff 48 c7 c7 00 b6 7c a1 e8 f6 6a 44 ff e9 fe fc ff ff <0f> 0b e9 a5 fa ff ff 48 c7 c1 80 44 5d a0 80 e1 07 80 c1 03 38 c1
00013 RSP: 0018:ffffc90001c57698 EFLAGS: 00010246
00013 RAX: 0000000000000000 RBX: ffff88818c2c5000 RCX: 0000000000000046
00013 RDX: 0000000000000000 RSI: ffff88810ca01f30 RDI: ffff888139f64b68
00013 RBP: ffff88810ca01ea0 R08: ffffffff83a16803 R09: 1ffffffff0742d00
00013 R10: dffffc0000000000 R11: fffffbfff0742d01 R12: ffff88813c68ac00
00013 R13: dffffc0000000000 R14: 1ffff11031858a00 R15: 1ffff110278d158f
00013 FS:  0000000000000000(0000) GS:ffff88831e9aa000(0000) knlGS:0000000000000000
00013 CS:  0010 DS: 0000 ES: 0000 CR0: 0000000080050033
00013 CR2: 000056025249d7f0 CR3: 000000011cbb4000 CR4: 0000000000750eb0
00013 PKRU: 55555554
00013 Call Trace:
00013  <TASK>
00013  ? local_object_create+0x109/0x640 [obdclass]
00013  ? dt_write_lock+0x16d/0x2a0 [obdclass]
00013  ? llog_osd_create+0x356/0x1140 [obdclass]
00013  ? llog_create+0x2ed/0x530 [obdclass]
00013  ? llog_open_create+0x5af/0xb10 [obdclass]
00013  ? record_start_log+0x348/0xa40 [mgs]
00013  ? mgs_write_log_lov+0x3ac/0xde0 [mgs]
00013  ? mgs_write_log_target+0x17a4/0x6ab0 [mgs]
00013  ? mgs_target_reg+0x254e/0x4480 [mgs]
00013  ? tgt_request_handle+0x23ad/0x3d30 [ptlrpc]
00013  ? ptlrpc_main+0x6359/0x96f0 [ptlrpc]
00013  ? __kthread_parkme+0x73/0x130
00013  ? kthread+0x2cd/0x3a0
00013  ? ptlrpc_start_thread+0x1f10/0x1f10 [ptlrpc]
00013  ? kthread_unuse_mm+0x130/0x130
00013  ? ret_from_fork+0x18c/0x520
00013  ? kthread_unuse_mm+0x130/0x130
00013  ? ret_from_fork_asm+0x11/0x20
00013  </TASK>
00013 ---[ end trace 0000000000000000 ]---
00013 ------------[ cut here ]------------
00013 WARNING: /home/ktest/git/linux/include/linux/fs.h:889 at osd_create+0x9cf/0xcf0 [osd_wbcfs], CPU#1: llog_process_th/1943
00013 Modules linked in: osp(O) mdd(O) lod(O) mdt(O) lquota(O) lfsck(O) mgs(O) osd_wbcfs(O) lustre(O) obdecho(O) mgc(O) mdc(O) lov(O) osc(O) lmv(O) ec(O) fid(O) fld(O) ptlrpc(O) efivarfs obdclass(O) ksocklnd(O) lnet(O) libcfs(O)
00013 CPU: 1 UID: 0 PID: 1943 Comm: llog_process_th Tainted: G        W  O        7.0.0-ktest-2f98931-6330a45-20260821-dirty #1 PREEMPT 
00013 Tainted: [W]=WARN, [O]=OOT_MODULE
00013 Hardware name: QEMU Standard PC (Q35 + ICH9, 2009), BIOS 2025.11-3ubuntu7 03/31/2026
00013 RIP: 0010:osd_create+0x9cf/0xcf0 [osd_wbcfs]
00013 Code: c7 c7 00 b6 7c a1 48 c7 c6 a0 22 75 a1 48 c7 c2 00 2c 75 a1 e8 82 dd 43 ff 48 c7 c7 00 b6 7c a1 e8 f6 6a 44 ff e9 fe fc ff ff <0f> 0b e9 a5 fa ff ff 48 c7 c1 80 44 5d a0 80 e1 07 80 c1 03 38 c1
00013 RSP: 0018:ffffc90002477450 EFLAGS: 00010246
00013 RAX: 0000000000000000 RBX: ffff8881387d5800 RCX: 0000000000000046
00013 RDX: ffffffff84c44d40 RSI: ffff88817fb2c2a8 RDI: ffff88813732aa58
00013 RBP: ffff88817fb2c218 R08: 0000000000000001 R09: 0000000000000000
00013 R10: dffffc0000000000 R11: ffffed102ff65838 R12: ffff888119a5a500
00013 R13: dffffc0000000000 R14: 1ffff110270fab00 R15: 1ffff9200048eebf
00013 FS:  0000000000000000(0000) GS:ffff88831e4aa000(0000) knlGS:0000000000000000
00013 CS:  0010 DS: 0000 ES: 0000 CR0: 0000000080050033
00013 CR2: 00007fb32baee200 CR3: 0000000004274000 CR4: 0000000000750eb0
00013 PKRU: 55555554
00013 Call Trace:
00013  <TASK>
00013  ? dt_find_or_create+0x81a/0x1170 [obdclass]
00013  ? fld_index_init+0x404/0x1610 [fld]
00013  ? is_module_address+0x1b/0x70
00013  ? is_module_address+0x5e/0x70
00013  ? __asan_memset+0x22/0x40
00013  ? fld_server_init+0x1d7/0x580 [fld]
00013  ? mdt_device_alloc+0x36b4/0x66c0 [mdt]
00013  ? __alloc_tagging_slab_alloc_hook+0x136/0x190
00013  ? obd_setup+0x25c/0x960 [obdclass]
00013  ? class_setup+0xc7d/0x10e0 [obdclass]
00013  ? class_process_config+0x2edb/0x7cb0 [obdclass]
00013  ? __kasan_kmalloc+0x72/0x80
00013  ? class_config_llog_handler+0x2954/0x4f80 [obdclass]
00013  ? class_config_llog_handler+0x2cea/0x4f80 [obdclass]
00013  ? lustre_cfg_rec_free+0x350/0x350 [obdclass]
00013  ? llog_process_thread+0x1fd2/0x4f70 [obdclass]
00013  ? _raw_spin_unlock+0x23/0x40
00013  ? llog_process_thread_daemonize+0x16d/0x1b0 [obdclass]
00013  ? kthread+0x2cd/0x3a0
00013  ? llog_process_or_fork+0xc90/0xc90 [obdclass]
00013  ? kthread_unuse_mm+0x130/0x130
00013  ? ret_from_fork+0x18c/0x520
00013  ? kthread_unuse_mm+0x130/0x130
00013  ? ret_from_fork_asm+0x11/0x20
00013  </TASK>
00013 ---[ end trace 0000000000000000 ]---
00013 ------------[ cut here ]------------
00013 WARNING: /home/ktest/git/linux/include/linux/fs.h:889 at osd_create+0x9cf/0xcf0 [osd_wbcfs], CPU#1: llog_process_th/1943
00013 Modules linked in: osp(O) mdd(O) lod(O) mdt(O) lquota(O) lfsck(O) mgs(O) osd_wbcfs(O) lustre(O) obdecho(O) mgc(O) mdc(O) lov(O) osc(O) lmv(O) ec(O) fid(O) fld(O) ptlrpc(O) efivarfs obdclass(O) ksocklnd(O) lnet(O) libcfs(O)
00013 CPU: 1 UID: 0 PID: 1943 Comm: llog_process_th Tainted: G        W  O        7.0.0-ktest-2f98931-6330a45-20260821-dirty #1 PREEMPT 
00013 Tainted: [W]=WARN, [O]=OOT_MODULE
00013 Hardware name: QEMU Standard PC (Q35 + ICH9, 2009), BIOS 2025.11-3ubuntu7 03/31/2026
00013 RIP: 0010:osd_create+0x9cf/0xcf0 [osd_wbcfs]
00013 Code: c7 c7 00 b6 7c a1 48 c7 c6 a0 22 75 a1 48 c7 c2 00 2c 75 a1 e8 82 dd 43 ff 48 c7 c7 00 b6 7c a1 e8 f6 6a 44 ff e9 fe fc ff ff <0f> 0b e9 a5 fa ff ff 48 c7 c1 80 44 5d a0 80 e1 07 80 c1 03 38 c1
00013 RSP: 0018:ffffc90002477430 EFLAGS: 00010246
00013 RAX: 0000000000000000 RBX: ffff8881387d4400 RCX: 0000000000000046
00013 RDX: 0000000000000000 RSI: ffff88817fb2bb90 RDI: ffff88813732aa58
00013 RBP: ffff88817fb2bb00 R08: ffffffff83a16803 R09: 1ffffffff0742d00
00013 R10: dffffc0000000000 R11: fffffbfff0742d01 R12: ffffc90002477530
00013 R13: dffffc0000000000 R14: 1ffff110270fa880 R15: 1ffff9200048eea4
00013 FS:  0000000000000000(0000) GS:ffff88831e4aa000(0000) knlGS:0000000000000000
00013 CS:  0010 DS: 0000 ES: 0000 CR0: 0000000080050033
00013 CR2: 00007fb32baee200 CR3: 0000000004274000 CR4: 0000000000750eb0
00013 PKRU: 55555554
00013 Call Trace:
00013  <TASK>
00013  ? dt_find_or_create+0x81a/0x1170 [obdclass]
00013  ? seq_store_init+0x155/0x360 [fid]
00013  ? seq_server_init+0x290/0xba0 [fid]
00013  ? mdt_seq_init+0x2c1/0x1ef0 [mdt]
00013  ? fld_server_init+0x34e/0x580 [fld]
00013  ? mdt_device_alloc+0x39c5/0x66c0 [mdt]
00013  ? __alloc_tagging_slab_alloc_hook+0x136/0x190
00013  ? obd_setup+0x25c/0x960 [obdclass]
00013  ? class_setup+0xc7d/0x10e0 [obdclass]
00013  ? class_process_config+0x2edb/0x7cb0 [obdclass]
00013  ? __kasan_kmalloc+0x72/0x80
00013  ? class_config_llog_handler+0x2954/0x4f80 [obdclass]
00013  ? class_config_llog_handler+0x2cea/0x4f80 [obdclass]
00013  ? lustre_cfg_rec_free+0x350/0x350 [obdclass]
00013  ? llog_process_thread+0x1fd2/0x4f70 [obdclass]
00013  ? _raw_spin_unlock+0x23/0x40
00013  ? llog_process_thread_daemonize+0x16d/0x1b0 [obdclass]
00013  ? kthread+0x2cd/0x3a0
00013  ? llog_process_or_fork+0xc90/0xc90 [obdclass]
00013  ? kthread_unuse_mm+0x130/0x130
00013  ? ret_from_fork+0x18c/0x520
00013  ? kthread_unuse_mm+0x130/0x130
00013  ? ret_from_fork_asm+0x11/0x20
00013  </TASK>
00013 ---[ end trace 0000000000000000 ]---
00013 ------------[ cut here ]------------
00013 WARNING: /home/ktest/git/linux/include/linux/fs.h:889 at osd_create+0x9cf/0xcf0 [osd_wbcfs], CPU#1: llog_process_th/1943
00013 Modules linked in: osp(O) mdd(O) lod(O) mdt(O) lquota(O) lfsck(O) mgs(O) osd_wbcfs(O) lustre(O) obdecho(O) mgc(O) mdc(O) lov(O) osc(O) lmv(O) ec(O) fid(O) fld(O) ptlrpc(O) efivarfs obdclass(O) ksocklnd(O) lnet(O) libcfs(O)
00013 CPU: 1 UID: 0 PID: 1943 Comm: llog_process_th Tainted: G        W  O        7.0.0-ktest-2f98931-6330a45-20260821-dirty #1 PREEMPT 
00013 Tainted: [W]=WARN, [O]=OOT_MODULE
00013 Hardware name: QEMU Standard PC (Q35 + ICH9, 2009), BIOS 2025.11-3ubuntu7 03/31/2026
00013 RIP: 0010:osd_create+0x9cf/0xcf0 [osd_wbcfs]
00013 Code: c7 c7 00 b6 7c a1 48 c7 c6 a0 22 75 a1 48 c7 c2 00 2c 75 a1 e8 82 dd 43 ff 48 c7 c7 00 b6 7c a1 e8 f6 6a 44 ff e9 fe fc ff ff <0f> 0b e9 a5 fa ff ff 48 c7 c1 80 44 5d a0 80 e1 07 80 c1 03 38 c1
00013 RSP: 0018:ffffc90002477470 EFLAGS: 00010246
00013 RAX: 0000000000000000 RBX: ffff88818ce24400 RCX: 0000000000000046
00013 RDX: 0000000000000000 RSI: ffff88817fb2b478 RDI: ffff88813732aa58
00013 RBP: ffff88817fb2b3e8 R08: ffffffff83a16803 R09: 1ffffffff0742d00
00013 R10: dffffc0000000000 R11: fffffbfff0742d01 R12: ffffc900024775e0
00013 R13: dffffc0000000000 R14: 1ffff110319c4880 R15: 1ffff9200048eec9
00013 FS:  0000000000000000(0000) GS:ffff88831e4aa000(0000) knlGS:0000000000000000
00013 CS:  0010 DS: 0000 ES: 0000 CR0: 0000000080050033
00013 CR2: 00007fb32baee200 CR3: 0000000004274000 CR4: 0000000000750eb0
00013 PKRU: 55555554
00013 Call Trace:
00013  <TASK>
00013  ? dt_find_or_create+0x81a/0x1170 [obdclass]
00013  ? tgt_init+0xb72/0x2a60 [ptlrpc]
00013  ? mdt_device_alloc+0x3ce7/0x66c0 [mdt]
00013  ? __alloc_tagging_slab_alloc_hook+0x136/0x190
00013  ? obd_setup+0x25c/0x960 [obdclass]
00013  ? class_setup+0xc7d/0x10e0 [obdclass]
00013  ? class_process_config+0x2edb/0x7cb0 [obdclass]
00013  ? __kasan_kmalloc+0x72/0x80
00013  ? class_config_llog_handler+0x2954/0x4f80 [obdclass]
00013  ? class_config_llog_handler+0x2cea/0x4f80 [obdclass]
00013  ? lustre_cfg_rec_free+0x350/0x350 [obdclass]
00013  ? llog_process_thread+0x1fd2/0x4f70 [obdclass]
00013  ? _raw_spin_unlock+0x23/0x40
00013  ? llog_process_thread_daemonize+0x16d/0x1b0 [obdclass]
00013  ? kthread+0x2cd/0x3a0
00013  ? llog_process_or_fork+0xc90/0xc90 [obdclass]
00013  ? kthread_unuse_mm+0x130/0x130
00013  ? ret_from_fork+0x18c/0x520
00013  ? kthread_unuse_mm+0x130/0x130
00013  ? ret_from_fork_asm+0x11/0x20
00013  </TASK>
00013 ---[ end trace 0000000000000000 ]---
00013 ------------[ cut here ]------------
00013 WARNING: /home/ktest/git/linux/include/linux/fs.h:889 at osd_create+0x9cf/0xcf0 [osd_wbcfs], CPU#1: llog_process_th/1943
00013 Modules linked in: osp(O) mdd(O) lod(O) mdt(O) lquota(O) lfsck(O) mgs(O) osd_wbcfs(O) lustre(O) obdecho(O) mgc(O) mdc(O) lov(O) osc(O) lmv(O) ec(O) fid(O) fld(O) ptlrpc(O) efivarfs obdclass(O) ksocklnd(O) lnet(O) libcfs(O)
00013 CPU: 1 UID: 0 PID: 1943 Comm: llog_process_th Tainted: G        W  O        7.0.0-ktest-2f98931-6330a45-20260821-dirty #1 PREEMPT 
00013 Tainted: [W]=WARN, [O]=OOT_MODULE
00013 Hardware name: QEMU Standard PC (Q35 + ICH9, 2009), BIOS 2025.11-3ubuntu7 03/31/2026
00013 RIP: 0010:osd_create+0x9cf/0xcf0 [osd_wbcfs]
00013 Code: c7 c7 00 b6 7c a1 48 c7 c6 a0 22 75 a1 48 c7 c2 00 2c 75 a1 e8 82 dd 43 ff 48 c7 c7 00 b6 7c a1 e8 f6 6a 44 ff e9 fe fc ff ff <0f> 0b e9 a5 fa ff ff 48 c7 c1 80 44 5d a0 80 e1 07 80 c1 03 38 c1
00013 RSP: 0018:ffffc90002477470 EFLAGS: 00010246
00013 RAX: 0000000000000000 RBX: ffff88818ce22000 RCX: 0000000000000046
00013 RDX: 0000000000000000 RSI: ffff88817fb2ad60 RDI: ffff88813732aa58
00013 RBP: ffff88817fb2acd0 R08: ffffffff83a16803 R09: 1ffffffff0742d00
00013 R10: dffffc0000000000 R11: fffffbfff0742d01 R12: ffffc900024775e0
00013 R13: dffffc0000000000 R14: 1ffff110319c4400 R15: 1ffff9200048eec9
00013 FS:  0000000000000000(0000) GS:ffff88831e4aa000(0000) knlGS:0000000000000000
00013 CS:  0010 DS: 0000 ES: 0000 CR0: 0000000080050033
00013 CR2: 00007fb32baee200 CR3: 0000000004274000 CR4: 0000000000750eb0
00013 PKRU: 55555554
00013 Call Trace:
00013  <TASK>
00013  ? dt_find_or_create+0x81a/0x1170 [obdclass]
00013  ? tgt_init+0x1a98/0x2a60 [ptlrpc]
00013  ? mdt_device_alloc+0x3ce7/0x66c0 [mdt]
00013  ? __alloc_tagging_slab_alloc_hook+0x136/0x190
00013  ? obd_setup+0x25c/0x960 [obdclass]
00013  ? class_setup+0xc7d/0x10e0 [obdclass]
00013  ? class_process_config+0x2edb/0x7cb0 [obdclass]
00013  ? __kasan_kmalloc+0x72/0x80
00013  ? class_config_llog_handler+0x2954/0x4f80 [obdclass]
00013  ? class_config_llog_handler+0x2cea/0x4f80 [obdclass]
00013  ? lustre_cfg_rec_free+0x350/0x350 [obdclass]
00013  ? llog_process_thread+0x1fd2/0x4f70 [obdclass]
00013  ? _raw_spin_unlock+0x23/0x40
00013  ? llog_process_thread_daemonize+0x16d/0x1b0 [obdclass]
00013  ? kthread+0x2cd/0x3a0
00013  ? llog_process_or_fork+0xc90/0xc90 [obdclass]
00013  ? kthread_unuse_mm+0x130/0x130
00013  ? ret_from_fork+0x18c/0x520
00013  ? kthread_unuse_mm+0x130/0x130
00013  ? ret_from_fork_asm+0x11/0x20
00013  </TASK>
00013 ---[ end trace 0000000000000000 ]---
00013 Lustre: cli-ctl-lustre-MDT0001: Allocated super-sequence [0x0000000240000400-0x0000000280000400]:1:mdt]
00013 ------------[ cut here ]------------
00013 WARNING: /home/ktest/git/linux/include/linux/fs.h:889 at osd_create+0x9cf/0xcf0 [osd_wbcfs], CPU#3: lod0001_rec0001/1952
00013 Modules linked in: osp(O) mdd(O) lod(O) mdt(O) lquota(O) lfsck(O) mgs(O) osd_wbcfs(O) lustre(O) obdecho(O) mgc(O) mdc(O) lov(O) osc(O) lmv(O) ec(O) fid(O) fld(O) ptlrpc(O) efivarfs obdclass(O) ksocklnd(O) lnet(O) libcfs(O)
00013 CPU: 3 UID: 0 PID: 1952 Comm: lod0001_rec0001 Tainted: G        W  O        7.0.0-ktest-2f98931-6330a45-20260821-dirty #1 PREEMPT 
00013 Tainted: [W]=WARN, [O]=OOT_MODULE
00013 Hardware name: QEMU Standard PC (Q35 + ICH9, 2009), BIOS 2025.11-3ubuntu7 03/31/2026
00013 RIP: 0010:osd_create+0x9cf/0xcf0 [osd_wbcfs]
00013 Code: c7 c7 00 b6 7c a1 48 c7 c6 a0 22 75 a1 48 c7 c2 00 2c 75 a1 e8 82 dd 43 ff 48 c7 c7 00 b6 7c a1 e8 f6 6a 44 ff e9 fe fc ff ff <0f> 0b e9 a5 fa ff ff 48 c7 c1 80 44 5d a0 80 e1 07 80 c1 03 38 c1
00013 RSP: 0018:ffffc90002297b60 EFLAGS: 00010246
00013 RAX: 0000000000000000 RBX: ffff8881941a2c00 RCX: 0000000000000046
00013 RDX: 0000000000000000 RSI: ffff88811fe5fb68 RDI: ffff8881610b8998
00013 ------------[ cut here ]------------
00013 RBP: ffff88811fe5fad8 R08: ffffffff83a16803 R09: 1ffffffff0742d00
00013 WARNING: /home/ktest/git/linux/include/linux/fs.h:889 at osd_create+0x9cf/0xcf0 [osd_wbcfs], CPU#9: mdt_out00_000/1912
00013 R10: dffffc0000000000 R11: fffffbfff0742d01 R12: ffff888194034800
00013 Modules linked in:
00013 R13: dffffc0000000000 R14: 1ffff11032834580 R15: 1ffff1103280690f
00013 FS:  0000000000000000(0000) GS:ffff88831e5aa000(0000) knlGS:0000000000000000
00013  osp(O)
00013 CS:  0010 DS: 0000 ES: 0000 CR0: 0000000080050033
00013  mdd(O)
00013 CR2: 00007fb11cde6194 CR3: 0000000004274000 CR4: 0000000000750eb0
00013  lod(O)
00013 PKRU: 55555554
00013  mdt(O)
00013 Call Trace:
00013  lquota(O)
00013  <TASK>
00013  lfsck(O) mgs(O) osd_wbcfs(O) lustre(O) obdecho(O) mgc(O) mdc(O) lov(O) osc(O) lmv(O) ec(O) fid(O) fld(O) ptlrpc(O) efivarfs obdclass(O) ksocklnd(O) lnet(O) libcfs(O)
00013  ? llog_osd_create+0x645/0x1140 [obdclass]
00013 CPU: 9 UID: 0 PID: 1912 Comm: mdt_out00_000 Tainted: G        W  O        7.0.0-ktest-2f98931-6330a45-20260821-dirty #1 PREEMPT 
00013  ? llog_create+0x2ed/0x530 [obdclass]
00013 Tainted: [W]=WARN, [O]=OOT_MODULE
00013  ? llog_open_create+0x5af/0xb10 [obdclass]
00013 Hardware name: QEMU Standard PC (Q35 + ICH9, 2009), BIOS 2025.11-3ubuntu7 03/31/2026
00013 RIP: 0010:osd_create+0x9cf/0xcf0 [osd_wbcfs]
00013 Code: c7 c7 00 b6 7c a1 48 c7 c6 a0 22 75 a1 48 c7 c2 00 2c 75 a1 e8 82 dd 43 ff 48 c7 c7 00 b6 7c a1 e8 f6 6a 44 ff e9 fe fc ff ff <0f> 0b e9 a5 fa ff ff 48 c7 c1 80 44 5d a0 80 e1 07 80 c1 03 38 c1
00013 RSP: 0018:ffffc90001cf7800 EFLAGS: 00010246
00013 RAX: 0000000000000000 RBX: ffff888194144400 RCX: 0000000000000046
00013 RDX: 0000000000000000 RSI: ffff8881b052d0d8 RDI: ffff8881940d2a58
00013 RBP: ffff8881b052d048 R08: ffffffff83a16803 R09: 1ffffffff0742d00
00013 R10: dffffc0000000000 R11: fffffbfff0742d01 R12: ffff88817f799230
00013 R13: dffffc0000000000 R14: 1ffff11032828880 R15: 1ffff1102fef3258
00013 FS:  0000000000000000(0000) GS:ffff88831e8aa000(0000) knlGS:0000000000000000
00013 CS:  0010 DS: 0000 ES: 0000 CR0: 0000000080050033
00013 CR2: 00007f84dc5e6194 CR3: 0000000004274000 CR4: 0000000000750eb0
00013 PKRU: 55555554
00013 Call Trace:
00013  <TASK>
00013  ? lod_sub_prep_llog+0xdfd/0x1b40 [lod]
00013  ? out_tx_create_exec+0x277/0x7a0 [ptlrpc]
00013  ? lod_sub_recovery_thread+0x316/0x18d0 [lod]
00013  ? tx_add_exec+0xd70/0xd70 [ptlrpc]
00013  ? __kthread_parkme+0x73/0x130
00013  ? out_tx_end+0x3e3/0x1190 [ptlrpc]
00013  ? kthread+0x2cd/0x3a0
00013  ? out_handle+0x539f/0x6350 [ptlrpc]
00013  ? tgt_request_handle+0x23ad/0x3d30 [ptlrpc]
00013  ? lod_sub_init_llog+0x1180/0x1180 [lod]
00013  ? ptlrpc_main+0x6359/0x96f0 [ptlrpc]
00013  ? kthread_unuse_mm+0x130/0x130
00013  ? __kthread_parkme+0x73/0x130
00013  ? ret_from_fork+0x18c/0x520
00013  ? kthread+0x2cd/0x3a0
00013  ? kthread_unuse_mm+0x130/0x130
00013  ? ptlrpc_start_thread+0x1f10/0x1f10 [ptlrpc]
00013  ? ret_from_fork_asm+0x11/0x20
00013  </TASK>
00013  ? kthread_unuse_mm+0x130/0x130
00013 ---[ end trace 0000000000000000 ]---
00013  ? ret_from_fork+0x18c/0x520
00013  ? kthread_unuse_mm+0x130/0x130
00013  ? ret_from_fork_asm+0x11/0x20
00013  </TASK>
00013 ---[ end trace 0000000000000000 ]---
00013 ------------[ cut here ]------------
00013 WARNING: /home/ktest/git/linux/include/linux/fs.h:889 at osd_create+0x9cf/0xcf0 [osd_wbcfs], CPU#11: ll_mgs_0000/1901
00013 Modules linked in: ofd(O) osp(O) mdd(O) lod(O) mdt(O) lquota(O) lfsck(O) mgs(O) osd_wbcfs(O) lustre(O) obdecho(O) mgc(O) mdc(O) lov(O) osc(O) lmv(O) ec(O) fid(O) fld(O) ptlrpc(O) efivarfs obdclass(O) ksocklnd(O) lnet(O) libcfs(O)
00013 CPU: 11 UID: 0 PID: 1901 Comm: ll_mgs_0000 Tainted: G        W  O        7.0.0-ktest-2f98931-6330a45-20260821-dirty #1 PREEMPT 
00013 Tainted: [W]=WARN, [O]=OOT_MODULE
00013 Hardware name: QEMU Standard PC (Q35 + ICH9, 2009), BIOS 2025.11-3ubuntu7 03/31/2026
00013 RIP: 0010:osd_create+0x9cf/0xcf0 [osd_wbcfs]
00013 Code: c7 c7 00 b6 7c a1 48 c7 c6 a0 22 75 a1 48 c7 c2 00 2c 75 a1 e8 82 dd 43 ff 48 c7 c7 00 b6 7c a1 e8 f6 6a 44 ff e9 fe fc ff ff <0f> 0b e9 a5 fa ff ff 48 c7 c1 80 44 5d a0 80 e1 07 80 c1 03 38 c1
00013 RSP: 0018:ffffc90001c57700 EFLAGS: 00010246
00013 RAX: 0000000000000000 RBX: ffff8881948bc400 RCX: 0000000000000046
00013 RDX: 0000000000000000 RSI: ffff88810ca01818 RDI: ffff888139f64b68
00013 RBP: ffff88810ca01788 R08: ffffffff83a16803 R09: 1ffffffff0742d00
00013 R10: dffffc0000000000 R11: fffffbfff0742d01 R12: ffff88813c68ac00
00013 R13: dffffc0000000000 R14: 1ffff11032917880 R15: 1ffff110278d158f
00013 FS:  0000000000000000(0000) GS:ffff88831e9aa000(0000) knlGS:0000000000000000
00013 CS:  0010 DS: 0000 ES: 0000 CR0: 0000000080050033
00013 CR2: 0000560252598fc8 CR3: 0000000135a53000 CR4: 0000000000750eb0
00013 PKRU: 55555554
00013 Call Trace:
00013  <TASK>
00013  ? local_object_create+0x109/0x640 [obdclass]
00013  ? dt_write_lock+0x16d/0x2a0 [obdclass]
00013  ? llog_osd_create+0x356/0x1140 [obdclass]
00013  ? llog_create+0x2ed/0x530 [obdclass]
00013  ? llog_open_create+0x5af/0xb10 [obdclass]
00013  ? record_start_log+0x348/0xa40 [mgs]
00013  ? mgs_write_log_target+0x16f2/0x6ab0 [mgs]
00013  ? mgs_target_reg+0x254e/0x4480 [mgs]
00013  ? tgt_request_handle+0x23ad/0x3d30 [ptlrpc]
00013  ? ptlrpc_main+0x6359/0x96f0 [ptlrpc]
00013  ? __kthread_parkme+0x73/0x130
00013  ? kthread+0x2cd/0x3a0
00013  ? ptlrpc_start_thread+0x1f10/0x1f10 [ptlrpc]
00013  ? kthread_unuse_mm+0x130/0x130
00013  ? ret_from_fork+0x18c/0x520
00013  ? kthread_unuse_mm+0x130/0x130
00013  ? ret_from_fork_asm+0x11/0x20
00013  </TASK>
00013 ---[ end trace 0000000000000000 ]---
00013 ------------[ cut here ]------------
00013 WARNING: /home/ktest/git/linux/include/linux/fs.h:889 at osd_create+0x9cf/0xcf0 [osd_wbcfs], CPU#3: llog_process_th/1971
00013 Modules linked in: ofd(O) osp(O) mdd(O) lod(O) mdt(O) lquota(O) lfsck(O) mgs(O) osd_wbcfs(O) lustre(O) obdecho(O) mgc(O) mdc(O) lov(O) osc(O) lmv(O) ec(O) fid(O) fld(O) ptlrpc(O) efivarfs obdclass(O) ksocklnd(O) lnet(O) libcfs(O)
00013 CPU: 3 UID: 0 PID: 1971 Comm: llog_process_th Tainted: G        W  O        7.0.0-ktest-2f98931-6330a45-20260821-dirty #1 PREEMPT 
00013 Tainted: [W]=WARN, [O]=OOT_MODULE
00013 Hardware name: QEMU Standard PC (Q35 + ICH9, 2009), BIOS 2025.11-3ubuntu7 03/31/2026
00013 RIP: 0010:osd_create+0x9cf/0xcf0 [osd_wbcfs]
00013 Code: c7 c7 00 b6 7c a1 48 c7 c6 a0 22 75 a1 48 c7 c2 00 2c 75 a1 e8 82 dd 43 ff 48 c7 c7 00 b6 7c a1 e8 f6 6a 44 ff e9 fe fc ff ff <0f> 0b e9 a5 fa ff ff 48 c7 c1 80 44 5d a0 80 e1 07 80 c1 03 38 c1
00013 RSP: 0018:ffffc90001df7618 EFLAGS: 00010246
00013 RAX: 0000000000000000 RBX: ffff88810564c400 RCX: 0000000000000046
00013 RDX: 0000000000000000 RSI: ffff88811fe5f450 RDI: ffff888189e72a58
00013 RBP: ffff88811fe5f3c0 R08: ffffffff83a16803 R09: 1ffffffff0742d00
00013 R10: dffffc0000000000 R11: fffffbfff0742d01 R12: ffffc90001df7788
00013 R13: dffffc0000000000 R14: 1ffff11020ac9880 R15: 1ffff920003beefe
00013 FS:  0000000000000000(0000) GS:ffff88831e5aa000(0000) knlGS:0000000000000000
00013 CS:  0010 DS: 0000 ES: 0000 CR0: 0000000080050033
00013 CR2: 00007fb11cde6194 CR3: 0000000004274000 CR4: 0000000000750eb0
00013 PKRU: 55555554
00013 Call Trace:
00013  <TASK>
00013  ? dt_find_or_create+0x81a/0x1170 [obdclass]
00013  ? tgt_init+0xb72/0x2a60 [ptlrpc]
00013  ? ofd_device_alloc+0x1d4b/0x3600 [ofd]
00013  ? obd_setup+0x25c/0x960 [obdclass]
00013  ? class_setup+0xc7d/0x10e0 [obdclass]
00013  ? class_process_config+0x2edb/0x7cb0 [obdclass]
00013  ? __kasan_kmalloc+0x72/0x80
00013  ? class_config_llog_handler+0x2954/0x4f80 [obdclass]
00013  ? class_config_llog_handler+0x2cea/0x4f80 [obdclass]
00013  ? lustre_cfg_rec_free+0x350/0x350 [obdclass]
00013  ? llog_process_thread+0x1fd2/0x4f70 [obdclass]
00013  ? _raw_spin_unlock+0x23/0x40
00013  ? llog_process_thread_daemonize+0x16d/0x1b0 [obdclass]
00013  ? kthread+0x2cd/0x3a0
00013  ? llog_process_or_fork+0xc90/0xc90 [obdclass]
00013  ? kthread_unuse_mm+0x130/0x130
00013  ? ret_from_fork+0x18c/0x520
00013  ? kthread_unuse_mm+0x130/0x130
00013  ? ret_from_fork_asm+0x11/0x20
00013  </TASK>
00013 ---[ end trace 0000000000000000 ]---
00013 ------------[ cut here ]------------
00013 WARNING: /home/ktest/git/linux/include/linux/fs.h:889 at osd_create+0x9cf/0xcf0 [osd_wbcfs], CPU#3: llog_process_th/1971
00013 Modules linked in: ofd(O) osp(O) mdd(O) lod(O) mdt(O) lquota(O) lfsck(O) mgs(O) osd_wbcfs(O) lustre(O) obdecho(O) mgc(O) mdc(O) lov(O) osc(O) lmv(O) ec(O) fid(O) fld(O) ptlrpc(O) efivarfs obdclass(O) ksocklnd(O) lnet(O) libcfs(O)
00013 CPU: 3 UID: 0 PID: 1971 Comm: llog_process_th Tainted: G        W  O        7.0.0-ktest-2f98931-6330a45-20260821-dirty #1 PREEMPT 
00013 Tainted: [W]=WARN, [O]=OOT_MODULE
00013 Hardware name: QEMU Standard PC (Q35 + ICH9, 2009), BIOS 2025.11-3ubuntu7 03/31/2026
00013 RIP: 0010:osd_create+0x9cf/0xcf0 [osd_wbcfs]
00013 Code: c7 c7 00 b6 7c a1 48 c7 c6 a0 22 75 a1 48 c7 c2 00 2c 75 a1 e8 82 dd 43 ff 48 c7 c7 00 b6 7c a1 e8 f6 6a 44 ff e9 fe fc ff ff <0f> 0b e9 a5 fa ff ff 48 c7 c1 80 44 5d a0 80 e1 07 80 c1 03 38 c1
00013 RSP: 0018:ffffc90001df74f0 EFLAGS: 00010246
00013 RAX: 0000000000000000 RBX: ffff888105648c00 RCX: 0000000000000046
00013 RDX: 0000000000000000 RSI: ffff88811fe5ed38 RDI: ffff888189e72a58
00013 RBP: ffff88811fe5eca8 R08: ffffffff83a16803 R09: 1ffffffff0742d00
00013 R10: dffffc0000000000 R11: fffffbfff0742d01 R12: ffffc90001df75f0
00013 R13: dffffc0000000000 R14: 1ffff11020ac9180 R15: 1ffff920003beebc
00013 FS:  0000000000000000(0000) GS:ffff88831e5aa000(0000) knlGS:0000000000000000
00013 CS:  0010 DS: 0000 ES: 0000 CR0: 0000000080050033
00013 CR2: 00007fb11cde6194 CR3: 0000000004274000 CR4: 0000000000750eb0
00013 PKRU: 55555554
00013 Call Trace:
00013  <TASK>
00013  ? dt_find_or_create+0x81a/0x1170 [obdclass]
00013  ? seq_store_init+0x155/0x360 [fid]
00013  ? seq_server_init+0x290/0xba0 [fid]
00013  ? ofd_fid_init+0x41c/0xf80 [ofd]
00013  ? ofd_seqs_init+0xb6/0x1370 [ofd]
00013  ? ofd_fs_setup+0x13c/0xdd0 [ofd]
00013  ? ofd_device_alloc+0x1f64/0x3600 [ofd]
00013  ? obd_setup+0x25c/0x960 [obdclass]
00013  ? class_setup+0xc7d/0x10e0 [obdclass]
00013  ? class_process_config+0x2edb/0x7cb0 [obdclass]
00013  ? __kasan_kmalloc+0x72/0x80
00013  ? class_config_llog_handler+0x2954/0x4f80 [obdclass]
00013  ? class_config_llog_handler+0x2cea/0x4f80 [obdclass]
00013  ? lustre_cfg_rec_free+0x350/0x350 [obdclass]
00013  ? llog_process_thread+0x1fd2/0x4f70 [obdclass]
00013  ? _raw_spin_unlock+0x23/0x40
00013  ? llog_process_thread_daemonize+0x16d/0x1b0 [obdclass]
00013  ? kthread+0x2cd/0x3a0
00013  ? llog_process_or_fork+0xc90/0xc90 [obdclass]
00013  ? kthread_unuse_mm+0x130/0x130
00013  ? ret_from_fork+0x18c/0x520
00013  ? kthread_unuse_mm+0x130/0x130
00013  ? ret_from_fork_asm+0x11/0x20
00013  </TASK>
00013 ---[ end trace 0000000000000000 ]---
00013 ------------[ cut here ]------------
00013 WARNING: /home/ktest/git/linux/include/linux/fs.h:889 at osd_create+0x9cf/0xcf0 [osd_wbcfs], CPU#3: llog_process_th/1971
00013 Modules linked in: ofd(O) osp(O) mdd(O) lod(O) mdt(O) lquota(O) lfsck(O) mgs(O) osd_wbcfs(O) lustre(O) obdecho(O) mgc(O) mdc(O) lov(O) osc(O) lmv(O) ec(O) fid(O) fld(O) ptlrpc(O) efivarfs obdclass(O) ksocklnd(O) lnet(O) libcfs(O)
00013 CPU: 3 UID: 0 PID: 1971 Comm: llog_process_th Tainted: G        W  O        7.0.0-ktest-2f98931-6330a45-20260821-dirty #1 PREEMPT 
00013 Tainted: [W]=WARN, [O]=OOT_MODULE
00013 Hardware name: QEMU Standard PC (Q35 + ICH9, 2009), BIOS 2025.11-3ubuntu7 03/31/2026
00013 RIP: 0010:osd_create+0x9cf/0xcf0 [osd_wbcfs]
00013 Code: c7 c7 00 b6 7c a1 48 c7 c6 a0 22 75 a1 48 c7 c2 00 2c 75 a1 e8 82 dd 43 ff 48 c7 c7 00 b6 7c a1 e8 f6 6a 44 ff e9 fe fc ff ff <0f> 0b e9 a5 fa ff ff 48 c7 c1 80 44 5d a0 80 e1 07 80 c1 03 38 c1
00013 RSP: 0018:ffffc90001df7530 EFLAGS: 00010246
00013 RAX: 0000000000000000 RBX: ffff888105649c00 RCX: 0000000000000046
00013 RDX: ffffffff84c44d40 RSI: ffff88811fe5e620 RDI: ffff888189e72a58
00013 RBP: ffff88811fe5e590 R08: 0000000000000001 R09: 0000000000000000
00013 R10: dffffc0000000000 R11: ffffed1023fcbca7 R12: ffff88818e6b7b00
00013 R13: dffffc0000000000 R14: 1ffff11020ac9380 R15: 1ffff920003beedb
00013 FS:  0000000000000000(0000) GS:ffff88831e5aa000(0000) knlGS:0000000000000000
00013 CS:  0010 DS: 0000 ES: 0000 CR0: 0000000080050033
00013 CR2: 00007fb11cde6194 CR3: 0000000004274000 CR4: 0000000000750eb0
00013 PKRU: 55555554
00013 Call Trace:
00013  <TASK>
00013  ? dt_find_or_create+0x81a/0x1170 [obdclass]
00013  ? fld_index_init+0x404/0x1610 [fld]
00013  ? is_module_address+0x1b/0x70
00013  ? is_module_address+0x5e/0x70
00013  ? __asan_memset+0x22/0x40
00013  ? fld_server_init+0x1d7/0x580 [fld]
00013  ? ofd_seqs_init+0x430/0x1370 [ofd]
00013  ? ofd_fs_setup+0x13c/0xdd0 [ofd]
00013  ? ofd_device_alloc+0x1f64/0x3600 [ofd]
00013  ? obd_setup+0x25c/0x960 [obdclass]
00013  ? class_setup+0xc7d/0x10e0 [obdclass]
00013  ? class_process_config+0x2edb/0x7cb0 [obdclass]
00013  ? __kasan_kmalloc+0x72/0x80
00013  ? class_config_llog_handler+0x2954/0x4f80 [obdclass]
00013  ? class_config_llog_handler+0x2cea/0x4f80 [obdclass]
00013  ? lustre_cfg_rec_free+0x350/0x350 [obdclass]
00013  ? llog_process_thread+0x1fd2/0x4f70 [obdclass]
00013  ? _raw_spin_unlock+0x23/0x40
00013  ? llog_process_thread_daemonize+0x16d/0x1b0 [obdclass]
00013  ? kthread+0x2cd/0x3a0
00013  ? llog_process_or_fork+0xc90/0xc90 [obdclass]
00013  ? kthread_unuse_mm+0x130/0x130
00013  ? ret_from_fork+0x18c/0x520
00013  ? kthread_unuse_mm+0x130/0x130
00013  ? ret_from_fork_asm+0x11/0x20
00013  </TASK>
00013 ---[ end trace 0000000000000000 ]---
00013 ------------[ cut here ]------------
00013 WARNING: /home/ktest/git/linux/include/linux/fs.h:889 at osd_create+0x9cf/0xcf0 [osd_wbcfs], CPU#3: llog_process_th/1971
00013 Modules linked in: ofd(O) osp(O) mdd(O) lod(O) mdt(O) lquota(O) lfsck(O) mgs(O) osd_wbcfs(O) lustre(O) obdecho(O) mgc(O) mdc(O) lov(O) osc(O) lmv(O) ec(O) fid(O) fld(O) ptlrpc(O) efivarfs obdclass(O) ksocklnd(O) lnet(O) libcfs(O)
00013 CPU: 3 UID: 0 PID: 1971 Comm: llog_process_th Tainted: G        W  O        7.0.0-ktest-2f98931-6330a45-20260821-dirty #1 PREEMPT 
00013 Tainted: [W]=WARN, [O]=OOT_MODULE
00013 Hardware name: QEMU Standard PC (Q35 + ICH9, 2009), BIOS 2025.11-3ubuntu7 03/31/2026
00013 RIP: 0010:osd_create+0x9cf/0xcf0 [osd_wbcfs]
00013 Code: c7 c7 00 b6 7c a1 48 c7 c6 a0 22 75 a1 48 c7 c2 00 2c 75 a1 e8 82 dd 43 ff 48 c7 c7 00 b6 7c a1 e8 f6 6a 44 ff e9 fe fc ff ff <0f> 0b e9 a5 fa ff ff 48 c7 c1 80 44 5d a0 80 e1 07 80 c1 03 38 c1
00013 RSP: 0018:ffffc90001df76e0 EFLAGS: 00010246
00013 RAX: 0000000000000000 RBX: ffff888105749c00 RCX: 0000000000000046
00013 RDX: 0000000000000000 RSI: ffff88811fe5df08 RDI: ffff888189e72a58
00013 RBP: ffff88811fe5de78 R08: ffffffff83a16803 R09: 1ffffffff0742d00
00013 R10: dffffc0000000000 R11: fffffbfff0742d01 R12: ffff8881b4147030
00013 R13: dffffc0000000000 R14: 1ffff11020ae9380 R15: 1ffff11036828e42
00013 FS:  0000000000000000(0000) GS:ffff88831e5aa000(0000) knlGS:0000000000000000
00013 CS:  0010 DS: 0000 ES: 0000 CR0: 0000000080050033
00013 CR2: 00007fb11cde6194 CR3: 0000000004274000 CR4: 0000000000750eb0
00013 PKRU: 55555554
00013 Call Trace:
00013  <TASK>
00013  ? dt_find_or_create+0x81a/0x1170 [obdclass]
00013  ? ofd_fs_setup+0x42c/0xdd0 [ofd]
00013  ? ofd_device_alloc+0x1f64/0x3600 [ofd]
00013  ? obd_setup+0x25c/0x960 [obdclass]
00013  ? class_setup+0xc7d/0x10e0 [obdclass]
00013  ? class_process_config+0x2edb/0x7cb0 [obdclass]
00013  ? __kasan_kmalloc+0x72/0x80
00013  ? class_config_llog_handler+0x2954/0x4f80 [obdclass]
00013  ? class_config_llog_handler+0x2cea/0x4f80 [obdclass]
00013  ? lustre_cfg_rec_free+0x350/0x350 [obdclass]
00013  ? llog_process_thread+0x1fd2/0x4f70 [obdclass]
00013  ? _raw_spin_unlock+0x23/0x40
00013  ? llog_process_thread_daemonize+0x16d/0x1b0 [obdclass]
00013  ? kthread+0x2cd/0x3a0
00013  ? llog_process_or_fork+0xc90/0xc90 [obdclass]
00013  ? kthread_unuse_mm+0x130/0x130
00013  ? ret_from_fork+0x18c/0x520
00013  ? kthread_unuse_mm+0x130/0x130
00013  ? ret_from_fork_asm+0x11/0x20
00013  </TASK>
00013 ---[ end trace 0000000000000000 ]---
00013 ------------[ cut here ]------------
00013 WARNING: /home/ktest/git/linux/include/linux/fs.h:889 at osd_create+0x9cf/0xcf0 [osd_wbcfs], CPU#3: llog_process_th/1971
00013 Modules linked in: ofd(O) osp(O) mdd(O) lod(O) mdt(O) lquota(O) lfsck(O) mgs(O) osd_wbcfs(O) lustre(O) obdecho(O) mgc(O) mdc(O) lov(O) osc(O) lmv(O) ec(O) fid(O) fld(O) ptlrpc(O) efivarfs obdclass(O) ksocklnd(O) lnet(O) libcfs(O)
00013 CPU: 3 UID: 0 PID: 1971 Comm: llog_process_th Tainted: G        W  O        7.0.0-ktest-2f98931-6330a45-20260821-dirty #1 PREEMPT 
00013 Tainted: [W]=WARN, [O]=OOT_MODULE
00013 Hardware name: QEMU Standard PC (Q35 + ICH9, 2009), BIOS 2025.11-3ubuntu7 03/31/2026
00013 RIP: 0010:osd_create+0x9cf/0xcf0 [osd_wbcfs]
00013 Code: c7 c7 00 b6 7c a1 48 c7 c6 a0 22 75 a1 48 c7 c2 00 2c 75 a1 e8 82 dd 43 ff 48 c7 c7 00 b6 7c a1 e8 f6 6a 44 ff e9 fe fc ff ff <0f> 0b e9 a5 fa ff ff 48 c7 c1 80 44 5d a0 80 e1 07 80 c1 03 38 c1
00013 RSP: 0018:ffffc90001df76e0 EFLAGS: 00010246
00013 RAX: 0000000000000000 RBX: ffff88810574a000 RCX: 0000000000000046
00013 RDX: 0000000000000000 RSI: ffff88811fe5d7f0 RDI: ffff888189e72a58
00013 RBP: ffff88811fe5d760 R08: ffffffff83a16803 R09: 1ffffffff0742d00
00013 R10: dffffc0000000000 R11: fffffbfff0742d01 R12: ffff8881b4147030
00013 R13: dffffc0000000000 R14: 1ffff11020ae9400 R15: 1ffff11036828e42
00013 FS:  0000000000000000(0000) GS:ffff88831e5aa000(0000) knlGS:0000000000000000
00013 CS:  0010 DS: 0000 ES: 0000 CR0: 0000000080050033
00013 CR2: 00007fb11cde6194 CR3: 0000000004274000 CR4: 0000000000750eb0
00013 PKRU: 55555554
00013 Call Trace:
00013  <TASK>
00013  ? dt_find_or_create+0x81a/0x1170 [obdclass]
00013  ? ofd_fs_setup+0x57f/0xdd0 [ofd]
00013  ? ofd_device_alloc+0x1f64/0x3600 [ofd]
00013  ? obd_setup+0x25c/0x960 [obdclass]
00013  ? class_setup+0xc7d/0x10e0 [obdclass]
00013  ? class_process_config+0x2edb/0x7cb0 [obdclass]
00013  ? __kasan_kmalloc+0x72/0x80
00013  ? class_config_llog_handler+0x2954/0x4f80 [obdclass]
00013  ? class_config_llog_handler+0x2cea/0x4f80 [obdclass]
00013  ? lustre_cfg_rec_free+0x350/0x350 [obdclass]
00013  ? llog_process_thread+0x1fd2/0x4f70 [obdclass]
00013  ? _raw_spin_unlock+0x23/0x40
00013  ? llog_process_thread_daemonize+0x16d/0x1b0 [obdclass]
00013  ? kthread+0x2cd/0x3a0
00013  ? llog_process_or_fork+0xc90/0xc90 [obdclass]
00013  ? kthread_unuse_mm+0x130/0x130
00013  ? ret_from_fork+0x18c/0x520
00013  ? kthread_unuse_mm+0x130/0x130
00013  ? ret_from_fork_asm+0x11/0x20
00013  </TASK>
00013 ---[ end trace 0000000000000000 ]---
00013 ------------[ cut here ]------------
00013 WARNING: /home/ktest/git/linux/include/linux/fs.h:889 at osd_create+0x9cf/0xcf0 [osd_wbcfs], CPU#3: llog_process_th/1971
00013 Modules linked in: ofd(O) osp(O) mdd(O) lod(O) mdt(O) lquota(O) lfsck(O) mgs(O) osd_wbcfs(O) lustre(O) obdecho(O) mgc(O) mdc(O) lov(O) osc(O) lmv(O) ec(O) fid(O) fld(O) ptlrpc(O) efivarfs obdclass(O) ksocklnd(O) lnet(O) libcfs(O)
00013 CPU: 3 UID: 0 PID: 1971 Comm: llog_process_th Tainted: G        W  O        7.0.0-ktest-2f98931-6330a45-20260821-dirty #1 PREEMPT 
00013 Tainted: [W]=WARN, [O]=OOT_MODULE
00013 Hardware name: QEMU Standard PC (Q35 + ICH9, 2009), BIOS 2025.11-3ubuntu7 03/31/2026
00013 RIP: 0010:osd_create+0x9cf/0xcf0 [osd_wbcfs]
00013 Code: c7 c7 00 b6 7c a1 48 c7 c6 a0 22 75 a1 48 c7 c2 00 2c 75 a1 e8 82 dd 43 ff 48 c7 c7 00 b6 7c a1 e8 f6 6a 44 ff e9 fe fc ff ff <0f> 0b e9 a5 fa ff ff 48 c7 c1 80 44 5d a0 80 e1 07 80 c1 03 38 c1
00013 RSP: 0018:ffffc90001df74a8 EFLAGS: 00010246
00013 RAX: 0000000000000000 RBX: ffff88810574ac00 RCX: 0000000000000046
00013 RDX: ffffffff84c44d40 RSI: ffff88811fe5d0d8 RDI: ffff888189e72a58
00013 RBP: ffff88811fe5d048 R08: 0000000000000001 R09: 0000000000000000
00013 R10: dffffc0000000000 R11: ffffed1023fcb9fe R12: ffff888138831418
00013 R13: dffffc0000000000 R14: 1ffff11020ae9580 R15: 1ffff11027106292
00013 FS:  0000000000000000(0000) GS:ffff88831e5aa000(0000) knlGS:0000000000000000
00013 CS:  0010 DS: 0000 ES: 0000 CR0: 0000000080050033
00013 CR2: 00007fb11cde6194 CR3: 0000000004274000 CR4: 0000000000750eb0
00013 PKRU: 55555554
00013 Call Trace:
00013  <TASK>
00013  ? local_object_create+0x109/0x640 [obdclass]
00013  ? dt_write_lock+0x16d/0x2a0 [obdclass]
00013  ? __local_file_create+0xce4/0x1bc0 [obdclass]
00013  ? local_index_find_or_create+0x1dc/0x2c0 [obdclass]
00013  ? nodemap_cache_find_create+0x4f9/0xe80 [ptlrpc]
00013  ? nodemap_save_config_cache+0x123/0x19b0 [ptlrpc]
00013  ? nm_config_file_register_tgt+0x19b/0x860 [ptlrpc]
00013  ? nm_config_file_register_tgt+0x1a9/0x860 [ptlrpc]
00013  ? ofd_device_alloc+0x213d/0x3600 [ofd]
00013  ? obd_setup+0x25c/0x960 [obdclass]
00013  ? class_setup+0xc7d/0x10e0 [obdclass]
00013  ? class_process_config+0x2edb/0x7cb0 [obdclass]
00013  ? __kasan_kmalloc+0x72/0x80
00013  ? class_config_llog_handler+0x2954/0x4f80 [obdclass]
00013  ? class_config_llog_handler+0x2cea/0x4f80 [obdclass]
00013  ? lustre_cfg_rec_free+0x350/0x350 [obdclass]
00013  ? llog_process_thread+0x1fd2/0x4f70 [obdclass]
00013  ? _raw_spin_unlock+0x23/0x40
00013  ? llog_process_thread_daemonize+0x16d/0x1b0 [obdclass]
00013  ? kthread+0x2cd/0x3a0
00013  ? llog_process_or_fork+0xc90/0xc90 [obdclass]
00013  ? kthread_unuse_mm+0x130/0x130
00013  ? ret_from_fork+0x18c/0x520
00013  ? kthread_unuse_mm+0x130/0x130
00013  ? ret_from_fork_asm+0x11/0x20
00013  </TASK>
00013 ---[ end trace 0000000000000000 ]---
00013 ------------[ cut here ]------------
00013 WARNING: /home/ktest/git/linux/include/linux/fs.h:889 at osd_create+0x9cf/0xcf0 [osd_wbcfs], CPU#2: ll_mgs_0002/1903
00013 Modules linked in: ofd(O) osp(O) mdd(O) lod(O) mdt(O) lquota(O) lfsck(O) mgs(O) osd_wbcfs(O) lustre(O) obdecho(O) mgc(O) mdc(O) lov(O) osc(O) lmv(O) ec(O) fid(O) fld(O) ptlrpc(O) efivarfs obdclass(O) ksocklnd(O) lnet(O) libcfs(O)
00013 CPU: 2 UID: 0 PID: 1903 Comm: ll_mgs_0002 Tainted: G        W  O        7.0.0-ktest-2f98931-6330a45-20260821-dirty #1 PREEMPT 
00013 Tainted: [W]=WARN, [O]=OOT_MODULE
00013 Hardware name: QEMU Standard PC (Q35 + ICH9, 2009), BIOS 2025.11-3ubuntu7 03/31/2026
00013 RIP: 0010:osd_create+0x9cf/0xcf0 [osd_wbcfs]
00013 Code: c7 c7 00 b6 7c a1 48 c7 c6 a0 22 75 a1 48 c7 c2 00 2c 75 a1 e8 82 dd 43 ff 48 c7 c7 00 b6 7c a1 e8 f6 6a 44 ff e9 fe fc ff ff <0f> 0b e9 a5 fa ff ff 48 c7 c1 80 44 5d a0 80 e1 07 80 c1 03 38 c1
00013 RSP: 0018:ffffc90001c77700 EFLAGS: 00010246
00013 RAX: 0000000000000000 RBX: ffff8881059f9800 RCX: 0000000000000046
00013 RDX: 0000000000000000 RSI: ffff88819df19818 RDI: ffff888105e22aa8
00013 RBP: ffff88819df19788 R08: ffffffff83a16803 R09: 1ffffffff0742d00
00013 R10: dffffc0000000000 R11: fffffbfff0742d01 R12: ffff888139cbfc00
00013 R13: dffffc0000000000 R14: 1ffff11020b3f300 R15: 1ffff11027397f8f
00013 FS:  0000000000000000(0000) GS:ffff88831e52a000(0000) knlGS:0000000000000000
00013 CS:  0010 DS: 0000 ES: 0000 CR0: 0000000080050033
00013 CR2: 00007f0c364ee200 CR3: 0000000136553000 CR4: 0000000000750eb0
00013 PKRU: 55555554
00013 Call Trace:
00013  <TASK>
00013  ? local_object_create+0x109/0x640 [obdclass]
00013  ? dt_write_lock+0x16d/0x2a0 [obdclass]
00013  ? llog_osd_create+0x356/0x1140 [obdclass]
00013  ? llog_create+0x2ed/0x530 [obdclass]
00013  ? llog_open_create+0x5af/0xb10 [obdclass]
00013  ? record_start_log+0x348/0xa40 [mgs]
00013  ? mgs_write_log_target+0x16f2/0x6ab0 [mgs]
00013  ? mgs_target_reg+0x254e/0x4480 [mgs]
00013  ? tgt_request_handle+0x23ad/0x3d30 [ptlrpc]
00013  ? ptlrpc_main+0x6359/0x96f0 [ptlrpc]
00013  ? __kthread_parkme+0x73/0x130
00013  ? kthread+0x2cd/0x3a0
00013  ? ptlrpc_start_thread+0x1f10/0x1f10 [ptlrpc]
00013  ? kthread_unuse_mm+0x130/0x130
00013  ? ret_from_fork+0x18c/0x520
00013  ? kthread_unuse_mm+0x130/0x130
00013  ? ret_from_fork_asm+0x11/0x20
00013  </TASK>
00013 ---[ end trace 0000000000000000 ]---
00013 ------------[ cut here ]------------
00013 WARNING: /home/ktest/git/linux/include/linux/fs.h:889 at osd_create+0x9cf/0xcf0 [osd_wbcfs], CPU#4: llog_process_th/1978
00013 Modules linked in: ofd(O) osp(O) mdd(O) lod(O) mdt(O) lquota(O) lfsck(O) mgs(O) osd_wbcfs(O) lustre(O) obdecho(O) mgc(O) mdc(O) lov(O) osc(O) lmv(O) ec(O) fid(O) fld(O) ptlrpc(O) efivarfs obdclass(O) ksocklnd(O) lnet(O) libcfs(O)
00013 CPU: 4 UID: 0 PID: 1978 Comm: llog_process_th Tainted: G        W  O        7.0.0-ktest-2f98931-6330a45-20260821-dirty #1 PREEMPT 
00013 Tainted: [W]=WARN, [O]=OOT_MODULE
00013 Hardware name: QEMU Standard PC (Q35 + ICH9, 2009), BIOS 2025.11-3ubuntu7 03/31/2026
00013 RIP: 0010:osd_create+0x9cf/0xcf0 [osd_wbcfs]
00013 Code: c7 c7 00 b6 7c a1 48 c7 c6 a0 22 75 a1 48 c7 c2 00 2c 75 a1 e8 82 dd 43 ff 48 c7 c7 00 b6 7c a1 e8 f6 6a 44 ff e9 fe fc ff ff <0f> 0b e9 a5 fa ff ff 48 c7 c1 80 44 5d a0 80 e1 07 80 c1 03 38 c1
00013 RSP: 0018:ffffc900085a7618 EFLAGS: 00010246
00013 RAX: 0000000000000000 RBX: ffff888139539800 RCX: 0000000000000046
00013 RDX: 0000000000000000 RSI: ffff8881b7c850d8 RDI: ffff888199c4aa58
00013 RBP: ffff8881b7c85048 R08: ffffffff83a16803 R09: 1ffffffff0742d00
00013 R10: dffffc0000000000 R11: fffffbfff0742d01 R12: ffffc900085a7788
00013 R13: dffffc0000000000 R14: 1ffff110272a7300 R15: 1ffff920010b4efe
00013 FS:  0000000000000000(0000) GS:ffff88831e62a000(0000) knlGS:0000000000000000
00013 CS:  0010 DS: 0000 ES: 0000 CR0: 0000000080050033
00013 CR2: 000055f79c7a7cc8 CR3: 0000000139139000 CR4: 0000000000750eb0
00013 PKRU: 55555554
00013 Call Trace:
00013  <TASK>
00013  ? dt_find_or_create+0x81a/0x1170 [obdclass]
00013  ? tgt_init+0xb72/0x2a60 [ptlrpc]
00013  ? ofd_device_alloc+0x1d4b/0x3600 [ofd]
00013  ? obd_setup+0x25c/0x960 [obdclass]
00013  ? class_setup+0xc7d/0x10e0 [obdclass]
00013  ? class_process_config+0x2edb/0x7cb0 [obdclass]
00013  ? __kasan_kmalloc+0x72/0x80
00013  ? class_config_llog_handler+0x2954/0x4f80 [obdclass]
00013  ? class_config_llog_handler+0x2cea/0x4f80 [obdclass]
00013  ? lustre_cfg_rec_free+0x350/0x350 [obdclass]
00013  ? llog_process_thread+0x1fd2/0x4f70 [obdclass]
00013  ? _raw_spin_unlock+0x23/0x40
00013  ? llog_process_thread_daemonize+0x16d/0x1b0 [obdclass]
00013  ? kthread+0x2cd/0x3a0
00013  ? llog_process_or_fork+0xc90/0xc90 [obdclass]
00013  ? kthread_unuse_mm+0x130/0x130
00013  ? ret_from_fork+0x18c/0x520
00013  ? kthread_unuse_mm+0x130/0x130
00013  ? ret_from_fork_asm+0x11/0x20
00013  </TASK>
00013 ---[ end trace 0000000000000000 ]---
00013 ------------[ cut here ]------------
00013 WARNING: /home/ktest/git/linux/include/linux/fs.h:889 at osd_create+0x9cf/0xcf0 [osd_wbcfs], CPU#4: llog_process_th/1978
00013 Modules linked in: ofd(O) osp(O) mdd(O) lod(O) mdt(O) lquota(O) lfsck(O) mgs(O) osd_wbcfs(O) lustre(O) obdecho(O) mgc(O) mdc(O) lov(O) osc(O) lmv(O) ec(O) fid(O) fld(O) ptlrpc(O) efivarfs obdclass(O) ksocklnd(O) lnet(O) libcfs(O)
00013 CPU: 4 UID: 0 PID: 1978 Comm: llog_process_th Tainted: G        W  O        7.0.0-ktest-2f98931-6330a45-20260821-dirty #1 PREEMPT 
00013 Tainted: [W]=WARN, [O]=OOT_MODULE
00013 Hardware name: QEMU Standard PC (Q35 + ICH9, 2009), BIOS 2025.11-3ubuntu7 03/31/2026
00013 RIP: 0010:osd_create+0x9cf/0xcf0 [osd_wbcfs]
00013 Code: c7 c7 00 b6 7c a1 48 c7 c6 a0 22 75 a1 48 c7 c2 00 2c 75 a1 e8 82 dd 43 ff 48 c7 c7 00 b6 7c a1 e8 f6 6a 44 ff e9 fe fc ff ff <0f> 0b e9 a5 fa ff ff 48 c7 c1 80 44 5d a0 80 e1 07 80 c1 03 38 c1
00013 RSP: 0018:ffffc900085a74f0 EFLAGS: 00010246
00013 RAX: 0000000000000000 RBX: ffff88813953f000 RCX: 0000000000000046
00013 RDX: 0000000000000000 RSI: ffff8881b7c849c0 RDI: ffff888199c4aa58
00013 RBP: ffff8881b7c84930 R08: ffffffff83a16803 R09: 1ffffffff0742d00
00013 R10: dffffc0000000000 R11: fffffbfff0742d01 R12: ffffc900085a75f0
00013 R13: dffffc0000000000 R14: 1ffff110272a7e00 R15: 1ffff920010b4ebc
00013 FS:  0000000000000000(0000) GS:ffff88831e62a000(0000) knlGS:0000000000000000
00013 CS:  0010 DS: 0000 ES: 0000 CR0: 0000000080050033
00013 CR2: 000055f79c7a7cc8 CR3: 0000000139139000 CR4: 0000000000750eb0
00013 PKRU: 55555554
00013 Call Trace:
00013  <TASK>
00013  ? dt_find_or_create+0x81a/0x1170 [obdclass]
00013  ? seq_store_init+0x155/0x360 [fid]
00013  ? seq_server_init+0x290/0xba0 [fid]
00013  ? ofd_fid_init+0x41c/0xf80 [ofd]
00013  ? ofd_seqs_init+0xb6/0x1370 [ofd]
00013  ? ofd_fs_setup+0x13c/0xdd0 [ofd]
00013  ? ofd_device_alloc+0x1f64/0x3600 [ofd]
00013  ? obd_setup+0x25c/0x960 [obdclass]
00013  ? class_setup+0xc7d/0x10e0 [obdclass]
00013  ? class_process_config+0x2edb/0x7cb0 [obdclass]
00013  ? __kasan_kmalloc+0x72/0x80
00013  ? class_config_llog_handler+0x2954/0x4f80 [obdclass]
00013  ? class_config_llog_handler+0x2cea/0x4f80 [obdclass]
00013  ? lustre_cfg_rec_free+0x350/0x350 [obdclass]
00013  ? llog_process_thread+0x1fd2/0x4f70 [obdclass]
00013  ? _raw_spin_unlock+0x23/0x40
00013  ? llog_process_thread_daemonize+0x16d/0x1b0 [obdclass]
00013  ? kthread+0x2cd/0x3a0
00013  ? llog_process_or_fork+0xc90/0xc90 [obdclass]
00013  ? kthread_unuse_mm+0x130/0x130
00013  ? ret_from_fork+0x18c/0x520
00013  ? kthread_unuse_mm+0x130/0x130
00013  ? ret_from_fork_asm+0x11/0x20
00013  </TASK>
00013 ---[ end trace 0000000000000000 ]---
00013 ------------[ cut here ]------------
00013 WARNING: /home/ktest/git/linux/include/linux/fs.h:889 at osd_create+0x9cf/0xcf0 [osd_wbcfs], CPU#4: llog_process_th/1978
00013 Modules linked in: ofd(O) osp(O) mdd(O) lod(O) mdt(O) lquota(O) lfsck(O) mgs(O) osd_wbcfs(O) lustre(O) obdecho(O) mgc(O) mdc(O) lov(O) osc(O) lmv(O) ec(O) fid(O) fld(O) ptlrpc(O) efivarfs obdclass(O) ksocklnd(O) lnet(O) libcfs(O)
00013 CPU: 4 UID: 0 PID: 1978 Comm: llog_process_th Tainted: G        W  O        7.0.0-ktest-2f98931-6330a45-20260821-dirty #1 PREEMPT 
00013 Tainted: [W]=WARN, [O]=OOT_MODULE
00013 Hardware name: QEMU Standard PC (Q35 + ICH9, 2009), BIOS 2025.11-3ubuntu7 03/31/2026
00013 RIP: 0010:osd_create+0x9cf/0xcf0 [osd_wbcfs]
00013 Code: c7 c7 00 b6 7c a1 48 c7 c6 a0 22 75 a1 48 c7 c2 00 2c 75 a1 e8 82 dd 43 ff 48 c7 c7 00 b6 7c a1 e8 f6 6a 44 ff e9 fe fc ff ff <0f> 0b e9 a5 fa ff ff 48 c7 c1 80 44 5d a0 80 e1 07 80 c1 03 38 c1
00013 RSP: 0018:ffffc900085a7530 EFLAGS: 00010246
00013 RAX: 0000000000000000 RBX: ffff88813953dc00 RCX: 0000000000000046
00013 RDX: ffffffff84c44d40 RSI: ffff8881b7c842a8 RDI: ffff888199c4aa58
00013 RBP: ffff8881b7c84218 R08: 0000000000000001 R09: 0000000000000000
00013 R10: dffffc0000000000 R11: ffffed1036f90838 R12: ffff888141df2500
00013 R13: dffffc0000000000 R14: 1ffff110272a7b80 R15: 1ffff920010b4edb
00013 FS:  0000000000000000(0000) GS:ffff88831e62a000(0000) knlGS:0000000000000000
00013 CS:  0010 DS: 0000 ES: 0000 CR0: 0000000080050033
00013 CR2: 000055f79c7a7cc8 CR3: 0000000139139000 CR4: 0000000000750eb0
00013 PKRU: 55555554
00013 Call Trace:
00013  <TASK>
00013  ? dt_find_or_create+0x81a/0x1170 [obdclass]
00013  ? fld_index_init+0x404/0x1610 [fld]
00013  ? is_module_address+0x1b/0x70
00013  ? is_module_address+0x5e/0x70
00013  ? __asan_memset+0x22/0x40
00013  ? fld_server_init+0x1d7/0x580 [fld]
00013  ? ofd_seqs_init+0x430/0x1370 [ofd]
00013  ? ofd_fs_setup+0x13c/0xdd0 [ofd]
00013  ? ofd_device_alloc+0x1f64/0x3600 [ofd]
00013  ? obd_setup+0x25c/0x960 [obdclass]
00013  ? class_setup+0xc7d/0x10e0 [obdclass]
00013  ? class_process_config+0x2edb/0x7cb0 [obdclass]
00013  ? __kasan_kmalloc+0x72/0x80
00013  ? class_config_llog_handler+0x2954/0x4f80 [obdclass]
00013  ? class_config_llog_handler+0x2cea/0x4f80 [obdclass]
00013  ? lustre_cfg_rec_free+0x350/0x350 [obdclass]
00013  ? llog_process_thread+0x1fd2/0x4f70 [obdclass]
00013  ? _raw_spin_unlock+0x23/0x40
00013  ? llog_process_thread_daemonize+0x16d/0x1b0 [obdclass]
00013  ? kthread+0x2cd/0x3a0
00013  ? llog_process_or_fork+0xc90/0xc90 [obdclass]
00013  ? kthread_unuse_mm+0x130/0x130
00013  ? ret_from_fork+0x18c/0x520
00013  ? kthread_unuse_mm+0x130/0x130
00013  ? ret_from_fork_asm+0x11/0x20
00013  </TASK>
00013 ---[ end trace 0000000000000000 ]---
00013 ------------[ cut here ]------------
00013 WARNING: /home/ktest/git/linux/include/linux/fs.h:889 at osd_create+0x9cf/0xcf0 [osd_wbcfs], CPU#4: llog_process_th/1978
00013 Modules linked in: ofd(O) osp(O) mdd(O) lod(O) mdt(O) lquota(O) lfsck(O) mgs(O) osd_wbcfs(O) lustre(O) obdecho(O) mgc(O) mdc(O) lov(O) osc(O) lmv(O) ec(O) fid(O) fld(O) ptlrpc(O) efivarfs obdclass(O) ksocklnd(O) lnet(O) libcfs(O)
00013 CPU: 4 UID: 0 PID: 1978 Comm: llog_process_th Tainted: G        W  O        7.0.0-ktest-2f98931-6330a45-20260821-dirty #1 PREEMPT 
00013 Tainted: [W]=WARN, [O]=OOT_MODULE
00013 Hardware name: QEMU Standard PC (Q35 + ICH9, 2009), BIOS 2025.11-3ubuntu7 03/31/2026
00013 RIP: 0010:osd_create+0x9cf/0xcf0 [osd_wbcfs]
00013 Code: c7 c7 00 b6 7c a1 48 c7 c6 a0 22 75 a1 48 c7 c2 00 2c 75 a1 e8 82 dd 43 ff 48 c7 c7 00 b6 7c a1 e8 f6 6a 44 ff e9 fe fc ff ff <0f> 0b e9 a5 fa ff ff 48 c7 c1 80 44 5d a0 80 e1 07 80 c1 03 38 c1
00013 RSP: 0018:ffffc900085a76e0 EFLAGS: 00010246
00013 RAX: 0000000000000000 RBX: ffff88813953e000 RCX: 0000000000000046
00013 RDX: 0000000000000000 RSI: ffff8881b7c83b90 RDI: ffff888199c4aa58
00013 RBP: ffff8881b7c83b00 R08: ffffffff83a16803 R09: 1ffffffff0742d00
00013 R10: dffffc0000000000 R11: fffffbfff0742d01 R12: ffff8881b7a74030
00013 R13: dffffc0000000000 R14: 1ffff110272a7c00 R15: 1ffff11036f4e842
00013 FS:  0000000000000000(0000) GS:ffff88831e62a000(0000) knlGS:0000000000000000
00013 CS:  0010 DS: 0000 ES: 0000 CR0: 0000000080050033
00013 CR2: 000055f79c7a7cc8 CR3: 0000000139139000 CR4: 0000000000750eb0
00013 PKRU: 55555554
00013 Call Trace:
00013  <TASK>
00013  ? dt_find_or_create+0x81a/0x1170 [obdclass]
00013  ? ofd_fs_setup+0x42c/0xdd0 [ofd]
00013  ? ofd_device_alloc+0x1f64/0x3600 [ofd]
00013  ? obd_setup+0x25c/0x960 [obdclass]
00013  ? class_setup+0xc7d/0x10e0 [obdclass]
00013  ? class_process_config+0x2edb/0x7cb0 [obdclass]
00013  ? __kasan_kmalloc+0x72/0x80
00013  ? class_config_llog_handler+0x2954/0x4f80 [obdclass]
00013  ? class_config_llog_handler+0x2cea/0x4f80 [obdclass]
00013  ? lustre_cfg_rec_free+0x350/0x350 [obdclass]
00013  ? llog_process_thread+0x1fd2/0x4f70 [obdclass]
00013  ? _raw_spin_unlock+0x23/0x40
00013  ? llog_process_thread_daemonize+0x16d/0x1b0 [obdclass]
00013  ? kthread+0x2cd/0x3a0
00013  ? llog_process_or_fork+0xc90/0xc90 [obdclass]
00013  ? kthread_unuse_mm+0x130/0x130
00013  ? ret_from_fork+0x18c/0x520
00013  ? kthread_unuse_mm+0x130/0x130
00013  ? ret_from_fork_asm+0x11/0x20
00013  </TASK>
00013 ---[ end trace 0000000000000000 ]---
00013 ------------[ cut here ]------------
00013 WARNING: /home/ktest/git/linux/include/linux/fs.h:889 at osd_create+0x9cf/0xcf0 [osd_wbcfs], CPU#4: llog_process_th/1978
00013 Modules linked in: ofd(O) osp(O) mdd(O) lod(O) mdt(O) lquota(O) lfsck(O) mgs(O) osd_wbcfs(O) lustre(O) obdecho(O) mgc(O) mdc(O) lov(O) osc(O) lmv(O) ec(O) fid(O) fld(O) ptlrpc(O) efivarfs obdclass(O) ksocklnd(O) lnet(O) libcfs(O)
00013 CPU: 4 UID: 0 PID: 1978 Comm: llog_process_th Tainted: G        W  O        7.0.0-ktest-2f98931-6330a45-20260821-dirty #1 PREEMPT 
00013 Tainted: [W]=WARN, [O]=OOT_MODULE
00013 Hardware name: QEMU Standard PC (Q35 + ICH9, 2009), BIOS 2025.11-3ubuntu7 03/31/2026
00013 RIP: 0010:osd_create+0x9cf/0xcf0 [osd_wbcfs]
00013 Code: c7 c7 00 b6 7c a1 48 c7 c6 a0 22 75 a1 48 c7 c2 00 2c 75 a1 e8 82 dd 43 ff 48 c7 c7 00 b6 7c a1 e8 f6 6a 44 ff e9 fe fc ff ff <0f> 0b e9 a5 fa ff ff 48 c7 c1 80 44 5d a0 80 e1 07 80 c1 03 38 c1
00013 RSP: 0018:ffffc900085a76e0 EFLAGS: 00010246
00013 RAX: 0000000000000000 RBX: ffff88813953fc00 RCX: 0000000000000046
00013 RDX: 0000000000000000 RSI: ffff8881b7c83478 RDI: ffff888199c4aa58
00013 RBP: ffff8881b7c833e8 R08: ffffffff83a16803 R09: 1ffffffff0742d00
00013 R10: dffffc0000000000 R11: fffffbfff0742d01 R12: ffff8881b7a74030
00013 R13: dffffc0000000000 R14: 1ffff110272a7f80 R15: 1ffff11036f4e842
00013 FS:  0000000000000000(0000) GS:ffff88831e62a000(0000) knlGS:0000000000000000
00013 CS:  0010 DS: 0000 ES: 0000 CR0: 0000000080050033
00013 CR2: 000055f79c7a7cc8 CR3: 0000000139139000 CR4: 0000000000750eb0
00013 PKRU: 55555554
00013 Call Trace:
00013  <TASK>
00013  ? dt_find_or_create+0x81a/0x1170 [obdclass]
00013  ? ofd_fs_setup+0x57f/0xdd0 [ofd]
00013  ? ofd_device_alloc+0x1f64/0x3600 [ofd]
00013  ? obd_setup+0x25c/0x960 [obdclass]
00013  ? class_setup+0xc7d/0x10e0 [obdclass]
00013  ? class_process_config+0x2edb/0x7cb0 [obdclass]
00013  ? __kasan_kmalloc+0x72/0x80
00013  ? class_config_llog_handler+0x2954/0x4f80 [obdclass]
00013  ? class_config_llog_handler+0x2cea/0x4f80 [obdclass]
00013  ? lustre_cfg_rec_free+0x350/0x350 [obdclass]
00013  ? llog_process_thread+0x1fd2/0x4f70 [obdclass]
00013  ? _raw_spin_unlock+0x23/0x40
00013  ? llog_process_thread_daemonize+0x16d/0x1b0 [obdclass]
00013  ? kthread+0x2cd/0x3a0
00013  ? llog_process_or_fork+0xc90/0xc90 [obdclass]
00013  ? kthread_unuse_mm+0x130/0x130
00013  ? ret_from_fork+0x18c/0x520
00013  ? kthread_unuse_mm+0x130/0x130
00013  ? ret_from_fork_asm+0x11/0x20
00013  </TASK>
00013 ---[ end trace 0000000000000000 ]---
00013 ------------[ cut here ]------------
00013 WARNING: /home/ktest/git/linux/include/linux/fs.h:889 at osd_create+0x9cf/0xcf0 [osd_wbcfs], CPU#4: llog_process_th/1978
00013 Modules linked in: ofd(O) osp(O) mdd(O) lod(O) mdt(O) lquota(O) lfsck(O) mgs(O) osd_wbcfs(O) lustre(O) obdecho(O) mgc(O) mdc(O) lov(O) osc(O) lmv(O) ec(O) fid(O) fld(O) ptlrpc(O) efivarfs obdclass(O) ksocklnd(O) lnet(O) libcfs(O)
00013 CPU: 4 UID: 0 PID: 1978 Comm: llog_process_th Tainted: G        W  O        7.0.0-ktest-2f98931-6330a45-20260821-dirty #1 PREEMPT 
00013 Tainted: [W]=WARN, [O]=OOT_MODULE
00013 Hardware name: QEMU Standard PC (Q35 + ICH9, 2009), BIOS 2025.11-3ubuntu7 03/31/2026
00013 RIP: 0010:osd_create+0x9cf/0xcf0 [osd_wbcfs]
00013 Code: c7 c7 00 b6 7c a1 48 c7 c6 a0 22 75 a1 48 c7 c2 00 2c 75 a1 e8 82 dd 43 ff 48 c7 c7 00 b6 7c a1 e8 f6 6a 44 ff e9 fe fc ff ff <0f> 0b e9 a5 fa ff ff 48 c7 c1 80 44 5d a0 80 e1 07 80 c1 03 38 c1
00013 RSP: 0018:ffffc900085a74a8 EFLAGS: 00010246
00013 RAX: 0000000000000000 RBX: ffff888139552400 RCX: 0000000000000046
00013 RDX: ffffffff84c44d40 RSI: ffff8881b7c82d60 RDI: ffff888199c4aa58
00013 RBP: ffff8881b7c82cd0 R08: 0000000000000001 R09: 0000000000000000
00013 R10: dffffc0000000000 R11: ffffed1036f9058f R12: ffff8881b7a31418
00013 R13: dffffc0000000000 R14: 1ffff110272aa480 R15: 1ffff11036f46292
00013 FS:  0000000000000000(0000) GS:ffff88831e62a000(0000) knlGS:0000000000000000
00013 CS:  0010 DS: 0000 ES: 0000 CR0: 0000000080050033
00013 CR2: 000055f79c7a7cc8 CR3: 0000000139139000 CR4: 0000000000750eb0
00013 PKRU: 55555554
00013 Call Trace:
00013  <TASK>
00013  ? local_object_create+0x109/0x640 [obdclass]
00013  ? dt_write_lock+0x16d/0x2a0 [obdclass]
00013  ? __local_file_create+0xce4/0x1bc0 [obdclass]
00013  ? local_index_find_or_create+0x1dc/0x2c0 [obdclass]
00013  ? nodemap_cache_find_create+0x4f9/0xe80 [ptlrpc]
00013  ? nodemap_save_config_cache+0x123/0x19b0 [ptlrpc]
00013  ? nm_config_file_register_tgt+0x19b/0x860 [ptlrpc]
00013  ? nm_config_file_register_tgt+0x1a9/0x860 [ptlrpc]
00013  ? ofd_device_alloc+0x213d/0x3600 [ofd]
00013  ? obd_setup+0x25c/0x960 [obdclass]
00013  ? class_setup+0xc7d/0x10e0 [obdclass]
00013  ? class_process_config+0x2edb/0x7cb0 [obdclass]
00013  ? __kasan_kmalloc+0x72/0x80
00013  ? class_config_llog_handler+0x2954/0x4f80 [obdclass]
00013  ? class_config_llog_handler+0x2cea/0x4f80 [obdclass]
00013  ? lustre_cfg_rec_free+0x350/0x350 [obdclass]
00013  ? llog_process_thread+0x1fd2/0x4f70 [obdclass]
00013  ? _raw_spin_unlock+0x23/0x40
00013  ? llog_process_thread_daemonize+0x16d/0x1b0 [obdclass]
00013  ? kthread+0x2cd/0x3a0
00013  ? llog_process_or_fork+0xc90/0xc90 [obdclass]
00013  ? kthread_unuse_mm+0x130/0x130
00013  ? ret_from_fork+0x18c/0x520
00013  ? kthread_unuse_mm+0x130/0x130
00013  ? ret_from_fork_asm+0x11/0x20
00013  </TASK>
00013 ---[ end trace 0000000000000000 ]---
00038 Lustre: lustre-MDT0000: local client df0e9897-1afe-4219-86e1-4e95aee50afc w/o recovery
00038 Lustre: Skipped 1 previous similar message
00038 Lustre: client wants to enable acl, but mdt not!
00038 Lustre: Mounted lustre-client
00038 lustre-ktest (1887) used greatest stack depth: 24280 bytes left
00038 31s
00049 CLEANUP LUSTRE ... Lustre: Unmounted lustre-client
00049 Lustre: server umount lustre-OST0000 complete
00049 Lustre: server umount lustre-OST0001 complete
00049 LustreError: lustre-MDT0001-osp-MDT0000: operation mds_statfs to node 0@lo failed: rc = -107
00049 Lustre: lustre-MDT0001-osp-MDT0000: Connection to lustre-MDT0001 (at 0@lo) was lost; in progress operations using this service will wait for recovery to complete
00049 Lustre: lustre-MDT0001: Not available for connect from 0@lo (stopping)
00059 Lustre: server umount lustre-MDT0001 complete
00069 Lustre: server umount lustre-MDT0000 complete
00069 20s
00069 
00069 ========= PASSED llmount in 62s
00069 
00069 Passed: llmount
00069 Failed: 
00069 NOTICE: Automounting of tracing to debugfs is deprecated and will be removed in 2030
00069 Kernel version: 7.0.0-ktest-2f98931-6330a45-20260821-dirty
00069 TEST SUCCESS
