00003 
00012 RDSEED32 is broken. Disabling the corresponding CPUID bit.
00015 init: failed to load nvme_core
00015 init: failed to load nvme
00015 init: failed to load zfs
00016 LNetError: 1:0:(lib-socket.c:619:lnet_inet_enumerate()) lnet: Can't find any usable interfaces, rc = -ENOENT
00017 LNetError: Error -100 starting up LNI tcp
00017 LustreError: 1:0:(events.c:627:ptlrpc_init_portals()) network initialisation failed: rc = -100
00017 init: finit_module /lib/modules/7.0.0-ktest-382dcb6-6330a45-20260728-dirty/updates/ptlrpc.ko: Network is down
00017 init: failed to load lustre
00017 init: failed to load osd_zfs
00017 init: failed to load iwlwifi
00017 init: failed to load iwlmvm
00017 init: failed to load mt7921e
00017 init: failed to load i915
00017 init: failed to load nouveau
00030 Kernel version: 7.0.0-ktest-382dcb6-6330a45-20260728-dirty
00030 hook init_noop
00030 
00030 Running tests llmount
00030 
00030 ========= TEST   llmount
00036 SETUP LUSTRE ... LNet: Added LNI 10.0.2.15@tcp [8/256/0/180]
00037 Lustre: Echo OBD driver; http://www.lustre.org/
00037 Lustre: 1908:0:(mdt_handler.c:64:mdt_max_mod_rpcs_per_client_set()) max_mod_rpcs_per_client is deprecated, set mdt.*.max_mod_rpcs_in_flight parameter instead
00037 ------------[ cut here ]------------
00037 WARNING: /home/ktest/git/linux/include/linux/fs.h:889 at osd_create+0x9cf/0xcf0 [osd_wbcfs], CPU#14: ll_mgs_0002/1905
00037 Modules linked in: mdt(O) lquota(O) lfsck(O) mgs(O) osd_wbcfs(O) lustre(O) obdecho(O) mgc(O) mdc(O) lov(O) osc(O) lmv(O) ec(O) fid(O) fld(O) ptlrpc(O) efivarfs obdclass(O) ksocklnd(O) lnet(O) libcfs(O)
00037 CPU: 14 UID: 0 PID: 1905 Comm: ll_mgs_0002 Tainted: G           O        7.0.0-ktest-382dcb6-6330a45-20260728-dirty #1 PREEMPT 
00037 Tainted: [O]=OOT_MODULE
00037 Hardware name: QEMU Standard PC (Q35 + ICH9, 2009), BIOS 2025.11-3ubuntu7 03/31/2026
00037 RIP: 0010:osd_create+0x9cf/0xcf0 [osd_wbcfs]
00037 Code: c7 c7 00 c6 7b a1 48 c7 c6 a0 42 7d a1 48 c7 c2 00 4c 7d a1 e8 82 dd 43 ff 48 c7 c7 00 c6 7b a1 e8 f6 6a 44 ff e9 fe fc ff ff <0f> 0b e9 a5 fa ff ff 48 c7 c1 80 44 5d a0 80 e1 07 80 c1 03 38 c1
00037 RSP: 0018:ffffc90001cf7750 EFLAGS: 00010246
00037 RAX: 0000000000000000 RBX: ffff88814133d000 RCX: 0000000000000046
00037 RDX: 0000000000000000 RSI: ffff888199212648 RDI: ffff88814fc0cb68
00037 RBP: ffff8881992125b8 R08: ffffffff83a16803 R09: 1ffffffff0742d00
00037 R10: dffffc0000000000 R11: fffffbfff0742d01 R12: ffff888140900400
00037 R13: dffffc0000000000 R14: 1ffff11028267a00 R15: 1ffff1102812008f
00037 FS:  0000000000000000(0000) GS:ffff88831eb2d000(0000) knlGS:0000000000000000
00037 CS:  0010 DS: 0000 ES: 0000 CR0: 0000000080050033
00037 CR2: 00007f535c7e6194 CR3: 000000013f631000 CR4: 0000000000750eb0
00037 PKRU: 55555554
00037 Call Trace:
00037  <TASK>
00037  ? local_object_create+0x109/0x640 [obdclass]
00037  ? dt_write_lock+0x16d/0x2a0 [obdclass]
00037  ? llog_osd_create+0x356/0x1140 [obdclass]
00037  ? llog_create+0x2ed/0x530 [obdclass]
00037  ? llog_open_create+0x5af/0xb10 [obdclass]
00037  ? mgs_find_or_make_fsdb_nolock+0x16d4/0x2d80 [mgs]
00037  ? class_find_param+0x25/0x70 [obdclass]
00037  ? mgs_find_or_make_fsdb+0xda/0x1f0 [mgs]
00037  ? mgs_target_reg+0x2333/0x4480 [mgs]
00037  ? tgt_request_handle+0x23ad/0x3d30 [ptlrpc]
00037  ? ptlrpc_main+0x6359/0x96f0 [ptlrpc]
00037  ? __kthread_parkme+0x73/0x130
00037  ? kthread+0x2cd/0x3a0
00037  ? ptlrpc_start_thread+0x1f10/0x1f10 [ptlrpc]
00037  ? kthread_unuse_mm+0x130/0x130
00037  ? ret_from_fork+0x18c/0x520
00037  ? kthread_unuse_mm+0x130/0x130
00037  ? ret_from_fork_asm+0x11/0x20
00037  </TASK>
00037 ---[ end trace 0000000000000000 ]---
00037 ------------[ cut here ]------------
00037 WARNING: /home/ktest/git/linux/include/linux/fs.h:889 at osd_create+0x9cf/0xcf0 [osd_wbcfs], CPU#14: ll_mgs_0002/1905
00037 Modules linked in: mdt(O) lquota(O) lfsck(O) mgs(O) osd_wbcfs(O) lustre(O) obdecho(O) mgc(O) mdc(O) lov(O) osc(O) lmv(O) ec(O) fid(O) fld(O) ptlrpc(O) efivarfs obdclass(O) ksocklnd(O) lnet(O) libcfs(O)
00037 CPU: 14 UID: 0 PID: 1905 Comm: ll_mgs_0002 Tainted: G        W  O        7.0.0-ktest-382dcb6-6330a45-20260728-dirty #1 PREEMPT 
00037 Tainted: [W]=WARN, [O]=OOT_MODULE
00037 Hardware name: QEMU Standard PC (Q35 + ICH9, 2009), BIOS 2025.11-3ubuntu7 03/31/2026
00037 RIP: 0010:osd_create+0x9cf/0xcf0 [osd_wbcfs]
00037 Code: c7 c7 00 c6 7b a1 48 c7 c6 a0 42 7d a1 48 c7 c2 00 4c 7d a1 e8 82 dd 43 ff 48 c7 c7 00 c6 7b a1 e8 f6 6a 44 ff e9 fe fc ff ff <0f> 0b e9 a5 fa ff ff 48 c7 c1 80 44 5d a0 80 e1 07 80 c1 03 38 c1
00037 RSP: 0018:ffffc90001cf7698 EFLAGS: 00010246
00037 RAX: 0000000000000000 RBX: ffff88814133e000 RCX: 0000000000000046
00037 RDX: 0000000000000000 RSI: ffff888199211f30 RDI: ffff88814fc0cb68
00037 RBP: ffff888199211ea0 R08: ffffffff83a16803 R09: 1ffffffff0742d00
00037 R10: dffffc0000000000 R11: fffffbfff0742d01 R12: ffff888140900400
00037 R13: dffffc0000000000 R14: 1ffff11028267c00 R15: 1ffff1102812008f
00037 FS:  0000000000000000(0000) GS:ffff88831eb2d000(0000) knlGS:0000000000000000
00037 CS:  0010 DS: 0000 ES: 0000 CR0: 0000000080050033
00037 CR2: 00007f535c7e6194 CR3: 000000013f631000 CR4: 0000000000750eb0
00037 PKRU: 55555554
00037 Call Trace:
00037  <TASK>
00037  ? local_object_create+0x109/0x640 [obdclass]
00037  ? dt_write_lock+0x16d/0x2a0 [obdclass]
00037  ? llog_osd_create+0x356/0x1140 [obdclass]
00037  ? llog_create+0x2ed/0x530 [obdclass]
00037  ? llog_open_create+0x5af/0xb10 [obdclass]
00037  ? record_start_log+0x348/0xa40 [mgs]
00037  ? mgs_write_log_lov+0x3ac/0xde0 [mgs]
00037  ? mgs_write_log_target+0x17a4/0x6ab0 [mgs]
00037  ? mgs_target_reg+0x254e/0x4480 [mgs]
00037  ? tgt_request_handle+0x23ad/0x3d30 [ptlrpc]
00037  ? ptlrpc_main+0x6359/0x96f0 [ptlrpc]
00037  ? __kthread_parkme+0x73/0x130
00037  ? kthread+0x2cd/0x3a0
00037  ? ptlrpc_start_thread+0x1f10/0x1f10 [ptlrpc]
00037  ? kthread_unuse_mm+0x130/0x130
00037  ? ret_from_fork+0x18c/0x520
00037  ? kthread_unuse_mm+0x130/0x130
00037  ? ret_from_fork_asm+0x11/0x20
00037  </TASK>
00037 ---[ end trace 0000000000000000 ]---
00037 ------------[ cut here ]------------
00037 WARNING: /home/ktest/git/linux/include/linux/fs.h:889 at osd_create+0x9cf/0xcf0 [osd_wbcfs], CPU#5: llog_process_th/1928
00037 Modules linked in: mdd(O) lod(O) mdt(O) lquota(O) lfsck(O) mgs(O) osd_wbcfs(O) lustre(O) obdecho(O) mgc(O) mdc(O) lov(O) osc(O) lmv(O) ec(O) fid(O) fld(O) ptlrpc(O) efivarfs obdclass(O) ksocklnd(O) lnet(O) libcfs(O)
00037 CPU: 5 UID: 0 PID: 1928 Comm: llog_process_th Tainted: G        W  O        7.0.0-ktest-382dcb6-6330a45-20260728-dirty #1 PREEMPT 
00037 Tainted: [W]=WARN, [O]=OOT_MODULE
00037 Hardware name: QEMU Standard PC (Q35 + ICH9, 2009), BIOS 2025.11-3ubuntu7 03/31/2026
00037 RIP: 0010:osd_create+0x9cf/0xcf0 [osd_wbcfs]
00037 Code: c7 c7 00 c6 7b a1 48 c7 c6 a0 42 7d a1 48 c7 c2 00 4c 7d a1 e8 82 dd 43 ff 48 c7 c7 00 c6 7b a1 e8 f6 6a 44 ff e9 fe fc ff ff <0f> 0b e9 a5 fa ff ff 48 c7 c1 80 44 5d a0 80 e1 07 80 c1 03 38 c1
00037 RSP: 0018:ffffc90001e77450 EFLAGS: 00010246
00037 RAX: 0000000000000000 RBX: ffff888152089000 RCX: 0000000000000046
00037 RDX: ffffffff84c41d40 RSI: ffff888199217b68 RDI: ffff88818c79aa58
00037 RBP: ffff888199217ad8 R08: 0000000000000001 R09: 0000000000000000
00037 R10: dffffc0000000000 R11: ffffed1033242f50 R12: ffff88813b038100
00037 R13: dffffc0000000000 R14: 1ffff1102a411200 R15: 1ffff920003ceebf
00037 FS:  0000000000000000(0000) GS:ffff88831e6ad000(0000) knlGS:0000000000000000
00037 CS:  0010 DS: 0000 ES: 0000 CR0: 0000000080050033
00037 CR2: 00007efcec1e6194 CR3: 0000000004274000 CR4: 0000000000750eb0
00037 PKRU: 55555554
00037 Call Trace:
00037  <TASK>
00037  ? dt_find_or_create+0x81a/0x1170 [obdclass]
00037  ? fld_index_init+0x404/0x1610 [fld]
00037  ? is_module_address+0x1b/0x70
00037  ? is_module_address+0x5e/0x70
00037  ? __asan_memset+0x22/0x40
00037  ? fld_server_init+0x1d7/0x580 [fld]
00037  ? mdt_device_alloc+0x36b4/0x66c0 [mdt]
00037  ? __alloc_tagging_slab_alloc_hook+0x136/0x190
00037  ? obd_setup+0x25c/0x960 [obdclass]
00037  ? class_setup+0xc7d/0x10e0 [obdclass]
00037  ? class_process_config+0x2edb/0x7cb0 [obdclass]
00037  ? __kasan_kmalloc+0x72/0x80
00037  ? class_config_llog_handler+0x2954/0x4f80 [obdclass]
00037  ? class_config_llog_handler+0x2cea/0x4f80 [obdclass]
00037  ? lustre_cfg_rec_free+0x350/0x350 [obdclass]
00037  ? llog_process_thread+0x1fd2/0x4f70 [obdclass]
00037  ? _raw_spin_unlock+0x23/0x40
00037  ? llog_process_thread_daemonize+0x16d/0x1b0 [obdclass]
00037  ? kthread+0x2cd/0x3a0
00037  ? llog_process_or_fork+0xc90/0xc90 [obdclass]
00037  ? kthread_unuse_mm+0x130/0x130
00037  ? ret_from_fork+0x18c/0x520
00037  ? kthread_unuse_mm+0x130/0x130
00037  ? ret_from_fork_asm+0x11/0x20
00037  </TASK>
00037 ---[ end trace 0000000000000000 ]---
00037 ------------[ cut here ]------------
00037 WARNING: /home/ktest/git/linux/include/linux/fs.h:889 at osd_create+0x9cf/0xcf0 [osd_wbcfs], CPU#5: llog_process_th/1928
00037 Modules linked in: mdd(O) lod(O) mdt(O) lquota(O) lfsck(O) mgs(O) osd_wbcfs(O) lustre(O) obdecho(O) mgc(O) mdc(O) lov(O) osc(O) lmv(O) ec(O) fid(O) fld(O) ptlrpc(O) efivarfs obdclass(O) ksocklnd(O) lnet(O) libcfs(O)
00037 CPU: 5 UID: 0 PID: 1928 Comm: llog_process_th Tainted: G        W  O        7.0.0-ktest-382dcb6-6330a45-20260728-dirty #1 PREEMPT 
00037 Tainted: [W]=WARN, [O]=OOT_MODULE
00037 Hardware name: QEMU Standard PC (Q35 + ICH9, 2009), BIOS 2025.11-3ubuntu7 03/31/2026
00037 RIP: 0010:osd_create+0x9cf/0xcf0 [osd_wbcfs]
00037 Code: c7 c7 00 c6 7b a1 48 c7 c6 a0 42 7d a1 48 c7 c2 00 4c 7d a1 e8 82 dd 43 ff 48 c7 c7 00 c6 7b a1 e8 f6 6a 44 ff e9 fe fc ff ff <0f> 0b e9 a5 fa ff ff 48 c7 c1 80 44 5d a0 80 e1 07 80 c1 03 38 c1
00037 RSP: 0018:ffffc90001e77430 EFLAGS: 00010246
00037 RAX: 0000000000000000 RBX: ffff88815208d400 RCX: 0000000000000046
00037 RDX: 0000000000000000 RSI: ffff888199217450 RDI: ffff88818c79aa58
00037 RBP: ffff8881992173c0 R08: ffffffff83a16803 R09: 1ffffffff0742d00
00037 R10: dffffc0000000000 R11: fffffbfff0742d01 R12: ffffc90001e77530
00037 R13: dffffc0000000000 R14: 1ffff1102a411a80 R15: 1ffff920003ceea4
00037 FS:  0000000000000000(0000) GS:ffff88831e6ad000(0000) knlGS:0000000000000000
00037 CS:  0010 DS: 0000 ES: 0000 CR0: 0000000080050033
00037 CR2: 00007efcec1e6194 CR3: 0000000004274000 CR4: 0000000000750eb0
00037 PKRU: 55555554
00037 Call Trace:
00037  <TASK>
00037  ? dt_find_or_create+0x81a/0x1170 [obdclass]
00037  ? seq_store_init+0x155/0x360 [fid]
00037  ? seq_server_init+0x290/0xba0 [fid]
00037  ? mdt_seq_init+0x513/0x1ef0 [mdt]
00037  ? fld_server_init+0x34e/0x580 [fld]
00037  ? mdt_device_alloc+0x39c5/0x66c0 [mdt]
00037  ? __alloc_tagging_slab_alloc_hook+0x136/0x190
00037  ? obd_setup+0x25c/0x960 [obdclass]
00037  ? class_setup+0xc7d/0x10e0 [obdclass]
00037  ? class_process_config+0x2edb/0x7cb0 [obdclass]
00037  ? __kasan_kmalloc+0x72/0x80
00037  ? class_config_llog_handler+0x2954/0x4f80 [obdclass]
00037  ? class_config_llog_handler+0x2cea/0x4f80 [obdclass]
00037  ? lustre_cfg_rec_free+0x350/0x350 [obdclass]
00037  ? llog_process_thread+0x1fd2/0x4f70 [obdclass]
00037  ? _raw_spin_unlock+0x23/0x40
00037  ? llog_process_thread_daemonize+0x16d/0x1b0 [obdclass]
00037  ? kthread+0x2cd/0x3a0
00037  ? llog_process_or_fork+0xc90/0xc90 [obdclass]
00037  ? kthread_unuse_mm+0x130/0x130
00037  ? ret_from_fork+0x18c/0x520
00037  ? kthread_unuse_mm+0x130/0x130
00037  ? ret_from_fork_asm+0x11/0x20
00037  </TASK>
00037 ---[ end trace 0000000000000000 ]---
00037 Lustre: ctl-lustre-MDT0000: No data found on store. Initialize space.
00037 ------------[ cut here ]------------
00037 WARNING: /home/ktest/git/linux/include/linux/fs.h:889 at osd_create+0x9cf/0xcf0 [osd_wbcfs], CPU#5: llog_process_th/1928
00037 Modules linked in: mdd(O) lod(O) mdt(O) lquota(O) lfsck(O) mgs(O) osd_wbcfs(O) lustre(O) obdecho(O) mgc(O) mdc(O) lov(O) osc(O) lmv(O) ec(O) fid(O) fld(O) ptlrpc(O) efivarfs obdclass(O) ksocklnd(O) lnet(O) libcfs(O)
00037 CPU: 5 UID: 0 PID: 1928 Comm: llog_process_th Tainted: G        W  O        7.0.0-ktest-382dcb6-6330a45-20260728-dirty #1 PREEMPT 
00037 Tainted: [W]=WARN, [O]=OOT_MODULE
00037 Hardware name: QEMU Standard PC (Q35 + ICH9, 2009), BIOS 2025.11-3ubuntu7 03/31/2026
00037 RIP: 0010:osd_create+0x9cf/0xcf0 [osd_wbcfs]
00037 Code: c7 c7 00 c6 7b a1 48 c7 c6 a0 42 7d a1 48 c7 c2 00 4c 7d a1 e8 82 dd 43 ff 48 c7 c7 00 c6 7b a1 e8 f6 6a 44 ff e9 fe fc ff ff <0f> 0b e9 a5 fa ff ff 48 c7 c1 80 44 5d a0 80 e1 07 80 c1 03 38 c1
00037 RSP: 0018:ffffc90001e77430 EFLAGS: 00010246
00037 RAX: 0000000000000000 RBX: ffff8881491bc400 RCX: 0000000000000046
00037 RDX: 0000000000000000 RSI: ffff888199216d38 RDI: ffff88818c79aa58
00037 RBP: ffff888199216ca8 R08: ffffffff83a16803 R09: 1ffffffff0742d00
00037 R10: dffffc0000000000 R11: fffffbfff0742d01 R12: ffffc90001e77530
00037 R13: dffffc0000000000 R14: 1ffff11029237880 R15: 1ffff920003ceea4
00037 FS:  0000000000000000(0000) GS:ffff88831e6ad000(0000) knlGS:0000000000000000
00037 CS:  0010 DS: 0000 ES: 0000 CR0: 0000000080050033
00037 CR2: 00007efcec1e6194 CR3: 0000000004274000 CR4: 0000000000750eb0
00037 PKRU: 55555554
00037 Call Trace:
00037  <TASK>
00037  ? dt_find_or_create+0x81a/0x1170 [obdclass]
00037  ? seq_store_init+0x155/0x360 [fid]
00037  ? seq_server_init+0x290/0xba0 [fid]
00037  ? mdt_seq_init+0x2c1/0x1ef0 [mdt]
00037  ? fld_server_init+0x34e/0x580 [fld]
00037  ? mdt_device_alloc+0x39c5/0x66c0 [mdt]
00037  ? __alloc_tagging_slab_alloc_hook+0x136/0x190
00037  ? obd_setup+0x25c/0x960 [obdclass]
00037  ? class_setup+0xc7d/0x10e0 [obdclass]
00037  ? class_process_config+0x2edb/0x7cb0 [obdclass]
00037  ? __kasan_kmalloc+0x72/0x80
00037  ? class_config_llog_handler+0x2954/0x4f80 [obdclass]
00037  ? class_config_llog_handler+0x2cea/0x4f80 [obdclass]
00037  ? lustre_cfg_rec_free+0x350/0x350 [obdclass]
00037  ? llog_process_thread+0x1fd2/0x4f70 [obdclass]
00037  ? _raw_spin_unlock+0x23/0x40
00037  ? llog_process_thread_daemonize+0x16d/0x1b0 [obdclass]
00037  ? kthread+0x2cd/0x3a0
00037  ? llog_process_or_fork+0xc90/0xc90 [obdclass]
00037  ? kthread_unuse_mm+0x130/0x130
00037  ? ret_from_fork+0x18c/0x520
00037  ? kthread_unuse_mm+0x130/0x130
00037  ? ret_from_fork_asm+0x11/0x20
00037  </TASK>
00037 ---[ end trace 0000000000000000 ]---
00038 ------------[ cut here ]------------
00038 WARNING: /home/ktest/git/linux/include/linux/fs.h:889 at osd_create+0x9cf/0xcf0 [osd_wbcfs], CPU#5: llog_process_th/1928
00038 Modules linked in: mdd(O) lod(O) mdt(O) lquota(O) lfsck(O) mgs(O) osd_wbcfs(O) lustre(O) obdecho(O) mgc(O) mdc(O) lov(O) osc(O) lmv(O) ec(O) fid(O) fld(O) ptlrpc(O) efivarfs obdclass(O) ksocklnd(O) lnet(O) libcfs(O)
00038 CPU: 5 UID: 0 PID: 1928 Comm: llog_process_th Tainted: G        W  O        7.0.0-ktest-382dcb6-6330a45-20260728-dirty #1 PREEMPT 
00038 Tainted: [W]=WARN, [O]=OOT_MODULE
00038 Hardware name: QEMU Standard PC (Q35 + ICH9, 2009), BIOS 2025.11-3ubuntu7 03/31/2026
00038 RIP: 0010:osd_create+0x9cf/0xcf0 [osd_wbcfs]
00038 Code: c7 c7 00 c6 7b a1 48 c7 c6 a0 42 7d a1 48 c7 c2 00 4c 7d a1 e8 82 dd 43 ff 48 c7 c7 00 c6 7b a1 e8 f6 6a 44 ff e9 fe fc ff ff <0f> 0b e9 a5 fa ff ff 48 c7 c1 80 44 5d a0 80 e1 07 80 c1 03 38 c1
00038 RSP: 0018:ffffc90001e77470 EFLAGS: 00010246
00038 RAX: 0000000000000000 RBX: ffff8881491bec00 RCX: 0000000000000046
00038 RDX: 0000000000000000 RSI: ffff888199216620 RDI: ffff88818c79aa58
00038 RBP: ffff888199216590 R08: ffffffff83a16803 R09: 1ffffffff0742d00
00038 R10: dffffc0000000000 R11: fffffbfff0742d01 R12: ffffc90001e775e0
00038 R13: dffffc0000000000 R14: 1ffff11029237d80 R15: 1ffff920003ceec9
00038 FS:  0000000000000000(0000) GS:ffff88831e6ad000(0000) knlGS:0000000000000000
00038 CS:  0010 DS: 0000 ES: 0000 CR0: 0000000080050033
00038 CR2: 00007efcec1e6194 CR3: 0000000004274000 CR4: 0000000000750eb0
00038 PKRU: 55555554
00038 Call Trace:
00038  <TASK>
00038  ? dt_find_or_create+0x81a/0x1170 [obdclass]
00038  ? tgt_init+0xb72/0x2a60 [ptlrpc]
00038  ? mdt_device_alloc+0x3ce7/0x66c0 [mdt]
00038  ? __alloc_tagging_slab_alloc_hook+0x136/0x190
00038  ? obd_setup+0x25c/0x960 [obdclass]
00038  ? class_setup+0xc7d/0x10e0 [obdclass]
00038  ? class_process_config+0x2edb/0x7cb0 [obdclass]
00038  ? __kasan_kmalloc+0x72/0x80
00038  ? class_config_llog_handler+0x2954/0x4f80 [obdclass]
00038  ? class_config_llog_handler+0x2cea/0x4f80 [obdclass]
00038  ? lustre_cfg_rec_free+0x350/0x350 [obdclass]
00038  ? llog_process_thread+0x1fd2/0x4f70 [obdclass]
00038  ? _raw_spin_unlock+0x23/0x40
00038  ? llog_process_thread_daemonize+0x16d/0x1b0 [obdclass]
00038  ? kthread+0x2cd/0x3a0
00038  ? llog_process_or_fork+0xc90/0xc90 [obdclass]
00038  ? kthread_unuse_mm+0x130/0x130
00038  ? ret_from_fork+0x18c/0x520
00038  ? kthread_unuse_mm+0x130/0x130
00038  ? ret_from_fork_asm+0x11/0x20
00038  </TASK>
00038 ---[ end trace 0000000000000000 ]---
00038 Lustre: lustre-MDT0000: new disk, initializing
00038 ------------[ cut here ]------------
00038 WARNING: /home/ktest/git/linux/include/linux/fs.h:889 at osd_create+0x9cf/0xcf0 [osd_wbcfs], CPU#5: llog_process_th/1928
00038 Modules linked in: mdd(O) lod(O) mdt(O) lquota(O) lfsck(O) mgs(O) osd_wbcfs(O) lustre(O) obdecho(O) mgc(O) mdc(O) lov(O) osc(O) lmv(O) ec(O) fid(O) fld(O) ptlrpc(O) efivarfs obdclass(O) ksocklnd(O) lnet(O) libcfs(O)
00038 CPU: 5 UID: 0 PID: 1928 Comm: llog_process_th Tainted: G        W  O        7.0.0-ktest-382dcb6-6330a45-20260728-dirty #1 PREEMPT 
00038 Tainted: [W]=WARN, [O]=OOT_MODULE
00038 Hardware name: QEMU Standard PC (Q35 + ICH9, 2009), BIOS 2025.11-3ubuntu7 03/31/2026
00038 RIP: 0010:osd_create+0x9cf/0xcf0 [osd_wbcfs]
00038 Code: c7 c7 00 c6 7b a1 48 c7 c6 a0 42 7d a1 48 c7 c2 00 4c 7d a1 e8 82 dd 43 ff 48 c7 c7 00 c6 7b a1 e8 f6 6a 44 ff e9 fe fc ff ff <0f> 0b e9 a5 fa ff ff 48 c7 c1 80 44 5d a0 80 e1 07 80 c1 03 38 c1
00038 RSP: 0018:ffffc90001e77470 EFLAGS: 00010246
00038 RAX: 0000000000000000 RBX: ffff888139aa3800 RCX: 0000000000000046
00038 RDX: 0000000000000000 RSI: ffff888199215f08 RDI: ffff88818c79aa58
00038 RBP: ffff888199215e78 R08: ffffffff83a16803 R09: 1ffffffff0742d00
00038 R10: dffffc0000000000 R11: fffffbfff0742d01 R12: ffffc90001e775e0
00038 R13: dffffc0000000000 R14: 1ffff11027354700 R15: 1ffff920003ceec9
00038 FS:  0000000000000000(0000) GS:ffff88831e6ad000(0000) knlGS:0000000000000000
00038 CS:  0010 DS: 0000 ES: 0000 CR0: 0000000080050033
00038 CR2: 00007efcec1e6194 CR3: 0000000004274000 CR4: 0000000000750eb0
00038 PKRU: 55555554
00038 Call Trace:
00038  <TASK>
00038  ? dt_find_or_create+0x81a/0x1170 [obdclass]
00038  ? tgt_init+0x1a98/0x2a60 [ptlrpc]
00038  ? mdt_device_alloc+0x3ce7/0x66c0 [mdt]
00038  ? __alloc_tagging_slab_alloc_hook+0x136/0x190
00038  ? obd_setup+0x25c/0x960 [obdclass]
00038  ? class_setup+0xc7d/0x10e0 [obdclass]
00038  ? class_process_config+0x2edb/0x7cb0 [obdclass]
00038  ? __kasan_kmalloc+0x72/0x80
00038  ? class_config_llog_handler+0x2954/0x4f80 [obdclass]
00038  ? class_config_llog_handler+0x2cea/0x4f80 [obdclass]
00038  ? lustre_cfg_rec_free+0x350/0x350 [obdclass]
00038  ? llog_process_thread+0x1fd2/0x4f70 [obdclass]
00038  ? _raw_spin_unlock+0x23/0x40
00038  ? llog_process_thread_daemonize+0x16d/0x1b0 [obdclass]
00038  ? kthread+0x2cd/0x3a0
00038  ? llog_process_or_fork+0xc90/0xc90 [obdclass]
00038  ? kthread_unuse_mm+0x130/0x130
00038  ? ret_from_fork+0x18c/0x520
00038  ? kthread_unuse_mm+0x130/0x130
00038  ? ret_from_fork_asm+0x11/0x20
00038  </TASK>
00038 ---[ end trace 0000000000000000 ]---
00038 ------------[ cut here ]------------
00038 WARNING: /home/ktest/git/linux/include/linux/fs.h:889 at osd_create+0x9cf/0xcf0 [osd_wbcfs], CPU#5: llog_process_th/1928
00038 Modules linked in: mdd(O) lod(O) mdt(O) lquota(O) lfsck(O) mgs(O) osd_wbcfs(O) lustre(O) obdecho(O) mgc(O) mdc(O) lov(O) osc(O) lmv(O) ec(O) fid(O) fld(O) ptlrpc(O) efivarfs obdclass(O) ksocklnd(O) lnet(O) libcfs(O)
00038 CPU: 5 UID: 0 PID: 1928 Comm: llog_process_th Tainted: G        W  O        7.0.0-ktest-382dcb6-6330a45-20260728-dirty #1 PREEMPT 
00038 Tainted: [W]=WARN, [O]=OOT_MODULE
00038 Hardware name: QEMU Standard PC (Q35 + ICH9, 2009), BIOS 2025.11-3ubuntu7 03/31/2026
00038 RIP: 0010:osd_create+0x9cf/0xcf0 [osd_wbcfs]
00038 Code: c7 c7 00 c6 7b a1 48 c7 c6 a0 42 7d a1 48 c7 c2 00 4c 7d a1 e8 82 dd 43 ff 48 c7 c7 00 c6 7b a1 e8 f6 6a 44 ff e9 fe fc ff ff <0f> 0b e9 a5 fa ff ff 48 c7 c1 80 44 5d a0 80 e1 07 80 c1 03 38 c1
00038 RSP: 0018:ffffc90001e77370 EFLAGS: 00010246
00038 RAX: 0000000000000000 RBX: ffff88814fc79400 RCX: 0000000000000046
00038 RDX: 0000000000000000 RSI: ffff8881992157f0 RDI: ffff88818c79aa58
00038 RBP: ffff888199215760 R08: ffffffff83a16803 R09: 1ffffffff0742d00
00038 R10: dffffc0000000000 R11: fffffbfff0742d01 R12: ffff88813afde418
00038 R13: dffffc0000000000 R14: 1ffff11029f8f280 R15: 1ffff110275fbc92
00038 FS:  0000000000000000(0000) GS:ffff88831e6ad000(0000) knlGS:0000000000000000
00038 CS:  0010 DS: 0000 ES: 0000 CR0: 0000000080050033
00038 CR2: 00007efcec1e6194 CR3: 0000000004274000 CR4: 0000000000750eb0
00038 PKRU: 55555554
00038 Call Trace:
00038  <TASK>
00038  ? local_object_create+0x109/0x640 [obdclass]
00038  ? dt_write_lock+0x16d/0x2a0 [obdclass]
00038  ? __local_file_create+0xce4/0x1bc0 [obdclass]
00038  ? local_file_find_or_create+0x13c/0x1d0 [obdclass]
00038  ? lquota_disk_dir_find_create+0x31f/0xd10 [lquota]
00038  ? qmt_device_prepare+0x157/0x600 [lquota]
00038  ? mdt_quota_init+0x1a65/0x3220 [mdt]
00038  ? mdt_tunables_init+0x3e6/0x530 [mdt]
00038  ? mdt_device_alloc+0x46a6/0x66c0 [mdt]
00038  ? obd_setup+0x25c/0x960 [obdclass]
00038  ? class_setup+0xc7d/0x10e0 [obdclass]
00038  ? class_process_config+0x2edb/0x7cb0 [obdclass]
00038  ? __kasan_kmalloc+0x72/0x80
00038  ? class_config_llog_handler+0x2954/0x4f80 [obdclass]
00038  ? class_config_llog_handler+0x2cea/0x4f80 [obdclass]
00038  ? lustre_cfg_rec_free+0x350/0x350 [obdclass]
00038  ? llog_process_thread+0x1fd2/0x4f70 [obdclass]
00038  ? _raw_spin_unlock+0x23/0x40
00038  ? llog_process_thread_daemonize+0x16d/0x1b0 [obdclass]
00038  ? kthread+0x2cd/0x3a0
00038  ? llog_process_or_fork+0xc90/0xc90 [obdclass]
00038  ? kthread_unuse_mm+0x130/0x130
00038  ? ret_from_fork+0x18c/0x520
00038  ? kthread_unuse_mm+0x130/0x130
00038  ? ret_from_fork_asm+0x11/0x20
00038  </TASK>
00038 ---[ end trace 0000000000000000 ]---
00038 ------------[ cut here ]------------
00038 WARNING: /home/ktest/git/linux/include/linux/fs.h:889 at osd_create+0x9cf/0xcf0 [osd_wbcfs], CPU#5: llog_process_th/1928
00038 Modules linked in: mdd(O) lod(O) mdt(O) lquota(O) lfsck(O) mgs(O) osd_wbcfs(O) lustre(O) obdecho(O) mgc(O) mdc(O) lov(O) osc(O) lmv(O) ec(O) fid(O) fld(O) ptlrpc(O) efivarfs obdclass(O) ksocklnd(O) lnet(O) libcfs(O)
00038 CPU: 5 UID: 0 PID: 1928 Comm: llog_process_th Tainted: G        W  O        7.0.0-ktest-382dcb6-6330a45-20260728-dirty #1 PREEMPT 
00038 Tainted: [W]=WARN, [O]=OOT_MODULE
00038 Hardware name: QEMU Standard PC (Q35 + ICH9, 2009), BIOS 2025.11-3ubuntu7 03/31/2026
00038 RIP: 0010:osd_create+0x9cf/0xcf0 [osd_wbcfs]
00038 Code: c7 c7 00 c6 7b a1 48 c7 c6 a0 42 7d a1 48 c7 c2 00 4c 7d a1 e8 82 dd 43 ff 48 c7 c7 00 c6 7b a1 e8 f6 6a 44 ff e9 fe fc ff ff <0f> 0b e9 a5 fa ff ff 48 c7 c1 80 44 5d a0 80 e1 07 80 c1 03 38 c1
00038 RSP: 0018:ffffc90001e77270 EFLAGS: 00010246
00038 RAX: 0000000000000000 RBX: ffff88814fc79c00 RCX: 0000000000000046
00038 RDX: 0000000000000000 RSI: ffff8881992150d8 RDI: ffff88818c79aa58
00038 RBP: ffff888199215048 R08: ffffffff83a16803 R09: 1ffffffff0742d00
00038 R10: dffffc0000000000 R11: fffffbfff0742d01 R12: ffff88813afde418
00038 R13: dffffc0000000000 R14: 1ffff11029f8f380 R15: 1ffff110275fbc92
00038 FS:  0000000000000000(0000) GS:ffff88831e6ad000(0000) knlGS:0000000000000000
00038 CS:  0010 DS: 0000 ES: 0000 CR0: 0000000080050033
00038 CR2: 00007efcec1e6194 CR3: 0000000004274000 CR4: 0000000000750eb0
00038 PKRU: 55555554
00038 Call Trace:
00038  <TASK>
00038  ? local_object_create+0x109/0x640 [obdclass]
00038  ? dt_write_lock+0x16d/0x2a0 [obdclass]
00038  ? __local_file_create+0xce4/0x1bc0 [obdclass]
00038  ? local_file_find_or_create+0x13c/0x1d0 [obdclass]
00038  ? lquota_disk_dir_find_create+0x31f/0xd10 [lquota]
00038  ? qmt_pool_prepare+0x3ee/0x16f0 [lquota]
00038  ? qmt_device_prepare+0x25f/0x600 [lquota]
00038  ? mdt_quota_init+0x1a65/0x3220 [mdt]
00038  ? mdt_tunables_init+0x3e6/0x530 [mdt]
00038  ? mdt_device_alloc+0x46a6/0x66c0 [mdt]
00038  ? obd_setup+0x25c/0x960 [obdclass]
00038  ? class_setup+0xc7d/0x10e0 [obdclass]
00038  ? class_process_config+0x2edb/0x7cb0 [obdclass]
00038  ? __kasan_kmalloc+0x72/0x80
00038  ? class_config_llog_handler+0x2954/0x4f80 [obdclass]
00038  ? class_config_llog_handler+0x2cea/0x4f80 [obdclass]
00038  ? lustre_cfg_rec_free+0x350/0x350 [obdclass]
00038  ? llog_process_thread+0x1fd2/0x4f70 [obdclass]
00038  ? _raw_spin_unlock+0x23/0x40
00038  ? llog_process_thread_daemonize+0x16d/0x1b0 [obdclass]
00038  ? kthread+0x2cd/0x3a0
00038  ? llog_process_or_fork+0xc90/0xc90 [obdclass]
00038  ? kthread_unuse_mm+0x130/0x130
00038  ? ret_from_fork+0x18c/0x520
00038  ? kthread_unuse_mm+0x130/0x130
00038  ? ret_from_fork_asm+0x11/0x20
00038  </TASK>
00038 ---[ end trace 0000000000000000 ]---
00038 ------------[ cut here ]------------
00038 WARNING: /home/ktest/git/linux/include/linux/fs.h:889 at osd_create+0x9cf/0xcf0 [osd_wbcfs], CPU#5: llog_process_th/1928
00038 Modules linked in: mdd(O) lod(O) mdt(O) lquota(O) lfsck(O) mgs(O) osd_wbcfs(O) lustre(O) obdecho(O) mgc(O) mdc(O) lov(O) osc(O) lmv(O) ec(O) fid(O) fld(O) ptlrpc(O) efivarfs obdclass(O) ksocklnd(O) lnet(O) libcfs(O)
00038 CPU: 5 UID: 0 PID: 1928 Comm: llog_process_th Tainted: G        W  O        7.0.0-ktest-382dcb6-6330a45-20260728-dirty #1 PREEMPT 
00038 Tainted: [W]=WARN, [O]=OOT_MODULE
00038 Hardware name: QEMU Standard PC (Q35 + ICH9, 2009), BIOS 2025.11-3ubuntu7 03/31/2026
00038 RIP: 0010:osd_create+0x9cf/0xcf0 [osd_wbcfs]
00038 Code: c7 c7 00 c6 7b a1 48 c7 c6 a0 42 7d a1 48 c7 c2 00 4c 7d a1 e8 82 dd 43 ff 48 c7 c7 00 c6 7b a1 e8 f6 6a 44 ff e9 fe fc ff ff <0f> 0b e9 a5 fa ff ff 48 c7 c1 80 44 5d a0 80 e1 07 80 c1 03 38 c1
00038 RSP: 0018:ffffc90001e77258 EFLAGS: 00010246
00038 RAX: 0000000000000000 RBX: ffff88814fc7e400 RCX: 0000000000000046
00038 RDX: ffffffff84c41d40 RSI: ffff8881992149c0 RDI: ffff88818c79aa58
00038 RBP: ffff888199214930 R08: 0000000000000001 R09: 0000000000000000
00038 R10: dffffc0000000000 R11: ffffed103324291b R12: ffff88813afde418
00038 R13: dffffc0000000000 R14: 1ffff11029f8fc80 R15: 1ffff110275fbc92
00038 FS:  0000000000000000(0000) GS:ffff88831e6ad000(0000) knlGS:0000000000000000
00038 CS:  0010 DS: 0000 ES: 0000 CR0: 0000000080050033
00038 CR2: 00007efcec1e6194 CR3: 0000000004274000 CR4: 0000000000750eb0
00038 PKRU: 55555554
00038 Call Trace:
00038  <TASK>
00038  ? local_object_create+0x109/0x640 [obdclass]
00038  ? dt_write_lock+0x16d/0x2a0 [obdclass]
00038  ? __local_file_create+0xce4/0x1bc0 [obdclass]
00038  ? local_index_find_or_create_with_fid+0x20d/0x3c0 [obdclass]
00038  ? lquota_disk_glb_find_create+0x3e7/0xe50 [lquota]
00038  ? qmt_pool_prepare+0x5af/0x16f0 [lquota]
00038  ? qmt_device_prepare+0x25f/0x600 [lquota]
00038  ? mdt_quota_init+0x1a65/0x3220 [mdt]
00038  ? mdt_tunables_init+0x3e6/0x530 [mdt]
00038  ? mdt_device_alloc+0x46a6/0x66c0 [mdt]
00038  ? obd_setup+0x25c/0x960 [obdclass]
00038  ? class_setup+0xc7d/0x10e0 [obdclass]
00038  ? class_process_config+0x2edb/0x7cb0 [obdclass]
00038  ? __kasan_kmalloc+0x72/0x80
00038  ? class_config_llog_handler+0x2954/0x4f80 [obdclass]
00038  ? class_config_llog_handler+0x2cea/0x4f80 [obdclass]
00038  ? lustre_cfg_rec_free+0x350/0x350 [obdclass]
00038  ? llog_process_thread+0x1fd2/0x4f70 [obdclass]
00038  ? _raw_spin_unlock+0x23/0x40
00038  ? llog_process_thread_daemonize+0x16d/0x1b0 [obdclass]
00038  ? kthread+0x2cd/0x3a0
00038  ? llog_process_or_fork+0xc90/0xc90 [obdclass]
00038  ? kthread_unuse_mm+0x130/0x130
00038  ? ret_from_fork+0x18c/0x520
00038  ? kthread_unuse_mm+0x130/0x130
00038  ? ret_from_fork_asm+0x11/0x20
00038  </TASK>
00038 ---[ end trace 0000000000000000 ]---
00038 ------------[ cut here ]------------
00038 WARNING: /home/ktest/git/linux/include/linux/fs.h:889 at osd_create+0x9cf/0xcf0 [osd_wbcfs], CPU#5: llog_process_th/1928
00038 Modules linked in: mdd(O) lod(O) mdt(O) lquota(O) lfsck(O) mgs(O) osd_wbcfs(O) lustre(O) obdecho(O) mgc(O) mdc(O) lov(O) osc(O) lmv(O) ec(O) fid(O) fld(O) ptlrpc(O) efivarfs obdclass(O) ksocklnd(O) lnet(O) libcfs(O)
00038 CPU: 5 UID: 0 PID: 1928 Comm: llog_process_th Tainted: G        W  O        7.0.0-ktest-382dcb6-6330a45-20260728-dirty #1 PREEMPT 
00038 Tainted: [W]=WARN, [O]=OOT_MODULE
00038 Hardware name: QEMU Standard PC (Q35 + ICH9, 2009), BIOS 2025.11-3ubuntu7 03/31/2026
00038 RIP: 0010:osd_create+0x9cf/0xcf0 [osd_wbcfs]
00038 Code: c7 c7 00 c6 7b a1 48 c7 c6 a0 42 7d a1 48 c7 c2 00 4c 7d a1 e8 82 dd 43 ff 48 c7 c7 00 c6 7b a1 e8 f6 6a 44 ff e9 fe fc ff ff <0f> 0b e9 a5 fa ff ff 48 c7 c1 80 44 5d a0 80 e1 07 80 c1 03 38 c1
00038 RSP: 0018:ffffc90001e77258 EFLAGS: 00010246
00038 RAX: 0000000000000000 RBX: ffff888121f30000 RCX: 0000000000000046
00038 RDX: ffffffff84c41d40 RSI: ffff8881992142a8 RDI: ffff88818c79aa58
00038 RBP: ffff888199214218 R08: 0000000000000001 R09: 0000000000000000
00038 R10: dffffc0000000000 R11: ffffed1033242838 R12: ffff88813afde418
00038 R13: dffffc0000000000 R14: 1ffff110243e6000 R15: 1ffff110275fbc92
00038 FS:  0000000000000000(0000) GS:ffff88831e6ad000(0000) knlGS:0000000000000000
00038 CS:  0010 DS: 0000 ES: 0000 CR0: 0000000080050033
00038 CR2: 00007efcec1e6194 CR3: 0000000004274000 CR4: 0000000000750eb0
00038 PKRU: 55555554
00038 Call Trace:
00038  <TASK>
00038  ? local_object_create+0x109/0x640 [obdclass]
00038  ? dt_write_lock+0x16d/0x2a0 [obdclass]
00038  ? __local_file_create+0xce4/0x1bc0 [obdclass]
00038  ? local_index_find_or_create_with_fid+0x20d/0x3c0 [obdclass]
00038  ? lquota_disk_glb_find_create+0x3e7/0xe50 [lquota]
00038  ? lprocfs_seq_create+0x120/0x340 [obdclass]
00038  ? qmt_pool_prepare+0x5af/0x16f0 [lquota]
00038  ? qmt_device_prepare+0x25f/0x600 [lquota]
00038  ? mdt_quota_init+0x1a65/0x3220 [mdt]
00038  ? mdt_tunables_init+0x3e6/0x530 [mdt]
00038  ? mdt_device_alloc+0x46a6/0x66c0 [mdt]
00038  ? obd_setup+0x25c/0x960 [obdclass]
00038  ? class_setup+0xc7d/0x10e0 [obdclass]
00038  ? class_process_config+0x2edb/0x7cb0 [obdclass]
00038  ? __kasan_kmalloc+0x72/0x80
00038  ? class_config_llog_handler+0x2954/0x4f80 [obdclass]
00038  ? class_config_llog_handler+0x2cea/0x4f80 [obdclass]
00038  ? lustre_cfg_rec_free+0x350/0x350 [obdclass]
00038  ? llog_process_thread+0x1fd2/0x4f70 [obdclass]
00038  ? _raw_spin_unlock+0x23/0x40
00038  ? llog_process_thread_daemonize+0x16d/0x1b0 [obdclass]
00038  ? kthread+0x2cd/0x3a0
00038  ? llog_process_or_fork+0xc90/0xc90 [obdclass]
00038  ? kthread_unuse_mm+0x130/0x130
00038  ? ret_from_fork+0x18c/0x520
00038  ? kthread_unuse_mm+0x130/0x130
00038  ? ret_from_fork_asm+0x11/0x20
00038  </TASK>
00038 ---[ end trace 0000000000000000 ]---
00038 ------------[ cut here ]------------
00038 WARNING: /home/ktest/git/linux/include/linux/fs.h:889 at osd_create+0x9cf/0xcf0 [osd_wbcfs], CPU#5: llog_process_th/1928
00038 Modules linked in: mdd(O) lod(O) mdt(O) lquota(O) lfsck(O) mgs(O) osd_wbcfs(O) lustre(O) obdecho(O) mgc(O) mdc(O) lov(O) osc(O) lmv(O) ec(O) fid(O) fld(O) ptlrpc(O) efivarfs obdclass(O) ksocklnd(O) lnet(O) libcfs(O)
00038 CPU: 5 UID: 0 PID: 1928 Comm: llog_process_th Tainted: G        W  O        7.0.0-ktest-382dcb6-6330a45-20260728-dirty #1 PREEMPT 
00038 Tainted: [W]=WARN, [O]=OOT_MODULE
00038 Hardware name: QEMU Standard PC (Q35 + ICH9, 2009), BIOS 2025.11-3ubuntu7 03/31/2026
00038 RIP: 0010:osd_create+0x9cf/0xcf0 [osd_wbcfs]
00038 Code: c7 c7 00 c6 7b a1 48 c7 c6 a0 42 7d a1 48 c7 c2 00 4c 7d a1 e8 82 dd 43 ff 48 c7 c7 00 c6 7b a1 e8 f6 6a 44 ff e9 fe fc ff ff <0f> 0b e9 a5 fa ff ff 48 c7 c1 80 44 5d a0 80 e1 07 80 c1 03 38 c1
00038 RSP: 0018:ffffc90001e77258 EFLAGS: 00010246
00038 RAX: 0000000000000000 RBX: ffff88817a86ac00 RCX: 0000000000000046
00038 RDX: ffffffff84c41d40 RSI: ffff888199213b90 RDI: ffff88818c79aa58
00038 RBP: ffff888199213b00 R08: 0000000000000001 R09: 0000000000000000
00038 R10: dffffc0000000000 R11: ffffed1033242755 R12: ffff88813afde418
00038 R13: dffffc0000000000 R14: 1ffff1102f50d580 R15: 1ffff110275fbc92
00038 FS:  0000000000000000(0000) GS:ffff88831e6ad000(0000) knlGS:0000000000000000
00038 CS:  0010 DS: 0000 ES: 0000 CR0: 0000000080050033
00038 CR2: 00007efcec1e6194 CR3: 0000000004274000 CR4: 0000000000750eb0
00038 PKRU: 55555554
00038 Call Trace:
00038  <TASK>
00038  ? local_object_create+0x109/0x640 [obdclass]
00038  ? dt_write_lock+0x16d/0x2a0 [obdclass]
00038  ? __local_file_create+0xce4/0x1bc0 [obdclass]
00038  ? local_index_find_or_create_with_fid+0x20d/0x3c0 [obdclass]
00038  ? lquota_disk_glb_find_create+0x3e7/0xe50 [lquota]
00038  ? lprocfs_seq_create+0x120/0x340 [obdclass]
00038  ? qmt_pool_prepare+0x5af/0x16f0 [lquota]
00038  ? qmt_device_prepare+0x25f/0x600 [lquota]
00038  ? mdt_quota_init+0x1a65/0x3220 [mdt]
00038  ? mdt_tunables_init+0x3e6/0x530 [mdt]
00038  ? mdt_device_alloc+0x46a6/0x66c0 [mdt]
00038  ? obd_setup+0x25c/0x960 [obdclass]
00038  ? class_setup+0xc7d/0x10e0 [obdclass]
00038  ? class_process_config+0x2edb/0x7cb0 [obdclass]
00038  ? __kasan_kmalloc+0x72/0x80
00038  ? class_config_llog_handler+0x2954/0x4f80 [obdclass]
00038  ? class_config_llog_handler+0x2cea/0x4f80 [obdclass]
00038  ? lustre_cfg_rec_free+0x350/0x350 [obdclass]
00038  ? llog_process_thread+0x1fd2/0x4f70 [obdclass]
00038  ? _raw_spin_unlock+0x23/0x40
00038  ? llog_process_thread_daemonize+0x16d/0x1b0 [obdclass]
00038  ? kthread+0x2cd/0x3a0
00038  ? llog_process_or_fork+0xc90/0xc90 [obdclass]
00038  ? kthread_unuse_mm+0x130/0x130
00038  ? ret_from_fork+0x18c/0x520
00038  ? kthread_unuse_mm+0x130/0x130
00038  ? ret_from_fork_asm+0x11/0x20
00038  </TASK>
00038 ---[ end trace 0000000000000000 ]---
00038 ------------[ cut here ]------------
00038 WARNING: /home/ktest/git/linux/include/linux/fs.h:889 at osd_create+0x9cf/0xcf0 [osd_wbcfs], CPU#5: llog_process_th/1928
00038 Modules linked in: mdd(O) lod(O) mdt(O) lquota(O) lfsck(O) mgs(O) osd_wbcfs(O) lustre(O) obdecho(O) mgc(O) mdc(O) lov(O) osc(O) lmv(O) ec(O) fid(O) fld(O) ptlrpc(O) efivarfs obdclass(O) ksocklnd(O) lnet(O) libcfs(O)
00038 CPU: 5 UID: 0 PID: 1928 Comm: llog_process_th Tainted: G        W  O        7.0.0-ktest-382dcb6-6330a45-20260728-dirty #1 PREEMPT 
00038 Tainted: [W]=WARN, [O]=OOT_MODULE
00038 Hardware name: QEMU Standard PC (Q35 + ICH9, 2009), BIOS 2025.11-3ubuntu7 03/31/2026
00038 RIP: 0010:osd_create+0x9cf/0xcf0 [osd_wbcfs]
00038 Code: c7 c7 00 c6 7b a1 48 c7 c6 a0 42 7d a1 48 c7 c2 00 4c 7d a1 e8 82 dd 43 ff 48 c7 c7 00 c6 7b a1 e8 f6 6a 44 ff e9 fe fc ff ff <0f> 0b e9 a5 fa ff ff 48 c7 c1 80 44 5d a0 80 e1 07 80 c1 03 38 c1
00038 RSP: 0018:ffffc90001e77270 EFLAGS: 00010246
00038 RAX: 0000000000000000 RBX: ffff88817a869400 RCX: 0000000000000046
00038 RDX: 0000000000000000 RSI: ffff888199213478 RDI: ffff88818c79aa58
00038 RBP: ffff8881992133e8 R08: ffffffff83a16803 R09: 1ffffffff0742d00
00038 R10: dffffc0000000000 R11: fffffbfff0742d01 R12: ffff88813afde418
00038 R13: dffffc0000000000 R14: 1ffff1102f50d280 R15: 1ffff110275fbc92
00038 FS:  0000000000000000(0000) GS:ffff88831e6ad000(0000) knlGS:0000000000000000
00038 CS:  0010 DS: 0000 ES: 0000 CR0: 0000000080050033
00038 CR2: 00007efcec1e6194 CR3: 0000000004274000 CR4: 0000000000750eb0
00038 PKRU: 55555554
00038 Call Trace:
00038  <TASK>
00038  ? local_object_create+0x109/0x640 [obdclass]
00038  ? dt_write_lock+0x16d/0x2a0 [obdclass]
00038  ? __local_file_create+0xce4/0x1bc0 [obdclass]
00038  ? local_file_find_or_create+0x13c/0x1d0 [obdclass]
00038  ? lquota_disk_dir_find_create+0x31f/0xd10 [lquota]
00038  ? qmt_pool_prepare+0x3ee/0x16f0 [lquota]
00038  ? qmt_device_prepare+0x25f/0x600 [lquota]
00038  ? mdt_quota_init+0x1a65/0x3220 [mdt]
00038  ? mdt_tunables_init+0x3e6/0x530 [mdt]
00038  ? mdt_device_alloc+0x46a6/0x66c0 [mdt]
00038  ? obd_setup+0x25c/0x960 [obdclass]
00038  ? class_setup+0xc7d/0x10e0 [obdclass]
00038  ? class_process_config+0x2edb/0x7cb0 [obdclass]
00038  ? __kasan_kmalloc+0x72/0x80
00038  ? class_config_llog_handler+0x2954/0x4f80 [obdclass]
00038  ? class_config_llog_handler+0x2cea/0x4f80 [obdclass]
00038  ? lustre_cfg_rec_free+0x350/0x350 [obdclass]
00038  ? llog_process_thread+0x1fd2/0x4f70 [obdclass]
00038  ? _raw_spin_unlock+0x23/0x40
00038  ? llog_process_thread_daemonize+0x16d/0x1b0 [obdclass]
00038  ? kthread+0x2cd/0x3a0
00038  ? llog_process_or_fork+0xc90/0xc90 [obdclass]
00038  ? kthread_unuse_mm+0x130/0x130
00038  ? ret_from_fork+0x18c/0x520
00038  ? kthread_unuse_mm+0x130/0x130
00038  ? ret_from_fork_asm+0x11/0x20
00038  </TASK>
00038 ---[ end trace 0000000000000000 ]---
00038 ------------[ cut here ]------------
00038 WARNING: /home/ktest/git/linux/include/linux/fs.h:889 at osd_create+0x9cf/0xcf0 [osd_wbcfs], CPU#5: llog_process_th/1928
00038 Modules linked in: mdd(O) lod(O) mdt(O) lquota(O) lfsck(O) mgs(O) osd_wbcfs(O) lustre(O) obdecho(O) mgc(O) mdc(O) lov(O) osc(O) lmv(O) ec(O) fid(O) fld(O) ptlrpc(O) efivarfs obdclass(O) ksocklnd(O) lnet(O) libcfs(O)
00038 CPU: 5 UID: 0 PID: 1928 Comm: llog_process_th Tainted: G        W  O        7.0.0-ktest-382dcb6-6330a45-20260728-dirty #1 PREEMPT 
00038 Tainted: [W]=WARN, [O]=OOT_MODULE
00038 Hardware name: QEMU Standard PC (Q35 + ICH9, 2009), BIOS 2025.11-3ubuntu7 03/31/2026
00038 RIP: 0010:osd_create+0x9cf/0xcf0 [osd_wbcfs]
00038 Code: c7 c7 00 c6 7b a1 48 c7 c6 a0 42 7d a1 48 c7 c2 00 4c 7d a1 e8 82 dd 43 ff 48 c7 c7 00 c6 7b a1 e8 f6 6a 44 ff e9 fe fc ff ff <0f> 0b e9 a5 fa ff ff 48 c7 c1 80 44 5d a0 80 e1 07 80 c1 03 38 c1
00038 RSP: 0018:ffffc90001e77258 EFLAGS: 00010246
00038 RAX: 0000000000000000 RBX: ffff888155c12000 RCX: 0000000000000046
00038 RDX: ffffffff84c41d40 RSI: ffff888199212d60 RDI: ffff88818c79aa58
00038 RBP: ffff888199212cd0 R08: 0000000000000001 R09: 0000000000000000
00038 R10: dffffc0000000000 R11: ffffed103324258f R12: ffff88813afde418
00038 R13: dffffc0000000000 R14: 1ffff1102ab82400 R15: 1ffff110275fbc92
00038 FS:  0000000000000000(0000) GS:ffff88831e6ad000(0000) knlGS:0000000000000000
00038 CS:  0010 DS: 0000 ES: 0000 CR0: 0000000080050033
00038 CR2: 00007efcec1e6194 CR3: 0000000004274000 CR4: 0000000000750eb0
00038 PKRU: 55555554
00038 Call Trace:
00038  <TASK>
00038  ? local_object_create+0x109/0x640 [obdclass]
00038  ? dt_write_lock+0x16d/0x2a0 [obdclass]
00038  ? __local_file_create+0xce4/0x1bc0 [obdclass]
00038  ? local_index_find_or_create_with_fid+0x20d/0x3c0 [obdclass]
00038  ? lquota_disk_glb_find_create+0x3e7/0xe50 [lquota]
00038  ? qmt_pool_prepare+0x5af/0x16f0 [lquota]
00038  ? qmt_device_prepare+0x25f/0x600 [lquota]
00038  ? mdt_quota_init+0x1a65/0x3220 [mdt]
00038  ? mdt_tunables_init+0x3e6/0x530 [mdt]
00038  ? mdt_device_alloc+0x46a6/0x66c0 [mdt]
00038  ? obd_setup+0x25c/0x960 [obdclass]
00038  ? class_setup+0xc7d/0x10e0 [obdclass]
00038  ? class_process_config+0x2edb/0x7cb0 [obdclass]
00038  ? __kasan_kmalloc+0x72/0x80
00038  ? class_config_llog_handler+0x2954/0x4f80 [obdclass]
00038  ? class_config_llog_handler+0x2cea/0x4f80 [obdclass]
00038  ? lustre_cfg_rec_free+0x350/0x350 [obdclass]
00038  ? llog_process_thread+0x1fd2/0x4f70 [obdclass]
00038  ? _raw_spin_unlock+0x23/0x40
00038  ? llog_process_thread_daemonize+0x16d/0x1b0 [obdclass]
00038  ? kthread+0x2cd/0x3a0
00038  ? llog_process_or_fork+0xc90/0xc90 [obdclass]
00038  ? kthread_unuse_mm+0x130/0x130
00038  ? ret_from_fork+0x18c/0x520
00038  ? kthread_unuse_mm+0x130/0x130
00038  ? ret_from_fork_asm+0x11/0x20
00038  </TASK>
00038 ---[ end trace 0000000000000000 ]---
00038 ------------[ cut here ]------------
00038 WARNING: /home/ktest/git/linux/include/linux/fs.h:889 at osd_create+0x9cf/0xcf0 [osd_wbcfs], CPU#5: llog_process_th/1928
00038 Modules linked in: mdd(O) lod(O) mdt(O) lquota(O) lfsck(O) mgs(O) osd_wbcfs(O) lustre(O) obdecho(O) mgc(O) mdc(O) lov(O) osc(O) lmv(O) ec(O) fid(O) fld(O) ptlrpc(O) efivarfs obdclass(O) ksocklnd(O) lnet(O) libcfs(O)
00038 CPU: 5 UID: 0 PID: 1928 Comm: llog_process_th Tainted: G        W  O        7.0.0-ktest-382dcb6-6330a45-20260728-dirty #1 PREEMPT 
00038 Tainted: [W]=WARN, [O]=OOT_MODULE
00038 Hardware name: QEMU Standard PC (Q35 + ICH9, 2009), BIOS 2025.11-3ubuntu7 03/31/2026
00038 RIP: 0010:osd_create+0x9cf/0xcf0 [osd_wbcfs]
00038 Code: c7 c7 00 c6 7b a1 48 c7 c6 a0 42 7d a1 48 c7 c2 00 4c 7d a1 e8 82 dd 43 ff 48 c7 c7 00 c6 7b a1 e8 f6 6a 44 ff e9 fe fc ff ff <0f> 0b e9 a5 fa ff ff 48 c7 c1 80 44 5d a0 80 e1 07 80 c1 03 38 c1
00038 RSP: 0018:ffffc90001e77258 EFLAGS: 00010246
00038 RAX: 0000000000000000 RBX: ffff888155c11c00 RCX: 0000000000000046
00038 RDX: ffffffff84c41d40 RSI: ffff88818b9cd0d8 RDI: ffff88818c79aa58
00038 RBP: ffff88818b9cd048 R08: 0000000000000001 R09: 0000000000000000
00038 R10: dffffc0000000000 R11: ffffed10317399fe R12: ffff88813afde418
00038 R13: dffffc0000000000 R14: 1ffff1102ab82380 R15: 1ffff110275fbc92
00038 FS:  0000000000000000(0000) GS:ffff88831e6ad000(0000) knlGS:0000000000000000
00038 CS:  0010 DS: 0000 ES: 0000 CR0: 0000000080050033
00038 CR2: 00007efcec1e6194 CR3: 0000000004274000 CR4: 0000000000750eb0
00038 PKRU: 55555554
00038 Call Trace:
00038  <TASK>
00038  ? local_object_create+0x109/0x640 [obdclass]
00038  ? dt_write_lock+0x16d/0x2a0 [obdclass]
00038  ? __local_file_create+0xce4/0x1bc0 [obdclass]
00038  ? local_index_find_or_create_with_fid+0x20d/0x3c0 [obdclass]
00038  ? lquota_disk_glb_find_create+0x3e7/0xe50 [lquota]
00038  ? lprocfs_seq_create+0x120/0x340 [obdclass]
00038  ? qmt_pool_prepare+0x5af/0x16f0 [lquota]
00038  ? qmt_device_prepare+0x25f/0x600 [lquota]
00038  ? mdt_quota_init+0x1a65/0x3220 [mdt]
00038  ? mdt_tunables_init+0x3e6/0x530 [mdt]
00038  ? mdt_device_alloc+0x46a6/0x66c0 [mdt]
00038  ? obd_setup+0x25c/0x960 [obdclass]
00038  ? class_setup+0xc7d/0x10e0 [obdclass]
00038  ? class_process_config+0x2edb/0x7cb0 [obdclass]
00038  ? __kasan_kmalloc+0x72/0x80
00038  ? class_config_llog_handler+0x2954/0x4f80 [obdclass]
00038  ? class_config_llog_handler+0x2cea/0x4f80 [obdclass]
00038  ? lustre_cfg_rec_free+0x350/0x350 [obdclass]
00038  ? llog_process_thread+0x1fd2/0x4f70 [obdclass]
00038  ? _raw_spin_unlock+0x23/0x40
00038  ? llog_process_thread_daemonize+0x16d/0x1b0 [obdclass]
00038  ? kthread+0x2cd/0x3a0
00038  ? llog_process_or_fork+0xc90/0xc90 [obdclass]
00038  ? kthread_unuse_mm+0x130/0x130
00038  ? ret_from_fork+0x18c/0x520
00038  ? kthread_unuse_mm+0x130/0x130
00038  ? ret_from_fork_asm+0x11/0x20
00038  </TASK>
00038 ---[ end trace 0000000000000000 ]---
00038 ------------[ cut here ]------------
00038 WARNING: /home/ktest/git/linux/include/linux/fs.h:889 at osd_create+0x9cf/0xcf0 [osd_wbcfs], CPU#5: llog_process_th/1928
00038 Modules linked in: mdd(O) lod(O) mdt(O) lquota(O) lfsck(O) mgs(O) osd_wbcfs(O) lustre(O) obdecho(O) mgc(O) mdc(O) lov(O) osc(O) lmv(O) ec(O) fid(O) fld(O) ptlrpc(O) efivarfs obdclass(O) ksocklnd(O) lnet(O) libcfs(O)
00038 CPU: 5 UID: 0 PID: 1928 Comm: llog_process_th Tainted: G        W  O        7.0.0-ktest-382dcb6-6330a45-20260728-dirty #1 PREEMPT 
00038 Tainted: [W]=WARN, [O]=OOT_MODULE
00038 Hardware name: QEMU Standard PC (Q35 + ICH9, 2009), BIOS 2025.11-3ubuntu7 03/31/2026
00038 RIP: 0010:osd_create+0x9cf/0xcf0 [osd_wbcfs]
00038 Code: c7 c7 00 c6 7b a1 48 c7 c6 a0 42 7d a1 48 c7 c2 00 4c 7d a1 e8 82 dd 43 ff 48 c7 c7 00 c6 7b a1 e8 f6 6a 44 ff e9 fe fc ff ff <0f> 0b e9 a5 fa ff ff 48 c7 c1 80 44 5d a0 80 e1 07 80 c1 03 38 c1
00038 RSP: 0018:ffffc90001e77258 EFLAGS: 00010246
00038 RAX: 0000000000000000 RBX: ffff88814fda8400 RCX: 0000000000000046
00038 RDX: ffffffff84c41d40 RSI: ffff88818b9cc9c0 RDI: ffff88818c79aa58
00038 RBP: ffff88818b9cc930 R08: 0000000000000001 R09: 0000000000000000
00038 R10: dffffc0000000000 R11: ffffed103173991b R12: ffff88813afde418
00038 R13: dffffc0000000000 R14: 1ffff11029fb5080 R15: 1ffff110275fbc92
00038 FS:  0000000000000000(0000) GS:ffff88831e6ad000(0000) knlGS:0000000000000000
00038 CS:  0010 DS: 0000 ES: 0000 CR0: 0000000080050033
00038 CR2: 00007efcec1e6194 CR3: 0000000004274000 CR4: 0000000000750eb0
00038 PKRU: 55555554
00038 Call Trace:
00038  <TASK>
00038  ? local_object_create+0x109/0x640 [obdclass]
00038  ? dt_write_lock+0x16d/0x2a0 [obdclass]
00038  ? __local_file_create+0xce4/0x1bc0 [obdclass]
00038  ? local_index_find_or_create_with_fid+0x20d/0x3c0 [obdclass]
00038  ? lquota_disk_glb_find_create+0x3e7/0xe50 [lquota]
00038  ? lprocfs_seq_create+0x120/0x340 [obdclass]
00038  ? qmt_pool_prepare+0x5af/0x16f0 [lquota]
00038  ? qmt_device_prepare+0x25f/0x600 [lquota]
00038  ? mdt_quota_init+0x1a65/0x3220 [mdt]
00038  ? mdt_tunables_init+0x3e6/0x530 [mdt]
00038  ? mdt_device_alloc+0x46a6/0x66c0 [mdt]
00038  ? obd_setup+0x25c/0x960 [obdclass]
00038  ? class_setup+0xc7d/0x10e0 [obdclass]
00038  ? class_process_config+0x2edb/0x7cb0 [obdclass]
00038  ? __kasan_kmalloc+0x72/0x80
00038  ? class_config_llog_handler+0x2954/0x4f80 [obdclass]
00038  ? class_config_llog_handler+0x2cea/0x4f80 [obdclass]
00038  ? lustre_cfg_rec_free+0x350/0x350 [obdclass]
00038  ? llog_process_thread+0x1fd2/0x4f70 [obdclass]
00038  ? _raw_spin_unlock+0x23/0x40
00038  ? llog_process_thread_daemonize+0x16d/0x1b0 [obdclass]
00038  ? kthread+0x2cd/0x3a0
00038  ? llog_process_or_fork+0xc90/0xc90 [obdclass]
00038  ? kthread_unuse_mm+0x130/0x130
00038  ? ret_from_fork+0x18c/0x520
00038  ? kthread_unuse_mm+0x130/0x130
00038  ? ret_from_fork_asm+0x11/0x20
00038  </TASK>
00038 ---[ end trace 0000000000000000 ]---
00038 ------------[ cut here ]------------
00038 WARNING: /home/ktest/git/linux/include/linux/fs.h:889 at osd_create+0x9cf/0xcf0 [osd_wbcfs], CPU#3: ll_mgs_0000/1903
00038 Modules linked in: osp(O) mdd(O) lod(O) mdt(O) lquota(O) lfsck(O) mgs(O) osd_wbcfs(O) lustre(O) obdecho(O) mgc(O) mdc(O) lov(O) osc(O) lmv(O) ec(O) fid(O) fld(O) ptlrpc(O) efivarfs obdclass(O) ksocklnd(O) lnet(O) libcfs(O)
00038 CPU: 3 UID: 0 PID: 1903 Comm: ll_mgs_0000 Tainted: G        W  O        7.0.0-ktest-382dcb6-6330a45-20260728-dirty #1 PREEMPT 
00038 Tainted: [W]=WARN, [O]=OOT_MODULE
00038 Hardware name: QEMU Standard PC (Q35 + ICH9, 2009), BIOS 2025.11-3ubuntu7 03/31/2026
00038 RIP: 0010:osd_create+0x9cf/0xcf0 [osd_wbcfs]
00038 Code: c7 c7 00 c6 7b a1 48 c7 c6 a0 42 7d a1 48 c7 c2 00 4c 7d a1 e8 82 dd 43 ff 48 c7 c7 00 c6 7b a1 e8 f6 6a 44 ff e9 fe fc ff ff <0f> 0b e9 a5 fa ff ff 48 c7 c1 80 44 5d a0 80 e1 07 80 c1 03 38 c1
00038 RSP: 0018:ffffc90001cd7700 EFLAGS: 00010246
00038 RAX: 0000000000000000 RBX: ffff8881853b6800 RCX: 0000000000000046
00038 RDX: 0000000000000000 RSI: ffff88813ebc2648 RDI: ffff8881816bcb68
00038 RBP: ffff88813ebc25b8 R08: ffffffff83a16803 R09: 1ffffffff0742d00
00038 R10: dffffc0000000000 R11: fffffbfff0742d01 R12: ffff888121f6e418
00038 R13: dffffc0000000000 R14: 1ffff11030a76d00 R15: 1ffff110243edc92
00038 FS:  0000000000000000(0000) GS:ffff88831e5ad000(0000) knlGS:0000000000000000
00038 CS:  0010 DS: 0000 ES: 0000 CR0: 0000000080050033
00038 CR2: 0000565093c47fc0 CR3: 0000000004274000 CR4: 0000000000750eb0
00038 PKRU: 55555554
00038 Call Trace:
00038  <TASK>
00038  ? local_object_create+0x109/0x640 [obdclass]
00038  ? dt_write_lock+0x16d/0x2a0 [obdclass]
00038  ? __local_file_create+0xce4/0x1bc0 [obdclass]
00038  ? local_file_find_or_create+0x13c/0x1d0 [obdclass]
00038  ? mgs_ir_update+0x1ce1/0x3850 [mgs]
00038  ? mgs_target_reg+0xd98/0x4480 [mgs]
00038  ? tgt_request_handle+0x23ad/0x3d30 [ptlrpc]
00038  ? ptlrpc_main+0x6359/0x96f0 [ptlrpc]
00038  ? __kthread_parkme+0x73/0x130
00038  ? kthread+0x2cd/0x3a0
00038  ? ptlrpc_start_thread+0x1f10/0x1f10 [ptlrpc]
00038  ? kthread_unuse_mm+0x130/0x130
00038  ? ret_from_fork+0x18c/0x520
00038  ? kthread_unuse_mm+0x130/0x130
00038  ? ret_from_fork_asm+0x11/0x20
00038  </TASK>
00038 ---[ end trace 0000000000000000 ]---
00038 Lustre: lustre-MDT0000: Imperative Recovery not enabled, recovery window 300-900
00038 Lustre: ctl-lustre-MDT0000: super-sequence allocation rc = 0 [0x0000000200000400-0x0000000240000400]:0:mdt
00038 ------------[ cut here ]------------
00038 WARNING: /home/ktest/git/linux/include/linux/fs.h:889 at osd_create+0x9cf/0xcf0 [osd_wbcfs], CPU#14: lod0000_rec0000/1941
00038 Modules linked in: osp(O) mdd(O) lod(O) mdt(O) lquota(O) lfsck(O) mgs(O) osd_wbcfs(O) lustre(O) obdecho(O) mgc(O) mdc(O) lov(O) osc(O) lmv(O) ec(O) fid(O) fld(O) ptlrpc(O) efivarfs obdclass(O) ksocklnd(O) lnet(O) libcfs(O)
00038 CPU: 14 UID: 0 PID: 1941 Comm: lod0000_rec0000 Tainted: G        W  O        7.0.0-ktest-382dcb6-6330a45-20260728-dirty #1 PREEMPT 
00038 Tainted: [W]=WARN, [O]=OOT_MODULE
00038 Hardware name: QEMU Standard PC (Q35 + ICH9, 2009), BIOS 2025.11-3ubuntu7 03/31/2026
00038 RIP: 0010:osd_create+0x9cf/0xcf0 [osd_wbcfs]
00038 Code: c7 c7 00 c6 7b a1 48 c7 c6 a0 42 7d a1 48 c7 c2 00 4c 7d a1 e8 82 dd 43 ff 48 c7 c7 00 c6 7b a1 e8 f6 6a 44 ff e9 fe fc ff ff <0f> 0b e9 a5 fa ff ff 48 c7 c1 80 44 5d a0 80 e1 07 80 c1 03 38 c1
00038 RSP: 0018:ffffc90001f37b60 EFLAGS: 00010246
00038 RAX: 0000000000000000 RBX: ffff88817f8dcc00 RCX: 0000000000000046
00038 RDX: 0000000000000000 RSI: ffff888199211818 RDI: ffff88819125aa58
00038 RBP: ffff888199211788 R08: ffffffff83a16803 R09: 1ffffffff0742d00
00038 R10: dffffc0000000000 R11: fffffbfff0742d01 R12: ffff888155d36000
00038 R13: dffffc0000000000 R14: 1ffff1102ff1b980 R15: 1ffff1102aba6c0f
00038 FS:  0000000000000000(0000) GS:ffff88831eb2d000(0000) knlGS:0000000000000000
00038 CS:  0010 DS: 0000 ES: 0000 CR0: 0000000080050033
00038 CR2: 0000565093cb25f8 CR3: 0000000004274000 CR4: 0000000000750eb0
00038 PKRU: 55555554
00038 Call Trace:
00038  <TASK>
00038  ? llog_osd_create+0x645/0x1140 [obdclass]
00038  ? llog_create+0x2ed/0x530 [obdclass]
00038  ? llog_open_create+0x5af/0xb10 [obdclass]
00038  ? lod_sub_prep_llog+0xdfd/0x1b40 [lod]
00038  ? lod_sub_recovery_thread+0x316/0x18d0 [lod]
00038  ? __kthread_parkme+0x73/0x130
00038  ? kthread+0x2cd/0x3a0
00038  ? lod_sub_init_llog+0x1180/0x1180 [lod]
00038  ? kthread_unuse_mm+0x130/0x130
00038  ? ret_from_fork+0x18c/0x520
00038  ? kthread_unuse_mm+0x130/0x130
00038  ? ret_from_fork_asm+0x11/0x20
00038  </TASK>
00038 ---[ end trace 0000000000000000 ]---
00038 ------------[ cut here ]------------
00038 WARNING: /home/ktest/git/linux/include/linux/fs.h:889 at osd_create+0x9cf/0xcf0 [osd_wbcfs], CPU#3: ll_mgs_0000/1903
00038 Modules linked in: osp(O) mdd(O) lod(O) mdt(O) lquota(O) lfsck(O) mgs(O) osd_wbcfs(O) lustre(O) obdecho(O) mgc(O) mdc(O) lov(O) osc(O) lmv(O) ec(O) fid(O) fld(O) ptlrpc(O) efivarfs obdclass(O) ksocklnd(O) lnet(O) libcfs(O)
00038 CPU: 3 UID: 0 PID: 1903 Comm: ll_mgs_0000 Tainted: G        W  O        7.0.0-ktest-382dcb6-6330a45-20260728-dirty #1 PREEMPT 
00038 Tainted: [W]=WARN, [O]=OOT_MODULE
00038 Hardware name: QEMU Standard PC (Q35 + ICH9, 2009), BIOS 2025.11-3ubuntu7 03/31/2026
00038 RIP: 0010:osd_create+0x9cf/0xcf0 [osd_wbcfs]
00038 Code: c7 c7 00 c6 7b a1 48 c7 c6 a0 42 7d a1 48 c7 c2 00 4c 7d a1 e8 82 dd 43 ff 48 c7 c7 00 c6 7b a1 e8 f6 6a 44 ff e9 fe fc ff ff <0f> 0b e9 a5 fa ff ff 48 c7 c1 80 44 5d a0 80 e1 07 80 c1 03 38 c1
00038 RSP: 0018:ffffc90001cd7698 EFLAGS: 00010246
00038 RAX: 0000000000000000 RBX: ffff8881853b5000 RCX: 0000000000000046
00038 RDX: 0000000000000000 RSI: ffff88813ebc1f30 RDI: ffff8881816bcb68
00038 RBP: ffff88813ebc1ea0 R08: ffffffff83a16803 R09: 1ffffffff0742d00
00038 R10: dffffc0000000000 R11: fffffbfff0742d01 R12: ffff888140a56400
00038 R13: dffffc0000000000 R14: 1ffff11030a76a00 R15: 1ffff1102814ac8f
00038 FS:  0000000000000000(0000) GS:ffff88831e5ad000(0000) knlGS:0000000000000000
00038 CS:  0010 DS: 0000 ES: 0000 CR0: 0000000080050033
00038 CR2: 0000555e79211190 CR3: 000000012135b000 CR4: 0000000000750eb0
00038 PKRU: 55555554
00038 Call Trace:
00038  <TASK>
00038  ? local_object_create+0x109/0x640 [obdclass]
00038  ? dt_write_lock+0x16d/0x2a0 [obdclass]
00038  ? llog_osd_create+0x356/0x1140 [obdclass]
00038  ? llog_create+0x2ed/0x530 [obdclass]
00038  ? llog_open_create+0x5af/0xb10 [obdclass]
00038  ? record_start_log+0x348/0xa40 [mgs]
00038  ? mgs_write_log_lov+0x3ac/0xde0 [mgs]
00038  ? mgs_write_log_target+0x17a4/0x6ab0 [mgs]
00038  ? mgs_target_reg+0x254e/0x4480 [mgs]
00038  ? tgt_request_handle+0x23ad/0x3d30 [ptlrpc]
00038  ? ptlrpc_main+0x6359/0x96f0 [ptlrpc]
00038  ? __kthread_parkme+0x73/0x130
00038  ? kthread+0x2cd/0x3a0
00038  ? ptlrpc_start_thread+0x1f10/0x1f10 [ptlrpc]
00038  ? kthread_unuse_mm+0x130/0x130
00038  ? ret_from_fork+0x18c/0x520
00038  ? kthread_unuse_mm+0x130/0x130
00038  ? ret_from_fork_asm+0x11/0x20
00038  </TASK>
00038 ---[ end trace 0000000000000000 ]---
00038 ------------[ cut here ]------------
00038 WARNING: /home/ktest/git/linux/include/linux/fs.h:889 at osd_create+0x9cf/0xcf0 [osd_wbcfs], CPU#12: llog_process_th/1949
00038 Modules linked in: osp(O) mdd(O) lod(O) mdt(O) lquota(O) lfsck(O) mgs(O) osd_wbcfs(O) lustre(O) obdecho(O) mgc(O) mdc(O) lov(O) osc(O) lmv(O) ec(O) fid(O) fld(O) ptlrpc(O) efivarfs obdclass(O) ksocklnd(O) lnet(O) libcfs(O)
00038 CPU: 12 UID: 0 PID: 1949 Comm: llog_process_th Tainted: G        W  O        7.0.0-ktest-382dcb6-6330a45-20260728-dirty #1 PREEMPT 
00038 Tainted: [W]=WARN, [O]=OOT_MODULE
00038 Hardware name: QEMU Standard PC (Q35 + ICH9, 2009), BIOS 2025.11-3ubuntu7 03/31/2026
00038 RIP: 0010:osd_create+0x9cf/0xcf0 [osd_wbcfs]
00038 Code: c7 c7 00 c6 7b a1 48 c7 c6 a0 42 7d a1 48 c7 c2 00 4c 7d a1 e8 82 dd 43 ff 48 c7 c7 00 c6 7b a1 e8 f6 6a 44 ff e9 fe fc ff ff <0f> 0b e9 a5 fa ff ff 48 c7 c1 80 44 5d a0 80 e1 07 80 c1 03 38 c1
00038 RSP: 0018:ffffc900022d7450 EFLAGS: 00010246
00038 RAX: 0000000000000000 RBX: ffff88818dc3ec00 RCX: 0000000000000046
00038 RDX: ffffffff84c41d40 RSI: ffff888138f42648 RDI: ffff888185348998
00038 RBP: ffff888138f425b8 R08: 0000000000000001 R09: 0000000000000000
00038 R10: dffffc0000000000 R11: ffffed10271e84ac R12: ffff888142458300
00038 R13: dffffc0000000000 R14: 1ffff11031b87d80 R15: 1ffff9200045aebf
00038 FS:  0000000000000000(0000) GS:ffff88831ea2d000(0000) knlGS:0000000000000000
00038 CS:  0010 DS: 0000 ES: 0000 CR0: 0000000080050033
00038 CR2: 0000565093c47fc0 CR3: 0000000004274000 CR4: 0000000000750eb0
00038 PKRU: 55555554
00038 Call Trace:
00038  <TASK>
00038  ? dt_find_or_create+0x81a/0x1170 [obdclass]
00038  ? fld_index_init+0x404/0x1610 [fld]
00038  ? is_module_address+0x1b/0x70
00038  ? is_module_address+0x5e/0x70
00038  ? __asan_memset+0x22/0x40
00038  ? fld_server_init+0x1d7/0x580 [fld]
00038  ? mdt_device_alloc+0x36b4/0x66c0 [mdt]
00038  ? __alloc_tagging_slab_alloc_hook+0x136/0x190
00038  ? obd_setup+0x25c/0x960 [obdclass]
00038  ? class_setup+0xc7d/0x10e0 [obdclass]
00038  ? class_process_config+0x2edb/0x7cb0 [obdclass]
00038  ? __kasan_kmalloc+0x72/0x80
00038  ? class_config_llog_handler+0x2954/0x4f80 [obdclass]
00038  ? class_config_llog_handler+0x2cea/0x4f80 [obdclass]
00038  ? lustre_cfg_rec_free+0x350/0x350 [obdclass]
00038  ? llog_process_thread+0x1fd2/0x4f70 [obdclass]
00038  ? _raw_spin_unlock+0x23/0x40
00038  ? llog_process_thread_daemonize+0x16d/0x1b0 [obdclass]
00038  ? kthread+0x2cd/0x3a0
00038  ? llog_process_or_fork+0xc90/0xc90 [obdclass]
00038  ? kthread_unuse_mm+0x130/0x130
00038  ? ret_from_fork+0x18c/0x520
00038  ? kthread_unuse_mm+0x130/0x130
00038  ? ret_from_fork_asm+0x11/0x20
00038  </TASK>
00038 ---[ end trace 0000000000000000 ]---
00038 ------------[ cut here ]------------
00038 WARNING: /home/ktest/git/linux/include/linux/fs.h:889 at osd_create+0x9cf/0xcf0 [osd_wbcfs], CPU#12: llog_process_th/1949
00038 Modules linked in: osp(O) mdd(O) lod(O) mdt(O) lquota(O) lfsck(O) mgs(O) osd_wbcfs(O) lustre(O) obdecho(O) mgc(O) mdc(O) lov(O) osc(O) lmv(O) ec(O) fid(O) fld(O) ptlrpc(O) efivarfs obdclass(O) ksocklnd(O) lnet(O) libcfs(O)
00038 CPU: 12 UID: 0 PID: 1949 Comm: llog_process_th Tainted: G        W  O        7.0.0-ktest-382dcb6-6330a45-20260728-dirty #1 PREEMPT 
00038 Tainted: [W]=WARN, [O]=OOT_MODULE
00038 Hardware name: QEMU Standard PC (Q35 + ICH9, 2009), BIOS 2025.11-3ubuntu7 03/31/2026
00038 RIP: 0010:osd_create+0x9cf/0xcf0 [osd_wbcfs]
00038 Code: c7 c7 00 c6 7b a1 48 c7 c6 a0 42 7d a1 48 c7 c2 00 4c 7d a1 e8 82 dd 43 ff 48 c7 c7 00 c6 7b a1 e8 f6 6a 44 ff e9 fe fc ff ff <0f> 0b e9 a5 fa ff ff 48 c7 c1 80 44 5d a0 80 e1 07 80 c1 03 38 c1
00038 RSP: 0018:ffffc900022d7430 EFLAGS: 00010246
00038 RAX: 0000000000000000 RBX: ffff88818dc3f400 RCX: 0000000000000046
00038 RDX: 0000000000000000 RSI: ffff888138f41f30 RDI: ffff888185348998
00038 RBP: ffff888138f41ea0 R08: ffffffff83a16803 R09: 1ffffffff0742d00
00038 R10: dffffc0000000000 R11: fffffbfff0742d01 R12: ffffc900022d7530
00038 R13: dffffc0000000000 R14: 1ffff11031b87e80 R15: 1ffff9200045aea4
00038 FS:  0000000000000000(0000) GS:ffff88831ea2d000(0000) knlGS:0000000000000000
00038 CS:  0010 DS: 0000 ES: 0000 CR0: 0000000080050033
00038 CR2: 0000565093c47fc0 CR3: 0000000004274000 CR4: 0000000000750eb0
00038 PKRU: 55555554
00038 Call Trace:
00038  <TASK>
00038  ? dt_find_or_create+0x81a/0x1170 [obdclass]
00038  ? seq_store_init+0x155/0x360 [fid]
00038  ? seq_server_init+0x290/0xba0 [fid]
00038  ? mdt_seq_init+0x2c1/0x1ef0 [mdt]
00038  ? fld_server_init+0x34e/0x580 [fld]
00038  ? mdt_device_alloc+0x39c5/0x66c0 [mdt]
00038  ? __alloc_tagging_slab_alloc_hook+0x136/0x190
00038  ? obd_setup+0x25c/0x960 [obdclass]
00038  ? class_setup+0xc7d/0x10e0 [obdclass]
00038  ? class_process_config+0x2edb/0x7cb0 [obdclass]
00038  ? __kasan_kmalloc+0x72/0x80
00038  ? class_config_llog_handler+0x2954/0x4f80 [obdclass]
00038  ? class_config_llog_handler+0x2cea/0x4f80 [obdclass]
00038  ? lustre_cfg_rec_free+0x350/0x350 [obdclass]
00038  ? llog_process_thread+0x1fd2/0x4f70 [obdclass]
00038  ? _raw_spin_unlock+0x23/0x40
00038  ? llog_process_thread_daemonize+0x16d/0x1b0 [obdclass]
00038  ? kthread+0x2cd/0x3a0
00038  ? llog_process_or_fork+0xc90/0xc90 [obdclass]
00038  ? kthread_unuse_mm+0x130/0x130
00038  ? ret_from_fork+0x18c/0x520
00038  ? kthread_unuse_mm+0x130/0x130
00038  ? ret_from_fork_asm+0x11/0x20
00038  </TASK>
00038 ---[ end trace 0000000000000000 ]---
00038 ------------[ cut here ]------------
00038 WARNING: /home/ktest/git/linux/include/linux/fs.h:889 at osd_create+0x9cf/0xcf0 [osd_wbcfs], CPU#12: llog_process_th/1949
00038 Modules linked in: osp(O) mdd(O) lod(O) mdt(O) lquota(O) lfsck(O) mgs(O) osd_wbcfs(O) lustre(O) obdecho(O) mgc(O) mdc(O) lov(O) osc(O) lmv(O) ec(O) fid(O) fld(O) ptlrpc(O) efivarfs obdclass(O) ksocklnd(O) lnet(O) libcfs(O)
00038 CPU: 12 UID: 0 PID: 1949 Comm: llog_process_th Tainted: G        W  O        7.0.0-ktest-382dcb6-6330a45-20260728-dirty #1 PREEMPT 
00038 Tainted: [W]=WARN, [O]=OOT_MODULE
00038 Hardware name: QEMU Standard PC (Q35 + ICH9, 2009), BIOS 2025.11-3ubuntu7 03/31/2026
00038 RIP: 0010:osd_create+0x9cf/0xcf0 [osd_wbcfs]
00038 Code: c7 c7 00 c6 7b a1 48 c7 c6 a0 42 7d a1 48 c7 c2 00 4c 7d a1 e8 82 dd 43 ff 48 c7 c7 00 c6 7b a1 e8 f6 6a 44 ff e9 fe fc ff ff <0f> 0b e9 a5 fa ff ff 48 c7 c1 80 44 5d a0 80 e1 07 80 c1 03 38 c1
00038 RSP: 0018:ffffc900022d7470 EFLAGS: 00010246
00038 RAX: 0000000000000000 RBX: ffff88818dc39c00 RCX: 0000000000000046
00038 RDX: 0000000000000000 RSI: ffff888138f41818 RDI: ffff888185348998
00038 RBP: ffff888138f41788 R08: ffffffff83a16803 R09: 1ffffffff0742d00
00038 R10: dffffc0000000000 R11: fffffbfff0742d01 R12: ffffc900022d75e0
00038 R13: dffffc0000000000 R14: 1ffff11031b87380 R15: 1ffff9200045aec9
00038 FS:  0000000000000000(0000) GS:ffff88831ea2d000(0000) knlGS:0000000000000000
00038 CS:  0010 DS: 0000 ES: 0000 CR0: 0000000080050033
00038 CR2: 0000565093c47fc0 CR3: 0000000004274000 CR4: 0000000000750eb0
00038 PKRU: 55555554
00038 Call Trace:
00038  <TASK>
00038  ? dt_find_or_create+0x81a/0x1170 [obdclass]
00038  ? tgt_init+0xb72/0x2a60 [ptlrpc]
00038  ? mdt_device_alloc+0x3ce7/0x66c0 [mdt]
00038  ? __alloc_tagging_slab_alloc_hook+0x136/0x190
00038  ? obd_setup+0x25c/0x960 [obdclass]
00038  ? class_setup+0xc7d/0x10e0 [obdclass]
00038  ? class_process_config+0x2edb/0x7cb0 [obdclass]
00038  ? __kasan_kmalloc+0x72/0x80
00038  ? class_config_llog_handler+0x2954/0x4f80 [obdclass]
00038  ? class_config_llog_handler+0x2cea/0x4f80 [obdclass]
00038  ? lustre_cfg_rec_free+0x350/0x350 [obdclass]
00038  ? llog_process_thread+0x1fd2/0x4f70 [obdclass]
00038  ? _raw_spin_unlock+0x23/0x40
00038  ? llog_process_thread_daemonize+0x16d/0x1b0 [obdclass]
00038  ? kthread+0x2cd/0x3a0
00038  ? llog_process_or_fork+0xc90/0xc90 [obdclass]
00038  ? kthread_unuse_mm+0x130/0x130
00038  ? ret_from_fork+0x18c/0x520
00038  ? kthread_unuse_mm+0x130/0x130
00038  ? ret_from_fork_asm+0x11/0x20
00038  </TASK>
00038 ---[ end trace 0000000000000000 ]---
00038 ------------[ cut here ]------------
00038 WARNING: /home/ktest/git/linux/include/linux/fs.h:889 at osd_create+0x9cf/0xcf0 [osd_wbcfs], CPU#12: llog_process_th/1949
00038 Modules linked in: osp(O) mdd(O) lod(O) mdt(O) lquota(O) lfsck(O) mgs(O) osd_wbcfs(O) lustre(O) obdecho(O) mgc(O) mdc(O) lov(O) osc(O) lmv(O) ec(O) fid(O) fld(O) ptlrpc(O) efivarfs obdclass(O) ksocklnd(O) lnet(O) libcfs(O)
00038 CPU: 12 UID: 0 PID: 1949 Comm: llog_process_th Tainted: G        W  O        7.0.0-ktest-382dcb6-6330a45-20260728-dirty #1 PREEMPT 
00038 Tainted: [W]=WARN, [O]=OOT_MODULE
00038 Hardware name: QEMU Standard PC (Q35 + ICH9, 2009), BIOS 2025.11-3ubuntu7 03/31/2026
00038 RIP: 0010:osd_create+0x9cf/0xcf0 [osd_wbcfs]
00038 Code: c7 c7 00 c6 7b a1 48 c7 c6 a0 42 7d a1 48 c7 c2 00 4c 7d a1 e8 82 dd 43 ff 48 c7 c7 00 c6 7b a1 e8 f6 6a 44 ff e9 fe fc ff ff <0f> 0b e9 a5 fa ff ff 48 c7 c1 80 44 5d a0 80 e1 07 80 c1 03 38 c1
00038 RSP: 0018:ffffc900022d7470 EFLAGS: 00010246
00038 RAX: 0000000000000000 RBX: ffff88818dc39800 RCX: 0000000000000046
00038 RDX: 0000000000000000 RSI: ffff888138f41100 RDI: ffff888185348998
00038 RBP: ffff888138f41070 R08: ffffffff83a16803 R09: 1ffffffff0742d00
00038 R10: dffffc0000000000 R11: fffffbfff0742d01 R12: ffffc900022d75e0
00038 R13: dffffc0000000000 R14: 1ffff11031b87300 R15: 1ffff9200045aec9
00038 FS:  0000000000000000(0000) GS:ffff88831ea2d000(0000) knlGS:0000000000000000
00038 CS:  0010 DS: 0000 ES: 0000 CR0: 0000000080050033
00038 CR2: 0000565093c47fc0 CR3: 0000000004274000 CR4: 0000000000750eb0
00038 PKRU: 55555554
00038 Call Trace:
00038  <TASK>
00038  ? dt_find_or_create+0x81a/0x1170 [obdclass]
00038  ? tgt_init+0x1a98/0x2a60 [ptlrpc]
00038  ? mdt_device_alloc+0x3ce7/0x66c0 [mdt]
00038  ? __alloc_tagging_slab_alloc_hook+0x136/0x190
00038  ? obd_setup+0x25c/0x960 [obdclass]
00038  ? class_setup+0xc7d/0x10e0 [obdclass]
00038  ? class_process_config+0x2edb/0x7cb0 [obdclass]
00038  ? __kasan_kmalloc+0x72/0x80
00038  ? class_config_llog_handler+0x2954/0x4f80 [obdclass]
00038  ? class_config_llog_handler+0x2cea/0x4f80 [obdclass]
00038  ? lustre_cfg_rec_free+0x350/0x350 [obdclass]
00038  ? llog_process_thread+0x1fd2/0x4f70 [obdclass]
00038  ? _raw_spin_unlock+0x23/0x40
00038  ? llog_process_thread_daemonize+0x16d/0x1b0 [obdclass]
00038  ? kthread+0x2cd/0x3a0
00038  ? llog_process_or_fork+0xc90/0xc90 [obdclass]
00038  ? kthread_unuse_mm+0x130/0x130
00038  ? ret_from_fork+0x18c/0x520
00038  ? kthread_unuse_mm+0x130/0x130
00038  ? ret_from_fork_asm+0x11/0x20
00038  </TASK>
00038 ---[ end trace 0000000000000000 ]---
00038 Lustre: cli-ctl-lustre-MDT0001: Allocated super-sequence [0x0000000240000400-0x0000000280000400]:1:mdt]
00038 ------------[ cut here ]------------
00038 WARNING: /home/ktest/git/linux/include/linux/fs.h:889 at osd_create+0x9cf/0xcf0 [osd_wbcfs], CPU#11: lod0001_rec0001/1957
00038 Modules linked in: osp(O) mdd(O) lod(O) mdt(O) lquota(O) lfsck(O) mgs(O) osd_wbcfs(O) lustre(O) obdecho(O) mgc(O) mdc(O) lov(O) osc(O) lmv(O) ec(O) fid(O) fld(O) ptlrpc(O) efivarfs obdclass(O) ksocklnd(O) lnet(O) libcfs(O)
00038 CPU: 11 UID: 0 PID: 1957 Comm: lod0001_rec0001 Tainted: G        W  O        7.0.0-ktest-382dcb6-6330a45-20260728-dirty #1 PREEMPT 
00038 Tainted: [W]=WARN, [O]=OOT_MODULE
00038 Hardware name: QEMU Standard PC (Q35 + ICH9, 2009), BIOS 2025.11-3ubuntu7 03/31/2026
00038 RIP: 0010:osd_create+0x9cf/0xcf0 [osd_wbcfs]
00038 Code: c7 c7 00 c6 7b a1 48 c7 c6 a0 42 7d a1 48 c7 c2 00 4c 7d a1 e8 82 dd 43 ff 48 c7 c7 00 c6 7b a1 e8 f6 6a 44 ff e9 fe fc ff ff <0f> 0b e9 a5 fa ff ff 48 c7 c1 80 44 5d a0 80 e1 07 80 c1 03 38 c1
00038 ------------[ cut here ]------------
00038 RSP: 0018:ffffc90004907b60 EFLAGS: 00010246
00038 WARNING: /home/ktest/git/linux/include/linux/fs.h:889 at osd_create+0x9cf/0xcf0 [osd_wbcfs], CPU#8: mdt_out00_002/1959
00038 RAX: 0000000000000000 RBX: ffff888105549400 RCX: 0000000000000046
00038 Modules linked in:
00038 RDX: 0000000000000000 RSI: ffff888138f47b68 RDI: ffff8881397eaa58
00038 RBP: ffff888138f47ad8 R08: ffffffff83a16803 R09: 1ffffffff0742d00
00038  osp(O)
00038 R10: dffffc0000000000 R11: fffffbfff0742d01 R12: ffff8881054dbc00
00038  mdd(O)
00038 R13: dffffc0000000000 R14: 1ffff11020aa9280 R15: 1ffff11020a9b78f
00038  lod(O)
00038 FS:  0000000000000000(0000) GS:ffff88831e9ad000(0000) knlGS:0000000000000000
00038  mdt(O)
00038 CS:  0010 DS: 0000 ES: 0000 CR0: 0000000080050033
00038  lquota(O)
00038 CR2: 00007ffe65885ff8 CR3: 0000000004274000 CR4: 0000000000750eb0
00038  lfsck(O)
00038 PKRU: 55555554
00038  mgs(O)
00038 Call Trace:
00038  osd_wbcfs(O)
00038  <TASK>
00038  lustre(O) obdecho(O) mgc(O) mdc(O) lov(O) osc(O) lmv(O) ec(O) fid(O) fld(O) ptlrpc(O) efivarfs obdclass(O) ksocklnd(O) lnet(O) libcfs(O)
00038  ? llog_osd_create+0x645/0x1140 [obdclass]
00038 CPU: 8 UID: 0 PID: 1959 Comm: mdt_out00_002 Tainted: G        W  O        7.0.0-ktest-382dcb6-6330a45-20260728-dirty #1 PREEMPT 
00038  ? llog_create+0x2ed/0x530 [obdclass]
00038 Tainted: [W]=WARN, [O]=OOT_MODULE
00038  ? llog_open_create+0x5af/0xb10 [obdclass]
00038 Hardware name: QEMU Standard PC (Q35 + ICH9, 2009), BIOS 2025.11-3ubuntu7 03/31/2026
00038 RIP: 0010:osd_create+0x9cf/0xcf0 [osd_wbcfs]
00038 Code: c7 c7 00 c6 7b a1 48 c7 c6 a0 42 7d a1 48 c7 c2 00 4c 7d a1 e8 82 dd 43 ff 48 c7 c7 00 c6 7b a1 e8 f6 6a 44 ff e9 fe fc ff ff <0f> 0b e9 a5 fa ff ff 48 c7 c1 80 44 5d a0 80 e1 07 80 c1 03 38 c1
00038  ? lod_sub_prep_llog+0xdfd/0x1b40 [lod]
00038 RSP: 0018:ffffc900050b7800 EFLAGS: 00010246
00038  ? lod_sub_recovery_thread+0x316/0x18d0 [lod]
00038 
00038  ? __kthread_parkme+0x73/0x130
00038 RAX: 0000000000000000 RBX: ffff888191010000 RCX: 0000000000000046
00038  ? kthread+0x2cd/0x3a0
00038 RDX: 0000000000000000 RSI: ffff888198eb50d8 RDI: ffff888189000998
00038  ? lod_sub_init_llog+0x1180/0x1180 [lod]
00038 RBP: ffff888198eb5048 R08: ffffffff83a16803 R09: 1ffffffff0742d00
00038  ? kthread_unuse_mm+0x130/0x130
00038 R10: dffffc0000000000 R11: fffffbfff0742d01 R12: ffff888155da9a30
00038  ? ret_from_fork+0x18c/0x520
00038 R13: dffffc0000000000 R14: 1ffff11032202000 R15: 1ffff1102abb5358
00038  ? kthread_unuse_mm+0x130/0x130
00038 FS:  0000000000000000(0000) GS:ffff88831e82d000(0000) knlGS:0000000000000000
00038  ? ret_from_fork_asm+0x11/0x20
00038 CS:  0010 DS: 0000 ES: 0000 CR0: 0000000080050033
00038  </TASK>
00038 CR2: 00007f5fcd3e6194 CR3: 0000000004274000 CR4: 0000000000750eb0
00038 ---[ end trace 0000000000000000 ]---
00038 PKRU: 55555554
00038 Call Trace:
00038  <TASK>
00038  ? out_tx_create_exec+0x277/0x7a0 [ptlrpc]
00038  ? tx_add_exec+0xd70/0xd70 [ptlrpc]
00038  ? out_tx_end+0x3e3/0x1190 [ptlrpc]
00038  ? out_handle+0x539f/0x6350 [ptlrpc]
00038  ? tgt_request_handle+0x23ad/0x3d30 [ptlrpc]
00038  ? ptlrpc_main+0x6359/0x96f0 [ptlrpc]
00038  ? __kthread_parkme+0x73/0x130
00038  ? kthread+0x2cd/0x3a0
00038  ? ptlrpc_start_thread+0x1f10/0x1f10 [ptlrpc]
00038  ? kthread_unuse_mm+0x130/0x130
00038  ? ret_from_fork+0x18c/0x520
00038  ? kthread_unuse_mm+0x130/0x130
00038  ? ret_from_fork_asm+0x11/0x20
00038  </TASK>
00038 ---[ end trace 0000000000000000 ]---
00038 ------------[ cut here ]------------
00038 WARNING: /home/ktest/git/linux/include/linux/fs.h:889 at osd_create+0x9cf/0xcf0 [osd_wbcfs], CPU#3: ll_mgs_0000/1903
00038 Modules linked in: ofd(O) osp(O) mdd(O) lod(O) mdt(O) lquota(O) lfsck(O) mgs(O) osd_wbcfs(O) lustre(O) obdecho(O) mgc(O) mdc(O) lov(O) osc(O) lmv(O) ec(O) fid(O) fld(O) ptlrpc(O) efivarfs obdclass(O) ksocklnd(O) lnet(O) libcfs(O)
00038 CPU: 3 UID: 0 PID: 1903 Comm: ll_mgs_0000 Tainted: G        W  O        7.0.0-ktest-382dcb6-6330a45-20260728-dirty #1 PREEMPT 
00038 Tainted: [W]=WARN, [O]=OOT_MODULE
00038 Hardware name: QEMU Standard PC (Q35 + ICH9, 2009), BIOS 2025.11-3ubuntu7 03/31/2026
00038 RIP: 0010:osd_create+0x9cf/0xcf0 [osd_wbcfs]
00038 Code: c7 c7 00 c6 7b a1 48 c7 c6 a0 42 7d a1 48 c7 c2 00 4c 7d a1 e8 82 dd 43 ff 48 c7 c7 00 c6 7b a1 e8 f6 6a 44 ff e9 fe fc ff ff <0f> 0b e9 a5 fa ff ff 48 c7 c1 80 44 5d a0 80 e1 07 80 c1 03 38 c1
00038 RSP: 0018:ffffc90001cd7700 EFLAGS: 00010246
00038 RAX: 0000000000000000 RBX: ffff888191103c00 RCX: 0000000000000046
00038 RDX: 0000000000000000 RSI: ffff88813ebc1818 RDI: ffff8881816bcb68
00038 RBP: ffff88813ebc1788 R08: ffffffff83a16803 R09: 1ffffffff0742d00
00038 R10: dffffc0000000000 R11: fffffbfff0742d01 R12: ffff888140a56400
00038 R13: dffffc0000000000 R14: 1ffff11032220780 R15: 1ffff1102814ac8f
00038 FS:  0000000000000000(0000) GS:ffff88831e5ad000(0000) knlGS:0000000000000000
00038 CS:  0010 DS: 0000 ES: 0000 CR0: 0000000080050033
00038 CR2: 0000555e79129598 CR3: 000000012135b000 CR4: 0000000000750eb0
00038 PKRU: 55555554
00038 Call Trace:
00038  <TASK>
00038  ? local_object_create+0x109/0x640 [obdclass]
00038  ? dt_write_lock+0x16d/0x2a0 [obdclass]
00038  ? llog_osd_create+0x356/0x1140 [obdclass]
00038  ? llog_create+0x2ed/0x530 [obdclass]
00038  ? llog_open_create+0x5af/0xb10 [obdclass]
00038  ? record_start_log+0x348/0xa40 [mgs]
00038  ? mgs_write_log_target+0x16f2/0x6ab0 [mgs]
00038  ? mgs_target_reg+0x254e/0x4480 [mgs]
00038  ? tgt_request_handle+0x23ad/0x3d30 [ptlrpc]
00038  ? ptlrpc_main+0x6359/0x96f0 [ptlrpc]
00038  ? __kthread_parkme+0x73/0x130
00038  ? kthread+0x2cd/0x3a0
00038  ? ptlrpc_start_thread+0x1f10/0x1f10 [ptlrpc]
00038  ? kthread_unuse_mm+0x130/0x130
00038  ? ret_from_fork+0x18c/0x520
00038  ? kthread_unuse_mm+0x130/0x130
00038  ? ret_from_fork_asm+0x11/0x20
00038  </TASK>
00038 ---[ end trace 0000000000000000 ]---
00038 ------------[ cut here ]------------
00038 WARNING: /home/ktest/git/linux/include/linux/fs.h:889 at osd_create+0x9cf/0xcf0 [osd_wbcfs], CPU#13: llog_process_th/1976
00038 Modules linked in: ofd(O) osp(O) mdd(O) lod(O) mdt(O) lquota(O) lfsck(O) mgs(O) osd_wbcfs(O) lustre(O) obdecho(O) mgc(O) mdc(O) lov(O) osc(O) lmv(O) ec(O) fid(O) fld(O) ptlrpc(O) efivarfs obdclass(O) ksocklnd(O) lnet(O) libcfs(O)
00038 CPU: 13 UID: 0 PID: 1976 Comm: llog_process_th Tainted: G        W  O        7.0.0-ktest-382dcb6-6330a45-20260728-dirty #1 PREEMPT 
00038 Tainted: [W]=WARN, [O]=OOT_MODULE
00038 Hardware name: QEMU Standard PC (Q35 + ICH9, 2009), BIOS 2025.11-3ubuntu7 03/31/2026
00038 RIP: 0010:osd_create+0x9cf/0xcf0 [osd_wbcfs]
00038 Code: c7 c7 00 c6 7b a1 48 c7 c6 a0 42 7d a1 48 c7 c2 00 4c 7d a1 e8 82 dd 43 ff 48 c7 c7 00 c6 7b a1 e8 f6 6a 44 ff e9 fe fc ff ff <0f> 0b e9 a5 fa ff ff 48 c7 c1 80 44 5d a0 80 e1 07 80 c1 03 38 c1
00038 RSP: 0018:ffffc900060a7618 EFLAGS: 00010246
00038 RAX: 0000000000000000 RBX: ffff888105571400 RCX: 0000000000000046
00038 RDX: 0000000000000000 RSI: ffff888153957b68 RDI: ffff88818e8daa58
00038 RBP: ffff888153957ad8 R08: ffffffff83a16803 R09: 1ffffffff0742d00
00038 R10: dffffc0000000000 R11: fffffbfff0742d01 R12: ffffc900060a7788
00038 R13: dffffc0000000000 R14: 1ffff11020aae280 R15: 1ffff92000c14efe
00038 FS:  0000000000000000(0000) GS:ffff88831eaad000(0000) knlGS:0000000000000000
00038 CS:  0010 DS: 0000 ES: 0000 CR0: 0000000080050033
00038 CR2: 0000565093c3c518 CR3: 0000000004274000 CR4: 0000000000750eb0
00038 PKRU: 55555554
00038 Call Trace:
00038  <TASK>
00038  ? dt_find_or_create+0x81a/0x1170 [obdclass]
00038  ? tgt_init+0xb72/0x2a60 [ptlrpc]
00038  ? ofd_device_alloc+0x1d4b/0x3600 [ofd]
00038  ? obd_setup+0x25c/0x960 [obdclass]
00038  ? class_setup+0xc7d/0x10e0 [obdclass]
00038  ? class_process_config+0x2edb/0x7cb0 [obdclass]
00038  ? __kasan_kmalloc+0x72/0x80
00038  ? class_config_llog_handler+0x2954/0x4f80 [obdclass]
00038  ? class_config_llog_handler+0x2cea/0x4f80 [obdclass]
00038  ? lustre_cfg_rec_free+0x350/0x350 [obdclass]
00038  ? llog_process_thread+0x1fd2/0x4f70 [obdclass]
00038  ? _raw_spin_unlock+0x23/0x40
00038  ? llog_process_thread_daemonize+0x16d/0x1b0 [obdclass]
00038  ? kthread+0x2cd/0x3a0
00038  ? llog_process_or_fork+0xc90/0xc90 [obdclass]
00038  ? kthread_unuse_mm+0x130/0x130
00038  ? ret_from_fork+0x18c/0x520
00038  ? kthread_unuse_mm+0x130/0x130
00038  ? ret_from_fork_asm+0x11/0x20
00038  </TASK>
00038 ---[ end trace 0000000000000000 ]---
00038 Lustre: lustre-OST0000: new disk, initializing
00038 Lustre: Skipped 1 previous similar message
00038 ------------[ cut here ]------------
00038 WARNING: /home/ktest/git/linux/include/linux/fs.h:889 at osd_create+0x9cf/0xcf0 [osd_wbcfs], CPU#13: llog_process_th/1976
00038 Modules linked in: ofd(O) osp(O) mdd(O) lod(O) mdt(O) lquota(O) lfsck(O) mgs(O) osd_wbcfs(O) lustre(O) obdecho(O) mgc(O) mdc(O) lov(O) osc(O) lmv(O) ec(O) fid(O) fld(O) ptlrpc(O) efivarfs obdclass(O) ksocklnd(O) lnet(O) libcfs(O)
00038 CPU: 13 UID: 0 PID: 1976 Comm: llog_process_th Tainted: G        W  O        7.0.0-ktest-382dcb6-6330a45-20260728-dirty #1 PREEMPT 
00038 Tainted: [W]=WARN, [O]=OOT_MODULE
00038 Hardware name: QEMU Standard PC (Q35 + ICH9, 2009), BIOS 2025.11-3ubuntu7 03/31/2026
00038 RIP: 0010:osd_create+0x9cf/0xcf0 [osd_wbcfs]
00038 Code: c7 c7 00 c6 7b a1 48 c7 c6 a0 42 7d a1 48 c7 c2 00 4c 7d a1 e8 82 dd 43 ff 48 c7 c7 00 c6 7b a1 e8 f6 6a 44 ff e9 fe fc ff ff <0f> 0b e9 a5 fa ff ff 48 c7 c1 80 44 5d a0 80 e1 07 80 c1 03 38 c1
00038 RSP: 0018:ffffc900060a74f0 EFLAGS: 00010246
00038 RAX: 0000000000000000 RBX: ffff88810923ac00 RCX: 0000000000000046
00038 RDX: 0000000000000000 RSI: ffff888153957450 RDI: ffff88818e8daa58
00038 RBP: ffff8881539573c0 R08: ffffffff83a16803 R09: 1ffffffff0742d00
00038 R10: dffffc0000000000 R11: fffffbfff0742d01 R12: ffffc900060a75f0
00038 R13: dffffc0000000000 R14: 1ffff11021247580 R15: 1ffff92000c14ebc
00038 FS:  0000000000000000(0000) GS:ffff88831eaad000(0000) knlGS:0000000000000000
00038 CS:  0010 DS: 0000 ES: 0000 CR0: 0000000080050033
00038 CR2: 0000565093c3c518 CR3: 0000000004274000 CR4: 0000000000750eb0
00038 PKRU: 55555554
00038 Call Trace:
00038  <TASK>
00038  ? dt_find_or_create+0x81a/0x1170 [obdclass]
00038  ? seq_store_init+0x155/0x360 [fid]
00038  ? seq_server_init+0x290/0xba0 [fid]
00038  ? ofd_fid_init+0x41c/0xf80 [ofd]
00038  ? ofd_seqs_init+0xb6/0x1370 [ofd]
00038  ? ofd_fs_setup+0x13c/0xdd0 [ofd]
00038  ? ofd_device_alloc+0x1f64/0x3600 [ofd]
00038  ? obd_setup+0x25c/0x960 [obdclass]
00038  ? class_setup+0xc7d/0x10e0 [obdclass]
00038  ? class_process_config+0x2edb/0x7cb0 [obdclass]
00038  ? __kasan_kmalloc+0x72/0x80
00038  ? class_config_llog_handler+0x2954/0x4f80 [obdclass]
00038  ? class_config_llog_handler+0x2cea/0x4f80 [obdclass]
00038  ? lustre_cfg_rec_free+0x350/0x350 [obdclass]
00038  ? llog_process_thread+0x1fd2/0x4f70 [obdclass]
00038  ? _raw_spin_unlock+0x23/0x40
00038  ? llog_process_thread_daemonize+0x16d/0x1b0 [obdclass]
00038  ? kthread+0x2cd/0x3a0
00038  ? llog_process_or_fork+0xc90/0xc90 [obdclass]
00038  ? kthread_unuse_mm+0x130/0x130
00038  ? ret_from_fork+0x18c/0x520
00038  ? kthread_unuse_mm+0x130/0x130
00038  ? ret_from_fork_asm+0x11/0x20
00038  </TASK>
00038 ---[ end trace 0000000000000000 ]---
00038 Lustre: srv-lustre-OST0000: No data found on store. Initialize space.
00038 Lustre: Skipped 2 previous similar messages
00038 ------------[ cut here ]------------
00038 WARNING: /home/ktest/git/linux/include/linux/fs.h:889 at osd_create+0x9cf/0xcf0 [osd_wbcfs], CPU#13: llog_process_th/1976
00038 Modules linked in: ofd(O) osp(O) mdd(O) lod(O) mdt(O) lquota(O) lfsck(O) mgs(O) osd_wbcfs(O) lustre(O) obdecho(O) mgc(O) mdc(O) lov(O) osc(O) lmv(O) ec(O) fid(O) fld(O) ptlrpc(O) efivarfs obdclass(O) ksocklnd(O) lnet(O) libcfs(O)
00038 CPU: 13 UID: 0 PID: 1976 Comm: llog_process_th Tainted: G        W  O        7.0.0-ktest-382dcb6-6330a45-20260728-dirty #1 PREEMPT 
00038 Tainted: [W]=WARN, [O]=OOT_MODULE
00038 Hardware name: QEMU Standard PC (Q35 + ICH9, 2009), BIOS 2025.11-3ubuntu7 03/31/2026
00038 RIP: 0010:osd_create+0x9cf/0xcf0 [osd_wbcfs]
00038 Code: c7 c7 00 c6 7b a1 48 c7 c6 a0 42 7d a1 48 c7 c2 00 4c 7d a1 e8 82 dd 43 ff 48 c7 c7 00 c6 7b a1 e8 f6 6a 44 ff e9 fe fc ff ff <0f> 0b e9 a5 fa ff ff 48 c7 c1 80 44 5d a0 80 e1 07 80 c1 03 38 c1
00038 RSP: 0018:ffffc900060a7530 EFLAGS: 00010246
00038 RAX: 0000000000000000 RBX: ffff88810923f000 RCX: 0000000000000046
00038 RDX: ffffffff84c41d40 RSI: ffff888153956d38 RDI: ffff88818e8daa58
00038 RBP: ffff888153956ca8 R08: 0000000000000001 R09: 0000000000000000
00038 R10: dffffc0000000000 R11: ffffed102a72ad8a R12: ffff88811af00b00
00038 R13: dffffc0000000000 R14: 1ffff11021247e00 R15: 1ffff92000c14edb
00038 FS:  0000000000000000(0000) GS:ffff88831eaad000(0000) knlGS:0000000000000000
00038 CS:  0010 DS: 0000 ES: 0000 CR0: 0000000080050033
00038 CR2: 0000565093c3c518 CR3: 0000000004274000 CR4: 0000000000750eb0
00038 PKRU: 55555554
00038 Call Trace:
00038  <TASK>
00038  ? dt_find_or_create+0x81a/0x1170 [obdclass]
00038  ? fld_index_init+0x404/0x1610 [fld]
00038  ? is_module_address+0x1b/0x70
00038  ? is_module_address+0x5e/0x70
00038  ? __asan_memset+0x22/0x40
00038  ? fld_server_init+0x1d7/0x580 [fld]
00038  ? ofd_seqs_init+0x430/0x1370 [ofd]
00038  ? ofd_fs_setup+0x13c/0xdd0 [ofd]
00038  ? ofd_device_alloc+0x1f64/0x3600 [ofd]
00038  ? obd_setup+0x25c/0x960 [obdclass]
00038  ? class_setup+0xc7d/0x10e0 [obdclass]
00038  ? class_process_config+0x2edb/0x7cb0 [obdclass]
00038  ? __kasan_kmalloc+0x72/0x80
00038  ? class_config_llog_handler+0x2954/0x4f80 [obdclass]
00038  ? class_config_llog_handler+0x2cea/0x4f80 [obdclass]
00038  ? lustre_cfg_rec_free+0x350/0x350 [obdclass]
00038  ? llog_process_thread+0x1fd2/0x4f70 [obdclass]
00038  ? _raw_spin_unlock+0x23/0x40
00038  ? llog_process_thread_daemonize+0x16d/0x1b0 [obdclass]
00038  ? kthread+0x2cd/0x3a0
00038  ? llog_process_or_fork+0xc90/0xc90 [obdclass]
00038  ? kthread_unuse_mm+0x130/0x130
00038  ? ret_from_fork+0x18c/0x520
00038  ? kthread_unuse_mm+0x130/0x130
00038  ? ret_from_fork_asm+0x11/0x20
00038  </TASK>
00038 ---[ end trace 0000000000000000 ]---
00038 ------------[ cut here ]------------
00038 WARNING: /home/ktest/git/linux/include/linux/fs.h:889 at osd_create+0x9cf/0xcf0 [osd_wbcfs], CPU#13: llog_process_th/1976
00038 Modules linked in: ofd(O) osp(O) mdd(O) lod(O) mdt(O) lquota(O) lfsck(O) mgs(O) osd_wbcfs(O) lustre(O) obdecho(O) mgc(O) mdc(O) lov(O) osc(O) lmv(O) ec(O) fid(O) fld(O) ptlrpc(O) efivarfs obdclass(O) ksocklnd(O) lnet(O) libcfs(O)
00038 CPU: 13 UID: 0 PID: 1976 Comm: llog_process_th Tainted: G        W  O        7.0.0-ktest-382dcb6-6330a45-20260728-dirty #1 PREEMPT 
00038 Tainted: [W]=WARN, [O]=OOT_MODULE
00038 Hardware name: QEMU Standard PC (Q35 + ICH9, 2009), BIOS 2025.11-3ubuntu7 03/31/2026
00038 RIP: 0010:osd_create+0x9cf/0xcf0 [osd_wbcfs]
00038 Code: c7 c7 00 c6 7b a1 48 c7 c6 a0 42 7d a1 48 c7 c2 00 4c 7d a1 e8 82 dd 43 ff 48 c7 c7 00 c6 7b a1 e8 f6 6a 44 ff e9 fe fc ff ff <0f> 0b e9 a5 fa ff ff 48 c7 c1 80 44 5d a0 80 e1 07 80 c1 03 38 c1
00038 RSP: 0018:ffffc900060a76e0 EFLAGS: 00010246
00038 RAX: 0000000000000000 RBX: ffff88810923e800 RCX: 0000000000000046
00038 RDX: 0000000000000000 RSI: ffff888153956620 RDI: ffff88818e8daa58
00038 RBP: ffff888153956590 R08: ffffffff83a16803 R09: 1ffffffff0742d00
00038 R10: dffffc0000000000 R11: fffffbfff0742d01 R12: ffff888198f51030
00038 R13: dffffc0000000000 R14: 1ffff11021247d00 R15: 1ffff110331ea242
00038 FS:  0000000000000000(0000) GS:ffff88831eaad000(0000) knlGS:0000000000000000
00038 CS:  0010 DS: 0000 ES: 0000 CR0: 0000000080050033
00038 CR2: 0000565093c3c518 CR3: 0000000004274000 CR4: 0000000000750eb0
00038 PKRU: 55555554
00038 Call Trace:
00038  <TASK>
00038  ? dt_find_or_create+0x81a/0x1170 [obdclass]
00038  ? ofd_fs_setup+0x42c/0xdd0 [ofd]
00038  ? ofd_device_alloc+0x1f64/0x3600 [ofd]
00038  ? obd_setup+0x25c/0x960 [obdclass]
00038  ? class_setup+0xc7d/0x10e0 [obdclass]
00038  ? class_process_config+0x2edb/0x7cb0 [obdclass]
00038  ? __kasan_kmalloc+0x72/0x80
00038  ? class_config_llog_handler+0x2954/0x4f80 [obdclass]
00038  ? class_config_llog_handler+0x2cea/0x4f80 [obdclass]
00038  ? lustre_cfg_rec_free+0x350/0x350 [obdclass]
00038  ? llog_process_thread+0x1fd2/0x4f70 [obdclass]
00038  ? _raw_spin_unlock+0x23/0x40
00038  ? llog_process_thread_daemonize+0x16d/0x1b0 [obdclass]
00038  ? kthread+0x2cd/0x3a0
00038  ? llog_process_or_fork+0xc90/0xc90 [obdclass]
00038  ? kthread_unuse_mm+0x130/0x130
00038  ? ret_from_fork+0x18c/0x520
00038  ? kthread_unuse_mm+0x130/0x130
00038  ? ret_from_fork_asm+0x11/0x20
00038  </TASK>
00038 ---[ end trace 0000000000000000 ]---
00038 ------------[ cut here ]------------
00038 WARNING: /home/ktest/git/linux/include/linux/fs.h:889 at osd_create+0x9cf/0xcf0 [osd_wbcfs], CPU#13: llog_process_th/1976
00038 Modules linked in: ofd(O) osp(O) mdd(O) lod(O) mdt(O) lquota(O) lfsck(O) mgs(O) osd_wbcfs(O) lustre(O) obdecho(O) mgc(O) mdc(O) lov(O) osc(O) lmv(O) ec(O) fid(O) fld(O) ptlrpc(O) efivarfs obdclass(O) ksocklnd(O) lnet(O) libcfs(O)
00038 CPU: 13 UID: 0 PID: 1976 Comm: llog_process_th Tainted: G        W  O        7.0.0-ktest-382dcb6-6330a45-20260728-dirty #1 PREEMPT 
00038 Tainted: [W]=WARN, [O]=OOT_MODULE
00038 Hardware name: QEMU Standard PC (Q35 + ICH9, 2009), BIOS 2025.11-3ubuntu7 03/31/2026
00038 RIP: 0010:osd_create+0x9cf/0xcf0 [osd_wbcfs]
00038 Code: c7 c7 00 c6 7b a1 48 c7 c6 a0 42 7d a1 48 c7 c2 00 4c 7d a1 e8 82 dd 43 ff 48 c7 c7 00 c6 7b a1 e8 f6 6a 44 ff e9 fe fc ff ff <0f> 0b e9 a5 fa ff ff 48 c7 c1 80 44 5d a0 80 e1 07 80 c1 03 38 c1
00038 RSP: 0018:ffffc900060a76e0 EFLAGS: 00010246
00038 RAX: 0000000000000000 RBX: ffff88810acb1c00 RCX: 0000000000000046
00038 RDX: 0000000000000000 RSI: ffff888153955f08 RDI: ffff88818e8daa58
00038 RBP: ffff888153955e78 R08: ffffffff83a16803 R09: 1ffffffff0742d00
00038 R10: dffffc0000000000 R11: fffffbfff0742d01 R12: ffff888198f51030
00038 R13: dffffc0000000000 R14: 1ffff11021596380 R15: 1ffff110331ea242
00038 FS:  0000000000000000(0000) GS:ffff88831eaad000(0000) knlGS:0000000000000000
00038 CS:  0010 DS: 0000 ES: 0000 CR0: 0000000080050033
00038 CR2: 0000565093c3c518 CR3: 0000000004274000 CR4: 0000000000750eb0
00038 PKRU: 55555554
00038 Call Trace:
00038  <TASK>
00038  ? dt_find_or_create+0x81a/0x1170 [obdclass]
00038  ? ofd_fs_setup+0x57f/0xdd0 [ofd]
00038  ? ofd_device_alloc+0x1f64/0x3600 [ofd]
00038  ? obd_setup+0x25c/0x960 [obdclass]
00038  ? class_setup+0xc7d/0x10e0 [obdclass]
00038  ? class_process_config+0x2edb/0x7cb0 [obdclass]
00038  ? __kasan_kmalloc+0x72/0x80
00038  ? class_config_llog_handler+0x2954/0x4f80 [obdclass]
00038  ? class_config_llog_handler+0x2cea/0x4f80 [obdclass]
00038  ? lustre_cfg_rec_free+0x350/0x350 [obdclass]
00038  ? llog_process_thread+0x1fd2/0x4f70 [obdclass]
00038  ? _raw_spin_unlock+0x23/0x40
00038  ? llog_process_thread_daemonize+0x16d/0x1b0 [obdclass]
00038  ? kthread+0x2cd/0x3a0
00038  ? llog_process_or_fork+0xc90/0xc90 [obdclass]
00038  ? kthread_unuse_mm+0x130/0x130
00038  ? ret_from_fork+0x18c/0x520
00038  ? kthread_unuse_mm+0x130/0x130
00038  ? ret_from_fork_asm+0x11/0x20
00038  </TASK>
00038 ---[ end trace 0000000000000000 ]---
00038 ------------[ cut here ]------------
00038 WARNING: /home/ktest/git/linux/include/linux/fs.h:889 at osd_create+0x9cf/0xcf0 [osd_wbcfs], CPU#13: llog_process_th/1976
00038 Modules linked in: ofd(O) osp(O) mdd(O) lod(O) mdt(O) lquota(O) lfsck(O) mgs(O) osd_wbcfs(O) lustre(O) obdecho(O) mgc(O) mdc(O) lov(O) osc(O) lmv(O) ec(O) fid(O) fld(O) ptlrpc(O) efivarfs obdclass(O) ksocklnd(O) lnet(O) libcfs(O)
00038 CPU: 13 UID: 0 PID: 1976 Comm: llog_process_th Tainted: G        W  O        7.0.0-ktest-382dcb6-6330a45-20260728-dirty #1 PREEMPT 
00038 Tainted: [W]=WARN, [O]=OOT_MODULE
00038 Hardware name: QEMU Standard PC (Q35 + ICH9, 2009), BIOS 2025.11-3ubuntu7 03/31/2026
00038 RIP: 0010:osd_create+0x9cf/0xcf0 [osd_wbcfs]
00038 Code: c7 c7 00 c6 7b a1 48 c7 c6 a0 42 7d a1 48 c7 c2 00 4c 7d a1 e8 82 dd 43 ff 48 c7 c7 00 c6 7b a1 e8 f6 6a 44 ff e9 fe fc ff ff <0f> 0b e9 a5 fa ff ff 48 c7 c1 80 44 5d a0 80 e1 07 80 c1 03 38 c1
00038 RSP: 0018:ffffc900060a74a8 EFLAGS: 00010246
00038 RAX: 0000000000000000 RBX: ffff888102582000 RCX: 0000000000000046
00038 RDX: ffffffff84c41d40 RSI: ffff8881539557f0 RDI: ffff88818e8daa58
00038 RBP: ffff888153955760 R08: 0000000000000001 R09: 0000000000000000
00038 R10: dffffc0000000000 R11: ffffed102a72aae1 R12: ffff88818ffa6418
00038 R13: dffffc0000000000 R14: 1ffff110204b0400 R15: 1ffff11031ff4c92
00038 FS:  0000000000000000(0000) GS:ffff88831eaad000(0000) knlGS:0000000000000000
00038 CS:  0010 DS: 0000 ES: 0000 CR0: 0000000080050033
00038 CR2: 0000565093c3c518 CR3: 0000000004274000 CR4: 0000000000750eb0
00038 PKRU: 55555554
00038 Call Trace:
00038  <TASK>
00038  ? local_object_create+0x109/0x640 [obdclass]
00038  ? dt_write_lock+0x16d/0x2a0 [obdclass]
00038  ? __local_file_create+0xce4/0x1bc0 [obdclass]
00038  ? local_index_find_or_create+0x1dc/0x2c0 [obdclass]
00038  ? nodemap_cache_find_create+0x4f9/0xe80 [ptlrpc]
00038  ? nodemap_save_config_cache+0x123/0x19b0 [ptlrpc]
00038  ? nm_config_file_register_tgt+0x19b/0x860 [ptlrpc]
00038  ? nm_config_file_register_tgt+0x1a9/0x860 [ptlrpc]
00038  ? ofd_device_alloc+0x213d/0x3600 [ofd]
00038  ? obd_setup+0x25c/0x960 [obdclass]
00038  ? class_setup+0xc7d/0x10e0 [obdclass]
00038  ? class_process_config+0x2edb/0x7cb0 [obdclass]
00038  ? __kasan_kmalloc+0x72/0x80
00038  ? class_config_llog_handler+0x2954/0x4f80 [obdclass]
00038  ? class_config_llog_handler+0x2cea/0x4f80 [obdclass]
00038  ? lustre_cfg_rec_free+0x350/0x350 [obdclass]
00038  ? llog_process_thread+0x1fd2/0x4f70 [obdclass]
00038  ? _raw_spin_unlock+0x23/0x40
00038  ? llog_process_thread_daemonize+0x16d/0x1b0 [obdclass]
00038  ? kthread+0x2cd/0x3a0
00038  ? llog_process_or_fork+0xc90/0xc90 [obdclass]
00038  ? kthread_unuse_mm+0x130/0x130
00038  ? ret_from_fork+0x18c/0x520
00038  ? kthread_unuse_mm+0x130/0x130
00038  ? ret_from_fork_asm+0x11/0x20
00038  </TASK>
00038 ---[ end trace 0000000000000000 ]---
00038 ------------[ cut here ]------------
00038 WARNING: /home/ktest/git/linux/include/linux/fs.h:889 at osd_create+0x9cf/0xcf0 [osd_wbcfs], CPU#2: ll_mgs_0002/1905
00038 Modules linked in: ofd(O) osp(O) mdd(O) lod(O) mdt(O) lquota(O) lfsck(O) mgs(O) osd_wbcfs(O) lustre(O) obdecho(O) mgc(O) mdc(O) lov(O) osc(O) lmv(O) ec(O) fid(O) fld(O) ptlrpc(O) efivarfs obdclass(O) ksocklnd(O) lnet(O) libcfs(O)
00038 CPU: 2 UID: 0 PID: 1905 Comm: ll_mgs_0002 Tainted: G        W  O        7.0.0-ktest-382dcb6-6330a45-20260728-dirty #1 PREEMPT 
00038 Tainted: [W]=WARN, [O]=OOT_MODULE
00038 Hardware name: QEMU Standard PC (Q35 + ICH9, 2009), BIOS 2025.11-3ubuntu7 03/31/2026
00038 RIP: 0010:osd_create+0x9cf/0xcf0 [osd_wbcfs]
00038 Code: c7 c7 00 c6 7b a1 48 c7 c6 a0 42 7d a1 48 c7 c2 00 4c 7d a1 e8 82 dd 43 ff 48 c7 c7 00 c6 7b a1 e8 f6 6a 44 ff e9 fe fc ff ff <0f> 0b e9 a5 fa ff ff 48 c7 c1 80 44 5d a0 80 e1 07 80 c1 03 38 c1
00038 RSP: 0018:ffffc90001cf7700 EFLAGS: 00010246
00038 RAX: 0000000000000000 RBX: ffff888139c3d400 RCX: 0000000000000046
00038 RDX: 0000000000000000 RSI: ffff88813c98a648 RDI: ffff88814fc0cb68
00038 RBP: ffff88813c98a5b8 R08: ffffffff83a16803 R09: 1ffffffff0742d00
00038 R10: dffffc0000000000 R11: fffffbfff0742d01 R12: ffff888140900400
00038 R13: dffffc0000000000 R14: 1ffff11027387a80 R15: 1ffff1102812008f
00038 FS:  0000000000000000(0000) GS:ffff88831e52d000(0000) knlGS:0000000000000000
00038 CS:  0010 DS: 0000 ES: 0000 CR0: 0000000080050033
00038 CR2: 00007f4f2c7e6194 CR3: 0000000106f42000 CR4: 0000000000750eb0
00038 PKRU: 55555554
00038 Call Trace:
00038  <TASK>
00038  ? local_object_create+0x109/0x640 [obdclass]
00038  ? dt_write_lock+0x16d/0x2a0 [obdclass]
00038  ? llog_osd_create+0x356/0x1140 [obdclass]
00038  ? llog_create+0x2ed/0x530 [obdclass]
00038  ? llog_open_create+0x5af/0xb10 [obdclass]
00038  ? record_start_log+0x348/0xa40 [mgs]
00038  ? mgs_write_log_target+0x16f2/0x6ab0 [mgs]
00038  ? mgs_target_reg+0x254e/0x4480 [mgs]
00038  ? tgt_request_handle+0x23ad/0x3d30 [ptlrpc]
00038  ? ptlrpc_main+0x6359/0x96f0 [ptlrpc]
00038  ? __kthread_parkme+0x73/0x130
00038  ? kthread+0x2cd/0x3a0
00038  ? ptlrpc_start_thread+0x1f10/0x1f10 [ptlrpc]
00038  ? kthread_unuse_mm+0x130/0x130
00038  ? ret_from_fork+0x18c/0x520
00038  ? kthread_unuse_mm+0x130/0x130
00038  ? ret_from_fork_asm+0x11/0x20
00038  </TASK>
00038 ---[ end trace 0000000000000000 ]---
00038 ------------[ cut here ]------------
00038 WARNING: /home/ktest/git/linux/include/linux/fs.h:889 at osd_create+0x9cf/0xcf0 [osd_wbcfs], CPU#10: llog_process_th/1984
00038 Modules linked in: ofd(O) osp(O) mdd(O) lod(O) mdt(O) lquota(O) lfsck(O) mgs(O) osd_wbcfs(O) lustre(O) obdecho(O) mgc(O) mdc(O) lov(O) osc(O) lmv(O) ec(O) fid(O) fld(O) ptlrpc(O) efivarfs obdclass(O) ksocklnd(O) lnet(O) libcfs(O)
00038 CPU: 10 UID: 0 PID: 1984 Comm: llog_process_th Tainted: G        W  O        7.0.0-ktest-382dcb6-6330a45-20260728-dirty #1 PREEMPT 
00038 Tainted: [W]=WARN, [O]=OOT_MODULE
00038 Hardware name: QEMU Standard PC (Q35 + ICH9, 2009), BIOS 2025.11-3ubuntu7 03/31/2026
00038 RIP: 0010:osd_create+0x9cf/0xcf0 [osd_wbcfs]
00038 Code: c7 c7 00 c6 7b a1 48 c7 c6 a0 42 7d a1 48 c7 c2 00 4c 7d a1 e8 82 dd 43 ff 48 c7 c7 00 c6 7b a1 e8 f6 6a 44 ff e9 fe fc ff ff <0f> 0b e9 a5 fa ff ff 48 c7 c1 80 44 5d a0 80 e1 07 80 c1 03 38 c1
00038 RSP: 0018:ffffc900081ef618 EFLAGS: 00010246
00038 RAX: 0000000000000000 RBX: ffff888139cac000 RCX: 0000000000000046
00038 RDX: 0000000000000000 RSI: ffff88813c98fb68 RDI: ffff8881404b4b18
00038 RBP: ffff88813c98fad8 R08: ffffffff83a16803 R09: 1ffffffff0742d00
00038 R10: dffffc0000000000 R11: fffffbfff0742d01 R12: ffffc900081ef788
00038 R13: dffffc0000000000 R14: 1ffff11027395800 R15: 1ffff9200103defe
00038 FS:  0000000000000000(0000) GS:ffff88831e92d000(0000) knlGS:0000000000000000
00038 CS:  0010 DS: 0000 ES: 0000 CR0: 0000000080050033
00038 CR2: 00007f78200053e8 CR3: 0000000004274000 CR4: 0000000000750eb0
00038 PKRU: 55555554
00038 Call Trace:
00038  <TASK>
00038  ? dt_find_or_create+0x81a/0x1170 [obdclass]
00038  ? tgt_init+0xb72/0x2a60 [ptlrpc]
00038  ? ofd_device_alloc+0x1d4b/0x3600 [ofd]
00038  ? obd_setup+0x25c/0x960 [obdclass]
00038  ? class_setup+0xc7d/0x10e0 [obdclass]
00038  ? class_process_config+0x2edb/0x7cb0 [obdclass]
00038  ? __kasan_kmalloc+0x72/0x80
00038  ? class_config_llog_handler+0x2954/0x4f80 [obdclass]
00038  ? class_config_llog_handler+0x2cea/0x4f80 [obdclass]
00038  ? lustre_cfg_rec_free+0x350/0x350 [obdclass]
00038  ? llog_process_thread+0x1fd2/0x4f70 [obdclass]
00038  ? _raw_spin_unlock+0x23/0x40
00038  ? llog_process_thread_daemonize+0x16d/0x1b0 [obdclass]
00038  ? kthread+0x2cd/0x3a0
00038  ? llog_process_or_fork+0xc90/0xc90 [obdclass]
00038  ? kthread_unuse_mm+0x130/0x130
00038  ? ret_from_fork+0x18c/0x520
00038  ? kthread_unuse_mm+0x130/0x130
00038  ? ret_from_fork_asm+0x11/0x20
00038  </TASK>
00038 ---[ end trace 0000000000000000 ]---
00038 ------------[ cut here ]------------
00038 WARNING: /home/ktest/git/linux/include/linux/fs.h:889 at osd_create+0x9cf/0xcf0 [osd_wbcfs], CPU#10: llog_process_th/1984
00038 Modules linked in: ofd(O) osp(O) mdd(O) lod(O) mdt(O) lquota(O) lfsck(O) mgs(O) osd_wbcfs(O) lustre(O) obdecho(O) mgc(O) mdc(O) lov(O) osc(O) lmv(O) ec(O) fid(O) fld(O) ptlrpc(O) efivarfs obdclass(O) ksocklnd(O) lnet(O) libcfs(O)
00038 CPU: 10 UID: 0 PID: 1984 Comm: llog_process_th Tainted: G        W  O        7.0.0-ktest-382dcb6-6330a45-20260728-dirty #1 PREEMPT 
00038 Tainted: [W]=WARN, [O]=OOT_MODULE
00038 Hardware name: QEMU Standard PC (Q35 + ICH9, 2009), BIOS 2025.11-3ubuntu7 03/31/2026
00038 RIP: 0010:osd_create+0x9cf/0xcf0 [osd_wbcfs]
00038 Code: c7 c7 00 c6 7b a1 48 c7 c6 a0 42 7d a1 48 c7 c2 00 4c 7d a1 e8 82 dd 43 ff 48 c7 c7 00 c6 7b a1 e8 f6 6a 44 ff e9 fe fc ff ff <0f> 0b e9 a5 fa ff ff 48 c7 c1 80 44 5d a0 80 e1 07 80 c1 03 38 c1
00038 RSP: 0018:ffffc900081ef4f0 EFLAGS: 00010246
00038 RAX: 0000000000000000 RBX: ffff888139cab800 RCX: 0000000000000046
00038 RDX: 0000000000000000 RSI: ffff88813c98f450 RDI: ffff8881404b4b18
00038 RBP: ffff88813c98f3c0 R08: ffffffff83a16803 R09: 1ffffffff0742d00
00038 R10: dffffc0000000000 R11: fffffbfff0742d01 R12: ffffc900081ef5f0
00038 R13: dffffc0000000000 R14: 1ffff11027395700 R15: 1ffff9200103debc
00038 FS:  0000000000000000(0000) GS:ffff88831e92d000(0000) knlGS:0000000000000000
00038 CS:  0010 DS: 0000 ES: 0000 CR0: 0000000080050033
00038 CR2: 00007f78200053e8 CR3: 0000000004274000 CR4: 0000000000750eb0
00038 PKRU: 55555554
00038 Call Trace:
00038  <TASK>
00038  ? dt_find_or_create+0x81a/0x1170 [obdclass]
00038  ? seq_store_init+0x155/0x360 [fid]
00038  ? seq_server_init+0x290/0xba0 [fid]
00038  ? ofd_fid_init+0x41c/0xf80 [ofd]
00038  ? ofd_seqs_init+0xb6/0x1370 [ofd]
00038  ? ofd_fs_setup+0x13c/0xdd0 [ofd]
00038  ? ofd_device_alloc+0x1f64/0x3600 [ofd]
00038  ? obd_setup+0x25c/0x960 [obdclass]
00038  ? class_setup+0xc7d/0x10e0 [obdclass]
00038  ? class_process_config+0x2edb/0x7cb0 [obdclass]
00038  ? __kasan_kmalloc+0x72/0x80
00038  ? class_config_llog_handler+0x2954/0x4f80 [obdclass]
00038  ? class_config_llog_handler+0x2cea/0x4f80 [obdclass]
00038  ? lustre_cfg_rec_free+0x350/0x350 [obdclass]
00038  ? llog_process_thread+0x1fd2/0x4f70 [obdclass]
00038  ? _raw_spin_unlock+0x23/0x40
00038  ? llog_process_thread_daemonize+0x16d/0x1b0 [obdclass]
00038  ? kthread+0x2cd/0x3a0
00038  ? llog_process_or_fork+0xc90/0xc90 [obdclass]
00038  ? kthread_unuse_mm+0x130/0x130
00038  ? ret_from_fork+0x18c/0x520
00038  ? kthread_unuse_mm+0x130/0x130
00038  ? ret_from_fork_asm+0x11/0x20
00038  </TASK>
00038 ---[ end trace 0000000000000000 ]---
00038 ------------[ cut here ]------------
00038 WARNING: /home/ktest/git/linux/include/linux/fs.h:889 at osd_create+0x9cf/0xcf0 [osd_wbcfs], CPU#10: llog_process_th/1984
00038 Modules linked in: ofd(O) osp(O) mdd(O) lod(O) mdt(O) lquota(O) lfsck(O) mgs(O) osd_wbcfs(O) lustre(O) obdecho(O) mgc(O) mdc(O) lov(O) osc(O) lmv(O) ec(O) fid(O) fld(O) ptlrpc(O) efivarfs obdclass(O) ksocklnd(O) lnet(O) libcfs(O)
00038 CPU: 10 UID: 0 PID: 1984 Comm: llog_process_th Tainted: G        W  O        7.0.0-ktest-382dcb6-6330a45-20260728-dirty #1 PREEMPT 
00038 Tainted: [W]=WARN, [O]=OOT_MODULE
00038 Hardware name: QEMU Standard PC (Q35 + ICH9, 2009), BIOS 2025.11-3ubuntu7 03/31/2026
00038 RIP: 0010:osd_create+0x9cf/0xcf0 [osd_wbcfs]
00038 Code: c7 c7 00 c6 7b a1 48 c7 c6 a0 42 7d a1 48 c7 c2 00 4c 7d a1 e8 82 dd 43 ff 48 c7 c7 00 c6 7b a1 e8 f6 6a 44 ff e9 fe fc ff ff <0f> 0b e9 a5 fa ff ff 48 c7 c1 80 44 5d a0 80 e1 07 80 c1 03 38 c1
00038 RSP: 0018:ffffc900081ef530 EFLAGS: 00010246
00038 RAX: 0000000000000000 RBX: ffff888139caa800 RCX: 0000000000000046
00038 RDX: ffffffff84c41d40 RSI: ffff88813c98ed38 RDI: ffff8881404b4b18
00038 RBP: ffff88813c98eca8 R08: 0000000000000001 R09: 0000000000000000
00038 R10: dffffc0000000000 R11: ffffed1027931d8a R12: ffff88811b2c3d00
00038 R13: dffffc0000000000 R14: 1ffff11027395500 R15: 1ffff9200103dedb
00038 FS:  0000000000000000(0000) GS:ffff88831e92d000(0000) knlGS:0000000000000000
00038 CS:  0010 DS: 0000 ES: 0000 CR0: 0000000080050033
00038 CR2: 00007f78200053e8 CR3: 0000000004274000 CR4: 0000000000750eb0
00038 PKRU: 55555554
00038 Call Trace:
00038  <TASK>
00038  ? dt_find_or_create+0x81a/0x1170 [obdclass]
00038  ? fld_index_init+0x404/0x1610 [fld]
00038  ? is_module_address+0x1b/0x70
00038  ? is_module_address+0x5e/0x70
00038  ? __asan_memset+0x22/0x40
00038  ? fld_server_init+0x1d7/0x580 [fld]
00038  ? ofd_seqs_init+0x430/0x1370 [ofd]
00038  ? ofd_fs_setup+0x13c/0xdd0 [ofd]
00038  ? ofd_device_alloc+0x1f64/0x3600 [ofd]
00038  ? obd_setup+0x25c/0x960 [obdclass]
00038  ? class_setup+0xc7d/0x10e0 [obdclass]
00038  ? class_process_config+0x2edb/0x7cb0 [obdclass]
00038  ? __kasan_kmalloc+0x72/0x80
00038  ? class_config_llog_handler+0x2954/0x4f80 [obdclass]
00038  ? class_config_llog_handler+0x2cea/0x4f80 [obdclass]
00038  ? lustre_cfg_rec_free+0x350/0x350 [obdclass]
00038  ? llog_process_thread+0x1fd2/0x4f70 [obdclass]
00038  ? _raw_spin_unlock+0x23/0x40
00038  ? llog_process_thread_daemonize+0x16d/0x1b0 [obdclass]
00038  ? kthread+0x2cd/0x3a0
00038  ? llog_process_or_fork+0xc90/0xc90 [obdclass]
00038  ? kthread_unuse_mm+0x130/0x130
00038  ? ret_from_fork+0x18c/0x520
00038  ? kthread_unuse_mm+0x130/0x130
00038  ? ret_from_fork_asm+0x11/0x20
00038  </TASK>
00038 ---[ end trace 0000000000000000 ]---
00038 ------------[ cut here ]------------
00038 WARNING: /home/ktest/git/linux/include/linux/fs.h:889 at osd_create+0x9cf/0xcf0 [osd_wbcfs], CPU#10: llog_process_th/1984
00038 Modules linked in: ofd(O) osp(O) mdd(O) lod(O) mdt(O) lquota(O) lfsck(O) mgs(O) osd_wbcfs(O) lustre(O) obdecho(O) mgc(O) mdc(O) lov(O) osc(O) lmv(O) ec(O) fid(O) fld(O) ptlrpc(O) efivarfs obdclass(O) ksocklnd(O) lnet(O) libcfs(O)
00038 CPU: 10 UID: 0 PID: 1984 Comm: llog_process_th Tainted: G        W  O        7.0.0-ktest-382dcb6-6330a45-20260728-dirty #1 PREEMPT 
00038 Tainted: [W]=WARN, [O]=OOT_MODULE
00038 Hardware name: QEMU Standard PC (Q35 + ICH9, 2009), BIOS 2025.11-3ubuntu7 03/31/2026
00038 RIP: 0010:osd_create+0x9cf/0xcf0 [osd_wbcfs]
00038 Code: c7 c7 00 c6 7b a1 48 c7 c6 a0 42 7d a1 48 c7 c2 00 4c 7d a1 e8 82 dd 43 ff 48 c7 c7 00 c6 7b a1 e8 f6 6a 44 ff e9 fe fc ff ff <0f> 0b e9 a5 fa ff ff 48 c7 c1 80 44 5d a0 80 e1 07 80 c1 03 38 c1
00038 RSP: 0018:ffffc900081ef6e0 EFLAGS: 00010246
00038 RAX: 0000000000000000 RBX: ffff888139caf400 RCX: 0000000000000046
00038 RDX: 0000000000000000 RSI: ffff88813c98e620 RDI: ffff8881404b4b18
00038 RBP: ffff88813c98e590 R08: ffffffff83a16803 R09: 1ffffffff0742d00
00038 R10: dffffc0000000000 R11: fffffbfff0742d01 R12: ffff888154cf9030
00038 R13: dffffc0000000000 R14: 1ffff11027395e80 R15: 1ffff1102a99f242
00038 FS:  0000000000000000(0000) GS:ffff88831e92d000(0000) knlGS:0000000000000000
00038 CS:  0010 DS: 0000 ES: 0000 CR0: 0000000080050033
00038 CR2: 00007f78200053e8 CR3: 0000000004274000 CR4: 0000000000750eb0
00038 PKRU: 55555554
00038 Call Trace:
00038  <TASK>
00038  ? dt_find_or_create+0x81a/0x1170 [obdclass]
00038  ? ofd_fs_setup+0x42c/0xdd0 [ofd]
00038  ? ofd_device_alloc+0x1f64/0x3600 [ofd]
00038  ? obd_setup+0x25c/0x960 [obdclass]
00038  ? class_setup+0xc7d/0x10e0 [obdclass]
00038  ? class_process_config+0x2edb/0x7cb0 [obdclass]
00038  ? __kasan_kmalloc+0x72/0x80
00038  ? class_config_llog_handler+0x2954/0x4f80 [obdclass]
00038  ? class_config_llog_handler+0x2cea/0x4f80 [obdclass]
00038  ? lustre_cfg_rec_free+0x350/0x350 [obdclass]
00038  ? llog_process_thread+0x1fd2/0x4f70 [obdclass]
00038  ? _raw_spin_unlock+0x23/0x40
00038  ? llog_process_thread_daemonize+0x16d/0x1b0 [obdclass]
00038  ? kthread+0x2cd/0x3a0
00038  ? llog_process_or_fork+0xc90/0xc90 [obdclass]
00038  ? kthread_unuse_mm+0x130/0x130
00038  ? ret_from_fork+0x18c/0x520
00038  ? kthread_unuse_mm+0x130/0x130
00038  ? ret_from_fork_asm+0x11/0x20
00038  </TASK>
00038 ---[ end trace 0000000000000000 ]---
00038 ------------[ cut here ]------------
00038 WARNING: /home/ktest/git/linux/include/linux/fs.h:889 at osd_create+0x9cf/0xcf0 [osd_wbcfs], CPU#10: llog_process_th/1984
00038 Modules linked in: ofd(O) osp(O) mdd(O) lod(O) mdt(O) lquota(O) lfsck(O) mgs(O) osd_wbcfs(O) lustre(O) obdecho(O) mgc(O) mdc(O) lov(O) osc(O) lmv(O) ec(O) fid(O) fld(O) ptlrpc(O) efivarfs obdclass(O) ksocklnd(O) lnet(O) libcfs(O)
00038 CPU: 10 UID: 0 PID: 1984 Comm: llog_process_th Tainted: G        W  O        7.0.0-ktest-382dcb6-6330a45-20260728-dirty #1 PREEMPT 
00038 Tainted: [W]=WARN, [O]=OOT_MODULE
00038 Hardware name: QEMU Standard PC (Q35 + ICH9, 2009), BIOS 2025.11-3ubuntu7 03/31/2026
00038 RIP: 0010:osd_create+0x9cf/0xcf0 [osd_wbcfs]
00038 Code: c7 c7 00 c6 7b a1 48 c7 c6 a0 42 7d a1 48 c7 c2 00 4c 7d a1 e8 82 dd 43 ff 48 c7 c7 00 c6 7b a1 e8 f6 6a 44 ff e9 fe fc ff ff <0f> 0b e9 a5 fa ff ff 48 c7 c1 80 44 5d a0 80 e1 07 80 c1 03 38 c1
00038 RSP: 0018:ffffc900081ef6e0 EFLAGS: 00010246
00038 RAX: 0000000000000000 RBX: ffff888139cae400 RCX: 0000000000000046
00038 RDX: 0000000000000000 RSI: ffff88813c98df08 RDI: ffff8881404b4b18
00038 RBP: ffff88813c98de78 R08: ffffffff83a16803 R09: 1ffffffff0742d00
00038 R10: dffffc0000000000 R11: fffffbfff0742d01 R12: ffff888154cf9030
00038 R13: dffffc0000000000 R14: 1ffff11027395c80 R15: 1ffff1102a99f242
00038 FS:  0000000000000000(0000) GS:ffff88831e92d000(0000) knlGS:0000000000000000
00038 CS:  0010 DS: 0000 ES: 0000 CR0: 0000000080050033
00038 CR2: 00007f78200053e8 CR3: 0000000004274000 CR4: 0000000000750eb0
00038 PKRU: 55555554
00038 Call Trace:
00038  <TASK>
00038  ? dt_find_or_create+0x81a/0x1170 [obdclass]
00038  ? ofd_fs_setup+0x57f/0xdd0 [ofd]
00038  ? ofd_device_alloc+0x1f64/0x3600 [ofd]
00038  ? obd_setup+0x25c/0x960 [obdclass]
00038  ? class_setup+0xc7d/0x10e0 [obdclass]
00038  ? class_process_config+0x2edb/0x7cb0 [obdclass]
00038  ? __kasan_kmalloc+0x72/0x80
00038  ? class_config_llog_handler+0x2954/0x4f80 [obdclass]
00038  ? class_config_llog_handler+0x2cea/0x4f80 [obdclass]
00038  ? lustre_cfg_rec_free+0x350/0x350 [obdclass]
00038  ? llog_process_thread+0x1fd2/0x4f70 [obdclass]
00038  ? _raw_spin_unlock+0x23/0x40
00038  ? llog_process_thread_daemonize+0x16d/0x1b0 [obdclass]
00038  ? kthread+0x2cd/0x3a0
00038  ? llog_process_or_fork+0xc90/0xc90 [obdclass]
00038  ? kthread_unuse_mm+0x130/0x130
00038  ? ret_from_fork+0x18c/0x520
00038  ? kthread_unuse_mm+0x130/0x130
00038  ? ret_from_fork_asm+0x11/0x20
00038  </TASK>
00038 ---[ end trace 0000000000000000 ]---
00038 ------------[ cut here ]------------
00038 WARNING: /home/ktest/git/linux/include/linux/fs.h:889 at osd_create+0x9cf/0xcf0 [osd_wbcfs], CPU#10: llog_process_th/1984
00038 Modules linked in: ofd(O) osp(O) mdd(O) lod(O) mdt(O) lquota(O) lfsck(O) mgs(O) osd_wbcfs(O) lustre(O) obdecho(O) mgc(O) mdc(O) lov(O) osc(O) lmv(O) ec(O) fid(O) fld(O) ptlrpc(O) efivarfs obdclass(O) ksocklnd(O) lnet(O) libcfs(O)
00038 CPU: 10 UID: 0 PID: 1984 Comm: llog_process_th Tainted: G        W  O        7.0.0-ktest-382dcb6-6330a45-20260728-dirty #1 PREEMPT 
00038 Tainted: [W]=WARN, [O]=OOT_MODULE
00038 Hardware name: QEMU Standard PC (Q35 + ICH9, 2009), BIOS 2025.11-3ubuntu7 03/31/2026
00038 RIP: 0010:osd_create+0x9cf/0xcf0 [osd_wbcfs]
00038 Code: c7 c7 00 c6 7b a1 48 c7 c6 a0 42 7d a1 48 c7 c2 00 4c 7d a1 e8 82 dd 43 ff 48 c7 c7 00 c6 7b a1 e8 f6 6a 44 ff e9 fe fc ff ff <0f> 0b e9 a5 fa ff ff 48 c7 c1 80 44 5d a0 80 e1 07 80 c1 03 38 c1
00038 RSP: 0018:ffffc900081ef4a8 EFLAGS: 00010246
00038 RAX: 0000000000000000 RBX: ffff888139cc3800 RCX: 0000000000000046
00038 RDX: ffffffff84c41d40 RSI: ffff88813c98d7f0 RDI: ffff8881404b4b18
00038 RBP: ffff88813c98d760 R08: 0000000000000001 R09: 0000000000000000
00038 R10: dffffc0000000000 R11: ffffed1027931ae1 R12: ffff8881a962e418
00038 R13: dffffc0000000000 R14: 1ffff11027398700 R15: 1ffff110352c5c92
00038 FS:  0000000000000000(0000) GS:ffff88831e92d000(0000) knlGS:0000000000000000
00038 CS:  0010 DS: 0000 ES: 0000 CR0: 0000000080050033
00038 CR2: 00007f78200053e8 CR3: 0000000004274000 CR4: 0000000000750eb0
00038 PKRU: 55555554
00038 Call Trace:
00038  <TASK>
00038  ? local_object_create+0x109/0x640 [obdclass]
00038  ? dt_write_lock+0x16d/0x2a0 [obdclass]
00038  ? __local_file_create+0xce4/0x1bc0 [obdclass]
00038  ? local_index_find_or_create+0x1dc/0x2c0 [obdclass]
00038  ? nodemap_cache_find_create+0x4f9/0xe80 [ptlrpc]
00038  ? nodemap_save_config_cache+0x123/0x19b0 [ptlrpc]
00038  ? nm_config_file_register_tgt+0x19b/0x860 [ptlrpc]
00038  ? nm_config_file_register_tgt+0x1a9/0x860 [ptlrpc]
00038  ? ofd_device_alloc+0x213d/0x3600 [ofd]
00038  ? obd_setup+0x25c/0x960 [obdclass]
00038  ? class_setup+0xc7d/0x10e0 [obdclass]
00038  ? class_process_config+0x2edb/0x7cb0 [obdclass]
00038  ? __kasan_kmalloc+0x72/0x80
00038  ? class_config_llog_handler+0x2954/0x4f80 [obdclass]
00038  ? class_config_llog_handler+0x2cea/0x4f80 [obdclass]
00038  ? lustre_cfg_rec_free+0x350/0x350 [obdclass]
00038  ? llog_process_thread+0x1fd2/0x4f70 [obdclass]
00038  ? _raw_spin_unlock+0x23/0x40
00038  ? llog_process_thread_daemonize+0x16d/0x1b0 [obdclass]
00038  ? kthread+0x2cd/0x3a0
00038  ? llog_process_or_fork+0xc90/0xc90 [obdclass]
00038  ? kthread_unuse_mm+0x130/0x130
00038  ? ret_from_fork+0x18c/0x520
00038  ? kthread_unuse_mm+0x130/0x130
00038  ? ret_from_fork_asm+0x11/0x20
00038  </TASK>
00038 ---[ end trace 0000000000000000 ]---
00038 Lustre: lustre-OST0001: Imperative Recovery not enabled, recovery window 300-900
00038 Lustre: Skipped 2 previous similar messages
00061 CLEANUP LUSTRE ... Lustre: Unmounted lustre-client
00062 Lustre: server umount lustre-OST0000 complete
00062 Lustre: server umount lustre-OST0001 complete
00066 LustreError: lustre-MDT0001-osp-MDT0000: operation mds_statfs to node 0@lo failed: rc = -107
00066 Lustre: lustre-MDT0001-osp-MDT0000: Connection to lustre-MDT0001 (at 0@lo) was lost; in progress operations using this service will wait for recovery to complete
00066 Lustre: lustre-MDT0001: Not available for connect from 0@lo (stopping)
00073 Lustre: server umount lustre-MDT0001 complete
00082 Lustre: server umount lustre-MDT0000 complete
00082 21s
00082 
00082 ========= PASSED llmount in 53s
00082 
00082 Passed: llmount
00082 Failed: 
00082 NOTICE: Automounting of tracing to debugfs is deprecated and will be removed in 2030
00082 Kernel version: 7.0.0-ktest-382dcb6-6330a45-20260728-dirty
00082 TEST SUCCESS
