00001 
00004 LNetError: 80:0:(lib-socket.c:619:lnet_inet_enumerate()) lnet: Can't find any usable interfaces, rc = -ENOENT
00004 LNetError: Error -100 starting up LNI tcp
00004 LustreError: 80:0:(events.c:627:ptlrpc_init_portals()) network initialisation failed: rc = -100
00008 tlp: vm.laptop_mode is deprecated. Ignoring setting.
00008 Kernel version: 7.0.0-ktest-6eb18a2-6330a45-20260928-dirty
00009 hook init_noop
00009 
00009 Running tests sanity-quick
00009 
00009 ========= TEST   sanity-quick
00009 0a 0b 0c 0d 0e 1 2 3 4 5 6a 6c 6e 6g 6h 6i 7a 7b 8 9 10 11 12 13 14 15 16 17a 17b 17c 17d 17e 17f 17g 17h 17i 17k 17l 17m 17n 17o 17p 17q 18 19a 19b 19c 19d 20 21 22 23a 23b 23c 23d 24a 24b 24c 24d 24e 24f 24g 24h 24i 24j 24k 24l 24m 24n 24o 24p 24q 24r 24s 24t 24u 24v 24w 24x 24y 24z 24A 24B 24C 24E 24F 24G 24H 24I 25a 25b 26a 26b 26c 26d 26e 26f 27a 27b 27ca 27cb 27cc 27cd 27ce 27cf 27cg 27d 27e 27f 27g 27ga 27i 27j 27k 27l 27m 27n 27o 27oo 27p 27q 27r 27s 27t 27u 27v 27w 27wa 27x 27y 27z 27A 27B 27Ca 27Cb 27Cc 27Cd 27Ce 27Cf 27Cg 27Ci 27Cj 27D 27E 27F 27G 27H 27I 27Ia 27J 27K 27Ke 27L 27M 27N 27O 27P 27Q 27R 27T 27U 27V 27W 27X 28 29 30a 30b 30c 30d 31a 31b 31c 31d 31e 31f 31g 31h 31i 31j 31k 31l 31m 31n 31o 31p 31q 31r 32a 32b 32c 32d 32e 32f 32g 32h 32i 32j 32k 32l 32m 32n 32o 32p 32q 32r 33aa 33a 33b 33c 33d 33e 33f 33g 33h 33hh 33i 33j 34a 34b 34c 34d 34e 34f 34g 34h 35a 36a 36b 36c 36d 36e 36f 36g 36h 36i 38 39a 39b 39c 39d 39e 39f 39g 39h 39i 39j 39k 39l 39m 39n 39o 39p 39r 39q 39s 39u 40 41 42a 42b 42c 42d 42e 43A 43a 43b 43c 44A 44a 44b 44c 44d 44e 44f 44g 45 46 48a 48b 48c 48d 48e 48f 49a 49b 49c 50 51a 51b 51c 51d 51e 51f 52a 52b 53 54a 54b 54c 54d 54e 55a 55b 55c 56a 56b 56bb 56bc 56bd 56c 56ca 56d 56e 56g 56h 56i 56ib 56j 56k 56l 56m 56n 56o 56ob 56oc 56od 56oe 56p 56q 56r 56ra 56rb 56rc 56rd 56re 56rf 56s 56t 56u 56v 56wa 56wb 56wc 56wd 56we 56x 56xB 56xC 56xD 56xa 56xab 56xb 56xc 56xd 56xe 56xf 56xg 56xh 56xi 56xj 56xk 56xl 56y 56z 56Aa 56ab 56aca 56acb 56acc 56Ba 56Ca 56Da 56Db 56Dc 56Dd 56Ea 56Eaa 56Eab 56Eb 56Ebb 56Ec 56Ed 56Eda 56Edb 56Ef 56Eg 56Eh 56Ei 56Ej 56Ek 57a 57b 58 59 60a 60b 60c 60d 60e 60f 60g 60h 60i 60j 61a 61b 63a 63b 64a 64b 64c 64d 64e 64f 64g 64h 64i 64j 65a 65b 65c 65d 65e 65f 65g 65h 65i 65j 65k 65l 65m 65n 65o 65p 65q 65r 66 69 70a 71 72a 72b 73 74a 74b 74c 76a 76b 77a 77b 77c 77d 77f 77g 77k 77l 77m 77n 77o 78 79 80 81a 81b 99 100 101a 101b 101c 101d 101e 101f 101g 101h 101i 101j 101m 102a 102b 102c 102d 102f 102h 102ha 102i 102j 102k 102l 102m 102n 102p 102q 102r 102s 102t 103a 103b 103c 103e 103f 103g 104a 104b 104c 104d 105a 105b 105c 105d 105e 105f 105g 105h 105i 106 107 110 116a 116b 117 118a 118b 118c 118d 118f 118g 118h 118i 118j 118k 118l 118m 118n 119a 119b 119c 119e 119f 119g 119h 119i 119j 119k 119m 119n 119o 119p 119q 119r 120a 120b 120c 120d 120e 120f 120g 121 123aa 123ab 123ac 123ad 123b 123c 123d 123e 123f 123g 123h 123i 123j 123k 123l 124a 124b 124c 124d 124e 124f 124g 125 126 127a 127b 127c 127d 127e 127f 128 129 130a 130b 130c 130d 130e 130f 130g 130h 130i 131a 131b 131c 131d 131e 133a 133b 133c 133d 133e 133f 133g 133h 134a 134b 135 136 140 150a 150b 150bb 150c 150d 150e 150f 150g 150h 150ia 150ib 150ic 151 152 153 154A 154B 154C 154a 154b 154c 154d 154e 154ea 154f 154g 154h 154i 154j 155a 155b 155c 155d 155e 155f 155g 155h 156 157a 157b 160a 160b 160c 160d 160e 160f 160g 160h 160i 160j 160k 160l 160m 160n 160o 160p 160q 160s 160t 160u 160v 160w 161a 161b 161c 161d 162a 162b 162c 165a 165b 165c 165d 165e 165f 165g 169 170a 170b 171 172 180a 180b 180c 181 182a 182b 183 184a 184b 184c 184d 184e 184f 185 185a 187a 187b 190a 190b 190c 200 204a 204b 204c 204d 204e 204f 204g 204h 205a 205b 205c 205d 205e 205f 205g 205h 205i 205k 205l 205m 206 207a 207b 208 209 210 212 213 214 215 216 217 218 219 220 221 222a 222b 223 224a 224b 224c 224d 225a 225b 226a 226b 226c 226d 226e 227 228a 228b 228c 229 230a 230b 230c 230d 230e 230f 230g 230h 230i 230j 230k 230l 230m 230n 230o 230p 230q 230r 230s 230t 230u 230v 230w 230x 230y 230z 230A 230B 231a 231b 232a 232b 233a 233b 234 235 236 238 239A 239a 239b 240 241a 241b 242 243 244a 244b 245a 245b 247a 247b 247c 247d 247e 247f 247g 247h 248a 248b 248c 248d 249 250 251a 252 253 254 255a 255b 255c 256 257 258a 258b 259 260 270a 270b 270c 270d 270e 270f 270g 270h 270i 270j 271a 271b 271ba 271c 271d 271f 271g 272a 272b 272c 272d 272e 272f 273a 273b 273c 275 276 277 278 280 300a 300b 300c 300d 300e 300f 300g 300h 300i 300j 300k 300l 300m 300n 300ne 300o 300p 300q 300r 300s 300t 300ua 300ub 300uc 300ud 300ue 300uf 300ug 300uh 300ui 300uj 310a 310b 310c 311 312 313 314 315 316 317 318 319 350 398a 398b 398c 398d 398e 398f 398g 398h 398i 398j 398k 398l 398m 398n 398o 398p 398q 398r 398s 398t 398u 399a 399b 400a 400b 401a 401aa 401ab 401ac 401ad 401b 401c 401d 401db 401e 401fa 401fb 401ga 401gb 401gc 401gd 402 403 404 405 406 407 408 409 410 411a 411b 412 413A 413a 413b 413c 413d 413e 413f 413g 413h 413i 413j 413k 413l 413z 414 415 416 417 418 419 420 421a 421b 421c 421d 421e 421f 421g 421h 422 423 424 425 426 427 428 429 430a 430b 430c 431 432 433 434 440 442 460d 600a 600b 600c 600d 801a 801b 801c 802b 802c 803a 803b 804 805 806 807a 807b 808 809 810 812a 812b 812c 813 814 815 816 817 818 819a 819b 820 823 831 832 833 834 842 850 851 852 853 854 855 860 900 901 902 903 904 905 906 907 908a 908b 909 910 911 920
00009 0a 0b 0c 0d 0e 1 2 3 4 5
00009 0a,0b,0c,0d,0e,1,2,3,4,5
00013 SETUP LUSTRE ... LNet: Added LNI 10.0.2.15@tcp [8/256/0/180]
00014 Lustre: Echo OBD driver; http://www.lustre.org/
00014 Lustre: 1753:0:(mdt_handler.c:64:mdt_max_mod_rpcs_per_client_set()) max_mod_rpcs_per_client is deprecated, set mdt.*.max_mod_rpcs_in_flight parameter instead
00014 ------------[ cut here ]------------
00014 WARNING: /home/ktest/git/linux/include/linux/fs.h:889 at osd_create+0x9cf/0xcf0 [osd_wbcfs], CPU#2: ll_mgs_0002/1750
00014 Modules linked in: mdt(O) lquota(O) lfsck(O) mgs(O) osd_wbcfs(O) lustre(O) obdecho(O) mgc(O) mdc(O) lov(O) osc(O) lmv(O) ec(O) fid(O) fld(O) ptlrpc(O) efivarfs obdclass(O) ksocklnd(O) lnet(O) libcfs(O)
00014 CPU: 2 UID: 0 PID: 1750 Comm: ll_mgs_0002 Tainted: G           O        7.0.0-ktest-6eb18a2-6330a45-20260928-dirty #1 PREEMPT 
00014 Tainted: [O]=OOT_MODULE
00014 Hardware name: QEMU Standard PC (Q35 + ICH9, 2009), BIOS 2025.11-3ubuntu7 03/31/2026
00014 RIP: 0010:osd_create+0x9cf/0xcf0 [osd_wbcfs]
00014 Code: c7 c7 00 96 7b a1 48 c7 c6 a0 12 7d a1 48 c7 c2 00 1c 7d a1 e8 52 f1 43 ff 48 c7 c7 00 96 7b a1 e8 46 81 44 ff e9 fe fc ff ff <0f> 0b e9 a5 fa ff ff 48 c7 c1 80 44 5d a0 80 e1 07 80 c1 03 38 c1
00014 RSP: 0018:ffffc900012ef740 EFLAGS: 00010246
00014 RAX: 0000000000000000 RBX: ffff88814b24cc00 RCX: 0000000000000046
00014 RDX: 0000000000000000 RSI: ffff88815403fb68 RDI: ffff88814f202aa8
00014 RBP: ffff88815403fad8 R08: ffffffff83a16803 R09: 1ffffffff0742d00
00014 R10: dffffc0000000000 R11: fffffbfff0742d01 R12: ffff88814e112400
00014 R13: dffffc0000000000 R14: 1ffff11029649980 R15: 1ffff11029c2248f
00014 FS:  0000000000000000(0000) GS:ffff8881d4b29000(0000) knlGS:0000000000000000
00014 CS:  0010 DS: 0000 ES: 0000 CR0: 0000000080050033
00014 CR2: 00007fa9093e6204 CR3: 00000001263be000 CR4: 0000000000750eb0
00014 PKRU: 55555554
00014 Call Trace:
00014  <TASK>
00014  ? local_object_create+0x109/0x640 [obdclass]
00014  ? dt_write_lock+0x16d/0x2a0 [obdclass]
00014  ? llog_osd_create+0x356/0x10d0 [obdclass]
00014  ? llog_create+0x2ed/0x530 [obdclass]
00014  ? llog_open_create+0x6e7/0xb30 [obdclass]
00014  ? mgs_find_or_make_fsdb_nolock+0x16d4/0x2d80 [mgs]
00014  ? class_find_param+0x25/0x70 [obdclass]
00014  ? mgs_find_or_make_fsdb+0xda/0x1f0 [mgs]
00014  ? mgs_target_reg+0x2333/0x4480 [mgs]
00014  ? tgt_request_handle+0x23ad/0x3d30 [ptlrpc]
00014  ? ptlrpc_main+0x6359/0x96f0 [ptlrpc]
00014  ? __kthread_parkme+0x73/0x130
00014  ? kthread+0x2cd/0x3a0
00014  ? ptlrpc_start_thread+0x1f10/0x1f10 [ptlrpc]
00014  ? kthread_unuse_mm+0x130/0x130
00014  ? ret_from_fork+0x18c/0x520
00014  ? kthread_unuse_mm+0x130/0x130
00014  ? ret_from_fork_asm+0x11/0x20
00014  </TASK>
00014 ---[ end trace 0000000000000000 ]---
00014 ------------[ cut here ]------------
00014 WARNING: /home/ktest/git/linux/include/linux/fs.h:889 at osd_create+0x9cf/0xcf0 [osd_wbcfs], CPU#1: ll_mgs_0002/1750
00014 Modules linked in: mdt(O) lquota(O) lfsck(O) mgs(O) osd_wbcfs(O) lustre(O) obdecho(O) mgc(O) mdc(O) lov(O) osc(O) lmv(O) ec(O) fid(O) fld(O) ptlrpc(O) efivarfs obdclass(O) ksocklnd(O) lnet(O) libcfs(O)
00014 CPU: 1 UID: 0 PID: 1750 Comm: ll_mgs_0002 Tainted: G        W  O        7.0.0-ktest-6eb18a2-6330a45-20260928-dirty #1 PREEMPT 
00014 Tainted: [W]=WARN, [O]=OOT_MODULE
00014 Hardware name: QEMU Standard PC (Q35 + ICH9, 2009), BIOS 2025.11-3ubuntu7 03/31/2026
00014 RIP: 0010:osd_create+0x9cf/0xcf0 [osd_wbcfs]
00014 Code: c7 c7 00 96 7b a1 48 c7 c6 a0 12 7d a1 48 c7 c2 00 1c 7d a1 e8 52 f1 43 ff 48 c7 c7 00 96 7b a1 e8 46 81 44 ff e9 fe fc ff ff <0f> 0b e9 a5 fa ff ff 48 c7 c1 80 44 5d a0 80 e1 07 80 c1 03 38 c1
00014 RSP: 0018:ffffc900012ef688 EFLAGS: 00010246
00014 RAX: 0000000000000000 RBX: ffff88814b0e3800 RCX: 0000000000000046
00014 RDX: 0000000000000000 RSI: ffff88803c3f50d8 RDI: ffff88814f202aa8
00014 RBP: ffff88803c3f5048 R08: ffffffff83a16803 R09: 1ffffffff0742d00
00014 R10: dffffc0000000000 R11: fffffbfff0742d01 R12: ffff88814e112400
00014 R13: dffffc0000000000 R14: 1ffff1102961c700 R15: 1ffff11029c2248f
00014 FS:  0000000000000000(0000) GS:ffff8881d4aa9000(0000) knlGS:0000000000000000
00014 CS:  0010 DS: 0000 ES: 0000 CR0: 0000000080050033
00014 CR2: 00007fae88de6204 CR3: 0000000123455000 CR4: 0000000000750eb0
00014 PKRU: 55555554
00014 Call Trace:
00014  <TASK>
00014  ? local_object_create+0x109/0x640 [obdclass]
00014  ? dt_write_lock+0x16d/0x2a0 [obdclass]
00014  ? llog_osd_create+0x356/0x10d0 [obdclass]
00014  ? llog_create+0x2ed/0x530 [obdclass]
00014  ? llog_open_create+0x6e7/0xb30 [obdclass]
00014  ? record_start_log+0x348/0xa40 [mgs]
00014  ? mgs_write_log_lov+0x3ac/0xde0 [mgs]
00014  ? mgs_write_log_target+0x17a4/0x6ab0 [mgs]
00014  ? mgs_target_reg+0x254e/0x4480 [mgs]
00014  ? tgt_request_handle+0x23ad/0x3d30 [ptlrpc]
00014  ? ptlrpc_main+0x6359/0x96f0 [ptlrpc]
00014  ? __kthread_parkme+0x73/0x130
00014  ? kthread+0x2cd/0x3a0
00014  ? ptlrpc_start_thread+0x1f10/0x1f10 [ptlrpc]
00014  ? kthread_unuse_mm+0x130/0x130
00014  ? ret_from_fork+0x18c/0x520
00014  ? kthread_unuse_mm+0x130/0x130
00014  ? ret_from_fork_asm+0x11/0x20
00014  </TASK>
00014 ---[ end trace 0000000000000000 ]---
00014 ------------[ cut here ]------------
00014 WARNING: /home/ktest/git/linux/include/linux/fs.h:889 at osd_create+0x9cf/0xcf0 [osd_wbcfs], CPU#0: llog_process_th/1773
00014 Modules linked in: mdd(O) lod(O) mdt(O) lquota(O) lfsck(O) mgs(O) osd_wbcfs(O) lustre(O) obdecho(O) mgc(O) mdc(O) lov(O) osc(O) lmv(O) ec(O) fid(O) fld(O) ptlrpc(O) efivarfs obdclass(O) ksocklnd(O) lnet(O) libcfs(O)
00014 CPU: 0 UID: 0 PID: 1773 Comm: llog_process_th Tainted: G        W  O        7.0.0-ktest-6eb18a2-6330a45-20260928-dirty #1 PREEMPT 
00014 Tainted: [W]=WARN, [O]=OOT_MODULE
00014 Hardware name: QEMU Standard PC (Q35 + ICH9, 2009), BIOS 2025.11-3ubuntu7 03/31/2026
00014 RIP: 0010:osd_create+0x9cf/0xcf0 [osd_wbcfs]
00014 Code: c7 c7 00 96 7b a1 48 c7 c6 a0 12 7d a1 48 c7 c2 00 1c 7d a1 e8 52 f1 43 ff 48 c7 c7 00 96 7b a1 e8 46 81 44 ff e9 fe fc ff ff <0f> 0b e9 a5 fa ff ff 48 c7 c1 80 44 5d a0 80 e1 07 80 c1 03 38 c1
00014 RSP: 0018:ffffc9000419f450 EFLAGS: 00010246
00014 RAX: 0000000000000000 RBX: ffff88814e95d400 RCX: 0000000000000046
00014 RDX: ffffffff84c45d40 RSI: ffff88803c2a7450 RDI: ffff8880373fcb18
00014 RBP: ffff88803c2a73c0 R08: 0000000000000001 R09: 0000000000000000
00014 R10: dffffc0000000000 R11: ffffed1007854e6d R12: ffff888123122b00
00014 R13: dffffc0000000000 R14: 1ffff11029d2ba80 R15: 1ffff92000833ebf
00014 FS:  0000000000000000(0000) GS:ffff8881d4a29000(0000) knlGS:0000000000000000
00014 CS:  0010 DS: 0000 ES: 0000 CR0: 0000000080050033
00014 CR2: 00007f0991be6204 CR3: 0000000004274000 CR4: 0000000000750eb0
00014 PKRU: 55555554
00014 Call Trace:
00014  <TASK>
00014  ? dt_find_or_create+0x81a/0x1170 [obdclass]
00014  ? fld_index_init+0x404/0x1610 [fld]
00014  ? is_module_address+0x1b/0x70
00014  ? is_module_address+0x5e/0x70
00014  ? __asan_memset+0x22/0x40
00014  ? fld_server_init+0x1d7/0x580 [fld]
00014  ? mdt_device_alloc+0x36b4/0x66c0 [mdt]
00014  ? __alloc_tagging_slab_alloc_hook+0x136/0x190
00014  ? obd_setup+0x25c/0x950 [obdclass]
00014  ? class_setup+0xc7d/0x10e0 [obdclass]
00014  ? class_process_config+0x2edb/0x7cb0 [obdclass]
00014  ? __kasan_kmalloc+0x72/0x80
00014  ? class_config_llog_handler+0x2954/0x4f80 [obdclass]
00014  ? class_config_llog_handler+0x2cea/0x4f80 [obdclass]
00014  ? lustre_cfg_rec_free+0x350/0x350 [obdclass]
00014  ? llog_process_thread+0x1fd2/0x4f70 [obdclass]
00014  ? _raw_spin_unlock+0x23/0x40
00014  ? llog_process_thread_daemonize+0x16d/0x1b0 [obdclass]
00014  ? kthread+0x2cd/0x3a0
00014  ? llog_process_or_fork+0xc90/0xc90 [obdclass]
00014  ? kthread_unuse_mm+0x130/0x130
00014  ? ret_from_fork+0x18c/0x520
00014  ? kthread_unuse_mm+0x130/0x130
00014  ? ret_from_fork_asm+0x11/0x20
00014  </TASK>
00014 ---[ end trace 0000000000000000 ]---
00014 ------------[ cut here ]------------
00014 WARNING: /home/ktest/git/linux/include/linux/fs.h:889 at osd_create+0x9cf/0xcf0 [osd_wbcfs], CPU#0: llog_process_th/1773
00014 Modules linked in: mdd(O) lod(O) mdt(O) lquota(O) lfsck(O) mgs(O) osd_wbcfs(O) lustre(O) obdecho(O) mgc(O) mdc(O) lov(O) osc(O) lmv(O) ec(O) fid(O) fld(O) ptlrpc(O) efivarfs obdclass(O) ksocklnd(O) lnet(O) libcfs(O)
00014 CPU: 0 UID: 0 PID: 1773 Comm: llog_process_th Tainted: G        W  O        7.0.0-ktest-6eb18a2-6330a45-20260928-dirty #1 PREEMPT 
00014 Tainted: [W]=WARN, [O]=OOT_MODULE
00014 Hardware name: QEMU Standard PC (Q35 + ICH9, 2009), BIOS 2025.11-3ubuntu7 03/31/2026
00014 RIP: 0010:osd_create+0x9cf/0xcf0 [osd_wbcfs]
00014 Code: c7 c7 00 96 7b a1 48 c7 c6 a0 12 7d a1 48 c7 c2 00 1c 7d a1 e8 52 f1 43 ff 48 c7 c7 00 96 7b a1 e8 46 81 44 ff e9 fe fc ff ff <0f> 0b e9 a5 fa ff ff 48 c7 c1 80 44 5d a0 80 e1 07 80 c1 03 38 c1
00014 RSP: 0018:ffffc9000419f430 EFLAGS: 00010246
00014 RAX: 0000000000000000 RBX: ffff88814e95d800 RCX: 0000000000000046
00014 RDX: 0000000000000000 RSI: ffff88803c2a6d38 RDI: ffff8880373fcb18
00014 RBP: ffff88803c2a6ca8 R08: ffffffff83a16803 R09: 1ffffffff0742d00
00014 R10: dffffc0000000000 R11: fffffbfff0742d01 R12: ffffc9000419f530
00014 R13: dffffc0000000000 R14: 1ffff11029d2bb00 R15: 1ffff92000833ea4
00014 FS:  0000000000000000(0000) GS:ffff8881d4a29000(0000) knlGS:0000000000000000
00014 CS:  0010 DS: 0000 ES: 0000 CR0: 0000000080050033
00014 CR2: 00007f0991be6204 CR3: 0000000004274000 CR4: 0000000000750eb0
00014 PKRU: 55555554
00014 Call Trace:
00014  <TASK>
00014  ? dt_find_or_create+0x81a/0x1170 [obdclass]
00014  ? seq_store_init+0x155/0x360 [fid]
00014  ? seq_server_init+0x290/0xba0 [fid]
00014  ? mdt_seq_init+0x513/0x1ef0 [mdt]
00014  ? fld_server_init+0x34e/0x580 [fld]
00014  ? mdt_device_alloc+0x39c5/0x66c0 [mdt]
00014  ? __alloc_tagging_slab_alloc_hook+0x136/0x190
00014  ? obd_setup+0x25c/0x950 [obdclass]
00014  ? class_setup+0xc7d/0x10e0 [obdclass]
00014  ? class_process_config+0x2edb/0x7cb0 [obdclass]
00014  ? __kasan_kmalloc+0x72/0x80
00014  ? class_config_llog_handler+0x2954/0x4f80 [obdclass]
00014  ? class_config_llog_handler+0x2cea/0x4f80 [obdclass]
00014  ? lustre_cfg_rec_free+0x350/0x350 [obdclass]
00014  ? llog_process_thread+0x1fd2/0x4f70 [obdclass]
00014  ? _raw_spin_unlock+0x23/0x40
00014  ? llog_process_thread_daemonize+0x16d/0x1b0 [obdclass]
00014  ? kthread+0x2cd/0x3a0
00014  ? llog_process_or_fork+0xc90/0xc90 [obdclass]
00014  ? kthread_unuse_mm+0x130/0x130
00014  ? ret_from_fork+0x18c/0x520
00014  ? kthread_unuse_mm+0x130/0x130
00014  ? ret_from_fork_asm+0x11/0x20
00014  </TASK>
00014 ---[ end trace 0000000000000000 ]---
00014 Lustre: ctl-lustre-MDT0000: No data found on store. Initialize space.
00014 ------------[ cut here ]------------
00014 WARNING: /home/ktest/git/linux/include/linux/fs.h:889 at osd_create+0x9cf/0xcf0 [osd_wbcfs], CPU#0: llog_process_th/1773
00014 Modules linked in: mdd(O) lod(O) mdt(O) lquota(O) lfsck(O) mgs(O) osd_wbcfs(O) lustre(O) obdecho(O) mgc(O) mdc(O) lov(O) osc(O) lmv(O) ec(O) fid(O) fld(O) ptlrpc(O) efivarfs obdclass(O) ksocklnd(O) lnet(O) libcfs(O)
00014 CPU: 0 UID: 0 PID: 1773 Comm: llog_process_th Tainted: G        W  O        7.0.0-ktest-6eb18a2-6330a45-20260928-dirty #1 PREEMPT 
00014 Tainted: [W]=WARN, [O]=OOT_MODULE
00014 Hardware name: QEMU Standard PC (Q35 + ICH9, 2009), BIOS 2025.11-3ubuntu7 03/31/2026
00014 RIP: 0010:osd_create+0x9cf/0xcf0 [osd_wbcfs]
00014 Code: c7 c7 00 96 7b a1 48 c7 c6 a0 12 7d a1 48 c7 c2 00 1c 7d a1 e8 52 f1 43 ff 48 c7 c7 00 96 7b a1 e8 46 81 44 ff e9 fe fc ff ff <0f> 0b e9 a5 fa ff ff 48 c7 c1 80 44 5d a0 80 e1 07 80 c1 03 38 c1
00014 RSP: 0018:ffffc9000419f430 EFLAGS: 00010246
00014 RAX: 0000000000000000 RBX: ffff88814e95f000 RCX: 0000000000000046
00014 RDX: 0000000000000000 RSI: ffff88803c2a6620 RDI: ffff8880373fcb18
00014 RBP: ffff88803c2a6590 R08: ffffffff83a16803 R09: 1ffffffff0742d00
00014 R10: dffffc0000000000 R11: fffffbfff0742d01 R12: ffffc9000419f530
00014 R13: dffffc0000000000 R14: 1ffff11029d2be00 R15: 1ffff92000833ea4
00014 FS:  0000000000000000(0000) GS:ffff8881d4a29000(0000) knlGS:0000000000000000
00014 CS:  0010 DS: 0000 ES: 0000 CR0: 0000000080050033
00014 CR2: 00007f0991be6204 CR3: 0000000004274000 CR4: 0000000000750eb0
00014 PKRU: 55555554
00014 Call Trace:
00014  <TASK>
00014  ? dt_find_or_create+0x81a/0x1170 [obdclass]
00014  ? seq_store_init+0x155/0x360 [fid]
00014  ? seq_server_init+0x290/0xba0 [fid]
00014  ? mdt_seq_init+0x2c1/0x1ef0 [mdt]
00014  ? fld_server_init+0x34e/0x580 [fld]
00014  ? mdt_device_alloc+0x39c5/0x66c0 [mdt]
00014  ? __alloc_tagging_slab_alloc_hook+0x136/0x190
00014  ? obd_setup+0x25c/0x950 [obdclass]
00014  ? class_setup+0xc7d/0x10e0 [obdclass]
00014  ? class_process_config+0x2edb/0x7cb0 [obdclass]
00014  ? __kasan_kmalloc+0x72/0x80
00014  ? class_config_llog_handler+0x2954/0x4f80 [obdclass]
00014  ? class_config_llog_handler+0x2cea/0x4f80 [obdclass]
00014  ? lustre_cfg_rec_free+0x350/0x350 [obdclass]
00014  ? llog_process_thread+0x1fd2/0x4f70 [obdclass]
00014  ? _raw_spin_unlock+0x23/0x40
00014  ? llog_process_thread_daemonize+0x16d/0x1b0 [obdclass]
00014  ? kthread+0x2cd/0x3a0
00014  ? llog_process_or_fork+0xc90/0xc90 [obdclass]
00014  ? kthread_unuse_mm+0x130/0x130
00014  ? ret_from_fork+0x18c/0x520
00014  ? kthread_unuse_mm+0x130/0x130
00014  ? ret_from_fork_asm+0x11/0x20
00014  </TASK>
00014 ---[ end trace 0000000000000000 ]---
00014 ------------[ cut here ]------------
00014 WARNING: /home/ktest/git/linux/include/linux/fs.h:889 at osd_create+0x9cf/0xcf0 [osd_wbcfs], CPU#0: llog_process_th/1773
00014 Modules linked in: mdd(O) lod(O) mdt(O) lquota(O) lfsck(O) mgs(O) osd_wbcfs(O) lustre(O) obdecho(O) mgc(O) mdc(O) lov(O) osc(O) lmv(O) ec(O) fid(O) fld(O) ptlrpc(O) efivarfs obdclass(O) ksocklnd(O) lnet(O) libcfs(O)
00014 CPU: 0 UID: 0 PID: 1773 Comm: llog_process_th Tainted: G        W  O        7.0.0-ktest-6eb18a2-6330a45-20260928-dirty #1 PREEMPT 
00014 Tainted: [W]=WARN, [O]=OOT_MODULE
00014 Hardware name: QEMU Standard PC (Q35 + ICH9, 2009), BIOS 2025.11-3ubuntu7 03/31/2026
00014 RIP: 0010:osd_create+0x9cf/0xcf0 [osd_wbcfs]
00014 Code: c7 c7 00 96 7b a1 48 c7 c6 a0 12 7d a1 48 c7 c2 00 1c 7d a1 e8 52 f1 43 ff 48 c7 c7 00 96 7b a1 e8 46 81 44 ff e9 fe fc ff ff <0f> 0b e9 a5 fa ff ff 48 c7 c1 80 44 5d a0 80 e1 07 80 c1 03 38 c1
00014 RSP: 0018:ffffc9000419f470 EFLAGS: 00010246
00014 RAX: 0000000000000000 RBX: ffff888104939c00 RCX: 0000000000000046
00014 RDX: 0000000000000000 RSI: ffff88803c2a5f08 RDI: ffff8880373fcb18
00014 RBP: ffff88803c2a5e78 R08: ffffffff83a16803 R09: 1ffffffff0742d00
00014 R10: dffffc0000000000 R11: fffffbfff0742d01 R12: ffffc9000419f5e0
00014 R13: dffffc0000000000 R14: 1ffff11020927380 R15: 1ffff92000833ec9
00014 FS:  0000000000000000(0000) GS:ffff8881d4a29000(0000) knlGS:0000000000000000
00014 CS:  0010 DS: 0000 ES: 0000 CR0: 0000000080050033
00014 CR2: 00007f0991be6204 CR3: 0000000004274000 CR4: 0000000000750eb0
00014 PKRU: 55555554
00014 Call Trace:
00014  <TASK>
00014  ? dt_find_or_create+0x81a/0x1170 [obdclass]
00014  ? tgt_init+0xb72/0x2a60 [ptlrpc]
00014  ? mdt_device_alloc+0x3ce7/0x66c0 [mdt]
00014  ? __alloc_tagging_slab_alloc_hook+0x136/0x190
00014  ? obd_setup+0x25c/0x950 [obdclass]
00014  ? class_setup+0xc7d/0x10e0 [obdclass]
00014  ? class_process_config+0x2edb/0x7cb0 [obdclass]
00014  ? __kasan_kmalloc+0x72/0x80
00014  ? class_config_llog_handler+0x2954/0x4f80 [obdclass]
00014  ? class_config_llog_handler+0x2cea/0x4f80 [obdclass]
00014  ? lustre_cfg_rec_free+0x350/0x350 [obdclass]
00014  ? llog_process_thread+0x1fd2/0x4f70 [obdclass]
00014  ? _raw_spin_unlock+0x23/0x40
00014  ? llog_process_thread_daemonize+0x16d/0x1b0 [obdclass]
00014  ? kthread+0x2cd/0x3a0
00014  ? llog_process_or_fork+0xc90/0xc90 [obdclass]
00014  ? kthread_unuse_mm+0x130/0x130
00014  ? ret_from_fork+0x18c/0x520
00014  ? kthread_unuse_mm+0x130/0x130
00014  ? ret_from_fork_asm+0x11/0x20
00014  </TASK>
00014 ---[ end trace 0000000000000000 ]---
00014 Lustre: lustre-MDT0000: new disk, initializing
00014 ------------[ cut here ]------------
00014 WARNING: /home/ktest/git/linux/include/linux/fs.h:889 at osd_create+0x9cf/0xcf0 [osd_wbcfs], CPU#0: llog_process_th/1773
00014 Modules linked in: mdd(O) lod(O) mdt(O) lquota(O) lfsck(O) mgs(O) osd_wbcfs(O) lustre(O) obdecho(O) mgc(O) mdc(O) lov(O) osc(O) lmv(O) ec(O) fid(O) fld(O) ptlrpc(O) efivarfs obdclass(O) ksocklnd(O) lnet(O) libcfs(O)
00014 CPU: 0 UID: 0 PID: 1773 Comm: llog_process_th Tainted: G        W  O        7.0.0-ktest-6eb18a2-6330a45-20260928-dirty #1 PREEMPT 
00014 Tainted: [W]=WARN, [O]=OOT_MODULE
00014 Hardware name: QEMU Standard PC (Q35 + ICH9, 2009), BIOS 2025.11-3ubuntu7 03/31/2026
00014 RIP: 0010:osd_create+0x9cf/0xcf0 [osd_wbcfs]
00014 Code: c7 c7 00 96 7b a1 48 c7 c6 a0 12 7d a1 48 c7 c2 00 1c 7d a1 e8 52 f1 43 ff 48 c7 c7 00 96 7b a1 e8 46 81 44 ff e9 fe fc ff ff <0f> 0b e9 a5 fa ff ff 48 c7 c1 80 44 5d a0 80 e1 07 80 c1 03 38 c1
00014 RSP: 0018:ffffc9000419f470 EFLAGS: 00010246
00014 RAX: 0000000000000000 RBX: ffff888104938800 RCX: 0000000000000046
00014 RDX: 0000000000000000 RSI: ffff88803c2a57f0 RDI: ffff8880373fcb18
00014 RBP: ffff88803c2a5760 R08: ffffffff83a16803 R09: 1ffffffff0742d00
00014 R10: dffffc0000000000 R11: fffffbfff0742d01 R12: ffffc9000419f5e0
00014 R13: dffffc0000000000 R14: 1ffff11020927100 R15: 1ffff92000833ec9
00014 FS:  0000000000000000(0000) GS:ffff8881d4a29000(0000) knlGS:0000000000000000
00014 CS:  0010 DS: 0000 ES: 0000 CR0: 0000000080050033
00014 CR2: 00007f0991be6204 CR3: 0000000004274000 CR4: 0000000000750eb0
00014 PKRU: 55555554
00014 Call Trace:
00014  <TASK>
00014  ? dt_find_or_create+0x81a/0x1170 [obdclass]
00014  ? tgt_init+0x1a98/0x2a60 [ptlrpc]
00014  ? mdt_device_alloc+0x3ce7/0x66c0 [mdt]
00014  ? __alloc_tagging_slab_alloc_hook+0x136/0x190
00014  ? obd_setup+0x25c/0x950 [obdclass]
00014  ? class_setup+0xc7d/0x10e0 [obdclass]
00014  ? class_process_config+0x2edb/0x7cb0 [obdclass]
00014  ? __kasan_kmalloc+0x72/0x80
00014  ? class_config_llog_handler+0x2954/0x4f80 [obdclass]
00014  ? class_config_llog_handler+0x2cea/0x4f80 [obdclass]
00014  ? lustre_cfg_rec_free+0x350/0x350 [obdclass]
00014  ? llog_process_thread+0x1fd2/0x4f70 [obdclass]
00014  ? _raw_spin_unlock+0x23/0x40
00014  ? llog_process_thread_daemonize+0x16d/0x1b0 [obdclass]
00014  ? kthread+0x2cd/0x3a0
00014  ? llog_process_or_fork+0xc90/0xc90 [obdclass]
00014  ? kthread_unuse_mm+0x130/0x130
00014  ? ret_from_fork+0x18c/0x520
00014  ? kthread_unuse_mm+0x130/0x130
00014  ? ret_from_fork_asm+0x11/0x20
00014  </TASK>
00014 ---[ end trace 0000000000000000 ]---
00014 ------------[ cut here ]------------
00014 WARNING: /home/ktest/git/linux/include/linux/fs.h:889 at osd_create+0x9cf/0xcf0 [osd_wbcfs], CPU#0: llog_process_th/1773
00014 Modules linked in: mdd(O) lod(O) mdt(O) lquota(O) lfsck(O) mgs(O) osd_wbcfs(O) lustre(O) obdecho(O) mgc(O) mdc(O) lov(O) osc(O) lmv(O) ec(O) fid(O) fld(O) ptlrpc(O) efivarfs obdclass(O) ksocklnd(O) lnet(O) libcfs(O)
00014 CPU: 0 UID: 0 PID: 1773 Comm: llog_process_th Tainted: G        W  O        7.0.0-ktest-6eb18a2-6330a45-20260928-dirty #1 PREEMPT 
00014 Tainted: [W]=WARN, [O]=OOT_MODULE
00014 Hardware name: QEMU Standard PC (Q35 + ICH9, 2009), BIOS 2025.11-3ubuntu7 03/31/2026
00014 RIP: 0010:osd_create+0x9cf/0xcf0 [osd_wbcfs]
00014 Code: c7 c7 00 96 7b a1 48 c7 c6 a0 12 7d a1 48 c7 c2 00 1c 7d a1 e8 52 f1 43 ff 48 c7 c7 00 96 7b a1 e8 46 81 44 ff e9 fe fc ff ff <0f> 0b e9 a5 fa ff ff 48 c7 c1 80 44 5d a0 80 e1 07 80 c1 03 38 c1
00014 RSP: 0018:ffffc9000419f370 EFLAGS: 00010246
00014 RAX: 0000000000000000 RBX: ffff88814b816000 RCX: 0000000000000046
00014 RDX: 0000000000000000 RSI: ffff88803f3c2648 RDI: ffff8880373fcb18
00014 RBP: ffff88803f3c25b8 R08: ffffffff83a16803 R09: 1ffffffff0742d00
00014 R10: dffffc0000000000 R11: fffffbfff0742d01 R12: ffff88803fee2418
00014 R13: dffffc0000000000 R14: 1ffff11029702c00 R15: 1ffff11007fdc492
00014 FS:  0000000000000000(0000) GS:ffff8881d4a29000(0000) knlGS:0000000000000000
00014 CS:  0010 DS: 0000 ES: 0000 CR0: 0000000080050033
00014 CR2: 00007f0991be6204 CR3: 0000000004274000 CR4: 0000000000750eb0
00014 PKRU: 55555554
00014 Call Trace:
00014  <TASK>
00014  ? local_object_create+0x109/0x640 [obdclass]
00014  ? dt_write_lock+0x16d/0x2a0 [obdclass]
00014  ? __local_file_create+0xce4/0x1bc0 [obdclass]
00014  ? local_file_find_or_create+0x13c/0x1d0 [obdclass]
00014  ? lquota_disk_dir_find_create+0x31f/0xd10 [lquota]
00014  ? qmt_device_prepare+0x122/0x600 [lquota]
00014  ? mdt_quota_init+0x1a65/0x3220 [mdt]
00014  ? mdt_tunables_init+0x3e6/0x530 [mdt]
00014  ? mdt_device_alloc+0x46a6/0x66c0 [mdt]
00014  ? obd_setup+0x25c/0x950 [obdclass]
00014  ? class_setup+0xc7d/0x10e0 [obdclass]
00014  ? class_process_config+0x2edb/0x7cb0 [obdclass]
00014  ? __kasan_kmalloc+0x72/0x80
00014  ? class_config_llog_handler+0x2954/0x4f80 [obdclass]
00014  ? class_config_llog_handler+0x2cea/0x4f80 [obdclass]
00014  ? lustre_cfg_rec_free+0x350/0x350 [obdclass]
00014  ? llog_process_thread+0x1fd2/0x4f70 [obdclass]
00014  ? _raw_spin_unlock+0x23/0x40
00014  ? llog_process_thread_daemonize+0x16d/0x1b0 [obdclass]
00014  ? kthread+0x2cd/0x3a0
00014  ? llog_process_or_fork+0xc90/0xc90 [obdclass]
00014  ? kthread_unuse_mm+0x130/0x130
00014  ? ret_from_fork+0x18c/0x520
00014  ? kthread_unuse_mm+0x130/0x130
00014  ? ret_from_fork_asm+0x11/0x20
00014  </TASK>
00014 ---[ end trace 0000000000000000 ]---
00014 ------------[ cut here ]------------
00014 WARNING: /home/ktest/git/linux/include/linux/fs.h:889 at osd_create+0x9cf/0xcf0 [osd_wbcfs], CPU#0: llog_process_th/1773
00014 Modules linked in: mdd(O) lod(O) mdt(O) lquota(O) lfsck(O) mgs(O) osd_wbcfs(O) lustre(O) obdecho(O) mgc(O) mdc(O) lov(O) osc(O) lmv(O) ec(O) fid(O) fld(O) ptlrpc(O) efivarfs obdclass(O) ksocklnd(O) lnet(O) libcfs(O)
00014 CPU: 0 UID: 0 PID: 1773 Comm: llog_process_th Tainted: G        W  O        7.0.0-ktest-6eb18a2-6330a45-20260928-dirty #1 PREEMPT 
00014 Tainted: [W]=WARN, [O]=OOT_MODULE
00014 Hardware name: QEMU Standard PC (Q35 + ICH9, 2009), BIOS 2025.11-3ubuntu7 03/31/2026
00014 RIP: 0010:osd_create+0x9cf/0xcf0 [osd_wbcfs]
00014 Code: c7 c7 00 96 7b a1 48 c7 c6 a0 12 7d a1 48 c7 c2 00 1c 7d a1 e8 52 f1 43 ff 48 c7 c7 00 96 7b a1 e8 46 81 44 ff e9 fe fc ff ff <0f> 0b e9 a5 fa ff ff 48 c7 c1 80 44 5d a0 80 e1 07 80 c1 03 38 c1
00014 RSP: 0018:ffffc9000419f270 EFLAGS: 00010246
00014 RAX: 0000000000000000 RBX: ffff88814b815400 RCX: 0000000000000046
00014 RDX: 0000000000000000 RSI: ffff88803f3c1f30 RDI: ffff8880373fcb18
00014 RBP: ffff88803f3c1ea0 R08: ffffffff83a16803 R09: 1ffffffff0742d00
00014 R10: dffffc0000000000 R11: fffffbfff0742d01 R12: ffff88803fee2418
00014 R13: dffffc0000000000 R14: 1ffff11029702a80 R15: 1ffff11007fdc492
00014 FS:  0000000000000000(0000) GS:ffff8881d4a29000(0000) knlGS:0000000000000000
00014 CS:  0010 DS: 0000 ES: 0000 CR0: 0000000080050033
00014 CR2: 00007f0991be6204 CR3: 0000000004274000 CR4: 0000000000750eb0
00014 PKRU: 55555554
00014 Call Trace:
00014  <TASK>
00014  ? local_object_create+0x109/0x640 [obdclass]
00014  ? dt_write_lock+0x16d/0x2a0 [obdclass]
00014  ? __local_file_create+0xce4/0x1bc0 [obdclass]
00014  ? local_file_find_or_create+0x13c/0x1d0 [obdclass]
00014  ? lquota_disk_dir_find_create+0x31f/0xd10 [lquota]
00014  ? qmt_pool_prepare+0x3ee/0x16f0 [lquota]
00014  ? qmt_device_prepare+0x22a/0x600 [lquota]
00014  ? mdt_quota_init+0x1a65/0x3220 [mdt]
00014  ? mdt_tunables_init+0x3e6/0x530 [mdt]
00014  ? mdt_device_alloc+0x46a6/0x66c0 [mdt]
00014  ? obd_setup+0x25c/0x950 [obdclass]
00014  ? class_setup+0xc7d/0x10e0 [obdclass]
00014  ? class_process_config+0x2edb/0x7cb0 [obdclass]
00014  ? __kasan_kmalloc+0x72/0x80
00014  ? class_config_llog_handler+0x2954/0x4f80 [obdclass]
00014  ? class_config_llog_handler+0x2cea/0x4f80 [obdclass]
00014  ? lustre_cfg_rec_free+0x350/0x350 [obdclass]
00014  ? llog_process_thread+0x1fd2/0x4f70 [obdclass]
00014  ? _raw_spin_unlock+0x23/0x40
00014  ? llog_process_thread_daemonize+0x16d/0x1b0 [obdclass]
00014  ? kthread+0x2cd/0x3a0
00014  ? llog_process_or_fork+0xc90/0xc90 [obdclass]
00014  ? kthread_unuse_mm+0x130/0x130
00014  ? ret_from_fork+0x18c/0x520
00014  ? kthread_unuse_mm+0x130/0x130
00014  ? ret_from_fork_asm+0x11/0x20
00014  </TASK>
00014 ---[ end trace 0000000000000000 ]---
00014 ------------[ cut here ]------------
00014 WARNING: /home/ktest/git/linux/include/linux/fs.h:889 at osd_create+0x9cf/0xcf0 [osd_wbcfs], CPU#0: llog_process_th/1773
00014 Modules linked in: mdd(O) lod(O) mdt(O) lquota(O) lfsck(O) mgs(O) osd_wbcfs(O) lustre(O) obdecho(O) mgc(O) mdc(O) lov(O) osc(O) lmv(O) ec(O) fid(O) fld(O) ptlrpc(O) efivarfs obdclass(O) ksocklnd(O) lnet(O) libcfs(O)
00014 CPU: 0 UID: 0 PID: 1773 Comm: llog_process_th Tainted: G        W  O        7.0.0-ktest-6eb18a2-6330a45-20260928-dirty #1 PREEMPT 
00014 Tainted: [W]=WARN, [O]=OOT_MODULE
00014 Hardware name: QEMU Standard PC (Q35 + ICH9, 2009), BIOS 2025.11-3ubuntu7 03/31/2026
00014 RIP: 0010:osd_create+0x9cf/0xcf0 [osd_wbcfs]
00014 Code: c7 c7 00 96 7b a1 48 c7 c6 a0 12 7d a1 48 c7 c2 00 1c 7d a1 e8 52 f1 43 ff 48 c7 c7 00 96 7b a1 e8 46 81 44 ff e9 fe fc ff ff <0f> 0b e9 a5 fa ff ff 48 c7 c1 80 44 5d a0 80 e1 07 80 c1 03 38 c1
00014 RSP: 0018:ffffc9000419f258 EFLAGS: 00010246
00014 RAX: 0000000000000000 RBX: ffff88814a85d400 RCX: 0000000000000046
00014 RDX: ffffffff84c45d40 RSI: ffff88803f3c1818 RDI: ffff8880373fcb18
00014 RBP: ffff88803f3c1788 R08: 0000000000000001 R09: 0000000000000000
00014 R10: dffffc0000000000 R11: ffffed1007e782e6 R12: ffff88803fee2418
00014 R13: dffffc0000000000 R14: 1ffff1102950ba80 R15: 1ffff11007fdc492
00014 FS:  0000000000000000(0000) GS:ffff8881d4a29000(0000) knlGS:0000000000000000
00014 CS:  0010 DS: 0000 ES: 0000 CR0: 0000000080050033
00014 CR2: 00007f0991be6204 CR3: 0000000004274000 CR4: 0000000000750eb0
00014 PKRU: 55555554
00014 Call Trace:
00014  <TASK>
00014  ? local_object_create+0x109/0x640 [obdclass]
00014  ? dt_write_lock+0x16d/0x2a0 [obdclass]
00014  ? __local_file_create+0xce4/0x1bc0 [obdclass]
00014  ? local_index_find_or_create_with_fid+0x20d/0x3c0 [obdclass]
00014  ? lquota_disk_glb_find_create+0x3e7/0xe50 [lquota]
00014  ? qmt_pool_prepare+0x5af/0x16f0 [lquota]
00014  ? qmt_device_prepare+0x22a/0x600 [lquota]
00014  ? mdt_quota_init+0x1a65/0x3220 [mdt]
00014  ? mdt_tunables_init+0x3e6/0x530 [mdt]
00014  ? mdt_device_alloc+0x46a6/0x66c0 [mdt]
00014  ? obd_setup+0x25c/0x950 [obdclass]
00014  ? class_setup+0xc7d/0x10e0 [obdclass]
00014  ? class_process_config+0x2edb/0x7cb0 [obdclass]
00014  ? __kasan_kmalloc+0x72/0x80
00014  ? class_config_llog_handler+0x2954/0x4f80 [obdclass]
00014  ? class_config_llog_handler+0x2cea/0x4f80 [obdclass]
00014  ? lustre_cfg_rec_free+0x350/0x350 [obdclass]
00014  ? llog_process_thread+0x1fd2/0x4f70 [obdclass]
00014  ? _raw_spin_unlock+0x23/0x40
00014  ? llog_process_thread_daemonize+0x16d/0x1b0 [obdclass]
00014  ? kthread+0x2cd/0x3a0
00014  ? llog_process_or_fork+0xc90/0xc90 [obdclass]
00014  ? kthread_unuse_mm+0x130/0x130
00014  ? ret_from_fork+0x18c/0x520
00014  ? kthread_unuse_mm+0x130/0x130
00014  ? ret_from_fork_asm+0x11/0x20
00014  </TASK>
00014 ---[ end trace 0000000000000000 ]---
00014 ------------[ cut here ]------------
00014 WARNING: /home/ktest/git/linux/include/linux/fs.h:889 at osd_create+0x9cf/0xcf0 [osd_wbcfs], CPU#0: llog_process_th/1773
00014 Modules linked in: mdd(O) lod(O) mdt(O) lquota(O) lfsck(O) mgs(O) osd_wbcfs(O) lustre(O) obdecho(O) mgc(O) mdc(O) lov(O) osc(O) lmv(O) ec(O) fid(O) fld(O) ptlrpc(O) efivarfs obdclass(O) ksocklnd(O) lnet(O) libcfs(O)
00014 CPU: 0 UID: 0 PID: 1773 Comm: llog_process_th Tainted: G        W  O        7.0.0-ktest-6eb18a2-6330a45-20260928-dirty #1 PREEMPT 
00014 Tainted: [W]=WARN, [O]=OOT_MODULE
00014 Hardware name: QEMU Standard PC (Q35 + ICH9, 2009), BIOS 2025.11-3ubuntu7 03/31/2026
00014 RIP: 0010:osd_create+0x9cf/0xcf0 [osd_wbcfs]
00014 Code: c7 c7 00 96 7b a1 48 c7 c6 a0 12 7d a1 48 c7 c2 00 1c 7d a1 e8 52 f1 43 ff 48 c7 c7 00 96 7b a1 e8 46 81 44 ff e9 fe fc ff ff <0f> 0b e9 a5 fa ff ff 48 c7 c1 80 44 5d a0 80 e1 07 80 c1 03 38 c1
00014 RSP: 0018:ffffc9000419f258 EFLAGS: 00010246
00014 RAX: 0000000000000000 RBX: ffff88814a85fc00 RCX: 0000000000000046
00014 RDX: ffffffff84c45d40 RSI: ffff88803f3c1100 RDI: ffff8880373fcb18
00014 RBP: ffff88803f3c1070 R08: 0000000000000001 R09: 0000000000000000
00014 R10: dffffc0000000000 R11: ffffed1007e78203 R12: ffff88803fee2418
00014 R13: dffffc0000000000 R14: 1ffff1102950bf80 R15: 1ffff11007fdc492
00014 FS:  0000000000000000(0000) GS:ffff8881d4a29000(0000) knlGS:0000000000000000
00014 CS:  0010 DS: 0000 ES: 0000 CR0: 0000000080050033
00014 CR2: 00007f0991be6204 CR3: 0000000004274000 CR4: 0000000000750eb0
00014 PKRU: 55555554
00014 Call Trace:
00014  <TASK>
00014  ? local_object_create+0x109/0x640 [obdclass]
00014  ? dt_write_lock+0x16d/0x2a0 [obdclass]
00014  ? __local_file_create+0xce4/0x1bc0 [obdclass]
00014  ? local_index_find_or_create_with_fid+0x20d/0x3c0 [obdclass]
00014  ? lquota_disk_glb_find_create+0x3e7/0xe50 [lquota]
00014  ? lprocfs_seq_create+0x120/0x340 [obdclass]
00014  ? qmt_pool_prepare+0x5af/0x16f0 [lquota]
00014  ? qmt_device_prepare+0x22a/0x600 [lquota]
00014  ? mdt_quota_init+0x1a65/0x3220 [mdt]
00014  ? mdt_tunables_init+0x3e6/0x530 [mdt]
00014  ? mdt_device_alloc+0x46a6/0x66c0 [mdt]
00014  ? obd_setup+0x25c/0x950 [obdclass]
00014  ? class_setup+0xc7d/0x10e0 [obdclass]
00014  ? class_process_config+0x2edb/0x7cb0 [obdclass]
00014  ? __kasan_kmalloc+0x72/0x80
00014  ? class_config_llog_handler+0x2954/0x4f80 [obdclass]
00014  ? class_config_llog_handler+0x2cea/0x4f80 [obdclass]
00014  ? lustre_cfg_rec_free+0x350/0x350 [obdclass]
00014  ? llog_process_thread+0x1fd2/0x4f70 [obdclass]
00014  ? _raw_spin_unlock+0x23/0x40
00014  ? llog_process_thread_daemonize+0x16d/0x1b0 [obdclass]
00014  ? kthread+0x2cd/0x3a0
00014  ? llog_process_or_fork+0xc90/0xc90 [obdclass]
00014  ? kthread_unuse_mm+0x130/0x130
00014  ? ret_from_fork+0x18c/0x520
00014  ? kthread_unuse_mm+0x130/0x130
00014  ? ret_from_fork_asm+0x11/0x20
00014  </TASK>
00014 ---[ end trace 0000000000000000 ]---
00014 ------------[ cut here ]------------
00014 WARNING: /home/ktest/git/linux/include/linux/fs.h:889 at osd_create+0x9cf/0xcf0 [osd_wbcfs], CPU#0: llog_process_th/1773
00014 Modules linked in: mdd(O) lod(O) mdt(O) lquota(O) lfsck(O) mgs(O) osd_wbcfs(O) lustre(O) obdecho(O) mgc(O) mdc(O) lov(O) osc(O) lmv(O) ec(O) fid(O) fld(O) ptlrpc(O) efivarfs obdclass(O) ksocklnd(O) lnet(O) libcfs(O)
00014 CPU: 0 UID: 0 PID: 1773 Comm: llog_process_th Tainted: G        W  O        7.0.0-ktest-6eb18a2-6330a45-20260928-dirty #1 PREEMPT 
00014 Tainted: [W]=WARN, [O]=OOT_MODULE
00014 Hardware name: QEMU Standard PC (Q35 + ICH9, 2009), BIOS 2025.11-3ubuntu7 03/31/2026
00014 RIP: 0010:osd_create+0x9cf/0xcf0 [osd_wbcfs]
00014 Code: c7 c7 00 96 7b a1 48 c7 c6 a0 12 7d a1 48 c7 c2 00 1c 7d a1 e8 52 f1 43 ff 48 c7 c7 00 96 7b a1 e8 46 81 44 ff e9 fe fc ff ff <0f> 0b e9 a5 fa ff ff 48 c7 c1 80 44 5d a0 80 e1 07 80 c1 03 38 c1
00014 RSP: 0018:ffffc9000419f258 EFLAGS: 00010246
00014 RAX: 0000000000000000 RBX: ffff88814b834800 RCX: 0000000000000046
00014 RDX: ffffffff84c45d40 RSI: ffff88803f3c09e8 RDI: ffff8880373fcb18
00014 RBP: ffff88803f3c0958 R08: 0000000000000001 R09: 0000000000000000
00014 R10: dffffc0000000000 R11: ffffed1007e78120 R12: ffff88803fee2418
00014 R13: dffffc0000000000 R14: 1ffff11029706900 R15: 1ffff11007fdc492
00014 FS:  0000000000000000(0000) GS:ffff8881d4a29000(0000) knlGS:0000000000000000
00014 CS:  0010 DS: 0000 ES: 0000 CR0: 0000000080050033
00014 CR2: 00007f0991be6204 CR3: 0000000004274000 CR4: 0000000000750eb0
00014 PKRU: 55555554
00014 Call Trace:
00014  <TASK>
00014  ? local_object_create+0x109/0x640 [obdclass]
00014  ? dt_write_lock+0x16d/0x2a0 [obdclass]
00014  ? __local_file_create+0xce4/0x1bc0 [obdclass]
00014  ? local_index_find_or_create_with_fid+0x20d/0x3c0 [obdclass]
00014  ? lquota_disk_glb_find_create+0x3e7/0xe50 [lquota]
00014  ? lprocfs_seq_create+0x120/0x340 [obdclass]
00014  ? qmt_pool_prepare+0x5af/0x16f0 [lquota]
00014  ? qmt_device_prepare+0x22a/0x600 [lquota]
00014  ? mdt_quota_init+0x1a65/0x3220 [mdt]
00014  ? mdt_tunables_init+0x3e6/0x530 [mdt]
00014  ? mdt_device_alloc+0x46a6/0x66c0 [mdt]
00014  ? obd_setup+0x25c/0x950 [obdclass]
00014  ? class_setup+0xc7d/0x10e0 [obdclass]
00014  ? class_process_config+0x2edb/0x7cb0 [obdclass]
00014  ? __kasan_kmalloc+0x72/0x80
00014  ? class_config_llog_handler+0x2954/0x4f80 [obdclass]
00014  ? class_config_llog_handler+0x2cea/0x4f80 [obdclass]
00014  ? lustre_cfg_rec_free+0x350/0x350 [obdclass]
00014  ? llog_process_thread+0x1fd2/0x4f70 [obdclass]
00014  ? _raw_spin_unlock+0x23/0x40
00014  ? llog_process_thread_daemonize+0x16d/0x1b0 [obdclass]
00014  ? kthread+0x2cd/0x3a0
00014  ? llog_process_or_fork+0xc90/0xc90 [obdclass]
00014  ? kthread_unuse_mm+0x130/0x130
00014  ? ret_from_fork+0x18c/0x520
00014  ? kthread_unuse_mm+0x130/0x130
00014  ? ret_from_fork_asm+0x11/0x20
00014  </TASK>
00014 ---[ end trace 0000000000000000 ]---
00014 ------------[ cut here ]------------
00014 WARNING: /home/ktest/git/linux/include/linux/fs.h:889 at osd_create+0x9cf/0xcf0 [osd_wbcfs], CPU#0: llog_process_th/1773
00014 Modules linked in: mdd(O) lod(O) mdt(O) lquota(O) lfsck(O) mgs(O) osd_wbcfs(O) lustre(O) obdecho(O) mgc(O) mdc(O) lov(O) osc(O) lmv(O) ec(O) fid(O) fld(O) ptlrpc(O) efivarfs obdclass(O) ksocklnd(O) lnet(O) libcfs(O)
00014 CPU: 0 UID: 0 PID: 1773 Comm: llog_process_th Tainted: G        W  O        7.0.0-ktest-6eb18a2-6330a45-20260928-dirty #1 PREEMPT 
00014 Tainted: [W]=WARN, [O]=OOT_MODULE
00014 Hardware name: QEMU Standard PC (Q35 + ICH9, 2009), BIOS 2025.11-3ubuntu7 03/31/2026
00014 RIP: 0010:osd_create+0x9cf/0xcf0 [osd_wbcfs]
00014 Code: c7 c7 00 96 7b a1 48 c7 c6 a0 12 7d a1 48 c7 c2 00 1c 7d a1 e8 52 f1 43 ff 48 c7 c7 00 96 7b a1 e8 46 81 44 ff e9 fe fc ff ff <0f> 0b e9 a5 fa ff ff 48 c7 c1 80 44 5d a0 80 e1 07 80 c1 03 38 c1
00014 RSP: 0018:ffffc9000419f270 EFLAGS: 00010246
00014 RAX: 0000000000000000 RBX: ffff88814b852c00 RCX: 0000000000000046
00014 RDX: 0000000000000000 RSI: ffff88803f3c02d0 RDI: ffff8880373fcb18
00014 RBP: ffff88803f3c0240 R08: ffffffff83a16803 R09: 1ffffffff0742d00
00014 R10: dffffc0000000000 R11: fffffbfff0742d01 R12: ffff88803fee2418
00014 R13: dffffc0000000000 R14: 1ffff1102970a580 R15: 1ffff11007fdc492
00014 FS:  0000000000000000(0000) GS:ffff8881d4a29000(0000) knlGS:0000000000000000
00014 CS:  0010 DS: 0000 ES: 0000 CR0: 0000000080050033
00014 CR2: 00007f0991be6204 CR3: 0000000004274000 CR4: 0000000000750eb0
00014 PKRU: 55555554
00014 Call Trace:
00014  <TASK>
00014  ? local_object_create+0x109/0x640 [obdclass]
00014  ? dt_write_lock+0x16d/0x2a0 [obdclass]
00014  ? __local_file_create+0xce4/0x1bc0 [obdclass]
00014  ? local_file_find_or_create+0x13c/0x1d0 [obdclass]
00014  ? lquota_disk_dir_find_create+0x31f/0xd10 [lquota]
00014  ? qmt_pool_prepare+0x3ee/0x16f0 [lquota]
00014  ? qmt_device_prepare+0x22a/0x600 [lquota]
00014  ? mdt_quota_init+0x1a65/0x3220 [mdt]
00014  ? mdt_tunables_init+0x3e6/0x530 [mdt]
00014  ? mdt_device_alloc+0x46a6/0x66c0 [mdt]
00014  ? obd_setup+0x25c/0x950 [obdclass]
00014  ? class_setup+0xc7d/0x10e0 [obdclass]
00014  ? class_process_config+0x2edb/0x7cb0 [obdclass]
00014  ? __kasan_kmalloc+0x72/0x80
00014  ? class_config_llog_handler+0x2954/0x4f80 [obdclass]
00014  ? class_config_llog_handler+0x2cea/0x4f80 [obdclass]
00014  ? lustre_cfg_rec_free+0x350/0x350 [obdclass]
00014  ? llog_process_thread+0x1fd2/0x4f70 [obdclass]
00014  ? _raw_spin_unlock+0x23/0x40
00014  ? llog_process_thread_daemonize+0x16d/0x1b0 [obdclass]
00014  ? kthread+0x2cd/0x3a0
00014  ? llog_process_or_fork+0xc90/0xc90 [obdclass]
00014  ? kthread_unuse_mm+0x130/0x130
00014  ? ret_from_fork+0x18c/0x520
00014  ? kthread_unuse_mm+0x130/0x130
00014  ? ret_from_fork_asm+0x11/0x20
00014  </TASK>
00014 ---[ end trace 0000000000000000 ]---
00014 ------------[ cut here ]------------
00014 WARNING: /home/ktest/git/linux/include/linux/fs.h:889 at osd_create+0x9cf/0xcf0 [osd_wbcfs], CPU#0: llog_process_th/1773
00014 Modules linked in: mdd(O) lod(O) mdt(O) lquota(O) lfsck(O) mgs(O) osd_wbcfs(O) lustre(O) obdecho(O) mgc(O) mdc(O) lov(O) osc(O) lmv(O) ec(O) fid(O) fld(O) ptlrpc(O) efivarfs obdclass(O) ksocklnd(O) lnet(O) libcfs(O)
00014 CPU: 0 UID: 0 PID: 1773 Comm: llog_process_th Tainted: G        W  O        7.0.0-ktest-6eb18a2-6330a45-20260928-dirty #1 PREEMPT 
00014 Tainted: [W]=WARN, [O]=OOT_MODULE
00014 Hardware name: QEMU Standard PC (Q35 + ICH9, 2009), BIOS 2025.11-3ubuntu7 03/31/2026
00014 RIP: 0010:osd_create+0x9cf/0xcf0 [osd_wbcfs]
00014 Code: c7 c7 00 96 7b a1 48 c7 c6 a0 12 7d a1 48 c7 c2 00 1c 7d a1 e8 52 f1 43 ff 48 c7 c7 00 96 7b a1 e8 46 81 44 ff e9 fe fc ff ff <0f> 0b e9 a5 fa ff ff 48 c7 c1 80 44 5d a0 80 e1 07 80 c1 03 38 c1
00014 RSP: 0018:ffffc9000419f258 EFLAGS: 00010246
00014 RAX: 0000000000000000 RBX: ffff88814b853c00 RCX: 0000000000000046
00014 RDX: ffffffff84c45d40 RSI: ffff88803c3f7b68 RDI: ffff8880373fcb18
00014 RBP: ffff88803c3f7ad8 R08: 0000000000000001 R09: 0000000000000000
00014 R10: dffffc0000000000 R11: ffffed100787ef50 R12: ffff88803fee2418
00014 R13: dffffc0000000000 R14: 1ffff1102970a780 R15: 1ffff11007fdc492
00014 FS:  0000000000000000(0000) GS:ffff8881d4a29000(0000) knlGS:0000000000000000
00014 CS:  0010 DS: 0000 ES: 0000 CR0: 0000000080050033
00014 CR2: 00007f0991be6204 CR3: 0000000004274000 CR4: 0000000000750eb0
00014 PKRU: 55555554
00014 Call Trace:
00014  <TASK>
00014  ? local_object_create+0x109/0x640 [obdclass]
00014  ? dt_write_lock+0x16d/0x2a0 [obdclass]
00014  ? __local_file_create+0xce4/0x1bc0 [obdclass]
00014  ? local_index_find_or_create_with_fid+0x20d/0x3c0 [obdclass]
00014  ? lquota_disk_glb_find_create+0x3e7/0xe50 [lquota]
00014  ? qmt_pool_prepare+0x5af/0x16f0 [lquota]
00014  ? qmt_device_prepare+0x22a/0x600 [lquota]
00014  ? mdt_quota_init+0x1a65/0x3220 [mdt]
00014  ? mdt_tunables_init+0x3e6/0x530 [mdt]
00014  ? mdt_device_alloc+0x46a6/0x66c0 [mdt]
00014  ? obd_setup+0x25c/0x950 [obdclass]
00014  ? class_setup+0xc7d/0x10e0 [obdclass]
00014  ? class_process_config+0x2edb/0x7cb0 [obdclass]
00014  ? __kasan_kmalloc+0x72/0x80
00014  ? class_config_llog_handler+0x2954/0x4f80 [obdclass]
00014  ? class_config_llog_handler+0x2cea/0x4f80 [obdclass]
00014  ? lustre_cfg_rec_free+0x350/0x350 [obdclass]
00014  ? llog_process_thread+0x1fd2/0x4f70 [obdclass]
00014  ? _raw_spin_unlock+0x23/0x40
00014  ? llog_process_thread_daemonize+0x16d/0x1b0 [obdclass]
00014  ? kthread+0x2cd/0x3a0
00014  ? llog_process_or_fork+0xc90/0xc90 [obdclass]
00014  ? kthread_unuse_mm+0x130/0x130
00014  ? ret_from_fork+0x18c/0x520
00014  ? kthread_unuse_mm+0x130/0x130
00014  ? ret_from_fork_asm+0x11/0x20
00014  </TASK>
00014 ---[ end trace 0000000000000000 ]---
00014 ------------[ cut here ]------------
00014 WARNING: /home/ktest/git/linux/include/linux/fs.h:889 at osd_create+0x9cf/0xcf0 [osd_wbcfs], CPU#0: llog_process_th/1773
00014 Modules linked in: mdd(O) lod(O) mdt(O) lquota(O) lfsck(O) mgs(O) osd_wbcfs(O) lustre(O) obdecho(O) mgc(O) mdc(O) lov(O) osc(O) lmv(O) ec(O) fid(O) fld(O) ptlrpc(O) efivarfs obdclass(O) ksocklnd(O) lnet(O) libcfs(O)
00014 CPU: 0 UID: 0 PID: 1773 Comm: llog_process_th Tainted: G        W  O        7.0.0-ktest-6eb18a2-6330a45-20260928-dirty #1 PREEMPT 
00014 Tainted: [W]=WARN, [O]=OOT_MODULE
00014 Hardware name: QEMU Standard PC (Q35 + ICH9, 2009), BIOS 2025.11-3ubuntu7 03/31/2026
00014 RIP: 0010:osd_create+0x9cf/0xcf0 [osd_wbcfs]
00014 Code: c7 c7 00 96 7b a1 48 c7 c6 a0 12 7d a1 48 c7 c2 00 1c 7d a1 e8 52 f1 43 ff 48 c7 c7 00 96 7b a1 e8 46 81 44 ff e9 fe fc ff ff <0f> 0b e9 a5 fa ff ff 48 c7 c1 80 44 5d a0 80 e1 07 80 c1 03 38 c1
00014 RSP: 0018:ffffc9000419f258 EFLAGS: 00010246
00014 RAX: 0000000000000000 RBX: ffff88814b916c00 RCX: 0000000000000046
00014 RDX: ffffffff84c45d40 RSI: ffff88803c3f7450 RDI: ffff8880373fcb18
00014 RBP: ffff88803c3f73c0 R08: 0000000000000001 R09: 0000000000000000
00014 R10: dffffc0000000000 R11: ffffed100787ee6d R12: ffff88803fee2418
00014 R13: dffffc0000000000 R14: 1ffff11029722d80 R15: 1ffff11007fdc492
00014 FS:  0000000000000000(0000) GS:ffff8881d4a29000(0000) knlGS:0000000000000000
00014 CS:  0010 DS: 0000 ES: 0000 CR0: 0000000080050033
00014 CR2: 00007f0991be6204 CR3: 0000000004274000 CR4: 0000000000750eb0
00014 PKRU: 55555554
00014 Call Trace:
00014  <TASK>
00014  ? local_object_create+0x109/0x640 [obdclass]
00014  ? dt_write_lock+0x16d/0x2a0 [obdclass]
00014  ? __local_file_create+0xce4/0x1bc0 [obdclass]
00014  ? local_index_find_or_create_with_fid+0x20d/0x3c0 [obdclass]
00014  ? lquota_disk_glb_find_create+0x3e7/0xe50 [lquota]
00014  ? lprocfs_seq_create+0x120/0x340 [obdclass]
00014  ? qmt_pool_prepare+0x5af/0x16f0 [lquota]
00014  ? qmt_device_prepare+0x22a/0x600 [lquota]
00014  ? mdt_quota_init+0x1a65/0x3220 [mdt]
00014  ? mdt_tunables_init+0x3e6/0x530 [mdt]
00014  ? mdt_device_alloc+0x46a6/0x66c0 [mdt]
00014  ? obd_setup+0x25c/0x950 [obdclass]
00014  ? class_setup+0xc7d/0x10e0 [obdclass]
00014  ? class_process_config+0x2edb/0x7cb0 [obdclass]
00014  ? __kasan_kmalloc+0x72/0x80
00014  ? class_config_llog_handler+0x2954/0x4f80 [obdclass]
00014  ? class_config_llog_handler+0x2cea/0x4f80 [obdclass]
00014  ? lustre_cfg_rec_free+0x350/0x350 [obdclass]
00014  ? llog_process_thread+0x1fd2/0x4f70 [obdclass]
00014  ? _raw_spin_unlock+0x23/0x40
00014  ? llog_process_thread_daemonize+0x16d/0x1b0 [obdclass]
00014  ? kthread+0x2cd/0x3a0
00014  ? llog_process_or_fork+0xc90/0xc90 [obdclass]
00014  ? kthread_unuse_mm+0x130/0x130
00014  ? ret_from_fork+0x18c/0x520
00014  ? kthread_unuse_mm+0x130/0x130
00014  ? ret_from_fork_asm+0x11/0x20
00014  </TASK>
00014 ---[ end trace 0000000000000000 ]---
00014 ------------[ cut here ]------------
00014 WARNING: /home/ktest/git/linux/include/linux/fs.h:889 at osd_create+0x9cf/0xcf0 [osd_wbcfs], CPU#0: llog_process_th/1773
00014 Modules linked in: mdd(O) lod(O) mdt(O) lquota(O) lfsck(O) mgs(O) osd_wbcfs(O) lustre(O) obdecho(O) mgc(O) mdc(O) lov(O) osc(O) lmv(O) ec(O) fid(O) fld(O) ptlrpc(O) efivarfs obdclass(O) ksocklnd(O) lnet(O) libcfs(O)
00014 CPU: 0 UID: 0 PID: 1773 Comm: llog_process_th Tainted: G        W  O        7.0.0-ktest-6eb18a2-6330a45-20260928-dirty #1 PREEMPT 
00014 Tainted: [W]=WARN, [O]=OOT_MODULE
00014 Hardware name: QEMU Standard PC (Q35 + ICH9, 2009), BIOS 2025.11-3ubuntu7 03/31/2026
00014 RIP: 0010:osd_create+0x9cf/0xcf0 [osd_wbcfs]
00014 Code: c7 c7 00 96 7b a1 48 c7 c6 a0 12 7d a1 48 c7 c2 00 1c 7d a1 e8 52 f1 43 ff 48 c7 c7 00 96 7b a1 e8 46 81 44 ff e9 fe fc ff ff <0f> 0b e9 a5 fa ff ff 48 c7 c1 80 44 5d a0 80 e1 07 80 c1 03 38 c1
00014 RSP: 0018:ffffc9000419f258 EFLAGS: 00010246
00014 RAX: 0000000000000000 RBX: ffff88814b914800 RCX: 0000000000000046
00014 RDX: ffffffff84c45d40 RSI: ffff88803c3f6d38 RDI: ffff8880373fcb18
00014 RBP: ffff88803c3f6ca8 R08: 0000000000000001 R09: 0000000000000000
00014 R10: dffffc0000000000 R11: ffffed100787ed8a R12: ffff88803fee2418
00014 R13: dffffc0000000000 R14: 1ffff11029722900 R15: 1ffff11007fdc492
00014 FS:  0000000000000000(0000) GS:ffff8881d4a29000(0000) knlGS:0000000000000000
00014 CS:  0010 DS: 0000 ES: 0000 CR0: 0000000080050033
00014 CR2: 00007f0991be6204 CR3: 0000000004274000 CR4: 0000000000750eb0
00014 PKRU: 55555554
00014 Call Trace:
00014  <TASK>
00014  ? local_object_create+0x109/0x640 [obdclass]
00014  ? dt_write_lock+0x16d/0x2a0 [obdclass]
00014  ? __local_file_create+0xce4/0x1bc0 [obdclass]
00014  ? local_index_find_or_create_with_fid+0x20d/0x3c0 [obdclass]
00014  ? lquota_disk_glb_find_create+0x3e7/0xe50 [lquota]
00014  ? lprocfs_seq_create+0x120/0x340 [obdclass]
00014  ? qmt_pool_prepare+0x5af/0x16f0 [lquota]
00014  ? qmt_device_prepare+0x22a/0x600 [lquota]
00014  ? mdt_quota_init+0x1a65/0x3220 [mdt]
00014  ? mdt_tunables_init+0x3e6/0x530 [mdt]
00014  ? mdt_device_alloc+0x46a6/0x66c0 [mdt]
00014  ? obd_setup+0x25c/0x950 [obdclass]
00014  ? class_setup+0xc7d/0x10e0 [obdclass]
00014  ? class_process_config+0x2edb/0x7cb0 [obdclass]
00014  ? __kasan_kmalloc+0x72/0x80
00014  ? class_config_llog_handler+0x2954/0x4f80 [obdclass]
00014  ? class_config_llog_handler+0x2cea/0x4f80 [obdclass]
00014  ? lustre_cfg_rec_free+0x350/0x350 [obdclass]
00014  ? llog_process_thread+0x1fd2/0x4f70 [obdclass]
00014  ? _raw_spin_unlock+0x23/0x40
00014  ? llog_process_thread_daemonize+0x16d/0x1b0 [obdclass]
00014  ? kthread+0x2cd/0x3a0
00014  ? llog_process_or_fork+0xc90/0xc90 [obdclass]
00014  ? kthread_unuse_mm+0x130/0x130
00014  ? ret_from_fork+0x18c/0x520
00014  ? kthread_unuse_mm+0x130/0x130
00014  ? ret_from_fork_asm+0x11/0x20
00014  </TASK>
00014 ---[ end trace 0000000000000000 ]---
00014 llog_process_th (1773) used greatest stack depth: 25824 bytes left
00014 ------------[ cut here ]------------
00014 WARNING: /home/ktest/git/linux/include/linux/fs.h:889 at osd_create+0x9cf/0xcf0 [osd_wbcfs], CPU#1: ll_mgs_0000/1748
00014 Modules linked in: osp(O) mdd(O) lod(O) mdt(O) lquota(O) lfsck(O) mgs(O) osd_wbcfs(O) lustre(O) obdecho(O) mgc(O) mdc(O) lov(O) osc(O) lmv(O) ec(O) fid(O) fld(O) ptlrpc(O) efivarfs obdclass(O) ksocklnd(O) lnet(O) libcfs(O)
00014 CPU: 1 UID: 0 PID: 1748 Comm: ll_mgs_0000 Tainted: G        W  O        7.0.0-ktest-6eb18a2-6330a45-20260928-dirty #1 PREEMPT 
00014 Tainted: [W]=WARN, [O]=OOT_MODULE
00014 Hardware name: QEMU Standard PC (Q35 + ICH9, 2009), BIOS 2025.11-3ubuntu7 03/31/2026
00014 RIP: 0010:osd_create+0x9cf/0xcf0 [osd_wbcfs]
00014 Code: c7 c7 00 96 7b a1 48 c7 c6 a0 12 7d a1 48 c7 c2 00 1c 7d a1 e8 52 f1 43 ff 48 c7 c7 00 96 7b a1 e8 46 81 44 ff e9 fe fc ff ff <0f> 0b e9 a5 fa ff ff 48 c7 c1 80 44 5d a0 80 e1 07 80 c1 03 38 c1
00014 RSP: 0018:ffffc900012cf700 EFLAGS: 00010246
00014 RAX: 0000000000000000 RBX: ffff88814554c000 RCX: 0000000000000046
00014 RDX: 0000000000000000 RSI: ffff88803c3f49c0 RDI: ffff888148002aa8
00014 RBP: ffff88803c3f4930 R08: ffffffff83a16803 R09: 1ffffffff0742d00
00014 R10: dffffc0000000000 R11: fffffbfff0742d01 R12: ffff888011229418
00014 R13: dffffc0000000000 R14: 1ffff11028aa9800 R15: 1ffff11002245292
00014 FS:  0000000000000000(0000) GS:ffff8881d4aa9000(0000) knlGS:0000000000000000
00014 CS:  0010 DS: 0000 ES: 0000 CR0: 0000000080050033
00014 CR2: 00007fae88de6204 CR3: 0000000123455000 CR4: 0000000000750eb0
00014 PKRU: 55555554
00014 Call Trace:
00014  <TASK>
00014  ? local_object_create+0x109/0x640 [obdclass]
00014  ? dt_write_lock+0x16d/0x2a0 [obdclass]
00014  ? __local_file_create+0xce4/0x1bc0 [obdclass]
00014  ? local_file_find_or_create+0x13c/0x1d0 [obdclass]
00014  ? mgs_ir_update+0x1ce1/0x3850 [mgs]
00014  ? mgs_target_reg+0xd98/0x4480 [mgs]
00014  ? tgt_request_handle+0x23ad/0x3d30 [ptlrpc]
00014  ? ptlrpc_main+0x6359/0x96f0 [ptlrpc]
00014  ? __kthread_parkme+0x73/0x130
00014  ? kthread+0x2cd/0x3a0
00014  ? ptlrpc_start_thread+0x1f10/0x1f10 [ptlrpc]
00014  ? kthread_unuse_mm+0x130/0x130
00014  ? ret_from_fork+0x18c/0x520
00014  ? kthread_unuse_mm+0x130/0x130
00014  ? ret_from_fork_asm+0x11/0x20
00014  </TASK>
00014 ---[ end trace 0000000000000000 ]---
00014 Lustre: lustre-MDT0000: Imperative Recovery not enabled, recovery window 300-900
00014 Lustre: ctl-lustre-MDT0000: super-sequence allocation rc = 0 [0x0000000200000400-0x0000000240000400]:0:mdt
00014 ------------[ cut here ]------------
00014 WARNING: /home/ktest/git/linux/include/linux/fs.h:889 at osd_create+0x9cf/0xcf0 [osd_wbcfs], CPU#1: lod0000_rec0000/1783
00014 Modules linked in: osp(O) mdd(O) lod(O) mdt(O) lquota(O) lfsck(O) mgs(O) osd_wbcfs(O) lustre(O) obdecho(O) mgc(O) mdc(O) lov(O) osc(O) lmv(O) ec(O) fid(O) fld(O) ptlrpc(O) efivarfs obdclass(O) ksocklnd(O) lnet(O) libcfs(O)
00014 CPU: 1 UID: 0 PID: 1783 Comm: lod0000_rec0000 Tainted: G        W  O        7.0.0-ktest-6eb18a2-6330a45-20260928-dirty #1 PREEMPT 
00014 Tainted: [W]=WARN, [O]=OOT_MODULE
00014 Hardware name: QEMU Standard PC (Q35 + ICH9, 2009), BIOS 2025.11-3ubuntu7 03/31/2026
00014 RIP: 0010:osd_create+0x9cf/0xcf0 [osd_wbcfs]
00014 Code: c7 c7 00 96 7b a1 48 c7 c6 a0 12 7d a1 48 c7 c2 00 1c 7d a1 e8 52 f1 43 ff 48 c7 c7 00 96 7b a1 e8 46 81 44 ff e9 fe fc ff ff <0f> 0b e9 a5 fa ff ff 48 c7 c1 80 44 5d a0 80 e1 07 80 c1 03 38 c1
00014 RSP: 0018:ffffc90000a0fb50 EFLAGS: 00010246
00014 RAX: 0000000000000000 RBX: ffff88814554e400 RCX: 0000000000000046
00014 RDX: 0000000000000000 RSI: ffff88803c3f42a8 RDI: ffff88814d554b18
00014 RBP: ffff88803c3f4218 R08: ffffffff83a16803 R09: 1ffffffff0742d00
00014 R10: dffffc0000000000 R11: fffffbfff0742d01 R12: ffff88814c6a3400
00014 R13: dffffc0000000000 R14: 1ffff11028aa9c80 R15: 1ffff110298d468f
00014 FS:  0000000000000000(0000) GS:ffff8881d4aa9000(0000) knlGS:0000000000000000
00014 CS:  0010 DS: 0000 ES: 0000 CR0: 0000000080050033
00014 CR2: 00007fae88de6204 CR3: 0000000123455000 CR4: 0000000000750eb0
00014 PKRU: 55555554
00014 Call Trace:
00014  <TASK>
00014  ? llog_osd_create+0x605/0x10d0 [obdclass]
00014  ? llog_create+0x2ed/0x530 [obdclass]
00014  ? llog_open_create+0x6e7/0xb30 [obdclass]
00014  ? lod_sub_prep_llog+0xdfd/0x1b40 [lod]
00014  ? lod_sub_recovery_thread+0x316/0x18d0 [lod]
00014  ? __kthread_parkme+0x73/0x130
00014  ? kthread+0x2cd/0x3a0
00014  ? lod_sub_init_llog+0x1180/0x1180 [lod]
00014  ? kthread_unuse_mm+0x130/0x130
00014  ? ret_from_fork+0x18c/0x520
00014  ? kthread_unuse_mm+0x130/0x130
00014  ? ret_from_fork_asm+0x11/0x20
00014  </TASK>
00014 ---[ end trace 0000000000000000 ]---
00014 ------------[ cut here ]------------
00014 WARNING: /home/ktest/git/linux/include/linux/fs.h:889 at osd_create+0x9cf/0xcf0 [osd_wbcfs], CPU#0: ll_mgs_0000/1748
00014 Modules linked in: osp(O) mdd(O) lod(O) mdt(O) lquota(O) lfsck(O) mgs(O) osd_wbcfs(O) lustre(O) obdecho(O) mgc(O) mdc(O) lov(O) osc(O) lmv(O) ec(O) fid(O) fld(O) ptlrpc(O) efivarfs obdclass(O) ksocklnd(O) lnet(O) libcfs(O)
00014 CPU: 0 UID: 0 PID: 1748 Comm: ll_mgs_0000 Tainted: G        W  O        7.0.0-ktest-6eb18a2-6330a45-20260928-dirty #1 PREEMPT 
00014 Tainted: [W]=WARN, [O]=OOT_MODULE
00014 Hardware name: QEMU Standard PC (Q35 + ICH9, 2009), BIOS 2025.11-3ubuntu7 03/31/2026
00014 RIP: 0010:osd_create+0x9cf/0xcf0 [osd_wbcfs]
00014 Code: c7 c7 00 96 7b a1 48 c7 c6 a0 12 7d a1 48 c7 c2 00 1c 7d a1 e8 52 f1 43 ff 48 c7 c7 00 96 7b a1 e8 46 81 44 ff e9 fe fc ff ff <0f> 0b e9 a5 fa ff ff 48 c7 c1 80 44 5d a0 80 e1 07 80 c1 03 38 c1
00014 RSP: 0018:ffffc900012cf688 EFLAGS: 00010246
00014 RAX: 0000000000000000 RBX: ffff88814ad23c00 RCX: 0000000000000046
00014 RDX: 0000000000000000 RSI: ffff8880336657f0 RDI: ffff888148002aa8
00014 RBP: ffff888033665760 R08: ffffffff83a16803 R09: 1ffffffff0742d00
00014 R10: dffffc0000000000 R11: fffffbfff0742d01 R12: ffff88814d6c5c00
00014 R13: dffffc0000000000 R14: 1ffff110295a4780 R15: 1ffff11029ad8b8f
00014 FS:  0000000000000000(0000) GS:ffff8881d4a29000(0000) knlGS:0000000000000000
00014 CS:  0010 DS: 0000 ES: 0000 CR0: 0000000080050033
00014 CR2: 0000563c1f218010 CR3: 000000014d59e000 CR4: 0000000000750eb0
00014 PKRU: 55555554
00014 Call Trace:
00014  <TASK>
00014  ? local_object_create+0x109/0x640 [obdclass]
00014  ? dt_write_lock+0x16d/0x2a0 [obdclass]
00014  ? llog_osd_create+0x356/0x10d0 [obdclass]
00014  ? llog_create+0x2ed/0x530 [obdclass]
00014  ? llog_open_create+0x6e7/0xb30 [obdclass]
00014  ? record_start_log+0x348/0xa40 [mgs]
00014  ? mgs_write_log_lov+0x3ac/0xde0 [mgs]
00014  ? mgs_write_log_target+0x17a4/0x6ab0 [mgs]
00014  ? mgs_target_reg+0x254e/0x4480 [mgs]
00014  ? tgt_request_handle+0x23ad/0x3d30 [ptlrpc]
00014  ? ptlrpc_main+0x6359/0x96f0 [ptlrpc]
00014  ? __kthread_parkme+0x73/0x130
00014  ? kthread+0x2cd/0x3a0
00014  ? ptlrpc_start_thread+0x1f10/0x1f10 [ptlrpc]
00014  ? kthread_unuse_mm+0x130/0x130
00014  ? ret_from_fork+0x18c/0x520
00014  ? kthread_unuse_mm+0x130/0x130
00014  ? ret_from_fork_asm+0x11/0x20
00014  </TASK>
00014 ---[ end trace 0000000000000000 ]---
00014 ------------[ cut here ]------------
00014 WARNING: /home/ktest/git/linux/include/linux/fs.h:889 at osd_create+0x9cf/0xcf0 [osd_wbcfs], CPU#3: llog_process_th/1790
00014 Modules linked in: osp(O) mdd(O) lod(O) mdt(O) lquota(O) lfsck(O) mgs(O) osd_wbcfs(O) lustre(O) obdecho(O) mgc(O) mdc(O) lov(O) osc(O) lmv(O) ec(O) fid(O) fld(O) ptlrpc(O) efivarfs obdclass(O) ksocklnd(O) lnet(O) libcfs(O)
00014 CPU: 3 UID: 0 PID: 1790 Comm: llog_process_th Tainted: G        W  O        7.0.0-ktest-6eb18a2-6330a45-20260928-dirty #1 PREEMPT 
00014 Tainted: [W]=WARN, [O]=OOT_MODULE
00014 Hardware name: QEMU Standard PC (Q35 + ICH9, 2009), BIOS 2025.11-3ubuntu7 03/31/2026
00014 RIP: 0010:osd_create+0x9cf/0xcf0 [osd_wbcfs]
00014 Code: c7 c7 00 96 7b a1 48 c7 c6 a0 12 7d a1 48 c7 c2 00 1c 7d a1 e8 52 f1 43 ff 48 c7 c7 00 96 7b a1 e8 46 81 44 ff e9 fe fc ff ff <0f> 0b e9 a5 fa ff ff 48 c7 c1 80 44 5d a0 80 e1 07 80 c1 03 38 c1
00014 RSP: 0018:ffffc90001a77450 EFLAGS: 00010246
00014 RAX: 0000000000000000 RBX: ffff88814556b000 RCX: 0000000000000046
00014 RDX: ffffffff84c45d40 RSI: ffff88803c10df08 RDI: ffff88804cd42a58
00014 RBP: ffff88803c10de78 R08: 0000000000000001 R09: 0000000000000000
00014 R10: dffffc0000000000 R11: ffffed1007821bc4 R12: ffff8881247fa400
00014 R13: dffffc0000000000 R14: 1ffff11028aad600 R15: 1ffff9200034eebf
00014 FS:  0000000000000000(0000) GS:ffff8881d4ba9000(0000) knlGS:0000000000000000
00014 CS:  0010 DS: 0000 ES: 0000 CR0: 0000000080050033
00014 CR2: 00007fb49d5e6204 CR3: 000000003cd44000 CR4: 0000000000750eb0
00014 PKRU: 55555554
00014 Call Trace:
00014  <TASK>
00014  ? dt_find_or_create+0x81a/0x1170 [obdclass]
00014  ? fld_index_init+0x404/0x1610 [fld]
00014  ? is_module_address+0x1b/0x70
00014  ? is_module_address+0x5e/0x70
00014  ? __asan_memset+0x22/0x40
00014  ? fld_server_init+0x1d7/0x580 [fld]
00014  ? mdt_device_alloc+0x36b4/0x66c0 [mdt]
00014  ? __alloc_tagging_slab_alloc_hook+0x136/0x190
00014  ? obd_setup+0x25c/0x950 [obdclass]
00014  ? class_setup+0xc7d/0x10e0 [obdclass]
00014  ? class_process_config+0x2edb/0x7cb0 [obdclass]
00014  ? local_trylock_acquire+0xb/0x70
00014  ? __kasan_kmalloc+0x72/0x80
00014  ? class_config_llog_handler+0x2954/0x4f80 [obdclass]
00014  ? class_config_llog_handler+0x2cea/0x4f80 [obdclass]
00014  ? lustre_cfg_rec_free+0x350/0x350 [obdclass]
00014  ? llog_process_thread+0x1fd2/0x4f70 [obdclass]
00014  ? _raw_spin_unlock+0x23/0x40
00014  ? llog_process_thread_daemonize+0x16d/0x1b0 [obdclass]
00014  ? kthread+0x2cd/0x3a0
00014  ? llog_process_or_fork+0xc90/0xc90 [obdclass]
00014  ? kthread_unuse_mm+0x130/0x130
00014  ? ret_from_fork+0x18c/0x520
00014  ? kthread_unuse_mm+0x130/0x130
00014  ? ret_from_fork_asm+0x11/0x20
00014  </TASK>
00014 ---[ end trace 0000000000000000 ]---
00014 ------------[ cut here ]------------
00014 WARNING: /home/ktest/git/linux/include/linux/fs.h:889 at osd_create+0x9cf/0xcf0 [osd_wbcfs], CPU#3: llog_process_th/1790
00014 Modules linked in: osp(O) mdd(O) lod(O) mdt(O) lquota(O) lfsck(O) mgs(O) osd_wbcfs(O) lustre(O) obdecho(O) mgc(O) mdc(O) lov(O) osc(O) lmv(O) ec(O) fid(O) fld(O) ptlrpc(O) efivarfs obdclass(O) ksocklnd(O) lnet(O) libcfs(O)
00014 CPU: 3 UID: 0 PID: 1790 Comm: llog_process_th Tainted: G        W  O        7.0.0-ktest-6eb18a2-6330a45-20260928-dirty #1 PREEMPT 
00014 Tainted: [W]=WARN, [O]=OOT_MODULE
00014 Hardware name: QEMU Standard PC (Q35 + ICH9, 2009), BIOS 2025.11-3ubuntu7 03/31/2026
00014 RIP: 0010:osd_create+0x9cf/0xcf0 [osd_wbcfs]
00014 Code: c7 c7 00 96 7b a1 48 c7 c6 a0 12 7d a1 48 c7 c2 00 1c 7d a1 e8 52 f1 43 ff 48 c7 c7 00 96 7b a1 e8 46 81 44 ff e9 fe fc ff ff <0f> 0b e9 a5 fa ff ff 48 c7 c1 80 44 5d a0 80 e1 07 80 c1 03 38 c1
00014 RSP: 0018:ffffc90001a77430 EFLAGS: 00010246
00014 RAX: 0000000000000000 RBX: ffff8881482e7800 RCX: 0000000000000046
00014 RDX: 0000000000000000 RSI: ffff88803c10d7f0 RDI: ffff88804cd42a58
00014 RBP: ffff88803c10d760 R08: ffffffff83a16803 R09: 1ffffffff0742d00
00014 R10: dffffc0000000000 R11: fffffbfff0742d01 R12: ffffc90001a77530
00014 R13: dffffc0000000000 R14: 1ffff1102905cf00 R15: 1ffff9200034eea4
00014 FS:  0000000000000000(0000) GS:ffff8881d4ba9000(0000) knlGS:0000000000000000
00014 CS:  0010 DS: 0000 ES: 0000 CR0: 0000000080050033
00014 CR2: 00007fb49d5e6204 CR3: 000000003cd44000 CR4: 0000000000750eb0
00014 PKRU: 55555554
00014 Call Trace:
00014  <TASK>
00014  ? dt_find_or_create+0x81a/0x1170 [obdclass]
00014  ? seq_store_init+0x155/0x360 [fid]
00014  ? seq_server_init+0x290/0xba0 [fid]
00014  ? mdt_seq_init+0x2c1/0x1ef0 [mdt]
00014  ? fld_server_init+0x34e/0x580 [fld]
00014  ? mdt_device_alloc+0x39c5/0x66c0 [mdt]
00014  ? __alloc_tagging_slab_alloc_hook+0x136/0x190
00014  ? obd_setup+0x25c/0x950 [obdclass]
00014  ? class_setup+0xc7d/0x10e0 [obdclass]
00014  ? class_process_config+0x2edb/0x7cb0 [obdclass]
00014  ? local_trylock_acquire+0xb/0x70
00014  ? __kasan_kmalloc+0x72/0x80
00014  ? class_config_llog_handler+0x2954/0x4f80 [obdclass]
00014  ? class_config_llog_handler+0x2cea/0x4f80 [obdclass]
00014  ? lustre_cfg_rec_free+0x350/0x350 [obdclass]
00014  ? llog_process_thread+0x1fd2/0x4f70 [obdclass]
00014  ? _raw_spin_unlock+0x23/0x40
00014  ? llog_process_thread_daemonize+0x16d/0x1b0 [obdclass]
00014  ? kthread+0x2cd/0x3a0
00014  ? llog_process_or_fork+0xc90/0xc90 [obdclass]
00014  ? kthread_unuse_mm+0x130/0x130
00014  ? ret_from_fork+0x18c/0x520
00014  ? kthread_unuse_mm+0x130/0x130
00014  ? ret_from_fork_asm+0x11/0x20
00014  </TASK>
00014 ---[ end trace 0000000000000000 ]---
00014 ------------[ cut here ]------------
00014 WARNING: /home/ktest/git/linux/include/linux/fs.h:889 at osd_create+0x9cf/0xcf0 [osd_wbcfs], CPU#3: llog_process_th/1790
00014 Modules linked in: osp(O) mdd(O) lod(O) mdt(O) lquota(O) lfsck(O) mgs(O) osd_wbcfs(O) lustre(O) obdecho(O) mgc(O) mdc(O) lov(O) osc(O) lmv(O) ec(O) fid(O) fld(O) ptlrpc(O) efivarfs obdclass(O) ksocklnd(O) lnet(O) libcfs(O)
00014 CPU: 3 UID: 0 PID: 1790 Comm: llog_process_th Tainted: G        W  O        7.0.0-ktest-6eb18a2-6330a45-20260928-dirty #1 PREEMPT 
00014 Tainted: [W]=WARN, [O]=OOT_MODULE
00014 Hardware name: QEMU Standard PC (Q35 + ICH9, 2009), BIOS 2025.11-3ubuntu7 03/31/2026
00014 RIP: 0010:osd_create+0x9cf/0xcf0 [osd_wbcfs]
00014 Code: c7 c7 00 96 7b a1 48 c7 c6 a0 12 7d a1 48 c7 c2 00 1c 7d a1 e8 52 f1 43 ff 48 c7 c7 00 96 7b a1 e8 46 81 44 ff e9 fe fc ff ff <0f> 0b e9 a5 fa ff ff 48 c7 c1 80 44 5d a0 80 e1 07 80 c1 03 38 c1
00014 RSP: 0018:ffffc90001a77470 EFLAGS: 00010246
00014 RAX: 0000000000000000 RBX: ffff8881482e6800 RCX: 0000000000000046
00014 RDX: 0000000000000000 RSI: ffff88806f3c50d8 RDI: ffff88804cd42a58
00014 RBP: ffff88806f3c5048 R08: ffffffff83a16803 R09: 1ffffffff0742d00
00014 R10: dffffc0000000000 R11: fffffbfff0742d01 R12: ffffc90001a775e0
00014 R13: dffffc0000000000 R14: 1ffff1102905cd00 R15: 1ffff9200034eec9
00014 FS:  0000000000000000(0000) GS:ffff8881d4ba9000(0000) knlGS:0000000000000000
00014 CS:  0010 DS: 0000 ES: 0000 CR0: 0000000080050033
00014 CR2: 00007fb49d5e6204 CR3: 000000003cd44000 CR4: 0000000000750eb0
00014 PKRU: 55555554
00014 Call Trace:
00014  <TASK>
00014  ? dt_find_or_create+0x81a/0x1170 [obdclass]
00014  ? tgt_init+0xb72/0x2a60 [ptlrpc]
00014  ? mdt_device_alloc+0x3ce7/0x66c0 [mdt]
00014  ? __alloc_tagging_slab_alloc_hook+0x136/0x190
00014  ? obd_setup+0x25c/0x950 [obdclass]
00014  ? class_setup+0xc7d/0x10e0 [obdclass]
00014  ? class_process_config+0x2edb/0x7cb0 [obdclass]
00014  ? local_trylock_acquire+0xb/0x70
00014  ? __kasan_kmalloc+0x72/0x80
00014  ? class_config_llog_handler+0x2954/0x4f80 [obdclass]
00014  ? class_config_llog_handler+0x2cea/0x4f80 [obdclass]
00014  ? lustre_cfg_rec_free+0x350/0x350 [obdclass]
00014  ? llog_process_thread+0x1fd2/0x4f70 [obdclass]
00014  ? _raw_spin_unlock+0x23/0x40
00014  ? llog_process_thread_daemonize+0x16d/0x1b0 [obdclass]
00014  ? kthread+0x2cd/0x3a0
00014  ? llog_process_or_fork+0xc90/0xc90 [obdclass]
00014  ? kthread_unuse_mm+0x130/0x130
00014  ? ret_from_fork+0x18c/0x520
00014  ? kthread_unuse_mm+0x130/0x130
00014  ? ret_from_fork_asm+0x11/0x20
00014  </TASK>
00014 ---[ end trace 0000000000000000 ]---
00014 ------------[ cut here ]------------
00014 WARNING: /home/ktest/git/linux/include/linux/fs.h:889 at osd_create+0x9cf/0xcf0 [osd_wbcfs], CPU#3: llog_process_th/1790
00014 Modules linked in: osp(O) mdd(O) lod(O) mdt(O) lquota(O) lfsck(O) mgs(O) osd_wbcfs(O) lustre(O) obdecho(O) mgc(O) mdc(O) lov(O) osc(O) lmv(O) ec(O) fid(O) fld(O) ptlrpc(O) efivarfs obdclass(O) ksocklnd(O) lnet(O) libcfs(O)
00014 CPU: 3 UID: 0 PID: 1790 Comm: llog_process_th Tainted: G        W  O        7.0.0-ktest-6eb18a2-6330a45-20260928-dirty #1 PREEMPT 
00014 Tainted: [W]=WARN, [O]=OOT_MODULE
00014 Hardware name: QEMU Standard PC (Q35 + ICH9, 2009), BIOS 2025.11-3ubuntu7 03/31/2026
00014 RIP: 0010:osd_create+0x9cf/0xcf0 [osd_wbcfs]
00014 Code: c7 c7 00 96 7b a1 48 c7 c6 a0 12 7d a1 48 c7 c2 00 1c 7d a1 e8 52 f1 43 ff 48 c7 c7 00 96 7b a1 e8 46 81 44 ff e9 fe fc ff ff <0f> 0b e9 a5 fa ff ff 48 c7 c1 80 44 5d a0 80 e1 07 80 c1 03 38 c1
00014 RSP: 0018:ffffc90001a77470 EFLAGS: 00010246
00014 RAX: 0000000000000000 RBX: ffff8881482e6c00 RCX: 0000000000000046
00014 RDX: 0000000000000000 RSI: ffff88806f3c49c0 RDI: ffff88804cd42a58
00014 RBP: ffff88806f3c4930 R08: ffffffff83a16803 R09: 1ffffffff0742d00
00014 R10: dffffc0000000000 R11: fffffbfff0742d01 R12: ffffc90001a775e0
00014 R13: dffffc0000000000 R14: 1ffff1102905cd80 R15: 1ffff9200034eec9
00014 FS:  0000000000000000(0000) GS:ffff8881d4ba9000(0000) knlGS:0000000000000000
00014 CS:  0010 DS: 0000 ES: 0000 CR0: 0000000080050033
00014 CR2: 00007fb49d5e6204 CR3: 000000003cd44000 CR4: 0000000000750eb0
00014 PKRU: 55555554
00014 Call Trace:
00014  <TASK>
00014  ? dt_find_or_create+0x81a/0x1170 [obdclass]
00014  ? tgt_init+0x1a98/0x2a60 [ptlrpc]
00014  ? mdt_device_alloc+0x3ce7/0x66c0 [mdt]
00014  ? __alloc_tagging_slab_alloc_hook+0x136/0x190
00014  ? obd_setup+0x25c/0x950 [obdclass]
00014  ? class_setup+0xc7d/0x10e0 [obdclass]
00014  ? class_process_config+0x2edb/0x7cb0 [obdclass]
00014  ? local_trylock_acquire+0xb/0x70
00014  ? __kasan_kmalloc+0x72/0x80
00014  ? class_config_llog_handler+0x2954/0x4f80 [obdclass]
00014  ? class_config_llog_handler+0x2cea/0x4f80 [obdclass]
00014  ? lustre_cfg_rec_free+0x350/0x350 [obdclass]
00014  ? llog_process_thread+0x1fd2/0x4f70 [obdclass]
00014  ? _raw_spin_unlock+0x23/0x40
00014  ? llog_process_thread_daemonize+0x16d/0x1b0 [obdclass]
00014  ? kthread+0x2cd/0x3a0
00014  ? llog_process_or_fork+0xc90/0xc90 [obdclass]
00014  ? kthread_unuse_mm+0x130/0x130
00014  ? ret_from_fork+0x18c/0x520
00014  ? kthread_unuse_mm+0x130/0x130
00014  ? ret_from_fork_asm+0x11/0x20
00014  </TASK>
00014 ---[ end trace 0000000000000000 ]---
00014 Lustre: cli-ctl-lustre-MDT0001: Allocated super-sequence [0x0000000240000400-0x0000000280000400]:1:mdt]
00014 ------------[ cut here ]------------
00014 WARNING: /home/ktest/git/linux/include/linux/fs.h:889 at osd_create+0x9cf/0xcf0 [osd_wbcfs], CPU#2: lod0001_rec0001/1799
00014 Modules linked in: osp(O) mdd(O) lod(O) mdt(O) lquota(O) lfsck(O) mgs(O) osd_wbcfs(O) lustre(O) obdecho(O) mgc(O) mdc(O) lov(O) osc(O) lmv(O) ec(O) fid(O) fld(O) ptlrpc(O) efivarfs obdclass(O) ksocklnd(O) lnet(O) libcfs(O)
00014 CPU: 2 UID: 0 PID: 1799 Comm: lod0001_rec0001 Tainted: G        W  O        7.0.0-ktest-6eb18a2-6330a45-20260928-dirty #1 PREEMPT 
00014 Tainted: [W]=WARN, [O]=OOT_MODULE
00014 Hardware name: QEMU Standard PC (Q35 + ICH9, 2009), BIOS 2025.11-3ubuntu7 03/31/2026
00014 RIP: 0010:osd_create+0x9cf/0xcf0 [osd_wbcfs]
00014 Code: c7 c7 00 96 7b a1 48 c7 c6 a0 12 7d a1 48 c7 c2 00 1c 7d a1 e8 52 f1 43 ff 48 c7 c7 00 96 7b a1 e8 46 81 44 ff e9 fe fc ff ff <0f> 0b e9 a5 fa ff ff 48 c7 c1 80 44 5d a0 80 e1 07 80 c1 03 38 c1
00014 RSP: 0018:ffffc90001ff7b50 EFLAGS: 00010246
00014 RAX: 0000000000000000 RBX: ffff88814a4dc800 RCX: 0000000000000046
00014 RDX: 0000000000000000 RSI: ffff88815403ed38 RDI: ffff888035d60998
00014 RBP: ffff88815403eca8 R08: ffffffff83a16803 R09: 1ffffffff0742d00
00014 R10: dffffc0000000000 R11: fffffbfff0742d01 R12: ffff8881481f8000
00014 R13: dffffc0000000000 R14: 1ffff1102949b900 R15: 1ffff1102903f00f
00014 FS:  0000000000000000(0000) GS:ffff8881d4b29000(0000) knlGS:0000000000000000
00014 CS:  0010 DS: 0000 ES: 0000 CR0: 0000000080050033
00014 CR2: 00007f40369e6204 CR3: 000000014d59e000 CR4: 0000000000750eb0
00014 PKRU: 55555554
00014 Call Trace:
00014  <TASK>
00014  ? llog_osd_create+0x605/0x10d0 [obdclass]
00014  ? llog_create+0x2ed/0x530 [obdclass]
00014  ? llog_open_create+0x6e7/0xb30 [obdclass]
00014  ? lod_sub_prep_llog+0xdfd/0x1b40 [lod]
00014  ? lod_sub_recovery_thread+0x316/0x18d0 [lod]
00014  ? __kthread_parkme+0x73/0x130
00014  ? kthread+0x2cd/0x3a0
00014  ? lod_sub_init_llog+0x1180/0x1180 [lod]
00014  ? kthread_unuse_mm+0x130/0x130
00014  ? ret_from_fork+0x18c/0x520
00014  ? kthread_unuse_mm+0x130/0x130
00014  ? ret_from_fork_asm+0x11/0x20
00014  </TASK>
00014 ---[ end trace 0000000000000000 ]---
00014 ------------[ cut here ]------------
00014 WARNING: /home/ktest/git/linux/include/linux/fs.h:889 at osd_create+0x9cf/0xcf0 [osd_wbcfs], CPU#0: mdt_out00_001/1760
00014 Modules linked in: osp(O) mdd(O) lod(O) mdt(O) lquota(O) lfsck(O) mgs(O) osd_wbcfs(O) lustre(O) obdecho(O) mgc(O) mdc(O) lov(O) osc(O) lmv(O) ec(O) fid(O) fld(O) ptlrpc(O) efivarfs obdclass(O) ksocklnd(O) lnet(O) libcfs(O)
00014 CPU: 0 UID: 0 PID: 1760 Comm: mdt_out00_001 Tainted: G        W  O        7.0.0-ktest-6eb18a2-6330a45-20260928-dirty #1 PREEMPT 
00014 Tainted: [W]=WARN, [O]=OOT_MODULE
00014 Hardware name: QEMU Standard PC (Q35 + ICH9, 2009), BIOS 2025.11-3ubuntu7 03/31/2026
00014 RIP: 0010:osd_create+0x9cf/0xcf0 [osd_wbcfs]
00014 Code: c7 c7 00 96 7b a1 48 c7 c6 a0 12 7d a1 48 c7 c2 00 1c 7d a1 e8 52 f1 43 ff 48 c7 c7 00 96 7b a1 e8 46 81 44 ff e9 fe fc ff ff <0f> 0b e9 a5 fa ff ff 48 c7 c1 80 44 5d a0 80 e1 07 80 c1 03 38 c1
00014 RSP: 0018:ffffc900013a77f8 EFLAGS: 00010246
00014 RAX: 0000000000000000 RBX: ffff8881482e1c00 RCX: 0000000000000046
00014 RDX: 0000000000000000 RSI: ffff888033663b90 RDI: ffff88814c858998
00014 RBP: ffff888033663b00 R08: ffffffff83a16803 R09: 1ffffffff0742d00
00014 R10: dffffc0000000000 R11: fffffbfff0742d01 R12: ffff888149bea630
00014 R13: dffffc0000000000 R14: 1ffff1102905c380 R15: 1ffff1102937d4d8
00014 FS:  0000000000000000(0000) GS:ffff8881d4a29000(0000) knlGS:0000000000000000
00014 CS:  0010 DS: 0000 ES: 0000 CR0: 0000000080050033
00014 CR2: 0000563c1f218010 CR3: 000000014d59e000 CR4: 0000000000750eb0
00014 PKRU: 55555554
00014 Call Trace:
00014  <TASK>
00014  ? out_tx_create_exec+0x277/0x7a0 [ptlrpc]
00014  ? tx_add_exec+0xd70/0xd70 [ptlrpc]
00014  ? out_tx_end+0x3e3/0x1190 [ptlrpc]
00014  ? out_handle+0x5286/0x6240 [ptlrpc]
00014  ? tgt_request_handle+0x23ad/0x3d30 [ptlrpc]
00014  ? ptlrpc_main+0x6359/0x96f0 [ptlrpc]
00014  ? __kthread_parkme+0x73/0x130
00014  ? kthread+0x2cd/0x3a0
00014  ? ptlrpc_start_thread+0x1f10/0x1f10 [ptlrpc]
00014  ? kthread_unuse_mm+0x130/0x130
00014  ? ret_from_fork+0x18c/0x520
00014  ? kthread_unuse_mm+0x130/0x130
00014  ? ret_from_fork_asm+0x11/0x20
00014  </TASK>
00014 ---[ end trace 0000000000000000 ]---
00014 lod0001_rec0000 (1800) used greatest stack depth: 25696 bytes left
00014 ------------[ cut here ]------------
00014 WARNING: /home/ktest/git/linux/include/linux/fs.h:889 at osd_create+0x9cf/0xcf0 [osd_wbcfs], CPU#1: ll_mgs_0001/1749
00014 Modules linked in: ofd(O) osp(O) mdd(O) lod(O) mdt(O) lquota(O) lfsck(O) mgs(O) osd_wbcfs(O) lustre(O) obdecho(O) mgc(O) mdc(O) lov(O) osc(O) lmv(O) ec(O) fid(O) fld(O) ptlrpc(O) efivarfs obdclass(O) ksocklnd(O) lnet(O) libcfs(O)
00014 CPU: 1 UID: 0 PID: 1749 Comm: ll_mgs_0001 Tainted: G        W  O        7.0.0-ktest-6eb18a2-6330a45-20260928-dirty #1 PREEMPT 
00014 Tainted: [W]=WARN, [O]=OOT_MODULE
00014 Hardware name: QEMU Standard PC (Q35 + ICH9, 2009), BIOS 2025.11-3ubuntu7 03/31/2026
00014 RIP: 0010:osd_create+0x9cf/0xcf0 [osd_wbcfs]
00014 Code: c7 c7 00 96 7b a1 48 c7 c6 a0 12 7d a1 48 c7 c2 00 1c 7d a1 e8 52 f1 43 ff 48 c7 c7 00 96 7b a1 e8 46 81 44 ff e9 fe fc ff ff <0f> 0b e9 a5 fa ff ff 48 c7 c1 80 44 5d a0 80 e1 07 80 c1 03 38 c1
00014 RSP: 0018:ffffc900012df6f0 EFLAGS: 00010246
00014 RAX: 0000000000000000 RBX: ffff88814bcde000 RCX: 0000000000000046
00014 RDX: 0000000000000000 RSI: ffff88803c3f2d60 RDI: ffff88814f2009e8
00014 RBP: ffff88803c3f2cd0 R08: ffffffff83a16803 R09: 1ffffffff0742d00
00014 R10: dffffc0000000000 R11: fffffbfff0742d01 R12: ffff88814aaac400
00014 R13: dffffc0000000000 R14: 1ffff1102979bc00 R15: 1ffff1102955588f
00014 FS:  0000000000000000(0000) GS:ffff8881d4aa9000(0000) knlGS:0000000000000000
00014 CS:  0010 DS: 0000 ES: 0000 CR0: 0000000080050033
00014 CR2: 00007fb9333df020 CR3: 0000000123455000 CR4: 0000000000750eb0
00014 PKRU: 55555554
00014 Call Trace:
00014  <TASK>
00014  ? local_object_create+0x109/0x640 [obdclass]
00014  ? dt_write_lock+0x16d/0x2a0 [obdclass]
00014  ? llog_osd_create+0x356/0x10d0 [obdclass]
00014  ? llog_create+0x2ed/0x530 [obdclass]
00014  ? llog_open_create+0x6e7/0xb30 [obdclass]
00014  ? record_start_log+0x348/0xa40 [mgs]
00014  ? mgs_write_log_target+0x16f2/0x6ab0 [mgs]
00014  ? mgs_target_reg+0x254e/0x4480 [mgs]
00014  ? tgt_request_handle+0x23ad/0x3d30 [ptlrpc]
00014  ? ptlrpc_main+0x6359/0x96f0 [ptlrpc]
00014  ? __kthread_parkme+0x73/0x130
00014  ? kthread+0x2cd/0x3a0
00014  ? ptlrpc_start_thread+0x1f10/0x1f10 [ptlrpc]
00014  ? kthread_unuse_mm+0x130/0x130
00014  ? ret_from_fork+0x18c/0x520
00014  ? kthread_unuse_mm+0x130/0x130
00014  ? ret_from_fork_asm+0x11/0x20
00014  </TASK>
00014 ---[ end trace 0000000000000000 ]---
00014 ------------[ cut here ]------------
00014 WARNING: /home/ktest/git/linux/include/linux/fs.h:889 at osd_create+0x9cf/0xcf0 [osd_wbcfs], CPU#2: llog_process_th/1816
00014 Modules linked in: ofd(O) osp(O) mdd(O) lod(O) mdt(O) lquota(O) lfsck(O) mgs(O) osd_wbcfs(O) lustre(O) obdecho(O) mgc(O) mdc(O) lov(O) osc(O) lmv(O) ec(O) fid(O) fld(O) ptlrpc(O) efivarfs obdclass(O) ksocklnd(O) lnet(O) libcfs(O)
00014 CPU: 2 UID: 0 PID: 1816 Comm: llog_process_th Tainted: G        W  O        7.0.0-ktest-6eb18a2-6330a45-20260928-dirty #1 PREEMPT 
00014 Tainted: [W]=WARN, [O]=OOT_MODULE
00014 Hardware name: QEMU Standard PC (Q35 + ICH9, 2009), BIOS 2025.11-3ubuntu7 03/31/2026
00014 RIP: 0010:osd_create+0x9cf/0xcf0 [osd_wbcfs]
00014 Code: c7 c7 00 96 7b a1 48 c7 c6 a0 12 7d a1 48 c7 c2 00 1c 7d a1 e8 52 f1 43 ff 48 c7 c7 00 96 7b a1 e8 46 81 44 ff e9 fe fc ff ff <0f> 0b e9 a5 fa ff ff 48 c7 c1 80 44 5d a0 80 e1 07 80 c1 03 38 c1
00014 RSP: 0018:ffffc9000419f618 EFLAGS: 00010246
00014 RAX: 0000000000000000 RBX: ffff888104671000 RCX: 0000000000000046
00014 RDX: 0000000000000000 RSI: ffff88815403e620 RDI: ffff88804fe5aa58
00014 RBP: ffff88815403e590 R08: ffffffff83a16803 R09: 1ffffffff0742d00
00014 R10: dffffc0000000000 R11: fffffbfff0742d01 R12: ffffc9000419f788
00014 R13: dffffc0000000000 R14: 1ffff110208ce200 R15: 1ffff92000833efe
00014 FS:  0000000000000000(0000) GS:ffff8881d4b29000(0000) knlGS:0000000000000000
00014 CS:  0010 DS: 0000 ES: 0000 CR0: 0000000080050033
00014 CR2: 00007f4972e1f1e0 CR3: 00000001263be000 CR4: 0000000000750eb0
00014 PKRU: 55555554
00014 Call Trace:
00014  <TASK>
00014  ? dt_find_or_create+0x81a/0x1170 [obdclass]
00014  ? tgt_init+0xb72/0x2a60 [ptlrpc]
00014  ? ofd_device_alloc+0x1da8/0x35e0 [ofd]
00014  ? obd_setup+0x25c/0x950 [obdclass]
00014  ? class_setup+0xc7d/0x10e0 [obdclass]
00014  ? class_process_config+0x2edb/0x7cb0 [obdclass]
00014  ? __kasan_kmalloc+0x72/0x80
00014  ? class_config_llog_handler+0x2954/0x4f80 [obdclass]
00014  ? class_config_llog_handler+0x2cea/0x4f80 [obdclass]
00014  ? lustre_cfg_rec_free+0x350/0x350 [obdclass]
00014  ? llog_process_thread+0x1fd2/0x4f70 [obdclass]
00014  ? _raw_spin_unlock+0x23/0x40
00014  ? llog_process_thread_daemonize+0x16d/0x1b0 [obdclass]
00014  ? kthread+0x2cd/0x3a0
00014  ? llog_process_or_fork+0xc90/0xc90 [obdclass]
00014  ? kthread_unuse_mm+0x130/0x130
00014  ? ret_from_fork+0x18c/0x520
00014  ? kthread_unuse_mm+0x130/0x130
00014  ? ret_from_fork_asm+0x11/0x20
00014  </TASK>
00014 ---[ end trace 0000000000000000 ]---
00014 ------------[ cut here ]------------
00014 WARNING: /home/ktest/git/linux/include/linux/fs.h:889 at osd_create+0x9cf/0xcf0 [osd_wbcfs], CPU#2: llog_process_th/1816
00014 Modules linked in: ofd(O) osp(O) mdd(O) lod(O) mdt(O) lquota(O) lfsck(O) mgs(O) osd_wbcfs(O) lustre(O) obdecho(O) mgc(O) mdc(O) lov(O) osc(O) lmv(O) ec(O) fid(O) fld(O) ptlrpc(O) efivarfs obdclass(O) ksocklnd(O) lnet(O) libcfs(O)
00014 CPU: 2 UID: 0 PID: 1816 Comm: llog_process_th Tainted: G        W  O        7.0.0-ktest-6eb18a2-6330a45-20260928-dirty #1 PREEMPT 
00014 Tainted: [W]=WARN, [O]=OOT_MODULE
00014 Hardware name: QEMU Standard PC (Q35 + ICH9, 2009), BIOS 2025.11-3ubuntu7 03/31/2026
00014 RIP: 0010:osd_create+0x9cf/0xcf0 [osd_wbcfs]
00014 Code: c7 c7 00 96 7b a1 48 c7 c6 a0 12 7d a1 48 c7 c2 00 1c 7d a1 e8 52 f1 43 ff 48 c7 c7 00 96 7b a1 e8 46 81 44 ff e9 fe fc ff ff <0f> 0b e9 a5 fa ff ff 48 c7 c1 80 44 5d a0 80 e1 07 80 c1 03 38 c1
00014 RSP: 0018:ffffc9000419f4f0 EFLAGS: 00010246
00014 RAX: 0000000000000000 RBX: ffff888104672800 RCX: 0000000000000046
00014 RDX: 0000000000000000 RSI: ffff88815403df08 RDI: ffff88804fe5aa58
00014 RBP: ffff88815403de78 R08: ffffffff83a16803 R09: 1ffffffff0742d00
00014 R10: dffffc0000000000 R11: fffffbfff0742d01 R12: ffffc9000419f5f0
00014 R13: dffffc0000000000 R14: 1ffff110208ce500 R15: 1ffff92000833ebc
00014 FS:  0000000000000000(0000) GS:ffff8881d4b29000(0000) knlGS:0000000000000000
00014 CS:  0010 DS: 0000 ES: 0000 CR0: 0000000080050033
00014 CR2: 00007f4972e1f1e0 CR3: 00000001263be000 CR4: 0000000000750eb0
00014 PKRU: 55555554
00014 Call Trace:
00014  <TASK>
00014  ? dt_find_or_create+0x81a/0x1170 [obdclass]
00014  ? seq_store_init+0x155/0x360 [fid]
00014  ? seq_server_init+0x290/0xba0 [fid]
00014  ? ofd_fid_init+0x41c/0xf80 [ofd]
00014  ? ofd_seqs_init+0xb6/0x1370 [ofd]
00014  ? ofd_fs_setup+0x13c/0xdd0 [ofd]
00014  ? ofd_device_alloc+0x1fc1/0x35e0 [ofd]
00014  ? obd_setup+0x25c/0x950 [obdclass]
00014  ? class_setup+0xc7d/0x10e0 [obdclass]
00014  ? class_process_config+0x2edb/0x7cb0 [obdclass]
00014  ? __kasan_kmalloc+0x72/0x80
00014  ? class_config_llog_handler+0x2954/0x4f80 [obdclass]
00014  ? class_config_llog_handler+0x2cea/0x4f80 [obdclass]
00014  ? lustre_cfg_rec_free+0x350/0x350 [obdclass]
00014  ? llog_process_thread+0x1fd2/0x4f70 [obdclass]
00014  ? _raw_spin_unlock+0x23/0x40
00014  ? llog_process_thread_daemonize+0x16d/0x1b0 [obdclass]
00014  ? kthread+0x2cd/0x3a0
00014  ? llog_process_or_fork+0xc90/0xc90 [obdclass]
00014  ? kthread_unuse_mm+0x130/0x130
00014  ? ret_from_fork+0x18c/0x520
00014  ? kthread_unuse_mm+0x130/0x130
00014  ? ret_from_fork_asm+0x11/0x20
00014  </TASK>
00014 ---[ end trace 0000000000000000 ]---
00014 ------------[ cut here ]------------
00014 WARNING: /home/ktest/git/linux/include/linux/fs.h:889 at osd_create+0x9cf/0xcf0 [osd_wbcfs], CPU#2: llog_process_th/1816
00014 Modules linked in: ofd(O) osp(O) mdd(O) lod(O) mdt(O) lquota(O) lfsck(O) mgs(O) osd_wbcfs(O) lustre(O) obdecho(O) mgc(O) mdc(O) lov(O) osc(O) lmv(O) ec(O) fid(O) fld(O) ptlrpc(O) efivarfs obdclass(O) ksocklnd(O) lnet(O) libcfs(O)
00014 CPU: 2 UID: 0 PID: 1816 Comm: llog_process_th Tainted: G        W  O        7.0.0-ktest-6eb18a2-6330a45-20260928-dirty #1 PREEMPT 
00014 Tainted: [W]=WARN, [O]=OOT_MODULE
00014 Hardware name: QEMU Standard PC (Q35 + ICH9, 2009), BIOS 2025.11-3ubuntu7 03/31/2026
00014 RIP: 0010:osd_create+0x9cf/0xcf0 [osd_wbcfs]
00014 Code: c7 c7 00 96 7b a1 48 c7 c6 a0 12 7d a1 48 c7 c2 00 1c 7d a1 e8 52 f1 43 ff 48 c7 c7 00 96 7b a1 e8 46 81 44 ff e9 fe fc ff ff <0f> 0b e9 a5 fa ff ff 48 c7 c1 80 44 5d a0 80 e1 07 80 c1 03 38 c1
00014 RSP: 0018:ffffc9000419f530 EFLAGS: 00010246
00014 RAX: 0000000000000000 RBX: ffff888104670c00 RCX: 0000000000000046
00014 RDX: ffffffff84c45d40 RSI: ffff88815403d7f0 RDI: ffff88804fe5aa58
00014 RBP: ffff88815403d760 R08: 0000000000000001 R09: 0000000000000000
00014 R10: dffffc0000000000 R11: ffffed102a807ae1 R12: ffff888128e9af00
00014 R13: dffffc0000000000 R14: 1ffff110208ce180 R15: 1ffff92000833edb
00014 FS:  0000000000000000(0000) GS:ffff8881d4b29000(0000) knlGS:0000000000000000
00014 CS:  0010 DS: 0000 ES: 0000 CR0: 0000000080050033
00014 CR2: 00007f4972e1f1e0 CR3: 00000001263be000 CR4: 0000000000750eb0
00014 PKRU: 55555554
00014 Call Trace:
00014  <TASK>
00014  ? dt_find_or_create+0x81a/0x1170 [obdclass]
00014  ? fld_index_init+0x404/0x1610 [fld]
00014  ? is_module_address+0x1b/0x70
00014  ? is_module_address+0x5e/0x70
00014  ? __asan_memset+0x22/0x40
00014  ? fld_server_init+0x1d7/0x580 [fld]
00014  ? ofd_seqs_init+0x430/0x1370 [ofd]
00014  ? ofd_fs_setup+0x13c/0xdd0 [ofd]
00014  ? ofd_device_alloc+0x1fc1/0x35e0 [ofd]
00014  ? obd_setup+0x25c/0x950 [obdclass]
00014  ? class_setup+0xc7d/0x10e0 [obdclass]
00014  ? class_process_config+0x2edb/0x7cb0 [obdclass]
00014  ? __kasan_kmalloc+0x72/0x80
00014  ? class_config_llog_handler+0x2954/0x4f80 [obdclass]
00014  ? class_config_llog_handler+0x2cea/0x4f80 [obdclass]
00014  ? lustre_cfg_rec_free+0x350/0x350 [obdclass]
00014  ? llog_process_thread+0x1fd2/0x4f70 [obdclass]
00014  ? _raw_spin_unlock+0x23/0x40
00014  ? llog_process_thread_daemonize+0x16d/0x1b0 [obdclass]
00014  ? kthread+0x2cd/0x3a0
00014  ? llog_process_or_fork+0xc90/0xc90 [obdclass]
00014  ? kthread_unuse_mm+0x130/0x130
00014  ? ret_from_fork+0x18c/0x520
00014  ? kthread_unuse_mm+0x130/0x130
00014  ? ret_from_fork_asm+0x11/0x20
00014  </TASK>
00014 ---[ end trace 0000000000000000 ]---
00014 ------------[ cut here ]------------
00014 WARNING: /home/ktest/git/linux/include/linux/fs.h:889 at osd_create+0x9cf/0xcf0 [osd_wbcfs], CPU#2: llog_process_th/1816
00014 Modules linked in: ofd(O) osp(O) mdd(O) lod(O) mdt(O) lquota(O) lfsck(O) mgs(O) osd_wbcfs(O) lustre(O) obdecho(O) mgc(O) mdc(O) lov(O) osc(O) lmv(O) ec(O) fid(O) fld(O) ptlrpc(O) efivarfs obdclass(O) ksocklnd(O) lnet(O) libcfs(O)
00014 CPU: 2 UID: 0 PID: 1816 Comm: llog_process_th Tainted: G        W  O        7.0.0-ktest-6eb18a2-6330a45-20260928-dirty #1 PREEMPT 
00014 Tainted: [W]=WARN, [O]=OOT_MODULE
00014 Hardware name: QEMU Standard PC (Q35 + ICH9, 2009), BIOS 2025.11-3ubuntu7 03/31/2026
00014 RIP: 0010:osd_create+0x9cf/0xcf0 [osd_wbcfs]
00014 Code: c7 c7 00 96 7b a1 48 c7 c6 a0 12 7d a1 48 c7 c2 00 1c 7d a1 e8 52 f1 43 ff 48 c7 c7 00 96 7b a1 e8 46 81 44 ff e9 fe fc ff ff <0f> 0b e9 a5 fa ff ff 48 c7 c1 80 44 5d a0 80 e1 07 80 c1 03 38 c1
00014 RSP: 0018:ffffc9000419f6e0 EFLAGS: 00010246
00014 RAX: 0000000000000000 RBX: ffff888104673c00 RCX: 0000000000000046
00014 RDX: 0000000000000000 RSI: ffff88815403d0d8 RDI: ffff88804fe5aa58
00014 RBP: ffff88815403d048 R08: ffffffff83a16803 R09: 1ffffffff0742d00
00014 R10: dffffc0000000000 R11: fffffbfff0742d01 R12: ffff8880565ca830
00014 R13: dffffc0000000000 R14: 1ffff110208ce780 R15: 1ffff1100acb9542
00014 FS:  0000000000000000(0000) GS:ffff8881d4b29000(0000) knlGS:0000000000000000
00014 CS:  0010 DS: 0000 ES: 0000 CR0: 0000000080050033
00014 CR2: 00007f4972e1f1e0 CR3: 00000001263be000 CR4: 0000000000750eb0
00014 PKRU: 55555554
00014 Call Trace:
00014  <TASK>
00014  ? dt_find_or_create+0x81a/0x1170 [obdclass]
00014  ? ofd_fs_setup+0x42c/0xdd0 [ofd]
00014  ? ofd_device_alloc+0x1fc1/0x35e0 [ofd]
00014  ? obd_setup+0x25c/0x950 [obdclass]
00014  ? class_setup+0xc7d/0x10e0 [obdclass]
00014  ? class_process_config+0x2edb/0x7cb0 [obdclass]
00014  ? __kasan_kmalloc+0x72/0x80
00014  ? class_config_llog_handler+0x2954/0x4f80 [obdclass]
00014  ? class_config_llog_handler+0x2cea/0x4f80 [obdclass]
00014  ? lustre_cfg_rec_free+0x350/0x350 [obdclass]
00014  ? llog_process_thread+0x1fd2/0x4f70 [obdclass]
00014  ? _raw_spin_unlock+0x23/0x40
00014  ? llog_process_thread_daemonize+0x16d/0x1b0 [obdclass]
00014  ? kthread+0x2cd/0x3a0
00014  ? llog_process_or_fork+0xc90/0xc90 [obdclass]
00014  ? kthread_unuse_mm+0x130/0x130
00014  ? ret_from_fork+0x18c/0x520
00014  ? kthread_unuse_mm+0x130/0x130
00014  ? ret_from_fork_asm+0x11/0x20
00014  </TASK>
00014 ---[ end trace 0000000000000000 ]---
00014 ------------[ cut here ]------------
00014 WARNING: /home/ktest/git/linux/include/linux/fs.h:889 at osd_create+0x9cf/0xcf0 [osd_wbcfs], CPU#2: llog_process_th/1816
00014 Modules linked in: ofd(O) osp(O) mdd(O) lod(O) mdt(O) lquota(O) lfsck(O) mgs(O) osd_wbcfs(O) lustre(O) obdecho(O) mgc(O) mdc(O) lov(O) osc(O) lmv(O) ec(O) fid(O) fld(O) ptlrpc(O) efivarfs obdclass(O) ksocklnd(O) lnet(O) libcfs(O)
00014 CPU: 2 UID: 0 PID: 1816 Comm: llog_process_th Tainted: G        W  O        7.0.0-ktest-6eb18a2-6330a45-20260928-dirty #1 PREEMPT 
00014 Tainted: [W]=WARN, [O]=OOT_MODULE
00014 Hardware name: QEMU Standard PC (Q35 + ICH9, 2009), BIOS 2025.11-3ubuntu7 03/31/2026
00014 RIP: 0010:osd_create+0x9cf/0xcf0 [osd_wbcfs]
00014 Code: c7 c7 00 96 7b a1 48 c7 c6 a0 12 7d a1 48 c7 c2 00 1c 7d a1 e8 52 f1 43 ff 48 c7 c7 00 96 7b a1 e8 46 81 44 ff e9 fe fc ff ff <0f> 0b e9 a5 fa ff ff 48 c7 c1 80 44 5d a0 80 e1 07 80 c1 03 38 c1
00014 RSP: 0018:ffffc9000419f6e0 EFLAGS: 00010246
00014 RAX: 0000000000000000 RBX: ffff888104672000 RCX: 0000000000000046
00014 RDX: 0000000000000000 RSI: ffff88815403c9c0 RDI: ffff88804fe5aa58
00014 RBP: ffff88815403c930 R08: ffffffff83a16803 R09: 1ffffffff0742d00
00014 R10: dffffc0000000000 R11: fffffbfff0742d01 R12: ffff8880565ca830
00014 R13: dffffc0000000000 R14: 1ffff110208ce400 R15: 1ffff1100acb9542
00014 FS:  0000000000000000(0000) GS:ffff8881d4b29000(0000) knlGS:0000000000000000
00014 CS:  0010 DS: 0000 ES: 0000 CR0: 0000000080050033
00014 CR2: 00007f4972e1f1e0 CR3: 00000001263be000 CR4: 0000000000750eb0
00014 PKRU: 55555554
00014 Call Trace:
00014  <TASK>
00014  ? dt_find_or_create+0x81a/0x1170 [obdclass]
00014  ? ofd_fs_setup+0x57f/0xdd0 [ofd]
00014  ? ofd_device_alloc+0x1fc1/0x35e0 [ofd]
00014  ? obd_setup+0x25c/0x950 [obdclass]
00014  ? class_setup+0xc7d/0x10e0 [obdclass]
00014  ? class_process_config+0x2edb/0x7cb0 [obdclass]
00014  ? __kasan_kmalloc+0x72/0x80
00014  ? class_config_llog_handler+0x2954/0x4f80 [obdclass]
00014  ? class_config_llog_handler+0x2cea/0x4f80 [obdclass]
00014  ? lustre_cfg_rec_free+0x350/0x350 [obdclass]
00014  ? llog_process_thread+0x1fd2/0x4f70 [obdclass]
00014  ? _raw_spin_unlock+0x23/0x40
00014  ? llog_process_thread_daemonize+0x16d/0x1b0 [obdclass]
00014  ? kthread+0x2cd/0x3a0
00014  ? llog_process_or_fork+0xc90/0xc90 [obdclass]
00014  ? kthread_unuse_mm+0x130/0x130
00014  ? ret_from_fork+0x18c/0x520
00014  ? kthread_unuse_mm+0x130/0x130
00014  ? ret_from_fork_asm+0x11/0x20
00014  </TASK>
00014 ---[ end trace 0000000000000000 ]---
00014 ------------[ cut here ]------------
00014 WARNING: /home/ktest/git/linux/include/linux/fs.h:889 at osd_create+0x9cf/0xcf0 [osd_wbcfs], CPU#2: llog_process_th/1816
00014 Modules linked in: ofd(O) osp(O) mdd(O) lod(O) mdt(O) lquota(O) lfsck(O) mgs(O) osd_wbcfs(O) lustre(O) obdecho(O) mgc(O) mdc(O) lov(O) osc(O) lmv(O) ec(O) fid(O) fld(O) ptlrpc(O) efivarfs obdclass(O) ksocklnd(O) lnet(O) libcfs(O)
00014 CPU: 2 UID: 0 PID: 1816 Comm: llog_process_th Tainted: G        W  O        7.0.0-ktest-6eb18a2-6330a45-20260928-dirty #1 PREEMPT 
00014 Tainted: [W]=WARN, [O]=OOT_MODULE
00014 Hardware name: QEMU Standard PC (Q35 + ICH9, 2009), BIOS 2025.11-3ubuntu7 03/31/2026
00014 RIP: 0010:osd_create+0x9cf/0xcf0 [osd_wbcfs]
00014 Code: c7 c7 00 96 7b a1 48 c7 c6 a0 12 7d a1 48 c7 c2 00 1c 7d a1 e8 52 f1 43 ff 48 c7 c7 00 96 7b a1 e8 46 81 44 ff e9 fe fc ff ff <0f> 0b e9 a5 fa ff ff 48 c7 c1 80 44 5d a0 80 e1 07 80 c1 03 38 c1
00014 RSP: 0018:ffffc9000419f4a8 EFLAGS: 00010246
00014 RAX: 0000000000000000 RBX: ffff888122678c00 RCX: 0000000000000046
00014 RDX: ffffffff84c45d40 RSI: ffff88815403c2a8 RDI: ffff88804fe5aa58
00014 RBP: ffff88815403c218 R08: 0000000000000001 R09: 0000000000000000
00014 R10: dffffc0000000000 R11: ffffed102a807838 R12: ffff8880565ec418
00014 R13: dffffc0000000000 R14: 1ffff110244cf180 R15: 1ffff1100acbd892
00014 FS:  0000000000000000(0000) GS:ffff8881d4b29000(0000) knlGS:0000000000000000
00014 CS:  0010 DS: 0000 ES: 0000 CR0: 0000000080050033
00014 CR2: 00007f4972e1f1e0 CR3: 00000001263be000 CR4: 0000000000750eb0
00014 PKRU: 55555554
00014 Call Trace:
00014  <TASK>
00014  ? local_object_create+0x109/0x640 [obdclass]
00014  ? dt_write_lock+0x16d/0x2a0 [obdclass]
00014  ? __local_file_create+0xce4/0x1bc0 [obdclass]
00014  ? local_index_find_or_create+0x1dc/0x2c0 [obdclass]
00014  ? nodemap_cache_find_create+0x4f9/0xe80 [ptlrpc]
00014  ? nodemap_save_config_cache+0x123/0x19b0 [ptlrpc]
00014  ? nm_config_file_register_tgt+0x19b/0x860 [ptlrpc]
00014  ? nm_config_file_register_tgt+0x1a9/0x860 [ptlrpc]
00014  ? ofd_device_alloc+0x219a/0x35e0 [ofd]
00014  ? obd_setup+0x25c/0x950 [obdclass]
00014  ? class_setup+0xc7d/0x10e0 [obdclass]
00014  ? class_process_config+0x2edb/0x7cb0 [obdclass]
00014  ? __kasan_kmalloc+0x72/0x80
00014  ? class_config_llog_handler+0x2954/0x4f80 [obdclass]
00014  ? class_config_llog_handler+0x2cea/0x4f80 [obdclass]
00014  ? lustre_cfg_rec_free+0x350/0x350 [obdclass]
00014  ? llog_process_thread+0x1fd2/0x4f70 [obdclass]
00014  ? _raw_spin_unlock+0x23/0x40
00014  ? llog_process_thread_daemonize+0x16d/0x1b0 [obdclass]
00014  ? kthread+0x2cd/0x3a0
00014  ? llog_process_or_fork+0xc90/0xc90 [obdclass]
00014  ? kthread_unuse_mm+0x130/0x130
00014  ? ret_from_fork+0x18c/0x520
00014  ? kthread_unuse_mm+0x130/0x130
00014  ? ret_from_fork_asm+0x11/0x20
00014  </TASK>
00014 ---[ end trace 0000000000000000 ]---
00014 ------------[ cut here ]------------
00014 WARNING: /home/ktest/git/linux/include/linux/fs.h:889 at osd_create+0x9cf/0xcf0 [osd_wbcfs], CPU#2: ll_mgs_0002/1750
00014 Modules linked in: ofd(O) osp(O) mdd(O) lod(O) mdt(O) lquota(O) lfsck(O) mgs(O) osd_wbcfs(O) lustre(O) obdecho(O) mgc(O) mdc(O) lov(O) osc(O) lmv(O) ec(O) fid(O) fld(O) ptlrpc(O) efivarfs obdclass(O) ksocklnd(O) lnet(O) libcfs(O)
00014 CPU: 2 UID: 0 PID: 1750 Comm: ll_mgs_0002 Tainted: G        W  O        7.0.0-ktest-6eb18a2-6330a45-20260928-dirty #1 PREEMPT 
00014 Tainted: [W]=WARN, [O]=OOT_MODULE
00014 Hardware name: QEMU Standard PC (Q35 + ICH9, 2009), BIOS 2025.11-3ubuntu7 03/31/2026
00014 RIP: 0010:osd_create+0x9cf/0xcf0 [osd_wbcfs]
00014 Code: c7 c7 00 96 7b a1 48 c7 c6 a0 12 7d a1 48 c7 c2 00 1c 7d a1 e8 52 f1 43 ff 48 c7 c7 00 96 7b a1 e8 46 81 44 ff e9 fe fc ff ff <0f> 0b e9 a5 fa ff ff 48 c7 c1 80 44 5d a0 80 e1 07 80 c1 03 38 c1
00014 RSP: 0018:ffffc900012ef6f0 EFLAGS: 00010246
00014 RAX: 0000000000000000 RBX: ffff8881481fd400 RCX: 0000000000000046
00014 RDX: 0000000000000000 RSI: ffff88815403bb90 RDI: ffff88814f202aa8
00014 RBP: ffff88815403bb00 R08: ffffffff83a16803 R09: 1ffffffff0742d00
00014 R10: dffffc0000000000 R11: fffffbfff0742d01 R12: ffff88814e112400
00014 R13: dffffc0000000000 R14: 1ffff1102903fa80 R15: 1ffff11029c2248f
00014 FS:  0000000000000000(0000) GS:ffff8881d4b29000(0000) knlGS:0000000000000000
00014 CS:  0010 DS: 0000 ES: 0000 CR0: 0000000080050033
00014 CR2: 00007f4972e1f1e0 CR3: 00000001260da000 CR4: 0000000000750eb0
00014 PKRU: 55555554
00014 Call Trace:
00014  <TASK>
00014  ? local_object_create+0x109/0x640 [obdclass]
00014  ? dt_write_lock+0x16d/0x2a0 [obdclass]
00014  ? llog_osd_create+0x356/0x10d0 [obdclass]
00014  ? llog_create+0x2ed/0x530 [obdclass]
00014  ? llog_open_create+0x6e7/0xb30 [obdclass]
00014  ? record_start_log+0x348/0xa40 [mgs]
00014  ? mgs_write_log_target+0x16f2/0x6ab0 [mgs]
00014  ? mgs_target_reg+0x254e/0x4480 [mgs]
00014  ? tgt_request_handle+0x23ad/0x3d30 [ptlrpc]
00014  ? ptlrpc_main+0x6359/0x96f0 [ptlrpc]
00014  ? __kthread_parkme+0x73/0x130
00014  ? kthread+0x2cd/0x3a0
00014  ? ptlrpc_start_thread+0x1f10/0x1f10 [ptlrpc]
00014  ? kthread_unuse_mm+0x130/0x130
00014  ? ret_from_fork+0x18c/0x520
00014  ? kthread_unuse_mm+0x130/0x130
00014  ? ret_from_fork_asm+0x11/0x20
00014  </TASK>
00014 ---[ end trace 0000000000000000 ]---
00014 ------------[ cut here ]------------
00014 WARNING: /home/ktest/git/linux/include/linux/fs.h:889 at osd_create+0x9cf/0xcf0 [osd_wbcfs], CPU#2: llog_process_th/1824
00014 Modules linked in: ofd(O) osp(O) mdd(O) lod(O) mdt(O) lquota(O) lfsck(O) mgs(O) osd_wbcfs(O) lustre(O) obdecho(O) mgc(O) mdc(O) lov(O) osc(O) lmv(O) ec(O) fid(O) fld(O) ptlrpc(O) efivarfs obdclass(O) ksocklnd(O) lnet(O) libcfs(O)
00014 CPU: 2 UID: 0 PID: 1824 Comm: llog_process_th Tainted: G        W  O        7.0.0-ktest-6eb18a2-6330a45-20260928-dirty #1 PREEMPT 
00014 Tainted: [W]=WARN, [O]=OOT_MODULE
00014 Hardware name: QEMU Standard PC (Q35 + ICH9, 2009), BIOS 2025.11-3ubuntu7 03/31/2026
00014 RIP: 0010:osd_create+0x9cf/0xcf0 [osd_wbcfs]
00014 Code: c7 c7 00 96 7b a1 48 c7 c6 a0 12 7d a1 48 c7 c2 00 1c 7d a1 e8 52 f1 43 ff 48 c7 c7 00 96 7b a1 e8 46 81 44 ff e9 fe fc ff ff <0f> 0b e9 a5 fa ff ff 48 c7 c1 80 44 5d a0 80 e1 07 80 c1 03 38 c1
00014 RSP: 0018:ffffc9000755f618 EFLAGS: 00010246
00014 RAX: 0000000000000000 RBX: ffff8881481f3c00 RCX: 0000000000000046
00014 RDX: 0000000000000000 RSI: ffff88815403b478 RDI: ffff88803dceaa58
00014 RBP: ffff88815403b3e8 R08: ffffffff83a16803 R09: 1ffffffff0742d00
00014 R10: dffffc0000000000 R11: fffffbfff0742d01 R12: ffffc9000755f788
00014 R13: dffffc0000000000 R14: 1ffff1102903e780 R15: 1ffff92000eabefe
00014 FS:  0000000000000000(0000) GS:ffff8881d4b29000(0000) knlGS:0000000000000000
00014 CS:  0010 DS: 0000 ES: 0000 CR0: 0000000080050033
00014 CR2: 00007f4972e1f1e0 CR3: 00000001260da000 CR4: 0000000000750eb0
00014 PKRU: 55555554
00014 Call Trace:
00014  <TASK>
00014  ? dt_find_or_create+0x81a/0x1170 [obdclass]
00014  ? tgt_init+0xb72/0x2a60 [ptlrpc]
00014  ? ofd_device_alloc+0x1da8/0x35e0 [ofd]
00014  ? obd_setup+0x25c/0x950 [obdclass]
00014  ? class_setup+0xc7d/0x10e0 [obdclass]
00014  ? class_process_config+0x2edb/0x7cb0 [obdclass]
00014  ? __kasan_kmalloc+0x72/0x80
00014  ? class_config_llog_handler+0x2954/0x4f80 [obdclass]
00014  ? class_config_llog_handler+0x2cea/0x4f80 [obdclass]
00014  ? lustre_cfg_rec_free+0x350/0x350 [obdclass]
00014  ? llog_process_thread+0x1fd2/0x4f70 [obdclass]
00014  ? _raw_spin_unlock+0x23/0x40
00014  ? llog_process_thread_daemonize+0x16d/0x1b0 [obdclass]
00014  ? kthread+0x2cd/0x3a0
00014  ? llog_process_or_fork+0xc90/0xc90 [obdclass]
00014  ? kthread_unuse_mm+0x130/0x130
00014  ? ret_from_fork+0x18c/0x520
00014  ? kthread_unuse_mm+0x130/0x130
00014  ? ret_from_fork_asm+0x11/0x20
00014  </TASK>
00014 ---[ end trace 0000000000000000 ]---
00014 ------------[ cut here ]------------
00014 WARNING: /home/ktest/git/linux/include/linux/fs.h:889 at osd_create+0x9cf/0xcf0 [osd_wbcfs], CPU#2: llog_process_th/1824
00014 Modules linked in: ofd(O) osp(O) mdd(O) lod(O) mdt(O) lquota(O) lfsck(O) mgs(O) osd_wbcfs(O) lustre(O) obdecho(O) mgc(O) mdc(O) lov(O) osc(O) lmv(O) ec(O) fid(O) fld(O) ptlrpc(O) efivarfs obdclass(O) ksocklnd(O) lnet(O) libcfs(O)
00014 CPU: 2 UID: 0 PID: 1824 Comm: llog_process_th Tainted: G        W  O        7.0.0-ktest-6eb18a2-6330a45-20260928-dirty #1 PREEMPT 
00014 Tainted: [W]=WARN, [O]=OOT_MODULE
00014 Hardware name: QEMU Standard PC (Q35 + ICH9, 2009), BIOS 2025.11-3ubuntu7 03/31/2026
00014 RIP: 0010:osd_create+0x9cf/0xcf0 [osd_wbcfs]
00014 Code: c7 c7 00 96 7b a1 48 c7 c6 a0 12 7d a1 48 c7 c2 00 1c 7d a1 e8 52 f1 43 ff 48 c7 c7 00 96 7b a1 e8 46 81 44 ff e9 fe fc ff ff <0f> 0b e9 a5 fa ff ff 48 c7 c1 80 44 5d a0 80 e1 07 80 c1 03 38 c1
00014 RSP: 0018:ffffc9000755f4f0 EFLAGS: 00010246
00014 RAX: 0000000000000000 RBX: ffff8881481f1c00 RCX: 0000000000000046
00014 RDX: 0000000000000000 RSI: ffff88815403ad60 RDI: ffff88803dceaa58
00014 RBP: ffff88815403acd0 R08: ffffffff83a16803 R09: 1ffffffff0742d00
00014 R10: dffffc0000000000 R11: fffffbfff0742d01 R12: ffffc9000755f5f0
00014 R13: dffffc0000000000 R14: 1ffff1102903e380 R15: 1ffff92000eabebc
00014 FS:  0000000000000000(0000) GS:ffff8881d4b29000(0000) knlGS:0000000000000000
00014 CS:  0010 DS: 0000 ES: 0000 CR0: 0000000080050033
00014 CR2: 00007f4972e1f1e0 CR3: 00000001260da000 CR4: 0000000000750eb0
00014 PKRU: 55555554
00014 Call Trace:
00014  <TASK>
00014  ? dt_find_or_create+0x81a/0x1170 [obdclass]
00014  ? seq_store_init+0x155/0x360 [fid]
00014  ? seq_server_init+0x290/0xba0 [fid]
00014  ? ofd_fid_init+0x41c/0xf80 [ofd]
00014  ? ofd_seqs_init+0xb6/0x1370 [ofd]
00014  ? ofd_fs_setup+0x13c/0xdd0 [ofd]
00014  ? ofd_device_alloc+0x1fc1/0x35e0 [ofd]
00014  ? obd_setup+0x25c/0x950 [obdclass]
00014  ? class_setup+0xc7d/0x10e0 [obdclass]
00014  ? class_process_config+0x2edb/0x7cb0 [obdclass]
00014  ? __kasan_kmalloc+0x72/0x80
00014  ? class_config_llog_handler+0x2954/0x4f80 [obdclass]
00014  ? class_config_llog_handler+0x2cea/0x4f80 [obdclass]
00014  ? lustre_cfg_rec_free+0x350/0x350 [obdclass]
00014  ? llog_process_thread+0x1fd2/0x4f70 [obdclass]
00014  ? _raw_spin_unlock+0x23/0x40
00014  ? llog_process_thread_daemonize+0x16d/0x1b0 [obdclass]
00014  ? kthread+0x2cd/0x3a0
00014  ? llog_process_or_fork+0xc90/0xc90 [obdclass]
00014  ? kthread_unuse_mm+0x130/0x130
00014  ? ret_from_fork+0x18c/0x520
00014  ? kthread_unuse_mm+0x130/0x130
00014  ? ret_from_fork_asm+0x11/0x20
00014  </TASK>
00014 ---[ end trace 0000000000000000 ]---
00014 ------------[ cut here ]------------
00014 WARNING: /home/ktest/git/linux/include/linux/fs.h:889 at osd_create+0x9cf/0xcf0 [osd_wbcfs], CPU#2: llog_process_th/1824
00014 Modules linked in: ofd(O) osp(O) mdd(O) lod(O) mdt(O) lquota(O) lfsck(O) mgs(O) osd_wbcfs(O) lustre(O) obdecho(O) mgc(O) mdc(O) lov(O) osc(O) lmv(O) ec(O) fid(O) fld(O) ptlrpc(O) efivarfs obdclass(O) ksocklnd(O) lnet(O) libcfs(O)
00014 CPU: 2 UID: 0 PID: 1824 Comm: llog_process_th Tainted: G        W  O        7.0.0-ktest-6eb18a2-6330a45-20260928-dirty #1 PREEMPT 
00014 Tainted: [W]=WARN, [O]=OOT_MODULE
00014 Hardware name: QEMU Standard PC (Q35 + ICH9, 2009), BIOS 2025.11-3ubuntu7 03/31/2026
00014 RIP: 0010:osd_create+0x9cf/0xcf0 [osd_wbcfs]
00014 Code: c7 c7 00 96 7b a1 48 c7 c6 a0 12 7d a1 48 c7 c2 00 1c 7d a1 e8 52 f1 43 ff 48 c7 c7 00 96 7b a1 e8 46 81 44 ff e9 fe fc ff ff <0f> 0b e9 a5 fa ff ff 48 c7 c1 80 44 5d a0 80 e1 07 80 c1 03 38 c1
00014 RSP: 0018:ffffc9000755f530 EFLAGS: 00010246
00014 RAX: 0000000000000000 RBX: ffff888125e7bc00 RCX: 0000000000000046
00014 RDX: ffffffff84c45d40 RSI: ffff888056c250d8 RDI: ffff88803dceaa58
00014 RBP: ffff888056c25048 R08: 0000000000000001 R09: 0000000000000000
00014 R10: dffffc0000000000 R11: ffffed100ad849fe R12: ffff8881457efb00
00014 R13: dffffc0000000000 R14: 1ffff11024bcf780 R15: 1ffff92000eabedb
00014 FS:  0000000000000000(0000) GS:ffff8881d4b29000(0000) knlGS:0000000000000000
00014 CS:  0010 DS: 0000 ES: 0000 CR0: 0000000080050033
00014 CR2: 00007f4972e1f1e0 CR3: 00000001260da000 CR4: 0000000000750eb0
00014 PKRU: 55555554
00014 Call Trace:
00014  <TASK>
00014  ? dt_find_or_create+0x81a/0x1170 [obdclass]
00014  ? fld_index_init+0x404/0x1610 [fld]
00014  ? is_module_address+0x1b/0x70
00014  ? is_module_address+0x5e/0x70
00014  ? __asan_memset+0x22/0x40
00014  ? fld_server_init+0x1d7/0x580 [fld]
00014  ? ofd_seqs_init+0x430/0x1370 [ofd]
00014  ? ofd_fs_setup+0x13c/0xdd0 [ofd]
00014  ? ofd_device_alloc+0x1fc1/0x35e0 [ofd]
00014  ? obd_setup+0x25c/0x950 [obdclass]
00014  ? class_setup+0xc7d/0x10e0 [obdclass]
00014  ? class_process_config+0x2edb/0x7cb0 [obdclass]
00014  ? __kasan_kmalloc+0x72/0x80
00014  ? class_config_llog_handler+0x2954/0x4f80 [obdclass]
00014  ? class_config_llog_handler+0x2cea/0x4f80 [obdclass]
00014  ? lustre_cfg_rec_free+0x350/0x350 [obdclass]
00014  ? llog_process_thread+0x1fd2/0x4f70 [obdclass]
00014  ? _raw_spin_unlock+0x23/0x40
00014  ? llog_process_thread_daemonize+0x16d/0x1b0 [obdclass]
00014  ? kthread+0x2cd/0x3a0
00014  ? llog_process_or_fork+0xc90/0xc90 [obdclass]
00014  ? kthread_unuse_mm+0x130/0x130
00014  ? ret_from_fork+0x18c/0x520
00014  ? kthread_unuse_mm+0x130/0x130
00014  ? ret_from_fork_asm+0x11/0x20
00014  </TASK>
00014 ---[ end trace 0000000000000000 ]---
00014 ------------[ cut here ]------------
00014 WARNING: /home/ktest/git/linux/include/linux/fs.h:889 at osd_create+0x9cf/0xcf0 [osd_wbcfs], CPU#2: llog_process_th/1824
00014 Modules linked in: ofd(O) osp(O) mdd(O) lod(O) mdt(O) lquota(O) lfsck(O) mgs(O) osd_wbcfs(O) lustre(O) obdecho(O) mgc(O) mdc(O) lov(O) osc(O) lmv(O) ec(O) fid(O) fld(O) ptlrpc(O) efivarfs obdclass(O) ksocklnd(O) lnet(O) libcfs(O)
00014 CPU: 2 UID: 0 PID: 1824 Comm: llog_process_th Tainted: G        W  O        7.0.0-ktest-6eb18a2-6330a45-20260928-dirty #1 PREEMPT 
00014 Tainted: [W]=WARN, [O]=OOT_MODULE
00014 Hardware name: QEMU Standard PC (Q35 + ICH9, 2009), BIOS 2025.11-3ubuntu7 03/31/2026
00014 RIP: 0010:osd_create+0x9cf/0xcf0 [osd_wbcfs]
00014 Code: c7 c7 00 96 7b a1 48 c7 c6 a0 12 7d a1 48 c7 c2 00 1c 7d a1 e8 52 f1 43 ff 48 c7 c7 00 96 7b a1 e8 46 81 44 ff e9 fe fc ff ff <0f> 0b e9 a5 fa ff ff 48 c7 c1 80 44 5d a0 80 e1 07 80 c1 03 38 c1
00014 RSP: 0018:ffffc9000755f6e0 EFLAGS: 00010246
00014 RAX: 0000000000000000 RBX: ffff888125e7a400 RCX: 0000000000000046
00014 RDX: 0000000000000000 RSI: ffff888056c249c0 RDI: ffff88803dceaa58
00014 RBP: ffff888056c24930 R08: ffffffff83a16803 R09: 1ffffffff0742d00
00014 R10: dffffc0000000000 R11: fffffbfff0742d01 R12: ffff8880177d3030
00014 R13: dffffc0000000000 R14: 1ffff11024bcf480 R15: 1ffff11002efa642
00014 FS:  0000000000000000(0000) GS:ffff8881d4b29000(0000) knlGS:0000000000000000
00014 CS:  0010 DS: 0000 ES: 0000 CR0: 0000000080050033
00014 CR2: 00007f4972e1f1e0 CR3: 00000001260da000 CR4: 0000000000750eb0
00014 PKRU: 55555554
00014 Call Trace:
00014  <TASK>
00014  ? dt_find_or_create+0x81a/0x1170 [obdclass]
00014  ? ofd_fs_setup+0x42c/0xdd0 [ofd]
00014  ? ofd_device_alloc+0x1fc1/0x35e0 [ofd]
00014  ? obd_setup+0x25c/0x950 [obdclass]
00014  ? class_setup+0xc7d/0x10e0 [obdclass]
00014  ? class_process_config+0x2edb/0x7cb0 [obdclass]
00014  ? __kasan_kmalloc+0x72/0x80
00014  ? class_config_llog_handler+0x2954/0x4f80 [obdclass]
00014  ? class_config_llog_handler+0x2cea/0x4f80 [obdclass]
00014  ? lustre_cfg_rec_free+0x350/0x350 [obdclass]
00014  ? llog_process_thread+0x1fd2/0x4f70 [obdclass]
00014  ? _raw_spin_unlock+0x23/0x40
00014  ? llog_process_thread_daemonize+0x16d/0x1b0 [obdclass]
00014  ? kthread+0x2cd/0x3a0
00014  ? llog_process_or_fork+0xc90/0xc90 [obdclass]
00014  ? kthread_unuse_mm+0x130/0x130
00014  ? ret_from_fork+0x18c/0x520
00014  ? kthread_unuse_mm+0x130/0x130
00014  ? ret_from_fork_asm+0x11/0x20
00014  </TASK>
00014 ---[ end trace 0000000000000000 ]---
00014 ------------[ cut here ]------------
00014 WARNING: /home/ktest/git/linux/include/linux/fs.h:889 at osd_create+0x9cf/0xcf0 [osd_wbcfs], CPU#2: llog_process_th/1824
00014 Modules linked in: ofd(O) osp(O) mdd(O) lod(O) mdt(O) lquota(O) lfsck(O) mgs(O) osd_wbcfs(O) lustre(O) obdecho(O) mgc(O) mdc(O) lov(O) osc(O) lmv(O) ec(O) fid(O) fld(O) ptlrpc(O) efivarfs obdclass(O) ksocklnd(O) lnet(O) libcfs(O)
00014 CPU: 2 UID: 0 PID: 1824 Comm: llog_process_th Tainted: G        W  O        7.0.0-ktest-6eb18a2-6330a45-20260928-dirty #1 PREEMPT 
00014 Tainted: [W]=WARN, [O]=OOT_MODULE
00014 Hardware name: QEMU Standard PC (Q35 + ICH9, 2009), BIOS 2025.11-3ubuntu7 03/31/2026
00014 RIP: 0010:osd_create+0x9cf/0xcf0 [osd_wbcfs]
00014 Code: c7 c7 00 96 7b a1 48 c7 c6 a0 12 7d a1 48 c7 c2 00 1c 7d a1 e8 52 f1 43 ff 48 c7 c7 00 96 7b a1 e8 46 81 44 ff e9 fe fc ff ff <0f> 0b e9 a5 fa ff ff 48 c7 c1 80 44 5d a0 80 e1 07 80 c1 03 38 c1
00014 RSP: 0018:ffffc9000755f6e0 EFLAGS: 00010246
00014 RAX: 0000000000000000 RBX: ffff888125e78000 RCX: 0000000000000046
00014 RDX: 0000000000000000 RSI: ffff888056c242a8 RDI: ffff88803dceaa58
00014 RBP: ffff888056c24218 R08: ffffffff83a16803 R09: 1ffffffff0742d00
00014 R10: dffffc0000000000 R11: fffffbfff0742d01 R12: ffff8880177d3030
00014 R13: dffffc0000000000 R14: 1ffff11024bcf000 R15: 1ffff11002efa642
00014 FS:  0000000000000000(0000) GS:ffff8881d4b29000(0000) knlGS:0000000000000000
00014 CS:  0010 DS: 0000 ES: 0000 CR0: 0000000080050033
00014 CR2: 00007f4972e1f1e0 CR3: 00000001260da000 CR4: 0000000000750eb0
00014 PKRU: 55555554
00014 Call Trace:
00014  <TASK>
00014  ? dt_find_or_create+0x81a/0x1170 [obdclass]
00014  ? ofd_fs_setup+0x57f/0xdd0 [ofd]
00014  ? ofd_device_alloc+0x1fc1/0x35e0 [ofd]
00014  ? obd_setup+0x25c/0x950 [obdclass]
00014  ? class_setup+0xc7d/0x10e0 [obdclass]
00014  ? class_process_config+0x2edb/0x7cb0 [obdclass]
00014  ? __kasan_kmalloc+0x72/0x80
00014  ? class_config_llog_handler+0x2954/0x4f80 [obdclass]
00014  ? class_config_llog_handler+0x2cea/0x4f80 [obdclass]
00014  ? lustre_cfg_rec_free+0x350/0x350 [obdclass]
00014  ? llog_process_thread+0x1fd2/0x4f70 [obdclass]
00014  ? _raw_spin_unlock+0x23/0x40
00014  ? llog_process_thread_daemonize+0x16d/0x1b0 [obdclass]
00014  ? kthread+0x2cd/0x3a0
00014  ? llog_process_or_fork+0xc90/0xc90 [obdclass]
00014  ? kthread_unuse_mm+0x130/0x130
00014  ? ret_from_fork+0x18c/0x520
00014  ? kthread_unuse_mm+0x130/0x130
00014  ? ret_from_fork_asm+0x11/0x20
00014  </TASK>
00014 ---[ end trace 0000000000000000 ]---
00014 ------------[ cut here ]------------
00014 WARNING: /home/ktest/git/linux/include/linux/fs.h:889 at osd_create+0x9cf/0xcf0 [osd_wbcfs], CPU#2: llog_process_th/1824
00014 Modules linked in: ofd(O) osp(O) mdd(O) lod(O) mdt(O) lquota(O) lfsck(O) mgs(O) osd_wbcfs(O) lustre(O) obdecho(O) mgc(O) mdc(O) lov(O) osc(O) lmv(O) ec(O) fid(O) fld(O) ptlrpc(O) efivarfs obdclass(O) ksocklnd(O) lnet(O) libcfs(O)
00014 CPU: 2 UID: 0 PID: 1824 Comm: llog_process_th Tainted: G        W  O        7.0.0-ktest-6eb18a2-6330a45-20260928-dirty #1 PREEMPT 
00014 Tainted: [W]=WARN, [O]=OOT_MODULE
00014 Hardware name: QEMU Standard PC (Q35 + ICH9, 2009), BIOS 2025.11-3ubuntu7 03/31/2026
00014 RIP: 0010:osd_create+0x9cf/0xcf0 [osd_wbcfs]
00014 Code: c7 c7 00 96 7b a1 48 c7 c6 a0 12 7d a1 48 c7 c2 00 1c 7d a1 e8 52 f1 43 ff 48 c7 c7 00 96 7b a1 e8 46 81 44 ff e9 fe fc ff ff <0f> 0b e9 a5 fa ff ff 48 c7 c1 80 44 5d a0 80 e1 07 80 c1 03 38 c1
00014 RSP: 0018:ffffc9000755f4a8 EFLAGS: 00010246
00014 RAX: 0000000000000000 RBX: ffff888125e7b400 RCX: 0000000000000046
00014 RDX: ffffffff84c45d40 RSI: ffff888056c23b90 RDI: ffff88803dceaa58
00014 RBP: ffff888056c23b00 R08: 0000000000000001 R09: 0000000000000000
00014 R10: dffffc0000000000 R11: ffffed100ad84755 R12: ffff8880177c2418
00014 R13: dffffc0000000000 R14: 1ffff11024bcf680 R15: 1ffff11002ef8492
00014 FS:  0000000000000000(0000) GS:ffff8881d4b29000(0000) knlGS:0000000000000000
00014 CS:  0010 DS: 0000 ES: 0000 CR0: 0000000080050033
00014 CR2: 00007f4972e1f1e0 CR3: 00000001260da000 CR4: 0000000000750eb0
00014 PKRU: 55555554
00014 Call Trace:
00014  <TASK>
00014  ? local_object_create+0x109/0x640 [obdclass]
00014  ? dt_write_lock+0x16d/0x2a0 [obdclass]
00014  ? __local_file_create+0xce4/0x1bc0 [obdclass]
00014  ? local_index_find_or_create+0x1dc/0x2c0 [obdclass]
00014  ? nodemap_cache_find_create+0x4f9/0xe80 [ptlrpc]
00014  ? nodemap_save_config_cache+0x123/0x19b0 [ptlrpc]
00014  ? nm_config_file_register_tgt+0x19b/0x860 [ptlrpc]
00014  ? nm_config_file_register_tgt+0x1a9/0x860 [ptlrpc]
00014  ? ofd_device_alloc+0x219a/0x35e0 [ofd]
00014  ? obd_setup+0x25c/0x950 [obdclass]
00014  ? class_setup+0xc7d/0x10e0 [obdclass]
00014  ? class_process_config+0x2edb/0x7cb0 [obdclass]
00014  ? __kasan_kmalloc+0x72/0x80
00014  ? class_config_llog_handler+0x2954/0x4f80 [obdclass]
00014  ? class_config_llog_handler+0x2cea/0x4f80 [obdclass]
00014  ? lustre_cfg_rec_free+0x350/0x350 [obdclass]
00014  ? llog_process_thread+0x1fd2/0x4f70 [obdclass]
00014  ? _raw_spin_unlock+0x23/0x40
00014  ? llog_process_thread_daemonize+0x16d/0x1b0 [obdclass]
00014  ? kthread+0x2cd/0x3a0
00014  ? llog_process_or_fork+0xc90/0xc90 [obdclass]
00014  ? kthread_unuse_mm+0x130/0x130
00014  ? ret_from_fork+0x18c/0x520
00014  ? kthread_unuse_mm+0x130/0x130
00014  ? ret_from_fork_asm+0x11/0x20
00014  </TASK>
00014 ---[ end trace 0000000000000000 ]---
00019 ------------[ cut here ]------------
00019 WARNING: /home/ktest/git/linux/include/linux/fs.h:889 at osd_create+0x9cf/0xcf0 [osd_wbcfs], CPU#0: llog_process_th/1839
00019 Modules linked in: ofd(O) osp(O) mdd(O) lod(O) mdt(O) lquota(O) lfsck(O) mgs(O) osd_wbcfs(O) lustre(O) obdecho(O) mgc(O) mdc(O) lov(O) osc(O) lmv(O) ec(O) fid(O) fld(O) ptlrpc(O) efivarfs obdclass(O) ksocklnd(O) lnet(O) libcfs(O)
00019 CPU: 0 UID: 0 PID: 1839 Comm: llog_process_th Tainted: G        W  O        7.0.0-ktest-6eb18a2-6330a45-20260928-dirty #1 PREEMPT 
00019 Tainted: [W]=WARN, [O]=OOT_MODULE
00019 Hardware name: QEMU Standard PC (Q35 + ICH9, 2009), BIOS 2025.11-3ubuntu7 03/31/2026
00019 RIP: 0010:osd_create+0x9cf/0xcf0 [osd_wbcfs]
00019 Code: c7 c7 00 96 7b a1 48 c7 c6 a0 12 7d a1 48 c7 c2 00 1c 7d a1 e8 52 f1 43 ff 48 c7 c7 00 96 7b a1 e8 46 81 44 ff e9 fe fc ff ff <0f> 0b e9 a5 fa ff ff 48 c7 c1 80 44 5d a0 80 e1 07 80 c1 03 38 c1
00019 RSP: 0018:ffffc90007d176c0 EFLAGS: 00010246
00019 RAX: 0000000000000000 RBX: ffff8881040d6800 RCX: 0000000000000046
00019 RDX: 0000000000000000 RSI: ffff8880565b1100 RDI: ffff88805765cb18
00019 RBP: ffff8880565b1070 R08: ffffffff83a16803 R09: 1ffffffff0742d00
00019 R10: dffffc0000000000 R11: fffffbfff0742d01 R12: ffff888149b15030
00019 R13: dffffc0000000000 R14: 1ffff1102081ad00 R15: 1ffff92000fa2ef8
00019 FS:  0000000000000000(0000) GS:ffff8881d4a29000(0000) knlGS:0000000000000000
00019 CS:  0010 DS: 0000 ES: 0000 CR0: 0000000080050033
00019 CR2: 00007f6e31c06780 CR3: 000000014a054000 CR4: 0000000000750eb0
00019 PKRU: 55555554
00019 Call Trace:
00019  <TASK>
00019  ? dt_find_or_create+0x81a/0x1170 [obdclass]
00019  ? osp_find_or_create_local_file+0x266/0x690 [osp]
00019  ? osp_last_used_init+0x22c/0x2150 [osp]
00019  ? client_fid_init+0x636/0x9f0 [fid]
00019  ? osp_device_alloc+0x19a2/0x2e10 [osp]
00019  ? obd_setup+0x25c/0x950 [obdclass]
00019  ? class_setup+0xc7d/0x10e0 [obdclass]
00019  ? class_process_config+0x2edb/0x7cb0 [obdclass]
00019  ? __kasan_kmalloc+0x72/0x80
00019  ? class_config_llog_handler+0x2954/0x4f80 [obdclass]
00019  ? class_config_llog_handler+0x2cea/0x4f80 [obdclass]
00019  ? lustre_cfg_rec_free+0x350/0x350 [obdclass]
00019  ? llog_process_thread+0x1fd2/0x4f70 [obdclass]
00019  ? _raw_spin_unlock+0x23/0x40
00019  ? llog_process_thread_daemonize+0x16d/0x1b0 [obdclass]
00019  ? kthread+0x2cd/0x3a0
00019  ? llog_process_or_fork+0xc90/0xc90 [obdclass]
00019  ? kthread_unuse_mm+0x130/0x130
00019  ? ret_from_fork+0x18c/0x520
00019  ? kthread_unuse_mm+0x130/0x130
00019  ? ret_from_fork_asm+0x11/0x20
00019  </TASK>
00019 ---[ end trace 0000000000000000 ]---
00019 ------------[ cut here ]------------
00019 WARNING: /home/ktest/git/linux/include/linux/fs.h:889 at osd_create+0x9cf/0xcf0 [osd_wbcfs], CPU#0: llog_process_th/1839
00019 Modules linked in: ofd(O) osp(O) mdd(O) lod(O) mdt(O) lquota(O) lfsck(O) mgs(O) osd_wbcfs(O) lustre(O) obdecho(O) mgc(O) mdc(O) lov(O) osc(O) lmv(O) ec(O) fid(O) fld(O) ptlrpc(O) efivarfs obdclass(O) ksocklnd(O) lnet(O) libcfs(O)
00019 CPU: 0 UID: 0 PID: 1839 Comm: llog_process_th Tainted: G        W  O        7.0.0-ktest-6eb18a2-6330a45-20260928-dirty #1 PREEMPT 
00019 Tainted: [W]=WARN, [O]=OOT_MODULE
00019 Hardware name: QEMU Standard PC (Q35 + ICH9, 2009), BIOS 2025.11-3ubuntu7 03/31/2026
00019 RIP: 0010:osd_create+0x9cf/0xcf0 [osd_wbcfs]
00019 Code: c7 c7 00 96 7b a1 48 c7 c6 a0 12 7d a1 48 c7 c2 00 1c 7d a1 e8 52 f1 43 ff 48 c7 c7 00 96 7b a1 e8 46 81 44 ff e9 fe fc ff ff <0f> 0b e9 a5 fa ff ff 48 c7 c1 80 44 5d a0 80 e1 07 80 c1 03 38 c1
00019 RSP: 0018:ffffc90007d176c0 EFLAGS: 00010246
00019 RAX: 0000000000000000 RBX: ffff8881040d6000 RCX: 0000000000000046
00019 RDX: 0000000000000000 RSI: ffff8880565b09e8 RDI: ffff88805765cb18
00019 RBP: ffff8880565b0958 R08: ffffffff83a16803 R09: 1ffffffff0742d00
00019 R10: dffffc0000000000 R11: fffffbfff0742d01 R12: ffff888149b15030
00019 R13: dffffc0000000000 R14: 1ffff1102081ac00 R15: 1ffff92000fa2ef8
00019 FS:  0000000000000000(0000) GS:ffff8881d4a29000(0000) knlGS:0000000000000000
00019 CS:  0010 DS: 0000 ES: 0000 CR0: 0000000080050033
00019 CR2: 00007f6e31c06780 CR3: 000000014a054000 CR4: 0000000000750eb0
00019 PKRU: 55555554
00019 Call Trace:
00019  <TASK>
00019  ? dt_find_or_create+0x81a/0x1170 [obdclass]
00019  ? osp_find_or_create_local_file+0x266/0x690 [osp]
00019  ? osp_last_used_init+0x95c/0x2150 [osp]
00019  ? osp_device_alloc+0x19a2/0x2e10 [osp]
00019  ? obd_setup+0x25c/0x950 [obdclass]
00019  ? class_setup+0xc7d/0x10e0 [obdclass]
00019  ? class_process_config+0x2edb/0x7cb0 [obdclass]
00019  ? __kasan_kmalloc+0x72/0x80
00019  ? class_config_llog_handler+0x2954/0x4f80 [obdclass]
00019  ? class_config_llog_handler+0x2cea/0x4f80 [obdclass]
00019  ? lustre_cfg_rec_free+0x350/0x350 [obdclass]
00019  ? llog_process_thread+0x1fd2/0x4f70 [obdclass]
00019  ? _raw_spin_unlock+0x23/0x40
00019  ? llog_process_thread_daemonize+0x16d/0x1b0 [obdclass]
00019  ? kthread+0x2cd/0x3a0
00019  ? llog_process_or_fork+0xc90/0xc90 [obdclass]
00019  ? kthread_unuse_mm+0x130/0x130
00019  ? ret_from_fork+0x18c/0x520
00019  ? kthread_unuse_mm+0x130/0x130
00019  ? ret_from_fork_asm+0x11/0x20
00019  </TASK>
00019 ---[ end trace 0000000000000000 ]---
00019 ------------[ cut here ]------------
00019 WARNING: /home/ktest/git/linux/include/linux/fs.h:889 at osd_create+0x9cf/0xcf0 [osd_wbcfs], CPU#0: llog_process_th/1839
00019 Modules linked in: ofd(O) osp(O) mdd(O) lod(O) mdt(O) lquota(O) lfsck(O) mgs(O) osd_wbcfs(O) lustre(O) obdecho(O) mgc(O) mdc(O) lov(O) osc(O) lmv(O) ec(O) fid(O) fld(O) ptlrpc(O) efivarfs obdclass(O) ksocklnd(O) lnet(O) libcfs(O)
00019 CPU: 0 UID: 0 PID: 1839 Comm: llog_process_th Tainted: G        W  O        7.0.0-ktest-6eb18a2-6330a45-20260928-dirty #1 PREEMPT 
00019 Tainted: [W]=WARN, [O]=OOT_MODULE
00019 Hardware name: QEMU Standard PC (Q35 + ICH9, 2009), BIOS 2025.11-3ubuntu7 03/31/2026
00019 RIP: 0010:osd_create+0x9cf/0xcf0 [osd_wbcfs]
00019 Code: c7 c7 00 96 7b a1 48 c7 c6 a0 12 7d a1 48 c7 c2 00 1c 7d a1 e8 52 f1 43 ff 48 c7 c7 00 96 7b a1 e8 46 81 44 ff e9 fe fc ff ff <0f> 0b e9 a5 fa ff ff 48 c7 c1 80 44 5d a0 80 e1 07 80 c1 03 38 c1
00019 RSP: 0018:ffffc90007d17690 EFLAGS: 00010246
00019 RAX: 0000000000000000 RBX: ffff8881040d6c00 RCX: 0000000000000046
00019 RDX: 0000000000000000 RSI: ffff8880565b02d0 RDI: ffff88805765cb18
00019 RBP: ffff8880565b0240 R08: ffffffff83a16803 R09: 1ffffffff0742d00
00019 R10: dffffc0000000000 R11: fffffbfff0742d01 R12: ffff8881040d5000
00019 R13: dffffc0000000000 R14: 1ffff1102081ad80 R15: 1ffff1102081aa0f
00019 FS:  0000000000000000(0000) GS:ffff8881d4a29000(0000) knlGS:0000000000000000
00019 CS:  0010 DS: 0000 ES: 0000 CR0: 0000000080050033
00019 CR2: 00007f6e31c06780 CR3: 000000014a054000 CR4: 0000000000750eb0
00019 PKRU: 55555554
00019 Call Trace:
00019  <TASK>
00019  ? llog_osd_get_cat_list+0x64d/0x1470 [obdclass]
00019  ? osp_sync_init+0x7a6/0x2760 [osp]
00019  ? is_module_address+0x1b/0x70
00019  ? osp_device_alloc+0x1b91/0x2e10 [osp]
00019  ? obd_setup+0x25c/0x950 [obdclass]
00019  ? class_setup+0xc7d/0x10e0 [obdclass]
00019  ? class_process_config+0x2edb/0x7cb0 [obdclass]
00019  ? __kasan_kmalloc+0x72/0x80
00019  ? class_config_llog_handler+0x2954/0x4f80 [obdclass]
00019  ? class_config_llog_handler+0x2cea/0x4f80 [obdclass]
00019  ? lustre_cfg_rec_free+0x350/0x350 [obdclass]
00019  ? llog_process_thread+0x1fd2/0x4f70 [obdclass]
00019  ? _raw_spin_unlock+0x23/0x40
00019  ? llog_process_thread_daemonize+0x16d/0x1b0 [obdclass]
00019  ? kthread+0x2cd/0x3a0
00019  ? llog_process_or_fork+0xc90/0xc90 [obdclass]
00019  ? kthread_unuse_mm+0x130/0x130
00019  ? ret_from_fork+0x18c/0x520
00019  ? kthread_unuse_mm+0x130/0x130
00019  ? ret_from_fork_asm+0x11/0x20
00019  </TASK>
00019 ---[ end trace 0000000000000000 ]---
00019 ------------[ cut here ]------------
00019 WARNING: /home/ktest/git/linux/include/linux/fs.h:889 at osd_create+0x9cf/0xcf0 [osd_wbcfs], CPU#0: llog_process_th/1839
00019 Modules linked in: ofd(O) osp(O) mdd(O) lod(O) mdt(O) lquota(O) lfsck(O) mgs(O) osd_wbcfs(O) lustre(O) obdecho(O) mgc(O) mdc(O) lov(O) osc(O) lmv(O) ec(O) fid(O) fld(O) ptlrpc(O) efivarfs obdclass(O) ksocklnd(O) lnet(O) libcfs(O)
00019 CPU: 0 UID: 0 PID: 1839 Comm: llog_process_th Tainted: G        W  O        7.0.0-ktest-6eb18a2-6330a45-20260928-dirty #1 PREEMPT 
00019 Tainted: [W]=WARN, [O]=OOT_MODULE
00019 Hardware name: QEMU Standard PC (Q35 + ICH9, 2009), BIOS 2025.11-3ubuntu7 03/31/2026
00019 RIP: 0010:osd_create+0x9cf/0xcf0 [osd_wbcfs]
00019 Code: c7 c7 00 96 7b a1 48 c7 c6 a0 12 7d a1 48 c7 c2 00 1c 7d a1 e8 52 f1 43 ff 48 c7 c7 00 96 7b a1 e8 46 81 44 ff e9 fe fc ff ff <0f> 0b e9 a5 fa ff ff 48 c7 c1 80 44 5d a0 80 e1 07 80 c1 03 38 c1
00019 RSP: 0018:ffffc90007d175a0 EFLAGS: 00010246
00019 RAX: 0000000000000000 RBX: ffff8881040db800 RCX: 0000000000000046
00019 RDX: 0000000000000000 RSI: ffff88803eb8fb68 RDI: ffff88805765cb18
00019 RBP: ffff88803eb8fad8 R08: ffffffff83a16803 R09: 1ffffffff0742d00
00019 R10: dffffc0000000000 R11: fffffbfff0742d01 R12: ffff8881040d5000
00019 R13: dffffc0000000000 R14: 1ffff1102081b700 R15: 1ffff1102081aa0f
00019 FS:  0000000000000000(0000) GS:ffff8881d4a29000(0000) knlGS:0000000000000000
00019 CS:  0010 DS: 0000 ES: 0000 CR0: 0000000080050033
00019 CR2: 00007f6e31c06780 CR3: 000000014a054000 CR4: 0000000000750eb0
00019 PKRU: 55555554
00019 Call Trace:
00019  <TASK>
00019  ? local_object_create+0x109/0x640 [obdclass]
00019  ? dt_write_lock+0x16d/0x2a0 [obdclass]
00019  ? llog_osd_create+0x356/0x10d0 [obdclass]
00019  ? llog_create+0x2ed/0x530 [obdclass]
00019  ? llog_open_create+0x6e7/0xb30 [obdclass]
00019  ? osp_sync_init+0xfc0/0x2760 [osp]
00019  ? osp_device_alloc+0x1b91/0x2e10 [osp]
00019  ? obd_setup+0x25c/0x950 [obdclass]
00019  ? class_setup+0xc7d/0x10e0 [obdclass]
00019  ? class_process_config+0x2edb/0x7cb0 [obdclass]
00019  ? __kasan_kmalloc+0x72/0x80
00019  ? class_config_llog_handler+0x2954/0x4f80 [obdclass]
00019  ? class_config_llog_handler+0x2cea/0x4f80 [obdclass]
00019  ? lustre_cfg_rec_free+0x350/0x350 [obdclass]
00019  ? llog_process_thread+0x1fd2/0x4f70 [obdclass]
00019  ? _raw_spin_unlock+0x23/0x40
00019  ? llog_process_thread_daemonize+0x16d/0x1b0 [obdclass]
00019  ? kthread+0x2cd/0x3a0
00019  ? llog_process_or_fork+0xc90/0xc90 [obdclass]
00019  ? kthread_unuse_mm+0x130/0x130
00019  ? ret_from_fork+0x18c/0x520
00019  ? kthread_unuse_mm+0x130/0x130
00019  ? ret_from_fork_asm+0x11/0x20
00019  </TASK>
00019 ---[ end trace 0000000000000000 ]---
00019 ------------[ cut here ]------------
00019 WARNING: /home/ktest/git/linux/include/linux/fs.h:889 at osd_create+0x9cf/0xcf0 [osd_wbcfs], CPU#0: llog_process_th/1839
00019 Modules linked in: ofd(O) osp(O) mdd(O) lod(O) mdt(O) lquota(O) lfsck(O) mgs(O) osd_wbcfs(O) lustre(O) obdecho(O) mgc(O) mdc(O) lov(O) osc(O) lmv(O) ec(O) fid(O) fld(O) ptlrpc(O) efivarfs obdclass(O) ksocklnd(O) lnet(O) libcfs(O)
00019 CPU: 0 UID: 0 PID: 1839 Comm: llog_process_th Tainted: G        W  O        7.0.0-ktest-6eb18a2-6330a45-20260928-dirty #1 PREEMPT 
00019 Tainted: [W]=WARN, [O]=OOT_MODULE
00019 Hardware name: QEMU Standard PC (Q35 + ICH9, 2009), BIOS 2025.11-3ubuntu7 03/31/2026
00019 RIP: 0010:osd_create+0x9cf/0xcf0 [osd_wbcfs]
00019 Code: c7 c7 00 96 7b a1 48 c7 c6 a0 12 7d a1 48 c7 c2 00 1c 7d a1 e8 52 f1 43 ff 48 c7 c7 00 96 7b a1 e8 46 81 44 ff e9 fe fc ff ff <0f> 0b e9 a5 fa ff ff 48 c7 c1 80 44 5d a0 80 e1 07 80 c1 03 38 c1
00019 RSP: 0018:ffffc90007d17450 EFLAGS: 00010246
00019 RAX: 0000000000000000 RBX: ffff8881057cf400 RCX: 0000000000000046
00019 RDX: 0000000000000000 RSI: ffff88803eb8f450 RDI: ffff88805765cb40
00019 RBP: ffff88803eb8f3c0 R08: ffffffff83a16803 R09: 1ffffffff0742d00
00019 R10: dffffc0000000000 R11: fffffbfff0742d01 R12: ffff8881040d5000
00019 R13: dffffc0000000000 R14: 1ffff11020af9e80 R15: 1ffff1102081aa0f
00019 FS:  0000000000000000(0000) GS:ffff8881d4a29000(0000) knlGS:0000000000000000
00019 CS:  0010 DS: 0000 ES: 0000 CR0: 0000000080050033
00019 CR2: 00007f6e31c06780 CR3: 000000014a054000 CR4: 0000000000750eb0
00019 PKRU: 55555554
00019 Call Trace:
00019  <TASK>
00019  ? local_object_create+0x109/0x640 [obdclass]
00019  ? dt_write_lock+0x16d/0x2a0 [obdclass]
00019  ? llog_osd_create+0x356/0x10d0 [obdclass]
00019  ? llog_create+0x2ed/0x530 [obdclass]
00019  ? llog_cat_new_log+0x6d1/0x2970 [obdclass]
00019  ? llog_cat_add_rec+0x6ba/0x1960 [obdclass]
00019  ? llog_cat_add+0x499/0x7a0 [obdclass]
00019  ? osp_sync_init+0x1588/0x2760 [osp]
00019  ? osp_device_alloc+0x1b91/0x2e10 [osp]
00019  ? obd_setup+0x25c/0x950 [obdclass]
00019  ? class_setup+0xc7d/0x10e0 [obdclass]
00019  ? class_process_config+0x2edb/0x7cb0 [obdclass]
00019  ? __kasan_kmalloc+0x72/0x80
00019  ? class_config_llog_handler+0x2954/0x4f80 [obdclass]
00019  ? class_config_llog_handler+0x2cea/0x4f80 [obdclass]
00019  ? lustre_cfg_rec_free+0x350/0x350 [obdclass]
00019  ? llog_process_thread+0x1fd2/0x4f70 [obdclass]
00019  ? _raw_spin_unlock+0x23/0x40
00019  ? llog_process_thread_daemonize+0x16d/0x1b0 [obdclass]
00019  ? kthread+0x2cd/0x3a0
00019  ? llog_process_or_fork+0xc90/0xc90 [obdclass]
00019  ? kthread_unuse_mm+0x130/0x130
00019  ? ret_from_fork+0x18c/0x520
00019  ? kthread_unuse_mm+0x130/0x130
00019  ? ret_from_fork_asm+0x11/0x20
00019  </TASK>
00019 ---[ end trace 0000000000000000 ]---
00019 Lustre: ctl-lustre-MDT0000: super-sequence allocation rc = 0 [0x0000000280000400-0x00000002c0000400]:0:ost
00019 Lustre: Skipped 1 previous similar message
00019 Lustre: cli-lustre-OST0000-super: Allocated super-sequence [0x0000000280000400-0x00000002c0000400]:0:ost]
00019 ------------[ cut here ]------------
00019 WARNING: /home/ktest/git/linux/include/linux/fs.h:889 at osd_create+0x9cf/0xcf0 [osd_wbcfs], CPU#3: llog_process_th/1839
00019 Modules linked in: ofd(O) osp(O) mdd(O) lod(O) mdt(O) lquota(O) lfsck(O) mgs(O) osd_wbcfs(O) lustre(O) obdecho(O) mgc(O) mdc(O) lov(O) osc(O) lmv(O) ec(O) fid(O) fld(O) ptlrpc(O) efivarfs obdclass(O) ksocklnd(O) lnet(O) libcfs(O)
00019 ------------[ cut here ]------------
00019 CPU: 3 UID: 0 PID: 1839 Comm: llog_process_th Tainted: G        W  O        7.0.0-ktest-6eb18a2-6330a45-20260928-dirty #1 PREEMPT 
00019 WARNING: /home/ktest/git/linux/include/linux/fs.h:889 at osd_create+0x9cf/0xcf0 [osd_wbcfs], CPU#1: ll_ost00_002/1806
00019 Tainted: [W]=WARN, [O]=OOT_MODULE
00019 Modules linked in:
00019 Hardware name: QEMU Standard PC (Q35 + ICH9, 2009), BIOS 2025.11-3ubuntu7 03/31/2026
00019  ofd(O) osp(O)
00019 RIP: 0010:osd_create+0x9cf/0xcf0 [osd_wbcfs]
00019  mdd(O)
00019 Code: c7 c7 00 96 7b a1 48 c7 c6 a0 12 7d a1 48 c7 c2 00 1c 7d a1 e8 52 f1 43 ff 48 c7 c7 00 96 7b a1 e8 46 81 44 ff e9 fe fc ff ff <0f> 0b e9 a5 fa ff ff 48 c7 c1 80 44 5d a0 80 e1 07 80 c1 03 38 c1
00019  lod(O)
00019 RSP: 0018:ffffc90007d175a0 EFLAGS: 00010246
00019  mdt(O)
00019 
00019  lquota(O)
00019 RAX: 0000000000000000 RBX: ffff88814a602c00 RCX: 0000000000000046
00019  lfsck(O)
00019 RDX: 0000000000000000 RSI: ffff888145cf2648 RDI: ffff88805765cb18
00019  mgs(O)
00019 RBP: ffff888145cf25b8 R08: ffffffff83a16803 R09: 1ffffffff0742d00
00019  osd_wbcfs(O)
00019 R10: dffffc0000000000 R11: fffffbfff0742d01 R12: ffff8881482f5000
00019  lustre(O)
00019 R13: dffffc0000000000 R14: 1ffff110294c0580 R15: 1ffff1102905ea0f
00019  obdecho(O)
00019 FS:  0000000000000000(0000) GS:ffff8881d4ba9000(0000) knlGS:0000000000000000
00019  mgc(O)
00019 CS:  0010 DS: 0000 ES: 0000 CR0: 0000000080050033
00019  mdc(O)
00019 CR2: 00005577192b4560 CR3: 000000000ca88000 CR4: 0000000000750eb0
00019  lov(O)
00019 PKRU: 55555554
00019  osc(O)
00019 Call Trace:
00019  lmv(O)
00019  <TASK>
00019  ec(O) fid(O) fld(O) ptlrpc(O) efivarfs obdclass(O) ksocklnd(O) lnet(O) libcfs(O)
00019  ? local_object_create+0x109/0x640 [obdclass]
00019 CPU: 1 UID: 0 PID: 1806 Comm: ll_ost00_002 Tainted: G        W  O        7.0.0-ktest-6eb18a2-6330a45-20260928-dirty #1 PREEMPT 
00019 Tainted: [W]=WARN, [O]=OOT_MODULE
00019 Hardware name: QEMU Standard PC (Q35 + ICH9, 2009), BIOS 2025.11-3ubuntu7 03/31/2026
00019 RIP: 0010:osd_create+0x9cf/0xcf0 [osd_wbcfs]
00019 Code: c7 c7 00 96 7b a1 48 c7 c6 a0 12 7d a1 48 c7 c2 00 1c 7d a1 e8 52 f1 43 ff 48 c7 c7 00 96 7b a1 e8 46 81 44 ff e9 fe fc ff ff <0f> 0b e9 a5 fa ff ff 48 c7 c1 80 44 5d a0 80 e1 07 80 c1 03 38 c1
00019 RSP: 0018:ffffc90001837950 EFLAGS: 00010246
00019 RAX: 0000000000000000 RBX: ffff88814a6f8c00 RCX: 0000000000000046
00019 RDX: 0000000000000000 RSI: ffff88803c3f2648 RDI: ffff88804effaa58
00019 RBP: ffff88803c3f25b8 R08: ffffffff83a16803 R09: 1ffffffff0742d00
00019 R10: dffffc0000000000 R11: fffffbfff0742d01 R12: ffff88804ef54830
00019 R13: dffffc0000000000 R14: 1ffff110294df180 R15: 1ffff11009dea942
00019 FS:  0000000000000000(0000) GS:ffff8881d4aa9000(0000) knlGS:0000000000000000
00019 CS:  0010 DS: 0000 ES: 0000 CR0: 0000000080050033
00019 CR2: 00007f4972e066f0 CR3: 0000000123455000 CR4: 0000000000750eb0
00019 PKRU: 55555554
00019 Call Trace:
00019  <TASK>
00019  ? dt_find_or_create+0x81a/0x1170 [obdclass]
00019  ? dt_write_lock+0x16d/0x2a0 [obdclass]
00019  ? ofd_seq_load+0x605/0x1ac0 [ofd]
00019  ? llog_osd_create+0x356/0x10d0 [obdclass]
00019  ? ofd_get_info_hdl+0xfdd/0x2330 [ofd]
00019  ? llog_create+0x2ed/0x530 [obdclass]
00019  ? tgt_request_handle+0x23ad/0x3d30 [ptlrpc]
00019  ? llog_open_create+0x6e7/0xb30 [obdclass]
00019  ? ptlrpc_main+0x6359/0x96f0 [ptlrpc]
00019  ? osp_sync_init+0xfc0/0x2760 [osp]
00019  ? __kthread_parkme+0x73/0x130
00019  ? osp_device_alloc+0x1b91/0x2e10 [osp]
00019  ? kthread+0x2cd/0x3a0
00019  ? obd_setup+0x25c/0x950 [obdclass]
00019  ? ptlrpc_start_thread+0x1f10/0x1f10 [ptlrpc]
00019  ? class_setup+0xc7d/0x10e0 [obdclass]
00019  ? kthread_unuse_mm+0x130/0x130
00019  ? class_process_config+0x2edb/0x7cb0 [obdclass]
00019  ? ret_from_fork+0x18c/0x520
00019  ? kthread_unuse_mm+0x130/0x130
00019  ? ret_from_fork_asm+0x11/0x20
00019  </TASK>
00019 ---[ end trace 0000000000000000 ]---
00019  ? __kasan_kmalloc+0x72/0x80
00019  ? class_config_llog_handler+0x2954/0x4f80 [obdclass]
00019  ? class_config_llog_handler+0x2cea/0x4f80 [obdclass]
00019  ? lustre_cfg_rec_free+0x350/0x350 [obdclass]
00019  ? llog_process_thread+0x1fd2/0x4f70 [obdclass]
00019  ? _raw_spin_unlock+0x23/0x40
00019 ------------[ cut here ]------------
00019  ? llog_process_thread_daemonize+0x16d/0x1b0 [obdclass]
00019 WARNING: /home/ktest/git/linux/include/linux/fs.h:889 at osd_create+0x9cf/0xcf0 [osd_wbcfs], CPU#2: ll_ost00_001/1805
00019  ? kthread+0x2cd/0x3a0
00019  ? llog_process_or_fork+0xc90/0xc90 [obdclass]
00019 Modules linked in:
00019  ? kthread_unuse_mm+0x130/0x130
00019  ? ret_from_fork+0x18c/0x520
00019  ofd(O)
00019  ? kthread_unuse_mm+0x130/0x130
00019  ? ret_from_fork_asm+0x11/0x20
00019  osp(O)
00019  </TASK>
00019 ---[ end trace 0000000000000000 ]---
00019  mdd(O)
00019 ------------[ cut here ]------------
00019  lod(O)
00019 WARNING: /home/ktest/git/linux/include/linux/fs.h:889 at osd_create+0x9cf/0xcf0 [osd_wbcfs], CPU#3: llog_process_th/1839
00019  mdt(O)
00019 Modules linked in: ofd(O) osp(O) mdd(O) lod(O) mdt(O) lquota(O) lfsck(O)
00019  lquota(O)
00019  mgs(O) osd_wbcfs(O) lustre(O) obdecho(O) mgc(O) mdc(O) lov(O)
00019  lfsck(O)
00019  osc(O) lmv(O) ec(O) fid(O) fld(O) ptlrpc(O) efivarfs obdclass(O)
00019  mgs(O)
00019  ksocklnd(O) lnet(O) libcfs(O)
00019 CPU: 3 UID: 0 PID: 1839 Comm: llog_process_th Tainted: G        W  O        7.0.0-ktest-6eb18a2-6330a45-20260928-dirty #1 PREEMPT 
00019  osd_wbcfs(O)
00019 Tainted: [W]=WARN, [O]=OOT_MODULE
00019 Hardware name: QEMU Standard PC (Q35 + ICH9, 2009), BIOS 2025.11-3ubuntu7 03/31/2026
00019 RIP: 0010:osd_create+0x9cf/0xcf0 [osd_wbcfs]
00019  lustre(O)
00019 Code: c7 c7 00 96 7b a1 48 c7 c6 a0 12 7d a1 48 c7 c2 00 1c 7d a1 e8 52 f1 43 ff 48 c7 c7 00 96 7b a1 e8 46 81 44 ff e9 fe fc ff ff <0f> 0b e9 a5 fa ff ff 48 c7 c1 80 44 5d a0 80 e1 07 80 c1 03 38 c1
00019 RSP: 0018:ffffc90007d17450 EFLAGS: 00010246
00019 RAX: 0000000000000000 RBX: ffff88814a602800 RCX: 0000000000000046
00019 RDX: 0000000000000000 RSI: ffff888145cf1f30 RDI: ffff88805765cb40
00019  obdecho(O)
00019 RBP: ffff888145cf1ea0 R08: ffffffff83a16803 R09: 1ffffffff0742d00
00019 R10: dffffc0000000000 R11: fffffbfff0742d01 R12: ffff8881482f5000
00019 R13: dffffc0000000000 R14: 1ffff110294c0500 R15: 1ffff1102905ea0f
00019 FS:  0000000000000000(0000) GS:ffff8881d4ba9000(0000) knlGS:0000000000000000
00019  mgc(O)
00019 CS:  0010 DS: 0000 ES: 0000 CR0: 0000000080050033
00019 CR2: 00005577192b4560 CR3: 000000000ca88000 CR4: 0000000000750eb0
00019 PKRU: 55555554
00019  mdc(O)
00019 Call Trace:
00019  <TASK>
00019  ? local_object_create+0x109/0x640 [obdclass]
00019  lov(O)
00019  ? dt_write_lock+0x16d/0x2a0 [obdclass]
00019  osc(O)
00019  ? llog_osd_create+0x356/0x10d0 [obdclass]
00019  lmv(O)
00019  ? llog_create+0x2ed/0x530 [obdclass]
00019  ec(O)
00019  ? llog_cat_new_log+0x6d1/0x2970 [obdclass]
00019  fid(O)
00019  ? llog_cat_add_rec+0x6ba/0x1960 [obdclass]
00019  fld(O)
00019  ? llog_cat_add+0x499/0x7a0 [obdclass]
00019  ptlrpc(O)
00019  ? osp_sync_init+0x1588/0x2760 [osp]
00019  efivarfs
00019  ? osp_device_alloc+0x1b91/0x2e10 [osp]
00019  obdclass(O)
00019  ? obd_setup+0x25c/0x950 [obdclass]
00019  ksocklnd(O)
00019  ? class_setup+0xc7d/0x10e0 [obdclass]
00019  lnet(O) libcfs(O)
00019 CPU: 2 UID: 0 PID: 1805 Comm: ll_ost00_001 Tainted: G        W  O        7.0.0-ktest-6eb18a2-6330a45-20260928-dirty #1 PREEMPT 
00019 Tainted: [W]=WARN, [O]=OOT_MODULE
00019 Hardware name: QEMU Standard PC (Q35 + ICH9, 2009), BIOS 2025.11-3ubuntu7 03/31/2026
00019 RIP: 0010:osd_create+0x9cf/0xcf0 [osd_wbcfs]
00019  ? class_process_config+0x2edb/0x7cb0 [obdclass]
00019 Code: c7 c7 00 96 7b a1 48 c7 c6 a0 12 7d a1 48 c7 c2 00 1c 7d a1 e8 52 f1 43 ff 48 c7 c7 00 96 7b a1 e8 46 81 44 ff e9 fe fc ff ff <0f> 0b e9 a5 fa ff ff 48 c7 c1 80 44 5d a0 80 e1 07 80 c1 03 38 c1
00019  ? __kasan_kmalloc+0x72/0x80
00019 RSP: 0018:ffffc900019a7878 EFLAGS: 00010246
00019  ? class_config_llog_handler+0x2954/0x4f80 [obdclass]
00019 
00019  ? class_config_llog_handler+0x2cea/0x4f80 [obdclass]
00019 RAX: 0000000000000000 RBX: ffff8881040d3000 RCX: 0000000000000046
00019  ? lustre_cfg_rec_free+0x350/0x350 [obdclass]
00019 RDX: 0000000000000000 RSI: ffff888056c23478 RDI: ffff88804effcb68
00019  ? llog_process_thread+0x1fd2/0x4f70 [obdclass]
00019 RBP: ffff888056c233e8 R08: ffffffff83a16803 R09: 1ffffffff0742d00
00019  ? _raw_spin_unlock+0x23/0x40
00019 R10: dffffc0000000000 R11: fffffbfff0742d01 R12: ffff88804f3d0830
00019  ? llog_process_thread_daemonize+0x16d/0x1b0 [obdclass]
00019 R13: dffffc0000000000 R14: 1ffff1102081a600 R15: 1ffff11009e7a142
00019  ? kthread+0x2cd/0x3a0
00019  ? llog_process_or_fork+0xc90/0xc90 [obdclass]
00019 FS:  0000000000000000(0000) GS:ffff8881d4b29000(0000) knlGS:0000000000000000
00019  ? kthread_unuse_mm+0x130/0x130
00019  ? ret_from_fork+0x18c/0x520
00019  ? kthread_unuse_mm+0x130/0x130
00019  ? ret_from_fork_asm+0x11/0x20
00019 CS:  0010 DS: 0000 ES: 0000 CR0: 0000000080050033
00019  </TASK>
00019 ---[ end trace 0000000000000000 ]---
00019 CR2: 00005577192b4560 CR3: 00000001263be000 CR4: 0000000000750eb0
00019 PKRU: 55555554
00019 Call Trace:
00019  <TASK>
00019  ? ofd_precreate_objects+0x1bd8/0x3220 [ofd]
00019  ? ofd_create_hdl+0x2015/0x3510 [ofd]
00019  ? tgt_request_handle+0x23ad/0x3d30 [ptlrpc]
00019  ? ptlrpc_main+0x6359/0x96f0 [ptlrpc]
00019  ? __kthread_parkme+0x73/0x130
00019  ? kthread+0x2cd/0x3a0
00019  ? ptlrpc_start_thread+0x1f10/0x1f10 [ptlrpc]
00019  ? kthread_unuse_mm+0x130/0x130
00019  ? ret_from_fork+0x18c/0x520
00019  ? kthread_unuse_mm+0x130/0x130
00019  ? ret_from_fork_asm+0x11/0x20
00019  </TASK>
00019 ---[ end trace 0000000000000000 ]---
00019 ------------[ cut here ]------------
00019 WARNING: /home/ktest/git/linux/include/linux/fs.h:889 at osd_create+0x9cf/0xcf0 [osd_wbcfs], CPU#2: ll_ost00_001/1805
00019 Modules linked in: ofd(O) osp(O) mdd(O) lod(O) mdt(O) lquota(O) lfsck(O) mgs(O) osd_wbcfs(O) lustre(O) obdecho(O) mgc(O) mdc(O) lov(O) osc(O) lmv(O) ec(O) fid(O) fld(O) ptlrpc(O) efivarfs obdclass(O) ksocklnd(O) lnet(O) libcfs(O)
00019 CPU: 2 UID: 0 PID: 1805 Comm: ll_ost00_001 Tainted: G        W  O        7.0.0-ktest-6eb18a2-6330a45-20260928-dirty #1 PREEMPT 
00019 ------------[ cut here ]------------
00019 Tainted: [W]=WARN, [O]=OOT_MODULE
00019 WARNING: /home/ktest/git/linux/include/linux/fs.h:889 at osd_create+0x9cf/0xcf0 [osd_wbcfs], CPU#1: ll_ost00_002/1806
00019 Hardware name: QEMU Standard PC (Q35 + ICH9, 2009), BIOS 2025.11-3ubuntu7 03/31/2026
00019 Modules linked in: ofd(O) osp(O) mdd(O) lod(O) mdt(O) lquota(O) lfsck(O) mgs(O) osd_wbcfs(O) lustre(O) obdecho(O) mgc(O) mdc(O) lov(O) osc(O) lmv(O) ec(O) fid(O) fld(O) ptlrpc(O) efivarfs obdclass(O) ksocklnd(O)
00019 RIP: 0010:osd_create+0x9cf/0xcf0 [osd_wbcfs]
00019  lnet(O) libcfs(O)
00019 CPU: 1 UID: 0 PID: 1806 Comm: ll_ost00_002 Tainted: G        W  O        7.0.0-ktest-6eb18a2-6330a45-20260928-dirty #1 PREEMPT 
00019 Tainted: [W]=WARN, [O]=OOT_MODULE
00019 Code: c7 c7 00 96 7b a1 48 c7 c6 a0 12 7d a1 48 c7 c2 00 1c 7d a1 e8 52 f1 43 ff 48 c7 c7 00 96 7b a1 e8 46 81 44 ff e9 fe fc ff ff <0f> 0b e9 a5 fa ff ff 48 c7 c1 80 44 5d a0 80 e1 07 80 c1 03 38 c1
00019 Hardware name: QEMU Standard PC (Q35 + ICH9, 2009), BIOS 2025.11-3ubuntu7 03/31/2026
00019 RIP: 0010:osd_create+0x9cf/0xcf0 [osd_wbcfs]
00019 RSP: 0018:ffffc900019a7878 EFLAGS: 00010246
00019 Code: c7 c7 00 96 7b a1 48 c7 c6 a0 12 7d a1 48 c7 c2 00 1c 7d a1 e8 52 f1 43 ff 48 c7 c7 00 96 7b a1 e8 46 81 44 ff e9 fe fc ff ff <0f> 0b e9 a5 fa ff ff 48 c7 c1 80 44 5d a0 80 e1 07 80 c1 03 38 c1
00019 RSP: 0018:ffffc90001837950 EFLAGS: 00010246
00019 RAX: 0000000000000000 RBX: ffff88814bb75c00 RCX: 0000000000000046
00019 RDX: 0000000000000000 RSI: ffff88803c3f1f30 RDI: ffff88804effaa58
00019 RBP: ffff88803c3f1ea0 R08: ffffffff83a16803 R09: 1ffffffff0742d00
00019 
00019 R10: dffffc0000000000 R11: fffffbfff0742d01 R12: ffff88804ef54830
00019 R13: dffffc0000000000 R14: 1ffff1102976eb80 R15: 1ffff11009dea942
00019 FS:  0000000000000000(0000) GS:ffff8881d4aa9000(0000) knlGS:0000000000000000
00019 CS:  0010 DS: 0000 ES: 0000 CR0: 0000000080050033
00019 CR2: 00007f4972e066f0 CR3: 0000000123455000 CR4: 0000000000750eb0
00019 PKRU: 55555554
00019 RAX: 0000000000000000 RBX: ffff8881092c5c00 RCX: 0000000000000046
00019 Call Trace:
00019  <TASK>
00019  ? dt_find_or_create+0x81a/0x1170 [obdclass]
00019 RDX: 0000000000000000 RSI: ffff888056c22d60 RDI: ffff88804effcb68
00019  ? ofd_seq_load+0x605/0x1ac0 [ofd]
00019 RBP: ffff888056c22cd0 R08: ffffffff83a16803 R09: 1ffffffff0742d00
00019  ? ofd_get_info_hdl+0xfdd/0x2330 [ofd]
00019 R10: dffffc0000000000 R11: fffffbfff0742d01 R12: ffff88804f3d0830
00019  ? tgt_request_handle+0x23ad/0x3d30 [ptlrpc]
00019 R13: dffffc0000000000 R14: 1ffff11021258b80 R15: 1ffff11009e7a142
00019  ? ptlrpc_main+0x6359/0x96f0 [ptlrpc]
00019 FS:  0000000000000000(0000) GS:ffff8881d4b29000(0000) knlGS:0000000000000000
00019  ? __kthread_parkme+0x73/0x130
00019 CS:  0010 DS: 0000 ES: 0000 CR0: 0000000080050033
00019  ? kthread+0x2cd/0x3a0
00019  ? ptlrpc_start_thread+0x1f10/0x1f10 [ptlrpc]
00019  ? kthread_unuse_mm+0x130/0x130
00019 CR2: 00005577192b4560 CR3: 00000001263be000 CR4: 0000000000750eb0
00019  ? ret_from_fork+0x18c/0x520
00019  ? kthread_unuse_mm+0x130/0x130
00019  ? ret_from_fork_asm+0x11/0x20
00019 PKRU: 55555554
00019  </TASK>
00019 ---[ end trace 0000000000000000 ]---
00019 ------------[ cut here ]------------
00019 Call Trace:
00019 WARNING: /home/ktest/git/linux/include/linux/fs.h:889 at osd_create+0x9cf/0xcf0 [osd_wbcfs], CPU#1: ll_ost00_002/1806
00019  <TASK>
00019 Modules linked in: ofd(O) osp(O) mdd(O) lod(O) mdt(O) lquota(O) lfsck(O) mgs(O) osd_wbcfs(O) lustre(O) obdecho(O) mgc(O)
00019  ? ofd_precreate_objects+0x1bd8/0x3220 [ofd]
00019  mdc(O) lov(O) osc(O) lmv(O) ec(O) fid(O) fld(O) ptlrpc(O) efivarfs obdclass(O) ksocklnd(O) lnet(O) libcfs(O)
00019  ? ofd_create_hdl+0x2015/0x3510 [ofd]
00019 CPU: 1 UID: 0 PID: 1806 Comm: ll_ost00_002 Tainted: G        W  O        7.0.0-ktest-6eb18a2-6330a45-20260928-dirty #1 PREEMPT 
00019 Tainted: [W]=WARN, [O]=OOT_MODULE
00019 Hardware name: QEMU Standard PC (Q35 + ICH9, 2009), BIOS 2025.11-3ubuntu7 03/31/2026
00019 RIP: 0010:osd_create+0x9cf/0xcf0 [osd_wbcfs]
00019  ? tgt_request_handle+0x23ad/0x3d30 [ptlrpc]
00019 Code: c7 c7 00 96 7b a1 48 c7 c6 a0 12 7d a1 48 c7 c2 00 1c 7d a1 e8 52 f1 43 ff 48 c7 c7 00 96 7b a1 e8 46 81 44 ff e9 fe fc ff ff <0f> 0b e9 a5 fa ff ff 48 c7 c1 80 44 5d a0 80 e1 07 80 c1 03 38 c1
00019 RSP: 0018:ffffc90001837878 EFLAGS: 00010246
00019 RAX: 0000000000000000 RBX: ffff88814ac2dc00 RCX: 0000000000000046
00019 RDX: 0000000000000000 RSI: ffff88803c3f1818 RDI: ffff88804effaaa8
00019 RBP: ffff88803c3f1788 R08: ffffffff83a16803 R09: 1ffffffff0742d00
00019 R10: dffffc0000000000 R11: fffffbfff0742d01 R12: ffff88804ef54830
00019 R13: dffffc0000000000 R14: 1ffff11029585b80 R15: 1ffff11009dea942
00019  ? ptlrpc_main+0x6359/0x96f0 [ptlrpc]
00019 FS:  0000000000000000(0000) GS:ffff8881d4aa9000(0000) knlGS:0000000000000000
00019 CS:  0010 DS: 0000 ES: 0000 CR0: 0000000080050033
00019 CR2: 00007f4972e066f0 CR3: 0000000123455000 CR4: 0000000000750eb0
00019 PKRU: 55555554
00019 Call Trace:
00019  <TASK>
00019  ? __kthread_parkme+0x73/0x130
00019  ? ofd_precreate_objects+0x1bd8/0x3220 [ofd]
00019  ? kthread+0x2cd/0x3a0
00019  ? ofd_create_hdl+0x2015/0x3510 [ofd]
00019  ? ptlrpc_start_thread+0x1f10/0x1f10 [ptlrpc]
00019  ? tgt_request_handle+0x23ad/0x3d30 [ptlrpc]
00019  ? kthread_unuse_mm+0x130/0x130
00019  ? ptlrpc_main+0x6359/0x96f0 [ptlrpc]
00019  ? ret_from_fork+0x18c/0x520
00019  ? __kthread_parkme+0x73/0x130
00019  ? kthread_unuse_mm+0x130/0x130
00019  ? kthread+0x2cd/0x3a0
00019  ? ptlrpc_start_thread+0x1f10/0x1f10 [ptlrpc]
00019  ? ret_from_fork_asm+0x11/0x20
00019  ? kthread_unuse_mm+0x130/0x130
00019  ? ret_from_fork+0x18c/0x520
00019  ? kthread_unuse_mm+0x130/0x130
00019  ? ret_from_fork_asm+0x11/0x20
00019  </TASK>
00019 ---[ end trace 0000000000000000 ]---
00019  </TASK>
00019 ------------[ cut here ]------------
00019 ---[ end trace 0000000000000000 ]---
00019 WARNING: /home/ktest/git/linux/include/linux/fs.h:889 at osd_create+0x9cf/0xcf0 [osd_wbcfs], CPU#1: ll_ost00_002/1806
00019 ------------[ cut here ]------------
00019 Modules linked in: ofd(O) osp(O) mdd(O) lod(O) mdt(O) lquota(O) lfsck(O) mgs(O) osd_wbcfs(O) lustre(O) obdecho(O) mgc(O) mdc(O) lov(O)
00019 WARNING: /home/ktest/git/linux/include/linux/fs.h:889 at osd_create+0x9cf/0xcf0 [osd_wbcfs], CPU#2: ll_ost00_001/1805
00019  osc(O) lmv(O) ec(O) fid(O) fld(O) ptlrpc(O) efivarfs obdclass(O) ksocklnd(O) lnet(O) libcfs(O)
00019 CPU: 1 UID: 0 PID: 1806 Comm: ll_ost00_002 Tainted: G        W  O        7.0.0-ktest-6eb18a2-6330a45-20260928-dirty #1 PREEMPT 
00019 Modules linked in:
00019 Tainted: [W]=WARN, [O]=OOT_MODULE
00019 Hardware name: QEMU Standard PC (Q35 + ICH9, 2009), BIOS 2025.11-3ubuntu7 03/31/2026
00019 RIP: 0010:osd_create+0x9cf/0xcf0 [osd_wbcfs]
00019  ofd(O)
00019 Code: c7 c7 00 96 7b a1 48 c7 c6 a0 12 7d a1 48 c7 c2 00 1c 7d a1 e8 52 f1 43 ff 48 c7 c7 00 96 7b a1 e8 46 81 44 ff e9 fe fc ff ff <0f> 0b e9 a5 fa ff ff 48 c7 c1 80 44 5d a0 80 e1 07 80 c1 03 38 c1
00019 RSP: 0018:ffffc90001837878 EFLAGS: 00010246
00019 RAX: 0000000000000000 RBX: ffff88814ac2d800 RCX: 0000000000000046
00019 RDX: 0000000000000000 RSI: ffff88803c3f1100 RDI: ffff88804effaaa8
00019 RBP: ffff88803c3f1070 R08: ffffffff83a16803 R09: 1ffffffff0742d00
00019 R10: dffffc0000000000 R11: fffffbfff0742d01 R12: ffff88804ef54830
00019 R13: dffffc0000000000 R14: 1ffff11029585b00 R15: 1ffff11009dea942
00019 FS:  0000000000000000(0000) GS:ffff8881d4aa9000(0000) knlGS:0000000000000000
00019  osp(O)
00019 CS:  0010 DS: 0000 ES: 0000 CR0: 0000000080050033
00019 CR2: 00007f4972e066f0 CR3: 0000000123455000 CR4: 0000000000750eb0
00019 PKRU: 55555554
00019 Call Trace:
00019  <TASK>
00019  ? ofd_precreate_objects+0x1bd8/0x3220 [ofd]
00019  ? ofd_create_hdl+0x2015/0x3510 [ofd]
00019  mdd(O)
00019  ? tgt_request_handle+0x23ad/0x3d30 [ptlrpc]
00019  lod(O)
00019  ? ptlrpc_main+0x6359/0x96f0 [ptlrpc]
00019  mdt(O)
00019  ? __kthread_parkme+0x73/0x130
00019  lquota(O)
00019 ------------[ cut here ]------------
00019 WARNING: /home/ktest/git/linux/include/linux/fs.h:889 at osd_create+0x9cf/0xcf0 [osd_wbcfs], CPU#0: llog_process_th/1848
00019 Modules linked in: ofd(O) osp(O) mdd(O) lod(O) mdt(O) lquota(O) lfsck(O) mgs(O) osd_wbcfs(O) lustre(O) obdecho(O) mgc(O) mdc(O) lov(O) osc(O) lmv(O) ec(O) fid(O) fld(O) ptlrpc(O) efivarfs obdclass(O) ksocklnd(O) lnet(O) libcfs(O)
00019  ? kthread+0x2cd/0x3a0
00019 CPU: 0 UID: 0 PID: 1848 Comm: llog_process_th Tainted: G        W  O        7.0.0-ktest-6eb18a2-6330a45-20260928-dirty #1 PREEMPT 
00019 Tainted: [W]=WARN, [O]=OOT_MODULE
00019  ? ptlrpc_start_thread+0x1f10/0x1f10 [ptlrpc]
00019  lfsck(O)
00019  ? kthread_unuse_mm+0x130/0x130
00019  ? ret_from_fork+0x18c/0x520
00019  ? kthread_unuse_mm+0x130/0x130
00019 Hardware name: QEMU Standard PC (Q35 + ICH9, 2009), BIOS 2025.11-3ubuntu7 03/31/2026
00019  ? ret_from_fork_asm+0x11/0x20
00019  </TASK>
00019 ---[ end trace 0000000000000000 ]---
00019 RIP: 0010:osd_create+0x9cf/0xcf0 [osd_wbcfs]
00019 ------------[ cut here ]------------
00019 WARNING: /home/ktest/git/linux/include/linux/fs.h:889 at osd_create+0x9cf/0xcf0 [osd_wbcfs], CPU#1: ll_ost00_002/1806
00019  mgs(O) osd_wbcfs(O) lustre(O) obdecho(O) mgc(O) mdc(O) lov(O) osc(O) lmv(O) ec(O) fid(O) fld(O) ptlrpc(O) efivarfs obdclass(O) ksocklnd(O) lnet(O) libcfs(O)
00019 CPU: 2 UID: 0 PID: 1805 Comm: ll_ost00_001 Tainted: G        W  O        7.0.0-ktest-6eb18a2-6330a45-20260928-dirty #1 PREEMPT 
00019 Tainted: [W]=WARN, [O]=OOT_MODULE
00019 Hardware name: QEMU Standard PC (Q35 + ICH9, 2009), BIOS 2025.11-3ubuntu7 03/31/2026
00019 RIP: 0010:osd_create+0x9cf/0xcf0 [osd_wbcfs]
00019 Code: c7 c7 00 96 7b a1 48 c7 c6 a0 12 7d a1 48 c7 c2 00 1c 7d a1 e8 52 f1 43 ff 48 c7 c7 00 96 7b a1 e8 46 81 44 ff e9 fe fc ff ff <0f> 0b e9 a5 fa ff ff 48 c7 c1 80 44 5d a0 80 e1 07 80 c1 03 38 c1
00019 RSP: 0018:ffffc900019a7878 EFLAGS: 00010246
00019 RAX: 0000000000000000 RBX: ffff8881092c4c00 RCX: 0000000000000046
00019 RDX: 0000000000000000 RSI: ffff888056c22648 RDI: ffff88804effcb68
00019 RBP: ffff888056c225b8 R08: ffffffff83a16803 R09: 1ffffffff0742d00
00019 R10: dffffc0000000000 R11: fffffbfff0742d01 R12: ffff88804f3d0830
00019 R13: dffffc0000000000 R14: 1ffff11021258980 R15: 1ffff11009e7a142
00019 FS:  0000000000000000(0000) GS:ffff8881d4b29000(0000) knlGS:0000000000000000
00019 CS:  0010 DS: 0000 ES: 0000 CR0: 0000000080050033
00019 CR2: 00005577192b4560 CR3: 00000001263be000 CR4: 0000000000750eb0
00019 PKRU: 55555554
00019 Call Trace:
00019  <TASK>
00019  ? ofd_precreate_objects+0x1bd8/0x3220 [ofd]
00019  ? ofd_create_hdl+0x2015/0x3510 [ofd]
00019 Code: c7 c7 00 96 7b a1 48 c7 c6 a0 12 7d a1 48 c7 c2 00 1c 7d a1 e8 52 f1 43 ff 48 c7 c7 00 96 7b a1 e8 46 81 44 ff e9 fe fc ff ff <0f> 0b e9 a5 fa ff ff 48 c7 c1 80 44 5d a0 80 e1 07 80 c1 03 38 c1
00019  ? tgt_request_handle+0x23ad/0x3d30 [ptlrpc]
00019 Modules linked in: ofd(O)
00019 RSP: 0018:ffffc90007d176c0 EFLAGS: 00010246
00019  ? ptlrpc_main+0x6359/0x96f0 [ptlrpc]
00019  osp(O)
00019 
00019  ? __kthread_parkme+0x73/0x130
00019  ? kthread+0x2cd/0x3a0
00019  mdd(O)
00019  ? ptlrpc_start_thread+0x1f10/0x1f10 [ptlrpc]
00019 RAX: 0000000000000000 RBX: ffff88814ae7f400 RCX: 0000000000000046
00019  ? kthread_unuse_mm+0x130/0x130
00019  ? ret_from_fork+0x18c/0x520
00019  ? kthread_unuse_mm+0x130/0x130
00019  ? ret_from_fork_asm+0x11/0x20
00019  </TASK>
00019 ---[ end trace 0000000000000000 ]---
00019  lod(O)
00019 ------------[ cut here ]------------
00019 WARNING: /home/ktest/git/linux/include/linux/fs.h:889 at osd_create+0x9cf/0xcf0 [osd_wbcfs], CPU#2: ll_ost00_001/1805
00019 RDX: 0000000000000000 RSI: ffff88803eb8ed38 RDI: ffff88810407aa58
00019 Modules linked in: ofd(O) osp(O) mdd(O) lod(O) mdt(O) lquota(O) lfsck(O) mgs(O) osd_wbcfs(O) lustre(O) obdecho(O) mgc(O) mdc(O) lov(O) osc(O) lmv(O) ec(O) fid(O) fld(O) ptlrpc(O) efivarfs obdclass(O) ksocklnd(O) lnet(O) libcfs(O)
00019 CPU: 2 UID: 0 PID: 1805 Comm: ll_ost00_001 Tainted: G        W  O        7.0.0-ktest-6eb18a2-6330a45-20260928-dirty #1 PREEMPT 
00019 Tainted: [W]=WARN, [O]=OOT_MODULE
00019 Hardware name: QEMU Standard PC (Q35 + ICH9, 2009), BIOS 2025.11-3ubuntu7 03/31/2026
00019 RIP: 0010:osd_create+0x9cf/0xcf0 [osd_wbcfs]
00019  mdt(O)
00019 Code: c7 c7 00 96 7b a1 48 c7 c6 a0 12 7d a1 48 c7 c2 00 1c 7d a1 e8 52 f1 43 ff 48 c7 c7 00 96 7b a1 e8 46 81 44 ff e9 fe fc ff ff <0f> 0b e9 a5 fa ff ff 48 c7 c1 80 44 5d a0 80 e1 07 80 c1 03 38 c1
00019 RSP: 0018:ffffc900019a7878 EFLAGS: 00010246
00019 RAX: 0000000000000000 RBX: ffff8881092c6000 RCX: 0000000000000046
00019 RDX: 0000000000000000 RSI: ffff888056c21f30 RDI: ffff88804effcb68
00019 RBP: ffff888056c21ea0 R08: ffffffff83a16803 R09: 1ffffffff0742d00
00019 R10: dffffc0000000000 R11: fffffbfff0742d01 R12: ffff88804f3d0830
00019 R13: dffffc0000000000 R14: 1ffff11021258c00 R15: 1ffff11009e7a142
00019 FS:  0000000000000000(0000) GS:ffff8881d4b29000(0000) knlGS:0000000000000000
00019 CS:  0010 DS: 0000 ES: 0000 CR0: 0000000080050033
00019 CR2: 00005577192b4560 CR3: 00000001263be000 CR4: 0000000000750eb0
00019 PKRU: 55555554
00019 Call Trace:
00019  <TASK>
00019  ? ofd_precreate_objects+0x1bd8/0x3220 [ofd]
00019 RBP: ffff88803eb8eca8 R08: ffffffff83a16803 R09: 1ffffffff0742d00
00019  ? ofd_create_hdl+0x2015/0x3510 [ofd]
00019  lquota(O)
00019 R10: dffffc0000000000 R11: fffffbfff0742d01 R12: ffff88814f33d830
00019  lfsck(O)
00019 R13: dffffc0000000000 R14: 1ffff110295cfe80 R15: 1ffff92000fa2ef8
00019  ? tgt_request_handle+0x23ad/0x3d30 [ptlrpc]
00019  mgs(O)
00019 FS:  0000000000000000(0000) GS:ffff8881d4a29000(0000) knlGS:0000000000000000
00019  osd_wbcfs(O)
00019 CS:  0010 DS: 0000 ES: 0000 CR0: 0000000080050033
00019  ? ptlrpc_main+0x6359/0x96f0 [ptlrpc]
00019  lustre(O)
00019 CR2: 00007f6e31c06780 CR3: 00000001263be000 CR4: 0000000000750eb0
00019  obdecho(O)
00019 PKRU: 55555554
00019  mgc(O)
00019  ? __kthread_parkme+0x73/0x130
00019  ? kthread+0x2cd/0x3a0
00019  ? ptlrpc_start_thread+0x1f10/0x1f10 [ptlrpc]
00019 Call Trace:
00019  ? kthread_unuse_mm+0x130/0x130
00019  ? ret_from_fork+0x18c/0x520
00019  ? kthread_unuse_mm+0x130/0x130
00019  ? ret_from_fork_asm+0x11/0x20
00019  </TASK>
00019 ---[ end trace 0000000000000000 ]---
00019 ------------[ cut here ]------------
00019 WARNING: /home/ktest/git/linux/include/linux/fs.h:889 at osd_create+0x9cf/0xcf0 [osd_wbcfs], CPU#2: ll_ost00_001/1805
00019 Modules linked in: ofd(O) osp(O) mdd(O) lod(O) mdt(O) lquota(O) lfsck(O) mgs(O) osd_wbcfs(O) lustre(O) obdecho(O) mgc(O) mdc(O) lov(O) osc(O) lmv(O) ec(O) fid(O) fld(O) ptlrpc(O) efivarfs obdclass(O) ksocklnd(O) lnet(O) libcfs(O)
00019 CPU: 2 UID: 0 PID: 1805 Comm: ll_ost00_001 Tainted: G        W  O        7.0.0-ktest-6eb18a2-6330a45-20260928-dirty #1 PREEMPT 
00019 Tainted: [W]=WARN, [O]=OOT_MODULE
00019 Hardware name: QEMU Standard PC (Q35 + ICH9, 2009), BIOS 2025.11-3ubuntu7 03/31/2026
00019 RIP: 0010:osd_create+0x9cf/0xcf0 [osd_wbcfs]
00019 Code: c7 c7 00 96 7b a1 48 c7 c6 a0 12 7d a1 48 c7 c2 00 1c 7d a1 e8 52 f1 43 ff 48 c7 c7 00 96 7b a1 e8 46 81 44 ff e9 fe fc ff ff <0f> 0b e9 a5 fa ff ff 48 c7 c1 80 44 5d a0 80 e1 07 80 c1 03 38 c1
00019 RSP: 0018:ffffc900019a7878 EFLAGS: 00010246
00019 RAX: 0000000000000000 RBX: ffff8881092c5000 RCX: 0000000000000046
00019 RDX: 0000000000000000 RSI: ffff888056c21818 RDI: ffff88804effcb68
00019 RBP: ffff888056c21788 R08: ffffffff83a16803 R09: 1ffffffff0742d00
00019 R10: dffffc0000000000 R11: fffffbfff0742d01 R12: ffff88804f3d0830
00019 R13: dffffc0000000000 R14: 1ffff11021258a00 R15: 1ffff11009e7a142
00019 FS:  0000000000000000(0000) GS:ffff8881d4b29000(0000) knlGS:0000000000000000
00019 CS:  0010 DS: 0000 ES: 0000 CR0: 0000000080050033
00019 CR2: 00005577192b4560 CR3: 00000001263be000 CR4: 0000000000750eb0
00019 PKRU: 55555554
00019 Call Trace:
00019  <TASK>
00019  mdc(O)
00019  ? ofd_precreate_objects+0x1bd8/0x3220 [ofd]
00019  <TASK>
00019  ? ofd_create_hdl+0x2015/0x3510 [ofd]
00019  ? tgt_request_handle+0x23ad/0x3d30 [ptlrpc]
00019  lov(O) osc(O) lmv(O) ec(O) fid(O) fld(O) ptlrpc(O) efivarfs obdclass(O) ksocklnd(O) lnet(O) libcfs(O)
00019 CPU: 1 UID: 0 PID: 1806 Comm: ll_ost00_002 Tainted: G        W  O        7.0.0-ktest-6eb18a2-6330a45-20260928-dirty #1 PREEMPT 
00019  ? dt_find_or_create+0x81a/0x1170 [obdclass]
00019 Tainted: [W]=WARN, [O]=OOT_MODULE
00019  ? ptlrpc_main+0x6359/0x96f0 [ptlrpc]
00019  ? osp_find_or_create_local_file+0x266/0x690 [osp]
00019  ? __kthread_parkme+0x73/0x130
00019  ? kthread+0x2cd/0x3a0
00019 Hardware name: QEMU Standard PC (Q35 + ICH9, 2009), BIOS 2025.11-3ubuntu7 03/31/2026
00019  ? osp_last_used_init+0x22c/0x2150 [osp]
00019  ? ptlrpc_start_thread+0x1f10/0x1f10 [ptlrpc]
00019 RIP: 0010:osd_create+0x9cf/0xcf0 [osd_wbcfs]
00019  ? client_fid_init+0x636/0x9f0 [fid]
00019  ? osp_device_alloc+0x19a2/0x2e10 [osp]
00019 Code: c7 c7 00 96 7b a1 48 c7 c6 a0 12 7d a1 48 c7 c2 00 1c 7d a1 e8 52 f1 43 ff 48 c7 c7 00 96 7b a1 e8 46 81 44 ff e9 fe fc ff ff <0f> 0b e9 a5 fa ff ff 48 c7 c1 80 44 5d a0 80 e1 07 80 c1 03 38 c1
00019 RSP: 0018:ffffc90001837878 EFLAGS: 00010246
00019 RAX: 0000000000000000 RBX: ffff88814ac2d400 RCX: 0000000000000046
00019 RDX: 0000000000000000 RSI: ffff88803c3f09e8 RDI: ffff88804effaaa8
00019 RBP: ffff88803c3f0958 R08: ffffffff83a16803 R09: 1ffffffff0742d00
00019 R10: dffffc0000000000 R11: fffffbfff0742d01 R12: ffff88804ef54830
00019 R13: dffffc0000000000 R14: 1ffff11029585a80 R15: 1ffff11009dea942
00019 FS:  0000000000000000(0000) GS:ffff8881d4aa9000(0000) knlGS:0000000000000000
00019  ? obd_setup+0x25c/0x950 [obdclass]
00019  ? kthread_unuse_mm+0x130/0x130
00019  ? class_setup+0xc7d/0x10e0 [obdclass]
00019  ? class_process_config+0x2edb/0x7cb0 [obdclass]
00019  ? __kasan_kmalloc+0x72/0x80
00019 CS:  0010 DS: 0000 ES: 0000 CR0: 0000000080050033
00019 CR2: 00007f4972e066f0 CR3: 0000000123455000 CR4: 0000000000750eb0
00019 PKRU: 55555554
00019 Call Trace:
00019  <TASK>
00019  ? ofd_precreate_objects+0x1bd8/0x3220 [ofd]
00019  ? class_config_llog_handler+0x2954/0x4f80 [obdclass]
00019  ? class_config_llog_handler+0x2cea/0x4f80 [obdclass]
00019  ? ret_from_fork+0x18c/0x520
00019  ? lustre_cfg_rec_free+0x350/0x350 [obdclass]
00019  ? ofd_create_hdl+0x2015/0x3510 [ofd]
00019  ? llog_process_thread+0x1fd2/0x4f70 [obdclass]
00019  ? kthread_unuse_mm+0x130/0x130
00019  ? _raw_spin_unlock+0x23/0x40
00019  ? llog_process_thread_daemonize+0x16d/0x1b0 [obdclass]
00019  ? tgt_request_handle+0x23ad/0x3d30 [ptlrpc]
00019  ? ret_from_fork_asm+0x11/0x20
00019  ? ptlrpc_main+0x6359/0x96f0 [ptlrpc]
00019  ? kthread+0x2cd/0x3a0
00019  ? llog_process_or_fork+0xc90/0xc90 [obdclass]
00019  ? kthread_unuse_mm+0x130/0x130
00019  </TASK>
00019 ---[ end trace 0000000000000000 ]---
00019 ------------[ cut here ]------------
00019 WARNING: /home/ktest/git/linux/include/linux/fs.h:889 at osd_create+0x9cf/0xcf0 [osd_wbcfs], CPU#2: ll_ost00_001/1805
00019 Modules linked in: ofd(O) osp(O) mdd(O) lod(O) mdt(O) lquota(O) lfsck(O) mgs(O) osd_wbcfs(O) lustre(O) obdecho(O) mgc(O) mdc(O) lov(O) osc(O) lmv(O) ec(O) fid(O) fld(O) ptlrpc(O) efivarfs obdclass(O)
00019  ? __kthread_parkme+0x73/0x130
00019  ? kthread+0x2cd/0x3a0
00019  ? ret_from_fork+0x18c/0x520
00019  ? kthread_unuse_mm+0x130/0x130
00019  ? ret_from_fork_asm+0x11/0x20
00019  ? ptlrpc_start_thread+0x1f10/0x1f10 [ptlrpc]
00019  ? kthread_unuse_mm+0x130/0x130
00019  ksocklnd(O) lnet(O) libcfs(O)
00019 CPU: 2 UID: 0 PID: 1805 Comm: ll_ost00_001 Tainted: G        W  O        7.0.0-ktest-6eb18a2-6330a45-20260928-dirty #1 PREEMPT 
00019 Tainted: [W]=WARN, [O]=OOT_MODULE
00019 Hardware name: QEMU Standard PC (Q35 + ICH9, 2009), BIOS 2025.11-3ubuntu7 03/31/2026
00019 RIP: 0010:osd_create+0x9cf/0xcf0 [osd_wbcfs]
00019 Code: c7 c7 00 96 7b a1 48 c7 c6 a0 12 7d a1 48 c7 c2 00 1c 7d a1 e8 52 f1 43 ff 48 c7 c7 00 96 7b a1 e8 46 81 44 ff e9 fe fc ff ff <0f> 0b e9 a5 fa ff ff 48 c7 c1 80 44 5d a0 80 e1 07 80 c1 03 38 c1
00019 RSP: 0018:ffffc900019a7878 EFLAGS: 00010246
00019 RAX: 0000000000000000 RBX: ffff8881092c5800 RCX: 0000000000000046
00019 RDX: 0000000000000000 RSI: ffff888056c21100 RDI: ffff88804effcb68
00019 RBP: ffff888056c21070 R08: ffffffff83a16803 R09: 1ffffffff0742d00
00019 R10: dffffc0000000000 R11: fffffbfff0742d01 R12: ffff88804f3d0830
00019 R13: dffffc0000000000 R14: 1ffff11021258b00 R15: 1ffff11009e7a142
00019 FS:  0000000000000000(0000) GS:ffff8881d4b29000(0000) knlGS:0000000000000000
00019 CS:  0010 DS: 0000 ES: 0000 CR0: 0000000080050033
00019 CR2: 00005577192b4560 CR3: 00000001263be000 CR4: 0000000000750eb0
00019 PKRU: 55555554
00019 Call Trace:
00019  <TASK>
00019  ? ofd_precreate_objects+0x1bd8/0x3220 [ofd]
00019  </TASK>
00019  ? ofd_create_hdl+0x2015/0x3510 [ofd]
00019  ? ret_from_fork+0x18c/0x520
00019  ? tgt_request_handle+0x23ad/0x3d30 [ptlrpc]
00019 ---[ end trace 0000000000000000 ]---
00019  ? kthread_unuse_mm+0x130/0x130
00019  ? ptlrpc_main+0x6359/0x96f0 [ptlrpc]
00019 ------------[ cut here ]------------
00019  ? ret_from_fork_asm+0x11/0x20
00019 WARNING: /home/ktest/git/linux/include/linux/fs.h:889 at osd_create+0x9cf/0xcf0 [osd_wbcfs], CPU#0: llog_process_th/1848
00019 Modules linked in: ofd(O) osp(O) mdd(O) lod(O) mdt(O) lquota(O) lfsck(O) mgs(O) osd_wbcfs(O) lustre(O) obdecho(O) mgc(O) mdc(O) lov(O) osc(O) lmv(O) ec(O) fid(O) fld(O) ptlrpc(O) efivarfs obdclass(O) ksocklnd(O) lnet(O) libcfs(O)
00019 CPU: 0 UID: 0 PID: 1848 Comm: llog_process_th Tainted: G        W  O        7.0.0-ktest-6eb18a2-6330a45-20260928-dirty #1 PREEMPT 
00019 Tainted: [W]=WARN, [O]=OOT_MODULE
00019 Hardware name: QEMU Standard PC (Q35 + ICH9, 2009), BIOS 2025.11-3ubuntu7 03/31/2026
00019 RIP: 0010:osd_create+0x9cf/0xcf0 [osd_wbcfs]
00019 Code: c7 c7 00 96 7b a1 48 c7 c6 a0 12 7d a1 48 c7 c2 00 1c 7d a1 e8 52 f1 43 ff 48 c7 c7 00 96 7b a1 e8 46 81 44 ff e9 fe fc ff ff <0f> 0b e9 a5 fa ff ff 48 c7 c1 80 44 5d a0 80 e1 07 80 c1 03 38 c1
00019 RSP: 0018:ffffc90007d176c0 EFLAGS: 00010246
00019 RAX: 0000000000000000 RBX: ffff88814ae94000 RCX: 0000000000000046
00019 RDX: 0000000000000000 RSI: ffff88803eb8e620 RDI: ffff88810407aa58
00019 RBP: ffff88803eb8e590 R08: ffffffff83a16803 R09: 1ffffffff0742d00
00019 R10: dffffc0000000000 R11: fffffbfff0742d01 R12: ffff88814f33d830
00019 R13: dffffc0000000000 R14: 1ffff110295d2800 R15: 1ffff92000fa2ef8
00019 FS:  0000000000000000(0000) GS:ffff8881d4a29000(0000) knlGS:0000000000000000
00019 CS:  0010 DS: 0000 ES: 0000 CR0: 0000000080050033
00019 CR2: 00007f6e31c06780 CR3: 00000001263be000 CR4: 0000000000750eb0
00019 PKRU: 55555554
00019 Call Trace:
00019  <TASK>
00019  ? dt_find_or_create+0x81a/0x1170 [obdclass]
00019  ? osp_find_or_create_local_file+0x266/0x690 [osp]
00019  ? osp_last_used_init+0x95c/0x2150 [osp]
00019  ? osp_device_alloc+0x19a2/0x2e10 [osp]
00019  </TASK>
00019 ---[ end trace 0000000000000000 ]---
00019 ------------[ cut here ]------------
00019  ? obd_setup+0x25c/0x950 [obdclass]
00019  ? __kthread_parkme+0x73/0x130
00019 WARNING: /home/ktest/git/linux/include/linux/fs.h:889 at osd_create+0x9cf/0xcf0 [osd_wbcfs], CPU#1: ll_ost00_002/1806
00019  ? kthread+0x2cd/0x3a0
00019 Modules linked in: ofd(O) osp(O) mdd(O) lod(O) mdt(O) lquota(O) lfsck(O) mgs(O) osd_wbcfs(O) lustre(O) obdecho(O) mgc(O) mdc(O) lov(O) osc(O) lmv(O) ec(O) fid(O) fld(O) ptlrpc(O) efivarfs obdclass(O) ksocklnd(O) lnet(O) libcfs(O)
00019 CPU: 1 UID: 0 PID: 1806 Comm: ll_ost00_002 Tainted: G        W  O        7.0.0-ktest-6eb18a2-6330a45-20260928-dirty #1 PREEMPT 
00019 Tainted: [W]=WARN, [O]=OOT_MODULE
00019 Hardware name: QEMU Standard PC (Q35 + ICH9, 2009), BIOS 2025.11-3ubuntu7 03/31/2026
00019 RIP: 0010:osd_create+0x9cf/0xcf0 [osd_wbcfs]
00019 Code: c7 c7 00 96 7b a1 48 c7 c6 a0 12 7d a1 48 c7 c2 00 1c 7d a1 e8 52 f1 43 ff 48 c7 c7 00 96 7b a1 e8 46 81 44 ff e9 fe fc ff ff <0f> 0b e9 a5 fa ff ff 48 c7 c1 80 44 5d a0 80 e1 07 80 c1 03 38 c1
00019 RSP: 0018:ffffc90001837878 EFLAGS: 00010246
00019 RAX: 0000000000000000 RBX: ffff88814ad4e800 RCX: 0000000000000046
00019 RDX: 0000000000000000 RSI: ffff88803c3f02d0 RDI: ffff88804effaaa8
00019 RBP: ffff88803c3f0240 R08: ffffffff83a16803 R09: 1ffffffff0742d00
00019 R10: dffffc0000000000 R11: fffffbfff0742d01 R12: ffff88804ef54830
00019 R13: dffffc0000000000 R14: 1ffff110295a9d00 R15: 1ffff11009dea942
00019 FS:  0000000000000000(0000) GS:ffff8881d4aa9000(0000) knlGS:0000000000000000
00019 CS:  0010 DS: 0000 ES: 0000 CR0: 0000000080050033
00019 CR2: 00007f4972e066f0 CR3: 0000000123455000 CR4: 0000000000750eb0
00019 PKRU: 55555554
00019 Call Trace:
00019  <TASK>
00019  ? ofd_precreate_objects+0x1bd8/0x3220 [ofd]
00019  ? class_setup+0xc7d/0x10e0 [obdclass]
00019  ? ofd_create_hdl+0x2015/0x3510 [ofd]
00019  ? ptlrpc_start_thread+0x1f10/0x1f10 [ptlrpc]
00019  ? class_process_config+0x2edb/0x7cb0 [obdclass]
00019  ? tgt_request_handle+0x23ad/0x3d30 [ptlrpc]
00019  ? __kasan_kmalloc+0x72/0x80
00019  ? class_config_llog_handler+0x2954/0x4f80 [obdclass]
00019  ? kthread_unuse_mm+0x130/0x130
00019  ? class_config_llog_handler+0x2cea/0x4f80 [obdclass]
00019  ? lustre_cfg_rec_free+0x350/0x350 [obdclass]
00019  ? ptlrpc_main+0x6359/0x96f0 [ptlrpc]
00019  ? ret_from_fork+0x18c/0x520
00019  ? llog_process_thread+0x1fd2/0x4f70 [obdclass]
00019  ? kthread_unuse_mm+0x130/0x130
00019  ? _raw_spin_unlock+0x23/0x40
00019  ? llog_process_thread_daemonize+0x16d/0x1b0 [obdclass]
00019  ? kthread+0x2cd/0x3a0
00019  ? __kthread_parkme+0x73/0x130
00019  ? llog_process_or_fork+0xc90/0xc90 [obdclass]
00019  ? kthread_unuse_mm+0x130/0x130
00019  ? ret_from_fork+0x18c/0x520
00019  ? kthread_unuse_mm+0x130/0x130
00019  ? ret_from_fork_asm+0x11/0x20
00019  </TASK>
00019 ---[ end trace 0000000000000000 ]---
00019  ? ret_from_fork_asm+0x11/0x20
00019 ------------[ cut here ]------------
00019 WARNING: /home/ktest/git/linux/include/linux/fs.h:889 at osd_create+0x9cf/0xcf0 [osd_wbcfs], CPU#0: llog_process_th/1848
00019 Modules linked in: ofd(O) osp(O) mdd(O) lod(O) mdt(O) lquota(O) lfsck(O) mgs(O) osd_wbcfs(O) lustre(O) obdecho(O) mgc(O) mdc(O) lov(O) osc(O) lmv(O) ec(O) fid(O) fld(O) ptlrpc(O) efivarfs obdclass(O) ksocklnd(O) lnet(O) libcfs(O)
00019 CPU: 0 UID: 0 PID: 1848 Comm: llog_process_th Tainted: G        W  O        7.0.0-ktest-6eb18a2-6330a45-20260928-dirty #1 PREEMPT 
00019 Tainted: [W]=WARN, [O]=OOT_MODULE
00019 Hardware name: QEMU Standard PC (Q35 + ICH9, 2009), BIOS 2025.11-3ubuntu7 03/31/2026
00019 RIP: 0010:osd_create+0x9cf/0xcf0 [osd_wbcfs]
00019 Code: c7 c7 00 96 7b a1 48 c7 c6 a0 12 7d a1 48 c7 c2 00 1c 7d a1 e8 52 f1 43 ff 48 c7 c7 00 96 7b a1 e8 46 81 44 ff e9 fe fc ff ff <0f> 0b e9 a5 fa ff ff 48 c7 c1 80 44 5d a0 80 e1 07 80 c1 03 38 c1
00019 RSP: 0018:ffffc90007d17690 EFLAGS: 00010246
00019 RAX: 0000000000000000 RBX: ffff88814ae97c00 RCX: 0000000000000046
00019 RDX: 0000000000000000 RSI: ffff88803eb8df08 RDI: ffff88810407aa58
00019 RBP: ffff88803eb8de78 R08: ffffffff83a16803 R09: 1ffffffff0742d00
00019 R10: dffffc0000000000 R11: fffffbfff0742d01 R12: ffff88814555ec00
00019 R13: dffffc0000000000 R14: 1ffff110295d2f80 R15: 1ffff11028aabd8f
00019 FS:  0000000000000000(0000) GS:ffff8881d4a29000(0000) knlGS:0000000000000000
00019 CS:  0010 DS: 0000 ES: 0000 CR0: 0000000080050033
00019 CR2: 00007f6e31c06780 CR3: 00000001263be000 CR4: 0000000000750eb0
00019 PKRU: 55555554
00019 Call Trace:
00019  <TASK>
00019  ? llog_osd_get_cat_list+0x64d/0x1470 [obdclass]
00019  ? osp_sync_init+0x7a6/0x2760 [osp]
00019  ? is_module_address+0x1b/0x70
00019  ? kthread+0x2cd/0x3a0
00019  ? osp_device_alloc+0x1b91/0x2e10 [osp]
00019  ? ptlrpc_start_thread+0x1f10/0x1f10 [ptlrpc]
00019  </TASK>
00019 ---[ end trace 0000000000000000 ]---
00019 ------------[ cut here ]------------
00019 WARNING: /home/ktest/git/linux/include/linux/fs.h:889 at osd_create+0x9cf/0xcf0 [osd_wbcfs], CPU#2: ll_ost00_001/1805
00019  ? obd_setup+0x25c/0x950 [obdclass]
00019  ? kthread_unuse_mm+0x130/0x130
00019  ? ret_from_fork+0x18c/0x520
00019  ? kthread_unuse_mm+0x130/0x130
00019  ? ret_from_fork_asm+0x11/0x20
00019  ? class_setup+0xc7d/0x10e0 [obdclass]
00019 Modules linked in: ofd(O) osp(O) mdd(O) lod(O) mdt(O) lquota(O) lfsck(O) mgs(O) osd_wbcfs(O) lustre(O)
00019  </TASK>
00019  obdecho(O) mgc(O) mdc(O) lov(O) osc(O) lmv(O) ec(O) fid(O) fld(O) ptlrpc(O) efivarfs obdclass(O) ksocklnd(O) lnet(O) libcfs(O)
00019 CPU: 2 UID: 0 PID: 1805 Comm: ll_ost00_001 Tainted: G        W  O        7.0.0-ktest-6eb18a2-6330a45-20260928-dirty #1 PREEMPT 
00019 Tainted: [W]=WARN, [O]=OOT_MODULE
00019 Hardware name: QEMU Standard PC (Q35 + ICH9, 2009), BIOS 2025.11-3ubuntu7 03/31/2026
00019 RIP: 0010:osd_create+0x9cf/0xcf0 [osd_wbcfs]
00019 Code: c7 c7 00 96 7b a1 48 c7 c6 a0 12 7d a1 48 c7 c2 00 1c 7d a1 e8 52 f1 43 ff 48 c7 c7 00 96 7b a1 e8 46 81 44 ff e9 fe fc ff ff <0f> 0b e9 a5 fa ff ff 48 c7 c1 80 44 5d a0 80 e1 07 80 c1 03 38 c1
00019 RSP: 0018:ffffc900019a7878 EFLAGS: 00010246
00019 RAX: 0000000000000000 RBX: ffff8881092c4400 RCX: 0000000000000046
00019 RDX: 0000000000000000 RSI: ffff888056c209e8 RDI: ffff88804effcb68
00019 RBP: ffff888056c20958 R08: ffffffff83a16803 R09: 1ffffffff0742d00
00019 R10: dffffc0000000000 R11: fffffbfff0742d01 R12: ffff88804f3d0830
00019 R13: dffffc0000000000 R14: 1ffff11021258880 R15: 1ffff11009e7a142
00019 FS:  0000000000000000(0000) GS:ffff8881d4b29000(0000) knlGS:0000000000000000
00019 CS:  0010 DS: 0000 ES: 0000 CR0: 0000000080050033
00019 CR2: 00005577192b4560 CR3: 00000001263be000 CR4: 0000000000750eb0
00019 PKRU: 55555554
00019 Call Trace:
00019  <TASK>
00019  ? ofd_precreate_objects+0x1bd8/0x3220 [ofd]
00019  ? ofd_create_hdl+0x2015/0x3510 [ofd]
00019  ? class_process_config+0x2edb/0x7cb0 [obdclass]
00019  ? tgt_request_handle+0x23ad/0x3d30 [ptlrpc]
00019 ---[ end trace 0000000000000000 ]---
00019  ? __kasan_kmalloc+0x72/0x80
00019  ? ptlrpc_main+0x6359/0x96f0 [ptlrpc]
00019 ------------[ cut here ]------------
00019  ? __kthread_parkme+0x73/0x130
00019  ? kthread+0x2cd/0x3a0
00019  ? class_config_llog_handler+0x2954/0x4f80 [obdclass]
00019  ? ptlrpc_start_thread+0x1f10/0x1f10 [ptlrpc]
00019 WARNING: /home/ktest/git/linux/include/linux/fs.h:889 at osd_create+0x9cf/0xcf0 [osd_wbcfs], CPU#1: ll_ost00_002/1806
00019 Modules linked in: ofd(O) osp(O) mdd(O) lod(O) mdt(O) lquota(O) lfsck(O) mgs(O) osd_wbcfs(O) lustre(O) obdecho(O) mgc(O) mdc(O) lov(O) osc(O) lmv(O) ec(O) fid(O) fld(O) ptlrpc(O) efivarfs obdclass(O) ksocklnd(O) lnet(O) libcfs(O)
00019 CPU: 1 UID: 0 PID: 1806 Comm: ll_ost00_002 Tainted: G        W  O        7.0.0-ktest-6eb18a2-6330a45-20260928-dirty #1 PREEMPT 
00019 Tainted: [W]=WARN, [O]=OOT_MODULE
00019 Hardware name: QEMU Standard PC (Q35 + ICH9, 2009), BIOS 2025.11-3ubuntu7 03/31/2026
00019 RIP: 0010:osd_create+0x9cf/0xcf0 [osd_wbcfs]
00019 Code: c7 c7 00 96 7b a1 48 c7 c6 a0 12 7d a1 48 c7 c2 00 1c 7d a1 e8 52 f1 43 ff 48 c7 c7 00 96 7b a1 e8 46 81 44 ff e9 fe fc ff ff <0f> 0b e9 a5 fa ff ff 48 c7 c1 80 44 5d a0 80 e1 07 80 c1 03 38 c1
00019 RSP: 0018:ffffc90001837878 EFLAGS: 00010246
00019 RAX: 0000000000000000 RBX: ffff88814ad4f400 RCX: 0000000000000046
00019 RDX: 0000000000000000 RSI: ffff888145cf7b68 RDI: ffff88804effaaa8
00019 RBP: ffff888145cf7ad8 R08: ffffffff83a16803 R09: 1ffffffff0742d00
00019 R10: dffffc0000000000 R11: fffffbfff0742d01 R12: ffff88804ef54830
00019 R13: dffffc0000000000 R14: 1ffff110295a9e80 R15: 1ffff11009dea942
00019 FS:  0000000000000000(0000) GS:ffff8881d4aa9000(0000) knlGS:0000000000000000
00019 CS:  0010 DS: 0000 ES: 0000 CR0: 0000000080050033
00019 CR2: 00007f4972e066f0 CR3: 0000000123455000 CR4: 0000000000750eb0
00019 PKRU: 55555554
00019 Call Trace:
00019  <TASK>
00019  ? ofd_precreate_objects+0x1bd8/0x3220 [ofd]
00019  ? class_config_llog_handler+0x2cea/0x4f80 [obdclass]
00019  ? kthread_unuse_mm+0x130/0x130
00019  ? ofd_create_hdl+0x2015/0x3510 [ofd]
00019  ? lustre_cfg_rec_free+0x350/0x350 [obdclass]
00019  ? ret_from_fork+0x18c/0x520
00019  ? tgt_request_handle+0x23ad/0x3d30 [ptlrpc]
00019  ? llog_process_thread+0x1fd2/0x4f70 [obdclass]
00019  ? _raw_spin_unlock+0x23/0x40
00019  ? ptlrpc_main+0x6359/0x96f0 [ptlrpc]
00019  ? kthread_unuse_mm+0x130/0x130
00019  ? ret_from_fork_asm+0x11/0x20
00019  </TASK>
00019  ? llog_process_thread_daemonize+0x16d/0x1b0 [obdclass]
00019  ? kthread+0x2cd/0x3a0
00019  ? __kthread_parkme+0x73/0x130
00019  ? llog_process_or_fork+0xc90/0xc90 [obdclass]
00019 ---[ end trace 0000000000000000 ]---
00019  ? kthread+0x2cd/0x3a0
00019  ? ptlrpc_start_thread+0x1f10/0x1f10 [ptlrpc]
00019 ------------[ cut here ]------------
00019  ? kthread_unuse_mm+0x130/0x130
00019  ? ret_from_fork+0x18c/0x520
00019  ? kthread_unuse_mm+0x130/0x130
00019  ? kthread_unuse_mm+0x130/0x130
00019  ? ret_from_fork_asm+0x11/0x20
00019  ? ret_from_fork+0x18c/0x520
00019  ? kthread_unuse_mm+0x130/0x130
00019  </TASK>
00019 ---[ end trace 0000000000000000 ]---
00019  ? ret_from_fork_asm+0x11/0x20
00019  </TASK>
00019 ---[ end trace 0000000000000000 ]---
00019 WARNING: /home/ktest/git/linux/include/linux/fs.h:889 at osd_create+0x9cf/0xcf0 [osd_wbcfs], CPU#2: ll_ost00_001/1805
00019 ------------[ cut here ]------------
00019 Modules linked in: ofd(O) osp(O) mdd(O) lod(O) mdt(O) lquota(O) lfsck(O) mgs(O) osd_wbcfs(O) lustre(O) obdecho(O) mgc(O) mdc(O) lov(O) osc(O) lmv(O) ec(O) fid(O) fld(O) ptlrpc(O) efivarfs obdclass(O) ksocklnd(O) lnet(O) libcfs(O)
00019 CPU: 2 UID: 0 PID: 1805 Comm: ll_ost00_001 Tainted: G        W  O        7.0.0-ktest-6eb18a2-6330a45-20260928-dirty #1 PREEMPT 
00019 Tainted: [W]=WARN, [O]=OOT_MODULE
00019 Hardware name: QEMU Standard PC (Q35 + ICH9, 2009), BIOS 2025.11-3ubuntu7 03/31/2026
00019 RIP: 0010:osd_create+0x9cf/0xcf0 [osd_wbcfs]
00019 Code: c7 c7 00 96 7b a1 48 c7 c6 a0 12 7d a1 48 c7 c2 00 1c 7d a1 e8 52 f1 43 ff 48 c7 c7 00 96 7b a1 e8 46 81 44 ff e9 fe fc ff ff <0f> 0b e9 a5 fa ff ff 48 c7 c1 80 44 5d a0 80 e1 07 80 c1 03 38 c1
00019 RSP: 0018:ffffc900019a7878 EFLAGS: 00010246
00019 RAX: 0000000000000000 RBX: ffff8881092c7c00 RCX: 0000000000000046
00019 RDX: 0000000000000000 RSI: ffff888056c202d0 RDI: ffff88804effcb68
00019 RBP: ffff888056c20240 R08: ffffffff83a16803 R09: 1ffffffff0742d00
00019 R10: dffffc0000000000 R11: fffffbfff0742d01 R12: ffff88804f3d0830
00019 R13: dffffc0000000000 R14: 1ffff11021258f80 R15: 1ffff11009e7a142
00019 FS:  0000000000000000(0000) GS:ffff8881d4b29000(0000) knlGS:0000000000000000
00019 CS:  0010 DS: 0000 ES: 0000 CR0: 0000000080050033
00019 CR2: 00005577192b4560 CR3: 00000001263be000 CR4: 0000000000750eb0
00019 PKRU: 55555554
00019 Call Trace:
00019  <TASK>
00019 ------------[ cut here ]------------
00019 WARNING: /home/ktest/git/linux/include/linux/fs.h:889 at osd_create+0x9cf/0xcf0 [osd_wbcfs], CPU#1: ll_ost00_002/1806
00019 WARNING: /home/ktest/git/linux/include/linux/fs.h:889 at osd_create+0x9cf/0xcf0 [osd_wbcfs], CPU#0: llog_process_th/1848
00019 Modules linked in: ofd(O) osp(O) mdd(O) lod(O) mdt(O) lquota(O) lfsck(O) mgs(O) osd_wbcfs(O) lustre(O) obdecho(O) mgc(O) mdc(O) lov(O) osc(O) lmv(O) ec(O) fid(O) fld(O) ptlrpc(O) efivarfs
00019 Modules linked in:
00019  ? ofd_precreate_objects+0x1bd8/0x3220 [ofd]
00019  obdclass(O)
00019  ? ofd_create_hdl+0x2015/0x3510 [ofd]
00019  ofd(O)
00019  ksocklnd(O)
00019  osp(O)
00019  lnet(O)
00019  ? tgt_request_handle+0x23ad/0x3d30 [ptlrpc]
00019  mdd(O)
00019  libcfs(O)
00019  lod(O)
00019 
00019  mdt(O)
00019  ? ptlrpc_main+0x6359/0x96f0 [ptlrpc]
00019 CPU: 0 UID: 0 PID: 1848 Comm: llog_process_th Tainted: G        W  O        7.0.0-ktest-6eb18a2-6330a45-20260928-dirty #1 PREEMPT 
00019  ? __kthread_parkme+0x73/0x130
00019  ? kthread+0x2cd/0x3a0
00019  ? ptlrpc_start_thread+0x1f10/0x1f10 [ptlrpc]
00019  lquota(O)
00019  ? kthread_unuse_mm+0x130/0x130
00019  ? ret_from_fork+0x18c/0x520
00019  ? kthread_unuse_mm+0x130/0x130
00019  ? ret_from_fork_asm+0x11/0x20
00019  </TASK>
00019 ---[ end trace 0000000000000000 ]---
00019 ------------[ cut here ]------------
00019 WARNING: /home/ktest/git/linux/include/linux/fs.h:889 at osd_create+0x9cf/0xcf0 [osd_wbcfs], CPU#2: ll_ost00_001/1805
00019 Modules linked in: ofd(O) osp(O) mdd(O) lod(O) mdt(O) lquota(O) lfsck(O) mgs(O) osd_wbcfs(O) lustre(O) obdecho(O) mgc(O) mdc(O) lov(O) osc(O) lmv(O) ec(O) fid(O) fld(O) ptlrpc(O) efivarfs obdclass(O) ksocklnd(O) lnet(O) libcfs(O)
00019 CPU: 2 UID: 0 PID: 1805 Comm: ll_ost00_001 Tainted: G        W  O        7.0.0-ktest-6eb18a2-6330a45-20260928-dirty #1 PREEMPT 
00019 Tainted: [W]=WARN, [O]=OOT_MODULE
00019 Hardware name: QEMU Standard PC (Q35 + ICH9, 2009), BIOS 2025.11-3ubuntu7 03/31/2026
00019 RIP: 0010:osd_create+0x9cf/0xcf0 [osd_wbcfs]
00019 Code: c7 c7 00 96 7b a1 48 c7 c6 a0 12 7d a1 48 c7 c2 00 1c 7d a1 e8 52 f1 43 ff 48 c7 c7 00 96 7b a1 e8 46 81 44 ff e9 fe fc ff ff <0f> 0b e9 a5 fa ff ff 48 c7 c1 80 44 5d a0 80 e1 07 80 c1 03 38 c1
00019 RSP: 0018:ffffc900019a7878 EFLAGS: 00010246
00019 RAX: 0000000000000000 RBX: ffff8881092c4800 RCX: 0000000000000046
00019 RDX: 0000000000000000 RSI: ffff88814c8cd0d8 RDI: ffff88804effcb68
00019 RBP: ffff88814c8cd048 R08: ffffffff83a16803 R09: 1ffffffff0742d00
00019 R10: dffffc0000000000 R11: fffffbfff0742d01 R12: ffff88804f3d0830
00019 R13: dffffc0000000000 R14: 1ffff11021258900 R15: 1ffff11009e7a142
00019 FS:  0000000000000000(0000) GS:ffff8881d4b29000(0000) knlGS:0000000000000000
00019 CS:  0010 DS: 0000 ES: 0000 CR0: 0000000080050033
00019 CR2: 00005577192b4560 CR3: 00000001263be000 CR4: 0000000000750eb0
00019 PKRU: 55555554
00019 Call Trace:
00019  <TASK>
00019 Tainted: [W]=WARN, [O]=OOT_MODULE
00019  ? ofd_precreate_objects+0x1bd8/0x3220 [ofd]
00019  ? ofd_create_hdl+0x2015/0x3510 [ofd]
00019  ? tgt_request_handle+0x23ad/0x3d30 [ptlrpc]
00019  lfsck(O)
00019 Hardware name: QEMU Standard PC (Q35 + ICH9, 2009), BIOS 2025.11-3ubuntu7 03/31/2026
00019  mgs(O)
00019  ? ptlrpc_main+0x6359/0x96f0 [ptlrpc]
00019 RIP: 0010:osd_create+0x9cf/0xcf0 [osd_wbcfs]
00019  ? __kthread_parkme+0x73/0x130
00019  ? kthread+0x2cd/0x3a0
00019  ? ptlrpc_start_thread+0x1f10/0x1f10 [ptlrpc]
00019  osd_wbcfs(O)
00019 Code: c7 c7 00 96 7b a1 48 c7 c6 a0 12 7d a1 48 c7 c2 00 1c 7d a1 e8 52 f1 43 ff 48 c7 c7 00 96 7b a1 e8 46 81 44 ff e9 fe fc ff ff <0f> 0b e9 a5 fa ff ff 48 c7 c1 80 44 5d a0 80 e1 07 80 c1 03 38 c1
00019  ? kthread_unuse_mm+0x130/0x130
00019  ? ret_from_fork+0x18c/0x520
00019  ? kthread_unuse_mm+0x130/0x130
00019  ? ret_from_fork_asm+0x11/0x20
00019  </TASK>
00019 ---[ end trace 0000000000000000 ]---
00019 ------------[ cut here ]------------
00019 WARNING: /home/ktest/git/linux/include/linux/fs.h:889 at osd_create+0x9cf/0xcf0 [osd_wbcfs], CPU#2: ll_ost00_001/1805
00019  lustre(O)
00019 Modules linked in: ofd(O) osp(O) mdd(O) lod(O) mdt(O) lquota(O) lfsck(O) mgs(O) osd_wbcfs(O) lustre(O) obdecho(O) mgc(O) mdc(O) lov(O) osc(O) lmv(O) ec(O) fid(O) fld(O) ptlrpc(O) efivarfs obdclass(O) ksocklnd(O) lnet(O) libcfs(O)
00019 CPU: 2 UID: 0 PID: 1805 Comm: ll_ost00_001 Tainted: G        W  O        7.0.0-ktest-6eb18a2-6330a45-20260928-dirty #1 PREEMPT 
00019 Tainted: [W]=WARN, [O]=OOT_MODULE
00019 Hardware name: QEMU Standard PC (Q35 + ICH9, 2009), BIOS 2025.11-3ubuntu7 03/31/2026
00019 RIP: 0010:osd_create+0x9cf/0xcf0 [osd_wbcfs]
00019 Code: c7 c7 00 96 7b a1 48 c7 c6 a0 12 7d a1 48 c7 c2 00 1c 7d a1 e8 52 f1 43 ff 48 c7 c7 00 96 7b a1 e8 46 81 44 ff e9 fe fc ff ff <0f> 0b e9 a5 fa ff ff 48 c7 c1 80 44 5d a0 80 e1 07 80 c1 03 38 c1
00019 RSP: 0018:ffffc900019a7878 EFLAGS: 00010246
00019 RAX: 0000000000000000 RBX: ffff8881092c6800 RCX: 0000000000000046
00019 RDX: 0000000000000000 RSI: ffff88814c8cc9c0 RDI: ffff88804effcb68
00019 RBP: ffff88814c8cc930 R08: ffffffff83a16803 R09: 1ffffffff0742d00
00019 R10: dffffc0000000000 R11: fffffbfff0742d01 R12: ffff88804f3d0830
00019 R13: dffffc0000000000 R14: 1ffff11021258d00 R15: 1ffff11009e7a142
00019 FS:  0000000000000000(0000) GS:ffff8881d4b29000(0000) knlGS:0000000000000000
00019 CS:  0010 DS: 0000 ES: 0000 CR0: 0000000080050033
00019 CR2: 00005577192b4560 CR3: 00000001263be000 CR4: 0000000000750eb0
00019 RSP: 0018:ffffc90007d175a0 EFLAGS: 00010246
00019 PKRU: 55555554
00019 Call Trace:
00019  <TASK>
00019  ? ofd_precreate_objects+0x1bd8/0x3220 [ofd]
00019  ? ofd_create_hdl+0x2015/0x3510 [ofd]
00019  obdecho(O)
00019 
00019  ? tgt_request_handle+0x23ad/0x3d30 [ptlrpc]
00019  mgc(O)
00019 RAX: 0000000000000000 RBX: ffff888125e76800 RCX: 0000000000000046
00019 RDX: 0000000000000000 RSI: ffff88803eb8d7f0 RDI: ffff88810407aa58
00019 RBP: ffff88803eb8d760 R08: ffffffff83a16803 R09: 1ffffffff0742d00
00019 R10: dffffc0000000000 R11: fffffbfff0742d01 R12: ffff88814555ec00
00019 R13: dffffc0000000000 R14: 1ffff11024bced00 R15: 1ffff11028aabd8f
00019  ? ptlrpc_main+0x6359/0x96f0 [ptlrpc]
00019  mdc(O)
00019  ? __kthread_parkme+0x73/0x130
00019  ? kthread+0x2cd/0x3a0
00019 FS:  0000000000000000(0000) GS:ffff8881d4a29000(0000) knlGS:0000000000000000
00019  lov(O) osc(O)
00019 CS:  0010 DS: 0000 ES: 0000 CR0: 0000000080050033
00019  lmv(O) ec(O)
00019  ? ptlrpc_start_thread+0x1f10/0x1f10 [ptlrpc]
00019 CR2: 00007f6e31c06780 CR3: 00000001263be000 CR4: 0000000000750eb0
00019  fid(O)
00019 PKRU: 55555554
00019  ? kthread_unuse_mm+0x130/0x130
00019  ? ret_from_fork+0x18c/0x520
00019  ? kthread_unuse_mm+0x130/0x130
00019  ? ret_from_fork_asm+0x11/0x20
00019  </TASK>
00019 ---[ end trace 0000000000000000 ]---
00019  fld(O)
00019 ------------[ cut here ]------------
00019 WARNING: /home/ktest/git/linux/include/linux/fs.h:889 at osd_create+0x9cf/0xcf0 [osd_wbcfs], CPU#2: ll_ost00_001/1805
00019 Modules linked in: ofd(O) osp(O) mdd(O) lod(O) mdt(O) lquota(O) lfsck(O) mgs(O) osd_wbcfs(O) lustre(O) obdecho(O)
00019 Call Trace:
00019  mgc(O) mdc(O) lov(O) osc(O) lmv(O) ec(O) fid(O) fld(O) ptlrpc(O) efivarfs obdclass(O) ksocklnd(O) lnet(O) libcfs(O)
00019 CPU: 2 UID: 0 PID: 1805 Comm: ll_ost00_001 Tainted: G        W  O        7.0.0-ktest-6eb18a2-6330a45-20260928-dirty #1 PREEMPT 
00019 Tainted: [W]=WARN, [O]=OOT_MODULE
00019 Hardware name: QEMU Standard PC (Q35 + ICH9, 2009), BIOS 2025.11-3ubuntu7 03/31/2026
00019 RIP: 0010:osd_create+0x9cf/0xcf0 [osd_wbcfs]
00019 Code: c7 c7 00 96 7b a1 48 c7 c6 a0 12 7d a1 48 c7 c2 00 1c 7d a1 e8 52 f1 43 ff 48 c7 c7 00 96 7b a1 e8 46 81 44 ff e9 fe fc ff ff <0f> 0b e9 a5 fa ff ff 48 c7 c1 80 44 5d a0 80 e1 07 80 c1 03 38 c1
00019 RSP: 0018:ffffc900019a7878 EFLAGS: 00010246
00019 RAX: 0000000000000000 RBX: ffff8881092c7000 RCX: 0000000000000046
00019 RDX: 0000000000000000 RSI: ffff88814c8cc2a8 RDI: ffff88804effcb68
00019 RBP: ffff88814c8cc218 R08: ffffffff83a16803 R09: 1ffffffff0742d00
00019 R10: dffffc0000000000 R11: fffffbfff0742d01 R12: ffff88804f3d0830
00019 R13: dffffc0000000000 R14: 1ffff11021258e00 R15: 1ffff11009e7a142
00019 FS:  0000000000000000(0000) GS:ffff8881d4b29000(0000) knlGS:0000000000000000
00019 CS:  0010 DS: 0000 ES: 0000 CR0: 0000000080050033
00019 CR2: 00005577192b4560 CR3: 00000001263be000 CR4: 0000000000750eb0
00019 PKRU: 55555554
00019 Call Trace:
00019  <TASK>
00019  ? ofd_precreate_objects+0x1bd8/0x3220 [ofd]
00019  ptlrpc(O)
00019  ? ofd_create_hdl+0x2015/0x3510 [ofd]
00019  ? tgt_request_handle+0x23ad/0x3d30 [ptlrpc]
00019  <TASK>
00019  efivarfs
00019  ? local_object_create+0x109/0x640 [obdclass]
00019  ? ptlrpc_main+0x6359/0x96f0 [ptlrpc]
00019  obdclass(O)
00019  ? __kthread_parkme+0x73/0x130
00019  ksocklnd(O) lnet(O) libcfs(O)
00019 CPU: 1 UID: 0 PID: 1806 Comm: ll_ost00_002 Tainted: G        W  O        7.0.0-ktest-6eb18a2-6330a45-20260928-dirty #1 PREEMPT 
00019 Tainted: [W]=WARN, [O]=OOT_MODULE
00019 Hardware name: QEMU Standard PC (Q35 + ICH9, 2009), BIOS 2025.11-3ubuntu7 03/31/2026
00019  ? dt_write_lock+0x16d/0x2a0 [obdclass]
00019 RIP: 0010:osd_create+0x9cf/0xcf0 [osd_wbcfs]
00019  ? llog_osd_create+0x356/0x10d0 [obdclass]
00019  ? kthread+0x2cd/0x3a0
00019 Code: c7 c7 00 96 7b a1 48 c7 c6 a0 12 7d a1 48 c7 c2 00 1c 7d a1 e8 52 f1 43 ff 48 c7 c7 00 96 7b a1 e8 46 81 44 ff e9 fe fc ff ff <0f> 0b e9 a5 fa ff ff 48 c7 c1 80 44 5d a0 80 e1 07 80 c1 03 38 c1
00019 RSP: 0018:ffffc90001837878 EFLAGS: 00010246
00019 RAX: 0000000000000000 RBX: ffff88814ad4f800 RCX: 0000000000000046
00019 RDX: 0000000000000000 RSI: ffff888145cf7450 RDI: ffff88804effaaa8
00019 RBP: ffff888145cf73c0 R08: ffffffff83a16803 R09: 1ffffffff0742d00
00019 R10: dffffc0000000000 R11: fffffbfff0742d01 R12: ffff88804ef54830
00019 R13: dffffc0000000000 R14: 1ffff110295a9f00 R15: 1ffff11009dea942
00019 FS:  0000000000000000(0000) GS:ffff8881d4aa9000(0000) knlGS:0000000000000000
00019  ? llog_create+0x2ed/0x530 [obdclass]
00019  ? llog_open_create+0x6e7/0xb30 [obdclass]
00019  ? ptlrpc_start_thread+0x1f10/0x1f10 [ptlrpc]
00019 CS:  0010 DS: 0000 ES: 0000 CR0: 0000000080050033
00019  ? osp_sync_init+0xfc0/0x2760 [osp]
00019  ? osp_device_alloc+0x1b91/0x2e10 [osp]
00019  ? obd_setup+0x25c/0x950 [obdclass]
00019  ? class_setup+0xc7d/0x10e0 [obdclass]
00019 CR2: 00007f4972e066f0 CR3: 0000000123455000 CR4: 0000000000750eb0
00019 PKRU: 55555554
00019 Call Trace:
00019  <TASK>
00019  ? ofd_precreate_objects+0x1bd8/0x3220 [ofd]
00019  ? class_process_config+0x2edb/0x7cb0 [obdclass]
00019  ? kthread_unuse_mm+0x130/0x130
00019  ? __kasan_kmalloc+0x72/0x80
00019  ? class_config_llog_handler+0x2954/0x4f80 [obdclass]
00019  ? ofd_create_hdl+0x2015/0x3510 [ofd]
00019  ? class_config_llog_handler+0x2cea/0x4f80 [obdclass]
00019  ? ret_from_fork+0x18c/0x520
00019  ? lustre_cfg_rec_free+0x350/0x350 [obdclass]
00019  ? tgt_request_handle+0x23ad/0x3d30 [ptlrpc]
00019  ? kthread_unuse_mm+0x130/0x130
00019  ? llog_process_thread+0x1fd2/0x4f70 [obdclass]
00019  ? ptlrpc_main+0x6359/0x96f0 [ptlrpc]
00019  ? ret_from_fork_asm+0x11/0x20
00019  ? _raw_spin_unlock+0x23/0x40
00019  ? __kthread_parkme+0x73/0x130
00019  ? kthread+0x2cd/0x3a0
00019  </TASK>
00019  ? ptlrpc_start_thread+0x1f10/0x1f10 [ptlrpc]
00019  ? llog_process_thread_daemonize+0x16d/0x1b0 [obdclass]
00019  ? kthread+0x2cd/0x3a0
00019  ? kthread_unuse_mm+0x130/0x130
00019  ? ret_from_fork+0x18c/0x520
00019  ? kthread_unuse_mm+0x130/0x130
00019  ? ret_from_fork_asm+0x11/0x20
00019  </TASK>
00019 ---[ end trace 0000000000000000 ]---
00019 ---[ end trace 0000000000000000 ]---
00019 ------------[ cut here ]------------
00019  ? llog_process_or_fork+0xc90/0xc90 [obdclass]
00019  ? kthread_unuse_mm+0x130/0x130
00019  ? ret_from_fork+0x18c/0x520
00019  ? kthread_unuse_mm+0x130/0x130
00019  ? ret_from_fork_asm+0x11/0x20
00019  </TASK>
00019 WARNING: /home/ktest/git/linux/include/linux/fs.h:889 at osd_create+0x9cf/0xcf0 [osd_wbcfs], CPU#1: ll_ost00_002/1806
00019 ------------[ cut here ]------------
00019 Modules linked in: ofd(O) osp(O) mdd(O) lod(O) mdt(O) lquota(O) lfsck(O) mgs(O) osd_wbcfs(O) lustre(O) obdecho(O)
00019 ---[ end trace 0000000000000000 ]---
00019  mgc(O)
00019  mdc(O) lov(O) osc(O) lmv(O) ec(O) fid(O) fld(O) ptlrpc(O) efivarfs obdclass(O) ksocklnd(O) lnet(O)
00019 WARNING: /home/ktest/git/linux/include/linux/fs.h:889 at osd_create+0x9cf/0xcf0 [osd_wbcfs], CPU#2: ll_ost00_001/1805
00019  libcfs(O)
00019 CPU: 1 UID: 0 PID: 1806 Comm: ll_ost00_002 Tainted: G        W  O        7.0.0-ktest-6eb18a2-6330a45-20260928-dirty #1 PREEMPT 
00019 Tainted: [W]=WARN, [O]=OOT_MODULE
00019 Hardware name: QEMU Standard PC (Q35 + ICH9, 2009), BIOS 2025.11-3ubuntu7 03/31/2026
00019 RIP: 0010:osd_create+0x9cf/0xcf0 [osd_wbcfs]
00019 Modules linked in:
00019 Code: c7 c7 00 96 7b a1 48 c7 c6 a0 12 7d a1 48 c7 c2 00 1c 7d a1 e8 52 f1 43 ff 48 c7 c7 00 96 7b a1 e8 46 81 44 ff e9 fe fc ff ff <0f> 0b e9 a5 fa ff ff 48 c7 c1 80 44 5d a0 80 e1 07 80 c1 03 38 c1
00019 RSP: 0018:ffffc90001837878 EFLAGS: 00010246
00019 RAX: 0000000000000000 RBX: ffff88814ad4dc00 RCX: 0000000000000046
00019 RDX: 0000000000000000 RSI: ffff888145cf6d38 RDI: ffff88804effaaa8
00019 RBP: ffff888145cf6ca8 R08: ffffffff83a16803 R09: 1ffffffff0742d00
00019 R10: dffffc0000000000 R11: fffffbfff0742d01 R12: ffff88804ef54830
00019 R13: dffffc0000000000 R14: 1ffff110295a9b80 R15: 1ffff11009dea942
00019 FS:  0000000000000000(0000) GS:ffff8881d4aa9000(0000) knlGS:0000000000000000
00019  ofd(O)
00019 CS:  0010 DS: 0000 ES: 0000 CR0: 0000000080050033
00019 CR2: 00007f4972e066f0 CR3: 0000000123455000 CR4: 0000000000750eb0
00019 PKRU: 55555554
00019 Call Trace:
00019  <TASK>
00019  ? ofd_precreate_objects+0x1bd8/0x3220 [ofd]
00019  osp(O)
00019  ? ofd_create_hdl+0x2015/0x3510 [ofd]
00019  mdd(O)
00019  ? tgt_request_handle+0x23ad/0x3d30 [ptlrpc]
00019  lod(O)
00019  ? ptlrpc_main+0x6359/0x96f0 [ptlrpc]
00019  mdt(O)
00019  ? __kthread_parkme+0x73/0x130
00019  lquota(O)
00019  ? kthread+0x2cd/0x3a0
00019  ? ptlrpc_start_thread+0x1f10/0x1f10 [ptlrpc]
00019  lfsck(O)
00019  ? kthread_unuse_mm+0x130/0x130
00019  ? ret_from_fork+0x18c/0x520
00019  ? kthread_unuse_mm+0x130/0x130
00019  mgs(O)
00019  ? ret_from_fork_asm+0x11/0x20
00019  </TASK>
00019 ---[ end trace 0000000000000000 ]---
00019  osd_wbcfs(O)
00019 ------------[ cut here ]------------
00019  lustre(O)
00019 WARNING: /home/ktest/git/linux/include/linux/fs.h:889 at osd_create+0x9cf/0xcf0 [osd_wbcfs], CPU#1: ll_ost00_002/1806
00019  obdecho(O)
00019 Modules linked in: ofd(O) osp(O) mdd(O) lod(O) mdt(O) lquota(O) lfsck(O) mgs(O) osd_wbcfs(O) lustre(O) obdecho(O) mgc(O) mdc(O) lov(O)
00019  mgc(O)
00019  osc(O) lmv(O) ec(O) fid(O) fld(O) ptlrpc(O) efivarfs obdclass(O) ksocklnd(O) lnet(O) libcfs(O)
00019 CPU: 1 UID: 0 PID: 1806 Comm: ll_ost00_002 Tainted: G        W  O        7.0.0-ktest-6eb18a2-6330a45-20260928-dirty #1 PREEMPT 
00019  mdc(O)
00019 Tainted: [W]=WARN, [O]=OOT_MODULE
00019 Hardware name: QEMU Standard PC (Q35 + ICH9, 2009), BIOS 2025.11-3ubuntu7 03/31/2026
00019 RIP: 0010:osd_create+0x9cf/0xcf0 [osd_wbcfs]
00019  lov(O)
00019 Code: c7 c7 00 96 7b a1 48 c7 c6 a0 12 7d a1 48 c7 c2 00 1c 7d a1 e8 52 f1 43 ff 48 c7 c7 00 96 7b a1 e8 46 81 44 ff e9 fe fc ff ff <0f> 0b e9 a5 fa ff ff 48 c7 c1 80 44 5d a0 80 e1 07 80 c1 03 38 c1
00019 RSP: 0018:ffffc90001837878 EFLAGS: 00010246
00019 RAX: 0000000000000000 RBX: ffff88814ad4c000 RCX: 0000000000000046
00019 RDX: 0000000000000000 RSI: ffff888145cf6620 RDI: ffff88804effaaa8
00019 RBP: ffff888145cf6590 R08: ffffffff83a16803 R09: 1ffffffff0742d00
00019 R10: dffffc0000000000 R11: fffffbfff0742d01 R12: ffff88804ef54830
00019 R13: dffffc0000000000 R14: 1ffff110295a9800 R15: 1ffff11009dea942
00019 FS:  0000000000000000(0000) GS:ffff8881d4aa9000(0000) knlGS:0000000000000000
00019  osc(O)
00019 CS:  0010 DS: 0000 ES: 0000 CR0: 0000000080050033
00019 CR2: 00007f4972e066f0 CR3: 0000000123455000 CR4: 0000000000750eb0
00019 PKRU: 55555554
00019 Call Trace:
00019  <TASK>
00019  ? ofd_precreate_objects+0x1bd8/0x3220 [ofd]
00019  lmv(O)
00019  ? ofd_create_hdl+0x2015/0x3510 [ofd]
00019  ec(O)
00019 ------------[ cut here ]------------
00019  ? tgt_request_handle+0x23ad/0x3d30 [ptlrpc]
00019  fid(O)
00019 WARNING: /home/ktest/git/linux/include/linux/fs.h:889 at osd_create+0x9cf/0xcf0 [osd_wbcfs], CPU#0: llog_process_th/1848
00019  fld(O)
00019 Modules linked in: ofd(O) osp(O) mdd(O) lod(O) mdt(O) lquota(O) lfsck(O) mgs(O) osd_wbcfs(O) lustre(O) obdecho(O)
00019  ptlrpc(O)
00019  mgc(O) mdc(O) lov(O) osc(O)
00019  ? ptlrpc_main+0x6359/0x96f0 [ptlrpc]
00019  lmv(O) ec(O) fid(O) fld(O)
00019  efivarfs
00019  ? __kthread_parkme+0x73/0x130
00019  ? kthread+0x2cd/0x3a0
00019  ptlrpc(O) efivarfs obdclass(O) ksocklnd(O) lnet(O) libcfs(O)
00019 CPU: 0 UID: 0 PID: 1848 Comm: llog_process_th Tainted: G        W  O        7.0.0-ktest-6eb18a2-6330a45-20260928-dirty #1 PREEMPT 
00019 Tainted: [W]=WARN, [O]=OOT_MODULE
00019  obdclass(O)
00019  ? ptlrpc_start_thread+0x1f10/0x1f10 [ptlrpc]
00019 Hardware name: QEMU Standard PC (Q35 + ICH9, 2009), BIOS 2025.11-3ubuntu7 03/31/2026
00019 RIP: 0010:osd_create+0x9cf/0xcf0 [osd_wbcfs]
00019  ? kthread_unuse_mm+0x130/0x130
00019  ? ret_from_fork+0x18c/0x520
00019  ? kthread_unuse_mm+0x130/0x130
00019  ? ret_from_fork_asm+0x11/0x20
00019  </TASK>
00019 ---[ end trace 0000000000000000 ]---
00019 ------------[ cut here ]------------
00019  ksocklnd(O) lnet(O) libcfs(O)
00019 CPU: 2 UID: 0 PID: 1805 Comm: ll_ost00_001 Tainted: G        W  O        7.0.0-ktest-6eb18a2-6330a45-20260928-dirty #1 PREEMPT 
00019 Tainted: [W]=WARN, [O]=OOT_MODULE
00019 Hardware name: QEMU Standard PC (Q35 + ICH9, 2009), BIOS 2025.11-3ubuntu7 03/31/2026
00019 RIP: 0010:osd_create+0x9cf/0xcf0 [osd_wbcfs]
00019 Code: c7 c7 00 96 7b a1 48 c7 c6 a0 12 7d a1 48 c7 c2 00 1c 7d a1 e8 52 f1 43 ff 48 c7 c7 00 96 7b a1 e8 46 81 44 ff e9 fe fc ff ff <0f> 0b e9 a5 fa ff ff 48 c7 c1 80 44 5d a0 80 e1 07 80 c1 03 38 c1
00019 RSP: 0018:ffffc900019a7878 EFLAGS: 00010246
00019 RAX: 0000000000000000 RBX: ffff888100b01400 RCX: 0000000000000046
00019 RDX: 0000000000000000 RSI: ffff88814c8cbb90 RDI: ffff88804effcb68
00019 RBP: ffff88814c8cbb00 R08: ffffffff83a16803 R09: 1ffffffff0742d00
00019 R10: dffffc0000000000 R11: fffffbfff0742d01 R12: ffff88804f3d0830
00019 R13: dffffc0000000000 R14: 1ffff11020160280 R15: 1ffff11009e7a142
00019 FS:  0000000000000000(0000) GS:ffff8881d4b29000(0000) knlGS:0000000000000000
00019 CS:  0010 DS: 0000 ES: 0000 CR0: 0000000080050033
00019 CR2: 00005577192b4560 CR3: 00000001263be000 CR4: 0000000000750eb0
00019 PKRU: 55555554
00019 Call Trace:
00019  <TASK>
00019 Code: c7 c7 00 96 7b a1 48 c7 c6 a0 12 7d a1 48 c7 c2 00 1c 7d a1 e8 52 f1 43 ff 48 c7 c7 00 96 7b a1 e8 46 81 44 ff e9 fe fc ff ff <0f> 0b e9 a5 fa ff ff 48 c7 c1 80 44 5d a0 80 e1 07 80 c1 03 38 c1
00019  ? ofd_precreate_objects+0x1bd8/0x3220 [ofd]
00019  ? ofd_create_hdl+0x2015/0x3510 [ofd]
00019 WARNING: /home/ktest/git/linux/include/linux/fs.h:889 at osd_create+0x9cf/0xcf0 [osd_wbcfs], CPU#1: ll_ost00_002/1806
00019 Modules linked in: ofd(O) osp(O) mdd(O) lod(O) mdt(O) lquota(O) lfsck(O) mgs(O) osd_wbcfs(O) lustre(O) obdecho(O) mgc(O) mdc(O) lov(O) osc(O) lmv(O) ec(O) fid(O) fld(O) ptlrpc(O) efivarfs obdclass(O) ksocklnd(O) lnet(O) libcfs(O)
00019 CPU: 1 UID: 0 PID: 1806 Comm: ll_ost00_002 Tainted: G        W  O        7.0.0-ktest-6eb18a2-6330a45-20260928-dirty #1 PREEMPT 
00019 Tainted: [W]=WARN, [O]=OOT_MODULE
00019 Hardware name: QEMU Standard PC (Q35 + ICH9, 2009), BIOS 2025.11-3ubuntu7 03/31/2026
00019 RIP: 0010:osd_create+0x9cf/0xcf0 [osd_wbcfs]
00019 Code: c7 c7 00 96 7b a1 48 c7 c6 a0 12 7d a1 48 c7 c2 00 1c 7d a1 e8 52 f1 43 ff 48 c7 c7 00 96 7b a1 e8 46 81 44 ff e9 fe fc ff ff <0f> 0b e9 a5 fa ff ff 48 c7 c1 80 44 5d a0 80 e1 07 80 c1 03 38 c1
00019 RSP: 0018:ffffc90001837878 EFLAGS: 00010246
00019 RSP: 0018:ffffc90007d17450 EFLAGS: 00010246
00019 
00019 RAX: 0000000000000000 RBX: ffff88814ad4f000 RCX: 0000000000000046
00019 
00019 RDX: 0000000000000000 RSI: ffff888145cf5f08 RDI: ffff88804effaaa8
00019 RAX: 0000000000000000 RBX: ffff88814af1dc00 RCX: 0000000000000046
00019 RBP: ffff888145cf5e78 R08: ffffffff83a16803 R09: 1ffffffff0742d00
00019 RDX: 0000000000000000 RSI: ffff8880576da648 RDI: ffff88810407aa80
00019 R10: dffffc0000000000 R11: fffffbfff0742d01 R12: ffff88804ef54830
00019 RBP: ffff8880576da5b8 R08: ffffffff83a16803 R09: 1ffffffff0742d00
00019 R13: dffffc0000000000 R14: 1ffff110295a9e00 R15: 1ffff11009dea942
00019 R10: dffffc0000000000 R11: fffffbfff0742d01 R12: ffff88814555ec00
00019 R13: dffffc0000000000 R14: 1ffff110295e3b80 R15: 1ffff11028aabd8f
00019 FS:  0000000000000000(0000) GS:ffff8881d4aa9000(0000) knlGS:0000000000000000
00019 CS:  0010 DS: 0000 ES: 0000 CR0: 0000000080050033
00019 CR2: 00007f4972e066f0 CR3: 0000000123455000 CR4: 0000000000750eb0
00019 PKRU: 55555554
00019 Call Trace:
00019  <TASK>
00019  ? ofd_precreate_objects+0x1bd8/0x3220 [ofd]
00019  ? ofd_create_hdl+0x2015/0x3510 [ofd]
00019  ? tgt_request_handle+0x23ad/0x3d30 [ptlrpc]
00019  ? tgt_request_handle+0x23ad/0x3d30 [ptlrpc]
00019 FS:  0000000000000000(0000) GS:ffff8881d4a29000(0000) knlGS:0000000000000000
00019  ? ptlrpc_main+0x6359/0x96f0 [ptlrpc]
00019  ? __kthread_parkme+0x73/0x130
00019  ? kthread+0x2cd/0x3a0
00019  ? ptlrpc_start_thread+0x1f10/0x1f10 [ptlrpc]
00019  ? ptlrpc_main+0x6359/0x96f0 [ptlrpc]
00019 CS:  0010 DS: 0000 ES: 0000 CR0: 0000000080050033
00019 CR2: 00007f6e31c06780 CR3: 00000001263be000 CR4: 0000000000750eb0
00019 PKRU: 55555554
00019 Call Trace:
00019  <TASK>
00019  ? local_object_create+0x109/0x640 [obdclass]
00019  ? kthread_unuse_mm+0x130/0x130
00019  ? dt_write_lock+0x16d/0x2a0 [obdclass]
00019  ? llog_osd_create+0x356/0x10d0 [obdclass]
00019  ? __kthread_parkme+0x73/0x130
00019  ? kthread+0x2cd/0x3a0
00019  ? ret_from_fork+0x18c/0x520
00019  ? ptlrpc_start_thread+0x1f10/0x1f10 [ptlrpc]
00019  ? llog_create+0x2ed/0x530 [obdclass]
00019  ? kthread_unuse_mm+0x130/0x130
00019  ? llog_cat_new_log+0x6d1/0x2970 [obdclass]
00019  ? kthread_unuse_mm+0x130/0x130
00019  ? ret_from_fork+0x18c/0x520
00019  ? kthread_unuse_mm+0x130/0x130
00019  ? ret_from_fork_asm+0x11/0x20
00019  ? llog_cat_add_rec+0x6ba/0x1960 [obdclass]
00019  ? ret_from_fork_asm+0x11/0x20
00019  ? llog_cat_add+0x499/0x7a0 [obdclass]
00019  ? osp_sync_init+0x1588/0x2760 [osp]
00019  </TASK>
00019 ---[ end trace 0000000000000000 ]---
00019 ------------[ cut here ]------------
00019 WARNING: /home/ktest/git/linux/include/linux/fs.h:889 at osd_create+0x9cf/0xcf0 [osd_wbcfs], CPU#1: ll_ost00_002/1806
00019 Modules linked in: ofd(O) osp(O) mdd(O) lod(O) mdt(O) lquota(O) lfsck(O) mgs(O) osd_wbcfs(O) lustre(O) obdecho(O) mgc(O) mdc(O) lov(O) osc(O) lmv(O) ec(O) fid(O) fld(O) ptlrpc(O) efivarfs obdclass(O) ksocklnd(O) lnet(O) libcfs(O)
00019 CPU: 1 UID: 0 PID: 1806 Comm: ll_ost00_002 Tainted: G        W  O        7.0.0-ktest-6eb18a2-6330a45-20260928-dirty #1 PREEMPT 
00019 Tainted: [W]=WARN, [O]=OOT_MODULE
00019 Hardware name: QEMU Standard PC (Q35 + ICH9, 2009), BIOS 2025.11-3ubuntu7 03/31/2026
00019 RIP: 0010:osd_create+0x9cf/0xcf0 [osd_wbcfs]
00019 Code: c7 c7 00 96 7b a1 48 c7 c6 a0 12 7d a1 48 c7 c2 00 1c 7d a1 e8 52 f1 43 ff 48 c7 c7 00 96 7b a1 e8 46 81 44 ff e9 fe fc ff ff <0f> 0b e9 a5 fa ff ff 48 c7 c1 80 44 5d a0 80 e1 07 80 c1 03 38 c1
00019 RSP: 0018:ffffc90001837878 EFLAGS: 00010246
00019 RAX: 0000000000000000 RBX: ffff88814c67e400 RCX: 0000000000000046
00019 RDX: 0000000000000000 RSI: ffff888145cf57f0 RDI: ffff88804effaaa8
00019 RBP: ffff888145cf5760 R08: ffffffff83a16803 R09: 1ffffffff0742d00
00019 R10: dffffc0000000000 R11: fffffbfff0742d01 R12: ffff88804ef54830
00019 R13: dffffc0000000000 R14: 1ffff110298cfc80 R15: 1ffff11009dea942
00019 FS:  0000000000000000(0000) GS:ffff8881d4aa9000(0000) knlGS:0000000000000000
00019 CS:  0010 DS: 0000 ES: 0000 CR0: 0000000080050033
00019 CR2: 00007f4972e066f0 CR3: 0000000123455000 CR4: 0000000000750eb0
00019 PKRU: 55555554
00019 Call Trace:
00019  <TASK>
00019  ? ofd_precreate_objects+0x1bd8/0x3220 [ofd]
00019  </TASK>
00019  ? ofd_create_hdl+0x2015/0x3510 [ofd]
00019  ? osp_device_alloc+0x1b91/0x2e10 [osp]
00019  ? tgt_request_handle+0x23ad/0x3d30 [ptlrpc]
00019 ---[ end trace 0000000000000000 ]---
00019  ? obd_setup+0x25c/0x950 [obdclass]
00019  ? ptlrpc_main+0x6359/0x96f0 [ptlrpc]
00019 ------------[ cut here ]------------
00019  ? __kthread_parkme+0x73/0x130
00019  ? kthread+0x2cd/0x3a0
00019  ? class_setup+0xc7d/0x10e0 [obdclass]
00019  ? ptlrpc_start_thread+0x1f10/0x1f10 [ptlrpc]
00019 WARNING: /home/ktest/git/linux/include/linux/fs.h:889 at osd_create+0x9cf/0xcf0 [osd_wbcfs], CPU#2: ll_ost00_001/1805
00019  ? kthread_unuse_mm+0x130/0x130
00019  ? ret_from_fork+0x18c/0x520
00019  ? kthread_unuse_mm+0x130/0x130
00019  ? ret_from_fork_asm+0x11/0x20
00019  </TASK>
00019 ---[ end trace 0000000000000000 ]---
00019 ------------[ cut here ]------------
00019 WARNING: /home/ktest/git/linux/include/linux/fs.h:889 at osd_create+0x9cf/0xcf0 [osd_wbcfs], CPU#1: ll_ost00_002/1806
00019 Modules linked in: ofd(O)
00019  ? class_process_config+0x2edb/0x7cb0 [obdclass]
00019 Modules linked in:
00019  ? __kasan_kmalloc+0x72/0x80
00019  osp(O) mdd(O) lod(O) mdt(O) lquota(O) lfsck(O) mgs(O) osd_wbcfs(O) lustre(O) obdecho(O) mgc(O) mdc(O) lov(O) osc(O) lmv(O) ec(O)
00019  ? class_config_llog_handler+0x2954/0x4f80 [obdclass]
00019  ofd(O)
00019  ? class_config_llog_handler+0x2cea/0x4f80 [obdclass]
00019  fid(O) fld(O) ptlrpc(O) efivarfs obdclass(O)
00019  ? lustre_cfg_rec_free+0x350/0x350 [obdclass]
00019  ksocklnd(O)
00019  lnet(O) libcfs(O)
00019 CPU: 1 UID: 0 PID: 1806 Comm: ll_ost00_002 Tainted: G        W  O        7.0.0-ktest-6eb18a2-6330a45-20260928-dirty #1 PREEMPT 
00019 Tainted: [W]=WARN, [O]=OOT_MODULE
00019  osp(O)
00019  ? llog_process_thread+0x1fd2/0x4f70 [obdclass]
00019  ? _raw_spin_unlock+0x23/0x40
00019  ? llog_process_thread_daemonize+0x16d/0x1b0 [obdclass]
00019  ? kthread+0x2cd/0x3a0
00019  ? llog_process_or_fork+0xc90/0xc90 [obdclass]
00019 Hardware name: QEMU Standard PC (Q35 + ICH9, 2009), BIOS 2025.11-3ubuntu7 03/31/2026
00019  ? kthread_unuse_mm+0x130/0x130
00019 RIP: 0010:osd_create+0x9cf/0xcf0 [osd_wbcfs]
00019  ? ret_from_fork+0x18c/0x520
00019  ? kthread_unuse_mm+0x130/0x130
00019 Code: c7 c7 00 96 7b a1 48 c7 c6 a0 12 7d a1 48 c7 c2 00 1c 7d a1 e8 52 f1 43 ff 48 c7 c7 00 96 7b a1 e8 46 81 44 ff e9 fe fc ff ff <0f> 0b e9 a5 fa ff ff 48 c7 c1 80 44 5d a0 80 e1 07 80 c1 03 38 c1
00019 RSP: 0018:ffffc90001837878 EFLAGS: 00010246
00019 RAX: 0000000000000000 RBX: ffff88814c67c800 RCX: 0000000000000046
00019 RDX: 0000000000000000 RSI: ffff888145cf50d8 RDI: ffff88804effaaa8
00019 RBP: ffff888145cf5048 R08: ffffffff83a16803 R09: 1ffffffff0742d00
00019 R10: dffffc0000000000 R11: fffffbfff0742d01 R12: ffff88804ef54830
00019 R13: dffffc0000000000 R14: 1ffff110298cf900 R15: 1ffff11009dea942
00019 FS:  0000000000000000(0000) GS:ffff8881d4aa9000(0000) knlGS:0000000000000000
00019 CS:  0010 DS: 0000 ES: 0000 CR0: 0000000080050033
00019 CR2: 00007f4972e066f0 CR3: 0000000123455000 CR4: 0000000000750eb0
00019 PKRU: 55555554
00019 Call Trace:
00019  <TASK>
00019  ? ofd_precreate_objects+0x1bd8/0x3220 [ofd]
00019  ? ofd_create_hdl+0x2015/0x3510 [ofd]
00019  ? tgt_request_handle+0x23ad/0x3d30 [ptlrpc]
00019  mdd(O)
00019  ? ret_from_fork_asm+0x11/0x20
00019  </TASK>
00019 ---[ end trace 0000000000000000 ]---
00019  lod(O)
00019  ? ptlrpc_main+0x6359/0x96f0 [ptlrpc]
00019  mdt(O)
00019  ? __kthread_parkme+0x73/0x130
00019  lquota(O)
00019  ? kthread+0x2cd/0x3a0
00019  ? ptlrpc_start_thread+0x1f10/0x1f10 [ptlrpc]
00019  lfsck(O)
00019  ? kthread_unuse_mm+0x130/0x130
00019  ? ret_from_fork+0x18c/0x520
00019  ? kthread_unuse_mm+0x130/0x130
00019  ? ret_from_fork_asm+0x11/0x20
00019  mgs(O)
00019  </TASK>
00019 ---[ end trace 0000000000000000 ]---
00019 ------------[ cut here ]------------
00019  osd_wbcfs(O)
00019 WARNING: /home/ktest/git/linux/include/linux/fs.h:889 at osd_create+0x9cf/0xcf0 [osd_wbcfs], CPU#1: ll_ost00_002/1806
00019  lustre(O)
00019 Modules linked in: ofd(O) osp(O) mdd(O) lod(O) mdt(O) lquota(O) lfsck(O) mgs(O) osd_wbcfs(O) lustre(O) obdecho(O) mgc(O) mdc(O) lov(O)
00019  obdecho(O)
00019  osc(O) lmv(O) ec(O) fid(O) fld(O) ptlrpc(O) efivarfs obdclass(O) ksocklnd(O) lnet(O) libcfs(O)
00019 CPU: 1 UID: 0 PID: 1806 Comm: ll_ost00_002 Tainted: G        W  O        7.0.0-ktest-6eb18a2-6330a45-20260928-dirty #1 PREEMPT 
00019  mgc(O)
00019 Tainted: [W]=WARN, [O]=OOT_MODULE
00019 Hardware name: QEMU Standard PC (Q35 + ICH9, 2009), BIOS 2025.11-3ubuntu7 03/31/2026
00019 RIP: 0010:osd_create+0x9cf/0xcf0 [osd_wbcfs]
00019  mdc(O)
00019 Code: c7 c7 00 96 7b a1 48 c7 c6 a0 12 7d a1 48 c7 c2 00 1c 7d a1 e8 52 f1 43 ff 48 c7 c7 00 96 7b a1 e8 46 81 44 ff e9 fe fc ff ff <0f> 0b e9 a5 fa ff ff 48 c7 c1 80 44 5d a0 80 e1 07 80 c1 03 38 c1
00019 RSP: 0018:ffffc90001837878 EFLAGS: 00010246
00019 RAX: 0000000000000000 RBX: ffff88814c67c000 RCX: 0000000000000046
00019 RDX: 0000000000000000 RSI: ffff888145cf49c0 RDI: ffff88804effaaa8
00019 RBP: ffff888145cf4930 R08: ffffffff83a16803 R09: 1ffffffff0742d00
00019 R10: dffffc0000000000 R11: fffffbfff0742d01 R12: ffff88804ef54830
00019 R13: dffffc0000000000 R14: 1ffff110298cf800 R15: 1ffff11009dea942
00019  lov(O)
00019 FS:  0000000000000000(0000) GS:ffff8881d4aa9000(0000) knlGS:0000000000000000
00019 CS:  0010 DS: 0000 ES: 0000 CR0: 0000000080050033
00019 CR2: 00007f4972e066f0 CR3: 0000000123455000 CR4: 0000000000750eb0
00019 PKRU: 55555554
00019 Call Trace:
00019  <TASK>
00019  ? ofd_precreate_objects+0x1bd8/0x3220 [ofd]
00019  osc(O)
00019  ? ofd_create_hdl+0x2015/0x3510 [ofd]
00019  lmv(O)
00019  ? tgt_request_handle+0x23ad/0x3d30 [ptlrpc]
00019  ec(O)
00019  ? ptlrpc_main+0x6359/0x96f0 [ptlrpc]
00019  fid(O)
00019  ? __kthread_parkme+0x73/0x130
00019  fld(O)
00019 ------------[ cut here ]------------
00019 WARNING: /home/ktest/git/linux/include/linux/fs.h:889 at osd_create+0x9cf/0xcf0 [osd_wbcfs], CPU#0: llog_process_th/1848
00019 Modules linked in:
00019  ? kthread+0x2cd/0x3a0
00019  ofd(O) osp(O) mdd(O) lod(O) mdt(O) lquota(O) lfsck(O)
00019  ptlrpc(O)
00019  ? ptlrpc_start_thread+0x1f10/0x1f10 [ptlrpc]
00019  mgs(O) osd_wbcfs(O) lustre(O) obdecho(O) mgc(O) mdc(O) lov(O) osc(O) lmv(O) ec(O) fid(O) fld(O) ptlrpc(O) efivarfs
00019  efivarfs
00019  ? kthread_unuse_mm+0x130/0x130
00019  ? ret_from_fork+0x18c/0x520
00019  ? kthread_unuse_mm+0x130/0x130
00019  ? ret_from_fork_asm+0x11/0x20
00019  </TASK>
00019 ---[ end trace 0000000000000000 ]---
00019  obdclass(O) ksocklnd(O) lnet(O) libcfs(O)
00019 CPU: 0 UID: 0 PID: 1848 Comm: llog_process_th Tainted: G        W  O        7.0.0-ktest-6eb18a2-6330a45-20260928-dirty #1 PREEMPT 
00019 Tainted: [W]=WARN, [O]=OOT_MODULE
00019  obdclass(O)
00019 Hardware name: QEMU Standard PC (Q35 + ICH9, 2009), BIOS 2025.11-3ubuntu7 03/31/2026
00019 RIP: 0010:osd_create+0x9cf/0xcf0 [osd_wbcfs]
00019  ksocklnd(O)
00019 ------------[ cut here ]------------
00019 WARNING: /home/ktest/git/linux/include/linux/fs.h:889 at osd_create+0x9cf/0xcf0 [osd_wbcfs], CPU#1: ll_ost00_002/1806
00019 Modules linked in: ofd(O) osp(O) mdd(O) lod(O) mdt(O) lquota(O) lfsck(O) mgs(O) osd_wbcfs(O) lustre(O) obdecho(O) mgc(O) mdc(O) lov(O) osc(O) lmv(O) ec(O) fid(O) fld(O) ptlrpc(O) efivarfs obdclass(O) ksocklnd(O) lnet(O) libcfs(O)
00019 CPU: 1 UID: 0 PID: 1806 Comm: ll_ost00_002 Tainted: G        W  O        7.0.0-ktest-6eb18a2-6330a45-20260928-dirty #1 PREEMPT 
00019 Tainted: [W]=WARN, [O]=OOT_MODULE
00019 Hardware name: QEMU Standard PC (Q35 + ICH9, 2009), BIOS 2025.11-3ubuntu7 03/31/2026
00019 RIP: 0010:osd_create+0x9cf/0xcf0 [osd_wbcfs]
00019 Code: c7 c7 00 96 7b a1 48 c7 c6 a0 12 7d a1 48 c7 c2 00 1c 7d a1 e8 52 f1 43 ff 48 c7 c7 00 96 7b a1 e8 46 81 44 ff e9 fe fc ff ff <0f> 0b e9 a5 fa ff ff 48 c7 c1 80 44 5d a0 80 e1 07 80 c1 03 38 c1
00019 RSP: 0018:ffffc90001837878 EFLAGS: 00010246
00019 RAX: 0000000000000000 RBX: ffff88814b968c00 RCX: 0000000000000046
00019 RDX: 0000000000000000 RSI: ffff888145cf42a8 RDI: ffff88804effaaa8
00019 RBP: ffff888145cf4218 R08: ffffffff83a16803 R09: 1ffffffff0742d00
00019 R10: dffffc0000000000 R11: fffffbfff0742d01 R12: ffff88804ef54830
00019 R13: dffffc0000000000 R14: 1ffff1102972d180 R15: 1ffff11009dea942
00019 FS:  0000000000000000(0000) GS:ffff8881d4aa9000(0000) knlGS:0000000000000000
00019 CS:  0010 DS: 0000 ES: 0000 CR0: 0000000080050033
00019 CR2: 00007f4972e066f0 CR3: 0000000123455000 CR4: 0000000000750eb0
00019 PKRU: 55555554
00019 Call Trace:
00019  <TASK>
00019  ? ofd_precreate_objects+0x1bd8/0x3220 [ofd]
00019  ? ofd_create_hdl+0x2015/0x3510 [ofd]
00019  ? tgt_request_handle+0x23ad/0x3d30 [ptlrpc]
00019 Code: c7 c7 00 96 7b a1 48 c7 c6 a0 12 7d a1 48 c7 c2 00 1c 7d a1 e8 52 f1 43 ff 48 c7 c7 00 96 7b a1 e8 46 81 44 ff e9 fe fc ff ff <0f> 0b e9 a5 fa ff ff 48 c7 c1 80 44 5d a0 80 e1 07 80 c1 03 38 c1
00019 RSP: 0018:ffffc90007d175a0 EFLAGS: 00010246
00019 RAX: 0000000000000000 RBX: ffff88814e353400 RCX: 0000000000000046
00019 RDX: 0000000000000000 RSI: ffff8880576d9f30 RDI: ffff88810407aa58
00019 RBP: ffff8880576d9ea0 R08: ffffffff83a16803 R09: 1ffffffff0742d00
00019 R10: dffffc0000000000 R11: fffffbfff0742d01 R12: ffff888122f11800
00019  ? ptlrpc_main+0x6359/0x96f0 [ptlrpc]
00019  lnet(O)
00019 R13: dffffc0000000000 R14: 1ffff11029c6a680 R15: 1ffff110245e230f
00019 FS:  0000000000000000(0000) GS:ffff8881d4a29000(0000) knlGS:0000000000000000
00019 CS:  0010 DS: 0000 ES: 0000 CR0: 0000000080050033
00019 CR2: 00007f6e31c06780 CR3: 00000001263be000 CR4: 0000000000750eb0
00019 PKRU: 55555554
00019  ? __kthread_parkme+0x73/0x130
00019  ? kthread+0x2cd/0x3a0
00019  ? ptlrpc_start_thread+0x1f10/0x1f10 [ptlrpc]
00019  libcfs(O)
00019 Call Trace:
00019  <TASK>
00019  ? local_object_create+0x109/0x640 [obdclass]
00019  ? dt_write_lock+0x16d/0x2a0 [obdclass]
00019 
00019  ? llog_osd_create+0x356/0x10d0 [obdclass]
00019  ? kthread_unuse_mm+0x130/0x130
00019  ? ret_from_fork+0x18c/0x520
00019  ? kthread_unuse_mm+0x130/0x130
00019  ? ret_from_fork_asm+0x11/0x20
00019  ? llog_create+0x2ed/0x530 [obdclass]
00019 CPU: 2 UID: 0 PID: 1805 Comm: ll_ost00_001 Tainted: G        W  O        7.0.0-ktest-6eb18a2-6330a45-20260928-dirty #1 PREEMPT 
00019 Tainted: [W]=WARN, [O]=OOT_MODULE
00019 Hardware name: QEMU Standard PC (Q35 + ICH9, 2009), BIOS 2025.11-3ubuntu7 03/31/2026
00019 RIP: 0010:osd_create+0x9cf/0xcf0 [osd_wbcfs]
00019 Code: c7 c7 00 96 7b a1 48 c7 c6 a0 12 7d a1 48 c7 c2 00 1c 7d a1 e8 52 f1 43 ff 48 c7 c7 00 96 7b a1 e8 46 81 44 ff e9 fe fc ff ff <0f> 0b e9 a5 fa ff ff 48 c7 c1 80 44 5d a0 80 e1 07 80 c1 03 38 c1
00019 RSP: 0018:ffffc900019a7878 EFLAGS: 00010246
00019 RAX: 0000000000000000 RBX: ffff888100b20c00 RCX: 0000000000000046
00019 RDX: 0000000000000000 RSI: ffff88814c8cb478 RDI: ffff88804effcb68
00019 RBP: ffff88814c8cb3e8 R08: ffffffff83a16803 R09: 1ffffffff0742d00
00019 R10: dffffc0000000000 R11: fffffbfff0742d01 R12: ffff88804f3d0830
00019 R13: dffffc0000000000 R14: 1ffff11020164180 R15: 1ffff11009e7a142
00019 FS:  0000000000000000(0000) GS:ffff8881d4b29000(0000) knlGS:0000000000000000
00019 CS:  0010 DS: 0000 ES: 0000 CR0: 0000000080050033
00019 CR2: 00005577192b4560 CR3: 00000001263be000 CR4: 0000000000750eb0
00019 PKRU: 55555554
00019 Call Trace:
00019  <TASK>
00019  </TASK>
00019  ? ofd_precreate_objects+0x1bd8/0x3220 [ofd]
00019  ? ofd_create_hdl+0x2015/0x3510 [ofd]
00019  ? llog_open_create+0x6e7/0xb30 [obdclass]
00019  ? tgt_request_handle+0x23ad/0x3d30 [ptlrpc]
00019 ---[ end trace 0000000000000000 ]---
00019  ? osp_sync_init+0xfc0/0x2760 [osp]
00019  ? ptlrpc_main+0x6359/0x96f0 [ptlrpc]
00019 ------------[ cut here ]------------
00019  ? osp_device_alloc+0x1b91/0x2e10 [osp]
00019  ? obd_setup+0x25c/0x950 [obdclass]
00019 WARNING: /home/ktest/git/linux/include/linux/fs.h:889 at osd_create+0x9cf/0xcf0 [osd_wbcfs], CPU#1: ll_ost00_002/1806
00019  ? class_setup+0xc7d/0x10e0 [obdclass]
00019  ? __kthread_parkme+0x73/0x130
00019 Modules linked in: ofd(O) osp(O) mdd(O) lod(O) mdt(O) lquota(O) lfsck(O)
00019  ? class_process_config+0x2edb/0x7cb0 [obdclass]
00019  ? kthread+0x2cd/0x3a0
00019  ? __kasan_kmalloc+0x72/0x80
00019  mgs(O) osd_wbcfs(O) lustre(O) obdecho(O) mgc(O) mdc(O) lov(O) osc(O) lmv(O) ec(O) fid(O)
00019  ? class_config_llog_handler+0x2954/0x4f80 [obdclass]
00019  fld(O) ptlrpc(O) efivarfs obdclass(O)
00019  ? class_config_llog_handler+0x2cea/0x4f80 [obdclass]
00019  ? ptlrpc_start_thread+0x1f10/0x1f10 [ptlrpc]
00019  ksocklnd(O)
00019  ? lustre_cfg_rec_free+0x350/0x350 [obdclass]
00019  lnet(O) libcfs(O)
00019 CPU: 1 UID: 0 PID: 1806 Comm: ll_ost00_002 Tainted: G        W  O        7.0.0-ktest-6eb18a2-6330a45-20260928-dirty #1 PREEMPT 
00019 Tainted: [W]=WARN, [O]=OOT_MODULE
00019 Hardware name: QEMU Standard PC (Q35 + ICH9, 2009), BIOS 2025.11-3ubuntu7 03/31/2026
00019 RIP: 0010:osd_create+0x9cf/0xcf0 [osd_wbcfs]
00019  ? llog_process_thread+0x1fd2/0x4f70 [obdclass]
00019  ? kthread_unuse_mm+0x130/0x130
00019  ? _raw_spin_unlock+0x23/0x40
00019  ? llog_process_thread_daemonize+0x16d/0x1b0 [obdclass]
00019  ? kthread+0x2cd/0x3a0
00019 Code: c7 c7 00 96 7b a1 48 c7 c6 a0 12 7d a1 48 c7 c2 00 1c 7d a1 e8 52 f1 43 ff 48 c7 c7 00 96 7b a1 e8 46 81 44 ff e9 fe fc ff ff <0f> 0b e9 a5 fa ff ff 48 c7 c1 80 44 5d a0 80 e1 07 80 c1 03 38 c1
00019 RSP: 0018:ffffc90001837878 EFLAGS: 00010246
00019 RAX: 0000000000000000 RBX: ffff88814ac99c00 RCX: 0000000000000046
00019 RDX: 0000000000000000 RSI: ffff888145cf3b90 RDI: ffff88804effaaa8
00019  ? llog_process_or_fork+0xc90/0xc90 [obdclass]
00019 RBP: ffff888145cf3b00 R08: ffffffff83a16803 R09: 1ffffffff0742d00
00019 R10: dffffc0000000000 R11: fffffbfff0742d01 R12: ffff88804ef54830
00019 R13: dffffc0000000000 R14: 1ffff11029593380 R15: 1ffff11009dea942
00019 FS:  0000000000000000(0000) GS:ffff8881d4aa9000(0000) knlGS:0000000000000000
00019  ? kthread_unuse_mm+0x130/0x130
00019  ? ret_from_fork+0x18c/0x520
00019  ? kthread_unuse_mm+0x130/0x130
00019  ? ret_from_fork_asm+0x11/0x20
00019  </TASK>
00019 ---[ end trace 0000000000000000 ]---
00019  ? ret_from_fork+0x18c/0x520
00019 CS:  0010 DS: 0000 ES: 0000 CR0: 0000000080050033
00019 CR2: 00007f4972e066f0 CR3: 0000000123455000 CR4: 0000000000750eb0
00019 PKRU: 55555554
00019 Call Trace:
00019  <TASK>
00019  ? ofd_precreate_objects+0x1bd8/0x3220 [ofd]
00019  ? kthread_unuse_mm+0x130/0x130
00019  ? ofd_create_hdl+0x2015/0x3510 [ofd]
00019  ? ret_from_fork_asm+0x11/0x20
00019 ------------[ cut here ]------------
00019 WARNING: /home/ktest/git/linux/include/linux/fs.h:889 at osd_create+0x9cf/0xcf0 [osd_wbcfs], CPU#3: ll_ost00_004/1849
00019 ------------[ cut here ]------------
00019 Modules linked in: ofd(O) osp(O) mdd(O) lod(O) mdt(O) lquota(O) lfsck(O)
00019 WARNING: /home/ktest/git/linux/include/linux/fs.h:889 at osd_create+0x9cf/0xcf0 [osd_wbcfs], CPU#0: llog_process_th/1848
00019  mgs(O) osd_wbcfs(O) lustre(O) obdecho(O) mgc(O) mdc(O) lov(O) osc(O) lmv(O) ec(O)
00019 Modules linked in:
00019  fid(O)
00019  ofd(O)
00019  fld(O)
00019  ptlrpc(O)
00019  osp(O)
00019  mdd(O) lod(O) mdt(O) lquota(O) lfsck(O) mgs(O) osd_wbcfs(O) lustre(O) obdecho(O) mgc(O) mdc(O) lov(O) osc(O) lmv(O) ec(O) fid(O) fld(O) ptlrpc(O) efivarfs obdclass(O) ksocklnd(O) lnet(O) libcfs(O)
00019 CPU: 0 UID: 0 PID: 1848 Comm: llog_process_th Tainted: G        W  O        7.0.0-ktest-6eb18a2-6330a45-20260928-dirty #1 PREEMPT 
00019 Tainted: [W]=WARN, [O]=OOT_MODULE
00019 Hardware name: QEMU Standard PC (Q35 + ICH9, 2009), BIOS 2025.11-3ubuntu7 03/31/2026
00019 RIP: 0010:osd_create+0x9cf/0xcf0 [osd_wbcfs]
00019 Code: c7 c7 00 96 7b a1 48 c7 c6 a0 12 7d a1 48 c7 c2 00 1c 7d a1 e8 52 f1 43 ff 48 c7 c7 00 96 7b a1 e8 46 81 44 ff e9 fe fc ff ff <0f> 0b e9 a5 fa ff ff 48 c7 c1 80 44 5d a0 80 e1 07 80 c1 03 38 c1
00019 RSP: 0018:ffffc90007d17450 EFLAGS: 00010246
00019 RAX: 0000000000000000 RBX: ffff88814aaad800 RCX: 0000000000000046
00019 RDX: 0000000000000000 RSI: ffff8880576d9818 RDI: ffff88810407aa80
00019 RBP: ffff8880576d9788 R08: ffffffff83a16803 R09: 1ffffffff0742d00
00019 R10: dffffc0000000000 R11: fffffbfff0742d01 R12: ffff888122f11800
00019 R13: dffffc0000000000 R14: 1ffff11029555b00 R15: 1ffff110245e230f
00019 FS:  0000000000000000(0000) GS:ffff8881d4a29000(0000) knlGS:0000000000000000
00019 CS:  0010 DS: 0000 ES: 0000 CR0: 0000000080050033
00019 CR2: 00007f6e31c06780 CR3: 00000001263be000 CR4: 0000000000750eb0
00019 PKRU: 55555554
00019 Call Trace:
00019  <TASK>
00019  ? tgt_request_handle+0x23ad/0x3d30 [ptlrpc]
00019  ? local_object_create+0x109/0x640 [obdclass]
00019  </TASK>
00019 ---[ end trace 0000000000000000 ]---
00019  efivarfs
00019  ? ptlrpc_main+0x6359/0x96f0 [ptlrpc]
00019  ? dt_write_lock+0x16d/0x2a0 [obdclass]
00019  ? llog_osd_create+0x356/0x10d0 [obdclass]
00019  obdclass(O)
00019  ? llog_create+0x2ed/0x530 [obdclass]
00019  ? __kthread_parkme+0x73/0x130
00019  ? kthread+0x2cd/0x3a0
00019  ? ptlrpc_start_thread+0x1f10/0x1f10 [ptlrpc]
00019  ksocklnd(O)
00019  ? kthread_unuse_mm+0x130/0x130
00019  ? ret_from_fork+0x18c/0x520
00019  ? kthread_unuse_mm+0x130/0x130
00019  ? ret_from_fork_asm+0x11/0x20
00019  </TASK>
00019  ? llog_cat_new_log+0x6d1/0x2970 [obdclass]
00019  ? llog_cat_add_rec+0x6ba/0x1960 [obdclass]
00019  ? llog_cat_add+0x499/0x7a0 [obdclass]
00019  lnet(O) libcfs(O)
00019 CPU: 3 UID: 0 PID: 1849 Comm: ll_ost00_004 Tainted: G        W  O        7.0.0-ktest-6eb18a2-6330a45-20260928-dirty #1 PREEMPT 
00019 Tainted: [W]=WARN, [O]=OOT_MODULE
00019 Hardware name: QEMU Standard PC (Q35 + ICH9, 2009), BIOS 2025.11-3ubuntu7 03/31/2026
00019 RIP: 0010:osd_create+0x9cf/0xcf0 [osd_wbcfs]
00019 Code: c7 c7 00 96 7b a1 48 c7 c6 a0 12 7d a1 48 c7 c2 00 1c 7d a1 e8 52 f1 43 ff 48 c7 c7 00 96 7b a1 e8 46 81 44 ff e9 fe fc ff ff <0f> 0b e9 a5 fa ff ff 48 c7 c1 80 44 5d a0 80 e1 07 80 c1 03 38 c1
00019 RSP: 0018:ffffc90007daf950 EFLAGS: 00010246
00019 RAX: 0000000000000000 RBX: ffff88814aeeb400 RCX: 0000000000000046
00019 RDX: 0000000000000000 RSI: ffff888145cf1818 RDI: ffff88814a828998
00019 RBP: ffff888145cf1788 R08: ffffffff83a16803 R09: 1ffffffff0742d00
00019 R10: dffffc0000000000 R11: fffffbfff0742d01 R12: ffff88814803b030
00019 R13: dffffc0000000000 R14: 1ffff110295dd680 R15: 1ffff11029007642
00019 FS:  0000000000000000(0000) GS:ffff8881d4ba9000(0000) knlGS:0000000000000000
00019 CS:  0010 DS: 0000 ES: 0000 CR0: 0000000080050033
00019 ---[ end trace 0000000000000000 ]---
00019 CR2: 00005577192b4560 CR3: 000000000ca88000 CR4: 0000000000750eb0
00019 PKRU: 55555554
00019 Call Trace:
00019  <TASK>
00019 ------------[ cut here ]------------
00019 WARNING: /home/ktest/git/linux/include/linux/fs.h:889 at osd_create+0x9cf/0xcf0 [osd_wbcfs], CPU#2: mdt_out00_000/1759
00019 Modules linked in: ofd(O) osp(O) mdd(O) lod(O) mdt(O) lquota(O) lfsck(O) mgs(O) osd_wbcfs(O) lustre(O) obdecho(O) mgc(O) mdc(O) lov(O) osc(O) lmv(O) ec(O) fid(O) fld(O) ptlrpc(O) efivarfs obdclass(O) ksocklnd(O) lnet(O) libcfs(O)
00019 CPU: 2 UID: 0 PID: 1759 Comm: mdt_out00_000 Tainted: G        W  O        7.0.0-ktest-6eb18a2-6330a45-20260928-dirty #1 PREEMPT 
00019 Tainted: [W]=WARN, [O]=OOT_MODULE
00019 Hardware name: QEMU Standard PC (Q35 + ICH9, 2009), BIOS 2025.11-3ubuntu7 03/31/2026
00019 RIP: 0010:osd_create+0x9cf/0xcf0 [osd_wbcfs]
00019  ? dt_find_or_create+0x81a/0x1170 [obdclass]
00019 Code: c7 c7 00 96 7b a1 48 c7 c6 a0 12 7d a1 48 c7 c2 00 1c 7d a1 e8 52 f1 43 ff 48 c7 c7 00 96 7b a1 e8 46 81 44 ff e9 fe fc ff ff <0f> 0b e9 a5 fa ff ff 48 c7 c1 80 44 5d a0 80 e1 07 80 c1 03 38 c1
00019 RSP: 0018:ffffc900013977f8 EFLAGS: 00010246
00019 RAX: 0000000000000000 RBX: ffff8881043f3400 RCX: 0000000000000046
00019 RDX: 0000000000000000 RSI: ffff88814c8cad60 RDI: ffff88814c85cb18
00019 RBP: ffff88814c8cacd0 R08: ffffffff83a16803 R09: 1ffffffff0742d00
00019  ? osp_sync_init+0x1588/0x2760 [osp]
00019  ? osp_device_alloc+0x1b91/0x2e10 [osp]
00019  ? ofd_seq_load+0x605/0x1ac0 [ofd]
00019  ? obd_setup+0x25c/0x950 [obdclass]
00019  ? ofd_get_info_hdl+0xfdd/0x2330 [ofd]
00019 ------------[ cut here ]------------
00019 WARNING: /home/ktest/git/linux/include/linux/fs.h:889 at osd_create+0x9cf/0xcf0 [osd_wbcfs], CPU#1: ll_ost00_002/1806
00019 Modules linked in: ofd(O) osp(O) mdd(O) lod(O) mdt(O) lquota(O) lfsck(O) mgs(O) osd_wbcfs(O) lustre(O) obdecho(O) mgc(O) mdc(O) lov(O) osc(O) lmv(O) ec(O) fid(O) fld(O) ptlrpc(O) efivarfs obdclass(O) ksocklnd(O) lnet(O) libcfs(O)
00019 CPU: 1 UID: 0 PID: 1806 Comm: ll_ost00_002 Tainted: G        W  O        7.0.0-ktest-6eb18a2-6330a45-20260928-dirty #1 PREEMPT 
00019 Tainted: [W]=WARN, [O]=OOT_MODULE
00019 Hardware name: QEMU Standard PC (Q35 + ICH9, 2009), BIOS 2025.11-3ubuntu7 03/31/2026
00019 RIP: 0010:osd_create+0x9cf/0xcf0 [osd_wbcfs]
00019 Code: c7 c7 00 96 7b a1 48 c7 c6 a0 12 7d a1 48 c7 c2 00 1c 7d a1 e8 52 f1 43 ff 48 c7 c7 00 96 7b a1 e8 46 81 44 ff e9 fe fc ff ff <0f> 0b e9 a5 fa ff ff 48 c7 c1 80 44 5d a0 80 e1 07 80 c1 03 38 c1
00019 RSP: 0018:ffffc90001837878 EFLAGS: 00010246
00019 RAX: 0000000000000000 RBX: ffff88814ac99800 RCX: 0000000000000046
00019 RDX: 0000000000000000 RSI: ffff888145cf3478 RDI: ffff88804effaaa8
00019 RBP: ffff888145cf33e8 R08: ffffffff83a16803 R09: 1ffffffff0742d00
00019 R10: dffffc0000000000 R11: fffffbfff0742d01 R12: ffff88804ef54830
00019 R13: dffffc0000000000 R14: 1ffff11029593300 R15: 1ffff11009dea942
00019 FS:  0000000000000000(0000) GS:ffff8881d4aa9000(0000) knlGS:0000000000000000
00019 CS:  0010 DS: 0000 ES: 0000 CR0: 0000000080050033
00019 CR2: 00007f4972e066f0 CR3: 0000000123455000 CR4: 0000000000750eb0
00019 PKRU: 55555554
00019 Call Trace:
00019  <TASK>
00019  ? class_setup+0xc7d/0x10e0 [obdclass]
00019  ? ofd_precreate_objects+0x1bd8/0x3220 [ofd]
00019  ? ofd_create_hdl+0x2015/0x3510 [ofd]
00019 R10: dffffc0000000000 R11: fffffbfff0742d01 R12: ffff88814c32b030
00019  ? class_process_config+0x2edb/0x7cb0 [obdclass]
00019  ? __kasan_kmalloc+0x72/0x80
00019  ? tgt_request_handle+0x23ad/0x3d30 [ptlrpc]
00019  ? class_config_llog_handler+0x2954/0x4f80 [obdclass]
00019 R13: dffffc0000000000 R14: 1ffff1102087e680 R15: 1ffff11029865618
00019  ? tgt_request_handle+0x23ad/0x3d30 [ptlrpc]
00019  ? ptlrpc_main+0x6359/0x96f0 [ptlrpc]
00019  ? class_config_llog_handler+0x2cea/0x4f80 [obdclass]
00019  ? __kthread_parkme+0x73/0x130
00019  ? kthread+0x2cd/0x3a0
00019 FS:  0000000000000000(0000) GS:ffff8881d4b29000(0000) knlGS:0000000000000000
00019  ? lustre_cfg_rec_free+0x350/0x350 [obdclass]
00019  ? ptlrpc_start_thread+0x1f10/0x1f10 [ptlrpc]
00019  ? llog_process_thread+0x1fd2/0x4f70 [obdclass]
00019 CS:  0010 DS: 0000 ES: 0000 CR0: 0000000080050033
00019 CR2: 00005577192b4560 CR3: 00000001263be000 CR4: 0000000000750eb0
00019 PKRU: 55555554
00019 Call Trace:
00019  <TASK>
00019  ? _raw_spin_unlock+0x23/0x40
00019  ? ptlrpc_main+0x6359/0x96f0 [ptlrpc]
00019  ? kthread_unuse_mm+0x130/0x130
00019  ? out_tx_create_exec+0x277/0x7a0 [ptlrpc]
00019  ? llog_process_thread_daemonize+0x16d/0x1b0 [obdclass]
00019  ? ret_from_fork+0x18c/0x520
00019  ? kthread+0x2cd/0x3a0
00019  ? llog_process_or_fork+0xc90/0xc90 [obdclass]
00019  ? tx_add_exec+0xd70/0xd70 [ptlrpc]
00019  ? __kthread_parkme+0x73/0x130
00019  ? kthread_unuse_mm+0x130/0x130
00019  ? ret_from_fork+0x18c/0x520
00019  ? kthread_unuse_mm+0x130/0x130
00019  ? ret_from_fork_asm+0x11/0x20
00019  </TASK>
00019 ---[ end trace 0000000000000000 ]---
00019  ? kthread_unuse_mm+0x130/0x130
00019  ? kthread+0x2cd/0x3a0
00019  ? ret_from_fork_asm+0x11/0x20
00019  ? out_tx_end+0x3e3/0x1190 [ptlrpc]
00019  </TASK>
00019 ---[ end trace 0000000000000000 ]---
00019  ? ptlrpc_start_thread+0x1f10/0x1f10 [ptlrpc]
00019 ------------[ cut here ]------------
00019 WARNING: /home/ktest/git/linux/include/linux/fs.h:889 at osd_create+0x9cf/0xcf0 [osd_wbcfs], CPU#1: ll_ost00_002/1806
00019  ? out_handle+0x5286/0x6240 [ptlrpc]
00019  ? kthread_unuse_mm+0x130/0x130
00019  ? tgt_request_handle+0x23ad/0x3d30 [ptlrpc]
00019  ? ptlrpc_main+0x6359/0x96f0 [ptlrpc]
00019 Modules linked in: ofd(O)
00019  ? __kthread_parkme+0x73/0x130
00019  ? kthread+0x2cd/0x3a0
00019  ? ret_from_fork+0x18c/0x520
00019  ? ptlrpc_start_thread+0x1f10/0x1f10 [ptlrpc]
00019  osp(O) mdd(O)
00019  ? kthread_unuse_mm+0x130/0x130
00019  ? ret_from_fork+0x18c/0x520
00019  ? kthread_unuse_mm+0x130/0x130
00019  ? ret_from_fork_asm+0x11/0x20
00019  </TASK>
00019 ---[ end trace 0000000000000000 ]---
00019  ? kthread_unuse_mm+0x130/0x130
00019  lod(O) mdt(O)
00019 ------------[ cut here ]------------
00019 WARNING: /home/ktest/git/linux/include/linux/fs.h:889 at osd_create+0x9cf/0xcf0 [osd_wbcfs], CPU#0: ll_ost00_001/1805
00019  ? ret_from_fork_asm+0x11/0x20
00019  </TASK>
00019 ---[ end trace 0000000000000000 ]---
00019  lquota(O) lfsck(O)
00019 Modules linked in:
00019  mgs(O)
00019  ofd(O) osp(O)
00019  osd_wbcfs(O)
00019 ------------[ cut here ]------------
00019 WARNING: /home/ktest/git/linux/include/linux/fs.h:889 at osd_create+0x9cf/0xcf0 [osd_wbcfs], CPU#3: ll_ost00_000/1804
00019 Modules linked in: ofd(O) osp(O) mdd(O) lod(O) mdt(O) lquota(O) lfsck(O) mgs(O) osd_wbcfs(O) lustre(O) obdecho(O)
00019  mdd(O)
00019  mgc(O) mdc(O) lov(O) osc(O) lmv(O) ec(O) fid(O) fld(O) ptlrpc(O) efivarfs obdclass(O) ksocklnd(O) lnet(O) libcfs(O)
00019 CPU: 3 UID: 0 PID: 1804 Comm: ll_ost00_000 Tainted: G        W  O        7.0.0-ktest-6eb18a2-6330a45-20260928-dirty #1 PREEMPT 
00019 Tainted: [W]=WARN, [O]=OOT_MODULE
00019 Hardware name: QEMU Standard PC (Q35 + ICH9, 2009), BIOS 2025.11-3ubuntu7 03/31/2026
00019 RIP: 0010:osd_create+0x9cf/0xcf0 [osd_wbcfs]
00019 Code: c7 c7 00 96 7b a1 48 c7 c6 a0 12 7d a1 48 c7 c2 00 1c 7d a1 e8 52 f1 43 ff 48 c7 c7 00 96 7b a1 e8 46 81 44 ff e9 fe fc ff ff <0f> 0b e9 a5 fa ff ff 48 c7 c1 80 44 5d a0 80 e1 07 80 c1 03 38 c1
00019 RSP: 0018:ffffc90002007878 EFLAGS: 00010246
00019 RAX: 0000000000000000 RBX: ffff88814b1afc00 RCX: 0000000000000046
00019 RDX: 0000000000000000 RSI: ffff888145cf1100 RDI: ffff88804cd4aaa8
00019 RBP: ffff888145cf1070 R08: ffffffff83a16803 R09: 1ffffffff0742d00
00019 R10: dffffc0000000000 R11: fffffbfff0742d01 R12: ffff88804f3d1030
00019 R13: dffffc0000000000 R14: 1ffff11029635f80 R15: 1ffff11009e7a242
00019 FS:  0000000000000000(0000) GS:ffff8881d4ba9000(0000) knlGS:0000000000000000
00019 CS:  0010 DS: 0000 ES: 0000 CR0: 0000000080050033
00019 CR2: 00005577192b4560 CR3: 000000000ca88000 CR4: 0000000000750eb0
00019 PKRU: 55555554
00019 Call Trace:
00019  <TASK>
00019  ? ofd_precreate_objects+0x1bd8/0x3220 [ofd]
00019  lustre(O)
00019  ? ofd_create_hdl+0x2015/0x3510 [ofd]
00019  lod(O)
00019  ? tgt_request_handle+0x23ad/0x3d30 [ptlrpc]
00019  obdecho(O)
00019  mdt(O)
00019  mgc(O)
00019  lquota(O)
00019  mdc(O)
00019  ? ptlrpc_main+0x6359/0x96f0 [ptlrpc]
00019  lfsck(O)
00019  lov(O)
00019  ? __kthread_parkme+0x73/0x130
00019  ? kthread+0x2cd/0x3a0
00019  mgs(O)
00019  ? ptlrpc_start_thread+0x1f10/0x1f10 [ptlrpc]
00019  osc(O)
00019  osd_wbcfs(O)
00019  ? kthread_unuse_mm+0x130/0x130
00019  lmv(O)
00019  ? ret_from_fork+0x18c/0x520
00019  ? kthread_unuse_mm+0x130/0x130
00019  ? ret_from_fork_asm+0x11/0x20
00019  </TASK>
00019 ---[ end trace 0000000000000000 ]---
00019  lustre(O)
00019  ec(O)
00019  obdecho(O)
00019  fid(O)
00019  mgc(O)
00019  fld(O)
00019  mdc(O)
00019  ptlrpc(O)
00019  lov(O)
00019  efivarfs
00019  osc(O)
00019  obdclass(O)
00019  lmv(O)
00019  ksocklnd(O)
00019  ec(O)
00019  lnet(O)
00019  fid(O)
00019  libcfs(O)
00019  fld(O)
00019 
00019 CPU: 1 UID: 0 PID: 1806 Comm: ll_ost00_002 Tainted: G        W  O        7.0.0-ktest-6eb18a2-6330a45-20260928-dirty #1 PREEMPT 
00019  ptlrpc(O)
00019 Tainted: [W]=WARN, [O]=OOT_MODULE
00019  efivarfs
00019 Hardware name: QEMU Standard PC (Q35 + ICH9, 2009), BIOS 2025.11-3ubuntu7 03/31/2026
00019  obdclass(O)
00019 RIP: 0010:osd_create+0x9cf/0xcf0 [osd_wbcfs]
00019  ksocklnd(O)
00019 Code: c7 c7 00 96 7b a1 48 c7 c6 a0 12 7d a1 48 c7 c2 00 1c 7d a1 e8 52 f1 43 ff 48 c7 c7 00 96 7b a1 e8 46 81 44 ff e9 fe fc ff ff <0f> 0b e9 a5 fa ff ff 48 c7 c1 80 44 5d a0 80 e1 07 80 c1 03 38 c1
00019  lnet(O)
00019 RSP: 0018:ffffc90001837878 EFLAGS: 00010246
00019  libcfs(O)
00019 
00019 
00019 RAX: 0000000000000000 RBX: ffff88814ac99400 RCX: 0000000000000046
00019 CPU: 0 UID: 0 PID: 1805 Comm: ll_ost00_001 Tainted: G        W  O        7.0.0-ktest-6eb18a2-6330a45-20260928-dirty #1 PREEMPT 
00019 RDX: 0000000000000000 RSI: ffff888145cf2d60 RDI: ffff88804effaaa8
00019 Lustre: lustre-OST0000-osc-MDT0000: update sequence from 0x100000000 to 0x280000401
00019 Tainted: [W]=WARN, [O]=OOT_MODULE
00019 RBP: ffff888145cf2cd0 R08: ffffffff83a16803 R09: 1ffffffff0742d00
00019 Hardware name: QEMU Standard PC (Q35 + ICH9, 2009), BIOS 2025.11-3ubuntu7 03/31/2026
00019 R10: dffffc0000000000 R11: fffffbfff0742d01 R12: ffff88804ef54830
00019 RIP: 0010:osd_create+0x9cf/0xcf0 [osd_wbcfs]
00019 R13: dffffc0000000000 R14: 1ffff11029593280 R15: 1ffff11009dea942
00019 Code: c7 c7 00 96 7b a1 48 c7 c6 a0 12 7d a1 48 c7 c2 00 1c 7d a1 e8 52 f1 43 ff 48 c7 c7 00 96 7b a1 e8 46 81 44 ff e9 fe fc ff ff <0f> 0b e9 a5 fa ff ff 48 c7 c1 80 44 5d a0 80 e1 07 80 c1 03 38 c1
00019 FS:  0000000000000000(0000) GS:ffff8881d4aa9000(0000) knlGS:0000000000000000
00019 RSP: 0018:ffffc900019a7878 EFLAGS: 00010246
00019 CS:  0010 DS: 0000 ES: 0000 CR0: 0000000080050033
00019 ------------[ cut here ]------------
00019 WARNING: /home/ktest/git/linux/include/linux/fs.h:889 at osd_create+0x9cf/0xcf0 [osd_wbcfs], CPU#2: ll_ost00_000/1804
00019 Modules linked in: ofd(O) osp(O) mdd(O) lod(O) mdt(O) lquota(O) lfsck(O) mgs(O) osd_wbcfs(O) lustre(O) obdecho(O) mgc(O) mdc(O) lov(O) osc(O) lmv(O) ec(O) fid(O) fld(O) ptlrpc(O) efivarfs obdclass(O) ksocklnd(O) lnet(O) libcfs(O)
00019 CPU: 2 UID: 0 PID: 1804 Comm: ll_ost00_000 Tainted: G        W  O        7.0.0-ktest-6eb18a2-6330a45-20260928-dirty #1 PREEMPT 
00019 Tainted: [W]=WARN, [O]=OOT_MODULE
00019 Hardware name: QEMU Standard PC (Q35 + ICH9, 2009), BIOS 2025.11-3ubuntu7 03/31/2026
00019 
00019 RIP: 0010:osd_create+0x9cf/0xcf0 [osd_wbcfs]
00019 Code: c7 c7 00 96 7b a1 48 c7 c6 a0 12 7d a1 48 c7 c2 00 1c 7d a1 e8 52 f1 43 ff 48 c7 c7 00 96 7b a1 e8 46 81 44 ff e9 fe fc ff ff <0f> 0b e9 a5 fa ff ff 48 c7 c1 80 44 5d a0 80 e1 07 80 c1 03 38 c1
00019 RSP: 0018:ffffc900020078c0 EFLAGS: 00010246
00019 RAX: 0000000000000000 RBX: ffff88814b21bc00 RCX: 0000000000000046
00019 RDX: 0000000000000000 RSI: ffff88814c8ca648 RDI: ffff88804cd4aa80
00019 RBP: ffff88814c8ca5b8 R08: ffffffff83a16803 R09: 1ffffffff0742d00
00019 R10: dffffc0000000000 R11: fffffbfff0742d01 R12: ffff88804f3d1030
00019 R13: dffffc0000000000 R14: 1ffff11029643780 R15: 1ffff11009e7a242
00019 FS:  0000000000000000(0000) GS:ffff8881d4b29000(0000) knlGS:0000000000000000
00019 CS:  0010 DS: 0000 ES: 0000 CR0: 0000000080050033
00019 CR2: 00005577192b4560 CR3: 00000001263be000 CR4: 0000000000750eb0
00019 PKRU: 55555554
00019 Call Trace:
00019  <TASK>
00019  ? dt_find_or_create+0x81a/0x1170 [obdclass]
00019 CR2: 00007f4972e066f0 CR3: 0000000123455000 CR4: 0000000000750eb0
00019  ? ofd_seq_load+0x605/0x1ac0 [ofd]
00019  ? ofd_create_hdl+0x4e0/0x3510 [ofd]
00019  ? ofd_create_hdl+0x778/0x3510 [ofd]
00019 RAX: 0000000000000000 RBX: ffff888100b22c00 RCX: 0000000000000046
00019  ? lustre_pack_reply_flags+0x11f/0x3a0 [ptlrpc]
00019 PKRU: 55555554
00019 RDX: 0000000000000000 RSI: ffff8880576d9100 RDI: ffff88804effcb68
00019  ? tgt_request_handle+0x23ad/0x3d30 [ptlrpc]
00019 Call Trace:
00019 RBP: ffff8880576d9070 R08: ffffffff83a16803 R09: 1ffffffff0742d00
00019  <TASK>
00019 R10: dffffc0000000000 R11: fffffbfff0742d01 R12: ffff88804f3d0830
00019  ? ofd_precreate_objects+0x1bd8/0x3220 [ofd]
00019  ? ptlrpc_main+0x6359/0x96f0 [ptlrpc]
00019 R13: dffffc0000000000 R14: 1ffff11020164580 R15: 1ffff11009e7a142
00019  ? ofd_create_hdl+0x2015/0x3510 [ofd]
00019 FS:  0000000000000000(0000) GS:ffff8881d4a29000(0000) knlGS:0000000000000000
00019 CS:  0010 DS: 0000 ES: 0000 CR0: 0000000080050033
00019 CR2: 00007f6e31c06780 CR3: 00000001263be000 CR4: 0000000000750eb0
00019 PKRU: 55555554
00019 Call Trace:
00019  <TASK>
00019  ? ofd_precreate_objects+0x1bd8/0x3220 [ofd]
00019  ? ofd_create_hdl+0x2015/0x3510 [ofd]
00019  ? tgt_request_handle+0x23ad/0x3d30 [ptlrpc]
00019  ? tgt_request_handle+0x23ad/0x3d30 [ptlrpc]
00019  ? ptlrpc_main+0x6359/0x96f0 [ptlrpc]
00019  ? __kthread_parkme+0x73/0x130
00019  ? kthread+0x2cd/0x3a0
00019  ? ptlrpc_start_thread+0x1f10/0x1f10 [ptlrpc]
00019  ? ptlrpc_main+0x6359/0x96f0 [ptlrpc]
00019  ? __kthread_parkme+0x73/0x130
00019  ? kthread+0x2cd/0x3a0
00019  ? kthread_unuse_mm+0x130/0x130
00019  ? ptlrpc_start_thread+0x1f10/0x1f10 [ptlrpc]
00019  ? __kthread_parkme+0x73/0x130
00019  ? ret_from_fork+0x18c/0x520
00019  ? kthread+0x2cd/0x3a0
00019  ? kthread_unuse_mm+0x130/0x130
00019  ? kthread_unuse_mm+0x130/0x130
00019  ? ptlrpc_start_thread+0x1f10/0x1f10 [ptlrpc]
00019  ? ret_from_fork+0x18c/0x520
00019  ? kthread_unuse_mm+0x130/0x130
00019  ? ret_from_fork_asm+0x11/0x20
00019  </TASK>
00019  ? kthread_unuse_mm+0x130/0x130
00019  ? ret_from_fork+0x18c/0x520
00019  ? kthread_unuse_mm+0x130/0x130
00019  ? ret_from_fork_asm+0x11/0x20
00019  </TASK>
00019 ---[ end trace 0000000000000000 ]---
00019 ------------[ cut here ]------------
00019 WARNING: /home/ktest/git/linux/include/linux/fs.h:889 at osd_create+0x9cf/0xcf0 [osd_wbcfs], CPU#0: ll_ost00_001/1805
00019 Modules linked in: ofd(O) osp(O) mdd(O) lod(O) mdt(O) lquota(O) lfsck(O) mgs(O) osd_wbcfs(O) lustre(O) obdecho(O) mgc(O) mdc(O) lov(O) osc(O) lmv(O) ec(O) fid(O) fld(O) ptlrpc(O) efivarfs obdclass(O) ksocklnd(O) lnet(O) libcfs(O)
00019 CPU: 0 UID: 0 PID: 1805 Comm: ll_ost00_001 Tainted: G        W  O        7.0.0-ktest-6eb18a2-6330a45-20260928-dirty #1 PREEMPT 
00019 Tainted: [W]=WARN, [O]=OOT_MODULE
00019 Hardware name: QEMU Standard PC (Q35 + ICH9, 2009), BIOS 2025.11-3ubuntu7 03/31/2026
00019 RIP: 0010:osd_create+0x9cf/0xcf0 [osd_wbcfs]
00019 Code: c7 c7 00 96 7b a1 48 c7 c6 a0 12 7d a1 48 c7 c2 00 1c 7d a1 e8 52 f1 43 ff 48 c7 c7 00 96 7b a1 e8 46 81 44 ff e9 fe fc ff ff <0f> 0b e9 a5 fa ff ff 48 c7 c1 80 44 5d a0 80 e1 07 80 c1 03 38 c1
00019 RSP: 0018:ffffc900019a7878 EFLAGS: 00010246
00019 RAX: 0000000000000000 RBX: ffff8881040dec00 RCX: 0000000000000046
00019 RDX: 0000000000000000 RSI: ffff8880576d89e8 RDI: ffff88804effcb68
00019 RBP: ffff8880576d8958 R08: ffffffff83a16803 R09: 1ffffffff0742d00
00019 R10: dffffc0000000000 R11: fffffbfff0742d01 R12: ffff88804f3d0830
00019 R13: dffffc0000000000 R14: 1ffff1102081bd80 R15: 1ffff11009e7a142
00019 FS:  0000000000000000(0000) GS:ffff8881d4a29000(0000) knlGS:0000000000000000
00019 CS:  0010 DS: 0000 ES: 0000 CR0: 0000000080050033
00019 CR2: 00007f6e31c06780 CR3: 00000001263be000 CR4: 0000000000750eb0
00019 PKRU: 55555554
00019 Call Trace:
00019  <TASK>
00019  ? ofd_precreate_objects+0x1bd8/0x3220 [ofd]
00019  ? ret_from_fork_asm+0x11/0x20
00019  ? ofd_create_hdl+0x2015/0x3510 [ofd]
00019  ? tgt_request_handle+0x23ad/0x3d30 [ptlrpc]
00019 ---[ end trace 0000000000000000 ]---
00019  ? ptlrpc_main+0x6359/0x96f0 [ptlrpc]
00019 ------------[ cut here ]------------
00019  ? __kthread_parkme+0x73/0x130
00019  ? kthread+0x2cd/0x3a0
00019  </TASK>
00019  ? ptlrpc_start_thread+0x1f10/0x1f10 [ptlrpc]
00019 WARNING: /home/ktest/git/linux/include/linux/fs.h:889 at osd_create+0x9cf/0xcf0 [osd_wbcfs], CPU#1: ll_ost00_002/1806
00019  ? kthread_unuse_mm+0x130/0x130
00019  ? ret_from_fork+0x18c/0x520
00019  ? kthread_unuse_mm+0x130/0x130
00019  ? ret_from_fork_asm+0x11/0x20
00019  </TASK>
00019 ---[ end trace 0000000000000000 ]---
00019 ------------[ cut here ]------------
00019 ---[ end trace 0000000000000000 ]---
00019 Modules linked in: ofd(O)
00019 WARNING: /home/ktest/git/linux/include/linux/fs.h:889 at osd_create+0x9cf/0xcf0 [osd_wbcfs], CPU#0: ll_ost00_001/1805
00019  osp(O)
00019 Modules linked in: ofd(O)
00019  mdd(O)
00019  osp(O)
00019 ------------[ cut here ]------------
00019 WARNING: /home/ktest/git/linux/include/linux/fs.h:889 at osd_create+0x9cf/0xcf0 [osd_wbcfs], CPU#2: ll_ost00_000/1804
00019  lod(O)
00019 Modules linked in: ofd(O) osp(O) mdd(O) lod(O) mdt(O) lquota(O) lfsck(O) mgs(O) osd_wbcfs(O) lustre(O) obdecho(O) mgc(O) mdc(O) lov(O) osc(O) lmv(O) ec(O) fid(O) fld(O) ptlrpc(O) efivarfs obdclass(O) ksocklnd(O) lnet(O) libcfs(O)
00019 CPU: 2 UID: 0 PID: 1804 Comm: ll_ost00_000 Tainted: G        W  O        7.0.0-ktest-6eb18a2-6330a45-20260928-dirty #1 PREEMPT 
00019 Tainted: [W]=WARN, [O]=OOT_MODULE
00019 Hardware name: QEMU Standard PC (Q35 + ICH9, 2009), BIOS 2025.11-3ubuntu7 03/31/2026
00019 RIP: 0010:osd_create+0x9cf/0xcf0 [osd_wbcfs]
00019 Code: c7 c7 00 96 7b a1 48 c7 c6 a0 12 7d a1 48 c7 c2 00 1c 7d a1 e8 52 f1 43 ff 48 c7 c7 00 96 7b a1 e8 46 81 44 ff e9 fe fc ff ff <0f> 0b e9 a5 fa ff ff 48 c7 c1 80 44 5d a0 80 e1 07 80 c1 03 38 c1
00019 RSP: 0018:ffffc90002007878 EFLAGS: 00010246
00019 RAX: 0000000000000000 RBX: ffff88814b21b800 RCX: 0000000000000046
00019 RDX: 0000000000000000 RSI: ffff88814c8c9f30 RDI: ffff88804cd4aaa8
00019 RBP: ffff88814c8c9ea0 R08: ffffffff83a16803 R09: 1ffffffff0742d00
00019 R10: dffffc0000000000 R11: fffffbfff0742d01 R12: ffff88804f3d1030
00019 R13: dffffc0000000000 R14: 1ffff11029643700 R15: 1ffff11009e7a242
00019  mdd(O)
00019 FS:  0000000000000000(0000) GS:ffff8881d4b29000(0000) knlGS:0000000000000000
00019 CS:  0010 DS: 0000 ES: 0000 CR0: 0000000080050033
00019 CR2: 00005577192b4560 CR3: 00000001263be000 CR4: 0000000000750eb0
00019 PKRU: 55555554
00019 Call Trace:
00019  <TASK>
00019  ? ofd_precreate_objects+0x1bd8/0x3220 [ofd]
00019  ? ofd_create_hdl+0x2015/0x3510 [ofd]
00019  mdt(O)
00019  lod(O)
00019  ? tgt_request_handle+0x23ad/0x3d30 [ptlrpc]
00019  lquota(O)
00019  mdt(O)
00019  lfsck(O)
00019  lquota(O)
00019  ? ptlrpc_main+0x6359/0x96f0 [ptlrpc]
00019  mgs(O)
00019  lfsck(O)
00019  ? __kthread_parkme+0x73/0x130
00019  osd_wbcfs(O)
00019  ? kthread+0x2cd/0x3a0
00019  mgs(O)
00019  lustre(O)
00019  ? ptlrpc_start_thread+0x1f10/0x1f10 [ptlrpc]
00019  osd_wbcfs(O)
00019  ? kthread_unuse_mm+0x130/0x130
00019  ? ret_from_fork+0x18c/0x520
00019  ? kthread_unuse_mm+0x130/0x130
00019  ? ret_from_fork_asm+0x11/0x20
00019  obdecho(O)
00019  </TASK>
00019 ---[ end trace 0000000000000000 ]---
00019 ------------[ cut here ]------------
00019 WARNING: /home/ktest/git/linux/include/linux/fs.h:889 at osd_create+0x9cf/0xcf0 [osd_wbcfs], CPU#2: ll_ost00_000/1804
00019 Modules linked in: ofd(O) osp(O) mdd(O) lod(O) mdt(O) lquota(O) lfsck(O) mgs(O)
00019  lustre(O)
00019  osd_wbcfs(O) lustre(O) obdecho(O) mgc(O) mdc(O) lov(O) osc(O) lmv(O) ec(O) fid(O) fld(O) ptlrpc(O) efivarfs obdclass(O) ksocklnd(O) lnet(O) libcfs(O)
00019 CPU: 2 UID: 0 PID: 1804 Comm: ll_ost00_000 Tainted: G        W  O        7.0.0-ktest-6eb18a2-6330a45-20260928-dirty #1 PREEMPT 
00019 Tainted: [W]=WARN, [O]=OOT_MODULE
00019 Hardware name: QEMU Standard PC (Q35 + ICH9, 2009), BIOS 2025.11-3ubuntu7 03/31/2026
00019 RIP: 0010:osd_create+0x9cf/0xcf0 [osd_wbcfs]
00019  mgc(O)
00019 Code: c7 c7 00 96 7b a1 48 c7 c6 a0 12 7d a1 48 c7 c2 00 1c 7d a1 e8 52 f1 43 ff 48 c7 c7 00 96 7b a1 e8 46 81 44 ff e9 fe fc ff ff <0f> 0b e9 a5 fa ff ff 48 c7 c1 80 44 5d a0 80 e1 07 80 c1 03 38 c1
00019 RSP: 0018:ffffc90002007878 EFLAGS: 00010246
00019 RAX: 0000000000000000 RBX: ffff88814b236000 RCX: 0000000000000046
00019 RDX: 0000000000000000 RSI: ffff88814c8c9818 RDI: ffff88804cd4aaa8
00019 RBP: ffff88814c8c9788 R08: ffffffff83a16803 R09: 1ffffffff0742d00
00019 R10: dffffc0000000000 R11: fffffbfff0742d01 R12: ffff88804f3d1030
00019 R13: dffffc0000000000 R14: 1ffff11029646c00 R15: 1ffff11009e7a242
00019 FS:  0000000000000000(0000) GS:ffff8881d4b29000(0000) knlGS:0000000000000000
00019 CS:  0010 DS: 0000 ES: 0000 CR0: 0000000080050033
00019 CR2: 00005577192b4560 CR3: 00000001263be000 CR4: 0000000000750eb0
00019 PKRU: 55555554
00019 Call Trace:
00019  <TASK>
00019  obdecho(O)
00019  ? ofd_precreate_objects+0x1bd8/0x3220 [ofd]
00019  mdc(O)
00019  ? ofd_create_hdl+0x2015/0x3510 [ofd]
00019  mgc(O)
00019  lov(O)
00019  ? tgt_request_handle+0x23ad/0x3d30 [ptlrpc]
00019  mdc(O)
00019  ? ptlrpc_main+0x6359/0x96f0 [ptlrpc]
00019  osc(O)
00019  lov(O)
00019  ? __kthread_parkme+0x73/0x130
00019  ? kthread+0x2cd/0x3a0
00019  lmv(O)
00019  osc(O)
00019  ec(O)
00019  ? ptlrpc_start_thread+0x1f10/0x1f10 [ptlrpc]
00019  lmv(O)
00019  ? kthread_unuse_mm+0x130/0x130
00019  ? ret_from_fork+0x18c/0x520
00019  ? kthread_unuse_mm+0x130/0x130
00019  fid(O)
00019  ? ret_from_fork_asm+0x11/0x20
00019  </TASK>
00019 ---[ end trace 0000000000000000 ]---
00019 ------------[ cut here ]------------
00019 WARNING: /home/ktest/git/linux/include/linux/fs.h:889 at osd_create+0x9cf/0xcf0 [osd_wbcfs], CPU#2: ll_ost00_000/1804
00019 Modules linked in: ofd(O) osp(O) mdd(O) lod(O) mdt(O) lquota(O) lfsck(O) mgs(O) osd_wbcfs(O) lustre(O) obdecho(O) mgc(O) mdc(O) lov(O) osc(O) lmv(O) ec(O) fid(O) fld(O) ptlrpc(O) efivarfs obdclass(O) ksocklnd(O) lnet(O) libcfs(O)
00019 CPU: 2 UID: 0 PID: 1804 Comm: ll_ost00_000 Tainted: G        W  O        7.0.0-ktest-6eb18a2-6330a45-20260928-dirty #1 PREEMPT 
00019 Tainted: [W]=WARN, [O]=OOT_MODULE
00019 Hardware name: QEMU Standard PC (Q35 + ICH9, 2009), BIOS 2025.11-3ubuntu7 03/31/2026
00019 RIP: 0010:osd_create+0x9cf/0xcf0 [osd_wbcfs]
00019 Code: c7 c7 00 96 7b a1 48 c7 c6 a0 12 7d a1 48 c7 c2 00 1c 7d a1 e8 52 f1 43 ff 48 c7 c7 00 96 7b a1 e8 46 81 44 ff e9 fe fc ff ff <0f> 0b e9 a5 fa ff ff 48 c7 c1 80 44 5d a0 80 e1 07 80 c1 03 38 c1
00019 RSP: 0018:ffffc90002007878 EFLAGS: 00010246
00019 RAX: 0000000000000000 RBX: ffff88814b235c00 RCX: 0000000000000046
00019 RDX: 0000000000000000 RSI: ffff88814c8c9100 RDI: ffff88804cd4aaa8
00019 RBP: ffff88814c8c9070 R08: ffffffff83a16803 R09: 1ffffffff0742d00
00019 R10: dffffc0000000000 R11: fffffbfff0742d01 R12: ffff88804f3d1030
00019 R13: dffffc0000000000 R14: 1ffff11029646b80 R15: 1ffff11009e7a242
00019 FS:  0000000000000000(0000) GS:ffff8881d4b29000(0000) knlGS:0000000000000000
00019 CS:  0010 DS: 0000 ES: 0000 CR0: 0000000080050033
00019 CR2: 00005577192b4560 CR3: 00000001263be000 CR4: 0000000000750eb0
00019  ec(O)
00019 PKRU: 55555554
00019 Call Trace:
00019  <TASK>
00019  fld(O)
00019  ? ofd_precreate_objects+0x1bd8/0x3220 [ofd]
00019  ? ofd_create_hdl+0x2015/0x3510 [ofd]
00019  ? tgt_request_handle+0x23ad/0x3d30 [ptlrpc]
00019  fid(O)
00019  ? ptlrpc_main+0x6359/0x96f0 [ptlrpc]
00019  ptlrpc(O)
00019  ? __kthread_parkme+0x73/0x130
00019  ? kthread+0x2cd/0x3a0
00019  fld(O)
00019  ? ptlrpc_start_thread+0x1f10/0x1f10 [ptlrpc]
00019  efivarfs
00019  ? kthread_unuse_mm+0x130/0x130
00019  ptlrpc(O)
00019  ? ret_from_fork+0x18c/0x520
00019  ? kthread_unuse_mm+0x130/0x130
00019  ? ret_from_fork_asm+0x11/0x20
00019  </TASK>
00019 ---[ end trace 0000000000000000 ]---
00019 ------------[ cut here ]------------
00019 WARNING: /home/ktest/git/linux/include/linux/fs.h:889 at osd_create+0x9cf/0xcf0 [osd_wbcfs], CPU#2: ll_ost00_000/1804
00019 Modules linked in: ofd(O) osp(O) mdd(O) lod(O) mdt(O) lquota(O) lfsck(O) mgs(O) osd_wbcfs(O) lustre(O) obdecho(O) mgc(O) mdc(O) lov(O) osc(O) lmv(O) ec(O) fid(O) fld(O) ptlrpc(O) efivarfs obdclass(O) ksocklnd(O) lnet(O) libcfs(O)
00019 CPU: 2 UID: 0 PID: 1804 Comm: ll_ost00_000 Tainted: G        W  O        7.0.0-ktest-6eb18a2-6330a45-20260928-dirty #1 PREEMPT 
00019 Tainted: [W]=WARN, [O]=OOT_MODULE
00019 Hardware name: QEMU Standard PC (Q35 + ICH9, 2009), BIOS 2025.11-3ubuntu7 03/31/2026
00019 RIP: 0010:osd_create+0x9cf/0xcf0 [osd_wbcfs]
00019 Code: c7 c7 00 96 7b a1 48 c7 c6 a0 12 7d a1 48 c7 c2 00 1c 7d a1 e8 52 f1 43 ff 48 c7 c7 00 96 7b a1 e8 46 81 44 ff e9 fe fc ff ff <0f> 0b e9 a5 fa ff ff 48 c7 c1 80 44 5d a0 80 e1 07 80 c1 03 38 c1
00019 RSP: 0018:ffffc90002007878 EFLAGS: 00010246
00019 RAX: 0000000000000000 RBX: ffff88814b235800 RCX: 0000000000000046
00019 RDX: 0000000000000000 RSI: ffff88814c8c89e8 RDI: ffff88804cd4aaa8
00019 RBP: ffff88814c8c8958 R08: ffffffff83a16803 R09: 1ffffffff0742d00
00019 R10: dffffc0000000000 R11: fffffbfff0742d01 R12: ffff88804f3d1030
00019 R13: dffffc0000000000 R14: 1ffff11029646b00 R15: 1ffff11009e7a242
00019 FS:  0000000000000000(0000) GS:ffff8881d4b29000(0000) knlGS:0000000000000000
00019 CS:  0010 DS: 0000 ES: 0000 CR0: 0000000080050033
00019 CR2: 00005577192b4560 CR3: 00000001263be000 CR4: 0000000000750eb0
00019 PKRU: 55555554
00019 Call Trace:
00019  <TASK>
00019  ? ofd_precreate_objects+0x1bd8/0x3220 [ofd]
00019  obdclass(O)
00019  ? ofd_create_hdl+0x2015/0x3510 [ofd]
00019  efivarfs
00019  ? tgt_request_handle+0x23ad/0x3d30 [ptlrpc]
00019  ksocklnd(O)
00019  obdclass(O)
00019  ? ptlrpc_main+0x6359/0x96f0 [ptlrpc]
00019  lnet(O)
00019  ? __kthread_parkme+0x73/0x130
00019  ? kthread+0x2cd/0x3a0
00019  ksocklnd(O)
00019  ? ptlrpc_start_thread+0x1f10/0x1f10 [ptlrpc]
00019  libcfs(O)
00019  ? kthread_unuse_mm+0x130/0x130
00019  ? ret_from_fork+0x18c/0x520
00019  lnet(O)
00019  ? kthread_unuse_mm+0x130/0x130
00019  ? ret_from_fork_asm+0x11/0x20
00019  </TASK>
00019 ---[ end trace 0000000000000000 ]---
00019 ------------[ cut here ]------------
00019 
00019 WARNING: /home/ktest/git/linux/include/linux/fs.h:889 at osd_create+0x9cf/0xcf0 [osd_wbcfs], CPU#2: ll_ost00_000/1804
00019 Modules linked in: ofd(O) osp(O) mdd(O) lod(O) mdt(O) lquota(O) lfsck(O) mgs(O) osd_wbcfs(O) lustre(O) obdecho(O) mgc(O) mdc(O) lov(O) osc(O) lmv(O) ec(O) fid(O) fld(O) ptlrpc(O) efivarfs obdclass(O) ksocklnd(O) lnet(O) libcfs(O)
00019 CPU: 2 UID: 0 PID: 1804 Comm: ll_ost00_000 Tainted: G        W  O        7.0.0-ktest-6eb18a2-6330a45-20260928-dirty #1 PREEMPT 
00019 Tainted: [W]=WARN, [O]=OOT_MODULE
00019 Hardware name: QEMU Standard PC (Q35 + ICH9, 2009), BIOS 2025.11-3ubuntu7 03/31/2026
00019 RIP: 0010:osd_create+0x9cf/0xcf0 [osd_wbcfs]
00019 Code: c7 c7 00 96 7b a1 48 c7 c6 a0 12 7d a1 48 c7 c2 00 1c 7d a1 e8 52 f1 43 ff 48 c7 c7 00 96 7b a1 e8 46 81 44 ff e9 fe fc ff ff <0f> 0b e9 a5 fa ff ff 48 c7 c1 80 44 5d a0 80 e1 07 80 c1 03 38 c1
00019 RSP: 0018:ffffc90002007878 EFLAGS: 00010246
00019 RAX: 0000000000000000 RBX: ffff88814b24e000 RCX: 0000000000000046
00019 RDX: 0000000000000000 RSI: ffff88814c8c82d0 RDI: ffff88804cd4aaa8
00019 RBP: ffff88814c8c8240 R08: ffffffff83a16803 R09: 1ffffffff0742d00
00019 R10: dffffc0000000000 R11: fffffbfff0742d01 R12: ffff88804f3d1030
00019  libcfs(O)
00019 R13: dffffc0000000000 R14: 1ffff11029649c00 R15: 1ffff11009e7a242
00019 FS:  0000000000000000(0000) GS:ffff8881d4b29000(0000) knlGS:0000000000000000
00019 CS:  0010 DS: 0000 ES: 0000 CR0: 0000000080050033
00019 CR2: 00005577192b4560 CR3: 00000001263be000 CR4: 0000000000750eb0
00019 PKRU: 55555554
00019 Call Trace:
00019  <TASK>
00019  ? ofd_precreate_objects+0x1bd8/0x3220 [ofd]
00019 CPU: 1 UID: 0 PID: 1806 Comm: ll_ost00_002 Tainted: G        W  O        7.0.0-ktest-6eb18a2-6330a45-20260928-dirty #1 PREEMPT 
00019 
00019  ? ofd_create_hdl+0x2015/0x3510 [ofd]
00019 Tainted: [W]=WARN, [O]=OOT_MODULE
00019 CPU: 0 UID: 0 PID: 1805 Comm: ll_ost00_001 Tainted: G        W  O        7.0.0-ktest-6eb18a2-6330a45-20260928-dirty #1 PREEMPT 
00019 Hardware name: QEMU Standard PC (Q35 + ICH9, 2009), BIOS 2025.11-3ubuntu7 03/31/2026
00019  ? tgt_request_handle+0x23ad/0x3d30 [ptlrpc]
00019 Tainted: [W]=WARN, [O]=OOT_MODULE
00019 RIP: 0010:osd_create+0x9cf/0xcf0 [osd_wbcfs]
00019 Hardware name: QEMU Standard PC (Q35 + ICH9, 2009), BIOS 2025.11-3ubuntu7 03/31/2026
00019 Code: c7 c7 00 96 7b a1 48 c7 c6 a0 12 7d a1 48 c7 c2 00 1c 7d a1 e8 52 f1 43 ff 48 c7 c7 00 96 7b a1 e8 46 81 44 ff e9 fe fc ff ff <0f> 0b e9 a5 fa ff ff 48 c7 c1 80 44 5d a0 80 e1 07 80 c1 03 38 c1
00019  ? ptlrpc_main+0x6359/0x96f0 [ptlrpc]
00019 RIP: 0010:osd_create+0x9cf/0xcf0 [osd_wbcfs]
00019 RSP: 0018:ffffc90001837878 EFLAGS: 00010246
00019  ? __kthread_parkme+0x73/0x130
00019  ? kthread+0x2cd/0x3a0
00019 Code: c7 c7 00 96 7b a1 48 c7 c6 a0 12 7d a1 48 c7 c2 00 1c 7d a1 e8 52 f1 43 ff 48 c7 c7 00 96 7b a1 e8 46 81 44 ff e9 fe fc ff ff <0f> 0b e9 a5 fa ff ff 48 c7 c1 80 44 5d a0 80 e1 07 80 c1 03 38 c1
00019  ? ptlrpc_start_thread+0x1f10/0x1f10 [ptlrpc]
00019 
00019  ? kthread_unuse_mm+0x130/0x130
00019  ? ret_from_fork+0x18c/0x520
00019  ? kthread_unuse_mm+0x130/0x130
00019  ? ret_from_fork_asm+0x11/0x20
00019  </TASK>
00019 ---[ end trace 0000000000000000 ]---
00019 RSP: 0018:ffffc900019a7878 EFLAGS: 00010246
00019 ------------[ cut here ]------------
00019 WARNING: /home/ktest/git/linux/include/linux/fs.h:889 at osd_create+0x9cf/0xcf0 [osd_wbcfs], CPU#2: ll_ost00_000/1804
00019 Modules linked in: ofd(O) osp(O) mdd(O) lod(O) mdt(O) lquota(O) lfsck(O) mgs(O) osd_wbcfs(O) lustre(O) obdecho(O) mgc(O) mdc(O) lov(O) osc(O) lmv(O) ec(O) fid(O) fld(O) ptlrpc(O) efivarfs obdclass(O) ksocklnd(O) lnet(O) libcfs(O)
00019 CPU: 2 UID: 0 PID: 1804 Comm: ll_ost00_000 Tainted: G        W  O        7.0.0-ktest-6eb18a2-6330a45-20260928-dirty #1 PREEMPT 
00019 Tainted: [W]=WARN, [O]=OOT_MODULE
00019 Hardware name: QEMU Standard PC (Q35 + ICH9, 2009), BIOS 2025.11-3ubuntu7 03/31/2026
00019 RIP: 0010:osd_create+0x9cf/0xcf0 [osd_wbcfs]
00019 Code: c7 c7 00 96 7b a1 48 c7 c6 a0 12 7d a1 48 c7 c2 00 1c 7d a1 e8 52 f1 43 ff 48 c7 c7 00 96 7b a1 e8 46 81 44 ff e9 fe fc ff ff <0f> 0b e9 a5 fa ff ff 48 c7 c1 80 44 5d a0 80 e1 07 80 c1 03 38 c1
00019 RSP: 0018:ffffc90002007878 EFLAGS: 00010246
00019 RAX: 0000000000000000 RBX: ffff88814b24dc00 RCX: 0000000000000046
00019 RDX: 0000000000000000 RSI: ffff88814ab450d8 RDI: ffff88804cd4aaa8
00019 RBP: ffff88814ab45048 R08: ffffffff83a16803 R09: 1ffffffff0742d00
00019 R10: dffffc0000000000 R11: fffffbfff0742d01 R12: ffff88804f3d1030
00019 R13: dffffc0000000000 R14: 1ffff11029649b80 R15: 1ffff11009e7a242
00019 FS:  0000000000000000(0000) GS:ffff8881d4b29000(0000) knlGS:0000000000000000
00019 CS:  0010 DS: 0000 ES: 0000 CR0: 0000000080050033
00019 RAX: 0000000000000000 RBX: ffff88814acb7c00 RCX: 0000000000000046
00019 CR2: 00005577192b4560 CR3: 00000001263be000 CR4: 0000000000750eb0
00019 PKRU: 55555554
00019 Call Trace:
00019  <TASK>
00019  ? ofd_precreate_objects+0x1bd8/0x3220 [ofd]
00019 
00019  ? ofd_create_hdl+0x2015/0x3510 [ofd]
00019 RDX: 0000000000000000 RSI: ffff8880576dfb68 RDI: ffff88804effaaa8
00019 RAX: 0000000000000000 RBX: ffff8881040dd800 RCX: 0000000000000046
00019 RBP: ffff8880576dfad8 R08: ffffffff83a16803 R09: 1ffffffff0742d00
00019  ? tgt_request_handle+0x23ad/0x3d30 [ptlrpc]
00019 RDX: 0000000000000000 RSI: ffff8880576d82d0 RDI: ffff88804effcb68
00019 R10: dffffc0000000000 R11: fffffbfff0742d01 R12: ffff88804ef54830
00019 RBP: ffff8880576d8240 R08: ffffffff83a16803 R09: 1ffffffff0742d00
00019  ? ptlrpc_main+0x6359/0x96f0 [ptlrpc]
00019 R13: dffffc0000000000 R14: 1ffff11029596f80 R15: 1ffff11009dea942
00019 R10: dffffc0000000000 R11: fffffbfff0742d01 R12: ffff88804f3d0830
00019  ? __kthread_parkme+0x73/0x130
00019  ? kthread+0x2cd/0x3a0
00019 FS:  0000000000000000(0000) GS:ffff8881d4aa9000(0000) knlGS:0000000000000000
00019 R13: dffffc0000000000 R14: 1ffff1102081bb00 R15: 1ffff11009e7a142
00019 CS:  0010 DS: 0000 ES: 0000 CR0: 0000000080050033
00019  ? ptlrpc_start_thread+0x1f10/0x1f10 [ptlrpc]
00019 FS:  0000000000000000(0000) GS:ffff8881d4a29000(0000) knlGS:0000000000000000
00019  ? kthread_unuse_mm+0x130/0x130
00019  ? ret_from_fork+0x18c/0x520
00019 CR2: 00007f4972e066f0 CR3: 0000000123455000 CR4: 0000000000750eb0
00019  ? kthread_unuse_mm+0x130/0x130
00019  ? ret_from_fork_asm+0x11/0x20
00019  </TASK>
00019 ---[ end trace 0000000000000000 ]---
00019 ------------[ cut here ]------------
00019 WARNING: /home/ktest/git/linux/include/linux/fs.h:889 at osd_create+0x9cf/0xcf0 [osd_wbcfs], CPU#2: ll_ost00_000/1804
00019 CS:  0010 DS: 0000 ES: 0000 CR0: 0000000080050033
00019 Modules linked in: ofd(O) osp(O) mdd(O) lod(O) mdt(O) lquota(O) lfsck(O) mgs(O) osd_wbcfs(O) lustre(O) obdecho(O) mgc(O) mdc(O) lov(O) osc(O) lmv(O) ec(O) fid(O) fld(O) ptlrpc(O) efivarfs obdclass(O) ksocklnd(O) lnet(O) libcfs(O)
00019 CPU: 2 UID: 0 PID: 1804 Comm: ll_ost00_000 Tainted: G        W  O        7.0.0-ktest-6eb18a2-6330a45-20260928-dirty #1 PREEMPT 
00019 Tainted: [W]=WARN, [O]=OOT_MODULE
00019 Hardware name: QEMU Standard PC (Q35 + ICH9, 2009), BIOS 2025.11-3ubuntu7 03/31/2026
00019 RIP: 0010:osd_create+0x9cf/0xcf0 [osd_wbcfs]
00019 PKRU: 55555554
00019 Code: c7 c7 00 96 7b a1 48 c7 c6 a0 12 7d a1 48 c7 c2 00 1c 7d a1 e8 52 f1 43 ff 48 c7 c7 00 96 7b a1 e8 46 81 44 ff e9 fe fc ff ff <0f> 0b e9 a5 fa ff ff 48 c7 c1 80 44 5d a0 80 e1 07 80 c1 03 38 c1
00019 RSP: 0018:ffffc90002007878 EFLAGS: 00010246
00019 RAX: 0000000000000000 RBX: ffff88814b384800 RCX: 0000000000000046
00019 RDX: 0000000000000000 RSI: ffff88814ab449c0 RDI: ffff88804cd4aaa8
00019 RBP: ffff88814ab44930 R08: ffffffff83a16803 R09: 1ffffffff0742d00
00019 R10: dffffc0000000000 R11: fffffbfff0742d01 R12: ffff88804f3d1030
00019 R13: dffffc0000000000 R14: 1ffff11029670900 R15: 1ffff11009e7a242
00019 FS:  0000000000000000(0000) GS:ffff8881d4b29000(0000) knlGS:0000000000000000
00019 CS:  0010 DS: 0000 ES: 0000 CR0: 0000000080050033
00019 CR2: 00005577192b4560 CR3: 00000001263be000 CR4: 0000000000750eb0
00019 PKRU: 55555554
00019 Call Trace:
00019  <TASK>
00019 CR2: 00007f6e31c06780 CR3: 00000001263be000 CR4: 0000000000750eb0
00019  ? ofd_precreate_objects+0x1bd8/0x3220 [ofd]
00019 Call Trace:
00019  ? ofd_create_hdl+0x2015/0x3510 [ofd]
00019 PKRU: 55555554
00019  <TASK>
00019  ? tgt_request_handle+0x23ad/0x3d30 [ptlrpc]
00019 Call Trace:
00019  ? ptlrpc_main+0x6359/0x96f0 [ptlrpc]
00019  ? ofd_precreate_objects+0x1bd8/0x3220 [ofd]
00019  ? __kthread_parkme+0x73/0x130
00019  ? kthread+0x2cd/0x3a0
00019  ? ptlrpc_start_thread+0x1f10/0x1f10 [ptlrpc]
00019  <TASK>
00019  ? kthread_unuse_mm+0x130/0x130
00019  ? ret_from_fork+0x18c/0x520
00019  ? kthread_unuse_mm+0x130/0x130
00019  ? ret_from_fork_asm+0x11/0x20
00019  </TASK>
00019 ---[ end trace 0000000000000000 ]---
00019 ------------[ cut here ]------------
00019 WARNING: /home/ktest/git/linux/include/linux/fs.h:889 at osd_create+0x9cf/0xcf0 [osd_wbcfs], CPU#2: ll_ost00_000/1804
00019 Modules linked in: ofd(O) osp(O) mdd(O) lod(O) mdt(O) lquota(O) lfsck(O) mgs(O) osd_wbcfs(O) lustre(O) obdecho(O) mgc(O) mdc(O) lov(O) osc(O) lmv(O) ec(O) fid(O) fld(O)
00019  ? ofd_create_hdl+0x2015/0x3510 [ofd]
00019  ? ofd_precreate_objects+0x1bd8/0x3220 [ofd]
00019  ? tgt_request_handle+0x23ad/0x3d30 [ptlrpc]
00019  ptlrpc(O)
00019  ? ofd_create_hdl+0x2015/0x3510 [ofd]
00019  ? ptlrpc_main+0x6359/0x96f0 [ptlrpc]
00019  ? __kthread_parkme+0x73/0x130
00019  ? kthread+0x2cd/0x3a0
00019  ? ptlrpc_start_thread+0x1f10/0x1f10 [ptlrpc]
00019  efivarfs
00019  ? kthread_unuse_mm+0x130/0x130
00019  ? tgt_request_handle+0x23ad/0x3d30 [ptlrpc]
00019  obdclass(O)
00019  ? ret_from_fork+0x18c/0x520
00019  ? kthread_unuse_mm+0x130/0x130
00019  ? ret_from_fork_asm+0x11/0x20
00019  ? ptlrpc_main+0x6359/0x96f0 [ptlrpc]
00019  ksocklnd(O)
00019  ? __kthread_parkme+0x73/0x130
00019  ? kthread+0x2cd/0x3a0
00019  </TASK>
00019 ---[ end trace 0000000000000000 ]---
00019 ------------[ cut here ]------------
00019  ? ptlrpc_start_thread+0x1f10/0x1f10 [ptlrpc]
00019  lnet(O)
00019  ? kthread_unuse_mm+0x130/0x130
00019  ? ret_from_fork+0x18c/0x520
00019  ? kthread_unuse_mm+0x130/0x130
00019  ? ret_from_fork_asm+0x11/0x20
00019  </TASK>
00019 ---[ end trace 0000000000000000 ]---
00019 WARNING: /home/ktest/git/linux/include/linux/fs.h:889 at osd_create+0x9cf/0xcf0 [osd_wbcfs], CPU#1: ll_ost00_002/1806
00019 ------------[ cut here ]------------
00019 WARNING: /home/ktest/git/linux/include/linux/fs.h:889 at osd_create+0x9cf/0xcf0 [osd_wbcfs], CPU#0: ll_ost00_001/1805
00019 Modules linked in: ofd(O) osp(O) mdd(O) lod(O) mdt(O) lquota(O) lfsck(O) mgs(O) osd_wbcfs(O) lustre(O) obdecho(O) mgc(O) mdc(O) lov(O) osc(O) lmv(O) ec(O) fid(O) fld(O) ptlrpc(O) efivarfs obdclass(O) ksocklnd(O) lnet(O) libcfs(O)
00019 CPU: 0 UID: 0 PID: 1805 Comm: ll_ost00_001 Tainted: G        W  O        7.0.0-ktest-6eb18a2-6330a45-20260928-dirty #1 PREEMPT 
00019 Tainted: [W]=WARN, [O]=OOT_MODULE
00019 Hardware name: QEMU Standard PC (Q35 + ICH9, 2009), BIOS 2025.11-3ubuntu7 03/31/2026
00019 RIP: 0010:osd_create+0x9cf/0xcf0 [osd_wbcfs]
00019 Code: c7 c7 00 96 7b a1 48 c7 c6 a0 12 7d a1 48 c7 c2 00 1c 7d a1 e8 52 f1 43 ff 48 c7 c7 00 96 7b a1 e8 46 81 44 ff e9 fe fc ff ff <0f> 0b e9 a5 fa ff ff 48 c7 c1 80 44 5d a0 80 e1 07 80 c1 03 38 c1
00019 RSP: 0018:ffffc900019a7878 EFLAGS: 00010246
00019 RAX: 0000000000000000 RBX: ffff8881040dd400 RCX: 0000000000000046
00019 RDX: 0000000000000000 RSI: ffff88814c8cfb68 RDI: ffff88804effcb68
00019 RBP: ffff88814c8cfad8 R08: ffffffff83a16803 R09: 1ffffffff0742d00
00019 R10: dffffc0000000000 R11: fffffbfff0742d01 R12: ffff88804f3d0830
00019 R13: dffffc0000000000 R14: 1ffff1102081ba80 R15: 1ffff11009e7a142
00019 FS:  0000000000000000(0000) GS:ffff8881d4a29000(0000) knlGS:0000000000000000
00019 CS:  0010 DS: 0000 ES: 0000 CR0: 0000000080050033
00019 CR2: 00007f6e31c06780 CR3: 00000001263be000 CR4: 0000000000750eb0
00019 PKRU: 55555554
00019 Call Trace:
00019  <TASK>
00019  ? ofd_precreate_objects+0x1bd8/0x3220 [ofd]
00019  libcfs(O)
00019  ? ofd_create_hdl+0x2015/0x3510 [ofd]
00019 Modules linked in: ofd(O) osp(O) mdd(O) lod(O) mdt(O) lquota(O) lfsck(O) mgs(O) osd_wbcfs(O) lustre(O) obdecho(O) mgc(O) mdc(O) lov(O)
00019 
00019  osc(O) lmv(O)
00019  ? tgt_request_handle+0x23ad/0x3d30 [ptlrpc]
00019  ec(O) fid(O) fld(O) ptlrpc(O) efivarfs obdclass(O) ksocklnd(O) lnet(O) libcfs(O)
00019 CPU: 1 UID: 0 PID: 1806 Comm: ll_ost00_002 Tainted: G        W  O        7.0.0-ktest-6eb18a2-6330a45-20260928-dirty #1 PREEMPT 
00019 CPU: 2 UID: 0 PID: 1804 Comm: ll_ost00_000 Tainted: G        W  O        7.0.0-ktest-6eb18a2-6330a45-20260928-dirty #1 PREEMPT 
00019 Tainted: [W]=WARN, [O]=OOT_MODULE
00019 Hardware name: QEMU Standard PC (Q35 + ICH9, 2009), BIOS 2025.11-3ubuntu7 03/31/2026
00019 RIP: 0010:osd_create+0x9cf/0xcf0 [osd_wbcfs]
00019 Code: c7 c7 00 96 7b a1 48 c7 c6 a0 12 7d a1 48 c7 c2 00 1c 7d a1 e8 52 f1 43 ff 48 c7 c7 00 96 7b a1 e8 46 81 44 ff e9 fe fc ff ff <0f> 0b e9 a5 fa ff ff 48 c7 c1 80 44 5d a0 80 e1 07 80 c1 03 38 c1
00019 RSP: 0018:ffffc90001837878 EFLAGS: 00010246
00019 RAX: 0000000000000000 RBX: ffff88814acb7800 RCX: 0000000000000046
00019 RDX: 0000000000000000 RSI: ffff8880576df450 RDI: ffff88804effaaa8
00019 RBP: ffff8880576df3c0 R08: ffffffff83a16803 R09: 1ffffffff0742d00
00019 R10: dffffc0000000000 R11: fffffbfff0742d01 R12: ffff88804ef54830
00019 R13: dffffc0000000000 R14: 1ffff11029596f00 R15: 1ffff11009dea942
00019 FS:  0000000000000000(0000) GS:ffff8881d4aa9000(0000) knlGS:0000000000000000
00019 CS:  0010 DS: 0000 ES: 0000 CR0: 0000000080050033
00019 CR2: 00007f4972e066f0 CR3: 0000000123455000 CR4: 0000000000750eb0
00019 PKRU: 55555554
00019 Call Trace:
00019  <TASK>
00019  ? ofd_precreate_objects+0x1bd8/0x3220 [ofd]
00019  ? ofd_create_hdl+0x2015/0x3510 [ofd]
00019 Tainted: [W]=WARN, [O]=OOT_MODULE
00019  ? ptlrpc_main+0x6359/0x96f0 [ptlrpc]
00019  ? tgt_request_handle+0x23ad/0x3d30 [ptlrpc]
00019 Hardware name: QEMU Standard PC (Q35 + ICH9, 2009), BIOS 2025.11-3ubuntu7 03/31/2026
00019  ? __kthread_parkme+0x73/0x130
00019 RIP: 0010:osd_create+0x9cf/0xcf0 [osd_wbcfs]
00019  ? ptlrpc_main+0x6359/0x96f0 [ptlrpc]
00019  ? kthread+0x2cd/0x3a0
00019  ? ptlrpc_start_thread+0x1f10/0x1f10 [ptlrpc]
00019  ? kthread_unuse_mm+0x130/0x130
00019  ? ret_from_fork+0x18c/0x520
00019  ? kthread_unuse_mm+0x130/0x130
00019  ? ret_from_fork_asm+0x11/0x20
00019  </TASK>
00019 ---[ end trace 0000000000000000 ]---
00019 Code: c7 c7 00 96 7b a1 48 c7 c6 a0 12 7d a1 48 c7 c2 00 1c 7d a1 e8 52 f1 43 ff 48 c7 c7 00 96 7b a1 e8 46 81 44 ff e9 fe fc ff ff <0f> 0b e9 a5 fa ff ff 48 c7 c1 80 44 5d a0 80 e1 07 80 c1 03 38 c1
00019  ? __kthread_parkme+0x73/0x130
00019 RSP: 0018:ffffc90002007878 EFLAGS: 00010246
00019  ? kthread+0x2cd/0x3a0
00019  ? ptlrpc_start_thread+0x1f10/0x1f10 [ptlrpc]
00019 ------------[ cut here ]------------
00019 
00019  ? kthread_unuse_mm+0x130/0x130
00019  ? ret_from_fork+0x18c/0x520
00019  ? kthread_unuse_mm+0x130/0x130
00019  ? ret_from_fork_asm+0x11/0x20
00019  </TASK>
00019 ---[ end trace 0000000000000000 ]---
00019 WARNING: /home/ktest/git/linux/include/linux/fs.h:889 at osd_create+0x9cf/0xcf0 [osd_wbcfs], CPU#0: ll_ost00_001/1805
00019 ------------[ cut here ]------------
00019 WARNING: /home/ktest/git/linux/include/linux/fs.h:889 at osd_create+0x9cf/0xcf0 [osd_wbcfs], CPU#1: ll_ost00_002/1806
00019 Modules linked in: ofd(O) osp(O) mdd(O) lod(O) mdt(O) lquota(O) lfsck(O) mgs(O) osd_wbcfs(O) lustre(O) obdecho(O) mgc(O) mdc(O) lov(O) osc(O) lmv(O) ec(O) fid(O) fld(O) ptlrpc(O) efivarfs obdclass(O) ksocklnd(O) lnet(O) libcfs(O)
00019 CPU: 1 UID: 0 PID: 1806 Comm: ll_ost00_002 Tainted: G        W  O        7.0.0-ktest-6eb18a2-6330a45-20260928-dirty #1 PREEMPT 
00019 Tainted: [W]=WARN, [O]=OOT_MODULE
00019 Hardware name: QEMU Standard PC (Q35 + ICH9, 2009), BIOS 2025.11-3ubuntu7 03/31/2026
00019 RIP: 0010:osd_create+0x9cf/0xcf0 [osd_wbcfs]
00019 Code: c7 c7 00 96 7b a1 48 c7 c6 a0 12 7d a1 48 c7 c2 00 1c 7d a1 e8 52 f1 43 ff 48 c7 c7 00 96 7b a1 e8 46 81 44 ff e9 fe fc ff ff <0f> 0b e9 a5 fa ff ff 48 c7 c1 80 44 5d a0 80 e1 07 80 c1 03 38 c1
00019 RSP: 0018:ffffc90001837878 EFLAGS: 00010246
00019 RAX: 0000000000000000 RBX: ffff88814acb7400 RCX: 0000000000000046
00019 RDX: 0000000000000000 RSI: ffff8880576ded38 RDI: ffff88804effaaa8
00019 RBP: ffff8880576deca8 R08: ffffffff83a16803 R09: 1ffffffff0742d00
00019 R10: dffffc0000000000 R11: fffffbfff0742d01 R12: ffff88804ef54830
00019 R13: dffffc0000000000 R14: 1ffff11029596e80 R15: 1ffff11009dea942
00019 FS:  0000000000000000(0000) GS:ffff8881d4aa9000(0000) knlGS:0000000000000000
00019 CS:  0010 DS: 0000 ES: 0000 CR0: 0000000080050033
00019 CR2: 00007f4972e066f0 CR3: 0000000123455000 CR4: 0000000000750eb0
00019 PKRU: 55555554
00019 Call Trace:
00019  <TASK>
00019  ? ofd_precreate_objects+0x1bd8/0x3220 [ofd]
00019  ? ofd_create_hdl+0x2015/0x3510 [ofd]
00019  ? tgt_request_handle+0x23ad/0x3d30 [ptlrpc]
00019 RAX: 0000000000000000 RBX: ffff88814b3e0000 RCX: 0000000000000046
00019 Modules linked in: ofd(O) osp(O) mdd(O) lod(O) mdt(O) lquota(O) lfsck(O) mgs(O) osd_wbcfs(O) lustre(O) obdecho(O) mgc(O) mdc(O) lov(O)
00019  ? ptlrpc_main+0x6359/0x96f0 [ptlrpc]
00019 RDX: 0000000000000000 RSI: ffff88814ab442a8 RDI: ffff88804cd4aaa8
00019  ? __kthread_parkme+0x73/0x130
00019  ? kthread+0x2cd/0x3a0
00019  osc(O) lmv(O) ec(O) fid(O) fld(O) ptlrpc(O) efivarfs obdclass(O) ksocklnd(O) lnet(O) libcfs(O)
00019 CPU: 0 UID: 0 PID: 1805 Comm: ll_ost00_001 Tainted: G        W  O        7.0.0-ktest-6eb18a2-6330a45-20260928-dirty #1 PREEMPT 
00019  ? ptlrpc_start_thread+0x1f10/0x1f10 [ptlrpc]
00019 RBP: ffff88814ab44218 R08: ffffffff83a16803 R09: 1ffffffff0742d00
00019  ? kthread_unuse_mm+0x130/0x130
00019  ? ret_from_fork+0x18c/0x520
00019  ? kthread_unuse_mm+0x130/0x130
00019  ? ret_from_fork_asm+0x11/0x20
00019  </TASK>
00019 ---[ end trace 0000000000000000 ]---
00019 ------------[ cut here ]------------
00019 WARNING: /home/ktest/git/linux/include/linux/fs.h:889 at osd_create+0x9cf/0xcf0 [osd_wbcfs], CPU#1: ll_ost00_002/1806
00019 Modules linked in: ofd(O) osp(O) mdd(O) lod(O) mdt(O) lquota(O) lfsck(O) mgs(O) osd_wbcfs(O) lustre(O) obdecho(O) mgc(O) mdc(O) lov(O) osc(O) lmv(O) ec(O) fid(O) fld(O) ptlrpc(O) efivarfs obdclass(O) ksocklnd(O) lnet(O) libcfs(O)
00019 CPU: 1 UID: 0 PID: 1806 Comm: ll_ost00_002 Tainted: G        W  O        7.0.0-ktest-6eb18a2-6330a45-20260928-dirty #1 PREEMPT 
00019 Tainted: [W]=WARN, [O]=OOT_MODULE
00019 Hardware name: QEMU Standard PC (Q35 + ICH9, 2009), BIOS 2025.11-3ubuntu7 03/31/2026
00019 RIP: 0010:osd_create+0x9cf/0xcf0 [osd_wbcfs]
00019 Tainted: [W]=WARN, [O]=OOT_MODULE
00019 Hardware name: QEMU Standard PC (Q35 + ICH9, 2009), BIOS 2025.11-3ubuntu7 03/31/2026
00019 Code: c7 c7 00 96 7b a1 48 c7 c6 a0 12 7d a1 48 c7 c2 00 1c 7d a1 e8 52 f1 43 ff 48 c7 c7 00 96 7b a1 e8 46 81 44 ff e9 fe fc ff ff <0f> 0b e9 a5 fa ff ff 48 c7 c1 80 44 5d a0 80 e1 07 80 c1 03 38 c1
00019 RSP: 0018:ffffc90001837878 EFLAGS: 00010246
00019 RAX: 0000000000000000 RBX: ffff88814b971000 RCX: 0000000000000046
00019 RDX: 0000000000000000 RSI: ffff8880576de620 RDI: ffff88804effaaa8
00019 RIP: 0010:osd_create+0x9cf/0xcf0 [osd_wbcfs]
00019 RBP: ffff8880576de590 R08: ffffffff83a16803 R09: 1ffffffff0742d00
00019 R10: dffffc0000000000 R11: fffffbfff0742d01 R12: ffff88804ef54830
00019 Code: c7 c7 00 96 7b a1 48 c7 c6 a0 12 7d a1 48 c7 c2 00 1c 7d a1 e8 52 f1 43 ff 48 c7 c7 00 96 7b a1 e8 46 81 44 ff e9 fe fc ff ff <0f> 0b e9 a5 fa ff ff 48 c7 c1 80 44 5d a0 80 e1 07 80 c1 03 38 c1
00019 RSP: 0018:ffffc900019a7878 EFLAGS: 00010246
00019 RAX: 0000000000000000 RBX: ffff8881040df400 RCX: 0000000000000046
00019 RDX: 0000000000000000 RSI: ffff88814c8cf450 RDI: ffff88804effcb68
00019 RBP: ffff88814c8cf3c0 R08: ffffffff83a16803 R09: 1ffffffff0742d00
00019 R10: dffffc0000000000 R11: fffffbfff0742d01 R12: ffff88804f3d0830
00019 R13: dffffc0000000000 R14: 1ffff1102081be80 R15: 1ffff11009e7a142
00019 FS:  0000000000000000(0000) GS:ffff8881d4a29000(0000) knlGS:0000000000000000
00019 CS:  0010 DS: 0000 ES: 0000 CR0: 0000000080050033
00019 CR2: 00007f6e31c06780 CR3: 00000001263be000 CR4: 0000000000750eb0
00019 PKRU: 55555554
00019 Call Trace:
00019  <TASK>
00019  ? ofd_precreate_objects+0x1bd8/0x3220 [ofd]
00019  ? ofd_create_hdl+0x2015/0x3510 [ofd]
00019 R10: dffffc0000000000 R11: fffffbfff0742d01 R12: ffff88804f3d1030
00019  ? tgt_request_handle+0x23ad/0x3d30 [ptlrpc]
00019 R13: dffffc0000000000 R14: 1ffff1102972e200 R15: 1ffff11009dea942
00019 FS:  0000000000000000(0000) GS:ffff8881d4aa9000(0000) knlGS:0000000000000000
00019 CS:  0010 DS: 0000 ES: 0000 CR0: 0000000080050033
00019 CR2: 00007f4972e066f0 CR3: 0000000123455000 CR4: 0000000000750eb0
00019 PKRU: 55555554
00019 Call Trace:
00019  <TASK>
00019  ? ofd_precreate_objects+0x1bd8/0x3220 [ofd]
00019 R13: dffffc0000000000 R14: 1ffff1102967c000 R15: 1ffff11009e7a242
00019  ? ofd_create_hdl+0x2015/0x3510 [ofd]
00019  ? ptlrpc_main+0x6359/0x96f0 [ptlrpc]
00019 FS:  0000000000000000(0000) GS:ffff8881d4b29000(0000) knlGS:0000000000000000
00019  ? __kthread_parkme+0x73/0x130
00019  ? kthread+0x2cd/0x3a0
00019  ? tgt_request_handle+0x23ad/0x3d30 [ptlrpc]
00019  ? ptlrpc_start_thread+0x1f10/0x1f10 [ptlrpc]
00019  ? kthread_unuse_mm+0x130/0x130
00019  ? ret_from_fork+0x18c/0x520
00019  ? kthread_unuse_mm+0x130/0x130
00019  ? ret_from_fork_asm+0x11/0x20
00019  </TASK>
00019 ---[ end trace 0000000000000000 ]---
00019 ------------[ cut here ]------------
00019 CS:  0010 DS: 0000 ES: 0000 CR0: 0000000080050033
00019 CR2: 00005577192b4560 CR3: 00000001263be000 CR4: 0000000000750eb0
00019 PKRU: 55555554
00019 Call Trace:
00019  <TASK>
00019  ? ofd_precreate_objects+0x1bd8/0x3220 [ofd]
00019  ? ofd_create_hdl+0x2015/0x3510 [ofd]
00019  ? ptlrpc_main+0x6359/0x96f0 [ptlrpc]
00019 WARNING: /home/ktest/git/linux/include/linux/fs.h:889 at osd_create+0x9cf/0xcf0 [osd_wbcfs], CPU#0: ll_ost00_001/1805
00019 Modules linked in:
00019  ? tgt_request_handle+0x23ad/0x3d30 [ptlrpc]
00019  ? __kthread_parkme+0x73/0x130
00019  ofd(O)
00019  ? kthread+0x2cd/0x3a0
00019  osp(O)
00019  ? ptlrpc_main+0x6359/0x96f0 [ptlrpc]
00019  mdd(O) lod(O) mdt(O) lquota(O) lfsck(O) mgs(O) osd_wbcfs(O) lustre(O) obdecho(O) mgc(O) mdc(O) lov(O) osc(O) lmv(O) ec(O) fid(O)
00019  ? ptlrpc_start_thread+0x1f10/0x1f10 [ptlrpc]
00019  ? __kthread_parkme+0x73/0x130
00019  ? kthread+0x2cd/0x3a0
00019  fld(O)
00019  ? kthread_unuse_mm+0x130/0x130
00019  ? ptlrpc_start_thread+0x1f10/0x1f10 [ptlrpc]
00019  ptlrpc(O)
00019  ? kthread_unuse_mm+0x130/0x130
00019  ? ret_from_fork+0x18c/0x520
00019  ? ret_from_fork+0x18c/0x520
00019  ? kthread_unuse_mm+0x130/0x130
00019  ? ret_from_fork_asm+0x11/0x20
00019  </TASK>
00019 ---[ end trace 0000000000000000 ]---
00019  efivarfs
00019  ? kthread_unuse_mm+0x130/0x130
00019  obdclass(O)
00019  ? ret_from_fork_asm+0x11/0x20
00019 ------------[ cut here ]------------
00019 WARNING: /home/ktest/git/linux/include/linux/fs.h:889 at osd_create+0x9cf/0xcf0 [osd_wbcfs], CPU#3: ll_ost00_000/1804
00019 Modules linked in: ofd(O)
00019  ksocklnd(O)
00019  osp(O)
00019  lnet(O)
00019  mdd(O) lod(O) mdt(O) lquota(O) lfsck(O) mgs(O) osd_wbcfs(O) lustre(O) obdecho(O) mgc(O) mdc(O) lov(O) osc(O) lmv(O) ec(O) fid(O) fld(O) ptlrpc(O) efivarfs obdclass(O) ksocklnd(O) lnet(O) libcfs(O)
00019 CPU: 3 UID: 0 PID: 1804 Comm: ll_ost00_000 Tainted: G        W  O        7.0.0-ktest-6eb18a2-6330a45-20260928-dirty #1 PREEMPT 
00019 Tainted: [W]=WARN, [O]=OOT_MODULE
00019 Hardware name: QEMU Standard PC (Q35 + ICH9, 2009), BIOS 2025.11-3ubuntu7 03/31/2026
00019 RIP: 0010:osd_create+0x9cf/0xcf0 [osd_wbcfs]
00019 Code: c7 c7 00 96 7b a1 48 c7 c6 a0 12 7d a1 48 c7 c2 00 1c 7d a1 e8 52 f1 43 ff 48 c7 c7 00 96 7b a1 e8 46 81 44 ff e9 fe fc ff ff <0f> 0b e9 a5 fa ff ff 48 c7 c1 80 44 5d a0 80 e1 07 80 c1 03 38 c1
00019 RSP: 0018:ffffc90002007878 EFLAGS: 00010246
00019  </TASK>
00019 ---[ end trace 0000000000000000 ]---
00019  libcfs(O)
00019 
00019 ------------[ cut here ]------------
00019 WARNING: /home/ktest/git/linux/include/linux/fs.h:889 at osd_create+0x9cf/0xcf0 [osd_wbcfs], CPU#1: ll_ost00_003/1842
00019 Modules linked in: ofd(O) osp(O) mdd(O) lod(O) mdt(O) lquota(O) lfsck(O) mgs(O) osd_wbcfs(O) lustre(O) obdecho(O) mgc(O) mdc(O) lov(O) osc(O) lmv(O) ec(O) fid(O) fld(O) ptlrpc(O) efivarfs obdclass(O) ksocklnd(O) lnet(O) libcfs(O)
00019 CPU: 1 UID: 0 PID: 1842 Comm: ll_ost00_003 Tainted: G        W  O        7.0.0-ktest-6eb18a2-6330a45-20260928-dirty #1 PREEMPT 
00019 Tainted: [W]=WARN, [O]=OOT_MODULE
00019 Hardware name: QEMU Standard PC (Q35 + ICH9, 2009), BIOS 2025.11-3ubuntu7 03/31/2026
00019 RIP: 0010:osd_create+0x9cf/0xcf0 [osd_wbcfs]
00019 Code: c7 c7 00 96 7b a1 48 c7 c6 a0 12 7d a1 48 c7 c2 00 1c 7d a1 e8 52 f1 43 ff 48 c7 c7 00 96 7b a1 e8 46 81 44 ff e9 fe fc ff ff <0f> 0b e9 a5 fa ff ff 48 c7 c1 80 44 5d a0 80 e1 07 80 c1 03 38 c1
00019 RSP: 0018:ffffc900019c7950 EFLAGS: 00010246
00019 RAX: 0000000000000000 RBX: ffff88814e11d000 RCX: 0000000000000046
00019 RDX: 0000000000000000 RSI: ffff8880576ddf08 RDI: ffff888148000998
00019 RBP: ffff8880576dde78 R08: ffffffff83a16803 R09: 1ffffffff0742d00
00019 R10: dffffc0000000000 R11: fffffbfff0742d01 R12: ffff88814ed2a830
00019 R13: dffffc0000000000 R14: 1ffff11029c23a00 R15: 1ffff11029da5542
00019 FS:  0000000000000000(0000) GS:ffff8881d4aa9000(0000) knlGS:0000000000000000
00019 CPU: 0 UID: 0 PID: 1805 Comm: ll_ost00_001 Tainted: G        W  O        7.0.0-ktest-6eb18a2-6330a45-20260928-dirty #1 PREEMPT 
00019 Tainted: [W]=WARN, [O]=OOT_MODULE
00019 Hardware name: QEMU Standard PC (Q35 + ICH9, 2009), BIOS 2025.11-3ubuntu7 03/31/2026
00019 RIP: 0010:osd_create+0x9cf/0xcf0 [osd_wbcfs]
00019 Code: c7 c7 00 96 7b a1 48 c7 c6 a0 12 7d a1 48 c7 c2 00 1c 7d a1 e8 52 f1 43 ff 48 c7 c7 00 96 7b a1 e8 46 81 44 ff e9 fe fc ff ff <0f> 0b e9 a5 fa ff ff 48 c7 c1 80 44 5d a0 80 e1 07 80 c1 03 38 c1
00019 RSP: 0018:ffffc900019a7878 EFLAGS: 00010246
00019 RAX: 0000000000000000 RBX: ffff8881040dfc00 RCX: 0000000000000046
00019 RDX: 0000000000000000 RSI: ffff88814c8ced38 RDI: ffff88804effcb68
00019 RBP: ffff88814c8ceca8 R08: ffffffff83a16803 R09: 1ffffffff0742d00
00019 R10: dffffc0000000000 R11: fffffbfff0742d01 R12: ffff88804f3d0830
00019 R13: dffffc0000000000 R14: 1ffff1102081bf80 R15: 1ffff11009e7a142
00019 FS:  0000000000000000(0000) GS:ffff8881d4a29000(0000) knlGS:0000000000000000
00019 CS:  0010 DS: 0000 ES: 0000 CR0: 0000000080050033
00019 CR2: 00007f6e31c06780 CR3: 00000001263be000 CR4: 0000000000750eb0
00019 PKRU: 55555554
00019 Call Trace:
00019  <TASK>
00019 RAX: 0000000000000000 RBX: ffff88814b3e3c00 RCX: 0000000000000046
00019  ? ofd_precreate_objects+0x1bd8/0x3220 [ofd]
00019  ? ofd_create_hdl+0x2015/0x3510 [ofd]
00019 CS:  0010 DS: 0000 ES: 0000 CR0: 0000000080050033
00019 RDX: 0000000000000000 RSI: ffff888145cf09e8 RDI: ffff88804cd4aaa8
00019  ? tgt_request_handle+0x23ad/0x3d30 [ptlrpc]
00019 CR2: 00007f4972e066f0 CR3: 0000000123455000 CR4: 0000000000750eb0
00019 RBP: ffff888145cf0958 R08: ffffffff83a16803 R09: 1ffffffff0742d00
00019 PKRU: 55555554
00019 R10: dffffc0000000000 R11: fffffbfff0742d01 R12: ffff88804f3d1030
00019 Call Trace:
00019  ? ptlrpc_main+0x6359/0x96f0 [ptlrpc]
00019 R13: dffffc0000000000 R14: 1ffff1102967c780 R15: 1ffff11009e7a242
00019  <TASK>
00019  ? __kthread_parkme+0x73/0x130
00019  ? kthread+0x2cd/0x3a0
00019 FS:  0000000000000000(0000) GS:ffff8881d4ba9000(0000) knlGS:0000000000000000
00019  ? ptlrpc_start_thread+0x1f10/0x1f10 [ptlrpc]
00019  ? dt_find_or_create+0x81a/0x1170 [obdclass]
00019 CS:  0010 DS: 0000 ES: 0000 CR0: 0000000080050033
00019  ? kthread_unuse_mm+0x130/0x130
00019  ? ofd_seq_load+0x605/0x1ac0 [ofd]
00019  ? ofd_get_info_hdl+0xfdd/0x2330 [ofd]
00019  ? tgt_request_handle+0x23ad/0x3d30 [ptlrpc]
00019 CR2: 00005577192b4560 CR3: 00000001263be000 CR4: 0000000000750eb0
00019  ? ret_from_fork+0x18c/0x520
00019  ? ptlrpc_main+0x6359/0x96f0 [ptlrpc]
00019 PKRU: 55555554
00019  ? __kthread_parkme+0x73/0x130
00019  ? kthread+0x2cd/0x3a0
00019  ? kthread_unuse_mm+0x130/0x130
00019 Call Trace:
00019  ? ptlrpc_start_thread+0x1f10/0x1f10 [ptlrpc]
00019  ? kthread_unuse_mm+0x130/0x130
00019  ? ret_from_fork+0x18c/0x520
00019  ? kthread_unuse_mm+0x130/0x130
00019  ? ret_from_fork_asm+0x11/0x20
00019  ? ret_from_fork_asm+0x11/0x20
00019  </TASK>
00019 ---[ end trace 0000000000000000 ]---
00019  <TASK>
00019 ------------[ cut here ]------------
00019 WARNING: /home/ktest/git/linux/include/linux/fs.h:889 at osd_create+0x9cf/0xcf0 [osd_wbcfs], CPU#1: ll_ost00_002/1806
00019 Modules linked in: ofd(O) osp(O) mdd(O) lod(O) mdt(O) lquota(O)
00019  </TASK>
00019 ---[ end trace 0000000000000000 ]---
00019  ? ofd_precreate_objects+0x1bd8/0x3220 [ofd]
00019  lfsck(O)
00019 ------------[ cut here ]------------
00019  ? ofd_create_hdl+0x2015/0x3510 [ofd]
00019  mgs(O) osd_wbcfs(O) lustre(O) obdecho(O) mgc(O) mdc(O) lov(O) osc(O) lmv(O) ec(O) fid(O) fld(O) ptlrpc(O) efivarfs obdclass(O)
00019 WARNING: /home/ktest/git/linux/include/linux/fs.h:889 at osd_create+0x9cf/0xcf0 [osd_wbcfs], CPU#2: ll_ost00_004/1849
00019  ? tgt_request_handle+0x23ad/0x3d30 [ptlrpc]
00019 ------------[ cut here ]------------
00019 WARNING: /home/ktest/git/linux/include/linux/fs.h:889 at osd_create+0x9cf/0xcf0 [osd_wbcfs], CPU#0: ll_ost00_001/1805
00019 Modules linked in: ofd(O) osp(O) mdd(O) lod(O) mdt(O) lquota(O) lfsck(O) mgs(O) osd_wbcfs(O) lustre(O) obdecho(O) mgc(O) mdc(O) lov(O) osc(O) lmv(O) ec(O) fid(O) fld(O) ptlrpc(O) efivarfs obdclass(O) ksocklnd(O) lnet(O) libcfs(O)
00019 CPU: 0 UID: 0 PID: 1805 Comm: ll_ost00_001 Tainted: G        W  O        7.0.0-ktest-6eb18a2-6330a45-20260928-dirty #1 PREEMPT 
00019 Tainted: [W]=WARN, [O]=OOT_MODULE
00019 Hardware name: QEMU Standard PC (Q35 + ICH9, 2009), BIOS 2025.11-3ubuntu7 03/31/2026
00019 RIP: 0010:osd_create+0x9cf/0xcf0 [osd_wbcfs]
00019 Code: c7 c7 00 96 7b a1 48 c7 c6 a0 12 7d a1 48 c7 c2 00 1c 7d a1 e8 52 f1 43 ff 48 c7 c7 00 96 7b a1 e8 46 81 44 ff e9 fe fc ff ff <0f> 0b e9 a5 fa ff ff 48 c7 c1 80 44 5d a0 80 e1 07 80 c1 03 38 c1
00019 RSP: 0018:ffffc900019a7878 EFLAGS: 00010246
00019 RAX: 0000000000000000 RBX: ffff8881040dc400 RCX: 0000000000000046
00019 RDX: 0000000000000000 RSI: ffff88814c8ce620 RDI: ffff88804effcb68
00019  ksocklnd(O)
00019 RBP: ffff88814c8ce590 R08: ffffffff83a16803 R09: 1ffffffff0742d00
00019  lnet(O)
00019 R10: dffffc0000000000 R11: fffffbfff0742d01 R12: ffff88804f3d0830
00019  libcfs(O)
00019 R13: dffffc0000000000 R14: 1ffff1102081b880 R15: 1ffff11009e7a142
00019 
00019 CPU: 1 UID: 0 PID: 1806 Comm: ll_ost00_002 Tainted: G        W  O        7.0.0-ktest-6eb18a2-6330a45-20260928-dirty #1 PREEMPT 
00019 FS:  0000000000000000(0000) GS:ffff8881d4a29000(0000) knlGS:0000000000000000
00019 Tainted: [W]=WARN, [O]=OOT_MODULE
00019 CS:  0010 DS: 0000 ES: 0000 CR0: 0000000080050033
00019 Hardware name: QEMU Standard PC (Q35 + ICH9, 2009), BIOS 2025.11-3ubuntu7 03/31/2026
00019 CR2: 00007f6e31c06780 CR3: 00000001263be000 CR4: 0000000000750eb0
00019 PKRU: 55555554
00019 Call Trace:
00019  <TASK>
00019  ? ptlrpc_main+0x6359/0x96f0 [ptlrpc]
00019  ? ofd_precreate_objects+0x1bd8/0x3220 [ofd]
00019  ? ofd_create_hdl+0x2015/0x3510 [ofd]
00019 Modules linked in: ofd(O) osp(O) mdd(O) lod(O) mdt(O) lquota(O) lfsck(O) mgs(O) osd_wbcfs(O) lustre(O) obdecho(O) mgc(O) mdc(O) lov(O) osc(O) lmv(O) ec(O) fid(O) fld(O) ptlrpc(O) efivarfs obdclass(O) ksocklnd(O) lnet(O) libcfs(O)
00019 CPU: 2 UID: 0 PID: 1849 Comm: ll_ost00_004 Tainted: G        W  O        7.0.0-ktest-6eb18a2-6330a45-20260928-dirty #1 PREEMPT 
00019 Tainted: [W]=WARN, [O]=OOT_MODULE
00019 Hardware name: QEMU Standard PC (Q35 + ICH9, 2009), BIOS 2025.11-3ubuntu7 03/31/2026
00019 RIP: 0010:osd_create+0x9cf/0xcf0 [osd_wbcfs]
00019  ? __kthread_parkme+0x73/0x130
00019  ? kthread+0x2cd/0x3a0
00019 Code: c7 c7 00 96 7b a1 48 c7 c6 a0 12 7d a1 48 c7 c2 00 1c 7d a1 e8 52 f1 43 ff 48 c7 c7 00 96 7b a1 e8 46 81 44 ff e9 fe fc ff ff <0f> 0b e9 a5 fa ff ff 48 c7 c1 80 44 5d a0 80 e1 07 80 c1 03 38 c1
00019 RSP: 0018:ffffc90007daf878 EFLAGS: 00010246
00019 RAX: 0000000000000000 RBX: ffff888101329000 RCX: 0000000000000046
00019 RDX: 0000000000000000 RSI: ffff88814ab43b90 RDI: ffff88814a8289e8
00019 RBP: ffff88814ab43b00 R08: ffffffff83a16803 R09: 1ffffffff0742d00
00019 R10: dffffc0000000000 R11: fffffbfff0742d01 R12: ffff88814803b030
00019 R13: dffffc0000000000 R14: 1ffff11020265200 R15: 1ffff11029007642
00019 FS:  0000000000000000(0000) GS:ffff8881d4b29000(0000) knlGS:0000000000000000
00019 CS:  0010 DS: 0000 ES: 0000 CR0: 0000000080050033
00019 CR2: 00005577192b4560 CR3: 00000001263be000 CR4: 0000000000750eb0
00019 PKRU: 55555554
00019 Call Trace:
00019  <TASK>
00019 RIP: 0010:osd_create+0x9cf/0xcf0 [osd_wbcfs]
00019  ? ofd_precreate_objects+0x1bd8/0x3220 [ofd]
00019  ? ptlrpc_start_thread+0x1f10/0x1f10 [ptlrpc]
00019  ? ofd_create_hdl+0x2015/0x3510 [ofd]
00019  ? tgt_request_handle+0x23ad/0x3d30 [ptlrpc]
00019  ? tgt_request_handle+0x23ad/0x3d30 [ptlrpc]
00019 Code: c7 c7 00 96 7b a1 48 c7 c6 a0 12 7d a1 48 c7 c2 00 1c 7d a1 e8 52 f1 43 ff 48 c7 c7 00 96 7b a1 e8 46 81 44 ff e9 fe fc ff ff <0f> 0b e9 a5 fa ff ff 48 c7 c1 80 44 5d a0 80 e1 07 80 c1 03 38 c1
00019  ? kthread_unuse_mm+0x130/0x130
00019  ? ptlrpc_main+0x6359/0x96f0 [ptlrpc]
00019  ? ptlrpc_main+0x6359/0x96f0 [ptlrpc]
00019 RSP: 0018:ffffc90001837878 EFLAGS: 00010246
00019  ? __kthread_parkme+0x73/0x130
00019  ? kthread+0x2cd/0x3a0
00019  ? ret_from_fork+0x18c/0x520
00019 
00019  ? __kthread_parkme+0x73/0x130
00019  ? kthread+0x2cd/0x3a0
00019  ? ptlrpc_start_thread+0x1f10/0x1f10 [ptlrpc]
00019  ? kthread_unuse_mm+0x130/0x130
00019  ? ptlrpc_start_thread+0x1f10/0x1f10 [ptlrpc]
00019  ? kthread_unuse_mm+0x130/0x130
00019  ? ret_from_fork+0x18c/0x520
00019  ? kthread_unuse_mm+0x130/0x130
00019  ? ret_from_fork_asm+0x11/0x20
00019  </TASK>
00019 ---[ end trace 0000000000000000 ]---
00019 RAX: 0000000000000000 RBX: ffff888126b87800 RCX: 0000000000000046
00019 ------------[ cut here ]------------
00019  ? kthread_unuse_mm+0x130/0x130
00019  ? ret_from_fork_asm+0x11/0x20
00019 WARNING: /home/ktest/git/linux/include/linux/fs.h:889 at osd_create+0x9cf/0xcf0 [osd_wbcfs], CPU#0: ll_ost00_001/1805
00019  ? ret_from_fork+0x18c/0x520
00019 Modules linked in: ofd(O) osp(O) mdd(O)
00019  ? kthread_unuse_mm+0x130/0x130
00019  lod(O) mdt(O) lquota(O) lfsck(O)
00019  ? ret_from_fork_asm+0x11/0x20
00019  mgs(O) osd_wbcfs(O) lustre(O) obdecho(O) mgc(O) mdc(O) lov(O)
00019  </TASK>
00019  osc(O) lmv(O)
00019 ---[ end trace 0000000000000000 ]---
00019 RDX: 0000000000000000 RSI: ffff8880576dd7f0 RDI: ffff88804effaaa8
00019  ec(O) fid(O)
00019 RBP: ffff8880576dd760 R08: ffffffff83a16803 R09: 1ffffffff0742d00
00019  fld(O)
00019 R10: dffffc0000000000 R11: fffffbfff0742d01 R12: ffff88804ef54830
00019  ptlrpc(O)
00019  efivarfs
00019 R13: dffffc0000000000 R14: 1ffff11024d70f00 R15: 1ffff11009dea942
00019  obdclass(O) ksocklnd(O) lnet(O)
00019 FS:  0000000000000000(0000) GS:ffff8881d4aa9000(0000) knlGS:0000000000000000
00019  libcfs(O)
00019 CS:  0010 DS: 0000 ES: 0000 CR0: 0000000080050033
00019 CR2: 00007f4972e066f0 CR3: 0000000123455000 CR4: 0000000000750eb0
00019 CPU: 0 UID: 0 PID: 1805 Comm: ll_ost00_001 Tainted: G        W  O        7.0.0-ktest-6eb18a2-6330a45-20260928-dirty #1 PREEMPT 
00019 Tainted: [W]=WARN, [O]=OOT_MODULE
00019 PKRU: 55555554
00019 Hardware name: QEMU Standard PC (Q35 + ICH9, 2009), BIOS 2025.11-3ubuntu7 03/31/2026
00019 Call Trace:
00019  <TASK>
00019 RIP: 0010:osd_create+0x9cf/0xcf0 [osd_wbcfs]
00019 Code: c7 c7 00 96 7b a1 48 c7 c6 a0 12 7d a1 48 c7 c2 00 1c 7d a1 e8 52 f1 43 ff 48 c7 c7 00 96 7b a1 e8 46 81 44 ff e9 fe fc ff ff <0f> 0b e9 a5 fa ff ff 48 c7 c1 80 44 5d a0 80 e1 07 80 c1 03 38 c1
00019 RSP: 0018:ffffc900019a7878 EFLAGS: 00010246
00019 RAX: 0000000000000000 RBX: ffff888101380800 RCX: 0000000000000046
00019 RDX: 0000000000000000 RSI: ffff88814c8cdf08 RDI: ffff88804effcb68
00019 RBP: ffff88814c8cde78 R08: ffffffff83a16803 R09: 1ffffffff0742d00
00019 R10: dffffc0000000000 R11: fffffbfff0742d01 R12: ffff88804f3d0830
00019  ? ofd_precreate_objects+0x1bd8/0x3220 [ofd]
00019  </TASK>
00019 R13: dffffc0000000000 R14: 1ffff11020270100 R15: 1ffff11009e7a142
00019 ---[ end trace 0000000000000000 ]---
00019 FS:  0000000000000000(0000) GS:ffff8881d4a29000(0000) knlGS:0000000000000000
00019 CS:  0010 DS: 0000 ES: 0000 CR0: 0000000080050033
00019 CR2: 00007f6e31c06780 CR3: 00000001263be000 CR4: 0000000000750eb0
00019 ------------[ cut here ]------------
00019 WARNING: /home/ktest/git/linux/include/linux/fs.h:889 at osd_create+0x9cf/0xcf0 [osd_wbcfs], CPU#3: ll_ost00_000/1804
00019  ? ofd_create_hdl+0x2015/0x3510 [ofd]
00019 Modules linked in: ofd(O) osp(O) mdd(O) lod(O) mdt(O) lquota(O) lfsck(O) mgs(O) osd_wbcfs(O) lustre(O) obdecho(O) mgc(O) mdc(O) lov(O) osc(O) lmv(O) ec(O) fid(O) fld(O) ptlrpc(O) efivarfs obdclass(O) ksocklnd(O) lnet(O) libcfs(O)
00019 CPU: 3 UID: 0 PID: 1804 Comm: ll_ost00_000 Tainted: G        W  O        7.0.0-ktest-6eb18a2-6330a45-20260928-dirty #1 PREEMPT 
00019 Tainted: [W]=WARN, [O]=OOT_MODULE
00019 Hardware name: QEMU Standard PC (Q35 + ICH9, 2009), BIOS 2025.11-3ubuntu7 03/31/2026
00019 RIP: 0010:osd_create+0x9cf/0xcf0 [osd_wbcfs]
00019 Code: c7 c7 00 96 7b a1 48 c7 c6 a0 12 7d a1 48 c7 c2 00 1c 7d a1 e8 52 f1 43 ff 48 c7 c7 00 96 7b a1 e8 46 81 44 ff e9 fe fc ff ff <0f> 0b e9 a5 fa ff ff 48 c7 c1 80 44 5d a0 80 e1 07 80 c1 03 38 c1
00019 RSP: 0018:ffffc90002007878 EFLAGS: 00010246
00019 RAX: 0000000000000000 RBX: ffff88814b3e3800 RCX: 0000000000000046
00019 RDX: 0000000000000000 RSI: ffff888145cf02d0 RDI: ffff88804cd4aaa8
00019 RBP: ffff888145cf0240 R08: ffffffff83a16803 R09: 1ffffffff0742d00
00019 R10: dffffc0000000000 R11: fffffbfff0742d01 R12: ffff88804f3d1030
00019 R13: dffffc0000000000 R14: 1ffff1102967c700 R15: 1ffff11009e7a242
00019 FS:  0000000000000000(0000) GS:ffff8881d4ba9000(0000) knlGS:0000000000000000
00019 PKRU: 55555554
00019  ? tgt_request_handle+0x23ad/0x3d30 [ptlrpc]
00019 CS:  0010 DS: 0000 ES: 0000 CR0: 0000000080050033
00019 Call Trace:
00019 CR2: 00005577192b4560 CR3: 00000001263be000 CR4: 0000000000750eb0
00019  <TASK>
00019  ? ptlrpc_main+0x6359/0x96f0 [ptlrpc]
00019 PKRU: 55555554
00019  ? ofd_precreate_objects+0x1bd8/0x3220 [ofd]
00019 Call Trace:
00019  ? ofd_create_hdl+0x2015/0x3510 [ofd]
00019  ? __kthread_parkme+0x73/0x130
00019  <TASK>
00019  ? tgt_request_handle+0x23ad/0x3d30 [ptlrpc]
00019  ? kthread+0x2cd/0x3a0
00019  ? ofd_precreate_objects+0x1bd8/0x3220 [ofd]
00019  ? ptlrpc_start_thread+0x1f10/0x1f10 [ptlrpc]
00019  ? ptlrpc_main+0x6359/0x96f0 [ptlrpc]
00019  ? __kthread_parkme+0x73/0x130
00019  ? ofd_create_hdl+0x2015/0x3510 [ofd]
00019 Lustre: lustre-OST0001-osc-MDT0000: update sequence from 0x100010000 to 0x2c0000401
00019  ? kthread_unuse_mm+0x130/0x130
00019  ? kthread+0x2cd/0x3a0
00019  ? tgt_request_handle+0x23ad/0x3d30 [ptlrpc]
00019  ? ret_from_fork+0x18c/0x520
00019  ? ptlrpc_start_thread+0x1f10/0x1f10 [ptlrpc]
00019  ? kthread_unuse_mm+0x130/0x130
00019  ? ptlrpc_main+0x6359/0x96f0 [ptlrpc]
00019  ? ret_from_fork_asm+0x11/0x20
00019  ? __kthread_parkme+0x73/0x130
00019  ? kthread+0x2cd/0x3a0
00019  ? kthread_unuse_mm+0x130/0x130
00019  ? ret_from_fork+0x18c/0x520
00019  ? kthread_unuse_mm+0x130/0x130
00019  ? ret_from_fork_asm+0x11/0x20
00019  </TASK>
00019 ---[ end trace 0000000000000000 ]---
00019 ------------[ cut here ]------------
00019 WARNING: /home/ktest/git/linux/include/linux/fs.h:889 at osd_create+0x9cf/0xcf0 [osd_wbcfs], CPU#0: ll_ost00_001/1805
00019 Modules linked in: ofd(O) osp(O) mdd(O) lod(O) mdt(O) lquota(O) lfsck(O) mgs(O) osd_wbcfs(O) lustre(O) obdecho(O) mgc(O) mdc(O) lov(O) osc(O) lmv(O) ec(O) fid(O) fld(O) ptlrpc(O) efivarfs obdclass(O) ksocklnd(O) lnet(O) libcfs(O)
00019 CPU: 0 UID: 0 PID: 1805 Comm: ll_ost00_001 Tainted: G        W  O        7.0.0-ktest-6eb18a2-6330a45-20260928-dirty #1 PREEMPT 
00019 Tainted: [W]=WARN, [O]=OOT_MODULE
00019 Hardware name: QEMU Standard PC (Q35 + ICH9, 2009), BIOS 2025.11-3ubuntu7 03/31/2026
00019 RIP: 0010:osd_create+0x9cf/0xcf0 [osd_wbcfs]
00019 Code: c7 c7 00 96 7b a1 48 c7 c6 a0 12 7d a1 48 c7 c2 00 1c 7d a1 e8 52 f1 43 ff 48 c7 c7 00 96 7b a1 e8 46 81 44 ff e9 fe fc ff ff <0f> 0b e9 a5 fa ff ff 48 c7 c1 80 44 5d a0 80 e1 07 80 c1 03 38 c1
00019 RSP: 0018:ffffc900019a7878 EFLAGS: 00010246
00019 RAX: 0000000000000000 RBX: ffff888101380400 RCX: 0000000000000046
00019 RDX: 0000000000000000 RSI: ffff88814c8cd7f0 RDI: ffff88804effcb68
00019 RBP: ffff88814c8cd760 R08: ffffffff83a16803 R09: 1ffffffff0742d00
00019 R10: dffffc0000000000 R11: fffffbfff0742d01 R12: ffff88804f3d0830
00019 R13: dffffc0000000000 R14: 1ffff11020270080 R15: 1ffff11009e7a142
00019 FS:  0000000000000000(0000) GS:ffff8881d4a29000(0000) knlGS:0000000000000000
00019 CS:  0010 DS: 0000 ES: 0000 CR0: 0000000080050033
00019 CR2: 00007f6e31c06780 CR3: 00000001263be000 CR4: 0000000000750eb0
00019 PKRU: 55555554
00019 Call Trace:
00019  <TASK>
00019  ? ofd_precreate_objects+0x1bd8/0x3220 [ofd]
00019  </TASK>
00019  ? ofd_create_hdl+0x2015/0x3510 [ofd]
00019  ? tgt_request_handle+0x23ad/0x3d30 [ptlrpc]
00019 ---[ end trace 0000000000000000 ]---
00019  ? ptlrpc_start_thread+0x1f10/0x1f10 [ptlrpc]
00019  ? kthread_unuse_mm+0x130/0x130
00019  ? ret_from_fork+0x18c/0x520
00019  ? kthread_unuse_mm+0x130/0x130
00019  ? ret_from_fork_asm+0x11/0x20
00019  </TASK>
00019 ---[ end trace 0000000000000000 ]---
00019 ------------[ cut here ]------------
00019 ------------[ cut here ]------------
00019 WARNING: /home/ktest/git/linux/include/linux/fs.h:889 at osd_create+0x9cf/0xcf0 [osd_wbcfs], CPU#3: ll_ost00_000/1804
00019  ? ptlrpc_main+0x6359/0x96f0 [ptlrpc]
00019  ? __kthread_parkme+0x73/0x130
00019  ? kthread+0x2cd/0x3a0
00019  ? ptlrpc_start_thread+0x1f10/0x1f10 [ptlrpc]
00019 WARNING: /home/ktest/git/linux/include/linux/fs.h:889 at osd_create+0x9cf/0xcf0 [osd_wbcfs], CPU#1: ll_ost00_002/1806
00019 Modules linked in:
00019  ? kthread_unuse_mm+0x130/0x130
00019  ? ret_from_fork+0x18c/0x520
00019  ? kthread_unuse_mm+0x130/0x130
00019  ? ret_from_fork_asm+0x11/0x20
00019  </TASK>
00019 ---[ end trace 0000000000000000 ]---
00019 ------------[ cut here ]------------
00019 WARNING: /home/ktest/git/linux/include/linux/fs.h:889 at osd_create+0x9cf/0xcf0 [osd_wbcfs], CPU#0: ll_ost00_001/1805
00019 Modules linked in: ofd(O) osp(O) mdd(O) lod(O) mdt(O) lquota(O) lfsck(O) mgs(O) osd_wbcfs(O) lustre(O) obdecho(O) mgc(O) mdc(O) lov(O) osc(O) lmv(O) ec(O) fid(O)
00019 Modules linked in:
00019  fld(O) ptlrpc(O) efivarfs obdclass(O) ksocklnd(O) lnet(O) libcfs(O)
00019 CPU: 0 UID: 0 PID: 1805 Comm: ll_ost00_001 Tainted: G        W  O        7.0.0-ktest-6eb18a2-6330a45-20260928-dirty #1 PREEMPT 
00019 Tainted: [W]=WARN, [O]=OOT_MODULE
00019 Hardware name: QEMU Standard PC (Q35 + ICH9, 2009), BIOS 2025.11-3ubuntu7 03/31/2026
00019 RIP: 0010:osd_create+0x9cf/0xcf0 [osd_wbcfs]
00019 Code: c7 c7 00 96 7b a1 48 c7 c6 a0 12 7d a1 48 c7 c2 00 1c 7d a1 e8 52 f1 43 ff 48 c7 c7 00 96 7b a1 e8 46 81 44 ff e9 fe fc ff ff <0f> 0b e9 a5 fa ff ff 48 c7 c1 80 44 5d a0 80 e1 07 80 c1 03 38 c1
00019 RSP: 0018:ffffc900019a7878 EFLAGS: 00010246
00019 RAX: 0000000000000000 RBX: ffff888101380000 RCX: 0000000000000046
00019 RDX: 0000000000000000 RSI: ffff8880403e2648 RDI: ffff88804effcb68
00019 RBP: ffff8880403e25b8 R08: ffffffff83a16803 R09: 1ffffffff0742d00
00019 R10: dffffc0000000000 R11: fffffbfff0742d01 R12: ffff88804f3d0830
00019 R13: dffffc0000000000 R14: 1ffff11020270000 R15: 1ffff11009e7a142
00019 FS:  0000000000000000(0000) GS:ffff8881d4a29000(0000) knlGS:0000000000000000
00019 CS:  0010 DS: 0000 ES: 0000 CR0: 0000000080050033
00019 CR2: 00007f6e31c06780 CR3: 00000001263be000 CR4: 0000000000750eb0
00019 PKRU: 55555554
00019 Call Trace:
00019  <TASK>
00019  ? ofd_precreate_objects+0x1bd8/0x3220 [ofd]
00019  ? ofd_create_hdl+0x2015/0x3510 [ofd]
00019  ofd(O)
00019  ? tgt_request_handle+0x23ad/0x3d30 [ptlrpc]
00019  ofd(O)
00019  osp(O)
00019  ? ptlrpc_main+0x6359/0x96f0 [ptlrpc]
00019  osp(O)
00019  mdd(O)
00019  ? __kthread_parkme+0x73/0x130
00019  ? kthread+0x2cd/0x3a0
00019  mdd(O)
00019  lod(O)
00019  ? ptlrpc_start_thread+0x1f10/0x1f10 [ptlrpc]
00019  lod(O)
00019  ? kthread_unuse_mm+0x130/0x130
00019  ? ret_from_fork+0x18c/0x520
00019  ? kthread_unuse_mm+0x130/0x130
00019  ? ret_from_fork_asm+0x11/0x20
00019  mdt(O)
00019  </TASK>
00019 ---[ end trace 0000000000000000 ]---
00019  mdt(O)
00019 ------------[ cut here ]------------
00019 WARNING: /home/ktest/git/linux/include/linux/fs.h:889 at osd_create+0x9cf/0xcf0 [osd_wbcfs], CPU#0: ll_ost00_001/1805
00019 Modules linked in: ofd(O) osp(O) mdd(O) lod(O) mdt(O) lquota(O) lfsck(O) mgs(O) osd_wbcfs(O) lustre(O) obdecho(O)
00019  lquota(O)
00019  mgc(O)
00019  lfsck(O) mgs(O) osd_wbcfs(O) lustre(O) obdecho(O) mgc(O) mdc(O) lov(O) osc(O) lmv(O) ec(O) fid(O) fld(O) ptlrpc(O) efivarfs obdclass(O) ksocklnd(O) lnet(O) libcfs(O)
00019 CPU: 3 UID: 0 PID: 1804 Comm: ll_ost00_000 Tainted: G        W  O        7.0.0-ktest-6eb18a2-6330a45-20260928-dirty #1 PREEMPT 
00019 Tainted: [W]=WARN, [O]=OOT_MODULE
00019 Hardware name: QEMU Standard PC (Q35 + ICH9, 2009), BIOS 2025.11-3ubuntu7 03/31/2026
00019 RIP: 0010:osd_create+0x9cf/0xcf0 [osd_wbcfs]
00019 Code: c7 c7 00 96 7b a1 48 c7 c6 a0 12 7d a1 48 c7 c2 00 1c 7d a1 e8 52 f1 43 ff 48 c7 c7 00 96 7b a1 e8 46 81 44 ff e9 fe fc ff ff <0f> 0b e9 a5 fa ff ff 48 c7 c1 80 44 5d a0 80 e1 07 80 c1 03 38 c1
00019 RSP: 0018:ffffc90002007878 EFLAGS: 00010246
00019 RAX: 0000000000000000 RBX: ffff888125ea6c00 RCX: 0000000000000046
00019 RDX: 0000000000000000 RSI: ffff888056c27b68 RDI: ffff88804cd4aaa8
00019 RBP: ffff888056c27ad8 R08: ffffffff83a16803 R09: 1ffffffff0742d00
00019 R10: dffffc0000000000 R11: fffffbfff0742d01 R12: ffff88804f3d1030
00019 R13: dffffc0000000000 R14: 1ffff11024bd4d80 R15: 1ffff11009e7a242
00019 FS:  0000000000000000(0000) GS:ffff8881d4ba9000(0000) knlGS:0000000000000000
00019 CS:  0010 DS: 0000 ES: 0000 CR0: 0000000080050033
00019 CR2: 00005577192b4560 CR3: 00000001263be000 CR4: 0000000000750eb0
00019 PKRU: 55555554
00019 Call Trace:
00019  <TASK>
00019  lquota(O)
00019  ? ofd_precreate_objects+0x1bd8/0x3220 [ofd]
00019  mdc(O)
00019  ? ofd_create_hdl+0x2015/0x3510 [ofd]
00019  lfsck(O)
00019  lov(O)
00019  ? tgt_request_handle+0x23ad/0x3d30 [ptlrpc]
00019  mgs(O)
00019  osc(O)
00019  osd_wbcfs(O)
00019  ? ptlrpc_main+0x6359/0x96f0 [ptlrpc]
00019  lmv(O) ec(O) fid(O) fld(O) ptlrpc(O) efivarfs obdclass(O) ksocklnd(O) lnet(O) libcfs(O)
00019 CPU: 0 UID: 0 PID: 1805 Comm: ll_ost00_001 Tainted: G        W  O        7.0.0-ktest-6eb18a2-6330a45-20260928-dirty #1 PREEMPT 
00019 Tainted: [W]=WARN, [O]=OOT_MODULE
00019 Hardware name: QEMU Standard PC (Q35 + ICH9, 2009), BIOS 2025.11-3ubuntu7 03/31/2026
00019 RIP: 0010:osd_create+0x9cf/0xcf0 [osd_wbcfs]
00019 Code: c7 c7 00 96 7b a1 48 c7 c6 a0 12 7d a1 48 c7 c2 00 1c 7d a1 e8 52 f1 43 ff 48 c7 c7 00 96 7b a1 e8 46 81 44 ff e9 fe fc ff ff <0f> 0b e9 a5 fa ff ff 48 c7 c1 80 44 5d a0 80 e1 07 80 c1 03 38 c1
00019 RSP: 0018:ffffc900019a7878 EFLAGS: 00010246
00019  lustre(O) obdecho(O)
00019 
00019 RAX: 0000000000000000 RBX: ffff8881043f0c00 RCX: 0000000000000046
00019 RDX: 0000000000000000 RSI: ffff8880403e1f30 RDI: ffff88804effcb68
00019 RBP: ffff8880403e1ea0 R08: ffffffff83a16803 R09: 1ffffffff0742d00
00019 R10: dffffc0000000000 R11: fffffbfff0742d01 R12: ffff88804f3d0830
00019 R13: dffffc0000000000 R14: 1ffff1102087e180 R15: 1ffff11009e7a142
00019 FS:  0000000000000000(0000) GS:ffff8881d4a29000(0000) knlGS:0000000000000000
00019 CS:  0010 DS: 0000 ES: 0000 CR0: 0000000080050033
00019 CR2: 00007f6e31c06780 CR3: 00000001263be000 CR4: 0000000000750eb0
00019 PKRU: 55555554
00019 Call Trace:
00019  <TASK>
00019  ? ofd_precreate_objects+0x1bd8/0x3220 [ofd]
00019  ? ofd_create_hdl+0x2015/0x3510 [ofd]
00019  ? __kthread_parkme+0x73/0x130
00019  ? tgt_request_handle+0x23ad/0x3d30 [ptlrpc]
00019  mgc(O)
00019  ? kthread+0x2cd/0x3a0
00019  mdc(O)
00019  ? ptlrpc_main+0x6359/0x96f0 [ptlrpc]
00019  ? ptlrpc_start_thread+0x1f10/0x1f10 [ptlrpc]
00019  ? kthread_unuse_mm+0x130/0x130
00019  ? ret_from_fork+0x18c/0x520
00019  ? kthread_unuse_mm+0x130/0x130
00019  ? ret_from_fork_asm+0x11/0x20
00019  </TASK>
00019 ---[ end trace 0000000000000000 ]---
00019 ------------[ cut here ]------------
00019  lov(O) osc(O)
00019 WARNING: /home/ktest/git/linux/include/linux/fs.h:889 at osd_create+0x9cf/0xcf0 [osd_wbcfs], CPU#3: ll_ost00_000/1804
00019 Modules linked in: ofd(O) osp(O) mdd(O) lod(O) mdt(O) lquota(O) lfsck(O) mgs(O) osd_wbcfs(O) lustre(O) obdecho(O) mgc(O) mdc(O) lov(O) osc(O) lmv(O) ec(O) fid(O) fld(O) ptlrpc(O) efivarfs obdclass(O) ksocklnd(O) lnet(O) libcfs(O)
00019 CPU: 3 UID: 0 PID: 1804 Comm: ll_ost00_000 Tainted: G        W  O        7.0.0-ktest-6eb18a2-6330a45-20260928-dirty #1 PREEMPT 
00019 Tainted: [W]=WARN, [O]=OOT_MODULE
00019 Hardware name: QEMU Standard PC (Q35 + ICH9, 2009), BIOS 2025.11-3ubuntu7 03/31/2026
00019 RIP: 0010:osd_create+0x9cf/0xcf0 [osd_wbcfs]
00019 Code: c7 c7 00 96 7b a1 48 c7 c6 a0 12 7d a1 48 c7 c2 00 1c 7d a1 e8 52 f1 43 ff 48 c7 c7 00 96 7b a1 e8 46 81 44 ff e9 fe fc ff ff <0f> 0b e9 a5 fa ff ff 48 c7 c1 80 44 5d a0 80 e1 07 80 c1 03 38 c1
00019 RSP: 0018:ffffc90002007878 EFLAGS: 00010246
00019 RAX: 0000000000000000 RBX: ffff888125ea7c00 RCX: 0000000000000046
00019 RDX: 0000000000000000 RSI: ffff888056c27450 RDI: ffff88804cd4aaa8
00019 RBP: ffff888056c273c0 R08: ffffffff83a16803 R09: 1ffffffff0742d00
00019 R10: dffffc0000000000 R11: fffffbfff0742d01 R12: ffff88804f3d1030
00019 R13: dffffc0000000000 R14: 1ffff11024bd4f80 R15: 1ffff11009e7a242
00019 FS:  0000000000000000(0000) GS:ffff8881d4ba9000(0000) knlGS:0000000000000000
00019 CS:  0010 DS: 0000 ES: 0000 CR0: 0000000080050033
00019 CR2: 00005577192b4560 CR3: 00000001263be000 CR4: 0000000000750eb0
00019 PKRU: 55555554
00019 Call Trace:
00019  <TASK>
00019  ? ofd_precreate_objects+0x1bd8/0x3220 [ofd]
00019  ? ofd_create_hdl+0x2015/0x3510 [ofd]
00019  ? __kthread_parkme+0x73/0x130
00019  ? tgt_request_handle+0x23ad/0x3d30 [ptlrpc]
00019  lmv(O)
00019  ? kthread+0x2cd/0x3a0
00019  ec(O)
00019  ? ptlrpc_main+0x6359/0x96f0 [ptlrpc]
00019  fid(O)
00019  ? ptlrpc_start_thread+0x1f10/0x1f10 [ptlrpc]
00019  ? __kthread_parkme+0x73/0x130
00019  fld(O)
00019  ? kthread_unuse_mm+0x130/0x130
00019  ? ret_from_fork+0x18c/0x520
00019  ? kthread_unuse_mm+0x130/0x130
00019  ? ret_from_fork_asm+0x11/0x20
00019  ? kthread+0x2cd/0x3a0
00019  </TASK>
00019  ptlrpc(O)
00019 ---[ end trace 0000000000000000 ]---
00019  ? ptlrpc_start_thread+0x1f10/0x1f10 [ptlrpc]
00019  efivarfs
00019  ? kthread_unuse_mm+0x130/0x130
00019  ? ret_from_fork+0x18c/0x520
00019  ? kthread_unuse_mm+0x130/0x130
00019  ? ret_from_fork_asm+0x11/0x20
00019  </TASK>
00019 ---[ end trace 0000000000000000 ]---
00019 ------------[ cut here ]------------
00019 ------------[ cut here ]------------
00019 WARNING: /home/ktest/git/linux/include/linux/fs.h:889 at osd_create+0x9cf/0xcf0 [osd_wbcfs], CPU#0: ll_ost00_001/1805
00019 Modules linked in: ofd(O) osp(O) mdd(O) lod(O) mdt(O) lquota(O) lfsck(O) mgs(O) osd_wbcfs(O) lustre(O) obdecho(O) mgc(O)
00019  obdclass(O)
00019  mdc(O) lov(O) osc(O) lmv(O) ec(O) fid(O) fld(O) ptlrpc(O) efivarfs obdclass(O) ksocklnd(O) lnet(O) libcfs(O)
00019 CPU: 0 UID: 0 PID: 1805 Comm: ll_ost00_001 Tainted: G        W  O        7.0.0-ktest-6eb18a2-6330a45-20260928-dirty #1 PREEMPT 
00019 Tainted: [W]=WARN, [O]=OOT_MODULE
00019 Hardware name: QEMU Standard PC (Q35 + ICH9, 2009), BIOS 2025.11-3ubuntu7 03/31/2026
00019 RIP: 0010:osd_create+0x9cf/0xcf0 [osd_wbcfs]
00019 Code: c7 c7 00 96 7b a1 48 c7 c6 a0 12 7d a1 48 c7 c2 00 1c 7d a1 e8 52 f1 43 ff 48 c7 c7 00 96 7b a1 e8 46 81 44 ff e9 fe fc ff ff <0f> 0b e9 a5 fa ff ff 48 c7 c1 80 44 5d a0 80 e1 07 80 c1 03 38 c1
00019 RSP: 0018:ffffc900019a7878 EFLAGS: 00010246
00019 RAX: 0000000000000000 RBX: ffff8881043f3000 RCX: 0000000000000046
00019 RDX: 0000000000000000 RSI: ffff8880403e1818 RDI: ffff88804effcb68
00019 RBP: ffff8880403e1788 R08: ffffffff83a16803 R09: 1ffffffff0742d00
00019 R10: dffffc0000000000 R11: fffffbfff0742d01 R12: ffff88804f3d0830
00019 R13: dffffc0000000000 R14: 1ffff1102087e600 R15: 1ffff11009e7a142
00019 FS:  0000000000000000(0000) GS:ffff8881d4a29000(0000) knlGS:0000000000000000
00019 CS:  0010 DS: 0000 ES: 0000 CR0: 0000000080050033
00019 CR2: 00007f6e31c06780 CR3: 00000001263be000 CR4: 0000000000750eb0
00019 PKRU: 55555554
00019 Call Trace:
00019  <TASK>
00019  ? ofd_precreate_objects+0x1bd8/0x3220 [ofd]
00019  ? ofd_create_hdl+0x2015/0x3510 [ofd]
00019 WARNING: /home/ktest/git/linux/include/linux/fs.h:889 at osd_create+0x9cf/0xcf0 [osd_wbcfs], CPU#3: ll_ost00_000/1804
00019  ? tgt_request_handle+0x23ad/0x3d30 [ptlrpc]
00019  ksocklnd(O)
00019 Modules linked in:
00019  ? ptlrpc_main+0x6359/0x96f0 [ptlrpc]
00019  lnet(O)
00019  ? __kthread_parkme+0x73/0x130
00019  ? kthread+0x2cd/0x3a0
00019  ? ptlrpc_start_thread+0x1f10/0x1f10 [ptlrpc]
00019  ofd(O)
00019  ? kthread_unuse_mm+0x130/0x130
00019  ? ret_from_fork+0x18c/0x520
00019  ? kthread_unuse_mm+0x130/0x130
00019  ? ret_from_fork_asm+0x11/0x20
00019  </TASK>
00019 ---[ end trace 0000000000000000 ]---
00019  libcfs(O)
00019 ------------[ cut here ]------------
00019 WARNING: /home/ktest/git/linux/include/linux/fs.h:889 at osd_create+0x9cf/0xcf0 [osd_wbcfs], CPU#0: ll_ost00_001/1805
00019 Modules linked in: ofd(O) osp(O) mdd(O) lod(O) mdt(O) lquota(O) lfsck(O) mgs(O) osd_wbcfs(O) lustre(O) obdecho(O) mgc(O) mdc(O) lov(O) osc(O) lmv(O) ec(O) fid(O) fld(O) ptlrpc(O) efivarfs obdclass(O) ksocklnd(O) lnet(O) libcfs(O)
00019 CPU: 0 UID: 0 PID: 1805 Comm: ll_ost00_001 Tainted: G        W  O        7.0.0-ktest-6eb18a2-6330a45-20260928-dirty #1 PREEMPT 
00019 Tainted: [W]=WARN, [O]=OOT_MODULE
00019 Hardware name: QEMU Standard PC (Q35 + ICH9, 2009), BIOS 2025.11-3ubuntu7 03/31/2026
00019 RIP: 0010:osd_create+0x9cf/0xcf0 [osd_wbcfs]
00019 Code: c7 c7 00 96 7b a1 48 c7 c6 a0 12 7d a1 48 c7 c2 00 1c 7d a1 e8 52 f1 43 ff 48 c7 c7 00 96 7b a1 e8 46 81 44 ff e9 fe fc ff ff <0f> 0b e9 a5 fa ff ff 48 c7 c1 80 44 5d a0 80 e1 07 80 c1 03 38 c1
00019 RSP: 0018:ffffc900019a7878 EFLAGS: 00010246
00019 RAX: 0000000000000000 RBX: ffff8881043f1800 RCX: 0000000000000046
00019 RDX: 0000000000000000 RSI: ffff8880403e1100 RDI: ffff88804effcb68
00019 RBP: ffff8880403e1070 R08: ffffffff83a16803 R09: 1ffffffff0742d00
00019 R10: dffffc0000000000 R11: fffffbfff0742d01 R12: ffff88804f3d0830
00019 R13: dffffc0000000000 R14: 1ffff1102087e300 R15: 1ffff11009e7a142
00019 FS:  0000000000000000(0000) GS:ffff8881d4a29000(0000) knlGS:0000000000000000
00019 CS:  0010 DS: 0000 ES: 0000 CR0: 0000000080050033
00019 CR2: 00007f6e31c06780 CR3: 00000001263be000 CR4: 0000000000750eb0
00019 PKRU: 55555554
00019 Call Trace:
00019  <TASK>
00019  ? ofd_precreate_objects+0x1bd8/0x3220 [ofd]
00019  osp(O)
00019  ? ofd_create_hdl+0x2015/0x3510 [ofd]
00019 
00019  ? tgt_request_handle+0x23ad/0x3d30 [ptlrpc]
00019  mdd(O)
00019 CPU: 1 UID: 0 PID: 1806 Comm: ll_ost00_002 Tainted: G        W  O        7.0.0-ktest-6eb18a2-6330a45-20260928-dirty #1 PREEMPT 
00019  ? ptlrpc_main+0x6359/0x96f0 [ptlrpc]
00019  lod(O)
00019  ? __kthread_parkme+0x73/0x130
00019  ? kthread+0x2cd/0x3a0
00019 Tainted: [W]=WARN, [O]=OOT_MODULE
00019  ? ptlrpc_start_thread+0x1f10/0x1f10 [ptlrpc]
00019  mdt(O)
00019  ? kthread_unuse_mm+0x130/0x130
00019  ? ret_from_fork+0x18c/0x520
00019  ? kthread_unuse_mm+0x130/0x130
00019 Hardware name: QEMU Standard PC (Q35 + ICH9, 2009), BIOS 2025.11-3ubuntu7 03/31/2026
00019 RIP: 0010:osd_create+0x9cf/0xcf0 [osd_wbcfs]
00019 Code: c7 c7 00 96 7b a1 48 c7 c6 a0 12 7d a1 48 c7 c2 00 1c 7d a1 e8 52 f1 43 ff 48 c7 c7 00 96 7b a1 e8 46 81 44 ff e9 fe fc ff ff <0f> 0b e9 a5 fa ff ff 48 c7 c1 80 44 5d a0 80 e1 07 80 c1 03 38 c1
00019 RSP: 0018:ffffc90001837878 EFLAGS: 00010246
00019 RAX: 0000000000000000 RBX: ffff888126b84400 RCX: 0000000000000046
00019 RDX: 0000000000000000 RSI: ffff8880576dd0d8 RDI: ffff88804effaaa8
00019 RBP: ffff8880576dd048 R08: ffffffff83a16803 R09: 1ffffffff0742d00
00019 R10: dffffc0000000000 R11: fffffbfff0742d01 R12: ffff88804ef54830
00019 R13: dffffc0000000000 R14: 1ffff11024d70880 R15: 1ffff11009dea942
00019 FS:  0000000000000000(0000) GS:ffff8881d4aa9000(0000) knlGS:0000000000000000
00019  lquota(O)
00019 CS:  0010 DS: 0000 ES: 0000 CR0: 0000000080050033
00019 CR2: 00007f4972e066f0 CR3: 0000000123455000 CR4: 0000000000750eb0
00019 PKRU: 55555554
00019 Call Trace:
00019  <TASK>
00019  ? ofd_precreate_objects+0x1bd8/0x3220 [ofd]
00019  ? ret_from_fork_asm+0x11/0x20
00019  ? ofd_create_hdl+0x2015/0x3510 [ofd]
00019  lfsck(O) mgs(O)
00019  ? tgt_request_handle+0x23ad/0x3d30 [ptlrpc]
00019  </TASK>
00019  ? ptlrpc_main+0x6359/0x96f0 [ptlrpc]
00019  osd_wbcfs(O)
00019 ---[ end trace 0000000000000000 ]---
00019  ? __kthread_parkme+0x73/0x130
00019  ? kthread+0x2cd/0x3a0
00019  ? ptlrpc_start_thread+0x1f10/0x1f10 [ptlrpc]
00019  lustre(O)
00019  ? kthread_unuse_mm+0x130/0x130
00019  ? ret_from_fork+0x18c/0x520
00019  ? kthread_unuse_mm+0x130/0x130
00019  ? ret_from_fork_asm+0x11/0x20
00019  </TASK>
00019 ---[ end trace 0000000000000000 ]---
00019 ------------[ cut here ]------------
00019 WARNING: /home/ktest/git/linux/include/linux/fs.h:889 at osd_create+0x9cf/0xcf0 [osd_wbcfs], CPU#1: ll_ost00_002/1806
00019 Modules linked in: ofd(O) osp(O) mdd(O) lod(O) mdt(O) lquota(O) lfsck(O) mgs(O) osd_wbcfs(O) lustre(O) obdecho(O) mgc(O) mdc(O) lov(O) osc(O) lmv(O) ec(O) fid(O) fld(O) ptlrpc(O) efivarfs obdclass(O) ksocklnd(O) lnet(O) libcfs(O)
00019 CPU: 1 UID: 0 PID: 1806 Comm: ll_ost00_002 Tainted: G        W  O        7.0.0-ktest-6eb18a2-6330a45-20260928-dirty #1 PREEMPT 
00019 Tainted: [W]=WARN, [O]=OOT_MODULE
00019 Hardware name: QEMU Standard PC (Q35 + ICH9, 2009), BIOS 2025.11-3ubuntu7 03/31/2026
00019 RIP: 0010:osd_create+0x9cf/0xcf0 [osd_wbcfs]
00019 Code: c7 c7 00 96 7b a1 48 c7 c6 a0 12 7d a1 48 c7 c2 00 1c 7d a1 e8 52 f1 43 ff 48 c7 c7 00 96 7b a1 e8 46 81 44 ff e9 fe fc ff ff <0f> 0b e9 a5 fa ff ff 48 c7 c1 80 44 5d a0 80 e1 07 80 c1 03 38 c1
00019 RSP: 0018:ffffc90001837878 EFLAGS: 00010246
00019 RAX: 0000000000000000 RBX: ffff888126b84800 RCX: 0000000000000046
00019 RDX: 0000000000000000 RSI: ffff8880576dc9c0 RDI: ffff88804effaaa8
00019 RBP: ffff8880576dc930 R08: ffffffff83a16803 R09: 1ffffffff0742d00
00019 R10: dffffc0000000000 R11: fffffbfff0742d01 R12: ffff88804ef54830
00019 R13: dffffc0000000000 R14: 1ffff11024d70900 R15: 1ffff11009dea942
00019 FS:  0000000000000000(0000) GS:ffff8881d4aa9000(0000) knlGS:0000000000000000
00019 CS:  0010 DS: 0000 ES: 0000 CR0: 0000000080050033
00019 CR2: 00007f4972e066f0 CR3: 0000000123455000 CR4: 0000000000750eb0
00019 PKRU: 55555554
00019 Call Trace:
00019  <TASK>
00019  ? ofd_precreate_objects+0x1bd8/0x3220 [ofd]
00019  ? ofd_create_hdl+0x2015/0x3510 [ofd]
00019  ? tgt_request_handle+0x23ad/0x3d30 [ptlrpc]
00019 ------------[ cut here ]------------
00019  ? ptlrpc_main+0x6359/0x96f0 [ptlrpc]
00019  obdecho(O)
00019 WARNING: /home/ktest/git/linux/include/linux/fs.h:889 at osd_create+0x9cf/0xcf0 [osd_wbcfs], CPU#0: ll_ost00_001/1805
00019  ? __kthread_parkme+0x73/0x130
00019  ? kthread+0x2cd/0x3a0
00019  mgc(O)
00019  ? ptlrpc_start_thread+0x1f10/0x1f10 [ptlrpc]
00019 Modules linked in: ofd(O)
00019  ? kthread_unuse_mm+0x130/0x130
00019  ? ret_from_fork+0x18c/0x520
00019  ? kthread_unuse_mm+0x130/0x130
00019  ? ret_from_fork_asm+0x11/0x20
00019  </TASK>
00019 ---[ end trace 0000000000000000 ]---
00019 ------------[ cut here ]------------
00019 WARNING: /home/ktest/git/linux/include/linux/fs.h:889 at osd_create+0x9cf/0xcf0 [osd_wbcfs], CPU#1: ll_ost00_002/1806
00019 Modules linked in: ofd(O) osp(O) mdd(O) lod(O) mdt(O) lquota(O) lfsck(O) mgs(O) osd_wbcfs(O) lustre(O) obdecho(O) mgc(O) mdc(O) lov(O) osc(O) lmv(O) ec(O) fid(O) fld(O) ptlrpc(O) efivarfs obdclass(O) ksocklnd(O) lnet(O) libcfs(O)
00019 CPU: 1 UID: 0 PID: 1806 Comm: ll_ost00_002 Tainted: G        W  O        7.0.0-ktest-6eb18a2-6330a45-20260928-dirty #1 PREEMPT 
00019 Tainted: [W]=WARN, [O]=OOT_MODULE
00019 Hardware name: QEMU Standard PC (Q35 + ICH9, 2009), BIOS 2025.11-3ubuntu7 03/31/2026
00019 RIP: 0010:osd_create+0x9cf/0xcf0 [osd_wbcfs]
00019 Code: c7 c7 00 96 7b a1 48 c7 c6 a0 12 7d a1 48 c7 c2 00 1c 7d a1 e8 52 f1 43 ff 48 c7 c7 00 96 7b a1 e8 46 81 44 ff e9 fe fc ff ff <0f> 0b e9 a5 fa ff ff 48 c7 c1 80 44 5d a0 80 e1 07 80 c1 03 38 c1
00019 RSP: 0018:ffffc90001837878 EFLAGS: 00010246
00019 RAX: 0000000000000000 RBX: ffff888126b84000 RCX: 0000000000000046
00019 RDX: 0000000000000000 RSI: ffff8880576dc2a8 RDI: ffff88804effaaa8
00019 RBP: ffff8880576dc218 R08: ffffffff83a16803 R09: 1ffffffff0742d00
00019 R10: dffffc0000000000 R11: fffffbfff0742d01 R12: ffff88804ef54830
00019 R13: dffffc0000000000 R14: 1ffff11024d70800 R15: 1ffff11009dea942
00019 FS:  0000000000000000(0000) GS:ffff8881d4aa9000(0000) knlGS:0000000000000000
00019 CS:  0010 DS: 0000 ES: 0000 CR0: 0000000080050033
00019 CR2: 00007f4972e066f0 CR3: 0000000123455000 CR4: 0000000000750eb0
00019 PKRU: 55555554
00019 Call Trace:
00019  <TASK>
00019  ? ofd_precreate_objects+0x1bd8/0x3220 [ofd]
00019  ? ofd_create_hdl+0x2015/0x3510 [ofd]
00019  mdc(O)
00019  ? tgt_request_handle+0x23ad/0x3d30 [ptlrpc]
00019  osp(O)
00019  lov(O)
00019  mdd(O)
00019  ? ptlrpc_main+0x6359/0x96f0 [ptlrpc]
00019  osc(O)
00019  lod(O)
00019  lmv(O)
00019  ? __kthread_parkme+0x73/0x130
00019  ? kthread+0x2cd/0x3a0
00019  mdt(O)
00019  ? ptlrpc_start_thread+0x1f10/0x1f10 [ptlrpc]
00019  ec(O)
00019  ? kthread_unuse_mm+0x130/0x130
00019  ? ret_from_fork+0x18c/0x520
00019  ? kthread_unuse_mm+0x130/0x130
00019  ? ret_from_fork_asm+0x11/0x20
00019  </TASK>
00019 ---[ end trace 0000000000000000 ]---
00019 ------------[ cut here ]------------
00019 WARNING: /home/ktest/git/linux/include/linux/fs.h:889 at osd_create+0x9cf/0xcf0 [osd_wbcfs], CPU#1: ll_ost00_002/1806
00019 Modules linked in: ofd(O) osp(O) mdd(O) lod(O) mdt(O) lquota(O) lfsck(O) mgs(O) osd_wbcfs(O) lustre(O) obdecho(O) mgc(O) mdc(O) lov(O) osc(O) lmv(O) ec(O) fid(O) fld(O) ptlrpc(O) efivarfs obdclass(O) ksocklnd(O) lnet(O) libcfs(O)
00019 CPU: 1 UID: 0 PID: 1806 Comm: ll_ost00_002 Tainted: G        W  O        7.0.0-ktest-6eb18a2-6330a45-20260928-dirty #1 PREEMPT 
00019 Tainted: [W]=WARN, [O]=OOT_MODULE
00019 Hardware name: QEMU Standard PC (Q35 + ICH9, 2009), BIOS 2025.11-3ubuntu7 03/31/2026
00019 RIP: 0010:osd_create+0x9cf/0xcf0 [osd_wbcfs]
00019  lquota(O)
00019 Code: c7 c7 00 96 7b a1 48 c7 c6 a0 12 7d a1 48 c7 c2 00 1c 7d a1 e8 52 f1 43 ff 48 c7 c7 00 96 7b a1 e8 46 81 44 ff e9 fe fc ff ff <0f> 0b e9 a5 fa ff ff 48 c7 c1 80 44 5d a0 80 e1 07 80 c1 03 38 c1
00019 RSP: 0018:ffffc90001837878 EFLAGS: 00010246
00019 RAX: 0000000000000000 RBX: ffff88814accc000 RCX: 0000000000000046
00019 RDX: 0000000000000000 RSI: ffff8880576dbb90 RDI: ffff88804effaaa8
00019 RBP: ffff8880576dbb00 R08: ffffffff83a16803 R09: 1ffffffff0742d00
00019 R10: dffffc0000000000 R11: fffffbfff0742d01 R12: ffff88804ef54830
00019 R13: dffffc0000000000 R14: 1ffff11029599800 R15: 1ffff11009dea942
00019 FS:  0000000000000000(0000) GS:ffff8881d4aa9000(0000) knlGS:0000000000000000
00019 CS:  0010 DS: 0000 ES: 0000 CR0: 0000000080050033
00019 CR2: 00007f4972e066f0 CR3: 0000000123455000 CR4: 0000000000750eb0
00019 PKRU: 55555554
00019 Call Trace:
00019  <TASK>
00019  ? ofd_precreate_objects+0x1bd8/0x3220 [ofd]
00019  ? ofd_create_hdl+0x2015/0x3510 [ofd]
00019  fid(O)
00019  ? tgt_request_handle+0x23ad/0x3d30 [ptlrpc]
00019  lfsck(O)
00019  fld(O)
00019  ? ptlrpc_main+0x6359/0x96f0 [ptlrpc]
00019  mgs(O)
00019  ? __kthread_parkme+0x73/0x130
00019  ptlrpc(O)
00019  ? kthread+0x2cd/0x3a0
00019  ? ptlrpc_start_thread+0x1f10/0x1f10 [ptlrpc]
00019  osd_wbcfs(O)
00019  efivarfs
00019  ? kthread_unuse_mm+0x130/0x130
00019  ? ret_from_fork+0x18c/0x520
00019  ? kthread_unuse_mm+0x130/0x130
00019  ? ret_from_fork_asm+0x11/0x20
00019  </TASK>
00019 ---[ end trace 0000000000000000 ]---
00019 ------------[ cut here ]------------
00019 WARNING: /home/ktest/git/linux/include/linux/fs.h:889 at osd_create+0x9cf/0xcf0 [osd_wbcfs], CPU#1: ll_ost00_002/1806
00019 Modules linked in: ofd(O) osp(O) mdd(O) lod(O) mdt(O) lquota(O) lfsck(O) mgs(O) osd_wbcfs(O) lustre(O) obdecho(O) mgc(O) mdc(O) lov(O) osc(O) lmv(O) ec(O) fid(O) fld(O) ptlrpc(O) efivarfs obdclass(O) ksocklnd(O) lnet(O) libcfs(O)
00019 CPU: 1 UID: 0 PID: 1806 Comm: ll_ost00_002 Tainted: G        W  O        7.0.0-ktest-6eb18a2-6330a45-20260928-dirty #1 PREEMPT 
00019 Tainted: [W]=WARN, [O]=OOT_MODULE
00019 Hardware name: QEMU Standard PC (Q35 + ICH9, 2009), BIOS 2025.11-3ubuntu7 03/31/2026
00019 RIP: 0010:osd_create+0x9cf/0xcf0 [osd_wbcfs]
00019  lustre(O)
00019 Code: c7 c7 00 96 7b a1 48 c7 c6 a0 12 7d a1 48 c7 c2 00 1c 7d a1 e8 52 f1 43 ff 48 c7 c7 00 96 7b a1 e8 46 81 44 ff e9 fe fc ff ff <0f> 0b e9 a5 fa ff ff 48 c7 c1 80 44 5d a0 80 e1 07 80 c1 03 38 c1
00019 RSP: 0018:ffffc90001837878 EFLAGS: 00010246
00019 RAX: 0000000000000000 RBX: ffff88814accfc00 RCX: 0000000000000046
00019 RDX: 0000000000000000 RSI: ffff8880576db478 RDI: ffff88804effaaa8
00019 RBP: ffff8880576db3e8 R08: ffffffff83a16803 R09: 1ffffffff0742d00
00019 R10: dffffc0000000000 R11: fffffbfff0742d01 R12: ffff88804ef54830
00019 R13: dffffc0000000000 R14: 1ffff11029599f80 R15: 1ffff11009dea942
00019 FS:  0000000000000000(0000) GS:ffff8881d4aa9000(0000) knlGS:0000000000000000
00019 CS:  0010 DS: 0000 ES: 0000 CR0: 0000000080050033
00019 CR2: 00007f4972e066f0 CR3: 0000000123455000 CR4: 0000000000750eb0
00019 PKRU: 55555554
00019 Call Trace:
00019  <TASK>
00019  obdclass(O)
00019  ? ofd_precreate_objects+0x1bd8/0x3220 [ofd]
00019  obdecho(O)
00019  ? ofd_create_hdl+0x2015/0x3510 [ofd]
00019  ksocklnd(O)
00019  mgc(O)
00019  lnet(O)
00019  ? tgt_request_handle+0x23ad/0x3d30 [ptlrpc]
00019  mdc(O)
00019  libcfs(O)
00019  ? ptlrpc_main+0x6359/0x96f0 [ptlrpc]
00019  lov(O)
00019 
00019  osc(O)
00019  ? __kthread_parkme+0x73/0x130
00019  ? kthread+0x2cd/0x3a0
00019 CPU: 3 UID: 0 PID: 1804 Comm: ll_ost00_000 Tainted: G        W  O        7.0.0-ktest-6eb18a2-6330a45-20260928-dirty #1 PREEMPT 
00019  lmv(O)
00019  ? ptlrpc_start_thread+0x1f10/0x1f10 [ptlrpc]
00019 Tainted: [W]=WARN, [O]=OOT_MODULE
00019  ? kthread_unuse_mm+0x130/0x130
00019  ? ret_from_fork+0x18c/0x520
00019  ? kthread_unuse_mm+0x130/0x130
00019  ? ret_from_fork_asm+0x11/0x20
00019  </TASK>
00019 ---[ end trace 0000000000000000 ]---
00019 ------------[ cut here ]------------
00019 WARNING: /home/ktest/git/linux/include/linux/fs.h:889 at osd_create+0x9cf/0xcf0 [osd_wbcfs], CPU#1: ll_ost00_002/1806
00019 Modules linked in: ofd(O) osp(O) mdd(O) lod(O) mdt(O) lquota(O) lfsck(O) mgs(O) osd_wbcfs(O) lustre(O) obdecho(O) mgc(O) mdc(O) lov(O) osc(O) lmv(O) ec(O) fid(O) fld(O) ptlrpc(O) efivarfs obdclass(O) ksocklnd(O) lnet(O) libcfs(O)
00019 CPU: 1 UID: 0 PID: 1806 Comm: ll_ost00_002 Tainted: G        W  O        7.0.0-ktest-6eb18a2-6330a45-20260928-dirty #1 PREEMPT 
00019 Tainted: [W]=WARN, [O]=OOT_MODULE
00019 Hardware name: QEMU Standard PC (Q35 + ICH9, 2009), BIOS 2025.11-3ubuntu7 03/31/2026
00019 RIP: 0010:osd_create+0x9cf/0xcf0 [osd_wbcfs]
00019  ec(O)
00019 Code: c7 c7 00 96 7b a1 48 c7 c6 a0 12 7d a1 48 c7 c2 00 1c 7d a1 e8 52 f1 43 ff 48 c7 c7 00 96 7b a1 e8 46 81 44 ff e9 fe fc ff ff <0f> 0b e9 a5 fa ff ff 48 c7 c1 80 44 5d a0 80 e1 07 80 c1 03 38 c1
00019 RSP: 0018:ffffc90001837878 EFLAGS: 00010246
00019 RAX: 0000000000000000 RBX: ffff88814accf400 RCX: 0000000000000046
00019 RDX: 0000000000000000 RSI: ffff8880576dad60 RDI: ffff88804effaaa8
00019 RBP: ffff8880576dacd0 R08: ffffffff83a16803 R09: 1ffffffff0742d00
00019 R10: dffffc0000000000 R11: fffffbfff0742d01 R12: ffff88804ef54830
00019 R13: dffffc0000000000 R14: 1ffff11029599e80 R15: 1ffff11009dea942
00019 FS:  0000000000000000(0000) GS:ffff8881d4aa9000(0000) knlGS:0000000000000000
00019 CS:  0010 DS: 0000 ES: 0000 CR0: 0000000080050033
00019 CR2: 00007f4972e066f0 CR3: 0000000123455000 CR4: 0000000000750eb0
00019 PKRU: 55555554
00019 Call Trace:
00019  <TASK>
00019  ? ofd_precreate_objects+0x1bd8/0x3220 [ofd]
00019  ? ofd_create_hdl+0x2015/0x3510 [ofd]
00019 Hardware name: QEMU Standard PC (Q35 + ICH9, 2009), BIOS 2025.11-3ubuntu7 03/31/2026
00019  fid(O) fld(O)
00019 RIP: 0010:osd_create+0x9cf/0xcf0 [osd_wbcfs]
00019  ptlrpc(O)
00019  ? tgt_request_handle+0x23ad/0x3d30 [ptlrpc]
00019 Code: c7 c7 00 96 7b a1 48 c7 c6 a0 12 7d a1 48 c7 c2 00 1c 7d a1 e8 52 f1 43 ff 48 c7 c7 00 96 7b a1 e8 46 81 44 ff e9 fe fc ff ff <0f> 0b e9 a5 fa ff ff 48 c7 c1 80 44 5d a0 80 e1 07 80 c1 03 38 c1
00019  efivarfs obdclass(O)
00019  ? ptlrpc_main+0x6359/0x96f0 [ptlrpc]
00019 RSP: 0018:ffffc90002007878 EFLAGS: 00010246
00019  ? __kthread_parkme+0x73/0x130
00019  ? kthread+0x2cd/0x3a0
00019  ksocklnd(O) lnet(O)
00019 
00019  ? ptlrpc_start_thread+0x1f10/0x1f10 [ptlrpc]
00019  libcfs(O)
00019 RAX: 0000000000000000 RBX: ffff888125ea7400 RCX: 0000000000000046
00019  ? kthread_unuse_mm+0x130/0x130
00019  ? ret_from_fork+0x18c/0x520
00019  ? kthread_unuse_mm+0x130/0x130
00019  ? ret_from_fork_asm+0x11/0x20
00019  </TASK>
00019 ---[ end trace 0000000000000000 ]---
00019 ------------[ cut here ]------------
00019 
00019 CPU: 0 UID: 0 PID: 1805 Comm: ll_ost00_001 Tainted: G        W  O        7.0.0-ktest-6eb18a2-6330a45-20260928-dirty #1 PREEMPT 
00019 WARNING: /home/ktest/git/linux/include/linux/fs.h:889 at osd_create+0x9cf/0xcf0 [osd_wbcfs], CPU#1: ll_ost00_002/1806
00019 Modules linked in: ofd(O) osp(O) mdd(O) lod(O) mdt(O) lquota(O) lfsck(O) mgs(O) osd_wbcfs(O) lustre(O) obdecho(O) mgc(O) mdc(O) lov(O) osc(O) lmv(O) ec(O) fid(O) fld(O) ptlrpc(O) efivarfs obdclass(O) ksocklnd(O) lnet(O) libcfs(O)
00019 CPU: 1 UID: 0 PID: 1806 Comm: ll_ost00_002 Tainted: G        W  O        7.0.0-ktest-6eb18a2-6330a45-20260928-dirty #1 PREEMPT 
00019 Tainted: [W]=WARN, [O]=OOT_MODULE
00019 Hardware name: QEMU Standard PC (Q35 + ICH9, 2009), BIOS 2025.11-3ubuntu7 03/31/2026
00019 RIP: 0010:osd_create+0x9cf/0xcf0 [osd_wbcfs]
00019 Code: c7 c7 00 96 7b a1 48 c7 c6 a0 12 7d a1 48 c7 c2 00 1c 7d a1 e8 52 f1 43 ff 48 c7 c7 00 96 7b a1 e8 46 81 44 ff e9 fe fc ff ff <0f> 0b e9 a5 fa ff ff 48 c7 c1 80 44 5d a0 80 e1 07 80 c1 03 38 c1
00019 RSP: 0018:ffffc90001837878 EFLAGS: 00010246
00019 RAX: 0000000000000000 RBX: ffff88814ad1f800 RCX: 0000000000000046
00019 RDX: 0000000000000000 RSI: ffff8880403e7b68 RDI: ffff88804effaaa8
00019 RBP: ffff8880403e7ad8 R08: ffffffff83a16803 R09: 1ffffffff0742d00
00019 R10: dffffc0000000000 R11: fffffbfff0742d01 R12: ffff88804ef54830
00019 R13: dffffc0000000000 R14: 1ffff110295a3f00 R15: 1ffff11009dea942
00019 FS:  0000000000000000(0000) GS:ffff8881d4aa9000(0000) knlGS:0000000000000000
00019 CS:  0010 DS: 0000 ES: 0000 CR0: 0000000080050033
00019 CR2: 00007f4972e066f0 CR3: 0000000123455000 CR4: 0000000000750eb0
00019 PKRU: 55555554
00019 Call Trace:
00019  <TASK>
00019  ? ofd_precreate_objects+0x1bd8/0x3220 [ofd]
00019 RDX: 0000000000000000 RSI: ffff888056c26d38 RDI: ffff88804cd4aaa8
00019  ? ofd_create_hdl+0x2015/0x3510 [ofd]
00019 Tainted: [W]=WARN, [O]=OOT_MODULE
00019  ? tgt_request_handle+0x23ad/0x3d30 [ptlrpc]
00019 RBP: ffff888056c26ca8 R08: ffffffff83a16803 R09: 1ffffffff0742d00
00019 Hardware name: QEMU Standard PC (Q35 + ICH9, 2009), BIOS 2025.11-3ubuntu7 03/31/2026
00019 R10: dffffc0000000000 R11: fffffbfff0742d01 R12: ffff88804f3d1030
00019  ? ptlrpc_main+0x6359/0x96f0 [ptlrpc]
00019 RIP: 0010:osd_create+0x9cf/0xcf0 [osd_wbcfs]
00019 R13: dffffc0000000000 R14: 1ffff11024bd4e80 R15: 1ffff11009e7a242
00019  ? __kthread_parkme+0x73/0x130
00019  ? kthread+0x2cd/0x3a0
00019 Code: c7 c7 00 96 7b a1 48 c7 c6 a0 12 7d a1 48 c7 c2 00 1c 7d a1 e8 52 f1 43 ff 48 c7 c7 00 96 7b a1 e8 46 81 44 ff e9 fe fc ff ff <0f> 0b e9 a5 fa ff ff 48 c7 c1 80 44 5d a0 80 e1 07 80 c1 03 38 c1
00019 FS:  0000000000000000(0000) GS:ffff8881d4ba9000(0000) knlGS:0000000000000000
00019  ? ptlrpc_start_thread+0x1f10/0x1f10 [ptlrpc]
00019 RSP: 0018:ffffc900019a7878 EFLAGS: 00010246
00019  ? kthread_unuse_mm+0x130/0x130
00019  ? ret_from_fork+0x18c/0x520
00019  ? kthread_unuse_mm+0x130/0x130
00019  ? ret_from_fork_asm+0x11/0x20
00019  </TASK>
00019 ---[ end trace 0000000000000000 ]---
00019 ------------[ cut here ]------------
00019 WARNING: /home/ktest/git/linux/include/linux/fs.h:889 at osd_create+0x9cf/0xcf0 [osd_wbcfs], CPU#1: ll_ost00_002/1806
00019 CS:  0010 DS: 0000 ES: 0000 CR0: 0000000080050033
00019 Modules linked in: ofd(O) osp(O) mdd(O) lod(O) mdt(O) lquota(O) lfsck(O) mgs(O) osd_wbcfs(O) lustre(O) obdecho(O) mgc(O) mdc(O) lov(O) osc(O) lmv(O) ec(O) fid(O) fld(O) ptlrpc(O) efivarfs obdclass(O) ksocklnd(O) lnet(O) libcfs(O)
00019 
00019 CPU: 1 UID: 0 PID: 1806 Comm: ll_ost00_002 Tainted: G        W  O        7.0.0-ktest-6eb18a2-6330a45-20260928-dirty #1 PREEMPT 
00019 Tainted: [W]=WARN, [O]=OOT_MODULE
00019 Hardware name: QEMU Standard PC (Q35 + ICH9, 2009), BIOS 2025.11-3ubuntu7 03/31/2026
00019 RIP: 0010:osd_create+0x9cf/0xcf0 [osd_wbcfs]
00019 Code: c7 c7 00 96 7b a1 48 c7 c6 a0 12 7d a1 48 c7 c2 00 1c 7d a1 e8 52 f1 43 ff 48 c7 c7 00 96 7b a1 e8 46 81 44 ff e9 fe fc ff ff <0f> 0b e9 a5 fa ff ff 48 c7 c1 80 44 5d a0 80 e1 07 80 c1 03 38 c1
00019 RSP: 0018:ffffc90001837878 EFLAGS: 00010246
00019 RAX: 0000000000000000 RBX: ffff88814ad9dc00 RCX: 0000000000000046
00019 RDX: 0000000000000000 RSI: ffff8880403e7450 RDI: ffff88804effaaa8
00019 RBP: ffff8880403e73c0 R08: ffffffff83a16803 R09: 1ffffffff0742d00
00019 R10: dffffc0000000000 R11: fffffbfff0742d01 R12: ffff88804ef54830
00019 R13: dffffc0000000000 R14: 1ffff110295b3b80 R15: 1ffff11009dea942
00019 FS:  0000000000000000(0000) GS:ffff8881d4aa9000(0000) knlGS:0000000000000000
00019 CS:  0010 DS: 0000 ES: 0000 CR0: 0000000080050033
00019 CR2: 00007f4972e066f0 CR3: 0000000123455000 CR4: 0000000000750eb0
00019 PKRU: 55555554
00019 Call Trace:
00019  <TASK>
00019  ? ofd_precreate_objects+0x1bd8/0x3220 [ofd]
00019  ? ofd_create_hdl+0x2015/0x3510 [ofd]
00019 CR2: 00005577192b4560 CR3: 00000001263be000 CR4: 0000000000750eb0
00019 RAX: 0000000000000000 RBX: ffff8881043f3c00 RCX: 0000000000000046
00019  ? tgt_request_handle+0x23ad/0x3d30 [ptlrpc]
00019 PKRU: 55555554
00019  ? ptlrpc_main+0x6359/0x96f0 [ptlrpc]
00019  ? __kthread_parkme+0x73/0x130
00019  ? kthread+0x2cd/0x3a0
00019  ? ptlrpc_start_thread+0x1f10/0x1f10 [ptlrpc]
00019 RDX: 0000000000000000 RSI: ffff8880403e09e8 RDI: ffff88804effcb68
00019  ? kthread_unuse_mm+0x130/0x130
00019  ? ret_from_fork+0x18c/0x520
00019  ? kthread_unuse_mm+0x130/0x130
00019  ? ret_from_fork_asm+0x11/0x20
00019  </TASK>
00019 ---[ end trace 0000000000000000 ]---
00019 ------------[ cut here ]------------
00019 WARNING: /home/ktest/git/linux/include/linux/fs.h:889 at osd_create+0x9cf/0xcf0 [osd_wbcfs], CPU#1: ll_ost00_002/1806
00019 Modules linked in: ofd(O) osp(O) mdd(O) lod(O) mdt(O) lquota(O) lfsck(O) mgs(O) osd_wbcfs(O) lustre(O) obdecho(O) mgc(O) mdc(O) lov(O) osc(O) lmv(O) ec(O) fid(O) fld(O) ptlrpc(O) efivarfs obdclass(O) ksocklnd(O) lnet(O) libcfs(O)
00019 CPU: 1 UID: 0 PID: 1806 Comm: ll_ost00_002 Tainted: G        W  O        7.0.0-ktest-6eb18a2-6330a45-20260928-dirty #1 PREEMPT 
00019 Tainted: [W]=WARN, [O]=OOT_MODULE
00019 Hardware name: QEMU Standard PC (Q35 + ICH9, 2009), BIOS 2025.11-3ubuntu7 03/31/2026
00019 RIP: 0010:osd_create+0x9cf/0xcf0 [osd_wbcfs]
00019 Code: c7 c7 00 96 7b a1 48 c7 c6 a0 12 7d a1 48 c7 c2 00 1c 7d a1 e8 52 f1 43 ff 48 c7 c7 00 96 7b a1 e8 46 81 44 ff e9 fe fc ff ff <0f> 0b e9 a5 fa ff ff 48 c7 c1 80 44 5d a0 80 e1 07 80 c1 03 38 c1
00019 RSP: 0018:ffffc90001837878 EFLAGS: 00010246
00019 RAX: 0000000000000000 RBX: ffff88814ad9d800 RCX: 0000000000000046
00019 RDX: 0000000000000000 RSI: ffff8880403e6d38 RDI: ffff88804effaaa8
00019 RBP: ffff8880403e6ca8 R08: ffffffff83a16803 R09: 1ffffffff0742d00
00019 R10: dffffc0000000000 R11: fffffbfff0742d01 R12: ffff88804ef54830
00019 R13: dffffc0000000000 R14: 1ffff110295b3b00 R15: 1ffff11009dea942
00019 FS:  0000000000000000(0000) GS:ffff8881d4aa9000(0000) knlGS:0000000000000000
00019 CS:  0010 DS: 0000 ES: 0000 CR0: 0000000080050033
00019 CR2: 00007f4972e066f0 CR3: 0000000123455000 CR4: 0000000000750eb0
00019 PKRU: 55555554
00019 Call Trace:
00019  <TASK>
00019  ? ofd_precreate_objects+0x1bd8/0x3220 [ofd]
00019  ? ofd_create_hdl+0x2015/0x3510 [ofd]
00019 Call Trace:
00019  ? tgt_request_handle+0x23ad/0x3d30 [ptlrpc]
00019 RBP: ffff8880403e0958 R08: ffffffff83a16803 R09: 1ffffffff0742d00
00019  <TASK>
00019  ? ptlrpc_main+0x6359/0x96f0 [ptlrpc]
00019 R10: dffffc0000000000 R11: fffffbfff0742d01 R12: ffff88804f3d0830
00019 ------------[ cut here ]------------
00019 WARNING: /home/ktest/git/linux/include/linux/fs.h:889 at osd_create+0x9cf/0xcf0 [osd_wbcfs], CPU#2: ll_ost00_004/1849
00019 Modules linked in: ofd(O) osp(O) mdd(O) lod(O) mdt(O) lquota(O) lfsck(O) mgs(O) osd_wbcfs(O) lustre(O) obdecho(O) mgc(O) mdc(O) lov(O) osc(O) lmv(O) ec(O) fid(O) fld(O)
00019  ? __kthread_parkme+0x73/0x130
00019  ? kthread+0x2cd/0x3a0
00019  ptlrpc(O) efivarfs obdclass(O) ksocklnd(O) lnet(O) libcfs(O)
00019 CPU: 2 UID: 0 PID: 1849 Comm: ll_ost00_004 Tainted: G        W  O        7.0.0-ktest-6eb18a2-6330a45-20260928-dirty #1 PREEMPT 
00019 Tainted: [W]=WARN, [O]=OOT_MODULE
00019 Hardware name: QEMU Standard PC (Q35 + ICH9, 2009), BIOS 2025.11-3ubuntu7 03/31/2026
00019 RIP: 0010:osd_create+0x9cf/0xcf0 [osd_wbcfs]
00019 Code: c7 c7 00 96 7b a1 48 c7 c6 a0 12 7d a1 48 c7 c2 00 1c 7d a1 e8 52 f1 43 ff 48 c7 c7 00 96 7b a1 e8 46 81 44 ff e9 fe fc ff ff <0f> 0b e9 a5 fa ff ff 48 c7 c1 80 44 5d a0 80 e1 07 80 c1 03 38 c1
00019 RSP: 0018:ffffc90007daf8c0 EFLAGS: 00010246
00019 RAX: 0000000000000000 RBX: ffff888145572800 RCX: 0000000000000046
00019 RDX: 0000000000000000 RSI: ffff88814ab43478 RDI: ffff88814a8289c0
00019 RBP: ffff88814ab433e8 R08: ffffffff83a16803 R09: 1ffffffff0742d00
00019 R10: dffffc0000000000 R11: fffffbfff0742d01 R12: ffff88814803b030
00019 R13: dffffc0000000000 R14: 1ffff11028aae500 R15: 1ffff11029007642
00019 FS:  0000000000000000(0000) GS:ffff8881d4b29000(0000) knlGS:0000000000000000
00019 CS:  0010 DS: 0000 ES: 0000 CR0: 0000000080050033
00019 CR2: 00005577192b4560 CR3: 00000001263be000 CR4: 0000000000750eb0
00019 PKRU: 55555554
00019 Call Trace:
00019  <TASK>
00019  ? ptlrpc_start_thread+0x1f10/0x1f10 [ptlrpc]
00019  ? dt_find_or_create+0x81a/0x1170 [obdclass]
00019  ? kthread_unuse_mm+0x130/0x130
00019  ? ret_from_fork+0x18c/0x520
00019  ? ofd_precreate_objects+0x1bd8/0x3220 [ofd]
00019  ? ofd_create_hdl+0x2015/0x3510 [ofd]
00019 R13: dffffc0000000000 R14: 1ffff1102087e780 R15: 1ffff11009e7a142
00019  ? ofd_seq_load+0x605/0x1ac0 [ofd]
00019  ? ofd_create_hdl+0x4e0/0x3510 [ofd]
00019  ? ofd_create_hdl+0x778/0x3510 [ofd]
00019  ? kthread_unuse_mm+0x130/0x130
00019  ? tgt_request_handle+0x23ad/0x3d30 [ptlrpc]
00019 FS:  0000000000000000(0000) GS:ffff8881d4a29000(0000) knlGS:0000000000000000
00019  ? lustre_pack_reply_flags+0x11f/0x3a0 [ptlrpc]
00019  ? ret_from_fork_asm+0x11/0x20
00019  ? ptlrpc_main+0x6359/0x96f0 [ptlrpc]
00019 CS:  0010 DS: 0000 ES: 0000 CR0: 0000000080050033
00019  ? tgt_request_handle+0x23ad/0x3d30 [ptlrpc]
00019  ? __kthread_parkme+0x73/0x130
00019  ? kthread+0x2cd/0x3a0
00019  </TASK>
00019  ? ptlrpc_start_thread+0x1f10/0x1f10 [ptlrpc]
00019 CR2: 00007f6e31c06780 CR3: 00000001263be000 CR4: 0000000000750eb0
00019  ? ptlrpc_main+0x6359/0x96f0 [ptlrpc]
00019  ? kthread_unuse_mm+0x130/0x130
00019  ? ret_from_fork+0x18c/0x520
00019  ? kthread_unuse_mm+0x130/0x130
00019  ? ret_from_fork_asm+0x11/0x20
00019  </TASK>
00019 ---[ end trace 0000000000000000 ]---
00019 ---[ end trace 0000000000000000 ]---
00019  ? __kthread_parkme+0x73/0x130
00019  ? kthread+0x2cd/0x3a0
00019 PKRU: 55555554
00019 ------------[ cut here ]------------
00019 Call Trace:
00019  ? ptlrpc_start_thread+0x1f10/0x1f10 [ptlrpc]
00019 WARNING: /home/ktest/git/linux/include/linux/fs.h:889 at osd_create+0x9cf/0xcf0 [osd_wbcfs], CPU#1: ll_ost00_002/1806
00019  <TASK>
00019  ? kthread_unuse_mm+0x130/0x130
00019  ? ret_from_fork+0x18c/0x520
00019  ? kthread_unuse_mm+0x130/0x130
00019 Modules linked in:
00019  ? ret_from_fork_asm+0x11/0x20
00019  </TASK>
00019 ---[ end trace 0000000000000000 ]---
00019  ? ofd_precreate_objects+0x1bd8/0x3220 [ofd]
00019  ofd(O)
00019  ? ofd_create_hdl+0x2015/0x3510 [ofd]
00019  osp(O)
00019  ? tgt_request_handle+0x23ad/0x3d30 [ptlrpc]
00019  mdd(O)
00019 ------------[ cut here ]------------
00019  lod(O) mdt(O) lquota(O) lfsck(O) mgs(O) osd_wbcfs(O) lustre(O) obdecho(O) mgc(O) mdc(O) lov(O) osc(O) lmv(O) ec(O) fid(O) fld(O)
00019  ? ptlrpc_main+0x6359/0x96f0 [ptlrpc]
00019 WARNING: /home/ktest/git/linux/include/linux/fs.h:889 at osd_create+0x9cf/0xcf0 [osd_wbcfs], CPU#2: ll_ost00_004/1849
00019  ptlrpc(O) efivarfs obdclass(O) ksocklnd(O) lnet(O) libcfs(O)
00019 CPU: 1 UID: 0 PID: 1806 Comm: ll_ost00_002 Tainted: G        W  O        7.0.0-ktest-6eb18a2-6330a45-20260928-dirty #1 PREEMPT 
00019 Tainted: [W]=WARN, [O]=OOT_MODULE
00019 Hardware name: QEMU Standard PC (Q35 + ICH9, 2009), BIOS 2025.11-3ubuntu7 03/31/2026
00019  ? __kthread_parkme+0x73/0x130
00019  ? kthread+0x2cd/0x3a0
00019 Modules linked in:
00019 RIP: 0010:osd_create+0x9cf/0xcf0 [osd_wbcfs]
00019  ? ptlrpc_start_thread+0x1f10/0x1f10 [ptlrpc]
00019  ofd(O)
00019 Code: c7 c7 00 96 7b a1 48 c7 c6 a0 12 7d a1 48 c7 c2 00 1c 7d a1 e8 52 f1 43 ff 48 c7 c7 00 96 7b a1 e8 46 81 44 ff e9 fe fc ff ff <0f> 0b e9 a5 fa ff ff 48 c7 c1 80 44 5d a0 80 e1 07 80 c1 03 38 c1
00019 RSP: 0018:ffffc90001837878 EFLAGS: 00010246
00019 RAX: 0000000000000000 RBX: ffff88814adb8c00 RCX: 0000000000000046
00019 RDX: 0000000000000000 RSI: ffff8880403e6620 RDI: ffff88804effaaa8
00019 RBP: ffff8880403e6590 R08: ffffffff83a16803 R09: 1ffffffff0742d00
00019 R10: dffffc0000000000 R11: fffffbfff0742d01 R12: ffff88804ef54830
00019 R13: dffffc0000000000 R14: 1ffff110295b7180 R15: 1ffff11009dea942
00019 FS:  0000000000000000(0000) GS:ffff8881d4aa9000(0000) knlGS:0000000000000000
00019  ? kthread_unuse_mm+0x130/0x130
00019  ? ret_from_fork+0x18c/0x520
00019  ? kthread_unuse_mm+0x130/0x130
00019  ? ret_from_fork_asm+0x11/0x20
00019  </TASK>
00019 ---[ end trace 0000000000000000 ]---
00019 ------------[ cut here ]------------
00019 WARNING: /home/ktest/git/linux/include/linux/fs.h:889 at osd_create+0x9cf/0xcf0 [osd_wbcfs], CPU#0: ll_ost00_001/1805
00019 Modules linked in: ofd(O) osp(O) mdd(O) lod(O) mdt(O) lquota(O) lfsck(O) mgs(O) osd_wbcfs(O) lustre(O) obdecho(O) mgc(O) mdc(O) lov(O) osc(O) lmv(O) ec(O) fid(O) fld(O) ptlrpc(O) efivarfs obdclass(O) ksocklnd(O) lnet(O) libcfs(O)
00019 CPU: 0 UID: 0 PID: 1805 Comm: ll_ost00_001 Tainted: G        W  O        7.0.0-ktest-6eb18a2-6330a45-20260928-dirty #1 PREEMPT 
00019 Tainted: [W]=WARN, [O]=OOT_MODULE
00019 Hardware name: QEMU Standard PC (Q35 + ICH9, 2009), BIOS 2025.11-3ubuntu7 03/31/2026
00019 RIP: 0010:osd_create+0x9cf/0xcf0 [osd_wbcfs]
00019 Code: c7 c7 00 96 7b a1 48 c7 c6 a0 12 7d a1 48 c7 c2 00 1c 7d a1 e8 52 f1 43 ff 48 c7 c7 00 96 7b a1 e8 46 81 44 ff e9 fe fc ff ff <0f> 0b e9 a5 fa ff ff 48 c7 c1 80 44 5d a0 80 e1 07 80 c1 03 38 c1
00019 RSP: 0018:ffffc900019a7878 EFLAGS: 00010246
00019 RAX: 0000000000000000 RBX: ffff8881043f3800 RCX: 0000000000000046
00019 RDX: 0000000000000000 RSI: ffff8880403e02d0 RDI: ffff88804effcb68
00019 RBP: ffff8880403e0240 R08: ffffffff83a16803 R09: 1ffffffff0742d00
00019 R10: dffffc0000000000 R11: fffffbfff0742d01 R12: ffff88804f3d0830
00019 R13: dffffc0000000000 R14: 1ffff1102087e700 R15: 1ffff11009e7a142
00019 FS:  0000000000000000(0000) GS:ffff8881d4a29000(0000) knlGS:0000000000000000
00019 CS:  0010 DS: 0000 ES: 0000 CR0: 0000000080050033
00019 CR2: 00007f6e31c06780 CR3: 00000001263be000 CR4: 0000000000750eb0
00019 PKRU: 55555554
00019 Call Trace:
00019  <TASK>
00019  ? ofd_precreate_objects+0x1bd8/0x3220 [ofd]
00019  ? ofd_create_hdl+0x2015/0x3510 [ofd]
00019  osp(O) mdd(O) lod(O) mdt(O) lquota(O) lfsck(O) mgs(O) osd_wbcfs(O) lustre(O) obdecho(O) mgc(O) mdc(O) lov(O) osc(O) lmv(O) ec(O) fid(O) fld(O) ptlrpc(O) efivarfs obdclass(O) ksocklnd(O) lnet(O) libcfs(O)
00019 CPU: 2 UID: 0 PID: 1849 Comm: ll_ost00_004 Tainted: G        W  O        7.0.0-ktest-6eb18a2-6330a45-20260928-dirty #1 PREEMPT 
00019 Tainted: [W]=WARN, [O]=OOT_MODULE
00019 Hardware name: QEMU Standard PC (Q35 + ICH9, 2009), BIOS 2025.11-3ubuntu7 03/31/2026
00019 CS:  0010 DS: 0000 ES: 0000 CR0: 0000000080050033
00019 RIP: 0010:osd_create+0x9cf/0xcf0 [osd_wbcfs]
00019 Code: c7 c7 00 96 7b a1 48 c7 c6 a0 12 7d a1 48 c7 c2 00 1c 7d a1 e8 52 f1 43 ff 48 c7 c7 00 96 7b a1 e8 46 81 44 ff e9 fe fc ff ff <0f> 0b e9 a5 fa ff ff 48 c7 c1 80 44 5d a0 80 e1 07 80 c1 03 38 c1
00019 RSP: 0018:ffffc90007daf878 EFLAGS: 00010246
00019 RAX: 0000000000000000 RBX: ffff888145572000 RCX: 0000000000000046
00019 RDX: 0000000000000000 RSI: ffff88814ab42d60 RDI: ffff88814a8289e8
00019 RBP: ffff88814ab42cd0 R08: ffffffff83a16803 R09: 1ffffffff0742d00
00019 R10: dffffc0000000000 R11: fffffbfff0742d01 R12: ffff88814803b030
00019 R13: dffffc0000000000 R14: 1ffff11028aae400 R15: 1ffff11029007642
00019 FS:  0000000000000000(0000) GS:ffff8881d4b29000(0000) knlGS:0000000000000000
00019 CS:  0010 DS: 0000 ES: 0000 CR0: 0000000080050033
00019 CR2: 00005577192b4560 CR3: 00000001263be000 CR4: 0000000000750eb0
00019 PKRU: 55555554
00019 Call Trace:
00019  <TASK>
00019  ? ofd_precreate_objects+0x1bd8/0x3220 [ofd]
00019 CR2: 00007f4972e066f0 CR3: 0000000123455000 CR4: 0000000000750eb0
00019 PKRU: 55555554
00019 Call Trace:
00019  <TASK>
00019  ? ofd_precreate_objects+0x1bd8/0x3220 [ofd]
00019  ? tgt_request_handle+0x23ad/0x3d30 [ptlrpc]
00019  ? ofd_create_hdl+0x2015/0x3510 [ofd]
00019  ? ptlrpc_main+0x6359/0x96f0 [ptlrpc]
00019  ? ofd_create_hdl+0x2015/0x3510 [ofd]
00019  ? tgt_request_handle+0x23ad/0x3d30 [ptlrpc]
00019  ? tgt_request_handle+0x23ad/0x3d30 [ptlrpc]
00019  ? __kthread_parkme+0x73/0x130
00019  ? ptlrpc_main+0x6359/0x96f0 [ptlrpc]
00019  ? ptlrpc_main+0x6359/0x96f0 [ptlrpc]
00019  ? __kthread_parkme+0x73/0x130
00019  ? kthread+0x2cd/0x3a0
00019  ? kthread+0x2cd/0x3a0
00019  ? ptlrpc_start_thread+0x1f10/0x1f10 [ptlrpc]
00019  ? ptlrpc_start_thread+0x1f10/0x1f10 [ptlrpc]
00019  ? kthread_unuse_mm+0x130/0x130
00019  ? ret_from_fork+0x18c/0x520
00019  ? kthread_unuse_mm+0x130/0x130
00019  ? ret_from_fork_asm+0x11/0x20
00019  ? __kthread_parkme+0x73/0x130
00019  ? kthread+0x2cd/0x3a0
00019  ? kthread_unuse_mm+0x130/0x130
00019  ? ptlrpc_start_thread+0x1f10/0x1f10 [ptlrpc]
00019  </TASK>
00019  ? ret_from_fork+0x18c/0x520
00019  ? kthread_unuse_mm+0x130/0x130
00019 ---[ end trace 0000000000000000 ]---
00019  ? ret_from_fork+0x18c/0x520
00019  ? kthread_unuse_mm+0x130/0x130
00019  ? ret_from_fork_asm+0x11/0x20
00019  </TASK>
00019 ---[ end trace 0000000000000000 ]---
00019 ------------[ cut here ]------------
00019 WARNING: /home/ktest/git/linux/include/linux/fs.h:889 at osd_create+0x9cf/0xcf0 [osd_wbcfs], CPU#2: ll_ost00_004/1849
00019 Modules linked in: ofd(O) osp(O) mdd(O) lod(O) mdt(O) lquota(O) lfsck(O) mgs(O) osd_wbcfs(O) lustre(O)
00019  ? kthread_unuse_mm+0x130/0x130
00019  obdecho(O) mgc(O) mdc(O) lov(O) osc(O) lmv(O) ec(O) fid(O) fld(O) ptlrpc(O) efivarfs obdclass(O) ksocklnd(O) lnet(O) libcfs(O)
00019 CPU: 2 UID: 0 PID: 1849 Comm: ll_ost00_004 Tainted: G        W  O        7.0.0-ktest-6eb18a2-6330a45-20260928-dirty #1 PREEMPT 
00019 Tainted: [W]=WARN, [O]=OOT_MODULE
00019 Hardware name: QEMU Standard PC (Q35 + ICH9, 2009), BIOS 2025.11-3ubuntu7 03/31/2026
00019 RIP: 0010:osd_create+0x9cf/0xcf0 [osd_wbcfs]
00019 Code: c7 c7 00 96 7b a1 48 c7 c6 a0 12 7d a1 48 c7 c2 00 1c 7d a1 e8 52 f1 43 ff 48 c7 c7 00 96 7b a1 e8 46 81 44 ff e9 fe fc ff ff <0f> 0b e9 a5 fa ff ff 48 c7 c1 80 44 5d a0 80 e1 07 80 c1 03 38 c1
00019 RSP: 0018:ffffc90007daf878 EFLAGS: 00010246
00019 RAX: 0000000000000000 RBX: ffff888145570c00 RCX: 0000000000000046
00019 RDX: 0000000000000000 RSI: ffff88814ab42648 RDI: ffff88814a8289e8
00019 RBP: ffff88814ab425b8 R08: ffffffff83a16803 R09: 1ffffffff0742d00
00019 R10: dffffc0000000000 R11: fffffbfff0742d01 R12: ffff88814803b030
00019 R13: dffffc0000000000 R14: 1ffff11028aae180 R15: 1ffff11029007642
00019 FS:  0000000000000000(0000) GS:ffff8881d4b29000(0000) knlGS:0000000000000000
00019 CS:  0010 DS: 0000 ES: 0000 CR0: 0000000080050033
00019 ------------[ cut here ]------------
00019 WARNING: /home/ktest/git/linux/include/linux/fs.h:889 at osd_create+0x9cf/0xcf0 [osd_wbcfs], CPU#0: ll_ost00_001/1805
00019 Modules linked in: ofd(O) osp(O) mdd(O) lod(O) mdt(O) lquota(O) lfsck(O) mgs(O) osd_wbcfs(O) lustre(O) obdecho(O) mgc(O) mdc(O) lov(O) osc(O) lmv(O) ec(O) fid(O) fld(O) ptlrpc(O) efivarfs obdclass(O) ksocklnd(O) lnet(O) libcfs(O)
00019 CPU: 0 UID: 0 PID: 1805 Comm: ll_ost00_001 Tainted: G        W  O        7.0.0-ktest-6eb18a2-6330a45-20260928-dirty #1 PREEMPT 
00019 Tainted: [W]=WARN, [O]=OOT_MODULE
00019 Hardware name: QEMU Standard PC (Q35 + ICH9, 2009), BIOS 2025.11-3ubuntu7 03/31/2026
00019 RIP: 0010:osd_create+0x9cf/0xcf0 [osd_wbcfs]
00019  ? ret_from_fork_asm+0x11/0x20
00019 Code: c7 c7 00 96 7b a1 48 c7 c6 a0 12 7d a1 48 c7 c2 00 1c 7d a1 e8 52 f1 43 ff 48 c7 c7 00 96 7b a1 e8 46 81 44 ff e9 fe fc ff ff <0f> 0b e9 a5 fa ff ff 48 c7 c1 80 44 5d a0 80 e1 07 80 c1 03 38 c1
00019 RSP: 0018:ffffc900019a7878 EFLAGS: 00010246
00019 RAX: 0000000000000000 RBX: ffff8881043f1400 RCX: 0000000000000046
00019 RDX: 0000000000000000 RSI: ffff88814ab47b68 RDI: ffff88804effcb68
00019  </TASK>
00019 RBP: ffff88814ab47ad8 R08: ffffffff83a16803 R09: 1ffffffff0742d00
00019 ---[ end trace 0000000000000000 ]---
00019 R10: dffffc0000000000 R11: fffffbfff0742d01 R12: ffff88804f3d0830
00019 ------------[ cut here ]------------
00019 WARNING: /home/ktest/git/linux/include/linux/fs.h:889 at osd_create+0x9cf/0xcf0 [osd_wbcfs], CPU#1: ll_ost00_002/1806
00019 Modules linked in: ofd(O) osp(O) mdd(O) lod(O) mdt(O) lquota(O) lfsck(O) mgs(O) osd_wbcfs(O) lustre(O) obdecho(O) mgc(O) mdc(O) lov(O) osc(O) lmv(O) ec(O) fid(O) fld(O) ptlrpc(O) efivarfs obdclass(O) ksocklnd(O) lnet(O) libcfs(O)
00019 CPU: 1 UID: 0 PID: 1806 Comm: ll_ost00_002 Tainted: G        W  O        7.0.0-ktest-6eb18a2-6330a45-20260928-dirty #1 PREEMPT 
00019 Tainted: [W]=WARN, [O]=OOT_MODULE
00019 Hardware name: QEMU Standard PC (Q35 + ICH9, 2009), BIOS 2025.11-3ubuntu7 03/31/2026
00019 RIP: 0010:osd_create+0x9cf/0xcf0 [osd_wbcfs]
00019 CR2: 00005577192b4560 CR3: 00000001263be000 CR4: 0000000000750eb0
00019 PKRU: 55555554
00019 Call Trace:
00019  <TASK>
00019  ? ofd_precreate_objects+0x1bd8/0x3220 [ofd]
00019 R13: dffffc0000000000 R14: 1ffff1102087e280 R15: 1ffff11009e7a142
00019  ? ofd_create_hdl+0x2015/0x3510 [ofd]
00019  ? tgt_request_handle+0x23ad/0x3d30 [ptlrpc]
00019 Code: c7 c7 00 96 7b a1 48 c7 c6 a0 12 7d a1 48 c7 c2 00 1c 7d a1 e8 52 f1 43 ff 48 c7 c7 00 96 7b a1 e8 46 81 44 ff e9 fe fc ff ff <0f> 0b e9 a5 fa ff ff 48 c7 c1 80 44 5d a0 80 e1 07 80 c1 03 38 c1
00019 FS:  0000000000000000(0000) GS:ffff8881d4a29000(0000) knlGS:0000000000000000
00019  ? ptlrpc_main+0x6359/0x96f0 [ptlrpc]
00019 RSP: 0018:ffffc90001837878 EFLAGS: 00010246
00019  ? __kthread_parkme+0x73/0x130
00019  ? kthread+0x2cd/0x3a0
00019 CS:  0010 DS: 0000 ES: 0000 CR0: 0000000080050033
00019  ? ptlrpc_start_thread+0x1f10/0x1f10 [ptlrpc]
00019 
00019  ? kthread_unuse_mm+0x130/0x130
00019  ? ret_from_fork+0x18c/0x520
00019  ? kthread_unuse_mm+0x130/0x130
00019  ? ret_from_fork_asm+0x11/0x20
00019  </TASK>
00019 ---[ end trace 0000000000000000 ]---
00019 CR2: 00007f6e31c06780 CR3: 00000001263be000 CR4: 0000000000750eb0
00019 ------------[ cut here ]------------
00019 WARNING: /home/ktest/git/linux/include/linux/fs.h:889 at osd_create+0x9cf/0xcf0 [osd_wbcfs], CPU#2: ll_ost00_004/1849
00019 Modules linked in: ofd(O) osp(O) mdd(O) lod(O) mdt(O) lquota(O) lfsck(O) mgs(O) osd_wbcfs(O) lustre(O) obdecho(O) mgc(O) mdc(O) lov(O) osc(O) lmv(O) ec(O) fid(O) fld(O) ptlrpc(O) efivarfs obdclass(O) ksocklnd(O) lnet(O) libcfs(O)
00019 CPU: 2 UID: 0 PID: 1849 Comm: ll_ost00_004 Tainted: G        W  O        7.0.0-ktest-6eb18a2-6330a45-20260928-dirty #1 PREEMPT 
00019 Tainted: [W]=WARN, [O]=OOT_MODULE
00019 Hardware name: QEMU Standard PC (Q35 + ICH9, 2009), BIOS 2025.11-3ubuntu7 03/31/2026
00019 RIP: 0010:osd_create+0x9cf/0xcf0 [osd_wbcfs]
00019 Code: c7 c7 00 96 7b a1 48 c7 c6 a0 12 7d a1 48 c7 c2 00 1c 7d a1 e8 52 f1 43 ff 48 c7 c7 00 96 7b a1 e8 46 81 44 ff e9 fe fc ff ff <0f> 0b e9 a5 fa ff ff 48 c7 c1 80 44 5d a0 80 e1 07 80 c1 03 38 c1
00019 RSP: 0018:ffffc90007daf878 EFLAGS: 00010246
00019 RAX: 0000000000000000 RBX: ffff888145570400 RCX: 0000000000000046
00019 RDX: 0000000000000000 RSI: ffff88814ab41f30 RDI: ffff88814a8289e8
00019 RBP: ffff88814ab41ea0 R08: ffffffff83a16803 R09: 1ffffffff0742d00
00019 R10: dffffc0000000000 R11: fffffbfff0742d01 R12: ffff88814803b030
00019 R13: dffffc0000000000 R14: 1ffff11028aae080 R15: 1ffff11029007642
00019 FS:  0000000000000000(0000) GS:ffff8881d4b29000(0000) knlGS:0000000000000000
00019 CS:  0010 DS: 0000 ES: 0000 CR0: 0000000080050033
00019 CR2: 00005577192b4560 CR3: 00000001263be000 CR4: 0000000000750eb0
00019 RAX: 0000000000000000 RBX: ffff88814adb8800 RCX: 0000000000000046
00019 PKRU: 55555554
00019 Call Trace:
00019  <TASK>
00019  ? ofd_precreate_objects+0x1bd8/0x3220 [ofd]
00019  ? ofd_create_hdl+0x2015/0x3510 [ofd]
00019 ------------[ cut here ]------------
00019 PKRU: 55555554
00019 WARNING: /home/ktest/git/linux/include/linux/fs.h:889 at osd_create+0x9cf/0xcf0 [osd_wbcfs], CPU#3: ll_ost00_000/1804
00019 Modules linked in: ofd(O) osp(O) mdd(O) lod(O) mdt(O) lquota(O) lfsck(O) mgs(O) osd_wbcfs(O) lustre(O) obdecho(O) mgc(O) mdc(O) lov(O) osc(O) lmv(O) ec(O) fid(O) fld(O) ptlrpc(O) efivarfs obdclass(O) ksocklnd(O) lnet(O) libcfs(O)
00019 CPU: 3 UID: 0 PID: 1804 Comm: ll_ost00_000 Tainted: G        W  O        7.0.0-ktest-6eb18a2-6330a45-20260928-dirty #1 PREEMPT 
00019 Tainted: [W]=WARN, [O]=OOT_MODULE
00019 Hardware name: QEMU Standard PC (Q35 + ICH9, 2009), BIOS 2025.11-3ubuntu7 03/31/2026
00019 RIP: 0010:osd_create+0x9cf/0xcf0 [osd_wbcfs]
00019 Code: c7 c7 00 96 7b a1 48 c7 c6 a0 12 7d a1 48 c7 c2 00 1c 7d a1 e8 52 f1 43 ff 48 c7 c7 00 96 7b a1 e8 46 81 44 ff e9 fe fc ff ff <0f> 0b e9 a5 fa ff ff 48 c7 c1 80 44 5d a0 80 e1 07 80 c1 03 38 c1
00019 RSP: 0018:ffffc90002007878 EFLAGS: 00010246
00019 RAX: 0000000000000000 RBX: ffff888125ea6000 RCX: 0000000000000046
00019 RDX: 0000000000000000 RSI: ffff888056c26620 RDI: ffff88804cd4aaa8
00019 RBP: ffff888056c26590 R08: ffffffff83a16803 R09: 1ffffffff0742d00
00019 R10: dffffc0000000000 R11: fffffbfff0742d01 R12: ffff88804f3d1030
00019 R13: dffffc0000000000 R14: 1ffff11024bd4c00 R15: 1ffff11009e7a242
00019 FS:  0000000000000000(0000) GS:ffff8881d4ba9000(0000) knlGS:0000000000000000
00019 CS:  0010 DS: 0000 ES: 0000 CR0: 0000000080050033
00019 CR2: 00005577192b4560 CR3: 00000001263be000 CR4: 0000000000750eb0
00019 PKRU: 55555554
00019 Call Trace:
00019  <TASK>
00019 RDX: 0000000000000000 RSI: ffff8880403e5f08 RDI: ffff88804effaaa8
00019  ? tgt_request_handle+0x23ad/0x3d30 [ptlrpc]
00019  ? ofd_precreate_objects+0x1bd8/0x3220 [ofd]
00019  ? ofd_create_hdl+0x2015/0x3510 [ofd]
00019 Call Trace:
00019 RBP: ffff8880403e5e78 R08: ffffffff83a16803 R09: 1ffffffff0742d00
00019  <TASK>
00019 R10: dffffc0000000000 R11: fffffbfff0742d01 R12: ffff88804ef54830
00019  ? tgt_request_handle+0x23ad/0x3d30 [ptlrpc]
00019  ? ptlrpc_main+0x6359/0x96f0 [ptlrpc]
00019  ? ofd_precreate_objects+0x1bd8/0x3220 [ofd]
00019 R13: dffffc0000000000 R14: 1ffff110295b7100 R15: 1ffff11009dea942
00019  ? __kthread_parkme+0x73/0x130
00019  ? kthread+0x2cd/0x3a0
00019  ? ofd_create_hdl+0x2015/0x3510 [ofd]
00019  ? ptlrpc_main+0x6359/0x96f0 [ptlrpc]
00019  ? ptlrpc_start_thread+0x1f10/0x1f10 [ptlrpc]
00019 FS:  0000000000000000(0000) GS:ffff8881d4aa9000(0000) knlGS:0000000000000000
00019 CS:  0010 DS: 0000 ES: 0000 CR0: 0000000080050033
00019  ? kthread_unuse_mm+0x130/0x130
00019  ? ret_from_fork+0x18c/0x520
00019  ? kthread_unuse_mm+0x130/0x130
00019  ? ret_from_fork_asm+0x11/0x20
00019  </TASK>
00019 ---[ end trace 0000000000000000 ]---
00019  ? tgt_request_handle+0x23ad/0x3d30 [ptlrpc]
00019  ? __kthread_parkme+0x73/0x130
00019 ------------[ cut here ]------------
00019 WARNING: /home/ktest/git/linux/include/linux/fs.h:889 at osd_create+0x9cf/0xcf0 [osd_wbcfs], CPU#2: ll_ost00_004/1849
00019 Modules linked in: ofd(O) osp(O) mdd(O) lod(O) mdt(O) lquota(O) lfsck(O) mgs(O) osd_wbcfs(O) lustre(O) obdecho(O) mgc(O) mdc(O) lov(O) osc(O) lmv(O) ec(O) fid(O) fld(O) ptlrpc(O) efivarfs obdclass(O)
00019 CR2: 00007f4972e066f0 CR3: 0000000123455000 CR4: 0000000000750eb0
00019  ksocklnd(O) lnet(O) libcfs(O)
00019 CPU: 2 UID: 0 PID: 1849 Comm: ll_ost00_004 Tainted: G        W  O        7.0.0-ktest-6eb18a2-6330a45-20260928-dirty #1 PREEMPT 
00019 Tainted: [W]=WARN, [O]=OOT_MODULE
00019 Hardware name: QEMU Standard PC (Q35 + ICH9, 2009), BIOS 2025.11-3ubuntu7 03/31/2026
00019 RIP: 0010:osd_create+0x9cf/0xcf0 [osd_wbcfs]
00019  ? kthread+0x2cd/0x3a0
00019 Code: c7 c7 00 96 7b a1 48 c7 c6 a0 12 7d a1 48 c7 c2 00 1c 7d a1 e8 52 f1 43 ff 48 c7 c7 00 96 7b a1 e8 46 81 44 ff e9 fe fc ff ff <0f> 0b e9 a5 fa ff ff 48 c7 c1 80 44 5d a0 80 e1 07 80 c1 03 38 c1
00019 RSP: 0018:ffffc90007daf878 EFLAGS: 00010246
00019 RAX: 0000000000000000 RBX: ffff888145573400 RCX: 0000000000000046
00019 RDX: 0000000000000000 RSI: ffff88814ab41818 RDI: ffff88814a8289e8
00019 RBP: ffff88814ab41788 R08: ffffffff83a16803 R09: 1ffffffff0742d00
00019 R10: dffffc0000000000 R11: fffffbfff0742d01 R12: ffff88814803b030
00019 R13: dffffc0000000000 R14: 1ffff11028aae680 R15: 1ffff11029007642
00019 FS:  0000000000000000(0000) GS:ffff8881d4b29000(0000) knlGS:0000000000000000
00019 CS:  0010 DS: 0000 ES: 0000 CR0: 0000000080050033
00019 CR2: 00005577192b4560 CR3: 00000001263be000 CR4: 0000000000750eb0
00019 PKRU: 55555554
00019 Call Trace:
00019  <TASK>
00019 PKRU: 55555554
00019  ? ofd_precreate_objects+0x1bd8/0x3220 [ofd]
00019 Call Trace:
00019  <TASK>
00019  ? ptlrpc_main+0x6359/0x96f0 [ptlrpc]
00019  ? ofd_precreate_objects+0x1bd8/0x3220 [ofd]
00019  ? ptlrpc_start_thread+0x1f10/0x1f10 [ptlrpc]
00019  ? ofd_create_hdl+0x2015/0x3510 [ofd]
00019  ? ofd_create_hdl+0x2015/0x3510 [ofd]
00019  ? __kthread_parkme+0x73/0x130
00019  ? tgt_request_handle+0x23ad/0x3d30 [ptlrpc]
00019  ? tgt_request_handle+0x23ad/0x3d30 [ptlrpc]
00019  ? kthread_unuse_mm+0x130/0x130
00019  ? kthread+0x2cd/0x3a0
00019  ? ret_from_fork+0x18c/0x520
00019  ? ptlrpc_main+0x6359/0x96f0 [ptlrpc]
00019  ? ptlrpc_main+0x6359/0x96f0 [ptlrpc]
00019  ? ptlrpc_start_thread+0x1f10/0x1f10 [ptlrpc]
00019  ? kthread_unuse_mm+0x130/0x130
00019  ? ret_from_fork_asm+0x11/0x20
00019  </TASK>
00019  ? __kthread_parkme+0x73/0x130
00019  ? kthread+0x2cd/0x3a0
00019  ? kthread_unuse_mm+0x130/0x130
00019  ? ret_from_fork+0x18c/0x520
00019  ? kthread_unuse_mm+0x130/0x130
00019  ? ret_from_fork_asm+0x11/0x20
00019  </TASK>
00019 ---[ end trace 0000000000000000 ]---
00019 ------------[ cut here ]------------
00019 WARNING: /home/ktest/git/linux/include/linux/fs.h:889 at osd_create+0x9cf/0xcf0 [osd_wbcfs], CPU#0: ll_ost00_001/1805
00019 Modules linked in: ofd(O) osp(O) mdd(O) lod(O) mdt(O) lquota(O) lfsck(O) mgs(O) osd_wbcfs(O) lustre(O) obdecho(O) mgc(O) mdc(O) lov(O) osc(O) lmv(O) ec(O) fid(O) fld(O) ptlrpc(O) efivarfs obdclass(O) ksocklnd(O) lnet(O) libcfs(O)
00019 CPU: 0 UID: 0 PID: 1805 Comm: ll_ost00_001 Tainted: G        W  O        7.0.0-ktest-6eb18a2-6330a45-20260928-dirty #1 PREEMPT 
00019 Tainted: [W]=WARN, [O]=OOT_MODULE
00019 Hardware name: QEMU Standard PC (Q35 + ICH9, 2009), BIOS 2025.11-3ubuntu7 03/31/2026
00019 RIP: 0010:osd_create+0x9cf/0xcf0 [osd_wbcfs]
00019 Code: c7 c7 00 96 7b a1 48 c7 c6 a0 12 7d a1 48 c7 c2 00 1c 7d a1 e8 52 f1 43 ff 48 c7 c7 00 96 7b a1 e8 46 81 44 ff e9 fe fc ff ff <0f> 0b e9 a5 fa ff ff 48 c7 c1 80 44 5d a0 80 e1 07 80 c1 03 38 c1
00019 RSP: 0018:ffffc900019a7878 EFLAGS: 00010246
00019 RAX: 0000000000000000 RBX: ffff8881043f0000 RCX: 0000000000000046
00019 RDX: 0000000000000000 RSI: ffff88814ab47450 RDI: ffff88804effcb68
00019 RBP: ffff88814ab473c0 R08: ffffffff83a16803 R09: 1ffffffff0742d00
00019 R10: dffffc0000000000 R11: fffffbfff0742d01 R12: ffff88804f3d0830
00019 R13: dffffc0000000000 R14: 1ffff1102087e000 R15: 1ffff11009e7a142
00019  ? ptlrpc_start_thread+0x1f10/0x1f10 [ptlrpc]
00019 FS:  0000000000000000(0000) GS:ffff8881d4a29000(0000) knlGS:0000000000000000
00019 CS:  0010 DS: 0000 ES: 0000 CR0: 0000000080050033
00019 CR2: 00007f6e31c06780 CR3: 00000001263be000 CR4: 0000000000750eb0
00019 PKRU: 55555554
00019 Call Trace:
00019  <TASK>
00019  ? ofd_precreate_objects+0x1bd8/0x3220 [ofd]
00019  ? ofd_create_hdl+0x2015/0x3510 [ofd]
00019  ? __kthread_parkme+0x73/0x130
00019 ---[ end trace 0000000000000000 ]---
00019  ? kthread_unuse_mm+0x130/0x130
00019  ? ret_from_fork+0x18c/0x520
00019  ? kthread_unuse_mm+0x130/0x130
00019  ? kthread+0x2cd/0x3a0
00019  ? ret_from_fork_asm+0x11/0x20
00019  </TASK>
00019 ---[ end trace 0000000000000000 ]---
00019  ? ptlrpc_start_thread+0x1f10/0x1f10 [ptlrpc]
00019  ? tgt_request_handle+0x23ad/0x3d30 [ptlrpc]
00019 ------------[ cut here ]------------
00019 WARNING: /home/ktest/git/linux/include/linux/fs.h:889 at osd_create+0x9cf/0xcf0 [osd_wbcfs], CPU#3: ll_ost00_000/1804
00019 Modules linked in: ofd(O) osp(O) mdd(O) lod(O) mdt(O) lquota(O) lfsck(O) mgs(O) osd_wbcfs(O) lustre(O) obdecho(O) mgc(O) mdc(O) lov(O) osc(O) lmv(O) ec(O) fid(O) fld(O) ptlrpc(O) efivarfs obdclass(O) ksocklnd(O) lnet(O) libcfs(O)
00019 CPU: 3 UID: 0 PID: 1804 Comm: ll_ost00_000 Tainted: G        W  O        7.0.0-ktest-6eb18a2-6330a45-20260928-dirty #1 PREEMPT 
00019 Tainted: [W]=WARN, [O]=OOT_MODULE
00019 Hardware name: QEMU Standard PC (Q35 + ICH9, 2009), BIOS 2025.11-3ubuntu7 03/31/2026
00019 RIP: 0010:osd_create+0x9cf/0xcf0 [osd_wbcfs]
00019 Code: c7 c7 00 96 7b a1 48 c7 c6 a0 12 7d a1 48 c7 c2 00 1c 7d a1 e8 52 f1 43 ff 48 c7 c7 00 96 7b a1 e8 46 81 44 ff e9 fe fc ff ff <0f> 0b e9 a5 fa ff ff 48 c7 c1 80 44 5d a0 80 e1 07 80 c1 03 38 c1
00019 RSP: 0018:ffffc90002007878 EFLAGS: 00010246
00019 RAX: 0000000000000000 RBX: ffff888125ea5c00 RCX: 0000000000000046
00019 RDX: 0000000000000000 RSI: ffff888056c25f08 RDI: ffff88804cd4aaa8
00019 RBP: ffff888056c25e78 R08: ffffffff83a16803 R09: 1ffffffff0742d00
00019 R10: dffffc0000000000 R11: fffffbfff0742d01 R12: ffff88804f3d1030
00019 R13: dffffc0000000000 R14: 1ffff11024bd4b80 R15: 1ffff11009e7a242
00019 FS:  0000000000000000(0000) GS:ffff8881d4ba9000(0000) knlGS:0000000000000000
00019 CS:  0010 DS: 0000 ES: 0000 CR0: 0000000080050033
00019 CR2: 00005577192b4560 CR3: 00000001263be000 CR4: 0000000000750eb0
00019 PKRU: 55555554
00019 Call Trace:
00019  <TASK>
00019  ? ofd_precreate_objects+0x1bd8/0x3220 [ofd]
00019  ? ofd_create_hdl+0x2015/0x3510 [ofd]
00019  ? kthread_unuse_mm+0x130/0x130
00019  ? tgt_request_handle+0x23ad/0x3d30 [ptlrpc]
00019  ? ptlrpc_main+0x6359/0x96f0 [ptlrpc]
00019  ? ret_from_fork+0x18c/0x520
00019  ? __kthread_parkme+0x73/0x130
00019  ? kthread+0x2cd/0x3a0
00019  ? ptlrpc_main+0x6359/0x96f0 [ptlrpc]
00019  ? ptlrpc_start_thread+0x1f10/0x1f10 [ptlrpc]
00019  ? kthread_unuse_mm+0x130/0x130
00019  ? ret_from_fork+0x18c/0x520
00019  ? kthread_unuse_mm+0x130/0x130
00019  ? ret_from_fork_asm+0x11/0x20
00019  </TASK>
00019 ---[ end trace 0000000000000000 ]---
00019 ------------[ cut here ]------------
00019 WARNING: /home/ktest/git/linux/include/linux/fs.h:889 at osd_create+0x9cf/0xcf0 [osd_wbcfs], CPU#0: ll_ost00_001/1805
00019 Modules linked in: ofd(O) osp(O) mdd(O) lod(O) mdt(O) lquota(O) lfsck(O) mgs(O) osd_wbcfs(O) lustre(O) obdecho(O) mgc(O) mdc(O) lov(O) osc(O) lmv(O) ec(O) fid(O) fld(O) ptlrpc(O) efivarfs obdclass(O) ksocklnd(O) lnet(O) libcfs(O)
00019 CPU: 0 UID: 0 PID: 1805 Comm: ll_ost00_001 Tainted: G        W  O        7.0.0-ktest-6eb18a2-6330a45-20260928-dirty #1 PREEMPT 
00019  ? kthread_unuse_mm+0x130/0x130
00019  ? ret_from_fork_asm+0x11/0x20
00019  </TASK>
00019 ---[ end trace 0000000000000000 ]---
00019 ------------[ cut here ]------------
00019 WARNING: /home/ktest/git/linux/include/linux/fs.h:889 at osd_create+0x9cf/0xcf0 [osd_wbcfs], CPU#2: ll_ost00_004/1849
00019 Modules linked in: ofd(O) osp(O) mdd(O) lod(O) mdt(O)
00019  ? __kthread_parkme+0x73/0x130
00019  ? kthread+0x2cd/0x3a0
00019 Tainted: [W]=WARN, [O]=OOT_MODULE
00019 Hardware name: QEMU Standard PC (Q35 + ICH9, 2009), BIOS 2025.11-3ubuntu7 03/31/2026
00019 RIP: 0010:osd_create+0x9cf/0xcf0 [osd_wbcfs]
00019  ? ptlrpc_start_thread+0x1f10/0x1f10 [ptlrpc]
00019  lquota(O)
00019  ? kthread_unuse_mm+0x130/0x130
00019  ? ret_from_fork+0x18c/0x520
00019  ? kthread_unuse_mm+0x130/0x130
00019  ? ret_from_fork_asm+0x11/0x20
00019  </TASK>
00019 ---[ end trace 0000000000000000 ]---
00019 ------------[ cut here ]------------
00019 WARNING: /home/ktest/git/linux/include/linux/fs.h:889 at osd_create+0x9cf/0xcf0 [osd_wbcfs], CPU#3: ll_ost00_000/1804
00019 Modules linked in: ofd(O) osp(O) mdd(O) lod(O) mdt(O) lquota(O) lfsck(O) mgs(O) osd_wbcfs(O) lustre(O) obdecho(O) mgc(O) mdc(O) lov(O) osc(O) lmv(O) ec(O) fid(O) fld(O) ptlrpc(O) efivarfs obdclass(O) ksocklnd(O) lnet(O) libcfs(O)
00019 CPU: 3 UID: 0 PID: 1804 Comm: ll_ost00_000 Tainted: G        W  O        7.0.0-ktest-6eb18a2-6330a45-20260928-dirty #1 PREEMPT 
00019 Tainted: [W]=WARN, [O]=OOT_MODULE
00019 Hardware name: QEMU Standard PC (Q35 + ICH9, 2009), BIOS 2025.11-3ubuntu7 03/31/2026
00019 RIP: 0010:osd_create+0x9cf/0xcf0 [osd_wbcfs]
00019 Code: c7 c7 00 96 7b a1 48 c7 c6 a0 12 7d a1 48 c7 c2 00 1c 7d a1 e8 52 f1 43 ff 48 c7 c7 00 96 7b a1 e8 46 81 44 ff e9 fe fc ff ff <0f> 0b e9 a5 fa ff ff 48 c7 c1 80 44 5d a0 80 e1 07 80 c1 03 38 c1
00019 Code: c7 c7 00 96 7b a1 48 c7 c6 a0 12 7d a1 48 c7 c2 00 1c 7d a1 e8 52 f1 43 ff 48 c7 c7 00 96 7b a1 e8 46 81 44 ff e9 fe fc ff ff <0f> 0b e9 a5 fa ff ff 48 c7 c1 80 44 5d a0 80 e1 07 80 c1 03 38 c1
00019 RSP: 0018:ffffc90002007878 EFLAGS: 00010246
00019 RSP: 0018:ffffc900019a7878 EFLAGS: 00010246
00019 
00019 RAX: 0000000000000000 RBX: ffff8881043f2c00 RCX: 0000000000000046
00019 RDX: 0000000000000000 RSI: ffff88814ab46d38 RDI: ffff88804effcb68
00019 RAX: 0000000000000000 RBX: ffff888125ea5000 RCX: 0000000000000046
00019 RBP: ffff88814ab46ca8 R08: ffffffff83a16803 R09: 1ffffffff0742d00
00019 RDX: 0000000000000000 RSI: ffff888056c257f0 RDI: ffff88804cd4aaa8
00019 R10: dffffc0000000000 R11: fffffbfff0742d01 R12: ffff88804f3d0830
00019 RBP: ffff888056c25760 R08: ffffffff83a16803 R09: 1ffffffff0742d00
00019 R10: dffffc0000000000 R11: fffffbfff0742d01 R12: ffff88804f3d1030
00019 R13: dffffc0000000000 R14: 1ffff11024bd4a00 R15: 1ffff11009e7a242
00019 FS:  0000000000000000(0000) GS:ffff8881d4ba9000(0000) knlGS:0000000000000000
00019 CS:  0010 DS: 0000 ES: 0000 CR0: 0000000080050033
00019 CR2: 00005577192b4560 CR3: 00000001263be000 CR4: 0000000000750eb0
00019 PKRU: 55555554
00019 Call Trace:
00019  <TASK>
00019  ? ofd_precreate_objects+0x1bd8/0x3220 [ofd]
00019  ? ofd_create_hdl+0x2015/0x3510 [ofd]
00019  lfsck(O)
00019  ? tgt_request_handle+0x23ad/0x3d30 [ptlrpc]
00019 R13: dffffc0000000000 R14: 1ffff1102087e580 R15: 1ffff11009e7a142
00019 FS:  0000000000000000(0000) GS:ffff8881d4a29000(0000) knlGS:0000000000000000
00019 CS:  0010 DS: 0000 ES: 0000 CR0: 0000000080050033
00019 CR2: 00007f6e31c06780 CR3: 00000001263be000 CR4: 0000000000750eb0
00019 PKRU: 55555554
00019 Call Trace:
00019  <TASK>
00019  mgs(O)
00019  ? ofd_precreate_objects+0x1bd8/0x3220 [ofd]
00019  ? ptlrpc_main+0x6359/0x96f0 [ptlrpc]
00019  osd_wbcfs(O)
00019  ? __kthread_parkme+0x73/0x130
00019  ? kthread+0x2cd/0x3a0
00019  ? ofd_create_hdl+0x2015/0x3510 [ofd]
00019  lustre(O)
00019  ? ptlrpc_start_thread+0x1f10/0x1f10 [ptlrpc]
00019  ? tgt_request_handle+0x23ad/0x3d30 [ptlrpc]
00019  ? kthread_unuse_mm+0x130/0x130
00019  ? ret_from_fork+0x18c/0x520
00019  obdecho(O)
00019  ? kthread_unuse_mm+0x130/0x130
00019  ? ret_from_fork_asm+0x11/0x20
00019  </TASK>
00019  mgc(O)
00019  ? ptlrpc_main+0x6359/0x96f0 [ptlrpc]
00019 ---[ end trace 0000000000000000 ]---
00019 ------------[ cut here ]------------
00019 WARNING: /home/ktest/git/linux/include/linux/fs.h:889 at osd_create+0x9cf/0xcf0 [osd_wbcfs], CPU#3: ll_ost00_000/1804
00019  ? __kthread_parkme+0x73/0x130
00019  ? kthread+0x2cd/0x3a0
00019  mdc(O) lov(O) osc(O) lmv(O) ec(O) fid(O) fld(O) ptlrpc(O) efivarfs obdclass(O) ksocklnd(O) lnet(O) libcfs(O)
00019 CPU: 2 UID: 0 PID: 1849 Comm: ll_ost00_004 Tainted: G        W  O        7.0.0-ktest-6eb18a2-6330a45-20260928-dirty #1 PREEMPT 
00019 Tainted: [W]=WARN, [O]=OOT_MODULE
00019 Hardware name: QEMU Standard PC (Q35 + ICH9, 2009), BIOS 2025.11-3ubuntu7 03/31/2026
00019 Modules linked in:
00019 RIP: 0010:osd_create+0x9cf/0xcf0 [osd_wbcfs]
00019 Code: c7 c7 00 96 7b a1 48 c7 c6 a0 12 7d a1 48 c7 c2 00 1c 7d a1 e8 52 f1 43 ff 48 c7 c7 00 96 7b a1 e8 46 81 44 ff e9 fe fc ff ff <0f> 0b e9 a5 fa ff ff 48 c7 c1 80 44 5d a0 80 e1 07 80 c1 03 38 c1
00019 RSP: 0018:ffffc90007daf878 EFLAGS: 00010246
00019 RAX: 0000000000000000 RBX: ffff888145572400 RCX: 0000000000000046
00019 RDX: 0000000000000000 RSI: ffff88814ab41100 RDI: ffff88814a8289e8
00019 RBP: ffff88814ab41070 R08: ffffffff83a16803 R09: 1ffffffff0742d00
00019 R10: dffffc0000000000 R11: fffffbfff0742d01 R12: ffff88814803b030
00019 R13: dffffc0000000000 R14: 1ffff11028aae480 R15: 1ffff11029007642
00019 FS:  0000000000000000(0000) GS:ffff8881d4b29000(0000) knlGS:0000000000000000
00019 CS:  0010 DS: 0000 ES: 0000 CR0: 0000000080050033
00019 CR2: 00005577192b4560 CR3: 00000001263be000 CR4: 0000000000750eb0
00019 PKRU: 55555554
00019 Call Trace:
00019  <TASK>
00019  ? ofd_precreate_objects+0x1bd8/0x3220 [ofd]
00019  ? ptlrpc_start_thread+0x1f10/0x1f10 [ptlrpc]
00019  ofd(O) osp(O) mdd(O) lod(O) mdt(O) lquota(O) lfsck(O) mgs(O) osd_wbcfs(O) lustre(O) obdecho(O) mgc(O)
00019  ? kthread_unuse_mm+0x130/0x130
00019  ? ret_from_fork+0x18c/0x520
00019  ? kthread_unuse_mm+0x130/0x130
00019  ? ret_from_fork_asm+0x11/0x20
00019  </TASK>
00019 ---[ end trace 0000000000000000 ]---
00019 ------------[ cut here ]------------
00019 WARNING: /home/ktest/git/linux/include/linux/fs.h:889 at osd_create+0x9cf/0xcf0 [osd_wbcfs], CPU#0: ll_ost00_001/1805
00019 Modules linked in: ofd(O) osp(O) mdd(O) lod(O) mdt(O) lquota(O) lfsck(O) mgs(O) osd_wbcfs(O) lustre(O) obdecho(O) mgc(O) mdc(O) lov(O) osc(O) lmv(O) ec(O) fid(O) fld(O) ptlrpc(O) efivarfs obdclass(O) ksocklnd(O) lnet(O) libcfs(O)
00019 CPU: 0 UID: 0 PID: 1805 Comm: ll_ost00_001 Tainted: G        W  O        7.0.0-ktest-6eb18a2-6330a45-20260928-dirty #1 PREEMPT 
00019 Tainted: [W]=WARN, [O]=OOT_MODULE
00019 Hardware name: QEMU Standard PC (Q35 + ICH9, 2009), BIOS 2025.11-3ubuntu7 03/31/2026
00019 RIP: 0010:osd_create+0x9cf/0xcf0 [osd_wbcfs]
00019 Code: c7 c7 00 96 7b a1 48 c7 c6 a0 12 7d a1 48 c7 c2 00 1c 7d a1 e8 52 f1 43 ff 48 c7 c7 00 96 7b a1 e8 46 81 44 ff e9 fe fc ff ff <0f> 0b e9 a5 fa ff ff 48 c7 c1 80 44 5d a0 80 e1 07 80 c1 03 38 c1
00019  ? ofd_create_hdl+0x2015/0x3510 [ofd]
00019  mdc(O)
00019 RSP: 0018:ffffc900019a7878 EFLAGS: 00010246
00019  ? tgt_request_handle+0x23ad/0x3d30 [ptlrpc]
00019  lov(O)
00019 
00019  osc(O)
00019  ? ptlrpc_main+0x6359/0x96f0 [ptlrpc]
00019 RAX: 0000000000000000 RBX: ffff8881043f2400 RCX: 0000000000000046
00019  lmv(O)
00019  ? __kthread_parkme+0x73/0x130
00019  ? kthread+0x2cd/0x3a0
00019 RDX: 0000000000000000 RSI: ffff88814ab46620 RDI: ffff88804effcb68
00019  ec(O)
00019  ? ptlrpc_start_thread+0x1f10/0x1f10 [ptlrpc]
00019 RBP: ffff88814ab46590 R08: ffffffff83a16803 R09: 1ffffffff0742d00
00019  ? kthread_unuse_mm+0x130/0x130
00019  ? ret_from_fork+0x18c/0x520
00019  fid(O)
00019  ? kthread_unuse_mm+0x130/0x130
00019  ? ret_from_fork_asm+0x11/0x20
00019  </TASK>
00020 ---[ end trace 0000000000000000 ]---
00020 R10: dffffc0000000000 R11: fffffbfff0742d01 R12: ffff88804f3d0830
00020 ------------[ cut here ]------------
00020 WARNING: /home/ktest/git/linux/include/linux/fs.h:889 at osd_create+0x9cf/0xcf0 [osd_wbcfs], CPU#2: ll_ost00_004/1849
00020 Modules linked in: ofd(O) osp(O) mdd(O) lod(O) mdt(O) lquota(O) lfsck(O) mgs(O) osd_wbcfs(O) lustre(O) obdecho(O) mgc(O) mdc(O) lov(O) osc(O) lmv(O) ec(O) fid(O) fld(O) ptlrpc(O) efivarfs obdclass(O) ksocklnd(O) lnet(O) libcfs(O)
00020  fld(O)
00020 
00020 CPU: 2 UID: 0 PID: 1849 Comm: ll_ost00_004 Tainted: G        W  O        7.0.0-ktest-6eb18a2-6330a45-20260928-dirty #1 PREEMPT 
00020 Tainted: [W]=WARN, [O]=OOT_MODULE
00020 Hardware name: QEMU Standard PC (Q35 + ICH9, 2009), BIOS 2025.11-3ubuntu7 03/31/2026
00020 RIP: 0010:osd_create+0x9cf/0xcf0 [osd_wbcfs]
00020 Code: c7 c7 00 96 7b a1 48 c7 c6 a0 12 7d a1 48 c7 c2 00 1c 7d a1 e8 52 f1 43 ff 48 c7 c7 00 96 7b a1 e8 46 81 44 ff e9 fe fc ff ff <0f> 0b e9 a5 fa ff ff 48 c7 c1 80 44 5d a0 80 e1 07 80 c1 03 38 c1
00020 RSP: 0018:ffffc90007daf878 EFLAGS: 00010246
00020 RAX: 0000000000000000 RBX: ffff88814ba69c00 RCX: 0000000000000046
00020 RDX: 0000000000000000 RSI: ffff88814ab409e8 RDI: ffff88814a8289e8
00020 RBP: ffff88814ab40958 R08: ffffffff83a16803 R09: 1ffffffff0742d00
00020 R10: dffffc0000000000 R11: fffffbfff0742d01 R12: ffff88814803b030
00020 R13: dffffc0000000000 R14: 1ffff1102974d380 R15: 1ffff11029007642
00020 FS:  0000000000000000(0000) GS:ffff8881d4b29000(0000) knlGS:0000000000000000
00020 CS:  0010 DS: 0000 ES: 0000 CR0: 0000000080050033
00020 CR2: 00005577192b4560 CR3: 00000001263be000 CR4: 0000000000750eb0
00020 PKRU: 55555554
00020 Call Trace:
00020  <TASK>
00020  ? ofd_precreate_objects+0x1bd8/0x3220 [ofd]
00020 R13: dffffc0000000000 R14: 1ffff1102087e480 R15: 1ffff11009e7a142
00020 FS:  0000000000000000(0000) GS:ffff8881d4a29000(0000) knlGS:0000000000000000
00020  ? ofd_create_hdl+0x2015/0x3510 [ofd]
00020  ? tgt_request_handle+0x23ad/0x3d30 [ptlrpc]
00020  ptlrpc(O)
00020 CS:  0010 DS: 0000 ES: 0000 CR0: 0000000080050033
00020  efivarfs
00020  ? ptlrpc_main+0x6359/0x96f0 [ptlrpc]
00020 CR2: 00007f6e31c06780 CR3: 00000001263be000 CR4: 0000000000750eb0
00020  obdclass(O)
00020  ? __kthread_parkme+0x73/0x130
00020 PKRU: 55555554
00020  ? kthread+0x2cd/0x3a0
00020  ksocklnd(O)
00020  ? ptlrpc_start_thread+0x1f10/0x1f10 [ptlrpc]
00020  ? kthread_unuse_mm+0x130/0x130
00020  ? ret_from_fork+0x18c/0x520
00020  ? kthread_unuse_mm+0x130/0x130
00020 Call Trace:
00020  <TASK>
00020  ? ret_from_fork_asm+0x11/0x20
00020  </TASK>
00020 ---[ end trace 0000000000000000 ]---
00020 ------------[ cut here ]------------
00020 WARNING: /home/ktest/git/linux/include/linux/fs.h:889 at osd_create+0x9cf/0xcf0 [osd_wbcfs], CPU#2: ll_ost00_004/1849
00020 Modules linked in: ofd(O) osp(O) mdd(O) lod(O) mdt(O) lquota(O) lfsck(O) mgs(O) osd_wbcfs(O) lustre(O) obdecho(O) mgc(O) mdc(O) lov(O) osc(O) lmv(O) ec(O) fid(O) fld(O) ptlrpc(O) efivarfs obdclass(O) ksocklnd(O) lnet(O) libcfs(O)
00020 CPU: 2 UID: 0 PID: 1849 Comm: ll_ost00_004 Tainted: G        W  O        7.0.0-ktest-6eb18a2-6330a45-20260928-dirty #1 PREEMPT 
00020 Tainted: [W]=WARN, [O]=OOT_MODULE
00020 Hardware name: QEMU Standard PC (Q35 + ICH9, 2009), BIOS 2025.11-3ubuntu7 03/31/2026
00020 RIP: 0010:osd_create+0x9cf/0xcf0 [osd_wbcfs]
00020 Code: c7 c7 00 96 7b a1 48 c7 c6 a0 12 7d a1 48 c7 c2 00 1c 7d a1 e8 52 f1 43 ff 48 c7 c7 00 96 7b a1 e8 46 81 44 ff e9 fe fc ff ff <0f> 0b e9 a5 fa ff ff 48 c7 c1 80 44 5d a0 80 e1 07 80 c1 03 38 c1
00020 RSP: 0018:ffffc90007daf878 EFLAGS: 00010246
00020 RAX: 0000000000000000 RBX: ffff88814ba69800 RCX: 0000000000000046
00020 RDX: 0000000000000000 RSI: ffff88814ab402d0 RDI: ffff88814a8289e8
00020 RBP: ffff88814ab40240 R08: ffffffff83a16803 R09: 1ffffffff0742d00
00020 R10: dffffc0000000000 R11: fffffbfff0742d01 R12: ffff88814803b030
00020 R13: dffffc0000000000 R14: 1ffff1102974d300 R15: 1ffff11029007642
00020 FS:  0000000000000000(0000) GS:ffff8881d4b29000(0000) knlGS:0000000000000000
00020 CS:  0010 DS: 0000 ES: 0000 CR0: 0000000080050033
00020 CR2: 00005577192b4560 CR3: 00000001263be000 CR4: 0000000000750eb0
00020 PKRU: 55555554
00020 Call Trace:
00020  <TASK>
00020  ? ofd_precreate_objects+0x1bd8/0x3220 [ofd]
00020  ? ofd_create_hdl+0x2015/0x3510 [ofd]
00020  ? tgt_request_handle+0x23ad/0x3d30 [ptlrpc]
00020  lnet(O)
00020  ? ptlrpc_main+0x6359/0x96f0 [ptlrpc]
00020  ? ofd_precreate_objects+0x1bd8/0x3220 [ofd]
00020  libcfs(O)
00020  ? __kthread_parkme+0x73/0x130
00020  ? kthread+0x2cd/0x3a0
00020  ? ptlrpc_start_thread+0x1f10/0x1f10 [ptlrpc]
00020  ? ofd_create_hdl+0x2015/0x3510 [ofd]
00020 
00020  ? kthread_unuse_mm+0x130/0x130
00020  ? ret_from_fork+0x18c/0x520
00020  ? kthread_unuse_mm+0x130/0x130
00020  ? ret_from_fork_asm+0x11/0x20
00020  </TASK>
00020 ---[ end trace 0000000000000000 ]---
00020 ------------[ cut here ]------------
00020 WARNING: /home/ktest/git/linux/include/linux/fs.h:889 at osd_create+0x9cf/0xcf0 [osd_wbcfs], CPU#2: ll_ost00_004/1849
00020 Modules linked in: ofd(O) osp(O) mdd(O) lod(O) mdt(O) lquota(O) lfsck(O) mgs(O) osd_wbcfs(O) lustre(O) obdecho(O) mgc(O) mdc(O) lov(O) osc(O) lmv(O) ec(O) fid(O) fld(O) ptlrpc(O) efivarfs obdclass(O) ksocklnd(O) lnet(O) libcfs(O)
00020 CPU: 2 UID: 0 PID: 1849 Comm: ll_ost00_004 Tainted: G        W  O        7.0.0-ktest-6eb18a2-6330a45-20260928-dirty #1 PREEMPT 
00020 Tainted: [W]=WARN, [O]=OOT_MODULE
00020 Hardware name: QEMU Standard PC (Q35 + ICH9, 2009), BIOS 2025.11-3ubuntu7 03/31/2026
00020 RIP: 0010:osd_create+0x9cf/0xcf0 [osd_wbcfs]
00020 Code: c7 c7 00 96 7b a1 48 c7 c6 a0 12 7d a1 48 c7 c2 00 1c 7d a1 e8 52 f1 43 ff 48 c7 c7 00 96 7b a1 e8 46 81 44 ff e9 fe fc ff ff <0f> 0b e9 a5 fa ff ff 48 c7 c1 80 44 5d a0 80 e1 07 80 c1 03 38 c1
00020 RSP: 0018:ffffc90007daf878 EFLAGS: 00010246
00020 RAX: 0000000000000000 RBX: ffff88810132c000 RCX: 0000000000000046
00020 RDX: 0000000000000000 RSI: ffff88814bffa648 RDI: ffff88814a8289e8
00020 RBP: ffff88814bffa5b8 R08: ffffffff83a16803 R09: 1ffffffff0742d00
00020 R10: dffffc0000000000 R11: fffffbfff0742d01 R12: ffff88814803b030
00020 R13: dffffc0000000000 R14: 1ffff11020265800 R15: 1ffff11029007642
00020 FS:  0000000000000000(0000) GS:ffff8881d4b29000(0000) knlGS:0000000000000000
00020 CS:  0010 DS: 0000 ES: 0000 CR0: 0000000080050033
00020 CR2: 00005577192b4560 CR3: 00000001263be000 CR4: 0000000000750eb0
00020 PKRU: 55555554
00020 Call Trace:
00020  <TASK>
00020  ? ofd_precreate_objects+0x1bd8/0x3220 [ofd]
00020 CPU: 3 UID: 0 PID: 1804 Comm: ll_ost00_000 Tainted: G        W  O        7.0.0-ktest-6eb18a2-6330a45-20260928-dirty #1 PREEMPT 
00020 Tainted: [W]=WARN, [O]=OOT_MODULE
00020 Hardware name: QEMU Standard PC (Q35 + ICH9, 2009), BIOS 2025.11-3ubuntu7 03/31/2026
00020 RIP: 0010:osd_create+0x9cf/0xcf0 [osd_wbcfs]
00020  ? tgt_request_handle+0x23ad/0x3d30 [ptlrpc]
00020  ? ofd_create_hdl+0x2015/0x3510 [ofd]
00020 Code: c7 c7 00 96 7b a1 48 c7 c6 a0 12 7d a1 48 c7 c2 00 1c 7d a1 e8 52 f1 43 ff 48 c7 c7 00 96 7b a1 e8 46 81 44 ff e9 fe fc ff ff <0f> 0b e9 a5 fa ff ff 48 c7 c1 80 44 5d a0 80 e1 07 80 c1 03 38 c1
00020  ? tgt_request_handle+0x23ad/0x3d30 [ptlrpc]
00020  ? ptlrpc_main+0x6359/0x96f0 [ptlrpc]
00020 RSP: 0018:ffffc90002007878 EFLAGS: 00010246
00020 RAX: 0000000000000000 RBX: ffff888125ea6400 RCX: 0000000000000046
00020 RDX: 0000000000000000 RSI: ffff88814a6ed0d8 RDI: ffff88804cd4aaa8
00020 RBP: ffff88814a6ed048 R08: ffffffff83a16803 R09: 1ffffffff0742d00
00020 R10: dffffc0000000000 R11: fffffbfff0742d01 R12: ffff88804f3d1030
00020 R13: dffffc0000000000 R14: 1ffff11024bd4c80 R15: 1ffff11009e7a242
00020 FS:  0000000000000000(0000) GS:ffff8881d4ba9000(0000) knlGS:0000000000000000
00020  ? __kthread_parkme+0x73/0x130
00020  ? kthread+0x2cd/0x3a0
00020  ? ptlrpc_start_thread+0x1f10/0x1f10 [ptlrpc]
00020  ? ptlrpc_main+0x6359/0x96f0 [ptlrpc]
00020 CS:  0010 DS: 0000 ES: 0000 CR0: 0000000080050033
00020  ? __kthread_parkme+0x73/0x130
00020  ? kthread+0x2cd/0x3a0
00020  ? kthread_unuse_mm+0x130/0x130
00020 CR2: 00005577192b4560 CR3: 00000001263be000 CR4: 0000000000750eb0
00020  ? ret_from_fork+0x18c/0x520
00020  ? ptlrpc_start_thread+0x1f10/0x1f10 [ptlrpc]
00020 PKRU: 55555554
00020  ? kthread_unuse_mm+0x130/0x130
00020  ? kthread_unuse_mm+0x130/0x130
00020  ? ret_from_fork+0x18c/0x520
00020  ? kthread_unuse_mm+0x130/0x130
00020  ? ret_from_fork_asm+0x11/0x20
00020  </TASK>
00020 ---[ end trace 0000000000000000 ]---
00020 Call Trace:
00020 ------------[ cut here ]------------
00020 WARNING: /home/ktest/git/linux/include/linux/fs.h:889 at osd_create+0x9cf/0xcf0 [osd_wbcfs], CPU#2: ll_ost00_004/1849
00020 Modules linked in: ofd(O) osp(O) mdd(O) lod(O) mdt(O) lquota(O) lfsck(O) mgs(O) osd_wbcfs(O) lustre(O) obdecho(O) mgc(O) mdc(O)
00020  ? ret_from_fork_asm+0x11/0x20
00020  lov(O) osc(O) lmv(O) ec(O) fid(O) fld(O) ptlrpc(O) efivarfs obdclass(O) ksocklnd(O) lnet(O) libcfs(O)
00020 CPU: 2 UID: 0 PID: 1849 Comm: ll_ost00_004 Tainted: G        W  O        7.0.0-ktest-6eb18a2-6330a45-20260928-dirty #1 PREEMPT 
00020 Tainted: [W]=WARN, [O]=OOT_MODULE
00020 Hardware name: QEMU Standard PC (Q35 + ICH9, 2009), BIOS 2025.11-3ubuntu7 03/31/2026
00020 RIP: 0010:osd_create+0x9cf/0xcf0 [osd_wbcfs]
00020 Code: c7 c7 00 96 7b a1 48 c7 c6 a0 12 7d a1 48 c7 c2 00 1c 7d a1 e8 52 f1 43 ff 48 c7 c7 00 96 7b a1 e8 46 81 44 ff e9 fe fc ff ff <0f> 0b e9 a5 fa ff ff 48 c7 c1 80 44 5d a0 80 e1 07 80 c1 03 38 c1
00020 RSP: 0018:ffffc90007daf878 EFLAGS: 00010246
00020 RAX: 0000000000000000 RBX: ffff888101309c00 RCX: 0000000000000046
00020 RDX: 0000000000000000 RSI: ffff88814bff9f30 RDI: ffff88814a8289e8
00020 RBP: ffff88814bff9ea0 R08: ffffffff83a16803 R09: 1ffffffff0742d00
00020 R10: dffffc0000000000 R11: fffffbfff0742d01 R12: ffff88814803b030
00020 R13: dffffc0000000000 R14: 1ffff11020261380 R15: 1ffff11029007642
00020 FS:  0000000000000000(0000) GS:ffff8881d4b29000(0000) knlGS:0000000000000000
00020 CS:  0010 DS: 0000 ES: 0000 CR0: 0000000080050033
00020 CR2: 00005577192b4560 CR3: 00000001263be000 CR4: 0000000000750eb0
00020 PKRU: 55555554
00020 Call Trace:
00020  <TASK>
00020  ? ofd_precreate_objects+0x1bd8/0x3220 [ofd]
00020  ? ofd_create_hdl+0x2015/0x3510 [ofd]
00020  ? tgt_request_handle+0x23ad/0x3d30 [ptlrpc]
00020  <TASK>
00020  </TASK>
00020  ? ptlrpc_main+0x6359/0x96f0 [ptlrpc]
00020  ? ofd_precreate_objects+0x1bd8/0x3220 [ofd]
00020 ---[ end trace 0000000000000000 ]---
00020  ? __kthread_parkme+0x73/0x130
00020  ? kthread+0x2cd/0x3a0
00020  ? ptlrpc_start_thread+0x1f10/0x1f10 [ptlrpc]
00020  ? ofd_create_hdl+0x2015/0x3510 [ofd]
00020  ? tgt_request_handle+0x23ad/0x3d30 [ptlrpc]
00020  ? kthread_unuse_mm+0x130/0x130
00020  ? ptlrpc_main+0x6359/0x96f0 [ptlrpc]
00020  ? ret_from_fork+0x18c/0x520
00020  ? __kthread_parkme+0x73/0x130
00020  ? kthread_unuse_mm+0x130/0x130
00020  ? kthread+0x2cd/0x3a0
00020  ? ptlrpc_start_thread+0x1f10/0x1f10 [ptlrpc]
00020  ? ret_from_fork_asm+0x11/0x20
00020  ? kthread_unuse_mm+0x130/0x130
00020  ? ret_from_fork+0x18c/0x520
00020  ? kthread_unuse_mm+0x130/0x130
00020  </TASK>
00020  ? ret_from_fork_asm+0x11/0x20
00020  </TASK>
00020 ---[ end trace 0000000000000000 ]---
00020 ---[ end trace 0000000000000000 ]---
00020 ------------[ cut here ]------------
00020 ------------[ cut here ]------------
00020 WARNING: /home/ktest/git/linux/include/linux/fs.h:889 at osd_create+0x9cf/0xcf0 [osd_wbcfs], CPU#3: ll_ost00_000/1804
00020 WARNING: /home/ktest/git/linux/include/linux/fs.h:889 at osd_create+0x9cf/0xcf0 [osd_wbcfs], CPU#2: ll_ost00_004/1849
00020 Modules linked in: ofd(O) osp(O) mdd(O) lod(O) mdt(O) lquota(O) lfsck(O) mgs(O) osd_wbcfs(O) lustre(O)
00020 Modules linked in:
00020  obdecho(O) mgc(O) mdc(O) lov(O) osc(O) lmv(O) ec(O) fid(O) fld(O) ptlrpc(O) efivarfs obdclass(O)
00020  ofd(O)
00020  ksocklnd(O) lnet(O) libcfs(O)
00020 CPU: 3 UID: 0 PID: 1804 Comm: ll_ost00_000 Tainted: G        W  O        7.0.0-ktest-6eb18a2-6330a45-20260928-dirty #1 PREEMPT 
00020 Tainted: [W]=WARN, [O]=OOT_MODULE
00020 Hardware name: QEMU Standard PC (Q35 + ICH9, 2009), BIOS 2025.11-3ubuntu7 03/31/2026
00020  osp(O)
00020 RIP: 0010:osd_create+0x9cf/0xcf0 [osd_wbcfs]
00020  mdd(O)
00020 Code: c7 c7 00 96 7b a1 48 c7 c6 a0 12 7d a1 48 c7 c2 00 1c 7d a1 e8 52 f1 43 ff 48 c7 c7 00 96 7b a1 e8 46 81 44 ff e9 fe fc ff ff <0f> 0b e9 a5 fa ff ff 48 c7 c1 80 44 5d a0 80 e1 07 80 c1 03 38 c1
00020 RSP: 0018:ffffc90002007878 EFLAGS: 00010246
00020 RAX: 0000000000000000 RBX: ffff888125ea4400 RCX: 0000000000000046
00020 RDX: 0000000000000000 RSI: ffff88814a6ec9c0 RDI: ffff88804cd4aaa8
00020 RBP: ffff88814a6ec930 R08: ffffffff83a16803 R09: 1ffffffff0742d00
00020 R10: dffffc0000000000 R11: fffffbfff0742d01 R12: ffff88804f3d1030
00020  lod(O)
00020 R13: dffffc0000000000 R14: 1ffff11024bd4880 R15: 1ffff11009e7a242
00020 FS:  0000000000000000(0000) GS:ffff8881d4ba9000(0000) knlGS:0000000000000000
00020 CS:  0010 DS: 0000 ES: 0000 CR0: 0000000080050033
00020 CR2: 00005577192b4560 CR3: 00000001263be000 CR4: 0000000000750eb0
00020 PKRU: 55555554
00020  mdt(O)
00020 Call Trace:
00020  <TASK>
00020  ? ofd_precreate_objects+0x1bd8/0x3220 [ofd]
00020  ? ofd_create_hdl+0x2015/0x3510 [ofd]
00020  lquota(O)
00020  ? tgt_request_handle+0x23ad/0x3d30 [ptlrpc]
00020  lfsck(O)
00020  ? ptlrpc_main+0x6359/0x96f0 [ptlrpc]
00020  mgs(O)
00020  ? __kthread_parkme+0x73/0x130
00020  osd_wbcfs(O)
00020  ? kthread+0x2cd/0x3a0
00020  ? ptlrpc_start_thread+0x1f10/0x1f10 [ptlrpc]
00020  lustre(O)
00020  ? kthread_unuse_mm+0x130/0x130
00020  ? ret_from_fork+0x18c/0x520
00020  ? kthread_unuse_mm+0x130/0x130
00020  obdecho(O)
00020  ? ret_from_fork_asm+0x11/0x20
00020  </TASK>
00020  mgc(O)
00020 ---[ end trace 0000000000000000 ]---
00020 ------------[ cut here ]------------
00020  mdc(O)
00020 WARNING: /home/ktest/git/linux/include/linux/fs.h:889 at osd_create+0x9cf/0xcf0 [osd_wbcfs], CPU#3: ll_ost00_000/1804
00020  lov(O)
00020 Modules linked in: ofd(O) osp(O) mdd(O) lod(O) mdt(O) lquota(O) lfsck(O) mgs(O) osd_wbcfs(O) lustre(O) obdecho(O)
00020  osc(O)
00020  mgc(O) mdc(O) lov(O) osc(O) lmv(O) ec(O) fid(O) fld(O) ptlrpc(O) efivarfs obdclass(O) ksocklnd(O) lnet(O)
00020  lmv(O)
00020  libcfs(O)
00020 CPU: 3 UID: 0 PID: 1804 Comm: ll_ost00_000 Tainted: G        W  O        7.0.0-ktest-6eb18a2-6330a45-20260928-dirty #1 PREEMPT 
00020 Tainted: [W]=WARN, [O]=OOT_MODULE
00020 Hardware name: QEMU Standard PC (Q35 + ICH9, 2009), BIOS 2025.11-3ubuntu7 03/31/2026
00020 RIP: 0010:osd_create+0x9cf/0xcf0 [osd_wbcfs]
00020  ec(O)
00020 Code: c7 c7 00 96 7b a1 48 c7 c6 a0 12 7d a1 48 c7 c2 00 1c 7d a1 e8 52 f1 43 ff 48 c7 c7 00 96 7b a1 e8 46 81 44 ff e9 fe fc ff ff <0f> 0b e9 a5 fa ff ff 48 c7 c1 80 44 5d a0 80 e1 07 80 c1 03 38 c1
00020 RSP: 0018:ffffc90002007878 EFLAGS: 00010246
00020 RAX: 0000000000000000 RBX: ffff888101324800 RCX: 0000000000000046
00020 RDX: 0000000000000000 RSI: ffff88814a6ec2a8 RDI: ffff88804cd4aaa8
00020 RBP: ffff88814a6ec218 R08: ffffffff83a16803 R09: 1ffffffff0742d00
00020 R10: dffffc0000000000 R11: fffffbfff0742d01 R12: ffff88804f3d1030
00020 R13: dffffc0000000000 R14: 1ffff11020264900 R15: 1ffff11009e7a242
00020  fid(O)
00020 FS:  0000000000000000(0000) GS:ffff8881d4ba9000(0000) knlGS:0000000000000000
00020 CS:  0010 DS: 0000 ES: 0000 CR0: 0000000080050033
00020 CR2: 00005577192b4560 CR3: 00000001263be000 CR4: 0000000000750eb0
00020 PKRU: 55555554
00020  fld(O)
00020 Call Trace:
00020  <TASK>
00020  ? ofd_precreate_objects+0x1bd8/0x3220 [ofd]
00020  ptlrpc(O)
00020  ? ofd_create_hdl+0x2015/0x3510 [ofd]
00020  efivarfs
00020  ? tgt_request_handle+0x23ad/0x3d30 [ptlrpc]
00020  obdclass(O)
00020  ? ptlrpc_main+0x6359/0x96f0 [ptlrpc]
00020  ksocklnd(O)
00020  ? __kthread_parkme+0x73/0x130
00020  lnet(O)
00020  ? kthread+0x2cd/0x3a0
00020  ? ptlrpc_start_thread+0x1f10/0x1f10 [ptlrpc]
00020  ? kthread_unuse_mm+0x130/0x130
00020  ? ret_from_fork+0x18c/0x520
00020  ? kthread_unuse_mm+0x130/0x130
00020  libcfs(O)
00020  ? ret_from_fork_asm+0x11/0x20
00020  </TASK>
00020 
00020 ---[ end trace 0000000000000000 ]---
00020 ------------[ cut here ]------------
00020 CPU: 2 UID: 0 PID: 1849 Comm: ll_ost00_004 Tainted: G        W  O        7.0.0-ktest-6eb18a2-6330a45-20260928-dirty #1 PREEMPT 
00020 WARNING: /home/ktest/git/linux/include/linux/fs.h:889 at osd_create+0x9cf/0xcf0 [osd_wbcfs], CPU#3: ll_ost00_000/1804
00020 Tainted: [W]=WARN, [O]=OOT_MODULE
00020 Modules linked in: ofd(O) osp(O) mdd(O) lod(O) mdt(O) lquota(O) lfsck(O) mgs(O) osd_wbcfs(O)
00020 Hardware name: QEMU Standard PC (Q35 + ICH9, 2009), BIOS 2025.11-3ubuntu7 03/31/2026
00020  lustre(O) obdecho(O) mgc(O) mdc(O) lov(O) osc(O) lmv(O) ec(O) fid(O) fld(O) ptlrpc(O)
00020 RIP: 0010:osd_create+0x9cf/0xcf0 [osd_wbcfs]
00020  efivarfs obdclass(O) ksocklnd(O) lnet(O) libcfs(O)
00020 CPU: 3 UID: 0 PID: 1804 Comm: ll_ost00_000 Tainted: G        W  O        7.0.0-ktest-6eb18a2-6330a45-20260928-dirty #1 PREEMPT 
00020 Tainted: [W]=WARN, [O]=OOT_MODULE
00020 Code: c7 c7 00 96 7b a1 48 c7 c6 a0 12 7d a1 48 c7 c2 00 1c 7d a1 e8 52 f1 43 ff 48 c7 c7 00 96 7b a1 e8 46 81 44 ff e9 fe fc ff ff <0f> 0b e9 a5 fa ff ff 48 c7 c1 80 44 5d a0 80 e1 07 80 c1 03 38 c1
00020 Hardware name: QEMU Standard PC (Q35 + ICH9, 2009), BIOS 2025.11-3ubuntu7 03/31/2026
00020 RIP: 0010:osd_create+0x9cf/0xcf0 [osd_wbcfs]
00020 RSP: 0018:ffffc90007daf878 EFLAGS: 00010246
00020 Code: c7 c7 00 96 7b a1 48 c7 c6 a0 12 7d a1 48 c7 c2 00 1c 7d a1 e8 52 f1 43 ff 48 c7 c7 00 96 7b a1 e8 46 81 44 ff e9 fe fc ff ff <0f> 0b e9 a5 fa ff ff 48 c7 c1 80 44 5d a0 80 e1 07 80 c1 03 38 c1
00020 RSP: 0018:ffffc90002007878 EFLAGS: 00010246
00020 RAX: 0000000000000000 RBX: ffff888101325800 RCX: 0000000000000046
00020 RDX: 0000000000000000 RSI: ffff88814a6ebb90 RDI: ffff88804cd4aaa8
00020 RBP: ffff88814a6ebb00 R08: ffffffff83a16803 R09: 1ffffffff0742d00
00020 R10: dffffc0000000000 R11: fffffbfff0742d01 R12: ffff88804f3d1030
00020 
00020 R13: dffffc0000000000 R14: 1ffff11020264b00 R15: 1ffff11009e7a242
00020 FS:  0000000000000000(0000) GS:ffff8881d4ba9000(0000) knlGS:0000000000000000
00020 CS:  0010 DS: 0000 ES: 0000 CR0: 0000000080050033
00020 CR2: 00005577192b4560 CR3: 00000001263be000 CR4: 0000000000750eb0
00020 PKRU: 55555554
00020 RAX: 0000000000000000 RBX: ffff88810130a000 RCX: 0000000000000046
00020 Call Trace:
00020  <TASK>
00020  ? ofd_precreate_objects+0x1bd8/0x3220 [ofd]
00020 RDX: 0000000000000000 RSI: ffff88814bff9818 RDI: ffff88814a8289e8
00020  ? ofd_create_hdl+0x2015/0x3510 [ofd]
00020 RBP: ffff88814bff9788 R08: ffffffff83a16803 R09: 1ffffffff0742d00
00020  ? tgt_request_handle+0x23ad/0x3d30 [ptlrpc]
00020 R10: dffffc0000000000 R11: fffffbfff0742d01 R12: ffff88814803b030
00020  ? ptlrpc_main+0x6359/0x96f0 [ptlrpc]
00020 R13: dffffc0000000000 R14: 1ffff11020261400 R15: 1ffff11029007642
00020  ? __kthread_parkme+0x73/0x130
00020 FS:  0000000000000000(0000) GS:ffff8881d4b29000(0000) knlGS:0000000000000000
00020  ? kthread+0x2cd/0x3a0
00020  ? ptlrpc_start_thread+0x1f10/0x1f10 [ptlrpc]
00020 CS:  0010 DS: 0000 ES: 0000 CR0: 0000000080050033
00020  ? kthread_unuse_mm+0x130/0x130
00020  ? ret_from_fork+0x18c/0x520
00020  ? kthread_unuse_mm+0x130/0x130
00020 CR2: 00005577192b4560 CR3: 00000001263be000 CR4: 0000000000750eb0
00020  ? ret_from_fork_asm+0x11/0x20
00020  </TASK>
00020 PKRU: 55555554
00020 ---[ end trace 0000000000000000 ]---
00020 ------------[ cut here ]------------
00020 Call Trace:
00020 WARNING: /home/ktest/git/linux/include/linux/fs.h:889 at osd_create+0x9cf/0xcf0 [osd_wbcfs], CPU#3: ll_ost00_000/1804
00020  <TASK>
00020 Modules linked in: ofd(O) osp(O) mdd(O) lod(O) mdt(O) lquota(O) lfsck(O) mgs(O) osd_wbcfs(O) lustre(O) obdecho(O)
00020  ? ofd_precreate_objects+0x1bd8/0x3220 [ofd]
00020  mgc(O) mdc(O) lov(O) osc(O) lmv(O) ec(O) fid(O) fld(O) ptlrpc(O) efivarfs obdclass(O)
00020  ? ofd_create_hdl+0x2015/0x3510 [ofd]
00020  ksocklnd(O) lnet(O) libcfs(O)
00020 CPU: 3 UID: 0 PID: 1804 Comm: ll_ost00_000 Tainted: G        W  O        7.0.0-ktest-6eb18a2-6330a45-20260928-dirty #1 PREEMPT 
00020 Tainted: [W]=WARN, [O]=OOT_MODULE
00020 Hardware name: QEMU Standard PC (Q35 + ICH9, 2009), BIOS 2025.11-3ubuntu7 03/31/2026
00020  ? tgt_request_handle+0x23ad/0x3d30 [ptlrpc]
00020 RIP: 0010:osd_create+0x9cf/0xcf0 [osd_wbcfs]
00020  ? ptlrpc_main+0x6359/0x96f0 [ptlrpc]
00020 Code: c7 c7 00 96 7b a1 48 c7 c6 a0 12 7d a1 48 c7 c2 00 1c 7d a1 e8 52 f1 43 ff 48 c7 c7 00 96 7b a1 e8 46 81 44 ff e9 fe fc ff ff <0f> 0b e9 a5 fa ff ff 48 c7 c1 80 44 5d a0 80 e1 07 80 c1 03 38 c1
00020 RSP: 0018:ffffc90002007878 EFLAGS: 00010246
00020 RAX: 0000000000000000 RBX: ffff88814e95fc00 RCX: 0000000000000046
00020 RDX: 0000000000000000 RSI: ffff88814a6eb478 RDI: ffff88804cd4aaa8
00020 RBP: ffff88814a6eb3e8 R08: ffffffff83a16803 R09: 1ffffffff0742d00
00020 R10: dffffc0000000000 R11: fffffbfff0742d01 R12: ffff88804f3d1030
00020  ? __kthread_parkme+0x73/0x130
00020 R13: dffffc0000000000 R14: 1ffff11029d2bf80 R15: 1ffff11009e7a242
00020 FS:  0000000000000000(0000) GS:ffff8881d4ba9000(0000) knlGS:0000000000000000
00020 CS:  0010 DS: 0000 ES: 0000 CR0: 0000000080050033
00020 CR2: 00005577192b4560 CR3: 00000001263be000 CR4: 0000000000750eb0
00020 PKRU: 55555554
00020  ? kthread+0x2cd/0x3a0
00020 Call Trace:
00020  <TASK>
00020  ? ofd_precreate_objects+0x1bd8/0x3220 [ofd]
00020  ? ptlrpc_start_thread+0x1f10/0x1f10 [ptlrpc]
00020  ? ofd_create_hdl+0x2015/0x3510 [ofd]
00020  ? kthread_unuse_mm+0x130/0x130
00020  ? tgt_request_handle+0x23ad/0x3d30 [ptlrpc]
00020  ? ret_from_fork+0x18c/0x520
00020  ? ptlrpc_main+0x6359/0x96f0 [ptlrpc]
00020  ? kthread_unuse_mm+0x130/0x130
00020  ? __kthread_parkme+0x73/0x130
00020  ? ret_from_fork_asm+0x11/0x20
00020  ? kthread+0x2cd/0x3a0
00020  ? ptlrpc_start_thread+0x1f10/0x1f10 [ptlrpc]
00020  ? kthread_unuse_mm+0x130/0x130
00020  </TASK>
00020  ? ret_from_fork+0x18c/0x520
00020  ? kthread_unuse_mm+0x130/0x130
00020  ? ret_from_fork_asm+0x11/0x20
00020 ---[ end trace 0000000000000000 ]---
00020  </TASK>
00020 ---[ end trace 0000000000000000 ]---
00020 ------------[ cut here ]------------
00020 ------------[ cut here ]------------
00020 WARNING: /home/ktest/git/linux/include/linux/fs.h:889 at osd_create+0x9cf/0xcf0 [osd_wbcfs], CPU#3: ll_ost00_000/1804
00020 WARNING: /home/ktest/git/linux/include/linux/fs.h:889 at osd_create+0x9cf/0xcf0 [osd_wbcfs], CPU#2: ll_ost00_004/1849
00020 Modules linked in: ofd(O) osp(O) mdd(O) lod(O) mdt(O) lquota(O) lfsck(O) mgs(O) osd_wbcfs(O) lustre(O)
00020 Modules linked in:
00020  obdecho(O) mgc(O) mdc(O) lov(O) osc(O) lmv(O) ec(O) fid(O) fld(O) ptlrpc(O) efivarfs
00020  ofd(O)
00020  obdclass(O) ksocklnd(O) lnet(O) libcfs(O)
00020 CPU: 3 UID: 0 PID: 1804 Comm: ll_ost00_000 Tainted: G        W  O        7.0.0-ktest-6eb18a2-6330a45-20260928-dirty #1 PREEMPT 
00020 Tainted: [W]=WARN, [O]=OOT_MODULE
00020  osp(O)
00020 Hardware name: QEMU Standard PC (Q35 + ICH9, 2009), BIOS 2025.11-3ubuntu7 03/31/2026
00020 RIP: 0010:osd_create+0x9cf/0xcf0 [osd_wbcfs]
00020  mdd(O)
00020 Code: c7 c7 00 96 7b a1 48 c7 c6 a0 12 7d a1 48 c7 c2 00 1c 7d a1 e8 52 f1 43 ff 48 c7 c7 00 96 7b a1 e8 46 81 44 ff e9 fe fc ff ff <0f> 0b e9 a5 fa ff ff 48 c7 c1 80 44 5d a0 80 e1 07 80 c1 03 38 c1
00020 RSP: 0018:ffffc90002007878 EFLAGS: 00010246
00020 RAX: 0000000000000000 RBX: ffff88814d56ac00 RCX: 0000000000000046
00020 RDX: 0000000000000000 RSI: ffff88814a6ead60 RDI: ffff88804cd4aaa8
00020 RBP: ffff88814a6eacd0 R08: ffffffff83a16803 R09: 1ffffffff0742d00
00020  lod(O)
00020 R10: dffffc0000000000 R11: fffffbfff0742d01 R12: ffff88804f3d1030
00020 R13: dffffc0000000000 R14: 1ffff11029aad580 R15: 1ffff11009e7a242
00020 FS:  0000000000000000(0000) GS:ffff8881d4ba9000(0000) knlGS:0000000000000000
00020 CS:  0010 DS: 0000 ES: 0000 CR0: 0000000080050033
00020 CR2: 00005577192b4560 CR3: 00000001263be000 CR4: 0000000000750eb0
00020  mdt(O)
00020 PKRU: 55555554
00020 Call Trace:
00020  <TASK>
00020  ? ofd_precreate_objects+0x1bd8/0x3220 [ofd]
00020  lquota(O)
00020  ? ofd_create_hdl+0x2015/0x3510 [ofd]
00020  lfsck(O)
00020  ? tgt_request_handle+0x23ad/0x3d30 [ptlrpc]
00020  mgs(O)
00020  ? ptlrpc_main+0x6359/0x96f0 [ptlrpc]
00020  osd_wbcfs(O)
00020  ? __kthread_parkme+0x73/0x130
00020  lustre(O)
00020  ? kthread+0x2cd/0x3a0
00020  ? ptlrpc_start_thread+0x1f10/0x1f10 [ptlrpc]
00020  ? kthread_unuse_mm+0x130/0x130
00020  ? ret_from_fork+0x18c/0x520
00020  ? kthread_unuse_mm+0x130/0x130
00020  obdecho(O)
00020  ? ret_from_fork_asm+0x11/0x20
00020  </TASK>
00020  mgc(O)
00020 ---[ end trace 0000000000000000 ]---
00020 ------------[ cut here ]------------
00020  mdc(O)
00020 WARNING: /home/ktest/git/linux/include/linux/fs.h:889 at osd_create+0x9cf/0xcf0 [osd_wbcfs], CPU#3: ll_ost00_000/1804
00020  lov(O)
00020 Modules linked in: ofd(O) osp(O) mdd(O) lod(O) mdt(O) lquota(O) lfsck(O) mgs(O) osd_wbcfs(O) lustre(O)
00020  osc(O)
00020  obdecho(O) mgc(O) mdc(O) lov(O) osc(O) lmv(O) ec(O) fid(O) fld(O) ptlrpc(O) efivarfs obdclass(O)
00020  lmv(O)
00020  ksocklnd(O) lnet(O) libcfs(O)
00020 CPU: 3 UID: 0 PID: 1804 Comm: ll_ost00_000 Tainted: G        W  O        7.0.0-ktest-6eb18a2-6330a45-20260928-dirty #1 PREEMPT 
00020 Tainted: [W]=WARN, [O]=OOT_MODULE
00020 Hardware name: QEMU Standard PC (Q35 + ICH9, 2009), BIOS 2025.11-3ubuntu7 03/31/2026
00020  ec(O)
00020 RIP: 0010:osd_create+0x9cf/0xcf0 [osd_wbcfs]
00020  fid(O)
00020 Code: c7 c7 00 96 7b a1 48 c7 c6 a0 12 7d a1 48 c7 c2 00 1c 7d a1 e8 52 f1 43 ff 48 c7 c7 00 96 7b a1 e8 46 81 44 ff e9 fe fc ff ff <0f> 0b e9 a5 fa ff ff 48 c7 c1 80 44 5d a0 80 e1 07 80 c1 03 38 c1
00020 RSP: 0018:ffffc90002007878 EFLAGS: 00010246
00020 RAX: 0000000000000000 RBX: ffff88814d569400 RCX: 0000000000000046
00020 RDX: 0000000000000000 RSI: ffff88814a6ea648 RDI: ffff88804cd4aaa8
00020 RBP: ffff88814a6ea5b8 R08: ffffffff83a16803 R09: 1ffffffff0742d00
00020 R10: dffffc0000000000 R11: fffffbfff0742d01 R12: ffff88804f3d1030
00020  fld(O)
00020 R13: dffffc0000000000 R14: 1ffff11029aad280 R15: 1ffff11009e7a242
00020 FS:  0000000000000000(0000) GS:ffff8881d4ba9000(0000) knlGS:0000000000000000
00020 CS:  0010 DS: 0000 ES: 0000 CR0: 0000000080050033
00020 CR2: 00005577192b4560 CR3: 00000001263be000 CR4: 0000000000750eb0
00020 PKRU: 55555554
00020  ptlrpc(O)
00020 Call Trace:
00020  <TASK>
00020  ? ofd_precreate_objects+0x1bd8/0x3220 [ofd]
00020  efivarfs
00020  ? ofd_create_hdl+0x2015/0x3510 [ofd]
00020  obdclass(O)
00020  ? tgt_request_handle+0x23ad/0x3d30 [ptlrpc]
00020  ksocklnd(O)
00020  ? ptlrpc_main+0x6359/0x96f0 [ptlrpc]
00020  lnet(O)
00020  ? __kthread_parkme+0x73/0x130
00020  libcfs(O)
00020  ? kthread+0x2cd/0x3a0
00020  ? ptlrpc_start_thread+0x1f10/0x1f10 [ptlrpc]
00020 
00020  ? kthread_unuse_mm+0x130/0x130
00020  ? ret_from_fork+0x18c/0x520
00020  ? kthread_unuse_mm+0x130/0x130
00020 CPU: 2 UID: 0 PID: 1849 Comm: ll_ost00_004 Tainted: G        W  O        7.0.0-ktest-6eb18a2-6330a45-20260928-dirty #1 PREEMPT 
00020  ? ret_from_fork_asm+0x11/0x20
00020  </TASK>
00020 Tainted: [W]=WARN, [O]=OOT_MODULE
00020 ---[ end trace 0000000000000000 ]---
00020 ------------[ cut here ]------------
00020 Hardware name: QEMU Standard PC (Q35 + ICH9, 2009), BIOS 2025.11-3ubuntu7 03/31/2026
00020 WARNING: /home/ktest/git/linux/include/linux/fs.h:889 at osd_create+0x9cf/0xcf0 [osd_wbcfs], CPU#3: ll_ost00_000/1804
00020 RIP: 0010:osd_create+0x9cf/0xcf0 [osd_wbcfs]
00020 Modules linked in: ofd(O) osp(O) mdd(O) lod(O) mdt(O) lquota(O) lfsck(O) mgs(O) osd_wbcfs(O) lustre(O) obdecho(O)
00020 Code: c7 c7 00 96 7b a1 48 c7 c6 a0 12 7d a1 48 c7 c2 00 1c 7d a1 e8 52 f1 43 ff 48 c7 c7 00 96 7b a1 e8 46 81 44 ff e9 fe fc ff ff <0f> 0b e9 a5 fa ff ff 48 c7 c1 80 44 5d a0 80 e1 07 80 c1 03 38 c1
00020  mgc(O) mdc(O) lov(O) osc(O) lmv(O) ec(O) fid(O) fld(O) ptlrpc(O) efivarfs obdclass(O) ksocklnd(O)
00020 RSP: 0018:ffffc90007daf878 EFLAGS: 00010246
00020  lnet(O) libcfs(O)
00020 CPU: 3 UID: 0 PID: 1804 Comm: ll_ost00_000 Tainted: G        W  O        7.0.0-ktest-6eb18a2-6330a45-20260928-dirty #1 PREEMPT 
00020 Tainted: [W]=WARN, [O]=OOT_MODULE
00020 
00020 Hardware name: QEMU Standard PC (Q35 + ICH9, 2009), BIOS 2025.11-3ubuntu7 03/31/2026
00020 RIP: 0010:osd_create+0x9cf/0xcf0 [osd_wbcfs]
00020 RAX: 0000000000000000 RBX: ffff88810130b400 RCX: 0000000000000046
00020 Code: c7 c7 00 96 7b a1 48 c7 c6 a0 12 7d a1 48 c7 c2 00 1c 7d a1 e8 52 f1 43 ff 48 c7 c7 00 96 7b a1 e8 46 81 44 ff e9 fe fc ff ff <0f> 0b e9 a5 fa ff ff 48 c7 c1 80 44 5d a0 80 e1 07 80 c1 03 38 c1
00020 RSP: 0018:ffffc90002007878 EFLAGS: 00010246
00020 RAX: 0000000000000000 RBX: ffff88814d568000 RCX: 0000000000000046
00020 RDX: 0000000000000000 RSI: ffff88814a6e9f30 RDI: ffff88804cd4aaa8
00020 RBP: ffff88814a6e9ea0 R08: ffffffff83a16803 R09: 1ffffffff0742d00
00020 R10: dffffc0000000000 R11: fffffbfff0742d01 R12: ffff88804f3d1030
00020 R13: dffffc0000000000 R14: 1ffff11029aad000 R15: 1ffff11009e7a242
00020 RDX: 0000000000000000 RSI: ffff88814bff9100 RDI: ffff88814a8289e8
00020 FS:  0000000000000000(0000) GS:ffff8881d4ba9000(0000) knlGS:0000000000000000
00020 CS:  0010 DS: 0000 ES: 0000 CR0: 0000000080050033
00020 CR2: 00005577192b4560 CR3: 00000001263be000 CR4: 0000000000750eb0
00020 PKRU: 55555554
00020 RBP: ffff88814bff9070 R08: ffffffff83a16803 R09: 1ffffffff0742d00
00020 Call Trace:
00020  <TASK>
00020  ? ofd_precreate_objects+0x1bd8/0x3220 [ofd]
00020 R10: dffffc0000000000 R11: fffffbfff0742d01 R12: ffff88814803b030
00020  ? ofd_create_hdl+0x2015/0x3510 [ofd]
00020 R13: dffffc0000000000 R14: 1ffff11020261680 R15: 1ffff11029007642
00020  ? tgt_request_handle+0x23ad/0x3d30 [ptlrpc]
00020 FS:  0000000000000000(0000) GS:ffff8881d4b29000(0000) knlGS:0000000000000000
00020  ? ptlrpc_main+0x6359/0x96f0 [ptlrpc]
00020  ? __kthread_parkme+0x73/0x130
00020 CS:  0010 DS: 0000 ES: 0000 CR0: 0000000080050033
00020  ? kthread+0x2cd/0x3a0
00020  ? ptlrpc_start_thread+0x1f10/0x1f10 [ptlrpc]
00020  ? kthread_unuse_mm+0x130/0x130
00020 CR2: 00005577192b4560 CR3: 00000001263be000 CR4: 0000000000750eb0
00020  ? ret_from_fork+0x18c/0x520
00020  ? kthread_unuse_mm+0x130/0x130
00020  ? ret_from_fork_asm+0x11/0x20
00020 PKRU: 55555554
00020  </TASK>
00020 ---[ end trace 0000000000000000 ]---
00020 ------------[ cut here ]------------
00020 Call Trace:
00020 WARNING: /home/ktest/git/linux/include/linux/fs.h:889 at osd_create+0x9cf/0xcf0 [osd_wbcfs], CPU#3: ll_ost00_000/1804
00020  <TASK>
00020 Modules linked in: ofd(O) osp(O) mdd(O) lod(O) mdt(O) lquota(O) lfsck(O) mgs(O) osd_wbcfs(O) lustre(O) obdecho(O)
00020  ? ofd_precreate_objects+0x1bd8/0x3220 [ofd]
00020  mgc(O) mdc(O) lov(O) osc(O) lmv(O) ec(O) fid(O) fld(O) ptlrpc(O)
00020  ? ofd_create_hdl+0x2015/0x3510 [ofd]
00020  efivarfs obdclass(O) ksocklnd(O) lnet(O) libcfs(O)
00020 CPU: 3 UID: 0 PID: 1804 Comm: ll_ost00_000 Tainted: G        W  O        7.0.0-ktest-6eb18a2-6330a45-20260928-dirty #1 PREEMPT 
00020 Tainted: [W]=WARN, [O]=OOT_MODULE
00020  ? tgt_request_handle+0x23ad/0x3d30 [ptlrpc]
00020 Hardware name: QEMU Standard PC (Q35 + ICH9, 2009), BIOS 2025.11-3ubuntu7 03/31/2026
00020 RIP: 0010:osd_create+0x9cf/0xcf0 [osd_wbcfs]
00020  ? ptlrpc_main+0x6359/0x96f0 [ptlrpc]
00020 Code: c7 c7 00 96 7b a1 48 c7 c6 a0 12 7d a1 48 c7 c2 00 1c 7d a1 e8 52 f1 43 ff 48 c7 c7 00 96 7b a1 e8 46 81 44 ff e9 fe fc ff ff <0f> 0b e9 a5 fa ff ff 48 c7 c1 80 44 5d a0 80 e1 07 80 c1 03 38 c1
00020 RSP: 0018:ffffc90002007878 EFLAGS: 00010246
00020 RAX: 0000000000000000 RBX: ffff88814d56a000 RCX: 0000000000000046
00020 RDX: 0000000000000000 RSI: ffff88814a6e9818 RDI: ffff88804cd4aaa8
00020 RBP: ffff88814a6e9788 R08: ffffffff83a16803 R09: 1ffffffff0742d00
00020 R10: dffffc0000000000 R11: fffffbfff0742d01 R12: ffff88804f3d1030
00020 R13: dffffc0000000000 R14: 1ffff11029aad400 R15: 1ffff11009e7a242
00020  ? __kthread_parkme+0x73/0x130
00020 FS:  0000000000000000(0000) GS:ffff8881d4ba9000(0000) knlGS:0000000000000000
00020  ? kthread+0x2cd/0x3a0
00020 CS:  0010 DS: 0000 ES: 0000 CR0: 0000000080050033
00020 CR2: 00005577192b4560 CR3: 00000001263be000 CR4: 0000000000750eb0
00020 PKRU: 55555554
00020 Call Trace:
00020  <TASK>
00020  ? ofd_precreate_objects+0x1bd8/0x3220 [ofd]
00020  ? ofd_create_hdl+0x2015/0x3510 [ofd]
00020  ? tgt_request_handle+0x23ad/0x3d30 [ptlrpc]
00020  ? ptlrpc_start_thread+0x1f10/0x1f10 [ptlrpc]
00020  ? ptlrpc_main+0x6359/0x96f0 [ptlrpc]
00020  ? kthread_unuse_mm+0x130/0x130
00020  ? __kthread_parkme+0x73/0x130
00020  ? ret_from_fork+0x18c/0x520
00020  ? kthread+0x2cd/0x3a0
00020  ? ptlrpc_start_thread+0x1f10/0x1f10 [ptlrpc]
00020  ? kthread_unuse_mm+0x130/0x130
00020  ? kthread_unuse_mm+0x130/0x130
00020  ? ret_from_fork+0x18c/0x520
00020  ? kthread_unuse_mm+0x130/0x130
00020  ? ret_from_fork_asm+0x11/0x20
00020  ? ret_from_fork_asm+0x11/0x20
00020  </TASK>
00020 ---[ end trace 0000000000000000 ]---
00020  </TASK>
00020 ------------[ cut here ]------------
00020 ---[ end trace 0000000000000000 ]---
00020 WARNING: /home/ktest/git/linux/include/linux/fs.h:889 at osd_create+0x9cf/0xcf0 [osd_wbcfs], CPU#3: ll_ost00_000/1804
00020 ------------[ cut here ]------------
00020 Modules linked in: ofd(O) osp(O) mdd(O) lod(O) mdt(O) lquota(O) lfsck(O) mgs(O) osd_wbcfs(O) lustre(O)
00020 WARNING: /home/ktest/git/linux/include/linux/fs.h:889 at osd_create+0x9cf/0xcf0 [osd_wbcfs], CPU#2: ll_ost00_004/1849
00020  obdecho(O) mgc(O) mdc(O) lov(O) osc(O) lmv(O) ec(O) fid(O) fld(O) ptlrpc(O) efivarfs obdclass(O)
00020 Modules linked in:
00020  ksocklnd(O) lnet(O) libcfs(O)
00020 CPU: 3 UID: 0 PID: 1804 Comm: ll_ost00_000 Tainted: G        W  O        7.0.0-ktest-6eb18a2-6330a45-20260928-dirty #1 PREEMPT 
00020 Tainted: [W]=WARN, [O]=OOT_MODULE
00020 Hardware name: QEMU Standard PC (Q35 + ICH9, 2009), BIOS 2025.11-3ubuntu7 03/31/2026
00020  ofd(O)
00020 RIP: 0010:osd_create+0x9cf/0xcf0 [osd_wbcfs]
00020  osp(O)
00020 Code: c7 c7 00 96 7b a1 48 c7 c6 a0 12 7d a1 48 c7 c2 00 1c 7d a1 e8 52 f1 43 ff 48 c7 c7 00 96 7b a1 e8 46 81 44 ff e9 fe fc ff ff <0f> 0b e9 a5 fa ff ff 48 c7 c1 80 44 5d a0 80 e1 07 80 c1 03 38 c1
00020 RSP: 0018:ffffc90002007878 EFLAGS: 00010246
00020 RAX: 0000000000000000 RBX: ffff88814d56b800 RCX: 0000000000000046
00020 RDX: 0000000000000000 RSI: ffff88814a6e9100 RDI: ffff88804cd4aaa8
00020 RBP: ffff88814a6e9070 R08: ffffffff83a16803 R09: 1ffffffff0742d00
00020 R10: dffffc0000000000 R11: fffffbfff0742d01 R12: ffff88804f3d1030
00020 R13: dffffc0000000000 R14: 1ffff11029aad700 R15: 1ffff11009e7a242
00020  mdd(O)
00020 FS:  0000000000000000(0000) GS:ffff8881d4ba9000(0000) knlGS:0000000000000000
00020 CS:  0010 DS: 0000 ES: 0000 CR0: 0000000080050033
00020 CR2: 00005577192b4560 CR3: 00000001263be000 CR4: 0000000000750eb0
00020 PKRU: 55555554
00020 Call Trace:
00020  <TASK>
00020  lod(O)
00020  ? ofd_precreate_objects+0x1bd8/0x3220 [ofd]
00020  mdt(O)
00020  ? ofd_create_hdl+0x2015/0x3510 [ofd]
00020  lquota(O)
00020  ? tgt_request_handle+0x23ad/0x3d30 [ptlrpc]
00020  lfsck(O)
00020  ? ptlrpc_main+0x6359/0x96f0 [ptlrpc]
00020  mgs(O)
00020  ? __kthread_parkme+0x73/0x130
00020  osd_wbcfs(O)
00020  ? kthread+0x2cd/0x3a0
00020  ? ptlrpc_start_thread+0x1f10/0x1f10 [ptlrpc]
00020  lustre(O)
00020  ? kthread_unuse_mm+0x130/0x130
00020  ? ret_from_fork+0x18c/0x520
00020  ? kthread_unuse_mm+0x130/0x130
00020  obdecho(O)
00020  ? ret_from_fork_asm+0x11/0x20
00020  </TASK>
00020  mgc(O)
00020 ---[ end trace 0000000000000000 ]---
00020 ------------[ cut here ]------------
00020  mdc(O)
00020 WARNING: /home/ktest/git/linux/include/linux/fs.h:889 at osd_create+0x9cf/0xcf0 [osd_wbcfs], CPU#3: ll_ost00_000/1804
00020  lov(O)
00020 Modules linked in: ofd(O) osp(O) mdd(O) lod(O) mdt(O) lquota(O) lfsck(O) mgs(O) osd_wbcfs(O) lustre(O)
00020  osc(O)
00020  obdecho(O) mgc(O) mdc(O) lov(O) osc(O) lmv(O) ec(O) fid(O) fld(O) ptlrpc(O) efivarfs obdclass(O)
00020  lmv(O)
00020  ksocklnd(O) lnet(O) libcfs(O)
00020 CPU: 3 UID: 0 PID: 1804 Comm: ll_ost00_000 Tainted: G        W  O        7.0.0-ktest-6eb18a2-6330a45-20260928-dirty #1 PREEMPT 
00020 Tainted: [W]=WARN, [O]=OOT_MODULE
00020 Hardware name: QEMU Standard PC (Q35 + ICH9, 2009), BIOS 2025.11-3ubuntu7 03/31/2026
00020  ec(O)
00020 RIP: 0010:osd_create+0x9cf/0xcf0 [osd_wbcfs]
00020  fid(O)
00020 Code: c7 c7 00 96 7b a1 48 c7 c6 a0 12 7d a1 48 c7 c2 00 1c 7d a1 e8 52 f1 43 ff 48 c7 c7 00 96 7b a1 e8 46 81 44 ff e9 fe fc ff ff <0f> 0b e9 a5 fa ff ff 48 c7 c1 80 44 5d a0 80 e1 07 80 c1 03 38 c1
00020 RSP: 0018:ffffc90002007878 EFLAGS: 00010246
00020 RAX: 0000000000000000 RBX: ffff88814d56a800 RCX: 0000000000000046
00020 RDX: 0000000000000000 RSI: ffff88814a6e89e8 RDI: ffff88804cd4aaa8
00020 RBP: ffff88814a6e8958 R08: ffffffff83a16803 R09: 1ffffffff0742d00
00020 R10: dffffc0000000000 R11: fffffbfff0742d01 R12: ffff88804f3d1030
00020  fld(O)
00020 R13: dffffc0000000000 R14: 1ffff11029aad500 R15: 1ffff11009e7a242
00020 FS:  0000000000000000(0000) GS:ffff8881d4ba9000(0000) knlGS:0000000000000000
00020 CS:  0010 DS: 0000 ES: 0000 CR0: 0000000080050033
00020 CR2: 00005577192b4560 CR3: 00000001263be000 CR4: 0000000000750eb0
00020 PKRU: 55555554
00020  ptlrpc(O)
00020 Call Trace:
00020  <TASK>
00020  ? ofd_precreate_objects+0x1bd8/0x3220 [ofd]
00020  efivarfs
00020  ? ofd_create_hdl+0x2015/0x3510 [ofd]
00020  obdclass(O)
00020  ? tgt_request_handle+0x23ad/0x3d30 [ptlrpc]
00020  ksocklnd(O)
00020  ? ptlrpc_main+0x6359/0x96f0 [ptlrpc]
00020  lnet(O)
00020  ? __kthread_parkme+0x73/0x130
00020  libcfs(O)
00020  ? kthread+0x2cd/0x3a0
00020  ? ptlrpc_start_thread+0x1f10/0x1f10 [ptlrpc]
00020 
00020  ? kthread_unuse_mm+0x130/0x130
00020  ? ret_from_fork+0x18c/0x520
00020  ? kthread_unuse_mm+0x130/0x130
00020 CPU: 2 UID: 0 PID: 1849 Comm: ll_ost00_004 Tainted: G        W  O        7.0.0-ktest-6eb18a2-6330a45-20260928-dirty #1 PREEMPT 
00020  ? ret_from_fork_asm+0x11/0x20
00020  </TASK>
00020 Tainted: [W]=WARN, [O]=OOT_MODULE
00020 ---[ end trace 0000000000000000 ]---
00020 ------------[ cut here ]------------
00020 Hardware name: QEMU Standard PC (Q35 + ICH9, 2009), BIOS 2025.11-3ubuntu7 03/31/2026
00020 WARNING: /home/ktest/git/linux/include/linux/fs.h:889 at osd_create+0x9cf/0xcf0 [osd_wbcfs], CPU#3: ll_ost00_000/1804
00020 RIP: 0010:osd_create+0x9cf/0xcf0 [osd_wbcfs]
00020 Modules linked in: ofd(O) osp(O) mdd(O) lod(O) mdt(O) lquota(O) lfsck(O) mgs(O) osd_wbcfs(O) lustre(O) obdecho(O)
00020 Code: c7 c7 00 96 7b a1 48 c7 c6 a0 12 7d a1 48 c7 c2 00 1c 7d a1 e8 52 f1 43 ff 48 c7 c7 00 96 7b a1 e8 46 81 44 ff e9 fe fc ff ff <0f> 0b e9 a5 fa ff ff 48 c7 c1 80 44 5d a0 80 e1 07 80 c1 03 38 c1
00020  mgc(O) mdc(O) lov(O) osc(O) lmv(O) ec(O) fid(O) fld(O) ptlrpc(O)
00020 RSP: 0018:ffffc90007daf878 EFLAGS: 00010246
00020  efivarfs obdclass(O) ksocklnd(O) lnet(O) libcfs(O)
00020 CPU: 3 UID: 0 PID: 1804 Comm: ll_ost00_000 Tainted: G        W  O        7.0.0-ktest-6eb18a2-6330a45-20260928-dirty #1 PREEMPT 
00020 Tainted: [W]=WARN, [O]=OOT_MODULE
00020 
00020 Hardware name: QEMU Standard PC (Q35 + ICH9, 2009), BIOS 2025.11-3ubuntu7 03/31/2026
00020 RIP: 0010:osd_create+0x9cf/0xcf0 [osd_wbcfs]
00020 RAX: 0000000000000000 RBX: ffff888101308400 RCX: 0000000000000046
00020 Code: c7 c7 00 96 7b a1 48 c7 c6 a0 12 7d a1 48 c7 c2 00 1c 7d a1 e8 52 f1 43 ff 48 c7 c7 00 96 7b a1 e8 46 81 44 ff e9 fe fc ff ff <0f> 0b e9 a5 fa ff ff 48 c7 c1 80 44 5d a0 80 e1 07 80 c1 03 38 c1
00020 RSP: 0018:ffffc90002007878 EFLAGS: 00010246
00020 RAX: 0000000000000000 RBX: ffff88814d56b400 RCX: 0000000000000046
00020 RDX: 0000000000000000 RSI: ffff88814a6e82d0 RDI: ffff88804cd4aaa8
00020 RBP: ffff88814a6e8240 R08: ffffffff83a16803 R09: 1ffffffff0742d00
00020 R10: dffffc0000000000 R11: fffffbfff0742d01 R12: ffff88804f3d1030
00020 R13: dffffc0000000000 R14: 1ffff11029aad680 R15: 1ffff11009e7a242
00020 RDX: 0000000000000000 RSI: ffff88814bff89e8 RDI: ffff88814a8289e8
00020 FS:  0000000000000000(0000) GS:ffff8881d4ba9000(0000) knlGS:0000000000000000
00020 CS:  0010 DS: 0000 ES: 0000 CR0: 0000000080050033
00020 CR2: 00005577192b4560 CR3: 00000001263be000 CR4: 0000000000750eb0
00020 PKRU: 55555554
00020 Call Trace:
00020  <TASK>
00020 RBP: ffff88814bff8958 R08: ffffffff83a16803 R09: 1ffffffff0742d00
00020  ? ofd_precreate_objects+0x1bd8/0x3220 [ofd]
00020 R10: dffffc0000000000 R11: fffffbfff0742d01 R12: ffff88814803b030
00020  ? ofd_create_hdl+0x2015/0x3510 [ofd]
00020 R13: dffffc0000000000 R14: 1ffff11020261080 R15: 1ffff11029007642
00020  ? tgt_request_handle+0x23ad/0x3d30 [ptlrpc]
00020 FS:  0000000000000000(0000) GS:ffff8881d4b29000(0000) knlGS:0000000000000000
00020  ? ptlrpc_main+0x6359/0x96f0 [ptlrpc]
00020  ? __kthread_parkme+0x73/0x130
00020 CS:  0010 DS: 0000 ES: 0000 CR0: 0000000080050033
00020  ? kthread+0x2cd/0x3a0
00020  ? ptlrpc_start_thread+0x1f10/0x1f10 [ptlrpc]
00020 CR2: 00005577192b4560 CR3: 00000001263be000 CR4: 0000000000750eb0
00020  ? kthread_unuse_mm+0x130/0x130
00020  ? ret_from_fork+0x18c/0x520
00020  ? kthread_unuse_mm+0x130/0x130
00020 PKRU: 55555554
00020  ? ret_from_fork_asm+0x11/0x20
00020  </TASK>
00020 Call Trace:
00020 ---[ end trace 0000000000000000 ]---
00020 ------------[ cut here ]------------
00020  <TASK>
00020 WARNING: /home/ktest/git/linux/include/linux/fs.h:889 at osd_create+0x9cf/0xcf0 [osd_wbcfs], CPU#3: ll_ost00_000/1804
00020  ? ofd_precreate_objects+0x1bd8/0x3220 [ofd]
00020 Modules linked in: ofd(O) osp(O) mdd(O) lod(O) mdt(O) lquota(O) lfsck(O) mgs(O) osd_wbcfs(O) lustre(O)
00020  ? ofd_create_hdl+0x2015/0x3510 [ofd]
00020  obdecho(O) mgc(O) mdc(O) lov(O) osc(O) lmv(O) ec(O) fid(O) fld(O) ptlrpc(O) efivarfs obdclass(O)
00020  ? tgt_request_handle+0x23ad/0x3d30 [ptlrpc]
00020  ksocklnd(O) lnet(O) libcfs(O)
00020 CPU: 3 UID: 0 PID: 1804 Comm: ll_ost00_000 Tainted: G        W  O        7.0.0-ktest-6eb18a2-6330a45-20260928-dirty #1 PREEMPT 
00020 Tainted: [W]=WARN, [O]=OOT_MODULE
00020 Hardware name: QEMU Standard PC (Q35 + ICH9, 2009), BIOS 2025.11-3ubuntu7 03/31/2026
00020 RIP: 0010:osd_create+0x9cf/0xcf0 [osd_wbcfs]
00020  ? ptlrpc_main+0x6359/0x96f0 [ptlrpc]
00020 Code: c7 c7 00 96 7b a1 48 c7 c6 a0 12 7d a1 48 c7 c2 00 1c 7d a1 e8 52 f1 43 ff 48 c7 c7 00 96 7b a1 e8 46 81 44 ff e9 fe fc ff ff <0f> 0b e9 a5 fa ff ff 48 c7 c1 80 44 5d a0 80 e1 07 80 c1 03 38 c1
00020 RSP: 0018:ffffc90002007878 EFLAGS: 00010246
00020 RAX: 0000000000000000 RBX: ffff88814d568400 RCX: 0000000000000046
00020 RDX: 0000000000000000 RSI: ffff88814bfffb68 RDI: ffff88804cd4aaa8
00020 RBP: ffff88814bfffad8 R08: ffffffff83a16803 R09: 1ffffffff0742d00
00020 R10: dffffc0000000000 R11: fffffbfff0742d01 R12: ffff88804f3d1030
00020 R13: dffffc0000000000 R14: 1ffff11029aad080 R15: 1ffff11009e7a242
00020  ? __kthread_parkme+0x73/0x130
00020 FS:  0000000000000000(0000) GS:ffff8881d4ba9000(0000) knlGS:0000000000000000
00020 CS:  0010 DS: 0000 ES: 0000 CR0: 0000000080050033
00020 CR2: 00005577192b4560 CR3: 00000001263be000 CR4: 0000000000750eb0
00020 PKRU: 55555554
00020 Call Trace:
00020  <TASK>
00020  ? kthread+0x2cd/0x3a0
00020  ? ofd_precreate_objects+0x1bd8/0x3220 [ofd]
00020  ? ptlrpc_start_thread+0x1f10/0x1f10 [ptlrpc]
00020  ? ofd_create_hdl+0x2015/0x3510 [ofd]
00020  ? kthread_unuse_mm+0x130/0x130
00020  ? tgt_request_handle+0x23ad/0x3d30 [ptlrpc]
00020  ? ret_from_fork+0x18c/0x520
00020  ? ptlrpc_main+0x6359/0x96f0 [ptlrpc]
00020  ? kthread_unuse_mm+0x130/0x130
00020  ? __kthread_parkme+0x73/0x130
00020  ? ret_from_fork_asm+0x11/0x20
00020  ? kthread+0x2cd/0x3a0
00020  ? ptlrpc_start_thread+0x1f10/0x1f10 [ptlrpc]
00020  </TASK>
00020  ? kthread_unuse_mm+0x130/0x130
00020  ? ret_from_fork+0x18c/0x520
00020  ? kthread_unuse_mm+0x130/0x130
00020 ---[ end trace 0000000000000000 ]---
00020  ? ret_from_fork_asm+0x11/0x20
00020  </TASK>
00020 ------------[ cut here ]------------
00020 ---[ end trace 0000000000000000 ]---
00020 ------------[ cut here ]------------
00020 WARNING: /home/ktest/git/linux/include/linux/fs.h:889 at osd_create+0x9cf/0xcf0 [osd_wbcfs], CPU#2: ll_ost00_004/1849
00020 WARNING: /home/ktest/git/linux/include/linux/fs.h:889 at osd_create+0x9cf/0xcf0 [osd_wbcfs], CPU#3: ll_ost00_000/1804
00020 Modules linked in:
00020 Modules linked in: ofd(O) osp(O) mdd(O) lod(O) mdt(O) lquota(O) lfsck(O) mgs(O) osd_wbcfs(O) lustre(O)
00020  ofd(O)
00020  obdecho(O) mgc(O) mdc(O) lov(O) osc(O) lmv(O) ec(O) fid(O) fld(O) ptlrpc(O) efivarfs
00020  osp(O)
00020  obdclass(O) ksocklnd(O) lnet(O) libcfs(O)
00020 CPU: 3 UID: 0 PID: 1804 Comm: ll_ost00_000 Tainted: G        W  O        7.0.0-ktest-6eb18a2-6330a45-20260928-dirty #1 PREEMPT 
00020 Tainted: [W]=WARN, [O]=OOT_MODULE
00020 Hardware name: QEMU Standard PC (Q35 + ICH9, 2009), BIOS 2025.11-3ubuntu7 03/31/2026
00020  mdd(O)
00020 RIP: 0010:osd_create+0x9cf/0xcf0 [osd_wbcfs]
00020  lod(O)
00020 Code: c7 c7 00 96 7b a1 48 c7 c6 a0 12 7d a1 48 c7 c2 00 1c 7d a1 e8 52 f1 43 ff 48 c7 c7 00 96 7b a1 e8 46 81 44 ff e9 fe fc ff ff <0f> 0b e9 a5 fa ff ff 48 c7 c1 80 44 5d a0 80 e1 07 80 c1 03 38 c1
00020 RSP: 0018:ffffc90002007878 EFLAGS: 00010246
00020 RAX: 0000000000000000 RBX: ffff88814d56b000 RCX: 0000000000000046
00020 RDX: 0000000000000000 RSI: ffff88814bfff450 RDI: ffff88804cd4aaa8
00020 RBP: ffff88814bfff3c0 R08: ffffffff83a16803 R09: 1ffffffff0742d00
00020 R10: dffffc0000000000 R11: fffffbfff0742d01 R12: ffff88804f3d1030
00020 R13: dffffc0000000000 R14: 1ffff11029aad600 R15: 1ffff11009e7a242
00020  mdt(O)
00020 FS:  0000000000000000(0000) GS:ffff8881d4ba9000(0000) knlGS:0000000000000000
00020 CS:  0010 DS: 0000 ES: 0000 CR0: 0000000080050033
00020 CR2: 00005577192b4560 CR3: 00000001263be000 CR4: 0000000000750eb0
00020 PKRU: 55555554
00020 Call Trace:
00020  <TASK>
00020  lquota(O)
00020  ? ofd_precreate_objects+0x1bd8/0x3220 [ofd]
00020  lfsck(O)
00020  ? ofd_create_hdl+0x2015/0x3510 [ofd]
00020  mgs(O)
00020  ? tgt_request_handle+0x23ad/0x3d30 [ptlrpc]
00020  osd_wbcfs(O)
00020  ? ptlrpc_main+0x6359/0x96f0 [ptlrpc]
00020  lustre(O)
00020  ? __kthread_parkme+0x73/0x130
00020  obdecho(O)
00020  ? kthread+0x2cd/0x3a0
00020  ? ptlrpc_start_thread+0x1f10/0x1f10 [ptlrpc]
00020  mgc(O)
00020  ? kthread_unuse_mm+0x130/0x130
00020  ? ret_from_fork+0x18c/0x520
00020  ? kthread_unuse_mm+0x130/0x130
00020  mdc(O)
00020  ? ret_from_fork_asm+0x11/0x20
00020  </TASK>
00020  lov(O)
00020 ---[ end trace 0000000000000000 ]---
00020 ------------[ cut here ]------------
00020  osc(O)
00020 WARNING: /home/ktest/git/linux/include/linux/fs.h:889 at osd_create+0x9cf/0xcf0 [osd_wbcfs], CPU#3: ll_ost00_000/1804
00020  lmv(O)
00020 Modules linked in: ofd(O) osp(O) mdd(O) lod(O) mdt(O) lquota(O) lfsck(O) mgs(O) osd_wbcfs(O) lustre(O)
00020  ec(O)
00020  obdecho(O) mgc(O) mdc(O) lov(O) osc(O) lmv(O) ec(O) fid(O) fld(O) ptlrpc(O) efivarfs
00020  fid(O)
00020  obdclass(O) ksocklnd(O) lnet(O) libcfs(O)
00020 CPU: 3 UID: 0 PID: 1804 Comm: ll_ost00_000 Tainted: G        W  O        7.0.0-ktest-6eb18a2-6330a45-20260928-dirty #1 PREEMPT 
00020 Tainted: [W]=WARN, [O]=OOT_MODULE
00020 Hardware name: QEMU Standard PC (Q35 + ICH9, 2009), BIOS 2025.11-3ubuntu7 03/31/2026
00020  fld(O)
00020 RIP: 0010:osd_create+0x9cf/0xcf0 [osd_wbcfs]
00020  ptlrpc(O)
00020 Code: c7 c7 00 96 7b a1 48 c7 c6 a0 12 7d a1 48 c7 c2 00 1c 7d a1 e8 52 f1 43 ff 48 c7 c7 00 96 7b a1 e8 46 81 44 ff e9 fe fc ff ff <0f> 0b e9 a5 fa ff ff 48 c7 c1 80 44 5d a0 80 e1 07 80 c1 03 38 c1
00020 RSP: 0018:ffffc90002007878 EFLAGS: 00010246
00020 RAX: 0000000000000000 RBX: ffff88814b369800 RCX: 0000000000000046
00020 RDX: 0000000000000000 RSI: ffff88814bffed38 RDI: ffff88804cd4aaa8
00020 RBP: ffff88814bffeca8 R08: ffffffff83a16803 R09: 1ffffffff0742d00
00020 R10: dffffc0000000000 R11: fffffbfff0742d01 R12: ffff88804f3d1030
00020 R13: dffffc0000000000 R14: 1ffff1102966d300 R15: 1ffff11009e7a242
00020  efivarfs
00020 FS:  0000000000000000(0000) GS:ffff8881d4ba9000(0000) knlGS:0000000000000000
00020 CS:  0010 DS: 0000 ES: 0000 CR0: 0000000080050033
00020 CR2: 00005577192b4560 CR3: 00000001263be000 CR4: 0000000000750eb0
00020 PKRU: 55555554
00020 Call Trace:
00020  <TASK>
00020  obdclass(O)
00020  ? ofd_precreate_objects+0x1bd8/0x3220 [ofd]
00020  ksocklnd(O)
00020  ? ofd_create_hdl+0x2015/0x3510 [ofd]
00020  lnet(O)
00020  ? tgt_request_handle+0x23ad/0x3d30 [ptlrpc]
00020  libcfs(O)
00020  ? ptlrpc_main+0x6359/0x96f0 [ptlrpc]
00020 
00020  ? __kthread_parkme+0x73/0x130
00020 CPU: 2 UID: 0 PID: 1849 Comm: ll_ost00_004 Tainted: G        W  O        7.0.0-ktest-6eb18a2-6330a45-20260928-dirty #1 PREEMPT 
00020  ? kthread+0x2cd/0x3a0
00020  ? ptlrpc_start_thread+0x1f10/0x1f10 [ptlrpc]
00020 Tainted: [W]=WARN, [O]=OOT_MODULE
00020  ? kthread_unuse_mm+0x130/0x130
00020  ? ret_from_fork+0x18c/0x520
00020  ? kthread_unuse_mm+0x130/0x130
00020 Hardware name: QEMU Standard PC (Q35 + ICH9, 2009), BIOS 2025.11-3ubuntu7 03/31/2026
00020  ? ret_from_fork_asm+0x11/0x20
00020  </TASK>
00020 ---[ end trace 0000000000000000 ]---
00020 ------------[ cut here ]------------
00020 RIP: 0010:osd_create+0x9cf/0xcf0 [osd_wbcfs]
00020 WARNING: /home/ktest/git/linux/include/linux/fs.h:889 at osd_create+0x9cf/0xcf0 [osd_wbcfs], CPU#3: ll_ost00_000/1804
00020 Code: c7 c7 00 96 7b a1 48 c7 c6 a0 12 7d a1 48 c7 c2 00 1c 7d a1 e8 52 f1 43 ff 48 c7 c7 00 96 7b a1 e8 46 81 44 ff e9 fe fc ff ff <0f> 0b e9 a5 fa ff ff 48 c7 c1 80 44 5d a0 80 e1 07 80 c1 03 38 c1
00020 Modules linked in: ofd(O) osp(O) mdd(O) lod(O) mdt(O) lquota(O) lfsck(O)
00020 RSP: 0018:ffffc90007daf878 EFLAGS: 00010246
00020  mgs(O) osd_wbcfs(O) lustre(O) obdecho(O) mgc(O) mdc(O) lov(O) osc(O) lmv(O) ec(O) fid(O)
00020 
00020  fld(O) ptlrpc(O) efivarfs obdclass(O) ksocklnd(O) lnet(O) libcfs(O)
00020 CPU: 3 UID: 0 PID: 1804 Comm: ll_ost00_000 Tainted: G        W  O        7.0.0-ktest-6eb18a2-6330a45-20260928-dirty #1 PREEMPT 
00020 RAX: 0000000000000000 RBX: ffff888101309000 RCX: 0000000000000046
00020 Tainted: [W]=WARN, [O]=OOT_MODULE
00020 Hardware name: QEMU Standard PC (Q35 + ICH9, 2009), BIOS 2025.11-3ubuntu7 03/31/2026
00020 RIP: 0010:osd_create+0x9cf/0xcf0 [osd_wbcfs]
00020 RDX: 0000000000000000 RSI: ffff88814bff82d0 RDI: ffff88814a8289e8
00020 Code: c7 c7 00 96 7b a1 48 c7 c6 a0 12 7d a1 48 c7 c2 00 1c 7d a1 e8 52 f1 43 ff 48 c7 c7 00 96 7b a1 e8 46 81 44 ff e9 fe fc ff ff <0f> 0b e9 a5 fa ff ff 48 c7 c1 80 44 5d a0 80 e1 07 80 c1 03 38 c1
00020 RSP: 0018:ffffc90002007878 EFLAGS: 00010246
00020 RAX: 0000000000000000 RBX: ffff88810131dc00 RCX: 0000000000000046
00020 RDX: 0000000000000000 RSI: ffff88814bffe620 RDI: ffff88804cd4aaa8
00020 RBP: ffff88814bffe590 R08: ffffffff83a16803 R09: 1ffffffff0742d00
00020 R10: dffffc0000000000 R11: fffffbfff0742d01 R12: ffff88804f3d1030
00020 R13: dffffc0000000000 R14: 1ffff11020263b80 R15: 1ffff11009e7a242
00020 RBP: ffff88814bff8240 R08: ffffffff83a16803 R09: 1ffffffff0742d00
00020 FS:  0000000000000000(0000) GS:ffff8881d4ba9000(0000) knlGS:0000000000000000
00020 CS:  0010 DS: 0000 ES: 0000 CR0: 0000000080050033
00020 CR2: 00005577192b4560 CR3: 00000001263be000 CR4: 0000000000750eb0
00020 PKRU: 55555554
00020 Call Trace:
00020 R10: dffffc0000000000 R11: fffffbfff0742d01 R12: ffff88814803b030
00020  <TASK>
00020  ? ofd_precreate_objects+0x1bd8/0x3220 [ofd]
00020 R13: dffffc0000000000 R14: 1ffff11020261200 R15: 1ffff11029007642
00020  ? ofd_create_hdl+0x2015/0x3510 [ofd]
00020 FS:  0000000000000000(0000) GS:ffff8881d4b29000(0000) knlGS:0000000000000000
00020  ? tgt_request_handle+0x23ad/0x3d30 [ptlrpc]
00020 CS:  0010 DS: 0000 ES: 0000 CR0: 0000000080050033
00020  ? ptlrpc_main+0x6359/0x96f0 [ptlrpc]
00020 CR2: 00005577192b4560 CR3: 00000001263be000 CR4: 0000000000750eb0
00020  ? __kthread_parkme+0x73/0x130
00020 PKRU: 55555554
00020  ? kthread+0x2cd/0x3a0
00020  ? ptlrpc_start_thread+0x1f10/0x1f10 [ptlrpc]
00020 Call Trace:
00020  ? kthread_unuse_mm+0x130/0x130
00020  ? ret_from_fork+0x18c/0x520
00020  ? kthread_unuse_mm+0x130/0x130
00020  <TASK>
00020  ? ret_from_fork_asm+0x11/0x20
00020  </TASK>
00020  ? ofd_precreate_objects+0x1bd8/0x3220 [ofd]
00020 ---[ end trace 0000000000000000 ]---
00020  ? ofd_create_hdl+0x2015/0x3510 [ofd]
00020  ? tgt_request_handle+0x23ad/0x3d30 [ptlrpc]
00020  ? ptlrpc_main+0x6359/0x96f0 [ptlrpc]
00020  ? __kthread_parkme+0x73/0x130
00020  ? kthread+0x2cd/0x3a0
00020  ? ptlrpc_start_thread+0x1f10/0x1f10 [ptlrpc]
00020  ? kthread_unuse_mm+0x130/0x130
00020  ? ret_from_fork+0x18c/0x520
00020  ? kthread_unuse_mm+0x130/0x130
00020  ? ret_from_fork_asm+0x11/0x20
00020  </TASK>
00020 ---[ end trace 0000000000000000 ]---
00020 ------------[ cut here ]------------
00020 WARNING: /home/ktest/git/linux/include/linux/fs.h:889 at osd_create+0x9cf/0xcf0 [osd_wbcfs], CPU#0: ll_ost00_004/1849
00020 Modules linked in: ofd(O) osp(O) mdd(O) lod(O) mdt(O) lquota(O) lfsck(O) mgs(O) osd_wbcfs(O) lustre(O) obdecho(O) mgc(O) mdc(O) lov(O) osc(O) lmv(O) ec(O) fid(O) fld(O) ptlrpc(O) efivarfs obdclass(O) ksocklnd(O) lnet(O) libcfs(O)
00020 CPU: 0 UID: 0 PID: 1849 Comm: ll_ost00_004 Tainted: G        W  O        7.0.0-ktest-6eb18a2-6330a45-20260928-dirty #1 PREEMPT 
00020 Tainted: [W]=WARN, [O]=OOT_MODULE
00020 Hardware name: QEMU Standard PC (Q35 + ICH9, 2009), BIOS 2025.11-3ubuntu7 03/31/2026
00020 RIP: 0010:osd_create+0x9cf/0xcf0 [osd_wbcfs]
00020 Code: c7 c7 00 96 7b a1 48 c7 c6 a0 12 7d a1 48 c7 c2 00 1c 7d a1 e8 52 f1 43 ff 48 c7 c7 00 96 7b a1 e8 46 81 44 ff e9 fe fc ff ff <0f> 0b e9 a5 fa ff ff 48 c7 c1 80 44 5d a0 80 e1 07 80 c1 03 38 c1
00020 RSP: 0018:ffffc90007daf878 EFLAGS: 00010246
00020 RAX: 0000000000000000 RBX: ffff888101308000 RCX: 0000000000000046
00020 RDX: 0000000000000000 RSI: ffff88814ab45f08 RDI: ffff88814a8289e8
00020 RBP: ffff88814ab45e78 R08: ffffffff83a16803 R09: 1ffffffff0742d00
00020 R10: dffffc0000000000 R11: fffffbfff0742d01 R12: ffff88814803b030
00020 R13: dffffc0000000000 R14: 1ffff11020261000 R15: 1ffff11029007642
00020 FS:  0000000000000000(0000) GS:ffff8881d4a29000(0000) knlGS:0000000000000000
00020 CS:  0010 DS: 0000 ES: 0000 CR0: 0000000080050033
00020 CR2: 00007f6e31c06780 CR3: 00000001263be000 CR4: 0000000000750eb0
00020 PKRU: 55555554
00020 Call Trace:
00020  <TASK>
00020  ? ofd_precreate_objects+0x1bd8/0x3220 [ofd]
00020  ? ofd_create_hdl+0x2015/0x3510 [ofd]
00020  ? tgt_request_handle+0x23ad/0x3d30 [ptlrpc]
00020  ? ptlrpc_main+0x6359/0x96f0 [ptlrpc]
00020  ? __kthread_parkme+0x73/0x130
00020  ? kthread+0x2cd/0x3a0
00020  ? ptlrpc_start_thread+0x1f10/0x1f10 [ptlrpc]
00020  ? kthread_unuse_mm+0x130/0x130
00020  ? ret_from_fork+0x18c/0x520
00020  ? kthread_unuse_mm+0x130/0x130
00020  ? ret_from_fork_asm+0x11/0x20
00020  </TASK>
00020 ---[ end trace 0000000000000000 ]---
00020 ------------[ cut here ]------------
00020 WARNING: /home/ktest/git/linux/include/linux/fs.h:889 at osd_create+0x9cf/0xcf0 [osd_wbcfs], CPU#0: ll_ost00_004/1849
00020 Modules linked in: ofd(O) osp(O) mdd(O) lod(O) mdt(O) lquota(O) lfsck(O) mgs(O) osd_wbcfs(O) lustre(O) obdecho(O) mgc(O) mdc(O) lov(O) osc(O) lmv(O) ec(O) fid(O) fld(O) ptlrpc(O) efivarfs obdclass(O) ksocklnd(O) lnet(O) libcfs(O)
00020 CPU: 0 UID: 0 PID: 1849 Comm: ll_ost00_004 Tainted: G        W  O        7.0.0-ktest-6eb18a2-6330a45-20260928-dirty #1 PREEMPT 
00020 Tainted: [W]=WARN, [O]=OOT_MODULE
00020 Hardware name: QEMU Standard PC (Q35 + ICH9, 2009), BIOS 2025.11-3ubuntu7 03/31/2026
00020 RIP: 0010:osd_create+0x9cf/0xcf0 [osd_wbcfs]
00020 Code: c7 c7 00 96 7b a1 48 c7 c6 a0 12 7d a1 48 c7 c2 00 1c 7d a1 e8 52 f1 43 ff 48 c7 c7 00 96 7b a1 e8 46 81 44 ff e9 fe fc ff ff <0f> 0b e9 a5 fa ff ff 48 c7 c1 80 44 5d a0 80 e1 07 80 c1 03 38 c1
00020 RSP: 0018:ffffc90007daf878 EFLAGS: 00010246
00020 RAX: 0000000000000000 RBX: ffff888101308800 RCX: 0000000000000046
00020 RDX: 0000000000000000 RSI: ffff88814ab457f0 RDI: ffff88814a8289e8
00020 RBP: ffff88814ab45760 R08: ffffffff83a16803 R09: 1ffffffff0742d00
00020 R10: dffffc0000000000 R11: fffffbfff0742d01 R12: ffff88814803b030
00020 R13: dffffc0000000000 R14: 1ffff11020261100 R15: 1ffff11029007642
00020 FS:  0000000000000000(0000) GS:ffff8881d4a29000(0000) knlGS:0000000000000000
00020 CS:  0010 DS: 0000 ES: 0000 CR0: 0000000080050033
00020 CR2: 00007f6e31c06780 CR3: 00000001263be000 CR4: 0000000000750eb0
00020 PKRU: 55555554
00020 Call Trace:
00020  <TASK>
00020  ? ofd_precreate_objects+0x1bd8/0x3220 [ofd]
00020  ? ofd_create_hdl+0x2015/0x3510 [ofd]
00020  ? tgt_request_handle+0x23ad/0x3d30 [ptlrpc]
00020  ? ptlrpc_main+0x6359/0x96f0 [ptlrpc]
00020  ? __kthread_parkme+0x73/0x130
00020  ? kthread+0x2cd/0x3a0
00020  ? ptlrpc_start_thread+0x1f10/0x1f10 [ptlrpc]
00020  ? kthread_unuse_mm+0x130/0x130
00020  ? ret_from_fork+0x18c/0x520
00020  ? kthread_unuse_mm+0x130/0x130
00020  ? ret_from_fork_asm+0x11/0x20
00020  </TASK>
00020 ---[ end trace 0000000000000000 ]---
00020 ------------[ cut here ]------------
00020 WARNING: /home/ktest/git/linux/include/linux/fs.h:889 at osd_create+0x9cf/0xcf0 [osd_wbcfs], CPU#0: ll_ost00_004/1849
00020 Modules linked in: ofd(O) osp(O) mdd(O) lod(O) mdt(O) lquota(O) lfsck(O) mgs(O) osd_wbcfs(O) lustre(O) obdecho(O) mgc(O) mdc(O) lov(O) osc(O) lmv(O) ec(O) fid(O) fld(O) ptlrpc(O) efivarfs obdclass(O) ksocklnd(O) lnet(O) libcfs(O)
00020 CPU: 0 UID: 0 PID: 1849 Comm: ll_ost00_004 Tainted: G        W  O        7.0.0-ktest-6eb18a2-6330a45-20260928-dirty #1 PREEMPT 
00020 Tainted: [W]=WARN, [O]=OOT_MODULE
00020 Hardware name: QEMU Standard PC (Q35 + ICH9, 2009), BIOS 2025.11-3ubuntu7 03/31/2026
00020 RIP: 0010:osd_create+0x9cf/0xcf0 [osd_wbcfs]
00020 Code: c7 c7 00 96 7b a1 48 c7 c6 a0 12 7d a1 48 c7 c2 00 1c 7d a1 e8 52 f1 43 ff 48 c7 c7 00 96 7b a1 e8 46 81 44 ff e9 fe fc ff ff <0f> 0b e9 a5 fa ff ff 48 c7 c1 80 44 5d a0 80 e1 07 80 c1 03 38 c1
00020 RSP: 0018:ffffc90007daf878 EFLAGS: 00010246
00020 RAX: 0000000000000000 RBX: ffff88810130b000 RCX: 0000000000000046
00020 RDX: 0000000000000000 RSI: ffff8880403ed0d8 RDI: ffff88814a8289e8
00020 RBP: ffff8880403ed048 R08: ffffffff83a16803 R09: 1ffffffff0742d00
00020 R10: dffffc0000000000 R11: fffffbfff0742d01 R12: ffff88814803b030
00020 R13: dffffc0000000000 R14: 1ffff11020261600 R15: 1ffff11029007642
00020 FS:  0000000000000000(0000) GS:ffff8881d4a29000(0000) knlGS:0000000000000000
00020 CS:  0010 DS: 0000 ES: 0000 CR0: 0000000080050033
00020 CR2: 00007f6e31c06780 CR3: 00000001263be000 CR4: 0000000000750eb0
00020 PKRU: 55555554
00020 Call Trace:
00020  <TASK>
00020  ? ofd_precreate_objects+0x1bd8/0x3220 [ofd]
00020  ? ofd_create_hdl+0x2015/0x3510 [ofd]
00020  ? tgt_request_handle+0x23ad/0x3d30 [ptlrpc]
00020  ? ptlrpc_main+0x6359/0x96f0 [ptlrpc]
00020  ? __kthread_parkme+0x73/0x130
00020  ? kthread+0x2cd/0x3a0
00020  ? ptlrpc_start_thread+0x1f10/0x1f10 [ptlrpc]
00020  ? kthread_unuse_mm+0x130/0x130
00020  ? ret_from_fork+0x18c/0x520
00020  ? kthread_unuse_mm+0x130/0x130
00020  ? ret_from_fork_asm+0x11/0x20
00020  </TASK>
00020 ---[ end trace 0000000000000000 ]---
00020 ------------[ cut here ]------------
00020 WARNING: /home/ktest/git/linux/include/linux/fs.h:889 at osd_create+0x9cf/0xcf0 [osd_wbcfs], CPU#0: ll_ost00_004/1849
00020 Modules linked in: ofd(O) osp(O) mdd(O) lod(O) mdt(O) lquota(O) lfsck(O) mgs(O) osd_wbcfs(O) lustre(O) obdecho(O) mgc(O) mdc(O) lov(O) osc(O) lmv(O) ec(O) fid(O) fld(O) ptlrpc(O) efivarfs obdclass(O) ksocklnd(O) lnet(O) libcfs(O)
00020 CPU: 0 UID: 0 PID: 1849 Comm: ll_ost00_004 Tainted: G        W  O        7.0.0-ktest-6eb18a2-6330a45-20260928-dirty #1 PREEMPT 
00020 Tainted: [W]=WARN, [O]=OOT_MODULE
00020 Hardware name: QEMU Standard PC (Q35 + ICH9, 2009), BIOS 2025.11-3ubuntu7 03/31/2026
00020 RIP: 0010:osd_create+0x9cf/0xcf0 [osd_wbcfs]
00020 Code: c7 c7 00 96 7b a1 48 c7 c6 a0 12 7d a1 48 c7 c2 00 1c 7d a1 e8 52 f1 43 ff 48 c7 c7 00 96 7b a1 e8 46 81 44 ff e9 fe fc ff ff <0f> 0b e9 a5 fa ff ff 48 c7 c1 80 44 5d a0 80 e1 07 80 c1 03 38 c1
00020 RSP: 0018:ffffc90007daf878 EFLAGS: 00010246
00020 RAX: 0000000000000000 RBX: ffff888101309400 RCX: 0000000000000046
00020 RDX: 0000000000000000 RSI: ffff8880403ec9c0 RDI: ffff88814a8289e8
00020 RBP: ffff8880403ec930 R08: ffffffff83a16803 R09: 1ffffffff0742d00
00020 R10: dffffc0000000000 R11: fffffbfff0742d01 R12: ffff88814803b030
00020 R13: dffffc0000000000 R14: 1ffff11020261280 R15: 1ffff11029007642
00020 FS:  0000000000000000(0000) GS:ffff8881d4a29000(0000) knlGS:0000000000000000
00020 CS:  0010 DS: 0000 ES: 0000 CR0: 0000000080050033
00020 CR2: 00007f6e31c06780 CR3: 00000001263be000 CR4: 0000000000750eb0
00020 PKRU: 55555554
00020 Call Trace:
00020  <TASK>
00020  ? ofd_precreate_objects+0x1bd8/0x3220 [ofd]
00020  ? ofd_create_hdl+0x2015/0x3510 [ofd]
00020  ? tgt_request_handle+0x23ad/0x3d30 [ptlrpc]
00020  ? ptlrpc_main+0x6359/0x96f0 [ptlrpc]
00020  ? __kthread_parkme+0x73/0x130
00020  ? kthread+0x2cd/0x3a0
00020  ? ptlrpc_start_thread+0x1f10/0x1f10 [ptlrpc]
00020  ? kthread_unuse_mm+0x130/0x130
00020  ? ret_from_fork+0x18c/0x520
00020  ? kthread_unuse_mm+0x130/0x130
00020  ? ret_from_fork_asm+0x11/0x20
00020  </TASK>
00020 ---[ end trace 0000000000000000 ]---
00020 ------------[ cut here ]------------
00020 WARNING: /home/ktest/git/linux/include/linux/fs.h:889 at osd_create+0x9cf/0xcf0 [osd_wbcfs], CPU#0: ll_ost00_004/1849
00020 Modules linked in: ofd(O) osp(O) mdd(O) lod(O) mdt(O) lquota(O) lfsck(O) mgs(O) osd_wbcfs(O) lustre(O) obdecho(O) mgc(O) mdc(O) lov(O) osc(O) lmv(O) ec(O) fid(O) fld(O) ptlrpc(O) efivarfs obdclass(O) ksocklnd(O) lnet(O) libcfs(O)
00020 CPU: 0 UID: 0 PID: 1849 Comm: ll_ost00_004 Tainted: G        W  O        7.0.0-ktest-6eb18a2-6330a45-20260928-dirty #1 PREEMPT 
00020 Tainted: [W]=WARN, [O]=OOT_MODULE
00020 Hardware name: QEMU Standard PC (Q35 + ICH9, 2009), BIOS 2025.11-3ubuntu7 03/31/2026
00020 RIP: 0010:osd_create+0x9cf/0xcf0 [osd_wbcfs]
00020 Code: c7 c7 00 96 7b a1 48 c7 c6 a0 12 7d a1 48 c7 c2 00 1c 7d a1 e8 52 f1 43 ff 48 c7 c7 00 96 7b a1 e8 46 81 44 ff e9 fe fc ff ff <0f> 0b e9 a5 fa ff ff 48 c7 c1 80 44 5d a0 80 e1 07 80 c1 03 38 c1
00020 RSP: 0018:ffffc90007daf878 EFLAGS: 00010246
00020 RAX: 0000000000000000 RBX: ffff88814b9d4000 RCX: 0000000000000046
00020 RDX: 0000000000000000 RSI: ffff8880403ec2a8 RDI: ffff88814a8289e8
00020 RBP: ffff8880403ec218 R08: ffffffff83a16803 R09: 1ffffffff0742d00
00020 R10: dffffc0000000000 R11: fffffbfff0742d01 R12: ffff88814803b030
00020 R13: dffffc0000000000 R14: 1ffff1102973a800 R15: 1ffff11029007642
00020 FS:  0000000000000000(0000) GS:ffff8881d4a29000(0000) knlGS:0000000000000000
00020 CS:  0010 DS: 0000 ES: 0000 CR0: 0000000080050033
00020 CR2: 00007f6e31c06780 CR3: 00000001263be000 CR4: 0000000000750eb0
00020 PKRU: 55555554
00020 Call Trace:
00020  <TASK>
00020  ? ofd_precreate_objects+0x1bd8/0x3220 [ofd]
00020  ? ofd_create_hdl+0x2015/0x3510 [ofd]
00020  ? tgt_request_handle+0x23ad/0x3d30 [ptlrpc]
00020  ? ptlrpc_main+0x6359/0x96f0 [ptlrpc]
00020  ? __kthread_parkme+0x73/0x130
00020  ? kthread+0x2cd/0x3a0
00020  ? ptlrpc_start_thread+0x1f10/0x1f10 [ptlrpc]
00020  ? kthread_unuse_mm+0x130/0x130
00020  ? ret_from_fork+0x18c/0x520
00020  ? kthread_unuse_mm+0x130/0x130
00020  ? ret_from_fork_asm+0x11/0x20
00020  </TASK>
00020 ---[ end trace 0000000000000000 ]---
00020 ------------[ cut here ]------------
00020 WARNING: /home/ktest/git/linux/include/linux/fs.h:889 at osd_create+0x9cf/0xcf0 [osd_wbcfs], CPU#0: ll_ost00_004/1849
00020 Modules linked in: ofd(O) osp(O) mdd(O) lod(O) mdt(O) lquota(O) lfsck(O) mgs(O) osd_wbcfs(O) lustre(O) obdecho(O) mgc(O) mdc(O) lov(O) osc(O) lmv(O) ec(O) fid(O) fld(O) ptlrpc(O) efivarfs obdclass(O) ksocklnd(O) lnet(O) libcfs(O)
00020 CPU: 0 UID: 0 PID: 1849 Comm: ll_ost00_004 Tainted: G        W  O        7.0.0-ktest-6eb18a2-6330a45-20260928-dirty #1 PREEMPT 
00020 Tainted: [W]=WARN, [O]=OOT_MODULE
00020 Hardware name: QEMU Standard PC (Q35 + ICH9, 2009), BIOS 2025.11-3ubuntu7 03/31/2026
00020 RIP: 0010:osd_create+0x9cf/0xcf0 [osd_wbcfs]
00020 Code: c7 c7 00 96 7b a1 48 c7 c6 a0 12 7d a1 48 c7 c2 00 1c 7d a1 e8 52 f1 43 ff 48 c7 c7 00 96 7b a1 e8 46 81 44 ff e9 fe fc ff ff <0f> 0b e9 a5 fa ff ff 48 c7 c1 80 44 5d a0 80 e1 07 80 c1 03 38 c1
00020 RSP: 0018:ffffc90007daf878 EFLAGS: 00010246
00020 RAX: 0000000000000000 RBX: ffff88814b9d7800 RCX: 0000000000000046
00020 RDX: 0000000000000000 RSI: ffff8880403ebb90 RDI: ffff88814a8289e8
00020 RBP: ffff8880403ebb00 R08: ffffffff83a16803 R09: 1ffffffff0742d00
00020 R10: dffffc0000000000 R11: fffffbfff0742d01 R12: ffff88814803b030
00020 R13: dffffc0000000000 R14: 1ffff1102973af00 R15: 1ffff11029007642
00020 FS:  0000000000000000(0000) GS:ffff8881d4a29000(0000) knlGS:0000000000000000
00020 CS:  0010 DS: 0000 ES: 0000 CR0: 0000000080050033
00020 CR2: 00007f6e31c06780 CR3: 00000001263be000 CR4: 0000000000750eb0
00020 PKRU: 55555554
00020 Call Trace:
00020  <TASK>
00020  ? ofd_precreate_objects+0x1bd8/0x3220 [ofd]
00020  ? ofd_create_hdl+0x2015/0x3510 [ofd]
00020  ? tgt_request_handle+0x23ad/0x3d30 [ptlrpc]
00020  ? ptlrpc_main+0x6359/0x96f0 [ptlrpc]
00020  ? __kthread_parkme+0x73/0x130
00020  ? kthread+0x2cd/0x3a0
00020  ? ptlrpc_start_thread+0x1f10/0x1f10 [ptlrpc]
00020  ? kthread_unuse_mm+0x130/0x130
00020  ? ret_from_fork+0x18c/0x520
00020  ? kthread_unuse_mm+0x130/0x130
00020  ? ret_from_fork_asm+0x11/0x20
00020  </TASK>
00020 ---[ end trace 0000000000000000 ]---
00020 ------------[ cut here ]------------
00020 WARNING: /home/ktest/git/linux/include/linux/fs.h:889 at osd_create+0x9cf/0xcf0 [osd_wbcfs], CPU#0: ll_ost00_004/1849
00020 Modules linked in: ofd(O) osp(O) mdd(O) lod(O) mdt(O) lquota(O) lfsck(O) mgs(O) osd_wbcfs(O) lustre(O) obdecho(O) mgc(O) mdc(O) lov(O) osc(O) lmv(O) ec(O) fid(O) fld(O) ptlrpc(O) efivarfs obdclass(O) ksocklnd(O) lnet(O) libcfs(O)
00020 CPU: 0 UID: 0 PID: 1849 Comm: ll_ost00_004 Tainted: G        W  O        7.0.0-ktest-6eb18a2-6330a45-20260928-dirty #1 PREEMPT 
00020 Tainted: [W]=WARN, [O]=OOT_MODULE
00020 Hardware name: QEMU Standard PC (Q35 + ICH9, 2009), BIOS 2025.11-3ubuntu7 03/31/2026
00020 RIP: 0010:osd_create+0x9cf/0xcf0 [osd_wbcfs]
00020 Code: c7 c7 00 96 7b a1 48 c7 c6 a0 12 7d a1 48 c7 c2 00 1c 7d a1 e8 52 f1 43 ff 48 c7 c7 00 96 7b a1 e8 46 81 44 ff e9 fe fc ff ff <0f> 0b e9 a5 fa ff ff 48 c7 c1 80 44 5d a0 80 e1 07 80 c1 03 38 c1
00020 RSP: 0018:ffffc90007daf878 EFLAGS: 00010246
00020 RAX: 0000000000000000 RBX: ffff88814b9d7400 RCX: 0000000000000046
00020 RDX: 0000000000000000 RSI: ffff8880403eb478 RDI: ffff88814a8289e8
00020 RBP: ffff8880403eb3e8 R08: ffffffff83a16803 R09: 1ffffffff0742d00
00020 R10: dffffc0000000000 R11: fffffbfff0742d01 R12: ffff88814803b030
00020 R13: dffffc0000000000 R14: 1ffff1102973ae80 R15: 1ffff11029007642
00020 FS:  0000000000000000(0000) GS:ffff8881d4a29000(0000) knlGS:0000000000000000
00020 CS:  0010 DS: 0000 ES: 0000 CR0: 0000000080050033
00020 CR2: 00007f6e31c06780 CR3: 00000001263be000 CR4: 0000000000750eb0
00020 PKRU: 55555554
00020 Call Trace:
00020  <TASK>
00020  ? ofd_precreate_objects+0x1bd8/0x3220 [ofd]
00020  ? ofd_create_hdl+0x2015/0x3510 [ofd]
00020  ? tgt_request_handle+0x23ad/0x3d30 [ptlrpc]
00020  ? ptlrpc_main+0x6359/0x96f0 [ptlrpc]
00020  ? __kthread_parkme+0x73/0x130
00020  ? kthread+0x2cd/0x3a0
00020  ? ptlrpc_start_thread+0x1f10/0x1f10 [ptlrpc]
00020  ? kthread_unuse_mm+0x130/0x130
00020  ? ret_from_fork+0x18c/0x520
00020  ? kthread_unuse_mm+0x130/0x130
00020  ? ret_from_fork_asm+0x11/0x20
00020  </TASK>
00020 ---[ end trace 0000000000000000 ]---
00020 ------------[ cut here ]------------
00020 WARNING: /home/ktest/git/linux/include/linux/fs.h:889 at osd_create+0x9cf/0xcf0 [osd_wbcfs], CPU#0: ll_ost00_004/1849
00020 Modules linked in: ofd(O) osp(O) mdd(O) lod(O) mdt(O) lquota(O) lfsck(O) mgs(O) osd_wbcfs(O) lustre(O) obdecho(O) mgc(O) mdc(O) lov(O) osc(O) lmv(O) ec(O) fid(O) fld(O) ptlrpc(O) efivarfs obdclass(O) ksocklnd(O) lnet(O) libcfs(O)
00020 CPU: 0 UID: 0 PID: 1849 Comm: ll_ost00_004 Tainted: G        W  O        7.0.0-ktest-6eb18a2-6330a45-20260928-dirty #1 PREEMPT 
00020 Tainted: [W]=WARN, [O]=OOT_MODULE
00020 Hardware name: QEMU Standard PC (Q35 + ICH9, 2009), BIOS 2025.11-3ubuntu7 03/31/2026
00020 RIP: 0010:osd_create+0x9cf/0xcf0 [osd_wbcfs]
00020 Code: c7 c7 00 96 7b a1 48 c7 c6 a0 12 7d a1 48 c7 c2 00 1c 7d a1 e8 52 f1 43 ff 48 c7 c7 00 96 7b a1 e8 46 81 44 ff e9 fe fc ff ff <0f> 0b e9 a5 fa ff ff 48 c7 c1 80 44 5d a0 80 e1 07 80 c1 03 38 c1
00020 RSP: 0018:ffffc90007daf878 EFLAGS: 00010246
00020 RAX: 0000000000000000 RBX: ffff88800613e000 RCX: 0000000000000046
00020 RDX: 0000000000000000 RSI: ffff8880403ead60 RDI: ffff88814a8289e8
00020 RBP: ffff8880403eacd0 R08: ffffffff83a16803 R09: 1ffffffff0742d00
00020 R10: dffffc0000000000 R11: fffffbfff0742d01 R12: ffff88814803b030
00020 R13: dffffc0000000000 R14: 1ffff11000c27c00 R15: 1ffff11029007642
00020 FS:  0000000000000000(0000) GS:ffff8881d4a29000(0000) knlGS:0000000000000000
00020 CS:  0010 DS: 0000 ES: 0000 CR0: 0000000080050033
00020 CR2: 00007f6e31c06780 CR3: 00000001263be000 CR4: 0000000000750eb0
00020 PKRU: 55555554
00020 Call Trace:
00020  <TASK>
00020  ? ofd_precreate_objects+0x1bd8/0x3220 [ofd]
00020  ? ofd_create_hdl+0x2015/0x3510 [ofd]
00020  ? tgt_request_handle+0x23ad/0x3d30 [ptlrpc]
00020  ? ptlrpc_main+0x6359/0x96f0 [ptlrpc]
00020  ? __kthread_parkme+0x73/0x130
00020  ? kthread+0x2cd/0x3a0
00020  ? ptlrpc_start_thread+0x1f10/0x1f10 [ptlrpc]
00020  ? kthread_unuse_mm+0x130/0x130
00020  ? ret_from_fork+0x18c/0x520
00020  ? kthread_unuse_mm+0x130/0x130
00020  ? ret_from_fork_asm+0x11/0x20
00020  </TASK>
00020 ---[ end trace 0000000000000000 ]---
00020 ------------[ cut here ]------------
00020 WARNING: /home/ktest/git/linux/include/linux/fs.h:889 at osd_create+0x9cf/0xcf0 [osd_wbcfs], CPU#0: ll_ost00_004/1849
00020 Modules linked in: ofd(O) osp(O) mdd(O) lod(O) mdt(O) lquota(O) lfsck(O) mgs(O) osd_wbcfs(O) lustre(O) obdecho(O) mgc(O) mdc(O) lov(O) osc(O) lmv(O) ec(O) fid(O) fld(O) ptlrpc(O) efivarfs obdclass(O) ksocklnd(O) lnet(O) libcfs(O)
00020 CPU: 0 UID: 0 PID: 1849 Comm: ll_ost00_004 Tainted: G        W  O        7.0.0-ktest-6eb18a2-6330a45-20260928-dirty #1 PREEMPT 
00020 Tainted: [W]=WARN, [O]=OOT_MODULE
00020 Hardware name: QEMU Standard PC (Q35 + ICH9, 2009), BIOS 2025.11-3ubuntu7 03/31/2026
00020 RIP: 0010:osd_create+0x9cf/0xcf0 [osd_wbcfs]
00020 Code: c7 c7 00 96 7b a1 48 c7 c6 a0 12 7d a1 48 c7 c2 00 1c 7d a1 e8 52 f1 43 ff 48 c7 c7 00 96 7b a1 e8 46 81 44 ff e9 fe fc ff ff <0f> 0b e9 a5 fa ff ff 48 c7 c1 80 44 5d a0 80 e1 07 80 c1 03 38 c1
00020 RSP: 0018:ffffc90007daf878 EFLAGS: 00010246
00020 RAX: 0000000000000000 RBX: ffff88800613cc00 RCX: 0000000000000046
00020 RDX: 0000000000000000 RSI: ffff8880403ea648 RDI: ffff88814a8289e8
00020 RBP: ffff8880403ea5b8 R08: ffffffff83a16803 R09: 1ffffffff0742d00
00020 R10: dffffc0000000000 R11: fffffbfff0742d01 R12: ffff88814803b030
00020 R13: dffffc0000000000 R14: 1ffff11000c27980 R15: 1ffff11029007642
00020 FS:  0000000000000000(0000) GS:ffff8881d4a29000(0000) knlGS:0000000000000000
00020 CS:  0010 DS: 0000 ES: 0000 CR0: 0000000080050033
00020 CR2: 00007f6e31c06780 CR3: 00000001263be000 CR4: 0000000000750eb0
00020 PKRU: 55555554
00020 Call Trace:
00020  <TASK>
00020  ? ofd_precreate_objects+0x1bd8/0x3220 [ofd]
00020  ? ofd_create_hdl+0x2015/0x3510 [ofd]
00020  ? tgt_request_handle+0x23ad/0x3d30 [ptlrpc]
00020  ? ptlrpc_main+0x6359/0x96f0 [ptlrpc]
00020  ? __kthread_parkme+0x73/0x130
00020  ? kthread+0x2cd/0x3a0
00020  ? ptlrpc_start_thread+0x1f10/0x1f10 [ptlrpc]
00020  ? kthread_unuse_mm+0x130/0x130
00020  ? ret_from_fork+0x18c/0x520
00020  ? kthread_unuse_mm+0x130/0x130
00020  ? ret_from_fork_asm+0x11/0x20
00020  </TASK>
00020 ---[ end trace 0000000000000000 ]---
00020 ------------[ cut here ]------------
00020 WARNING: /home/ktest/git/linux/include/linux/fs.h:889 at osd_create+0x9cf/0xcf0 [osd_wbcfs], CPU#0: ll_ost00_004/1849
00020 Modules linked in: ofd(O) osp(O) mdd(O) lod(O) mdt(O) lquota(O) lfsck(O) mgs(O) osd_wbcfs(O) lustre(O) obdecho(O) mgc(O) mdc(O) lov(O) osc(O) lmv(O) ec(O) fid(O) fld(O) ptlrpc(O) efivarfs obdclass(O) ksocklnd(O) lnet(O) libcfs(O)
00020 CPU: 0 UID: 0 PID: 1849 Comm: ll_ost00_004 Tainted: G        W  O        7.0.0-ktest-6eb18a2-6330a45-20260928-dirty #1 PREEMPT 
00020 Tainted: [W]=WARN, [O]=OOT_MODULE
00020 Hardware name: QEMU Standard PC (Q35 + ICH9, 2009), BIOS 2025.11-3ubuntu7 03/31/2026
00020 RIP: 0010:osd_create+0x9cf/0xcf0 [osd_wbcfs]
00020 Code: c7 c7 00 96 7b a1 48 c7 c6 a0 12 7d a1 48 c7 c2 00 1c 7d a1 e8 52 f1 43 ff 48 c7 c7 00 96 7b a1 e8 46 81 44 ff e9 fe fc ff ff <0f> 0b e9 a5 fa ff ff 48 c7 c1 80 44 5d a0 80 e1 07 80 c1 03 38 c1
00020 RSP: 0018:ffffc90007daf878 EFLAGS: 00010246
00020 RAX: 0000000000000000 RBX: ffff88800613c800 RCX: 0000000000000046
00020 RDX: 0000000000000000 RSI: ffff8880403e9f30 RDI: ffff88814a8289e8
00020 RBP: ffff8880403e9ea0 R08: ffffffff83a16803 R09: 1ffffffff0742d00
00020 R10: dffffc0000000000 R11: fffffbfff0742d01 R12: ffff88814803b030
00020 R13: dffffc0000000000 R14: 1ffff11000c27900 R15: 1ffff11029007642
00020 FS:  0000000000000000(0000) GS:ffff8881d4a29000(0000) knlGS:0000000000000000
00020 CS:  0010 DS: 0000 ES: 0000 CR0: 0000000080050033
00020 CR2: 00007f6e31c06780 CR3: 00000001263be000 CR4: 0000000000750eb0
00020 PKRU: 55555554
00020 Call Trace:
00020  <TASK>
00020  ? ofd_precreate_objects+0x1bd8/0x3220 [ofd]
00020  ? ofd_create_hdl+0x2015/0x3510 [ofd]
00020  ? tgt_request_handle+0x23ad/0x3d30 [ptlrpc]
00020  ? ptlrpc_main+0x6359/0x96f0 [ptlrpc]
00020  ? __kthread_parkme+0x73/0x130
00020  ? kthread+0x2cd/0x3a0
00020  ? ptlrpc_start_thread+0x1f10/0x1f10 [ptlrpc]
00020  ? kthread_unuse_mm+0x130/0x130
00020  ? ret_from_fork+0x18c/0x520
00020  ? kthread_unuse_mm+0x130/0x130
00020  ? ret_from_fork_asm+0x11/0x20
00020  </TASK>
00020 ---[ end trace 0000000000000000 ]---
00020 ------------[ cut here ]------------
00020 WARNING: /home/ktest/git/linux/include/linux/fs.h:889 at osd_create+0x9cf/0xcf0 [osd_wbcfs], CPU#0: ll_ost00_004/1849
00020 Modules linked in: ofd(O) osp(O) mdd(O) lod(O) mdt(O) lquota(O) lfsck(O) mgs(O) osd_wbcfs(O) lustre(O) obdecho(O) mgc(O) mdc(O) lov(O) osc(O) lmv(O) ec(O) fid(O) fld(O) ptlrpc(O) efivarfs obdclass(O) ksocklnd(O) lnet(O) libcfs(O)
00020 CPU: 0 UID: 0 PID: 1849 Comm: ll_ost00_004 Tainted: G        W  O        7.0.0-ktest-6eb18a2-6330a45-20260928-dirty #1 PREEMPT 
00020 Tainted: [W]=WARN, [O]=OOT_MODULE
00020 Hardware name: QEMU Standard PC (Q35 + ICH9, 2009), BIOS 2025.11-3ubuntu7 03/31/2026
00020 RIP: 0010:osd_create+0x9cf/0xcf0 [osd_wbcfs]
00020 Code: c7 c7 00 96 7b a1 48 c7 c6 a0 12 7d a1 48 c7 c2 00 1c 7d a1 e8 52 f1 43 ff 48 c7 c7 00 96 7b a1 e8 46 81 44 ff e9 fe fc ff ff <0f> 0b e9 a5 fa ff ff 48 c7 c1 80 44 5d a0 80 e1 07 80 c1 03 38 c1
00020 RSP: 0018:ffffc90007daf878 EFLAGS: 00010246
00020 RAX: 0000000000000000 RBX: ffff88814ba9c000 RCX: 0000000000000046
00020 RDX: 0000000000000000 RSI: ffff8880403e9818 RDI: ffff88814a8289e8
00020 RBP: ffff8880403e9788 R08: ffffffff83a16803 R09: 1ffffffff0742d00
00020 R10: dffffc0000000000 R11: fffffbfff0742d01 R12: ffff88814803b030
00020 R13: dffffc0000000000 R14: 1ffff11029753800 R15: 1ffff11029007642
00020 FS:  0000000000000000(0000) GS:ffff8881d4a29000(0000) knlGS:0000000000000000
00020 CS:  0010 DS: 0000 ES: 0000 CR0: 0000000080050033
00020 CR2: 00007f6e31c06780 CR3: 00000001263be000 CR4: 0000000000750eb0
00020 PKRU: 55555554
00020 Call Trace:
00020  <TASK>
00020  ? ofd_precreate_objects+0x1bd8/0x3220 [ofd]
00020  ? ofd_create_hdl+0x2015/0x3510 [ofd]
00020  ? tgt_request_handle+0x23ad/0x3d30 [ptlrpc]
00020  ? ptlrpc_main+0x6359/0x96f0 [ptlrpc]
00020  ? __kthread_parkme+0x73/0x130
00020  ? kthread+0x2cd/0x3a0
00020  ? ptlrpc_start_thread+0x1f10/0x1f10 [ptlrpc]
00020  ? kthread_unuse_mm+0x130/0x130
00020  ? ret_from_fork+0x18c/0x520
00020  ? kthread_unuse_mm+0x130/0x130
00020  ? ret_from_fork_asm+0x11/0x20
00020  </TASK>
00020 ---[ end trace 0000000000000000 ]---
00020 ------------[ cut here ]------------
00020 WARNING: /home/ktest/git/linux/include/linux/fs.h:889 at osd_create+0x9cf/0xcf0 [osd_wbcfs], CPU#0: ll_ost00_004/1849
00020 Modules linked in: ofd(O) osp(O) mdd(O) lod(O) mdt(O) lquota(O) lfsck(O) mgs(O) osd_wbcfs(O) lustre(O) obdecho(O) mgc(O) mdc(O) lov(O) osc(O) lmv(O) ec(O) fid(O) fld(O) ptlrpc(O) efivarfs obdclass(O) ksocklnd(O) lnet(O) libcfs(O)
00020 CPU: 0 UID: 0 PID: 1849 Comm: ll_ost00_004 Tainted: G        W  O        7.0.0-ktest-6eb18a2-6330a45-20260928-dirty #1 PREEMPT 
00020 Tainted: [W]=WARN, [O]=OOT_MODULE
00020 Hardware name: QEMU Standard PC (Q35 + ICH9, 2009), BIOS 2025.11-3ubuntu7 03/31/2026
00020 RIP: 0010:osd_create+0x9cf/0xcf0 [osd_wbcfs]
00020 Code: c7 c7 00 96 7b a1 48 c7 c6 a0 12 7d a1 48 c7 c2 00 1c 7d a1 e8 52 f1 43 ff 48 c7 c7 00 96 7b a1 e8 46 81 44 ff e9 fe fc ff ff <0f> 0b e9 a5 fa ff ff 48 c7 c1 80 44 5d a0 80 e1 07 80 c1 03 38 c1
00020 RSP: 0018:ffffc90007daf878 EFLAGS: 00010246
00020 RAX: 0000000000000000 RBX: ffff88814ba9f800 RCX: 0000000000000046
00020 RDX: 0000000000000000 RSI: ffff8880403e9100 RDI: ffff88814a8289e8
00020 RBP: ffff8880403e9070 R08: ffffffff83a16803 R09: 1ffffffff0742d00
00020 R10: dffffc0000000000 R11: fffffbfff0742d01 R12: ffff88814803b030
00020 R13: dffffc0000000000 R14: 1ffff11029753f00 R15: 1ffff11029007642
00020 FS:  0000000000000000(0000) GS:ffff8881d4a29000(0000) knlGS:0000000000000000
00020 CS:  0010 DS: 0000 ES: 0000 CR0: 0000000080050033
00020 CR2: 00007f6e31c06780 CR3: 00000001263be000 CR4: 0000000000750eb0
00020 PKRU: 55555554
00020 Call Trace:
00020  <TASK>
00020  ? ofd_precreate_objects+0x1bd8/0x3220 [ofd]
00020  ? ofd_create_hdl+0x2015/0x3510 [ofd]
00020  ? tgt_request_handle+0x23ad/0x3d30 [ptlrpc]
00020  ? ptlrpc_main+0x6359/0x96f0 [ptlrpc]
00020  ? __kthread_parkme+0x73/0x130
00020  ? kthread+0x2cd/0x3a0
00020  ? ptlrpc_start_thread+0x1f10/0x1f10 [ptlrpc]
00020  ? kthread_unuse_mm+0x130/0x130
00020  ? ret_from_fork+0x18c/0x520
00020  ? kthread_unuse_mm+0x130/0x130
00020  ? ret_from_fork_asm+0x11/0x20
00020  </TASK>
00020 ---[ end trace 0000000000000000 ]---
00020 ------------[ cut here ]------------
00020 WARNING: /home/ktest/git/linux/include/linux/fs.h:889 at osd_create+0x9cf/0xcf0 [osd_wbcfs], CPU#0: ll_ost00_004/1849
00020 Modules linked in: ofd(O) osp(O) mdd(O) lod(O) mdt(O) lquota(O) lfsck(O) mgs(O) osd_wbcfs(O) lustre(O) obdecho(O) mgc(O) mdc(O) lov(O) osc(O) lmv(O) ec(O) fid(O) fld(O) ptlrpc(O) efivarfs obdclass(O) ksocklnd(O) lnet(O) libcfs(O)
00020 CPU: 0 UID: 0 PID: 1849 Comm: ll_ost00_004 Tainted: G        W  O        7.0.0-ktest-6eb18a2-6330a45-20260928-dirty #1 PREEMPT 
00020 Tainted: [W]=WARN, [O]=OOT_MODULE
00020 Hardware name: QEMU Standard PC (Q35 + ICH9, 2009), BIOS 2025.11-3ubuntu7 03/31/2026
00020 RIP: 0010:osd_create+0x9cf/0xcf0 [osd_wbcfs]
00020 Code: c7 c7 00 96 7b a1 48 c7 c6 a0 12 7d a1 48 c7 c2 00 1c 7d a1 e8 52 f1 43 ff 48 c7 c7 00 96 7b a1 e8 46 81 44 ff e9 fe fc ff ff <0f> 0b e9 a5 fa ff ff 48 c7 c1 80 44 5d a0 80 e1 07 80 c1 03 38 c1
00020 RSP: 0018:ffffc90007daf878 EFLAGS: 00010246
00020 RAX: 0000000000000000 RBX: ffff88814aaabc00 RCX: 0000000000000046
00020 RDX: 0000000000000000 RSI: ffff8880403e89e8 RDI: ffff88814a8289e8
00020 RBP: ffff8880403e8958 R08: ffffffff83a16803 R09: 1ffffffff0742d00
00020 R10: dffffc0000000000 R11: fffffbfff0742d01 R12: ffff88814803b030
00020 R13: dffffc0000000000 R14: 1ffff11029555780 R15: 1ffff11029007642
00020 FS:  0000000000000000(0000) GS:ffff8881d4a29000(0000) knlGS:0000000000000000
00020 CS:  0010 DS: 0000 ES: 0000 CR0: 0000000080050033
00020 CR2: 00007f6e31c06780 CR3: 00000001263be000 CR4: 0000000000750eb0
00020 PKRU: 55555554
00020 Call Trace:
00020  <TASK>
00020  ? ofd_precreate_objects+0x1bd8/0x3220 [ofd]
00020  ? ofd_create_hdl+0x2015/0x3510 [ofd]
00020  ? tgt_request_handle+0x23ad/0x3d30 [ptlrpc]
00020  ? ptlrpc_main+0x6359/0x96f0 [ptlrpc]
00020  ? __kthread_parkme+0x73/0x130
00020  ? kthread+0x2cd/0x3a0
00020  ? ptlrpc_start_thread+0x1f10/0x1f10 [ptlrpc]
00020  ? kthread_unuse_mm+0x130/0x130
00020  ? ret_from_fork+0x18c/0x520
00020  ? kthread_unuse_mm+0x130/0x130
00020  ? ret_from_fork_asm+0x11/0x20
00020  </TASK>
00020 ---[ end trace 0000000000000000 ]---
00020 ------------[ cut here ]------------
00020 WARNING: /home/ktest/git/linux/include/linux/fs.h:889 at osd_create+0x9cf/0xcf0 [osd_wbcfs], CPU#0: ll_ost00_004/1849
00020 Modules linked in: ofd(O) osp(O) mdd(O) lod(O) mdt(O) lquota(O) lfsck(O) mgs(O) osd_wbcfs(O) lustre(O) obdecho(O) mgc(O) mdc(O) lov(O) osc(O) lmv(O) ec(O) fid(O) fld(O) ptlrpc(O) efivarfs obdclass(O) ksocklnd(O) lnet(O) libcfs(O)
00020 CPU: 0 UID: 0 PID: 1849 Comm: ll_ost00_004 Tainted: G        W  O        7.0.0-ktest-6eb18a2-6330a45-20260928-dirty #1 PREEMPT 
00020 Tainted: [W]=WARN, [O]=OOT_MODULE
00020 Hardware name: QEMU Standard PC (Q35 + ICH9, 2009), BIOS 2025.11-3ubuntu7 03/31/2026
00020 RIP: 0010:osd_create+0x9cf/0xcf0 [osd_wbcfs]
00020 Code: c7 c7 00 96 7b a1 48 c7 c6 a0 12 7d a1 48 c7 c2 00 1c 7d a1 e8 52 f1 43 ff 48 c7 c7 00 96 7b a1 e8 46 81 44 ff e9 fe fc ff ff <0f> 0b e9 a5 fa ff ff 48 c7 c1 80 44 5d a0 80 e1 07 80 c1 03 38 c1
00020 RSP: 0018:ffffc90007daf878 EFLAGS: 00010246
00020 RAX: 0000000000000000 RBX: ffff888125e3b000 RCX: 0000000000000046
00020 RDX: 0000000000000000 RSI: ffff8880403e82d0 RDI: ffff88814a8289e8
00020 RBP: ffff8880403e8240 R08: ffffffff83a16803 R09: 1ffffffff0742d00
00020 R10: dffffc0000000000 R11: fffffbfff0742d01 R12: ffff88814803b030
00020 R13: dffffc0000000000 R14: 1ffff11024bc7600 R15: 1ffff11029007642
00020 FS:  0000000000000000(0000) GS:ffff8881d4a29000(0000) knlGS:0000000000000000
00020 CS:  0010 DS: 0000 ES: 0000 CR0: 0000000080050033
00020 CR2: 00007f6e31c06780 CR3: 00000001263be000 CR4: 0000000000750eb0
00020 PKRU: 55555554
00020 Call Trace:
00020  <TASK>
00020  ? ofd_precreate_objects+0x1bd8/0x3220 [ofd]
00020  ? ofd_create_hdl+0x2015/0x3510 [ofd]
00020  ? tgt_request_handle+0x23ad/0x3d30 [ptlrpc]
00020  ? ptlrpc_main+0x6359/0x96f0 [ptlrpc]
00020  ? __kthread_parkme+0x73/0x130
00020  ? kthread+0x2cd/0x3a0
00020  ? ptlrpc_start_thread+0x1f10/0x1f10 [ptlrpc]
00020  ? kthread_unuse_mm+0x130/0x130
00020  ? ret_from_fork+0x18c/0x520
00020  ? kthread_unuse_mm+0x130/0x130
00020  ? ret_from_fork_asm+0x11/0x20
00020  </TASK>
00020 ---[ end trace 0000000000000000 ]---
00020 ------------[ cut here ]------------
00020 WARNING: /home/ktest/git/linux/include/linux/fs.h:889 at osd_create+0x9cf/0xcf0 [osd_wbcfs], CPU#0: ll_ost00_004/1849
00020 Modules linked in: ofd(O) osp(O) mdd(O) lod(O) mdt(O) lquota(O) lfsck(O) mgs(O) osd_wbcfs(O) lustre(O) obdecho(O) mgc(O) mdc(O) lov(O) osc(O) lmv(O) ec(O) fid(O) fld(O) ptlrpc(O) efivarfs obdclass(O) ksocklnd(O) lnet(O) libcfs(O)
00020 CPU: 0 UID: 0 PID: 1849 Comm: ll_ost00_004 Tainted: G        W  O        7.0.0-ktest-6eb18a2-6330a45-20260928-dirty #1 PREEMPT 
00020 Tainted: [W]=WARN, [O]=OOT_MODULE
00020 Hardware name: QEMU Standard PC (Q35 + ICH9, 2009), BIOS 2025.11-3ubuntu7 03/31/2026
00020 RIP: 0010:osd_create+0x9cf/0xcf0 [osd_wbcfs]
00020 Code: c7 c7 00 96 7b a1 48 c7 c6 a0 12 7d a1 48 c7 c2 00 1c 7d a1 e8 52 f1 43 ff 48 c7 c7 00 96 7b a1 e8 46 81 44 ff e9 fe fc ff ff <0f> 0b e9 a5 fa ff ff 48 c7 c1 80 44 5d a0 80 e1 07 80 c1 03 38 c1
00020 RSP: 0018:ffffc90007daf878 EFLAGS: 00010246
00020 RAX: 0000000000000000 RBX: ffff888125e3a000 RCX: 0000000000000046
00020 RDX: 0000000000000000 RSI: ffff8880403fa648 RDI: ffff88814a8289e8
00020 RBP: ffff8880403fa5b8 R08: ffffffff83a16803 R09: 1ffffffff0742d00
00020 R10: dffffc0000000000 R11: fffffbfff0742d01 R12: ffff88814803b030
00020 R13: dffffc0000000000 R14: 1ffff11024bc7400 R15: 1ffff11029007642
00020 FS:  0000000000000000(0000) GS:ffff8881d4a29000(0000) knlGS:0000000000000000
00020 CS:  0010 DS: 0000 ES: 0000 CR0: 0000000080050033
00020 CR2: 00007f6e31c06780 CR3: 00000001263be000 CR4: 0000000000750eb0
00020 PKRU: 55555554
00020 Call Trace:
00020  <TASK>
00020  ? ofd_precreate_objects+0x1bd8/0x3220 [ofd]
00020  ? ofd_create_hdl+0x2015/0x3510 [ofd]
00020  ? tgt_request_handle+0x23ad/0x3d30 [ptlrpc]
00020  ? ptlrpc_main+0x6359/0x96f0 [ptlrpc]
00020  ? __kthread_parkme+0x73/0x130
00020  ? kthread+0x2cd/0x3a0
00020  ? ptlrpc_start_thread+0x1f10/0x1f10 [ptlrpc]
00020  ? kthread_unuse_mm+0x130/0x130
00020  ? ret_from_fork+0x18c/0x520
00020  ? kthread_unuse_mm+0x130/0x130
00020  ? ret_from_fork_asm+0x11/0x20
00020  </TASK>
00020 ---[ end trace 0000000000000000 ]---
00020 ------------[ cut here ]------------
00020 WARNING: /home/ktest/git/linux/include/linux/fs.h:889 at osd_create+0x9cf/0xcf0 [osd_wbcfs], CPU#0: ll_ost00_004/1849
00020 Modules linked in: ofd(O) osp(O) mdd(O) lod(O) mdt(O) lquota(O) lfsck(O) mgs(O) osd_wbcfs(O) lustre(O) obdecho(O) mgc(O) mdc(O) lov(O) osc(O) lmv(O) ec(O) fid(O) fld(O) ptlrpc(O) efivarfs obdclass(O) ksocklnd(O) lnet(O) libcfs(O)
00020 CPU: 0 UID: 0 PID: 1849 Comm: ll_ost00_004 Tainted: G        W  O        7.0.0-ktest-6eb18a2-6330a45-20260928-dirty #1 PREEMPT 
00020 Tainted: [W]=WARN, [O]=OOT_MODULE
00020 Hardware name: QEMU Standard PC (Q35 + ICH9, 2009), BIOS 2025.11-3ubuntu7 03/31/2026
00020 RIP: 0010:osd_create+0x9cf/0xcf0 [osd_wbcfs]
00020 Code: c7 c7 00 96 7b a1 48 c7 c6 a0 12 7d a1 48 c7 c2 00 1c 7d a1 e8 52 f1 43 ff 48 c7 c7 00 96 7b a1 e8 46 81 44 ff e9 fe fc ff ff <0f> 0b e9 a5 fa ff ff 48 c7 c1 80 44 5d a0 80 e1 07 80 c1 03 38 c1
00020 RSP: 0018:ffffc90007daf878 EFLAGS: 00010246
00020 RAX: 0000000000000000 RBX: ffff888125e3bc00 RCX: 0000000000000046
00020 RDX: 0000000000000000 RSI: ffff8880403f9f30 RDI: ffff88814a8289e8
00020 RBP: ffff8880403f9ea0 R08: ffffffff83a16803 R09: 1ffffffff0742d00
00020 R10: dffffc0000000000 R11: fffffbfff0742d01 R12: ffff88814803b030
00020 R13: dffffc0000000000 R14: 1ffff11024bc7780 R15: 1ffff11029007642
00020 FS:  0000000000000000(0000) GS:ffff8881d4a29000(0000) knlGS:0000000000000000
00020 CS:  0010 DS: 0000 ES: 0000 CR0: 0000000080050033
00020 CR2: 00007f6e31c06780 CR3: 00000001263be000 CR4: 0000000000750eb0
00020 PKRU: 55555554
00020 Call Trace:
00020  <TASK>
00020  ? ofd_precreate_objects+0x1bd8/0x3220 [ofd]
00020  ? ofd_create_hdl+0x2015/0x3510 [ofd]
00020  ? tgt_request_handle+0x23ad/0x3d30 [ptlrpc]
00020  ? ptlrpc_main+0x6359/0x96f0 [ptlrpc]
00020  ? __kthread_parkme+0x73/0x130
00020  ? kthread+0x2cd/0x3a0
00020  ? ptlrpc_start_thread+0x1f10/0x1f10 [ptlrpc]
00020  ? kthread_unuse_mm+0x130/0x130
00020  ? ret_from_fork+0x18c/0x520
00020  ? kthread_unuse_mm+0x130/0x130
00020  ? ret_from_fork_asm+0x11/0x20
00020  </TASK>
00020 ---[ end trace 0000000000000000 ]---
00020 ------------[ cut here ]------------
00020 WARNING: /home/ktest/git/linux/include/linux/fs.h:889 at osd_create+0x9cf/0xcf0 [osd_wbcfs], CPU#0: ll_ost00_004/1849
00020 Modules linked in: ofd(O) osp(O) mdd(O) lod(O) mdt(O) lquota(O) lfsck(O) mgs(O) osd_wbcfs(O) lustre(O) obdecho(O) mgc(O) mdc(O) lov(O) osc(O) lmv(O) ec(O) fid(O) fld(O) ptlrpc(O) efivarfs obdclass(O) ksocklnd(O) lnet(O) libcfs(O)
00020 CPU: 0 UID: 0 PID: 1849 Comm: ll_ost00_004 Tainted: G        W  O        7.0.0-ktest-6eb18a2-6330a45-20260928-dirty #1 PREEMPT 
00020 Tainted: [W]=WARN, [O]=OOT_MODULE
00020 Hardware name: QEMU Standard PC (Q35 + ICH9, 2009), BIOS 2025.11-3ubuntu7 03/31/2026
00020 RIP: 0010:osd_create+0x9cf/0xcf0 [osd_wbcfs]
00020 Code: c7 c7 00 96 7b a1 48 c7 c6 a0 12 7d a1 48 c7 c2 00 1c 7d a1 e8 52 f1 43 ff 48 c7 c7 00 96 7b a1 e8 46 81 44 ff e9 fe fc ff ff <0f> 0b e9 a5 fa ff ff 48 c7 c1 80 44 5d a0 80 e1 07 80 c1 03 38 c1
00020 RSP: 0018:ffffc90007daf878 EFLAGS: 00010246
00020 RAX: 0000000000000000 RBX: ffff88806e076000 RCX: 0000000000000046
00020 RDX: 0000000000000000 RSI: ffff8880403f9818 RDI: ffff88814a8289e8
00020 RBP: ffff8880403f9788 R08: ffffffff83a16803 R09: 1ffffffff0742d00
00020 R10: dffffc0000000000 R11: fffffbfff0742d01 R12: ffff88814803b030
00020 R13: dffffc0000000000 R14: 1ffff1100dc0ec00 R15: 1ffff11029007642
00020 FS:  0000000000000000(0000) GS:ffff8881d4a29000(0000) knlGS:0000000000000000
00020 CS:  0010 DS: 0000 ES: 0000 CR0: 0000000080050033
00020 CR2: 00007f6e31c06780 CR3: 00000001263be000 CR4: 0000000000750eb0
00020 PKRU: 55555554
00020 Call Trace:
00020  <TASK>
00020  ? ofd_precreate_objects+0x1bd8/0x3220 [ofd]
00020  ? ofd_create_hdl+0x2015/0x3510 [ofd]
00020  ? tgt_request_handle+0x23ad/0x3d30 [ptlrpc]
00020  ? ptlrpc_main+0x6359/0x96f0 [ptlrpc]
00020  ? __kthread_parkme+0x73/0x130
00020  ? kthread+0x2cd/0x3a0
00020  ? ptlrpc_start_thread+0x1f10/0x1f10 [ptlrpc]
00020  ? kthread_unuse_mm+0x130/0x130
00020  ? ret_from_fork+0x18c/0x520
00020  ? kthread_unuse_mm+0x130/0x130
00020  ? ret_from_fork_asm+0x11/0x20
00020  </TASK>
00020 ---[ end trace 0000000000000000 ]---
00020 ------------[ cut here ]------------
00020 WARNING: /home/ktest/git/linux/include/linux/fs.h:889 at osd_create+0x9cf/0xcf0 [osd_wbcfs], CPU#0: ll_ost00_004/1849
00020 Modules linked in: ofd(O) osp(O) mdd(O) lod(O) mdt(O) lquota(O) lfsck(O) mgs(O) osd_wbcfs(O) lustre(O) obdecho(O) mgc(O) mdc(O) lov(O) osc(O) lmv(O) ec(O) fid(O) fld(O) ptlrpc(O) efivarfs obdclass(O) ksocklnd(O) lnet(O) libcfs(O)
00020 CPU: 0 UID: 0 PID: 1849 Comm: ll_ost00_004 Tainted: G        W  O        7.0.0-ktest-6eb18a2-6330a45-20260928-dirty #1 PREEMPT 
00020 Tainted: [W]=WARN, [O]=OOT_MODULE
00020 Hardware name: QEMU Standard PC (Q35 + ICH9, 2009), BIOS 2025.11-3ubuntu7 03/31/2026
00020 RIP: 0010:osd_create+0x9cf/0xcf0 [osd_wbcfs]
00020 Code: c7 c7 00 96 7b a1 48 c7 c6 a0 12 7d a1 48 c7 c2 00 1c 7d a1 e8 52 f1 43 ff 48 c7 c7 00 96 7b a1 e8 46 81 44 ff e9 fe fc ff ff <0f> 0b e9 a5 fa ff ff 48 c7 c1 80 44 5d a0 80 e1 07 80 c1 03 38 c1
00020 RSP: 0018:ffffc90007daf878 EFLAGS: 00010246
00020 RAX: 0000000000000000 RBX: ffff88806e075800 RCX: 0000000000000046
00020 RDX: 0000000000000000 RSI: ffff8880403f9100 RDI: ffff88814a8289e8
00020 RBP: ffff8880403f9070 R08: ffffffff83a16803 R09: 1ffffffff0742d00
00020 R10: dffffc0000000000 R11: fffffbfff0742d01 R12: ffff88814803b030
00020 R13: dffffc0000000000 R14: 1ffff1100dc0eb00 R15: 1ffff11029007642
00020 FS:  0000000000000000(0000) GS:ffff8881d4a29000(0000) knlGS:0000000000000000
00020 CS:  0010 DS: 0000 ES: 0000 CR0: 0000000080050033
00020 CR2: 00007f6e31c06780 CR3: 00000001263be000 CR4: 0000000000750eb0
00020 PKRU: 55555554
00020 Call Trace:
00020  <TASK>
00020  ? ofd_precreate_objects+0x1bd8/0x3220 [ofd]
00020  ? ofd_create_hdl+0x2015/0x3510 [ofd]
00020  ? tgt_request_handle+0x23ad/0x3d30 [ptlrpc]
00020  ? ptlrpc_main+0x6359/0x96f0 [ptlrpc]
00020  ? __kthread_parkme+0x73/0x130
00020  ? kthread+0x2cd/0x3a0
00020  ? ptlrpc_start_thread+0x1f10/0x1f10 [ptlrpc]
00020  ? kthread_unuse_mm+0x130/0x130
00020  ? ret_from_fork+0x18c/0x520
00020  ? kthread_unuse_mm+0x130/0x130
00020  ? ret_from_fork_asm+0x11/0x20
00020  </TASK>
00020 ---[ end trace 0000000000000000 ]---
00020 ------------[ cut here ]------------
00020 WARNING: /home/ktest/git/linux/include/linux/fs.h:889 at osd_create+0x9cf/0xcf0 [osd_wbcfs], CPU#0: ll_ost00_004/1849
00020 Modules linked in: ofd(O) osp(O) mdd(O) lod(O) mdt(O) lquota(O) lfsck(O) mgs(O) osd_wbcfs(O) lustre(O) obdecho(O) mgc(O) mdc(O) lov(O) osc(O) lmv(O) ec(O) fid(O) fld(O) ptlrpc(O) efivarfs obdclass(O) ksocklnd(O) lnet(O) libcfs(O)
00020 CPU: 0 UID: 0 PID: 1849 Comm: ll_ost00_004 Tainted: G        W  O        7.0.0-ktest-6eb18a2-6330a45-20260928-dirty #1 PREEMPT 
00020 Tainted: [W]=WARN, [O]=OOT_MODULE
00020 Hardware name: QEMU Standard PC (Q35 + ICH9, 2009), BIOS 2025.11-3ubuntu7 03/31/2026
00020 RIP: 0010:osd_create+0x9cf/0xcf0 [osd_wbcfs]
00020 Code: c7 c7 00 96 7b a1 48 c7 c6 a0 12 7d a1 48 c7 c2 00 1c 7d a1 e8 52 f1 43 ff 48 c7 c7 00 96 7b a1 e8 46 81 44 ff e9 fe fc ff ff <0f> 0b e9 a5 fa ff ff 48 c7 c1 80 44 5d a0 80 e1 07 80 c1 03 38 c1
00020 RSP: 0018:ffffc90007daf878 EFLAGS: 00010246
00020 RAX: 0000000000000000 RBX: ffff88806e074800 RCX: 0000000000000046
00020 RDX: 0000000000000000 RSI: ffff8880403f89e8 RDI: ffff88814a8289e8
00020 RBP: ffff8880403f8958 R08: ffffffff83a16803 R09: 1ffffffff0742d00
00020 R10: dffffc0000000000 R11: fffffbfff0742d01 R12: ffff88814803b030
00020 R13: dffffc0000000000 R14: 1ffff1100dc0e900 R15: 1ffff11029007642
00020 FS:  0000000000000000(0000) GS:ffff8881d4a29000(0000) knlGS:0000000000000000
00020 CS:  0010 DS: 0000 ES: 0000 CR0: 0000000080050033
00020 CR2: 00007f6e31c06780 CR3: 00000001263be000 CR4: 0000000000750eb0
00020 PKRU: 55555554
00020 Call Trace:
00020  <TASK>
00020  ? ofd_precreate_objects+0x1bd8/0x3220 [ofd]
00020  ? ofd_create_hdl+0x2015/0x3510 [ofd]
00020  ? tgt_request_handle+0x23ad/0x3d30 [ptlrpc]
00020  ? ptlrpc_main+0x6359/0x96f0 [ptlrpc]
00020  ? __kthread_parkme+0x73/0x130
00020  ? kthread+0x2cd/0x3a0
00020  ? ptlrpc_start_thread+0x1f10/0x1f10 [ptlrpc]
00020  ? kthread_unuse_mm+0x130/0x130
00020  ? ret_from_fork+0x18c/0x520
00020  ? kthread_unuse_mm+0x130/0x130
00020  ? ret_from_fork_asm+0x11/0x20
00020  </TASK>
00020 ---[ end trace 0000000000000000 ]---
00039 Lustre: lustre-MDT0000: local client 802254bf-914c-439c-8065-d112205e6a5e w/o recovery
00039 Lustre: client wants to enable acl, but mdt not!
00039 Lustre: Mounted lustre-client
00039 lustre-ktest (1734) used greatest stack depth: 24216 bytes left
00039 31s
00040 /host/home/ktest/git/lustre-release/lustre/tests/test-framework.sh: line 6933: cd: HOME not set
00040 /host/home/ktest/git/lustre-release/lustre/tests/test-framework.sh: line 6933: cd: HOME not set
00040 /host/home/ktest/git/lustre-release/lustre/tests/test-framework.sh: line 6933: cd: HOME not set
00041 MGS_OS_VERSION_ID=24.04
00041 MGS_OS_ID=ubuntu
00041 MGS_OS_VERSION_CODE=402915328
00041 MGS_OS_ID_LIKE=debian ubuntu
00041 MDS1_OS_ID=ubuntu
00041 MDS1_OS_VERSION_CODE=402915328
00041 MDS1_OS_ID_LIKE=debian ubuntu
00041 MDS1_OS_VERSION_ID=24.04
00041 OST1_OS_VERSION_ID=24.04
00041 OST1_OS_VERSION_CODE=402915328
00041 OST1_OS_ID=ubuntu
00041 OST1_OS_ID_LIKE=debian ubuntu
00042 CLIENT_OS_VERSION_ID=24.04
00042 CLIENT_OS_ID_LIKE=debian ubuntu
00042 CLIENT_OS_ID=ubuntu
00042 CLIENT_OS_VERSION_CODE=402915328
00042 Started at Mon Sep 28 23:30:31 UTC 2026
00043 localhost.localdomain: executing check_logdir /tmp/test_logs/2026-09-28/233028
00043 Lustre: DEBUG MARKER: localhost.localdomain: executing check_logdir /tmp/test_logs/2026-09-28/233028
00043 Logging to shared log directory: /tmp/test_logs/2026-09-28/233028
00044 localhost.localdomain: executing yml_node
00044 Lustre: DEBUG MARKER: localhost.localdomain: executing yml_node
00045 Client: 2.17.54
00045 Lustre: DEBUG MARKER: Client: 2.17.54
00045 MDS: 2.17.54
00045 Lustre: DEBUG MARKER: MDS: 2.17.54
00045 OSS: 2.17.54
00045 Lustre: DEBUG MARKER: OSS: 2.17.54
00045 running: sanity ONLY=0a 0b 0c 0d 0e 1 2 3 4 5 
00046 run_suite sanity /host/home/ktest/git/lustre-release/lustre/tests/sanity.sh
00046 -----============= acceptance-small: sanity ============----- Mon Sep 28 23:30:34 UTC 2026
00046 Lustre: DEBUG MARKER: -----============= acceptance-small: sanity ============----- Mon Sep 28 23:30:34 UTC 2026
00046 Running: bash /host/home/ktest/git/lustre-release/lustre/tests/sanity.sh
00047 MGS_OS_VERSION_ID=24.04
00047 MGS_OS_ID=ubuntu
00047 MGS_OS_VERSION_CODE=402915328
00047 MGS_OS_ID_LIKE=debian ubuntu
00047 MDS1_OS_ID=ubuntu
00047 MDS1_OS_VERSION_CODE=402915328
00047 MDS1_OS_ID_LIKE=debian ubuntu
00047 MDS1_OS_VERSION_ID=24.04
00047 OST1_OS_VERSION_ID=24.04
00047 OST1_OS_VERSION_CODE=402915328
00047 OST1_OS_ID=ubuntu
00047 OST1_OS_ID_LIKE=debian ubuntu
00047 CLIENT_OS_VERSION_ID=24.04
00047 CLIENT_OS_ID_LIKE=debian ubuntu
00047 CLIENT_OS_ID=ubuntu
00047 CLIENT_OS_VERSION_CODE=402915328
00048 localhost.localdomain: /host/home/ktest/git/lustre-release/lustre/tests/except/sanity.56aa.ex
00048 localhost.localdomain: /host/home/ktest/git/lustre-release/lustre/tests/except/sanity.ex
00048 - see CLIENT_VERSION > v2_15_63-134-gdacc4b6d38 (34682368 > 34553734) for LU-15963, go 312
00048 - see CLIENT_VERSION > v2_15_63-239-gab4ede45b4 (34682368 > 34553839) for LU-17856, go 56wa 56xe
00048 - see CLIENT_VERSION > v2_16_54-54-ga2e3a2f5a3 (34682368 > 34616886) for LU-14590, go 0d
00048 - see CLIENT_VERSION >= v2_15_7-16-gab522d54ad (34682368 >= 34539280) for LU-16203, go 60i
00048 - see CLIENT_VERSION >= v2_17_50-196-g63ee4af3bb (34682368 >= 34681540) for LU-19620, go 60b
00048 - see CLIENT_VERSION >= v2_17_50-34-g089f438ba9 (34682368 >= 34681378) for LU-19692, go 77k
00048 - see CLIENT_VERSION >= v2_17_50-71-g2cbe29c282 (34682368 >= 34681415) for LU-19644, go 150ib
00048 - see CLIENT_VERSION >= v2_17_51-74 (34682368 >= 34681674) for LU-20010, go 56aa
00048 - need MDS1_VERSION < v2_14_55-100-g8a84c7f9c7 (34682368 < 34486116) for LU-14927, skip 0f
00048 Lustre: DEBUG MARKER: - need MDS1_VERSION < v2_14_55-100-g8a84c7f9c7 (34682368 < 34486116) for LU-14927, skip 0f
00048 - need MDS1_VERSION <= 2.16.61-1-g89cf292a8c2 (34682368 <= 34618625) for LU-18938, skip 360
00048 Lustre: DEBUG MARKER: - need MDS1_VERSION <= 2.16.61-1-g89cf292a8c2 (34682368 <= 34618625) for LU-18938, skip 360
00048 - see MDS1_VERSION <= CLIENT_VERSION (34682368 <= 34682368) for LU-18562, go 270a
00048 - need OST1_VERSION < v2_17_50-410-gbd8e7b9555 (34682368 < 34681754) for LU-12550, skip 216
00048 Lustre: DEBUG MARKER: - need OST1_VERSION < v2_17_50-410-gbd8e7b9555 (34682368 < 34681754) for LU-12550, skip 216
00048 excepting tests: 442 460d 600a 600b 600c 600d_base 600d 801a 801b 801c 802b 802c 803a 803b 804 805 806 807a 807b 808 809 810 812a 812b 812c 813 814 815 816 817 818 819a 819b 820 823 831 832 833 834 842 850 851 852 853 854 855 860 900 901 902 903 904 905 906 907 908a 908b 909 910 911 920 42a 42c 42b 118c 118d 407 119i 216 817 0f 27A 53 66 270a 119e 119f 119g 119h 156 17o 27oo 27z 27F 60a 64i 232 257 278 280 427 801c 818 820 17a 17b 17e 17g 17i 17p 21 25a 25b 26a 26c 26d 26e 26f 27ga 27Q 28 32e 32f 32g 32h 32m 32n 32o 32p 48a 54a 54c 54d 56l 56m 56n 56rd 56xb 56Eb 56eg 56eh 56ei 133a 140 170b 162a 226a 27p 27q 34a 31g 31l 31m 36g 44f 130a 130b 130c 130d 130e 130i 430a 51b 56ab 81b 220 413 418 806 52a 52b 102a 102h 102i 102r 102t 154B 154f 154g 160 161c 161d 205a 65k 807 808 812 56 65e 65a 406 205h 208 165 224d 226d 255 258 272 275 277 311 410 414 419 831 313 314 315 317 200 350 398 399 403 404 408 432 433 398a 405 411 421 27Cg 27U 422 424 425 426 428 429 434 442 430b 430c 431 814 833 850 801a 801b 802b 810 812b 842 851 901 903
00049 Lustre: DEBUG MARKER: excepting tests: 442 460d 600a 600b 600c 600d_base 600d 801a 801b 801c 802b 802c 803a 803b 804 805 806 807a 807b 808 809 810 812a 812b 812c 813 814 815 816 817 818 819a 819b 820 823 831 832 833 834 842 850 851 852 853 854 855 860 900 901 902 903 904 905 9
00049 skipping tests SLOW=no: 27m 60i 64b 68 71 135 136 230d 300o 842
00049 Lustre: DEBUG MARKER: skipping tests SLOW=no: 27m 60i 64b 68 71 135 136 230d 300o 842
00049 running as uid/gid/euid/egid 1000/1000/1000/1000, groups: 1000
00049  [true]
00049 ------------[ cut here ]------------
00049 WARNING: /home/ktest/git/linux/include/linux/fs.h:889 at osd_create+0x9cf/0xcf0 [osd_wbcfs], CPU#3: mdt00_000/1754
00049 Modules linked in: ofd(O) osp(O) mdd(O) lod(O) mdt(O) lquota(O) lfsck(O) mgs(O) osd_wbcfs(O) lustre(O) obdecho(O) mgc(O) mdc(O) lov(O) osc(O) lmv(O) ec(O) fid(O) fld(O) ptlrpc(O) efivarfs obdclass(O) ksocklnd(O) lnet(O) libcfs(O)
00049 CPU: 3 UID: 0 PID: 1754 Comm: mdt00_000 Tainted: G        W  O        7.0.0-ktest-6eb18a2-6330a45-20260928-dirty #1 PREEMPT 
00049 Tainted: [W]=WARN, [O]=OOT_MODULE
00049 Hardware name: QEMU Standard PC (Q35 + ICH9, 2009), BIOS 2025.11-3ubuntu7 03/31/2026
00049 RIP: 0010:osd_create+0x9cf/0xcf0 [osd_wbcfs]
00049 Code: c7 c7 00 96 7b a1 48 c7 c6 a0 12 7d a1 48 c7 c2 00 1c 7d a1 e8 52 f1 43 ff 48 c7 c7 00 96 7b a1 e8 46 81 44 ff e9 fe fc ff ff <0f> 0b e9 a5 fa ff ff 48 c7 c1 80 44 5d a0 80 e1 07 80 c1 03 38 c1
00049 RSP: 0018:ffffc900012475a8 EFLAGS: 00010246
00049 RAX: 0000000000000000 RBX: ffff888105dc6800 RCX: 0000000000000046
00049 RDX: 0000000000000000 RSI: ffff88814bffdf08 RDI: ffff88803da7cb18
00049 RBP: ffff88814bffde78 R08: ffffffff83a16803 R09: 1ffffffff0742d00
00049 R10: dffffc0000000000 R11: fffffbfff0742d01 R12: ffff8881057102c8
00049 R13: dffffc0000000000 R14: 1ffff11020bb8d00 R15: 1ffff110093f0ec8
00049 FS:  0000000000000000(0000) GS:ffff8881d4ba9000(0000) knlGS:0000000000000000
00049 CS:  0010 DS: 0000 ES: 0000 CR0: 0000000080050033
00049 CR2: 00007fcd9010e190 CR3: 000000014a082000 CR4: 0000000000750eb0
00049 PKRU: 55555554
00049 Call Trace:
00049  <TASK>
00049  ? lod_sub_create+0x168a/0x1940 [lod]
00049  ? __lock_acquire+0x73/0x620
00049  ? dt_write_lock+0x16d/0x2a0 [obdclass]
00049  ? lod_create+0x10d/0x720 [lod]
00049  ? mdd_create_object_internal+0x18f/0x320 [mdd]
00049  ? mdd_create_object+0xab/0x1ce0 [mdd]
00049  ? mdd_create+0x202b/0x4110 [mdd]
00049  ? mdt_reint_create+0x2761/0x4e70 [mdt]
00049  ? mdt_reint_rec+0x10f/0x530 [mdt]
00049  ? mdt_reint_internal+0x9d5/0x11a0 [mdt]
00049  ? tsi2mdt_info+0x319/0x520 [mdt]
00049  ? mdt_reint+0x115/0x270 [mdt]
00049  ? tgt_request_handle+0x23ad/0x3d30 [ptlrpc]
00049  ? ptlrpc_main+0x6359/0x96f0 [ptlrpc]
00049  ? __kthread_parkme+0x73/0x130
00049  ? kthread+0x2cd/0x3a0
00049  ? ptlrpc_start_thread+0x1f10/0x1f10 [ptlrpc]
00049  ? kthread_unuse_mm+0x130/0x130
00049  ? ret_from_fork+0x18c/0x520
00049  ? kthread_unuse_mm+0x130/0x130
00049  ? ret_from_fork_asm+0x11/0x20
00049  </TASK>
00049 ---[ end trace 0000000000000000 ]---
00049 ------------[ cut here ]------------
00049 WARNING: /home/ktest/git/linux/include/linux/fs.h:889 at ll_iget+0x592/0x850 [lustre], CPU#2: mkdir/3070
00049 Modules linked in: ofd(O) osp(O) mdd(O) lod(O) mdt(O) lquota(O) lfsck(O) mgs(O) osd_wbcfs(O) lustre(O) obdecho(O) mgc(O) mdc(O) lov(O) osc(O) lmv(O) ec(O) fid(O) fld(O) ptlrpc(O) efivarfs obdclass(O) ksocklnd(O) lnet(O) libcfs(O)
00049 CPU: 2 UID: 0 PID: 3070 Comm: mkdir Tainted: G        W  O        7.0.0-ktest-6eb18a2-6330a45-20260928-dirty #1 PREEMPT 
00049 Tainted: [W]=WARN, [O]=OOT_MODULE
00049 Hardware name: QEMU Standard PC (Q35 + ICH9, 2009), BIOS 2025.11-3ubuntu7 03/31/2026
00049 RIP: 0010:ll_iget+0x592/0x850 [lustre]
00049 Code: 48 c7 c6 40 52 76 a1 48 c7 c2 80 52 76 a1 e8 45 76 d4 fe 48 c7 c7 80 d7 a6 a1 e8 39 06 d5 fe 48 89 df 4c 89 fe e9 34 fb ff ff <0f> 0b e9 89 fb ff ff 0f 0b e9 f0 fc ff ff 48 c7 c1 80 44 5d a0 80
00049 RSP: 0018:ffffc900093bf9f0 EFLAGS: 00010246
00049 RAX: 0000000000000000 RBX: ffff8880398be500 RCX: 0000000000000046
00049 RDX: 0000000000000000 RSI: ffff8880398be590 RDI: ffff88803bea2a58
00049 RBP: ffff88805245b000 R08: ffff88803d45e883 R09: 1ffff11007a8bd10
00049 R10: dffffc0000000000 R11: ffffed1007a8bd11 R12: dffffc0000000000
00049 R13: dffffc0000000000 R14: ffffc900093bfaa8 R15: 0000000200000402
00049 FS:  00007feaab8a8d00(0000) GS:ffff8881d4b29000(0000) knlGS:0000000000000000
00049 CS:  0010 DS: 0000 ES: 0000 CR0: 0000000080050033
00049 CR2: 00007feaab6f5ad0 CR3: 0000000105753000 CR4: 0000000000750eb0
00049 PKRU: 55555554
00049 Call Trace:
00049  <TASK>
00049  ll_prep_inode+0x682/0x1310 [lustre]
00049  ll_new_node_finish+0x179/0x930 [lustre]
00049  ll_new_node+0xd7f/0x1740 [lustre]
00049  ? ll_mkdir+0xf5/0xf10 [lustre]
00049  ll_mkdir+0x44e/0xf10 [lustre]
00049  vfs_mkdir+0x3c0/0x630
00049  filename_mkdirat+0x14c/0x300
00049  __x64_sys_mkdir+0x74/0x140
00049  do_syscall_64+0xc1/0x350
00049  entry_SYSCALL_64_after_hwframe+0x4b/0x53
00049 RIP: 0033:0x7feaab71b2fb
00049 Code: 0f 1e fa 48 89 f2 b9 00 01 00 00 48 89 fe bf 9c ff ff ff e9 97 c3 ff ff 0f 1f 80 00 00 00 00 f3 0f 1e fa b8 53 00 00 00 0f 05 <48> 3d 00 f0 ff ff 77 05 c3 0f 1f 40 00 48 8b 15 e9 8a 0e 00 f7 d8
00049 RSP: 002b:00007ffd223a65c8 EFLAGS: 00000246 ORIG_RAX: 0000000000000053
00049 RAX: ffffffffffffffda RBX: 00007ffd223a7869 RCX: 00007feaab71b2fb
00049 RDX: 0000000000000000 RSI: 00000000000001ff RDI: 00007ffd223a7869
00049 RBP: 00007ffd223a66e0 R08: 00000000000001ff R09: 0000000000000000
00049 R10: 0000564a3b0f727e R11: 0000000000000246 R12: 00000000000001ff
00049 R13: 0000000000000000 R14: 0000000000000000 R15: 0000000000000000
00049  </TASK>
00049 ---[ end trace 0000000000000000 ]---
00049 ------------[ cut here ]------------
00049 WARNING: /home/ktest/git/linux/include/linux/fs.h:889 at ll_iget+0x592/0x850 [lustre], CPU#0: chown/3072
00049 Modules linked in: ofd(O) osp(O) mdd(O) lod(O) mdt(O) lquota(O) lfsck(O) mgs(O) osd_wbcfs(O) lustre(O) obdecho(O) mgc(O) mdc(O) lov(O) osc(O) lmv(O) ec(O) fid(O) fld(O) ptlrpc(O) efivarfs obdclass(O) ksocklnd(O) lnet(O) libcfs(O)
00049 CPU: 0 UID: 0 PID: 3072 Comm: chown Tainted: G        W  O        7.0.0-ktest-6eb18a2-6330a45-20260928-dirty #1 PREEMPT 
00049 Tainted: [W]=WARN, [O]=OOT_MODULE
00049 Hardware name: QEMU Standard PC (Q35 + ICH9, 2009), BIOS 2025.11-3ubuntu7 03/31/2026
00049 RIP: 0010:ll_iget+0x592/0x850 [lustre]
00049 Code: 48 c7 c6 40 52 76 a1 48 c7 c2 80 52 76 a1 e8 45 76 d4 fe 48 c7 c7 80 d7 a6 a1 e8 39 06 d5 fe 48 89 df 4c 89 fe e9 34 fb ff ff <0f> 0b e9 89 fb ff ff 0f 0b e9 f0 fc ff ff 48 c7 c1 80 44 5d a0 80
00049 RSP: 0018:ffffc900093df6d8 EFLAGS: 00010246
00049 RAX: 0000000000000000 RBX: ffff8880398be500 RCX: 0000000000000046
00049 RDX: 0000000000000000 RSI: ffff8880398be590 RDI: ffff88812827caf0
00049 RBP: ffff88805245b000 R08: ffffffff83a16803 R09: 1ffffffff0742d00
00049 R10: dffffc0000000000 R11: fffffbfff0742d01 R12: dffffc0000000000
00049 R13: dffffc0000000000 R14: ffffc900093df790 R15: 0000000200000402
00049 FS:  00007f478639e740(0000) GS:ffff8881d4a29000(0000) knlGS:0000000000000000
00049 CS:  0010 DS: 0000 ES: 0000 CR0: 0000000080050033
00049 CR2: 00005600c79a53c8 CR3: 0000000125488000 CR4: 0000000000750eb0
00049 PKRU: 55555554
00049 Call Trace:
00049  <TASK>
00049  ll_prep_inode+0x682/0x1310 [lustre]
00049  ? lustre_swab_barrier_lvb+0xd0/0xd0 [ptlrpc]
00049  ll_lookup_it+0x168c/0x4650 [lustre]
00049  ll_lookup_nd+0x2a7/0x4f0 [lustre]
00049  __lookup_slow+0x1a2/0x260
00049  lookup_slow+0x53/0x70
00049  path_lookupat+0x2d0/0x6d0
00049  filename_lookup+0x18f/0x340
00049  vfs_statx+0x6a/0x3c0
00049  ? do_getname+0xb3/0x190
00049  vfs_fstatat+0xa6/0xd0
00049  __x64_sys_newfstatat+0xb2/0x2c0
00049  ? kmem_cache_free+0x39f/0x580
00049  ? fpregs_assert_state_consistent+0x4f/0xe0
00049  do_syscall_64+0xc1/0x350
00049  entry_SYSCALL_64_after_hwframe+0x4b/0x53
00049 RIP: 0033:0x7f478611768e
00049 Code: 0f 1f 40 00 48 8b 15 89 c7 0e 00 f7 d8 64 89 02 b8 ff ff ff ff c3 66 0f 1f 44 00 00 f3 0f 1e fa 41 89 ca b8 06 01 00 00 0f 05 <3d> 00 f0 ff ff 77 0b 31 c0 c3 0f 1f 84 00 00 00 00 00 48 8b 15 51
00049 RSP: 002b:00007fffa4e5fba8 EFLAGS: 00000246 ORIG_RAX: 0000000000000106
00049 RAX: ffffffffffffffda RBX: 00005600c79a5730 RCX: 00007f478611768e
00049 RDX: 00005600c79a57a0 RSI: 00005600c79a5830 RDI: 00000000ffffff9c
00049 RBP: 00007fffa4e5fbd0 R08: 00007f4786204b20 R09: 0000000000000130
00049 R10: 0000000000000100 R11: 0000000000000246 R12: 00005600c79a57a0
00049 R13: 00005600c79a4480 R14: 0000000000000000 R15: 00007fffa4e61869
00049  </TASK>
00049 ---[ end trace 0000000000000000 ]---
00049 ------------[ cut here ]------------
00049 WARNING: /home/ktest/git/linux/include/linux/fs.h:889 at ll_iget+0x599/0x850 [lustre], CPU#0: chown/3072
00049 Modules linked in: ofd(O) osp(O) mdd(O) lod(O) mdt(O) lquota(O) lfsck(O) mgs(O) osd_wbcfs(O) lustre(O) obdecho(O) mgc(O) mdc(O) lov(O) osc(O) lmv(O) ec(O) fid(O) fld(O) ptlrpc(O) efivarfs obdclass(O) ksocklnd(O) lnet(O) libcfs(O)
00049 CPU: 0 UID: 0 PID: 3072 Comm: chown Tainted: G        W  O        7.0.0-ktest-6eb18a2-6330a45-20260928-dirty #1 PREEMPT 
00049 Tainted: [W]=WARN, [O]=OOT_MODULE
00049 Hardware name: QEMU Standard PC (Q35 + ICH9, 2009), BIOS 2025.11-3ubuntu7 03/31/2026
00049 RIP: 0010:ll_iget+0x599/0x850 [lustre]
00049 Code: 48 c7 c2 80 52 76 a1 e8 45 76 d4 fe 48 c7 c7 80 d7 a6 a1 e8 39 06 d5 fe 48 89 df 4c 89 fe e9 34 fb ff ff 0f 0b e9 89 fb ff ff <0f> 0b e9 f0 fc ff ff 48 c7 c1 80 44 5d a0 80 e1 07 80 c1 03 38 c1
00049 RSP: 0018:ffffc900093df6d8 EFLAGS: 00010246
00049 RAX: 0000000000000000 RBX: ffff8880398be500 RCX: 0000000000000046
00049 RDX: 0000000000000000 RSI: ffff8880398be590 RDI: ffff88812827caf0
00049 RBP: ffff88805245b000 R08: ffffffff83a16803 R09: 1ffffffff0742d00
00049 R10: dffffc0000000000 R11: fffffbfff0742d01 R12: dffffc0000000000
00049 R13: 1ffff11007317cb9 R14: ffffc900093df790 R15: ffff8880398be5c8
00049 FS:  00007f478639e740(0000) GS:ffff8881d4a29000(0000) knlGS:0000000000000000
00049 CS:  0010 DS: 0000 ES: 0000 CR0: 0000000080050033
00049 CR2: 00005600c79a53c8 CR3: 0000000125488000 CR4: 0000000000750eb0
00049 PKRU: 55555554
00049 Call Trace:
00049  <TASK>
00049  ll_prep_inode+0x682/0x1310 [lustre]
00049  ? lustre_swab_barrier_lvb+0xd0/0xd0 [ptlrpc]
00049  ll_lookup_it+0x168c/0x4650 [lustre]
00049  ll_lookup_nd+0x2a7/0x4f0 [lustre]
00049  __lookup_slow+0x1a2/0x260
00049  lookup_slow+0x53/0x70
00049  path_lookupat+0x2d0/0x6d0
00049  filename_lookup+0x18f/0x340
00049  vfs_statx+0x6a/0x3c0
00049  ? do_getname+0xb3/0x190
00049  vfs_fstatat+0xa6/0xd0
00049  __x64_sys_newfstatat+0xb2/0x2c0
00049  ? kmem_cache_free+0x39f/0x580
00049  ? fpregs_assert_state_consistent+0x4f/0xe0
00049  do_syscall_64+0xc1/0x350
00049  entry_SYSCALL_64_after_hwframe+0x4b/0x53
00049 RIP: 0033:0x7f478611768e
00049 Code: 0f 1f 40 00 48 8b 15 89 c7 0e 00 f7 d8 64 89 02 b8 ff ff ff ff c3 66 0f 1f 44 00 00 f3 0f 1e fa 41 89 ca b8 06 01 00 00 0f 05 <3d> 00 f0 ff ff 77 0b 31 c0 c3 0f 1f 84 00 00 00 00 00 48 8b 15 51
00049 RSP: 002b:00007fffa4e5fba8 EFLAGS: 00000246 ORIG_RAX: 0000000000000106
00049 RAX: ffffffffffffffda RBX: 00005600c79a5730 RCX: 00007f478611768e
00049 RDX: 00005600c79a57a0 RSI: 00005600c79a5830 RDI: 00000000ffffff9c
00049 RBP: 00007fffa4e5fbd0 R08: 00007f4786204b20 R09: 0000000000000130
00049 R10: 0000000000000100 R11: 0000000000000246 R12: 00005600c79a57a0
00049 R13: 00005600c79a4480 R14: 0000000000000000 R15: 00007fffa4e61869
00049  </TASK>
00049 ---[ end trace 0000000000000000 ]---
00049 running as uid/gid/euid/egid 1000/1000/1000/1000, groups: 1000
00049  [touch] [/mnt/lustre/d0_runas_test/f2673]
00049 ------------[ cut here ]------------
00049 WARNING: /home/ktest/git/linux/include/linux/fs.h:889 at ll_iget+0x592/0x850 [lustre], CPU#3: touch/3074
00049 Modules linked in: ofd(O) osp(O) mdd(O) lod(O) mdt(O) lquota(O) lfsck(O) mgs(O) osd_wbcfs(O) lustre(O) obdecho(O) mgc(O) mdc(O) lov(O) osc(O) lmv(O) ec(O) fid(O) fld(O) ptlrpc(O) efivarfs obdclass(O) ksocklnd(O) lnet(O) libcfs(O)
00049 CPU: 3 UID: 1000 PID: 3074 Comm: touch Tainted: G        W  O        7.0.0-ktest-6eb18a2-6330a45-20260928-dirty #1 PREEMPT 
00049 Tainted: [W]=WARN, [O]=OOT_MODULE
00049 Hardware name: QEMU Standard PC (Q35 + ICH9, 2009), BIOS 2025.11-3ubuntu7 03/31/2026
00049 RIP: 0010:ll_iget+0x592/0x850 [lustre]
00049 Code: 48 c7 c6 40 52 76 a1 48 c7 c2 80 52 76 a1 e8 45 76 d4 fe 48 c7 c7 80 d7 a6 a1 e8 39 06 d5 fe 48 89 df 4c 89 fe e9 34 fb ff ff <0f> 0b e9 89 fb ff ff 0f 0b e9 f0 fc ff ff 48 c7 c1 80 44 5d a0 80
00049 RSP: 0018:ffffc9000931f610 EFLAGS: 00010246
00049 RAX: 0000000000000000 RBX: ffff8880398be500 RCX: 0000000000000046
00049 RDX: 0000000000000000 RSI: ffff8880398be590 RDI: ffff888148340970
00049 RBP: ffff88805245b000 R08: ffffffff83a16803 R09: 1ffffffff0742d00
00049 R10: dffffc0000000000 R11: fffffbfff0742d01 R12: dffffc0000000000
00049 R13: dffffc0000000000 R14: ffffc9000931f6c8 R15: 0000000200000402
00049 FS:  00007ff5322c2740(0000) GS:ffff8881d4ba9000(0000) knlGS:0000000000000000
00049 CS:  0010 DS: 0000 ES: 0000 CR0: 0000000080050033
00049 CR2: 00007ff5320f5ad0 CR3: 0000000106dd4000 CR4: 0000000000750eb0
00049 PKRU: 55555554
00049 Call Trace:
00049  <TASK>
00049  ll_prep_inode+0x682/0x1310 [lustre]
00049  ? lustre_swab_barrier_lvb+0xd0/0xd0 [ptlrpc]
00049  ll_lookup_it+0x168c/0x4650 [lustre]
00049  ? d_alloc_parallel+0xe4f/0xfb0
00049  ll_lookup_nd+0x2a7/0x4f0 [lustre]
00049  __lookup_slow+0x1a2/0x260
00049  lookup_slow+0x53/0x70
00049  link_path_walk+0xac4/0x13d0
00049  path_openat+0x236/0x2630
00049  ? kasan_save_track+0x2f/0x60
00049  ? kmem_cache_alloc_noprof+0xea/0x3d0
00049  ? do_getname+0x67/0x190
00049  ? __x64_sys_openat+0xf8/0x120
00049  ? do_syscall_64+0xc1/0x350
00049  ? filemap_map_pages+0x14c/0x1210
00049  do_file_open+0x19b/0x360
00049  ? _raw_spin_unlock+0x23/0x40
00049  ? alloc_fd+0x42c/0x480
00049  do_sys_openat2+0x84/0xf0
00049  __x64_sys_openat+0xf8/0x120
00049  do_syscall_64+0xc1/0x350
00049  entry_SYSCALL_64_after_hwframe+0x4b/0x53
00049 RIP: 0033:0x7ff53211b445
00049 Code: 83 e2 40 75 50 89 f0 f7 d0 a9 00 00 41 00 74 45 80 3d 0e 0c 0f 00 00 74 60 89 da 4c 89 e6 bf 9c ff ff ff b8 01 01 00 00 0f 05 <48> 3d 00 f0 ff ff 0f 87 7f 00 00 00 48 8b 55 b8 64 48 2b 14 25 28
00049 RSP: 002b:00007ffc833ae710 EFLAGS: 00000202 ORIG_RAX: 0000000000000101
00049 RAX: ffffffffffffffda RBX: 0000000000000941 RCX: 00007ff53211b445
00049 RDX: 0000000000000941 RSI: 00007ffc833af856 RDI: 00000000ffffff9c
00049 RBP: 00007ffc833ae780 R08: 00000000ffffffff R09: 0000000000000000
00049 R10: 00000000000001b6 R11: 0000000000000202 R12: 00007ffc833af856
00049 R13: 00007ff532204248 R14: 0000000000000000 R15: 0000000000000001
00049  </TASK>
00049 ---[ end trace 0000000000000000 ]---
00049 ------------[ cut here ]------------
00049 WARNING: /home/ktest/git/linux/include/linux/fs.h:889 at ll_iget+0x599/0x850 [lustre], CPU#3: touch/3074
00049 Modules linked in: ofd(O) osp(O) mdd(O) lod(O) mdt(O) lquota(O) lfsck(O) mgs(O) osd_wbcfs(O) lustre(O) obdecho(O) mgc(O) mdc(O) lov(O) osc(O) lmv(O) ec(O) fid(O) fld(O) ptlrpc(O) efivarfs obdclass(O) ksocklnd(O) lnet(O) libcfs(O)
00049 CPU: 3 UID: 1000 PID: 3074 Comm: touch Tainted: G        W  O        7.0.0-ktest-6eb18a2-6330a45-20260928-dirty #1 PREEMPT 
00049 Tainted: [W]=WARN, [O]=OOT_MODULE
00049 Hardware name: QEMU Standard PC (Q35 + ICH9, 2009), BIOS 2025.11-3ubuntu7 03/31/2026
00049 RIP: 0010:ll_iget+0x599/0x850 [lustre]
00049 Code: 48 c7 c2 80 52 76 a1 e8 45 76 d4 fe 48 c7 c7 80 d7 a6 a1 e8 39 06 d5 fe 48 89 df 4c 89 fe e9 34 fb ff ff 0f 0b e9 89 fb ff ff <0f> 0b e9 f0 fc ff ff 48 c7 c1 80 44 5d a0 80 e1 07 80 c1 03 38 c1
00049 RSP: 0018:ffffc9000931f610 EFLAGS: 00010246
00049 RAX: 0000000000000000 RBX: ffff8880398be500 RCX: 0000000000000046
00049 RDX: 0000000000000000 RSI: ffff8880398be590 RDI: ffff888148340970
00049 RBP: ffff88805245b000 R08: ffffffff83a16803 R09: 1ffffffff0742d00
00049 R10: dffffc0000000000 R11: fffffbfff0742d01 R12: dffffc0000000000
00049 R13: 1ffff11007317cb9 R14: ffffc9000931f6c8 R15: ffff8880398be5c8
00049 FS:  00007ff5322c2740(0000) GS:ffff8881d4ba9000(0000) knlGS:0000000000000000
00049 CS:  0010 DS: 0000 ES: 0000 CR0: 0000000080050033
00049 CR2: 00007ff5320f5ad0 CR3: 0000000106dd4000 CR4: 0000000000750eb0
00049 PKRU: 55555554
00049 Call Trace:
00049  <TASK>
00049  ll_prep_inode+0x682/0x1310 [lustre]
00049  ? lustre_swab_barrier_lvb+0xd0/0xd0 [ptlrpc]
00049  ll_lookup_it+0x168c/0x4650 [lustre]
00049  ? d_alloc_parallel+0xe4f/0xfb0
00049  ll_lookup_nd+0x2a7/0x4f0 [lustre]
00049  __lookup_slow+0x1a2/0x260
00049  lookup_slow+0x53/0x70
00049  link_path_walk+0xac4/0x13d0
00049  path_openat+0x236/0x2630
00049  ? kasan_save_track+0x2f/0x60
00049  ? kmem_cache_alloc_noprof+0xea/0x3d0
00049  ? do_getname+0x67/0x190
00049  ? __x64_sys_openat+0xf8/0x120
00049  ? do_syscall_64+0xc1/0x350
00049  ? filemap_map_pages+0x14c/0x1210
00049  do_file_open+0x19b/0x360
00049  ? _raw_spin_unlock+0x23/0x40
00049  ? alloc_fd+0x42c/0x480
00049  do_sys_openat2+0x84/0xf0
00049  __x64_sys_openat+0xf8/0x120
00049  do_syscall_64+0xc1/0x350
00049  entry_SYSCALL_64_after_hwframe+0x4b/0x53
00049 RIP: 0033:0x7ff53211b445
00049 Code: 83 e2 40 75 50 89 f0 f7 d0 a9 00 00 41 00 74 45 80 3d 0e 0c 0f 00 00 74 60 89 da 4c 89 e6 bf 9c ff ff ff b8 01 01 00 00 0f 05 <48> 3d 00 f0 ff ff 0f 87 7f 00 00 00 48 8b 55 b8 64 48 2b 14 25 28
00049 RSP: 002b:00007ffc833ae710 EFLAGS: 00000202 ORIG_RAX: 0000000000000101
00049 RAX: ffffffffffffffda RBX: 0000000000000941 RCX: 00007ff53211b445
00049 RDX: 0000000000000941 RSI: 00007ffc833af856 RDI: 00000000ffffff9c
00049 RBP: 00007ffc833ae780 R08: 00000000ffffffff R09: 0000000000000000
00049 R10: 00000000000001b6 R11: 0000000000000202 R12: 00007ffc833af856
00049 R13: 00007ff532204248 R14: 0000000000000000 R15: 0000000000000001
00049  </TASK>
00049 ---[ end trace 0000000000000000 ]---
00049 ------------[ cut here ]------------
00049 WARNING: /home/ktest/git/linux/include/linux/fs.h:889 at osd_create+0x9cf/0xcf0 [osd_wbcfs], CPU#2: mdt00_001/1755
00049 Modules linked in: ofd(O) osp(O) mdd(O) lod(O) mdt(O) lquota(O) lfsck(O) mgs(O) osd_wbcfs(O) lustre(O) obdecho(O) mgc(O) mdc(O) lov(O) osc(O) lmv(O) ec(O) fid(O) fld(O) ptlrpc(O) efivarfs obdclass(O) ksocklnd(O) lnet(O) libcfs(O)
00049 CPU: 2 UID: 0 PID: 1755 Comm: mdt00_001 Tainted: G        W  O        7.0.0-ktest-6eb18a2-6330a45-20260928-dirty #1 PREEMPT 
00049 Tainted: [W]=WARN, [O]=OOT_MODULE
00049 Hardware name: QEMU Standard PC (Q35 + ICH9, 2009), BIOS 2025.11-3ubuntu7 03/31/2026
00049 RIP: 0010:osd_create+0x9cf/0xcf0 [osd_wbcfs]
00049 Code: c7 c7 00 96 7b a1 48 c7 c6 a0 12 7d a1 48 c7 c2 00 1c 7d a1 e8 52 f1 43 ff 48 c7 c7 00 96 7b a1 e8 46 81 44 ff e9 fe fc ff ff <0f> 0b e9 a5 fa ff ff 48 c7 c1 80 44 5d a0 80 e1 07 80 c1 03 38 c1
00049 RSP: 0018:ffffc900013472e8 EFLAGS: 00010246
00049 RAX: 0000000000000000 RBX: ffff88814a994400 RCX: 0000000000000046
00049 RDX: 0000000000000000 RSI: ffff88814a6efb68 RDI: ffff88803da7aa58
00049 RBP: ffff88814a6efad8 R08: ffffffff83a16803 R09: 1ffffffff0742d00
00049 R10: dffffc0000000000 R11: fffffbfff0742d01 R12: ffff88806f1ea2c8
00049 R13: dffffc0000000000 R14: 1ffff11029532880 R15: 1ffff11007d6aac8
00049 FS:  0000000000000000(0000) GS:ffff8881d4b29000(0000) knlGS:0000000000000000
00049 CS:  0010 DS: 0000 ES: 0000 CR0: 0000000080050033
00049 CR2: 00007f632fb1d008 CR3: 0000000004274000 CR4: 0000000000750eb0
00049 PKRU: 55555554
00049 Call Trace:
00049  <TASK>
00049  ? lod_sub_create+0x168a/0x1940 [lod]
00049  ? __lock_acquire+0x73/0x620
00049  ? dt_write_lock+0x16d/0x2a0 [obdclass]
00049  ? lod_create+0x10d/0x720 [lod]
00049  ? mdd_create_object_internal+0x18f/0x320 [mdd]
00049  ? mdd_create_object+0xab/0x1ce0 [mdd]
00049  ? mdd_create+0x202b/0x4110 [mdd]
00049  ? lustre_msg_get_versions+0x49/0x160 [ptlrpc]
00049  ? mdt_reint_open+0x434b/0x8480 [mdt]
00049  ? mdt_reint_rec+0x10f/0x530 [mdt]
00049  ? mdt_reint_internal+0x9d5/0x11a0 [mdt]
00049  ? mdt_intent_open+0x18b/0x9a0 [mdt]
00049  ? mdt_intent_policy+0x1639/0x2300 [mdt]
00049  ? mdt_register_lwp_callback+0x620/0x620 [mdt]
00049  ? mdt_seq_init+0x1ef0/0x1ef0 [mdt]
00049  ? ldlm_lock_enqueue+0x221/0x16c0 [ptlrpc]
00049  ? ldlm_handle_enqueue+0x139f/0x3250 [ptlrpc]
00049  ? tgt_enqueue+0x19b/0x550 [ptlrpc]
00049  ? tgt_request_handle+0x23ad/0x3d30 [ptlrpc]
00049  ? ptlrpc_main+0x6359/0x96f0 [ptlrpc]
00049  ? __kthread_parkme+0x73/0x130
00049  ? kthread+0x2cd/0x3a0
00049  ? ptlrpc_start_thread+0x1f10/0x1f10 [ptlrpc]
00049  ? kthread_unuse_mm+0x130/0x130
00049  ? ret_from_fork+0x18c/0x520
00049  ? kthread_unuse_mm+0x130/0x130
00049  ? ret_from_fork_asm+0x11/0x20
00049  </TASK>
00049 ---[ end trace 0000000000000000 ]---
00049 ------------[ cut here ]------------
00049 WARNING: /home/ktest/git/linux/include/linux/fs.h:889 at ll_iget+0x592/0x850 [lustre], CPU#3: touch/3074
00049 Modules linked in: ofd(O) osp(O) mdd(O) lod(O) mdt(O) lquota(O) lfsck(O) mgs(O) osd_wbcfs(O) lustre(O) obdecho(O) mgc(O) mdc(O) lov(O) osc(O) lmv(O) ec(O) fid(O) fld(O) ptlrpc(O) efivarfs obdclass(O) ksocklnd(O) lnet(O) libcfs(O)
00049 CPU: 3 UID: 1000 PID: 3074 Comm: touch Tainted: G        W  O        7.0.0-ktest-6eb18a2-6330a45-20260928-dirty #1 PREEMPT 
00049 Tainted: [W]=WARN, [O]=OOT_MODULE
00049 Hardware name: QEMU Standard PC (Q35 + ICH9, 2009), BIOS 2025.11-3ubuntu7 03/31/2026
00049 RIP: 0010:ll_iget+0x592/0x850 [lustre]
00049 Code: 48 c7 c6 40 52 76 a1 48 c7 c2 80 52 76 a1 e8 45 76 d4 fe 48 c7 c7 80 d7 a6 a1 e8 39 06 d5 fe 48 89 df 4c 89 fe e9 34 fb ff ff <0f> 0b e9 89 fb ff ff 0f 0b e9 f0 fc ff ff 48 c7 c1 80 44 5d a0 80
00049 RSP: 0018:ffffc9000931f6c8 EFLAGS: 00010246
00049 RAX: 0000000000000000 RBX: ffff88803d302c00 RCX: 0000000000000046
00049 RDX: 0000000000000000 RSI: ffff88803d302c90 RDI: ffff888148340998
00049 RBP: ffff88805245b000 R08: ffff88803d45e883 R09: 1ffff11007a8bd10
00049 R10: dffffc0000000000 R11: ffffed1007a8bd11 R12: dffffc0000000000
00049 R13: dffffc0000000000 R14: ffffc9000931f780 R15: 0000000200000402
00049 FS:  00007ff5322c2740(0000) GS:ffff8881d4ba9000(0000) knlGS:0000000000000000
00049 CS:  0010 DS: 0000 ES: 0000 CR0: 0000000080050033
00049 CR2: 00007ff5320f5ad0 CR3: 0000000106dd4000 CR4: 0000000000750eb0
00049 PKRU: 55555554
00049 Call Trace:
00049  <TASK>
00049  ll_prep_inode+0x682/0x1310 [lustre]
00049  ll_create_it+0x52f/0x15d0 [lustre]
00049  ? lprocfs_counter_add+0x2df/0x3e0 [obdclass]
00049  ll_lookup_it+0x2bac/0x4650 [lustre]
00049  ? kasan_unpoison+0x48/0x70
00049  ? __alloc_tagging_slab_alloc_hook+0x136/0x190
00049  ll_atomic_open+0x950/0x1690 [lustre]
00049  atomic_open+0x162/0x320
00049  path_openat+0xcda/0x2630
00049  do_file_open+0x19b/0x360
00049  ? _raw_spin_unlock+0x23/0x40
00049  ? alloc_fd+0x42c/0x480
00049  do_sys_openat2+0x84/0xf0
00049  __x64_sys_openat+0xf8/0x120
00049  do_syscall_64+0xc1/0x350
00049  entry_SYSCALL_64_after_hwframe+0x4b/0x53
00049 RIP: 0033:0x7ff53211b445
00049 Code: 83 e2 40 75 50 89 f0 f7 d0 a9 00 00 41 00 74 45 80 3d 0e 0c 0f 00 00 74 60 89 da 4c 89 e6 bf 9c ff ff ff b8 01 01 00 00 0f 05 <48> 3d 00 f0 ff ff 0f 87 7f 00 00 00 48 8b 55 b8 64 48 2b 14 25 28
00049 RSP: 002b:00007ffc833ae710 EFLAGS: 00000202 ORIG_RAX: 0000000000000101
00049 RAX: ffffffffffffffda RBX: 0000000000000941 RCX: 00007ff53211b445
00049 RDX: 0000000000000941 RSI: 00007ffc833af856 RDI: 00000000ffffff9c
00049 RBP: 00007ffc833ae780 R08: 00000000ffffffff R09: 0000000000000000
00049 R10: 00000000000001b6 R11: 0000000000000202 R12: 00007ffc833af856
00049 R13: 00007ff532204248 R14: 0000000000000000 R15: 0000000000000001
00049  </TASK>
00049 ---[ end trace 0000000000000000 ]---
00049 ------------[ cut here ]------------
00049 WARNING: /home/ktest/git/linux/include/linux/fs.h:889 at cl_file_inode_init+0x5f8/0x7a0 [lustre], CPU#3: touch/3074
00049 Modules linked in: ofd(O) osp(O) mdd(O) lod(O) mdt(O) lquota(O) lfsck(O) mgs(O) osd_wbcfs(O) lustre(O) obdecho(O) mgc(O) mdc(O) lov(O) osc(O) lmv(O) ec(O) fid(O) fld(O) ptlrpc(O) efivarfs obdclass(O) ksocklnd(O) lnet(O) libcfs(O)
00049 CPU: 3 UID: 1000 PID: 3074 Comm: touch Tainted: G        W  O        7.0.0-ktest-6eb18a2-6330a45-20260928-dirty #1 PREEMPT 
00049 Tainted: [W]=WARN, [O]=OOT_MODULE
00049 Hardware name: QEMU Standard PC (Q35 + ICH9, 2009), BIOS 2025.11-3ubuntu7 03/31/2026
00049 RIP: 0010:cl_file_inode_init+0x5f8/0x7a0 [lustre]
00049 Code: c7 c7 c0 b3 a8 a1 48 c7 c6 c0 e3 76 a1 48 c7 c2 00 e4 76 a1 e8 f9 4e cf fe 48 c7 c7 c0 b3 a8 a1 e8 ed de cf fe e9 eb fb ff ff <0f> 0b e9 63 fc ff ff c7 05 ef c6 17 00 00 00 04 00 48 c7 c7 c0 b6
00049 RSP: 0018:ffffc9000931f4c0 EFLAGS: 00010246
00049 RAX: 0000000000000000 RBX: ffff88803d302c00 RCX: 0000000000000046
00049 RDX: ffff88803d302b2c RSI: ffff88803d302c90 RDI: ffff888148340998
00049 RBP: dffffc0000000000 R08: ffffffffa0c80e27 R09: 1ffffffff41901c4
00049 R10: dffffc0000000000 R11: fffffbfff41901c5 R12: ffff88814e2be348
00049 R13: 1ffff11007a606b8 R14: ffff88803d3035c0 R15: ffff888154085800
00049 FS:  00007ff5322c2740(0000) GS:ffff8881d4ba9000(0000) knlGS:0000000000000000
00049 CS:  0010 DS: 0000 ES: 0000 CR0: 0000000080050033
00049 CR2: 00007ff5320f5ad0 CR3: 0000000106dd4000 CR4: 0000000000750eb0
00049 PKRU: 55555554
00049 Call Trace:
00049  <TASK>
00049  ll_update_inode+0xfa/0x3ef0 [lustre]
00049  ? report_bug+0x87/0xc0
00049  ? inode_set_ctime_to_ts+0x7f/0x1b0
00049  ll_read_inode2+0x23d/0x9f0 [lustre]
00049  ll_iget+0x201/0x850 [lustre]
00049  ll_prep_inode+0x682/0x1310 [lustre]
00049  ll_create_it+0x52f/0x15d0 [lustre]
00049  ? lprocfs_counter_add+0x2df/0x3e0 [obdclass]
00049  ll_lookup_it+0x2bac/0x4650 [lustre]
00049  ? kasan_unpoison+0x48/0x70
00049  ? __alloc_tagging_slab_alloc_hook+0x136/0x190
00049  ll_atomic_open+0x950/0x1690 [lustre]
00049  atomic_open+0x162/0x320
00049  path_openat+0xcda/0x2630
00049  do_file_open+0x19b/0x360
00049  ? _raw_spin_unlock+0x23/0x40
00049  ? alloc_fd+0x42c/0x480
00049  do_sys_openat2+0x84/0xf0
00049  __x64_sys_openat+0xf8/0x120
00049  do_syscall_64+0xc1/0x350
00049  entry_SYSCALL_64_after_hwframe+0x4b/0x53
00049 RIP: 0033:0x7ff53211b445
00049 Code: 83 e2 40 75 50 89 f0 f7 d0 a9 00 00 41 00 74 45 80 3d 0e 0c 0f 00 00 74 60 89 da 4c 89 e6 bf 9c ff ff ff b8 01 01 00 00 0f 05 <48> 3d 00 f0 ff ff 0f 87 7f 00 00 00 48 8b 55 b8 64 48 2b 14 25 28
00049 RSP: 002b:00007ffc833ae710 EFLAGS: 00000202 ORIG_RAX: 0000000000000101
00049 RAX: ffffffffffffffda RBX: 0000000000000941 RCX: 00007ff53211b445
00049 RDX: 0000000000000941 RSI: 00007ffc833af856 RDI: 00000000ffffff9c
00049 RBP: 00007ffc833ae780 R08: 00000000ffffffff R09: 0000000000000000
00049 R10: 00000000000001b6 R11: 0000000000000202 R12: 00007ffc833af856
00049 R13: 00007ff532204248 R14: 0000000000000000 R15: 0000000000000001
00049  </TASK>
00049 ---[ end trace 0000000000000000 ]---
00049 ------------[ cut here ]------------
00049 WARNING: /home/ktest/git/linux/include/linux/fs.h:889 at ll_iget+0x592/0x850 [lustre], CPU#3: rm/3075
00049 Modules linked in: ofd(O) osp(O) mdd(O) lod(O) mdt(O) lquota(O) lfsck(O) mgs(O) osd_wbcfs(O) lustre(O) obdecho(O) mgc(O) mdc(O) lov(O) osc(O) lmv(O) ec(O) fid(O) fld(O) ptlrpc(O) efivarfs obdclass(O) ksocklnd(O) lnet(O) libcfs(O)
00049 CPU: 3 UID: 0 PID: 3075 Comm: rm Tainted: G        W  O        7.0.0-ktest-6eb18a2-6330a45-20260928-dirty #1 PREEMPT 
00049 Tainted: [W]=WARN, [O]=OOT_MODULE
00049 Hardware name: QEMU Standard PC (Q35 + ICH9, 2009), BIOS 2025.11-3ubuntu7 03/31/2026
00049 RIP: 0010:ll_iget+0x592/0x850 [lustre]
00049 Code: 48 c7 c6 40 52 76 a1 48 c7 c2 80 52 76 a1 e8 45 76 d4 fe 48 c7 c7 80 d7 a6 a1 e8 39 06 d5 fe 48 89 df 4c 89 fe e9 34 fb ff ff <0f> 0b e9 89 fb ff ff 0f 0b e9 f0 fc ff ff 48 c7 c1 80 44 5d a0 80
00049 RSP: 0018:ffffc900093efa38 EFLAGS: 00010246
00049 RAX: 0000000000000000 RBX: ffff88803d302c00 RCX: 0000000000000046
00049 RDX: 0000000000000000 RSI: ffff88803d302c90 RDI: ffff88803bdf8998
00049 RBP: ffff88805245b000 R08: ffffffff83a16803 R09: 1ffffffff0742d00
00049 R10: dffffc0000000000 R11: fffffbfff0742d01 R12: dffffc0000000000
00049 R13: dffffc0000000000 R14: ffffc900093efaf0 R15: 0000000200000402
00049 FS:  00007f1602ce4740(0000) GS:ffff8881d4ba9000(0000) knlGS:0000000000000000
00049 CS:  0010 DS: 0000 ES: 0000 CR0: 0000000080050033
00049 CR2: 00007f16028ff000 CR3: 0000000125a16000 CR4: 0000000000750eb0
00049 PKRU: 55555554
00049 Call Trace:
00049  <TASK>
00049  ll_prep_inode+0x682/0x1310 [lustre]
00049  ? lustre_swab_barrier_lvb+0xd0/0xd0 [ptlrpc]
00049  ll_lookup_it+0x168c/0x4650 [lustre]
00049  ? __alloc_tagging_slab_alloc_hook+0x136/0x190
00049  ll_lookup_nd+0x2a7/0x4f0 [lustre]
00049  lookup_one_qstr_excl+0x198/0x2a0
00049  filename_unlinkat+0x15e/0x410
00049  __x64_sys_unlinkat+0xa8/0x170
00049  do_syscall_64+0xc1/0x350
00049  entry_SYSCALL_64_after_hwframe+0x4b/0x53
00049 RIP: 0033:0x7f1602b1c70b
00049 Code: 77 05 c3 0f 1f 40 00 48 8b 15 09 77 0e 00 f7 d8 64 89 02 b8 ff ff ff ff c3 66 0f 1f 44 00 00 f3 0f 1e fa b8 07 01 00 00 0f 05 <48> 3d 01 f0 ff ff 73 01 c3 48 8b 0d dd 76 0e 00 f7 d8 64 89 01 48
00049 RSP: 002b:00007ffece703068 EFLAGS: 00000246 ORIG_RAX: 0000000000000107
00049 RAX: ffffffffffffffda RBX: 000055ebd456c890 RCX: 00007f1602b1c70b
00049 RDX: 0000000000000000 RSI: 000055ebd456c990 RDI: 0000000000000004
00049 RBP: 00007ffece703140 R08: 000055ebd456e2f0 R09: 00007ffece70319c
00049 R10: 000000000000001a R11: 0000000000000246 R12: 000055ebd456c5c0
00049 R13: 0000000000000000 R14: 00007ffece7031a0 R15: 0000000000000000
00049  </TASK>
00049 ---[ end trace 0000000000000000 ]---
00049 ------------[ cut here ]------------
00049 WARNING: /home/ktest/git/linux/include/linux/fs.h:889 at ll_iget+0x599/0x850 [lustre], CPU#3: rm/3075
00049 Modules linked in: ofd(O) osp(O) mdd(O) lod(O) mdt(O) lquota(O) lfsck(O) mgs(O) osd_wbcfs(O) lustre(O) obdecho(O) mgc(O) mdc(O) lov(O) osc(O) lmv(O) ec(O) fid(O) fld(O) ptlrpc(O) efivarfs obdclass(O) ksocklnd(O) lnet(O) libcfs(O)
00049 CPU: 3 UID: 0 PID: 3075 Comm: rm Tainted: G        W  O        7.0.0-ktest-6eb18a2-6330a45-20260928-dirty #1 PREEMPT 
00049 Tainted: [W]=WARN, [O]=OOT_MODULE
00049 Hardware name: QEMU Standard PC (Q35 + ICH9, 2009), BIOS 2025.11-3ubuntu7 03/31/2026
00049 RIP: 0010:ll_iget+0x599/0x850 [lustre]
00049 Code: 48 c7 c2 80 52 76 a1 e8 45 76 d4 fe 48 c7 c7 80 d7 a6 a1 e8 39 06 d5 fe 48 89 df 4c 89 fe e9 34 fb ff ff 0f 0b e9 89 fb ff ff <0f> 0b e9 f0 fc ff ff 48 c7 c1 80 44 5d a0 80 e1 07 80 c1 03 38 c1
00049 RSP: 0018:ffffc900093efa38 EFLAGS: 00010246
00049 RAX: 0000000000000000 RBX: ffff88803d302c00 RCX: 0000000000000046
00049 RDX: 0000000000000000 RSI: ffff88803d302c90 RDI: ffff88803bdf8998
00049 RBP: ffff88805245b000 R08: ffffffff83a16803 R09: 1ffffffff0742d00
00049 R10: dffffc0000000000 R11: fffffbfff0742d01 R12: dffffc0000000000
00049 R13: 1ffff11007a60599 R14: ffffc900093efaf0 R15: ffff88803d302cc8
00049 FS:  00007f1602ce4740(0000) GS:ffff8881d4ba9000(0000) knlGS:0000000000000000
00049 CS:  0010 DS: 0000 ES: 0000 CR0: 0000000080050033
00049 CR2: 00007f16028ff000 CR3: 0000000125a16000 CR4: 0000000000750eb0
00049 PKRU: 55555554
00049 Call Trace:
00049  <TASK>
00049  ll_prep_inode+0x682/0x1310 [lustre]
00049  ? lustre_swab_barrier_lvb+0xd0/0xd0 [ptlrpc]
00049  ll_lookup_it+0x168c/0x4650 [lustre]
00049  ? __alloc_tagging_slab_alloc_hook+0x136/0x190
00049  ll_lookup_nd+0x2a7/0x4f0 [lustre]
00049  lookup_one_qstr_excl+0x198/0x2a0
00049  filename_unlinkat+0x15e/0x410
00049  __x64_sys_unlinkat+0xa8/0x170
00049  do_syscall_64+0xc1/0x350
00049  entry_SYSCALL_64_after_hwframe+0x4b/0x53
00049 RIP: 0033:0x7f1602b1c70b
00049 Code: 77 05 c3 0f 1f 40 00 48 8b 15 09 77 0e 00 f7 d8 64 89 02 b8 ff ff ff ff c3 66 0f 1f 44 00 00 f3 0f 1e fa b8 07 01 00 00 0f 05 <48> 3d 01 f0 ff ff 73 01 c3 48 8b 0d dd 76 0e 00 f7 d8 64 89 01 48
00049 RSP: 002b:00007ffece703068 EFLAGS: 00000246 ORIG_RAX: 0000000000000107
00049 RAX: ffffffffffffffda RBX: 000055ebd456c890 RCX: 00007f1602b1c70b
00049 RDX: 0000000000000000 RSI: 000055ebd456c990 RDI: 0000000000000004
00049 RBP: 00007ffece703140 R08: 000055ebd456e2f0 R09: 00007ffece70319c
00049 R10: 000000000000001a R11: 0000000000000246 R12: 000055ebd456c5c0
00049 R13: 0000000000000000 R14: 00007ffece7031a0 R15: 0000000000000000
00049  </TASK>
00049 ---[ end trace 0000000000000000 ]---
00049 preparing for tests involving mounts
00049 mke2fs 1.47.0 (5-Feb-2023)
00049 
00049 Filesystem too small for a journal
00049 
00049 debug=all
00049 
00049 == sanity test 0a: touch; rm ============================= 23:30:38 (1790638238)
00049 Lustre: DEBUG MARKER: == sanity test 0a: touch; rm ============================= 23:30:38 (1790638238)
00049 ------------[ cut here ]------------
00049 WARNING: /home/ktest/git/linux/include/linux/fs.h:889 at osd_create+0x9cf/0xcf0 [osd_wbcfs], CPU#0: mdt00_002/1756
00049 Modules linked in: ofd(O) osp(O) mdd(O) lod(O) mdt(O) lquota(O) lfsck(O) mgs(O) osd_wbcfs(O) lustre(O) obdecho(O) mgc(O) mdc(O) lov(O) osc(O) lmv(O) ec(O) fid(O) fld(O) ptlrpc(O) efivarfs obdclass(O) ksocklnd(O) lnet(O) libcfs(O)
00049 CPU: 0 UID: 0 PID: 1756 Comm: mdt00_002 Tainted: G        W  O        7.0.0-ktest-6eb18a2-6330a45-20260928-dirty #1 PREEMPT 
00049 Tainted: [W]=WARN, [O]=OOT_MODULE
00049 Hardware name: QEMU Standard PC (Q35 + ICH9, 2009), BIOS 2025.11-3ubuntu7 03/31/2026
00049 RIP: 0010:osd_create+0x9cf/0xcf0 [osd_wbcfs]
00049 Code: c7 c7 00 96 7b a1 48 c7 c6 a0 12 7d a1 48 c7 c2 00 1c 7d a1 e8 52 f1 43 ff 48 c7 c7 00 96 7b a1 e8 46 81 44 ff e9 fe fc ff ff <0f> 0b e9 a5 fa ff ff 48 c7 c1 80 44 5d a0 80 e1 07 80 c1 03 38 c1
00049 RSP: 0018:ffffc900013572e8 EFLAGS: 00010246
00049 RAX: 0000000000000000 RBX: ffff88814ac49000 RCX: 0000000000000046
00049 RDX: 0000000000000000 RSI: ffff8880403f82d0 RDI: ffff88803da78998
00049 RBP: ffff8880403f8240 R08: ffff888122e7a803 R09: 1ffff110245cf500
00049 R10: dffffc0000000000 R11: ffffed10245cf501 R12: ffff88814e2b02c8
00049 R13: dffffc0000000000 R14: 1ffff11029589200 R15: 1ffff11006bf84c8
00049 FS:  0000000000000000(0000) GS:ffff8881d4a29000(0000) knlGS:0000000000000000
00049 CS:  0010 DS: 0000 ES: 0000 CR0: 0000000080050033
00049 CR2: 00007fc850e27b68 CR3: 00000001263be000 CR4: 0000000000750eb0
00049 PKRU: 55555554
00049 Call Trace:
00049  <TASK>
00049  ? lod_sub_create+0x168a/0x1940 [lod]
00049  ? dt_write_lock+0x16d/0x2a0 [obdclass]
00049  ? lod_create+0x10d/0x720 [lod]
00049  ? mdd_create_object_internal+0x18f/0x320 [mdd]
00049  ? mdd_create_object+0xab/0x1ce0 [mdd]
00049  ? mdd_create+0x202b/0x4110 [mdd]
00049  ? lustre_msg_get_versions+0x49/0x160 [ptlrpc]
00049  ? mdt_reint_open+0x434b/0x8480 [mdt]
00049  ? mdt_reint_rec+0x10f/0x530 [mdt]
00049  ? mdt_reint_internal+0x9d5/0x11a0 [mdt]
00049  ? mdt_intent_open+0x18b/0x9a0 [mdt]
00049  ? mdt_intent_policy+0x1639/0x2300 [mdt]
00049  ? mdt_register_lwp_callback+0x620/0x620 [mdt]
00049  ? mdt_seq_init+0x1ef0/0x1ef0 [mdt]
00049  ? ldlm_lock_enqueue+0x221/0x16c0 [ptlrpc]
00049  ? ldlm_handle_enqueue+0x139f/0x3250 [ptlrpc]
00049  ? tgt_enqueue+0x19b/0x550 [ptlrpc]
00049  ? tgt_request_handle+0x23ad/0x3d30 [ptlrpc]
00049  ? ptlrpc_main+0x6359/0x96f0 [ptlrpc]
00049  ? __kthread_parkme+0x73/0x130
00049  ? kthread+0x2cd/0x3a0
00049  ? ptlrpc_start_thread+0x1f10/0x1f10 [ptlrpc]
00049  ? kthread_unuse_mm+0x130/0x130
00049  ? ret_from_fork+0x18c/0x520
00049  ? kthread_unuse_mm+0x130/0x130
00049  ? ret_from_fork_asm+0x11/0x20
00049  </TASK>
00049 ---[ end trace 0000000000000000 ]---
00049 ------------[ cut here ]------------
00049 WARNING: /home/ktest/git/linux/include/linux/fs.h:889 at ll_iget+0x592/0x850 [lustre], CPU#3: touch/3109
00049 Modules linked in: ofd(O) osp(O) mdd(O) lod(O) mdt(O) lquota(O) lfsck(O) mgs(O) osd_wbcfs(O) lustre(O) obdecho(O) mgc(O) mdc(O) lov(O) osc(O) lmv(O) ec(O) fid(O) fld(O) ptlrpc(O) efivarfs obdclass(O) ksocklnd(O) lnet(O) libcfs(O)
00049 CPU: 3 UID: 0 PID: 3109 Comm: touch Tainted: G        W  O        7.0.0-ktest-6eb18a2-6330a45-20260928-dirty #1 PREEMPT 
00049 Tainted: [W]=WARN, [O]=OOT_MODULE
00049 Hardware name: QEMU Standard PC (Q35 + ICH9, 2009), BIOS 2025.11-3ubuntu7 03/31/2026
00049 RIP: 0010:ll_iget+0x592/0x850 [lustre]
00049 Code: 48 c7 c6 40 52 76 a1 48 c7 c2 80 52 76 a1 e8 45 76 d4 fe 48 c7 c7 80 d7 a6 a1 e8 39 06 d5 fe 48 89 df 4c 89 fe e9 34 fb ff ff <0f> 0b e9 89 fb ff ff 0f 0b e9 f0 fc ff ff 48 c7 c1 80 44 5d a0 80
00049 RSP: 0018:ffffc900094ef6c8 EFLAGS: 00010246
00049 RAX: 0000000000000000 RBX: ffff88803d301dc0 RCX: 0000000000000046
00049 RDX: 0000000000000000 RSI: ffff88803d301e50 RDI: ffff88814eeb0998
00049 RBP: ffff88805245b000 R08: ffff88803d45e883 R09: 1ffff11007a8bd10
00049 R10: dffffc0000000000 R11: ffffed1007a8bd11 R12: dffffc0000000000
00049 R13: dffffc0000000000 R14: ffffc900094ef780 R15: 0200000402000003
00049 FS:  00007ff11f3a4740(0000) GS:ffff8881d4ba9000(0000) knlGS:0000000000000000
00049 CS:  0010 DS: 0000 ES: 0000 CR0: 0000000080050033
00049 CR2: 00005576ae20bda0 CR3: 0000000040cad000 CR4: 0000000000750eb0
00049 PKRU: 55555554
00049 Call Trace:
00049  <TASK>
00049  ll_prep_inode+0x682/0x1310 [lustre]
00049  ll_create_it+0x52f/0x15d0 [lustre]
00049  ll_lookup_it+0x2bac/0x4650 [lustre]
00049  ? __alloc_tagging_slab_alloc_hook+0x136/0x190
00049  ll_atomic_open+0x950/0x1690 [lustre]
00049  atomic_open+0x162/0x320
00049  path_openat+0xcda/0x2630
00049  do_file_open+0x19b/0x360
00049  ? _raw_spin_unlock+0x23/0x40
00049  ? alloc_fd+0x42c/0x480
00049  do_sys_openat2+0x84/0xf0
00049  __x64_sys_openat+0xf8/0x120
00049  do_syscall_64+0xc1/0x350
00049  entry_SYSCALL_64_after_hwframe+0x4b/0x53
00049 RIP: 0033:0x7ff11f11b445
00049 Code: 83 e2 40 75 50 89 f0 f7 d0 a9 00 00 41 00 74 45 80 3d 0e 0c 0f 00 00 74 60 89 da 4c 89 e6 bf 9c ff ff ff b8 01 01 00 00 0f 05 <48> 3d 00 f0 ff ff 0f 87 7f 00 00 00 48 8b 55 b8 64 48 2b 14 25 28
00049 RSP: 002b:00007ffc595771a0 EFLAGS: 00000202 ORIG_RAX: 0000000000000101
00049 RAX: ffffffffffffffda RBX: 0000000000000941 RCX: 00007ff11f11b445
00049 RDX: 0000000000000941 RSI: 00007ffc59578813 RDI: 00000000ffffff9c
00049 RBP: 00007ffc59577210 R08: 0000000000000000 R09: 0000000000000000
00049 R10: 00000000000001b6 R11: 0000000000000202 R12: 00007ffc59578813
00049 R13: 00007ff11f204248 R14: 0000000000000000 R15: 0000000000000001
00049  </TASK>
00049 ---[ end trace 0000000000000000 ]---
00049 ------------[ cut here ]------------
00049 WARNING: /home/ktest/git/linux/include/linux/fs.h:889 at cl_file_inode_init+0x5f8/0x7a0 [lustre], CPU#3: touch/3109
00049 Modules linked in: ofd(O) osp(O) mdd(O) lod(O) mdt(O) lquota(O) lfsck(O) mgs(O) osd_wbcfs(O) lustre(O) obdecho(O) mgc(O) mdc(O) lov(O) osc(O) lmv(O) ec(O) fid(O) fld(O) ptlrpc(O) efivarfs obdclass(O) ksocklnd(O) lnet(O) libcfs(O)
00049 CPU: 3 UID: 0 PID: 3109 Comm: touch Tainted: G        W  O        7.0.0-ktest-6eb18a2-6330a45-20260928-dirty #1 PREEMPT 
00049 Tainted: [W]=WARN, [O]=OOT_MODULE
00049 Hardware name: QEMU Standard PC (Q35 + ICH9, 2009), BIOS 2025.11-3ubuntu7 03/31/2026
00049 RIP: 0010:cl_file_inode_init+0x5f8/0x7a0 [lustre]
00049 Code: c7 c7 c0 b3 a8 a1 48 c7 c6 c0 e3 76 a1 48 c7 c2 00 e4 76 a1 e8 f9 4e cf fe 48 c7 c7 c0 b3 a8 a1 e8 ed de cf fe e9 eb fb ff ff <0f> 0b e9 63 fc ff ff c7 05 ef c6 17 00 00 00 04 00 48 c7 c7 c0 b6
00049 RSP: 0018:ffffc900094ef4c0 EFLAGS: 00010246
00049 RAX: 0000000000000000 RBX: ffff88803d301dc0 RCX: 0000000000000046
00049 RDX: ffff88803d301cec RSI: ffff88803d301e50 RDI: ffff88814eeb0998
00049 RBP: dffffc0000000000 R08: ffff888122e7aa43 R09: 1ffff110245cf548
00049 R10: dffffc0000000000 R11: ffffed10245cf549 R12: ffff8881086458f8
00049 R13: 1ffff11007a604f0 R14: ffff88803d302780 R15: ffff888154085800
00049 FS:  00007ff11f3a4740(0000) GS:ffff8881d4ba9000(0000) knlGS:0000000000000000
00049 CS:  0010 DS: 0000 ES: 0000 CR0: 0000000080050033
00049 CR2: 00005576ae20bda0 CR3: 0000000040cad000 CR4: 0000000000750eb0
00049 PKRU: 55555554
00049 Call Trace:
00049  <TASK>
00049  ll_update_inode+0xfa/0x3ef0 [lustre]
00049  ? report_bug+0x87/0xc0
00049  ? inode_set_ctime_to_ts+0x7f/0x1b0
00049  ll_read_inode2+0x23d/0x9f0 [lustre]
00049  ll_iget+0x201/0x850 [lustre]
00049  ll_prep_inode+0x682/0x1310 [lustre]
00049  ll_create_it+0x52f/0x15d0 [lustre]
00049  ll_lookup_it+0x2bac/0x4650 [lustre]
00049  ? __alloc_tagging_slab_alloc_hook+0x136/0x190
00049  ll_atomic_open+0x950/0x1690 [lustre]
00049  atomic_open+0x162/0x320
00049  path_openat+0xcda/0x2630
00049  do_file_open+0x19b/0x360
00049  ? _raw_spin_unlock+0x23/0x40
00049  ? alloc_fd+0x42c/0x480
00049  do_sys_openat2+0x84/0xf0
00049  __x64_sys_openat+0xf8/0x120
00049  do_syscall_64+0xc1/0x350
00049  entry_SYSCALL_64_after_hwframe+0x4b/0x53
00049 RIP: 0033:0x7ff11f11b445
00049 Code: 83 e2 40 75 50 89 f0 f7 d0 a9 00 00 41 00 74 45 80 3d 0e 0c 0f 00 00 74 60 89 da 4c 89 e6 bf 9c ff ff ff b8 01 01 00 00 0f 05 <48> 3d 00 f0 ff ff 0f 87 7f 00 00 00 48 8b 55 b8 64 48 2b 14 25 28
00049 RSP: 002b:00007ffc595771a0 EFLAGS: 00000202 ORIG_RAX: 0000000000000101
00049 RAX: ffffffffffffffda RBX: 0000000000000941 RCX: 00007ff11f11b445
00049 RDX: 0000000000000941 RSI: 00007ffc59578813 RDI: 00000000ffffff9c
00049 RBP: 00007ffc59577210 R08: 0000000000000000 R09: 0000000000000000
00049 R10: 00000000000001b6 R11: 0000000000000202 R12: 00007ffc59578813
00049 R13: 00007ff11f204248 R14: 0000000000000000 R15: 0000000000000001
00049  </TASK>
00049 ---[ end trace 0000000000000000 ]---
00049 ------------[ cut here ]------------
00049 WARNING: /home/ktest/git/linux/include/linux/fs.h:889 at ll_iget+0x592/0x850 [lustre], CPU#2: checkstat/3110
00049 Modules linked in: ofd(O) osp(O) mdd(O) lod(O) mdt(O) lquota(O) lfsck(O) mgs(O) osd_wbcfs(O) lustre(O) obdecho(O) mgc(O) mdc(O) lov(O) osc(O) lmv(O) ec(O) fid(O) fld(O) ptlrpc(O) efivarfs obdclass(O) ksocklnd(O) lnet(O) libcfs(O)
00049 CPU: 2 UID: 0 PID: 3110 Comm: checkstat Tainted: G        W  O        7.0.0-ktest-6eb18a2-6330a45-20260928-dirty #1 PREEMPT 
00049 Tainted: [W]=WARN, [O]=OOT_MODULE
00049 Hardware name: QEMU Standard PC (Q35 + ICH9, 2009), BIOS 2025.11-3ubuntu7 03/31/2026
00049 RIP: 0010:ll_iget+0x592/0x850 [lustre]
00049 Code: 48 c7 c6 40 52 76 a1 48 c7 c2 80 52 76 a1 e8 45 76 d4 fe 48 c7 c7 80 d7 a6 a1 e8 39 06 d5 fe 48 89 df 4c 89 fe e9 34 fb ff ff <0f> 0b e9 89 fb ff ff 0f 0b e9 f0 fc ff ff 48 c7 c1 80 44 5d a0 80
00049 RSP: 0018:ffffc900094af6d8 EFLAGS: 00010246
00049 RAX: 0000000000000000 RBX: ffff88803d301dc0 RCX: 0000000000000046
00049 RDX: 0000000000000000 RSI: ffff88803d301e50 RDI: ffff888146742a30
00049 RBP: ffff88805245b000 R08: ffffffff83a16803 R09: 1ffffffff0742d00
00049 R10: dffffc0000000000 R11: fffffbfff0742d01 R12: dffffc0000000000
00049 R13: dffffc0000000000 R14: ffffc900094af790 R15: 0200000402000003
00049 FS:  00007fad94242740(0000) GS:ffff8881d4b29000(0000) knlGS:0000000000000000
00049 CS:  0010 DS: 0000 ES: 0000 CR0: 0000000080050033
00049 CR2: 00007fad941cdb1d CR3: 000000004f862000 CR4: 0000000000750eb0
00049 PKRU: 55555554
00049 Call Trace:
00049  <TASK>
00049  ll_prep_inode+0x682/0x1310 [lustre]
00049  ? lustre_swab_barrier_lvb+0xd0/0xd0 [ptlrpc]
00049  ll_lookup_it+0x168c/0x4650 [lustre]
00049  ? encode_fn_len+0xd3/0xb10 [obdclass]
00049  ll_lookup_nd+0x2a7/0x4f0 [lustre]
00049  __lookup_slow+0x1a2/0x260
00049  lookup_slow+0x53/0x70
00049  path_lookupat+0x2d0/0x6d0
00049  filename_lookup+0x18f/0x340
00049  vfs_statx+0x6a/0x3c0
00049  ? do_getname+0xb3/0x190
00049  vfs_fstatat+0xa6/0xd0
00049  __x64_sys_newfstatat+0xb2/0x2c0
00049  ? exc_page_fault+0x61/0xa0
00049  ? do_user_addr_fault+0x385/0xc20
00049  ? fpregs_assert_state_consistent+0x4f/0xe0
00049  do_syscall_64+0xc1/0x350
00049  entry_SYSCALL_64_after_hwframe+0x4b/0x53
00049 RIP: 0033:0x7fad9411768e
00049 Code: 0f 1f 40 00 48 8b 15 89 c7 0e 00 f7 d8 64 89 02 b8 ff ff ff ff c3 66 0f 1f 44 00 00 f3 0f 1e fa 41 89 ca b8 06 01 00 00 0f 05 <3d> 00 f0 ff ff 77 0b 31 c0 c3 0f 1f 84 00 00 00 00 00 48 8b 15 51
00049 RSP: 002b:00007ffcacf97cf8 EFLAGS: 00000246 ORIG_RAX: 0000000000000106
00049 RAX: ffffffffffffffda RBX: 00007ffcacf97f58 RCX: 00007fad9411768e
00049 RDX: 00007ffcacf97d60 RSI: 00007ffcacf987f1 RDI: 00000000ffffff9c
00049 RBP: 00007fad94204248 R08: 0000000000000000 R09: 0000000000000000
00049 R10: 0000000000000100 R11: 0000000000000246 R12: 0000000000000005
00049 R13: 00007ffcacf987f1 R14: 0000000000000001 R15: 00007ffcacf97d60
00049  </TASK>
00049 ---[ end trace 0000000000000000 ]---
00049 ------------[ cut here ]------------
00049 WARNING: /home/ktest/git/linux/include/linux/fs.h:889 at ll_iget+0x599/0x850 [lustre], CPU#2: checkstat/3110
00049 Modules linked in: ofd(O) osp(O) mdd(O) lod(O) mdt(O) lquota(O) lfsck(O) mgs(O) osd_wbcfs(O) lustre(O) obdecho(O) mgc(O) mdc(O) lov(O) osc(O) lmv(O) ec(O) fid(O) fld(O) ptlrpc(O) efivarfs obdclass(O) ksocklnd(O) lnet(O) libcfs(O)
00049 CPU: 2 UID: 0 PID: 3110 Comm: checkstat Tainted: G        W  O        7.0.0-ktest-6eb18a2-6330a45-20260928-dirty #1 PREEMPT 
00049 Tainted: [W]=WARN, [O]=OOT_MODULE
00049 Hardware name: QEMU Standard PC (Q35 + ICH9, 2009), BIOS 2025.11-3ubuntu7 03/31/2026
00049 RIP: 0010:ll_iget+0x599/0x850 [lustre]
00049 Code: 48 c7 c2 80 52 76 a1 e8 45 76 d4 fe 48 c7 c7 80 d7 a6 a1 e8 39 06 d5 fe 48 89 df 4c 89 fe e9 34 fb ff ff 0f 0b e9 89 fb ff ff <0f> 0b e9 f0 fc ff ff 48 c7 c1 80 44 5d a0 80 e1 07 80 c1 03 38 c1
00049 RSP: 0018:ffffc900094af6d8 EFLAGS: 00010246
00049 RAX: 0000000000000000 RBX: ffff88803d301dc0 RCX: 0000000000000046
00049 RDX: 0000000000000000 RSI: ffff88803d301e50 RDI: ffff888146742a30
00049 RBP: ffff88805245b000 R08: ffffffff83a16803 R09: 1ffffffff0742d00
00049 R10: dffffc0000000000 R11: fffffbfff0742d01 R12: dffffc0000000000
00049 R13: 1ffff11007a603d1 R14: ffffc900094af790 R15: ffff88803d301e88
00049 FS:  00007fad94242740(0000) GS:ffff8881d4b29000(0000) knlGS:0000000000000000
00049 CS:  0010 DS: 0000 ES: 0000 CR0: 0000000080050033
00049 CR2: 00007fad941cdb1d CR3: 000000004f862000 CR4: 0000000000750eb0
00049 PKRU: 55555554
00049 Call Trace:
00049  <TASK>
00049  ll_prep_inode+0x682/0x1310 [lustre]
00049  ? lustre_swab_barrier_lvb+0xd0/0xd0 [ptlrpc]
00049  ll_lookup_it+0x168c/0x4650 [lustre]
00049  ? encode_fn_len+0xd3/0xb10 [obdclass]
00049  ll_lookup_nd+0x2a7/0x4f0 [lustre]
00049  __lookup_slow+0x1a2/0x260
00049  lookup_slow+0x53/0x70
00049  path_lookupat+0x2d0/0x6d0
00049  filename_lookup+0x18f/0x340
00049  vfs_statx+0x6a/0x3c0
00049  ? do_getname+0xb3/0x190
00049  vfs_fstatat+0xa6/0xd0
00049  __x64_sys_newfstatat+0xb2/0x2c0
00049  ? exc_page_fault+0x61/0xa0
00049  ? do_user_addr_fault+0x385/0xc20
00049  ? fpregs_assert_state_consistent+0x4f/0xe0
00049  do_syscall_64+0xc1/0x350
00049  entry_SYSCALL_64_after_hwframe+0x4b/0x53
00049 RIP: 0033:0x7fad9411768e
00049 Code: 0f 1f 40 00 48 8b 15 89 c7 0e 00 f7 d8 64 89 02 b8 ff ff ff ff c3 66 0f 1f 44 00 00 f3 0f 1e fa 41 89 ca b8 06 01 00 00 0f 05 <3d> 00 f0 ff ff 77 0b 31 c0 c3 0f 1f 84 00 00 00 00 00 48 8b 15 51
00049 RSP: 002b:00007ffcacf97cf8 EFLAGS: 00000246 ORIG_RAX: 0000000000000106
00049 RAX: ffffffffffffffda RBX: 00007ffcacf97f58 RCX: 00007fad9411768e
00049 RDX: 00007ffcacf97d60 RSI: 00007ffcacf987f1 RDI: 00000000ffffff9c
00049 RBP: 00007fad94204248 R08: 0000000000000000 R09: 0000000000000000
00049 R10: 0000000000000100 R11: 0000000000000246 R12: 0000000000000005
00049 R13: 00007ffcacf987f1 R14: 0000000000000001 R15: 00007ffcacf97d60
00049  </TASK>
00049 ---[ end trace 0000000000000000 ]---
00049 /mnt/lustre/f0a.sanity has type file OK
00049 /mnt/lustre/f0a.sanity: absent OK
00050 PASS 0a (1s)
00050 
00050 == sanity test 0b: chmod 0755 /mnt/lustre ======================================================================================= 23:30:39 (1790638239)
00050 Lustre: DEBUG MARKER: == sanity test 0b: chmod 0755 /mnt/lustre ======================================================================================= 23:30:39 (1790638239)
00050 /mnt/lustre has perms 0755 OK
00050 PASS 0b (0s)
00051 
00051 == sanity test 0c: check import proc ===================== 23:30:39 (1790638239)
00051 Lustre: DEBUG MARKER: == sanity test 0c: check import proc ===================== 23:30:39 (1790638239)
00051     state: FULL
00051     state: FULL
00051     target: lustre-MDT0000_UUID
00051     target: lustre-MDT0001_UUID
00051 PASS 0c (1s)
00051 
00051 == sanity test 0d: check export proc ===================== 23:30:40 (1790638240)
00051 Lustre: DEBUG MARKER: == sanity test 0d: check export proc ===================== 23:30:40 (1790638240)
00051 ------------[ cut here ]------------
00051 WARNING: /home/ktest/git/linux/include/linux/fs.h:889 at osd_create+0x9cf/0xcf0 [osd_wbcfs], CPU#3: mdt00_004/1861
00051 Modules linked in: ofd(O) osp(O) mdd(O) lod(O) mdt(O) lquota(O) lfsck(O) mgs(O) osd_wbcfs(O) lustre(O) obdecho(O) mgc(O) mdc(O) lov(O) osc(O) lmv(O) ec(O) fid(O) fld(O) ptlrpc(O) efivarfs obdclass(O) ksocklnd(O) lnet(O) libcfs(O)
00051 CPU: 3 UID: 0 PID: 1861 Comm: mdt00_004 Tainted: G        W  O        7.0.0-ktest-6eb18a2-6330a45-20260928-dirty #1 PREEMPT 
00051 Tainted: [W]=WARN, [O]=OOT_MODULE
00051 Hardware name: QEMU Standard PC (Q35 + ICH9, 2009), BIOS 2025.11-3ubuntu7 03/31/2026
00051 RIP: 0010:osd_create+0x9cf/0xcf0 [osd_wbcfs]
00051 Code: c7 c7 00 96 7b a1 48 c7 c6 a0 12 7d a1 48 c7 c2 00 1c 7d a1 e8 52 f1 43 ff 48 c7 c7 00 96 7b a1 e8 46 81 44 ff e9 fe fc ff ff <0f> 0b e9 a5 fa ff ff 48 c7 c1 80 44 5d a0 80 e1 07 80 c1 03 38 c1
00051 RSP: 0018:ffffc90001d872e8 EFLAGS: 00010246
00051 RAX: 0000000000000000 RBX: ffff888148207000 RCX: 0000000000000046
00051 RDX: 0000000000000000 RSI: ffff88814bffd7f0 RDI: ffff8881088f4b18
00051 RBP: ffff88814bffd760 R08: ffff888122e7aa43 R09: 1ffff110245cf548
00051 R10: dffffc0000000000 R11: ffffed10245cf549 R12: ffff88814f6ce2c8
00051 R13: dffffc0000000000 R14: 1ffff11029040e00 R15: 1ffff1102937f2c8
00051 FS:  0000000000000000(0000) GS:ffff8881d4ba9000(0000) knlGS:0000000000000000
00051 CS:  0010 DS: 0000 ES: 0000 CR0: 0000000080050033
00051 CR2: 00007f36f164bb68 CR3: 0000000004274000 CR4: 0000000000750eb0
00051 PKRU: 55555554
00051 Call Trace:
00051  <TASK>
00051  ? lod_sub_create+0x168a/0x1940 [lod]
00051  ? dt_write_lock+0x16d/0x2a0 [obdclass]
00051  ? lod_create+0x10d/0x720 [lod]
00051  ? mdd_create_object_internal+0x18f/0x320 [mdd]
00051  ? mdd_create_object+0xab/0x1ce0 [mdd]
00051  ? mdd_create+0x202b/0x4110 [mdd]
00051  ? lustre_msg_get_versions+0x49/0x160 [ptlrpc]
00051  ? mdt_reint_open+0x434b/0x8480 [mdt]
00051  ? mdt_reint_rec+0x10f/0x530 [mdt]
00051  ? mdt_reint_internal+0x9d5/0x11a0 [mdt]
00051  ? mdt_intent_open+0x18b/0x9a0 [mdt]
00051  ? mdt_intent_policy+0x1639/0x2300 [mdt]
00051  ? mdt_register_lwp_callback+0x620/0x620 [mdt]
00051  ? mdt_seq_init+0x1ef0/0x1ef0 [mdt]
00051  ? ldlm_lock_enqueue+0x221/0x16c0 [ptlrpc]
00051  ? ldlm_handle_enqueue+0x139f/0x3250 [ptlrpc]
00051  ? tgt_enqueue+0x19b/0x550 [ptlrpc]
00051  ? tgt_request_handle+0x23ad/0x3d30 [ptlrpc]
00051  ? ptlrpc_main+0x6359/0x96f0 [ptlrpc]
00051  ? __kthread_parkme+0x73/0x130
00051  ? kthread+0x2cd/0x3a0
00051  ? ptlrpc_start_thread+0x1f10/0x1f10 [ptlrpc]
00051  ? kthread_unuse_mm+0x130/0x130
00051  ? ret_from_fork+0x18c/0x520
00051  ? kthread_unuse_mm+0x130/0x130
00051  ? ret_from_fork_asm+0x11/0x20
00051  </TASK>
00051 ---[ end trace 0000000000000000 ]---
00051 ------------[ cut here ]------------
00051 WARNING: /home/ktest/git/linux/include/linux/fs.h:889 at ll_iget+0x592/0x850 [lustre], CPU#1: tee/3395
00051 Modules linked in: ofd(O) osp(O) mdd(O) lod(O) mdt(O) lquota(O) lfsck(O) mgs(O) osd_wbcfs(O) lustre(O) obdecho(O) mgc(O) mdc(O) lov(O) osc(O) lmv(O) ec(O) fid(O) fld(O) ptlrpc(O) efivarfs obdclass(O) ksocklnd(O) lnet(O) libcfs(O)
00051 CPU: 1 UID: 0 PID: 3395 Comm: tee Tainted: G        W  O        7.0.0-ktest-6eb18a2-6330a45-20260928-dirty #1 PREEMPT 
00051 Tainted: [W]=WARN, [O]=OOT_MODULE
00051 Hardware name: QEMU Standard PC (Q35 + ICH9, 2009), BIOS 2025.11-3ubuntu7 03/31/2026
00051 RIP: 0010:ll_iget+0x592/0x850 [lustre]
00051 Code: 48 c7 c6 40 52 76 a1 48 c7 c2 80 52 76 a1 e8 45 76 d4 fe 48 c7 c7 80 d7 a6 a1 e8 39 06 d5 fe 48 89 df 4c 89 fe e9 34 fb ff ff <0f> 0b e9 89 fb ff ff 0f 0b e9 f0 fc ff ff 48 c7 c1 80 44 5d a0 80
00051 RSP: 0018:ffffc900099df6c8 EFLAGS: 00010246
00051 RAX: 0000000000000000 RBX: ffff88803d191dc0 RCX: 0000000000000046
00051 RDX: 0000000000000000 RSI: ffff88803d191e50 RDI: ffff88804cd44b18
00051 RBP: ffff88805245b000 R08: ffff88803d45e883 R09: 1ffff11007a8bd10
00051 R10: dffffc0000000000 R11: ffffed1007a8bd11 R12: dffffc0000000000
00051 R13: dffffc0000000000 R14: ffffc900099df780 R15: 0200000402000004
00051 FS:  00007fce5af1f740(0000) GS:ffff8881d4aa9000(0000) knlGS:0000000000000000
00051 CS:  0010 DS: 0000 ES: 0000 CR0: 0000000080050033
00051 CR2: 00007ffc6a65aff8 CR3: 0000000011346000 CR4: 0000000000750eb0
00051 PKRU: 55555554
00051 Call Trace:
00051  <TASK>
00051  ll_prep_inode+0x682/0x1310 [lustre]
00051  ll_create_it+0x52f/0x15d0 [lustre]
00051  ll_lookup_it+0x2bac/0x4650 [lustre]
00051  ? __alloc_tagging_slab_alloc_hook+0x136/0x190
00051  ll_atomic_open+0x950/0x1690 [lustre]
00051  atomic_open+0x162/0x320
00051  path_openat+0xcda/0x2630
00051  do_file_open+0x19b/0x360
00051  ? _raw_spin_unlock+0x23/0x40
00051  ? alloc_fd+0x42c/0x480
00051  do_sys_openat2+0x84/0xf0
00051  __x64_sys_openat+0xf8/0x120
00051  do_syscall_64+0xc1/0x350
00051  entry_SYSCALL_64_after_hwframe+0x4b/0x53
00051 RIP: 0033:0x7fce5ad1b445
00051 Code: 83 e2 40 75 50 89 f0 f7 d0 a9 00 00 41 00 74 45 80 3d 0e 0c 0f 00 00 74 60 89 da 4c 89 e6 bf 9c ff ff ff b8 01 01 00 00 0f 05 <48> 3d 00 f0 ff ff 0f 87 7f 00 00 00 48 8b 55 b8 64 48 2b 14 25 28
00051 RSP: 002b:00007ffc6a65af90 EFLAGS: 00000202 ORIG_RAX: 0000000000000101
00051 RAX: ffffffffffffffda RBX: 0000000000000241 RCX: 00007fce5ad1b445
00051 RDX: 0000000000000241 RSI: 00007ffc6a65f810 RDI: 00000000ffffff9c
00051 RBP: 00007ffc6a65b000 R08: 0000000000000004 R09: 0000000000000001
00051 R10: 00000000000001b6 R11: 0000000000000202 R12: 00007ffc6a65f810
00051 R13: 000055b0a85ee16f R14: 000055b0a85ee16f R15: 000055b0a85ee16f
00051  </TASK>
00051 ---[ end trace 0000000000000000 ]---
00051 ------------[ cut here ]------------
00051 WARNING: /home/ktest/git/linux/include/linux/fs.h:889 at cl_file_inode_init+0x5f8/0x7a0 [lustre], CPU#1: tee/3395
00051 Modules linked in: ofd(O) osp(O) mdd(O) lod(O) mdt(O) lquota(O) lfsck(O) mgs(O) osd_wbcfs(O) lustre(O) obdecho(O) mgc(O) mdc(O) lov(O) osc(O) lmv(O) ec(O) fid(O) fld(O) ptlrpc(O) efivarfs obdclass(O) ksocklnd(O) lnet(O) libcfs(O)
00051 CPU: 1 UID: 0 PID: 3395 Comm: tee Tainted: G        W  O        7.0.0-ktest-6eb18a2-6330a45-20260928-dirty #1 PREEMPT 
00051 Tainted: [W]=WARN, [O]=OOT_MODULE
00051 Hardware name: QEMU Standard PC (Q35 + ICH9, 2009), BIOS 2025.11-3ubuntu7 03/31/2026
00051 RIP: 0010:cl_file_inode_init+0x5f8/0x7a0 [lustre]
00051 Code: c7 c7 c0 b3 a8 a1 48 c7 c6 c0 e3 76 a1 48 c7 c2 00 e4 76 a1 e8 f9 4e cf fe 48 c7 c7 c0 b3 a8 a1 e8 ed de cf fe e9 eb fb ff ff <0f> 0b e9 63 fc ff ff c7 05 ef c6 17 00 00 00 04 00 48 c7 c7 c0 b6
00051 RSP: 0018:ffffc900099df4c0 EFLAGS: 00010246
00051 RAX: 0000000000000000 RBX: ffff88803d191dc0 RCX: 0000000000000046
00051 RDX: ffff88803d191cec RSI: ffff88803d191e50 RDI: ffff88804cd44b18
00051 RBP: dffffc0000000000 R08: ffff888122e7a8c3 R09: 1ffff110245cf518
00051 R10: dffffc0000000000 R11: ffffed10245cf519 R12: ffff88815517e008
00051 R13: 1ffff11007a324f0 R14: ffff88803d192780 R15: ffff888154085800
00051 FS:  00007fce5af1f740(0000) GS:ffff8881d4aa9000(0000) knlGS:0000000000000000
00051 CS:  0010 DS: 0000 ES: 0000 CR0: 0000000080050033
00051 CR2: 00007ffc6a65aff8 CR3: 0000000011346000 CR4: 0000000000750eb0
00051 PKRU: 55555554
00051 Call Trace:
00051  <TASK>
00051  ll_update_inode+0xfa/0x3ef0 [lustre]
00051  ? report_bug+0x87/0xc0
00051  ? inode_set_ctime_to_ts+0x7f/0x1b0
00051  ll_read_inode2+0x23d/0x9f0 [lustre]
00051  ll_iget+0x201/0x850 [lustre]
00051  ll_prep_inode+0x682/0x1310 [lustre]
00051  ll_create_it+0x52f/0x15d0 [lustre]
00051  ll_lookup_it+0x2bac/0x4650 [lustre]
00051  ? __alloc_tagging_slab_alloc_hook+0x136/0x190
00051  ll_atomic_open+0x950/0x1690 [lustre]
00051  atomic_open+0x162/0x320
00051  path_openat+0xcda/0x2630
00051  do_file_open+0x19b/0x360
00051  ? _raw_spin_unlock+0x23/0x40
00051  ? alloc_fd+0x42c/0x480
00051  do_sys_openat2+0x84/0xf0
00051  __x64_sys_openat+0xf8/0x120
00051  do_syscall_64+0xc1/0x350
00051  entry_SYSCALL_64_after_hwframe+0x4b/0x53
00051 RIP: 0033:0x7fce5ad1b445
00051 Code: 83 e2 40 75 50 89 f0 f7 d0 a9 00 00 41 00 74 45 80 3d 0e 0c 0f 00 00 74 60 89 da 4c 89 e6 bf 9c ff ff ff b8 01 01 00 00 0f 05 <48> 3d 00 f0 ff ff 0f 87 7f 00 00 00 48 8b 55 b8 64 48 2b 14 25 28
00051 RSP: 002b:00007ffc6a65af90 EFLAGS: 00000202 ORIG_RAX: 0000000000000101
00051 RAX: ffffffffffffffda RBX: 0000000000000241 RCX: 00007fce5ad1b445
00051 RDX: 0000000000000241 RSI: 00007ffc6a65f810 RDI: 00000000ffffff9c
00051 RBP: 00007ffc6a65b000 R08: 0000000000000004 R09: 0000000000000001
00051 R10: 00000000000001b6 R11: 0000000000000202 R12: 00007ffc6a65f810
00051 R13: 000055b0a85ee16f R14: 000055b0a85ee16f R15: 000055b0a85ee16f
00051  </TASK>
00051 ---[ end trace 0000000000000000 ]---
00051 mgc.MGC0@lo.import=
00051 import:
00051     name: MGC0@lo
00051     target: MGS
00051     state: FULL
00051     connect_flags: [ version, mgs_nidlist, barrier, adaptive_timeouts, full20, imp_recov, bulk_mbits, second_flags, reply_mbits, large_nid ]
00051     connect_data:
00051        flags: 0xa000011001002060
00051        instance: 0
00051        target_version: 2.17.54.0
00051     import_flags: [ IMPF_PINGABLE, IMPF_CONNECT_TRIED ]
00051     connection:
00051        failover_nids: [ "0@lo" ]
00051        nids_stats:
00051           "0@lo": { connects: 1, replied: 1, uptodate: uptodate, sec_ago: 37 }
00051        current_connection: "0@lo"
00051        connection_attempts: 1
00051        generation: 1
00051        in-progress_invalidations: 0
00051        idle: 32 sec
00051 mgc.MGC10.0.2.15@tcp.import=
00051 import:
00051     name: MGC10.0.2.15@tcp
00051     target: MGS
00051     state: FULL
00051     connect_flags: [ version, mgs_nidlist, barrier, adaptive_timeouts, full20, imp_recov, bulk_mbits, second_flags, reply_mbits, large_nid ]
00051     connect_data:
00051        flags: 0xa000011001002060
00051        instance: 0
00051        target_version: 2.17.54.0
00051     import_flags: [ IMPF_PINGABLE, IMPF_CONNECT_TRIED ]
00051     connection:
00051        failover_nids: [ "0@lo" ]
00051        nids_stats:
00051           "0@lo": { connects: 1, replied: 1, uptodate: uptodate, sec_ago: 38 }
00051        current_connection: "0@lo"
00051        connection_attempts: 1
00051        generation: 1
00051        in-progress_invalidations: 0
00051        idle: 32 sec
00051 mgs.MGS.exports.0@lo.uuid
00052 139fefee-b18b-4d81-bc04-e3ca84d3157d
00052 9336504a-2d2f-4725-8fbc-0f410765fd34
00052 ------------[ cut here ]------------
00052 WARNING: /home/ktest/git/linux/include/linux/fs.h:889 at osd_create+0x9cf/0xcf0 [osd_wbcfs], CPU#1: mdt00_002/1756
00052 Modules linked in: ofd(O) osp(O) mdd(O) lod(O) mdt(O) lquota(O) lfsck(O) mgs(O) osd_wbcfs(O) lustre(O) obdecho(O) mgc(O) mdc(O) lov(O) osc(O) lmv(O) ec(O) fid(O) fld(O) ptlrpc(O) efivarfs obdclass(O) ksocklnd(O) lnet(O) libcfs(O)
00052 CPU: 1 UID: 0 PID: 1756 Comm: mdt00_002 Tainted: G        W  O        7.0.0-ktest-6eb18a2-6330a45-20260928-dirty #1 PREEMPT 
00052 Tainted: [W]=WARN, [O]=OOT_MODULE
00052 Hardware name: QEMU Standard PC (Q35 + ICH9, 2009), BIOS 2025.11-3ubuntu7 03/31/2026
00052 RIP: 0010:osd_create+0x9cf/0xcf0 [osd_wbcfs]
00052 Code: c7 c7 00 96 7b a1 48 c7 c6 a0 12 7d a1 48 c7 c2 00 1c 7d a1 e8 52 f1 43 ff 48 c7 c7 00 96 7b a1 e8 46 81 44 ff e9 fe fc ff ff <0f> 0b e9 a5 fa ff ff 48 c7 c1 80 44 5d a0 80 e1 07 80 c1 03 38 c1
00052 RSP: 0018:ffffc900013572e8 EFLAGS: 00010246
00052 RAX: 0000000000000000 RBX: ffff88814bbcf400 RCX: 0000000000000046
00052 RDX: 0000000000000000 RSI: ffff8880403e57f0 RDI: ffff88803da78998
00052 RBP: ffff8880403e5760 R08: ffff888122e7a8c3 R09: 1ffff110245cf518
00052 R10: dffffc0000000000 R11: ffffed10245cf519 R12: ffff88814e2b02c8
00052 R13: dffffc0000000000 R14: 1ffff11029779e80 R15: 1ffff11006bf84c8
00052 FS:  0000000000000000(0000) GS:ffff8881d4aa9000(0000) knlGS:0000000000000000
00052 CS:  0010 DS: 0000 ES: 0000 CR0: 0000000080050033
00052 CR2: 00007f0958b8e270 CR3: 0000000040040000 CR4: 0000000000750eb0
00052 PKRU: 55555554
00052 Call Trace:
00052  <TASK>
00052  ? lod_sub_create+0x168a/0x1940 [lod]
00052  ? dt_write_lock+0x16d/0x2a0 [obdclass]
00052  ? lod_create+0x10d/0x720 [lod]
00052  ? mdd_create_object_internal+0x18f/0x320 [mdd]
00052  ? mdd_create_object+0xab/0x1ce0 [mdd]
00052  ? mdd_create+0x202b/0x4110 [mdd]
00052  ? lustre_msg_get_versions+0x49/0x160 [ptlrpc]
00052  ? mdt_reint_open+0x434b/0x8480 [mdt]
00052  ? mdt_reint_rec+0x10f/0x530 [mdt]
00052  ? mdt_reint_internal+0x9d5/0x11a0 [mdt]
00052  ? mdt_intent_open+0x18b/0x9a0 [mdt]
00052  ? mdt_intent_policy+0x1639/0x2300 [mdt]
00052  ? mdt_register_lwp_callback+0x620/0x620 [mdt]
00052  ? mdt_seq_init+0x1ef0/0x1ef0 [mdt]
00052  ? ldlm_lock_enqueue+0x221/0x16c0 [ptlrpc]
00052  ? ldlm_handle_enqueue+0x139f/0x3250 [ptlrpc]
00052  ? tgt_enqueue+0x19b/0x550 [ptlrpc]
00052  ? tgt_request_handle+0x23ad/0x3d30 [ptlrpc]
00052  ? ptlrpc_main+0x6359/0x96f0 [ptlrpc]
00052  ? __kthread_parkme+0x73/0x130
00052  ? kthread+0x2cd/0x3a0
00052  ? ptlrpc_start_thread+0x1f10/0x1f10 [ptlrpc]
00052  ? kthread_unuse_mm+0x130/0x130
00052  ? ret_from_fork+0x18c/0x520
00052  ? kthread_unuse_mm+0x130/0x130
00052  ? ret_from_fork_asm+0x11/0x20
00052  </TASK>
00052 ---[ end trace 0000000000000000 ]---
00052 ------------[ cut here ]------------
00052 WARNING: /home/ktest/git/linux/include/linux/fs.h:889 at ll_iget+0x592/0x850 [lustre], CPU#3: tee/3414
00052 Modules linked in: ofd(O) osp(O) mdd(O) lod(O) mdt(O) lquota(O) lfsck(O) mgs(O) osd_wbcfs(O) lustre(O) obdecho(O) mgc(O) mdc(O) lov(O) osc(O) lmv(O) ec(O) fid(O) fld(O) ptlrpc(O) efivarfs obdclass(O) ksocklnd(O) lnet(O) libcfs(O)
00052 CPU: 3 UID: 0 PID: 3414 Comm: tee Tainted: G        W  O        7.0.0-ktest-6eb18a2-6330a45-20260928-dirty #1 PREEMPT 
00052 Tainted: [W]=WARN, [O]=OOT_MODULE
00052 Hardware name: QEMU Standard PC (Q35 + ICH9, 2009), BIOS 2025.11-3ubuntu7 03/31/2026
00052 RIP: 0010:ll_iget+0x592/0x850 [lustre]
00052 Code: 48 c7 c6 40 52 76 a1 48 c7 c2 80 52 76 a1 e8 45 76 d4 fe 48 c7 c7 80 d7 a6 a1 e8 39 06 d5 fe 48 89 df 4c 89 fe e9 34 fb ff ff <0f> 0b e9 89 fb ff ff 0f 0b e9 f0 fc ff ff 48 c7 c1 80 44 5d a0 80
00052 RSP: 0018:ffffc9000967f6c8 EFLAGS: 00010246
00052 RAX: 0000000000000000 RBX: ffff88803d300f80 RCX: 0000000000000046
00052 RDX: 0000000000000000 RSI: ffff88803d301010 RDI: ffff88803379cb18
00052 RBP: ffff88805245b000 R08: ffff88803d45e883 R09: 1ffff11007a8bd10
00052 R10: dffffc0000000000 R11: ffffed1007a8bd11 R12: dffffc0000000000
00052 R13: dffffc0000000000 R14: ffffc9000967f780 R15: 0200000402000005
00052 FS:  00007ff16d535740(0000) GS:ffff8881d4ba9000(0000) knlGS:0000000000000000
00052 CS:  0010 DS: 0000 ES: 0000 CR0: 0000000080050033
00052 CR2: 0000561bfed05a68 CR3: 000000000caf0000 CR4: 0000000000750eb0
00052 PKRU: 55555554
00052 Call Trace:
00052  <TASK>
00052  ll_prep_inode+0x682/0x1310 [lustre]
00052  ll_create_it+0x52f/0x15d0 [lustre]
00052  ll_lookup_it+0x2bac/0x4650 [lustre]
00052  ? __alloc_tagging_slab_alloc_hook+0x136/0x190
00052  ll_atomic_open+0x950/0x1690 [lustre]
00052  atomic_open+0x162/0x320
00052  path_openat+0xcda/0x2630
00052  do_file_open+0x19b/0x360
00052  ? _raw_spin_unlock+0x23/0x40
00052  ? alloc_fd+0x42c/0x480
00052  do_sys_openat2+0x84/0xf0
00052  __x64_sys_openat+0xf8/0x120
00052  do_syscall_64+0xc1/0x350
00052  entry_SYSCALL_64_after_hwframe+0x4b/0x53
00052 RIP: 0033:0x7ff16d31b445
00052 Code: 83 e2 40 75 50 89 f0 f7 d0 a9 00 00 41 00 74 45 80 3d 0e 0c 0f 00 00 74 60 89 da 4c 89 e6 bf 9c ff ff ff b8 01 01 00 00 0f 05 <48> 3d 00 f0 ff ff 0f 87 7f 00 00 00 48 8b 55 b8 64 48 2b 14 25 28
00052 RSP: 002b:00007fffdb61b760 EFLAGS: 00000202 ORIG_RAX: 0000000000000101
00052 RAX: ffffffffffffffda RBX: 0000000000000241 RCX: 00007ff16d31b445
00052 RDX: 0000000000000241 RSI: 00007fffdb61f810 RDI: 00000000ffffff9c
00052 RBP: 00007fffdb61b7d0 R08: 0000000000000004 R09: 0000000000000001
00052 R10: 00000000000001b6 R11: 0000000000000202 R12: 00007fffdb61f810
00052 R13: 0000563bd1b2016f R14: 0000563bd1b2016f R15: 0000563bd1b2016f
00052  </TASK>
00052 ---[ end trace 0000000000000000 ]---
00052 ------------[ cut here ]------------
00052 WARNING: /home/ktest/git/linux/include/linux/fs.h:889 at cl_file_inode_init+0x5f8/0x7a0 [lustre], CPU#3: tee/3414
00052 Modules linked in: ofd(O) osp(O) mdd(O) lod(O) mdt(O) lquota(O) lfsck(O) mgs(O) osd_wbcfs(O) lustre(O) obdecho(O) mgc(O) mdc(O) lov(O) osc(O) lmv(O) ec(O) fid(O) fld(O) ptlrpc(O) efivarfs obdclass(O) ksocklnd(O) lnet(O) libcfs(O)
00052 CPU: 3 UID: 0 PID: 3414 Comm: tee Tainted: G        W  O        7.0.0-ktest-6eb18a2-6330a45-20260928-dirty #1 PREEMPT 
00052 Tainted: [W]=WARN, [O]=OOT_MODULE
00052 Hardware name: QEMU Standard PC (Q35 + ICH9, 2009), BIOS 2025.11-3ubuntu7 03/31/2026
00052 RIP: 0010:cl_file_inode_init+0x5f8/0x7a0 [lustre]
00052 Code: c7 c7 c0 b3 a8 a1 48 c7 c6 c0 e3 76 a1 48 c7 c2 00 e4 76 a1 e8 f9 4e cf fe 48 c7 c7 c0 b3 a8 a1 e8 ed de cf fe e9 eb fb ff ff <0f> 0b e9 63 fc ff ff c7 05 ef c6 17 00 00 00 04 00 48 c7 c7 c0 b6
00052 RSP: 0018:ffffc9000967f4c0 EFLAGS: 00010246
00052 RAX: 0000000000000000 RBX: ffff88803d300f80 RCX: 0000000000000046
00052 RDX: ffff88803d300eac RSI: ffff88803d301010 RDI: ffff88803379cb18
00052 RBP: dffffc0000000000 R08: ffff888122e7aa43 R09: 1ffff110245cf548
00052 R10: dffffc0000000000 R11: ffffed10245cf549 R12: ffff888108645418
00052 R13: 1ffff11007a60328 R14: ffff88803d301940 R15: ffff888154085800
00052 FS:  00007ff16d535740(0000) GS:ffff8881d4ba9000(0000) knlGS:0000000000000000
00052 CS:  0010 DS: 0000 ES: 0000 CR0: 0000000080050033
00052 CR2: 0000561bfed05a68 CR3: 000000000caf0000 CR4: 0000000000750eb0
00052 PKRU: 55555554
00052 Call Trace:
00052  <TASK>
00052  ll_update_inode+0xfa/0x3ef0 [lustre]
00052  ? report_bug+0x87/0xc0
00052  ? inode_set_ctime_to_ts+0x7f/0x1b0
00052  ll_read_inode2+0x23d/0x9f0 [lustre]
00052  ll_iget+0x201/0x850 [lustre]
00052  ll_prep_inode+0x682/0x1310 [lustre]
00052  ll_create_it+0x52f/0x15d0 [lustre]
00052  ll_lookup_it+0x2bac/0x4650 [lustre]
00052  ? __alloc_tagging_slab_alloc_hook+0x136/0x190
00052  ll_atomic_open+0x950/0x1690 [lustre]
00052  atomic_open+0x162/0x320
00052  path_openat+0xcda/0x2630
00052  do_file_open+0x19b/0x360
00052  ? _raw_spin_unlock+0x23/0x40
00052  ? alloc_fd+0x42c/0x480
00052  do_sys_openat2+0x84/0xf0
00052  __x64_sys_openat+0xf8/0x120
00052  do_syscall_64+0xc1/0x350
00052  entry_SYSCALL_64_after_hwframe+0x4b/0x53
00052 RIP: 0033:0x7ff16d31b445
00052 Code: 83 e2 40 75 50 89 f0 f7 d0 a9 00 00 41 00 74 45 80 3d 0e 0c 0f 00 00 74 60 89 da 4c 89 e6 bf 9c ff ff ff b8 01 01 00 00 0f 05 <48> 3d 00 f0 ff ff 0f 87 7f 00 00 00 48 8b 55 b8 64 48 2b 14 25 28
00052 RSP: 002b:00007fffdb61b760 EFLAGS: 00000202 ORIG_RAX: 0000000000000101
00052 RAX: ffffffffffffffda RBX: 0000000000000241 RCX: 00007ff16d31b445
00052 RDX: 0000000000000241 RSI: 00007fffdb61f810 RDI: 00000000ffffff9c
00052 RBP: 00007fffdb61b7d0 R08: 0000000000000004 R09: 0000000000000001
00052 R10: 00000000000001b6 R11: 0000000000000202 R12: 00007fffdb61f810
00052 R13: 0000563bd1b2016f R14: 0000563bd1b2016f R15: 0000563bd1b2016f
00052  </TASK>
00052 ---[ end trace 0000000000000000 ]---
00052 mgs.MGS.exports.0@lo.export=
00052 139fefee-b18b-4d81-bc04-e3ca84d3157d:
00052     name: MGS
00052     client: 0@lo
00052     connect_flags: [ version, mgs_nidlist, barrier, adaptive_timeouts, full20, imp_recov, bulk_mbits, second_flags, reply_mbits, large_nid ]
00052     connect_data:
00052        flags: 0xa000011001002060
00052        instance: 0
00052        target_version: 2.17.54.0
00052     export_flags: [  ]
00052 9336504a-2d2f-4725-8fbc-0f410765fd34:
00052     name: MGS
00052     client: 0@lo
00052     connect_flags: [ version, mgs_nidlist, barrier, adaptive_timeouts, full20, imp_recov, bulk_mbits, second_flags, reply_mbits, large_nid ]
00052     connect_data:
00052        flags: 0xa000011001002060
00052        instance: 0
00052        target_version: 2.17.54.0
00052     export_flags: [  ]
00052 tee (3414) used greatest stack depth: 23952 bytes left
00052 PASS 0d (1s)
00052 
00052 == sanity test 0e: Enable DNE MDT balancing for mkdir in the ROOT ========================================================== 23:30:41 (1790638241)
00052 Lustre: DEBUG MARKER: == sanity test 0e: Enable DNE MDT balancing for mkdir in the ROOT ========================================================== 23:30:41 (1790638241)
00052 
00052  SKIP: sanity test_0e We need at least 2 MDTs for this test
00053 Lustre: DEBUG MARKER: SKIP: sanity test_0e We need at least 2 MDTs for this test
00053 SKIP 0e (0s)
00053 
00053 == sanity test 1: mkdir; remkdir; rmdir ================== 23:30:42 (1790638242)
00053 Lustre: DEBUG MARKER: == sanity test 1: mkdir; remkdir; rmdir ================== 23:30:42 (1790638242)
00053 ------------[ cut here ]------------
00053 WARNING: /home/ktest/git/linux/include/linux/fs.h:889 at osd_create+0x9cf/0xcf0 [osd_wbcfs], CPU#3: mdt00_004/1861
00053 ------------[ cut here ]------------
00053 Modules linked in: ofd(O) osp(O) mdd(O) lod(O) mdt(O) lquota(O) lfsck(O) mgs(O) osd_wbcfs(O) lustre(O) obdecho(O) mgc(O) mdc(O) lov(O) osc(O) lmv(O) ec(O) fid(O) fld(O) ptlrpc(O) efivarfs obdclass(O) ksocklnd(O) lnet(O) libcfs(O)
00053 WARNING: /home/ktest/git/linux/include/linux/fs.h:889 at osd_create+0x9cf/0xcf0 [osd_wbcfs], CPU#2: mdt_out00_000/1759
00053 
00053 CPU: 3 UID: 0 PID: 1861 Comm: mdt00_004 Tainted: G        W  O        7.0.0-ktest-6eb18a2-6330a45-20260928-dirty #1 PREEMPT 
00053 Tainted: [W]=WARN, [O]=OOT_MODULE
00053 Modules linked in:
00053 Hardware name: QEMU Standard PC (Q35 + ICH9, 2009), BIOS 2025.11-3ubuntu7 03/31/2026
00053 RIP: 0010:osd_create+0x9cf/0xcf0 [osd_wbcfs]
00053  ofd(O)
00053 Code: c7 c7 00 96 7b a1 48 c7 c6 a0 12 7d a1 48 c7 c2 00 1c 7d a1 e8 52 f1 43 ff 48 c7 c7 00 96 7b a1 e8 46 81 44 ff e9 fe fc ff ff <0f> 0b e9 a5 fa ff ff 48 c7 c1 80 44 5d a0 80 e1 07 80 c1 03 38 c1
00053 RSP: 0018:ffffc90001d875a8 EFLAGS: 00010246
00053 RAX: 0000000000000000 RBX: ffff88810487e400 RCX: 0000000000000046
00053 RDX: 0000000000000000 RSI: ffff88814bffd0d8 RDI: ffff8881088f4b18
00053  osp(O)
00053 RBP: ffff88814bffd048 R08: ffff888122e7aa43 R09: 1ffff110245cf548
00053 R10: dffffc0000000000 R11: ffffed10245cf549 R12: ffff88814f6ce2c8
00053 R13: dffffc0000000000 R14: 1ffff1102090fc80 R15: 1ffff1102937f2c8
00053 FS:  0000000000000000(0000) GS:ffff8881d4ba9000(0000) knlGS:0000000000000000
00053 CS:  0010 DS: 0000 ES: 0000 CR0: 0000000080050033
00053  mdd(O)
00053 CR2: 00007fb822ef5ad0 CR3: 00000000110e7000 CR4: 0000000000750eb0
00053 PKRU: 55555554
00053 Call Trace:
00053  <TASK>
00053  lod(O)
00053  ? lod_sub_create+0x168a/0x1940 [lod]
00053  mdt(O)
00053  ? lod_create+0x10d/0x720 [lod]
00053  lquota(O)
00053  ? mdd_create_object_internal+0x18f/0x320 [mdd]
00053  lfsck(O)
00053  ? mdd_create_object+0xab/0x1ce0 [mdd]
00053  mgs(O)
00053  ? mdd_create+0x202b/0x4110 [mdd]
00053  osd_wbcfs(O)
00053  ? mdt_reint_create+0x2761/0x4e70 [mdt]
00053  lustre(O)
00053  ? mdt_reint_rec+0x10f/0x530 [mdt]
00053  obdecho(O)
00053  ? mdt_reint_internal+0x9d5/0x11a0 [mdt]
00053  mgc(O)
00053  ? tsi2mdt_info+0x319/0x520 [mdt]
00053  mdc(O)
00053  ? mdt_reint+0x115/0x270 [mdt]
00053  lov(O)
00053  ? tgt_request_handle+0x23ad/0x3d30 [ptlrpc]
00053  osc(O)
00053  ? ptlrpc_main+0x6359/0x96f0 [ptlrpc]
00053  lmv(O)
00053  ? __kthread_parkme+0x73/0x130
00053  ec(O)
00053  ? kthread+0x2cd/0x3a0
00053  ? ptlrpc_start_thread+0x1f10/0x1f10 [ptlrpc]
00053  fid(O) fld(O) ptlrpc(O) efivarfs obdclass(O) ksocklnd(O) lnet(O) libcfs(O)
00053 CPU: 2 UID: 0 PID: 1759 Comm: mdt_out00_000 Tainted: G        W  O        7.0.0-ktest-6eb18a2-6330a45-20260928-dirty #1 PREEMPT 
00053 Tainted: [W]=WARN, [O]=OOT_MODULE
00053 Hardware name: QEMU Standard PC (Q35 + ICH9, 2009), BIOS 2025.11-3ubuntu7 03/31/2026
00053 RIP: 0010:osd_create+0x9cf/0xcf0 [osd_wbcfs]
00053 Code: c7 c7 00 96 7b a1 48 c7 c6 a0 12 7d a1 48 c7 c2 00 1c 7d a1 e8 52 f1 43 ff 48 c7 c7 00 96 7b a1 e8 46 81 44 ff e9 fe fc ff ff <0f> 0b e9 a5 fa ff ff 48 c7 c1 80 44 5d a0 80 e1 07 80 c1 03 38 c1
00053 RSP: 0018:ffffc900013977f8 EFLAGS: 00010246
00053 RAX: 0000000000000000 RBX: ffff8881481f0c00 RCX: 0000000000000046
00053 RDX: 0000000000000000 RSI: ffff88814a6ef450 RDI: ffff88814c85cb18
00053 RBP: ffff88814a6ef3c0 R08: ffff888122e7a983 R09: 1ffff110245cf530
00053 R10: dffffc0000000000 R11: ffffed10245cf531 R12: ffff88814c32b030
00053 R13: dffffc0000000000 R14: 1ffff1102903e180 R15: 1ffff11029865618
00053 FS:  0000000000000000(0000) GS:ffff8881d4b29000(0000) knlGS:0000000000000000
00053 CS:  0010 DS: 0000 ES: 0000 CR0: 0000000080050033
00053 CR2: 00007fb47dcee300 CR3: 0000000004274000 CR4: 0000000000750eb0
00053 PKRU: 55555554
00053 Call Trace:
00053  ? kthread_unuse_mm+0x130/0x130
00053  ? ret_from_fork+0x18c/0x520
00053  ? kthread_unuse_mm+0x130/0x130
00053  <TASK>
00053  ? ret_from_fork_asm+0x11/0x20
00053  </TASK>
00053  ? out_tx_create_exec+0x277/0x7a0 [ptlrpc]
00053 ---[ end trace 0000000000000000 ]---
00053 ------------[ cut here ]------------
00053  ? tx_add_exec+0xd70/0xd70 [ptlrpc]
00053 WARNING: /home/ktest/git/linux/include/linux/fs.h:889 at osd_create+0x9cf/0xcf0 [osd_wbcfs], CPU#3: mdt00_004/1861
00053  ? out_tx_end+0x3e3/0x1190 [ptlrpc]
00053 Modules linked in: ofd(O) osp(O) mdd(O) lod(O) mdt(O) lquota(O) lfsck(O) mgs(O) osd_wbcfs(O) lustre(O) obdecho(O)
00053  ? out_handle+0x5286/0x6240 [ptlrpc]
00053  mgc(O) mdc(O) lov(O) osc(O) lmv(O) ec(O) fid(O) fld(O) ptlrpc(O) efivarfs obdclass(O) ksocklnd(O) lnet(O) libcfs(O)
00053  ? tgt_request_handle+0x23ad/0x3d30 [ptlrpc]
00053 
00053 CPU: 3 UID: 0 PID: 1861 Comm: mdt00_004 Tainted: G        W  O        7.0.0-ktest-6eb18a2-6330a45-20260928-dirty #1 PREEMPT 
00053 Tainted: [W]=WARN, [O]=OOT_MODULE
00053 Hardware name: QEMU Standard PC (Q35 + ICH9, 2009), BIOS 2025.11-3ubuntu7 03/31/2026
00053 RIP: 0010:osd_create+0x9cf/0xcf0 [osd_wbcfs]
00053  ? ptlrpc_main+0x6359/0x96f0 [ptlrpc]
00053 Code: c7 c7 00 96 7b a1 48 c7 c6 a0 12 7d a1 48 c7 c2 00 1c 7d a1 e8 52 f1 43 ff 48 c7 c7 00 96 7b a1 e8 46 81 44 ff e9 fe fc ff ff <0f> 0b e9 a5 fa ff ff 48 c7 c1 80 44 5d a0 80 e1 07 80 c1 03 38 c1
00053 RSP: 0018:ffffc90001d87370 EFLAGS: 00010246
00053 RAX: 0000000000000000 RBX: ffff888104357800 RCX: 0000000000000046
00053 RDX: 0000000000000000 RSI: ffff88814bffc9c0 RDI: ffff8881088f4b40
00053 RBP: ffff88814bffc930 R08: ffff888122e7aa43 R09: 1ffff110245cf548
00053 R10: dffffc0000000000 R11: ffffed10245cf549 R12: ffff88814bb61800
00053 R13: dffffc0000000000 R14: 1ffff1102086af00 R15: 1ffff1102976c30f
00053  ? __kthread_parkme+0x73/0x130
00053 FS:  0000000000000000(0000) GS:ffff8881d4ba9000(0000) knlGS:0000000000000000
00053 CS:  0010 DS: 0000 ES: 0000 CR0: 0000000080050033
00053 CR2: 00007fb822ef5ad0 CR3: 00000000110e7000 CR4: 0000000000750eb0
00053 PKRU: 55555554
00053 Call Trace:
00053  ? kthread+0x2cd/0x3a0
00053  <TASK>
00053  ? llog_osd_create+0x605/0x10d0 [obdclass]
00053  ? ptlrpc_start_thread+0x1f10/0x1f10 [ptlrpc]
00053  ? llog_create+0x2ed/0x530 [obdclass]
00053  ? llog_cat_new_log+0x6d1/0x2970 [obdclass]
00053  ? llog_cat_add_rec+0x6ba/0x1960 [obdclass]
00053  ? llog_add+0x2cb/0x470 [obdclass]
00053  ? kthread_unuse_mm+0x130/0x130
00053  ? sub_updates_write+0x1444/0x49d0 [ptlrpc]
00053  ? prepare_writing_updates+0x256b/0x27c0 [ptlrpc]
00053  ? ret_from_fork+0x18c/0x520
00053  ? top_trans_stop+0x5f4/0x1bf0 [ptlrpc]
00053  ? kthread_unuse_mm+0x130/0x130
00053  ? mdd_trans_stop+0xa5/0x320 [mdd]
00053  ? ret_from_fork_asm+0x11/0x20
00053  ? mdd_create+0x2d26/0x4110 [mdd]
00053  </TASK>
00053  ? mdt_reint_create+0x2761/0x4e70 [mdt]
00053 ---[ end trace 0000000000000000 ]---
00053  ? mdt_reint_rec+0x10f/0x530 [mdt]
00053  ? mdt_reint_internal+0x9d5/0x11a0 [mdt]
00053  ? tsi2mdt_info+0x319/0x520 [mdt]
00053  ? mdt_reint+0x115/0x270 [mdt]
00053  ? tgt_request_handle+0x23ad/0x3d30 [ptlrpc]
00053  ? ptlrpc_main+0x6359/0x96f0 [ptlrpc]
00053  ? __kthread_parkme+0x73/0x130
00053  ? kthread+0x2cd/0x3a0
00053  ? ptlrpc_start_thread+0x1f10/0x1f10 [ptlrpc]
00053  ? kthread_unuse_mm+0x130/0x130
00053 ------------[ cut here ]------------
00053  ? ret_from_fork+0x18c/0x520
00053 WARNING: /home/ktest/git/linux/include/linux/fs.h:889 at osd_create+0x9cf/0xcf0 [osd_wbcfs], CPU#1: mdt_out00_001/1760
00053  ? kthread_unuse_mm+0x130/0x130
00053 Modules linked in:
00053  ? ret_from_fork_asm+0x11/0x20
00053  ofd(O)
00053  </TASK>
00053  osp(O)
00053 ---[ end trace 0000000000000000 ]---
00053  mdd(O) lod(O) mdt(O) lquota(O) lfsck(O) mgs(O) osd_wbcfs(O) lustre(O) obdecho(O) mgc(O) mdc(O) lov(O) osc(O) lmv(O) ec(O) fid(O) fld(O) ptlrpc(O) efivarfs obdclass(O) ksocklnd(O) lnet(O) libcfs(O)
00053 CPU: 1 UID: 0 PID: 1760 Comm: mdt_out00_001 Tainted: G        W  O        7.0.0-ktest-6eb18a2-6330a45-20260928-dirty #1 PREEMPT 
00053 Tainted: [W]=WARN, [O]=OOT_MODULE
00053 Hardware name: QEMU Standard PC (Q35 + ICH9, 2009), BIOS 2025.11-3ubuntu7 03/31/2026
00053 RIP: 0010:osd_create+0x9cf/0xcf0 [osd_wbcfs]
00053 Code: c7 c7 00 96 7b a1 48 c7 c6 a0 12 7d a1 48 c7 c2 00 1c 7d a1 e8 52 f1 43 ff 48 c7 c7 00 96 7b a1 e8 46 81 44 ff e9 fe fc ff ff <0f> 0b e9 a5 fa ff ff 48 c7 c1 80 44 5d a0 80 e1 07 80 c1 03 38 c1
00053 RSP: 0018:ffffc900013a77f8 EFLAGS: 00010246
00053 RAX: 0000000000000000 RBX: ffff88814ad29800 RCX: 0000000000000046
00053 RDX: 0000000000000000 RSI: ffff8880403e50d8 RDI: ffff88814c858998
00053 RBP: ffff8880403e5048 R08: ffff888122e7a8c3 R09: 1ffff110245cf518
00053 R10: dffffc0000000000 R11: ffffed10245cf519 R12: ffff888149bea630
00053 R13: dffffc0000000000 R14: 1ffff110295a5300 R15: 1ffff1102937d4d8
00053 FS:  0000000000000000(0000) GS:ffff8881d4aa9000(0000) knlGS:0000000000000000
00053 CS:  0010 DS: 0000 ES: 0000 CR0: 0000000080050033
00053 CR2: 00007ff9878ee300 CR3: 0000000004274000 CR4: 0000000000750eb0
00053 PKRU: 55555554
00053 Call Trace:
00053  <TASK>
00053  ? out_tx_create_exec+0x277/0x7a0 [ptlrpc]
00053  ? tx_add_exec+0xd70/0xd70 [ptlrpc]
00053  ? out_tx_end+0x3e3/0x1190 [ptlrpc]
00053  ? out_handle+0x5286/0x6240 [ptlrpc]
00053  ? tgt_request_handle+0x23ad/0x3d30 [ptlrpc]
00053  ? ptlrpc_main+0x6359/0x96f0 [ptlrpc]
00053  ? __kthread_parkme+0x73/0x130
00053  ? kthread+0x2cd/0x3a0
00053  ? ptlrpc_start_thread+0x1f10/0x1f10 [ptlrpc]
00053  ? kthread_unuse_mm+0x130/0x130
00053  ? ret_from_fork+0x18c/0x520
00053  ? kthread_unuse_mm+0x130/0x130
00053  ? ret_from_fork_asm+0x11/0x20
00053  </TASK>
00053 ---[ end trace 0000000000000000 ]---
00053 LustreError: 1794:0:(osd_dirent.c:113:osd_index_dir_insert()) lustre-MDT0000: lookup [0x240000402:0x1:0x0] from icache failed: rc=-22
00053 Lustre: 1794:0:(out_handler.c:886:out_tx_end()) lustre-MDT0000-osd: error during execution of #0 from lustre/ptlrpc/../target/out_handler.c:535: rc = -22
00053 mkdir: cannot create directory '/mnt/lustre/d1.sanity': Invalid argument
00053  sanity test_1: @@@@@@ FAIL: mkdir '/mnt/lustre/d1.sanity' failed 
00053 Lustre: DEBUG MARKER: sanity test_1: @@@@@@ FAIL: mkdir '/mnt/lustre/d1.sanity' failed
00053   Trace dump:
00053   = /host/home/ktest/git/lustre-release/lustre/tests/test-framework.sh:7447:error()
00053   = /host/home/ktest/git/lustre-release/lustre/tests/test-framework.sh:10495:test_mkdir()
00053   = /host/home/ktest/git/lustre-release/lustre/tests/sanity.sh:356:test_1()
00053   = /host/home/ktest/git/lustre-release/lustre/tests/test-framework.sh:7823:run_one()
00053   = /host/home/ktest/git/lustre-release/lustre/tests/test-framework.sh:7886:run_one_logged()
00053   = /host/home/ktest/git/lustre-release/lustre/tests/test-framework.sh:7686:run_test()
00053   = /host/home/ktest/git/lustre-release/lustre/tests/sanity.sh:364:main()
00053 Dumping lctl log to /tmp/test_logs/2026-09-28/233028/sanity.test_1.*.1790638242.log
00053 Dumping logs only on local client.
00053 FAIL 1 (0s)
00053 
00054 == sanity test 2: mkdir; touch; rmdir; check file ======== 23:30:42 (1790638242)
00054 Lustre: DEBUG MARKER: == sanity test 2: mkdir; touch; rmdir; check file ======== 23:30:42 (1790638242)
00054 ------------[ cut here ]------------
00054 WARNING: /home/ktest/git/linux/include/linux/fs.h:889 at osd_create+0x9cf/0xcf0 [osd_wbcfs], CPU#1: mdt00_002/1756
00054 Modules linked in: ofd(O) osp(O) mdd(O) lod(O) mdt(O) lquota(O) lfsck(O) mgs(O) osd_wbcfs(O) lustre(O) obdecho(O) mgc(O) mdc(O) lov(O) osc(O) lmv(O) ec(O) fid(O) fld(O) ptlrpc(O) efivarfs obdclass(O) ksocklnd(O) lnet(O) libcfs(O)
00054 CPU: 1 UID: 0 PID: 1756 Comm: mdt00_002 Tainted: G        W  O        7.0.0-ktest-6eb18a2-6330a45-20260928-dirty #1 PREEMPT 
00054 Tainted: [W]=WARN, [O]=OOT_MODULE
00054 Hardware name: QEMU Standard PC (Q35 + ICH9, 2009), BIOS 2025.11-3ubuntu7 03/31/2026
00054 RIP: 0010:osd_create+0x9cf/0xcf0 [osd_wbcfs]
00054 Code: c7 c7 00 96 7b a1 48 c7 c6 a0 12 7d a1 48 c7 c2 00 1c 7d a1 e8 52 f1 43 ff 48 c7 c7 00 96 7b a1 e8 46 81 44 ff e9 fe fc ff ff <0f> 0b e9 a5 fa ff ff 48 c7 c1 80 44 5d a0 80 e1 07 80 c1 03 38 c1
00054 RSP: 0018:ffffc900013575a8 EFLAGS: 00010246
00054 RAX: 0000000000000000 RBX: ffff88814abf9800 RCX: 0000000000000046
00054 RDX: 0000000000000000 RSI: ffff8880403e49c0 RDI: ffff88803da78998
00054 RBP: ffff8880403e4930 R08: ffff888122e7a8c3 R09: 1ffff110245cf518
00054 R10: dffffc0000000000 R11: ffffed10245cf519 R12: ffff88814e2b02c8
00054 R13: dffffc0000000000 R14: 1ffff1102957f300 R15: 1ffff11006bf84c8
00054 FS:  0000000000000000(0000) GS:ffff8881d4aa9000(0000) knlGS:0000000000000000
00054 CS:  0010 DS: 0000 ES: 0000 CR0: 0000000080050033
00054 CR2: 00005576ae20f820 CR3: 000000003d582000 CR4: 0000000000750eb0
00054 PKRU: 55555554
00054 Call Trace:
00054  <TASK>
00054  ? lod_sub_create+0x168a/0x1940 [lod]
00054  ? dt_write_lock+0x16d/0x2a0 [obdclass]
00054  ? lod_create+0x10d/0x720 [lod]
00054  ? mdd_create_object_internal+0x18f/0x320 [mdd]
00054  ? mdd_create_object+0xab/0x1ce0 [mdd]
00054  ? mdd_create+0x202b/0x4110 [mdd]
00054  ? mdt_reint_create+0x2761/0x4e70 [mdt]
00054  ? mdt_reint_rec+0x10f/0x530 [mdt]
00054  ? mdt_reint_internal+0x9d5/0x11a0 [mdt]
00054  ? tsi2mdt_info+0x319/0x520 [mdt]
00054  ? mdt_reint+0x115/0x270 [mdt]
00054  ? tgt_request_handle+0x23ad/0x3d30 [ptlrpc]
00054  ? ptlrpc_main+0x6359/0x96f0 [ptlrpc]
00054  ? __kthread_parkme+0x73/0x130
00054  ? kthread+0x2cd/0x3a0
00054  ? ptlrpc_start_thread+0x1f10/0x1f10 [ptlrpc]
00054  ? kthread_unuse_mm+0x130/0x130
00054  ? ret_from_fork+0x18c/0x520
00054  ? kthread_unuse_mm+0x130/0x130
00054  ? ret_from_fork_asm+0x11/0x20
00054  </TASK>
00054 ---[ end trace 0000000000000000 ]---
00054 ------------[ cut here ]------------
00054 WARNING: /home/ktest/git/linux/include/linux/fs.h:889 at ll_iget+0x592/0x850 [lustre], CPU#2: mkdir/3679
00054 Modules linked in: ofd(O) osp(O) mdd(O) lod(O) mdt(O) lquota(O) lfsck(O) mgs(O) osd_wbcfs(O) lustre(O) obdecho(O) mgc(O) mdc(O) lov(O) osc(O) lmv(O) ec(O) fid(O) fld(O) ptlrpc(O) efivarfs obdclass(O) ksocklnd(O) lnet(O) libcfs(O)
00054 CPU: 2 UID: 0 PID: 3679 Comm: mkdir Tainted: G        W  O        7.0.0-ktest-6eb18a2-6330a45-20260928-dirty #1 PREEMPT 
00054 Tainted: [W]=WARN, [O]=OOT_MODULE
00054 Hardware name: QEMU Standard PC (Q35 + ICH9, 2009), BIOS 2025.11-3ubuntu7 03/31/2026
00054 RIP: 0010:ll_iget+0x592/0x850 [lustre]
00054 Code: 48 c7 c6 40 52 76 a1 48 c7 c2 80 52 76 a1 e8 45 76 d4 fe 48 c7 c7 80 d7 a6 a1 e8 39 06 d5 fe 48 89 df 4c 89 fe e9 34 fb ff ff <0f> 0b e9 89 fb ff ff 0f 0b e9 f0 fc ff ff 48 c7 c1 80 44 5d a0 80
00054 RSP: 0018:ffffc90009e9f9f0 EFLAGS: 00010246
00054 RAX: 0000000000000000 RBX: ffff8880398bd6c0 RCX: 0000000000000046
00054 RDX: 0000000000000000 RSI: ffff8880398bd750 RDI: ffff88814b8a0998
00054 RBP: ffff88805245b000 R08: ffff88803d45e883 R09: 1ffff11007a8bd10
00054 R10: dffffc0000000000 R11: ffffed1007a8bd11 R12: dffffc0000000000
00054 R13: dffffc0000000000 R14: ffffc90009e9faa8 R15: 0200000402000006
00054 FS:  00007fa04e372d00(0000) GS:ffff8881d4b29000(0000) knlGS:0000000000000000
00054 CS:  0010 DS: 0000 ES: 0000 CR0: 0000000080050033
00054 CR2: 00007fa04e0f5ad0 CR3: 000000003dab1000 CR4: 0000000000750eb0
00054 PKRU: 55555554
00054 Call Trace:
00054  <TASK>
00054  ll_prep_inode+0x682/0x1310 [lustre]
00054  ll_new_node_finish+0x179/0x930 [lustre]
00054  ll_new_node+0xd7f/0x1740 [lustre]
00054  ll_mkdir+0x44e/0xf10 [lustre]
00054  vfs_mkdir+0x3c0/0x630
00054  filename_mkdirat+0x14c/0x300
00054  __x64_sys_mkdir+0x74/0x140
00054  do_syscall_64+0xc1/0x350
00054  entry_SYSCALL_64_after_hwframe+0x4b/0x53
00054 RIP: 0033:0x7fa04e11b2fb
00054 Code: 0f 1e fa 48 89 f2 b9 00 01 00 00 48 89 fe bf 9c ff ff ff e9 97 c3 ff ff 0f 1f 80 00 00 00 00 f3 0f 1e fa b8 53 00 00 00 0f 05 <48> 3d 00 f0 ff ff 77 05 c3 0f 1f 40 00 48 8b 15 e9 8a 0e 00 f7 d8
00054 RSP: 002b:00007ffefe4acaa8 EFLAGS: 00000246 ORIG_RAX: 0000000000000053
00054 RAX: ffffffffffffffda RBX: 00007ffefe4ae817 RCX: 00007fa04e11b2fb
00054 RDX: 0000000000000000 RSI: 00000000000001ff RDI: 00007ffefe4ae817
00054 RBP: 00007ffefe4acbc0 R08: 00000000000001ff R09: 0000000000000000
00054 R10: 000055d0d6a3727e R11: 0000000000000246 R12: 00000000000001ff
00054 R13: 0000000000000000 R14: 0000000000000000 R15: 0000000000000000
00054  </TASK>
00054 ---[ end trace 0000000000000000 ]---
00054 ------------[ cut here ]------------
00054 WARNING: /home/ktest/git/linux/include/linux/fs.h:889 at ll_iget+0x592/0x850 [lustre], CPU#3: touch/3680
00054 Modules linked in: ofd(O) osp(O) mdd(O) lod(O) mdt(O) lquota(O) lfsck(O) mgs(O) osd_wbcfs(O) lustre(O) obdecho(O) mgc(O) mdc(O) lov(O) osc(O) lmv(O) ec(O) fid(O) fld(O) ptlrpc(O) efivarfs obdclass(O) ksocklnd(O) lnet(O) libcfs(O)
00054 CPU: 3 UID: 0 PID: 3680 Comm: touch Tainted: G        W  O        7.0.0-ktest-6eb18a2-6330a45-20260928-dirty #1 PREEMPT 
00054 Tainted: [W]=WARN, [O]=OOT_MODULE
00054 Hardware name: QEMU Standard PC (Q35 + ICH9, 2009), BIOS 2025.11-3ubuntu7 03/31/2026
00054 RIP: 0010:ll_iget+0x592/0x850 [lustre]
00054 Code: 48 c7 c6 40 52 76 a1 48 c7 c2 80 52 76 a1 e8 45 76 d4 fe 48 c7 c7 80 d7 a6 a1 e8 39 06 d5 fe 48 89 df 4c 89 fe e9 34 fb ff ff <0f> 0b e9 89 fb ff ff 0f 0b e9 f0 fc ff ff 48 c7 c1 80 44 5d a0 80
00054 RSP: 0018:ffffc90009ecf610 EFLAGS: 00010246
00054 RAX: 0000000000000000 RBX: ffff8880398bd6c0 RCX: 0000000000000046
00054 RDX: 0000000000000000 RSI: ffff8880398bd750 RDI: ffff88803c378970
00054 RBP: ffff88805245b000 R08: ffffffff83a16803 R09: 1ffffffff0742d00
00054 R10: dffffc0000000000 R11: fffffbfff0742d01 R12: dffffc0000000000
00054 R13: dffffc0000000000 R14: ffffc90009ecf6c8 R15: 0200000402000006
00054 FS:  00007f858ce2b740(0000) GS:ffff8881d4ba9000(0000) knlGS:0000000000000000
00054 CS:  0010 DS: 0000 ES: 0000 CR0: 0000000080050033
00054 CR2: 00007f858ccf5ad0 CR3: 00000000373d1000 CR4: 0000000000750eb0
00054 PKRU: 55555554
00054 Call Trace:
00054  <TASK>
00054  ll_prep_inode+0x682/0x1310 [lustre]
00054  ? lustre_swab_barrier_lvb+0xd0/0xd0 [ptlrpc]
00054  ll_lookup_it+0x168c/0x4650 [lustre]
00054  ? d_alloc_parallel+0xe4f/0xfb0
00054  ll_lookup_nd+0x2a7/0x4f0 [lustre]
00054  __lookup_slow+0x1a2/0x260
00054  lookup_slow+0x53/0x70
00054  link_path_walk+0xac4/0x13d0
00054  path_openat+0x236/0x2630
00054  ? kasan_save_track+0x2f/0x60
00054  ? kmem_cache_alloc_noprof+0xea/0x3d0
00054  ? do_getname+0x67/0x190
00054  ? __x64_sys_openat+0xf8/0x120
00054  ? do_syscall_64+0xc1/0x350
00054  ? filemap_map_pages+0x14c/0x1210
00054  do_file_open+0x19b/0x360
00054  ? _raw_spin_unlock+0x23/0x40
00054  ? alloc_fd+0x42c/0x480
00054  do_sys_openat2+0x84/0xf0
00054  __x64_sys_openat+0xf8/0x120
00054  do_syscall_64+0xc1/0x350
00054  entry_SYSCALL_64_after_hwframe+0x4b/0x53
00054 RIP: 0033:0x7f858cd1b445
00054 Code: 83 e2 40 75 50 89 f0 f7 d0 a9 00 00 41 00 74 45 80 3d 0e 0c 0f 00 00 74 60 89 da 4c 89 e6 bf 9c ff ff ff b8 01 01 00 00 0f 05 <48> 3d 00 f0 ff ff 0f 87 7f 00 00 00 48 8b 55 b8 64 48 2b 14 25 28
00054 RSP: 002b:00007ffcae181020 EFLAGS: 00000202 ORIG_RAX: 0000000000000101
00054 RAX: ffffffffffffffda RBX: 0000000000000941 RCX: 00007f858cd1b445
00054 RDX: 0000000000000941 RSI: 00007ffcae18380d RDI: 00000000ffffff9c
00054 RBP: 00007ffcae181090 R08: 0000000000000000 R09: 0000000000000000
00054 R10: 00000000000001b6 R11: 0000000000000202 R12: 00007ffcae18380d
00054 R13: 00007f858ce04248 R14: 0000000000000000 R15: 0000000000000001
00054  </TASK>
00054 ---[ end trace 0000000000000000 ]---
00054 ------------[ cut here ]------------
00054 WARNING: /home/ktest/git/linux/include/linux/fs.h:889 at ll_iget+0x599/0x850 [lustre], CPU#3: touch/3680
00054 Modules linked in: ofd(O) osp(O) mdd(O) lod(O) mdt(O) lquota(O) lfsck(O) mgs(O) osd_wbcfs(O) lustre(O) obdecho(O) mgc(O) mdc(O) lov(O) osc(O) lmv(O) ec(O) fid(O) fld(O) ptlrpc(O) efivarfs obdclass(O) ksocklnd(O) lnet(O) libcfs(O)
00054 CPU: 3 UID: 0 PID: 3680 Comm: touch Tainted: G        W  O        7.0.0-ktest-6eb18a2-6330a45-20260928-dirty #1 PREEMPT 
00054 Tainted: [W]=WARN, [O]=OOT_MODULE
00054 Hardware name: QEMU Standard PC (Q35 + ICH9, 2009), BIOS 2025.11-3ubuntu7 03/31/2026
00054 RIP: 0010:ll_iget+0x599/0x850 [lustre]
00054 Code: 48 c7 c2 80 52 76 a1 e8 45 76 d4 fe 48 c7 c7 80 d7 a6 a1 e8 39 06 d5 fe 48 89 df 4c 89 fe e9 34 fb ff ff 0f 0b e9 89 fb ff ff <0f> 0b e9 f0 fc ff ff 48 c7 c1 80 44 5d a0 80 e1 07 80 c1 03 38 c1
00054 RSP: 0018:ffffc90009ecf610 EFLAGS: 00010246
00054 RAX: 0000000000000000 RBX: ffff8880398bd6c0 RCX: 0000000000000046
00054 RDX: 0000000000000000 RSI: ffff8880398bd750 RDI: ffff88803c378970
00054 RBP: ffff88805245b000 R08: ffffffff83a16803 R09: 1ffffffff0742d00
00054 R10: dffffc0000000000 R11: fffffbfff0742d01 R12: dffffc0000000000
00054 R13: 1ffff11007317af1 R14: ffffc90009ecf6c8 R15: ffff8880398bd788
00054 FS:  00007f858ce2b740(0000) GS:ffff8881d4ba9000(0000) knlGS:0000000000000000
00054 CS:  0010 DS: 0000 ES: 0000 CR0: 0000000080050033
00054 CR2: 00007f858ccf5ad0 CR3: 00000000373d1000 CR4: 0000000000750eb0
00054 PKRU: 55555554
00054 Call Trace:
00054  <TASK>
00054  ll_prep_inode+0x682/0x1310 [lustre]
00054  ? lustre_swab_barrier_lvb+0xd0/0xd0 [ptlrpc]
00054  ll_lookup_it+0x168c/0x4650 [lustre]
00054  ? d_alloc_parallel+0xe4f/0xfb0
00054  ll_lookup_nd+0x2a7/0x4f0 [lustre]
00054  __lookup_slow+0x1a2/0x260
00054  lookup_slow+0x53/0x70
00054  link_path_walk+0xac4/0x13d0
00054  path_openat+0x236/0x2630
00054  ? kasan_save_track+0x2f/0x60
00054  ? kmem_cache_alloc_noprof+0xea/0x3d0
00054  ? do_getname+0x67/0x190
00054  ? __x64_sys_openat+0xf8/0x120
00054  ? do_syscall_64+0xc1/0x350
00054  ? filemap_map_pages+0x14c/0x1210
00054  do_file_open+0x19b/0x360
00054  ? _raw_spin_unlock+0x23/0x40
00054  ? alloc_fd+0x42c/0x480
00054  do_sys_openat2+0x84/0xf0
00054  __x64_sys_openat+0xf8/0x120
00054  do_syscall_64+0xc1/0x350
00054  entry_SYSCALL_64_after_hwframe+0x4b/0x53
00054 RIP: 0033:0x7f858cd1b445
00054 Code: 83 e2 40 75 50 89 f0 f7 d0 a9 00 00 41 00 74 45 80 3d 0e 0c 0f 00 00 74 60 89 da 4c 89 e6 bf 9c ff ff ff b8 01 01 00 00 0f 05 <48> 3d 00 f0 ff ff 0f 87 7f 00 00 00 48 8b 55 b8 64 48 2b 14 25 28
00054 RSP: 002b:00007ffcae181020 EFLAGS: 00000202 ORIG_RAX: 0000000000000101
00054 RAX: ffffffffffffffda RBX: 0000000000000941 RCX: 00007f858cd1b445
00054 RDX: 0000000000000941 RSI: 00007ffcae18380d RDI: 00000000ffffff9c
00054 RBP: 00007ffcae181090 R08: 0000000000000000 R09: 0000000000000000
00054 R10: 00000000000001b6 R11: 0000000000000202 R12: 00007ffcae18380d
00054 R13: 00007f858ce04248 R14: 0000000000000000 R15: 0000000000000001
00054  </TASK>
00054 ---[ end trace 0000000000000000 ]---
00054 ------------[ cut here ]------------
00054 WARNING: /home/ktest/git/linux/include/linux/fs.h:889 at osd_create+0x9cf/0xcf0 [osd_wbcfs], CPU#3: mdt00_001/1755
00054 Modules linked in: ofd(O) osp(O) mdd(O) lod(O) mdt(O) lquota(O) lfsck(O) mgs(O) osd_wbcfs(O) lustre(O) obdecho(O) mgc(O) mdc(O) lov(O) osc(O) lmv(O) ec(O) fid(O) fld(O) ptlrpc(O) efivarfs obdclass(O) ksocklnd(O) lnet(O) libcfs(O)
00054 CPU: 3 UID: 0 PID: 1755 Comm: mdt00_001 Tainted: G        W  O        7.0.0-ktest-6eb18a2-6330a45-20260928-dirty #1 PREEMPT 
00054 Tainted: [W]=WARN, [O]=OOT_MODULE
00054 Hardware name: QEMU Standard PC (Q35 + ICH9, 2009), BIOS 2025.11-3ubuntu7 03/31/2026
00054 RIP: 0010:osd_create+0x9cf/0xcf0 [osd_wbcfs]
00054 Code: c7 c7 00 96 7b a1 48 c7 c6 a0 12 7d a1 48 c7 c2 00 1c 7d a1 e8 52 f1 43 ff 48 c7 c7 00 96 7b a1 e8 46 81 44 ff e9 fe fc ff ff <0f> 0b e9 a5 fa ff ff 48 c7 c1 80 44 5d a0 80 e1 07 80 c1 03 38 c1
00054 RSP: 0018:ffffc900013472e8 EFLAGS: 00010246
00054 RAX: 0000000000000000 RBX: ffff88814ae2a000 RCX: 0000000000000046
00054 RDX: 0000000000000000 RSI: ffff88814bffc2a8 RDI: ffff88803da7aa58
00054 RBP: ffff88814bffc218 R08: ffff888122e7aa43 R09: 1ffff110245cf548
00054 R10: dffffc0000000000 R11: ffffed10245cf549 R12: ffff88806f1ea2c8
00054 R13: dffffc0000000000 R14: 1ffff110295c5400 R15: 1ffff11007d6aac8
00054 FS:  0000000000000000(0000) GS:ffff8881d4ba9000(0000) knlGS:0000000000000000
00054 CS:  0010 DS: 0000 ES: 0000 CR0: 0000000080050033
00054 CR2: 00007f858ccf5ad0 CR3: 00000000373d1000 CR4: 0000000000750eb0
00054 PKRU: 55555554
00054 Call Trace:
00054  <TASK>
00054  ? lod_sub_create+0x168a/0x1940 [lod]
00054  ? dt_write_lock+0x16d/0x2a0 [obdclass]
00054  ? lod_create+0x10d/0x720 [lod]
00054  ? mdd_create_object_internal+0x18f/0x320 [mdd]
00054  ? mdd_create_object+0xab/0x1ce0 [mdd]
00054  ? mdd_create+0x202b/0x4110 [mdd]
00054  ? lustre_msg_get_versions+0x49/0x160 [ptlrpc]
00054  ? mdt_reint_open+0x434b/0x8480 [mdt]
00054  ? mdt_reint_rec+0x10f/0x530 [mdt]
00054  ? mdt_reint_internal+0x9d5/0x11a0 [mdt]
00054  ? mdt_intent_open+0x18b/0x9a0 [mdt]
00054  ? mdt_intent_policy+0x1639/0x2300 [mdt]
00054  ? mdt_register_lwp_callback+0x620/0x620 [mdt]
00054  ? mdt_seq_init+0x1ef0/0x1ef0 [mdt]
00054  ? ldlm_lock_enqueue+0x221/0x16c0 [ptlrpc]
00054  ? ldlm_handle_enqueue+0x139f/0x3250 [ptlrpc]
00054  ? tgt_enqueue+0x19b/0x550 [ptlrpc]
00054  ? tgt_request_handle+0x23ad/0x3d30 [ptlrpc]
00054  ? ptlrpc_main+0x6359/0x96f0 [ptlrpc]
00054  ? __kthread_parkme+0x73/0x130
00054  ? kthread+0x2cd/0x3a0
00054  ? ptlrpc_start_thread+0x1f10/0x1f10 [ptlrpc]
00054  ? kthread_unuse_mm+0x130/0x130
00054  ? ret_from_fork+0x18c/0x520
00054  ? kthread_unuse_mm+0x130/0x130
00054  ? ret_from_fork_asm+0x11/0x20
00054  </TASK>
00054 ---[ end trace 0000000000000000 ]---
00054 ------------[ cut here ]------------
00054 WARNING: /home/ktest/git/linux/include/linux/fs.h:889 at ll_iget+0x592/0x850 [lustre], CPU#1: touch/3680
00054 Modules linked in: ofd(O) osp(O) mdd(O) lod(O) mdt(O) lquota(O) lfsck(O) mgs(O) osd_wbcfs(O) lustre(O) obdecho(O) mgc(O) mdc(O) lov(O) osc(O) lmv(O) ec(O) fid(O) fld(O) ptlrpc(O) efivarfs obdclass(O) ksocklnd(O) lnet(O) libcfs(O)
00054 CPU: 1 UID: 0 PID: 3680 Comm: touch Tainted: G        W  O        7.0.0-ktest-6eb18a2-6330a45-20260928-dirty #1 PREEMPT 
00054 Tainted: [W]=WARN, [O]=OOT_MODULE
00054 Hardware name: QEMU Standard PC (Q35 + ICH9, 2009), BIOS 2025.11-3ubuntu7 03/31/2026
00054 RIP: 0010:ll_iget+0x592/0x850 [lustre]
00054 Code: 48 c7 c6 40 52 76 a1 48 c7 c2 80 52 76 a1 e8 45 76 d4 fe 48 c7 c7 80 d7 a6 a1 e8 39 06 d5 fe 48 89 df 4c 89 fe e9 34 fb ff ff <0f> 0b e9 89 fb ff ff 0f 0b e9 f0 fc ff ff 48 c7 c1 80 44 5d a0 80
00054 RSP: 0018:ffffc90009ecf6c8 EFLAGS: 00010246
00054 RAX: 0000000000000000 RBX: ffff88803d190f80 RCX: 0000000000000046
00054 RDX: 0000000000000000 RSI: ffff88803d191010 RDI: ffff88803c378998
00054 RBP: ffff88805245b000 R08: ffff88803d45e883 R09: 1ffff11007a8bd10
00054 R10: dffffc0000000000 R11: ffffed1007a8bd11 R12: dffffc0000000000
00054 R13: dffffc0000000000 R14: ffffc90009ecf780 R15: 0200000402000007
00054 FS:  00007f858ce2b740(0000) GS:ffff8881d4aa9000(0000) knlGS:0000000000000000
00054 CS:  0010 DS: 0000 ES: 0000 CR0: 0000000080050033
00054 CR2: 00005576ae20f820 CR3: 00000000373d1000 CR4: 0000000000750eb0
00054 PKRU: 55555554
00054 Call Trace:
00054  <TASK>
00054  ll_prep_inode+0x682/0x1310 [lustre]
00054  ll_create_it+0x52f/0x15d0 [lustre]
00054  ll_lookup_it+0x2bac/0x4650 [lustre]
00054  ? __alloc_tagging_slab_alloc_hook+0x136/0x190
00054  ll_atomic_open+0x950/0x1690 [lustre]
00054  atomic_open+0x162/0x320
00054  path_openat+0xcda/0x2630
00054  do_file_open+0x19b/0x360
00054  ? _raw_spin_unlock+0x23/0x40
00054  ? alloc_fd+0x42c/0x480
00054  do_sys_openat2+0x84/0xf0
00054  __x64_sys_openat+0xf8/0x120
00054  do_syscall_64+0xc1/0x350
00054  entry_SYSCALL_64_after_hwframe+0x4b/0x53
00054 RIP: 0033:0x7f858cd1b445
00054 Code: 83 e2 40 75 50 89 f0 f7 d0 a9 00 00 41 00 74 45 80 3d 0e 0c 0f 00 00 74 60 89 da 4c 89 e6 bf 9c ff ff ff b8 01 01 00 00 0f 05 <48> 3d 00 f0 ff ff 0f 87 7f 00 00 00 48 8b 55 b8 64 48 2b 14 25 28
00054 RSP: 002b:00007ffcae181020 EFLAGS: 00000202 ORIG_RAX: 0000000000000101
00054 RAX: ffffffffffffffda RBX: 0000000000000941 RCX: 00007f858cd1b445
00054 RDX: 0000000000000941 RSI: 00007ffcae18380d RDI: 00000000ffffff9c
00054 RBP: 00007ffcae181090 R08: 0000000000000000 R09: 0000000000000000
00054 R10: 00000000000001b6 R11: 0000000000000202 R12: 00007ffcae18380d
00054 R13: 00007f858ce04248 R14: 0000000000000000 R15: 0000000000000001
00054  </TASK>
00054 ---[ end trace 0000000000000000 ]---
00054 ------------[ cut here ]------------
00054 WARNING: /home/ktest/git/linux/include/linux/fs.h:889 at cl_file_inode_init+0x5f8/0x7a0 [lustre], CPU#1: touch/3680
00054 Modules linked in: ofd(O) osp(O) mdd(O) lod(O) mdt(O) lquota(O) lfsck(O) mgs(O) osd_wbcfs(O) lustre(O) obdecho(O) mgc(O) mdc(O) lov(O) osc(O) lmv(O) ec(O) fid(O) fld(O) ptlrpc(O) efivarfs obdclass(O) ksocklnd(O) lnet(O) libcfs(O)
00054 CPU: 1 UID: 0 PID: 3680 Comm: touch Tainted: G        W  O        7.0.0-ktest-6eb18a2-6330a45-20260928-dirty #1 PREEMPT 
00054 Tainted: [W]=WARN, [O]=OOT_MODULE
00054 Hardware name: QEMU Standard PC (Q35 + ICH9, 2009), BIOS 2025.11-3ubuntu7 03/31/2026
00054 RIP: 0010:cl_file_inode_init+0x5f8/0x7a0 [lustre]
00054 Code: c7 c7 c0 b3 a8 a1 48 c7 c6 c0 e3 76 a1 48 c7 c2 00 e4 76 a1 e8 f9 4e cf fe 48 c7 c7 c0 b3 a8 a1 e8 ed de cf fe e9 eb fb ff ff <0f> 0b e9 63 fc ff ff c7 05 ef c6 17 00 00 00 04 00 48 c7 c7 c0 b6
00054 RSP: 0018:ffffc90009ecf4c0 EFLAGS: 00010246
00054 RAX: 0000000000000000 RBX: ffff88803d190f80 RCX: 0000000000000046
00054 RDX: ffff88803d190eac RSI: ffff88803d191010 RDI: ffff88803c378998
00054 RBP: dffffc0000000000 R08: ffff888122e7a8c3 R09: 1ffff110245cf518
00054 R10: dffffc0000000000 R11: ffffed10245cf519 R12: ffff88815517fa98
00054 R13: 1ffff11007a32328 R14: ffff88803d191940 R15: ffff888154085800
00054 FS:  00007f858ce2b740(0000) GS:ffff8881d4aa9000(0000) knlGS:0000000000000000
00054 CS:  0010 DS: 0000 ES: 0000 CR0: 0000000080050033
00054 CR2: 00005576ae20f820 CR3: 00000000373d1000 CR4: 0000000000750eb0
00054 PKRU: 55555554
00054 Call Trace:
00054  <TASK>
00054  ll_update_inode+0xfa/0x3ef0 [lustre]
00054  ? report_bug+0x87/0xc0
00054  ? inode_set_ctime_to_ts+0x7f/0x1b0
00054  ll_read_inode2+0x23d/0x9f0 [lustre]
00054  ll_iget+0x201/0x850 [lustre]
00054  ll_prep_inode+0x682/0x1310 [lustre]
00054  ll_create_it+0x52f/0x15d0 [lustre]
00054  ll_lookup_it+0x2bac/0x4650 [lustre]
00054  ? __alloc_tagging_slab_alloc_hook+0x136/0x190
00054  ll_atomic_open+0x950/0x1690 [lustre]
00054  atomic_open+0x162/0x320
00054  path_openat+0xcda/0x2630
00054  do_file_open+0x19b/0x360
00054  ? _raw_spin_unlock+0x23/0x40
00054  ? alloc_fd+0x42c/0x480
00054  do_sys_openat2+0x84/0xf0
00054  __x64_sys_openat+0xf8/0x120
00054  do_syscall_64+0xc1/0x350
00054  entry_SYSCALL_64_after_hwframe+0x4b/0x53
00054 RIP: 0033:0x7f858cd1b445
00054 Code: 83 e2 40 75 50 89 f0 f7 d0 a9 00 00 41 00 74 45 80 3d 0e 0c 0f 00 00 74 60 89 da 4c 89 e6 bf 9c ff ff ff b8 01 01 00 00 0f 05 <48> 3d 00 f0 ff ff 0f 87 7f 00 00 00 48 8b 55 b8 64 48 2b 14 25 28
00054 RSP: 002b:00007ffcae181020 EFLAGS: 00000202 ORIG_RAX: 0000000000000101
00054 RAX: ffffffffffffffda RBX: 0000000000000941 RCX: 00007f858cd1b445
00054 RDX: 0000000000000941 RSI: 00007ffcae18380d RDI: 00000000ffffff9c
00054 RBP: 00007ffcae181090 R08: 0000000000000000 R09: 0000000000000000
00054 R10: 00000000000001b6 R11: 0000000000000202 R12: 00007ffcae18380d
00054 R13: 00007f858ce04248 R14: 0000000000000000 R15: 0000000000000001
00054  </TASK>
00054 ---[ end trace 0000000000000000 ]---
00054 ------------[ cut here ]------------
00054 WARNING: /home/ktest/git/linux/include/linux/fs.h:889 at ll_iget+0x592/0x850 [lustre], CPU#0: checkstat/3681
00054 Modules linked in: ofd(O) osp(O) mdd(O) lod(O) mdt(O) lquota(O) lfsck(O) mgs(O) osd_wbcfs(O) lustre(O) obdecho(O) mgc(O) mdc(O) lov(O) osc(O) lmv(O) ec(O) fid(O) fld(O) ptlrpc(O) efivarfs obdclass(O) ksocklnd(O) lnet(O) libcfs(O)
00054 CPU: 0 UID: 0 PID: 3681 Comm: checkstat Tainted: G        W  O        7.0.0-ktest-6eb18a2-6330a45-20260928-dirty #1 PREEMPT 
00054 Tainted: [W]=WARN, [O]=OOT_MODULE
00054 Hardware name: QEMU Standard PC (Q35 + ICH9, 2009), BIOS 2025.11-3ubuntu7 03/31/2026
00054 RIP: 0010:ll_iget+0x592/0x850 [lustre]
00054 Code: 48 c7 c6 40 52 76 a1 48 c7 c2 80 52 76 a1 e8 45 76 d4 fe 48 c7 c7 80 d7 a6 a1 e8 39 06 d5 fe 48 89 df 4c 89 fe e9 34 fb ff ff <0f> 0b e9 89 fb ff ff 0f 0b e9 f0 fc ff ff 48 c7 c1 80 44 5d a0 80
00054 RSP: 0018:ffffc90009def6d8 EFLAGS: 00010246
00054 RAX: 0000000000000000 RBX: ffff88803d190f80 RCX: 0000000000000046
00054 RDX: 0000000000000000 RSI: ffff88803d191010 RDI: ffff88814a378970
00054 RBP: ffff88805245b000 R08: ffffffff83a16803 R09: 1ffffffff0742d00
00054 R10: dffffc0000000000 R11: fffffbfff0742d01 R12: dffffc0000000000
00054 R13: dffffc0000000000 R14: ffffc90009def790 R15: 0200000402000007
00054 FS:  00007f5bf91fd740(0000) GS:ffff8881d4a29000(0000) knlGS:0000000000000000
00054 CS:  0010 DS: 0000 ES: 0000 CR0: 0000000080050033
00054 CR2: 00007f5bf93cdb1d CR3: 000000004f462000 CR4: 0000000000750eb0
00054 PKRU: 55555554
00054 Call Trace:
00054  <TASK>
00054  ll_prep_inode+0x682/0x1310 [lustre]
00054  ? lustre_swab_barrier_lvb+0xd0/0xd0 [ptlrpc]
00054  ll_lookup_it+0x168c/0x4650 [lustre]
00054  ? encode_fn_len+0xd3/0xb10 [obdclass]
00054  ll_lookup_nd+0x2a7/0x4f0 [lustre]
00054  __lookup_slow+0x1a2/0x260
00054  lookup_slow+0x53/0x70
00054  path_lookupat+0x2d0/0x6d0
00054  filename_lookup+0x18f/0x340
00054  vfs_statx+0x6a/0x3c0
00054  ? do_getname+0xb3/0x190
00054  vfs_fstatat+0xa6/0xd0
00054  __x64_sys_newfstatat+0xb2/0x2c0
00054  ? exc_page_fault+0x61/0xa0
00054  ? do_user_addr_fault+0x385/0xc20
00054  ? fpregs_assert_state_consistent+0x4f/0xe0
00054  do_syscall_64+0xc1/0x350
00054  entry_SYSCALL_64_after_hwframe+0x4b/0x53
00054 RIP: 0033:0x7f5bf931768e
00054 Code: 0f 1f 40 00 48 8b 15 89 c7 0e 00 f7 d8 64 89 02 b8 ff ff ff ff c3 66 0f 1f 44 00 00 f3 0f 1e fa 41 89 ca b8 06 01 00 00 0f 05 <3d> 00 f0 ff ff 77 0b 31 c0 c3 0f 1f 84 00 00 00 00 00 48 8b 15 51
00054 RSP: 002b:00007ffea427a1f8 EFLAGS: 00000246 ORIG_RAX: 0000000000000106
00054 RAX: ffffffffffffffda RBX: 00007ffea427a458 RCX: 00007f5bf931768e
00054 RDX: 00007ffea427a260 RSI: 00007ffea427c7eb RDI: 00000000ffffff9c
00054 RBP: 00007f5bf9404248 R08: 0000000000000000 R09: 0000000000000000
00054 R10: 0000000000000100 R11: 0000000000000246 R12: 0000000000000005
00054 R13: 00007ffea427c7eb R14: 0000000000000001 R15: 00007ffea427a260
00054  </TASK>
00054 ---[ end trace 0000000000000000 ]---
00054 ------------[ cut here ]------------
00054 WARNING: /home/ktest/git/linux/include/linux/fs.h:889 at ll_iget+0x599/0x850 [lustre], CPU#0: checkstat/3681
00054 Modules linked in: ofd(O) osp(O) mdd(O) lod(O) mdt(O) lquota(O) lfsck(O) mgs(O) osd_wbcfs(O) lustre(O) obdecho(O) mgc(O) mdc(O) lov(O) osc(O) lmv(O) ec(O) fid(O) fld(O) ptlrpc(O) efivarfs obdclass(O) ksocklnd(O) lnet(O) libcfs(O)
00054 CPU: 0 UID: 0 PID: 3681 Comm: checkstat Tainted: G        W  O        7.0.0-ktest-6eb18a2-6330a45-20260928-dirty #1 PREEMPT 
00054 Tainted: [W]=WARN, [O]=OOT_MODULE
00054 Hardware name: QEMU Standard PC (Q35 + ICH9, 2009), BIOS 2025.11-3ubuntu7 03/31/2026
00054 RIP: 0010:ll_iget+0x599/0x850 [lustre]
00054 Code: 48 c7 c2 80 52 76 a1 e8 45 76 d4 fe 48 c7 c7 80 d7 a6 a1 e8 39 06 d5 fe 48 89 df 4c 89 fe e9 34 fb ff ff 0f 0b e9 89 fb ff ff <0f> 0b e9 f0 fc ff ff 48 c7 c1 80 44 5d a0 80 e1 07 80 c1 03 38 c1
00054 RSP: 0018:ffffc90009def6d8 EFLAGS: 00010246
00054 RAX: 0000000000000000 RBX: ffff88803d190f80 RCX: 0000000000000046
00054 RDX: 0000000000000000 RSI: ffff88803d191010 RDI: ffff88814a378970
00054 RBP: ffff88805245b000 R08: ffffffff83a16803 R09: 1ffffffff0742d00
00054 R10: dffffc0000000000 R11: fffffbfff0742d01 R12: dffffc0000000000
00054 R13: 1ffff11007a32209 R14: ffffc90009def790 R15: ffff88803d191048
00054 FS:  00007f5bf91fd740(0000) GS:ffff8881d4a29000(0000) knlGS:0000000000000000
00054 CS:  0010 DS: 0000 ES: 0000 CR0: 0000000080050033
00054 CR2: 00007f5bf93cdb1d CR3: 000000004f462000 CR4: 0000000000750eb0
00054 PKRU: 55555554
00054 Call Trace:
00054  <TASK>
00054  ll_prep_inode+0x682/0x1310 [lustre]
00054  ? lustre_swab_barrier_lvb+0xd0/0xd0 [ptlrpc]
00054  ll_lookup_it+0x168c/0x4650 [lustre]
00054  ? encode_fn_len+0xd3/0xb10 [obdclass]
00054  ll_lookup_nd+0x2a7/0x4f0 [lustre]
00054  __lookup_slow+0x1a2/0x260
00054  lookup_slow+0x53/0x70
00054  path_lookupat+0x2d0/0x6d0
00054  filename_lookup+0x18f/0x340
00054  vfs_statx+0x6a/0x3c0
00054  ? do_getname+0xb3/0x190
00054  vfs_fstatat+0xa6/0xd0
00054  __x64_sys_newfstatat+0xb2/0x2c0
00054  ? exc_page_fault+0x61/0xa0
00054  ? do_user_addr_fault+0x385/0xc20
00054  ? fpregs_assert_state_consistent+0x4f/0xe0
00054  do_syscall_64+0xc1/0x350
00054  entry_SYSCALL_64_after_hwframe+0x4b/0x53
00054 RIP: 0033:0x7f5bf931768e
00054 Code: 0f 1f 40 00 48 8b 15 89 c7 0e 00 f7 d8 64 89 02 b8 ff ff ff ff c3 66 0f 1f 44 00 00 f3 0f 1e fa 41 89 ca b8 06 01 00 00 0f 05 <3d> 00 f0 ff ff 77 0b 31 c0 c3 0f 1f 84 00 00 00 00 00 48 8b 15 51
00054 RSP: 002b:00007ffea427a1f8 EFLAGS: 00000246 ORIG_RAX: 0000000000000106
00054 RAX: ffffffffffffffda RBX: 00007ffea427a458 RCX: 00007f5bf931768e
00054 RDX: 00007ffea427a260 RSI: 00007ffea427c7eb RDI: 00000000ffffff9c
00054 RBP: 00007f5bf9404248 R08: 0000000000000000 R09: 0000000000000000
00054 R10: 0000000000000100 R11: 0000000000000246 R12: 0000000000000005
00054 R13: 00007ffea427c7eb R14: 0000000000000001 R15: 00007ffea427a260
00054  </TASK>
00054 ---[ end trace 0000000000000000 ]---
00054 /mnt/lustre/d2.sanity/f2.sanity has type file OK
00054 LustreError: 3682:0:(osc_quota.c:196:osc_quotactl()) ptlrpc_queue_wait failed, rc: -95
00054 LustreError: 3682:0:(mdc_request.c:2191:mdc_quotactl()) lustre-MDT0000-mdc-ffff88803d45e000: ptlrpc_queue_wait failed: rc = -95
00054 LustreError: 3682:0:(lmv_obd.c:4339:lmv_quotactl()) getquota on mdt 0 failed. -95
00054 rm (3682) used greatest stack depth: 23744 bytes left
00054 /mnt/lustre/d2.sanity/f2.sanity: absent OK
00054 PASS 2 (1s)
00054 
00054 == sanity test 3: mkdir; touch; rmdir; check dir ========= 23:30:43 (1790638243)
00054 Lustre: DEBUG MARKER: == sanity test 3: mkdir; touch; rmdir; check dir ========= 23:30:43 (1790638243)
00054 ------------[ cut here ]------------
00054 WARNING: /home/ktest/git/linux/include/linux/fs.h:889 at osd_create+0x9cf/0xcf0 [osd_wbcfs], CPU#1: mdt00_003/1831
00054 Modules linked in: ofd(O) osp(O) mdd(O) lod(O) mdt(O) lquota(O) lfsck(O) mgs(O) osd_wbcfs(O) lustre(O) obdecho(O) mgc(O) mdc(O) lov(O) osc(O) lmv(O) ec(O) fid(O) fld(O) ptlrpc(O) efivarfs obdclass(O) ksocklnd(O) lnet(O) libcfs(O)
00054 CPU: 1 UID: 0 PID: 1831 Comm: mdt00_003 Tainted: G        W  O        7.0.0-ktest-6eb18a2-6330a45-20260928-dirty #1 PREEMPT 
00054 Tainted: [W]=WARN, [O]=OOT_MODULE
00054 Hardware name: QEMU Standard PC (Q35 + ICH9, 2009), BIOS 2025.11-3ubuntu7 03/31/2026
00054 RIP: 0010:osd_create+0x9cf/0xcf0 [osd_wbcfs]
00054 Code: c7 c7 00 96 7b a1 48 c7 c6 a0 12 7d a1 48 c7 c2 00 1c 7d a1 e8 52 f1 43 ff 48 c7 c7 00 96 7b a1 e8 46 81 44 ff e9 fe fc ff ff <0f> 0b e9 a5 fa ff ff 48 c7 c1 80 44 5d a0 80 e1 07 80 c1 03 38 c1
00054 RSP: 0018:ffffc90000b575a8 EFLAGS: 00010246
00054 RAX: 0000000000000000 RBX: ffff88814a717400 RCX: 0000000000000046
00054 RDX: 0000000000000000 RSI: ffff8880403e42a8 RDI: ffff8880371b2a58
00054 RBP: ffff8880403e4218 R08: ffff888122e7a8c3 R09: 1ffff110245cf518
00054 R10: dffffc0000000000 R11: ffffed10245cf519 R12: ffff8881465742c8
00054 R13: dffffc0000000000 R14: 1ffff110294e2e80 R15: 1ffff1100add6ec8
00054 FS:  0000000000000000(0000) GS:ffff8881d4aa9000(0000) knlGS:0000000000000000
00054 CS:  0010 DS: 0000 ES: 0000 CR0: 0000000080050033
00054 CR2: 00007f2d23eee300 CR3: 0000000004274000 CR4: 0000000000750eb0
00054 PKRU: 55555554
00054 Call Trace:
00054  <TASK>
00054  ? lod_sub_create+0x168a/0x1940 [lod]
00054  ? lod_create+0x10d/0x720 [lod]
00054  ? mdd_create_object_internal+0x18f/0x320 [mdd]
00054  ? mdd_create_object+0xab/0x1ce0 [mdd]
00054  ? mdd_create+0x202b/0x4110 [mdd]
00054  ? mdt_reint_create+0x2761/0x4e70 [mdt]
00054  ? mdt_reint_rec+0x10f/0x530 [mdt]
00054  ? mdt_reint_internal+0x9d5/0x11a0 [mdt]
00054  ? tsi2mdt_info+0x319/0x520 [mdt]
00054  ? mdt_reint+0x115/0x270 [mdt]
00054  ? tgt_request_handle+0x23ad/0x3d30 [ptlrpc]
00054  ? ptlrpc_main+0x6359/0x96f0 [ptlrpc]
00054  ? __kthread_parkme+0x73/0x130
00054  ? kthread+0x2cd/0x3a0
00054  ? ptlrpc_start_thread+0x1f10/0x1f10 [ptlrpc]
00054  ? kthread_unuse_mm+0x130/0x130
00054  ? ret_from_fork+0x18c/0x520
00054  ? kthread_unuse_mm+0x130/0x130
00054  ? ret_from_fork_asm+0x11/0x20
00054  </TASK>
00054 ---[ end trace 0000000000000000 ]---
00054 LustreError: 1759:0:(osd_dirent.c:113:osd_index_dir_insert()) lustre-MDT0000: lookup [0x240000402:0x2:0x0] from icache failed: rc=-22
00054 Lustre: 1759:0:(out_handler.c:886:out_tx_end()) lustre-MDT0000-osd: error during execution of #0 from lustre/ptlrpc/../target/out_handler.c:535: rc = -22
00054 mkdir: cannot create directory '/mnt/lustre/d3.sanity': Invalid argument
00054  sanity test_3: @@@@@@ FAIL: mkdir '/mnt/lustre/d3.sanity' failed 
00055 Lustre: DEBUG MARKER: sanity test_3: @@@@@@ FAIL: mkdir '/mnt/lustre/d3.sanity' failed
00055   Trace dump:
00055   = /host/home/ktest/git/lustre-release/lustre/tests/test-framework.sh:7447:error()
00055   = /host/home/ktest/git/lustre-release/lustre/tests/test-framework.sh:10495:test_mkdir()
00055   = /host/home/ktest/git/lustre-release/lustre/tests/sanity.sh:376:test_3()
00055   = /host/home/ktest/git/lustre-release/lustre/tests/test-framework.sh:7823:run_one()
00055   = /host/home/ktest/git/lustre-release/lustre/tests/test-framework.sh:7886:run_one_logged()
00055   = /host/home/ktest/git/lustre-release/lustre/tests/test-framework.sh:7686:run_test()
00055   = /host/home/ktest/git/lustre-release/lustre/tests/sanity.sh:383:main()
00055 Dumping lctl log to /tmp/test_logs/2026-09-28/233028/sanity.test_3.*.1790638244.log
00055 Dumping logs only on local client.
00055 FAIL 3 (1s)
00055 
00055 == sanity test 4: mkdir; touch dir/file; rmdir; checkdir (expect error) ========================================================== 23:30:44 (1790638244)
00055 Lustre: DEBUG MARKER: == sanity test 4: mkdir; touch dir/file; rmdir; checkdir (expect error) ========================================================== 23:30:44 (1790638244)
00055 ------------[ cut here ]------------
00055 WARNING: /home/ktest/git/linux/include/linux/fs.h:889 at osd_create+0x9cf/0xcf0 [osd_wbcfs], CPU#2: mdt00_004/1861
00055 Modules linked in: ofd(O) osp(O) mdd(O) lod(O) mdt(O) lquota(O) lfsck(O) mgs(O) osd_wbcfs(O) lustre(O) obdecho(O) mgc(O) mdc(O) lov(O) osc(O) lmv(O) ec(O) fid(O) fld(O) ptlrpc(O) efivarfs obdclass(O) ksocklnd(O) lnet(O) libcfs(O)
00055 CPU: 2 UID: 0 PID: 1861 Comm: mdt00_004 Tainted: G        W  O        7.0.0-ktest-6eb18a2-6330a45-20260928-dirty #1 PREEMPT 
00055 Tainted: [W]=WARN, [O]=OOT_MODULE
00055 Hardware name: QEMU Standard PC (Q35 + ICH9, 2009), BIOS 2025.11-3ubuntu7 03/31/2026
00055 RIP: 0010:osd_create+0x9cf/0xcf0 [osd_wbcfs]
00055 Code: c7 c7 00 96 7b a1 48 c7 c6 a0 12 7d a1 48 c7 c2 00 1c 7d a1 e8 52 f1 43 ff 48 c7 c7 00 96 7b a1 e8 46 81 44 ff e9 fe fc ff ff <0f> 0b e9 a5 fa ff ff 48 c7 c1 80 44 5d a0 80 e1 07 80 c1 03 38 c1
00055 RSP: 0018:ffffc90001d875a8 EFLAGS: 00010246
00055 RAX: 0000000000000000 RBX: ffff88814aeea000 RCX: 0000000000000046
00055 RDX: 0000000000000000 RSI: ffff88814a6eed38 RDI: ffff8881088f4b18
00055 RBP: ffff88814a6eeca8 R08: ffff888122e7a983 R09: 1ffff110245cf530
00055 R10: dffffc0000000000 R11: ffffed10245cf531 R12: ffff88814f6ce2c8
00055 R13: dffffc0000000000 R14: 1ffff110295dd400 R15: 1ffff1102937f2c8
00055 FS:  0000000000000000(0000) GS:ffff8881d4b29000(0000) knlGS:0000000000000000
00055 CS:  0010 DS: 0000 ES: 0000 CR0: 0000000080050033
00055 CR2: 00007f5f396ee300 CR3: 0000000004274000 CR4: 0000000000750eb0
00055 PKRU: 55555554
00055 Call Trace:
00055  <TASK>
00055  ? lod_sub_create+0x168a/0x1940 [lod]
00055  ? dt_write_lock+0x16d/0x2a0 [obdclass]
00055  ? lod_create+0x10d/0x720 [lod]
00055  ? mdd_create_object_internal+0x18f/0x320 [mdd]
00055  ? mdd_create_object+0xab/0x1ce0 [mdd]
00055  ? mdd_create+0x202b/0x4110 [mdd]
00055  ? mdt_reint_create+0x2761/0x4e70 [mdt]
00055  ? mdt_reint_rec+0x10f/0x530 [mdt]
00055  ? mdt_reint_internal+0x9d5/0x11a0 [mdt]
00055  ? tsi2mdt_info+0x319/0x520 [mdt]
00055  ? mdt_reint+0x115/0x270 [mdt]
00055  ? tgt_request_handle+0x23ad/0x3d30 [ptlrpc]
00055  ? ptlrpc_main+0x6359/0x96f0 [ptlrpc]
00055  ? __kthread_parkme+0x73/0x130
00055  ? kthread+0x2cd/0x3a0
00055  ? ptlrpc_start_thread+0x1f10/0x1f10 [ptlrpc]
00055  ? kthread_unuse_mm+0x130/0x130
00055  ? ret_from_fork+0x18c/0x520
00055  ? kthread_unuse_mm+0x130/0x130
00055  ? ret_from_fork_asm+0x11/0x20
00055  </TASK>
00055 ---[ end trace 0000000000000000 ]---
00055 ------------[ cut here ]------------
00055 WARNING: /home/ktest/git/linux/include/linux/fs.h:889 at ll_iget+0x592/0x850 [lustre], CPU#0: mkdir/3869
00055 Modules linked in: ofd(O) osp(O) mdd(O) lod(O) mdt(O) lquota(O) lfsck(O) mgs(O) osd_wbcfs(O) lustre(O) obdecho(O) mgc(O) mdc(O) lov(O) osc(O) lmv(O) ec(O) fid(O) fld(O) ptlrpc(O) efivarfs obdclass(O) ksocklnd(O) lnet(O) libcfs(O)
00055 CPU: 0 UID: 0 PID: 3869 Comm: mkdir Tainted: G        W  O        7.0.0-ktest-6eb18a2-6330a45-20260928-dirty #1 PREEMPT 
00055 Tainted: [W]=WARN, [O]=OOT_MODULE
00055 Hardware name: QEMU Standard PC (Q35 + ICH9, 2009), BIOS 2025.11-3ubuntu7 03/31/2026
00055 RIP: 0010:ll_iget+0x592/0x850 [lustre]
00055 Code: 48 c7 c6 40 52 76 a1 48 c7 c2 80 52 76 a1 e8 45 76 d4 fe 48 c7 c7 80 d7 a6 a1 e8 39 06 d5 fe 48 89 df 4c 89 fe e9 34 fb ff ff <0f> 0b e9 89 fb ff ff 0f 0b e9 f0 fc ff ff 48 c7 c1 80 44 5d a0 80
00055 RSP: 0018:ffffc9000a43f9f0 EFLAGS: 00010246
00055 RAX: 0000000000000000 RBX: ffff88803d019dc0 RCX: 0000000000000046
00055 RDX: 0000000000000000 RSI: ffff88803d019e50 RDI: ffff88814bdf4b18
00055 RBP: ffff88805245b000 R08: ffff88803d45e883 R09: 1ffff11007a8bd10
00055 R10: dffffc0000000000 R11: ffffed1007a8bd11 R12: dffffc0000000000
00055 R13: dffffc0000000000 R14: ffffc9000a43faa8 R15: 0200000402000008
00055 FS:  00007fa673865d00(0000) GS:ffff8881d4a29000(0000) knlGS:0000000000000000
00055 CS:  0010 DS: 0000 ES: 0000 CR0: 0000000080050033
00055 CR2: 00007fa6736f5ad0 CR3: 0000000123587000 CR4: 0000000000750eb0
00055 PKRU: 55555554
00055 Call Trace:
00055  <TASK>
00055  ll_prep_inode+0x682/0x1310 [lustre]
00055  ll_new_node_finish+0x179/0x930 [lustre]
00055  ll_new_node+0xd7f/0x1740 [lustre]
00055  ll_mkdir+0x44e/0xf10 [lustre]
00055  vfs_mkdir+0x3c0/0x630
00055  filename_mkdirat+0x14c/0x300
00055  __x64_sys_mkdir+0x74/0x140
00055  do_syscall_64+0xc1/0x350
00055  entry_SYSCALL_64_after_hwframe+0x4b/0x53
00055 RIP: 0033:0x7fa67371b2fb
00055 Code: 0f 1e fa 48 89 f2 b9 00 01 00 00 48 89 fe bf 9c ff ff ff e9 97 c3 ff ff 0f 1f 80 00 00 00 00 f3 0f 1e fa b8 53 00 00 00 0f 05 <48> 3d 00 f0 ff ff 77 05 c3 0f 1f 40 00 48 8b 15 e9 8a 0e 00 f7 d8
00055 RSP: 002b:00007ffe803e5e58 EFLAGS: 00000246 ORIG_RAX: 0000000000000053
00055 RAX: ffffffffffffffda RBX: 00007ffe803e8817 RCX: 00007fa67371b2fb
00055 RDX: 0000000000000000 RSI: 00000000000001ff RDI: 00007ffe803e8817
00055 RBP: 00007ffe803e5f70 R08: 00000000000001ff R09: 0000000000000000
00055 R10: 000055ad96d7127e R11: 0000000000000246 R12: 00000000000001ff
00055 R13: 0000000000000000 R14: 0000000000000000 R15: 0000000000000000
00055  </TASK>
00055 ---[ end trace 0000000000000000 ]---
00055 ------------[ cut here ]------------
00055 WARNING: /home/ktest/git/linux/include/linux/fs.h:889 at ll_iget+0x592/0x850 [lustre], CPU#3: touch/3870
00055 Modules linked in: ofd(O) osp(O) mdd(O) lod(O) mdt(O) lquota(O) lfsck(O) mgs(O) osd_wbcfs(O) lustre(O) obdecho(O) mgc(O) mdc(O) lov(O) osc(O) lmv(O) ec(O) fid(O) fld(O) ptlrpc(O) efivarfs obdclass(O) ksocklnd(O) lnet(O) libcfs(O)
00055 CPU: 3 UID: 0 PID: 3870 Comm: touch Tainted: G        W  O        7.0.0-ktest-6eb18a2-6330a45-20260928-dirty #1 PREEMPT 
00055 Tainted: [W]=WARN, [O]=OOT_MODULE
00055 Hardware name: QEMU Standard PC (Q35 + ICH9, 2009), BIOS 2025.11-3ubuntu7 03/31/2026
00055 RIP: 0010:ll_iget+0x592/0x850 [lustre]
00055 Code: 48 c7 c6 40 52 76 a1 48 c7 c2 80 52 76 a1 e8 45 76 d4 fe 48 c7 c7 80 d7 a6 a1 e8 39 06 d5 fe 48 89 df 4c 89 fe e9 34 fb ff ff <0f> 0b e9 89 fb ff ff 0f 0b e9 f0 fc ff ff 48 c7 c1 80 44 5d a0 80
00055 RSP: 0018:ffffc9000a23f610 EFLAGS: 00010246
00055 RAX: 0000000000000000 RBX: ffff88803d019dc0 RCX: 0000000000000046
00055 RDX: 0000000000000000 RSI: ffff88803d019e50 RDI: ffff88814eb52a30
00055 RBP: ffff88805245b000 R08: ffffffff83a16803 R09: 1ffffffff0742d00
00055 R10: dffffc0000000000 R11: fffffbfff0742d01 R12: dffffc0000000000
00055 R13: dffffc0000000000 R14: ffffc9000a23f6c8 R15: 0200000402000008
00055 FS:  00007f78b967e740(0000) GS:ffff8881d4ba9000(0000) knlGS:0000000000000000
00055 CS:  0010 DS: 0000 ES: 0000 CR0: 0000000080050033
00055 CR2: 00007f78b94f5ad0 CR3: 000000014bac8000 CR4: 0000000000750eb0
00055 PKRU: 55555554
00055 Call Trace:
00055  <TASK>
00055  ll_prep_inode+0x682/0x1310 [lustre]
00055  ? lustre_swab_barrier_lvb+0xd0/0xd0 [ptlrpc]
00055  ll_lookup_it+0x168c/0x4650 [lustre]
00055  ? d_alloc_parallel+0xe4f/0xfb0
00055  ll_lookup_nd+0x2a7/0x4f0 [lustre]
00055  __lookup_slow+0x1a2/0x260
00055  lookup_slow+0x53/0x70
00055  link_path_walk+0xac4/0x13d0
00055  path_openat+0x236/0x2630
00055  ? kasan_save_track+0x2f/0x60
00055  ? kmem_cache_alloc_noprof+0xea/0x3d0
00055  ? do_getname+0x67/0x190
00055  ? __x64_sys_openat+0xf8/0x120
00055  ? do_syscall_64+0xc1/0x350
00055  ? filemap_map_pages+0x14c/0x1210
00055  do_file_open+0x19b/0x360
00055  ? _raw_spin_unlock+0x23/0x40
00055  ? alloc_fd+0x42c/0x480
00055  do_sys_openat2+0x84/0xf0
00055  __x64_sys_openat+0xf8/0x120
00055  do_syscall_64+0xc1/0x350
00055  entry_SYSCALL_64_after_hwframe+0x4b/0x53
00055 RIP: 0033:0x7f78b951b445
00055 Code: 83 e2 40 75 50 89 f0 f7 d0 a9 00 00 41 00 74 45 80 3d 0e 0c 0f 00 00 74 60 89 da 4c 89 e6 bf 9c ff ff ff b8 01 01 00 00 0f 05 <48> 3d 00 f0 ff ff 0f 87 7f 00 00 00 48 8b 55 b8 64 48 2b 14 25 28
00055 RSP: 002b:00007ffec0fd7f40 EFLAGS: 00000202 ORIG_RAX: 0000000000000101
00055 RAX: ffffffffffffffda RBX: 0000000000000941 RCX: 00007f78b951b445
00055 RDX: 0000000000000941 RSI: 00007ffec0fd980d RDI: 00000000ffffff9c
00055 RBP: 00007ffec0fd7fb0 R08: 0000000000000000 R09: 0000000000000000
00055 R10: 00000000000001b6 R11: 0000000000000202 R12: 00007ffec0fd980d
00055 R13: 00007f78b9604248 R14: 0000000000000000 R15: 0000000000000001
00055  </TASK>
00055 ---[ end trace 0000000000000000 ]---
00055 ------------[ cut here ]------------
00055 WARNING: /home/ktest/git/linux/include/linux/fs.h:889 at ll_iget+0x599/0x850 [lustre], CPU#3: touch/3870
00055 Modules linked in: ofd(O) osp(O) mdd(O) lod(O) mdt(O) lquota(O) lfsck(O) mgs(O) osd_wbcfs(O) lustre(O) obdecho(O) mgc(O) mdc(O) lov(O) osc(O) lmv(O) ec(O) fid(O) fld(O) ptlrpc(O) efivarfs obdclass(O) ksocklnd(O) lnet(O) libcfs(O)
00055 CPU: 3 UID: 0 PID: 3870 Comm: touch Tainted: G        W  O        7.0.0-ktest-6eb18a2-6330a45-20260928-dirty #1 PREEMPT 
00055 Tainted: [W]=WARN, [O]=OOT_MODULE
00055 Hardware name: QEMU Standard PC (Q35 + ICH9, 2009), BIOS 2025.11-3ubuntu7 03/31/2026
00055 RIP: 0010:ll_iget+0x599/0x850 [lustre]
00055 Code: 48 c7 c2 80 52 76 a1 e8 45 76 d4 fe 48 c7 c7 80 d7 a6 a1 e8 39 06 d5 fe 48 89 df 4c 89 fe e9 34 fb ff ff 0f 0b e9 89 fb ff ff <0f> 0b e9 f0 fc ff ff 48 c7 c1 80 44 5d a0 80 e1 07 80 c1 03 38 c1
00055 RSP: 0018:ffffc9000a23f610 EFLAGS: 00010246
00055 RAX: 0000000000000000 RBX: ffff88803d019dc0 RCX: 0000000000000046
00055 RDX: 0000000000000000 RSI: ffff88803d019e50 RDI: ffff88814eb52a30
00055 RBP: ffff88805245b000 R08: ffffffff83a16803 R09: 1ffffffff0742d00
00055 R10: dffffc0000000000 R11: fffffbfff0742d01 R12: dffffc0000000000
00055 R13: 1ffff11007a033d1 R14: ffffc9000a23f6c8 R15: ffff88803d019e88
00055 FS:  00007f78b967e740(0000) GS:ffff8881d4ba9000(0000) knlGS:0000000000000000
00055 CS:  0010 DS: 0000 ES: 0000 CR0: 0000000080050033
00055 CR2: 00007f78b94f5ad0 CR3: 000000014bac8000 CR4: 0000000000750eb0
00055 PKRU: 55555554
00055 Call Trace:
00055  <TASK>
00055  ll_prep_inode+0x682/0x1310 [lustre]
00055  ? lustre_swab_barrier_lvb+0xd0/0xd0 [ptlrpc]
00055  ll_lookup_it+0x168c/0x4650 [lustre]
00055  ? d_alloc_parallel+0xe4f/0xfb0
00055  ll_lookup_nd+0x2a7/0x4f0 [lustre]
00055  __lookup_slow+0x1a2/0x260
00055  lookup_slow+0x53/0x70
00055  link_path_walk+0xac4/0x13d0
00055  path_openat+0x236/0x2630
00055  ? kasan_save_track+0x2f/0x60
00055  ? kmem_cache_alloc_noprof+0xea/0x3d0
00055  ? do_getname+0x67/0x190
00055  ? __x64_sys_openat+0xf8/0x120
00055  ? do_syscall_64+0xc1/0x350
00055  ? filemap_map_pages+0x14c/0x1210
00055  do_file_open+0x19b/0x360
00055  ? _raw_spin_unlock+0x23/0x40
00055  ? alloc_fd+0x42c/0x480
00055  do_sys_openat2+0x84/0xf0
00055  __x64_sys_openat+0xf8/0x120
00055  do_syscall_64+0xc1/0x350
00055  entry_SYSCALL_64_after_hwframe+0x4b/0x53
00055 RIP: 0033:0x7f78b951b445
00055 Code: 83 e2 40 75 50 89 f0 f7 d0 a9 00 00 41 00 74 45 80 3d 0e 0c 0f 00 00 74 60 89 da 4c 89 e6 bf 9c ff ff ff b8 01 01 00 00 0f 05 <48> 3d 00 f0 ff ff 0f 87 7f 00 00 00 48 8b 55 b8 64 48 2b 14 25 28
00055 RSP: 002b:00007ffec0fd7f40 EFLAGS: 00000202 ORIG_RAX: 0000000000000101
00055 RAX: ffffffffffffffda RBX: 0000000000000941 RCX: 00007f78b951b445
00055 RDX: 0000000000000941 RSI: 00007ffec0fd980d RDI: 00000000ffffff9c
00055 RBP: 00007ffec0fd7fb0 R08: 0000000000000000 R09: 0000000000000000
00055 R10: 00000000000001b6 R11: 0000000000000202 R12: 00007ffec0fd980d
00055 R13: 00007f78b9604248 R14: 0000000000000000 R15: 0000000000000001
00055  </TASK>
00055 ---[ end trace 0000000000000000 ]---
00055 ------------[ cut here ]------------
00055 WARNING: /home/ktest/git/linux/include/linux/fs.h:889 at osd_create+0x9cf/0xcf0 [osd_wbcfs], CPU#2: mdt00_004/1861
00055 Modules linked in: ofd(O) osp(O) mdd(O) lod(O) mdt(O) lquota(O) lfsck(O) mgs(O) osd_wbcfs(O) lustre(O) obdecho(O) mgc(O) mdc(O) lov(O) osc(O) lmv(O) ec(O) fid(O) fld(O) ptlrpc(O) efivarfs obdclass(O) ksocklnd(O) lnet(O) libcfs(O)
00055 CPU: 2 UID: 0 PID: 1861 Comm: mdt00_004 Tainted: G        W  O        7.0.0-ktest-6eb18a2-6330a45-20260928-dirty #1 PREEMPT 
00055 Tainted: [W]=WARN, [O]=OOT_MODULE
00055 Hardware name: QEMU Standard PC (Q35 + ICH9, 2009), BIOS 2025.11-3ubuntu7 03/31/2026
00055 RIP: 0010:osd_create+0x9cf/0xcf0 [osd_wbcfs]
00055 Code: c7 c7 00 96 7b a1 48 c7 c6 a0 12 7d a1 48 c7 c2 00 1c 7d a1 e8 52 f1 43 ff 48 c7 c7 00 96 7b a1 e8 46 81 44 ff e9 fe fc ff ff <0f> 0b e9 a5 fa ff ff 48 c7 c1 80 44 5d a0 80 e1 07 80 c1 03 38 c1
00055 RSP: 0018:ffffc90001d872e8 EFLAGS: 00010246
00055 RAX: 0000000000000000 RBX: ffff88814aee9c00 RCX: 0000000000000046
00055 RDX: 0000000000000000 RSI: ffff88814a6ee620 RDI: ffff8881088f4b18
00055 RBP: ffff88814a6ee590 R08: ffff888122e7a983 R09: 1ffff110245cf530
00055 R10: dffffc0000000000 R11: ffffed10245cf531 R12: ffff88814f6ce2c8
00055 R13: dffffc0000000000 R14: 1ffff110295dd380 R15: 1ffff1102937f2c8
00055 FS:  0000000000000000(0000) GS:ffff8881d4b29000(0000) knlGS:0000000000000000
00055 CS:  0010 DS: 0000 ES: 0000 CR0: 0000000080050033
00055 CR2: 00007f5f396ee300 CR3: 00000001263be000 CR4: 0000000000750eb0
00055 PKRU: 55555554
00055 Call Trace:
00055  <TASK>
00055  ? lod_sub_create+0x168a/0x1940 [lod]
00055  ? dt_write_lock+0x16d/0x2a0 [obdclass]
00055  ? lod_create+0x10d/0x720 [lod]
00055  ? mdd_create_object_internal+0x18f/0x320 [mdd]
00055  ? mdd_create_object+0xab/0x1ce0 [mdd]
00055  ? mdd_create+0x202b/0x4110 [mdd]
00055  ? lustre_msg_get_versions+0x49/0x160 [ptlrpc]
00055  ? mdt_reint_open+0x434b/0x8480 [mdt]
00055  ? mdt_reint_rec+0x10f/0x530 [mdt]
00055  ? mdt_reint_internal+0x9d5/0x11a0 [mdt]
00055  ? mdt_intent_open+0x18b/0x9a0 [mdt]
00055  ? mdt_intent_policy+0x1639/0x2300 [mdt]
00055  ? mdt_register_lwp_callback+0x620/0x620 [mdt]
00055  ? mdt_seq_init+0x1ef0/0x1ef0 [mdt]
00055  ? ldlm_lock_enqueue+0x221/0x16c0 [ptlrpc]
00055  ? ldlm_handle_enqueue+0x139f/0x3250 [ptlrpc]
00055  ? tgt_enqueue+0x19b/0x550 [ptlrpc]
00055  ? tgt_request_handle+0x23ad/0x3d30 [ptlrpc]
00055  ? ptlrpc_main+0x6359/0x96f0 [ptlrpc]
00055  ? __kthread_parkme+0x73/0x130
00055  ? kthread+0x2cd/0x3a0
00055  ? ptlrpc_start_thread+0x1f10/0x1f10 [ptlrpc]
00055  ? kthread_unuse_mm+0x130/0x130
00055  ? ret_from_fork+0x18c/0x520
00055  ? kthread_unuse_mm+0x130/0x130
00055  ? ret_from_fork_asm+0x11/0x20
00055  </TASK>
00055 ---[ end trace 0000000000000000 ]---
00055 ------------[ cut here ]------------
00055 WARNING: /home/ktest/git/linux/include/linux/fs.h:889 at ll_iget+0x592/0x850 [lustre], CPU#3: touch/3870
00055 Modules linked in: ofd(O) osp(O) mdd(O) lod(O) mdt(O) lquota(O) lfsck(O) mgs(O) osd_wbcfs(O) lustre(O) obdecho(O) mgc(O) mdc(O) lov(O) osc(O) lmv(O) ec(O) fid(O) fld(O) ptlrpc(O) efivarfs obdclass(O) ksocklnd(O) lnet(O) libcfs(O)
00055 CPU: 3 UID: 0 PID: 3870 Comm: touch Tainted: G        W  O        7.0.0-ktest-6eb18a2-6330a45-20260928-dirty #1 PREEMPT 
00055 Tainted: [W]=WARN, [O]=OOT_MODULE
00055 Hardware name: QEMU Standard PC (Q35 + ICH9, 2009), BIOS 2025.11-3ubuntu7 03/31/2026
00055 RIP: 0010:ll_iget+0x592/0x850 [lustre]
00055 Code: 48 c7 c6 40 52 76 a1 48 c7 c2 80 52 76 a1 e8 45 76 d4 fe 48 c7 c7 80 d7 a6 a1 e8 39 06 d5 fe 48 89 df 4c 89 fe e9 34 fb ff ff <0f> 0b e9 89 fb ff ff 0f 0b e9 f0 fc ff ff 48 c7 c1 80 44 5d a0 80
00055 RSP: 0018:ffffc9000a23f6c8 EFLAGS: 00010246
00055 RAX: 0000000000000000 RBX: ffff88803d300140 RCX: 0000000000000046
00055 RDX: 0000000000000000 RSI: ffff88803d3001d0 RDI: ffff88814eb52a58
00055 RBP: ffff88805245b000 R08: ffff88803d45e883 R09: 1ffff11007a8bd10
00055 R10: dffffc0000000000 R11: ffffed1007a8bd11 R12: dffffc0000000000
00055 R13: dffffc0000000000 R14: ffffc9000a23f780 R15: 0200000402000009
00055 FS:  00007f78b967e740(0000) GS:ffff8881d4ba9000(0000) knlGS:0000000000000000
00055 CS:  0010 DS: 0000 ES: 0000 CR0: 0000000080050033
00055 CR2: 00007f78b94f5ad0 CR3: 000000014bac8000 CR4: 0000000000750eb0
00055 PKRU: 55555554
00055 Call Trace:
00055  <TASK>
00055  ll_prep_inode+0x682/0x1310 [lustre]
00055  ll_create_it+0x52f/0x15d0 [lustre]
00055  ll_lookup_it+0x2bac/0x4650 [lustre]
00055  ? __alloc_tagging_slab_alloc_hook+0x136/0x190
00055  ll_atomic_open+0x950/0x1690 [lustre]
00055  atomic_open+0x162/0x320
00055  path_openat+0xcda/0x2630
00055  do_file_open+0x19b/0x360
00055  ? _raw_spin_unlock+0x23/0x40
00055  ? alloc_fd+0x42c/0x480
00055  do_sys_openat2+0x84/0xf0
00055  __x64_sys_openat+0xf8/0x120
00055  do_syscall_64+0xc1/0x350
00055  entry_SYSCALL_64_after_hwframe+0x4b/0x53
00055 RIP: 0033:0x7f78b951b445
00055 Code: 83 e2 40 75 50 89 f0 f7 d0 a9 00 00 41 00 74 45 80 3d 0e 0c 0f 00 00 74 60 89 da 4c 89 e6 bf 9c ff ff ff b8 01 01 00 00 0f 05 <48> 3d 00 f0 ff ff 0f 87 7f 00 00 00 48 8b 55 b8 64 48 2b 14 25 28
00055 RSP: 002b:00007ffec0fd7f40 EFLAGS: 00000202 ORIG_RAX: 0000000000000101
00055 RAX: ffffffffffffffda RBX: 0000000000000941 RCX: 00007f78b951b445
00055 RDX: 0000000000000941 RSI: 00007ffec0fd980d RDI: 00000000ffffff9c
00055 RBP: 00007ffec0fd7fb0 R08: 0000000000000000 R09: 0000000000000000
00055 R10: 00000000000001b6 R11: 0000000000000202 R12: 00007ffec0fd980d
00055 R13: 00007f78b9604248 R14: 0000000000000000 R15: 0000000000000001
00055  </TASK>
00055 ---[ end trace 0000000000000000 ]---
00055 ------------[ cut here ]------------
00055 WARNING: /home/ktest/git/linux/include/linux/fs.h:889 at cl_file_inode_init+0x5f8/0x7a0 [lustre], CPU#3: touch/3870
00055 Modules linked in: ofd(O) osp(O) mdd(O) lod(O) mdt(O) lquota(O) lfsck(O) mgs(O) osd_wbcfs(O) lustre(O) obdecho(O) mgc(O) mdc(O) lov(O) osc(O) lmv(O) ec(O) fid(O) fld(O) ptlrpc(O) efivarfs obdclass(O) ksocklnd(O) lnet(O) libcfs(O)
00055 CPU: 3 UID: 0 PID: 3870 Comm: touch Tainted: G        W  O        7.0.0-ktest-6eb18a2-6330a45-20260928-dirty #1 PREEMPT 
00055 Tainted: [W]=WARN, [O]=OOT_MODULE
00055 Hardware name: QEMU Standard PC (Q35 + ICH9, 2009), BIOS 2025.11-3ubuntu7 03/31/2026
00055 RIP: 0010:cl_file_inode_init+0x5f8/0x7a0 [lustre]
00055 Code: c7 c7 c0 b3 a8 a1 48 c7 c6 c0 e3 76 a1 48 c7 c2 00 e4 76 a1 e8 f9 4e cf fe 48 c7 c7 c0 b3 a8 a1 e8 ed de cf fe e9 eb fb ff ff <0f> 0b e9 63 fc ff ff c7 05 ef c6 17 00 00 00 04 00 48 c7 c7 c0 b6
00055 RSP: 0018:ffffc9000a23f4c0 EFLAGS: 00010246
00055 RAX: 0000000000000000 RBX: ffff88803d300140 RCX: 0000000000000046
00055 RDX: ffff88803d30006c RSI: ffff88803d3001d0 RDI: ffff88814eb52a58
00055 RBP: dffffc0000000000 R08: ffff888122e7aa43 R09: 1ffff110245cf548
00055 R10: dffffc0000000000 R11: ffffed10245cf549 R12: ffff88814e2b9688
00055 R13: 1ffff11007a60160 R14: ffff88803d300b00 R15: ffff888154085800
00055 FS:  00007f78b967e740(0000) GS:ffff8881d4ba9000(0000) knlGS:0000000000000000
00055 CS:  0010 DS: 0000 ES: 0000 CR0: 0000000080050033
00055 CR2: 00007f78b94f5ad0 CR3: 000000014bac8000 CR4: 0000000000750eb0
00055 PKRU: 55555554
00055 Call Trace:
00055  <TASK>
00055  ll_update_inode+0xfa/0x3ef0 [lustre]
00055  ? report_bug+0x87/0xc0
00055  ? inode_set_ctime_to_ts+0x7f/0x1b0
00055  ll_read_inode2+0x23d/0x9f0 [lustre]
00055  ll_iget+0x201/0x850 [lustre]
00055  ll_prep_inode+0x682/0x1310 [lustre]
00055  ll_create_it+0x52f/0x15d0 [lustre]
00055  ll_lookup_it+0x2bac/0x4650 [lustre]
00055  ? __alloc_tagging_slab_alloc_hook+0x136/0x190
00055  ll_atomic_open+0x950/0x1690 [lustre]
00055  atomic_open+0x162/0x320
00055  path_openat+0xcda/0x2630
00055  do_file_open+0x19b/0x360
00055  ? _raw_spin_unlock+0x23/0x40
00055  ? alloc_fd+0x42c/0x480
00055  do_sys_openat2+0x84/0xf0
00055  __x64_sys_openat+0xf8/0x120
00055  do_syscall_64+0xc1/0x350
00055  entry_SYSCALL_64_after_hwframe+0x4b/0x53
00055 RIP: 0033:0x7f78b951b445
00055 Code: 83 e2 40 75 50 89 f0 f7 d0 a9 00 00 41 00 74 45 80 3d 0e 0c 0f 00 00 74 60 89 da 4c 89 e6 bf 9c ff ff ff b8 01 01 00 00 0f 05 <48> 3d 00 f0 ff ff 0f 87 7f 00 00 00 48 8b 55 b8 64 48 2b 14 25 28
00055 RSP: 002b:00007ffec0fd7f40 EFLAGS: 00000202 ORIG_RAX: 0000000000000101
00055 RAX: ffffffffffffffda RBX: 0000000000000941 RCX: 00007f78b951b445
00055 RDX: 0000000000000941 RSI: 00007ffec0fd980d RDI: 00000000ffffff9c
00055 RBP: 00007ffec0fd7fb0 R08: 0000000000000000 R09: 0000000000000000
00055 R10: 00000000000001b6 R11: 0000000000000202 R12: 00007ffec0fd980d
00055 R13: 00007f78b9604248 R14: 0000000000000000 R15: 0000000000000001
00055  </TASK>
00055 ---[ end trace 0000000000000000 ]---
00055 rmdir: failed to remove '/mnt/lustre/d4.sanity': Directory not empty
00055 ------------[ cut here ]------------
00055 WARNING: /home/ktest/git/linux/include/linux/fs.h:889 at ll_iget+0x592/0x850 [lustre], CPU#1: bash/3842
00055 Modules linked in: ofd(O) osp(O) mdd(O) lod(O) mdt(O) lquota(O) lfsck(O) mgs(O) osd_wbcfs(O) lustre(O) obdecho(O) mgc(O) mdc(O) lov(O) osc(O) lmv(O) ec(O) fid(O) fld(O) ptlrpc(O) efivarfs obdclass(O) ksocklnd(O) lnet(O) libcfs(O)
00055 CPU: 1 UID: 0 PID: 3842 Comm: bash Tainted: G        W  O        7.0.0-ktest-6eb18a2-6330a45-20260928-dirty #1 PREEMPT 
00055 Tainted: [W]=WARN, [O]=OOT_MODULE
00055 Hardware name: QEMU Standard PC (Q35 + ICH9, 2009), BIOS 2025.11-3ubuntu7 03/31/2026
00055 RIP: 0010:ll_iget+0x592/0x850 [lustre]
00055 Code: 48 c7 c6 40 52 76 a1 48 c7 c2 80 52 76 a1 e8 45 76 d4 fe 48 c7 c7 80 d7 a6 a1 e8 39 06 d5 fe 48 89 df 4c 89 fe e9 34 fb ff ff <0f> 0b e9 89 fb ff ff 0f 0b e9 f0 fc ff ff 48 c7 c1 80 44 5d a0 80
00055 RSP: 0018:ffffc9000a32f6d8 EFLAGS: 00010246
00055 RAX: 0000000000000000 RBX: ffff88803d019dc0 RCX: 0000000000000046
00055 RDX: 0000000000000000 RSI: ffff88803d019e50 RDI: ffff888145e1aa30
00055 RBP: ffff88805245b000 R08: ffffffff83a16803 R09: 1ffffffff0742d00
00055 R10: dffffc0000000000 R11: fffffbfff0742d01 R12: dffffc0000000000
00055 R13: dffffc0000000000 R14: ffffc9000a32f790 R15: 0200000402000008
00055 FS:  00007fc850e05b80(0000) GS:ffff8881d4aa9000(0000) knlGS:0000000000000000
00055 CS:  0010 DS: 0000 ES: 0000 CR0: 0000000080050033
00055 CR2: 000055769b7dd8c0 CR3: 000000014a556000 CR4: 0000000000750eb0
00055 PKRU: 55555554
00055 Call Trace:
00055  <TASK>
00055  ll_prep_inode+0x682/0x1310 [lustre]
00055  ? lustre_swab_barrier_lvb+0xd0/0xd0 [ptlrpc]
00055  ll_lookup_it+0x168c/0x4650 [lustre]
00055  ? encode_fn_len+0xd3/0xb10 [obdclass]
00055  ll_lookup_nd+0x2a7/0x4f0 [lustre]
00055  __lookup_slow+0x1a2/0x260
00055  lookup_slow+0x53/0x70
00055  path_lookupat+0x2d0/0x6d0
00055  filename_lookup+0x18f/0x340
00055  ? local_trylock_acquire+0x23/0x70
00055  ? local_trylock_acquire+0xb/0x70
00055  vfs_statx+0x6a/0x3c0
00055  ? do_getname+0xb3/0x190
00055  vfs_fstatat+0xa6/0xd0
00055  __x64_sys_newfstatat+0xb2/0x2c0
00055  ? exc_page_fault+0x61/0xa0
00055  ? do_user_addr_fault+0x385/0xc20
00055  ? fpregs_assert_state_consistent+0x4f/0xe0
00055  do_syscall_64+0xc1/0x350
00055  entry_SYSCALL_64_after_hwframe+0x4b/0x53
00055 RIP: 0033:0x7fc850b1768e
00055 Code: 0f 1f 40 00 48 8b 15 89 c7 0e 00 f7 d8 64 89 02 b8 ff ff ff ff c3 66 0f 1f 44 00 00 f3 0f 1e fa 41 89 ca b8 06 01 00 00 0f 05 <3d> 00 f0 ff ff 77 0b 31 c0 c3 0f 1f 84 00 00 00 00 00 48 8b 15 51
00055 RSP: 002b:00007fff266235a8 EFLAGS: 00000246 ORIG_RAX: 0000000000000106
00055 RAX: ffffffffffffffda RBX: 0000000000000000 RCX: 00007fc850b1768e
00055 RDX: 00007fff266235e0 RSI: 00005576ae1e8270 RDI: 00000000ffffff9c
00055 RBP: 00007fff26623690 R08: 000055769b7dea00 R09: 000055769b7dfe00
00055 R10: 0000000000000000 R11: 0000000000000246 R12: 00005576ae1e7120
00055 R13: 0000000000000020 R14: 0000000000000000 R15: 0000000000000000
00055  </TASK>
00055 ---[ end trace 0000000000000000 ]---
00055 ------------[ cut here ]------------
00055 WARNING: /home/ktest/git/linux/include/linux/fs.h:889 at ll_iget+0x599/0x850 [lustre], CPU#1: bash/3842
00055 Modules linked in: ofd(O) osp(O) mdd(O) lod(O) mdt(O) lquota(O) lfsck(O) mgs(O) osd_wbcfs(O) lustre(O) obdecho(O) mgc(O) mdc(O) lov(O) osc(O) lmv(O) ec(O) fid(O) fld(O) ptlrpc(O) efivarfs obdclass(O) ksocklnd(O) lnet(O) libcfs(O)
00055 CPU: 1 UID: 0 PID: 3842 Comm: bash Tainted: G        W  O        7.0.0-ktest-6eb18a2-6330a45-20260928-dirty #1 PREEMPT 
00055 Tainted: [W]=WARN, [O]=OOT_MODULE
00055 Hardware name: QEMU Standard PC (Q35 + ICH9, 2009), BIOS 2025.11-3ubuntu7 03/31/2026
00055 RIP: 0010:ll_iget+0x599/0x850 [lustre]
00055 Code: 48 c7 c2 80 52 76 a1 e8 45 76 d4 fe 48 c7 c7 80 d7 a6 a1 e8 39 06 d5 fe 48 89 df 4c 89 fe e9 34 fb ff ff 0f 0b e9 89 fb ff ff <0f> 0b e9 f0 fc ff ff 48 c7 c1 80 44 5d a0 80 e1 07 80 c1 03 38 c1
00055 RSP: 0018:ffffc9000a32f6d8 EFLAGS: 00010246
00055 RAX: 0000000000000000 RBX: ffff88803d019dc0 RCX: 0000000000000046
00055 RDX: 0000000000000000 RSI: ffff88803d019e50 RDI: ffff888145e1aa30
00055 RBP: ffff88805245b000 R08: ffffffff83a16803 R09: 1ffffffff0742d00
00055 R10: dffffc0000000000 R11: fffffbfff0742d01 R12: dffffc0000000000
00055 R13: 1ffff11007a033d1 R14: ffffc9000a32f790 R15: ffff88803d019e88
00055 FS:  00007fc850e05b80(0000) GS:ffff8881d4aa9000(0000) knlGS:0000000000000000
00055 CS:  0010 DS: 0000 ES: 0000 CR0: 0000000080050033
00055 CR2: 000055769b7dd8c0 CR3: 000000014a556000 CR4: 0000000000750eb0
00055 PKRU: 55555554
00055 Call Trace:
00055  <TASK>
00055  ll_prep_inode+0x682/0x1310 [lustre]
00055  ? lustre_swab_barrier_lvb+0xd0/0xd0 [ptlrpc]
00055  ll_lookup_it+0x168c/0x4650 [lustre]
00055  ? encode_fn_len+0xd3/0xb10 [obdclass]
00055  ll_lookup_nd+0x2a7/0x4f0 [lustre]
00055  __lookup_slow+0x1a2/0x260
00055  lookup_slow+0x53/0x70
00055  path_lookupat+0x2d0/0x6d0
00055  filename_lookup+0x18f/0x340
00055  ? local_trylock_acquire+0x23/0x70
00055  ? local_trylock_acquire+0xb/0x70
00055  vfs_statx+0x6a/0x3c0
00055  ? do_getname+0xb3/0x190
00055  vfs_fstatat+0xa6/0xd0
00055  __x64_sys_newfstatat+0xb2/0x2c0
00055  ? exc_page_fault+0x61/0xa0
00055  ? do_user_addr_fault+0x385/0xc20
00055  ? fpregs_assert_state_consistent+0x4f/0xe0
00055  do_syscall_64+0xc1/0x350
00055  entry_SYSCALL_64_after_hwframe+0x4b/0x53
00055 RIP: 0033:0x7fc850b1768e
00055 Code: 0f 1f 40 00 48 8b 15 89 c7 0e 00 f7 d8 64 89 02 b8 ff ff ff ff c3 66 0f 1f 44 00 00 f3 0f 1e fa 41 89 ca b8 06 01 00 00 0f 05 <3d> 00 f0 ff ff 77 0b 31 c0 c3 0f 1f 84 00 00 00 00 00 48 8b 15 51
00055 RSP: 002b:00007fff266235a8 EFLAGS: 00000246 ORIG_RAX: 0000000000000106
00055 RAX: ffffffffffffffda RBX: 0000000000000000 RCX: 00007fc850b1768e
00055 RDX: 00007fff266235e0 RSI: 00005576ae1e8270 RDI: 00000000ffffff9c
00055 RBP: 00007fff26623690 R08: 000055769b7dea00 R09: 000055769b7dfe00
00055 R10: 0000000000000000 R11: 0000000000000246 R12: 00005576ae1e7120
00055 R13: 0000000000000020 R14: 0000000000000000 R15: 0000000000000000
00055  </TASK>
00055 ---[ end trace 0000000000000000 ]---
00055 ------------[ cut here ]------------
00055 WARNING: /home/ktest/git/linux/include/linux/fs.h:889 at ll_iget+0x592/0x850 [lustre], CPU#2: rm/3872
00055 Modules linked in: ofd(O) osp(O) mdd(O) lod(O) mdt(O) lquota(O) lfsck(O) mgs(O) osd_wbcfs(O) lustre(O) obdecho(O) mgc(O) mdc(O) lov(O) osc(O) lmv(O) ec(O) fid(O) fld(O) ptlrpc(O) efivarfs obdclass(O) ksocklnd(O) lnet(O) libcfs(O)
00055 CPU: 2 UID: 0 PID: 3872 Comm: rm Tainted: G        W  O        7.0.0-ktest-6eb18a2-6330a45-20260928-dirty #1 PREEMPT 
00055 Tainted: [W]=WARN, [O]=OOT_MODULE
00055 Hardware name: QEMU Standard PC (Q35 + ICH9, 2009), BIOS 2025.11-3ubuntu7 03/31/2026
00055 RIP: 0010:ll_iget+0x592/0x850 [lustre]
00055 Code: 48 c7 c6 40 52 76 a1 48 c7 c2 80 52 76 a1 e8 45 76 d4 fe 48 c7 c7 80 d7 a6 a1 e8 39 06 d5 fe 48 89 df 4c 89 fe e9 34 fb ff ff <0f> 0b e9 89 fb ff ff 0f 0b e9 f0 fc ff ff 48 c7 c1 80 44 5d a0 80
00055 RSP: 0018:ffffc9000a45fa38 EFLAGS: 00010246
00055 RAX: 0000000000000000 RBX: ffff88803d300140 RCX: 0000000000000046
00055 RDX: 0000000000000000 RSI: ffff88803d3001d0 RDI: ffff88811c728998
00055 RBP: ffff88805245b000 R08: ffffffff83a16803 R09: 1ffffffff0742d00
00055 R10: dffffc0000000000 R11: fffffbfff0742d01 R12: dffffc0000000000
00055 R13: dffffc0000000000 R14: ffffc9000a45faf0 R15: 0200000402000009
00055 FS:  00007f7c13381740(0000) GS:ffff8881d4b29000(0000) knlGS:0000000000000000
00055 CS:  0010 DS: 0000 ES: 0000 CR0: 0000000080050033
00055 CR2: 00007f7c13280000 CR3: 000000003d546000 CR4: 0000000000750eb0
00055 PKRU: 55555554
00055 Call Trace:
00055  <TASK>
00055  ll_prep_inode+0x682/0x1310 [lustre]
00055  ? lustre_swab_barrier_lvb+0xd0/0xd0 [ptlrpc]
00055  ll_lookup_it+0x168c/0x4650 [lustre]
00055  ? encode_fn_len+0xd3/0xb10 [obdclass]
00055  ll_lookup_nd+0x2a7/0x4f0 [lustre]
00055  lookup_one_qstr_excl+0x198/0x2a0
00055  filename_unlinkat+0x15e/0x410
00055  __x64_sys_unlinkat+0xa8/0x170
00055  do_syscall_64+0xc1/0x350
00055  entry_SYSCALL_64_after_hwframe+0x4b/0x53
00055 RIP: 0033:0x7f7c1311c70b
00055 Code: 77 05 c3 0f 1f 40 00 48 8b 15 09 77 0e 00 f7 d8 64 89 02 b8 ff ff ff ff c3 66 0f 1f 44 00 00 f3 0f 1e fa b8 07 01 00 00 0f 05 <48> 3d 01 f0 ff ff 73 01 c3 48 8b 0d dd 76 0e 00 f7 d8 64 89 01 48
00055 RSP: 002b:00007fff72630938 EFLAGS: 00000246 ORIG_RAX: 0000000000000107
00055 RAX: ffffffffffffffda RBX: 0000559db10aab60 RCX: 00007f7c1311c70b
00055 RDX: 0000000000000000 RSI: 0000559db10aac60 RDI: 0000000000000004
00055 RBP: 00007fff72630a10 R08: 0000559db10ac2f0 R09: 00007fff72630a6c
00055 R10: 0000000000000016 R11: 0000000000000246 R12: 0000559db10aa5c0
00055 R13: 0000000000000000 R14: 00007fff72630a70 R15: 0000000000000000
00055  </TASK>
00055 ---[ end trace 0000000000000000 ]---
00055 ------------[ cut here ]------------
00055 WARNING: /home/ktest/git/linux/include/linux/fs.h:889 at ll_iget+0x599/0x850 [lustre], CPU#2: rm/3872
00055 Modules linked in: ofd(O) osp(O) mdd(O) lod(O) mdt(O) lquota(O) lfsck(O) mgs(O) osd_wbcfs(O) lustre(O) obdecho(O) mgc(O) mdc(O) lov(O) osc(O) lmv(O) ec(O) fid(O) fld(O) ptlrpc(O) efivarfs obdclass(O) ksocklnd(O) lnet(O) libcfs(O)
00055 CPU: 2 UID: 0 PID: 3872 Comm: rm Tainted: G        W  O        7.0.0-ktest-6eb18a2-6330a45-20260928-dirty #1 PREEMPT 
00055 Tainted: [W]=WARN, [O]=OOT_MODULE
00055 Hardware name: QEMU Standard PC (Q35 + ICH9, 2009), BIOS 2025.11-3ubuntu7 03/31/2026
00055 RIP: 0010:ll_iget+0x599/0x850 [lustre]
00055 Code: 48 c7 c2 80 52 76 a1 e8 45 76 d4 fe 48 c7 c7 80 d7 a6 a1 e8 39 06 d5 fe 48 89 df 4c 89 fe e9 34 fb ff ff 0f 0b e9 89 fb ff ff <0f> 0b e9 f0 fc ff ff 48 c7 c1 80 44 5d a0 80 e1 07 80 c1 03 38 c1
00055 RSP: 0018:ffffc9000a45fa38 EFLAGS: 00010246
00055 RAX: 0000000000000000 RBX: ffff88803d300140 RCX: 0000000000000046
00055 RDX: 0000000000000000 RSI: ffff88803d3001d0 RDI: ffff88811c728998
00055 RBP: ffff88805245b000 R08: ffffffff83a16803 R09: 1ffffffff0742d00
00055 R10: dffffc0000000000 R11: fffffbfff0742d01 R12: dffffc0000000000
00055 R13: 1ffff11007a60041 R14: ffffc9000a45faf0 R15: ffff88803d300208
00055 FS:  00007f7c13381740(0000) GS:ffff8881d4b29000(0000) knlGS:0000000000000000
00055 CS:  0010 DS: 0000 ES: 0000 CR0: 0000000080050033
00055 CR2: 00007f7c13280000 CR3: 000000003d546000 CR4: 0000000000750eb0
00055 PKRU: 55555554
00055 Call Trace:
00055  <TASK>
00055  ll_prep_inode+0x682/0x1310 [lustre]
00055  ? lustre_swab_barrier_lvb+0xd0/0xd0 [ptlrpc]
00055  ll_lookup_it+0x168c/0x4650 [lustre]
00055  ? encode_fn_len+0xd3/0xb10 [obdclass]
00055  ll_lookup_nd+0x2a7/0x4f0 [lustre]
00055  lookup_one_qstr_excl+0x198/0x2a0
00055  filename_unlinkat+0x15e/0x410
00055  __x64_sys_unlinkat+0xa8/0x170
00055  do_syscall_64+0xc1/0x350
00055  entry_SYSCALL_64_after_hwframe+0x4b/0x53
00055 RIP: 0033:0x7f7c1311c70b
00055 Code: 77 05 c3 0f 1f 40 00 48 8b 15 09 77 0e 00 f7 d8 64 89 02 b8 ff ff ff ff c3 66 0f 1f 44 00 00 f3 0f 1e fa b8 07 01 00 00 0f 05 <48> 3d 01 f0 ff ff 73 01 c3 48 8b 0d dd 76 0e 00 f7 d8 64 89 01 48
00055 RSP: 002b:00007fff72630938 EFLAGS: 00000246 ORIG_RAX: 0000000000000107
00055 RAX: ffffffffffffffda RBX: 0000559db10aab60 RCX: 00007f7c1311c70b
00055 RDX: 0000000000000000 RSI: 0000559db10aac60 RDI: 0000000000000004
00055 RBP: 00007fff72630a10 R08: 0000559db10ac2f0 R09: 00007fff72630a6c
00055 R10: 0000000000000016 R11: 0000000000000246 R12: 0000559db10aa5c0
00055 R13: 0000000000000000 R14: 00007fff72630a70 R15: 0000000000000000
00055  </TASK>
00055 ---[ end trace 0000000000000000 ]---
00055 ------------[ cut here ]------------
00055 WARNING: /home/ktest/git/linux/include/linux/fs.h:889 at ll_iget+0x592/0x850 [lustre], CPU#2: rm/3872
00055 Modules linked in: ofd(O) osp(O) mdd(O) lod(O) mdt(O) lquota(O) lfsck(O) mgs(O) osd_wbcfs(O) lustre(O) obdecho(O) mgc(O) mdc(O) lov(O) osc(O) lmv(O) ec(O) fid(O) fld(O) ptlrpc(O) efivarfs obdclass(O) ksocklnd(O) lnet(O) libcfs(O)
00055 CPU: 2 UID: 0 PID: 3872 Comm: rm Tainted: G        W  O        7.0.0-ktest-6eb18a2-6330a45-20260928-dirty #1 PREEMPT 
00055 Tainted: [W]=WARN, [O]=OOT_MODULE
00055 Hardware name: QEMU Standard PC (Q35 + ICH9, 2009), BIOS 2025.11-3ubuntu7 03/31/2026
00055 RIP: 0010:ll_iget+0x592/0x850 [lustre]
00055 Code: 48 c7 c6 40 52 76 a1 48 c7 c2 80 52 76 a1 e8 45 76 d4 fe 48 c7 c7 80 d7 a6 a1 e8 39 06 d5 fe 48 89 df 4c 89 fe e9 34 fb ff ff <0f> 0b e9 89 fb ff ff 0f 0b e9 f0 fc ff ff 48 c7 c1 80 44 5d a0 80
00055 RSP: 0018:ffffc9000a45fa68 EFLAGS: 00010246
00055 RAX: 0000000000000000 RBX: ffff88803d019dc0 RCX: 0000000000000046
00055 RDX: 0000000000000000 RSI: ffff88803d019e50 RDI: ffff88811c728998
00055 RBP: ffff88805245b000 R08: ffffffff83a16803 R09: 1ffffffff0742d00
00055 R10: dffffc0000000000 R11: fffffbfff0742d01 R12: dffffc0000000000
00055 R13: dffffc0000000000 R14: ffffc9000a45fb20 R15: 0200000402000008
00055 FS:  00007f7c13381740(0000) GS:ffff8881d4b29000(0000) knlGS:0000000000000000
00055 CS:  0010 DS: 0000 ES: 0000 CR0: 0000000080050033
00055 CR2: 00007f7c13280000 CR3: 000000003d546000 CR4: 0000000000750eb0
00055 PKRU: 55555554
00055 Call Trace:
00055  <TASK>
00055  ll_prep_inode+0x682/0x1310 [lustre]
00055  ? lustre_swab_barrier_lvb+0xd0/0xd0 [ptlrpc]
00055  ll_lookup_it+0x168c/0x4650 [lustre]
00055  ? encode_fn_len+0xd3/0xb10 [obdclass]
00055  ll_lookup_nd+0x2a7/0x4f0 [lustre]
00055  lookup_one_qstr_excl+0x198/0x2a0
00055  filename_rmdir+0x129/0x3a0
00055  __x64_sys_unlinkat+0xa1/0x170
00055  do_syscall_64+0xc1/0x350
00055  entry_SYSCALL_64_after_hwframe+0x4b/0x53
00055 RIP: 0033:0x7f7c1311c70b
00055 Code: 77 05 c3 0f 1f 40 00 48 8b 15 09 77 0e 00 f7 d8 64 89 02 b8 ff ff ff ff c3 66 0f 1f 44 00 00 f3 0f 1e fa b8 07 01 00 00 0f 05 <48> 3d 01 f0 ff ff 73 01 c3 48 8b 0d dd 76 0e 00 f7 d8 64 89 01 48
00055 RSP: 002b:00007fff72630938 EFLAGS: 00000246 ORIG_RAX: 0000000000000107
00055 RAX: ffffffffffffffda RBX: 0000559db10aa760 RCX: 00007f7c1311c70b
00055 RDX: 0000000000000200 RSI: 0000559db10ac2f0 RDI: 00000000ffffff9c
00055 RBP: 00007fff72630a10 R08: 0000559db10ac2f0 R09: 00007fff72630a6c
00055 R10: 0000559db10aab60 R11: 0000000000000246 R12: 0000559db10aa5c0
00055 R13: 0000000000000001 R14: 00007fff72630a70 R15: 0000000000000001
00055  </TASK>
00055 ---[ end trace 0000000000000000 ]---
00055 ------------[ cut here ]------------
00055 WARNING: /home/ktest/git/linux/include/linux/fs.h:889 at ll_iget+0x599/0x850 [lustre], CPU#2: rm/3872
00055 Modules linked in: ofd(O) osp(O) mdd(O) lod(O) mdt(O) lquota(O) lfsck(O) mgs(O) osd_wbcfs(O) lustre(O) obdecho(O) mgc(O) mdc(O) lov(O) osc(O) lmv(O) ec(O) fid(O) fld(O) ptlrpc(O) efivarfs obdclass(O) ksocklnd(O) lnet(O) libcfs(O)
00055 CPU: 2 UID: 0 PID: 3872 Comm: rm Tainted: G        W  O        7.0.0-ktest-6eb18a2-6330a45-20260928-dirty #1 PREEMPT 
00055 Tainted: [W]=WARN, [O]=OOT_MODULE
00055 Hardware name: QEMU Standard PC (Q35 + ICH9, 2009), BIOS 2025.11-3ubuntu7 03/31/2026
00055 RIP: 0010:ll_iget+0x599/0x850 [lustre]
00055 Code: 48 c7 c2 80 52 76 a1 e8 45 76 d4 fe 48 c7 c7 80 d7 a6 a1 e8 39 06 d5 fe 48 89 df 4c 89 fe e9 34 fb ff ff 0f 0b e9 89 fb ff ff <0f> 0b e9 f0 fc ff ff 48 c7 c1 80 44 5d a0 80 e1 07 80 c1 03 38 c1
00055 RSP: 0018:ffffc9000a45fa68 EFLAGS: 00010246
00055 RAX: 0000000000000000 RBX: ffff88803d019dc0 RCX: 0000000000000046
00055 RDX: 0000000000000000 RSI: ffff88803d019e50 RDI: ffff88811c728998
00055 RBP: ffff88805245b000 R08: ffffffff83a16803 R09: 1ffffffff0742d00
00055 R10: dffffc0000000000 R11: fffffbfff0742d01 R12: dffffc0000000000
00055 R13: 1ffff11007a033d1 R14: ffffc9000a45fb20 R15: ffff88803d019e88
00055 FS:  00007f7c13381740(0000) GS:ffff8881d4b29000(0000) knlGS:0000000000000000
00055 CS:  0010 DS: 0000 ES: 0000 CR0: 0000000080050033
00055 CR2: 00007f7c13280000 CR3: 000000003d546000 CR4: 0000000000750eb0
00055 PKRU: 55555554
00055 Call Trace:
00055  <TASK>
00055  ll_prep_inode+0x682/0x1310 [lustre]
00055  ? lustre_swab_barrier_lvb+0xd0/0xd0 [ptlrpc]
00055  ll_lookup_it+0x168c/0x4650 [lustre]
00055  ? encode_fn_len+0xd3/0xb10 [obdclass]
00055  ll_lookup_nd+0x2a7/0x4f0 [lustre]
00055  lookup_one_qstr_excl+0x198/0x2a0
00055  filename_rmdir+0x129/0x3a0
00055  __x64_sys_unlinkat+0xa1/0x170
00055  do_syscall_64+0xc1/0x350
00055  entry_SYSCALL_64_after_hwframe+0x4b/0x53
00055 RIP: 0033:0x7f7c1311c70b
00055 Code: 77 05 c3 0f 1f 40 00 48 8b 15 09 77 0e 00 f7 d8 64 89 02 b8 ff ff ff ff c3 66 0f 1f 44 00 00 f3 0f 1e fa b8 07 01 00 00 0f 05 <48> 3d 01 f0 ff ff 73 01 c3 48 8b 0d dd 76 0e 00 f7 d8 64 89 01 48
00055 RSP: 002b:00007fff72630938 EFLAGS: 00000246 ORIG_RAX: 0000000000000107
00055 RAX: ffffffffffffffda RBX: 0000559db10aa760 RCX: 00007f7c1311c70b
00055 RDX: 0000000000000200 RSI: 0000559db10ac2f0 RDI: 00000000ffffff9c
00055 RBP: 00007fff72630a10 R08: 0000559db10ac2f0 R09: 00007fff72630a6c
00055 R10: 0000559db10aab60 R11: 0000000000000246 R12: 0000559db10aa5c0
00055 R13: 0000000000000001 R14: 00007fff72630a70 R15: 0000000000000001
00055  </TASK>
00055 ---[ end trace 0000000000000000 ]---
00056 PASS 4 (1s)
00056 
00056 == sanity test 5: mkdir .../d5 .../d5/d2; chmod .../d5/d2 ========================================================== 23:30:45 (1790638245)
00056 Lustre: DEBUG MARKER: == sanity test 5: mkdir .../d5 .../d5/d2; chmod .../d5/d2 ========================================================== 23:30:45 (1790638245)
00056 ------------[ cut here ]------------
00056 WARNING: /home/ktest/git/linux/include/linux/fs.h:889 at osd_create+0x9cf/0xcf0 [osd_wbcfs], CPU#2: mdt00_003/1831
00056 Modules linked in: ofd(O) osp(O) mdd(O) lod(O) mdt(O) lquota(O) lfsck(O) mgs(O) osd_wbcfs(O) lustre(O) obdecho(O) mgc(O) mdc(O) lov(O) osc(O) lmv(O) ec(O) fid(O) fld(O) ptlrpc(O) efivarfs obdclass(O) ksocklnd(O) lnet(O) libcfs(O)
00056 CPU: 2 UID: 0 PID: 1831 Comm: mdt00_003 Tainted: G        W  O        7.0.0-ktest-6eb18a2-6330a45-20260928-dirty #1 PREEMPT 
00056 Tainted: [W]=WARN, [O]=OOT_MODULE
00056 Hardware name: QEMU Standard PC (Q35 + ICH9, 2009), BIOS 2025.11-3ubuntu7 03/31/2026
00056 RIP: 0010:osd_create+0x9cf/0xcf0 [osd_wbcfs]
00056 Code: c7 c7 00 96 7b a1 48 c7 c6 a0 12 7d a1 48 c7 c2 00 1c 7d a1 e8 52 f1 43 ff 48 c7 c7 00 96 7b a1 e8 46 81 44 ff e9 fe fc ff ff <0f> 0b e9 a5 fa ff ff 48 c7 c1 80 44 5d a0 80 e1 07 80 c1 03 38 c1
00056 RSP: 0018:ffffc90000b575a8 EFLAGS: 00010246
00056 RAX: 0000000000000000 RBX: ffff88814b9bfc00 RCX: 0000000000000046
00056 RDX: 0000000000000000 RSI: ffff88814a6edf08 RDI: ffff8880371b2a58
00056 RBP: ffff88814a6ede78 R08: ffff888122e7a983 R09: 1ffff110245cf530
00056 R10: dffffc0000000000 R11: ffffed10245cf531 R12: ffff8881465742c8
00056 R13: dffffc0000000000 R14: 1ffff11029737f80 R15: 1ffff1100add6ec8
00056 FS:  0000000000000000(0000) GS:ffff8881d4b29000(0000) knlGS:0000000000000000
00056 CS:  0010 DS: 0000 ES: 0000 CR0: 0000000080050033
00056 CR2: 00007fc7c42ee300 CR3: 0000000004274000 CR4: 0000000000750eb0
00056 PKRU: 55555554
00056 Call Trace:
00056  <TASK>
00056  ? lod_sub_create+0x168a/0x1940 [lod]
00056  ? lod_create+0x10d/0x720 [lod]
00056  ? mdd_create_object_internal+0x18f/0x320 [mdd]
00056  ? mdd_create_object+0xab/0x1ce0 [mdd]
00056  ? mdd_create+0x202b/0x4110 [mdd]
00056  ? mdt_reint_create+0x2761/0x4e70 [mdt]
00056  ? mdt_reint_rec+0x10f/0x530 [mdt]
00056  ? mdt_reint_internal+0x9d5/0x11a0 [mdt]
00056  ? tsi2mdt_info+0x319/0x520 [mdt]
00056  ? mdt_reint+0x115/0x270 [mdt]
00056  ? tgt_request_handle+0x23ad/0x3d30 [ptlrpc]
00056  ? ptlrpc_main+0x6359/0x96f0 [ptlrpc]
00056  ? __kthread_parkme+0x73/0x130
00056  ? kthread+0x2cd/0x3a0
00056  ? ptlrpc_start_thread+0x1f10/0x1f10 [ptlrpc]
00056  ? kthread_unuse_mm+0x130/0x130
00056  ? ret_from_fork+0x18c/0x520
00056  ? kthread_unuse_mm+0x130/0x130
00056  ? ret_from_fork_asm+0x11/0x20
00056  </TASK>
00056 ---[ end trace 0000000000000000 ]---
00056 LustreError: 1794:0:(osd_dirent.c:113:osd_index_dir_insert()) lustre-MDT0000: lookup [0x240000402:0x3:0x0] from icache failed: rc=-22
00056 Lustre: 1794:0:(out_handler.c:886:out_tx_end()) lustre-MDT0000-osd: error during execution of #0 from lustre/ptlrpc/../target/out_handler.c:535: rc = -22
00056 mkdir: cannot create directory '/mnt/lustre/d5.sanity': Invalid argument
00056  sanity test_5: @@@@@@ FAIL: mkdir '/mnt/lustre/d5.sanity' failed 
00056 Lustre: DEBUG MARKER: sanity test_5: @@@@@@ FAIL: mkdir '/mnt/lustre/d5.sanity' failed
00056   Trace dump:
00056   = /host/home/ktest/git/lustre-release/lustre/tests/test-framework.sh:7447:error()
00056   = /host/home/ktest/git/lustre-release/lustre/tests/test-framework.sh:10495:test_mkdir()
00056   = /host/home/ktest/git/lustre-release/lustre/tests/sanity.sh:402:test_5()
00056   = /host/home/ktest/git/lustre-release/lustre/tests/test-framework.sh:7823:run_one()
00056   = /host/home/ktest/git/lustre-release/lustre/tests/test-framework.sh:7886:run_one_logged()
00056   = /host/home/ktest/git/lustre-release/lustre/tests/test-framework.sh:7686:run_test()
00056   = /host/home/ktest/git/lustre-release/lustre/tests/sanity.sh:408:main()
00056 Dumping lctl log to /tmp/test_logs/2026-09-28/233028/sanity.test_5.*.1790638245.log
00056 Dumping logs only on local client.
00056 FAIL 5 (0s)
00057 resend_count is set to 4 4
00057 resend_count is set to 4 4
00058 resend_count is set to 4 4
00058 resend_count is set to 4 4
00058 resend_count is set to 4 4
00059 == sanity test complete, duration 13 sec ================= 23:30:48 (1790638248)
00059 Lustre: DEBUG MARKER: == sanity test complete, duration 13 sec ================= 23:30:48 (1790638248)
00059 sanity: FAIL: test_1 mkdir '/mnt/lustre/d1.sanity' failed
00059 sanity: FAIL: test_3 mkdir '/mnt/lustre/d3.sanity' failed
00059 sanity: FAIL: test_5 mkdir '/mnt/lustre/d5.sanity' failed
00059 === sanity: start cleanup 23:30:48 (1790638248) ===
00059 Lustre: DEBUG MARKER: === sanity: start cleanup 23:30:48 (1790638248) ===
00059 skip cleanup
00060 === sanity: finish cleanup 23:30:48 (1790638248) ===
00060 Lustre: DEBUG MARKER: === sanity: finish cleanup 23:30:48 (1790638248) ===
00060 debug=super ioctl neterror warning dlmtrace error emerg ha rpctrace vfstrace config console lfsck
00060 sanity returned 1
00060 Finished at Mon Sep 28 23:30:49 UTC 2026 in 21s
00060 /host/home/ktest/git/lustre-release/lustre/tests/auster: completed with rc 0
00060 
00060 ========= PASSED sanity-quick in 52s
00060 
00060 Passed: sanity-quick
00060 Failed: 
00060 NOTICE: Automounting of tracing to debugfs is deprecated and will be removed in 2030
00060 ------------[ cut here ]------------
00060 WARNING: /home/ktest/git/linux/include/linux/fs.h:889 at ll_writepages+0x4d3/0x6d0 [lustre], CPU#0: kworker/u16:2/43
00060 Modules linked in: ofd(O) osp(O) mdd(O) lod(O) mdt(O) lquota(O) lfsck(O) mgs(O) osd_wbcfs(O) lustre(O) obdecho(O) mgc(O) mdc(O) lov(O) osc(O) lmv(O) ec(O) fid(O) fld(O) ptlrpc(O) efivarfs obdclass(O) ksocklnd(O) lnet(O) libcfs(O)
00060 CPU: 0 UID: 0 PID: 43 Comm: kworker/u16:2 Tainted: G        W  O        7.0.0-ktest-6eb18a2-6330a45-20260928-dirty #1 PREEMPT 
00060 Tainted: [W]=WARN, [O]=OOT_MODULE
00060 Hardware name: QEMU Standard PC (Q35 + ICH9, 2009), BIOS 2025.11-3ubuntu7 03/31/2026
00060 Workqueue: writeback wb_workfn (flush-lustre-ffff88803d45e000)
00060 RIP: 0010:ll_writepages+0x4d3/0x6d0 [lustre]
00060 Code: 05 a6 a1 48 c7 c6 60 f9 75 a1 48 89 ca 49 89 c8 48 89 c3 e8 9f 43 d6 fe 48 89 d8 48 83 c4 30 5b 41 5c 41 5d 41 5e 41 5f 5d c3 <0f> 0b e9 21 fe ff ff 48 c7 c1 80 44 5d a0 80 e1 07 80 c1 03 38 c1
00060 RSP: 0018:ffffc9000030f5d0 EFLAGS: 00010246
00060 RAX: 0000000000000000 RBX: 1ffff92000061f0e RCX: 0000000000000046
00060 RDX: 0000000000000000 RSI: ffff88803d191e50 RDI: ffff888104072a80
00060 RBP: ffff88803d191dc0 R08: ffff88803d191e3b R09: 1ffff11007a323c7
00060 R10: dffffc0000000000 R11: ffffed1007a323c8 R12: 0000000000000000
00060 R13: 0000000000000000 R14: ffffc9000030f850 R15: dffffc0000000000
00060 FS:  0000000000000000(0000) GS:ffff8881d4a29000(0000) knlGS:0000000000000000
00060 CS:  0010 DS: 0000 ES: 0000 CR0: 0000000080050033
00060 CR2: 00007ffc33b6cd40 CR3: 0000000126e21000 CR4: 0000000000750eb0
00060 PKRU: 55555554
00060 Call Trace:
00060  <TASK>
00060  do_writepages+0x250/0x3a0
00060  ? reacquire_held_locks+0xfc/0x160
00060  ? writeback_sb_inodes+0x37c/0x13e0
00060  __writeback_single_inode+0xec/0xc00
00060  writeback_sb_inodes+0x6ee/0x13e0
00060  __writeback_inodes_wb+0x124/0x1f0
00060  wb_writeback+0x2ea/0x6f0
00060  wb_workfn+0x55b/0x9c0
00060  ? process_scheduled_works+0x805/0x1090
00060  process_scheduled_works+0x867/0x1090
00060  worker_thread+0x86d/0xcb0
00060  kthread+0x2cd/0x3a0
00060  ? pr_cont_work+0x4b0/0x4b0
00060  ? kthread_unuse_mm+0x130/0x130
00060  ret_from_fork+0x18c/0x520
00060  ? kthread_unuse_mm+0x130/0x130
00060  ret_from_fork_asm+0x11/0x20
00060  </TASK>
00060 ---[ end trace 0000000000000000 ]---
00060 ------------[ cut here ]------------
00060 WARNING: /home/ktest/git/linux/include/linux/fs.h:889 at ll_writepages+0x4d3/0x6d0 [lustre], CPU#0: kworker/u16:2/43
00060 Modules linked in: ofd(O) osp(O) mdd(O) lod(O) mdt(O) lquota(O) lfsck(O) mgs(O) osd_wbcfs(O) lustre(O) obdecho(O) mgc(O) mdc(O) lov(O) osc(O) lmv(O) ec(O) fid(O) fld(O) ptlrpc(O) efivarfs obdclass(O) ksocklnd(O) lnet(O) libcfs(O)
00060 CPU: 0 UID: 0 PID: 43 Comm: kworker/u16:2 Tainted: G        W  O        7.0.0-ktest-6eb18a2-6330a45-20260928-dirty #1 PREEMPT 
00060 Tainted: [W]=WARN, [O]=OOT_MODULE
00060 Hardware name: QEMU Standard PC (Q35 + ICH9, 2009), BIOS 2025.11-3ubuntu7 03/31/2026
00060 Workqueue: writeback wb_workfn (flush-lustre-ffff88803d45e000)
00060 RIP: 0010:ll_writepages+0x4d3/0x6d0 [lustre]
00060 Code: 05 a6 a1 48 c7 c6 60 f9 75 a1 48 89 ca 49 89 c8 48 89 c3 e8 9f 43 d6 fe 48 89 d8 48 83 c4 30 5b 41 5c 41 5d 41 5e 41 5f 5d c3 <0f> 0b e9 21 fe ff ff 48 c7 c1 80 44 5d a0 80 e1 07 80 c1 03 38 c1
00060 RSP: 0018:ffffc9000030f5d0 EFLAGS: 00010246
00060 RAX: 0000000000000000 RBX: 1ffff92000061f0e RCX: 0000000000000046
00060 RDX: 0000000000000000 RSI: ffff88803d301010 RDI: ffff888104072a80
00060 RBP: ffff88803d300f80 R08: ffff88803d300ffb R09: 1ffff11007a601ff
00060 R10: dffffc0000000000 R11: ffffed1007a60200 R12: 0000000000000000
00060 R13: 0000000000000000 R14: ffffc9000030f850 R15: dffffc0000000000
00060 FS:  0000000000000000(0000) GS:ffff8881d4a29000(0000) knlGS:0000000000000000
00060 CS:  0010 DS: 0000 ES: 0000 CR0: 0000000080050033
00060 CR2: 00007ffc33b6cd40 CR3: 0000000126e21000 CR4: 0000000000750eb0
00060 PKRU: 55555554
00060 Call Trace:
00060  <TASK>
00060  do_writepages+0x250/0x3a0
00060  ? reacquire_held_locks+0xfc/0x160
00060  ? writeback_sb_inodes+0x37c/0x13e0
00060  __writeback_single_inode+0xec/0xc00
00060  writeback_sb_inodes+0x6ee/0x13e0
00060  __writeback_inodes_wb+0x124/0x1f0
00060  wb_writeback+0x2ea/0x6f0
00060  wb_workfn+0x55b/0x9c0
00060  ? process_scheduled_works+0x805/0x1090
00060  process_scheduled_works+0x867/0x1090
00060  worker_thread+0x86d/0xcb0
00060  kthread+0x2cd/0x3a0
00060  ? pr_cont_work+0x4b0/0x4b0
00060  ? kthread_unuse_mm+0x130/0x130
00060  ret_from_fork+0x18c/0x520
00060  ? kthread_unuse_mm+0x130/0x130
00060  ret_from_fork_asm+0x11/0x20
00060  </TASK>
00060 ---[ end trace 0000000000000000 ]---
00060 Kernel version: 7.0.0-ktest-6eb18a2-6330a45-20260928-dirty
00060 TEST SUCCESS
