00001 
00002 init: failed to load nvme_core
00002 init: failed to load nvme
00002 init: failed to load zfs
00003 LNetError: 1:0:(lib-socket.c:619:lnet_inet_enumerate()) lnet: Can't find any usable interfaces, rc = -ENOENT
00003 LNetError: Error -100 starting up LNI tcp
00003 LustreError: 1:0:(events.c:627:ptlrpc_init_portals()) network initialisation failed: rc = -100
00004 init: finit_module /lib/modules/7.0.0-ktest-908a7d5-6330a45-20260729-dirty/updates/ptlrpc.ko: Network is down
00004 init: failed to load lustre
00004 init: failed to load osd_zfs
00004 init: failed to load iwlwifi
00004 init: failed to load iwlmvm
00004 init: failed to load mt7921e
00004 init: failed to load i915
00004 init: failed to load nouveau
00007 tlp: vm.laptop_mode is deprecated. Ignoring setting.
00007 Kernel version: 7.0.0-ktest-908a7d5-6330a45-20260729-dirty
00008 hook init_noop
00008 
00008 Running tests sanity-quick
00008 
00008 ========= TEST   sanity-quick
00008 0a 0b 0c 0d 0e 1 2 3 4 5 6a 6c 6e 6g 6h 6i 7a 7b 8 9 10 11 12 13 14 15 16 17a 17b 17c 17d 17e 17f 17g 17h 17i 17k 17l 17m 17n 17o 17p 17q 18 19a 19b 19c 19d 20 21 22 23a 23b 23c 23d 24a 24b 24c 24d 24e 24f 24g 24h 24i 24j 24k 24l 24m 24n 24o 24p 24q 24r 24s 24t 24u 24v 24w 24x 24y 24z 24A 24B 24C 24E 24F 24G 24H 24I 25a 25b 26a 26b 26c 26d 26e 26f 27a 27b 27ca 27cb 27cc 27cd 27ce 27cf 27cg 27d 27e 27f 27g 27ga 27i 27j 27k 27l 27m 27n 27o 27oo 27p 27q 27r 27s 27t 27u 27v 27w 27wa 27x 27y 27z 27A 27B 27Ca 27Cb 27Cc 27Cd 27Ce 27Cf 27Cg 27Ci 27Cj 27D 27E 27F 27G 27H 27I 27Ia 27J 27K 27Ke 27L 27M 27N 27O 27P 27Q 27R 27T 27U 27V 27W 27X 28 29 30a 30b 30c 30d 31a 31b 31c 31d 31e 31f 31g 31h 31i 31j 31k 31l 31m 31n 31o 31p 31q 31r 32a 32b 32c 32d 32e 32f 32g 32h 32i 32j 32k 32l 32m 32n 32o 32p 32q 32r 33aa 33a 33b 33c 33d 33e 33f 33g 33h 33hh 33i 33j 34a 34b 34c 34d 34e 34f 34g 34h 35a 36a 36b 36c 36d 36e 36f 36g 36h 36i 38 39a 39b 39c 39d 39e 39f 39g 39h 39i 39j 39k 39l 39m 39n 39o 39p 39r 39q 39s 39u 40 41 42a 42b 42c 42d 42e 43A 43a 43b 43c 44A 44a 44b 44c 44d 44e 44f 44g 45 46 48a 48b 48c 48d 48e 48f 49a 49b 49c 50 51a 51b 51c 51d 51e 51f 52a 52b 53 54a 54b 54c 54d 54e 55a 55b 55c 56a 56b 56bb 56bc 56bd 56c 56ca 56d 56e 56g 56h 56i 56ib 56j 56k 56l 56m 56n 56o 56ob 56oc 56od 56oe 56p 56q 56r 56ra 56rb 56rc 56rd 56re 56rf 56s 56t 56u 56v 56wa 56wb 56wc 56wd 56we 56x 56xB 56xC 56xD 56xa 56xab 56xb 56xc 56xd 56xe 56xf 56xg 56xh 56xi 56xj 56xk 56xl 56y 56z 56Aa 56ab 56aca 56acb 56acc 56Ba 56Ca 56Da 56Db 56Dc 56Dd 56Ea 56Eaa 56Eab 56Eb 56Ebb 56Ec 56Ed 56Eda 56Edb 56Ef 56Eg 56Eh 56Ei 56Ej 56Ek 57a 57b 58 59 60a 60b 60c 60d 60e 60f 60g 60h 60i 60j 61a 61b 63a 63b 64a 64b 64c 64d 64e 64f 64g 64h 64i 64j 65a 65b 65c 65d 65e 65f 65g 65h 65i 65j 65k 65l 65m 65n 65o 65p 65q 65r 66 69 70a 71 72a 72b 73 74a 74b 74c 76a 76b 77a 77b 77c 77d 77f 77g 77k 77l 77m 77n 77o 78 79 80 81a 81b 99 100 101a 101b 101c 101d 101e 101f 101g 101h 101i 101j 101m 102a 102b 102c 102d 102f 102h 102ha 102i 102j 102k 102l 102m 102n 102p 102q 102r 102s 102t 103a 103b 103c 103e 103f 103g 104a 104b 104c 104d 105a 105b 105c 105d 105e 105f 105g 105h 105i 106 107 110 116a 116b 117 118a 118b 118c 118d 118f 118g 118h 118i 118j 118k 118l 118m 118n 119a 119b 119c 119e 119f 119g 119h 119i 119j 119k 119m 119n 119o 119p 119q 119r 120a 120b 120c 120d 120e 120f 120g 121 123aa 123ab 123ac 123ad 123b 123c 123d 123e 123f 123g 123h 123i 123j 123k 123l 124a 124b 124c 124d 124e 124f 124g 125 126 127a 127b 127c 127d 127e 127f 128 129 130a 130b 130c 130d 130e 130f 130g 130h 130i 131a 131b 131c 131d 131e 133a 133b 133c 133d 133e 133f 133g 133h 134a 134b 135 136 140 150a 150b 150bb 150c 150d 150e 150f 150g 150h 150ia 150ib 150ic 151 152 153 154A 154B 154C 154a 154b 154c 154d 154e 154ea 154f 154g 154h 154i 154j 155a 155b 155c 155d 155e 155f 155g 155h 156 157a 157b 160a 160b 160c 160d 160e 160f 160g 160h 160i 160j 160k 160l 160m 160n 160o 160p 160q 160s 160t 160u 160v 160w 161a 161b 161c 161d 162a 162b 162c 165a 165b 165c 165d 165e 165f 165g 169 170a 170b 171 172 180a 180b 180c 181 182a 182b 183 184a 184b 184c 184d 184e 184f 185 185a 187a 187b 190a 190b 190c 200 204a 204b 204c 204d 204e 204f 204g 204h 205a 205b 205c 205d 205e 205f 205g 205h 205i 205k 205l 205m 206 207a 207b 208 209 210 212 213 214 215 216 217 218 219 220 221 222a 222b 223 224a 224b 224c 224d 225a 225b 226a 226b 226c 226d 226e 227 228a 228b 228c 229 230a 230b 230c 230d 230e 230f 230g 230h 230i 230j 230k 230l 230m 230n 230o 230p 230q 230r 230s 230t 230u 230v 230w 230x 230y 230z 230A 230B 231a 231b 232a 232b 233a 233b 234 235 236 238 239A 239a 239b 240 241a 241b 242 243 244a 244b 245a 245b 247a 247b 247c 247d 247e 247f 247g 247h 248a 248b 248c 248d 249 250 251a 252 253 254 255a 255b 255c 256 257 258a 258b 259 260 270a 270b 270c 270d 270e 270f 270g 270h 270i 270j 271a 271b 271ba 271c 271d 271f 271g 272a 272b 272c 272d 272e 272f 273a 273b 273c 275 276 277 278 280 300a 300b 300c 300d 300e 300f 300g 300h 300i 300j 300k 300l 300m 300n 300ne 300o 300p 300q 300r 300s 300t 300ua 300ub 300uc 300ud 300ue 300uf 300ug 300uh 300ui 300uj 310a 310b 310c 311 312 313 314 315 316 317 318 319 350 398a 398b 398c 398d 398e 398f 398g 398h 398i 398j 398k 398l 398m 398n 398o 398p 398q 398r 398s 398t 398u 399a 399b 400a 400b 401a 401aa 401ab 401ac 401ad 401b 401c 401d 401db 401e 401fa 401fb 401ga 401gb 401gc 401gd 402 403 404 405 406 407 408 409 410 411a 411b 412 413A 413a 413b 413c 413d 413e 413f 413g 413h 413i 413j 413k 413l 413z 414 415 416 417 418 419 420 421a 421b 421c 421d 421e 421f 421g 421h 422 423 424 425 426 427 428 429 430a 430b 430c 431 432 433 434 440 442 460d 600a 600b 600c 600d 801a 801b 801c 802b 802c 803a 803b 804 805 806 807a 807b 808 809 810 812a 812b 812c 813 814 815 816 817 818 819a 819b 820 823 831 832 833 834 842 850 851 852 853 854 855 860 900 901 902 903 904 905 906 907 908a 908b 909 910 911 920
00008 6a 6c 6e 6g 6h 6i 7a 7b 8 9
00008 6a,6c,6e,6g,6h,6i,7a,7b,8,9
00011 SETUP LUSTRE ... LNet: Added LNI 10.0.2.15@tcp [8/256/0/180]
00012 Lustre: Echo OBD driver; http://www.lustre.org/
00013 Lustre: 1724:0:(mdt_handler.c:64:mdt_max_mod_rpcs_per_client_set()) max_mod_rpcs_per_client is deprecated, set mdt.*.max_mod_rpcs_in_flight parameter instead
00013 ------------[ cut here ]------------
00013 WARNING: /home/ktest/git/linux/include/linux/fs.h:889 at osd_create+0x9cf/0xcf0 [osd_wbcfs], CPU#1: ll_mgs_0001/1720
00013 Modules linked in: mdt(O) lquota(O) lfsck(O) mgs(O) osd_wbcfs(O) lustre(O) obdecho(O) mgc(O) mdc(O) lov(O) osc(O) lmv(O) ec(O) fid(O) fld(O) ptlrpc(O) efivarfs obdclass(O) ksocklnd(O) lnet(O) libcfs(O)
00013 CPU: 1 UID: 0 PID: 1720 Comm: ll_mgs_0001 Tainted: G           O        7.0.0-ktest-908a7d5-6330a45-20260729-dirty #1 PREEMPT 
00013 Tainted: [O]=OOT_MODULE
00013 Hardware name: QEMU Standard PC (Q35 + ICH9, 2009), BIOS 2025.11-3ubuntu7 03/31/2026
00013 RIP: 0010:osd_create+0x9cf/0xcf0 [osd_wbcfs]
00013 Code: c7 c7 00 96 7b a1 48 c7 c6 a0 12 7d a1 48 c7 c2 00 1c 7d a1 e8 52 f1 43 ff 48 c7 c7 00 96 7b a1 e8 46 81 44 ff e9 fe fc ff ff <0f> 0b e9 a5 fa ff ff 48 c7 c1 80 44 5d a0 80 e1 07 80 c1 03 38 c1
00013 RSP: 0018:ffffc9000462f740 EFLAGS: 00010246
00013 RAX: 0000000000000000 RBX: ffff88811992c000 RCX: 0000000000000046
00013 RDX: 0000000000000000 RSI: ffff88802d30fb68 RDI: ffff88802d322aa8
00013 RBP: ffff88802d30fad8 R08: ffffffff83a16803 R09: 1ffffffff0742d00
00013 R10: dffffc0000000000 R11: fffffbfff0742d01 R12: ffff88813388d800
00013 R13: dffffc0000000000 R14: 1ffff11023325800 R15: 1ffff11026711b0f
00013 FS:  0000000000000000(0000) GS:ffff8881d4aaa000(0000) knlGS:0000000000000000
00013 CS:  0010 DS: 0000 ES: 0000 CR0: 0000000080050033
00013 CR2: 00007fc6b482eb68 CR3: 0000000136786000 CR4: 0000000000750eb0
00013 PKRU: 55555554
00013 Call Trace:
00013  <TASK>
00013  ? local_object_create+0x109/0x640 [obdclass]
00013  ? dt_write_lock+0x16d/0x2a0 [obdclass]
00013  ? llog_osd_create+0x356/0x10d0 [obdclass]
00013  ? llog_create+0x2ed/0x530 [obdclass]
00013  ? llog_open_create+0x6e7/0xb30 [obdclass]
00013  ? mgs_find_or_make_fsdb_nolock+0x16d4/0x2d80 [mgs]
00013  ? class_find_param+0x25/0x70 [obdclass]
00013  ? mgs_find_or_make_fsdb+0xda/0x1f0 [mgs]
00013  ? mgs_target_reg+0x2333/0x4480 [mgs]
00013  ? tgt_request_handle+0x23ad/0x3d30 [ptlrpc]
00013  ? ptlrpc_main+0x6359/0x96f0 [ptlrpc]
00013  ? __kthread_parkme+0x73/0x130
00013  ? kthread+0x2cd/0x3a0
00013  ? ptlrpc_start_thread+0x1f10/0x1f10 [ptlrpc]
00013  ? kthread_unuse_mm+0x130/0x130
00013  ? ret_from_fork+0x18c/0x520
00013  ? kthread_unuse_mm+0x130/0x130
00013  ? ret_from_fork_asm+0x11/0x20
00013  </TASK>
00013 ---[ end trace 0000000000000000 ]---
00013 ------------[ cut here ]------------
00013 WARNING: /home/ktest/git/linux/include/linux/fs.h:889 at osd_create+0x9cf/0xcf0 [osd_wbcfs], CPU#1: ll_mgs_0001/1720
00013 Modules linked in: mdt(O) lquota(O) lfsck(O) mgs(O) osd_wbcfs(O) lustre(O) obdecho(O) mgc(O) mdc(O) lov(O) osc(O) lmv(O) ec(O) fid(O) fld(O) ptlrpc(O) efivarfs obdclass(O) ksocklnd(O) lnet(O) libcfs(O)
00013 CPU: 1 UID: 0 PID: 1720 Comm: ll_mgs_0001 Tainted: G        W  O        7.0.0-ktest-908a7d5-6330a45-20260729-dirty #1 PREEMPT 
00013 Tainted: [W]=WARN, [O]=OOT_MODULE
00013 Hardware name: QEMU Standard PC (Q35 + ICH9, 2009), BIOS 2025.11-3ubuntu7 03/31/2026
00013 RIP: 0010:osd_create+0x9cf/0xcf0 [osd_wbcfs]
00013 Code: c7 c7 00 96 7b a1 48 c7 c6 a0 12 7d a1 48 c7 c2 00 1c 7d a1 e8 52 f1 43 ff 48 c7 c7 00 96 7b a1 e8 46 81 44 ff e9 fe fc ff ff <0f> 0b e9 a5 fa ff ff 48 c7 c1 80 44 5d a0 80 e1 07 80 c1 03 38 c1
00013 RSP: 0018:ffffc9000462f688 EFLAGS: 00010246
00013 RAX: 0000000000000000 RBX: ffff88811992c400 RCX: 0000000000000046
00013 RDX: 0000000000000000 RSI: ffff88802d30f450 RDI: ffff88802d322aa8
00013 RBP: ffff88802d30f3c0 R08: ffffffff83a16803 R09: 1ffffffff0742d00
00013 R10: dffffc0000000000 R11: fffffbfff0742d01 R12: ffff88813388d800
00013 R13: dffffc0000000000 R14: 1ffff11023325880 R15: 1ffff11026711b0f
00013 FS:  0000000000000000(0000) GS:ffff8881d4aaa000(0000) knlGS:0000000000000000
00013 CS:  0010 DS: 0000 ES: 0000 CR0: 0000000080050033
00013 CR2: 00007fc6b482eb68 CR3: 0000000136786000 CR4: 0000000000750eb0
00013 PKRU: 55555554
00013 Call Trace:
00013  <TASK>
00013  ? local_object_create+0x109/0x640 [obdclass]
00013  ? dt_write_lock+0x16d/0x2a0 [obdclass]
00013  ? llog_osd_create+0x356/0x10d0 [obdclass]
00013  ? llog_create+0x2ed/0x530 [obdclass]
00013  ? llog_open_create+0x6e7/0xb30 [obdclass]
00013  ? record_start_log+0x348/0xa40 [mgs]
00013  ? mgs_write_log_lov+0x3ac/0xde0 [mgs]
00013  ? mgs_write_log_target+0x17a4/0x6ab0 [mgs]
00013  ? mgs_target_reg+0x254e/0x4480 [mgs]
00013  ? tgt_request_handle+0x23ad/0x3d30 [ptlrpc]
00013  ? ptlrpc_main+0x6359/0x96f0 [ptlrpc]
00013  ? __kthread_parkme+0x73/0x130
00013  ? kthread+0x2cd/0x3a0
00013  ? ptlrpc_start_thread+0x1f10/0x1f10 [ptlrpc]
00013  ? kthread_unuse_mm+0x130/0x130
00013  ? ret_from_fork+0x18c/0x520
00013  ? kthread_unuse_mm+0x130/0x130
00013  ? ret_from_fork_asm+0x11/0x20
00013  </TASK>
00013 ---[ end trace 0000000000000000 ]---
00013 ------------[ cut here ]------------
00013 WARNING: /home/ktest/git/linux/include/linux/fs.h:889 at osd_create+0x9cf/0xcf0 [osd_wbcfs], CPU#0: llog_process_th/1744
00013 Modules linked in: mdd(O) lod(O) mdt(O) lquota(O) lfsck(O) mgs(O) osd_wbcfs(O) lustre(O) obdecho(O) mgc(O) mdc(O) lov(O) osc(O) lmv(O) ec(O) fid(O) fld(O) ptlrpc(O) efivarfs obdclass(O) ksocklnd(O) lnet(O) libcfs(O)
00013 CPU: 0 UID: 0 PID: 1744 Comm: llog_process_th Tainted: G        W  O        7.0.0-ktest-908a7d5-6330a45-20260729-dirty #1 PREEMPT 
00013 Tainted: [W]=WARN, [O]=OOT_MODULE
00013 Hardware name: QEMU Standard PC (Q35 + ICH9, 2009), BIOS 2025.11-3ubuntu7 03/31/2026
00013 RIP: 0010:osd_create+0x9cf/0xcf0 [osd_wbcfs]
00013 Code: c7 c7 00 96 7b a1 48 c7 c6 a0 12 7d a1 48 c7 c2 00 1c 7d a1 e8 52 f1 43 ff 48 c7 c7 00 96 7b a1 e8 46 81 44 ff e9 fe fc ff ff <0f> 0b e9 a5 fa ff ff 48 c7 c1 80 44 5d a0 80 e1 07 80 c1 03 38 c1
00013 RSP: 0018:ffffc90001437450 EFLAGS: 00010246
00013 RAX: 0000000000000000 RBX: ffff88810819b800 RCX: 0000000000000046
00013 RDX: ffffffff84c44d40 RSI: ffff88802e8442a8 RDI: ffff88802d712a58
00013 RBP: ffff88802e844218 R08: 0000000000000001 R09: 0000000000000000
00013 R10: dffffc0000000000 R11: ffffed1005d08838 R12: ffff88811d6dc900
00013 R13: dffffc0000000000 R14: 1ffff11021033700 R15: 1ffff92000286ebf
00013 FS:  0000000000000000(0000) GS:ffff8881d4a2a000(0000) knlGS:0000000000000000
00013 CS:  0010 DS: 0000 ES: 0000 CR0: 0000000080050033
00013 CR2: 00007fec37fe6194 CR3: 0000000136786000 CR4: 0000000000750eb0
00013 PKRU: 55555554
00013 Call Trace:
00013  <TASK>
00013  ? dt_find_or_create+0x81a/0x1170 [obdclass]
00013  ? fld_index_init+0x404/0x1610 [fld]
00013  ? is_module_address+0x1b/0x70
00013  ? is_module_address+0x5e/0x70
00013  ? __asan_memset+0x22/0x40
00013  ? fld_server_init+0x1d7/0x580 [fld]
00013  ? mdt_device_alloc+0x36b4/0x66c0 [mdt]
00013  ? __alloc_tagging_slab_alloc_hook+0x136/0x190
00013  ? obd_setup+0x25c/0x950 [obdclass]
00013  ? class_setup+0xc7d/0x10e0 [obdclass]
00013  ? class_process_config+0x2edb/0x7cb0 [obdclass]
00013  ? __kasan_kmalloc+0x72/0x80
00013  ? class_config_llog_handler+0x2954/0x4f80 [obdclass]
00013  ? class_config_llog_handler+0x2cea/0x4f80 [obdclass]
00013  ? lustre_cfg_rec_free+0x350/0x350 [obdclass]
00013  ? llog_process_thread+0x1fd2/0x4f70 [obdclass]
00013  ? _raw_spin_unlock+0x23/0x40
00013  ? llog_process_thread_daemonize+0x16d/0x1b0 [obdclass]
00013  ? kthread+0x2cd/0x3a0
00013  ? llog_process_or_fork+0xc90/0xc90 [obdclass]
00013  ? kthread_unuse_mm+0x130/0x130
00013  ? ret_from_fork+0x18c/0x520
00013  ? kthread_unuse_mm+0x130/0x130
00013  ? ret_from_fork_asm+0x11/0x20
00013  </TASK>
00013 ---[ end trace 0000000000000000 ]---
00013 ------------[ cut here ]------------
00013 WARNING: /home/ktest/git/linux/include/linux/fs.h:889 at osd_create+0x9cf/0xcf0 [osd_wbcfs], CPU#0: llog_process_th/1744
00013 Modules linked in: mdd(O) lod(O) mdt(O) lquota(O) lfsck(O) mgs(O) osd_wbcfs(O) lustre(O) obdecho(O) mgc(O) mdc(O) lov(O) osc(O) lmv(O) ec(O) fid(O) fld(O) ptlrpc(O) efivarfs obdclass(O) ksocklnd(O) lnet(O) libcfs(O)
00013 CPU: 0 UID: 0 PID: 1744 Comm: llog_process_th Tainted: G        W  O        7.0.0-ktest-908a7d5-6330a45-20260729-dirty #1 PREEMPT 
00013 Tainted: [W]=WARN, [O]=OOT_MODULE
00013 Hardware name: QEMU Standard PC (Q35 + ICH9, 2009), BIOS 2025.11-3ubuntu7 03/31/2026
00013 RIP: 0010:osd_create+0x9cf/0xcf0 [osd_wbcfs]
00013 Code: c7 c7 00 96 7b a1 48 c7 c6 a0 12 7d a1 48 c7 c2 00 1c 7d a1 e8 52 f1 43 ff 48 c7 c7 00 96 7b a1 e8 46 81 44 ff e9 fe fc ff ff <0f> 0b e9 a5 fa ff ff 48 c7 c1 80 44 5d a0 80 e1 07 80 c1 03 38 c1
00013 RSP: 0018:ffffc90001437430 EFLAGS: 00010246
00013 RAX: 0000000000000000 RBX: ffff888108199800 RCX: 0000000000000046
00013 RDX: 0000000000000000 RSI: ffff88802e843b90 RDI: ffff88802d712a58
00013 RBP: ffff88802e843b00 R08: ffffffff83a16803 R09: 1ffffffff0742d00
00013 R10: dffffc0000000000 R11: fffffbfff0742d01 R12: ffffc90001437530
00013 R13: dffffc0000000000 R14: 1ffff11021033300 R15: 1ffff92000286ea4
00013 FS:  0000000000000000(0000) GS:ffff8881d4a2a000(0000) knlGS:0000000000000000
00013 CS:  0010 DS: 0000 ES: 0000 CR0: 0000000080050033
00013 CR2: 00007fec37fe6194 CR3: 0000000136786000 CR4: 0000000000750eb0
00013 PKRU: 55555554
00013 Call Trace:
00013  <TASK>
00013  ? dt_find_or_create+0x81a/0x1170 [obdclass]
00013  ? seq_store_init+0x155/0x360 [fid]
00013  ? seq_server_init+0x290/0xba0 [fid]
00013  ? mdt_seq_init+0x513/0x1ef0 [mdt]
00013  ? fld_server_init+0x34e/0x580 [fld]
00013  ? mdt_device_alloc+0x39c5/0x66c0 [mdt]
00013  ? __alloc_tagging_slab_alloc_hook+0x136/0x190
00013  ? obd_setup+0x25c/0x950 [obdclass]
00013  ? class_setup+0xc7d/0x10e0 [obdclass]
00013  ? class_process_config+0x2edb/0x7cb0 [obdclass]
00013  ? __kasan_kmalloc+0x72/0x80
00013  ? class_config_llog_handler+0x2954/0x4f80 [obdclass]
00013  ? class_config_llog_handler+0x2cea/0x4f80 [obdclass]
00013  ? lustre_cfg_rec_free+0x350/0x350 [obdclass]
00013  ? llog_process_thread+0x1fd2/0x4f70 [obdclass]
00013  ? _raw_spin_unlock+0x23/0x40
00013  ? llog_process_thread_daemonize+0x16d/0x1b0 [obdclass]
00013  ? kthread+0x2cd/0x3a0
00013  ? llog_process_or_fork+0xc90/0xc90 [obdclass]
00013  ? kthread_unuse_mm+0x130/0x130
00013  ? ret_from_fork+0x18c/0x520
00013  ? kthread_unuse_mm+0x130/0x130
00013  ? ret_from_fork_asm+0x11/0x20
00013  </TASK>
00013 ---[ end trace 0000000000000000 ]---
00013 Lustre: ctl-lustre-MDT0000: No data found on store. Initialize space.
00013 ------------[ cut here ]------------
00013 WARNING: /home/ktest/git/linux/include/linux/fs.h:889 at osd_create+0x9cf/0xcf0 [osd_wbcfs], CPU#0: llog_process_th/1744
00013 Modules linked in: mdd(O) lod(O) mdt(O) lquota(O) lfsck(O) mgs(O) osd_wbcfs(O) lustre(O) obdecho(O) mgc(O) mdc(O) lov(O) osc(O) lmv(O) ec(O) fid(O) fld(O) ptlrpc(O) efivarfs obdclass(O) ksocklnd(O) lnet(O) libcfs(O)
00013 CPU: 0 UID: 0 PID: 1744 Comm: llog_process_th Tainted: G        W  O        7.0.0-ktest-908a7d5-6330a45-20260729-dirty #1 PREEMPT 
00013 Tainted: [W]=WARN, [O]=OOT_MODULE
00013 Hardware name: QEMU Standard PC (Q35 + ICH9, 2009), BIOS 2025.11-3ubuntu7 03/31/2026
00013 RIP: 0010:osd_create+0x9cf/0xcf0 [osd_wbcfs]
00013 Code: c7 c7 00 96 7b a1 48 c7 c6 a0 12 7d a1 48 c7 c2 00 1c 7d a1 e8 52 f1 43 ff 48 c7 c7 00 96 7b a1 e8 46 81 44 ff e9 fe fc ff ff <0f> 0b e9 a5 fa ff ff 48 c7 c1 80 44 5d a0 80 e1 07 80 c1 03 38 c1
00013 RSP: 0018:ffffc90001437430 EFLAGS: 00010246
00013 RAX: 0000000000000000 RBX: ffff888119de1000 RCX: 0000000000000046
00013 RDX: 0000000000000000 RSI: ffff88802e843478 RDI: ffff88802d712a58
00013 RBP: ffff88802e8433e8 R08: ffffffff83a16803 R09: 1ffffffff0742d00
00013 R10: dffffc0000000000 R11: fffffbfff0742d01 R12: ffffc90001437530
00013 R13: dffffc0000000000 R14: 1ffff110233bc200 R15: 1ffff92000286ea4
00013 FS:  0000000000000000(0000) GS:ffff8881d4a2a000(0000) knlGS:0000000000000000
00013 CS:  0010 DS: 0000 ES: 0000 CR0: 0000000080050033
00013 CR2: 00007fec37fe6194 CR3: 0000000136786000 CR4: 0000000000750eb0
00013 PKRU: 55555554
00013 Call Trace:
00013  <TASK>
00013  ? dt_find_or_create+0x81a/0x1170 [obdclass]
00013  ? seq_store_init+0x155/0x360 [fid]
00013  ? seq_server_init+0x290/0xba0 [fid]
00013  ? mdt_seq_init+0x2c1/0x1ef0 [mdt]
00013  ? fld_server_init+0x34e/0x580 [fld]
00013  ? mdt_device_alloc+0x39c5/0x66c0 [mdt]
00013  ? __alloc_tagging_slab_alloc_hook+0x136/0x190
00013  ? obd_setup+0x25c/0x950 [obdclass]
00013  ? class_setup+0xc7d/0x10e0 [obdclass]
00013  ? class_process_config+0x2edb/0x7cb0 [obdclass]
00013  ? __kasan_kmalloc+0x72/0x80
00013  ? class_config_llog_handler+0x2954/0x4f80 [obdclass]
00013  ? class_config_llog_handler+0x2cea/0x4f80 [obdclass]
00013  ? lustre_cfg_rec_free+0x350/0x350 [obdclass]
00013  ? llog_process_thread+0x1fd2/0x4f70 [obdclass]
00013  ? _raw_spin_unlock+0x23/0x40
00013  ? llog_process_thread_daemonize+0x16d/0x1b0 [obdclass]
00013  ? kthread+0x2cd/0x3a0
00013  ? llog_process_or_fork+0xc90/0xc90 [obdclass]
00013  ? kthread_unuse_mm+0x130/0x130
00013  ? ret_from_fork+0x18c/0x520
00013  ? kthread_unuse_mm+0x130/0x130
00013  ? ret_from_fork_asm+0x11/0x20
00013  </TASK>
00013 ---[ end trace 0000000000000000 ]---
00013 ------------[ cut here ]------------
00013 WARNING: /home/ktest/git/linux/include/linux/fs.h:889 at osd_create+0x9cf/0xcf0 [osd_wbcfs], CPU#0: llog_process_th/1744
00013 Modules linked in: mdd(O) lod(O) mdt(O) lquota(O) lfsck(O) mgs(O) osd_wbcfs(O) lustre(O) obdecho(O) mgc(O) mdc(O) lov(O) osc(O) lmv(O) ec(O) fid(O) fld(O) ptlrpc(O) efivarfs obdclass(O) ksocklnd(O) lnet(O) libcfs(O)
00013 CPU: 0 UID: 0 PID: 1744 Comm: llog_process_th Tainted: G        W  O        7.0.0-ktest-908a7d5-6330a45-20260729-dirty #1 PREEMPT 
00013 Tainted: [W]=WARN, [O]=OOT_MODULE
00013 Hardware name: QEMU Standard PC (Q35 + ICH9, 2009), BIOS 2025.11-3ubuntu7 03/31/2026
00013 RIP: 0010:osd_create+0x9cf/0xcf0 [osd_wbcfs]
00013 Code: c7 c7 00 96 7b a1 48 c7 c6 a0 12 7d a1 48 c7 c2 00 1c 7d a1 e8 52 f1 43 ff 48 c7 c7 00 96 7b a1 e8 46 81 44 ff e9 fe fc ff ff <0f> 0b e9 a5 fa ff ff 48 c7 c1 80 44 5d a0 80 e1 07 80 c1 03 38 c1
00013 RSP: 0018:ffffc90001437470 EFLAGS: 00010246
00013 RAX: 0000000000000000 RBX: ffff888119de3000 RCX: 0000000000000046
00013 RDX: 0000000000000000 RSI: ffff88802e842d60 RDI: ffff88802d712a58
00013 RBP: ffff88802e842cd0 R08: ffffffff83a16803 R09: 1ffffffff0742d00
00013 R10: dffffc0000000000 R11: fffffbfff0742d01 R12: ffffc900014375e0
00013 R13: dffffc0000000000 R14: 1ffff110233bc600 R15: 1ffff92000286ec9
00013 FS:  0000000000000000(0000) GS:ffff8881d4a2a000(0000) knlGS:0000000000000000
00013 CS:  0010 DS: 0000 ES: 0000 CR0: 0000000080050033
00013 CR2: 00007fec37fe6194 CR3: 0000000136786000 CR4: 0000000000750eb0
00013 PKRU: 55555554
00013 Call Trace:
00013  <TASK>
00013  ? dt_find_or_create+0x81a/0x1170 [obdclass]
00013  ? tgt_init+0xb72/0x2a60 [ptlrpc]
00013  ? mdt_device_alloc+0x3ce7/0x66c0 [mdt]
00013  ? __alloc_tagging_slab_alloc_hook+0x136/0x190
00013  ? obd_setup+0x25c/0x950 [obdclass]
00013  ? class_setup+0xc7d/0x10e0 [obdclass]
00013  ? class_process_config+0x2edb/0x7cb0 [obdclass]
00013  ? __kasan_kmalloc+0x72/0x80
00013  ? class_config_llog_handler+0x2954/0x4f80 [obdclass]
00013  ? class_config_llog_handler+0x2cea/0x4f80 [obdclass]
00013  ? lustre_cfg_rec_free+0x350/0x350 [obdclass]
00013  ? llog_process_thread+0x1fd2/0x4f70 [obdclass]
00013  ? _raw_spin_unlock+0x23/0x40
00013  ? llog_process_thread_daemonize+0x16d/0x1b0 [obdclass]
00013  ? kthread+0x2cd/0x3a0
00013  ? llog_process_or_fork+0xc90/0xc90 [obdclass]
00013  ? kthread_unuse_mm+0x130/0x130
00013  ? ret_from_fork+0x18c/0x520
00013  ? kthread_unuse_mm+0x130/0x130
00013  ? ret_from_fork_asm+0x11/0x20
00013  </TASK>
00013 ---[ end trace 0000000000000000 ]---
00013 Lustre: lustre-MDT0000: new disk, initializing
00013 ------------[ cut here ]------------
00013 WARNING: /home/ktest/git/linux/include/linux/fs.h:889 at osd_create+0x9cf/0xcf0 [osd_wbcfs], CPU#0: llog_process_th/1744
00013 Modules linked in: mdd(O) lod(O) mdt(O) lquota(O) lfsck(O) mgs(O) osd_wbcfs(O) lustre(O) obdecho(O) mgc(O) mdc(O) lov(O) osc(O) lmv(O) ec(O) fid(O) fld(O) ptlrpc(O) efivarfs obdclass(O) ksocklnd(O) lnet(O) libcfs(O)
00013 CPU: 0 UID: 0 PID: 1744 Comm: llog_process_th Tainted: G        W  O        7.0.0-ktest-908a7d5-6330a45-20260729-dirty #1 PREEMPT 
00013 Tainted: [W]=WARN, [O]=OOT_MODULE
00013 Hardware name: QEMU Standard PC (Q35 + ICH9, 2009), BIOS 2025.11-3ubuntu7 03/31/2026
00013 RIP: 0010:osd_create+0x9cf/0xcf0 [osd_wbcfs]
00013 Code: c7 c7 00 96 7b a1 48 c7 c6 a0 12 7d a1 48 c7 c2 00 1c 7d a1 e8 52 f1 43 ff 48 c7 c7 00 96 7b a1 e8 46 81 44 ff e9 fe fc ff ff <0f> 0b e9 a5 fa ff ff 48 c7 c1 80 44 5d a0 80 e1 07 80 c1 03 38 c1
00013 RSP: 0018:ffffc90001437470 EFLAGS: 00010246
00013 RAX: 0000000000000000 RBX: ffff888119de1800 RCX: 0000000000000046
00013 RDX: 0000000000000000 RSI: ffff88802e842648 RDI: ffff88802d712a58
00013 RBP: ffff88802e8425b8 R08: ffffffff83a16803 R09: 1ffffffff0742d00
00013 R10: dffffc0000000000 R11: fffffbfff0742d01 R12: ffffc900014375e0
00013 R13: dffffc0000000000 R14: 1ffff110233bc300 R15: 1ffff92000286ec9
00013 FS:  0000000000000000(0000) GS:ffff8881d4a2a000(0000) knlGS:0000000000000000
00013 CS:  0010 DS: 0000 ES: 0000 CR0: 0000000080050033
00013 CR2: 00007fec37fe6194 CR3: 0000000136786000 CR4: 0000000000750eb0
00013 PKRU: 55555554
00013 Call Trace:
00013  <TASK>
00013  ? dt_find_or_create+0x81a/0x1170 [obdclass]
00013  ? tgt_init+0x1a98/0x2a60 [ptlrpc]
00013  ? mdt_device_alloc+0x3ce7/0x66c0 [mdt]
00013  ? __alloc_tagging_slab_alloc_hook+0x136/0x190
00013  ? obd_setup+0x25c/0x950 [obdclass]
00013  ? class_setup+0xc7d/0x10e0 [obdclass]
00013  ? class_process_config+0x2edb/0x7cb0 [obdclass]
00013  ? __kasan_kmalloc+0x72/0x80
00013  ? class_config_llog_handler+0x2954/0x4f80 [obdclass]
00013  ? class_config_llog_handler+0x2cea/0x4f80 [obdclass]
00013  ? lustre_cfg_rec_free+0x350/0x350 [obdclass]
00013  ? llog_process_thread+0x1fd2/0x4f70 [obdclass]
00013  ? _raw_spin_unlock+0x23/0x40
00013  ? llog_process_thread_daemonize+0x16d/0x1b0 [obdclass]
00013  ? kthread+0x2cd/0x3a0
00013  ? llog_process_or_fork+0xc90/0xc90 [obdclass]
00013  ? kthread_unuse_mm+0x130/0x130
00013  ? ret_from_fork+0x18c/0x520
00013  ? kthread_unuse_mm+0x130/0x130
00013  ? ret_from_fork_asm+0x11/0x20
00013  </TASK>
00013 ---[ end trace 0000000000000000 ]---
00013 ------------[ cut here ]------------
00013 WARNING: /home/ktest/git/linux/include/linux/fs.h:889 at osd_create+0x9cf/0xcf0 [osd_wbcfs], CPU#0: llog_process_th/1744
00013 Modules linked in: mdd(O) lod(O) mdt(O) lquota(O) lfsck(O) mgs(O) osd_wbcfs(O) lustre(O) obdecho(O) mgc(O) mdc(O) lov(O) osc(O) lmv(O) ec(O) fid(O) fld(O) ptlrpc(O) efivarfs obdclass(O) ksocklnd(O) lnet(O) libcfs(O)
00013 CPU: 0 UID: 0 PID: 1744 Comm: llog_process_th Tainted: G        W  O        7.0.0-ktest-908a7d5-6330a45-20260729-dirty #1 PREEMPT 
00013 Tainted: [W]=WARN, [O]=OOT_MODULE
00013 Hardware name: QEMU Standard PC (Q35 + ICH9, 2009), BIOS 2025.11-3ubuntu7 03/31/2026
00013 RIP: 0010:osd_create+0x9cf/0xcf0 [osd_wbcfs]
00013 Code: c7 c7 00 96 7b a1 48 c7 c6 a0 12 7d a1 48 c7 c2 00 1c 7d a1 e8 52 f1 43 ff 48 c7 c7 00 96 7b a1 e8 46 81 44 ff e9 fe fc ff ff <0f> 0b e9 a5 fa ff ff 48 c7 c1 80 44 5d a0 80 e1 07 80 c1 03 38 c1
00013 RSP: 0018:ffffc90001437370 EFLAGS: 00010246
00013 RAX: 0000000000000000 RBX: ffff888133bfd400 RCX: 0000000000000046
00013 RDX: 0000000000000000 RSI: ffff88802e841f30 RDI: ffff88802d712a58
00013 RBP: ffff88802e841ea0 R08: ffffffff83a16803 R09: 1ffffffff0742d00
00013 R10: dffffc0000000000 R11: fffffbfff0742d01 R12: ffff88802ef19418
00013 R13: dffffc0000000000 R14: 1ffff1102677fa80 R15: 1ffff11005de3292
00013 FS:  0000000000000000(0000) GS:ffff8881d4a2a000(0000) knlGS:0000000000000000
00013 CS:  0010 DS: 0000 ES: 0000 CR0: 0000000080050033
00013 CR2: 00007fec37fe6194 CR3: 0000000136786000 CR4: 0000000000750eb0
00013 PKRU: 55555554
00013 Call Trace:
00013  <TASK>
00013  ? local_object_create+0x109/0x640 [obdclass]
00013  ? dt_write_lock+0x16d/0x2a0 [obdclass]
00013  ? __local_file_create+0xce4/0x1bc0 [obdclass]
00013  ? local_file_find_or_create+0x13c/0x1d0 [obdclass]
00013  ? lquota_disk_dir_find_create+0x31f/0xd10 [lquota]
00013  ? qmt_device_prepare+0x122/0x600 [lquota]
00013  ? mdt_quota_init+0x1a65/0x3220 [mdt]
00013  ? mdt_tunables_init+0x3e6/0x530 [mdt]
00013  ? mdt_device_alloc+0x46a6/0x66c0 [mdt]
00013  ? obd_setup+0x25c/0x950 [obdclass]
00013  ? class_setup+0xc7d/0x10e0 [obdclass]
00013  ? class_process_config+0x2edb/0x7cb0 [obdclass]
00013  ? __kasan_kmalloc+0x72/0x80
00013  ? class_config_llog_handler+0x2954/0x4f80 [obdclass]
00013  ? class_config_llog_handler+0x2cea/0x4f80 [obdclass]
00013  ? lustre_cfg_rec_free+0x350/0x350 [obdclass]
00013  ? llog_process_thread+0x1fd2/0x4f70 [obdclass]
00013  ? _raw_spin_unlock+0x23/0x40
00013  ? llog_process_thread_daemonize+0x16d/0x1b0 [obdclass]
00013  ? kthread+0x2cd/0x3a0
00013  ? llog_process_or_fork+0xc90/0xc90 [obdclass]
00013  ? kthread_unuse_mm+0x130/0x130
00013  ? ret_from_fork+0x18c/0x520
00013  ? kthread_unuse_mm+0x130/0x130
00013  ? ret_from_fork_asm+0x11/0x20
00013  </TASK>
00013 ---[ end trace 0000000000000000 ]---
00013 ------------[ cut here ]------------
00013 WARNING: /home/ktest/git/linux/include/linux/fs.h:889 at osd_create+0x9cf/0xcf0 [osd_wbcfs], CPU#0: llog_process_th/1744
00013 Modules linked in: mdd(O) lod(O) mdt(O) lquota(O) lfsck(O) mgs(O) osd_wbcfs(O) lustre(O) obdecho(O) mgc(O) mdc(O) lov(O) osc(O) lmv(O) ec(O) fid(O) fld(O) ptlrpc(O) efivarfs obdclass(O) ksocklnd(O) lnet(O) libcfs(O)
00013 CPU: 0 UID: 0 PID: 1744 Comm: llog_process_th Tainted: G        W  O        7.0.0-ktest-908a7d5-6330a45-20260729-dirty #1 PREEMPT 
00013 Tainted: [W]=WARN, [O]=OOT_MODULE
00013 Hardware name: QEMU Standard PC (Q35 + ICH9, 2009), BIOS 2025.11-3ubuntu7 03/31/2026
00013 RIP: 0010:osd_create+0x9cf/0xcf0 [osd_wbcfs]
00013 Code: c7 c7 00 96 7b a1 48 c7 c6 a0 12 7d a1 48 c7 c2 00 1c 7d a1 e8 52 f1 43 ff 48 c7 c7 00 96 7b a1 e8 46 81 44 ff e9 fe fc ff ff <0f> 0b e9 a5 fa ff ff 48 c7 c1 80 44 5d a0 80 e1 07 80 c1 03 38 c1
00013 RSP: 0018:ffffc90001437270 EFLAGS: 00010246
00013 RAX: 0000000000000000 RBX: ffff888133c14000 RCX: 0000000000000046
00013 RDX: 0000000000000000 RSI: ffff88802e841818 RDI: ffff88802d712a58
00013 RBP: ffff88802e841788 R08: ffffffff83a16803 R09: 1ffffffff0742d00
00013 R10: dffffc0000000000 R11: fffffbfff0742d01 R12: ffff88802ef19418
00013 R13: dffffc0000000000 R14: 1ffff11026782800 R15: 1ffff11005de3292
00013 FS:  0000000000000000(0000) GS:ffff8881d4a2a000(0000) knlGS:0000000000000000
00013 CS:  0010 DS: 0000 ES: 0000 CR0: 0000000080050033
00013 CR2: 00007fec37fe6194 CR3: 0000000136786000 CR4: 0000000000750eb0
00013 PKRU: 55555554
00013 Call Trace:
00013  <TASK>
00013  ? local_object_create+0x109/0x640 [obdclass]
00013  ? dt_write_lock+0x16d/0x2a0 [obdclass]
00013  ? __local_file_create+0xce4/0x1bc0 [obdclass]
00013  ? local_file_find_or_create+0x13c/0x1d0 [obdclass]
00013  ? lquota_disk_dir_find_create+0x31f/0xd10 [lquota]
00013  ? qmt_pool_prepare+0x3ee/0x16f0 [lquota]
00013  ? qmt_device_prepare+0x22a/0x600 [lquota]
00013  ? mdt_quota_init+0x1a65/0x3220 [mdt]
00013  ? mdt_tunables_init+0x3e6/0x530 [mdt]
00013  ? mdt_device_alloc+0x46a6/0x66c0 [mdt]
00013  ? obd_setup+0x25c/0x950 [obdclass]
00013  ? class_setup+0xc7d/0x10e0 [obdclass]
00013  ? class_process_config+0x2edb/0x7cb0 [obdclass]
00013  ? __kasan_kmalloc+0x72/0x80
00013  ? class_config_llog_handler+0x2954/0x4f80 [obdclass]
00013  ? class_config_llog_handler+0x2cea/0x4f80 [obdclass]
00013  ? lustre_cfg_rec_free+0x350/0x350 [obdclass]
00013  ? llog_process_thread+0x1fd2/0x4f70 [obdclass]
00013  ? _raw_spin_unlock+0x23/0x40
00013  ? llog_process_thread_daemonize+0x16d/0x1b0 [obdclass]
00013  ? kthread+0x2cd/0x3a0
00013  ? llog_process_or_fork+0xc90/0xc90 [obdclass]
00013  ? kthread_unuse_mm+0x130/0x130
00013  ? ret_from_fork+0x18c/0x520
00013  ? kthread_unuse_mm+0x130/0x130
00013  ? ret_from_fork_asm+0x11/0x20
00013  </TASK>
00013 ---[ end trace 0000000000000000 ]---
00013 ------------[ cut here ]------------
00013 WARNING: /home/ktest/git/linux/include/linux/fs.h:889 at osd_create+0x9cf/0xcf0 [osd_wbcfs], CPU#0: llog_process_th/1744
00013 Modules linked in: mdd(O) lod(O) mdt(O) lquota(O) lfsck(O) mgs(O) osd_wbcfs(O) lustre(O) obdecho(O) mgc(O) mdc(O) lov(O) osc(O) lmv(O) ec(O) fid(O) fld(O) ptlrpc(O) efivarfs obdclass(O) ksocklnd(O) lnet(O) libcfs(O)
00013 CPU: 0 UID: 0 PID: 1744 Comm: llog_process_th Tainted: G        W  O        7.0.0-ktest-908a7d5-6330a45-20260729-dirty #1 PREEMPT 
00013 Tainted: [W]=WARN, [O]=OOT_MODULE
00013 Hardware name: QEMU Standard PC (Q35 + ICH9, 2009), BIOS 2025.11-3ubuntu7 03/31/2026
00013 RIP: 0010:osd_create+0x9cf/0xcf0 [osd_wbcfs]
00013 Code: c7 c7 00 96 7b a1 48 c7 c6 a0 12 7d a1 48 c7 c2 00 1c 7d a1 e8 52 f1 43 ff 48 c7 c7 00 96 7b a1 e8 46 81 44 ff e9 fe fc ff ff <0f> 0b e9 a5 fa ff ff 48 c7 c1 80 44 5d a0 80 e1 07 80 c1 03 38 c1
00013 RSP: 0018:ffffc90001437258 EFLAGS: 00010246
00013 RAX: 0000000000000000 RBX: ffff888133c16c00 RCX: 0000000000000046
00013 RDX: ffffffff84c44d40 RSI: ffff88802e841100 RDI: ffff88802d712a58
00013 RBP: ffff88802e841070 R08: 0000000000000001 R09: 0000000000000000
00013 R10: dffffc0000000000 R11: ffffed1005d08203 R12: ffff88802ef19418
00013 R13: dffffc0000000000 R14: 1ffff11026782d80 R15: 1ffff11005de3292
00013 FS:  0000000000000000(0000) GS:ffff8881d4a2a000(0000) knlGS:0000000000000000
00013 CS:  0010 DS: 0000 ES: 0000 CR0: 0000000080050033
00013 CR2: 00007fec37fe6194 CR3: 0000000136786000 CR4: 0000000000750eb0
00013 PKRU: 55555554
00013 Call Trace:
00013  <TASK>
00013  ? local_object_create+0x109/0x640 [obdclass]
00013  ? dt_write_lock+0x16d/0x2a0 [obdclass]
00013  ? __local_file_create+0xce4/0x1bc0 [obdclass]
00013  ? local_index_find_or_create_with_fid+0x20d/0x3c0 [obdclass]
00013  ? lquota_disk_glb_find_create+0x3e7/0xe50 [lquota]
00013  ? qmt_pool_prepare+0x5af/0x16f0 [lquota]
00013  ? qmt_device_prepare+0x22a/0x600 [lquota]
00013  ? mdt_quota_init+0x1a65/0x3220 [mdt]
00013  ? mdt_tunables_init+0x3e6/0x530 [mdt]
00013  ? mdt_device_alloc+0x46a6/0x66c0 [mdt]
00013  ? obd_setup+0x25c/0x950 [obdclass]
00013  ? class_setup+0xc7d/0x10e0 [obdclass]
00013  ? class_process_config+0x2edb/0x7cb0 [obdclass]
00013  ? __kasan_kmalloc+0x72/0x80
00013  ? class_config_llog_handler+0x2954/0x4f80 [obdclass]
00013  ? class_config_llog_handler+0x2cea/0x4f80 [obdclass]
00013  ? lustre_cfg_rec_free+0x350/0x350 [obdclass]
00013  ? llog_process_thread+0x1fd2/0x4f70 [obdclass]
00013  ? _raw_spin_unlock+0x23/0x40
00013  ? llog_process_thread_daemonize+0x16d/0x1b0 [obdclass]
00013  ? kthread+0x2cd/0x3a0
00013  ? llog_process_or_fork+0xc90/0xc90 [obdclass]
00013  ? kthread_unuse_mm+0x130/0x130
00013  ? ret_from_fork+0x18c/0x520
00013  ? kthread_unuse_mm+0x130/0x130
00013  ? ret_from_fork_asm+0x11/0x20
00013  </TASK>
00013 ---[ end trace 0000000000000000 ]---
00013 ------------[ cut here ]------------
00013 WARNING: /home/ktest/git/linux/include/linux/fs.h:889 at osd_create+0x9cf/0xcf0 [osd_wbcfs], CPU#0: llog_process_th/1744
00013 Modules linked in: mdd(O) lod(O) mdt(O) lquota(O) lfsck(O) mgs(O) osd_wbcfs(O) lustre(O) obdecho(O) mgc(O) mdc(O) lov(O) osc(O) lmv(O) ec(O) fid(O) fld(O) ptlrpc(O) efivarfs obdclass(O) ksocklnd(O) lnet(O) libcfs(O)
00013 CPU: 0 UID: 0 PID: 1744 Comm: llog_process_th Tainted: G        W  O        7.0.0-ktest-908a7d5-6330a45-20260729-dirty #1 PREEMPT 
00013 Tainted: [W]=WARN, [O]=OOT_MODULE
00013 Hardware name: QEMU Standard PC (Q35 + ICH9, 2009), BIOS 2025.11-3ubuntu7 03/31/2026
00013 RIP: 0010:osd_create+0x9cf/0xcf0 [osd_wbcfs]
00013 Code: c7 c7 00 96 7b a1 48 c7 c6 a0 12 7d a1 48 c7 c2 00 1c 7d a1 e8 52 f1 43 ff 48 c7 c7 00 96 7b a1 e8 46 81 44 ff e9 fe fc ff ff <0f> 0b e9 a5 fa ff ff 48 c7 c1 80 44 5d a0 80 e1 07 80 c1 03 38 c1
00013 RSP: 0018:ffffc90001437258 EFLAGS: 00010246
00013 RAX: 0000000000000000 RBX: ffff888133c15400 RCX: 0000000000000046
00013 RDX: ffffffff84c44d40 RSI: ffff88802e8409e8 RDI: ffff88802d712a58
00013 RBP: ffff88802e840958 R08: 0000000000000001 R09: 0000000000000000
00013 R10: dffffc0000000000 R11: ffffed1005d08120 R12: ffff88802ef19418
00013 R13: dffffc0000000000 R14: 1ffff11026782a80 R15: 1ffff11005de3292
00013 FS:  0000000000000000(0000) GS:ffff8881d4a2a000(0000) knlGS:0000000000000000
00013 CS:  0010 DS: 0000 ES: 0000 CR0: 0000000080050033
00013 CR2: 00007fec37fe6194 CR3: 0000000136786000 CR4: 0000000000750eb0
00013 PKRU: 55555554
00013 Call Trace:
00013  <TASK>
00013  ? local_object_create+0x109/0x640 [obdclass]
00013  ? dt_write_lock+0x16d/0x2a0 [obdclass]
00013  ? __local_file_create+0xce4/0x1bc0 [obdclass]
00013  ? local_index_find_or_create_with_fid+0x20d/0x3c0 [obdclass]
00013  ? lquota_disk_glb_find_create+0x3e7/0xe50 [lquota]
00013  ? lprocfs_seq_create+0x120/0x340 [obdclass]
00013  ? qmt_pool_prepare+0x5af/0x16f0 [lquota]
00013  ? qmt_device_prepare+0x22a/0x600 [lquota]
00013  ? mdt_quota_init+0x1a65/0x3220 [mdt]
00013  ? mdt_tunables_init+0x3e6/0x530 [mdt]
00013  ? mdt_device_alloc+0x46a6/0x66c0 [mdt]
00013  ? obd_setup+0x25c/0x950 [obdclass]
00013  ? class_setup+0xc7d/0x10e0 [obdclass]
00013  ? class_process_config+0x2edb/0x7cb0 [obdclass]
00013  ? __kasan_kmalloc+0x72/0x80
00013  ? class_config_llog_handler+0x2954/0x4f80 [obdclass]
00013  ? class_config_llog_handler+0x2cea/0x4f80 [obdclass]
00013  ? lustre_cfg_rec_free+0x350/0x350 [obdclass]
00013  ? llog_process_thread+0x1fd2/0x4f70 [obdclass]
00013  ? _raw_spin_unlock+0x23/0x40
00013  ? llog_process_thread_daemonize+0x16d/0x1b0 [obdclass]
00013  ? kthread+0x2cd/0x3a0
00013  ? llog_process_or_fork+0xc90/0xc90 [obdclass]
00013  ? kthread_unuse_mm+0x130/0x130
00013  ? ret_from_fork+0x18c/0x520
00013  ? kthread_unuse_mm+0x130/0x130
00013  ? ret_from_fork_asm+0x11/0x20
00013  </TASK>
00013 ---[ end trace 0000000000000000 ]---
00013 ------------[ cut here ]------------
00013 WARNING: /home/ktest/git/linux/include/linux/fs.h:889 at osd_create+0x9cf/0xcf0 [osd_wbcfs], CPU#0: llog_process_th/1744
00013 Modules linked in: mdd(O) lod(O) mdt(O) lquota(O) lfsck(O) mgs(O) osd_wbcfs(O) lustre(O) obdecho(O) mgc(O) mdc(O) lov(O) osc(O) lmv(O) ec(O) fid(O) fld(O) ptlrpc(O) efivarfs obdclass(O) ksocklnd(O) lnet(O) libcfs(O)
00013 CPU: 0 UID: 0 PID: 1744 Comm: llog_process_th Tainted: G        W  O        7.0.0-ktest-908a7d5-6330a45-20260729-dirty #1 PREEMPT 
00013 Tainted: [W]=WARN, [O]=OOT_MODULE
00013 Hardware name: QEMU Standard PC (Q35 + ICH9, 2009), BIOS 2025.11-3ubuntu7 03/31/2026
00013 RIP: 0010:osd_create+0x9cf/0xcf0 [osd_wbcfs]
00013 Code: c7 c7 00 96 7b a1 48 c7 c6 a0 12 7d a1 48 c7 c2 00 1c 7d a1 e8 52 f1 43 ff 48 c7 c7 00 96 7b a1 e8 46 81 44 ff e9 fe fc ff ff <0f> 0b e9 a5 fa ff ff 48 c7 c1 80 44 5d a0 80 e1 07 80 c1 03 38 c1
00013 RSP: 0018:ffffc90001437258 EFLAGS: 00010246
00013 RAX: 0000000000000000 RBX: ffff888133c33400 RCX: 0000000000000046
00013 RDX: ffffffff84c44d40 RSI: ffff88802e8402d0 RDI: ffff88802d712a58
00013 RBP: ffff88802e840240 R08: 0000000000000001 R09: 0000000000000000
00013 R10: dffffc0000000000 R11: ffffed1005d0803d R12: ffff88802ef19418
00013 R13: dffffc0000000000 R14: 1ffff11026786680 R15: 1ffff11005de3292
00013 FS:  0000000000000000(0000) GS:ffff8881d4a2a000(0000) knlGS:0000000000000000
00013 CS:  0010 DS: 0000 ES: 0000 CR0: 0000000080050033
00013 CR2: 00007fec37fe6194 CR3: 0000000136786000 CR4: 0000000000750eb0
00013 PKRU: 55555554
00013 Call Trace:
00013  <TASK>
00013  ? local_object_create+0x109/0x640 [obdclass]
00013  ? dt_write_lock+0x16d/0x2a0 [obdclass]
00013  ? __local_file_create+0xce4/0x1bc0 [obdclass]
00013  ? local_index_find_or_create_with_fid+0x20d/0x3c0 [obdclass]
00013  ? lquota_disk_glb_find_create+0x3e7/0xe50 [lquota]
00013  ? lprocfs_seq_create+0x120/0x340 [obdclass]
00013  ? qmt_pool_prepare+0x5af/0x16f0 [lquota]
00013  ? qmt_device_prepare+0x22a/0x600 [lquota]
00013  ? mdt_quota_init+0x1a65/0x3220 [mdt]
00013  ? mdt_tunables_init+0x3e6/0x530 [mdt]
00013  ? mdt_device_alloc+0x46a6/0x66c0 [mdt]
00013  ? obd_setup+0x25c/0x950 [obdclass]
00013  ? class_setup+0xc7d/0x10e0 [obdclass]
00013  ? class_process_config+0x2edb/0x7cb0 [obdclass]
00013  ? __kasan_kmalloc+0x72/0x80
00013  ? class_config_llog_handler+0x2954/0x4f80 [obdclass]
00013  ? class_config_llog_handler+0x2cea/0x4f80 [obdclass]
00013  ? lustre_cfg_rec_free+0x350/0x350 [obdclass]
00013  ? llog_process_thread+0x1fd2/0x4f70 [obdclass]
00013  ? _raw_spin_unlock+0x23/0x40
00013  ? llog_process_thread_daemonize+0x16d/0x1b0 [obdclass]
00013  ? kthread+0x2cd/0x3a0
00013  ? llog_process_or_fork+0xc90/0xc90 [obdclass]
00013  ? kthread_unuse_mm+0x130/0x130
00013  ? ret_from_fork+0x18c/0x520
00013  ? kthread_unuse_mm+0x130/0x130
00013  ? ret_from_fork_asm+0x11/0x20
00013  </TASK>
00013 ---[ end trace 0000000000000000 ]---
00013 ------------[ cut here ]------------
00013 WARNING: /home/ktest/git/linux/include/linux/fs.h:889 at osd_create+0x9cf/0xcf0 [osd_wbcfs], CPU#0: llog_process_th/1744
00013 Modules linked in: mdd(O) lod(O) mdt(O) lquota(O) lfsck(O) mgs(O) osd_wbcfs(O) lustre(O) obdecho(O) mgc(O) mdc(O) lov(O) osc(O) lmv(O) ec(O) fid(O) fld(O) ptlrpc(O) efivarfs obdclass(O) ksocklnd(O) lnet(O) libcfs(O)
00013 CPU: 0 UID: 0 PID: 1744 Comm: llog_process_th Tainted: G        W  O        7.0.0-ktest-908a7d5-6330a45-20260729-dirty #1 PREEMPT 
00013 Tainted: [W]=WARN, [O]=OOT_MODULE
00013 Hardware name: QEMU Standard PC (Q35 + ICH9, 2009), BIOS 2025.11-3ubuntu7 03/31/2026
00013 RIP: 0010:osd_create+0x9cf/0xcf0 [osd_wbcfs]
00013 Code: c7 c7 00 96 7b a1 48 c7 c6 a0 12 7d a1 48 c7 c2 00 1c 7d a1 e8 52 f1 43 ff 48 c7 c7 00 96 7b a1 e8 46 81 44 ff e9 fe fc ff ff <0f> 0b e9 a5 fa ff ff 48 c7 c1 80 44 5d a0 80 e1 07 80 c1 03 38 c1
00013 RSP: 0018:ffffc90001437270 EFLAGS: 00010246
00013 RAX: 0000000000000000 RBX: ffff888119c57400 RCX: 0000000000000046
00013 RDX: 0000000000000000 RSI: ffff88802ccad0d8 RDI: ffff88802d712a58
00013 RBP: ffff88802ccad048 R08: ffffffff83a16803 R09: 1ffffffff0742d00
00013 R10: dffffc0000000000 R11: fffffbfff0742d01 R12: ffff88802ef19418
00013 R13: dffffc0000000000 R14: 1ffff1102338ae80 R15: 1ffff11005de3292
00013 FS:  0000000000000000(0000) GS:ffff8881d4a2a000(0000) knlGS:0000000000000000
00013 CS:  0010 DS: 0000 ES: 0000 CR0: 0000000080050033
00013 CR2: 00007fec37fe6194 CR3: 0000000136786000 CR4: 0000000000750eb0
00013 PKRU: 55555554
00013 Call Trace:
00013  <TASK>
00013  ? local_object_create+0x109/0x640 [obdclass]
00013  ? dt_write_lock+0x16d/0x2a0 [obdclass]
00013  ? __local_file_create+0xce4/0x1bc0 [obdclass]
00013  ? local_file_find_or_create+0x13c/0x1d0 [obdclass]
00013  ? lquota_disk_dir_find_create+0x31f/0xd10 [lquota]
00013  ? qmt_pool_prepare+0x3ee/0x16f0 [lquota]
00013  ? qmt_device_prepare+0x22a/0x600 [lquota]
00013  ? mdt_quota_init+0x1a65/0x3220 [mdt]
00013  ? mdt_tunables_init+0x3e6/0x530 [mdt]
00013  ? mdt_device_alloc+0x46a6/0x66c0 [mdt]
00013  ? obd_setup+0x25c/0x950 [obdclass]
00013  ? class_setup+0xc7d/0x10e0 [obdclass]
00013  ? class_process_config+0x2edb/0x7cb0 [obdclass]
00013  ? __kasan_kmalloc+0x72/0x80
00013  ? class_config_llog_handler+0x2954/0x4f80 [obdclass]
00013  ? class_config_llog_handler+0x2cea/0x4f80 [obdclass]
00013  ? lustre_cfg_rec_free+0x350/0x350 [obdclass]
00013  ? llog_process_thread+0x1fd2/0x4f70 [obdclass]
00013  ? _raw_spin_unlock+0x23/0x40
00013  ? llog_process_thread_daemonize+0x16d/0x1b0 [obdclass]
00013  ? kthread+0x2cd/0x3a0
00013  ? llog_process_or_fork+0xc90/0xc90 [obdclass]
00013  ? kthread_unuse_mm+0x130/0x130
00013  ? ret_from_fork+0x18c/0x520
00013  ? kthread_unuse_mm+0x130/0x130
00013  ? ret_from_fork_asm+0x11/0x20
00013  </TASK>
00013 ---[ end trace 0000000000000000 ]---
00013 ------------[ cut here ]------------
00013 WARNING: /home/ktest/git/linux/include/linux/fs.h:889 at osd_create+0x9cf/0xcf0 [osd_wbcfs], CPU#0: llog_process_th/1744
00013 Modules linked in: mdd(O) lod(O) mdt(O) lquota(O) lfsck(O) mgs(O) osd_wbcfs(O) lustre(O) obdecho(O) mgc(O) mdc(O) lov(O) osc(O) lmv(O) ec(O) fid(O) fld(O) ptlrpc(O) efivarfs obdclass(O) ksocklnd(O) lnet(O) libcfs(O)
00013 CPU: 0 UID: 0 PID: 1744 Comm: llog_process_th Tainted: G        W  O        7.0.0-ktest-908a7d5-6330a45-20260729-dirty #1 PREEMPT 
00013 Tainted: [W]=WARN, [O]=OOT_MODULE
00013 Hardware name: QEMU Standard PC (Q35 + ICH9, 2009), BIOS 2025.11-3ubuntu7 03/31/2026
00013 RIP: 0010:osd_create+0x9cf/0xcf0 [osd_wbcfs]
00013 Code: c7 c7 00 96 7b a1 48 c7 c6 a0 12 7d a1 48 c7 c2 00 1c 7d a1 e8 52 f1 43 ff 48 c7 c7 00 96 7b a1 e8 46 81 44 ff e9 fe fc ff ff <0f> 0b e9 a5 fa ff ff 48 c7 c1 80 44 5d a0 80 e1 07 80 c1 03 38 c1
00013 RSP: 0018:ffffc90001437258 EFLAGS: 00010246
00013 RAX: 0000000000000000 RBX: ffff888119c54800 RCX: 0000000000000046
00013 RDX: ffffffff84c44d40 RSI: ffff88802ccac9c0 RDI: ffff88802d712a58
00013 RBP: ffff88802ccac930 R08: 0000000000000001 R09: 0000000000000000
00013 R10: dffffc0000000000 R11: ffffed100599591b R12: ffff88802ef19418
00013 R13: dffffc0000000000 R14: 1ffff1102338a900 R15: 1ffff11005de3292
00013 FS:  0000000000000000(0000) GS:ffff8881d4a2a000(0000) knlGS:0000000000000000
00013 CS:  0010 DS: 0000 ES: 0000 CR0: 0000000080050033
00013 CR2: 00007fec37fe6194 CR3: 0000000136786000 CR4: 0000000000750eb0
00013 PKRU: 55555554
00013 Call Trace:
00013  <TASK>
00013  ? local_object_create+0x109/0x640 [obdclass]
00013  ? dt_write_lock+0x16d/0x2a0 [obdclass]
00013  ? __local_file_create+0xce4/0x1bc0 [obdclass]
00013  ? local_index_find_or_create_with_fid+0x20d/0x3c0 [obdclass]
00013  ? lquota_disk_glb_find_create+0x3e7/0xe50 [lquota]
00013  ? qmt_pool_prepare+0x5af/0x16f0 [lquota]
00013  ? qmt_device_prepare+0x22a/0x600 [lquota]
00013  ? mdt_quota_init+0x1a65/0x3220 [mdt]
00013  ? mdt_tunables_init+0x3e6/0x530 [mdt]
00013  ? mdt_device_alloc+0x46a6/0x66c0 [mdt]
00013  ? obd_setup+0x25c/0x950 [obdclass]
00013  ? class_setup+0xc7d/0x10e0 [obdclass]
00013  ? class_process_config+0x2edb/0x7cb0 [obdclass]
00013  ? __kasan_kmalloc+0x72/0x80
00013  ? class_config_llog_handler+0x2954/0x4f80 [obdclass]
00013  ? class_config_llog_handler+0x2cea/0x4f80 [obdclass]
00013  ? lustre_cfg_rec_free+0x350/0x350 [obdclass]
00013  ? llog_process_thread+0x1fd2/0x4f70 [obdclass]
00013  ? _raw_spin_unlock+0x23/0x40
00013  ? llog_process_thread_daemonize+0x16d/0x1b0 [obdclass]
00013  ? kthread+0x2cd/0x3a0
00013  ? llog_process_or_fork+0xc90/0xc90 [obdclass]
00013  ? kthread_unuse_mm+0x130/0x130
00013  ? ret_from_fork+0x18c/0x520
00013  ? kthread_unuse_mm+0x130/0x130
00013  ? ret_from_fork_asm+0x11/0x20
00013  </TASK>
00013 ---[ end trace 0000000000000000 ]---
00013 ------------[ cut here ]------------
00013 WARNING: /home/ktest/git/linux/include/linux/fs.h:889 at osd_create+0x9cf/0xcf0 [osd_wbcfs], CPU#0: llog_process_th/1744
00013 Modules linked in: mdd(O) lod(O) mdt(O) lquota(O) lfsck(O) mgs(O) osd_wbcfs(O) lustre(O) obdecho(O) mgc(O) mdc(O) lov(O) osc(O) lmv(O) ec(O) fid(O) fld(O) ptlrpc(O) efivarfs obdclass(O) ksocklnd(O) lnet(O) libcfs(O)
00013 CPU: 0 UID: 0 PID: 1744 Comm: llog_process_th Tainted: G        W  O        7.0.0-ktest-908a7d5-6330a45-20260729-dirty #1 PREEMPT 
00013 Tainted: [W]=WARN, [O]=OOT_MODULE
00013 Hardware name: QEMU Standard PC (Q35 + ICH9, 2009), BIOS 2025.11-3ubuntu7 03/31/2026
00013 RIP: 0010:osd_create+0x9cf/0xcf0 [osd_wbcfs]
00013 Code: c7 c7 00 96 7b a1 48 c7 c6 a0 12 7d a1 48 c7 c2 00 1c 7d a1 e8 52 f1 43 ff 48 c7 c7 00 96 7b a1 e8 46 81 44 ff e9 fe fc ff ff <0f> 0b e9 a5 fa ff ff 48 c7 c1 80 44 5d a0 80 e1 07 80 c1 03 38 c1
00013 RSP: 0018:ffffc90001437258 EFLAGS: 00010246
00013 RAX: 0000000000000000 RBX: ffff888104dfc800 RCX: 0000000000000046
00013 RDX: ffffffff84c44d40 RSI: ffff88802ccac2a8 RDI: ffff88802d712a58
00013 RBP: ffff88802ccac218 R08: 0000000000000001 R09: 0000000000000000
00013 R10: dffffc0000000000 R11: ffffed1005995838 R12: ffff88802ef19418
00013 R13: dffffc0000000000 R14: 1ffff110209bf900 R15: 1ffff11005de3292
00013 FS:  0000000000000000(0000) GS:ffff8881d4a2a000(0000) knlGS:0000000000000000
00013 CS:  0010 DS: 0000 ES: 0000 CR0: 0000000080050033
00013 CR2: 00007fec37fe6194 CR3: 0000000136786000 CR4: 0000000000750eb0
00013 PKRU: 55555554
00013 Call Trace:
00013  <TASK>
00013  ? local_object_create+0x109/0x640 [obdclass]
00013  ? dt_write_lock+0x16d/0x2a0 [obdclass]
00013  ? __local_file_create+0xce4/0x1bc0 [obdclass]
00013  ? local_index_find_or_create_with_fid+0x20d/0x3c0 [obdclass]
00013  ? lquota_disk_glb_find_create+0x3e7/0xe50 [lquota]
00013  ? lprocfs_seq_create+0x120/0x340 [obdclass]
00013  ? qmt_pool_prepare+0x5af/0x16f0 [lquota]
00013  ? qmt_device_prepare+0x22a/0x600 [lquota]
00013  ? mdt_quota_init+0x1a65/0x3220 [mdt]
00013  ? mdt_tunables_init+0x3e6/0x530 [mdt]
00013  ? mdt_device_alloc+0x46a6/0x66c0 [mdt]
00013  ? obd_setup+0x25c/0x950 [obdclass]
00013  ? class_setup+0xc7d/0x10e0 [obdclass]
00013  ? class_process_config+0x2edb/0x7cb0 [obdclass]
00013  ? __kasan_kmalloc+0x72/0x80
00013  ? class_config_llog_handler+0x2954/0x4f80 [obdclass]
00013  ? class_config_llog_handler+0x2cea/0x4f80 [obdclass]
00013  ? lustre_cfg_rec_free+0x350/0x350 [obdclass]
00013  ? llog_process_thread+0x1fd2/0x4f70 [obdclass]
00013  ? _raw_spin_unlock+0x23/0x40
00013  ? llog_process_thread_daemonize+0x16d/0x1b0 [obdclass]
00013  ? kthread+0x2cd/0x3a0
00013  ? llog_process_or_fork+0xc90/0xc90 [obdclass]
00013  ? kthread_unuse_mm+0x130/0x130
00013  ? ret_from_fork+0x18c/0x520
00013  ? kthread_unuse_mm+0x130/0x130
00013  ? ret_from_fork_asm+0x11/0x20
00013  </TASK>
00013 ---[ end trace 0000000000000000 ]---
00013 ------------[ cut here ]------------
00013 WARNING: /home/ktest/git/linux/include/linux/fs.h:889 at osd_create+0x9cf/0xcf0 [osd_wbcfs], CPU#0: llog_process_th/1744
00013 Modules linked in: mdd(O) lod(O) mdt(O) lquota(O) lfsck(O) mgs(O) osd_wbcfs(O) lustre(O) obdecho(O) mgc(O) mdc(O) lov(O) osc(O) lmv(O) ec(O) fid(O) fld(O) ptlrpc(O) efivarfs obdclass(O) ksocklnd(O) lnet(O) libcfs(O)
00013 CPU: 0 UID: 0 PID: 1744 Comm: llog_process_th Tainted: G        W  O        7.0.0-ktest-908a7d5-6330a45-20260729-dirty #1 PREEMPT 
00013 Tainted: [W]=WARN, [O]=OOT_MODULE
00013 Hardware name: QEMU Standard PC (Q35 + ICH9, 2009), BIOS 2025.11-3ubuntu7 03/31/2026
00013 RIP: 0010:osd_create+0x9cf/0xcf0 [osd_wbcfs]
00013 Code: c7 c7 00 96 7b a1 48 c7 c6 a0 12 7d a1 48 c7 c2 00 1c 7d a1 e8 52 f1 43 ff 48 c7 c7 00 96 7b a1 e8 46 81 44 ff e9 fe fc ff ff <0f> 0b e9 a5 fa ff ff 48 c7 c1 80 44 5d a0 80 e1 07 80 c1 03 38 c1
00013 RSP: 0018:ffffc90001437258 EFLAGS: 00010246
00013 RAX: 0000000000000000 RBX: ffff888104dfe800 RCX: 0000000000000046
00013 RDX: ffffffff84c44d40 RSI: ffff88802ccabb90 RDI: ffff88802d712a58
00013 RBP: ffff88802ccabb00 R08: 0000000000000001 R09: 0000000000000000
00013 R10: dffffc0000000000 R11: ffffed1005995755 R12: ffff88802ef19418
00013 R13: dffffc0000000000 R14: 1ffff110209bfd00 R15: 1ffff11005de3292
00013 FS:  0000000000000000(0000) GS:ffff8881d4a2a000(0000) knlGS:0000000000000000
00013 CS:  0010 DS: 0000 ES: 0000 CR0: 0000000080050033
00013 CR2: 00007fec37fe6194 CR3: 0000000136786000 CR4: 0000000000750eb0
00013 PKRU: 55555554
00013 Call Trace:
00013  <TASK>
00013  ? local_object_create+0x109/0x640 [obdclass]
00013  ? dt_write_lock+0x16d/0x2a0 [obdclass]
00013  ? __local_file_create+0xce4/0x1bc0 [obdclass]
00013  ? local_index_find_or_create_with_fid+0x20d/0x3c0 [obdclass]
00013  ? lquota_disk_glb_find_create+0x3e7/0xe50 [lquota]
00013  ? lprocfs_seq_create+0x120/0x340 [obdclass]
00013  ? qmt_pool_prepare+0x5af/0x16f0 [lquota]
00013  ? qmt_device_prepare+0x22a/0x600 [lquota]
00013  ? mdt_quota_init+0x1a65/0x3220 [mdt]
00013  ? mdt_tunables_init+0x3e6/0x530 [mdt]
00013  ? mdt_device_alloc+0x46a6/0x66c0 [mdt]
00013  ? obd_setup+0x25c/0x950 [obdclass]
00013  ? class_setup+0xc7d/0x10e0 [obdclass]
00013  ? class_process_config+0x2edb/0x7cb0 [obdclass]
00013  ? __kasan_kmalloc+0x72/0x80
00013  ? class_config_llog_handler+0x2954/0x4f80 [obdclass]
00013  ? class_config_llog_handler+0x2cea/0x4f80 [obdclass]
00013  ? lustre_cfg_rec_free+0x350/0x350 [obdclass]
00013  ? llog_process_thread+0x1fd2/0x4f70 [obdclass]
00013  ? _raw_spin_unlock+0x23/0x40
00013  ? llog_process_thread_daemonize+0x16d/0x1b0 [obdclass]
00013  ? kthread+0x2cd/0x3a0
00013  ? llog_process_or_fork+0xc90/0xc90 [obdclass]
00013  ? kthread_unuse_mm+0x130/0x130
00013  ? ret_from_fork+0x18c/0x520
00013  ? kthread_unuse_mm+0x130/0x130
00013  ? ret_from_fork_asm+0x11/0x20
00013  </TASK>
00013 ---[ end trace 0000000000000000 ]---
00013 ------------[ cut here ]------------
00013 WARNING: /home/ktest/git/linux/include/linux/fs.h:889 at osd_create+0x9cf/0xcf0 [osd_wbcfs], CPU#2: ll_mgs_0002/1721
00013 Modules linked in: osp(O) mdd(O) lod(O) mdt(O) lquota(O) lfsck(O) mgs(O) osd_wbcfs(O) lustre(O) obdecho(O) mgc(O) mdc(O) lov(O) osc(O) lmv(O) ec(O) fid(O) fld(O) ptlrpc(O) efivarfs obdclass(O) ksocklnd(O) lnet(O) libcfs(O)
00013 CPU: 2 UID: 0 PID: 1721 Comm: ll_mgs_0002 Tainted: G        W  O        7.0.0-ktest-908a7d5-6330a45-20260729-dirty #1 PREEMPT 
00013 Tainted: [W]=WARN, [O]=OOT_MODULE
00013 Hardware name: QEMU Standard PC (Q35 + ICH9, 2009), BIOS 2025.11-3ubuntu7 03/31/2026
00013 RIP: 0010:osd_create+0x9cf/0xcf0 [osd_wbcfs]
00013 Code: c7 c7 00 96 7b a1 48 c7 c6 a0 12 7d a1 48 c7 c2 00 1c 7d a1 e8 52 f1 43 ff 48 c7 c7 00 96 7b a1 e8 46 81 44 ff e9 fe fc ff ff <0f> 0b e9 a5 fa ff ff 48 c7 c1 80 44 5d a0 80 e1 07 80 c1 03 38 c1
00013 RSP: 0018:ffffc90000aaf700 EFLAGS: 00010246
00013 RAX: 0000000000000000 RBX: ffff888133c9cc00 RCX: 0000000000000046
00013 RDX: 0000000000000000 RSI: ffff88802bb82648 RDI: ffff88802d3209e8
00013 RBP: ffff88802bb825b8 R08: ffffffff83a16803 R09: 1ffffffff0742d00
00013 R10: dffffc0000000000 R11: fffffbfff0742d01 R12: ffff8881336f3418
00013 R13: dffffc0000000000 R14: 1ffff11026793980 R15: 1ffff110266de692
00013 FS:  0000000000000000(0000) GS:ffff8881d4b2a000(0000) knlGS:0000000000000000
00013 CS:  0010 DS: 0000 ES: 0000 CR0: 0000000080050033
00013 CR2: 00007fb4127e6194 CR3: 000000011d260000 CR4: 0000000000750eb0
00013 PKRU: 55555554
00013 Call Trace:
00013  <TASK>
00013  ? local_object_create+0x109/0x640 [obdclass]
00013  ? dt_write_lock+0x16d/0x2a0 [obdclass]
00013  ? __local_file_create+0xce4/0x1bc0 [obdclass]
00013  ? local_file_find_or_create+0x13c/0x1d0 [obdclass]
00013  ? mgs_ir_update+0x1ce1/0x3850 [mgs]
00013  ? mgs_target_reg+0xd98/0x4480 [mgs]
00013  ? tgt_request_handle+0x23ad/0x3d30 [ptlrpc]
00013  ? ptlrpc_main+0x6359/0x96f0 [ptlrpc]
00013  ? __kthread_parkme+0x73/0x130
00013  ? kthread+0x2cd/0x3a0
00013  ? ptlrpc_start_thread+0x1f10/0x1f10 [ptlrpc]
00013  ? kthread_unuse_mm+0x130/0x130
00013  ? ret_from_fork+0x18c/0x520
00013  ? kthread_unuse_mm+0x130/0x130
00013  ? ret_from_fork_asm+0x11/0x20
00013  </TASK>
00013 ---[ end trace 0000000000000000 ]---
00013 Lustre: lustre-MDT0000: Imperative Recovery not enabled, recovery window 300-900
00013 Lustre: ctl-lustre-MDT0000: super-sequence allocation rc = 0 [0x0000000200000400-0x0000000240000400]:0:mdt
00013 ------------[ cut here ]------------
00013 WARNING: /home/ktest/git/linux/include/linux/fs.h:889 at osd_create+0x9cf/0xcf0 [osd_wbcfs], CPU#1: lod0000_rec0000/1755
00013 Modules linked in: osp(O) mdd(O) lod(O) mdt(O) lquota(O) lfsck(O) mgs(O) osd_wbcfs(O) lustre(O) obdecho(O) mgc(O) mdc(O) lov(O) osc(O) lmv(O) ec(O) fid(O) fld(O) ptlrpc(O) efivarfs obdclass(O) ksocklnd(O) lnet(O) libcfs(O)
00013 CPU: 1 UID: 0 PID: 1755 Comm: lod0000_rec0000 Tainted: G        W  O        7.0.0-ktest-908a7d5-6330a45-20260729-dirty #1 PREEMPT 
00013 Tainted: [W]=WARN, [O]=OOT_MODULE
00013 Hardware name: QEMU Standard PC (Q35 + ICH9, 2009), BIOS 2025.11-3ubuntu7 03/31/2026
00013 RIP: 0010:osd_create+0x9cf/0xcf0 [osd_wbcfs]
00013 Code: c7 c7 00 96 7b a1 48 c7 c6 a0 12 7d a1 48 c7 c2 00 1c 7d a1 e8 52 f1 43 ff 48 c7 c7 00 96 7b a1 e8 46 81 44 ff e9 fe fc ff ff <0f> 0b e9 a5 fa ff ff 48 c7 c1 80 44 5d a0 80 e1 07 80 c1 03 38 c1
00013 RSP: 0018:ffffc90001717b50 EFLAGS: 00010246
00013 RAX: 0000000000000000 RBX: ffff888137292000 RCX: 0000000000000046
00013 RDX: 0000000000000000 RSI: ffff88802d30ed38 RDI: ffff88802d714b18
00013 RBP: ffff88802d30eca8 R08: ffffffff83a16803 R09: 1ffffffff0742d00
00013 R10: dffffc0000000000 R11: fffffbfff0742d01 R12: ffff8881040d3000
00013 R13: dffffc0000000000 R14: 1ffff11026e52400 R15: 1ffff1102081a60f
00013 FS:  0000000000000000(0000) GS:ffff8881d4aaa000(0000) knlGS:0000000000000000
00013 CS:  0010 DS: 0000 ES: 0000 CR0: 0000000080050033
00013 CR2: 00007fc6b482eb68 CR3: 0000000136786000 CR4: 0000000000750eb0
00013 PKRU: 55555554
00013 Call Trace:
00013  <TASK>
00013  ? llog_osd_create+0x605/0x10d0 [obdclass]
00013  ? llog_create+0x2ed/0x530 [obdclass]
00013  ? llog_open_create+0x6e7/0xb30 [obdclass]
00013  ? lod_sub_prep_llog+0xdfd/0x1b40 [lod]
00013  ? lod_sub_recovery_thread+0x316/0x18d0 [lod]
00013  ? __kthread_parkme+0x73/0x130
00013  ? kthread+0x2cd/0x3a0
00013  ? lod_sub_init_llog+0x1180/0x1180 [lod]
00013  ? kthread_unuse_mm+0x130/0x130
00013  ? ret_from_fork+0x18c/0x520
00013  ? kthread_unuse_mm+0x130/0x130
00013  ? ret_from_fork_asm+0x11/0x20
00013  </TASK>
00013 ---[ end trace 0000000000000000 ]---
00013 ------------[ cut here ]------------
00013 WARNING: /home/ktest/git/linux/include/linux/fs.h:889 at osd_create+0x9cf/0xcf0 [osd_wbcfs], CPU#2: ll_mgs_0002/1721
00013 Modules linked in: osp(O) mdd(O) lod(O) mdt(O) lquota(O) lfsck(O) mgs(O) osd_wbcfs(O) lustre(O) obdecho(O) mgc(O) mdc(O) lov(O) osc(O) lmv(O) ec(O) fid(O) fld(O) ptlrpc(O) efivarfs obdclass(O) ksocklnd(O) lnet(O) libcfs(O)
00013 CPU: 2 UID: 0 PID: 1721 Comm: ll_mgs_0002 Tainted: G        W  O        7.0.0-ktest-908a7d5-6330a45-20260729-dirty #1 PREEMPT 
00013 Tainted: [W]=WARN, [O]=OOT_MODULE
00013 Hardware name: QEMU Standard PC (Q35 + ICH9, 2009), BIOS 2025.11-3ubuntu7 03/31/2026
00013 RIP: 0010:osd_create+0x9cf/0xcf0 [osd_wbcfs]
00013 Code: c7 c7 00 96 7b a1 48 c7 c6 a0 12 7d a1 48 c7 c2 00 1c 7d a1 e8 52 f1 43 ff 48 c7 c7 00 96 7b a1 e8 46 81 44 ff e9 fe fc ff ff <0f> 0b e9 a5 fa ff ff 48 c7 c1 80 44 5d a0 80 e1 07 80 c1 03 38 c1
00013 RSP: 0018:ffffc90000aaf688 EFLAGS: 00010246
00013 RAX: 0000000000000000 RBX: ffff888132c29c00 RCX: 0000000000000046
00013 RDX: 0000000000000000 RSI: ffff88802bb81f30 RDI: ffff88802d3209e8
00013 RBP: ffff88802bb81ea0 R08: ffffffff83a16803 R09: 1ffffffff0742d00
00013 R10: dffffc0000000000 R11: fffffbfff0742d01 R12: ffff88813388e800
00013 R13: dffffc0000000000 R14: 1ffff11026585380 R15: 1ffff11026711d0f
00013 FS:  0000000000000000(0000) GS:ffff8881d4b2a000(0000) knlGS:0000000000000000
00013 CS:  0010 DS: 0000 ES: 0000 CR0: 0000000080050033
00013 CR2: 00007fb4127e6194 CR3: 000000011d260000 CR4: 0000000000750eb0
00013 PKRU: 55555554
00013 Call Trace:
00013  <TASK>
00013  ? local_object_create+0x109/0x640 [obdclass]
00013  ? dt_write_lock+0x16d/0x2a0 [obdclass]
00013  ? llog_osd_create+0x356/0x10d0 [obdclass]
00013  ? llog_create+0x2ed/0x530 [obdclass]
00013  ? llog_open_create+0x6e7/0xb30 [obdclass]
00013  ? record_start_log+0x348/0xa40 [mgs]
00013  ? mgs_write_log_lov+0x3ac/0xde0 [mgs]
00013  ? mgs_write_log_target+0x17a4/0x6ab0 [mgs]
00013  ? mgs_target_reg+0x254e/0x4480 [mgs]
00013  ? tgt_request_handle+0x23ad/0x3d30 [ptlrpc]
00013  ? ptlrpc_main+0x6359/0x96f0 [ptlrpc]
00013  ? __kthread_parkme+0x73/0x130
00013  ? kthread+0x2cd/0x3a0
00013  ? ptlrpc_start_thread+0x1f10/0x1f10 [ptlrpc]
00013  ? kthread_unuse_mm+0x130/0x130
00013  ? ret_from_fork+0x18c/0x520
00013  ? kthread_unuse_mm+0x130/0x130
00013  ? ret_from_fork_asm+0x11/0x20
00013  </TASK>
00013 ---[ end trace 0000000000000000 ]---
00013 ------------[ cut here ]------------
00013 WARNING: /home/ktest/git/linux/include/linux/fs.h:889 at osd_create+0x9cf/0xcf0 [osd_wbcfs], CPU#1: llog_process_th/1761
00013 Modules linked in: osp(O) mdd(O) lod(O) mdt(O) lquota(O) lfsck(O) mgs(O) osd_wbcfs(O) lustre(O) obdecho(O) mgc(O) mdc(O) lov(O) osc(O) lmv(O) ec(O) fid(O) fld(O) ptlrpc(O) efivarfs obdclass(O) ksocklnd(O) lnet(O) libcfs(O)
00013 CPU: 1 UID: 0 PID: 1761 Comm: llog_process_th Tainted: G        W  O        7.0.0-ktest-908a7d5-6330a45-20260729-dirty #1 PREEMPT 
00013 Tainted: [W]=WARN, [O]=OOT_MODULE
00013 Hardware name: QEMU Standard PC (Q35 + ICH9, 2009), BIOS 2025.11-3ubuntu7 03/31/2026
00013 RIP: 0010:osd_create+0x9cf/0xcf0 [osd_wbcfs]
00013 Code: c7 c7 00 96 7b a1 48 c7 c6 a0 12 7d a1 48 c7 c2 00 1c 7d a1 e8 52 f1 43 ff 48 c7 c7 00 96 7b a1 e8 46 81 44 ff e9 fe fc ff ff <0f> 0b e9 a5 fa ff ff 48 c7 c1 80 44 5d a0 80 e1 07 80 c1 03 38 c1
00013 RSP: 0018:ffffc900017e7450 EFLAGS: 00010246
00013 RAX: 0000000000000000 RBX: ffff888133cbac00 RCX: 0000000000000046
00013 RDX: ffffffff84c44d40 RSI: ffff88802d30e620 RDI: ffff88811b3f8998
00013 RBP: ffff88802d30e590 R08: 0000000000000001 R09: 0000000000000000
00013 R10: dffffc0000000000 R11: ffffed1005a61ca7 R12: ffff888105899300
00013 R13: dffffc0000000000 R14: 1ffff11026797580 R15: 1ffff920002fcebf
00013 FS:  0000000000000000(0000) GS:ffff8881d4aaa000(0000) knlGS:0000000000000000
00013 CS:  0010 DS: 0000 ES: 0000 CR0: 0000000080050033
00013 CR2: 0000559deb50ff50 CR3: 000000001b107000 CR4: 0000000000750eb0
00013 PKRU: 55555554
00013 Call Trace:
00013  <TASK>
00013  ? dt_find_or_create+0x81a/0x1170 [obdclass]
00013  ? fld_index_init+0x404/0x1610 [fld]
00013  ? is_module_address+0x1b/0x70
00013  ? is_module_address+0x5e/0x70
00013  ? __asan_memset+0x22/0x40
00013  ? fld_server_init+0x1d7/0x580 [fld]
00013  ? mdt_device_alloc+0x36b4/0x66c0 [mdt]
00013  ? __alloc_tagging_slab_alloc_hook+0x136/0x190
00013  ? obd_setup+0x25c/0x950 [obdclass]
00013  ? class_setup+0xc7d/0x10e0 [obdclass]
00013  ? class_process_config+0x2edb/0x7cb0 [obdclass]
00013  ? __kasan_kmalloc+0x72/0x80
00013  ? class_config_llog_handler+0x2954/0x4f80 [obdclass]
00013  ? class_config_llog_handler+0x2cea/0x4f80 [obdclass]
00013  ? lustre_cfg_rec_free+0x350/0x350 [obdclass]
00013  ? llog_process_thread+0x1fd2/0x4f70 [obdclass]
00013  ? _raw_spin_unlock+0x23/0x40
00013  ? llog_process_thread_daemonize+0x16d/0x1b0 [obdclass]
00013  ? kthread+0x2cd/0x3a0
00013  ? llog_process_or_fork+0xc90/0xc90 [obdclass]
00013  ? kthread_unuse_mm+0x130/0x130
00013  ? ret_from_fork+0x18c/0x520
00013  ? kthread_unuse_mm+0x130/0x130
00013  ? ret_from_fork_asm+0x11/0x20
00013  </TASK>
00013 ---[ end trace 0000000000000000 ]---
00013 ------------[ cut here ]------------
00013 WARNING: /home/ktest/git/linux/include/linux/fs.h:889 at osd_create+0x9cf/0xcf0 [osd_wbcfs], CPU#1: llog_process_th/1761
00013 Modules linked in: osp(O) mdd(O) lod(O) mdt(O) lquota(O) lfsck(O) mgs(O) osd_wbcfs(O) lustre(O) obdecho(O) mgc(O) mdc(O) lov(O) osc(O) lmv(O) ec(O) fid(O) fld(O) ptlrpc(O) efivarfs obdclass(O) ksocklnd(O) lnet(O) libcfs(O)
00013 CPU: 1 UID: 0 PID: 1761 Comm: llog_process_th Tainted: G        W  O        7.0.0-ktest-908a7d5-6330a45-20260729-dirty #1 PREEMPT 
00013 Tainted: [W]=WARN, [O]=OOT_MODULE
00013 Hardware name: QEMU Standard PC (Q35 + ICH9, 2009), BIOS 2025.11-3ubuntu7 03/31/2026
00013 RIP: 0010:osd_create+0x9cf/0xcf0 [osd_wbcfs]
00013 Code: c7 c7 00 96 7b a1 48 c7 c6 a0 12 7d a1 48 c7 c2 00 1c 7d a1 e8 52 f1 43 ff 48 c7 c7 00 96 7b a1 e8 46 81 44 ff e9 fe fc ff ff <0f> 0b e9 a5 fa ff ff 48 c7 c1 80 44 5d a0 80 e1 07 80 c1 03 38 c1
00013 RSP: 0018:ffffc900017e7430 EFLAGS: 00010246
00013 RAX: 0000000000000000 RBX: ffff888133cbb800 RCX: 0000000000000046
00013 RDX: 0000000000000000 RSI: ffff88802d30df08 RDI: ffff88811b3f8998
00013 RBP: ffff88802d30de78 R08: ffffffff83a16803 R09: 1ffffffff0742d00
00013 R10: dffffc0000000000 R11: fffffbfff0742d01 R12: ffffc900017e7530
00013 R13: dffffc0000000000 R14: 1ffff11026797700 R15: 1ffff920002fcea4
00013 FS:  0000000000000000(0000) GS:ffff8881d4aaa000(0000) knlGS:0000000000000000
00013 CS:  0010 DS: 0000 ES: 0000 CR0: 0000000080050033
00013 CR2: 0000559deb50ff50 CR3: 000000001b107000 CR4: 0000000000750eb0
00013 PKRU: 55555554
00013 Call Trace:
00013  <TASK>
00013  ? dt_find_or_create+0x81a/0x1170 [obdclass]
00013  ? seq_store_init+0x155/0x360 [fid]
00013  ? seq_server_init+0x290/0xba0 [fid]
00013  ? mdt_seq_init+0x2c1/0x1ef0 [mdt]
00013  ? fld_server_init+0x34e/0x580 [fld]
00013  ? mdt_device_alloc+0x39c5/0x66c0 [mdt]
00013  ? __alloc_tagging_slab_alloc_hook+0x136/0x190
00013  ? obd_setup+0x25c/0x950 [obdclass]
00013  ? class_setup+0xc7d/0x10e0 [obdclass]
00013  ? class_process_config+0x2edb/0x7cb0 [obdclass]
00013  ? __kasan_kmalloc+0x72/0x80
00013  ? class_config_llog_handler+0x2954/0x4f80 [obdclass]
00013  ? class_config_llog_handler+0x2cea/0x4f80 [obdclass]
00013  ? lustre_cfg_rec_free+0x350/0x350 [obdclass]
00013  ? llog_process_thread+0x1fd2/0x4f70 [obdclass]
00013  ? _raw_spin_unlock+0x23/0x40
00013  ? llog_process_thread_daemonize+0x16d/0x1b0 [obdclass]
00013  ? kthread+0x2cd/0x3a0
00013  ? llog_process_or_fork+0xc90/0xc90 [obdclass]
00013  ? kthread_unuse_mm+0x130/0x130
00013  ? ret_from_fork+0x18c/0x520
00013  ? kthread_unuse_mm+0x130/0x130
00013  ? ret_from_fork_asm+0x11/0x20
00013  </TASK>
00013 ---[ end trace 0000000000000000 ]---
00013 ------------[ cut here ]------------
00013 WARNING: /home/ktest/git/linux/include/linux/fs.h:889 at osd_create+0x9cf/0xcf0 [osd_wbcfs], CPU#1: llog_process_th/1761
00013 Modules linked in: osp(O) mdd(O) lod(O) mdt(O) lquota(O) lfsck(O) mgs(O) osd_wbcfs(O) lustre(O) obdecho(O) mgc(O) mdc(O) lov(O) osc(O) lmv(O) ec(O) fid(O) fld(O) ptlrpc(O) efivarfs obdclass(O) ksocklnd(O) lnet(O) libcfs(O)
00013 CPU: 1 UID: 0 PID: 1761 Comm: llog_process_th Tainted: G        W  O        7.0.0-ktest-908a7d5-6330a45-20260729-dirty #1 PREEMPT 
00013 Tainted: [W]=WARN, [O]=OOT_MODULE
00013 Hardware name: QEMU Standard PC (Q35 + ICH9, 2009), BIOS 2025.11-3ubuntu7 03/31/2026
00013 RIP: 0010:osd_create+0x9cf/0xcf0 [osd_wbcfs]
00013 Code: c7 c7 00 96 7b a1 48 c7 c6 a0 12 7d a1 48 c7 c2 00 1c 7d a1 e8 52 f1 43 ff 48 c7 c7 00 96 7b a1 e8 46 81 44 ff e9 fe fc ff ff <0f> 0b e9 a5 fa ff ff 48 c7 c1 80 44 5d a0 80 e1 07 80 c1 03 38 c1
00013 RSP: 0018:ffffc900017e7470 EFLAGS: 00010246
00013 RAX: 0000000000000000 RBX: ffff888133135400 RCX: 0000000000000046
00013 RDX: 0000000000000000 RSI: ffff88802d30d7f0 RDI: ffff88811b3f8998
00013 RBP: ffff88802d30d760 R08: ffffffff83a16803 R09: 1ffffffff0742d00
00013 R10: dffffc0000000000 R11: fffffbfff0742d01 R12: ffffc900017e75e0
00013 R13: dffffc0000000000 R14: 1ffff11026626a80 R15: 1ffff920002fcec9
00013 FS:  0000000000000000(0000) GS:ffff8881d4aaa000(0000) knlGS:0000000000000000
00013 CS:  0010 DS: 0000 ES: 0000 CR0: 0000000080050033
00013 CR2: 0000559deb50ff50 CR3: 000000001b107000 CR4: 0000000000750eb0
00013 PKRU: 55555554
00013 Call Trace:
00013  <TASK>
00013  ? dt_find_or_create+0x81a/0x1170 [obdclass]
00013  ? tgt_init+0xb72/0x2a60 [ptlrpc]
00013  ? mdt_device_alloc+0x3ce7/0x66c0 [mdt]
00013  ? __alloc_tagging_slab_alloc_hook+0x136/0x190
00013  ? obd_setup+0x25c/0x950 [obdclass]
00013  ? class_setup+0xc7d/0x10e0 [obdclass]
00013  ? class_process_config+0x2edb/0x7cb0 [obdclass]
00013  ? __kasan_kmalloc+0x72/0x80
00013  ? class_config_llog_handler+0x2954/0x4f80 [obdclass]
00013  ? class_config_llog_handler+0x2cea/0x4f80 [obdclass]
00013  ? lustre_cfg_rec_free+0x350/0x350 [obdclass]
00013  ? llog_process_thread+0x1fd2/0x4f70 [obdclass]
00013  ? _raw_spin_unlock+0x23/0x40
00013  ? llog_process_thread_daemonize+0x16d/0x1b0 [obdclass]
00013  ? kthread+0x2cd/0x3a0
00013  ? llog_process_or_fork+0xc90/0xc90 [obdclass]
00013  ? kthread_unuse_mm+0x130/0x130
00013  ? ret_from_fork+0x18c/0x520
00013  ? kthread_unuse_mm+0x130/0x130
00013  ? ret_from_fork_asm+0x11/0x20
00013  </TASK>
00013 ---[ end trace 0000000000000000 ]---
00013 ------------[ cut here ]------------
00013 WARNING: /home/ktest/git/linux/include/linux/fs.h:889 at osd_create+0x9cf/0xcf0 [osd_wbcfs], CPU#1: llog_process_th/1761
00013 Modules linked in: osp(O) mdd(O) lod(O) mdt(O) lquota(O) lfsck(O) mgs(O) osd_wbcfs(O) lustre(O) obdecho(O) mgc(O) mdc(O) lov(O) osc(O) lmv(O) ec(O) fid(O) fld(O) ptlrpc(O) efivarfs obdclass(O) ksocklnd(O) lnet(O) libcfs(O)
00013 CPU: 1 UID: 0 PID: 1761 Comm: llog_process_th Tainted: G        W  O        7.0.0-ktest-908a7d5-6330a45-20260729-dirty #1 PREEMPT 
00013 Tainted: [W]=WARN, [O]=OOT_MODULE
00013 Hardware name: QEMU Standard PC (Q35 + ICH9, 2009), BIOS 2025.11-3ubuntu7 03/31/2026
00013 RIP: 0010:osd_create+0x9cf/0xcf0 [osd_wbcfs]
00013 Code: c7 c7 00 96 7b a1 48 c7 c6 a0 12 7d a1 48 c7 c2 00 1c 7d a1 e8 52 f1 43 ff 48 c7 c7 00 96 7b a1 e8 46 81 44 ff e9 fe fc ff ff <0f> 0b e9 a5 fa ff ff 48 c7 c1 80 44 5d a0 80 e1 07 80 c1 03 38 c1
00013 RSP: 0018:ffffc900017e7470 EFLAGS: 00010246
00013 RAX: 0000000000000000 RBX: ffff888133134400 RCX: 0000000000000046
00013 RDX: 0000000000000000 RSI: ffff88802d30d0d8 RDI: ffff88811b3f8998
00013 RBP: ffff88802d30d048 R08: ffffffff83a16803 R09: 1ffffffff0742d00
00013 R10: dffffc0000000000 R11: fffffbfff0742d01 R12: ffffc900017e75e0
00013 R13: dffffc0000000000 R14: 1ffff11026626880 R15: 1ffff920002fcec9
00013 FS:  0000000000000000(0000) GS:ffff8881d4aaa000(0000) knlGS:0000000000000000
00013 CS:  0010 DS: 0000 ES: 0000 CR0: 0000000080050033
00013 CR2: 0000559deb50ff50 CR3: 000000001b107000 CR4: 0000000000750eb0
00013 PKRU: 55555554
00013 Call Trace:
00013  <TASK>
00013  ? dt_find_or_create+0x81a/0x1170 [obdclass]
00013  ? tgt_init+0x1a98/0x2a60 [ptlrpc]
00013  ? mdt_device_alloc+0x3ce7/0x66c0 [mdt]
00013  ? __alloc_tagging_slab_alloc_hook+0x136/0x190
00013  ? obd_setup+0x25c/0x950 [obdclass]
00013  ? class_setup+0xc7d/0x10e0 [obdclass]
00013  ? class_process_config+0x2edb/0x7cb0 [obdclass]
00013  ? __kasan_kmalloc+0x72/0x80
00013  ? class_config_llog_handler+0x2954/0x4f80 [obdclass]
00013  ? class_config_llog_handler+0x2cea/0x4f80 [obdclass]
00013  ? lustre_cfg_rec_free+0x350/0x350 [obdclass]
00013  ? llog_process_thread+0x1fd2/0x4f70 [obdclass]
00013  ? _raw_spin_unlock+0x23/0x40
00013  ? llog_process_thread_daemonize+0x16d/0x1b0 [obdclass]
00013  ? kthread+0x2cd/0x3a0
00013  ? llog_process_or_fork+0xc90/0xc90 [obdclass]
00013  ? kthread_unuse_mm+0x130/0x130
00013  ? ret_from_fork+0x18c/0x520
00013  ? kthread_unuse_mm+0x130/0x130
00013  ? ret_from_fork_asm+0x11/0x20
00013  </TASK>
00013 ---[ end trace 0000000000000000 ]---
00013 Lustre: cli-ctl-lustre-MDT0001: Allocated super-sequence [0x0000000240000400-0x0000000280000400]:1:mdt]
00013 ------------[ cut here ]------------
00013 WARNING: /home/ktest/git/linux/include/linux/fs.h:889 at osd_create+0x9cf/0xcf0 [osd_wbcfs], CPU#1: lod0001_rec0001/1770
00013 Modules linked in: osp(O) mdd(O) lod(O) mdt(O) lquota(O) lfsck(O) mgs(O) osd_wbcfs(O) lustre(O) obdecho(O) mgc(O) mdc(O) lov(O) osc(O) lmv(O) ec(O) fid(O) fld(O) ptlrpc(O) efivarfs obdclass(O) ksocklnd(O) lnet(O) libcfs(O)
00013 CPU: 1 UID: 0 PID: 1770 Comm: lod0001_rec0001 Tainted: G        W  O        7.0.0-ktest-908a7d5-6330a45-20260729-dirty #1 PREEMPT 
00013 Tainted: [W]=WARN, [O]=OOT_MODULE
00013 Hardware name: QEMU Standard PC (Q35 + ICH9, 2009), BIOS 2025.11-3ubuntu7 03/31/2026
00013 RIP: 0010:osd_create+0x9cf/0xcf0 [osd_wbcfs]
00013 Code: c7 c7 00 96 7b a1 48 c7 c6 a0 12 7d a1 48 c7 c2 00 1c 7d a1 e8 52 f1 43 ff 48 c7 c7 00 96 7b a1 e8 46 81 44 ff e9 fe fc ff ff <0f> 0b e9 a5 fa ff ff 48 c7 c1 80 44 5d a0 80 e1 07 80 c1 03 38 c1
00013 RSP: 0018:ffffc90001cb7b50 EFLAGS: 00010246
00013 RAX: 0000000000000000 RBX: ffff888132da4400 RCX: 0000000000000046
00013 RDX: 0000000000000000 RSI: ffff88802d30c9c0 RDI: ffff88802e8a4b18
00013 ------------[ cut here ]------------
00013 RBP: ffff88802d30c930 R08: ffffffff83a16803 R09: 1ffffffff0742d00
00013 R10: dffffc0000000000 R11: fffffbfff0742d01 R12: ffff888119962400
00013 R13: dffffc0000000000 R14: 1ffff110265b4880 R15: 1ffff1102332c48f
00013 FS:  0000000000000000(0000) GS:ffff8881d4aaa000(0000) knlGS:0000000000000000
00013 CS:  0010 DS: 0000 ES: 0000 CR0: 0000000080050033
00013 WARNING: /home/ktest/git/linux/include/linux/fs.h:889 at osd_create+0x9cf/0xcf0 [osd_wbcfs], CPU#2: mdt_out00_000/1730
00013 CR2: 0000559deb50ff50 CR3: 000000001b107000 CR4: 0000000000750eb0
00013 PKRU: 55555554
00013 Call Trace:
00013  <TASK>
00013 Modules linked in:
00013  ? llog_osd_create+0x605/0x10d0 [obdclass]
00013  osp(O)
00013  ? llog_create+0x2ed/0x530 [obdclass]
00013  ? llog_open_create+0x6e7/0xb30 [obdclass]
00013  ? lod_sub_prep_llog+0xdfd/0x1b40 [lod]
00013  ? lod_sub_recovery_thread+0x316/0x18d0 [lod]
00013  mdd(O)
00013  ? __kthread_parkme+0x73/0x130
00013  lod(O)
00013  ? kthread+0x2cd/0x3a0
00013  ? lod_sub_init_llog+0x1180/0x1180 [lod]
00013  mdt(O)
00013  ? kthread_unuse_mm+0x130/0x130
00013  ? ret_from_fork+0x18c/0x520
00013  lquota(O)
00013  ? kthread_unuse_mm+0x130/0x130
00013  ? ret_from_fork_asm+0x11/0x20
00013  </TASK>
00013  lfsck(O)
00013 ---[ end trace 0000000000000000 ]---
00013  mgs(O) osd_wbcfs(O) lustre(O) obdecho(O) mgc(O) mdc(O) lov(O) osc(O) lmv(O) ec(O) fid(O) fld(O) ptlrpc(O) efivarfs obdclass(O) ksocklnd(O) lnet(O) libcfs(O)
00013 CPU: 2 UID: 0 PID: 1730 Comm: mdt_out00_000 Tainted: G        W  O        7.0.0-ktest-908a7d5-6330a45-20260729-dirty #1 PREEMPT 
00013 Tainted: [W]=WARN, [O]=OOT_MODULE
00013 Hardware name: QEMU Standard PC (Q35 + ICH9, 2009), BIOS 2025.11-3ubuntu7 03/31/2026
00013 RIP: 0010:osd_create+0x9cf/0xcf0 [osd_wbcfs]
00013 Code: c7 c7 00 96 7b a1 48 c7 c6 a0 12 7d a1 48 c7 c2 00 1c 7d a1 e8 52 f1 43 ff 48 c7 c7 00 96 7b a1 e8 46 81 44 ff e9 fe fc ff ff <0f> 0b e9 a5 fa ff ff 48 c7 c1 80 44 5d a0 80 e1 07 80 c1 03 38 c1
00013 RSP: 0018:ffffc9000122f7f8 EFLAGS: 00010246
00013 RAX: 0000000000000000 RBX: ffff888132d8a800 RCX: 0000000000000046
00013 RDX: 0000000000000000 RSI: ffff88802bb81818 RDI: ffff88802eba4b18
00013 RBP: ffff88802bb81788 R08: ffffffff83a16803 R09: 1ffffffff0742d00
00013 R10: dffffc0000000000 R11: fffffbfff0742d01 R12: ffff88811a151830
00013 R13: dffffc0000000000 R14: 1ffff110265b1500 R15: 1ffff1102342a318
00013 FS:  0000000000000000(0000) GS:ffff8881d4b2a000(0000) knlGS:0000000000000000
00013 CS:  0010 DS: 0000 ES: 0000 CR0: 0000000080050033
00013 CR2: 00007fb4127e6194 CR3: 0000000136786000 CR4: 0000000000750eb0
00013 PKRU: 55555554
00013 Call Trace:
00013  <TASK>
00013  ? out_tx_create_exec+0x277/0x7a0 [ptlrpc]
00013  ? tx_add_exec+0xd70/0xd70 [ptlrpc]
00013  ? out_tx_end+0x3e3/0x1190 [ptlrpc]
00013  ? out_handle+0x5286/0x6240 [ptlrpc]
00013  ? tgt_request_handle+0x23ad/0x3d30 [ptlrpc]
00013  ? ptlrpc_main+0x6359/0x96f0 [ptlrpc]
00013  ? __kthread_parkme+0x73/0x130
00013  ? kthread+0x2cd/0x3a0
00013  ? ptlrpc_start_thread+0x1f10/0x1f10 [ptlrpc]
00013  ? kthread_unuse_mm+0x130/0x130
00013  ? ret_from_fork+0x18c/0x520
00013  ? kthread_unuse_mm+0x130/0x130
00013  ? ret_from_fork_asm+0x11/0x20
00013  </TASK>
00013 ---[ end trace 0000000000000000 ]---
00013 ------------[ cut here ]------------
00013 WARNING: /home/ktest/git/linux/include/linux/fs.h:889 at osd_create+0x9cf/0xcf0 [osd_wbcfs], CPU#3: ll_mgs_0002/1721
00013 Modules linked in: ofd(O) osp(O) mdd(O) lod(O) mdt(O) lquota(O) lfsck(O) mgs(O) osd_wbcfs(O) lustre(O) obdecho(O) mgc(O) mdc(O) lov(O) osc(O) lmv(O) ec(O) fid(O) fld(O) ptlrpc(O) efivarfs obdclass(O) ksocklnd(O) lnet(O) libcfs(O)
00013 CPU: 3 UID: 0 PID: 1721 Comm: ll_mgs_0002 Tainted: G        W  O        7.0.0-ktest-908a7d5-6330a45-20260729-dirty #1 PREEMPT 
00013 Tainted: [W]=WARN, [O]=OOT_MODULE
00013 Hardware name: QEMU Standard PC (Q35 + ICH9, 2009), BIOS 2025.11-3ubuntu7 03/31/2026
00013 RIP: 0010:osd_create+0x9cf/0xcf0 [osd_wbcfs]
00013 Code: c7 c7 00 96 7b a1 48 c7 c6 a0 12 7d a1 48 c7 c2 00 1c 7d a1 e8 52 f1 43 ff 48 c7 c7 00 96 7b a1 e8 46 81 44 ff e9 fe fc ff ff <0f> 0b e9 a5 fa ff ff 48 c7 c1 80 44 5d a0 80 e1 07 80 c1 03 38 c1
00013 RSP: 0018:ffffc90000aaf6f0 EFLAGS: 00010246
00013 RAX: 0000000000000000 RBX: ffff888132e8fc00 RCX: 0000000000000046
00013 RDX: 0000000000000000 RSI: ffff88802e847b68 RDI: ffff88802d3209e8
00013 RBP: ffff88802e847ad8 R08: ffffffff83a16803 R09: 1ffffffff0742d00
00013 R10: dffffc0000000000 R11: fffffbfff0742d01 R12: ffff88813388e800
00013 R13: dffffc0000000000 R14: 1ffff110265d1f80 R15: 1ffff11026711d0f
00013 FS:  0000000000000000(0000) GS:ffff8881d4baa000(0000) knlGS:0000000000000000
00013 CS:  0010 DS: 0000 ES: 0000 CR0: 0000000080050033
00013 CR2: 0000559deb5d0648 CR3: 0000000119aee000 CR4: 0000000000750eb0
00013 PKRU: 55555554
00013 Call Trace:
00013  <TASK>
00013  ? local_object_create+0x109/0x640 [obdclass]
00013  ? dt_write_lock+0x16d/0x2a0 [obdclass]
00013  ? llog_osd_create+0x356/0x10d0 [obdclass]
00013  ? llog_create+0x2ed/0x530 [obdclass]
00013  ? llog_open_create+0x6e7/0xb30 [obdclass]
00013  ? record_start_log+0x348/0xa40 [mgs]
00013  ? mgs_write_log_target+0x16f2/0x6ab0 [mgs]
00013  ? mgs_target_reg+0x254e/0x4480 [mgs]
00013  ? tgt_request_handle+0x23ad/0x3d30 [ptlrpc]
00013  ? ptlrpc_main+0x6359/0x96f0 [ptlrpc]
00013  ? __kthread_parkme+0x73/0x130
00013  ? kthread+0x2cd/0x3a0
00013  ? ptlrpc_start_thread+0x1f10/0x1f10 [ptlrpc]
00013  ? kthread_unuse_mm+0x130/0x130
00013  ? ret_from_fork+0x18c/0x520
00013  ? kthread_unuse_mm+0x130/0x130
00013  ? ret_from_fork_asm+0x11/0x20
00013  </TASK>
00013 ---[ end trace 0000000000000000 ]---
00013 ------------[ cut here ]------------
00013 WARNING: /home/ktest/git/linux/include/linux/fs.h:889 at osd_create+0x9cf/0xcf0 [osd_wbcfs], CPU#2: llog_process_th/1788
00013 Modules linked in: ofd(O) osp(O) mdd(O) lod(O) mdt(O) lquota(O) lfsck(O) mgs(O) osd_wbcfs(O) lustre(O) obdecho(O) mgc(O) mdc(O) lov(O) osc(O) lmv(O) ec(O) fid(O) fld(O) ptlrpc(O) efivarfs obdclass(O) ksocklnd(O) lnet(O) libcfs(O)
00013 CPU: 2 UID: 0 PID: 1788 Comm: llog_process_th Tainted: G        W  O        7.0.0-ktest-908a7d5-6330a45-20260729-dirty #1 PREEMPT 
00013 Tainted: [W]=WARN, [O]=OOT_MODULE
00013 Hardware name: QEMU Standard PC (Q35 + ICH9, 2009), BIOS 2025.11-3ubuntu7 03/31/2026
00013 RIP: 0010:osd_create+0x9cf/0xcf0 [osd_wbcfs]
00013 Code: c7 c7 00 96 7b a1 48 c7 c6 a0 12 7d a1 48 c7 c2 00 1c 7d a1 e8 52 f1 43 ff 48 c7 c7 00 96 7b a1 e8 46 81 44 ff e9 fe fc ff ff <0f> 0b e9 a5 fa ff ff 48 c7 c1 80 44 5d a0 80 e1 07 80 c1 03 38 c1
00013 RSP: 0018:ffffc9000224f618 EFLAGS: 00010246
00013 RAX: 0000000000000000 RBX: ffff8881331f5800 RCX: 0000000000000046
00013 RDX: 0000000000000000 RSI: ffff88802bb81100 RDI: ffff8880471b8998
00013 RBP: ffff88802bb81070 R08: ffffffff83a16803 R09: 1ffffffff0742d00
00013 R10: dffffc0000000000 R11: fffffbfff0742d01 R12: ffffc9000224f788
00013 R13: dffffc0000000000 R14: 1ffff1102663eb00 R15: 1ffff92000449efe
00013 FS:  0000000000000000(0000) GS:ffff8881d4b2a000(0000) knlGS:0000000000000000
00013 CS:  0010 DS: 0000 ES: 0000 CR0: 0000000080050033
00013 CR2: 00007fb4127e6194 CR3: 000000011d648000 CR4: 0000000000750eb0
00013 PKRU: 55555554
00013 Call Trace:
00013  <TASK>
00013  ? dt_find_or_create+0x81a/0x1170 [obdclass]
00013  ? tgt_init+0xb72/0x2a60 [ptlrpc]
00013  ? ofd_device_alloc+0x1da8/0x35e0 [ofd]
00013  ? obd_setup+0x25c/0x950 [obdclass]
00013  ? class_setup+0xc7d/0x10e0 [obdclass]
00013  ? class_process_config+0x2edb/0x7cb0 [obdclass]
00013  ? __kasan_kmalloc+0x72/0x80
00013  ? class_config_llog_handler+0x2954/0x4f80 [obdclass]
00013  ? class_config_llog_handler+0x2cea/0x4f80 [obdclass]
00013  ? lustre_cfg_rec_free+0x350/0x350 [obdclass]
00013  ? llog_process_thread+0x1fd2/0x4f70 [obdclass]
00013  ? _raw_spin_unlock+0x23/0x40
00013  ? llog_process_thread_daemonize+0x16d/0x1b0 [obdclass]
00013  ? kthread+0x2cd/0x3a0
00013  ? llog_process_or_fork+0xc90/0xc90 [obdclass]
00013  ? kthread_unuse_mm+0x130/0x130
00013  ? ret_from_fork+0x18c/0x520
00013  ? kthread_unuse_mm+0x130/0x130
00013  ? ret_from_fork_asm+0x11/0x20
00013  </TASK>
00013 ---[ end trace 0000000000000000 ]---
00013 ------------[ cut here ]------------
00013 WARNING: /home/ktest/git/linux/include/linux/fs.h:889 at osd_create+0x9cf/0xcf0 [osd_wbcfs], CPU#2: llog_process_th/1788
00013 Modules linked in: ofd(O) osp(O) mdd(O) lod(O) mdt(O) lquota(O) lfsck(O) mgs(O) osd_wbcfs(O) lustre(O) obdecho(O) mgc(O) mdc(O) lov(O) osc(O) lmv(O) ec(O) fid(O) fld(O) ptlrpc(O) efivarfs obdclass(O) ksocklnd(O) lnet(O) libcfs(O)
00013 CPU: 2 UID: 0 PID: 1788 Comm: llog_process_th Tainted: G        W  O        7.0.0-ktest-908a7d5-6330a45-20260729-dirty #1 PREEMPT 
00013 Tainted: [W]=WARN, [O]=OOT_MODULE
00013 Hardware name: QEMU Standard PC (Q35 + ICH9, 2009), BIOS 2025.11-3ubuntu7 03/31/2026
00013 RIP: 0010:osd_create+0x9cf/0xcf0 [osd_wbcfs]
00013 Code: c7 c7 00 96 7b a1 48 c7 c6 a0 12 7d a1 48 c7 c2 00 1c 7d a1 e8 52 f1 43 ff 48 c7 c7 00 96 7b a1 e8 46 81 44 ff e9 fe fc ff ff <0f> 0b e9 a5 fa ff ff 48 c7 c1 80 44 5d a0 80 e1 07 80 c1 03 38 c1
00013 RSP: 0018:ffffc9000224f4f0 EFLAGS: 00010246
00013 RAX: 0000000000000000 RBX: ffff8881331f7400 RCX: 0000000000000046
00013 RDX: 0000000000000000 RSI: ffff88802bb809e8 RDI: ffff8880471b8998
00013 RBP: ffff88802bb80958 R08: ffffffff83a16803 R09: 1ffffffff0742d00
00013 R10: dffffc0000000000 R11: fffffbfff0742d01 R12: ffffc9000224f5f0
00013 R13: dffffc0000000000 R14: 1ffff1102663ee80 R15: 1ffff92000449ebc
00013 FS:  0000000000000000(0000) GS:ffff8881d4b2a000(0000) knlGS:0000000000000000
00013 CS:  0010 DS: 0000 ES: 0000 CR0: 0000000080050033
00013 CR2: 00007fb4127e6194 CR3: 000000011d648000 CR4: 0000000000750eb0
00013 PKRU: 55555554
00013 Call Trace:
00013  <TASK>
00013  ? dt_find_or_create+0x81a/0x1170 [obdclass]
00013  ? seq_store_init+0x155/0x360 [fid]
00013  ? seq_server_init+0x290/0xba0 [fid]
00013  ? ofd_fid_init+0x41c/0xf80 [ofd]
00013  ? ofd_seqs_init+0xb6/0x1370 [ofd]
00013  ? ofd_fs_setup+0x13c/0xdd0 [ofd]
00013  ? ofd_device_alloc+0x1fc1/0x35e0 [ofd]
00013  ? obd_setup+0x25c/0x950 [obdclass]
00013  ? class_setup+0xc7d/0x10e0 [obdclass]
00013  ? class_process_config+0x2edb/0x7cb0 [obdclass]
00013  ? __kasan_kmalloc+0x72/0x80
00013  ? class_config_llog_handler+0x2954/0x4f80 [obdclass]
00013  ? class_config_llog_handler+0x2cea/0x4f80 [obdclass]
00013  ? lustre_cfg_rec_free+0x350/0x350 [obdclass]
00013  ? llog_process_thread+0x1fd2/0x4f70 [obdclass]
00013  ? _raw_spin_unlock+0x23/0x40
00013  ? llog_process_thread_daemonize+0x16d/0x1b0 [obdclass]
00013  ? kthread+0x2cd/0x3a0
00013  ? llog_process_or_fork+0xc90/0xc90 [obdclass]
00013  ? kthread_unuse_mm+0x130/0x130
00013  ? ret_from_fork+0x18c/0x520
00013  ? kthread_unuse_mm+0x130/0x130
00013  ? ret_from_fork_asm+0x11/0x20
00013  </TASK>
00013 ---[ end trace 0000000000000000 ]---
00013 ------------[ cut here ]------------
00013 WARNING: /home/ktest/git/linux/include/linux/fs.h:889 at osd_create+0x9cf/0xcf0 [osd_wbcfs], CPU#2: llog_process_th/1788
00013 Modules linked in: ofd(O) osp(O) mdd(O) lod(O) mdt(O) lquota(O) lfsck(O) mgs(O) osd_wbcfs(O) lustre(O) obdecho(O) mgc(O) mdc(O) lov(O) osc(O) lmv(O) ec(O) fid(O) fld(O) ptlrpc(O) efivarfs obdclass(O) ksocklnd(O) lnet(O) libcfs(O)
00013 CPU: 2 UID: 0 PID: 1788 Comm: llog_process_th Tainted: G        W  O        7.0.0-ktest-908a7d5-6330a45-20260729-dirty #1 PREEMPT 
00013 Tainted: [W]=WARN, [O]=OOT_MODULE
00013 Hardware name: QEMU Standard PC (Q35 + ICH9, 2009), BIOS 2025.11-3ubuntu7 03/31/2026
00013 RIP: 0010:osd_create+0x9cf/0xcf0 [osd_wbcfs]
00013 Code: c7 c7 00 96 7b a1 48 c7 c6 a0 12 7d a1 48 c7 c2 00 1c 7d a1 e8 52 f1 43 ff 48 c7 c7 00 96 7b a1 e8 46 81 44 ff e9 fe fc ff ff <0f> 0b e9 a5 fa ff ff 48 c7 c1 80 44 5d a0 80 e1 07 80 c1 03 38 c1
00013 RSP: 0018:ffffc9000224f530 EFLAGS: 00010246
00013 RAX: 0000000000000000 RBX: ffff8881331f7c00 RCX: 0000000000000046
00013 RDX: ffffffff84c44d40 RSI: ffff88802bb802d0 RDI: ffff8880471b8998
00013 RBP: ffff88802bb80240 R08: 0000000000000001 R09: 0000000000000000
00013 R10: dffffc0000000000 R11: ffffed100577003d R12: ffff88811d2f4e00
00013 R13: dffffc0000000000 R14: 1ffff1102663ef80 R15: 1ffff92000449edb
00013 FS:  0000000000000000(0000) GS:ffff8881d4b2a000(0000) knlGS:0000000000000000
00013 CS:  0010 DS: 0000 ES: 0000 CR0: 0000000080050033
00013 CR2: 00007fb4127e6194 CR3: 000000011d648000 CR4: 0000000000750eb0
00013 PKRU: 55555554
00013 Call Trace:
00013  <TASK>
00013  ? dt_find_or_create+0x81a/0x1170 [obdclass]
00013  ? fld_index_init+0x404/0x1610 [fld]
00013  ? is_module_address+0x1b/0x70
00013  ? is_module_address+0x5e/0x70
00013  ? __asan_memset+0x22/0x40
00013  ? fld_server_init+0x1d7/0x580 [fld]
00013  ? ofd_seqs_init+0x430/0x1370 [ofd]
00013  ? ofd_fs_setup+0x13c/0xdd0 [ofd]
00013  ? ofd_device_alloc+0x1fc1/0x35e0 [ofd]
00013  ? obd_setup+0x25c/0x950 [obdclass]
00013  ? class_setup+0xc7d/0x10e0 [obdclass]
00013  ? class_process_config+0x2edb/0x7cb0 [obdclass]
00013  ? __kasan_kmalloc+0x72/0x80
00013  ? class_config_llog_handler+0x2954/0x4f80 [obdclass]
00013  ? class_config_llog_handler+0x2cea/0x4f80 [obdclass]
00013  ? lustre_cfg_rec_free+0x350/0x350 [obdclass]
00013  ? llog_process_thread+0x1fd2/0x4f70 [obdclass]
00013  ? _raw_spin_unlock+0x23/0x40
00013  ? llog_process_thread_daemonize+0x16d/0x1b0 [obdclass]
00013  ? kthread+0x2cd/0x3a0
00013  ? llog_process_or_fork+0xc90/0xc90 [obdclass]
00013  ? kthread_unuse_mm+0x130/0x130
00013  ? ret_from_fork+0x18c/0x520
00013  ? kthread_unuse_mm+0x130/0x130
00013  ? ret_from_fork_asm+0x11/0x20
00013  </TASK>
00013 ---[ end trace 0000000000000000 ]---
00013 ------------[ cut here ]------------
00013 WARNING: /home/ktest/git/linux/include/linux/fs.h:889 at osd_create+0x9cf/0xcf0 [osd_wbcfs], CPU#2: llog_process_th/1788
00013 Modules linked in: ofd(O) osp(O) mdd(O) lod(O) mdt(O) lquota(O) lfsck(O) mgs(O) osd_wbcfs(O) lustre(O) obdecho(O) mgc(O) mdc(O) lov(O) osc(O) lmv(O) ec(O) fid(O) fld(O) ptlrpc(O) efivarfs obdclass(O) ksocklnd(O) lnet(O) libcfs(O)
00013 CPU: 2 UID: 0 PID: 1788 Comm: llog_process_th Tainted: G        W  O        7.0.0-ktest-908a7d5-6330a45-20260729-dirty #1 PREEMPT 
00013 Tainted: [W]=WARN, [O]=OOT_MODULE
00013 Hardware name: QEMU Standard PC (Q35 + ICH9, 2009), BIOS 2025.11-3ubuntu7 03/31/2026
00013 RIP: 0010:osd_create+0x9cf/0xcf0 [osd_wbcfs]
00013 Code: c7 c7 00 96 7b a1 48 c7 c6 a0 12 7d a1 48 c7 c2 00 1c 7d a1 e8 52 f1 43 ff 48 c7 c7 00 96 7b a1 e8 46 81 44 ff e9 fe fc ff ff <0f> 0b e9 a5 fa ff ff 48 c7 c1 80 44 5d a0 80 e1 07 80 c1 03 38 c1
00013 RSP: 0018:ffffc9000224f6e0 EFLAGS: 00010246
00013 RAX: 0000000000000000 RBX: ffff88813320f000 RCX: 0000000000000046
00013 RDX: 0000000000000000 RSI: ffff88802ccafb68 RDI: ffff8880471b8998
00013 RBP: ffff88802ccafad8 R08: ffffffff83a16803 R09: 1ffffffff0742d00
00013 R10: dffffc0000000000 R11: fffffbfff0742d01 R12: ffff888021a18830
00013 R13: dffffc0000000000 R14: 1ffff11026641e00 R15: 1ffff11004343142
00013 FS:  0000000000000000(0000) GS:ffff8881d4b2a000(0000) knlGS:0000000000000000
00013 CS:  0010 DS: 0000 ES: 0000 CR0: 0000000080050033
00013 CR2: 00007fb4127e6194 CR3: 000000011d648000 CR4: 0000000000750eb0
00013 PKRU: 55555554
00013 Call Trace:
00013  <TASK>
00013  ? dt_find_or_create+0x81a/0x1170 [obdclass]
00013  ? ofd_fs_setup+0x42c/0xdd0 [ofd]
00013  ? ofd_device_alloc+0x1fc1/0x35e0 [ofd]
00013  ? obd_setup+0x25c/0x950 [obdclass]
00013  ? class_setup+0xc7d/0x10e0 [obdclass]
00013  ? class_process_config+0x2edb/0x7cb0 [obdclass]
00013  ? __kasan_kmalloc+0x72/0x80
00013  ? class_config_llog_handler+0x2954/0x4f80 [obdclass]
00013  ? class_config_llog_handler+0x2cea/0x4f80 [obdclass]
00013  ? lustre_cfg_rec_free+0x350/0x350 [obdclass]
00013  ? llog_process_thread+0x1fd2/0x4f70 [obdclass]
00013  ? _raw_spin_unlock+0x23/0x40
00013  ? llog_process_thread_daemonize+0x16d/0x1b0 [obdclass]
00013  ? kthread+0x2cd/0x3a0
00013  ? llog_process_or_fork+0xc90/0xc90 [obdclass]
00013  ? kthread_unuse_mm+0x130/0x130
00013  ? ret_from_fork+0x18c/0x520
00013  ? kthread_unuse_mm+0x130/0x130
00013  ? ret_from_fork_asm+0x11/0x20
00013  </TASK>
00013 ---[ end trace 0000000000000000 ]---
00013 ------------[ cut here ]------------
00013 WARNING: /home/ktest/git/linux/include/linux/fs.h:889 at osd_create+0x9cf/0xcf0 [osd_wbcfs], CPU#2: llog_process_th/1788
00013 Modules linked in: ofd(O) osp(O) mdd(O) lod(O) mdt(O) lquota(O) lfsck(O) mgs(O) osd_wbcfs(O) lustre(O) obdecho(O) mgc(O) mdc(O) lov(O) osc(O) lmv(O) ec(O) fid(O) fld(O) ptlrpc(O) efivarfs obdclass(O) ksocklnd(O) lnet(O) libcfs(O)
00013 CPU: 2 UID: 0 PID: 1788 Comm: llog_process_th Tainted: G        W  O        7.0.0-ktest-908a7d5-6330a45-20260729-dirty #1 PREEMPT 
00013 Tainted: [W]=WARN, [O]=OOT_MODULE
00013 Hardware name: QEMU Standard PC (Q35 + ICH9, 2009), BIOS 2025.11-3ubuntu7 03/31/2026
00013 RIP: 0010:osd_create+0x9cf/0xcf0 [osd_wbcfs]
00013 Code: c7 c7 00 96 7b a1 48 c7 c6 a0 12 7d a1 48 c7 c2 00 1c 7d a1 e8 52 f1 43 ff 48 c7 c7 00 96 7b a1 e8 46 81 44 ff e9 fe fc ff ff <0f> 0b e9 a5 fa ff ff 48 c7 c1 80 44 5d a0 80 e1 07 80 c1 03 38 c1
00013 RSP: 0018:ffffc9000224f6e0 EFLAGS: 00010246
00013 RAX: 0000000000000000 RBX: ffff88813320ec00 RCX: 0000000000000046
00013 RDX: 0000000000000000 RSI: ffff88802ccaf450 RDI: ffff8880471b8998
00013 RBP: ffff88802ccaf3c0 R08: ffffffff83a16803 R09: 1ffffffff0742d00
00013 R10: dffffc0000000000 R11: fffffbfff0742d01 R12: ffff888021a18830
00013 R13: dffffc0000000000 R14: 1ffff11026641d80 R15: 1ffff11004343142
00013 FS:  0000000000000000(0000) GS:ffff8881d4b2a000(0000) knlGS:0000000000000000
00013 CS:  0010 DS: 0000 ES: 0000 CR0: 0000000080050033
00013 CR2: 00007fb4127e6194 CR3: 000000011d648000 CR4: 0000000000750eb0
00013 PKRU: 55555554
00013 Call Trace:
00013  <TASK>
00013  ? dt_find_or_create+0x81a/0x1170 [obdclass]
00013  ? ofd_fs_setup+0x57f/0xdd0 [ofd]
00013  ? ofd_device_alloc+0x1fc1/0x35e0 [ofd]
00013  ? obd_setup+0x25c/0x950 [obdclass]
00013  ? class_setup+0xc7d/0x10e0 [obdclass]
00013  ? class_process_config+0x2edb/0x7cb0 [obdclass]
00013  ? __kasan_kmalloc+0x72/0x80
00013  ? class_config_llog_handler+0x2954/0x4f80 [obdclass]
00013  ? class_config_llog_handler+0x2cea/0x4f80 [obdclass]
00013  ? lustre_cfg_rec_free+0x350/0x350 [obdclass]
00013  ? llog_process_thread+0x1fd2/0x4f70 [obdclass]
00013  ? _raw_spin_unlock+0x23/0x40
00013  ? llog_process_thread_daemonize+0x16d/0x1b0 [obdclass]
00013  ? kthread+0x2cd/0x3a0
00013  ? llog_process_or_fork+0xc90/0xc90 [obdclass]
00013  ? kthread_unuse_mm+0x130/0x130
00013  ? ret_from_fork+0x18c/0x520
00013  ? kthread_unuse_mm+0x130/0x130
00013  ? ret_from_fork_asm+0x11/0x20
00013  </TASK>
00013 ---[ end trace 0000000000000000 ]---
00013 ------------[ cut here ]------------
00013 WARNING: /home/ktest/git/linux/include/linux/fs.h:889 at osd_create+0x9cf/0xcf0 [osd_wbcfs], CPU#2: llog_process_th/1788
00013 Modules linked in: ofd(O) osp(O) mdd(O) lod(O) mdt(O) lquota(O) lfsck(O) mgs(O) osd_wbcfs(O) lustre(O) obdecho(O) mgc(O) mdc(O) lov(O) osc(O) lmv(O) ec(O) fid(O) fld(O) ptlrpc(O) efivarfs obdclass(O) ksocklnd(O) lnet(O) libcfs(O)
00013 CPU: 2 UID: 0 PID: 1788 Comm: llog_process_th Tainted: G        W  O        7.0.0-ktest-908a7d5-6330a45-20260729-dirty #1 PREEMPT 
00013 Tainted: [W]=WARN, [O]=OOT_MODULE
00013 Hardware name: QEMU Standard PC (Q35 + ICH9, 2009), BIOS 2025.11-3ubuntu7 03/31/2026
00013 RIP: 0010:osd_create+0x9cf/0xcf0 [osd_wbcfs]
00013 Code: c7 c7 00 96 7b a1 48 c7 c6 a0 12 7d a1 48 c7 c2 00 1c 7d a1 e8 52 f1 43 ff 48 c7 c7 00 96 7b a1 e8 46 81 44 ff e9 fe fc ff ff <0f> 0b e9 a5 fa ff ff 48 c7 c1 80 44 5d a0 80 e1 07 80 c1 03 38 c1
00013 RSP: 0018:ffffc9000224f4a8 EFLAGS: 00010246
00013 RAX: 0000000000000000 RBX: ffff88813320e000 RCX: 0000000000000046
00013 RDX: ffffffff84c44d40 RSI: ffff88802ccaed38 RDI: ffff8880471b8998
00013 RBP: ffff88802ccaeca8 R08: 0000000000000001 R09: 0000000000000000
00013 R10: dffffc0000000000 R11: ffffed1005995d8a R12: ffff8880471fe418
00013 R13: dffffc0000000000 R14: 1ffff11026641c00 R15: 1ffff11008e3fc92
00013 FS:  0000000000000000(0000) GS:ffff8881d4b2a000(0000) knlGS:0000000000000000
00013 CS:  0010 DS: 0000 ES: 0000 CR0: 0000000080050033
00013 CR2: 00007fb4127e6194 CR3: 000000011d648000 CR4: 0000000000750eb0
00013 PKRU: 55555554
00013 Call Trace:
00013  <TASK>
00013  ? local_object_create+0x109/0x640 [obdclass]
00013  ? dt_write_lock+0x16d/0x2a0 [obdclass]
00013  ? __local_file_create+0xce4/0x1bc0 [obdclass]
00013  ? local_index_find_or_create+0x1dc/0x2c0 [obdclass]
00013  ? nodemap_cache_find_create+0x4f9/0xe80 [ptlrpc]
00013  ? nodemap_save_config_cache+0x123/0x19b0 [ptlrpc]
00013  ? nm_config_file_register_tgt+0x19b/0x860 [ptlrpc]
00013  ? nm_config_file_register_tgt+0x1a9/0x860 [ptlrpc]
00013  ? ofd_device_alloc+0x219a/0x35e0 [ofd]
00013  ? obd_setup+0x25c/0x950 [obdclass]
00013  ? class_setup+0xc7d/0x10e0 [obdclass]
00013  ? class_process_config+0x2edb/0x7cb0 [obdclass]
00013  ? __kasan_kmalloc+0x72/0x80
00013  ? class_config_llog_handler+0x2954/0x4f80 [obdclass]
00013  ? class_config_llog_handler+0x2cea/0x4f80 [obdclass]
00013  ? lustre_cfg_rec_free+0x350/0x350 [obdclass]
00013  ? llog_process_thread+0x1fd2/0x4f70 [obdclass]
00013  ? _raw_spin_unlock+0x23/0x40
00013  ? llog_process_thread_daemonize+0x16d/0x1b0 [obdclass]
00013  ? kthread+0x2cd/0x3a0
00013  ? llog_process_or_fork+0xc90/0xc90 [obdclass]
00013  ? kthread_unuse_mm+0x130/0x130
00013  ? ret_from_fork+0x18c/0x520
00013  ? kthread_unuse_mm+0x130/0x130
00013  ? ret_from_fork_asm+0x11/0x20
00013  </TASK>
00013 ---[ end trace 0000000000000000 ]---
00013 ------------[ cut here ]------------
00013 WARNING: /home/ktest/git/linux/include/linux/fs.h:889 at osd_create+0x9cf/0xcf0 [osd_wbcfs], CPU#2: ll_mgs_0001/1720
00013 Modules linked in: ofd(O) osp(O) mdd(O) lod(O) mdt(O) lquota(O) lfsck(O) mgs(O) osd_wbcfs(O) lustre(O) obdecho(O) mgc(O) mdc(O) lov(O) osc(O) lmv(O) ec(O) fid(O) fld(O) ptlrpc(O) efivarfs obdclass(O) ksocklnd(O) lnet(O) libcfs(O)
00013 CPU: 2 UID: 0 PID: 1720 Comm: ll_mgs_0001 Tainted: G        W  O        7.0.0-ktest-908a7d5-6330a45-20260729-dirty #1 PREEMPT 
00013 Tainted: [W]=WARN, [O]=OOT_MODULE
00013 Hardware name: QEMU Standard PC (Q35 + ICH9, 2009), BIOS 2025.11-3ubuntu7 03/31/2026
00013 RIP: 0010:osd_create+0x9cf/0xcf0 [osd_wbcfs]
00013 Code: c7 c7 00 96 7b a1 48 c7 c6 a0 12 7d a1 48 c7 c2 00 1c 7d a1 e8 52 f1 43 ff 48 c7 c7 00 96 7b a1 e8 46 81 44 ff e9 fe fc ff ff <0f> 0b e9 a5 fa ff ff 48 c7 c1 80 44 5d a0 80 e1 07 80 c1 03 38 c1
00013 RSP: 0018:ffffc9000462f6f0 EFLAGS: 00010246
00013 RAX: 0000000000000000 RBX: ffff888133390800 RCX: 0000000000000046
00013 RDX: 0000000000000000 RSI: ffff88802ccae620 RDI: ffff88802d322aa8
00013 RBP: ffff88802ccae590 R08: ffffffff83a16803 R09: 1ffffffff0742d00
00013 R10: dffffc0000000000 R11: fffffbfff0742d01 R12: ffff88813388d800
00013 R13: dffffc0000000000 R14: 1ffff11026672100 R15: 1ffff11026711b0f
00013 FS:  0000000000000000(0000) GS:ffff8881d4b2a000(0000) knlGS:0000000000000000
00013 CS:  0010 DS: 0000 ES: 0000 CR0: 0000000080050033
00013 CR2: 00007fb4127e6194 CR3: 000000000fa2a000 CR4: 0000000000750eb0
00013 PKRU: 55555554
00013 Call Trace:
00013  <TASK>
00013  ? local_object_create+0x109/0x640 [obdclass]
00013  ? dt_write_lock+0x16d/0x2a0 [obdclass]
00013  ? llog_osd_create+0x356/0x10d0 [obdclass]
00013  ? llog_create+0x2ed/0x530 [obdclass]
00013  ? llog_open_create+0x6e7/0xb30 [obdclass]
00013  ? record_start_log+0x348/0xa40 [mgs]
00013  ? mgs_write_log_target+0x16f2/0x6ab0 [mgs]
00013  ? mgs_target_reg+0x254e/0x4480 [mgs]
00013  ? tgt_request_handle+0x23ad/0x3d30 [ptlrpc]
00013  ? ptlrpc_main+0x6359/0x96f0 [ptlrpc]
00013  ? __kthread_parkme+0x73/0x130
00013  ? kthread+0x2cd/0x3a0
00013  ? ptlrpc_start_thread+0x1f10/0x1f10 [ptlrpc]
00013  ? kthread_unuse_mm+0x130/0x130
00013  ? ret_from_fork+0x18c/0x520
00013  ? kthread_unuse_mm+0x130/0x130
00013  ? ret_from_fork_asm+0x11/0x20
00013  </TASK>
00013 ---[ end trace 0000000000000000 ]---
00013 ------------[ cut here ]------------
00013 WARNING: /home/ktest/git/linux/include/linux/fs.h:889 at osd_create+0x9cf/0xcf0 [osd_wbcfs], CPU#2: llog_process_th/1795
00013 Modules linked in: ofd(O) osp(O) mdd(O) lod(O) mdt(O) lquota(O) lfsck(O) mgs(O) osd_wbcfs(O) lustre(O) obdecho(O) mgc(O) mdc(O) lov(O) osc(O) lmv(O) ec(O) fid(O) fld(O) ptlrpc(O) efivarfs obdclass(O) ksocklnd(O) lnet(O) libcfs(O)
00013 CPU: 2 UID: 0 PID: 1795 Comm: llog_process_th Tainted: G        W  O        7.0.0-ktest-908a7d5-6330a45-20260729-dirty #1 PREEMPT 
00013 Tainted: [W]=WARN, [O]=OOT_MODULE
00013 Hardware name: QEMU Standard PC (Q35 + ICH9, 2009), BIOS 2025.11-3ubuntu7 03/31/2026
00013 RIP: 0010:osd_create+0x9cf/0xcf0 [osd_wbcfs]
00013 Code: c7 c7 00 96 7b a1 48 c7 c6 a0 12 7d a1 48 c7 c2 00 1c 7d a1 e8 52 f1 43 ff 48 c7 c7 00 96 7b a1 e8 46 81 44 ff e9 fe fc ff ff <0f> 0b e9 a5 fa ff ff 48 c7 c1 80 44 5d a0 80 e1 07 80 c1 03 38 c1
00013 RSP: 0018:ffffc900072af618 EFLAGS: 00010246
00013 RAX: 0000000000000000 RBX: ffff8881195a1000 RCX: 0000000000000046
00013 RDX: 0000000000000000 RSI: ffff88802ccadf08 RDI: ffff8880476eaa58
00013 RBP: ffff88802ccade78 R08: ffffffff83a16803 R09: 1ffffffff0742d00
00013 R10: dffffc0000000000 R11: fffffbfff0742d01 R12: ffffc900072af788
00013 R13: dffffc0000000000 R14: 1ffff110232b4200 R15: 1ffff92000e55efe
00013 FS:  0000000000000000(0000) GS:ffff8881d4b2a000(0000) knlGS:0000000000000000
00013 CS:  0010 DS: 0000 ES: 0000 CR0: 0000000080050033
00013 CR2: 00007fb4127e6194 CR3: 000000000fa2a000 CR4: 0000000000750eb0
00013 PKRU: 55555554
00013 Call Trace:
00013  <TASK>
00013  ? dt_find_or_create+0x81a/0x1170 [obdclass]
00013  ? tgt_init+0xb72/0x2a60 [ptlrpc]
00013  ? ofd_device_alloc+0x1da8/0x35e0 [ofd]
00013  ? obd_setup+0x25c/0x950 [obdclass]
00013  ? class_setup+0xc7d/0x10e0 [obdclass]
00013  ? class_process_config+0x2edb/0x7cb0 [obdclass]
00013  ? __kasan_kmalloc+0x72/0x80
00013  ? class_config_llog_handler+0x2954/0x4f80 [obdclass]
00013  ? class_config_llog_handler+0x2cea/0x4f80 [obdclass]
00013  ? lustre_cfg_rec_free+0x350/0x350 [obdclass]
00013  ? llog_process_thread+0x1fd2/0x4f70 [obdclass]
00013  ? _raw_spin_unlock+0x23/0x40
00013  ? llog_process_thread_daemonize+0x16d/0x1b0 [obdclass]
00013  ? kthread+0x2cd/0x3a0
00013  ? llog_process_or_fork+0xc90/0xc90 [obdclass]
00013  ? kthread_unuse_mm+0x130/0x130
00013  ? ret_from_fork+0x18c/0x520
00013  ? kthread_unuse_mm+0x130/0x130
00013  ? ret_from_fork_asm+0x11/0x20
00013  </TASK>
00013 ---[ end trace 0000000000000000 ]---
00013 ------------[ cut here ]------------
00013 WARNING: /home/ktest/git/linux/include/linux/fs.h:889 at osd_create+0x9cf/0xcf0 [osd_wbcfs], CPU#2: llog_process_th/1795
00013 Modules linked in: ofd(O) osp(O) mdd(O) lod(O) mdt(O) lquota(O) lfsck(O) mgs(O) osd_wbcfs(O) lustre(O) obdecho(O) mgc(O) mdc(O) lov(O) osc(O) lmv(O) ec(O) fid(O) fld(O) ptlrpc(O) efivarfs obdclass(O) ksocklnd(O) lnet(O) libcfs(O)
00013 CPU: 2 UID: 0 PID: 1795 Comm: llog_process_th Tainted: G        W  O        7.0.0-ktest-908a7d5-6330a45-20260729-dirty #1 PREEMPT 
00013 Tainted: [W]=WARN, [O]=OOT_MODULE
00013 Hardware name: QEMU Standard PC (Q35 + ICH9, 2009), BIOS 2025.11-3ubuntu7 03/31/2026
00013 RIP: 0010:osd_create+0x9cf/0xcf0 [osd_wbcfs]
00013 Code: c7 c7 00 96 7b a1 48 c7 c6 a0 12 7d a1 48 c7 c2 00 1c 7d a1 e8 52 f1 43 ff 48 c7 c7 00 96 7b a1 e8 46 81 44 ff e9 fe fc ff ff <0f> 0b e9 a5 fa ff ff 48 c7 c1 80 44 5d a0 80 e1 07 80 c1 03 38 c1
00013 RSP: 0018:ffffc900072af4f0 EFLAGS: 00010246
00013 RAX: 0000000000000000 RBX: ffff8881195a0000 RCX: 0000000000000046
00013 RDX: 0000000000000000 RSI: ffff88802ccad7f0 RDI: ffff8880476eaa58
00013 RBP: ffff88802ccad760 R08: ffffffff83a16803 R09: 1ffffffff0742d00
00013 R10: dffffc0000000000 R11: fffffbfff0742d01 R12: ffffc900072af5f0
00013 R13: dffffc0000000000 R14: 1ffff110232b4000 R15: 1ffff92000e55ebc
00013 FS:  0000000000000000(0000) GS:ffff8881d4b2a000(0000) knlGS:0000000000000000
00013 CS:  0010 DS: 0000 ES: 0000 CR0: 0000000080050033
00013 CR2: 00007fb4127e6194 CR3: 000000000fa2a000 CR4: 0000000000750eb0
00013 PKRU: 55555554
00013 Call Trace:
00013  <TASK>
00013  ? dt_find_or_create+0x81a/0x1170 [obdclass]
00013  ? seq_store_init+0x155/0x360 [fid]
00013  ? seq_server_init+0x290/0xba0 [fid]
00013  ? ofd_fid_init+0x41c/0xf80 [ofd]
00013  ? ofd_seqs_init+0xb6/0x1370 [ofd]
00013  ? ofd_fs_setup+0x13c/0xdd0 [ofd]
00013  ? ofd_device_alloc+0x1fc1/0x35e0 [ofd]
00013  ? obd_setup+0x25c/0x950 [obdclass]
00013  ? class_setup+0xc7d/0x10e0 [obdclass]
00013  ? class_process_config+0x2edb/0x7cb0 [obdclass]
00013  ? __kasan_kmalloc+0x72/0x80
00013  ? class_config_llog_handler+0x2954/0x4f80 [obdclass]
00013  ? class_config_llog_handler+0x2cea/0x4f80 [obdclass]
00013  ? lustre_cfg_rec_free+0x350/0x350 [obdclass]
00013  ? llog_process_thread+0x1fd2/0x4f70 [obdclass]
00013  ? _raw_spin_unlock+0x23/0x40
00013  ? llog_process_thread_daemonize+0x16d/0x1b0 [obdclass]
00013  ? kthread+0x2cd/0x3a0
00013  ? llog_process_or_fork+0xc90/0xc90 [obdclass]
00013  ? kthread_unuse_mm+0x130/0x130
00013  ? ret_from_fork+0x18c/0x520
00013  ? kthread_unuse_mm+0x130/0x130
00013  ? ret_from_fork_asm+0x11/0x20
00013  </TASK>
00013 ---[ end trace 0000000000000000 ]---
00013 ------------[ cut here ]------------
00013 WARNING: /home/ktest/git/linux/include/linux/fs.h:889 at osd_create+0x9cf/0xcf0 [osd_wbcfs], CPU#2: llog_process_th/1795
00013 Modules linked in: ofd(O) osp(O) mdd(O) lod(O) mdt(O) lquota(O) lfsck(O) mgs(O) osd_wbcfs(O) lustre(O) obdecho(O) mgc(O) mdc(O) lov(O) osc(O) lmv(O) ec(O) fid(O) fld(O) ptlrpc(O) efivarfs obdclass(O) ksocklnd(O) lnet(O) libcfs(O)
00013 CPU: 2 UID: 0 PID: 1795 Comm: llog_process_th Tainted: G        W  O        7.0.0-ktest-908a7d5-6330a45-20260729-dirty #1 PREEMPT 
00013 Tainted: [W]=WARN, [O]=OOT_MODULE
00013 Hardware name: QEMU Standard PC (Q35 + ICH9, 2009), BIOS 2025.11-3ubuntu7 03/31/2026
00013 RIP: 0010:osd_create+0x9cf/0xcf0 [osd_wbcfs]
00013 Code: c7 c7 00 96 7b a1 48 c7 c6 a0 12 7d a1 48 c7 c2 00 1c 7d a1 e8 52 f1 43 ff 48 c7 c7 00 96 7b a1 e8 46 81 44 ff e9 fe fc ff ff <0f> 0b e9 a5 fa ff ff 48 c7 c1 80 44 5d a0 80 e1 07 80 c1 03 38 c1
00013 RSP: 0018:ffffc900072af530 EFLAGS: 00010246
00013 RAX: 0000000000000000 RBX: ffff8881195a0400 RCX: 0000000000000046
00013 RDX: ffffffff84c44d40 RSI: ffff8880478cd0d8 RDI: ffff8880476eaa58
00013 RBP: ffff8880478cd048 R08: 0000000000000001 R09: 0000000000000000
00013 R10: dffffc0000000000 R11: ffffed1008f199fe R12: ffff88811d735100
00013 R13: dffffc0000000000 R14: 1ffff110232b4080 R15: 1ffff92000e55edb
00013 FS:  0000000000000000(0000) GS:ffff8881d4b2a000(0000) knlGS:0000000000000000
00013 CS:  0010 DS: 0000 ES: 0000 CR0: 0000000080050033
00013 CR2: 00007fb4127e6194 CR3: 000000000fa2a000 CR4: 0000000000750eb0
00013 PKRU: 55555554
00013 Call Trace:
00013  <TASK>
00013  ? dt_find_or_create+0x81a/0x1170 [obdclass]
00013  ? fld_index_init+0x404/0x1610 [fld]
00013  ? is_module_address+0x1b/0x70
00013  ? is_module_address+0x5e/0x70
00013  ? __asan_memset+0x22/0x40
00013  ? fld_server_init+0x1d7/0x580 [fld]
00013  ? ofd_seqs_init+0x430/0x1370 [ofd]
00013  ? ofd_fs_setup+0x13c/0xdd0 [ofd]
00013  ? ofd_device_alloc+0x1fc1/0x35e0 [ofd]
00013  ? obd_setup+0x25c/0x950 [obdclass]
00013  ? class_setup+0xc7d/0x10e0 [obdclass]
00013  ? class_process_config+0x2edb/0x7cb0 [obdclass]
00013  ? __kasan_kmalloc+0x72/0x80
00013  ? class_config_llog_handler+0x2954/0x4f80 [obdclass]
00013  ? class_config_llog_handler+0x2cea/0x4f80 [obdclass]
00013  ? lustre_cfg_rec_free+0x350/0x350 [obdclass]
00013  ? llog_process_thread+0x1fd2/0x4f70 [obdclass]
00013  ? _raw_spin_unlock+0x23/0x40
00013  ? llog_process_thread_daemonize+0x16d/0x1b0 [obdclass]
00013  ? kthread+0x2cd/0x3a0
00013  ? llog_process_or_fork+0xc90/0xc90 [obdclass]
00013  ? kthread_unuse_mm+0x130/0x130
00013  ? ret_from_fork+0x18c/0x520
00013  ? kthread_unuse_mm+0x130/0x130
00013  ? ret_from_fork_asm+0x11/0x20
00013  </TASK>
00013 ---[ end trace 0000000000000000 ]---
00013 ------------[ cut here ]------------
00013 WARNING: /home/ktest/git/linux/include/linux/fs.h:889 at osd_create+0x9cf/0xcf0 [osd_wbcfs], CPU#2: llog_process_th/1795
00013 Modules linked in: ofd(O) osp(O) mdd(O) lod(O) mdt(O) lquota(O) lfsck(O) mgs(O) osd_wbcfs(O) lustre(O) obdecho(O) mgc(O) mdc(O) lov(O) osc(O) lmv(O) ec(O) fid(O) fld(O) ptlrpc(O) efivarfs obdclass(O) ksocklnd(O) lnet(O) libcfs(O)
00013 CPU: 2 UID: 0 PID: 1795 Comm: llog_process_th Tainted: G        W  O        7.0.0-ktest-908a7d5-6330a45-20260729-dirty #1 PREEMPT 
00013 Tainted: [W]=WARN, [O]=OOT_MODULE
00013 Hardware name: QEMU Standard PC (Q35 + ICH9, 2009), BIOS 2025.11-3ubuntu7 03/31/2026
00013 RIP: 0010:osd_create+0x9cf/0xcf0 [osd_wbcfs]
00013 Code: c7 c7 00 96 7b a1 48 c7 c6 a0 12 7d a1 48 c7 c2 00 1c 7d a1 e8 52 f1 43 ff 48 c7 c7 00 96 7b a1 e8 46 81 44 ff e9 fe fc ff ff <0f> 0b e9 a5 fa ff ff 48 c7 c1 80 44 5d a0 80 e1 07 80 c1 03 38 c1
00013 RSP: 0018:ffffc900072af6e0 EFLAGS: 00010246
00013 RAX: 0000000000000000 RBX: ffff8881195a3800 RCX: 0000000000000046
00013 RDX: 0000000000000000 RSI: ffff8880478cc9c0 RDI: ffff8880476eaa58
00013 RBP: ffff8880478cc930 R08: ffffffff83a16803 R09: 1ffffffff0742d00
00013 R10: dffffc0000000000 R11: fffffbfff0742d01 R12: ffff88811cf75830
00013 R13: dffffc0000000000 R14: 1ffff110232b4700 R15: 1ffff110239eeb42
00013 FS:  0000000000000000(0000) GS:ffff8881d4b2a000(0000) knlGS:0000000000000000
00013 CS:  0010 DS: 0000 ES: 0000 CR0: 0000000080050033
00013 CR2: 00007fb4127e6194 CR3: 000000000fa2a000 CR4: 0000000000750eb0
00013 PKRU: 55555554
00013 Call Trace:
00013  <TASK>
00013  ? dt_find_or_create+0x81a/0x1170 [obdclass]
00013  ? ofd_fs_setup+0x42c/0xdd0 [ofd]
00013  ? ofd_device_alloc+0x1fc1/0x35e0 [ofd]
00013  ? obd_setup+0x25c/0x950 [obdclass]
00013  ? class_setup+0xc7d/0x10e0 [obdclass]
00013  ? class_process_config+0x2edb/0x7cb0 [obdclass]
00013  ? __kasan_kmalloc+0x72/0x80
00013  ? class_config_llog_handler+0x2954/0x4f80 [obdclass]
00013  ? class_config_llog_handler+0x2cea/0x4f80 [obdclass]
00013  ? lustre_cfg_rec_free+0x350/0x350 [obdclass]
00013  ? llog_process_thread+0x1fd2/0x4f70 [obdclass]
00013  ? _raw_spin_unlock+0x23/0x40
00013  ? llog_process_thread_daemonize+0x16d/0x1b0 [obdclass]
00013  ? kthread+0x2cd/0x3a0
00013  ? llog_process_or_fork+0xc90/0xc90 [obdclass]
00013  ? kthread_unuse_mm+0x130/0x130
00013  ? ret_from_fork+0x18c/0x520
00013  ? kthread_unuse_mm+0x130/0x130
00013  ? ret_from_fork_asm+0x11/0x20
00013  </TASK>
00013 ---[ end trace 0000000000000000 ]---
00013 ------------[ cut here ]------------
00013 WARNING: /home/ktest/git/linux/include/linux/fs.h:889 at osd_create+0x9cf/0xcf0 [osd_wbcfs], CPU#2: llog_process_th/1795
00013 Modules linked in: ofd(O) osp(O) mdd(O) lod(O) mdt(O) lquota(O) lfsck(O) mgs(O) osd_wbcfs(O) lustre(O) obdecho(O) mgc(O) mdc(O) lov(O) osc(O) lmv(O) ec(O) fid(O) fld(O) ptlrpc(O) efivarfs obdclass(O) ksocklnd(O) lnet(O) libcfs(O)
00013 CPU: 2 UID: 0 PID: 1795 Comm: llog_process_th Tainted: G        W  O        7.0.0-ktest-908a7d5-6330a45-20260729-dirty #1 PREEMPT 
00013 Tainted: [W]=WARN, [O]=OOT_MODULE
00013 Hardware name: QEMU Standard PC (Q35 + ICH9, 2009), BIOS 2025.11-3ubuntu7 03/31/2026
00013 RIP: 0010:osd_create+0x9cf/0xcf0 [osd_wbcfs]
00013 Code: c7 c7 00 96 7b a1 48 c7 c6 a0 12 7d a1 48 c7 c2 00 1c 7d a1 e8 52 f1 43 ff 48 c7 c7 00 96 7b a1 e8 46 81 44 ff e9 fe fc ff ff <0f> 0b e9 a5 fa ff ff 48 c7 c1 80 44 5d a0 80 e1 07 80 c1 03 38 c1
00013 RSP: 0018:ffffc900072af6e0 EFLAGS: 00010246
00013 RAX: 0000000000000000 RBX: ffff8881195a3c00 RCX: 0000000000000046
00013 RDX: 0000000000000000 RSI: ffff8880478cc2a8 RDI: ffff8880476eaa58
00013 RBP: ffff8880478cc218 R08: ffffffff83a16803 R09: 1ffffffff0742d00
00013 R10: dffffc0000000000 R11: fffffbfff0742d01 R12: ffff88811cf75830
00013 R13: dffffc0000000000 R14: 1ffff110232b4780 R15: 1ffff110239eeb42
00013 FS:  0000000000000000(0000) GS:ffff8881d4b2a000(0000) knlGS:0000000000000000
00013 CS:  0010 DS: 0000 ES: 0000 CR0: 0000000080050033
00013 CR2: 00007fb4127e6194 CR3: 000000000fa2a000 CR4: 0000000000750eb0
00013 PKRU: 55555554
00013 Call Trace:
00013  <TASK>
00013  ? dt_find_or_create+0x81a/0x1170 [obdclass]
00013  ? ofd_fs_setup+0x57f/0xdd0 [ofd]
00013  ? ofd_device_alloc+0x1fc1/0x35e0 [ofd]
00013  ? obd_setup+0x25c/0x950 [obdclass]
00013  ? class_setup+0xc7d/0x10e0 [obdclass]
00013  ? class_process_config+0x2edb/0x7cb0 [obdclass]
00013  ? __kasan_kmalloc+0x72/0x80
00013  ? class_config_llog_handler+0x2954/0x4f80 [obdclass]
00013  ? class_config_llog_handler+0x2cea/0x4f80 [obdclass]
00013  ? lustre_cfg_rec_free+0x350/0x350 [obdclass]
00013  ? llog_process_thread+0x1fd2/0x4f70 [obdclass]
00013  ? _raw_spin_unlock+0x23/0x40
00013  ? llog_process_thread_daemonize+0x16d/0x1b0 [obdclass]
00013  ? kthread+0x2cd/0x3a0
00013  ? llog_process_or_fork+0xc90/0xc90 [obdclass]
00013  ? kthread_unuse_mm+0x130/0x130
00013  ? ret_from_fork+0x18c/0x520
00013  ? kthread_unuse_mm+0x130/0x130
00013  ? ret_from_fork_asm+0x11/0x20
00013  </TASK>
00013 ---[ end trace 0000000000000000 ]---
00013 ------------[ cut here ]------------
00013 WARNING: /home/ktest/git/linux/include/linux/fs.h:889 at osd_create+0x9cf/0xcf0 [osd_wbcfs], CPU#2: llog_process_th/1795
00013 Modules linked in: ofd(O) osp(O) mdd(O) lod(O) mdt(O) lquota(O) lfsck(O) mgs(O) osd_wbcfs(O) lustre(O) obdecho(O) mgc(O) mdc(O) lov(O) osc(O) lmv(O) ec(O) fid(O) fld(O) ptlrpc(O) efivarfs obdclass(O) ksocklnd(O) lnet(O) libcfs(O)
00013 CPU: 2 UID: 0 PID: 1795 Comm: llog_process_th Tainted: G        W  O        7.0.0-ktest-908a7d5-6330a45-20260729-dirty #1 PREEMPT 
00013 Tainted: [W]=WARN, [O]=OOT_MODULE
00013 Hardware name: QEMU Standard PC (Q35 + ICH9, 2009), BIOS 2025.11-3ubuntu7 03/31/2026
00013 RIP: 0010:osd_create+0x9cf/0xcf0 [osd_wbcfs]
00013 Code: c7 c7 00 96 7b a1 48 c7 c6 a0 12 7d a1 48 c7 c2 00 1c 7d a1 e8 52 f1 43 ff 48 c7 c7 00 96 7b a1 e8 46 81 44 ff e9 fe fc ff ff <0f> 0b e9 a5 fa ff ff 48 c7 c1 80 44 5d a0 80 e1 07 80 c1 03 38 c1
00013 RSP: 0018:ffffc900072af4a8 EFLAGS: 00010246
00013 RAX: 0000000000000000 RBX: ffff888133491400 RCX: 0000000000000046
00013 RDX: ffffffff84c44d40 RSI: ffff8880478cbb90 RDI: ffff8880476eaa58
00013 RBP: ffff8880478cbb00 R08: 0000000000000001 R09: 0000000000000000
00013 R10: dffffc0000000000 R11: ffffed1008f19755 R12: ffff8881349cb418
00013 R13: dffffc0000000000 R14: 1ffff11026692280 R15: 1ffff11026939692
00013 FS:  0000000000000000(0000) GS:ffff8881d4b2a000(0000) knlGS:0000000000000000
00013 CS:  0010 DS: 0000 ES: 0000 CR0: 0000000080050033
00013 CR2: 00007fb4127e6194 CR3: 000000000fa2a000 CR4: 0000000000750eb0
00013 PKRU: 55555554
00013 Call Trace:
00013  <TASK>
00013  ? local_object_create+0x109/0x640 [obdclass]
00013  ? dt_write_lock+0x16d/0x2a0 [obdclass]
00013  ? __local_file_create+0xce4/0x1bc0 [obdclass]
00013  ? local_index_find_or_create+0x1dc/0x2c0 [obdclass]
00013  ? nodemap_cache_find_create+0x4f9/0xe80 [ptlrpc]
00013  ? nodemap_save_config_cache+0x123/0x19b0 [ptlrpc]
00013  ? nm_config_file_register_tgt+0x19b/0x860 [ptlrpc]
00013  ? nm_config_file_register_tgt+0x1a9/0x860 [ptlrpc]
00013  ? ofd_device_alloc+0x219a/0x35e0 [ofd]
00013  ? obd_setup+0x25c/0x950 [obdclass]
00013  ? class_setup+0xc7d/0x10e0 [obdclass]
00013  ? class_process_config+0x2edb/0x7cb0 [obdclass]
00013  ? __kasan_kmalloc+0x72/0x80
00013  ? class_config_llog_handler+0x2954/0x4f80 [obdclass]
00013  ? class_config_llog_handler+0x2cea/0x4f80 [obdclass]
00013  ? lustre_cfg_rec_free+0x350/0x350 [obdclass]
00013  ? llog_process_thread+0x1fd2/0x4f70 [obdclass]
00013  ? _raw_spin_unlock+0x23/0x40
00013  ? llog_process_thread_daemonize+0x16d/0x1b0 [obdclass]
00013  ? kthread+0x2cd/0x3a0
00013  ? llog_process_or_fork+0xc90/0xc90 [obdclass]
00013  ? kthread_unuse_mm+0x130/0x130
00013  ? ret_from_fork+0x18c/0x520
00013  ? kthread_unuse_mm+0x130/0x130
00013  ? ret_from_fork_asm+0x11/0x20
00013  </TASK>
00013 ---[ end trace 0000000000000000 ]---
00022 ------------[ cut here ]------------
00022 WARNING: /home/ktest/git/linux/include/linux/fs.h:889 at osd_create+0x9cf/0xcf0 [osd_wbcfs], CPU#2: llog_process_th/1809
00022 Modules linked in: ofd(O) osp(O) mdd(O) lod(O) mdt(O) lquota(O) lfsck(O) mgs(O) osd_wbcfs(O) lustre(O) obdecho(O) mgc(O) mdc(O) lov(O) osc(O) lmv(O) ec(O) fid(O) fld(O) ptlrpc(O) efivarfs obdclass(O) ksocklnd(O) lnet(O) libcfs(O)
00022 CPU: 2 UID: 0 PID: 1809 Comm: llog_process_th Tainted: G        W  O        7.0.0-ktest-908a7d5-6330a45-20260729-dirty #1 PREEMPT 
00022 Tainted: [W]=WARN, [O]=OOT_MODULE
00022 Hardware name: QEMU Standard PC (Q35 + ICH9, 2009), BIOS 2025.11-3ubuntu7 03/31/2026
00022 RIP: 0010:osd_create+0x9cf/0xcf0 [osd_wbcfs]
00022 Code: c7 c7 00 96 7b a1 48 c7 c6 a0 12 7d a1 48 c7 c2 00 1c 7d a1 e8 52 f1 43 ff 48 c7 c7 00 96 7b a1 e8 46 81 44 ff e9 fe fc ff ff <0f> 0b e9 a5 fa ff ff 48 c7 c1 80 44 5d a0 80 e1 07 80 c1 03 38 c1
00022 RSP: 0018:ffffc900019876c0 EFLAGS: 00010246
00022 RAX: 0000000000000000 RBX: ffff888135822400 RCX: 0000000000000046
00022 RDX: 0000000000000000 RSI: ffff8880478cb478 RDI: ffff888136f00998
00022 RBP: ffff8880478cb3e8 R08: ffffffff83a16803 R09: 1ffffffff0742d00
00022 R10: dffffc0000000000 R11: fffffbfff0742d01 R12: ffff888030003030
00022 R13: dffffc0000000000 R14: 1ffff11026b04480 R15: 1ffff92000330ef8
00022 FS:  0000000000000000(0000) GS:ffff8881d4b2a000(0000) knlGS:0000000000000000
00022 CS:  0010 DS: 0000 ES: 0000 CR0: 0000000080050033
00022 CR2: 00007f2e5b405780 CR3: 0000000004274000 CR4: 0000000000750eb0
00022 PKRU: 55555554
00022 Call Trace:
00022  <TASK>
00022  ? dt_find_or_create+0x81a/0x1170 [obdclass]
00022  ? osp_find_or_create_local_file+0x266/0x690 [osp]
00022  ? osp_last_used_init+0x22c/0x2150 [osp]
00022  ? client_fid_init+0x636/0x9f0 [fid]
00022  ? osp_device_alloc+0x19a2/0x2e10 [osp]
00022  ? obd_setup+0x25c/0x950 [obdclass]
00022  ? class_setup+0xc7d/0x10e0 [obdclass]
00022  ? class_process_config+0x2edb/0x7cb0 [obdclass]
00022  ? __kasan_kmalloc+0x72/0x80
00022  ? class_config_llog_handler+0x2954/0x4f80 [obdclass]
00022  ? class_config_llog_handler+0x2cea/0x4f80 [obdclass]
00022  ? lustre_cfg_rec_free+0x350/0x350 [obdclass]
00022  ? llog_process_thread+0x1fd2/0x4f70 [obdclass]
00022  ? _raw_spin_unlock+0x23/0x40
00022  ? llog_process_thread_daemonize+0x16d/0x1b0 [obdclass]
00022  ? kthread+0x2cd/0x3a0
00022  ? llog_process_or_fork+0xc90/0xc90 [obdclass]
00022  ? kthread_unuse_mm+0x130/0x130
00022  ? ret_from_fork+0x18c/0x520
00022  ? kthread_unuse_mm+0x130/0x130
00022  ? ret_from_fork_asm+0x11/0x20
00022  </TASK>
00022 ---[ end trace 0000000000000000 ]---
00022 ------------[ cut here ]------------
00022 WARNING: /home/ktest/git/linux/include/linux/fs.h:889 at osd_create+0x9cf/0xcf0 [osd_wbcfs], CPU#2: llog_process_th/1809
00022 Modules linked in: ofd(O) osp(O) mdd(O) lod(O) mdt(O) lquota(O) lfsck(O) mgs(O) osd_wbcfs(O) lustre(O) obdecho(O) mgc(O) mdc(O) lov(O) osc(O) lmv(O) ec(O) fid(O) fld(O) ptlrpc(O) efivarfs obdclass(O) ksocklnd(O) lnet(O) libcfs(O)
00022 CPU: 2 UID: 0 PID: 1809 Comm: llog_process_th Tainted: G        W  O        7.0.0-ktest-908a7d5-6330a45-20260729-dirty #1 PREEMPT 
00022 Tainted: [W]=WARN, [O]=OOT_MODULE
00022 Hardware name: QEMU Standard PC (Q35 + ICH9, 2009), BIOS 2025.11-3ubuntu7 03/31/2026
00022 RIP: 0010:osd_create+0x9cf/0xcf0 [osd_wbcfs]
00022 Code: c7 c7 00 96 7b a1 48 c7 c6 a0 12 7d a1 48 c7 c2 00 1c 7d a1 e8 52 f1 43 ff 48 c7 c7 00 96 7b a1 e8 46 81 44 ff e9 fe fc ff ff <0f> 0b e9 a5 fa ff ff 48 c7 c1 80 44 5d a0 80 e1 07 80 c1 03 38 c1
00022 RSP: 0018:ffffc900019876c0 EFLAGS: 00010246
00022 RAX: 0000000000000000 RBX: ffff888135820c00 RCX: 0000000000000046
00022 RDX: 0000000000000000 RSI: ffff8880478cad60 RDI: ffff888136f00998
00022 RBP: ffff8880478cacd0 R08: ffffffff83a16803 R09: 1ffffffff0742d00
00022 R10: dffffc0000000000 R11: fffffbfff0742d01 R12: ffff888030003030
00022 R13: dffffc0000000000 R14: 1ffff11026b04180 R15: 1ffff92000330ef8
00022 FS:  0000000000000000(0000) GS:ffff8881d4b2a000(0000) knlGS:0000000000000000
00022 CS:  0010 DS: 0000 ES: 0000 CR0: 0000000080050033
00022 CR2: 00007f2e5b405780 CR3: 0000000004274000 CR4: 0000000000750eb0
00022 PKRU: 55555554
00022 Call Trace:
00022  <TASK>
00022  ? dt_find_or_create+0x81a/0x1170 [obdclass]
00022  ? osp_find_or_create_local_file+0x266/0x690 [osp]
00022  ? osp_last_used_init+0x95c/0x2150 [osp]
00022  ? osp_device_alloc+0x19a2/0x2e10 [osp]
00022  ? obd_setup+0x25c/0x950 [obdclass]
00022  ? class_setup+0xc7d/0x10e0 [obdclass]
00022  ? class_process_config+0x2edb/0x7cb0 [obdclass]
00022  ? __kasan_kmalloc+0x72/0x80
00022  ? class_config_llog_handler+0x2954/0x4f80 [obdclass]
00022  ? class_config_llog_handler+0x2cea/0x4f80 [obdclass]
00022  ? lustre_cfg_rec_free+0x350/0x350 [obdclass]
00022  ? llog_process_thread+0x1fd2/0x4f70 [obdclass]
00022  ? _raw_spin_unlock+0x23/0x40
00022  ? llog_process_thread_daemonize+0x16d/0x1b0 [obdclass]
00022  ? kthread+0x2cd/0x3a0
00022  ? llog_process_or_fork+0xc90/0xc90 [obdclass]
00022  ? kthread_unuse_mm+0x130/0x130
00022  ? ret_from_fork+0x18c/0x520
00022  ? kthread_unuse_mm+0x130/0x130
00022  ? ret_from_fork_asm+0x11/0x20
00022  </TASK>
00022 ---[ end trace 0000000000000000 ]---
00022 ------------[ cut here ]------------
00022 WARNING: /home/ktest/git/linux/include/linux/fs.h:889 at osd_create+0x9cf/0xcf0 [osd_wbcfs], CPU#2: llog_process_th/1809
00022 Modules linked in: ofd(O) osp(O) mdd(O) lod(O) mdt(O) lquota(O) lfsck(O) mgs(O) osd_wbcfs(O) lustre(O) obdecho(O) mgc(O) mdc(O) lov(O) osc(O) lmv(O) ec(O) fid(O) fld(O) ptlrpc(O) efivarfs obdclass(O) ksocklnd(O) lnet(O) libcfs(O)
00022 CPU: 2 UID: 0 PID: 1809 Comm: llog_process_th Tainted: G        W  O        7.0.0-ktest-908a7d5-6330a45-20260729-dirty #1 PREEMPT 
00022 Tainted: [W]=WARN, [O]=OOT_MODULE
00022 Hardware name: QEMU Standard PC (Q35 + ICH9, 2009), BIOS 2025.11-3ubuntu7 03/31/2026
00022 RIP: 0010:osd_create+0x9cf/0xcf0 [osd_wbcfs]
00022 Code: c7 c7 00 96 7b a1 48 c7 c6 a0 12 7d a1 48 c7 c2 00 1c 7d a1 e8 52 f1 43 ff 48 c7 c7 00 96 7b a1 e8 46 81 44 ff e9 fe fc ff ff <0f> 0b e9 a5 fa ff ff 48 c7 c1 80 44 5d a0 80 e1 07 80 c1 03 38 c1
00022 RSP: 0018:ffffc90001987690 EFLAGS: 00010246
00022 RAX: 0000000000000000 RBX: ffff88813362a000 RCX: 0000000000000046
00022 RDX: 0000000000000000 RSI: ffff8880478ca648 RDI: ffff888136f00998
00022 RBP: ffff8880478ca5b8 R08: ffffffff83a16803 R09: 1ffffffff0742d00
00022 R10: dffffc0000000000 R11: fffffbfff0742d01 R12: ffff888135820400
00022 R13: dffffc0000000000 R14: 1ffff110266c5400 R15: 1ffff11026b0408f
00022 FS:  0000000000000000(0000) GS:ffff8881d4b2a000(0000) knlGS:0000000000000000
00022 CS:  0010 DS: 0000 ES: 0000 CR0: 0000000080050033
00022 CR2: 00007f2e5b405780 CR3: 0000000004274000 CR4: 0000000000750eb0
00022 PKRU: 55555554
00022 Call Trace:
00022  <TASK>
00022  ? llog_osd_get_cat_list+0x64d/0x1470 [obdclass]
00022  ? osp_sync_init+0x7a6/0x2760 [osp]
00022  ? is_module_address+0x1b/0x70
00022  ? osp_device_alloc+0x1b91/0x2e10 [osp]
00022  ? obd_setup+0x25c/0x950 [obdclass]
00022  ? class_setup+0xc7d/0x10e0 [obdclass]
00022  ? class_process_config+0x2edb/0x7cb0 [obdclass]
00022  ? __kasan_kmalloc+0x72/0x80
00022  ? class_config_llog_handler+0x2954/0x4f80 [obdclass]
00022  ? class_config_llog_handler+0x2cea/0x4f80 [obdclass]
00022  ? lustre_cfg_rec_free+0x350/0x350 [obdclass]
00022  ? llog_process_thread+0x1fd2/0x4f70 [obdclass]
00022  ? _raw_spin_unlock+0x23/0x40
00022  ? llog_process_thread_daemonize+0x16d/0x1b0 [obdclass]
00022  ? kthread+0x2cd/0x3a0
00022  ? llog_process_or_fork+0xc90/0xc90 [obdclass]
00022  ? kthread_unuse_mm+0x130/0x130
00022  ? ret_from_fork+0x18c/0x520
00022  ? kthread_unuse_mm+0x130/0x130
00022  ? ret_from_fork_asm+0x11/0x20
00022  </TASK>
00022 ---[ end trace 0000000000000000 ]---
00022 ------------[ cut here ]------------
00022 WARNING: /home/ktest/git/linux/include/linux/fs.h:889 at osd_create+0x9cf/0xcf0 [osd_wbcfs], CPU#2: llog_process_th/1809
00022 Modules linked in: ofd(O) osp(O) mdd(O) lod(O) mdt(O) lquota(O) lfsck(O) mgs(O) osd_wbcfs(O) lustre(O) obdecho(O) mgc(O) mdc(O) lov(O) osc(O) lmv(O) ec(O) fid(O) fld(O) ptlrpc(O) efivarfs obdclass(O) ksocklnd(O) lnet(O) libcfs(O)
00022 CPU: 2 UID: 0 PID: 1809 Comm: llog_process_th Tainted: G        W  O        7.0.0-ktest-908a7d5-6330a45-20260729-dirty #1 PREEMPT 
00022 Tainted: [W]=WARN, [O]=OOT_MODULE
00022 Hardware name: QEMU Standard PC (Q35 + ICH9, 2009), BIOS 2025.11-3ubuntu7 03/31/2026
00022 RIP: 0010:osd_create+0x9cf/0xcf0 [osd_wbcfs]
00022 Code: c7 c7 00 96 7b a1 48 c7 c6 a0 12 7d a1 48 c7 c2 00 1c 7d a1 e8 52 f1 43 ff 48 c7 c7 00 96 7b a1 e8 46 81 44 ff e9 fe fc ff ff <0f> 0b e9 a5 fa ff ff 48 c7 c1 80 44 5d a0 80 e1 07 80 c1 03 38 c1
00022 RSP: 0018:ffffc900019875a0 EFLAGS: 00010246
00022 RAX: 0000000000000000 RBX: ffff888133629800 RCX: 0000000000000046
00022 RDX: 0000000000000000 RSI: ffff8880478c9f30 RDI: ffff888136f00998
00022 RBP: ffff8880478c9ea0 R08: ffffffff83a16803 R09: 1ffffffff0742d00
00022 R10: dffffc0000000000 R11: fffffbfff0742d01 R12: ffff888135820400
00022 R13: dffffc0000000000 R14: 1ffff110266c5300 R15: 1ffff11026b0408f
00022 FS:  0000000000000000(0000) GS:ffff8881d4b2a000(0000) knlGS:0000000000000000
00022 CS:  0010 DS: 0000 ES: 0000 CR0: 0000000080050033
00022 CR2: 00007f2e5b405780 CR3: 0000000004274000 CR4: 0000000000750eb0
00022 PKRU: 55555554
00022 Call Trace:
00022  <TASK>
00022  ? local_object_create+0x109/0x640 [obdclass]
00022  ? dt_write_lock+0x16d/0x2a0 [obdclass]
00022  ? llog_osd_create+0x356/0x10d0 [obdclass]
00022  ? llog_create+0x2ed/0x530 [obdclass]
00022  ? llog_open_create+0x6e7/0xb30 [obdclass]
00022  ? osp_sync_init+0xfc0/0x2760 [osp]
00022  ? osp_device_alloc+0x1b91/0x2e10 [osp]
00022  ? obd_setup+0x25c/0x950 [obdclass]
00022  ? class_setup+0xc7d/0x10e0 [obdclass]
00022  ? class_process_config+0x2edb/0x7cb0 [obdclass]
00022  ? __kasan_kmalloc+0x72/0x80
00022  ? class_config_llog_handler+0x2954/0x4f80 [obdclass]
00022  ? class_config_llog_handler+0x2cea/0x4f80 [obdclass]
00022  ? lustre_cfg_rec_free+0x350/0x350 [obdclass]
00022  ? llog_process_thread+0x1fd2/0x4f70 [obdclass]
00022  ? _raw_spin_unlock+0x23/0x40
00022  ? llog_process_thread_daemonize+0x16d/0x1b0 [obdclass]
00022  ? kthread+0x2cd/0x3a0
00022  ? llog_process_or_fork+0xc90/0xc90 [obdclass]
00022  ? kthread_unuse_mm+0x130/0x130
00022  ? ret_from_fork+0x18c/0x520
00022  ? kthread_unuse_mm+0x130/0x130
00022  ? ret_from_fork_asm+0x11/0x20
00022  </TASK>
00022 ---[ end trace 0000000000000000 ]---
00022 ------------[ cut here ]------------
00022 WARNING: /home/ktest/git/linux/include/linux/fs.h:889 at osd_create+0x9cf/0xcf0 [osd_wbcfs], CPU#2: llog_process_th/1809
00022 Modules linked in: ofd(O) osp(O) mdd(O) lod(O) mdt(O) lquota(O) lfsck(O) mgs(O) osd_wbcfs(O) lustre(O) obdecho(O) mgc(O) mdc(O) lov(O) osc(O) lmv(O) ec(O) fid(O) fld(O) ptlrpc(O) efivarfs obdclass(O) ksocklnd(O) lnet(O) libcfs(O)
00022 CPU: 2 UID: 0 PID: 1809 Comm: llog_process_th Tainted: G        W  O        7.0.0-ktest-908a7d5-6330a45-20260729-dirty #1 PREEMPT 
00022 Tainted: [W]=WARN, [O]=OOT_MODULE
00022 Hardware name: QEMU Standard PC (Q35 + ICH9, 2009), BIOS 2025.11-3ubuntu7 03/31/2026
00022 RIP: 0010:osd_create+0x9cf/0xcf0 [osd_wbcfs]
00022 Code: c7 c7 00 96 7b a1 48 c7 c6 a0 12 7d a1 48 c7 c2 00 1c 7d a1 e8 52 f1 43 ff 48 c7 c7 00 96 7b a1 e8 46 81 44 ff e9 fe fc ff ff <0f> 0b e9 a5 fa ff ff 48 c7 c1 80 44 5d a0 80 e1 07 80 c1 03 38 c1
00022 RSP: 0018:ffffc90001987450 EFLAGS: 00010246
00022 RAX: 0000000000000000 RBX: ffff888133139400 RCX: 0000000000000046
00022 RDX: 0000000000000000 RSI: ffff8880478c9818 RDI: ffff888136f009c0
00022 RBP: ffff8880478c9788 R08: ffffffff83a16803 R09: 1ffffffff0742d00
00022 R10: dffffc0000000000 R11: fffffbfff0742d01 R12: ffff888135820400
00022 R13: dffffc0000000000 R14: 1ffff11026627280 R15: 1ffff11026b0408f
00022 FS:  0000000000000000(0000) GS:ffff8881d4b2a000(0000) knlGS:0000000000000000
00022 CS:  0010 DS: 0000 ES: 0000 CR0: 0000000080050033
00022 CR2: 00007f2e5b405780 CR3: 0000000004274000 CR4: 0000000000750eb0
00022 PKRU: 55555554
00022 Call Trace:
00022  <TASK>
00022  ? local_object_create+0x109/0x640 [obdclass]
00022  ? dt_write_lock+0x16d/0x2a0 [obdclass]
00022  ? llog_osd_create+0x356/0x10d0 [obdclass]
00022  ? llog_create+0x2ed/0x530 [obdclass]
00022  ? llog_cat_new_log+0x6d1/0x2970 [obdclass]
00022  ? llog_cat_add_rec+0x6ba/0x1960 [obdclass]
00022  ? llog_cat_add+0x499/0x7a0 [obdclass]
00022  ? osp_sync_init+0x1588/0x2760 [osp]
00022  ? osp_device_alloc+0x1b91/0x2e10 [osp]
00022  ? obd_setup+0x25c/0x950 [obdclass]
00022  ? class_setup+0xc7d/0x10e0 [obdclass]
00022  ? class_process_config+0x2edb/0x7cb0 [obdclass]
00022  ? __kasan_kmalloc+0x72/0x80
00022  ? class_config_llog_handler+0x2954/0x4f80 [obdclass]
00022  ? class_config_llog_handler+0x2cea/0x4f80 [obdclass]
00022  ? lustre_cfg_rec_free+0x350/0x350 [obdclass]
00022  ? llog_process_thread+0x1fd2/0x4f70 [obdclass]
00022  ? _raw_spin_unlock+0x23/0x40
00022  ? llog_process_thread_daemonize+0x16d/0x1b0 [obdclass]
00022  ? kthread+0x2cd/0x3a0
00022  ? llog_process_or_fork+0xc90/0xc90 [obdclass]
00022  ? kthread_unuse_mm+0x130/0x130
00022  ? ret_from_fork+0x18c/0x520
00022  ? kthread_unuse_mm+0x130/0x130
00022  ? ret_from_fork_asm+0x11/0x20
00022  </TASK>
00022 ---[ end trace 0000000000000000 ]---
00022 Lustre: ctl-lustre-MDT0000: super-sequence allocation rc = 0 [0x0000000280000400-0x00000002c0000400]:0:ost
00022 Lustre: Skipped 1 previous similar message
00022 Lustre: cli-lustre-OST0000-super: Allocated super-sequence [0x0000000280000400-0x00000002c0000400]:0:ost]
00022 ------------[ cut here ]------------
00022 WARNING: /home/ktest/git/linux/include/linux/fs.h:889 at osd_create+0x9cf/0xcf0 [osd_wbcfs], CPU#2: llog_process_th/1809
00022 Modules linked in: ofd(O) osp(O) mdd(O) lod(O) mdt(O) lquota(O) lfsck(O) mgs(O) osd_wbcfs(O) lustre(O) obdecho(O) mgc(O) mdc(O) lov(O) osc(O) lmv(O) ec(O) fid(O) fld(O) ptlrpc(O) efivarfs obdclass(O) ksocklnd(O) lnet(O) libcfs(O)
00022 ------------[ cut here ]------------
00022 CPU: 2 UID: 0 PID: 1809 Comm: llog_process_th Tainted: G        W  O        7.0.0-ktest-908a7d5-6330a45-20260729-dirty #1 PREEMPT 
00022 WARNING: /home/ktest/git/linux/include/linux/fs.h:889 at osd_create+0x9cf/0xcf0 [osd_wbcfs], CPU#3: ll_ost00_002/1776
00022 Tainted: [W]=WARN, [O]=OOT_MODULE
00022 Modules linked in: ofd(O) osp(O) mdd(O) lod(O) mdt(O) lquota(O) lfsck(O) mgs(O) osd_wbcfs(O) lustre(O) obdecho(O) mgc(O) mdc(O) lov(O) osc(O) lmv(O) ec(O) fid(O)
00022 Hardware name: QEMU Standard PC (Q35 + ICH9, 2009), BIOS 2025.11-3ubuntu7 03/31/2026
00022  fld(O)
00022 RIP: 0010:osd_create+0x9cf/0xcf0 [osd_wbcfs]
00022  ptlrpc(O) efivarfs obdclass(O) ksocklnd(O) lnet(O) libcfs(O)
00022 CPU: 3 UID: 0 PID: 1776 Comm: ll_ost00_002 Tainted: G        W  O        7.0.0-ktest-908a7d5-6330a45-20260729-dirty #1 PREEMPT 
00022 Code: c7 c7 00 96 7b a1 48 c7 c6 a0 12 7d a1 48 c7 c2 00 1c 7d a1 e8 52 f1 43 ff 48 c7 c7 00 96 7b a1 e8 46 81 44 ff e9 fe fc ff ff <0f> 0b e9 a5 fa ff ff 48 c7 c1 80 44 5d a0 80 e1 07 80 c1 03 38 c1
00022 Tainted: [W]=WARN, [O]=OOT_MODULE
00022 Hardware name: QEMU Standard PC (Q35 + ICH9, 2009), BIOS 2025.11-3ubuntu7 03/31/2026
00022 RIP: 0010:osd_create+0x9cf/0xcf0 [osd_wbcfs]
00022 RSP: 0018:ffffc900019875a0 EFLAGS: 00010246
00022 Code: c7 c7 00 96 7b a1 48 c7 c6 a0 12 7d a1 48 c7 c2 00 1c 7d a1 e8 52 f1 43 ff 48 c7 c7 00 96 7b a1 e8 46 81 44 ff e9 fe fc ff ff <0f> 0b e9 a5 fa ff ff 48 c7 c1 80 44 5d a0 80 e1 07 80 c1 03 38 c1
00022 RSP: 0018:ffffc900011b7950 EFLAGS: 00010246
00022 RAX: 0000000000000000 RBX: ffff888133801c00 RCX: 0000000000000046
00022 RDX: 0000000000000000 RSI: ffff88802e847450 RDI: ffff88802e598998
00022 RBP: ffff88802e8473c0 R08: ffffffff83a16803 R09: 1ffffffff0742d00
00022 
00022 R10: dffffc0000000000 R11: fffffbfff0742d01 R12: ffff88813faa3830
00022 R13: dffffc0000000000 R14: 1ffff11026700380 R15: 1ffff11027f54742
00022 FS:  0000000000000000(0000) GS:ffff8881d4baa000(0000) knlGS:0000000000000000
00022 CS:  0010 DS: 0000 ES: 0000 CR0: 0000000080050033
00022 CR2: 000055a56e404bd0 CR3: 000000011d648000 CR4: 0000000000750eb0
00022 RAX: 0000000000000000 RBX: ffff8881337c9000 RCX: 0000000000000046
00022 PKRU: 55555554
00022 Call Trace:
00022  <TASK>
00022  ? dt_find_or_create+0x81a/0x1170 [obdclass]
00022 RDX: 0000000000000000 RSI: ffff8880478c9100 RDI: ffff888136f00998
00022  ? ofd_seq_load+0x605/0x1ac0 [ofd]
00022 RBP: ffff8880478c9070 R08: ffffffff83a16803 R09: 1ffffffff0742d00
00022  ? ofd_get_info_hdl+0xfdd/0x2330 [ofd]
00022 R10: dffffc0000000000 R11: fffffbfff0742d01 R12: ffff888119c64000
00022  ? tgt_request_handle+0x23ad/0x3d30 [ptlrpc]
00022 R13: dffffc0000000000 R14: 1ffff110266f9200 R15: 1ffff1102338c80f
00022  ? ptlrpc_main+0x6359/0x96f0 [ptlrpc]
00022  ? __kthread_parkme+0x73/0x130
00022 FS:  0000000000000000(0000) GS:ffff8881d4b2a000(0000) knlGS:0000000000000000
00022  ? kthread+0x2cd/0x3a0
00022  ? ptlrpc_start_thread+0x1f10/0x1f10 [ptlrpc]
00022 CS:  0010 DS: 0000 ES: 0000 CR0: 0000000080050033
00022  ? kthread_unuse_mm+0x130/0x130
00022  ? ret_from_fork+0x18c/0x520
00022  ? kthread_unuse_mm+0x130/0x130
00022 CR2: 00007f2e5b405780 CR3: 0000000004274000 CR4: 0000000000750eb0
00022  ? ret_from_fork_asm+0x11/0x20
00022  </TASK>
00022 ---[ end trace 0000000000000000 ]---
00022 PKRU: 55555554
00022 Call Trace:
00022  <TASK>
00022 ------------[ cut here ]------------
00022  ? local_object_create+0x109/0x640 [obdclass]
00022 WARNING: /home/ktest/git/linux/include/linux/fs.h:889 at osd_create+0x9cf/0xcf0 [osd_wbcfs], CPU#3: ll_ost00_002/1776
00022 Modules linked in: ofd(O) osp(O) mdd(O) lod(O) mdt(O) lquota(O) lfsck(O) mgs(O) osd_wbcfs(O) lustre(O) obdecho(O) mgc(O) mdc(O) lov(O) osc(O) lmv(O) ec(O) fid(O) fld(O) ptlrpc(O) efivarfs obdclass(O) ksocklnd(O) lnet(O) libcfs(O)
00022 CPU: 3 UID: 0 PID: 1776 Comm: ll_ost00_002 Tainted: G        W  O        7.0.0-ktest-908a7d5-6330a45-20260729-dirty #1 PREEMPT 
00022 Tainted: [W]=WARN, [O]=OOT_MODULE
00022 Hardware name: QEMU Standard PC (Q35 + ICH9, 2009), BIOS 2025.11-3ubuntu7 03/31/2026
00022 RIP: 0010:osd_create+0x9cf/0xcf0 [osd_wbcfs]
00022 Code: c7 c7 00 96 7b a1 48 c7 c6 a0 12 7d a1 48 c7 c2 00 1c 7d a1 e8 52 f1 43 ff 48 c7 c7 00 96 7b a1 e8 46 81 44 ff e9 fe fc ff ff <0f> 0b e9 a5 fa ff ff 48 c7 c1 80 44 5d a0 80 e1 07 80 c1 03 38 c1
00022 RSP: 0018:ffffc900011b7878 EFLAGS: 00010246
00022 RAX: 0000000000000000 RBX: ffff88813381d000 RCX: 0000000000000046
00022 RDX: 0000000000000000 RSI: ffff88802e846d38 RDI: ffff88802e5989e8
00022 RBP: ffff88802e846ca8 R08: ffffffff83a16803 R09: 1ffffffff0742d00
00022 R10: dffffc0000000000 R11: fffffbfff0742d01 R12: ffff88813faa3830
00022 R13: dffffc0000000000 R14: 1ffff11026703a00 R15: 1ffff11027f54742
00022  ? dt_write_lock+0x16d/0x2a0 [obdclass]
00022 FS:  0000000000000000(0000) GS:ffff8881d4baa000(0000) knlGS:0000000000000000
00022 CS:  0010 DS: 0000 ES: 0000 CR0: 0000000080050033
00022 CR2: 000055a56e404bd0 CR3: 000000011d648000 CR4: 0000000000750eb0
00022 PKRU: 55555554
00022 Call Trace:
00022  ? llog_osd_create+0x356/0x10d0 [obdclass]
00022  <TASK>
00022  ? ofd_precreate_objects+0x1bd8/0x3220 [ofd]
00022  ? llog_create+0x2ed/0x530 [obdclass]
00022  ? ofd_create_hdl+0x2015/0x3510 [ofd]
00022  ? llog_open_create+0x6e7/0xb30 [obdclass]
00022  ? tgt_request_handle+0x23ad/0x3d30 [ptlrpc]
00022  ? osp_sync_init+0xfc0/0x2760 [osp]
00022  ? ptlrpc_main+0x6359/0x96f0 [ptlrpc]
00022  ? osp_device_alloc+0x1b91/0x2e10 [osp]
00022  ? __kthread_parkme+0x73/0x130
00022  ? obd_setup+0x25c/0x950 [obdclass]
00022  ? kthread+0x2cd/0x3a0
00022  ? ptlrpc_start_thread+0x1f10/0x1f10 [ptlrpc]
00022  ? class_setup+0xc7d/0x10e0 [obdclass]
00022  ? kthread_unuse_mm+0x130/0x130
00022  ? ret_from_fork+0x18c/0x520
00022  ? kthread_unuse_mm+0x130/0x130
00022  ? class_process_config+0x2edb/0x7cb0 [obdclass]
00022  ? ret_from_fork_asm+0x11/0x20
00022  </TASK>
00022 ---[ end trace 0000000000000000 ]---
00022 ------------[ cut here ]------------
00022  ? __kasan_kmalloc+0x72/0x80
00022 WARNING: /home/ktest/git/linux/include/linux/fs.h:889 at osd_create+0x9cf/0xcf0 [osd_wbcfs], CPU#3: ll_ost00_002/1776
00022  ? class_config_llog_handler+0x2954/0x4f80 [obdclass]
00022 Modules linked in: ofd(O) osp(O) mdd(O) lod(O) mdt(O) lquota(O) lfsck(O) mgs(O) osd_wbcfs(O) lustre(O) obdecho(O) mgc(O) mdc(O)
00022  ? class_config_llog_handler+0x2cea/0x4f80 [obdclass]
00022  lov(O) osc(O) lmv(O) ec(O) fid(O) fld(O) ptlrpc(O) efivarfs obdclass(O) ksocklnd(O) lnet(O) libcfs(O)
00022 CPU: 3 UID: 0 PID: 1776 Comm: ll_ost00_002 Tainted: G        W  O        7.0.0-ktest-908a7d5-6330a45-20260729-dirty #1 PREEMPT 
00022  ? lustre_cfg_rec_free+0x350/0x350 [obdclass]
00022 Tainted: [W]=WARN, [O]=OOT_MODULE
00022 Hardware name: QEMU Standard PC (Q35 + ICH9, 2009), BIOS 2025.11-3ubuntu7 03/31/2026
00022 RIP: 0010:osd_create+0x9cf/0xcf0 [osd_wbcfs]
00022  ? llog_process_thread+0x1fd2/0x4f70 [obdclass]
00022 Code: c7 c7 00 96 7b a1 48 c7 c6 a0 12 7d a1 48 c7 c2 00 1c 7d a1 e8 52 f1 43 ff 48 c7 c7 00 96 7b a1 e8 46 81 44 ff e9 fe fc ff ff <0f> 0b e9 a5 fa ff ff 48 c7 c1 80 44 5d a0 80 e1 07 80 c1 03 38 c1
00022 RSP: 0018:ffffc900011b7878 EFLAGS: 00010246
00022 RAX: 0000000000000000 RBX: ffff88813381cc00 RCX: 0000000000000046
00022 RDX: 0000000000000000 RSI: ffff88802e846620 RDI: ffff88802e5989e8
00022 RBP: ffff88802e846590 R08: ffffffff83a16803 R09: 1ffffffff0742d00
00022 R10: dffffc0000000000 R11: fffffbfff0742d01 R12: ffff88813faa3830
00022 R13: dffffc0000000000 R14: 1ffff11026703980 R15: 1ffff11027f54742
00022 FS:  0000000000000000(0000) GS:ffff8881d4baa000(0000) knlGS:0000000000000000
00022  ? _raw_spin_unlock+0x23/0x40
00022 CS:  0010 DS: 0000 ES: 0000 CR0: 0000000080050033
00022 CR2: 000055a56e404bd0 CR3: 000000011d648000 CR4: 0000000000750eb0
00022 PKRU: 55555554
00022 Call Trace:
00022  <TASK>
00022  ? ofd_precreate_objects+0x1bd8/0x3220 [ofd]
00022  ? llog_process_thread_daemonize+0x16d/0x1b0 [obdclass]
00022  ? ofd_create_hdl+0x2015/0x3510 [ofd]
00022  ? kthread+0x2cd/0x3a0
00022  ? tgt_request_handle+0x23ad/0x3d30 [ptlrpc]
00022  ? ptlrpc_main+0x6359/0x96f0 [ptlrpc]
00022  ? __kthread_parkme+0x73/0x130
00022  ? llog_process_or_fork+0xc90/0xc90 [obdclass]
00022  ? kthread+0x2cd/0x3a0
00022  ? ptlrpc_start_thread+0x1f10/0x1f10 [ptlrpc]
00022  ? kthread_unuse_mm+0x130/0x130
00022  ? kthread_unuse_mm+0x130/0x130
00022  ? ret_from_fork+0x18c/0x520
00022  ? kthread_unuse_mm+0x130/0x130
00022  ? ret_from_fork_asm+0x11/0x20
00022  ? ret_from_fork+0x18c/0x520
00022  </TASK>
00022 ---[ end trace 0000000000000000 ]---
00022 ------------[ cut here ]------------
00022  ? kthread_unuse_mm+0x130/0x130
00022 WARNING: /home/ktest/git/linux/include/linux/fs.h:889 at osd_create+0x9cf/0xcf0 [osd_wbcfs], CPU#3: ll_ost00_002/1776
00022  ? ret_from_fork_asm+0x11/0x20
00022 Modules linked in: ofd(O) osp(O) mdd(O) lod(O) mdt(O) lquota(O) lfsck(O) mgs(O) osd_wbcfs(O) lustre(O) obdecho(O) mgc(O) mdc(O)
00022  </TASK>
00022  lov(O) osc(O) lmv(O) ec(O) fid(O) fld(O) ptlrpc(O) efivarfs obdclass(O) ksocklnd(O) lnet(O) libcfs(O)
00022 CPU: 3 UID: 0 PID: 1776 Comm: ll_ost00_002 Tainted: G        W  O        7.0.0-ktest-908a7d5-6330a45-20260729-dirty #1 PREEMPT 
00022 ---[ end trace 0000000000000000 ]---
00022 Tainted: [W]=WARN, [O]=OOT_MODULE
00022 Hardware name: QEMU Standard PC (Q35 + ICH9, 2009), BIOS 2025.11-3ubuntu7 03/31/2026
00022 RIP: 0010:osd_create+0x9cf/0xcf0 [osd_wbcfs]
00022 ------------[ cut here ]------------
00022 Code: c7 c7 00 96 7b a1 48 c7 c6 a0 12 7d a1 48 c7 c2 00 1c 7d a1 e8 52 f1 43 ff 48 c7 c7 00 96 7b a1 e8 46 81 44 ff e9 fe fc ff ff <0f> 0b e9 a5 fa ff ff 48 c7 c1 80 44 5d a0 80 e1 07 80 c1 03 38 c1
00022 RSP: 0018:ffffc900011b7878 EFLAGS: 00010246
00022 RAX: 0000000000000000 RBX: ffff88813381c800 RCX: 0000000000000046
00022 RDX: 0000000000000000 RSI: ffff88802e845f08 RDI: ffff88802e5989e8
00022 RBP: ffff88802e845e78 R08: ffffffff83a16803 R09: 1ffffffff0742d00
00022 R10: dffffc0000000000 R11: fffffbfff0742d01 R12: ffff88813faa3830
00022 R13: dffffc0000000000 R14: 1ffff11026703900 R15: 1ffff11027f54742
00022 WARNING: /home/ktest/git/linux/include/linux/fs.h:889 at osd_create+0x9cf/0xcf0 [osd_wbcfs], CPU#2: llog_process_th/1809
00022 FS:  0000000000000000(0000) GS:ffff8881d4baa000(0000) knlGS:0000000000000000
00022 CS:  0010 DS: 0000 ES: 0000 CR0: 0000000080050033
00022 CR2: 000055a56e404bd0 CR3: 000000011d648000 CR4: 0000000000750eb0
00022 PKRU: 55555554
00022 Call Trace:
00022  <TASK>
00022  ? ofd_precreate_objects+0x1bd8/0x3220 [ofd]
00022 Modules linked in:
00022  ? ofd_create_hdl+0x2015/0x3510 [ofd]
00022  ofd(O)
00022  ? tgt_request_handle+0x23ad/0x3d30 [ptlrpc]
00022  osp(O)
00022  ? ptlrpc_main+0x6359/0x96f0 [ptlrpc]
00022  mdd(O)
00022  ? __kthread_parkme+0x73/0x130
00022  lod(O)
00022  ? kthread+0x2cd/0x3a0
00022  ? ptlrpc_start_thread+0x1f10/0x1f10 [ptlrpc]
00022  mdt(O)
00022  ? kthread_unuse_mm+0x130/0x130
00022  ? ret_from_fork+0x18c/0x520
00022  ? kthread_unuse_mm+0x130/0x130
00022  ? ret_from_fork_asm+0x11/0x20
00022  lquota(O)
00022  </TASK>
00022 ---[ end trace 0000000000000000 ]---
00022 ------------[ cut here ]------------
00022  lfsck(O)
00022 WARNING: /home/ktest/git/linux/include/linux/fs.h:889 at osd_create+0x9cf/0xcf0 [osd_wbcfs], CPU#3: ll_ost00_002/1776
00022  mgs(O)
00022 Modules linked in: ofd(O) osp(O) mdd(O) lod(O) mdt(O) lquota(O) lfsck(O) mgs(O) osd_wbcfs(O) lustre(O) obdecho(O) mgc(O) mdc(O) lov(O)
00022  osd_wbcfs(O)
00022  osc(O) lmv(O) ec(O) fid(O) fld(O) ptlrpc(O) efivarfs obdclass(O) ksocklnd(O) lnet(O) libcfs(O)
00022 CPU: 3 UID: 0 PID: 1776 Comm: ll_ost00_002 Tainted: G        W  O        7.0.0-ktest-908a7d5-6330a45-20260729-dirty #1 PREEMPT 
00022  lustre(O)
00022 Tainted: [W]=WARN, [O]=OOT_MODULE
00022 Hardware name: QEMU Standard PC (Q35 + ICH9, 2009), BIOS 2025.11-3ubuntu7 03/31/2026
00022 RIP: 0010:osd_create+0x9cf/0xcf0 [osd_wbcfs]
00022  obdecho(O)
00022 Code: c7 c7 00 96 7b a1 48 c7 c6 a0 12 7d a1 48 c7 c2 00 1c 7d a1 e8 52 f1 43 ff 48 c7 c7 00 96 7b a1 e8 46 81 44 ff e9 fe fc ff ff <0f> 0b e9 a5 fa ff ff 48 c7 c1 80 44 5d a0 80 e1 07 80 c1 03 38 c1
00022 RSP: 0018:ffffc900011b7878 EFLAGS: 00010246
00022 RAX: 0000000000000000 RBX: ffff888133835000 RCX: 0000000000000046
00022 RDX: 0000000000000000 RSI: ffff88802e8457f0 RDI: ffff88802e5989e8
00022 RBP: ffff88802e845760 R08: ffffffff83a16803 R09: 1ffffffff0742d00
00022 R10: dffffc0000000000 R11: fffffbfff0742d01 R12: ffff88813faa3830
00022 R13: dffffc0000000000 R14: 1ffff11026706a00 R15: 1ffff11027f54742
00022 FS:  0000000000000000(0000) GS:ffff8881d4baa000(0000) knlGS:0000000000000000
00022  mgc(O)
00022 CS:  0010 DS: 0000 ES: 0000 CR0: 0000000080050033
00022 CR2: 000055a56e404bd0 CR3: 000000011d648000 CR4: 0000000000750eb0
00022 PKRU: 55555554
00022 Call Trace:
00022  <TASK>
00022  ? ofd_precreate_objects+0x1bd8/0x3220 [ofd]
00022  mdc(O)
00022  ? ofd_create_hdl+0x2015/0x3510 [ofd]
00022  lov(O)
00022  ? tgt_request_handle+0x23ad/0x3d30 [ptlrpc]
00022  osc(O)
00022  ? ptlrpc_main+0x6359/0x96f0 [ptlrpc]
00022  lmv(O)
00022  ? __kthread_parkme+0x73/0x130
00022  ec(O)
00022  ? kthread+0x2cd/0x3a0
00022  ? ptlrpc_start_thread+0x1f10/0x1f10 [ptlrpc]
00022  fid(O)
00022  ? kthread_unuse_mm+0x130/0x130
00022  ? ret_from_fork+0x18c/0x520
00022  fld(O)
00022  ? kthread_unuse_mm+0x130/0x130
00022  ? ret_from_fork_asm+0x11/0x20
00022  </TASK>
00022  ptlrpc(O)
00022 ---[ end trace 0000000000000000 ]---
00022 ------------[ cut here ]------------
00022  efivarfs
00022 WARNING: /home/ktest/git/linux/include/linux/fs.h:889 at osd_create+0x9cf/0xcf0 [osd_wbcfs], CPU#3: ll_ost00_002/1776
00022  obdclass(O)
00022 Modules linked in: ofd(O) osp(O) mdd(O) lod(O) mdt(O) lquota(O) lfsck(O)
00022  ksocklnd(O)
00022  mgs(O) osd_wbcfs(O) lustre(O) obdecho(O) mgc(O) mdc(O) lov(O) osc(O)
00022  lnet(O)
00022  lmv(O) ec(O) fid(O) fld(O) ptlrpc(O) efivarfs obdclass(O) ksocklnd(O) lnet(O) libcfs(O)
00022 CPU: 3 UID: 0 PID: 1776 Comm: ll_ost00_002 Tainted: G        W  O        7.0.0-ktest-908a7d5-6330a45-20260729-dirty #1 PREEMPT 
00022  libcfs(O)
00022 Tainted: [W]=WARN, [O]=OOT_MODULE
00022 Hardware name: QEMU Standard PC (Q35 + ICH9, 2009), BIOS 2025.11-3ubuntu7 03/31/2026
00022 RIP: 0010:osd_create+0x9cf/0xcf0 [osd_wbcfs]
00022 
00022 Code: c7 c7 00 96 7b a1 48 c7 c6 a0 12 7d a1 48 c7 c2 00 1c 7d a1 e8 52 f1 43 ff 48 c7 c7 00 96 7b a1 e8 46 81 44 ff e9 fe fc ff ff <0f> 0b e9 a5 fa ff ff 48 c7 c1 80 44 5d a0 80 e1 07 80 c1 03 38 c1
00022 RSP: 0018:ffffc900011b7878 EFLAGS: 00010246
00022 RAX: 0000000000000000 RBX: ffff888133834c00 RCX: 0000000000000046
00022 RDX: 0000000000000000 RSI: ffff888137bf2648 RDI: ffff88802e5989e8
00022 CPU: 2 UID: 0 PID: 1809 Comm: llog_process_th Tainted: G        W  O        7.0.0-ktest-908a7d5-6330a45-20260729-dirty #1 PREEMPT 
00022 RBP: ffff888137bf25b8 R08: ffffffff83a16803 R09: 1ffffffff0742d00
00022 R10: dffffc0000000000 R11: fffffbfff0742d01 R12: ffff88813faa3830
00022 R13: dffffc0000000000 R14: 1ffff11026706980 R15: 1ffff11027f54742
00022 FS:  0000000000000000(0000) GS:ffff8881d4baa000(0000) knlGS:0000000000000000
00022 CS:  0010 DS: 0000 ES: 0000 CR0: 0000000080050033
00022 CR2: 000055a56e404bd0 CR3: 000000011d648000 CR4: 0000000000750eb0
00022 Tainted: [W]=WARN, [O]=OOT_MODULE
00022 PKRU: 55555554
00022 Call Trace:
00022  <TASK>
00022  ? ofd_precreate_objects+0x1bd8/0x3220 [ofd]
00022 Hardware name: QEMU Standard PC (Q35 + ICH9, 2009), BIOS 2025.11-3ubuntu7 03/31/2026
00022  ? ofd_create_hdl+0x2015/0x3510 [ofd]
00022 RIP: 0010:osd_create+0x9cf/0xcf0 [osd_wbcfs]
00022  ? tgt_request_handle+0x23ad/0x3d30 [ptlrpc]
00022  ? ptlrpc_main+0x6359/0x96f0 [ptlrpc]
00022 Code: c7 c7 00 96 7b a1 48 c7 c6 a0 12 7d a1 48 c7 c2 00 1c 7d a1 e8 52 f1 43 ff 48 c7 c7 00 96 7b a1 e8 46 81 44 ff e9 fe fc ff ff <0f> 0b e9 a5 fa ff ff 48 c7 c1 80 44 5d a0 80 e1 07 80 c1 03 38 c1
00022  ? __kthread_parkme+0x73/0x130
00022 RSP: 0018:ffffc90001987450 EFLAGS: 00010246
00022  ? kthread+0x2cd/0x3a0
00022  ? ptlrpc_start_thread+0x1f10/0x1f10 [ptlrpc]
00022 
00022  ? kthread_unuse_mm+0x130/0x130
00022  ? ret_from_fork+0x18c/0x520
00022  ? kthread_unuse_mm+0x130/0x130
00022 RAX: 0000000000000000 RBX: ffff8881337c8800 RCX: 0000000000000046
00022  ? ret_from_fork_asm+0x11/0x20
00022  </TASK>
00022 ---[ end trace 0000000000000000 ]---
00022 RDX: 0000000000000000 RSI: ffff8880478c89e8 RDI: ffff888136f009c0
00022 ------------[ cut here ]------------
00022 RBP: ffff8880478c8958 R08: ffffffff83a16803 R09: 1ffffffff0742d00
00022 WARNING: /home/ktest/git/linux/include/linux/fs.h:889 at osd_create+0x9cf/0xcf0 [osd_wbcfs], CPU#3: ll_ost00_002/1776
00022 R10: dffffc0000000000 R11: fffffbfff0742d01 R12: ffff888119c64000
00022 Modules linked in: ofd(O) osp(O) mdd(O) lod(O) mdt(O) lquota(O) lfsck(O) mgs(O) osd_wbcfs(O) lustre(O) obdecho(O) mgc(O)
00022 R13: dffffc0000000000 R14: 1ffff110266f9100 R15: 1ffff1102338c80f
00022  mdc(O) lov(O) osc(O) lmv(O) ec(O) fid(O) fld(O) ptlrpc(O) efivarfs obdclass(O) ksocklnd(O) lnet(O) libcfs(O)
00022 FS:  0000000000000000(0000) GS:ffff8881d4b2a000(0000) knlGS:0000000000000000
00022 CPU: 3 UID: 0 PID: 1776 Comm: ll_ost00_002 Tainted: G        W  O        7.0.0-ktest-908a7d5-6330a45-20260729-dirty #1 PREEMPT 
00022 Tainted: [W]=WARN, [O]=OOT_MODULE
00022 Hardware name: QEMU Standard PC (Q35 + ICH9, 2009), BIOS 2025.11-3ubuntu7 03/31/2026
00022 RIP: 0010:osd_create+0x9cf/0xcf0 [osd_wbcfs]
00022 CS:  0010 DS: 0000 ES: 0000 CR0: 0000000080050033
00022 Code: c7 c7 00 96 7b a1 48 c7 c6 a0 12 7d a1 48 c7 c2 00 1c 7d a1 e8 52 f1 43 ff 48 c7 c7 00 96 7b a1 e8 46 81 44 ff e9 fe fc ff ff <0f> 0b e9 a5 fa ff ff 48 c7 c1 80 44 5d a0 80 e1 07 80 c1 03 38 c1
00022 RSP: 0018:ffffc900011b7878 EFLAGS: 00010246
00022 RAX: 0000000000000000 RBX: ffff888133834800 RCX: 0000000000000046
00022 RDX: 0000000000000000 RSI: ffff888137bf1f30 RDI: ffff88802e5989e8
00022 RBP: ffff888137bf1ea0 R08: ffffffff83a16803 R09: 1ffffffff0742d00
00022 R10: dffffc0000000000 R11: fffffbfff0742d01 R12: ffff88813faa3830
00022 R13: dffffc0000000000 R14: 1ffff11026706900 R15: 1ffff11027f54742
00022 CR2: 00007f2e5b405780 CR3: 0000000004274000 CR4: 0000000000750eb0
00022 FS:  0000000000000000(0000) GS:ffff8881d4baa000(0000) knlGS:0000000000000000
00022 CS:  0010 DS: 0000 ES: 0000 CR0: 0000000080050033
00022 CR2: 000055a56e404bd0 CR3: 000000011d648000 CR4: 0000000000750eb0
00022 PKRU: 55555554
00022 Call Trace:
00022  <TASK>
00022 PKRU: 55555554
00022  ? ofd_precreate_objects+0x1bd8/0x3220 [ofd]
00022 Call Trace:
00022  ? ofd_create_hdl+0x2015/0x3510 [ofd]
00022  <TASK>
00022  ? tgt_request_handle+0x23ad/0x3d30 [ptlrpc]
00022  ? ptlrpc_main+0x6359/0x96f0 [ptlrpc]
00022  ? local_object_create+0x109/0x640 [obdclass]
00022  ? __kthread_parkme+0x73/0x130
00022  ? dt_write_lock+0x16d/0x2a0 [obdclass]
00022  ? kthread+0x2cd/0x3a0
00022  ? ptlrpc_start_thread+0x1f10/0x1f10 [ptlrpc]
00022  ? llog_osd_create+0x356/0x10d0 [obdclass]
00022  ? kthread_unuse_mm+0x130/0x130
00022  ? ret_from_fork+0x18c/0x520
00022  ? kthread_unuse_mm+0x130/0x130
00022  ? llog_create+0x2ed/0x530 [obdclass]
00022  ? ret_from_fork_asm+0x11/0x20
00022  </TASK>
00022 ---[ end trace 0000000000000000 ]---
00022 ------------[ cut here ]------------
00022  ? llog_cat_new_log+0x6d1/0x2970 [obdclass]
00022 WARNING: /home/ktest/git/linux/include/linux/fs.h:889 at osd_create+0x9cf/0xcf0 [osd_wbcfs], CPU#3: ll_ost00_002/1776
00022  ? llog_cat_add_rec+0x6ba/0x1960 [obdclass]
00022 Modules linked in: ofd(O) osp(O) mdd(O) lod(O) mdt(O) lquota(O) lfsck(O) mgs(O) osd_wbcfs(O) lustre(O) obdecho(O) mgc(O) mdc(O) lov(O)
00022  ? llog_cat_add+0x499/0x7a0 [obdclass]
00022  osc(O) lmv(O) ec(O) fid(O) fld(O) ptlrpc(O) efivarfs obdclass(O) ksocklnd(O) lnet(O) libcfs(O)
00022 CPU: 3 UID: 0 PID: 1776 Comm: ll_ost00_002 Tainted: G        W  O        7.0.0-ktest-908a7d5-6330a45-20260729-dirty #1 PREEMPT 
00022  ? osp_sync_init+0x1588/0x2760 [osp]
00022 Tainted: [W]=WARN, [O]=OOT_MODULE
00022 Hardware name: QEMU Standard PC (Q35 + ICH9, 2009), BIOS 2025.11-3ubuntu7 03/31/2026
00022 RIP: 0010:osd_create+0x9cf/0xcf0 [osd_wbcfs]
00022  ? osp_device_alloc+0x1b91/0x2e10 [osp]
00022 Code: c7 c7 00 96 7b a1 48 c7 c6 a0 12 7d a1 48 c7 c2 00 1c 7d a1 e8 52 f1 43 ff 48 c7 c7 00 96 7b a1 e8 46 81 44 ff e9 fe fc ff ff <0f> 0b e9 a5 fa ff ff 48 c7 c1 80 44 5d a0 80 e1 07 80 c1 03 38 c1
00022 RSP: 0018:ffffc900011b7878 EFLAGS: 00010246
00022 RAX: 0000000000000000 RBX: ffff88813388c000 RCX: 0000000000000046
00022 RDX: 0000000000000000 RSI: ffff888137bf1818 RDI: ffff88802e5989e8
00022 RBP: ffff888137bf1788 R08: ffffffff83a16803 R09: 1ffffffff0742d00
00022 R10: dffffc0000000000 R11: fffffbfff0742d01 R12: ffff88813faa3830
00022 R13: dffffc0000000000 R14: 1ffff11026711800 R15: 1ffff11027f54742
00022  ? obd_setup+0x25c/0x950 [obdclass]
00022 FS:  0000000000000000(0000) GS:ffff8881d4baa000(0000) knlGS:0000000000000000
00022 CS:  0010 DS: 0000 ES: 0000 CR0: 0000000080050033
00022 CR2: 000055a56e404bd0 CR3: 000000011d648000 CR4: 0000000000750eb0
00022 PKRU: 55555554
00022 Call Trace:
00022  <TASK>
00022  ? ofd_precreate_objects+0x1bd8/0x3220 [ofd]
00022  ? class_setup+0xc7d/0x10e0 [obdclass]
00022  ? ofd_create_hdl+0x2015/0x3510 [ofd]
00022  ? class_process_config+0x2edb/0x7cb0 [obdclass]
00022  ? tgt_request_handle+0x23ad/0x3d30 [ptlrpc]
00022  ? __kasan_kmalloc+0x72/0x80
00022  ? ptlrpc_main+0x6359/0x96f0 [ptlrpc]
00022  ? class_config_llog_handler+0x2954/0x4f80 [obdclass]
00022  ? __kthread_parkme+0x73/0x130
00022  ? class_config_llog_handler+0x2cea/0x4f80 [obdclass]
00022  ? kthread+0x2cd/0x3a0
00022  ? ptlrpc_start_thread+0x1f10/0x1f10 [ptlrpc]
00022  ? lustre_cfg_rec_free+0x350/0x350 [obdclass]
00022  ? kthread_unuse_mm+0x130/0x130
00022  ? ret_from_fork+0x18c/0x520
00022  ? kthread_unuse_mm+0x130/0x130
00022  ? ret_from_fork_asm+0x11/0x20
00022  ? llog_process_thread+0x1fd2/0x4f70 [obdclass]
00022  </TASK>
00022 ---[ end trace 0000000000000000 ]---
00022 ------------[ cut here ]------------
00022  ? _raw_spin_unlock+0x23/0x40
00022 WARNING: /home/ktest/git/linux/include/linux/fs.h:889 at osd_create+0x9cf/0xcf0 [osd_wbcfs], CPU#3: ll_ost00_002/1776
00022  ? llog_process_thread_daemonize+0x16d/0x1b0 [obdclass]
00022 Modules linked in: ofd(O) osp(O) mdd(O) lod(O) mdt(O) lquota(O) lfsck(O) mgs(O) osd_wbcfs(O) lustre(O) obdecho(O) mgc(O) mdc(O) lov(O)
00022  ? kthread+0x2cd/0x3a0
00022  osc(O) lmv(O) ec(O) fid(O) fld(O) ptlrpc(O) efivarfs obdclass(O) ksocklnd(O) lnet(O) libcfs(O)
00022 CPU: 3 UID: 0 PID: 1776 Comm: ll_ost00_002 Tainted: G        W  O        7.0.0-ktest-908a7d5-6330a45-20260729-dirty #1 PREEMPT 
00022  ? llog_process_or_fork+0xc90/0xc90 [obdclass]
00022 Tainted: [W]=WARN, [O]=OOT_MODULE
00022 Hardware name: QEMU Standard PC (Q35 + ICH9, 2009), BIOS 2025.11-3ubuntu7 03/31/2026
00022 RIP: 0010:osd_create+0x9cf/0xcf0 [osd_wbcfs]
00022  ? kthread_unuse_mm+0x130/0x130
00022 Code: c7 c7 00 96 7b a1 48 c7 c6 a0 12 7d a1 48 c7 c2 00 1c 7d a1 e8 52 f1 43 ff 48 c7 c7 00 96 7b a1 e8 46 81 44 ff e9 fe fc ff ff <0f> 0b e9 a5 fa ff ff 48 c7 c1 80 44 5d a0 80 e1 07 80 c1 03 38 c1
00022 RSP: 0018:ffffc900011b7878 EFLAGS: 00010246
00022 RAX: 0000000000000000 RBX: ffff88813388fc00 RCX: 0000000000000046
00022 RDX: 0000000000000000 RSI: ffff888137bf1100 RDI: ffff88802e5989e8
00022 RBP: ffff888137bf1070 R08: ffffffff83a16803 R09: 1ffffffff0742d00
00022 R10: dffffc0000000000 R11: fffffbfff0742d01 R12: ffff88813faa3830
00022 R13: dffffc0000000000 R14: 1ffff11026711f80 R15: 1ffff11027f54742
00022  ? ret_from_fork+0x18c/0x520
00022 FS:  0000000000000000(0000) GS:ffff8881d4baa000(0000) knlGS:0000000000000000
00022 CS:  0010 DS: 0000 ES: 0000 CR0: 0000000080050033
00022 CR2: 000055a56e404bd0 CR3: 000000011d648000 CR4: 0000000000750eb0
00022 PKRU: 55555554
00022 Call Trace:
00022  <TASK>
00022  ? kthread_unuse_mm+0x130/0x130
00022  ? ofd_precreate_objects+0x1bd8/0x3220 [ofd]
00022  ? ret_from_fork_asm+0x11/0x20
00022  ? ofd_create_hdl+0x2015/0x3510 [ofd]
00022  </TASK>
00022  ? tgt_request_handle+0x23ad/0x3d30 [ptlrpc]
00022  ? ptlrpc_main+0x6359/0x96f0 [ptlrpc]
00022 ---[ end trace 0000000000000000 ]---
00022  ? __kthread_parkme+0x73/0x130
00022  ? kthread+0x2cd/0x3a0
00022  ? ptlrpc_start_thread+0x1f10/0x1f10 [ptlrpc]
00022  ? kthread_unuse_mm+0x130/0x130
00022  ? ret_from_fork+0x18c/0x520
00022  ? kthread_unuse_mm+0x130/0x130
00022  ? ret_from_fork_asm+0x11/0x20
00022 ------------[ cut here ]------------
00022  </TASK>
00022 WARNING: /home/ktest/git/linux/include/linux/fs.h:889 at osd_create+0x9cf/0xcf0 [osd_wbcfs], CPU#0: ll_ost00_000/1774
00022 ---[ end trace 0000000000000000 ]---
00022 Modules linked in: ofd(O) osp(O) mdd(O) lod(O) mdt(O) lquota(O) lfsck(O) mgs(O) osd_wbcfs(O) lustre(O) obdecho(O) mgc(O) mdc(O) lov(O)
00022 ------------[ cut here ]------------
00022 WARNING: /home/ktest/git/linux/include/linux/fs.h:889 at osd_create+0x9cf/0xcf0 [osd_wbcfs], CPU#3: ll_ost00_002/1776
00022  osc(O)
00022 Modules linked in:
00022  lmv(O)
00022  ofd(O)
00022  ec(O)
00022  osp(O)
00022  fid(O)
00022  mdd(O)
00022  fld(O)
00022  lod(O)
00022  ptlrpc(O)
00022  mdt(O)
00022  efivarfs
00022  lquota(O)
00022  obdclass(O)
00022  lfsck(O)
00022  ksocklnd(O)
00022  mgs(O)
00022  lnet(O)
00022  osd_wbcfs(O)
00022  libcfs(O)
00022  lustre(O)
00022 
00022  obdecho(O)
00022 CPU: 0 UID: 0 PID: 1774 Comm: ll_ost00_000 Tainted: G        W  O        7.0.0-ktest-908a7d5-6330a45-20260729-dirty #1 PREEMPT 
00022  mgc(O)
00022 Tainted: [W]=WARN, [O]=OOT_MODULE
00022  mdc(O)
00022 Hardware name: QEMU Standard PC (Q35 + ICH9, 2009), BIOS 2025.11-3ubuntu7 03/31/2026
00022  lov(O)
00022 RIP: 0010:osd_create+0x9cf/0xcf0 [osd_wbcfs]
00022  osc(O)
00022 Code: c7 c7 00 96 7b a1 48 c7 c6 a0 12 7d a1 48 c7 c2 00 1c 7d a1 e8 52 f1 43 ff 48 c7 c7 00 96 7b a1 e8 46 81 44 ff e9 fe fc ff ff <0f> 0b e9 a5 fa ff ff 48 c7 c1 80 44 5d a0 80 e1 07 80 c1 03 38 c1
00022  lmv(O)
00022 RSP: 0018:ffffc90001737950 EFLAGS: 00010246
00022  ec(O)
00022 
00022  fid(O)
00022 RAX: 0000000000000000 RBX: ffff888133a81000 RCX: 0000000000000046
00022  fld(O)
00022 RDX: 0000000000000000 RSI: ffff88804745bb90 RDI: ffff88802e59cb18
00022  ptlrpc(O)
00022 RBP: ffff88804745bb00 R08: ffffffff83a16803 R09: 1ffffffff0742d00
00022  efivarfs
00022 R10: dffffc0000000000 R11: fffffbfff0742d01 R12: ffff88813faa4030
00022  obdclass(O)
00022 R13: dffffc0000000000 R14: 1ffff11026750200 R15: 1ffff11027f54842
00022 FS:  0000000000000000(0000) GS:ffff8881d4a2a000(0000) knlGS:0000000000000000
00022  ksocklnd(O)
00022 CS:  0010 DS: 0000 ES: 0000 CR0: 0000000080050033
00022  lnet(O)
00022 CR2: 00007f48474056f0 CR3: 000000011d648000 CR4: 0000000000750eb0
00022  libcfs(O)
00022 PKRU: 55555554
00022 
00022 Call Trace:
00022 CPU: 3 UID: 0 PID: 1776 Comm: ll_ost00_002 Tainted: G        W  O        7.0.0-ktest-908a7d5-6330a45-20260729-dirty #1 PREEMPT 
00022  <TASK>
00022 Tainted: [W]=WARN, [O]=OOT_MODULE
00022  ? dt_find_or_create+0x81a/0x1170 [obdclass]
00022 Hardware name: QEMU Standard PC (Q35 + ICH9, 2009), BIOS 2025.11-3ubuntu7 03/31/2026
00022  ? ofd_seq_load+0x605/0x1ac0 [ofd]
00022 RIP: 0010:osd_create+0x9cf/0xcf0 [osd_wbcfs]
00022  ? ofd_get_info_hdl+0xfdd/0x2330 [ofd]
00022 Code: c7 c7 00 96 7b a1 48 c7 c6 a0 12 7d a1 48 c7 c2 00 1c 7d a1 e8 52 f1 43 ff 48 c7 c7 00 96 7b a1 e8 46 81 44 ff e9 fe fc ff ff <0f> 0b e9 a5 fa ff ff 48 c7 c1 80 44 5d a0 80 e1 07 80 c1 03 38 c1
00022  ? tgt_request_handle+0x23ad/0x3d30 [ptlrpc]
00022 RSP: 0018:ffffc900011b7878 EFLAGS: 00010246
00022 RAX: 0000000000000000 RBX: ffff88813388f800 RCX: 0000000000000046
00022  ? ptlrpc_main+0x6359/0x96f0 [ptlrpc]
00022 RDX: 0000000000000000 RSI: ffff888137bf09e8 RDI: ffff88802e5989e8
00022 RBP: ffff888137bf0958 R08: ffffffff83a16803 R09: 1ffffffff0742d00
00022 R10: dffffc0000000000 R11: fffffbfff0742d01 R12: ffff88813faa3830
00022 R13: dffffc0000000000 R14: 1ffff11026711f00 R15: 1ffff11027f54742
00022 FS:  0000000000000000(0000) GS:ffff8881d4baa000(0000) knlGS:0000000000000000
00022 CS:  0010 DS: 0000 ES: 0000 CR0: 0000000080050033
00022 CR2: 000055a56e404bd0 CR3: 000000011d648000 CR4: 0000000000750eb0
00022 PKRU: 55555554
00022 Call Trace:
00022  <TASK>
00022  ? ofd_precreate_objects+0x1bd8/0x3220 [ofd]
00022  ? ofd_create_hdl+0x2015/0x3510 [ofd]
00022  ? __kthread_parkme+0x73/0x130
00022  ? tgt_request_handle+0x23ad/0x3d30 [ptlrpc]
00022  ? kthread+0x2cd/0x3a0
00022  ? ptlrpc_main+0x6359/0x96f0 [ptlrpc]
00022  ? ptlrpc_start_thread+0x1f10/0x1f10 [ptlrpc]
00022  ? __kthread_parkme+0x73/0x130
00022  ? kthread_unuse_mm+0x130/0x130
00022  ? kthread+0x2cd/0x3a0
00022  ? ret_from_fork+0x18c/0x520
00022  ? ptlrpc_start_thread+0x1f10/0x1f10 [ptlrpc]
00022  ? kthread_unuse_mm+0x130/0x130
00022  ? ret_from_fork_asm+0x11/0x20
00022  </TASK>
00022 ---[ end trace 0000000000000000 ]---
00022  ? kthread_unuse_mm+0x130/0x130
00022  ? ret_from_fork+0x18c/0x520
00022  ? kthread_unuse_mm+0x130/0x130
00022  ? ret_from_fork_asm+0x11/0x20
00022  </TASK>
00022 ---[ end trace 0000000000000000 ]---
00022 ------------[ cut here ]------------
00022 ------------[ cut here ]------------
00022 WARNING: /home/ktest/git/linux/include/linux/fs.h:889 at osd_create+0x9cf/0xcf0 [osd_wbcfs], CPU#0: ll_ost00_000/1774
00022 WARNING: /home/ktest/git/linux/include/linux/fs.h:889 at osd_create+0x9cf/0xcf0 [osd_wbcfs], CPU#3: ll_ost00_002/1776
00022 Modules linked in:
00022 Modules linked in: ofd(O) osp(O)
00022  ofd(O)
00022  mdd(O)
00022  osp(O)
00022  lod(O)
00022  mdd(O)
00022  mdt(O)
00022  lod(O)
00022  lquota(O)
00022  mdt(O)
00022  lfsck(O)
00022  lquota(O)
00022  mgs(O)
00022  lfsck(O)
00022  osd_wbcfs(O)
00022  mgs(O)
00022  lustre(O)
00022  osd_wbcfs(O)
00022  obdecho(O)
00022  lustre(O)
00022  mgc(O)
00022  obdecho(O)
00022  mdc(O)
00022  mgc(O)
00022  lov(O)
00022  mdc(O)
00022  osc(O)
00022  lov(O)
00022  lmv(O)
00022  osc(O)
00022  ec(O)
00022  lmv(O)
00022  fid(O)
00022  ec(O)
00022  fld(O)
00022  fid(O)
00022  ptlrpc(O)
00022  fld(O)
00022  efivarfs
00022  ptlrpc(O)
00022  obdclass(O)
00022  efivarfs
00022  ksocklnd(O)
00022  obdclass(O)
00022  lnet(O)
00022  ksocklnd(O)
00022  libcfs(O)
00022  lnet(O)
00022 
00022  libcfs(O)
00022 CPU: 3 UID: 0 PID: 1776 Comm: ll_ost00_002 Tainted: G        W  O        7.0.0-ktest-908a7d5-6330a45-20260729-dirty #1 PREEMPT 
00022 
00022 Tainted: [W]=WARN, [O]=OOT_MODULE
00022 CPU: 0 UID: 0 PID: 1774 Comm: ll_ost00_000 Tainted: G        W  O        7.0.0-ktest-908a7d5-6330a45-20260729-dirty #1 PREEMPT 
00022 Hardware name: QEMU Standard PC (Q35 + ICH9, 2009), BIOS 2025.11-3ubuntu7 03/31/2026
00022 Tainted: [W]=WARN, [O]=OOT_MODULE
00022 RIP: 0010:osd_create+0x9cf/0xcf0 [osd_wbcfs]
00022 Hardware name: QEMU Standard PC (Q35 + ICH9, 2009), BIOS 2025.11-3ubuntu7 03/31/2026
00022 Code: c7 c7 00 96 7b a1 48 c7 c6 a0 12 7d a1 48 c7 c2 00 1c 7d a1 e8 52 f1 43 ff 48 c7 c7 00 96 7b a1 e8 46 81 44 ff e9 fe fc ff ff <0f> 0b e9 a5 fa ff ff 48 c7 c1 80 44 5d a0 80 e1 07 80 c1 03 38 c1
00022 RIP: 0010:osd_create+0x9cf/0xcf0 [osd_wbcfs]
00022 RSP: 0018:ffffc900011b7878 EFLAGS: 00010246
00022 Code: c7 c7 00 96 7b a1 48 c7 c6 a0 12 7d a1 48 c7 c2 00 1c 7d a1 e8 52 f1 43 ff 48 c7 c7 00 96 7b a1 e8 46 81 44 ff e9 fe fc ff ff <0f> 0b e9 a5 fa ff ff 48 c7 c1 80 44 5d a0 80 e1 07 80 c1 03 38 c1
00022 
00022 RSP: 0018:ffffc90001737878 EFLAGS: 00010246
00022 RAX: 0000000000000000 RBX: ffff88813367a400 RCX: 0000000000000046
00022 
00022 RDX: 0000000000000000 RSI: ffff888137bf02d0 RDI: ffff88802e5989e8
00022 RAX: 0000000000000000 RBX: ffff888105703800 RCX: 0000000000000046
00022 RBP: ffff888137bf0240 R08: ffffffff83a16803 R09: 1ffffffff0742d00
00022 RDX: 0000000000000000 RSI: ffff88804745b478 RDI: ffff88802e59cb68
00022 R10: dffffc0000000000 R11: fffffbfff0742d01 R12: ffff88813faa3830
00022 RBP: ffff88804745b3e8 R08: ffffffff83a16803 R09: 1ffffffff0742d00
00022 R13: dffffc0000000000 R14: 1ffff110266cf480 R15: 1ffff11027f54742
00022 R10: dffffc0000000000 R11: fffffbfff0742d01 R12: ffff88813faa4030
00022 FS:  0000000000000000(0000) GS:ffff8881d4baa000(0000) knlGS:0000000000000000
00022 R13: dffffc0000000000 R14: 1ffff11020ae0700 R15: 1ffff11027f54842
00022 CS:  0010 DS: 0000 ES: 0000 CR0: 0000000080050033
00022 FS:  0000000000000000(0000) GS:ffff8881d4a2a000(0000) knlGS:0000000000000000
00022 CR2: 000055a56e404bd0 CR3: 000000011d648000 CR4: 0000000000750eb0
00022 CS:  0010 DS: 0000 ES: 0000 CR0: 0000000080050033
00022 PKRU: 55555554
00022 CR2: 00007f48474056f0 CR3: 000000011d648000 CR4: 0000000000750eb0
00022 Call Trace:
00022 PKRU: 55555554
00022  <TASK>
00022 Call Trace:
00022  ? ofd_precreate_objects+0x1bd8/0x3220 [ofd]
00022  <TASK>
00022  ? ofd_create_hdl+0x2015/0x3510 [ofd]
00022  ? ofd_precreate_objects+0x1bd8/0x3220 [ofd]
00022  ? ofd_create_hdl+0x2015/0x3510 [ofd]
00022  ? tgt_request_handle+0x23ad/0x3d30 [ptlrpc]
00022  ? tgt_request_handle+0x23ad/0x3d30 [ptlrpc]
00022  ? ptlrpc_main+0x6359/0x96f0 [ptlrpc]
00022  ? __kthread_parkme+0x73/0x130
00022  ? ptlrpc_main+0x6359/0x96f0 [ptlrpc]
00022  ? kthread+0x2cd/0x3a0
00022  ? ptlrpc_start_thread+0x1f10/0x1f10 [ptlrpc]
00022  ? __kthread_parkme+0x73/0x130
00022  ? kthread+0x2cd/0x3a0
00022  ? ptlrpc_start_thread+0x1f10/0x1f10 [ptlrpc]
00022  ? kthread_unuse_mm+0x130/0x130
00022  ? ret_from_fork+0x18c/0x520
00022  ? kthread_unuse_mm+0x130/0x130
00022  ? ret_from_fork_asm+0x11/0x20
00022  </TASK>
00022 ---[ end trace 0000000000000000 ]---
00022 ------------[ cut here ]------------
00022 WARNING: /home/ktest/git/linux/include/linux/fs.h:889 at osd_create+0x9cf/0xcf0 [osd_wbcfs], CPU#3: ll_ost00_002/1776
00022  ? kthread_unuse_mm+0x130/0x130
00022 Modules linked in:
00022  ? ret_from_fork+0x18c/0x520
00022  ofd(O)
00022  ? kthread_unuse_mm+0x130/0x130
00022  osp(O)
00022  ? ret_from_fork_asm+0x11/0x20
00022  mdd(O)
00022  </TASK>
00022  lod(O)
00022 ---[ end trace 0000000000000000 ]---
00022  mdt(O)
00022 ------------[ cut here ]------------
00022  lquota(O)
00022 WARNING: /home/ktest/git/linux/include/linux/fs.h:889 at osd_create+0x9cf/0xcf0 [osd_wbcfs], CPU#0: ll_ost00_000/1774
00022  lfsck(O)
00022 Modules linked in:
00022  mgs(O)
00022  ofd(O)
00022  osd_wbcfs(O)
00022  osp(O)
00022  lustre(O)
00022  mdd(O)
00022  obdecho(O)
00022  lod(O)
00022  mgc(O)
00022  mdt(O)
00022  mdc(O)
00022  lquota(O)
00022  lov(O)
00022  lfsck(O)
00022  osc(O)
00022  mgs(O)
00022  lmv(O)
00022  osd_wbcfs(O)
00022  ec(O)
00022  lustre(O)
00022  fid(O)
00022  obdecho(O)
00022  fld(O)
00022  mgc(O)
00022  ptlrpc(O)
00022  mdc(O)
00022  efivarfs
00022  lov(O)
00022  obdclass(O)
00022  osc(O)
00022  ksocklnd(O)
00022  lmv(O)
00022  lnet(O)
00022  ec(O)
00022  libcfs(O)
00022  fid(O)
00022 
00022  fld(O)
00022 CPU: 3 UID: 0 PID: 1776 Comm: ll_ost00_002 Tainted: G        W  O        7.0.0-ktest-908a7d5-6330a45-20260729-dirty #1 PREEMPT 
00022  ptlrpc(O)
00022 Tainted: [W]=WARN, [O]=OOT_MODULE
00022  efivarfs
00022 Hardware name: QEMU Standard PC (Q35 + ICH9, 2009), BIOS 2025.11-3ubuntu7 03/31/2026
00022  obdclass(O)
00022 RIP: 0010:osd_create+0x9cf/0xcf0 [osd_wbcfs]
00022  ksocklnd(O)
00022 Code: c7 c7 00 96 7b a1 48 c7 c6 a0 12 7d a1 48 c7 c2 00 1c 7d a1 e8 52 f1 43 ff 48 c7 c7 00 96 7b a1 e8 46 81 44 ff e9 fe fc ff ff <0f> 0b e9 a5 fa ff ff 48 c7 c1 80 44 5d a0 80 e1 07 80 c1 03 38 c1
00022  lnet(O)
00022 RSP: 0018:ffffc900011b7878 EFLAGS: 00010246
00022  libcfs(O)
00022 
00022 
00022 RAX: 0000000000000000 RBX: ffff88813367a000 RCX: 0000000000000046
00022 CPU: 0 UID: 0 PID: 1774 Comm: ll_ost00_000 Tainted: G        W  O        7.0.0-ktest-908a7d5-6330a45-20260729-dirty #1 PREEMPT 
00022 ------------[ cut here ]------------
00022 WARNING: /home/ktest/git/linux/include/linux/fs.h:889 at osd_create+0x9cf/0xcf0 [osd_wbcfs], CPU#2: llog_process_th/1816
00022 Modules linked in: ofd(O) osp(O) mdd(O) lod(O) mdt(O) lquota(O) lfsck(O) mgs(O) osd_wbcfs(O) lustre(O) obdecho(O) mgc(O) mdc(O) lov(O) osc(O) lmv(O) ec(O) fid(O) fld(O) ptlrpc(O) efivarfs obdclass(O) ksocklnd(O) lnet(O) libcfs(O)
00022 CPU: 2 UID: 0 PID: 1816 Comm: llog_process_th Tainted: G        W  O        7.0.0-ktest-908a7d5-6330a45-20260729-dirty #1 PREEMPT 
00022 Tainted: [W]=WARN, [O]=OOT_MODULE
00022 Hardware name: QEMU Standard PC (Q35 + ICH9, 2009), BIOS 2025.11-3ubuntu7 03/31/2026
00022 RIP: 0010:osd_create+0x9cf/0xcf0 [osd_wbcfs]
00022 Code: c7 c7 00 96 7b a1 48 c7 c6 a0 12 7d a1 48 c7 c2 00 1c 7d a1 e8 52 f1 43 ff 48 c7 c7 00 96 7b a1 e8 46 81 44 ff e9 fe fc ff ff <0f> 0b e9 a5 fa ff ff 48 c7 c1 80 44 5d a0 80 e1 07 80 c1 03 38 c1
00022 RSP: 0018:ffffc900073ef6c0 EFLAGS: 00010246
00022 RAX: 0000000000000000 RBX: ffff888132c2ac00 RCX: 0000000000000046
00022 RDX: 0000000000000000 RSI: ffff8880478c82d0 RDI: ffff888135a7cb18
00022 RBP: ffff8880478c8240 R08: ffffffff83a16803 R09: 1ffffffff0742d00
00022 R10: dffffc0000000000 R11: fffffbfff0742d01 R12: ffff88811c748830
00022 R13: dffffc0000000000 R14: 1ffff11026585580 R15: 1ffff92000e7def8
00022 FS:  0000000000000000(0000) GS:ffff8881d4b2a000(0000) knlGS:0000000000000000
00022 CS:  0010 DS: 0000 ES: 0000 CR0: 0000000080050033
00022 CR2: 00007f2e5b405780 CR3: 0000000004274000 CR4: 0000000000750eb0
00022 PKRU: 55555554
00022 Call Trace:
00022  <TASK>
00022 RDX: 0000000000000000 RSI: ffff8880478cfb68 RDI: ffff88802e5989e8
00022 Tainted: [W]=WARN, [O]=OOT_MODULE
00022  ? dt_find_or_create+0x81a/0x1170 [obdclass]
00022 RBP: ffff8880478cfad8 R08: ffffffff83a16803 R09: 1ffffffff0742d00
00022 Hardware name: QEMU Standard PC (Q35 + ICH9, 2009), BIOS 2025.11-3ubuntu7 03/31/2026
00022 R10: dffffc0000000000 R11: fffffbfff0742d01 R12: ffff88813faa3830
00022 RIP: 0010:osd_create+0x9cf/0xcf0 [osd_wbcfs]
00022  ? osp_find_or_create_local_file+0x266/0x690 [osp]
00022  ? osp_last_used_init+0x22c/0x2150 [osp]
00022  ? client_fid_init+0x636/0x9f0 [fid]
00022 R13: dffffc0000000000 R14: 1ffff110266cf400 R15: 1ffff11027f54742
00022  ? osp_device_alloc+0x19a2/0x2e10 [osp]
00022  ? obd_setup+0x25c/0x950 [obdclass]
00022 Code: c7 c7 00 96 7b a1 48 c7 c6 a0 12 7d a1 48 c7 c2 00 1c 7d a1 e8 52 f1 43 ff 48 c7 c7 00 96 7b a1 e8 46 81 44 ff e9 fe fc ff ff <0f> 0b e9 a5 fa ff ff 48 c7 c1 80 44 5d a0 80 e1 07 80 c1 03 38 c1
00022 FS:  0000000000000000(0000) GS:ffff8881d4baa000(0000) knlGS:0000000000000000
00022  ? class_setup+0xc7d/0x10e0 [obdclass]
00022 RSP: 0018:ffffc90001737878 EFLAGS: 00010246
00022  ? class_process_config+0x2edb/0x7cb0 [obdclass]
00022  ? __kasan_kmalloc+0x72/0x80
00022  ? class_config_llog_handler+0x2954/0x4f80 [obdclass]
00022 CS:  0010 DS: 0000 ES: 0000 CR0: 0000000080050033
00022  ? class_config_llog_handler+0x2cea/0x4f80 [obdclass]
00022 
00022 CR2: 000055a56e404bd0 CR3: 000000011d648000 CR4: 0000000000750eb0
00022  ? lustre_cfg_rec_free+0x350/0x350 [obdclass]
00022 RAX: 0000000000000000 RBX: ffff888133bc4000 RCX: 0000000000000046
00022 PKRU: 55555554
00022  ? llog_process_thread+0x1fd2/0x4f70 [obdclass]
00022  ? _raw_spin_unlock+0x23/0x40
00022  ? llog_process_thread_daemonize+0x16d/0x1b0 [obdclass]
00022 RDX: 0000000000000000 RSI: ffff88804745ad60 RDI: ffff88802e59cb68
00022  ? kthread+0x2cd/0x3a0
00022 Call Trace:
00022  <TASK>
00022  ? ofd_precreate_objects+0x1bd8/0x3220 [ofd]
00022  ? llog_process_or_fork+0xc90/0xc90 [obdclass]
00022 RBP: ffff88804745acd0 R08: ffffffff83a16803 R09: 1ffffffff0742d00
00022  ? kthread_unuse_mm+0x130/0x130
00022  ? ret_from_fork+0x18c/0x520
00022  ? kthread_unuse_mm+0x130/0x130
00022  ? ret_from_fork_asm+0x11/0x20
00022  </TASK>
00022 ---[ end trace 0000000000000000 ]---
00022  ? ofd_create_hdl+0x2015/0x3510 [ofd]
00022 R10: dffffc0000000000 R11: fffffbfff0742d01 R12: ffff88813faa4030
00022 ------------[ cut here ]------------
00022 WARNING: /home/ktest/git/linux/include/linux/fs.h:889 at osd_create+0x9cf/0xcf0 [osd_wbcfs], CPU#2: llog_process_th/1816
00022 R13: dffffc0000000000 R14: 1ffff11026778800 R15: 1ffff11027f54842
00022 FS:  0000000000000000(0000) GS:ffff8881d4a2a000(0000) knlGS:0000000000000000
00022 CS:  0010 DS: 0000 ES: 0000 CR0: 0000000080050033
00022 CR2: 00007f48474056f0 CR3: 000000011d648000 CR4: 0000000000750eb0
00022 PKRU: 55555554
00022  ? tgt_request_handle+0x23ad/0x3d30 [ptlrpc]
00022 Modules linked in:
00022 Call Trace:
00022  <TASK>
00022  ? ptlrpc_main+0x6359/0x96f0 [ptlrpc]
00022  ? ofd_precreate_objects+0x1bd8/0x3220 [ofd]
00022  ofd(O)
00022  ? __kthread_parkme+0x73/0x130
00022  ? kthread+0x2cd/0x3a0
00022  ? ofd_create_hdl+0x2015/0x3510 [ofd]
00022  osp(O)
00022  ? ptlrpc_start_thread+0x1f10/0x1f10 [ptlrpc]
00022  ? tgt_request_handle+0x23ad/0x3d30 [ptlrpc]
00022  mdd(O)
00022  ? kthread_unuse_mm+0x130/0x130
00022  ? ret_from_fork+0x18c/0x520
00022  ? kthread_unuse_mm+0x130/0x130
00022  ? ret_from_fork_asm+0x11/0x20
00022  ? ptlrpc_main+0x6359/0x96f0 [ptlrpc]
00022  lod(O) mdt(O) lquota(O) lfsck(O) mgs(O) osd_wbcfs(O) lustre(O) obdecho(O) mgc(O) mdc(O) lov(O) osc(O) lmv(O) ec(O) fid(O) fld(O) ptlrpc(O) efivarfs obdclass(O) ksocklnd(O) lnet(O) libcfs(O)
00022 CPU: 2 UID: 0 PID: 1816 Comm: llog_process_th Tainted: G        W  O        7.0.0-ktest-908a7d5-6330a45-20260729-dirty #1 PREEMPT 
00022 Tainted: [W]=WARN, [O]=OOT_MODULE
00022 Hardware name: QEMU Standard PC (Q35 + ICH9, 2009), BIOS 2025.11-3ubuntu7 03/31/2026
00022 RIP: 0010:osd_create+0x9cf/0xcf0 [osd_wbcfs]
00022 Code: c7 c7 00 96 7b a1 48 c7 c6 a0 12 7d a1 48 c7 c2 00 1c 7d a1 e8 52 f1 43 ff 48 c7 c7 00 96 7b a1 e8 46 81 44 ff e9 fe fc ff ff <0f> 0b e9 a5 fa ff ff 48 c7 c1 80 44 5d a0 80 e1 07 80 c1 03 38 c1
00022 RSP: 0018:ffffc900073ef6c0 EFLAGS: 00010246
00022 RAX: 0000000000000000 RBX: ffff888132c29000 RCX: 0000000000000046
00022 RDX: 0000000000000000 RSI: ffff888137bf7b68 RDI: ffff888135a7cb18
00022 RBP: ffff888137bf7ad8 R08: ffffffff83a16803 R09: 1ffffffff0742d00
00022 R10: dffffc0000000000 R11: fffffbfff0742d01 R12: ffff88811c748830
00022 R13: dffffc0000000000 R14: 1ffff11026585200 R15: 1ffff92000e7def8
00022 FS:  0000000000000000(0000) GS:ffff8881d4b2a000(0000) knlGS:0000000000000000
00022  </TASK>
00022 CS:  0010 DS: 0000 ES: 0000 CR0: 0000000080050033
00022 CR2: 00007f2e5b405780 CR3: 0000000004274000 CR4: 0000000000750eb0
00022 PKRU: 55555554
00022 Call Trace:
00022  <TASK>
00022  ? __kthread_parkme+0x73/0x130
00022  ? dt_find_or_create+0x81a/0x1170 [obdclass]
00022 ---[ end trace 0000000000000000 ]---
00022  ? kthread+0x2cd/0x3a0
00022  ? osp_find_or_create_local_file+0x266/0x690 [osp]
00022  ? osp_last_used_init+0x95c/0x2150 [osp]
00022 ------------[ cut here ]------------
00022  ? osp_device_alloc+0x19a2/0x2e10 [osp]
00022  ? obd_setup+0x25c/0x950 [obdclass]
00022  ? ptlrpc_start_thread+0x1f10/0x1f10 [ptlrpc]
00022 WARNING: /home/ktest/git/linux/include/linux/fs.h:889 at osd_create+0x9cf/0xcf0 [osd_wbcfs], CPU#3: ll_ost00_002/1776
00022  ? kthread_unuse_mm+0x130/0x130
00022  ? ret_from_fork+0x18c/0x520
00022  ? kthread_unuse_mm+0x130/0x130
00022  ? ret_from_fork_asm+0x11/0x20
00022  </TASK>
00022 ---[ end trace 0000000000000000 ]---
00022 ------------[ cut here ]------------
00022 WARNING: /home/ktest/git/linux/include/linux/fs.h:889 at osd_create+0x9cf/0xcf0 [osd_wbcfs], CPU#0: ll_ost00_000/1774
00022 Modules linked in: ofd(O) osp(O) mdd(O) lod(O) mdt(O) lquota(O) lfsck(O) mgs(O) osd_wbcfs(O) lustre(O) obdecho(O) mgc(O) mdc(O) lov(O) osc(O) lmv(O) ec(O) fid(O) fld(O) ptlrpc(O) efivarfs obdclass(O) ksocklnd(O) lnet(O) libcfs(O)
00022 CPU: 0 UID: 0 PID: 1774 Comm: ll_ost00_000 Tainted: G        W  O        7.0.0-ktest-908a7d5-6330a45-20260729-dirty #1 PREEMPT 
00022 Tainted: [W]=WARN, [O]=OOT_MODULE
00022 Hardware name: QEMU Standard PC (Q35 + ICH9, 2009), BIOS 2025.11-3ubuntu7 03/31/2026
00022 RIP: 0010:osd_create+0x9cf/0xcf0 [osd_wbcfs]
00022 Code: c7 c7 00 96 7b a1 48 c7 c6 a0 12 7d a1 48 c7 c2 00 1c 7d a1 e8 52 f1 43 ff 48 c7 c7 00 96 7b a1 e8 46 81 44 ff e9 fe fc ff ff <0f> 0b e9 a5 fa ff ff 48 c7 c1 80 44 5d a0 80 e1 07 80 c1 03 38 c1
00022 RSP: 0018:ffffc90001737878 EFLAGS: 00010246
00022 RAX: 0000000000000000 RBX: ffff888133bc7c00 RCX: 0000000000000046
00022 RDX: 0000000000000000 RSI: ffff8881364c50d8 RDI: ffff88802e59cb68
00022 RBP: ffff8881364c5048 R08: ffffffff83a16803 R09: 1ffffffff0742d00
00022 R10: dffffc0000000000 R11: fffffbfff0742d01 R12: ffff88813faa4030
00022 R13: dffffc0000000000 R14: 1ffff11026778f80 R15: 1ffff11027f54842
00022 FS:  0000000000000000(0000) GS:ffff8881d4a2a000(0000) knlGS:0000000000000000
00022 CS:  0010 DS: 0000 ES: 0000 CR0: 0000000080050033
00022 CR2: 00007f48474056f0 CR3: 000000011d648000 CR4: 0000000000750eb0
00022 PKRU: 55555554
00022 Call Trace:
00022  ? class_setup+0xc7d/0x10e0 [obdclass]
00022 Modules linked in:
00022  <TASK>
00022  ? class_process_config+0x2edb/0x7cb0 [obdclass]
00022  ofd(O)
00022  ? __kasan_kmalloc+0x72/0x80
00022  ? ofd_precreate_objects+0x1bd8/0x3220 [ofd]
00022  ? class_config_llog_handler+0x2954/0x4f80 [obdclass]
00022  osp(O)
00022  ? class_config_llog_handler+0x2cea/0x4f80 [obdclass]
00022  ? ofd_create_hdl+0x2015/0x3510 [ofd]
00022  mdd(O)
00022  ? lustre_cfg_rec_free+0x350/0x350 [obdclass]
00022  ? tgt_request_handle+0x23ad/0x3d30 [ptlrpc]
00022  lod(O) mdt(O) lquota(O) lfsck(O) mgs(O) osd_wbcfs(O) lustre(O) obdecho(O) mgc(O) mdc(O) lov(O) osc(O) lmv(O) ec(O) fid(O)
00022  ? llog_process_thread+0x1fd2/0x4f70 [obdclass]
00022  fld(O) ptlrpc(O) efivarfs obdclass(O) ksocklnd(O) lnet(O) libcfs(O)
00022 CPU: 3 UID: 0 PID: 1776 Comm: ll_ost00_002 Tainted: G        W  O        7.0.0-ktest-908a7d5-6330a45-20260729-dirty #1 PREEMPT 
00022  ? ptlrpc_main+0x6359/0x96f0 [ptlrpc]
00022  ? _raw_spin_unlock+0x23/0x40
00022  ? __kthread_parkme+0x73/0x130
00022  ? kthread+0x2cd/0x3a0
00022 Tainted: [W]=WARN, [O]=OOT_MODULE
00022 Hardware name: QEMU Standard PC (Q35 + ICH9, 2009), BIOS 2025.11-3ubuntu7 03/31/2026
00022 RIP: 0010:osd_create+0x9cf/0xcf0 [osd_wbcfs]
00022  ? ptlrpc_start_thread+0x1f10/0x1f10 [ptlrpc]
00022  ? llog_process_thread_daemonize+0x16d/0x1b0 [obdclass]
00022  ? kthread_unuse_mm+0x130/0x130
00022  ? ret_from_fork+0x18c/0x520
00022  ? kthread_unuse_mm+0x130/0x130
00022  ? ret_from_fork_asm+0x11/0x20
00022  </TASK>
00022 ---[ end trace 0000000000000000 ]---
00022 Code: c7 c7 00 96 7b a1 48 c7 c6 a0 12 7d a1 48 c7 c2 00 1c 7d a1 e8 52 f1 43 ff 48 c7 c7 00 96 7b a1 e8 46 81 44 ff e9 fe fc ff ff <0f> 0b e9 a5 fa ff ff 48 c7 c1 80 44 5d a0 80 e1 07 80 c1 03 38 c1
00022 RSP: 0018:ffffc900011b7878 EFLAGS: 00010246
00022 RAX: 0000000000000000 RBX: ffff888133969000 RCX: 0000000000000046
00022 RDX: 0000000000000000 RSI: ffff8880478cf450 RDI: ffff88802e5989e8
00022 RBP: ffff8880478cf3c0 R08: ffffffff83a16803 R09: 1ffffffff0742d00
00022 R10: dffffc0000000000 R11: fffffbfff0742d01 R12: ffff88813faa3830
00022 R13: dffffc0000000000 R14: 1ffff1102672d200 R15: 1ffff11027f54742
00022 FS:  0000000000000000(0000) GS:ffff8881d4baa000(0000) knlGS:0000000000000000
00022 ------------[ cut here ]------------
00022 WARNING: /home/ktest/git/linux/include/linux/fs.h:889 at osd_create+0x9cf/0xcf0 [osd_wbcfs], CPU#0: ll_ost00_000/1774
00022 Modules linked in: ofd(O) osp(O) mdd(O) lod(O) mdt(O) lquota(O) lfsck(O) mgs(O) osd_wbcfs(O) lustre(O) obdecho(O) mgc(O) mdc(O) lov(O) osc(O) lmv(O) ec(O) fid(O) fld(O) ptlrpc(O) efivarfs obdclass(O) ksocklnd(O) lnet(O) libcfs(O)
00022 CPU: 0 UID: 0 PID: 1774 Comm: ll_ost00_000 Tainted: G        W  O        7.0.0-ktest-908a7d5-6330a45-20260729-dirty #1 PREEMPT 
00022 Tainted: [W]=WARN, [O]=OOT_MODULE
00022 Hardware name: QEMU Standard PC (Q35 + ICH9, 2009), BIOS 2025.11-3ubuntu7 03/31/2026
00022 RIP: 0010:osd_create+0x9cf/0xcf0 [osd_wbcfs]
00022 Code: c7 c7 00 96 7b a1 48 c7 c6 a0 12 7d a1 48 c7 c2 00 1c 7d a1 e8 52 f1 43 ff 48 c7 c7 00 96 7b a1 e8 46 81 44 ff e9 fe fc ff ff <0f> 0b e9 a5 fa ff ff 48 c7 c1 80 44 5d a0 80 e1 07 80 c1 03 38 c1
00022 RSP: 0018:ffffc90001737878 EFLAGS: 00010246
00022 RAX: 0000000000000000 RBX: ffff888133be2000 RCX: 0000000000000046
00022 RDX: 0000000000000000 RSI: ffff8881364c49c0 RDI: ffff88802e59cb68
00022 RBP: ffff8881364c4930 R08: ffffffff83a16803 R09: 1ffffffff0742d00
00022 R10: dffffc0000000000 R11: fffffbfff0742d01 R12: ffff88813faa4030
00022 R13: dffffc0000000000 R14: 1ffff1102677c400 R15: 1ffff11027f54842
00022 FS:  0000000000000000(0000) GS:ffff8881d4a2a000(0000) knlGS:0000000000000000
00022 CS:  0010 DS: 0000 ES: 0000 CR0: 0000000080050033
00022 CR2: 00007f48474056f0 CR3: 000000011d648000 CR4: 0000000000750eb0
00022 PKRU: 55555554
00022 Call Trace:
00022  <TASK>
00022  ? ofd_precreate_objects+0x1bd8/0x3220 [ofd]
00022  ? kthread+0x2cd/0x3a0
00022  ? ofd_create_hdl+0x2015/0x3510 [ofd]
00022 CS:  0010 DS: 0000 ES: 0000 CR0: 0000000080050033
00022 CR2: 000055a56e404bd0 CR3: 000000011d648000 CR4: 0000000000750eb0
00022 PKRU: 55555554
00022 Call Trace:
00022  <TASK>
00022  ? ofd_precreate_objects+0x1bd8/0x3220 [ofd]
00022  ? llog_process_or_fork+0xc90/0xc90 [obdclass]
00022  ? tgt_request_handle+0x23ad/0x3d30 [ptlrpc]
00022  ? ofd_create_hdl+0x2015/0x3510 [ofd]
00022  ? kthread_unuse_mm+0x130/0x130
00022  ? ptlrpc_main+0x6359/0x96f0 [ptlrpc]
00022  ? tgt_request_handle+0x23ad/0x3d30 [ptlrpc]
00022  ? ret_from_fork+0x18c/0x520
00022  ? ptlrpc_main+0x6359/0x96f0 [ptlrpc]
00022  ? __kthread_parkme+0x73/0x130
00022  ? __kthread_parkme+0x73/0x130
00022  ? kthread+0x2cd/0x3a0
00022  ? kthread_unuse_mm+0x130/0x130
00022  ? kthread+0x2cd/0x3a0
00022  ? ptlrpc_start_thread+0x1f10/0x1f10 [ptlrpc]
00022  ? kthread_unuse_mm+0x130/0x130
00022  ? ret_from_fork+0x18c/0x520
00022  ? kthread_unuse_mm+0x130/0x130
00022  ? ptlrpc_start_thread+0x1f10/0x1f10 [ptlrpc]
00022  ? ret_from_fork_asm+0x11/0x20
00022  ? ret_from_fork_asm+0x11/0x20
00022  </TASK>
00022 ---[ end trace 0000000000000000 ]---
00022 ------------[ cut here ]------------
00022  ? kthread_unuse_mm+0x130/0x130
00022  ? ret_from_fork+0x18c/0x520
00022  ? kthread_unuse_mm+0x130/0x130
00022  ? ret_from_fork_asm+0x11/0x20
00022  </TASK>
00022 ---[ end trace 0000000000000000 ]---
00022  </TASK>
00022 ------------[ cut here ]------------
00022 WARNING: /home/ktest/git/linux/include/linux/fs.h:889 at osd_create+0x9cf/0xcf0 [osd_wbcfs], CPU#3: ll_ost00_002/1776
00022 WARNING: /home/ktest/git/linux/include/linux/fs.h:889 at osd_create+0x9cf/0xcf0 [osd_wbcfs], CPU#0: ll_ost00_000/1774
00022 Modules linked in: ofd(O) osp(O) mdd(O) lod(O) mdt(O) lquota(O) lfsck(O) mgs(O) osd_wbcfs(O) lustre(O) obdecho(O) mgc(O) mdc(O) lov(O) osc(O) lmv(O) ec(O) fid(O) fld(O) ptlrpc(O) efivarfs obdclass(O) ksocklnd(O) lnet(O) libcfs(O)
00022 CPU: 0 UID: 0 PID: 1774 Comm: ll_ost00_000 Tainted: G        W  O        7.0.0-ktest-908a7d5-6330a45-20260729-dirty #1 PREEMPT 
00022 ---[ end trace 0000000000000000 ]---
00022 Modules linked in: ofd(O)
00022 Tainted: [W]=WARN, [O]=OOT_MODULE
00022  osp(O)
00022 Hardware name: QEMU Standard PC (Q35 + ICH9, 2009), BIOS 2025.11-3ubuntu7 03/31/2026
00022 ------------[ cut here ]------------
00022 WARNING: /home/ktest/git/linux/include/linux/fs.h:889 at osd_create+0x9cf/0xcf0 [osd_wbcfs], CPU#2: llog_process_th/1816
00022 Modules linked in: ofd(O) osp(O) mdd(O)
00022  mdd(O)
00022  lod(O) mdt(O) lquota(O) lfsck(O) mgs(O) osd_wbcfs(O) lustre(O) obdecho(O) mgc(O) mdc(O) lov(O) osc(O) lmv(O) ec(O) fid(O) fld(O) ptlrpc(O) efivarfs obdclass(O) ksocklnd(O) lnet(O) libcfs(O)
00022 CPU: 2 UID: 0 PID: 1816 Comm: llog_process_th Tainted: G        W  O        7.0.0-ktest-908a7d5-6330a45-20260729-dirty #1 PREEMPT 
00022 Tainted: [W]=WARN, [O]=OOT_MODULE
00022 Hardware name: QEMU Standard PC (Q35 + ICH9, 2009), BIOS 2025.11-3ubuntu7 03/31/2026
00022 RIP: 0010:osd_create+0x9cf/0xcf0 [osd_wbcfs]
00022 Code: c7 c7 00 96 7b a1 48 c7 c6 a0 12 7d a1 48 c7 c2 00 1c 7d a1 e8 52 f1 43 ff 48 c7 c7 00 96 7b a1 e8 46 81 44 ff e9 fe fc ff ff <0f> 0b e9 a5 fa ff ff 48 c7 c1 80 44 5d a0 80 e1 07 80 c1 03 38 c1
00022 RIP: 0010:osd_create+0x9cf/0xcf0 [osd_wbcfs]
00022 Code: c7 c7 00 96 7b a1 48 c7 c6 a0 12 7d a1 48 c7 c2 00 1c 7d a1 e8 52 f1 43 ff 48 c7 c7 00 96 7b a1 e8 46 81 44 ff e9 fe fc ff ff <0f> 0b e9 a5 fa ff ff 48 c7 c1 80 44 5d a0 80 e1 07 80 c1 03 38 c1
00022 RSP: 0018:ffffc90001737878 EFLAGS: 00010246
00022 RAX: 0000000000000000 RBX: ffff888133be1c00 RCX: 0000000000000046
00022 RDX: 0000000000000000 RSI: ffff8881364c42a8 RDI: ffff88802e59cb68
00022 RBP: ffff8881364c4218 R08: ffffffff83a16803 R09: 1ffffffff0742d00
00022 R10: dffffc0000000000 R11: fffffbfff0742d01 R12: ffff88813faa4030
00022 R13: dffffc0000000000 R14: 1ffff1102677c380 R15: 1ffff11027f54842
00022 FS:  0000000000000000(0000) GS:ffff8881d4a2a000(0000) knlGS:0000000000000000
00022  lod(O) mdt(O)
00022 CS:  0010 DS: 0000 ES: 0000 CR0: 0000000080050033
00022  lquota(O) lfsck(O)
00022 CR2: 00007f48474056f0 CR3: 000000011d648000 CR4: 0000000000750eb0
00022  mgs(O) osd_wbcfs(O) lustre(O)
00022 PKRU: 55555554
00022  obdecho(O)
00022 Call Trace:
00022  mgc(O) mdc(O)
00022  <TASK>
00022  lov(O)
00022  ? ofd_precreate_objects+0x1bd8/0x3220 [ofd]
00022  ? ofd_create_hdl+0x2015/0x3510 [ofd]
00022 RSP: 0018:ffffc900073ef690 EFLAGS: 00010246
00022 RAX: 0000000000000000 RBX: ffff888132c28800 RCX: 0000000000000046
00022 RDX: 0000000000000000 RSI: ffff888137bf7450 RDI: ffff888135a7cb18
00022 RBP: ffff888137bf73c0 R08: ffffffff83a16803 R09: 1ffffffff0742d00
00022 R10: dffffc0000000000 R11: fffffbfff0742d01 R12: ffff8881196ce000
00022 R13: dffffc0000000000 R14: 1ffff11026585100 R15: 1ffff110232d9c0f
00022 FS:  0000000000000000(0000) GS:ffff8881d4b2a000(0000) knlGS:0000000000000000
00022 CS:  0010 DS: 0000 ES: 0000 CR0: 0000000080050033
00022 CR2: 00007f2e5b405780 CR3: 0000000004274000 CR4: 0000000000750eb0
00022 PKRU: 55555554
00022 Call Trace:
00022  <TASK>
00022  osc(O)
00022  ? llog_osd_get_cat_list+0x64d/0x1470 [obdclass]
00022  lmv(O) ec(O) fid(O) fld(O) ptlrpc(O) efivarfs obdclass(O) ksocklnd(O) lnet(O) libcfs(O)
00022 CPU: 3 UID: 0 PID: 1776 Comm: ll_ost00_002 Tainted: G        W  O        7.0.0-ktest-908a7d5-6330a45-20260729-dirty #1 PREEMPT 
00022 Tainted: [W]=WARN, [O]=OOT_MODULE
00022  ? tgt_request_handle+0x23ad/0x3d30 [ptlrpc]
00022  ? osp_sync_init+0x7a6/0x2760 [osp]
00022 Hardware name: QEMU Standard PC (Q35 + ICH9, 2009), BIOS 2025.11-3ubuntu7 03/31/2026
00022 RIP: 0010:osd_create+0x9cf/0xcf0 [osd_wbcfs]
00022  ? ptlrpc_main+0x6359/0x96f0 [ptlrpc]
00022  ? __kthread_parkme+0x73/0x130
00022  ? kthread+0x2cd/0x3a0
00022  ? is_module_address+0x1b/0x70
00022  ? ptlrpc_start_thread+0x1f10/0x1f10 [ptlrpc]
00022 Code: c7 c7 00 96 7b a1 48 c7 c6 a0 12 7d a1 48 c7 c2 00 1c 7d a1 e8 52 f1 43 ff 48 c7 c7 00 96 7b a1 e8 46 81 44 ff e9 fe fc ff ff <0f> 0b e9 a5 fa ff ff 48 c7 c1 80 44 5d a0 80 e1 07 80 c1 03 38 c1
00022 RSP: 0018:ffffc900011b7878 EFLAGS: 00010246
00022 RAX: 0000000000000000 RBX: ffff888133968c00 RCX: 0000000000000046
00022 RDX: 0000000000000000 RSI: ffff8880478ced38 RDI: ffff88802e5989e8
00022 RBP: ffff8880478ceca8 R08: ffffffff83a16803 R09: 1ffffffff0742d00
00022 R10: dffffc0000000000 R11: fffffbfff0742d01 R12: ffff88813faa3830
00022 R13: dffffc0000000000 R14: 1ffff1102672d180 R15: 1ffff11027f54742
00022  ? kthread_unuse_mm+0x130/0x130
00022 FS:  0000000000000000(0000) GS:ffff8881d4baa000(0000) knlGS:0000000000000000
00022 CS:  0010 DS: 0000 ES: 0000 CR0: 0000000080050033
00022 CR2: 000055a56e404bd0 CR3: 000000011d648000 CR4: 0000000000750eb0
00022 PKRU: 55555554
00022 Call Trace:
00022  <TASK>
00022  ? ofd_precreate_objects+0x1bd8/0x3220 [ofd]
00022  ? ofd_create_hdl+0x2015/0x3510 [ofd]
00022  ? osp_device_alloc+0x1b91/0x2e10 [osp]
00022  ? obd_setup+0x25c/0x950 [obdclass]
00022  ? ret_from_fork+0x18c/0x520
00022  ? class_setup+0xc7d/0x10e0 [obdclass]
00022  ? tgt_request_handle+0x23ad/0x3d30 [ptlrpc]
00022  ? kthread_unuse_mm+0x130/0x130
00022  ? ret_from_fork_asm+0x11/0x20
00022  ? ptlrpc_main+0x6359/0x96f0 [ptlrpc]
00022  ? class_process_config+0x2edb/0x7cb0 [obdclass]
00022  </TASK>
00022  ? __kasan_kmalloc+0x72/0x80
00022  ? class_config_llog_handler+0x2954/0x4f80 [obdclass]
00022  ? __kthread_parkme+0x73/0x130
00022 ---[ end trace 0000000000000000 ]---
00022  ? class_config_llog_handler+0x2cea/0x4f80 [obdclass]
00022  ? kthread+0x2cd/0x3a0
00022  ? lustre_cfg_rec_free+0x350/0x350 [obdclass]
00022 ------------[ cut here ]------------
00022 WARNING: /home/ktest/git/linux/include/linux/fs.h:889 at osd_create+0x9cf/0xcf0 [osd_wbcfs], CPU#0: ll_ost00_000/1774
00022 Modules linked in: ofd(O) osp(O) mdd(O) lod(O) mdt(O) lquota(O) lfsck(O) mgs(O) osd_wbcfs(O) lustre(O) obdecho(O) mgc(O) mdc(O) lov(O) osc(O) lmv(O) ec(O) fid(O) fld(O) ptlrpc(O) efivarfs obdclass(O) ksocklnd(O) lnet(O) libcfs(O)
00022 CPU: 0 UID: 0 PID: 1774 Comm: ll_ost00_000 Tainted: G        W  O        7.0.0-ktest-908a7d5-6330a45-20260729-dirty #1 PREEMPT 
00022 Tainted: [W]=WARN, [O]=OOT_MODULE
00022 Hardware name: QEMU Standard PC (Q35 + ICH9, 2009), BIOS 2025.11-3ubuntu7 03/31/2026
00022 RIP: 0010:osd_create+0x9cf/0xcf0 [osd_wbcfs]
00022 Code: c7 c7 00 96 7b a1 48 c7 c6 a0 12 7d a1 48 c7 c2 00 1c 7d a1 e8 52 f1 43 ff 48 c7 c7 00 96 7b a1 e8 46 81 44 ff e9 fe fc ff ff <0f> 0b e9 a5 fa ff ff 48 c7 c1 80 44 5d a0 80 e1 07 80 c1 03 38 c1
00022 RSP: 0018:ffffc90001737878 EFLAGS: 00010246
00022 RAX: 0000000000000000 RBX: ffff888101310c00 RCX: 0000000000000046
00022 RDX: 0000000000000000 RSI: ffff8881364c3b90 RDI: ffff88802e59cb68
00022 RBP: ffff8881364c3b00 R08: ffffffff83a16803 R09: 1ffffffff0742d00
00022 R10: dffffc0000000000 R11: fffffbfff0742d01 R12: ffff88813faa4030
00022 R13: dffffc0000000000 R14: 1ffff11020262180 R15: 1ffff11027f54842
00022 FS:  0000000000000000(0000) GS:ffff8881d4a2a000(0000) knlGS:0000000000000000
00022 CS:  0010 DS: 0000 ES: 0000 CR0: 0000000080050033
00022 CR2: 00007f48474056f0 CR3: 000000011d648000 CR4: 0000000000750eb0
00022 PKRU: 55555554
00022 Call Trace:
00022  <TASK>
00022  ? ofd_precreate_objects+0x1bd8/0x3220 [ofd]
00022  ? ofd_create_hdl+0x2015/0x3510 [ofd]
00022  ? ptlrpc_start_thread+0x1f10/0x1f10 [ptlrpc]
00022  ? llog_process_thread+0x1fd2/0x4f70 [obdclass]
00022  ? kthread_unuse_mm+0x130/0x130
00022  ? ret_from_fork+0x18c/0x520
00022  ? kthread_unuse_mm+0x130/0x130
00022  ? ret_from_fork_asm+0x11/0x20
00022  ? _raw_spin_unlock+0x23/0x40
00022  ? tgt_request_handle+0x23ad/0x3d30 [ptlrpc]
00022  </TASK>
00022 ---[ end trace 0000000000000000 ]---
00022 ------------[ cut here ]------------
00022 WARNING: /home/ktest/git/linux/include/linux/fs.h:889 at osd_create+0x9cf/0xcf0 [osd_wbcfs], CPU#3: ll_ost00_002/1776
00022  ? llog_process_thread_daemonize+0x16d/0x1b0 [obdclass]
00022 Modules linked in: ofd(O) osp(O) mdd(O) lod(O) mdt(O) lquota(O) lfsck(O) mgs(O) osd_wbcfs(O) lustre(O) obdecho(O) mgc(O) mdc(O) lov(O)
00022  ? ptlrpc_main+0x6359/0x96f0 [ptlrpc]
00022  ? kthread+0x2cd/0x3a0
00022  osc(O) lmv(O) ec(O) fid(O) fld(O) ptlrpc(O) efivarfs obdclass(O) ksocklnd(O) lnet(O) libcfs(O)
00022 CPU: 3 UID: 0 PID: 1776 Comm: ll_ost00_002 Tainted: G        W  O        7.0.0-ktest-908a7d5-6330a45-20260729-dirty #1 PREEMPT 
00022  ? __kthread_parkme+0x73/0x130
00022  ? kthread+0x2cd/0x3a0
00022  ? llog_process_or_fork+0xc90/0xc90 [obdclass]
00022  ? ptlrpc_start_thread+0x1f10/0x1f10 [ptlrpc]
00022  ? kthread_unuse_mm+0x130/0x130
00022  ? ret_from_fork+0x18c/0x520
00022  ? kthread_unuse_mm+0x130/0x130
00022  ? ret_from_fork_asm+0x11/0x20
00022  </TASK>
00022 ---[ end trace 0000000000000000 ]---
00022 ------------[ cut here ]------------
00022 WARNING: /home/ktest/git/linux/include/linux/fs.h:889 at osd_create+0x9cf/0xcf0 [osd_wbcfs], CPU#0: ll_ost00_000/1774
00022 Modules linked in: ofd(O) osp(O) mdd(O) lod(O) mdt(O) lquota(O) lfsck(O) mgs(O) osd_wbcfs(O) lustre(O) obdecho(O) mgc(O) mdc(O) lov(O) osc(O) lmv(O) ec(O) fid(O) fld(O) ptlrpc(O) efivarfs obdclass(O) ksocklnd(O) lnet(O) libcfs(O)
00022 CPU: 0 UID: 0 PID: 1774 Comm: ll_ost00_000 Tainted: G        W  O        7.0.0-ktest-908a7d5-6330a45-20260729-dirty #1 PREEMPT 
00022 Tainted: [W]=WARN, [O]=OOT_MODULE
00022 Hardware name: QEMU Standard PC (Q35 + ICH9, 2009), BIOS 2025.11-3ubuntu7 03/31/2026
00022 RIP: 0010:osd_create+0x9cf/0xcf0 [osd_wbcfs]
00022 Code: c7 c7 00 96 7b a1 48 c7 c6 a0 12 7d a1 48 c7 c2 00 1c 7d a1 e8 52 f1 43 ff 48 c7 c7 00 96 7b a1 e8 46 81 44 ff e9 fe fc ff ff <0f> 0b e9 a5 fa ff ff 48 c7 c1 80 44 5d a0 80 e1 07 80 c1 03 38 c1
00022 RSP: 0018:ffffc90001737878 EFLAGS: 00010246
00022 RAX: 0000000000000000 RBX: ffff888101310400 RCX: 0000000000000046
00022 RDX: 0000000000000000 RSI: ffff8881364c3478 RDI: ffff88802e59cb68
00022 RBP: ffff8881364c33e8 R08: ffffffff83a16803 R09: 1ffffffff0742d00
00022 R10: dffffc0000000000 R11: fffffbfff0742d01 R12: ffff88813faa4030
00022 R13: dffffc0000000000 R14: 1ffff11020262080 R15: 1ffff11027f54842
00022 FS:  0000000000000000(0000) GS:ffff8881d4a2a000(0000) knlGS:0000000000000000
00022 CS:  0010 DS: 0000 ES: 0000 CR0: 0000000080050033
00022 CR2: 00007f48474056f0 CR3: 000000011d648000 CR4: 0000000000750eb0
00022 PKRU: 55555554
00022 Call Trace:
00022  <TASK>
00022 Tainted: [W]=WARN, [O]=OOT_MODULE
00022 Hardware name: QEMU Standard PC (Q35 + ICH9, 2009), BIOS 2025.11-3ubuntu7 03/31/2026
00022 RIP: 0010:osd_create+0x9cf/0xcf0 [osd_wbcfs]
00022  ? ofd_precreate_objects+0x1bd8/0x3220 [ofd]
00022  ? ofd_create_hdl+0x2015/0x3510 [ofd]
00022  ? kthread_unuse_mm+0x130/0x130
00022 Code: c7 c7 00 96 7b a1 48 c7 c6 a0 12 7d a1 48 c7 c2 00 1c 7d a1 e8 52 f1 43 ff 48 c7 c7 00 96 7b a1 e8 46 81 44 ff e9 fe fc ff ff <0f> 0b e9 a5 fa ff ff 48 c7 c1 80 44 5d a0 80 e1 07 80 c1 03 38 c1
00022 RSP: 0018:ffffc900011b7878 EFLAGS: 00010246
00022 RAX: 0000000000000000 RBX: ffff888133968800 RCX: 0000000000000046
00022 RDX: 0000000000000000 RSI: ffff8880478ce620 RDI: ffff88802e5989e8
00022 RBP: ffff8880478ce590 R08: ffffffff83a16803 R09: 1ffffffff0742d00
00022 R10: dffffc0000000000 R11: fffffbfff0742d01 R12: ffff88813faa3830
00022 R13: dffffc0000000000 R14: 1ffff1102672d100 R15: 1ffff11027f54742
00022 FS:  0000000000000000(0000) GS:ffff8881d4baa000(0000) knlGS:0000000000000000
00022  ? tgt_request_handle+0x23ad/0x3d30 [ptlrpc]
00022  ? ret_from_fork+0x18c/0x520
00022 CS:  0010 DS: 0000 ES: 0000 CR0: 0000000080050033
00022 CR2: 000055a56e404bd0 CR3: 000000011d648000 CR4: 0000000000750eb0
00022 PKRU: 55555554
00022 Call Trace:
00022  <TASK>
00022  ? ofd_precreate_objects+0x1bd8/0x3220 [ofd]
00022  ? ofd_create_hdl+0x2015/0x3510 [ofd]
00022  ? kthread_unuse_mm+0x130/0x130
00022  ? tgt_request_handle+0x23ad/0x3d30 [ptlrpc]
00022  ? ptlrpc_main+0x6359/0x96f0 [ptlrpc]
00022  ? ret_from_fork_asm+0x11/0x20
00022  ? __kthread_parkme+0x73/0x130
00022  ? kthread+0x2cd/0x3a0
00022  ? ptlrpc_start_thread+0x1f10/0x1f10 [ptlrpc]
00022  ? kthread_unuse_mm+0x130/0x130
00022  ? ret_from_fork+0x18c/0x520
00022  ? kthread_unuse_mm+0x130/0x130
00022  ? ret_from_fork_asm+0x11/0x20
00022  </TASK>
00022 ---[ end trace 0000000000000000 ]---
00022 ------------[ cut here ]------------
00022 WARNING: /home/ktest/git/linux/include/linux/fs.h:889 at osd_create+0x9cf/0xcf0 [osd_wbcfs], CPU#0: ll_ost00_000/1774
00022  ? ptlrpc_main+0x6359/0x96f0 [ptlrpc]
00022  </TASK>
00022  ? __kthread_parkme+0x73/0x130
00022  ? kthread+0x2cd/0x3a0
00022 Modules linked in: ofd(O) osp(O) mdd(O) lod(O) mdt(O) lquota(O) lfsck(O) mgs(O) osd_wbcfs(O) lustre(O) obdecho(O) mgc(O) mdc(O) lov(O) osc(O) lmv(O) ec(O) fid(O) fld(O)
00022  ? ptlrpc_start_thread+0x1f10/0x1f10 [ptlrpc]
00022 ---[ end trace 0000000000000000 ]---
00022  ptlrpc(O) efivarfs obdclass(O) ksocklnd(O) lnet(O) libcfs(O)
00022 CPU: 0 UID: 0 PID: 1774 Comm: ll_ost00_000 Tainted: G        W  O        7.0.0-ktest-908a7d5-6330a45-20260729-dirty #1 PREEMPT 
00022 Tainted: [W]=WARN, [O]=OOT_MODULE
00022 Hardware name: QEMU Standard PC (Q35 + ICH9, 2009), BIOS 2025.11-3ubuntu7 03/31/2026
00022 RIP: 0010:osd_create+0x9cf/0xcf0 [osd_wbcfs]
00022  ? kthread_unuse_mm+0x130/0x130
00022  ? ret_from_fork+0x18c/0x520
00022  ? kthread_unuse_mm+0x130/0x130
00022  ? ret_from_fork_asm+0x11/0x20
00022  </TASK>
00022 ---[ end trace 0000000000000000 ]---
00022 ------------[ cut here ]------------
00022 WARNING: /home/ktest/git/linux/include/linux/fs.h:889 at osd_create+0x9cf/0xcf0 [osd_wbcfs], CPU#3: ll_ost00_002/1776
00022 Modules linked in: ofd(O) osp(O) mdd(O) lod(O) mdt(O) lquota(O) lfsck(O) mgs(O) osd_wbcfs(O) lustre(O) obdecho(O) mgc(O) mdc(O) lov(O) osc(O) lmv(O) ec(O) fid(O) fld(O) ptlrpc(O) efivarfs obdclass(O) ksocklnd(O) lnet(O) libcfs(O)
00022 CPU: 3 UID: 0 PID: 1776 Comm: ll_ost00_002 Tainted: G        W  O        7.0.0-ktest-908a7d5-6330a45-20260729-dirty #1 PREEMPT 
00022 Tainted: [W]=WARN, [O]=OOT_MODULE
00022 Hardware name: QEMU Standard PC (Q35 + ICH9, 2009), BIOS 2025.11-3ubuntu7 03/31/2026
00022 RIP: 0010:osd_create+0x9cf/0xcf0 [osd_wbcfs]
00022 Code: c7 c7 00 96 7b a1 48 c7 c6 a0 12 7d a1 48 c7 c2 00 1c 7d a1 e8 52 f1 43 ff 48 c7 c7 00 96 7b a1 e8 46 81 44 ff e9 fe fc ff ff <0f> 0b e9 a5 fa ff ff 48 c7 c1 80 44 5d a0 80 e1 07 80 c1 03 38 c1
00022 RSP: 0018:ffffc900011b7878 EFLAGS: 00010246
00022 RAX: 0000000000000000 RBX: ffff8881338aa000 RCX: 0000000000000046
00022 RDX: 0000000000000000 RSI: ffff8880478cdf08 RDI: ffff88802e5989e8
00022 RBP: ffff8880478cde78 R08: ffffffff83a16803 R09: 1ffffffff0742d00
00022 R10: dffffc0000000000 R11: fffffbfff0742d01 R12: ffff88813faa3830
00022 R13: dffffc0000000000 R14: 1ffff11026715400 R15: 1ffff11027f54742
00022 FS:  0000000000000000(0000) GS:ffff8881d4baa000(0000) knlGS:0000000000000000
00022 CS:  0010 DS: 0000 ES: 0000 CR0: 0000000080050033
00022 CR2: 000055a56e404bd0 CR3: 000000011d648000 CR4: 0000000000750eb0
00022 PKRU: 55555554
00022 Call Trace:
00022  <TASK>
00022  ? ofd_precreate_objects+0x1bd8/0x3220 [ofd]
00022  ? ofd_create_hdl+0x2015/0x3510 [ofd]
00022  ? tgt_request_handle+0x23ad/0x3d30 [ptlrpc]
00022 Code: c7 c7 00 96 7b a1 48 c7 c6 a0 12 7d a1 48 c7 c2 00 1c 7d a1 e8 52 f1 43 ff 48 c7 c7 00 96 7b a1 e8 46 81 44 ff e9 fe fc ff ff <0f> 0b e9 a5 fa ff ff 48 c7 c1 80 44 5d a0 80 e1 07 80 c1 03 38 c1
00022  ? ptlrpc_main+0x6359/0x96f0 [ptlrpc]
00022 RSP: 0018:ffffc90001737878 EFLAGS: 00010246
00022  ? __kthread_parkme+0x73/0x130
00022 
00022  ? kthread+0x2cd/0x3a0
00022 RAX: 0000000000000000 RBX: ffff888101312000 RCX: 0000000000000046
00022  ? ptlrpc_start_thread+0x1f10/0x1f10 [ptlrpc]
00022 RDX: 0000000000000000 RSI: ffff8881364c2d60 RDI: ffff88802e59cb68
00022 RBP: ffff8881364c2cd0 R08: ffffffff83a16803 R09: 1ffffffff0742d00
00022 R10: dffffc0000000000 R11: fffffbfff0742d01 R12: ffff88813faa4030
00022  ? kthread_unuse_mm+0x130/0x130
00022 R13: dffffc0000000000 R14: 1ffff11020262400 R15: 1ffff11027f54842
00022  ? ret_from_fork+0x18c/0x520
00022 FS:  0000000000000000(0000) GS:ffff8881d4a2a000(0000) knlGS:0000000000000000
00022  ? kthread_unuse_mm+0x130/0x130
00022 CS:  0010 DS: 0000 ES: 0000 CR0: 0000000080050033
00022  ? ret_from_fork_asm+0x11/0x20
00022 CR2: 00007f48474056f0 CR3: 000000011d648000 CR4: 0000000000750eb0
00022  </TASK>
00022 PKRU: 55555554
00022 ------------[ cut here ]------------
00022 WARNING: /home/ktest/git/linux/include/linux/fs.h:889 at osd_create+0x9cf/0xcf0 [osd_wbcfs], CPU#1: mdt_out00_001/1731
00022 Modules linked in: ofd(O) osp(O) mdd(O) lod(O) mdt(O) lquota(O) lfsck(O) mgs(O) osd_wbcfs(O) lustre(O) obdecho(O) mgc(O) mdc(O) lov(O) osc(O) lmv(O) ec(O) fid(O) fld(O) ptlrpc(O) efivarfs obdclass(O) ksocklnd(O) lnet(O) libcfs(O)
00022 ------------[ cut here ]------------
00022 CPU: 1 UID: 0 PID: 1731 Comm: mdt_out00_001 Tainted: G        W  O        7.0.0-ktest-908a7d5-6330a45-20260729-dirty #1 PREEMPT 
00022 Tainted: [W]=WARN, [O]=OOT_MODULE
00022 Hardware name: QEMU Standard PC (Q35 + ICH9, 2009), BIOS 2025.11-3ubuntu7 03/31/2026
00022 RIP: 0010:osd_create+0x9cf/0xcf0 [osd_wbcfs]
00022 WARNING: /home/ktest/git/linux/include/linux/fs.h:889 at osd_create+0x9cf/0xcf0 [osd_wbcfs], CPU#2: llog_process_th/1816
00022 Code: c7 c7 00 96 7b a1 48 c7 c6 a0 12 7d a1 48 c7 c2 00 1c 7d a1 e8 52 f1 43 ff 48 c7 c7 00 96 7b a1 e8 46 81 44 ff e9 fe fc ff ff <0f> 0b e9 a5 fa ff ff 48 c7 c1 80 44 5d a0 80 e1 07 80 c1 03 38 c1
00022 RSP: 0018:ffffc9000133f7f8 EFLAGS: 00010246
00022 RAX: 0000000000000000 RBX: ffff888118a73800 RCX: 0000000000000046
00022 RDX: 0000000000000000 RSI: ffff8880474582d0 RDI: ffff88802eba2a58
00022 RBP: ffff888047458240 R08: ffffffff83a16803 R09: 1ffffffff0742d00
00022 R10: dffffc0000000000 R11: fffffbfff0742d01 R12: ffff888135182830
00022 R13: dffffc0000000000 R14: 1ffff1102314e700 R15: 1ffff11026a30518
00022 FS:  0000000000000000(0000) GS:ffff8881d4aaa000(0000) knlGS:0000000000000000
00022 CS:  0010 DS: 0000 ES: 0000 CR0: 0000000080050033
00022 CR2: 00007f7923316710 CR3: 000000011d648000 CR4: 0000000000750eb0
00022 PKRU: 55555554
00022 Call Trace:
00022 Modules linked in:
00022  <TASK>
00022  ofd(O) osp(O)
00022 ---[ end trace 0000000000000000 ]---
00022  mdd(O) lod(O) mdt(O) lquota(O) lfsck(O) mgs(O) osd_wbcfs(O) lustre(O) obdecho(O) mgc(O) mdc(O) lov(O) osc(O) lmv(O) ec(O) fid(O) fld(O) ptlrpc(O) efivarfs obdclass(O) ksocklnd(O) lnet(O) libcfs(O)
00022 CPU: 2 UID: 0 PID: 1816 Comm: llog_process_th Tainted: G        W  O        7.0.0-ktest-908a7d5-6330a45-20260729-dirty #1 PREEMPT 
00022 Tainted: [W]=WARN, [O]=OOT_MODULE
00022 Hardware name: QEMU Standard PC (Q35 + ICH9, 2009), BIOS 2025.11-3ubuntu7 03/31/2026
00022 RIP: 0010:osd_create+0x9cf/0xcf0 [osd_wbcfs]
00022 Code: c7 c7 00 96 7b a1 48 c7 c6 a0 12 7d a1 48 c7 c2 00 1c 7d a1 e8 52 f1 43 ff 48 c7 c7 00 96 7b a1 e8 46 81 44 ff e9 fe fc ff ff <0f> 0b e9 a5 fa ff ff 48 c7 c1 80 44 5d a0 80 e1 07 80 c1 03 38 c1
00022 RSP: 0018:ffffc900073ef5a0 EFLAGS: 00010246
00022 Call Trace:
00022 
00022 RAX: 0000000000000000 RBX: ffff8881358c5c00 RCX: 0000000000000046
00022 RDX: 0000000000000000 RSI: ffff888137bf6d38 RDI: ffff888135a7cb18
00022 RBP: ffff888137bf6ca8 R08: ffffffff83a16803 R09: 1ffffffff0742d00
00022 R10: dffffc0000000000 R11: fffffbfff0742d01 R12: ffff8881196ce000
00022 R13: dffffc0000000000 R14: 1ffff11026b18b80 R15: 1ffff110232d9c0f
00022 FS:  0000000000000000(0000) GS:ffff8881d4b2a000(0000) knlGS:0000000000000000
00022 CS:  0010 DS: 0000 ES: 0000 CR0: 0000000080050033
00022 CR2: 00007f2e5b405780 CR3: 0000000004274000 CR4: 0000000000750eb0
00022 PKRU: 55555554
00022 Call Trace:
00022  <TASK>
00022  ? out_tx_create_exec+0x277/0x7a0 [ptlrpc]
00022 ------------[ cut here ]------------
00022  ? local_object_create+0x109/0x640 [obdclass]
00022  <TASK>
00022  ? dt_write_lock+0x16d/0x2a0 [obdclass]
00022  ? tx_add_exec+0xd70/0xd70 [ptlrpc]
00022 WARNING: /home/ktest/git/linux/include/linux/fs.h:889 at osd_create+0x9cf/0xcf0 [osd_wbcfs], CPU#3: ll_ost00_002/1776
00022  ? ofd_precreate_objects+0x1bd8/0x3220 [ofd]
00022 Modules linked in: ofd(O) osp(O) mdd(O) lod(O) mdt(O) lquota(O) lfsck(O) mgs(O) osd_wbcfs(O) lustre(O) obdecho(O) mgc(O) mdc(O) lov(O)
00022  ? ofd_create_hdl+0x2015/0x3510 [ofd]
00022  osc(O)
00022  lmv(O)
00022  ? llog_osd_create+0x356/0x10d0 [obdclass]
00022  ? tgt_request_handle+0x23ad/0x3d30 [ptlrpc]
00022  ? out_tx_end+0x3e3/0x1190 [ptlrpc]
00022  ec(O) fid(O) fld(O) ptlrpc(O) efivarfs obdclass(O) ksocklnd(O) lnet(O) libcfs(O)
00022 CPU: 3 UID: 0 PID: 1776 Comm: ll_ost00_002 Tainted: G        W  O        7.0.0-ktest-908a7d5-6330a45-20260729-dirty #1 PREEMPT 
00022 Tainted: [W]=WARN, [O]=OOT_MODULE
00022  ? ptlrpc_main+0x6359/0x96f0 [ptlrpc]
00022  ? out_handle+0x5286/0x6240 [ptlrpc]
00022  ? llog_create+0x2ed/0x530 [obdclass]
00022 Hardware name: QEMU Standard PC (Q35 + ICH9, 2009), BIOS 2025.11-3ubuntu7 03/31/2026
00022  ? llog_open_create+0x6e7/0xb30 [obdclass]
00022  ? __kthread_parkme+0x73/0x130
00022  ? tgt_request_handle+0x23ad/0x3d30 [ptlrpc]
00022 RIP: 0010:osd_create+0x9cf/0xcf0 [osd_wbcfs]
00022 Code: c7 c7 00 96 7b a1 48 c7 c6 a0 12 7d a1 48 c7 c2 00 1c 7d a1 e8 52 f1 43 ff 48 c7 c7 00 96 7b a1 e8 46 81 44 ff e9 fe fc ff ff <0f> 0b e9 a5 fa ff ff 48 c7 c1 80 44 5d a0 80 e1 07 80 c1 03 38 c1
00022 RSP: 0018:ffffc900011b7878 EFLAGS: 00010246
00022 RAX: 0000000000000000 RBX: ffff8881338a9c00 RCX: 0000000000000046
00022 RDX: 0000000000000000 RSI: ffff8880478cd7f0 RDI: ffff88802e5989e8
00022 RBP: ffff8880478cd760 R08: ffffffff83a16803 R09: 1ffffffff0742d00
00022 R10: dffffc0000000000 R11: fffffbfff0742d01 R12: ffff88813faa3830
00022 R13: dffffc0000000000 R14: 1ffff11026715380 R15: 1ffff11027f54742
00022 FS:  0000000000000000(0000) GS:ffff8881d4baa000(0000) knlGS:0000000000000000
00022 CS:  0010 DS: 0000 ES: 0000 CR0: 0000000080050033
00022 CR2: 000055a56e404bd0 CR3: 000000011d648000 CR4: 0000000000750eb0
00022 PKRU: 55555554
00022 Call Trace:
00022  <TASK>
00022  ? kthread+0x2cd/0x3a0
00022  ? ofd_precreate_objects+0x1bd8/0x3220 [ofd]
00022  ? osp_sync_init+0xfc0/0x2760 [osp]
00022  ? ptlrpc_start_thread+0x1f10/0x1f10 [ptlrpc]
00022  ? ofd_create_hdl+0x2015/0x3510 [ofd]
00022  ? osp_device_alloc+0x1b91/0x2e10 [osp]
00022  ? kthread_unuse_mm+0x130/0x130
00022  ? obd_setup+0x25c/0x950 [obdclass]
00022  ? ret_from_fork+0x18c/0x520
00022  ? kthread_unuse_mm+0x130/0x130
00022  ? ret_from_fork_asm+0x11/0x20
00022  </TASK>
00022 ---[ end trace 0000000000000000 ]---
00022 ------------[ cut here ]------------
00022 WARNING: /home/ktest/git/linux/include/linux/fs.h:889 at osd_create+0x9cf/0xcf0 [osd_wbcfs], CPU#0: ll_ost00_000/1774
00022 Modules linked in: ofd(O) osp(O) mdd(O) lod(O) mdt(O) lquota(O) lfsck(O) mgs(O) osd_wbcfs(O) lustre(O) obdecho(O) mgc(O) mdc(O) lov(O) osc(O) lmv(O) ec(O) fid(O) fld(O) ptlrpc(O) efivarfs obdclass(O) ksocklnd(O) lnet(O) libcfs(O)
00022 CPU: 0 UID: 0 PID: 1774 Comm: ll_ost00_000 Tainted: G        W  O        7.0.0-ktest-908a7d5-6330a45-20260729-dirty #1 PREEMPT 
00022 Tainted: [W]=WARN, [O]=OOT_MODULE
00022 Hardware name: QEMU Standard PC (Q35 + ICH9, 2009), BIOS 2025.11-3ubuntu7 03/31/2026
00022 RIP: 0010:osd_create+0x9cf/0xcf0 [osd_wbcfs]
00022 Code: c7 c7 00 96 7b a1 48 c7 c6 a0 12 7d a1 48 c7 c2 00 1c 7d a1 e8 52 f1 43 ff 48 c7 c7 00 96 7b a1 e8 46 81 44 ff e9 fe fc ff ff <0f> 0b e9 a5 fa ff ff 48 c7 c1 80 44 5d a0 80 e1 07 80 c1 03 38 c1
00022 RSP: 0018:ffffc90001737878 EFLAGS: 00010246
00022 RAX: 0000000000000000 RBX: ffff888116bcd000 RCX: 0000000000000046
00022 RDX: 0000000000000000 RSI: ffff8881364c2648 RDI: ffff88802e59cb68
00022 RBP: ffff8881364c25b8 R08: ffffffff83a16803 R09: 1ffffffff0742d00
00022 R10: dffffc0000000000 R11: fffffbfff0742d01 R12: ffff88813faa4030
00022 R13: dffffc0000000000 R14: 1ffff11022d79a00 R15: 1ffff11027f54842
00022 FS:  0000000000000000(0000) GS:ffff8881d4a2a000(0000) knlGS:0000000000000000
00022 CS:  0010 DS: 0000 ES: 0000 CR0: 0000000080050033
00022 CR2: 00007f48474056f0 CR3: 000000011d648000 CR4: 0000000000750eb0
00022 PKRU: 55555554
00022 Call Trace:
00022  <TASK>
00022  ? ofd_precreate_objects+0x1bd8/0x3220 [ofd]
00022  ? class_setup+0xc7d/0x10e0 [obdclass]
00022  ? ofd_create_hdl+0x2015/0x3510 [ofd]
00022  ? ptlrpc_main+0x6359/0x96f0 [ptlrpc]
00022  ? tgt_request_handle+0x23ad/0x3d30 [ptlrpc]
00022  ? tgt_request_handle+0x23ad/0x3d30 [ptlrpc]
00022  ? class_process_config+0x2edb/0x7cb0 [obdclass]
00022  ? ptlrpc_main+0x6359/0x96f0 [ptlrpc]
00022  ? __kthread_parkme+0x73/0x130
00022  ? __kasan_kmalloc+0x72/0x80
00022  ? class_config_llog_handler+0x2954/0x4f80 [obdclass]
00022  ? __kthread_parkme+0x73/0x130
00022  ? kthread+0x2cd/0x3a0
00022  ? class_config_llog_handler+0x2cea/0x4f80 [obdclass]
00022  ? ptlrpc_main+0x6359/0x96f0 [ptlrpc]
00022  ? kthread+0x2cd/0x3a0
00022  ? lustre_cfg_rec_free+0x350/0x350 [obdclass]
00022  ? __kthread_parkme+0x73/0x130
00022  ? kthread+0x2cd/0x3a0
00022  ? ptlrpc_start_thread+0x1f10/0x1f10 [ptlrpc]
00022  ? ptlrpc_start_thread+0x1f10/0x1f10 [ptlrpc]
00022  ? kthread_unuse_mm+0x130/0x130
00022  ? ret_from_fork+0x18c/0x520
00022  ? kthread_unuse_mm+0x130/0x130
00022  ? ret_from_fork_asm+0x11/0x20
00022  </TASK>
00022 ---[ end trace 0000000000000000 ]---
00022  ? ptlrpc_start_thread+0x1f10/0x1f10 [ptlrpc]
00022  ? kthread_unuse_mm+0x130/0x130
00022  ? ret_from_fork+0x18c/0x520
00022  ? kthread_unuse_mm+0x130/0x130
00022  ? ret_from_fork_asm+0x11/0x20
00022  </TASK>
00022 ---[ end trace 0000000000000000 ]---
00022 ------------[ cut here ]------------
00022 WARNING: /home/ktest/git/linux/include/linux/fs.h:889 at osd_create+0x9cf/0xcf0 [osd_wbcfs], CPU#3: ll_ost00_002/1776
00022 Modules linked in: ofd(O) osp(O) mdd(O) lod(O) mdt(O) lquota(O) lfsck(O) mgs(O) osd_wbcfs(O) lustre(O) obdecho(O) mgc(O) mdc(O) lov(O) osc(O) lmv(O) ec(O) fid(O) fld(O) ptlrpc(O) efivarfs obdclass(O) ksocklnd(O) lnet(O) libcfs(O)
00022 CPU: 3 UID: 0 PID: 1776 Comm: ll_ost00_002 Tainted: G        W  O        7.0.0-ktest-908a7d5-6330a45-20260729-dirty #1 PREEMPT 
00022 Tainted: [W]=WARN, [O]=OOT_MODULE
00022 Hardware name: QEMU Standard PC (Q35 + ICH9, 2009), BIOS 2025.11-3ubuntu7 03/31/2026
00022 RIP: 0010:osd_create+0x9cf/0xcf0 [osd_wbcfs]
00022 Code: c7 c7 00 96 7b a1 48 c7 c6 a0 12 7d a1 48 c7 c2 00 1c 7d a1 e8 52 f1 43 ff 48 c7 c7 00 96 7b a1 e8 46 81 44 ff e9 fe fc ff ff <0f> 0b e9 a5 fa ff ff 48 c7 c1 80 44 5d a0 80 e1 07 80 c1 03 38 c1
00022 RSP: 0018:ffffc900011b7878 EFLAGS: 00010246
00022 RAX: 0000000000000000 RBX: ffff8881338a9800 RCX: 0000000000000046
00022 RDX: 0000000000000000 RSI: ffff8881333ba648 RDI: ffff88802e5989e8
00022 RBP: ffff8881333ba5b8 R08: ffffffff83a16803 R09: 1ffffffff0742d00
00022 R10: dffffc0000000000 R11: fffffbfff0742d01 R12: ffff88813faa3830
00022 R13: dffffc0000000000 R14: 1ffff11026715300 R15: 1ffff11027f54742
00022 FS:  0000000000000000(0000) GS:ffff8881d4baa000(0000) knlGS:0000000000000000
00022  ? llog_process_thread+0x1fd2/0x4f70 [obdclass]
00022  ? _raw_spin_unlock+0x23/0x40
00022  ? kthread_unuse_mm+0x130/0x130
00022  ? llog_process_thread_daemonize+0x16d/0x1b0 [obdclass]
00022 CS:  0010 DS: 0000 ES: 0000 CR0: 0000000080050033
00022  ? kthread+0x2cd/0x3a0
00022  ? llog_process_or_fork+0xc90/0xc90 [obdclass]
00022  ? ret_from_fork+0x18c/0x520
00022  ? kthread_unuse_mm+0x130/0x130
00022  ? ret_from_fork+0x18c/0x520
00022  ? kthread_unuse_mm+0x130/0x130
00022  ? ret_from_fork_asm+0x11/0x20
00022  </TASK>
00022 ---[ end trace 0000000000000000 ]---
00022 CR2: 000055a56e404bd0 CR3: 000000011d648000 CR4: 0000000000750eb0
00022  ? kthread_unuse_mm+0x130/0x130
00022 ------------[ cut here ]------------
00022 PKRU: 55555554
00022 WARNING: /home/ktest/git/linux/include/linux/fs.h:889 at osd_create+0x9cf/0xcf0 [osd_wbcfs], CPU#2: llog_process_th/1816
00022 Modules linked in: ofd(O) osp(O) mdd(O) lod(O) mdt(O) lquota(O) lfsck(O) mgs(O) osd_wbcfs(O) lustre(O) obdecho(O) mgc(O) mdc(O) lov(O) osc(O) lmv(O) ec(O) fid(O) fld(O) ptlrpc(O) efivarfs obdclass(O) ksocklnd(O) lnet(O) libcfs(O)
00022 CPU: 2 UID: 0 PID: 1816 Comm: llog_process_th Tainted: G        W  O        7.0.0-ktest-908a7d5-6330a45-20260729-dirty #1 PREEMPT 
00022 Tainted: [W]=WARN, [O]=OOT_MODULE
00022 Hardware name: QEMU Standard PC (Q35 + ICH9, 2009), BIOS 2025.11-3ubuntu7 03/31/2026
00022 RIP: 0010:osd_create+0x9cf/0xcf0 [osd_wbcfs]
00022  ? ret_from_fork_asm+0x11/0x20
00022 Code: c7 c7 00 96 7b a1 48 c7 c6 a0 12 7d a1 48 c7 c2 00 1c 7d a1 e8 52 f1 43 ff 48 c7 c7 00 96 7b a1 e8 46 81 44 ff e9 fe fc ff ff <0f> 0b e9 a5 fa ff ff 48 c7 c1 80 44 5d a0 80 e1 07 80 c1 03 38 c1
00022 RSP: 0018:ffffc900073ef450 EFLAGS: 00010246
00022 RAX: 0000000000000000 RBX: ffff8881358c5800 RCX: 0000000000000046
00022 RDX: 0000000000000000 RSI: ffff888137bf6620 RDI: ffff888135a7cb40
00022 RBP: ffff888137bf6590 R08: ffffffff83a16803 R09: 1ffffffff0742d00
00022 R10: dffffc0000000000 R11: fffffbfff0742d01 R12: ffff8881196ce000
00022 R13: dffffc0000000000 R14: 1ffff11026b18b00 R15: 1ffff110232d9c0f
00022 FS:  0000000000000000(0000) GS:ffff8881d4b2a000(0000) knlGS:0000000000000000
00022 CS:  0010 DS: 0000 ES: 0000 CR0: 0000000080050033
00022 CR2: 00007f2e5b405780 CR3: 0000000004274000 CR4: 0000000000750eb0
00022 PKRU: 55555554
00022 Call Trace:
00022  <TASK>
00022 Call Trace:
00022  ? local_object_create+0x109/0x640 [obdclass]
00022  </TASK>
00022  ? dt_write_lock+0x16d/0x2a0 [obdclass]
00022  <TASK>
00022  ? llog_osd_create+0x356/0x10d0 [obdclass]
00022 ---[ end trace 0000000000000000 ]---
00022  ? llog_create+0x2ed/0x530 [obdclass]
00022  ? ofd_precreate_objects+0x1bd8/0x3220 [ofd]
00022 ------------[ cut here ]------------
00022  ? llog_cat_new_log+0x6d1/0x2970 [obdclass]
00022  ? ofd_create_hdl+0x2015/0x3510 [ofd]
00022 WARNING: /home/ktest/git/linux/include/linux/fs.h:889 at osd_create+0x9cf/0xcf0 [osd_wbcfs], CPU#0: ll_ost00_000/1774
00022  ? llog_cat_add_rec+0x6ba/0x1960 [obdclass]
00022  ? tgt_request_handle+0x23ad/0x3d30 [ptlrpc]
00022 Modules linked in: ofd(O) osp(O) mdd(O) lod(O) mdt(O) lquota(O) lfsck(O) mgs(O) osd_wbcfs(O) lustre(O) obdecho(O) mgc(O) mdc(O) lov(O) osc(O)
00022  ? ptlrpc_main+0x6359/0x96f0 [ptlrpc]
00022  ? llog_cat_add+0x499/0x7a0 [obdclass]
00022  lmv(O)
00022  ? osp_sync_init+0x1588/0x2760 [osp]
00022  ? __kthread_parkme+0x73/0x130
00022  ? kthread+0x2cd/0x3a0
00022  ec(O) fid(O) fld(O) ptlrpc(O) efivarfs obdclass(O) ksocklnd(O) lnet(O) libcfs(O)
00022 CPU: 0 UID: 0 PID: 1774 Comm: ll_ost00_000 Tainted: G        W  O        7.0.0-ktest-908a7d5-6330a45-20260729-dirty #1 PREEMPT 
00022 Tainted: [W]=WARN, [O]=OOT_MODULE
00022 Hardware name: QEMU Standard PC (Q35 + ICH9, 2009), BIOS 2025.11-3ubuntu7 03/31/2026
00022  ? ptlrpc_start_thread+0x1f10/0x1f10 [ptlrpc]
00022  ? osp_device_alloc+0x1b91/0x2e10 [osp]
00022 RIP: 0010:osd_create+0x9cf/0xcf0 [osd_wbcfs]
00022  ? kthread_unuse_mm+0x130/0x130
00022  ? ret_from_fork+0x18c/0x520
00022  ? kthread_unuse_mm+0x130/0x130
00022  ? ret_from_fork_asm+0x11/0x20
00022  </TASK>
00022 ---[ end trace 0000000000000000 ]---
00022 ------------[ cut here ]------------
00022 WARNING: /home/ktest/git/linux/include/linux/fs.h:889 at osd_create+0x9cf/0xcf0 [osd_wbcfs], CPU#3: ll_ost00_002/1776
00022 Modules linked in: ofd(O) osp(O)
00022 Code: c7 c7 00 96 7b a1 48 c7 c6 a0 12 7d a1 48 c7 c2 00 1c 7d a1 e8 52 f1 43 ff 48 c7 c7 00 96 7b a1 e8 46 81 44 ff e9 fe fc ff ff <0f> 0b e9 a5 fa ff ff 48 c7 c1 80 44 5d a0 80 e1 07 80 c1 03 38 c1
00022  ? obd_setup+0x25c/0x950 [obdclass]
00022  mdd(O)
00022 RSP: 0018:ffffc90001737878 EFLAGS: 00010246
00022  ? class_setup+0xc7d/0x10e0 [obdclass]
00022  lod(O)
00022 
00022  ? class_process_config+0x2edb/0x7cb0 [obdclass]
00022  mdt(O)
00022 RAX: 0000000000000000 RBX: ffff888116bccc00 RCX: 0000000000000046
00022  ? __kasan_kmalloc+0x72/0x80
00022  lquota(O)
00022  ? class_config_llog_handler+0x2954/0x4f80 [obdclass]
00022 RDX: 0000000000000000 RSI: ffff8881364c1f30 RDI: ffff88802e59cb68
00022  lfsck(O)
00022 RBP: ffff8881364c1ea0 R08: ffffffff83a16803 R09: 1ffffffff0742d00
00022  ? class_config_llog_handler+0x2cea/0x4f80 [obdclass]
00022  mgs(O)
00022 R10: dffffc0000000000 R11: fffffbfff0742d01 R12: ffff88813faa4030
00022  ? lustre_cfg_rec_free+0x350/0x350 [obdclass]
00022  osd_wbcfs(O)
00022 R13: dffffc0000000000 R14: 1ffff11022d79980 R15: 1ffff11027f54842
00022  ? llog_process_thread+0x1fd2/0x4f70 [obdclass]
00022  lustre(O)
00022 FS:  0000000000000000(0000) GS:ffff8881d4a2a000(0000) knlGS:0000000000000000
00022  ? _raw_spin_unlock+0x23/0x40
00022  obdecho(O)
00022  ? llog_process_thread_daemonize+0x16d/0x1b0 [obdclass]
00022 CS:  0010 DS: 0000 ES: 0000 CR0: 0000000080050033
00022  ? kthread+0x2cd/0x3a0
00022  mgc(O)
00022  ? llog_process_or_fork+0xc90/0xc90 [obdclass]
00022 CR2: 00007f48474056f0 CR3: 000000011d648000 CR4: 0000000000750eb0
00022  mdc(O)
00022  ? kthread_unuse_mm+0x130/0x130
00022  ? ret_from_fork+0x18c/0x520
00022  ? kthread_unuse_mm+0x130/0x130
00022  ? ret_from_fork_asm+0x11/0x20
00022  </TASK>
00022 ---[ end trace 0000000000000000 ]---
00022 PKRU: 55555554
00022  lov(O)
00022 Call Trace:
00022  osc(O)
00022  <TASK>
00022  lmv(O)
00022  ? ofd_precreate_objects+0x1bd8/0x3220 [ofd]
00022  ec(O)
00022  ? ofd_create_hdl+0x2015/0x3510 [ofd]
00022  fid(O)
00022  ? tgt_request_handle+0x23ad/0x3d30 [ptlrpc]
00022  fld(O)
00022  ? ptlrpc_main+0x6359/0x96f0 [ptlrpc]
00022  ptlrpc(O)
00022  ? __kthread_parkme+0x73/0x130
00022  efivarfs
00022  ? kthread+0x2cd/0x3a0
00022  obdclass(O)
00022  ? ptlrpc_start_thread+0x1f10/0x1f10 [ptlrpc]
00022  ksocklnd(O)
00022  ? kthread_unuse_mm+0x130/0x130
00022  lnet(O)
00022  ? ret_from_fork+0x18c/0x520
00022  libcfs(O)
00022  ? kthread_unuse_mm+0x130/0x130
00022 
00022  ? ret_from_fork_asm+0x11/0x20
00022 CPU: 3 UID: 0 PID: 1776 Comm: ll_ost00_002 Tainted: G        W  O        7.0.0-ktest-908a7d5-6330a45-20260729-dirty #1 PREEMPT 
00022  </TASK>
00022 Tainted: [W]=WARN, [O]=OOT_MODULE
00022 ---[ end trace 0000000000000000 ]---
00022 Hardware name: QEMU Standard PC (Q35 + ICH9, 2009), BIOS 2025.11-3ubuntu7 03/31/2026
00022 ------------[ cut here ]------------
00022 RIP: 0010:osd_create+0x9cf/0xcf0 [osd_wbcfs]
00022 WARNING: /home/ktest/git/linux/include/linux/fs.h:889 at osd_create+0x9cf/0xcf0 [osd_wbcfs], CPU#0: ll_ost00_000/1774
00022 Code: c7 c7 00 96 7b a1 48 c7 c6 a0 12 7d a1 48 c7 c2 00 1c 7d a1 e8 52 f1 43 ff 48 c7 c7 00 96 7b a1 e8 46 81 44 ff e9 fe fc ff ff <0f> 0b e9 a5 fa ff ff 48 c7 c1 80 44 5d a0 80 e1 07 80 c1 03 38 c1
00022 Modules linked in:
00022 RSP: 0018:ffffc900011b7878 EFLAGS: 00010246
00022  ofd(O)
00022 
00022  osp(O)
00022 RAX: 0000000000000000 RBX: ffff8881338a9000 RCX: 0000000000000046
00022  mdd(O)
00022 RDX: 0000000000000000 RSI: ffff8881333b9f30 RDI: ffff88802e5989e8
00022 RBP: ffff8881333b9ea0 R08: ffffffff83a16803 R09: 1ffffffff0742d00
00022  lod(O)
00022 R10: dffffc0000000000 R11: fffffbfff0742d01 R12: ffff88813faa3830
00022  mdt(O)
00022 R13: dffffc0000000000 R14: 1ffff11026715200 R15: 1ffff11027f54742
00022  lquota(O)
00022 FS:  0000000000000000(0000) GS:ffff8881d4baa000(0000) knlGS:0000000000000000
00022  lfsck(O)
00022 CS:  0010 DS: 0000 ES: 0000 CR0: 0000000080050033
00022  mgs(O)
00022 CR2: 000055a56e404bd0 CR3: 000000011d648000 CR4: 0000000000750eb0
00022  osd_wbcfs(O)
00022 PKRU: 55555554
00022  lustre(O)
00022 Call Trace:
00022  obdecho(O)
00022  <TASK>
00022  mgc(O)
00022 ------------[ cut here ]------------
00022 WARNING: /home/ktest/git/linux/include/linux/fs.h:889 at osd_create+0x9cf/0xcf0 [osd_wbcfs], CPU#2: llog_process_th/1816
00022  ? ofd_precreate_objects+0x1bd8/0x3220 [ofd]
00022  ? ofd_create_hdl+0x2015/0x3510 [ofd]
00022  mdc(O) lov(O) osc(O) lmv(O) ec(O) fid(O) fld(O) ptlrpc(O) efivarfs obdclass(O) ksocklnd(O) lnet(O) libcfs(O)
00022 CPU: 0 UID: 0 PID: 1774 Comm: ll_ost00_000 Tainted: G        W  O        7.0.0-ktest-908a7d5-6330a45-20260729-dirty #1 PREEMPT 
00022 Modules linked in:
00022  ? tgt_request_handle+0x23ad/0x3d30 [ptlrpc]
00022 Tainted: [W]=WARN, [O]=OOT_MODULE
00022 Hardware name: QEMU Standard PC (Q35 + ICH9, 2009), BIOS 2025.11-3ubuntu7 03/31/2026
00022 RIP: 0010:osd_create+0x9cf/0xcf0 [osd_wbcfs]
00022  ofd(O)
00022 Code: c7 c7 00 96 7b a1 48 c7 c6 a0 12 7d a1 48 c7 c2 00 1c 7d a1 e8 52 f1 43 ff 48 c7 c7 00 96 7b a1 e8 46 81 44 ff e9 fe fc ff ff <0f> 0b e9 a5 fa ff ff 48 c7 c1 80 44 5d a0 80 e1 07 80 c1 03 38 c1
00022 RSP: 0018:ffffc90001737878 EFLAGS: 00010246
00022 RAX: 0000000000000000 RBX: ffff888116bcc400 RCX: 0000000000000046
00022 RDX: 0000000000000000 RSI: ffff8881364c1818 RDI: ffff88802e59cb68
00022 RBP: ffff8881364c1788 R08: ffffffff83a16803 R09: 1ffffffff0742d00
00022 R10: dffffc0000000000 R11: fffffbfff0742d01 R12: ffff88813faa4030
00022 R13: dffffc0000000000 R14: 1ffff11022d79880 R15: 1ffff11027f54842
00022 FS:  0000000000000000(0000) GS:ffff8881d4a2a000(0000) knlGS:0000000000000000
00022  osp(O)
00022  ? ptlrpc_main+0x6359/0x96f0 [ptlrpc]
00022  ? __kthread_parkme+0x73/0x130
00022  ? kthread+0x2cd/0x3a0
00022  ? ptlrpc_start_thread+0x1f10/0x1f10 [ptlrpc]
00022 CS:  0010 DS: 0000 ES: 0000 CR0: 0000000080050033
00022 CR2: 00007f48474056f0 CR3: 000000011d648000 CR4: 0000000000750eb0
00022 PKRU: 55555554
00022 Call Trace:
00022  <TASK>
00022  ? ofd_precreate_objects+0x1bd8/0x3220 [ofd]
00022  mdd(O)
00022  ? kthread_unuse_mm+0x130/0x130
00022  ? ret_from_fork+0x18c/0x520
00022  ? kthread_unuse_mm+0x130/0x130
00022  ? ret_from_fork_asm+0x11/0x20
00022  </TASK>
00022 ---[ end trace 0000000000000000 ]---
00022 ------------[ cut here ]------------
00022 WARNING: /home/ktest/git/linux/include/linux/fs.h:889 at osd_create+0x9cf/0xcf0 [osd_wbcfs], CPU#3: ll_ost00_002/1776
00022 Modules linked in: ofd(O) osp(O) mdd(O) lod(O) mdt(O) lquota(O) lfsck(O) mgs(O) osd_wbcfs(O) lustre(O) obdecho(O) mgc(O) mdc(O) lov(O) osc(O) lmv(O) ec(O) fid(O) fld(O) ptlrpc(O) efivarfs obdclass(O) ksocklnd(O) lnet(O) libcfs(O)
00022 CPU: 3 UID: 0 PID: 1776 Comm: ll_ost00_002 Tainted: G        W  O        7.0.0-ktest-908a7d5-6330a45-20260729-dirty #1 PREEMPT 
00022 Tainted: [W]=WARN, [O]=OOT_MODULE
00022 Hardware name: QEMU Standard PC (Q35 + ICH9, 2009), BIOS 2025.11-3ubuntu7 03/31/2026
00022 RIP: 0010:osd_create+0x9cf/0xcf0 [osd_wbcfs]
00022 Code: c7 c7 00 96 7b a1 48 c7 c6 a0 12 7d a1 48 c7 c2 00 1c 7d a1 e8 52 f1 43 ff 48 c7 c7 00 96 7b a1 e8 46 81 44 ff e9 fe fc ff ff <0f> 0b e9 a5 fa ff ff 48 c7 c1 80 44 5d a0 80 e1 07 80 c1 03 38 c1
00022 RSP: 0018:ffffc900011b7878 EFLAGS: 00010246
00022 RAX: 0000000000000000 RBX: ffff8881338a8400 RCX: 0000000000000046
00022 RDX: 0000000000000000 RSI: ffff8881333b9818 RDI: ffff88802e5989e8
00022 RBP: ffff8881333b9788 R08: ffffffff83a16803 R09: 1ffffffff0742d00
00022 R10: dffffc0000000000 R11: fffffbfff0742d01 R12: ffff88813faa3830
00022 R13: dffffc0000000000 R14: 1ffff11026715080 R15: 1ffff11027f54742
00022  ? ofd_create_hdl+0x2015/0x3510 [ofd]
00022  lod(O)
00022  ? tgt_request_handle+0x23ad/0x3d30 [ptlrpc]
00022 FS:  0000000000000000(0000) GS:ffff8881d4baa000(0000) knlGS:0000000000000000
00022 CS:  0010 DS: 0000 ES: 0000 CR0: 0000000080050033
00022 CR2: 000055a56e404bd0 CR3: 000000011d648000 CR4: 0000000000750eb0
00022 PKRU: 55555554
00022 Call Trace:
00022  <TASK>
00022  ? ofd_precreate_objects+0x1bd8/0x3220 [ofd]
00022  mdt(O)
00022  ? ptlrpc_main+0x6359/0x96f0 [ptlrpc]
00022  ? ofd_create_hdl+0x2015/0x3510 [ofd]
00022  ? __kthread_parkme+0x73/0x130
00022  ? kthread+0x2cd/0x3a0
00022  lquota(O) lfsck(O) mgs(O) osd_wbcfs(O) lustre(O) obdecho(O) mgc(O) mdc(O) lov(O) osc(O) lmv(O) ec(O) fid(O) fld(O) ptlrpc(O) efivarfs obdclass(O) ksocklnd(O) lnet(O) libcfs(O)
00022 CPU: 2 UID: 0 PID: 1816 Comm: llog_process_th Tainted: G        W  O        7.0.0-ktest-908a7d5-6330a45-20260729-dirty #1 PREEMPT 
00022 Tainted: [W]=WARN, [O]=OOT_MODULE
00022 Hardware name: QEMU Standard PC (Q35 + ICH9, 2009), BIOS 2025.11-3ubuntu7 03/31/2026
00022 RIP: 0010:osd_create+0x9cf/0xcf0 [osd_wbcfs]
00022 Code: c7 c7 00 96 7b a1 48 c7 c6 a0 12 7d a1 48 c7 c2 00 1c 7d a1 e8 52 f1 43 ff 48 c7 c7 00 96 7b a1 e8 46 81 44 ff e9 fe fc ff ff <0f> 0b e9 a5 fa ff ff 48 c7 c1 80 44 5d a0 80 e1 07 80 c1 03 38 c1
00022 RSP: 0018:ffffc900073ef5a0 EFLAGS: 00010246
00022 RAX: 0000000000000000 RBX: ffff888119960400 RCX: 0000000000000046
00022 RDX: 0000000000000000 RSI: ffff888137bf5f08 RDI: ffff888135a7cb18
00022 RBP: ffff888137bf5e78 R08: ffffffff83a16803 R09: 1ffffffff0742d00
00022 R10: dffffc0000000000 R11: fffffbfff0742d01 R12: ffff888132d88800
00022 R13: dffffc0000000000 R14: 1ffff1102332c080 R15: 1ffff110265b110f
00022 FS:  0000000000000000(0000) GS:ffff8881d4b2a000(0000) knlGS:0000000000000000
00022  ? tgt_request_handle+0x23ad/0x3d30 [ptlrpc]
00022  ? ptlrpc_start_thread+0x1f10/0x1f10 [ptlrpc]
00022 CS:  0010 DS: 0000 ES: 0000 CR0: 0000000080050033
00022  ? ptlrpc_main+0x6359/0x96f0 [ptlrpc]
00022 CR2: 00007f2e5b405780 CR3: 0000000004274000 CR4: 0000000000750eb0
00022  ? kthread_unuse_mm+0x130/0x130
00022  ? ret_from_fork+0x18c/0x520
00022  ? kthread_unuse_mm+0x130/0x130
00022  ? ret_from_fork_asm+0x11/0x20
00022  ? __kthread_parkme+0x73/0x130
00022  ? kthread+0x2cd/0x3a0
00022 PKRU: 55555554
00022  </TASK>
00022 ---[ end trace 0000000000000000 ]---
00022 ------------[ cut here ]------------
00022  ? ptlrpc_start_thread+0x1f10/0x1f10 [ptlrpc]
00022 Call Trace:
00022 WARNING: /home/ktest/git/linux/include/linux/fs.h:889 at osd_create+0x9cf/0xcf0 [osd_wbcfs], CPU#0: ll_ost00_000/1774
00022 Modules linked in: ofd(O) osp(O) mdd(O) lod(O) mdt(O) lquota(O) lfsck(O) mgs(O) osd_wbcfs(O) lustre(O) obdecho(O) mgc(O) mdc(O) lov(O) osc(O) lmv(O) ec(O) fid(O) fld(O) ptlrpc(O) efivarfs obdclass(O) ksocklnd(O) lnet(O) libcfs(O)
00022 CPU: 0 UID: 0 PID: 1774 Comm: ll_ost00_000 Tainted: G        W  O        7.0.0-ktest-908a7d5-6330a45-20260729-dirty #1 PREEMPT 
00022 Tainted: [W]=WARN, [O]=OOT_MODULE
00022 Hardware name: QEMU Standard PC (Q35 + ICH9, 2009), BIOS 2025.11-3ubuntu7 03/31/2026
00022 RIP: 0010:osd_create+0x9cf/0xcf0 [osd_wbcfs]
00022 Code: c7 c7 00 96 7b a1 48 c7 c6 a0 12 7d a1 48 c7 c2 00 1c 7d a1 e8 52 f1 43 ff 48 c7 c7 00 96 7b a1 e8 46 81 44 ff e9 fe fc ff ff <0f> 0b e9 a5 fa ff ff 48 c7 c1 80 44 5d a0 80 e1 07 80 c1 03 38 c1
00022 RSP: 0018:ffffc90001737878 EFLAGS: 00010246
00022 RAX: 0000000000000000 RBX: ffff888101327800 RCX: 0000000000000046
00022 RDX: 0000000000000000 RSI: ffff8881364c1100 RDI: ffff88802e59cb68
00022 RBP: ffff8881364c1070 R08: ffffffff83a16803 R09: 1ffffffff0742d00
00022 R10: dffffc0000000000 R11: fffffbfff0742d01 R12: ffff88813faa4030
00022 R13: dffffc0000000000 R14: 1ffff11020264f00 R15: 1ffff11027f54842
00022 FS:  0000000000000000(0000) GS:ffff8881d4a2a000(0000) knlGS:0000000000000000
00022 CS:  0010 DS: 0000 ES: 0000 CR0: 0000000080050033
00022 CR2: 00007f48474056f0 CR3: 000000011d648000 CR4: 0000000000750eb0
00022 PKRU: 55555554
00022 Call Trace:
00022  <TASK>
00022  ? ofd_precreate_objects+0x1bd8/0x3220 [ofd]
00022  <TASK>
00022  ? ofd_create_hdl+0x2015/0x3510 [ofd]
00022  ? kthread_unuse_mm+0x130/0x130
00022  ? ret_from_fork+0x18c/0x520
00022  ? kthread_unuse_mm+0x130/0x130
00022  ? ret_from_fork_asm+0x11/0x20
00022  ? tgt_request_handle+0x23ad/0x3d30 [ptlrpc]
00022  ? local_object_create+0x109/0x640 [obdclass]
00022  </TASK>
00022  ? dt_write_lock+0x16d/0x2a0 [obdclass]
00022  ? ptlrpc_main+0x6359/0x96f0 [ptlrpc]
00022 ---[ end trace 0000000000000000 ]---
00022 ------------[ cut here ]------------
00022  ? llog_osd_create+0x356/0x10d0 [obdclass]
00022 WARNING: /home/ktest/git/linux/include/linux/fs.h:889 at osd_create+0x9cf/0xcf0 [osd_wbcfs], CPU#3: ll_ost00_002/1776
00022  ? __kthread_parkme+0x73/0x130
00022  ? kthread+0x2cd/0x3a0
00022 Modules linked in: ofd(O) osp(O) mdd(O) lod(O) mdt(O) lquota(O) lfsck(O) mgs(O) osd_wbcfs(O) lustre(O) obdecho(O) mgc(O) mdc(O) lov(O) osc(O)
00022  ? ptlrpc_start_thread+0x1f10/0x1f10 [ptlrpc]
00022  ? llog_create+0x2ed/0x530 [obdclass]
00022  lmv(O)
00022  ? llog_open_create+0x6e7/0xb30 [obdclass]
00022  ? osp_sync_init+0xfc0/0x2760 [osp]
00022  ? osp_device_alloc+0x1b91/0x2e10 [osp]
00022  ? obd_setup+0x25c/0x950 [obdclass]
00022  ? kthread_unuse_mm+0x130/0x130
00022  ? class_setup+0xc7d/0x10e0 [obdclass]
00022  ec(O) fid(O) fld(O) ptlrpc(O) efivarfs obdclass(O) ksocklnd(O) lnet(O) libcfs(O)
00022 CPU: 3 UID: 0 PID: 1776 Comm: ll_ost00_002 Tainted: G        W  O        7.0.0-ktest-908a7d5-6330a45-20260729-dirty #1 PREEMPT 
00022  ? class_process_config+0x2edb/0x7cb0 [obdclass]
00022  ? ret_from_fork+0x18c/0x520
00022  ? __kasan_kmalloc+0x72/0x80
00022 Tainted: [W]=WARN, [O]=OOT_MODULE
00022  ? class_config_llog_handler+0x2954/0x4f80 [obdclass]
00022  ? kthread_unuse_mm+0x130/0x130
00022  ? class_config_llog_handler+0x2cea/0x4f80 [obdclass]
00022  ? lustre_cfg_rec_free+0x350/0x350 [obdclass]
00022 Hardware name: QEMU Standard PC (Q35 + ICH9, 2009), BIOS 2025.11-3ubuntu7 03/31/2026
00022  ? ret_from_fork_asm+0x11/0x20
00022  ? llog_process_thread+0x1fd2/0x4f70 [obdclass]
00022  ? _raw_spin_unlock+0x23/0x40
00022 RIP: 0010:osd_create+0x9cf/0xcf0 [osd_wbcfs]
00022  ? llog_process_thread_daemonize+0x16d/0x1b0 [obdclass]
00022  </TASK>
00022  ? kthread+0x2cd/0x3a0
00022  ? llog_process_or_fork+0xc90/0xc90 [obdclass]
00022 Code: c7 c7 00 96 7b a1 48 c7 c6 a0 12 7d a1 48 c7 c2 00 1c 7d a1 e8 52 f1 43 ff 48 c7 c7 00 96 7b a1 e8 46 81 44 ff e9 fe fc ff ff <0f> 0b e9 a5 fa ff ff 48 c7 c1 80 44 5d a0 80 e1 07 80 c1 03 38 c1
00022  ? kthread_unuse_mm+0x130/0x130
00022  ? ret_from_fork+0x18c/0x520
00022  ? kthread_unuse_mm+0x130/0x130
00022  ? ret_from_fork_asm+0x11/0x20
00022  </TASK>
00022 ---[ end trace 0000000000000000 ]---
00022 ---[ end trace 0000000000000000 ]---
00022 RSP: 0018:ffffc900011b7878 EFLAGS: 00010246
00022 ------------[ cut here ]------------
00022 
00022 RAX: 0000000000000000 RBX: ffff8881338a8800 RCX: 0000000000000046
00022 RDX: 0000000000000000 RSI: ffff8881333b9100 RDI: ffff88802e5989e8
00022 RBP: ffff8881333b9070 R08: ffffffff83a16803 R09: 1ffffffff0742d00
00022 R10: dffffc0000000000 R11: fffffbfff0742d01 R12: ffff88813faa3830
00022 R13: dffffc0000000000 R14: 1ffff11026715100 R15: 1ffff11027f54742
00022 FS:  0000000000000000(0000) GS:ffff8881d4baa000(0000) knlGS:0000000000000000
00022 CS:  0010 DS: 0000 ES: 0000 CR0: 0000000080050033
00022 WARNING: /home/ktest/git/linux/include/linux/fs.h:889 at osd_create+0x9cf/0xcf0 [osd_wbcfs], CPU#2: llog_process_th/1816
00022 CR2: 000055a56e404bd0 CR3: 000000011d648000 CR4: 0000000000750eb0
00022 PKRU: 55555554
00022 Call Trace:
00022  <TASK>
00022  ? ofd_precreate_objects+0x1bd8/0x3220 [ofd]
00022 Modules linked in:
00022  ? ofd_create_hdl+0x2015/0x3510 [ofd]
00022  ofd(O)
00022  ? tgt_request_handle+0x23ad/0x3d30 [ptlrpc]
00022 ------------[ cut here ]------------
00022  osp(O)
00022 WARNING: /home/ktest/git/linux/include/linux/fs.h:889 at osd_create+0x9cf/0xcf0 [osd_wbcfs], CPU#0: ll_ost00_000/1774
00022  mdd(O)
00022  ? ptlrpc_main+0x6359/0x96f0 [ptlrpc]
00022 Modules linked in: ofd(O) osp(O) mdd(O) lod(O) mdt(O) lquota(O) lfsck(O) mgs(O) osd_wbcfs(O) lustre(O) obdecho(O) mgc(O) mdc(O)
00022  lod(O)
00022  ? __kthread_parkme+0x73/0x130
00022  ? kthread+0x2cd/0x3a0
00022  lov(O) osc(O) lmv(O) ec(O) fid(O) fld(O) ptlrpc(O) efivarfs obdclass(O) ksocklnd(O) lnet(O) libcfs(O)
00022 CPU: 0 UID: 0 PID: 1774 Comm: ll_ost00_000 Tainted: G        W  O        7.0.0-ktest-908a7d5-6330a45-20260729-dirty #1 PREEMPT 
00022  mdt(O)
00022  ? ptlrpc_start_thread+0x1f10/0x1f10 [ptlrpc]
00022  ? kthread_unuse_mm+0x130/0x130
00022  ? ret_from_fork+0x18c/0x520
00022  ? kthread_unuse_mm+0x130/0x130
00022  ? ret_from_fork_asm+0x11/0x20
00022  </TASK>
00022 ---[ end trace 0000000000000000 ]---
00022 ------------[ cut here ]------------
00022 WARNING: /home/ktest/git/linux/include/linux/fs.h:889 at osd_create+0x9cf/0xcf0 [osd_wbcfs], CPU#3: ll_ost00_002/1776
00022 Tainted: [W]=WARN, [O]=OOT_MODULE
00022 Hardware name: QEMU Standard PC (Q35 + ICH9, 2009), BIOS 2025.11-3ubuntu7 03/31/2026
00022 Modules linked in: ofd(O) osp(O) mdd(O) lod(O) mdt(O)
00022 RIP: 0010:osd_create+0x9cf/0xcf0 [osd_wbcfs]
00022  lquota(O) lfsck(O)
00022 Code: c7 c7 00 96 7b a1 48 c7 c6 a0 12 7d a1 48 c7 c2 00 1c 7d a1 e8 52 f1 43 ff 48 c7 c7 00 96 7b a1 e8 46 81 44 ff e9 fe fc ff ff <0f> 0b e9 a5 fa ff ff 48 c7 c1 80 44 5d a0 80 e1 07 80 c1 03 38 c1
00022 RSP: 0018:ffffc90001737878 EFLAGS: 00010246
00022 RAX: 0000000000000000 RBX: ffff888101327c00 RCX: 0000000000000046
00022 RDX: 0000000000000000 RSI: ffff8881364c09e8 RDI: ffff88802e59cb68
00022 RBP: ffff8881364c0958 R08: ffffffff83a16803 R09: 1ffffffff0742d00
00022 R10: dffffc0000000000 R11: fffffbfff0742d01 R12: ffff88813faa4030
00022 R13: dffffc0000000000 R14: 1ffff11020264f80 R15: 1ffff11027f54842
00022 FS:  0000000000000000(0000) GS:ffff8881d4a2a000(0000) knlGS:0000000000000000
00022 CS:  0010 DS: 0000 ES: 0000 CR0: 0000000080050033
00022 CR2: 00007f48474056f0 CR3: 000000011d648000 CR4: 0000000000750eb0
00022 PKRU: 55555554
00022 Call Trace:
00022  <TASK>
00022  ? ofd_precreate_objects+0x1bd8/0x3220 [ofd]
00022  ? ofd_create_hdl+0x2015/0x3510 [ofd]
00022  lquota(O)
00022  ? tgt_request_handle+0x23ad/0x3d30 [ptlrpc]
00022  mgs(O) osd_wbcfs(O) lustre(O) obdecho(O) mgc(O) mdc(O) lov(O) osc(O) lmv(O) ec(O) fid(O) fld(O) ptlrpc(O) efivarfs obdclass(O) ksocklnd(O)
00022  lfsck(O) mgs(O) osd_wbcfs(O) lustre(O) obdecho(O) mgc(O) mdc(O) lov(O) osc(O) lmv(O) ec(O) fid(O) fld(O) ptlrpc(O) efivarfs obdclass(O) ksocklnd(O) lnet(O) libcfs(O)
00022 CPU: 2 UID: 0 PID: 1816 Comm: llog_process_th Tainted: G        W  O        7.0.0-ktest-908a7d5-6330a45-20260729-dirty #1 PREEMPT 
00022  lnet(O) libcfs(O)
00022 CPU: 3 UID: 0 PID: 1776 Comm: ll_ost00_002 Tainted: G        W  O        7.0.0-ktest-908a7d5-6330a45-20260729-dirty #1 PREEMPT 
00022 Tainted: [W]=WARN, [O]=OOT_MODULE
00022 Hardware name: QEMU Standard PC (Q35 + ICH9, 2009), BIOS 2025.11-3ubuntu7 03/31/2026
00022 Tainted: [W]=WARN, [O]=OOT_MODULE
00022 RIP: 0010:osd_create+0x9cf/0xcf0 [osd_wbcfs]
00022 Hardware name: QEMU Standard PC (Q35 + ICH9, 2009), BIOS 2025.11-3ubuntu7 03/31/2026
00022 Code: c7 c7 00 96 7b a1 48 c7 c6 a0 12 7d a1 48 c7 c2 00 1c 7d a1 e8 52 f1 43 ff 48 c7 c7 00 96 7b a1 e8 46 81 44 ff e9 fe fc ff ff <0f> 0b e9 a5 fa ff ff 48 c7 c1 80 44 5d a0 80 e1 07 80 c1 03 38 c1
00022 RIP: 0010:osd_create+0x9cf/0xcf0 [osd_wbcfs]
00022 RSP: 0018:ffffc900011b7878 EFLAGS: 00010246
00022 RAX: 0000000000000000 RBX: ffff8881338ab800 RCX: 0000000000000046
00022 RDX: 0000000000000000 RSI: ffff8881333b89e8 RDI: ffff88802e5989e8
00022 RBP: ffff8881333b8958 R08: ffffffff83a16803 R09: 1ffffffff0742d00
00022 R10: dffffc0000000000 R11: fffffbfff0742d01 R12: ffff88813faa3830
00022 Code: c7 c7 00 96 7b a1 48 c7 c6 a0 12 7d a1 48 c7 c2 00 1c 7d a1 e8 52 f1 43 ff 48 c7 c7 00 96 7b a1 e8 46 81 44 ff e9 fe fc ff ff <0f> 0b e9 a5 fa ff ff 48 c7 c1 80 44 5d a0 80 e1 07 80 c1 03 38 c1
00022 R13: dffffc0000000000 R14: 1ffff11026715700 R15: 1ffff11027f54742
00022 RSP: 0018:ffffc900073ef450 EFLAGS: 00010246
00022 FS:  0000000000000000(0000) GS:ffff8881d4baa000(0000) knlGS:0000000000000000
00022 
00022 RAX: 0000000000000000 RBX: ffff88811995f800 RCX: 0000000000000046
00022 CS:  0010 DS: 0000 ES: 0000 CR0: 0000000080050033
00022 RDX: 0000000000000000 RSI: ffff888137bf57f0 RDI: ffff888135a7cb40
00022 CR2: 000055a56e404bd0 CR3: 000000011d648000 CR4: 0000000000750eb0
00022 RBP: ffff888137bf5760 R08: ffffffff83a16803 R09: 1ffffffff0742d00
00022 PKRU: 55555554
00022 R10: dffffc0000000000 R11: fffffbfff0742d01 R12: ffff888132d88800
00022 Call Trace:
00022 R13: dffffc0000000000 R14: 1ffff1102332bf00 R15: 1ffff110265b110f
00022  <TASK>
00022 FS:  0000000000000000(0000) GS:ffff8881d4b2a000(0000) knlGS:0000000000000000
00022 CS:  0010 DS: 0000 ES: 0000 CR0: 0000000080050033
00022 CR2: 00007f2e5b405780 CR3: 0000000004274000 CR4: 0000000000750eb0
00022 PKRU: 55555554
00022 Call Trace:
00022  <TASK>
00022  ? ofd_precreate_objects+0x1bd8/0x3220 [ofd]
00022  ? local_object_create+0x109/0x640 [obdclass]
00022  ? dt_write_lock+0x16d/0x2a0 [obdclass]
00022  ? ptlrpc_main+0x6359/0x96f0 [ptlrpc]
00022  ? ofd_create_hdl+0x2015/0x3510 [ofd]
00022  ? llog_osd_create+0x356/0x10d0 [obdclass]
00022  ? __kthread_parkme+0x73/0x130
00022  ? tgt_request_handle+0x23ad/0x3d30 [ptlrpc]
00022  ? llog_create+0x2ed/0x530 [obdclass]
00022  ? kthread+0x2cd/0x3a0
00022  ? llog_cat_new_log+0x6d1/0x2970 [obdclass]
00022  ? ptlrpc_main+0x6359/0x96f0 [ptlrpc]
00022  ? ptlrpc_start_thread+0x1f10/0x1f10 [ptlrpc]
00022  ? llog_cat_add_rec+0x6ba/0x1960 [obdclass]
00022  ? llog_cat_add+0x499/0x7a0 [obdclass]
00022  ? osp_sync_init+0x1588/0x2760 [osp]
00022  ? __kthread_parkme+0x73/0x130
00022  ? kthread+0x2cd/0x3a0
00022  ? ptlrpc_start_thread+0x1f10/0x1f10 [ptlrpc]
00022  ? kthread_unuse_mm+0x130/0x130
00022  ? ret_from_fork+0x18c/0x520
00022  ? kthread_unuse_mm+0x130/0x130
00022  ? ret_from_fork_asm+0x11/0x20
00022  </TASK>
00022 ---[ end trace 0000000000000000 ]---
00022  ? osp_device_alloc+0x1b91/0x2e10 [osp]
00022  ? kthread_unuse_mm+0x130/0x130
00022  ? ret_from_fork+0x18c/0x520
00022  ? kthread_unuse_mm+0x130/0x130
00022  ? ret_from_fork_asm+0x11/0x20
00022  ? obd_setup+0x25c/0x950 [obdclass]
00022 ------------[ cut here ]------------
00022  ? class_setup+0xc7d/0x10e0 [obdclass]
00022  </TASK>
00022  ? class_process_config+0x2edb/0x7cb0 [obdclass]
00022 WARNING: /home/ktest/git/linux/include/linux/fs.h:889 at osd_create+0x9cf/0xcf0 [osd_wbcfs], CPU#0: ll_ost00_000/1774
00022  ? __kasan_kmalloc+0x72/0x80
00022 ---[ end trace 0000000000000000 ]---
00022 ------------[ cut here ]------------
00022  ? class_config_llog_handler+0x2954/0x4f80 [obdclass]
00022 Modules linked in:
00022  ? class_config_llog_handler+0x2cea/0x4f80 [obdclass]
00022 WARNING: /home/ktest/git/linux/include/linux/fs.h:889 at osd_create+0x9cf/0xcf0 [osd_wbcfs], CPU#3: ll_ost00_002/1776
00022  ? lustre_cfg_rec_free+0x350/0x350 [obdclass]
00022  ofd(O)
00022  ? llog_process_thread+0x1fd2/0x4f70 [obdclass]
00022 Modules linked in: ofd(O)
00022  ? _raw_spin_unlock+0x23/0x40
00022  ? llog_process_thread_daemonize+0x16d/0x1b0 [obdclass]
00022  osp(O)
00022  ? kthread+0x2cd/0x3a0
00022  osp(O) mdd(O)
00022  ? llog_process_or_fork+0xc90/0xc90 [obdclass]
00022  ? kthread_unuse_mm+0x130/0x130
00022  ? ret_from_fork+0x18c/0x520
00022  ? kthread_unuse_mm+0x130/0x130
00022  ? ret_from_fork_asm+0x11/0x20
00022  </TASK>
00022 ---[ end trace 0000000000000000 ]---
00022  mdd(O)
00022  lod(O)
00022  lod(O)
00022  mdt(O)
00022  mdt(O)
00022  lquota(O) lfsck(O)
00022  lquota(O)
00022  mgs(O)
00022 ------------[ cut here ]------------
00022 WARNING: /home/ktest/git/linux/include/linux/fs.h:889 at osd_create+0x9cf/0xcf0 [osd_wbcfs], CPU#1: ll_ost00_004/1822
00022 Modules linked in:
00022  lfsck(O)
00022  ofd(O) osp(O) mdd(O) lod(O) mdt(O) lquota(O) lfsck(O) mgs(O) osd_wbcfs(O) lustre(O) obdecho(O) mgc(O) mdc(O) lov(O) osc(O) lmv(O) ec(O) fid(O) fld(O) ptlrpc(O) efivarfs obdclass(O) ksocklnd(O) lnet(O) libcfs(O)
00022 CPU: 1 UID: 0 PID: 1822 Comm: ll_ost00_004 Tainted: G        W  O        7.0.0-ktest-908a7d5-6330a45-20260729-dirty #1 PREEMPT 
00022 Tainted: [W]=WARN, [O]=OOT_MODULE
00022 Hardware name: QEMU Standard PC (Q35 + ICH9, 2009), BIOS 2025.11-3ubuntu7 03/31/2026
00022 RIP: 0010:osd_create+0x9cf/0xcf0 [osd_wbcfs]
00022 Code: c7 c7 00 96 7b a1 48 c7 c6 a0 12 7d a1 48 c7 c2 00 1c 7d a1 e8 52 f1 43 ff 48 c7 c7 00 96 7b a1 e8 46 81 44 ff e9 fe fc ff ff <0f> 0b e9 a5 fa ff ff 48 c7 c1 80 44 5d a0 80 e1 07 80 c1 03 38 c1
00022 RSP: 0018:ffffc90001437950 EFLAGS: 00010246
00022 RAX: 0000000000000000 RBX: ffff888132c60800 RCX: 0000000000000046
00022 RDX: 0000000000000000 RSI: ffff888134bd7b68 RDI: ffff88802f35aa58
00022 RBP: ffff888134bd7ad8 R08: ffffffff83a16803 R09: 1ffffffff0742d00
00022 R10: dffffc0000000000 R11: fffffbfff0742d01 R12: ffff8881352ec830
00022 R13: dffffc0000000000 R14: 1ffff1102658c100 R15: 1ffff11026a5d942
00022 FS:  0000000000000000(0000) GS:ffff8881d4aaa000(0000) knlGS:0000000000000000
00022 CS:  0010 DS: 0000 ES: 0000 CR0: 0000000080050033
00022  osd_wbcfs(O) lustre(O)
00022 CR2: 00007f7923316710 CR3: 000000011d648000 CR4: 0000000000750eb0
00022 PKRU: 55555554
00022 Call Trace:
00022  <TASK>
00022  ? dt_find_or_create+0x81a/0x1170 [obdclass]
00022  ? ofd_seq_load+0x605/0x1ac0 [ofd]
00022  ? ofd_get_info_hdl+0xfdd/0x2330 [ofd]
00022  mgs(O)
00022  obdecho(O)
00022  ? tgt_request_handle+0x23ad/0x3d30 [ptlrpc]
00022  osd_wbcfs(O)
00022  mgc(O) mdc(O) lov(O) osc(O) lmv(O) ec(O)
00022  ? ptlrpc_main+0x6359/0x96f0 [ptlrpc]
00022  lustre(O)
00022  ? __kthread_parkme+0x73/0x130
00022  ? kthread+0x2cd/0x3a0
00022  fid(O) fld(O)
00022  ? ptlrpc_start_thread+0x1f10/0x1f10 [ptlrpc]
00022  obdecho(O)
00022  ? kthread_unuse_mm+0x130/0x130
00022  ? ret_from_fork+0x18c/0x520
00022  ? kthread_unuse_mm+0x130/0x130
00022  ? ret_from_fork_asm+0x11/0x20
00022  </TASK>
00022 ---[ end trace 0000000000000000 ]---
00022  ptlrpc(O) efivarfs
00022  mgc(O)
00022  obdclass(O)
00022  mdc(O)
00022  ksocklnd(O)
00022  lov(O)
00022  lnet(O)
00022  osc(O)
00022  libcfs(O)
00022  lmv(O)
00022 CPU: 3 UID: 0 PID: 1776 Comm: ll_ost00_002 Tainted: G        W  O        7.0.0-ktest-908a7d5-6330a45-20260729-dirty #1 PREEMPT 
00022  ec(O)
00022 Tainted: [W]=WARN, [O]=OOT_MODULE
00022  fid(O)
00022 Hardware name: QEMU Standard PC (Q35 + ICH9, 2009), BIOS 2025.11-3ubuntu7 03/31/2026
00022  fld(O)
00022 RIP: 0010:osd_create+0x9cf/0xcf0 [osd_wbcfs]
00022  ptlrpc(O)
00022 Code: c7 c7 00 96 7b a1 48 c7 c6 a0 12 7d a1 48 c7 c2 00 1c 7d a1 e8 52 f1 43 ff 48 c7 c7 00 96 7b a1 e8 46 81 44 ff e9 fe fc ff ff <0f> 0b e9 a5 fa ff ff 48 c7 c1 80 44 5d a0 80 e1 07 80 c1 03 38 c1
00022  efivarfs
00022 RSP: 0018:ffffc900011b7878 EFLAGS: 00010246
00022  obdclass(O)
00022 
00022  ksocklnd(O)
00022 ------------[ cut here ]------------
00022 WARNING: /home/ktest/git/linux/include/linux/fs.h:889 at osd_create+0x9cf/0xcf0 [osd_wbcfs], CPU#1: ll_ost00_001/1775
00022 Modules linked in: ofd(O) osp(O) mdd(O) lod(O) mdt(O) lquota(O) lfsck(O) mgs(O) osd_wbcfs(O) lustre(O) obdecho(O) mgc(O) mdc(O) lov(O) osc(O) lmv(O) ec(O) fid(O) fld(O) ptlrpc(O) efivarfs obdclass(O) ksocklnd(O) lnet(O) libcfs(O)
00022 CPU: 1 UID: 0 PID: 1775 Comm: ll_ost00_001 Tainted: G        W  O        7.0.0-ktest-908a7d5-6330a45-20260729-dirty #1 PREEMPT 
00022 RAX: 0000000000000000 RBX: ffff888119517000 RCX: 0000000000000046
00022 Tainted: [W]=WARN, [O]=OOT_MODULE
00022 Hardware name: QEMU Standard PC (Q35 + ICH9, 2009), BIOS 2025.11-3ubuntu7 03/31/2026
00022 RIP: 0010:osd_create+0x9cf/0xcf0 [osd_wbcfs]
00022 Code: c7 c7 00 96 7b a1 48 c7 c6 a0 12 7d a1 48 c7 c2 00 1c 7d a1 e8 52 f1 43 ff 48 c7 c7 00 96 7b a1 e8 46 81 44 ff e9 fe fc ff ff <0f> 0b e9 a5 fa ff ff 48 c7 c1 80 44 5d a0 80 e1 07 80 c1 03 38 c1
00022 RSP: 0018:ffffc900012cf878 EFLAGS: 00010246
00022 RAX: 0000000000000000 RBX: ffff888079d15000 RCX: 0000000000000046
00022 RDX: 0000000000000000 RSI: ffff888134bd7450 RDI: ffff88802e59aaa8
00022 RBP: ffff888134bd73c0 R08: ffffffff83a16803 R09: 1ffffffff0742d00
00022 R10: dffffc0000000000 R11: fffffbfff0742d01 R12: ffff88811cfea030
00022 R13: dffffc0000000000 R14: 1ffff1100f3a2a00 R15: 1ffff110239fd442
00022 FS:  0000000000000000(0000) GS:ffff8881d4aaa000(0000) knlGS:0000000000000000
00022 CS:  0010 DS: 0000 ES: 0000 CR0: 0000000080050033
00022 CR2: 00007f7923316710 CR3: 000000011d648000 CR4: 0000000000750eb0
00022 PKRU: 55555554
00022 Call Trace:
00022  <TASK>
00022  ? ofd_precreate_objects+0x1bd8/0x3220 [ofd]
00022  lnet(O)
00022 RDX: 0000000000000000 RSI: ffff8881333b82d0 RDI: ffff88802e5989e8
00022  ? ofd_create_hdl+0x2015/0x3510 [ofd]
00022  libcfs(O)
00022 RBP: ffff8881333b8240 R08: ffffffff83a16803 R09: 1ffffffff0742d00
00022  ? tgt_request_handle+0x23ad/0x3d30 [ptlrpc]
00022 
00022 R10: dffffc0000000000 R11: fffffbfff0742d01 R12: ffff88813faa3830
00022  ? ptlrpc_main+0x6359/0x96f0 [ptlrpc]
00022 CPU: 0 UID: 0 PID: 1774 Comm: ll_ost00_000 Tainted: G        W  O        7.0.0-ktest-908a7d5-6330a45-20260729-dirty #1 PREEMPT 
00022 R13: dffffc0000000000 R14: 1ffff110232a2e00 R15: 1ffff11027f54742
00022  ? __kthread_parkme+0x73/0x130
00022  ? kthread+0x2cd/0x3a0
00022  ? ptlrpc_start_thread+0x1f10/0x1f10 [ptlrpc]
00022 Tainted: [W]=WARN, [O]=OOT_MODULE
00022 FS:  0000000000000000(0000) GS:ffff8881d4baa000(0000) knlGS:0000000000000000
00022  ? kthread_unuse_mm+0x130/0x130
00022  ? ret_from_fork+0x18c/0x520
00022  ? kthread_unuse_mm+0x130/0x130
00022  ? ret_from_fork_asm+0x11/0x20
00022  </TASK>
00022 ---[ end trace 0000000000000000 ]---
00022 Hardware name: QEMU Standard PC (Q35 + ICH9, 2009), BIOS 2025.11-3ubuntu7 03/31/2026
00022 CS:  0010 DS: 0000 ES: 0000 CR0: 0000000080050033
00022 RIP: 0010:osd_create+0x9cf/0xcf0 [osd_wbcfs]
00022 CR2: 000055a56e404bd0 CR3: 000000011d648000 CR4: 0000000000750eb0
00022 Code: c7 c7 00 96 7b a1 48 c7 c6 a0 12 7d a1 48 c7 c2 00 1c 7d a1 e8 52 f1 43 ff 48 c7 c7 00 96 7b a1 e8 46 81 44 ff e9 fe fc ff ff <0f> 0b e9 a5 fa ff ff 48 c7 c1 80 44 5d a0 80 e1 07 80 c1 03 38 c1
00022 PKRU: 55555554
00022 RSP: 0018:ffffc90001737878 EFLAGS: 00010246
00022 Call Trace:
00022 
00022  <TASK>
00022  ? ofd_precreate_objects+0x1bd8/0x3220 [ofd]
00022 Lustre: lustre-OST0000-osc-MDT0000: update sequence from 0x100000000 to 0x280000401
00022 ------------[ cut here ]------------
00022 WARNING: /home/ktest/git/linux/include/linux/fs.h:889 at osd_create+0x9cf/0xcf0 [osd_wbcfs], CPU#1: ll_ost00_004/1822
00022 Modules linked in: ofd(O) osp(O) mdd(O) lod(O) mdt(O) lquota(O) lfsck(O) mgs(O) osd_wbcfs(O) lustre(O) obdecho(O) mgc(O) mdc(O) lov(O) osc(O) lmv(O) ec(O) fid(O) fld(O) ptlrpc(O) efivarfs obdclass(O) ksocklnd(O) lnet(O) libcfs(O)
00022 CPU: 1 UID: 0 PID: 1822 Comm: ll_ost00_004 Tainted: G        W  O        7.0.0-ktest-908a7d5-6330a45-20260729-dirty #1 PREEMPT 
00022 Tainted: [W]=WARN, [O]=OOT_MODULE
00022 Hardware name: QEMU Standard PC (Q35 + ICH9, 2009), BIOS 2025.11-3ubuntu7 03/31/2026
00022 RIP: 0010:osd_create+0x9cf/0xcf0 [osd_wbcfs]
00022 Code: c7 c7 00 96 7b a1 48 c7 c6 a0 12 7d a1 48 c7 c2 00 1c 7d a1 e8 52 f1 43 ff 48 c7 c7 00 96 7b a1 e8 46 81 44 ff e9 fe fc ff ff <0f> 0b e9 a5 fa ff ff 48 c7 c1 80 44 5d a0 80 e1 07 80 c1 03 38 c1
00022 RSP: 0018:ffffc900014378c0 EFLAGS: 00010246
00022 RAX: 0000000000000000 RBX: ffff888132f9b000 RCX: 0000000000000046
00022 RDX: 0000000000000000 RSI: ffff888134bd6d38 RDI: ffff88802f35aa80
00022 RBP: ffff888134bd6ca8 R08: ffffffff83a16803 R09: 1ffffffff0742d00
00022 R10: dffffc0000000000 R11: fffffbfff0742d01 R12: ffff8881352ec830
00022 R13: dffffc0000000000 R14: 1ffff110265f3600 R15: 1ffff11026a5d942
00022 FS:  0000000000000000(0000) GS:ffff8881d4aaa000(0000) knlGS:0000000000000000
00022 CS:  0010 DS: 0000 ES: 0000 CR0: 0000000080050033
00022 CR2: 00007f7923316710 CR3: 000000011d648000 CR4: 0000000000750eb0
00022 PKRU: 55555554
00022 Call Trace:
00022  <TASK>
00022 RAX: 0000000000000000 RBX: ffff888133bfd000 RCX: 0000000000000046
00022  ? dt_find_or_create+0x81a/0x1170 [obdclass]
00022  ? ofd_seq_load+0x605/0x1ac0 [ofd]
00022  ? ofd_create_hdl+0x2015/0x3510 [ofd]
00022 RDX: 0000000000000000 RSI: ffff8881364c02d0 RDI: ffff88802e59cb68
00022 RBP: ffff8881364c0240 R08: ffffffff83a16803 R09: 1ffffffff0742d00
00022  ? tgt_request_handle+0x23ad/0x3d30 [ptlrpc]
00022  ? ofd_create_hdl+0x4e0/0x3510 [ofd]
00022 R10: dffffc0000000000 R11: fffffbfff0742d01 R12: ffff88813faa4030
00022  ? ptlrpc_main+0x6359/0x96f0 [ptlrpc]
00022  ? __kthread_parkme+0x73/0x130
00022  ? kthread+0x2cd/0x3a0
00022  ? ofd_create_hdl+0x778/0x3510 [ofd]
00022 R13: dffffc0000000000 R14: 1ffff1102677fa00 R15: 1ffff11027f54842
00022  ? ptlrpc_start_thread+0x1f10/0x1f10 [ptlrpc]
00022 FS:  0000000000000000(0000) GS:ffff8881d4a2a000(0000) knlGS:0000000000000000
00022  ? lustre_pack_reply_flags+0x11f/0x3a0 [ptlrpc]
00022  ? kthread_unuse_mm+0x130/0x130
00022 CS:  0010 DS: 0000 ES: 0000 CR0: 0000000080050033
00022  ? tgt_request_handle+0x23ad/0x3d30 [ptlrpc]
00022  ? ret_from_fork+0x18c/0x520
00022 CR2: 00007f48474056f0 CR3: 000000011d648000 CR4: 0000000000750eb0
00022  ? kthread_unuse_mm+0x130/0x130
00022  ? ptlrpc_main+0x6359/0x96f0 [ptlrpc]
00022 PKRU: 55555554
00022  ? ret_from_fork_asm+0x11/0x20
00022 Call Trace:
00022  </TASK>
00022  ? __kthread_parkme+0x73/0x130
00022  <TASK>
00022  ? kthread+0x2cd/0x3a0
00022 ---[ end trace 0000000000000000 ]---
00022  ? ptlrpc_start_thread+0x1f10/0x1f10 [ptlrpc]
00022  ? ofd_precreate_objects+0x1bd8/0x3220 [ofd]
00022  ? kthread_unuse_mm+0x130/0x130
00022  ? ret_from_fork+0x18c/0x520
00022  ? kthread_unuse_mm+0x130/0x130
00022  ? ret_from_fork_asm+0x11/0x20
00022  </TASK>
00022 ---[ end trace 0000000000000000 ]---
00022 ------------[ cut here ]------------
00022  ? ofd_create_hdl+0x2015/0x3510 [ofd]
00022 WARNING: /home/ktest/git/linux/include/linux/fs.h:889 at osd_create+0x9cf/0xcf0 [osd_wbcfs], CPU#3: ll_ost00_002/1776
00022 ------------[ cut here ]------------
00022 Modules linked in: ofd(O)
00022  ? tgt_request_handle+0x23ad/0x3d30 [ptlrpc]
00022 WARNING: /home/ktest/git/linux/include/linux/fs.h:889 at osd_create+0x9cf/0xcf0 [osd_wbcfs], CPU#1: ll_ost00_004/1822
00022  osp(O) mdd(O)
00022 Modules linked in:
00022  ? ptlrpc_main+0x6359/0x96f0 [ptlrpc]
00022  lod(O) mdt(O)
00022  ofd(O)
00022  ? __kthread_parkme+0x73/0x130
00022  ? kthread+0x2cd/0x3a0
00022  lquota(O) lfsck(O)
00022  osp(O)
00022  ? ptlrpc_start_thread+0x1f10/0x1f10 [ptlrpc]
00022  mgs(O) osd_wbcfs(O)
00022  ? kthread_unuse_mm+0x130/0x130
00022  ? ret_from_fork+0x18c/0x520
00022  ? kthread_unuse_mm+0x130/0x130
00022  ? ret_from_fork_asm+0x11/0x20
00022  </TASK>
00022 ---[ end trace 0000000000000000 ]---
00022  mdd(O)
00022 ------------[ cut here ]------------
00022 WARNING: /home/ktest/git/linux/include/linux/fs.h:889 at osd_create+0x9cf/0xcf0 [osd_wbcfs], CPU#0: ll_ost00_000/1774
00022 Modules linked in: ofd(O) osp(O) mdd(O) lod(O) mdt(O) lquota(O) lfsck(O) mgs(O) osd_wbcfs(O) lustre(O) obdecho(O) mgc(O) mdc(O)
00022  lustre(O)
00022  lov(O) osc(O) lmv(O) ec(O) fid(O) fld(O) ptlrpc(O) efivarfs obdclass(O) ksocklnd(O) lnet(O) libcfs(O)
00022 CPU: 0 UID: 0 PID: 1774 Comm: ll_ost00_000 Tainted: G        W  O        7.0.0-ktest-908a7d5-6330a45-20260729-dirty #1 PREEMPT 
00022 Tainted: [W]=WARN, [O]=OOT_MODULE
00022 Hardware name: QEMU Standard PC (Q35 + ICH9, 2009), BIOS 2025.11-3ubuntu7 03/31/2026
00022 RIP: 0010:osd_create+0x9cf/0xcf0 [osd_wbcfs]
00022 Code: c7 c7 00 96 7b a1 48 c7 c6 a0 12 7d a1 48 c7 c2 00 1c 7d a1 e8 52 f1 43 ff 48 c7 c7 00 96 7b a1 e8 46 81 44 ff e9 fe fc ff ff <0f> 0b e9 a5 fa ff ff 48 c7 c1 80 44 5d a0 80 e1 07 80 c1 03 38 c1
00022 RSP: 0018:ffffc90001737878 EFLAGS: 00010246
00022 RAX: 0000000000000000 RBX: ffff888133bfcc00 RCX: 0000000000000046
00022 RDX: 0000000000000000 RSI: ffff8881333bfb68 RDI: ffff88802e59cb68
00022 RBP: ffff8881333bfad8 R08: ffffffff83a16803 R09: 1ffffffff0742d00
00022 R10: dffffc0000000000 R11: fffffbfff0742d01 R12: ffff88813faa4030
00022 R13: dffffc0000000000 R14: 1ffff1102677f980 R15: 1ffff11027f54842
00022  lod(O) mdt(O) lquota(O) lfsck(O) mgs(O) osd_wbcfs(O) lustre(O) obdecho(O) mgc(O) mdc(O) lov(O) osc(O) lmv(O) ec(O) fid(O) fld(O) ptlrpc(O) efivarfs obdclass(O) ksocklnd(O) lnet(O) libcfs(O)
00022 CPU: 1 UID: 0 PID: 1822 Comm: ll_ost00_004 Tainted: G        W  O        7.0.0-ktest-908a7d5-6330a45-20260729-dirty #1 PREEMPT 
00022 Tainted: [W]=WARN, [O]=OOT_MODULE
00022 Hardware name: QEMU Standard PC (Q35 + ICH9, 2009), BIOS 2025.11-3ubuntu7 03/31/2026
00022 RIP: 0010:osd_create+0x9cf/0xcf0 [osd_wbcfs]
00022 Code: c7 c7 00 96 7b a1 48 c7 c6 a0 12 7d a1 48 c7 c2 00 1c 7d a1 e8 52 f1 43 ff 48 c7 c7 00 96 7b a1 e8 46 81 44 ff e9 fe fc ff ff <0f> 0b e9 a5 fa ff ff 48 c7 c1 80 44 5d a0 80 e1 07 80 c1 03 38 c1
00022 RSP: 0018:ffffc90001437878 EFLAGS: 00010246
00022 RAX: 0000000000000000 RBX: ffff8881331da000 RCX: 0000000000000046
00022 RDX: 0000000000000000 RSI: ffff888134bd6620 RDI: ffff88802f35aaa8
00022 RBP: ffff888134bd6590 R08: ffffffff83a16803 R09: 1ffffffff0742d00
00022 R10: dffffc0000000000 R11: fffffbfff0742d01 R12: ffff8881352ec830
00022 R13: dffffc0000000000 R14: 1ffff1102663b400 R15: 1ffff11026a5d942
00022 FS:  0000000000000000(0000) GS:ffff8881d4aaa000(0000) knlGS:0000000000000000
00022 CS:  0010 DS: 0000 ES: 0000 CR0: 0000000080050033
00022 CR2: 00007f7923316710 CR3: 000000011d648000 CR4: 0000000000750eb0
00022 PKRU: 55555554
00022 Call Trace:
00022  <TASK>
00022  ? ofd_precreate_objects+0x1bd8/0x3220 [ofd]
00022  obdecho(O)
00022  ? ofd_create_hdl+0x2015/0x3510 [ofd]
00022 FS:  0000000000000000(0000) GS:ffff8881d4a2a000(0000) knlGS:0000000000000000
00022  mgc(O) mdc(O)
00022 CS:  0010 DS: 0000 ES: 0000 CR0: 0000000080050033
00022  ? tgt_request_handle+0x23ad/0x3d30 [ptlrpc]
00022  lov(O) osc(O)
00022  ? ptlrpc_main+0x6359/0x96f0 [ptlrpc]
00022  ? __kthread_parkme+0x73/0x130
00022  ? kthread+0x2cd/0x3a0
00022 CR2: 00007f48474056f0 CR3: 000000011d648000 CR4: 0000000000750eb0
00022  ? ptlrpc_start_thread+0x1f10/0x1f10 [ptlrpc]
00022  lmv(O) ec(O)
00022  ? kthread_unuse_mm+0x130/0x130
00022  ? ret_from_fork+0x18c/0x520
00022  ? kthread_unuse_mm+0x130/0x130
00022  ? ret_from_fork_asm+0x11/0x20
00022  </TASK>
00022 ---[ end trace 0000000000000000 ]---
00022 ------------[ cut here ]------------
00022 WARNING: /home/ktest/git/linux/include/linux/fs.h:889 at osd_create+0x9cf/0xcf0 [osd_wbcfs], CPU#1: ll_ost00_004/1822
00022 Modules linked in: ofd(O) osp(O) mdd(O) lod(O) mdt(O) lquota(O) lfsck(O) mgs(O) osd_wbcfs(O) lustre(O) obdecho(O) mgc(O) mdc(O) lov(O) osc(O) lmv(O) ec(O) fid(O) fld(O) ptlrpc(O) efivarfs obdclass(O) ksocklnd(O) lnet(O) libcfs(O)
00022 CPU: 1 UID: 0 PID: 1822 Comm: ll_ost00_004 Tainted: G        W  O        7.0.0-ktest-908a7d5-6330a45-20260729-dirty #1 PREEMPT 
00022 Tainted: [W]=WARN, [O]=OOT_MODULE
00022 Hardware name: QEMU Standard PC (Q35 + ICH9, 2009), BIOS 2025.11-3ubuntu7 03/31/2026
00022 RIP: 0010:osd_create+0x9cf/0xcf0 [osd_wbcfs]
00022 PKRU: 55555554
00022 Code: c7 c7 00 96 7b a1 48 c7 c6 a0 12 7d a1 48 c7 c2 00 1c 7d a1 e8 52 f1 43 ff 48 c7 c7 00 96 7b a1 e8 46 81 44 ff e9 fe fc ff ff <0f> 0b e9 a5 fa ff ff 48 c7 c1 80 44 5d a0 80 e1 07 80 c1 03 38 c1
00022 RSP: 0018:ffffc90001437878 EFLAGS: 00010246
00022 RAX: 0000000000000000 RBX: ffff8881331d9c00 RCX: 0000000000000046
00022 RDX: 0000000000000000 RSI: ffff888134bd5f08 RDI: ffff88802f35aaa8
00022 RBP: ffff888134bd5e78 R08: ffffffff83a16803 R09: 1ffffffff0742d00
00022 R10: dffffc0000000000 R11: fffffbfff0742d01 R12: ffff8881352ec830
00022 R13: dffffc0000000000 R14: 1ffff1102663b380 R15: 1ffff11026a5d942
00022 FS:  0000000000000000(0000) GS:ffff8881d4aaa000(0000) knlGS:0000000000000000
00022 CS:  0010 DS: 0000 ES: 0000 CR0: 0000000080050033
00022 CR2: 00007f7923316710 CR3: 000000011d648000 CR4: 0000000000750eb0
00022 PKRU: 55555554
00022 Call Trace:
00022  <TASK>
00022  ? ofd_precreate_objects+0x1bd8/0x3220 [ofd]
00022  fid(O) fld(O)
00022  ? ofd_create_hdl+0x2015/0x3510 [ofd]
00022 Call Trace:
00022  ? tgt_request_handle+0x23ad/0x3d30 [ptlrpc]
00022  ptlrpc(O) efivarfs
00022  <TASK>
00022  ? ptlrpc_main+0x6359/0x96f0 [ptlrpc]
00022  ? __kthread_parkme+0x73/0x130
00022  ? kthread+0x2cd/0x3a0
00022  ? ptlrpc_start_thread+0x1f10/0x1f10 [ptlrpc]
00022  obdclass(O)
00022  ? ofd_precreate_objects+0x1bd8/0x3220 [ofd]
00022  ? ofd_create_hdl+0x2015/0x3510 [ofd]
00022  ksocklnd(O)
00022  ? kthread_unuse_mm+0x130/0x130
00022  ? tgt_request_handle+0x23ad/0x3d30 [ptlrpc]
00022  lnet(O)
00022  ? ret_from_fork+0x18c/0x520
00022  libcfs(O)
00022  ? ptlrpc_main+0x6359/0x96f0 [ptlrpc]
00022  ? kthread_unuse_mm+0x130/0x130
00022 
00022  ? __kthread_parkme+0x73/0x130
00022  ? kthread+0x2cd/0x3a0
00022  ? ret_from_fork_asm+0x11/0x20
00022 CPU: 3 UID: 0 PID: 1776 Comm: ll_ost00_002 Tainted: G        W  O        7.0.0-ktest-908a7d5-6330a45-20260729-dirty #1 PREEMPT 
00022  ? ptlrpc_start_thread+0x1f10/0x1f10 [ptlrpc]
00022  </TASK>
00022 Tainted: [W]=WARN, [O]=OOT_MODULE
00022 ---[ end trace 0000000000000000 ]---
00022 Hardware name: QEMU Standard PC (Q35 + ICH9, 2009), BIOS 2025.11-3ubuntu7 03/31/2026
00022  ? kthread_unuse_mm+0x130/0x130
00022  ? ret_from_fork+0x18c/0x520
00022  ? kthread_unuse_mm+0x130/0x130
00022  ? ret_from_fork_asm+0x11/0x20
00022  </TASK>
00022 ------------[ cut here ]------------
00022 WARNING: /home/ktest/git/linux/include/linux/fs.h:889 at osd_create+0x9cf/0xcf0 [osd_wbcfs], CPU#1: ll_ost00_004/1822
00022 Modules linked in: ofd(O) osp(O) mdd(O) lod(O) mdt(O) lquota(O) lfsck(O) mgs(O) osd_wbcfs(O) lustre(O) obdecho(O) mgc(O) mdc(O) lov(O) osc(O) lmv(O) ec(O) fid(O) fld(O) ptlrpc(O) efivarfs obdclass(O) ksocklnd(O) lnet(O) libcfs(O)
00022 CPU: 1 UID: 0 PID: 1822 Comm: ll_ost00_004 Tainted: G        W  O        7.0.0-ktest-908a7d5-6330a45-20260729-dirty #1 PREEMPT 
00022 Tainted: [W]=WARN, [O]=OOT_MODULE
00022 Hardware name: QEMU Standard PC (Q35 + ICH9, 2009), BIOS 2025.11-3ubuntu7 03/31/2026
00022 RIP: 0010:osd_create+0x9cf/0xcf0 [osd_wbcfs]
00022 Code: c7 c7 00 96 7b a1 48 c7 c6 a0 12 7d a1 48 c7 c2 00 1c 7d a1 e8 52 f1 43 ff 48 c7 c7 00 96 7b a1 e8 46 81 44 ff e9 fe fc ff ff <0f> 0b e9 a5 fa ff ff 48 c7 c1 80 44 5d a0 80 e1 07 80 c1 03 38 c1
00022 RSP: 0018:ffffc90001437878 EFLAGS: 00010246
00022 RAX: 0000000000000000 RBX: ffff8881331f5000 RCX: 0000000000000046
00022 RDX: 0000000000000000 RSI: ffff888134bd57f0 RDI: ffff88802f35aaa8
00022 RBP: ffff888134bd5760 R08: ffffffff83a16803 R09: 1ffffffff0742d00
00022 R10: dffffc0000000000 R11: fffffbfff0742d01 R12: ffff8881352ec830
00022 R13: dffffc0000000000 R14: 1ffff1102663ea00 R15: 1ffff11026a5d942
00022 FS:  0000000000000000(0000) GS:ffff8881d4aaa000(0000) knlGS:0000000000000000
00022 CS:  0010 DS: 0000 ES: 0000 CR0: 0000000080050033
00022 CR2: 00007f7923316710 CR3: 000000011d648000 CR4: 0000000000750eb0
00022 PKRU: 55555554
00022 Call Trace:
00022  <TASK>
00022  ? ofd_precreate_objects+0x1bd8/0x3220 [ofd]
00022  ? ofd_create_hdl+0x2015/0x3510 [ofd]
00022  ? tgt_request_handle+0x23ad/0x3d30 [ptlrpc]
00022 RIP: 0010:osd_create+0x9cf/0xcf0 [osd_wbcfs]
00022 ---[ end trace 0000000000000000 ]---
00022  ? ptlrpc_main+0x6359/0x96f0 [ptlrpc]
00022 Code: c7 c7 00 96 7b a1 48 c7 c6 a0 12 7d a1 48 c7 c2 00 1c 7d a1 e8 52 f1 43 ff 48 c7 c7 00 96 7b a1 e8 46 81 44 ff e9 fe fc ff ff <0f> 0b e9 a5 fa ff ff 48 c7 c1 80 44 5d a0 80 e1 07 80 c1 03 38 c1
00022  ? __kthread_parkme+0x73/0x130
00022  ? kthread+0x2cd/0x3a0
00022 ------------[ cut here ]------------
00022 RSP: 0018:ffffc900011b7878 EFLAGS: 00010246
00022  ? ptlrpc_start_thread+0x1f10/0x1f10 [ptlrpc]
00022  ? kthread_unuse_mm+0x130/0x130
00022  ? ret_from_fork+0x18c/0x520
00022  ? kthread_unuse_mm+0x130/0x130
00022  ? ret_from_fork_asm+0x11/0x20
00022  </TASK>
00022 ---[ end trace 0000000000000000 ]---
00022 ------------[ cut here ]------------
00022 WARNING: /home/ktest/git/linux/include/linux/fs.h:889 at osd_create+0x9cf/0xcf0 [osd_wbcfs], CPU#1: ll_ost00_004/1822
00022 Modules linked in: ofd(O) osp(O) mdd(O) lod(O) mdt(O) lquota(O) lfsck(O) mgs(O) osd_wbcfs(O) lustre(O) obdecho(O) mgc(O) mdc(O) lov(O) osc(O) lmv(O) ec(O) fid(O) fld(O) ptlrpc(O) efivarfs obdclass(O) ksocklnd(O) lnet(O) libcfs(O)
00022 CPU: 1 UID: 0 PID: 1822 Comm: ll_ost00_004 Tainted: G        W  O        7.0.0-ktest-908a7d5-6330a45-20260729-dirty #1 PREEMPT 
00022 Tainted: [W]=WARN, [O]=OOT_MODULE
00022 Hardware name: QEMU Standard PC (Q35 + ICH9, 2009), BIOS 2025.11-3ubuntu7 03/31/2026
00022 RIP: 0010:osd_create+0x9cf/0xcf0 [osd_wbcfs]
00022 Code: c7 c7 00 96 7b a1 48 c7 c6 a0 12 7d a1 48 c7 c2 00 1c 7d a1 e8 52 f1 43 ff 48 c7 c7 00 96 7b a1 e8 46 81 44 ff e9 fe fc ff ff <0f> 0b e9 a5 fa ff ff 48 c7 c1 80 44 5d a0 80 e1 07 80 c1 03 38 c1
00022 RSP: 0018:ffffc90001437878 EFLAGS: 00010246
00022 RAX: 0000000000000000 RBX: ffff8881331f4c00 RCX: 0000000000000046
00022 RDX: 0000000000000000 RSI: ffff888119aa50d8 RDI: ffff88802f35aaa8
00022 RBP: ffff888119aa5048 R08: ffffffff83a16803 R09: 1ffffffff0742d00
00022 R10: dffffc0000000000 R11: fffffbfff0742d01 R12: ffff8881352ec830
00022 R13: dffffc0000000000 R14: 1ffff1102663e980 R15: 1ffff11026a5d942
00022 FS:  0000000000000000(0000) GS:ffff8881d4aaa000(0000) knlGS:0000000000000000
00022 CS:  0010 DS: 0000 ES: 0000 CR0: 0000000080050033
00022 CR2: 00007f7923316710 CR3: 000000011d648000 CR4: 0000000000750eb0
00022 PKRU: 55555554
00022 Call Trace:
00022  <TASK>
00022  ? ofd_precreate_objects+0x1bd8/0x3220 [ofd]
00022 WARNING: /home/ktest/git/linux/include/linux/fs.h:889 at osd_create+0x9cf/0xcf0 [osd_wbcfs], CPU#0: ll_ost00_000/1774
00022  ? ofd_create_hdl+0x2015/0x3510 [ofd]
00022 RAX: 0000000000000000 RBX: ffff888119516c00 RCX: 0000000000000046
00022 Modules linked in:
00022 RDX: 0000000000000000 RSI: ffff8881364c7b68 RDI: ffff88802e5989e8
00022  ? tgt_request_handle+0x23ad/0x3d30 [ptlrpc]
00022  ofd(O)
00022 RBP: ffff8881364c7ad8 R08: ffffffff83a16803 R09: 1ffffffff0742d00
00022  ? ptlrpc_main+0x6359/0x96f0 [ptlrpc]
00022  osp(O)
00022  ? __kthread_parkme+0x73/0x130
00022  ? kthread+0x2cd/0x3a0
00022 R10: dffffc0000000000 R11: fffffbfff0742d01 R12: ffff88813faa3830
00022  ? ptlrpc_start_thread+0x1f10/0x1f10 [ptlrpc]
00022  mdd(O)
00022  ? kthread_unuse_mm+0x130/0x130
00022  ? ret_from_fork+0x18c/0x520
00022  ? kthread_unuse_mm+0x130/0x130
00022  ? ret_from_fork_asm+0x11/0x20
00022  </TASK>
00022 ---[ end trace 0000000000000000 ]---
00022 ------------[ cut here ]------------
00022 WARNING: /home/ktest/git/linux/include/linux/fs.h:889 at osd_create+0x9cf/0xcf0 [osd_wbcfs], CPU#1: ll_ost00_004/1822
00022 Modules linked in: ofd(O) osp(O) mdd(O) lod(O) mdt(O) lquota(O) lfsck(O) mgs(O) osd_wbcfs(O) lustre(O)
00022 R13: dffffc0000000000 R14: 1ffff110232a2d80 R15: 1ffff11027f54742
00022 FS:  0000000000000000(0000) GS:ffff8881d4baa000(0000) knlGS:0000000000000000
00022 CS:  0010 DS: 0000 ES: 0000 CR0: 0000000080050033
00022 CR2: 000055a56e404bd0 CR3: 000000011d648000 CR4: 0000000000750eb0
00022 PKRU: 55555554
00022 Call Trace:
00022  <TASK>
00022  ? ofd_precreate_objects+0x1bd8/0x3220 [ofd]
00022  ? ofd_create_hdl+0x2015/0x3510 [ofd]
00022  lod(O)
00022  ? tgt_request_handle+0x23ad/0x3d30 [ptlrpc]
00022  obdecho(O)
00022  mdt(O)
00022  mgc(O)
00022  lquota(O)
00022  mdc(O)
00022  ? ptlrpc_main+0x6359/0x96f0 [ptlrpc]
00022  lfsck(O)
00022  lov(O)
00022  mgs(O)
00022  ? __kthread_parkme+0x73/0x130
00022  ? kthread+0x2cd/0x3a0
00022  osc(O) lmv(O)
00022  ? ptlrpc_start_thread+0x1f10/0x1f10 [ptlrpc]
00022  osd_wbcfs(O)
00022  ? kthread_unuse_mm+0x130/0x130
00022  ? ret_from_fork+0x18c/0x520
00022  ? kthread_unuse_mm+0x130/0x130
00022  ? ret_from_fork_asm+0x11/0x20
00022  </TASK>
00022 ---[ end trace 0000000000000000 ]---
00022 ------------[ cut here ]------------
00022 WARNING: /home/ktest/git/linux/include/linux/fs.h:889 at osd_create+0x9cf/0xcf0 [osd_wbcfs], CPU#3: ll_ost00_002/1776
00022 Modules linked in: ofd(O) osp(O) mdd(O) lod(O) mdt(O) lquota(O) lfsck(O) mgs(O) osd_wbcfs(O) lustre(O) obdecho(O) mgc(O) mdc(O) lov(O) osc(O) lmv(O) ec(O) fid(O) fld(O) ptlrpc(O) efivarfs obdclass(O) ksocklnd(O) lnet(O) libcfs(O)
00022  ec(O)
00022 CPU: 3 UID: 0 PID: 1776 Comm: ll_ost00_002 Tainted: G        W  O        7.0.0-ktest-908a7d5-6330a45-20260729-dirty #1 PREEMPT 
00022 Tainted: [W]=WARN, [O]=OOT_MODULE
00022 Hardware name: QEMU Standard PC (Q35 + ICH9, 2009), BIOS 2025.11-3ubuntu7 03/31/2026
00022 RIP: 0010:osd_create+0x9cf/0xcf0 [osd_wbcfs]
00022 Code: c7 c7 00 96 7b a1 48 c7 c6 a0 12 7d a1 48 c7 c2 00 1c 7d a1 e8 52 f1 43 ff 48 c7 c7 00 96 7b a1 e8 46 81 44 ff e9 fe fc ff ff <0f> 0b e9 a5 fa ff ff 48 c7 c1 80 44 5d a0 80 e1 07 80 c1 03 38 c1
00022 RSP: 0018:ffffc900011b7878 EFLAGS: 00010246
00022 RAX: 0000000000000000 RBX: ffff888119516800 RCX: 0000000000000046
00022 RDX: 0000000000000000 RSI: ffff8881364c7450 RDI: ffff88802e5989e8
00022 RBP: ffff8881364c73c0 R08: ffffffff83a16803 R09: 1ffffffff0742d00
00022 R10: dffffc0000000000 R11: fffffbfff0742d01 R12: ffff88813faa3830
00022 R13: dffffc0000000000 R14: 1ffff110232a2d00 R15: 1ffff11027f54742
00022 FS:  0000000000000000(0000) GS:ffff8881d4baa000(0000) knlGS:0000000000000000
00022 CS:  0010 DS: 0000 ES: 0000 CR0: 0000000080050033
00022 CR2: 000055a56e404bd0 CR3: 000000011d648000 CR4: 0000000000750eb0
00022 PKRU: 55555554
00022 Call Trace:
00022  <TASK>
00022  ? ofd_precreate_objects+0x1bd8/0x3220 [ofd]
00022  lustre(O)
00022  ? ofd_create_hdl+0x2015/0x3510 [ofd]
00022  ? tgt_request_handle+0x23ad/0x3d30 [ptlrpc]
00022  fid(O) fld(O)
00022  obdecho(O)
00022  ptlrpc(O)
00022  mgc(O)
00022  ? ptlrpc_main+0x6359/0x96f0 [ptlrpc]
00022  efivarfs
00022  mdc(O)
00022  ? __kthread_parkme+0x73/0x130
00022  ? kthread+0x2cd/0x3a0
00022  obdclass(O) ksocklnd(O)
00022  ? ptlrpc_start_thread+0x1f10/0x1f10 [ptlrpc]
00022  lov(O)
00022  ? kthread_unuse_mm+0x130/0x130
00022  ? ret_from_fork+0x18c/0x520
00022  ? kthread_unuse_mm+0x130/0x130
00022  ? ret_from_fork_asm+0x11/0x20
00022  </TASK>
00022 ---[ end trace 0000000000000000 ]---
00022 ------------[ cut here ]------------
00022 WARNING: /home/ktest/git/linux/include/linux/fs.h:889 at osd_create+0x9cf/0xcf0 [osd_wbcfs], CPU#3: ll_ost00_002/1776
00022 Modules linked in: ofd(O) osp(O) mdd(O) lod(O) mdt(O) lquota(O) lfsck(O) mgs(O) osd_wbcfs(O) lustre(O) obdecho(O) mgc(O) mdc(O) lov(O) osc(O) lmv(O) ec(O) fid(O) fld(O) ptlrpc(O) efivarfs obdclass(O) ksocklnd(O) lnet(O) libcfs(O)
00022 CPU: 3 UID: 0 PID: 1776 Comm: ll_ost00_002 Tainted: G        W  O        7.0.0-ktest-908a7d5-6330a45-20260729-dirty #1 PREEMPT 
00022 Tainted: [W]=WARN, [O]=OOT_MODULE
00022 Hardware name: QEMU Standard PC (Q35 + ICH9, 2009), BIOS 2025.11-3ubuntu7 03/31/2026
00022 RIP: 0010:osd_create+0x9cf/0xcf0 [osd_wbcfs]
00022 Code: c7 c7 00 96 7b a1 48 c7 c6 a0 12 7d a1 48 c7 c2 00 1c 7d a1 e8 52 f1 43 ff 48 c7 c7 00 96 7b a1 e8 46 81 44 ff e9 fe fc ff ff <0f> 0b e9 a5 fa ff ff 48 c7 c1 80 44 5d a0 80 e1 07 80 c1 03 38 c1
00022 RSP: 0018:ffffc900011b7878 EFLAGS: 00010246
00022 RAX: 0000000000000000 RBX: ffff888119516400 RCX: 0000000000000046
00022 RDX: 0000000000000000 RSI: ffff8881364c6d38 RDI: ffff88802e5989e8
00022 RBP: ffff8881364c6ca8 R08: ffffffff83a16803 R09: 1ffffffff0742d00
00022 R10: dffffc0000000000 R11: fffffbfff0742d01 R12: ffff88813faa3830
00022 R13: dffffc0000000000 R14: 1ffff110232a2c80 R15: 1ffff11027f54742
00022 FS:  0000000000000000(0000) GS:ffff8881d4baa000(0000) knlGS:0000000000000000
00022 CS:  0010 DS: 0000 ES: 0000 CR0: 0000000080050033
00022 CR2: 000055a56e404bd0 CR3: 000000011d648000 CR4: 0000000000750eb0
00022 PKRU: 55555554
00022 Call Trace:
00022  <TASK>
00022  ? ofd_precreate_objects+0x1bd8/0x3220 [ofd]
00022  ? ofd_create_hdl+0x2015/0x3510 [ofd]
00022  lnet(O)
00022  osc(O)
00022  ? tgt_request_handle+0x23ad/0x3d30 [ptlrpc]
00022  libcfs(O)
00022  lmv(O)
00022 
00022 CPU: 1 UID: 0 PID: 1822 Comm: ll_ost00_004 Tainted: G        W  O        7.0.0-ktest-908a7d5-6330a45-20260729-dirty #1 PREEMPT 
00022  ? ptlrpc_main+0x6359/0x96f0 [ptlrpc]
00022  ec(O)
00022  ? __kthread_parkme+0x73/0x130
00022  ? kthread+0x2cd/0x3a0
00022 Tainted: [W]=WARN, [O]=OOT_MODULE
00022  fid(O)
00022  ? ptlrpc_start_thread+0x1f10/0x1f10 [ptlrpc]
00022 Hardware name: QEMU Standard PC (Q35 + ICH9, 2009), BIOS 2025.11-3ubuntu7 03/31/2026
00022  fld(O) ptlrpc(O) efivarfs obdclass(O) ksocklnd(O) lnet(O) libcfs(O)
00022 CPU: 0 UID: 0 PID: 1774 Comm: ll_ost00_000 Tainted: G        W  O        7.0.0-ktest-908a7d5-6330a45-20260729-dirty #1 PREEMPT 
00022  ? kthread_unuse_mm+0x130/0x130
00022 Tainted: [W]=WARN, [O]=OOT_MODULE
00022 Hardware name: QEMU Standard PC (Q35 + ICH9, 2009), BIOS 2025.11-3ubuntu7 03/31/2026
00022  ? ret_from_fork+0x18c/0x520
00022 RIP: 0010:osd_create+0x9cf/0xcf0 [osd_wbcfs]
00022 Code: c7 c7 00 96 7b a1 48 c7 c6 a0 12 7d a1 48 c7 c2 00 1c 7d a1 e8 52 f1 43 ff 48 c7 c7 00 96 7b a1 e8 46 81 44 ff e9 fe fc ff ff <0f> 0b e9 a5 fa ff ff 48 c7 c1 80 44 5d a0 80 e1 07 80 c1 03 38 c1
00022 RSP: 0018:ffffc90001737878 EFLAGS: 00010246
00022 RAX: 0000000000000000 RBX: ffff888133c15000 RCX: 0000000000000046
00022 RDX: 0000000000000000 RSI: ffff8881333bf450 RDI: ffff88802e59cb68
00022 RBP: ffff8881333bf3c0 R08: ffffffff83a16803 R09: 1ffffffff0742d00
00022 R10: dffffc0000000000 R11: fffffbfff0742d01 R12: ffff88813faa4030
00022 R13: dffffc0000000000 R14: 1ffff11026782a00 R15: 1ffff11027f54842
00022 FS:  0000000000000000(0000) GS:ffff8881d4a2a000(0000) knlGS:0000000000000000
00022 CS:  0010 DS: 0000 ES: 0000 CR0: 0000000080050033
00022 CR2: 00007f48474056f0 CR3: 000000011d648000 CR4: 0000000000750eb0
00022 PKRU: 55555554
00022 Call Trace:
00022  <TASK>
00022  ? ofd_precreate_objects+0x1bd8/0x3220 [ofd]
00022  ? ofd_create_hdl+0x2015/0x3510 [ofd]
00022  ? tgt_request_handle+0x23ad/0x3d30 [ptlrpc]
00022 RIP: 0010:osd_create+0x9cf/0xcf0 [osd_wbcfs]
00022  ? kthread_unuse_mm+0x130/0x130
00022 Code: c7 c7 00 96 7b a1 48 c7 c6 a0 12 7d a1 48 c7 c2 00 1c 7d a1 e8 52 f1 43 ff 48 c7 c7 00 96 7b a1 e8 46 81 44 ff e9 fe fc ff ff <0f> 0b e9 a5 fa ff ff 48 c7 c1 80 44 5d a0 80 e1 07 80 c1 03 38 c1
00022  ? ptlrpc_main+0x6359/0x96f0 [ptlrpc]
00022  ? ret_from_fork_asm+0x11/0x20
00022 RSP: 0018:ffffc90001437878 EFLAGS: 00010246
00022  ? __kthread_parkme+0x73/0x130
00022  ? kthread+0x2cd/0x3a0
00022  </TASK>
00022  ? ptlrpc_start_thread+0x1f10/0x1f10 [ptlrpc]
00022 
00022  ? kthread_unuse_mm+0x130/0x130
00022  ? ret_from_fork+0x18c/0x520
00022  ? kthread_unuse_mm+0x130/0x130
00022  ? ret_from_fork_asm+0x11/0x20
00022  </TASK>
00022 ---[ end trace 0000000000000000 ]---
00022 ---[ end trace 0000000000000000 ]---
00022 RAX: 0000000000000000 RBX: ffff8881331f4800 RCX: 0000000000000046
00022 ------------[ cut here ]------------
00022 RDX: 0000000000000000 RSI: ffff888119aa49c0 RDI: ffff88802f35aaa8
00022 WARNING: /home/ktest/git/linux/include/linux/fs.h:889 at osd_create+0x9cf/0xcf0 [osd_wbcfs], CPU#3: ll_ost00_002/1776
00022 ------------[ cut here ]------------
00022 RBP: ffff888119aa4930 R08: ffffffff83a16803 R09: 1ffffffff0742d00
00022 WARNING: /home/ktest/git/linux/include/linux/fs.h:889 at osd_create+0x9cf/0xcf0 [osd_wbcfs], CPU#0: ll_ost00_005/1825
00022 Modules linked in: ofd(O) osp(O) mdd(O) lod(O) mdt(O) lquota(O) lfsck(O) mgs(O) osd_wbcfs(O) lustre(O) obdecho(O) mgc(O) mdc(O) lov(O) osc(O) lmv(O) ec(O) fid(O) fld(O) ptlrpc(O) efivarfs obdclass(O) ksocklnd(O) lnet(O) libcfs(O)
00022 CPU: 0 UID: 0 PID: 1825 Comm: ll_ost00_005 Tainted: G        W  O        7.0.0-ktest-908a7d5-6330a45-20260729-dirty #1 PREEMPT 
00022 Modules linked in:
00022 Tainted: [W]=WARN, [O]=OOT_MODULE
00022 Hardware name: QEMU Standard PC (Q35 + ICH9, 2009), BIOS 2025.11-3ubuntu7 03/31/2026
00022 RIP: 0010:osd_create+0x9cf/0xcf0 [osd_wbcfs]
00022 Code: c7 c7 00 96 7b a1 48 c7 c6 a0 12 7d a1 48 c7 c2 00 1c 7d a1 e8 52 f1 43 ff 48 c7 c7 00 96 7b a1 e8 46 81 44 ff e9 fe fc ff ff <0f> 0b e9 a5 fa ff ff 48 c7 c1 80 44 5d a0 80 e1 07 80 c1 03 38 c1
00022 RSP: 0018:ffffc900073ef950 EFLAGS: 00010246
00022 RAX: 0000000000000000 RBX: ffff888132f82800 RCX: 0000000000000046
00022 RDX: 0000000000000000 RSI: ffff8881333bed38 RDI: ffff888134484b18
00022 RBP: ffff8881333beca8 R08: ffffffff83a16803 R09: 1ffffffff0742d00
00022 R10: dffffc0000000000 R11: fffffbfff0742d01 R12: ffff8881352eb030
00022 R13: dffffc0000000000 R14: 1ffff110265f0500 R15: 1ffff11026a5d642
00022 FS:  0000000000000000(0000) GS:ffff8881d4a2a000(0000) knlGS:0000000000000000
00022 CS:  0010 DS: 0000 ES: 0000 CR0: 0000000080050033
00022 CR2: 00007f48474056f0 CR3: 000000011d648000 CR4: 0000000000750eb0
00022 PKRU: 55555554
00022 Call Trace:
00022  <TASK>
00022 R10: dffffc0000000000 R11: fffffbfff0742d01 R12: ffff8881352ec830
00022  ? dt_find_or_create+0x81a/0x1170 [obdclass]
00022  ofd(O)
00022 R13: dffffc0000000000 R14: 1ffff1102663e900 R15: 1ffff11026a5d942
00022  ? ofd_seq_load+0x605/0x1ac0 [ofd]
00022  osp(O)
00022  ? ofd_get_info_hdl+0xfdd/0x2330 [ofd]
00022 FS:  0000000000000000(0000) GS:ffff8881d4aaa000(0000) knlGS:0000000000000000
00022  mdd(O)
00022 CS:  0010 DS: 0000 ES: 0000 CR0: 0000000080050033
00022  ? tgt_request_handle+0x23ad/0x3d30 [ptlrpc]
00022  lod(O)
00022 CR2: 00007f7923316710 CR3: 000000011d648000 CR4: 0000000000750eb0
00022  mdt(O)
00022 PKRU: 55555554
00022  lquota(O)
00022 Call Trace:
00022  ? ptlrpc_main+0x6359/0x96f0 [ptlrpc]
00022  lfsck(O)
00022  ? __kthread_parkme+0x73/0x130
00022  ? kthread+0x2cd/0x3a0
00022  ? ptlrpc_start_thread+0x1f10/0x1f10 [ptlrpc]
00022  <TASK>
00022  ? kthread_unuse_mm+0x130/0x130
00022  ? ret_from_fork+0x18c/0x520
00022  ? kthread_unuse_mm+0x130/0x130
00022  ? ret_from_fork_asm+0x11/0x20
00022  </TASK>
00022 ---[ end trace 0000000000000000 ]---
00022  mgs(O)
00022 ------------[ cut here ]------------
00022 WARNING: /home/ktest/git/linux/include/linux/fs.h:889 at osd_create+0x9cf/0xcf0 [osd_wbcfs], CPU#0: ll_ost00_000/1774
00022 Modules linked in: ofd(O) osp(O) mdd(O) lod(O) mdt(O) lquota(O) lfsck(O) mgs(O) osd_wbcfs(O) lustre(O) obdecho(O) mgc(O) mdc(O) lov(O) osc(O) lmv(O) ec(O) fid(O) fld(O) ptlrpc(O) efivarfs obdclass(O) ksocklnd(O) lnet(O) libcfs(O)
00022 CPU: 0 UID: 0 PID: 1774 Comm: ll_ost00_000 Tainted: G        W  O        7.0.0-ktest-908a7d5-6330a45-20260729-dirty #1 PREEMPT 
00022 Tainted: [W]=WARN, [O]=OOT_MODULE
00022 Hardware name: QEMU Standard PC (Q35 + ICH9, 2009), BIOS 2025.11-3ubuntu7 03/31/2026
00022 RIP: 0010:osd_create+0x9cf/0xcf0 [osd_wbcfs]
00022 Code: c7 c7 00 96 7b a1 48 c7 c6 a0 12 7d a1 48 c7 c2 00 1c 7d a1 e8 52 f1 43 ff 48 c7 c7 00 96 7b a1 e8 46 81 44 ff e9 fe fc ff ff <0f> 0b e9 a5 fa ff ff 48 c7 c1 80 44 5d a0 80 e1 07 80 c1 03 38 c1
00022 RSP: 0018:ffffc90001737878 EFLAGS: 00010246
00022 RAX: 0000000000000000 RBX: ffff888133c14c00 RCX: 0000000000000046
00022  ? ofd_precreate_objects+0x1bd8/0x3220 [ofd]
00022  ? ofd_create_hdl+0x2015/0x3510 [ofd]
00022  osd_wbcfs(O) lustre(O)
00022 RDX: 0000000000000000 RSI: ffff8881333be620 RDI: ffff88802e59cb68
00022  ? tgt_request_handle+0x23ad/0x3d30 [ptlrpc]
00022  ? ptlrpc_main+0x6359/0x96f0 [ptlrpc]
00022  obdecho(O)
00022  ? __kthread_parkme+0x73/0x130
00022  ? kthread+0x2cd/0x3a0
00022 RBP: ffff8881333be590 R08: ffffffff83a16803 R09: 1ffffffff0742d00
00022  ? ptlrpc_start_thread+0x1f10/0x1f10 [ptlrpc]
00022  mgc(O) mdc(O)
00022  ? kthread_unuse_mm+0x130/0x130
00022  ? ret_from_fork+0x18c/0x520
00022  ? kthread_unuse_mm+0x130/0x130
00022  ? ret_from_fork_asm+0x11/0x20
00022 R10: dffffc0000000000 R11: fffffbfff0742d01 R12: ffff88813faa4030
00022 R13: dffffc0000000000 R14: 1ffff11026782980 R15: 1ffff11027f54842
00022 FS:  0000000000000000(0000) GS:ffff8881d4a2a000(0000) knlGS:0000000000000000
00022 CS:  0010 DS: 0000 ES: 0000 CR0: 0000000080050033
00022 CR2: 00007f48474056f0 CR3: 000000011d648000 CR4: 0000000000750eb0
00022 PKRU: 55555554
00022 Call Trace:
00022  <TASK>
00022  ? ofd_precreate_objects+0x1bd8/0x3220 [ofd]
00022  ? ofd_create_hdl+0x2015/0x3510 [ofd]
00022  lov(O) osc(O)
00022  </TASK>
00022  ? tgt_request_handle+0x23ad/0x3d30 [ptlrpc]
00022  lmv(O)
00022 ---[ end trace 0000000000000000 ]---
00022  ec(O)
00022  ? ptlrpc_main+0x6359/0x96f0 [ptlrpc]
00022 ------------[ cut here ]------------
00022  fid(O)
00022 WARNING: /home/ktest/git/linux/include/linux/fs.h:889 at osd_create+0x9cf/0xcf0 [osd_wbcfs], CPU#1: ll_ost00_004/1822
00022  ? __kthread_parkme+0x73/0x130
00022  ? kthread+0x2cd/0x3a0
00022  fld(O)
00022 Modules linked in:
00022  ? ptlrpc_start_thread+0x1f10/0x1f10 [ptlrpc]
00022  ptlrpc(O)
00022  ofd(O)
00022  ? kthread_unuse_mm+0x130/0x130
00022  ? ret_from_fork+0x18c/0x520
00022  ? kthread_unuse_mm+0x130/0x130
00022  ? ret_from_fork_asm+0x11/0x20
00022  </TASK>
00022 ---[ end trace 0000000000000000 ]---
00022 ------------[ cut here ]------------
00022 WARNING: /home/ktest/git/linux/include/linux/fs.h:889 at osd_create+0x9cf/0xcf0 [osd_wbcfs], CPU#0: ll_ost00_000/1774
00022  efivarfs
00022 Modules linked in: ofd(O) osp(O) mdd(O) lod(O) mdt(O) lquota(O) lfsck(O) mgs(O) osd_wbcfs(O) lustre(O) obdecho(O) mgc(O) mdc(O) lov(O) osc(O) lmv(O) ec(O) fid(O) fld(O) ptlrpc(O) efivarfs obdclass(O) ksocklnd(O) lnet(O) libcfs(O)
00022 CPU: 0 UID: 0 PID: 1774 Comm: ll_ost00_000 Tainted: G        W  O        7.0.0-ktest-908a7d5-6330a45-20260729-dirty #1 PREEMPT 
00022 Tainted: [W]=WARN, [O]=OOT_MODULE
00022 Hardware name: QEMU Standard PC (Q35 + ICH9, 2009), BIOS 2025.11-3ubuntu7 03/31/2026
00022 RIP: 0010:osd_create+0x9cf/0xcf0 [osd_wbcfs]
00022 Code: c7 c7 00 96 7b a1 48 c7 c6 a0 12 7d a1 48 c7 c2 00 1c 7d a1 e8 52 f1 43 ff 48 c7 c7 00 96 7b a1 e8 46 81 44 ff e9 fe fc ff ff <0f> 0b e9 a5 fa ff ff 48 c7 c1 80 44 5d a0 80 e1 07 80 c1 03 38 c1
00022 RSP: 0018:ffffc90001737878 EFLAGS: 00010246
00022 RAX: 0000000000000000 RBX: ffff888133c14800 RCX: 0000000000000046
00022 RDX: 0000000000000000 RSI: ffff8881333bdf08 RDI: ffff88802e59cb68
00022 RBP: ffff8881333bde78 R08: ffffffff83a16803 R09: 1ffffffff0742d00
00022 R10: dffffc0000000000 R11: fffffbfff0742d01 R12: ffff88813faa4030
00022 R13: dffffc0000000000 R14: 1ffff11026782900 R15: 1ffff11027f54842
00022 FS:  0000000000000000(0000) GS:ffff8881d4a2a000(0000) knlGS:0000000000000000
00022 CS:  0010 DS: 0000 ES: 0000 CR0: 0000000080050033
00022 CR2: 00007f48474056f0 CR3: 000000011d648000 CR4: 0000000000750eb0
00022 PKRU: 55555554
00022 Call Trace:
00022  osp(O)
00022  <TASK>
00022  ? ofd_precreate_objects+0x1bd8/0x3220 [ofd]
00022  ? ofd_create_hdl+0x2015/0x3510 [ofd]
00022  obdclass(O)
00022  mdd(O)
00022  ksocklnd(O)
00022  ? tgt_request_handle+0x23ad/0x3d30 [ptlrpc]
00022  lod(O)
00022  lnet(O)
00022  mdt(O)
00022  libcfs(O)
00022  ? ptlrpc_main+0x6359/0x96f0 [ptlrpc]
00022  lquota(O)
00022 
00022  lfsck(O)
00022  ? __kthread_parkme+0x73/0x130
00022  ? kthread+0x2cd/0x3a0
00022 CPU: 3 UID: 0 PID: 1776 Comm: ll_ost00_002 Tainted: G        W  O        7.0.0-ktest-908a7d5-6330a45-20260729-dirty #1 PREEMPT 
00022  mgs(O)
00022 Tainted: [W]=WARN, [O]=OOT_MODULE
00022  ? ptlrpc_start_thread+0x1f10/0x1f10 [ptlrpc]
00022  osd_wbcfs(O)
00022 Hardware name: QEMU Standard PC (Q35 + ICH9, 2009), BIOS 2025.11-3ubuntu7 03/31/2026
00022  ? kthread_unuse_mm+0x130/0x130
00022  ? ret_from_fork+0x18c/0x520
00022  ? kthread_unuse_mm+0x130/0x130
00022  ? ret_from_fork_asm+0x11/0x20
00022  </TASK>
00022 ---[ end trace 0000000000000000 ]---
00022  lustre(O)
00022 RIP: 0010:osd_create+0x9cf/0xcf0 [osd_wbcfs]
00022 ------------[ cut here ]------------
00022 WARNING: /home/ktest/git/linux/include/linux/fs.h:889 at osd_create+0x9cf/0xcf0 [osd_wbcfs], CPU#0: ll_ost00_003/1814
00022  obdecho(O)
00022 Modules linked in: ofd(O) osp(O) mdd(O) lod(O) mdt(O) lquota(O) lfsck(O) mgs(O) osd_wbcfs(O) lustre(O) obdecho(O) mgc(O) mdc(O) lov(O) osc(O) lmv(O) ec(O) fid(O) fld(O) ptlrpc(O) efivarfs obdclass(O) ksocklnd(O) lnet(O) libcfs(O)
00022 CPU: 0 UID: 0 PID: 1814 Comm: ll_ost00_003 Tainted: G        W  O        7.0.0-ktest-908a7d5-6330a45-20260729-dirty #1 PREEMPT 
00022 Tainted: [W]=WARN, [O]=OOT_MODULE
00022 Hardware name: QEMU Standard PC (Q35 + ICH9, 2009), BIOS 2025.11-3ubuntu7 03/31/2026
00022 RIP: 0010:osd_create+0x9cf/0xcf0 [osd_wbcfs]
00022 Code: c7 c7 00 96 7b a1 48 c7 c6 a0 12 7d a1 48 c7 c2 00 1c 7d a1 e8 52 f1 43 ff 48 c7 c7 00 96 7b a1 e8 46 81 44 ff e9 fe fc ff ff <0f> 0b e9 a5 fa ff ff 48 c7 c1 80 44 5d a0 80 e1 07 80 c1 03 38 c1
00022 RSP: 0018:ffffc900011b7878 EFLAGS: 00010246
00022 RAX: 0000000000000000 RBX: ffff888119516000 RCX: 0000000000000046
00022 RDX: 0000000000000000 RSI: ffff8881364c6620 RDI: ffff88802e5989e8
00022 RBP: ffff8881364c6590 R08: ffffffff83a16803 R09: 1ffffffff0742d00
00022 R10: dffffc0000000000 R11: fffffbfff0742d01 R12: ffff88813faa3830
00022 R13: dffffc0000000000 R14: 1ffff110232a2c00 R15: 1ffff11027f54742
00022 FS:  0000000000000000(0000) GS:ffff8881d4baa000(0000) knlGS:0000000000000000
00022 CS:  0010 DS: 0000 ES: 0000 CR0: 0000000080050033
00022 CR2: 000055a56e404bd0 CR3: 000000011d648000 CR4: 0000000000750eb0
00022 PKRU: 55555554
00022 Call Trace:
00022  <TASK>
00022  mgc(O) mdc(O)
00022  ? ofd_precreate_objects+0x1bd8/0x3220 [ofd]
00022  ? ofd_create_hdl+0x2015/0x3510 [ofd]
00022 Code: c7 c7 00 96 7b a1 48 c7 c6 a0 12 7d a1 48 c7 c2 00 1c 7d a1 e8 52 f1 43 ff 48 c7 c7 00 96 7b a1 e8 46 81 44 ff e9 fe fc ff ff <0f> 0b e9 a5 fa ff ff 48 c7 c1 80 44 5d a0 80 e1 07 80 c1 03 38 c1
00022  lov(O) osc(O)
00022  ? tgt_request_handle+0x23ad/0x3d30 [ptlrpc]
00022 RSP: 0018:ffffc90007d7f878 EFLAGS: 00010246
00022  lmv(O)
00022 
00022  ec(O)
00022 RAX: 0000000000000000 RBX: ffff888132f81800 RCX: 0000000000000046
00022  ? ptlrpc_main+0x6359/0x96f0 [ptlrpc]
00022  fid(O)
00022  ? __kthread_parkme+0x73/0x130
00022  ? kthread+0x2cd/0x3a0
00022 RDX: 0000000000000000 RSI: ffff8881333bd7f0 RDI: ffff888135a7aaa8
00022  ? ptlrpc_start_thread+0x1f10/0x1f10 [ptlrpc]
00022  fld(O) ptlrpc(O)
00022  ? kthread_unuse_mm+0x130/0x130
00022  ? ret_from_fork+0x18c/0x520
00022  ? kthread_unuse_mm+0x130/0x130
00022  ? ret_from_fork_asm+0x11/0x20
00022  </TASK>
00022 ---[ end trace 0000000000000000 ]---
00022 ------------[ cut here ]------------
00022 WARNING: /home/ktest/git/linux/include/linux/fs.h:889 at osd_create+0x9cf/0xcf0 [osd_wbcfs], CPU#3: ll_ost00_002/1776
00022 Modules linked in: ofd(O) osp(O) mdd(O) lod(O) mdt(O) lquota(O) lfsck(O) mgs(O) osd_wbcfs(O) lustre(O) obdecho(O) mgc(O) mdc(O) lov(O) osc(O) lmv(O) ec(O) fid(O) fld(O) ptlrpc(O) efivarfs obdclass(O) ksocklnd(O) lnet(O) libcfs(O)
00022 CPU: 3 UID: 0 PID: 1776 Comm: ll_ost00_002 Tainted: G        W  O        7.0.0-ktest-908a7d5-6330a45-20260729-dirty #1 PREEMPT 
00022 Tainted: [W]=WARN, [O]=OOT_MODULE
00022 Hardware name: QEMU Standard PC (Q35 + ICH9, 2009), BIOS 2025.11-3ubuntu7 03/31/2026
00022 RIP: 0010:osd_create+0x9cf/0xcf0 [osd_wbcfs]
00022 Code: c7 c7 00 96 7b a1 48 c7 c6 a0 12 7d a1 48 c7 c2 00 1c 7d a1 e8 52 f1 43 ff 48 c7 c7 00 96 7b a1 e8 46 81 44 ff e9 fe fc ff ff <0f> 0b e9 a5 fa ff ff 48 c7 c1 80 44 5d a0 80 e1 07 80 c1 03 38 c1
00022 RSP: 0018:ffffc900011b7878 EFLAGS: 00010246
00022 RAX: 0000000000000000 RBX: ffff888119515000 RCX: 0000000000000046
00022 RDX: 0000000000000000 RSI: ffff8881364c5f08 RDI: ffff88802e5989e8
00022 RBP: ffff8881364c5e78 R08: ffffffff83a16803 R09: 1ffffffff0742d00
00022 R10: dffffc0000000000 R11: fffffbfff0742d01 R12: ffff88813faa3830
00022 R13: dffffc0000000000 R14: 1ffff110232a2a00 R15: 1ffff11027f54742
00022 FS:  0000000000000000(0000) GS:ffff8881d4baa000(0000) knlGS:0000000000000000
00022 CS:  0010 DS: 0000 ES: 0000 CR0: 0000000080050033
00022 CR2: 000055a56e404bd0 CR3: 000000011d648000 CR4: 0000000000750eb0
00022 PKRU: 55555554
00022 Call Trace:
00022  <TASK>
00022  ? ofd_precreate_objects+0x1bd8/0x3220 [ofd]
00022  ? ofd_create_hdl+0x2015/0x3510 [ofd]
00022  ? tgt_request_handle+0x23ad/0x3d30 [ptlrpc]
00022 RBP: ffff8881333bd760 R08: ffffffff83a16803 R09: 1ffffffff0742d00
00022  efivarfs obdclass(O)
00022  ? ptlrpc_main+0x6359/0x96f0 [ptlrpc]
00022 R10: dffffc0000000000 R11: fffffbfff0742d01 R12: ffff888135272030
00022  ? __kthread_parkme+0x73/0x130
00022  ? kthread+0x2cd/0x3a0
00022  ksocklnd(O) lnet(O)
00022  ? ptlrpc_start_thread+0x1f10/0x1f10 [ptlrpc]
00022 R13: dffffc0000000000 R14: 1ffff110265f0300 R15: 1ffff11026a4e442
00022  ? kthread_unuse_mm+0x130/0x130
00022  ? ret_from_fork+0x18c/0x520
00022  ? kthread_unuse_mm+0x130/0x130
00022  ? ret_from_fork_asm+0x11/0x20
00022  </TASK>
00022 ---[ end trace 0000000000000000 ]---
00022 ------------[ cut here ]------------
00022 WARNING: /home/ktest/git/linux/include/linux/fs.h:889 at osd_create+0x9cf/0xcf0 [osd_wbcfs], CPU#3: ll_ost00_002/1776
00022 Modules linked in: ofd(O) osp(O) mdd(O) lod(O) mdt(O) lquota(O) lfsck(O) mgs(O) osd_wbcfs(O) lustre(O) obdecho(O) mgc(O) mdc(O) lov(O) osc(O) lmv(O) ec(O) fid(O) fld(O) ptlrpc(O) efivarfs obdclass(O) ksocklnd(O) lnet(O) libcfs(O)
00022 CPU: 3 UID: 0 PID: 1776 Comm: ll_ost00_002 Tainted: G        W  O        7.0.0-ktest-908a7d5-6330a45-20260729-dirty #1 PREEMPT 
00022 Tainted: [W]=WARN, [O]=OOT_MODULE
00022 Hardware name: QEMU Standard PC (Q35 + ICH9, 2009), BIOS 2025.11-3ubuntu7 03/31/2026
00022 RIP: 0010:osd_create+0x9cf/0xcf0 [osd_wbcfs]
00022 Code: c7 c7 00 96 7b a1 48 c7 c6 a0 12 7d a1 48 c7 c2 00 1c 7d a1 e8 52 f1 43 ff 48 c7 c7 00 96 7b a1 e8 46 81 44 ff e9 fe fc ff ff <0f> 0b e9 a5 fa ff ff 48 c7 c1 80 44 5d a0 80 e1 07 80 c1 03 38 c1
00022 RSP: 0018:ffffc900011b7878 EFLAGS: 00010246
00022 RAX: 0000000000000000 RBX: ffff888119514800 RCX: 0000000000000046
00022 RDX: 0000000000000000 RSI: ffff8881364c57f0 RDI: ffff88802e5989e8
00022 RBP: ffff8881364c5760 R08: ffffffff83a16803 R09: 1ffffffff0742d00
00022 R10: dffffc0000000000 R11: fffffbfff0742d01 R12: ffff88813faa3830
00022 R13: dffffc0000000000 R14: 1ffff110232a2900 R15: 1ffff11027f54742
00022 FS:  0000000000000000(0000) GS:ffff8881d4baa000(0000) knlGS:0000000000000000
00022 CS:  0010 DS: 0000 ES: 0000 CR0: 0000000080050033
00022 CR2: 000055a56e404bd0 CR3: 000000011d648000 CR4: 0000000000750eb0
00022 PKRU: 55555554
00022 Call Trace:
00022  <TASK>
00022  ? ofd_precreate_objects+0x1bd8/0x3220 [ofd]
00022  ? ofd_create_hdl+0x2015/0x3510 [ofd]
00022  libcfs(O)
00022 FS:  0000000000000000(0000) GS:ffff8881d4a2a000(0000) knlGS:0000000000000000
00022  ? tgt_request_handle+0x23ad/0x3d30 [ptlrpc]
00022 CPU: 1 UID: 0 PID: 1822 Comm: ll_ost00_004 Tainted: G        W  O        7.0.0-ktest-908a7d5-6330a45-20260729-dirty #1 PREEMPT 
00022 CS:  0010 DS: 0000 ES: 0000 CR0: 0000000080050033
00022  ? ptlrpc_main+0x6359/0x96f0 [ptlrpc]
00022 Tainted: [W]=WARN, [O]=OOT_MODULE
00022  ? __kthread_parkme+0x73/0x130
00022  ? kthread+0x2cd/0x3a0
00022 CR2: 00007f48474056f0 CR3: 000000011d648000 CR4: 0000000000750eb0
00022  ? ptlrpc_start_thread+0x1f10/0x1f10 [ptlrpc]
00022 Hardware name: QEMU Standard PC (Q35 + ICH9, 2009), BIOS 2025.11-3ubuntu7 03/31/2026
00022  ? kthread_unuse_mm+0x130/0x130
00022  ? ret_from_fork+0x18c/0x520
00022  ? kthread_unuse_mm+0x130/0x130
00022  ? ret_from_fork_asm+0x11/0x20
00022  </TASK>
00022 ---[ end trace 0000000000000000 ]---
00022 ------------[ cut here ]------------
00022 WARNING: /home/ktest/git/linux/include/linux/fs.h:889 at osd_create+0x9cf/0xcf0 [osd_wbcfs], CPU#3: ll_ost00_002/1776
00022 Modules linked in: ofd(O) osp(O) mdd(O) lod(O) mdt(O) lquota(O) lfsck(O) mgs(O) osd_wbcfs(O) lustre(O) obdecho(O) mgc(O) mdc(O) lov(O) osc(O) lmv(O) ec(O) fid(O) fld(O) ptlrpc(O) efivarfs obdclass(O) ksocklnd(O) lnet(O) libcfs(O)
00022 CPU: 3 UID: 0 PID: 1776 Comm: ll_ost00_002 Tainted: G        W  O        7.0.0-ktest-908a7d5-6330a45-20260729-dirty #1 PREEMPT 
00022 Tainted: [W]=WARN, [O]=OOT_MODULE
00022 Hardware name: QEMU Standard PC (Q35 + ICH9, 2009), BIOS 2025.11-3ubuntu7 03/31/2026
00022 RIP: 0010:osd_create+0x9cf/0xcf0 [osd_wbcfs]
00022 PKRU: 55555554
00022 Call Trace:
00022  <TASK>
00022  ? ofd_precreate_objects+0x1bd8/0x3220 [ofd]
00022  ? ofd_create_hdl+0x2015/0x3510 [ofd]
00022 RIP: 0010:osd_create+0x9cf/0xcf0 [osd_wbcfs]
00022 Code: c7 c7 00 96 7b a1 48 c7 c6 a0 12 7d a1 48 c7 c2 00 1c 7d a1 e8 52 f1 43 ff 48 c7 c7 00 96 7b a1 e8 46 81 44 ff e9 fe fc ff ff <0f> 0b e9 a5 fa ff ff 48 c7 c1 80 44 5d a0 80 e1 07 80 c1 03 38 c1
00022 RSP: 0018:ffffc90001437878 EFLAGS: 00010246
00022 RAX: 0000000000000000 RBX: ffff88813320d000 RCX: 0000000000000046
00022 RDX: 0000000000000000 RSI: ffff888119aa42a8 RDI: ffff88802f35aaa8
00022 RBP: ffff888119aa4218 R08: ffffffff83a16803 R09: 1ffffffff0742d00
00022 R10: dffffc0000000000 R11: fffffbfff0742d01 R12: ffff8881352ec830
00022 R13: dffffc0000000000 R14: 1ffff11026641a00 R15: 1ffff11026a5d942
00022 FS:  0000000000000000(0000) GS:ffff8881d4aaa000(0000) knlGS:0000000000000000
00022 CS:  0010 DS: 0000 ES: 0000 CR0: 0000000080050033
00022 CR2: 00007f7923316710 CR3: 000000011d648000 CR4: 0000000000750eb0
00022 PKRU: 55555554
00022 Call Trace:
00022  <TASK>
00022 Code: c7 c7 00 96 7b a1 48 c7 c6 a0 12 7d a1 48 c7 c2 00 1c 7d a1 e8 52 f1 43 ff 48 c7 c7 00 96 7b a1 e8 46 81 44 ff e9 fe fc ff ff <0f> 0b e9 a5 fa ff ff 48 c7 c1 80 44 5d a0 80 e1 07 80 c1 03 38 c1
00022  ? ofd_precreate_objects+0x1bd8/0x3220 [ofd]
00022  ? ofd_create_hdl+0x2015/0x3510 [ofd]
00022  ? tgt_request_handle+0x23ad/0x3d30 [ptlrpc]
00022  ? tgt_request_handle+0x23ad/0x3d30 [ptlrpc]
00022 RSP: 0018:ffffc900011b7878 EFLAGS: 00010246
00022  ? ptlrpc_main+0x6359/0x96f0 [ptlrpc]
00022  ? ptlrpc_main+0x6359/0x96f0 [ptlrpc]
00022 
00022  ? __kthread_parkme+0x73/0x130
00022  ? kthread+0x2cd/0x3a0
00022 RAX: 0000000000000000 RBX: ffff888119515800 RCX: 0000000000000046
00022  ? __kthread_parkme+0x73/0x130
00022  ? ptlrpc_start_thread+0x1f10/0x1f10 [ptlrpc]
00022 RDX: 0000000000000000 RSI: ffff888137bca648 RDI: ffff88802e5989e8
00022  ? kthread_unuse_mm+0x130/0x130
00022  ? ret_from_fork+0x18c/0x520
00022  ? kthread_unuse_mm+0x130/0x130
00022  ? ret_from_fork_asm+0x11/0x20
00022  </TASK>
00022 ---[ end trace 0000000000000000 ]---
00022 ------------[ cut here ]------------
00022 WARNING: /home/ktest/git/linux/include/linux/fs.h:889 at osd_create+0x9cf/0xcf0 [osd_wbcfs], CPU#1: ll_ost00_004/1822
00022  ? kthread+0x2cd/0x3a0
00022 Modules linked in: ofd(O) osp(O) mdd(O) lod(O) mdt(O) lquota(O) lfsck(O) mgs(O) osd_wbcfs(O) lustre(O) obdecho(O) mgc(O) mdc(O) lov(O) osc(O) lmv(O) ec(O) fid(O) fld(O) ptlrpc(O) efivarfs obdclass(O) ksocklnd(O) lnet(O) libcfs(O)
00022 CPU: 1 UID: 0 PID: 1822 Comm: ll_ost00_004 Tainted: G        W  O        7.0.0-ktest-908a7d5-6330a45-20260729-dirty #1 PREEMPT 
00022 Tainted: [W]=WARN, [O]=OOT_MODULE
00022 Hardware name: QEMU Standard PC (Q35 + ICH9, 2009), BIOS 2025.11-3ubuntu7 03/31/2026
00022 RIP: 0010:osd_create+0x9cf/0xcf0 [osd_wbcfs]
00022 Code: c7 c7 00 96 7b a1 48 c7 c6 a0 12 7d a1 48 c7 c2 00 1c 7d a1 e8 52 f1 43 ff 48 c7 c7 00 96 7b a1 e8 46 81 44 ff e9 fe fc ff ff <0f> 0b e9 a5 fa ff ff 48 c7 c1 80 44 5d a0 80 e1 07 80 c1 03 38 c1
00022 RSP: 0018:ffffc90001437878 EFLAGS: 00010246
00022 RAX: 0000000000000000 RBX: ffff88813320cc00 RCX: 0000000000000046
00022 RDX: 0000000000000000 RSI: ffff888119aa3b90 RDI: ffff88802f35aaa8
00022 RBP: ffff888119aa3b00 R08: ffffffff83a16803 R09: 1ffffffff0742d00
00022 R10: dffffc0000000000 R11: fffffbfff0742d01 R12: ffff8881352ec830
00022 R13: dffffc0000000000 R14: 1ffff11026641980 R15: 1ffff11026a5d942
00022 FS:  0000000000000000(0000) GS:ffff8881d4aaa000(0000) knlGS:0000000000000000
00022 CS:  0010 DS: 0000 ES: 0000 CR0: 0000000080050033
00022 CR2: 00007f7923316710 CR3: 000000011d648000 CR4: 0000000000750eb0
00022 PKRU: 55555554
00022 Call Trace:
00022  <TASK>
00022 RBP: ffff888137bca5b8 R08: ffffffff83a16803 R09: 1ffffffff0742d00
00022  ? ofd_precreate_objects+0x1bd8/0x3220 [ofd]
00022  ? ptlrpc_start_thread+0x1f10/0x1f10 [ptlrpc]
00022 R10: dffffc0000000000 R11: fffffbfff0742d01 R12: ffff88813faa3830
00022  ? kthread_unuse_mm+0x130/0x130
00022  ? ret_from_fork+0x18c/0x520
00022  ? kthread_unuse_mm+0x130/0x130
00022  ? ret_from_fork_asm+0x11/0x20
00022  </TASK>
00022 ---[ end trace 0000000000000000 ]---
00022 ------------[ cut here ]------------
00022 WARNING: /home/ktest/git/linux/include/linux/fs.h:889 at osd_create+0x9cf/0xcf0 [osd_wbcfs], CPU#0: ll_ost00_000/1774
00022 Modules linked in: ofd(O) osp(O) mdd(O) lod(O) mdt(O) lquota(O) lfsck(O) mgs(O) osd_wbcfs(O) lustre(O) obdecho(O) mgc(O) mdc(O) lov(O) osc(O) lmv(O) ec(O) fid(O) fld(O) ptlrpc(O) efivarfs obdclass(O)
00022  ? ofd_create_hdl+0x2015/0x3510 [ofd]
00022  ? tgt_request_handle+0x23ad/0x3d30 [ptlrpc]
00022 R13: dffffc0000000000 R14: 1ffff110232a2b00 R15: 1ffff11027f54742
00022  ksocklnd(O)
00022 FS:  0000000000000000(0000) GS:ffff8881d4baa000(0000) knlGS:0000000000000000
00022  ? ptlrpc_main+0x6359/0x96f0 [ptlrpc]
00022  lnet(O)
00022 CS:  0010 DS: 0000 ES: 0000 CR0: 0000000080050033
00022 CR2: 000055a56e404bd0 CR3: 000000011d648000 CR4: 0000000000750eb0
00022  ? __kthread_parkme+0x73/0x130
00022  ? kthread+0x2cd/0x3a0
00022 Lustre: lustre-OST0001-osc-MDT0000: update sequence from 0x100010000 to 0x2c0000401
00022  ? ptlrpc_start_thread+0x1f10/0x1f10 [ptlrpc]
00022  ? kthread_unuse_mm+0x130/0x130
00022  libcfs(O)
00022  ? ret_from_fork+0x18c/0x520
00022  ? kthread_unuse_mm+0x130/0x130
00022  ? ret_from_fork_asm+0x11/0x20
00022  </TASK>
00022 ---[ end trace 0000000000000000 ]---
00022 ------------[ cut here ]------------
00022 WARNING: /home/ktest/git/linux/include/linux/fs.h:889 at osd_create+0x9cf/0xcf0 [osd_wbcfs], CPU#1: ll_ost00_004/1822
00022 Modules linked in: ofd(O) osp(O) mdd(O) lod(O) mdt(O) lquota(O) lfsck(O) mgs(O) osd_wbcfs(O) lustre(O) obdecho(O) mgc(O) mdc(O) lov(O) osc(O) lmv(O) ec(O) fid(O) fld(O) ptlrpc(O) efivarfs obdclass(O) ksocklnd(O) lnet(O) libcfs(O)
00022 PKRU: 55555554
00022 Call Trace:
00022  <TASK>
00022  ? ofd_precreate_objects+0x1bd8/0x3220 [ofd]
00022 ------------[ cut here ]------------
00022 WARNING: /home/ktest/git/linux/include/linux/fs.h:889 at osd_create+0x9cf/0xcf0 [osd_wbcfs], CPU#2: ll_ost00_001/1775
00022  ? ofd_create_hdl+0x2015/0x3510 [ofd]
00022 Modules linked in: ofd(O) osp(O) mdd(O) lod(O) mdt(O) lquota(O) lfsck(O) mgs(O) osd_wbcfs(O) lustre(O) obdecho(O) mgc(O) mdc(O) lov(O) osc(O) lmv(O) ec(O) fid(O) fld(O) ptlrpc(O) efivarfs obdclass(O) ksocklnd(O) lnet(O) libcfs(O)
00022 CPU: 2 UID: 0 PID: 1775 Comm: ll_ost00_001 Tainted: G        W  O        7.0.0-ktest-908a7d5-6330a45-20260729-dirty #1 PREEMPT 
00022 
00022 Tainted: [W]=WARN, [O]=OOT_MODULE
00022 Hardware name: QEMU Standard PC (Q35 + ICH9, 2009), BIOS 2025.11-3ubuntu7 03/31/2026
00022 RIP: 0010:osd_create+0x9cf/0xcf0 [osd_wbcfs]
00022 Code: c7 c7 00 96 7b a1 48 c7 c6 a0 12 7d a1 48 c7 c2 00 1c 7d a1 e8 52 f1 43 ff 48 c7 c7 00 96 7b a1 e8 46 81 44 ff e9 fe fc ff ff <0f> 0b e9 a5 fa ff ff 48 c7 c1 80 44 5d a0 80 e1 07 80 c1 03 38 c1
00022 RSP: 0018:ffffc900012cf8c0 EFLAGS: 00010246
00022  ? tgt_request_handle+0x23ad/0x3d30 [ptlrpc]
00022 
00022 RAX: 0000000000000000 RBX: ffff888133391000 RCX: 0000000000000046
00022 RDX: 0000000000000000 RSI: ffff888137bf50d8 RDI: ffff88802e59aa80
00022 RBP: ffff888137bf5048 R08: ffffffff83a16803 R09: 1ffffffff0742d00
00022 R10: dffffc0000000000 R11: fffffbfff0742d01 R12: ffff88811cfea030
00022 R13: dffffc0000000000 R14: 1ffff11026672200 R15: 1ffff110239fd442
00022 CPU: 1 UID: 0 PID: 1822 Comm: ll_ost00_004 Tainted: G        W  O        7.0.0-ktest-908a7d5-6330a45-20260729-dirty #1 PREEMPT 
00022 FS:  0000000000000000(0000) GS:ffff8881d4b2a000(0000) knlGS:0000000000000000
00022 CS:  0010 DS: 0000 ES: 0000 CR0: 0000000080050033
00022 CR2: 00007f2e5b405780 CR3: 000000011d648000 CR4: 0000000000750eb0
00022 PKRU: 55555554
00022 Call Trace:
00022  <TASK>
00022 CPU: 0 UID: 0 PID: 1774 Comm: ll_ost00_000 Tainted: G        W  O        7.0.0-ktest-908a7d5-6330a45-20260729-dirty #1 PREEMPT 
00022  ? dt_find_or_create+0x81a/0x1170 [obdclass]
00022 Tainted: [W]=WARN, [O]=OOT_MODULE
00022  ? ptlrpc_main+0x6359/0x96f0 [ptlrpc]
00022  ? ofd_seq_load+0x605/0x1ac0 [ofd]
00022  ? ofd_create_hdl+0x4e0/0x3510 [ofd]
00022 Tainted: [W]=WARN, [O]=OOT_MODULE
00022  ? ofd_create_hdl+0x778/0x3510 [ofd]
00022  ? __kthread_parkme+0x73/0x130
00022  ? kthread+0x2cd/0x3a0
00022 Hardware name: QEMU Standard PC (Q35 + ICH9, 2009), BIOS 2025.11-3ubuntu7 03/31/2026
00022 Hardware name: QEMU Standard PC (Q35 + ICH9, 2009), BIOS 2025.11-3ubuntu7 03/31/2026
00022  ? ptlrpc_start_thread+0x1f10/0x1f10 [ptlrpc]
00022  ? lustre_pack_reply_flags+0x11f/0x3a0 [ptlrpc]
00022 RIP: 0010:osd_create+0x9cf/0xcf0 [osd_wbcfs]
00022 RIP: 0010:osd_create+0x9cf/0xcf0 [osd_wbcfs]
00022  ? kthread_unuse_mm+0x130/0x130
00022  ? ret_from_fork+0x18c/0x520
00022 Code: c7 c7 00 96 7b a1 48 c7 c6 a0 12 7d a1 48 c7 c2 00 1c 7d a1 e8 52 f1 43 ff 48 c7 c7 00 96 7b a1 e8 46 81 44 ff e9 fe fc ff ff <0f> 0b e9 a5 fa ff ff 48 c7 c1 80 44 5d a0 80 e1 07 80 c1 03 38 c1
00022 RSP: 0018:ffffc90001437878 EFLAGS: 00010246
00022 RAX: 0000000000000000 RBX: ffff88813320c800 RCX: 0000000000000046
00022 RDX: 0000000000000000 RSI: ffff888119aa3478 RDI: ffff88802f35aaa8
00022 RBP: ffff888119aa33e8 R08: ffffffff83a16803 R09: 1ffffffff0742d00
00022 R10: dffffc0000000000 R11: fffffbfff0742d01 R12: ffff8881352ec830
00022 R13: dffffc0000000000 R14: 1ffff11026641900 R15: 1ffff11026a5d942
00022 FS:  0000000000000000(0000) GS:ffff8881d4aaa000(0000) knlGS:0000000000000000
00022 CS:  0010 DS: 0000 ES: 0000 CR0: 0000000080050033
00022 CR2: 00007f7923316710 CR3: 000000011d648000 CR4: 0000000000750eb0
00022 PKRU: 55555554
00022 Call Trace:
00022  <TASK>
00022 Code: c7 c7 00 96 7b a1 48 c7 c6 a0 12 7d a1 48 c7 c2 00 1c 7d a1 e8 52 f1 43 ff 48 c7 c7 00 96 7b a1 e8 46 81 44 ff e9 fe fc ff ff <0f> 0b e9 a5 fa ff ff 48 c7 c1 80 44 5d a0 80 e1 07 80 c1 03 38 c1
00022  ? ofd_precreate_objects+0x1bd8/0x3220 [ofd]
00022  ? kthread_unuse_mm+0x130/0x130
00022  ? ofd_create_hdl+0x2015/0x3510 [ofd]
00022 RSP: 0018:ffffc90001737878 EFLAGS: 00010246
00022  ? ret_from_fork_asm+0x11/0x20
00022  ? tgt_request_handle+0x23ad/0x3d30 [ptlrpc]
00022 
00022  ? tgt_request_handle+0x23ad/0x3d30 [ptlrpc]
00022  </TASK>
00022 RAX: 0000000000000000 RBX: ffff888133c30000 RCX: 0000000000000046
00022 ---[ end trace 0000000000000000 ]---
00022 RDX: 0000000000000000 RSI: ffff8881333bd0d8 RDI: ffff88802e59cb68
00022  ? ptlrpc_main+0x6359/0x96f0 [ptlrpc]
00022  ? ptlrpc_main+0x6359/0x96f0 [ptlrpc]
00022 ------------[ cut here ]------------
00022 RBP: ffff8881333bd048 R08: ffffffff83a16803 R09: 1ffffffff0742d00
00022  ? __kthread_parkme+0x73/0x130
00022  ? kthread+0x2cd/0x3a0
00022  ? __kthread_parkme+0x73/0x130
00022  ? kthread+0x2cd/0x3a0
00022 WARNING: /home/ktest/git/linux/include/linux/fs.h:889 at osd_create+0x9cf/0xcf0 [osd_wbcfs], CPU#3: ll_ost00_002/1776
00022  ? ptlrpc_start_thread+0x1f10/0x1f10 [ptlrpc]
00022 R10: dffffc0000000000 R11: fffffbfff0742d01 R12: ffff88813faa4030
00022  ? ptlrpc_start_thread+0x1f10/0x1f10 [ptlrpc]
00022  ? kthread_unuse_mm+0x130/0x130
00022  ? ret_from_fork+0x18c/0x520
00022  ? kthread_unuse_mm+0x130/0x130
00022  ? ret_from_fork_asm+0x11/0x20
00022  </TASK>
00022 ---[ end trace 0000000000000000 ]---
00022 ------------[ cut here ]------------
00022 WARNING: /home/ktest/git/linux/include/linux/fs.h:889 at osd_create+0x9cf/0xcf0 [osd_wbcfs], CPU#1: ll_ost00_004/1822
00022  ? kthread_unuse_mm+0x130/0x130
00022  ? ret_from_fork+0x18c/0x520
00022 Modules linked in: ofd(O) osp(O)
00022  ? kthread_unuse_mm+0x130/0x130
00022  mdd(O) lod(O) mdt(O) lquota(O) lfsck(O)
00022  ? ret_from_fork_asm+0x11/0x20
00022  mgs(O) osd_wbcfs(O) lustre(O) obdecho(O) mgc(O) mdc(O) lov(O) osc(O) lmv(O) ec(O) fid(O) fld(O) ptlrpc(O) efivarfs obdclass(O) ksocklnd(O) lnet(O) libcfs(O)
00022 CPU: 1 UID: 0 PID: 1822 Comm: ll_ost00_004 Tainted: G        W  O        7.0.0-ktest-908a7d5-6330a45-20260729-dirty #1 PREEMPT 
00022 Tainted: [W]=WARN, [O]=OOT_MODULE
00022 Hardware name: QEMU Standard PC (Q35 + ICH9, 2009), BIOS 2025.11-3ubuntu7 03/31/2026
00022  </TASK>
00022 ---[ end trace 0000000000000000 ]---
00022 RIP: 0010:osd_create+0x9cf/0xcf0 [osd_wbcfs]
00022 Modules linked in:
00022 Code: c7 c7 00 96 7b a1 48 c7 c6 a0 12 7d a1 48 c7 c2 00 1c 7d a1 e8 52 f1 43 ff 48 c7 c7 00 96 7b a1 e8 46 81 44 ff e9 fe fc ff ff <0f> 0b e9 a5 fa ff ff 48 c7 c1 80 44 5d a0 80 e1 07 80 c1 03 38 c1
00022 RSP: 0018:ffffc90001437878 EFLAGS: 00010246
00022 RAX: 0000000000000000 RBX: ffff888133228000 RCX: 0000000000000046
00022 RDX: 0000000000000000 RSI: ffff888119aa2d60 RDI: ffff88802f35aaa8
00022 RBP: ffff888119aa2cd0 R08: ffffffff83a16803 R09: 1ffffffff0742d00
00022 R10: dffffc0000000000 R11: fffffbfff0742d01 R12: ffff8881352ec830
00022 R13: dffffc0000000000 R14: 1ffff11026645000 R15: 1ffff11026a5d942
00022 FS:  0000000000000000(0000) GS:ffff8881d4aaa000(0000) knlGS:0000000000000000
00022 CS:  0010 DS: 0000 ES: 0000 CR0: 0000000080050033
00022 CR2: 00007f7923316710 CR3: 000000011d648000 CR4: 0000000000750eb0
00022 PKRU: 55555554
00022 Call Trace:
00022  <TASK>
00022  ? ofd_precreate_objects+0x1bd8/0x3220 [ofd]
00022 R13: dffffc0000000000 R14: 1ffff11026786000 R15: 1ffff11027f54842
00022  ? ofd_create_hdl+0x2015/0x3510 [ofd]
00022  ofd(O)
00022  ? tgt_request_handle+0x23ad/0x3d30 [ptlrpc]
00022 FS:  0000000000000000(0000) GS:ffff8881d4a2a000(0000) knlGS:0000000000000000
00022  osp(O)
00022  ? ptlrpc_main+0x6359/0x96f0 [ptlrpc]
00022 CS:  0010 DS: 0000 ES: 0000 CR0: 0000000080050033
00022  mdd(O)
00022 CR2: 00007f48474056f0 CR3: 000000011d648000 CR4: 0000000000750eb0
00022  ? __kthread_parkme+0x73/0x130
00022  ? kthread+0x2cd/0x3a0
00022  lod(O)
00022 PKRU: 55555554
00022  ? ptlrpc_start_thread+0x1f10/0x1f10 [ptlrpc]
00022  mdt(O)
00022  ? kthread_unuse_mm+0x130/0x130
00022  ? ret_from_fork+0x18c/0x520
00022  ? kthread_unuse_mm+0x130/0x130
00022  ? ret_from_fork_asm+0x11/0x20
00022  </TASK>
00022 ---[ end trace 0000000000000000 ]---
00022 ------------[ cut here ]------------
00022 WARNING: /home/ktest/git/linux/include/linux/fs.h:889 at osd_create+0x9cf/0xcf0 [osd_wbcfs], CPU#1: ll_ost00_004/1822
00022 Modules linked in: ofd(O) osp(O) mdd(O) lod(O) mdt(O) lquota(O) lfsck(O) mgs(O) osd_wbcfs(O) lustre(O) obdecho(O) mgc(O) mdc(O) lov(O) osc(O) lmv(O) ec(O) fid(O) fld(O) ptlrpc(O) efivarfs obdclass(O) ksocklnd(O) lnet(O) libcfs(O)
00022 CPU: 1 UID: 0 PID: 1822 Comm: ll_ost00_004 Tainted: G        W  O        7.0.0-ktest-908a7d5-6330a45-20260729-dirty #1 PREEMPT 
00022 Tainted: [W]=WARN, [O]=OOT_MODULE
00022 Hardware name: QEMU Standard PC (Q35 + ICH9, 2009), BIOS 2025.11-3ubuntu7 03/31/2026
00022 ------------[ cut here ]------------
00022 RIP: 0010:osd_create+0x9cf/0xcf0 [osd_wbcfs]
00022 Code: c7 c7 00 96 7b a1 48 c7 c6 a0 12 7d a1 48 c7 c2 00 1c 7d a1 e8 52 f1 43 ff 48 c7 c7 00 96 7b a1 e8 46 81 44 ff e9 fe fc ff ff <0f> 0b e9 a5 fa ff ff 48 c7 c1 80 44 5d a0 80 e1 07 80 c1 03 38 c1
00022 RSP: 0018:ffffc90001437878 EFLAGS: 00010246
00022 RAX: 0000000000000000 RBX: ffff88813322bc00 RCX: 0000000000000046
00022 RDX: 0000000000000000 RSI: ffff888119aa2648 RDI: ffff88802f35aaa8
00022 RBP: ffff888119aa25b8 R08: ffffffff83a16803 R09: 1ffffffff0742d00
00022 WARNING: /home/ktest/git/linux/include/linux/fs.h:889 at osd_create+0x9cf/0xcf0 [osd_wbcfs], CPU#2: ll_ost00_001/1775
00022 R10: dffffc0000000000 R11: fffffbfff0742d01 R12: ffff8881352ec830
00022 R13: dffffc0000000000 R14: 1ffff11026645780 R15: 1ffff11026a5d942
00022 FS:  0000000000000000(0000) GS:ffff8881d4aaa000(0000) knlGS:0000000000000000
00022 CS:  0010 DS: 0000 ES: 0000 CR0: 0000000080050033
00022 CR2: 00007f7923316710 CR3: 000000011d648000 CR4: 0000000000750eb0
00022 PKRU: 55555554
00022 Call Trace:
00022  <TASK>
00022 Modules linked in: ofd(O) osp(O) mdd(O) lod(O) mdt(O) lquota(O) lfsck(O) mgs(O) osd_wbcfs(O)
00022  ? ofd_precreate_objects+0x1bd8/0x3220 [ofd]
00022  lustre(O) obdecho(O) mgc(O) mdc(O) lov(O) osc(O) lmv(O) ec(O) fid(O) fld(O) ptlrpc(O) efivarfs obdclass(O) ksocklnd(O) lnet(O) libcfs(O)
00022  ? ofd_create_hdl+0x2015/0x3510 [ofd]
00022 CPU: 2 UID: 0 PID: 1775 Comm: ll_ost00_001 Tainted: G        W  O        7.0.0-ktest-908a7d5-6330a45-20260729-dirty #1 PREEMPT 
00022 Tainted: [W]=WARN, [O]=OOT_MODULE
00022 Hardware name: QEMU Standard PC (Q35 + ICH9, 2009), BIOS 2025.11-3ubuntu7 03/31/2026
00022 Call Trace:
00022  <TASK>
00022 RIP: 0010:osd_create+0x9cf/0xcf0 [osd_wbcfs]
00022 Code: c7 c7 00 96 7b a1 48 c7 c6 a0 12 7d a1 48 c7 c2 00 1c 7d a1 e8 52 f1 43 ff 48 c7 c7 00 96 7b a1 e8 46 81 44 ff e9 fe fc ff ff <0f> 0b e9 a5 fa ff ff 48 c7 c1 80 44 5d a0 80 e1 07 80 c1 03 38 c1
00022 RSP: 0018:ffffc900012cf878 EFLAGS: 00010246
00022 RAX: 0000000000000000 RBX: ffff888133390c00 RCX: 0000000000000046
00022 RDX: 0000000000000000 RSI: ffff888137bf49c0 RDI: ffff88802e59aaa8
00022 RBP: ffff888137bf4930 R08: ffffffff83a16803 R09: 1ffffffff0742d00
00022 R10: dffffc0000000000 R11: fffffbfff0742d01 R12: ffff88811cfea030
00022 R13: dffffc0000000000 R14: 1ffff11026672180 R15: 1ffff110239fd442
00022 FS:  0000000000000000(0000) GS:ffff8881d4b2a000(0000) knlGS:0000000000000000
00022 CS:  0010 DS: 0000 ES: 0000 CR0: 0000000080050033
00022 CR2: 00007f2e5b405780 CR3: 000000011d648000 CR4: 0000000000750eb0
00022 PKRU: 55555554
00022 Call Trace:
00022  <TASK>
00022  lquota(O)
00022  ? ofd_precreate_objects+0x1bd8/0x3220 [ofd]
00022  ? tgt_request_handle+0x23ad/0x3d30 [ptlrpc]
00022  ? ofd_create_hdl+0x2015/0x3510 [ofd]
00022  ? ofd_precreate_objects+0x1bd8/0x3220 [ofd]
00022  ? ofd_create_hdl+0x2015/0x3510 [ofd]
00022  lfsck(O)
00022  ? tgt_request_handle+0x23ad/0x3d30 [ptlrpc]
00022  ? tgt_request_handle+0x23ad/0x3d30 [ptlrpc]
00022  ? ptlrpc_main+0x6359/0x96f0 [ptlrpc]
00022  mgs(O) osd_wbcfs(O) lustre(O) obdecho(O) mgc(O) mdc(O) lov(O) osc(O) lmv(O) ec(O) fid(O) fld(O) ptlrpc(O) efivarfs obdclass(O)
00022  ? ptlrpc_main+0x6359/0x96f0 [ptlrpc]
00022  ? __kthread_parkme+0x73/0x130
00022  ? ptlrpc_main+0x6359/0x96f0 [ptlrpc]
00022  ksocklnd(O)
00022  ? kthread+0x2cd/0x3a0
00022  ? __kthread_parkme+0x73/0x130
00022  ? kthread+0x2cd/0x3a0
00022  lnet(O)
00022  ? __kthread_parkme+0x73/0x130
00022  ? kthread+0x2cd/0x3a0
00022  ? ptlrpc_start_thread+0x1f10/0x1f10 [ptlrpc]
00022  ? ptlrpc_start_thread+0x1f10/0x1f10 [ptlrpc]
00022  libcfs(O)
00022  ? ptlrpc_start_thread+0x1f10/0x1f10 [ptlrpc]
00022  ? kthread_unuse_mm+0x130/0x130
00022  ? ret_from_fork+0x18c/0x520
00022  ? kthread_unuse_mm+0x130/0x130
00022  ? ret_from_fork_asm+0x11/0x20
00022  </TASK>
00022 ---[ end trace 0000000000000000 ]---
00022 ------------[ cut here ]------------
00022 WARNING: /home/ktest/git/linux/include/linux/fs.h:889 at osd_create+0x9cf/0xcf0 [osd_wbcfs], CPU#2: ll_ost00_001/1775
00022 Modules linked in: ofd(O)
00022  ? kthread_unuse_mm+0x130/0x130
00022  osp(O)
00022  mdd(O) lod(O)
00022  ? ret_from_fork+0x18c/0x520
00022  ? kthread_unuse_mm+0x130/0x130
00022  ? ret_from_fork_asm+0x11/0x20
00022  mdt(O)
00022  </TASK>
00022  lquota(O) lfsck(O)
00022 ---[ end trace 0000000000000000 ]---
00022  mgs(O) osd_wbcfs(O) lustre(O) obdecho(O) mgc(O) mdc(O) lov(O) osc(O) lmv(O)
00022 ------------[ cut here ]------------
00022  ec(O)
00022  fid(O) fld(O) ptlrpc(O) efivarfs obdclass(O) ksocklnd(O) lnet(O) libcfs(O)
00022 WARNING: /home/ktest/git/linux/include/linux/fs.h:889 at osd_create+0x9cf/0xcf0 [osd_wbcfs], CPU#1: ll_ost00_004/1822
00022 Modules linked in: ofd(O) osp(O) mdd(O) lod(O) mdt(O) lquota(O) lfsck(O)
00022 CPU: 2 UID: 0 PID: 1775 Comm: ll_ost00_001 Tainted: G        W  O        7.0.0-ktest-908a7d5-6330a45-20260729-dirty #1 PREEMPT 
00022  mgs(O) osd_wbcfs(O)
00022 Tainted: [W]=WARN, [O]=OOT_MODULE
00022  lustre(O)
00022 Hardware name: QEMU Standard PC (Q35 + ICH9, 2009), BIOS 2025.11-3ubuntu7 03/31/2026
00022  obdecho(O) mgc(O) mdc(O) lov(O) osc(O) lmv(O) ec(O) fid(O) fld(O) ptlrpc(O) efivarfs obdclass(O) ksocklnd(O)
00022 RIP: 0010:osd_create+0x9cf/0xcf0 [osd_wbcfs]
00022  lnet(O)
00022  libcfs(O)
00022 CPU: 1 UID: 0 PID: 1822 Comm: ll_ost00_004 Tainted: G        W  O        7.0.0-ktest-908a7d5-6330a45-20260729-dirty #1 PREEMPT 
00022 Tainted: [W]=WARN, [O]=OOT_MODULE
00022 Hardware name: QEMU Standard PC (Q35 + ICH9, 2009), BIOS 2025.11-3ubuntu7 03/31/2026
00022 RIP: 0010:osd_create+0x9cf/0xcf0 [osd_wbcfs]
00022 Code: c7 c7 00 96 7b a1 48 c7 c6 a0 12 7d a1 48 c7 c2 00 1c 7d a1 e8 52 f1 43 ff 48 c7 c7 00 96 7b a1 e8 46 81 44 ff e9 fe fc ff ff <0f> 0b e9 a5 fa ff ff 48 c7 c1 80 44 5d a0 80 e1 07 80 c1 03 38 c1
00022 Code: c7 c7 00 96 7b a1 48 c7 c6 a0 12 7d a1 48 c7 c2 00 1c 7d a1 e8 52 f1 43 ff 48 c7 c7 00 96 7b a1 e8 46 81 44 ff e9 fe fc ff ff <0f> 0b e9 a5 fa ff ff 48 c7 c1 80 44 5d a0 80 e1 07 80 c1 03 38 c1
00022 RSP: 0018:ffffc90001437878 EFLAGS: 00010246
00022 RAX: 0000000000000000 RBX: ffff888133cc4000 RCX: 0000000000000046
00022 RDX: 0000000000000000 RSI: ffff888119aa1f30 RDI: ffff88802f35aaa8
00022 RBP: ffff888119aa1ea0 R08: ffffffff83a16803 R09: 1ffffffff0742d00
00022 R10: dffffc0000000000 R11: fffffbfff0742d01 R12: ffff8881352ec830
00022 R13: dffffc0000000000 R14: 1ffff11026798800 R15: 1ffff11026a5d942
00022 FS:  0000000000000000(0000) GS:ffff8881d4aaa000(0000) knlGS:0000000000000000
00022 CS:  0010 DS: 0000 ES: 0000 CR0: 0000000080050033
00022 RSP: 0018:ffffc900012cf878 EFLAGS: 00010246
00022 CR2: 00007f7923316710 CR3: 000000011d648000 CR4: 0000000000750eb0
00022 
00022 RAX: 0000000000000000 RBX: ffff8881333e9000 RCX: 0000000000000046
00022 PKRU: 55555554
00022 RDX: 0000000000000000 RSI: ffff888137bf42a8 RDI: ffff88802e59aaa8
00022 Call Trace:
00022 RBP: ffff888137bf4218 R08: ffffffff83a16803 R09: 1ffffffff0742d00
00022  <TASK>
00022 R10: dffffc0000000000 R11: fffffbfff0742d01 R12: ffff88811cfea030
00022 R13: dffffc0000000000 R14: 1ffff1102667d200 R15: 1ffff110239fd442
00022 FS:  0000000000000000(0000) GS:ffff8881d4b2a000(0000) knlGS:0000000000000000
00022 CS:  0010 DS: 0000 ES: 0000 CR0: 0000000080050033
00022 CR2: 00007f2e5b405780 CR3: 000000011d648000 CR4: 0000000000750eb0
00022 PKRU: 55555554
00022  ? ofd_precreate_objects+0x1bd8/0x3220 [ofd]
00022 Call Trace:
00022  <TASK>
00022  ? kthread_unuse_mm+0x130/0x130
00022  ? ofd_precreate_objects+0x1bd8/0x3220 [ofd]
00022  ? ofd_create_hdl+0x2015/0x3510 [ofd]
00022 
00022  ? ofd_create_hdl+0x2015/0x3510 [ofd]
00022  ? ret_from_fork+0x18c/0x520
00022  ? tgt_request_handle+0x23ad/0x3d30 [ptlrpc]
00022 CPU: 3 UID: 0 PID: 1776 Comm: ll_ost00_002 Tainted: G        W  O        7.0.0-ktest-908a7d5-6330a45-20260729-dirty #1 PREEMPT 
00022  ? tgt_request_handle+0x23ad/0x3d30 [ptlrpc]
00022  ? kthread_unuse_mm+0x130/0x130
00022 Tainted: [W]=WARN, [O]=OOT_MODULE
00022  ? ret_from_fork_asm+0x11/0x20
00022 Hardware name: QEMU Standard PC (Q35 + ICH9, 2009), BIOS 2025.11-3ubuntu7 03/31/2026
00022  ? ptlrpc_main+0x6359/0x96f0 [ptlrpc]
00022  </TASK>
00022  ? ptlrpc_main+0x6359/0x96f0 [ptlrpc]
00022  ? __kthread_parkme+0x73/0x130
00022  ? kthread+0x2cd/0x3a0
00022 RIP: 0010:osd_create+0x9cf/0xcf0 [osd_wbcfs]
00022 ---[ end trace 0000000000000000 ]---
00022 Code: c7 c7 00 96 7b a1 48 c7 c6 a0 12 7d a1 48 c7 c2 00 1c 7d a1 e8 52 f1 43 ff 48 c7 c7 00 96 7b a1 e8 46 81 44 ff e9 fe fc ff ff <0f> 0b e9 a5 fa ff ff 48 c7 c1 80 44 5d a0 80 e1 07 80 c1 03 38 c1
00022  ? __kthread_parkme+0x73/0x130
00022  ? ptlrpc_start_thread+0x1f10/0x1f10 [ptlrpc]
00022  ? kthread+0x2cd/0x3a0
00022 ------------[ cut here ]------------
00022  ? kthread_unuse_mm+0x130/0x130
00022  ? ret_from_fork+0x18c/0x520
00022  ? kthread_unuse_mm+0x130/0x130
00022  ? ret_from_fork_asm+0x11/0x20
00022  ? ptlrpc_start_thread+0x1f10/0x1f10 [ptlrpc]
00022  </TASK>
00022 ---[ end trace 0000000000000000 ]---
00022 ------------[ cut here ]------------
00022 WARNING: /home/ktest/git/linux/include/linux/fs.h:889 at osd_create+0x9cf/0xcf0 [osd_wbcfs], CPU#1: ll_ost00_004/1822
00022 Modules linked in: ofd(O) osp(O) mdd(O) lod(O) mdt(O) lquota(O) lfsck(O) mgs(O) osd_wbcfs(O) lustre(O) obdecho(O) mgc(O) mdc(O) lov(O) osc(O) lmv(O) ec(O) fid(O) fld(O) ptlrpc(O) efivarfs obdclass(O) ksocklnd(O) lnet(O) libcfs(O)
00022 CPU: 1 UID: 0 PID: 1822 Comm: ll_ost00_004 Tainted: G        W  O        7.0.0-ktest-908a7d5-6330a45-20260729-dirty #1 PREEMPT 
00022 Tainted: [W]=WARN, [O]=OOT_MODULE
00022 Hardware name: QEMU Standard PC (Q35 + ICH9, 2009), BIOS 2025.11-3ubuntu7 03/31/2026
00022 RIP: 0010:osd_create+0x9cf/0xcf0 [osd_wbcfs]
00022 RSP: 0018:ffffc900011b7878 EFLAGS: 00010246
00022 Code: c7 c7 00 96 7b a1 48 c7 c6 a0 12 7d a1 48 c7 c2 00 1c 7d a1 e8 52 f1 43 ff 48 c7 c7 00 96 7b a1 e8 46 81 44 ff e9 fe fc ff ff <0f> 0b e9 a5 fa ff ff 48 c7 c1 80 44 5d a0 80 e1 07 80 c1 03 38 c1
00022 RSP: 0018:ffffc90001437878 EFLAGS: 00010246
00022 RAX: 0000000000000000 RBX: ffff888133cc6c00 RCX: 0000000000000046
00022 RDX: 0000000000000000 RSI: ffff888119aa1818 RDI: ffff88802f35aaa8
00022 RBP: ffff888119aa1788 R08: ffffffff83a16803 R09: 1ffffffff0742d00
00022 R10: dffffc0000000000 R11: fffffbfff0742d01 R12: ffff8881352ec830
00022 R13: dffffc0000000000 R14: 1ffff11026798d80 R15: 1ffff11026a5d942
00022 FS:  0000000000000000(0000) GS:ffff8881d4aaa000(0000) knlGS:0000000000000000
00022 CS:  0010 DS: 0000 ES: 0000 CR0: 0000000080050033
00022 CR2: 00007f7923316710 CR3: 000000011d648000 CR4: 0000000000750eb0
00022 PKRU: 55555554
00022 Call Trace:
00022  <TASK>
00022 WARNING: /home/ktest/git/linux/include/linux/fs.h:889 at osd_create+0x9cf/0xcf0 [osd_wbcfs], CPU#0: ll_ost00_000/1774
00022  ? ofd_precreate_objects+0x1bd8/0x3220 [ofd]
00022  ? kthread_unuse_mm+0x130/0x130
00022  ? ret_from_fork+0x18c/0x520
00022  ? kthread_unuse_mm+0x130/0x130
00022  ? ret_from_fork_asm+0x11/0x20
00022  ? ofd_create_hdl+0x2015/0x3510 [ofd]
00022  </TASK>
00022 ---[ end trace 0000000000000000 ]---
00022 ------------[ cut here ]------------
00022 WARNING: /home/ktest/git/linux/include/linux/fs.h:889 at osd_create+0x9cf/0xcf0 [osd_wbcfs], CPU#2: ll_ost00_001/1775
00022 
00022 Modules linked in: ofd(O) osp(O) mdd(O) lod(O) mdt(O) lquota(O) lfsck(O) mgs(O) osd_wbcfs(O) lustre(O) obdecho(O) mgc(O) mdc(O) lov(O) osc(O) lmv(O) ec(O) fid(O) fld(O) ptlrpc(O) efivarfs obdclass(O) ksocklnd(O) lnet(O) libcfs(O)
00022 CPU: 2 UID: 0 PID: 1775 Comm: ll_ost00_001 Tainted: G        W  O        7.0.0-ktest-908a7d5-6330a45-20260729-dirty #1 PREEMPT 
00022 Tainted: [W]=WARN, [O]=OOT_MODULE
00022 Hardware name: QEMU Standard PC (Q35 + ICH9, 2009), BIOS 2025.11-3ubuntu7 03/31/2026
00022 RIP: 0010:osd_create+0x9cf/0xcf0 [osd_wbcfs]
00022  ? tgt_request_handle+0x23ad/0x3d30 [ptlrpc]
00022 Code: c7 c7 00 96 7b a1 48 c7 c6 a0 12 7d a1 48 c7 c2 00 1c 7d a1 e8 52 f1 43 ff 48 c7 c7 00 96 7b a1 e8 46 81 44 ff e9 fe fc ff ff <0f> 0b e9 a5 fa ff ff 48 c7 c1 80 44 5d a0 80 e1 07 80 c1 03 38 c1
00022 RSP: 0018:ffffc900012cf878 EFLAGS: 00010246
00022 RAX: 0000000000000000 RBX: ffff8881333e8c00 RCX: 0000000000000046
00022 Modules linked in: ofd(O)
00022 RDX: 0000000000000000 RSI: ffff888137bf3b90 RDI: ffff88802e59aaa8
00022 RBP: ffff888137bf3b00 R08: ffffffff83a16803 R09: 1ffffffff0742d00
00022 R10: dffffc0000000000 R11: fffffbfff0742d01 R12: ffff88811cfea030
00022 R13: dffffc0000000000 R14: 1ffff1102667d180 R15: 1ffff110239fd442
00022 FS:  0000000000000000(0000) GS:ffff8881d4b2a000(0000) knlGS:0000000000000000
00022 CS:  0010 DS: 0000 ES: 0000 CR0: 0000000080050033
00022 CR2: 00007f2e5b405780 CR3: 000000011d648000 CR4: 0000000000750eb0
00022 PKRU: 55555554
00022 RAX: 0000000000000000 RBX: ffff888119515c00 RCX: 0000000000000046
00022 Call Trace:
00022  <TASK>
00022  ? ofd_precreate_objects+0x1bd8/0x3220 [ofd]
00022  ? ofd_create_hdl+0x2015/0x3510 [ofd]
00022  osp(O) mdd(O)
00022  ? ptlrpc_main+0x6359/0x96f0 [ptlrpc]
00022 RDX: 0000000000000000 RSI: ffff888137bc9f30 RDI: ffff88802e5989e8
00022  lod(O) mdt(O)
00022  ? tgt_request_handle+0x23ad/0x3d30 [ptlrpc]
00022  ? __kthread_parkme+0x73/0x130
00022  ? kthread+0x2cd/0x3a0
00022 RBP: ffff888137bc9ea0 R08: ffffffff83a16803 R09: 1ffffffff0742d00
00022  lquota(O)
00022  ? ptlrpc_start_thread+0x1f10/0x1f10 [ptlrpc]
00022 R10: dffffc0000000000 R11: fffffbfff0742d01 R12: ffff88813faa3830
00022  ? ptlrpc_main+0x6359/0x96f0 [ptlrpc]
00022  ? kthread_unuse_mm+0x130/0x130
00022  ? ret_from_fork+0x18c/0x520
00022  ? kthread_unuse_mm+0x130/0x130
00022  ? ret_from_fork_asm+0x11/0x20
00022  </TASK>
00022 ---[ end trace 0000000000000000 ]---
00022  lfsck(O) mgs(O)
00022 ------------[ cut here ]------------
00022 WARNING: /home/ktest/git/linux/include/linux/fs.h:889 at osd_create+0x9cf/0xcf0 [osd_wbcfs], CPU#1: ll_ost00_004/1822
00022 Modules linked in: ofd(O) osp(O) mdd(O) lod(O) mdt(O) lquota(O) lfsck(O) mgs(O) osd_wbcfs(O) lustre(O) obdecho(O) mgc(O) mdc(O) lov(O) osc(O) lmv(O) ec(O) fid(O) fld(O) ptlrpc(O) efivarfs obdclass(O) ksocklnd(O) lnet(O) libcfs(O)
00022 CPU: 1 UID: 0 PID: 1822 Comm: ll_ost00_004 Tainted: G        W  O        7.0.0-ktest-908a7d5-6330a45-20260729-dirty #1 PREEMPT 
00022 Tainted: [W]=WARN, [O]=OOT_MODULE
00022 Hardware name: QEMU Standard PC (Q35 + ICH9, 2009), BIOS 2025.11-3ubuntu7 03/31/2026
00022 R13: dffffc0000000000 R14: 1ffff110232a2b80 R15: 1ffff11027f54742
00022 RIP: 0010:osd_create+0x9cf/0xcf0 [osd_wbcfs]
00022 Code: c7 c7 00 96 7b a1 48 c7 c6 a0 12 7d a1 48 c7 c2 00 1c 7d a1 e8 52 f1 43 ff 48 c7 c7 00 96 7b a1 e8 46 81 44 ff e9 fe fc ff ff <0f> 0b e9 a5 fa ff ff 48 c7 c1 80 44 5d a0 80 e1 07 80 c1 03 38 c1
00022 RSP: 0018:ffffc90001437878 EFLAGS: 00010246
00022 RAX: 0000000000000000 RBX: ffff888135083c00 RCX: 0000000000000046
00022 RDX: 0000000000000000 RSI: ffff888119aa1100 RDI: ffff88802f35aaa8
00022 RBP: ffff888119aa1070 R08: ffffffff83a16803 R09: 1ffffffff0742d00
00022 R10: dffffc0000000000 R11: fffffbfff0742d01 R12: ffff8881352ec830
00022 R13: dffffc0000000000 R14: 1ffff11026a10780 R15: 1ffff11026a5d942
00022 FS:  0000000000000000(0000) GS:ffff8881d4aaa000(0000) knlGS:0000000000000000
00022 CS:  0010 DS: 0000 ES: 0000 CR0: 0000000080050033
00022 CR2: 00007f7923316710 CR3: 000000011d648000 CR4: 0000000000750eb0
00022  osd_wbcfs(O)
00022 PKRU: 55555554
00022 Call Trace:
00022  <TASK>
00022  ? __kthread_parkme+0x73/0x130
00022  ? kthread+0x2cd/0x3a0
00022  ? ofd_precreate_objects+0x1bd8/0x3220 [ofd]
00022  ? ofd_create_hdl+0x2015/0x3510 [ofd]
00022 FS:  0000000000000000(0000) GS:ffff8881d4baa000(0000) knlGS:0000000000000000
00022  ? ptlrpc_start_thread+0x1f10/0x1f10 [ptlrpc]
00022  lustre(O)
00022  ? tgt_request_handle+0x23ad/0x3d30 [ptlrpc]
00022 CS:  0010 DS: 0000 ES: 0000 CR0: 0000000080050033
00022  ? kthread_unuse_mm+0x130/0x130
00022  obdecho(O)
00022  ? ret_from_fork+0x18c/0x520
00022  ? kthread_unuse_mm+0x130/0x130
00022  ? ret_from_fork_asm+0x11/0x20
00022  </TASK>
00022 ---[ end trace 0000000000000000 ]---
00022 CR2: 000055a56e404bd0 CR3: 000000011d648000 CR4: 0000000000750eb0
00022 ------------[ cut here ]------------
00022 WARNING: /home/ktest/git/linux/include/linux/fs.h:889 at osd_create+0x9cf/0xcf0 [osd_wbcfs], CPU#2: ll_ost00_001/1775
00022 Modules linked in: ofd(O) osp(O) mdd(O) lod(O) mdt(O) lquota(O) lfsck(O) mgs(O) osd_wbcfs(O) lustre(O) obdecho(O) mgc(O) mdc(O) lov(O) osc(O) lmv(O) ec(O) fid(O) fld(O) ptlrpc(O) efivarfs obdclass(O) ksocklnd(O) lnet(O) libcfs(O)
00022 CPU: 2 UID: 0 PID: 1775 Comm: ll_ost00_001 Tainted: G        W  O        7.0.0-ktest-908a7d5-6330a45-20260729-dirty #1 PREEMPT 
00022 Tainted: [W]=WARN, [O]=OOT_MODULE
00022 Hardware name: QEMU Standard PC (Q35 + ICH9, 2009), BIOS 2025.11-3ubuntu7 03/31/2026
00022 RIP: 0010:osd_create+0x9cf/0xcf0 [osd_wbcfs]
00022  ? ptlrpc_main+0x6359/0x96f0 [ptlrpc]
00022 Code: c7 c7 00 96 7b a1 48 c7 c6 a0 12 7d a1 48 c7 c2 00 1c 7d a1 e8 52 f1 43 ff 48 c7 c7 00 96 7b a1 e8 46 81 44 ff e9 fe fc ff ff <0f> 0b e9 a5 fa ff ff 48 c7 c1 80 44 5d a0 80 e1 07 80 c1 03 38 c1
00022 RSP: 0018:ffffc900012cf878 EFLAGS: 00010246
00022  mgc(O)
00022 RAX: 0000000000000000 RBX: ffff8881333e8800 RCX: 0000000000000046
00022 RDX: 0000000000000000 RSI: ffff888137bf3478 RDI: ffff88802e59aaa8
00022 RBP: ffff888137bf33e8 R08: ffffffff83a16803 R09: 1ffffffff0742d00
00022 R10: dffffc0000000000 R11: fffffbfff0742d01 R12: ffff88811cfea030
00022 R13: dffffc0000000000 R14: 1ffff1102667d100 R15: 1ffff110239fd442
00022 FS:  0000000000000000(0000) GS:ffff8881d4b2a000(0000) knlGS:0000000000000000
00022 CS:  0010 DS: 0000 ES: 0000 CR0: 0000000080050033
00022 CR2: 00007f2e5b405780 CR3: 000000011d648000 CR4: 0000000000750eb0
00022 PKRU: 55555554
00022 PKRU: 55555554
00022 Call Trace:
00022  <TASK>
00022  ? ofd_precreate_objects+0x1bd8/0x3220 [ofd]
00022  mdc(O) lov(O)
00022  ? __kthread_parkme+0x73/0x130
00022  ? kthread+0x2cd/0x3a0
00022  ? ofd_create_hdl+0x2015/0x3510 [ofd]
00022 Call Trace:
00022  osc(O)
00022  ? ptlrpc_start_thread+0x1f10/0x1f10 [ptlrpc]
00022  <TASK>
00022  ? tgt_request_handle+0x23ad/0x3d30 [ptlrpc]
00022  lmv(O)
00022  ? kthread_unuse_mm+0x130/0x130
00022  ? ret_from_fork+0x18c/0x520
00022  ? kthread_unuse_mm+0x130/0x130
00022  ? ret_from_fork_asm+0x11/0x20
00022  </TASK>
00022 ---[ end trace 0000000000000000 ]---
00022 ------------[ cut here ]------------
00022  ? ofd_precreate_objects+0x1bd8/0x3220 [ofd]
00022  ec(O)
00022 WARNING: /home/ktest/git/linux/include/linux/fs.h:889 at osd_create+0x9cf/0xcf0 [osd_wbcfs], CPU#1: ll_ost00_004/1822
00022  ? ofd_create_hdl+0x2015/0x3510 [ofd]
00022  fid(O)
00022 Modules linked in:
00022  fld(O)
00022  ofd(O)
00022  ? ptlrpc_main+0x6359/0x96f0 [ptlrpc]
00022  ptlrpc(O)
00022  ? tgt_request_handle+0x23ad/0x3d30 [ptlrpc]
00022  osp(O)
00022  efivarfs
00022  ? __kthread_parkme+0x73/0x130
00022  ? kthread+0x2cd/0x3a0
00022  mdd(O)
00022  obdclass(O)
00022  lod(O)
00022  ? ptlrpc_start_thread+0x1f10/0x1f10 [ptlrpc]
00022  ksocklnd(O)
00022  ? ptlrpc_main+0x6359/0x96f0 [ptlrpc]
00022  mdt(O)
00022  lnet(O)
00022  lquota(O)
00022  ? kthread_unuse_mm+0x130/0x130
00022  ? ret_from_fork+0x18c/0x520
00022  ? kthread_unuse_mm+0x130/0x130
00022  ? ret_from_fork_asm+0x11/0x20
00022  </TASK>
00022 ---[ end trace 0000000000000000 ]---
00022  libcfs(O)
00022  lfsck(O)
00022  ? __kthread_parkme+0x73/0x130
00022 ------------[ cut here ]------------
00022  ? kthread+0x2cd/0x3a0
00022 WARNING: /home/ktest/git/linux/include/linux/fs.h:889 at osd_create+0x9cf/0xcf0 [osd_wbcfs], CPU#2: ll_ost00_001/1775
00022 Modules linked in: ofd(O) osp(O) mdd(O) lod(O) mdt(O) lquota(O) lfsck(O) mgs(O) osd_wbcfs(O) lustre(O) obdecho(O) mgc(O) mdc(O) lov(O) osc(O) lmv(O) ec(O) fid(O) fld(O) ptlrpc(O) efivarfs obdclass(O) ksocklnd(O) lnet(O)
00022 
00022  libcfs(O)
00022 CPU: 2 UID: 0 PID: 1775 Comm: ll_ost00_001 Tainted: G        W  O        7.0.0-ktest-908a7d5-6330a45-20260729-dirty #1 PREEMPT 
00022 Tainted: [W]=WARN, [O]=OOT_MODULE
00022 Hardware name: QEMU Standard PC (Q35 + ICH9, 2009), BIOS 2025.11-3ubuntu7 03/31/2026
00022 RIP: 0010:osd_create+0x9cf/0xcf0 [osd_wbcfs]
00022  mgs(O)
00022 Code: c7 c7 00 96 7b a1 48 c7 c6 a0 12 7d a1 48 c7 c2 00 1c 7d a1 e8 52 f1 43 ff 48 c7 c7 00 96 7b a1 e8 46 81 44 ff e9 fe fc ff ff <0f> 0b e9 a5 fa ff ff 48 c7 c1 80 44 5d a0 80 e1 07 80 c1 03 38 c1
00022 RSP: 0018:ffffc900012cf878 EFLAGS: 00010246
00022 RAX: 0000000000000000 RBX: ffff888133407c00 RCX: 0000000000000046
00022 RDX: 0000000000000000 RSI: ffff888137bf2d60 RDI: ffff88802e59aaa8
00022 RBP: ffff888137bf2cd0 R08: ffffffff83a16803 R09: 1ffffffff0742d00
00022 R10: dffffc0000000000 R11: fffffbfff0742d01 R12: ffff88811cfea030
00022 R13: dffffc0000000000 R14: 1ffff11026680f80 R15: 1ffff110239fd442
00022 FS:  0000000000000000(0000) GS:ffff8881d4b2a000(0000) knlGS:0000000000000000
00022 CS:  0010 DS: 0000 ES: 0000 CR0: 0000000080050033
00022 CR2: 00007f2e5b405780 CR3: 000000011d648000 CR4: 0000000000750eb0
00022  ? ptlrpc_start_thread+0x1f10/0x1f10 [ptlrpc]
00022 PKRU: 55555554
00022 Call Trace:
00022  <TASK>
00022 CPU: 0 UID: 0 PID: 1774 Comm: ll_ost00_000 Tainted: G        W  O        7.0.0-ktest-908a7d5-6330a45-20260729-dirty #1 PREEMPT 
00022  ? ofd_precreate_objects+0x1bd8/0x3220 [ofd]
00022  osd_wbcfs(O)
00022  ? ofd_create_hdl+0x2015/0x3510 [ofd]
00022 Tainted: [W]=WARN, [O]=OOT_MODULE
00022  lustre(O)
00022  ? kthread_unuse_mm+0x130/0x130
00022  ? ret_from_fork+0x18c/0x520
00022  ? kthread_unuse_mm+0x130/0x130
00022  ? ret_from_fork_asm+0x11/0x20
00022  </TASK>
00022 ---[ end trace 0000000000000000 ]---
00022 ------------[ cut here ]------------
00022 WARNING: /home/ktest/git/linux/include/linux/fs.h:889 at osd_create+0x9cf/0xcf0 [osd_wbcfs], CPU#3: ll_ost00_002/1776
00022 Modules linked in: ofd(O) osp(O) mdd(O) lod(O) mdt(O)
00022 Hardware name: QEMU Standard PC (Q35 + ICH9, 2009), BIOS 2025.11-3ubuntu7 03/31/2026
00022  lquota(O)
00022 RIP: 0010:osd_create+0x9cf/0xcf0 [osd_wbcfs]
00022 Code: c7 c7 00 96 7b a1 48 c7 c6 a0 12 7d a1 48 c7 c2 00 1c 7d a1 e8 52 f1 43 ff 48 c7 c7 00 96 7b a1 e8 46 81 44 ff e9 fe fc ff ff <0f> 0b e9 a5 fa ff ff 48 c7 c1 80 44 5d a0 80 e1 07 80 c1 03 38 c1
00022 RSP: 0018:ffffc90001737878 EFLAGS: 00010246
00022 RAX: 0000000000000000 RBX: ffff888119c54c00 RCX: 0000000000000046
00022 RDX: 0000000000000000 RSI: ffff8881333bc9c0 RDI: ffff88802e59cb68
00022 RBP: ffff8881333bc930 R08: ffffffff83a16803 R09: 1ffffffff0742d00
00022 R10: dffffc0000000000 R11: fffffbfff0742d01 R12: ffff88813faa4030
00022  obdecho(O)
00022 R13: dffffc0000000000 R14: 1ffff1102338a980 R15: 1ffff11027f54842
00022 FS:  0000000000000000(0000) GS:ffff8881d4a2a000(0000) knlGS:0000000000000000
00022 CS:  0010 DS: 0000 ES: 0000 CR0: 0000000080050033
00022 CR2: 00007f48474056f0 CR3: 000000011d648000 CR4: 0000000000750eb0
00022 PKRU: 55555554
00022 Call Trace:
00022  <TASK>
00022  ? ofd_precreate_objects+0x1bd8/0x3220 [ofd]
00022  ? tgt_request_handle+0x23ad/0x3d30 [ptlrpc]
00022  lfsck(O)
00022  ? ofd_create_hdl+0x2015/0x3510 [ofd]
00022  ? tgt_request_handle+0x23ad/0x3d30 [ptlrpc]
00022  mgc(O) mdc(O)
00022  mgs(O)
00022  ? ptlrpc_main+0x6359/0x96f0 [ptlrpc]
00022  lov(O) osc(O)
00022  osd_wbcfs(O)
00022  ? ptlrpc_main+0x6359/0x96f0 [ptlrpc]
00022  ? __kthread_parkme+0x73/0x130
00022  ? kthread+0x2cd/0x3a0
00022  lmv(O) ec(O)
00022  ? __kthread_parkme+0x73/0x130
00022  ? kthread+0x2cd/0x3a0
00022  ? ptlrpc_start_thread+0x1f10/0x1f10 [ptlrpc]
00022  lustre(O)
00022  fid(O) fld(O)
00022  ? ptlrpc_start_thread+0x1f10/0x1f10 [ptlrpc]
00022  ? kthread_unuse_mm+0x130/0x130
00022  ? ret_from_fork+0x18c/0x520
00022  ? kthread_unuse_mm+0x130/0x130
00022  ? ret_from_fork_asm+0x11/0x20
00022  </TASK>
00022 ---[ end trace 0000000000000000 ]---
00022 ------------[ cut here ]------------
00022 WARNING: /home/ktest/git/linux/include/linux/fs.h:889 at osd_create+0x9cf/0xcf0 [osd_wbcfs], CPU#2: ll_ost00_001/1775
00022  ? kthread_unuse_mm+0x130/0x130
00022 Modules linked in: ofd(O) osp(O) mdd(O) lod(O)
00022  ? ret_from_fork+0x18c/0x520
00022  mdt(O) lquota(O) lfsck(O)
00022  ? kthread_unuse_mm+0x130/0x130
00022  mgs(O) osd_wbcfs(O) lustre(O)
00022  ? ret_from_fork_asm+0x11/0x20
00022  obdecho(O)
00022  </TASK>
00022 ---[ end trace 0000000000000000 ]---
00022  mgc(O) mdc(O) lov(O) osc(O) lmv(O) ec(O) fid(O) fld(O) ptlrpc(O) efivarfs obdclass(O) ksocklnd(O) lnet(O)
00022 ------------[ cut here ]------------
00022  obdecho(O)
00022  libcfs(O)
00022 WARNING: /home/ktest/git/linux/include/linux/fs.h:889 at osd_create+0x9cf/0xcf0 [osd_wbcfs], CPU#0: ll_ost00_000/1774
00022 
00022 CPU: 2 UID: 0 PID: 1775 Comm: ll_ost00_001 Tainted: G        W  O        7.0.0-ktest-908a7d5-6330a45-20260729-dirty #1 PREEMPT 
00022 Tainted: [W]=WARN, [O]=OOT_MODULE
00022 Hardware name: QEMU Standard PC (Q35 + ICH9, 2009), BIOS 2025.11-3ubuntu7 03/31/2026
00022 Modules linked in: ofd(O) osp(O) mdd(O) lod(O)
00022 RIP: 0010:osd_create+0x9cf/0xcf0 [osd_wbcfs]
00022  mdt(O) lquota(O)
00022  lfsck(O) mgs(O) osd_wbcfs(O) lustre(O) obdecho(O) mgc(O) mdc(O) lov(O) osc(O) lmv(O) ec(O) fid(O) fld(O) ptlrpc(O) efivarfs obdclass(O) ksocklnd(O) lnet(O) libcfs(O)
00022 CPU: 0 UID: 0 PID: 1774 Comm: ll_ost00_000 Tainted: G        W  O        7.0.0-ktest-908a7d5-6330a45-20260729-dirty #1 PREEMPT 
00022 Code: c7 c7 00 96 7b a1 48 c7 c6 a0 12 7d a1 48 c7 c2 00 1c 7d a1 e8 52 f1 43 ff 48 c7 c7 00 96 7b a1 e8 46 81 44 ff e9 fe fc ff ff <0f> 0b e9 a5 fa ff ff 48 c7 c1 80 44 5d a0 80 e1 07 80 c1 03 38 c1
00022 Tainted: [W]=WARN, [O]=OOT_MODULE
00022 RSP: 0018:ffffc900012cf878 EFLAGS: 00010246
00022 Hardware name: QEMU Standard PC (Q35 + ICH9, 2009), BIOS 2025.11-3ubuntu7 03/31/2026
00022 
00022 RIP: 0010:osd_create+0x9cf/0xcf0 [osd_wbcfs]
00022 Code: c7 c7 00 96 7b a1 48 c7 c6 a0 12 7d a1 48 c7 c2 00 1c 7d a1 e8 52 f1 43 ff 48 c7 c7 00 96 7b a1 e8 46 81 44 ff e9 fe fc ff ff <0f> 0b e9 a5 fa ff ff 48 c7 c1 80 44 5d a0 80 e1 07 80 c1 03 38 c1
00022 RAX: 0000000000000000 RBX: ffff888133407800 RCX: 0000000000000046
00022 RSP: 0018:ffffc90001737878 EFLAGS: 00010246
00022 RDX: 0000000000000000 RSI: ffff888137bcfb68 RDI: ffff88802e59aaa8
00022 
00022 RBP: ffff888137bcfad8 R08: ffffffff83a16803 R09: 1ffffffff0742d00
00022 RAX: 0000000000000000 RBX: ffff888104dff800 RCX: 0000000000000046
00022 R10: dffffc0000000000 R11: fffffbfff0742d01 R12: ffff88811cfea030
00022 RDX: 0000000000000000 RSI: ffff8881333bc2a8 RDI: ffff88802e59cb68
00022 R13: dffffc0000000000 R14: 1ffff11026680f00 R15: 1ffff110239fd442
00022 RBP: ffff8881333bc218 R08: ffffffff83a16803 R09: 1ffffffff0742d00
00022 R10: dffffc0000000000 R11: fffffbfff0742d01 R12: ffff88813faa4030
00022 FS:  0000000000000000(0000) GS:ffff8881d4b2a000(0000) knlGS:0000000000000000
00022 R13: dffffc0000000000 R14: 1ffff110209bff00 R15: 1ffff11027f54842
00022 FS:  0000000000000000(0000) GS:ffff8881d4a2a000(0000) knlGS:0000000000000000
00022 CS:  0010 DS: 0000 ES: 0000 CR0: 0000000080050033
00022 CR2: 00007f48474056f0 CR3: 000000011d648000 CR4: 0000000000750eb0
00022 PKRU: 55555554
00022 Call Trace:
00022  <TASK>
00022 CS:  0010 DS: 0000 ES: 0000 CR0: 0000000080050033
00022 CR2: 00007f2e5b405780 CR3: 000000011d648000 CR4: 0000000000750eb0
00022 PKRU: 55555554
00022 Call Trace:
00022  <TASK>
00022  ? ofd_precreate_objects+0x1bd8/0x3220 [ofd]
00022  ? ofd_precreate_objects+0x1bd8/0x3220 [ofd]
00022  ? ofd_create_hdl+0x2015/0x3510 [ofd]
00022  ? ofd_create_hdl+0x2015/0x3510 [ofd]
00022  ? tgt_request_handle+0x23ad/0x3d30 [ptlrpc]
00022  ptlrpc(O) efivarfs
00022  ? tgt_request_handle+0x23ad/0x3d30 [ptlrpc]
00022  mgc(O)
00022  obdclass(O)
00022  mdc(O)
00022  ksocklnd(O)
00022  lov(O)
00022  ? ptlrpc_main+0x6359/0x96f0 [ptlrpc]
00022  lnet(O)
00022  ? ptlrpc_main+0x6359/0x96f0 [ptlrpc]
00022  osc(O)
00022  ? __kthread_parkme+0x73/0x130
00022  ? kthread+0x2cd/0x3a0
00022  libcfs(O)
00022  ? __kthread_parkme+0x73/0x130
00022  ? kthread+0x2cd/0x3a0
00022  ? ptlrpc_start_thread+0x1f10/0x1f10 [ptlrpc]
00022  lmv(O)
00022 CPU: 1 UID: 0 PID: 1822 Comm: ll_ost00_004 Tainted: G        W  O        7.0.0-ktest-908a7d5-6330a45-20260729-dirty #1 PREEMPT 
00022  ? ptlrpc_start_thread+0x1f10/0x1f10 [ptlrpc]
00022  ? kthread_unuse_mm+0x130/0x130
00022  ? ret_from_fork+0x18c/0x520
00022  ? kthread_unuse_mm+0x130/0x130
00022  ? ret_from_fork_asm+0x11/0x20
00022  </TASK>
00022 ---[ end trace 0000000000000000 ]---
00022 ------------[ cut here ]------------
00022 WARNING: /home/ktest/git/linux/include/linux/fs.h:889 at osd_create+0x9cf/0xcf0 [osd_wbcfs], CPU#0: ll_ost00_000/1774
00022 Modules linked in: ofd(O) osp(O) mdd(O) lod(O) mdt(O) lquota(O) lfsck(O) mgs(O) osd_wbcfs(O) lustre(O) obdecho(O) mgc(O) mdc(O) lov(O) osc(O) lmv(O) ec(O) fid(O) fld(O) ptlrpc(O) efivarfs obdclass(O) ksocklnd(O) lnet(O) libcfs(O)
00022 CPU: 0 UID: 0 PID: 1774 Comm: ll_ost00_000 Tainted: G        W  O        7.0.0-ktest-908a7d5-6330a45-20260729-dirty #1 PREEMPT 
00022 Tainted: [W]=WARN, [O]=OOT_MODULE
00022 Hardware name: QEMU Standard PC (Q35 + ICH9, 2009), BIOS 2025.11-3ubuntu7 03/31/2026
00022 RIP: 0010:osd_create+0x9cf/0xcf0 [osd_wbcfs]
00022 Code: c7 c7 00 96 7b a1 48 c7 c6 a0 12 7d a1 48 c7 c2 00 1c 7d a1 e8 52 f1 43 ff 48 c7 c7 00 96 7b a1 e8 46 81 44 ff e9 fe fc ff ff <0f> 0b e9 a5 fa ff ff 48 c7 c1 80 44 5d a0 80 e1 07 80 c1 03 38 c1
00022 RSP: 0018:ffffc90001737878 EFLAGS: 00010246
00022 RAX: 0000000000000000 RBX: ffff888104dfc400 RCX: 0000000000000046
00022 RDX: 0000000000000000 RSI: ffff8881333bbb90 RDI: ffff88802e59cb68
00022 RBP: ffff8881333bbb00 R08: ffffffff83a16803 R09: 1ffffffff0742d00
00022 R10: dffffc0000000000 R11: fffffbfff0742d01 R12: ffff88813faa4030
00022 R13: dffffc0000000000 R14: 1ffff110209bf880 R15: 1ffff11027f54842
00022 FS:  0000000000000000(0000) GS:ffff8881d4a2a000(0000) knlGS:0000000000000000
00022  ec(O)
00022 CS:  0010 DS: 0000 ES: 0000 CR0: 0000000080050033
00022 CR2: 00007f48474056f0 CR3: 000000011d648000 CR4: 0000000000750eb0
00022 PKRU: 55555554
00022 Call Trace:
00022  <TASK>
00022  ? kthread_unuse_mm+0x130/0x130
00022 Tainted: [W]=WARN, [O]=OOT_MODULE
00022  ? ofd_precreate_objects+0x1bd8/0x3220 [ofd]
00022  ? ret_from_fork+0x18c/0x520
00022  ? kthread_unuse_mm+0x130/0x130
00022  ? ret_from_fork_asm+0x11/0x20
00022  </TASK>
00022 ---[ end trace 0000000000000000 ]---
00022  ? ofd_create_hdl+0x2015/0x3510 [ofd]
00022 ------------[ cut here ]------------
00022 WARNING: /home/ktest/git/linux/include/linux/fs.h:889 at osd_create+0x9cf/0xcf0 [osd_wbcfs], CPU#2: ll_ost00_001/1775
00022 Modules linked in: ofd(O) osp(O) mdd(O) lod(O) mdt(O) lquota(O) lfsck(O) mgs(O)
00022  fid(O)
00022  osd_wbcfs(O) lustre(O) obdecho(O) mgc(O) mdc(O) lov(O) osc(O) lmv(O) ec(O) fid(O) fld(O) ptlrpc(O) efivarfs obdclass(O) ksocklnd(O) lnet(O) libcfs(O)
00022 Hardware name: QEMU Standard PC (Q35 + ICH9, 2009), BIOS 2025.11-3ubuntu7 03/31/2026
00022 CPU: 2 UID: 0 PID: 1775 Comm: ll_ost00_001 Tainted: G        W  O        7.0.0-ktest-908a7d5-6330a45-20260729-dirty #1 PREEMPT 
00022 Tainted: [W]=WARN, [O]=OOT_MODULE
00022 Hardware name: QEMU Standard PC (Q35 + ICH9, 2009), BIOS 2025.11-3ubuntu7 03/31/2026
00022 RIP: 0010:osd_create+0x9cf/0xcf0 [osd_wbcfs]
00022 Code: c7 c7 00 96 7b a1 48 c7 c6 a0 12 7d a1 48 c7 c2 00 1c 7d a1 e8 52 f1 43 ff 48 c7 c7 00 96 7b a1 e8 46 81 44 ff e9 fe fc ff ff <0f> 0b e9 a5 fa ff ff 48 c7 c1 80 44 5d a0 80 e1 07 80 c1 03 38 c1
00022 RSP: 0018:ffffc900012cf878 EFLAGS: 00010246
00022 RAX: 0000000000000000 RBX: ffff888133407000 RCX: 0000000000000046
00022  ? tgt_request_handle+0x23ad/0x3d30 [ptlrpc]
00022 RDX: 0000000000000000 RSI: ffff888137bcf450 RDI: ffff88802e59aaa8
00022 RBP: ffff888137bcf3c0 R08: ffffffff83a16803 R09: 1ffffffff0742d00
00022 R10: dffffc0000000000 R11: fffffbfff0742d01 R12: ffff88811cfea030
00022 R13: dffffc0000000000 R14: 1ffff11026680e00 R15: 1ffff110239fd442
00022 FS:  0000000000000000(0000) GS:ffff8881d4b2a000(0000) knlGS:0000000000000000
00022 CS:  0010 DS: 0000 ES: 0000 CR0: 0000000080050033
00022 CR2: 00007f2e5b405780 CR3: 000000011d648000 CR4: 0000000000750eb0
00022 PKRU: 55555554
00022 Call Trace:
00022  <TASK>
00022  ? ofd_precreate_objects+0x1bd8/0x3220 [ofd]
00022  fld(O)
00022 RIP: 0010:osd_create+0x9cf/0xcf0 [osd_wbcfs]
00022  ? ofd_create_hdl+0x2015/0x3510 [ofd]
00022  ptlrpc(O)
00022 Code: c7 c7 00 96 7b a1 48 c7 c6 a0 12 7d a1 48 c7 c2 00 1c 7d a1 e8 52 f1 43 ff 48 c7 c7 00 96 7b a1 e8 46 81 44 ff e9 fe fc ff ff <0f> 0b e9 a5 fa ff ff 48 c7 c1 80 44 5d a0 80 e1 07 80 c1 03 38 c1
00022  ? ptlrpc_main+0x6359/0x96f0 [ptlrpc]
00022  ? tgt_request_handle+0x23ad/0x3d30 [ptlrpc]
00022  efivarfs
00022  ? __kthread_parkme+0x73/0x130
00022  ? kthread+0x2cd/0x3a0
00022 RSP: 0018:ffffc90001437878 EFLAGS: 00010246
00022  obdclass(O)
00022 RAX: 0000000000000000 RBX: ffff888133cc3400 RCX: 0000000000000046
00022  ksocklnd(O)
00022  ? ptlrpc_start_thread+0x1f10/0x1f10 [ptlrpc]
00022 RDX: 0000000000000000 RSI: ffff888119aa09e8 RDI: ffff88802f35aaa8
00022  ? ptlrpc_main+0x6359/0x96f0 [ptlrpc]
00022  lnet(O)
00022 RBP: ffff888119aa0958 R08: ffffffff83a16803 R09: 1ffffffff0742d00
00022  ? kthread_unuse_mm+0x130/0x130
00022  ? ret_from_fork+0x18c/0x520
00022  ? kthread_unuse_mm+0x130/0x130
00022  ? ret_from_fork_asm+0x11/0x20
00022  libcfs(O)
00022 CPU: 3 UID: 0 PID: 1776 Comm: ll_ost00_002 Tainted: G        W  O        7.0.0-ktest-908a7d5-6330a45-20260729-dirty #1 PREEMPT 
00022 Tainted: [W]=WARN, [O]=OOT_MODULE
00022 Hardware name: QEMU Standard PC (Q35 + ICH9, 2009), BIOS 2025.11-3ubuntu7 03/31/2026
00022 RIP: 0010:osd_create+0x9cf/0xcf0 [osd_wbcfs]
00022 Code: c7 c7 00 96 7b a1 48 c7 c6 a0 12 7d a1 48 c7 c2 00 1c 7d a1 e8 52 f1 43 ff 48 c7 c7 00 96 7b a1 e8 46 81 44 ff e9 fe fc ff ff <0f> 0b e9 a5 fa ff ff 48 c7 c1 80 44 5d a0 80 e1 07 80 c1 03 38 c1
00022 RSP: 0018:ffffc900011b7878 EFLAGS: 00010246
00022 RAX: 0000000000000000 RBX: ffff888119514c00 RCX: 0000000000000046
00022 RDX: 0000000000000000 RSI: ffff888137bc9818 RDI: ffff88802e5989e8
00022 RBP: ffff888137bc9788 R08: ffffffff83a16803 R09: 1ffffffff0742d00
00022 R10: dffffc0000000000 R11: fffffbfff0742d01 R12: ffff88813faa3830
00022 R13: dffffc0000000000 R14: 1ffff110232a2980 R15: 1ffff11027f54742
00022 FS:  0000000000000000(0000) GS:ffff8881d4baa000(0000) knlGS:0000000000000000
00022 CS:  0010 DS: 0000 ES: 0000 CR0: 0000000080050033
00022 CR2: 000055a56e404bd0 CR3: 000000011d648000 CR4: 0000000000750eb0
00022 PKRU: 55555554
00022 Call Trace:
00022  <TASK>
00022  ? __kthread_parkme+0x73/0x130
00022  ? kthread+0x2cd/0x3a0
00022  ? ofd_precreate_objects+0x1bd8/0x3220 [ofd]
00022  ? ofd_create_hdl+0x2015/0x3510 [ofd]
00022 R10: dffffc0000000000 R11: fffffbfff0742d01 R12: ffff8881352ec830
00022  ? ptlrpc_start_thread+0x1f10/0x1f10 [ptlrpc]
00022  </TASK>
00022  ? tgt_request_handle+0x23ad/0x3d30 [ptlrpc]
00022 R13: dffffc0000000000 R14: 1ffff11026798680 R15: 1ffff11026a5d942
00022  ? kthread_unuse_mm+0x130/0x130
00022  ? ret_from_fork+0x18c/0x520
00022  ? kthread_unuse_mm+0x130/0x130
00022  ? ret_from_fork_asm+0x11/0x20
00022  </TASK>
00022 ---[ end trace 0000000000000000 ]---
00022 ------------[ cut here ]------------
00022 WARNING: /home/ktest/git/linux/include/linux/fs.h:889 at osd_create+0x9cf/0xcf0 [osd_wbcfs], CPU#2: ll_ost00_001/1775
00022 Modules linked in: ofd(O) osp(O) mdd(O) lod(O) mdt(O) lquota(O) lfsck(O) mgs(O) osd_wbcfs(O) lustre(O) obdecho(O) mgc(O) mdc(O) lov(O) osc(O) lmv(O) ec(O) fid(O) fld(O) ptlrpc(O) efivarfs obdclass(O) ksocklnd(O) lnet(O) libcfs(O)
00022 CPU: 2 UID: 0 PID: 1775 Comm: ll_ost00_001 Tainted: G        W  O        7.0.0-ktest-908a7d5-6330a45-20260729-dirty #1 PREEMPT 
00022 ---[ end trace 0000000000000000 ]---
00022 Tainted: [W]=WARN, [O]=OOT_MODULE
00022 Hardware name: QEMU Standard PC (Q35 + ICH9, 2009), BIOS 2025.11-3ubuntu7 03/31/2026
00022 RIP: 0010:osd_create+0x9cf/0xcf0 [osd_wbcfs]
00022 Code: c7 c7 00 96 7b a1 48 c7 c6 a0 12 7d a1 48 c7 c2 00 1c 7d a1 e8 52 f1 43 ff 48 c7 c7 00 96 7b a1 e8 46 81 44 ff e9 fe fc ff ff <0f> 0b e9 a5 fa ff ff 48 c7 c1 80 44 5d a0 80 e1 07 80 c1 03 38 c1
00022 RSP: 0018:ffffc900012cf878 EFLAGS: 00010246
00022 RAX: 0000000000000000 RBX: ffff888133405c00 RCX: 0000000000000046
00022 RDX: 0000000000000000 RSI: ffff888137bced38 RDI: ffff88802e59aaa8
00022 RBP: ffff888137bceca8 R08: ffffffff83a16803 R09: 1ffffffff0742d00
00022 R10: dffffc0000000000 R11: fffffbfff0742d01 R12: ffff88811cfea030
00022 R13: dffffc0000000000 R14: 1ffff11026680b80 R15: 1ffff110239fd442
00022 FS:  0000000000000000(0000) GS:ffff8881d4b2a000(0000) knlGS:0000000000000000
00022 CS:  0010 DS: 0000 ES: 0000 CR0: 0000000080050033
00022 CR2: 00007f2e5b405780 CR3: 000000011d648000 CR4: 0000000000750eb0
00022 PKRU: 55555554
00022 Call Trace:
00022  <TASK>
00022  ? ptlrpc_main+0x6359/0x96f0 [ptlrpc]
00022  ? ofd_precreate_objects+0x1bd8/0x3220 [ofd]
00022  ? ofd_create_hdl+0x2015/0x3510 [ofd]
00022 FS:  0000000000000000(0000) GS:ffff8881d4aaa000(0000) knlGS:0000000000000000
00022  ? __kthread_parkme+0x73/0x130
00022  ? kthread+0x2cd/0x3a0
00022 ------------[ cut here ]------------
00022 CS:  0010 DS: 0000 ES: 0000 CR0: 0000000080050033
00022  ? tgt_request_handle+0x23ad/0x3d30 [ptlrpc]
00022  ? ptlrpc_start_thread+0x1f10/0x1f10 [ptlrpc]
00022 WARNING: /home/ktest/git/linux/include/linux/fs.h:889 at osd_create+0x9cf/0xcf0 [osd_wbcfs], CPU#0: ll_ost00_000/1774
00022  ? kthread_unuse_mm+0x130/0x130
00022  ? ret_from_fork+0x18c/0x520
00022  ? kthread_unuse_mm+0x130/0x130
00022  ? ret_from_fork_asm+0x11/0x20
00022  </TASK>
00022 ---[ end trace 0000000000000000 ]---
00022 CR2: 00007f7923316710 CR3: 000000011d648000 CR4: 0000000000750eb0
00022 ------------[ cut here ]------------
00022 WARNING: /home/ktest/git/linux/include/linux/fs.h:889 at osd_create+0x9cf/0xcf0 [osd_wbcfs], CPU#3: ll_ost00_002/1776
00022 Modules linked in: ofd(O) osp(O) mdd(O) lod(O) mdt(O) lquota(O) lfsck(O) mgs(O) osd_wbcfs(O)
00022  ? ptlrpc_main+0x6359/0x96f0 [ptlrpc]
00022  lustre(O) obdecho(O) mgc(O) mdc(O) lov(O) osc(O) lmv(O)
00022 Modules linked in: ofd(O) osp(O) mdd(O) lod(O) mdt(O) lquota(O) lfsck(O) mgs(O) osd_wbcfs(O) lustre(O) obdecho(O) mgc(O) mdc(O) lov(O) osc(O) lmv(O) ec(O) fid(O) fld(O) ptlrpc(O) efivarfs obdclass(O) ksocklnd(O) lnet(O) libcfs(O)
00022 PKRU: 55555554
00022 Call Trace:
00022  <TASK>
00022  ? ofd_precreate_objects+0x1bd8/0x3220 [ofd]
00022  ? ofd_create_hdl+0x2015/0x3510 [ofd]
00022  ? tgt_request_handle+0x23ad/0x3d30 [ptlrpc]
00022  ? __kthread_parkme+0x73/0x130
00022  ? kthread+0x2cd/0x3a0
00022  ec(O)
00022 CPU: 0 UID: 0 PID: 1774 Comm: ll_ost00_000 Tainted: G        W  O        7.0.0-ktest-908a7d5-6330a45-20260729-dirty #1 PREEMPT 
00022  ? ptlrpc_start_thread+0x1f10/0x1f10 [ptlrpc]
00022  ? ptlrpc_main+0x6359/0x96f0 [ptlrpc]
00022  fid(O)
00022  ? kthread_unuse_mm+0x130/0x130
00022  ? ret_from_fork+0x18c/0x520
00022  ? kthread_unuse_mm+0x130/0x130
00022  ? ret_from_fork_asm+0x11/0x20
00022  </TASK>
00022 ---[ end trace 0000000000000000 ]---
00022  ? __kthread_parkme+0x73/0x130
00022  ? kthread+0x2cd/0x3a0
00022 Tainted: [W]=WARN, [O]=OOT_MODULE
00022 ------------[ cut here ]------------
00022 WARNING: /home/ktest/git/linux/include/linux/fs.h:889 at osd_create+0x9cf/0xcf0 [osd_wbcfs], CPU#2: ll_ost00_001/1775
00022 Modules linked in: ofd(O) osp(O) mdd(O) lod(O)
00022  ? ptlrpc_start_thread+0x1f10/0x1f10 [ptlrpc]
00022  mdt(O) lquota(O) lfsck(O) mgs(O) osd_wbcfs(O) lustre(O) obdecho(O) mgc(O) mdc(O) lov(O) osc(O) lmv(O) ec(O)
00022  fld(O) ptlrpc(O) efivarfs obdclass(O) ksocklnd(O) lnet(O) libcfs(O)
00022 CPU: 3 UID: 0 PID: 1776 Comm: ll_ost00_002 Tainted: G        W  O        7.0.0-ktest-908a7d5-6330a45-20260729-dirty #1 PREEMPT 
00022 Tainted: [W]=WARN, [O]=OOT_MODULE
00022 Hardware name: QEMU Standard PC (Q35 + ICH9, 2009), BIOS 2025.11-3ubuntu7 03/31/2026
00022 RIP: 0010:osd_create+0x9cf/0xcf0 [osd_wbcfs]
00022 Code: c7 c7 00 96 7b a1 48 c7 c6 a0 12 7d a1 48 c7 c2 00 1c 7d a1 e8 52 f1 43 ff 48 c7 c7 00 96 7b a1 e8 46 81 44 ff e9 fe fc ff ff <0f> 0b e9 a5 fa ff ff 48 c7 c1 80 44 5d a0 80 e1 07 80 c1 03 38 c1
00022 RSP: 0018:ffffc900011b7878 EFLAGS: 00010246
00022 RAX: 0000000000000000 RBX: ffff888119515400 RCX: 0000000000000046
00022 RDX: 0000000000000000 RSI: ffff888137bc9100 RDI: ffff88802e5989e8
00022 RBP: ffff888137bc9070 R08: ffffffff83a16803 R09: 1ffffffff0742d00
00022 R10: dffffc0000000000 R11: fffffbfff0742d01 R12: ffff88813faa3830
00022 R13: dffffc0000000000 R14: 1ffff110232a2a80 R15: 1ffff11027f54742
00022 FS:  0000000000000000(0000) GS:ffff8881d4baa000(0000) knlGS:0000000000000000
00022 CS:  0010 DS: 0000 ES: 0000 CR0: 0000000080050033
00022 CR2: 000055a56e404bd0 CR3: 000000011d648000 CR4: 0000000000750eb0
00022 PKRU: 55555554
00022 Call Trace:
00022  <TASK>
00022  ? ofd_precreate_objects+0x1bd8/0x3220 [ofd]
00022  ? kthread_unuse_mm+0x130/0x130
00022  ? ret_from_fork+0x18c/0x520
00022  ? kthread_unuse_mm+0x130/0x130
00022  ? ret_from_fork_asm+0x11/0x20
00022 Hardware name: QEMU Standard PC (Q35 + ICH9, 2009), BIOS 2025.11-3ubuntu7 03/31/2026
00022  </TASK>
00022 ---[ end trace 0000000000000000 ]---
00022  ? ofd_create_hdl+0x2015/0x3510 [ofd]
00022 RIP: 0010:osd_create+0x9cf/0xcf0 [osd_wbcfs]
00022 ------------[ cut here ]------------
00022 WARNING: /home/ktest/git/linux/include/linux/fs.h:889 at osd_create+0x9cf/0xcf0 [osd_wbcfs], CPU#1: ll_ost00_004/1822
00022 Modules linked in: ofd(O) osp(O) mdd(O) lod(O) mdt(O) lquota(O) lfsck(O) mgs(O) osd_wbcfs(O) lustre(O) obdecho(O) mgc(O) mdc(O) lov(O) osc(O) lmv(O) ec(O) fid(O) fld(O) ptlrpc(O) efivarfs obdclass(O) ksocklnd(O) lnet(O) libcfs(O)
00022 CPU: 1 UID: 0 PID: 1822 Comm: ll_ost00_004 Tainted: G        W  O        7.0.0-ktest-908a7d5-6330a45-20260729-dirty #1 PREEMPT 
00022 Tainted: [W]=WARN, [O]=OOT_MODULE
00022 Hardware name: QEMU Standard PC (Q35 + ICH9, 2009), BIOS 2025.11-3ubuntu7 03/31/2026
00022 RIP: 0010:osd_create+0x9cf/0xcf0 [osd_wbcfs]
00022 Code: c7 c7 00 96 7b a1 48 c7 c6 a0 12 7d a1 48 c7 c2 00 1c 7d a1 e8 52 f1 43 ff 48 c7 c7 00 96 7b a1 e8 46 81 44 ff e9 fe fc ff ff <0f> 0b e9 a5 fa ff ff 48 c7 c1 80 44 5d a0 80 e1 07 80 c1 03 38 c1
00022 RSP: 0018:ffffc90001437878 EFLAGS: 00010246
00022 RAX: 0000000000000000 RBX: ffff888133cc3800 RCX: 0000000000000046
00022 RDX: 0000000000000000 RSI: ffff888119aa02d0 RDI: ffff88802f35aaa8
00022 RBP: ffff888119aa0240 R08: ffffffff83a16803 R09: 1ffffffff0742d00
00022 R10: dffffc0000000000 R11: fffffbfff0742d01 R12: ffff8881352ec830
00022 R13: dffffc0000000000 R14: 1ffff11026798700 R15: 1ffff11026a5d942
00022 FS:  0000000000000000(0000) GS:ffff8881d4aaa000(0000) knlGS:0000000000000000
00022 CS:  0010 DS: 0000 ES: 0000 CR0: 0000000080050033
00022 CR2: 00007f7923316710 CR3: 000000011d648000 CR4: 0000000000750eb0
00022 PKRU: 55555554
00022 Call Trace:
00022  <TASK>
00022  ? ofd_precreate_objects+0x1bd8/0x3220 [ofd]
00022  fid(O) fld(O) ptlrpc(O) efivarfs obdclass(O) ksocklnd(O) lnet(O) libcfs(O)
00022 CPU: 2 UID: 0 PID: 1775 Comm: ll_ost00_001 Tainted: G        W  O        7.0.0-ktest-908a7d5-6330a45-20260729-dirty #1 PREEMPT 
00022 Tainted: [W]=WARN, [O]=OOT_MODULE
00022 Hardware name: QEMU Standard PC (Q35 + ICH9, 2009), BIOS 2025.11-3ubuntu7 03/31/2026
00022  ? tgt_request_handle+0x23ad/0x3d30 [ptlrpc]
00022 RIP: 0010:osd_create+0x9cf/0xcf0 [osd_wbcfs]
00022 Code: c7 c7 00 96 7b a1 48 c7 c6 a0 12 7d a1 48 c7 c2 00 1c 7d a1 e8 52 f1 43 ff 48 c7 c7 00 96 7b a1 e8 46 81 44 ff e9 fe fc ff ff <0f> 0b e9 a5 fa ff ff 48 c7 c1 80 44 5d a0 80 e1 07 80 c1 03 38 c1
00022 RSP: 0018:ffffc900012cf878 EFLAGS: 00010246
00022 RAX: 0000000000000000 RBX: ffff888133405800 RCX: 0000000000000046
00022 RDX: 0000000000000000 RSI: ffff888137bce620 RDI: ffff88802e59aaa8
00022 RBP: ffff888137bce590 R08: ffffffff83a16803 R09: 1ffffffff0742d00
00022 R10: dffffc0000000000 R11: fffffbfff0742d01 R12: ffff88811cfea030
00022 R13: dffffc0000000000 R14: 1ffff11026680b00 R15: 1ffff110239fd442
00022 FS:  0000000000000000(0000) GS:ffff8881d4b2a000(0000) knlGS:0000000000000000
00022 CS:  0010 DS: 0000 ES: 0000 CR0: 0000000080050033
00022 CR2: 00007f2e5b405780 CR3: 000000011d648000 CR4: 0000000000750eb0
00022 PKRU: 55555554
00022 Call Trace:
00022  <TASK>
00022 Code: c7 c7 00 96 7b a1 48 c7 c6 a0 12 7d a1 48 c7 c2 00 1c 7d a1 e8 52 f1 43 ff 48 c7 c7 00 96 7b a1 e8 46 81 44 ff e9 fe fc ff ff <0f> 0b e9 a5 fa ff ff 48 c7 c1 80 44 5d a0 80 e1 07 80 c1 03 38 c1
00022  ? ofd_precreate_objects+0x1bd8/0x3220 [ofd]
00022  ? ofd_create_hdl+0x2015/0x3510 [ofd]
00022 RSP: 0018:ffffc90001737878 EFLAGS: 00010246
00022 RAX: 0000000000000000 RBX: ffff888107523c00 RCX: 0000000000000046
00022 RDX: 0000000000000000 RSI: ffff8881333bb478 RDI: ffff88802e59cb68
00022 RBP: ffff8881333bb3e8 R08: ffffffff83a16803 R09: 1ffffffff0742d00
00022 R10: dffffc0000000000 R11: fffffbfff0742d01 R12: ffff88813faa4030
00022 R13: dffffc0000000000 R14: 1ffff11020ea4780 R15: 1ffff11027f54842
00022 FS:  0000000000000000(0000) GS:ffff8881d4a2a000(0000) knlGS:0000000000000000
00022  ? ofd_create_hdl+0x2015/0x3510 [ofd]
00022  ? ptlrpc_main+0x6359/0x96f0 [ptlrpc]
00022  ? tgt_request_handle+0x23ad/0x3d30 [ptlrpc]
00022 CS:  0010 DS: 0000 ES: 0000 CR0: 0000000080050033
00022 CR2: 00007f48474056f0 CR3: 000000011d648000 CR4: 0000000000750eb0
00022 PKRU: 55555554
00022 Call Trace:
00022  <TASK>
00022  ? ofd_precreate_objects+0x1bd8/0x3220 [ofd]
00022  ? __kthread_parkme+0x73/0x130
00022  ? kthread+0x2cd/0x3a0
00022  ? ptlrpc_main+0x6359/0x96f0 [ptlrpc]
00022  ? ptlrpc_start_thread+0x1f10/0x1f10 [ptlrpc]
00022  ? tgt_request_handle+0x23ad/0x3d30 [ptlrpc]
00022  ? kthread_unuse_mm+0x130/0x130
00022  ? ret_from_fork+0x18c/0x520
00022  ? kthread_unuse_mm+0x130/0x130
00022  ? ret_from_fork_asm+0x11/0x20
00022  ? ofd_create_hdl+0x2015/0x3510 [ofd]
00022  ? __kthread_parkme+0x73/0x130
00022  ? kthread+0x2cd/0x3a0
00022  </TASK>
00022 ---[ end trace 0000000000000000 ]---
00022  ? ptlrpc_start_thread+0x1f10/0x1f10 [ptlrpc]
00022  ? tgt_request_handle+0x23ad/0x3d30 [ptlrpc]
00022  ? ptlrpc_main+0x6359/0x96f0 [ptlrpc]
00022  ? ptlrpc_main+0x6359/0x96f0 [ptlrpc]
00022  ? __kthread_parkme+0x73/0x130
00022  ? kthread+0x2cd/0x3a0
00022  ? kthread_unuse_mm+0x130/0x130
00022  ? ptlrpc_start_thread+0x1f10/0x1f10 [ptlrpc]
00022  ? kthread_unuse_mm+0x130/0x130
00022  ? ret_from_fork+0x18c/0x520
00022  ? kthread_unuse_mm+0x130/0x130
00022  ? ret_from_fork_asm+0x11/0x20
00022  </TASK>
00022 ---[ end trace 0000000000000000 ]---
00022 ------------[ cut here ]------------
00022  ? __kthread_parkme+0x73/0x130
00022  ? kthread+0x2cd/0x3a0
00022  ? ptlrpc_start_thread+0x1f10/0x1f10 [ptlrpc]
00022  ? ret_from_fork+0x18c/0x520
00022  ? kthread_unuse_mm+0x130/0x130
00022  ? ret_from_fork_asm+0x11/0x20
00022  </TASK>
00022  ? kthread_unuse_mm+0x130/0x130
00022  ? ret_from_fork+0x18c/0x520
00022  ? kthread_unuse_mm+0x130/0x130
00022 WARNING: /home/ktest/git/linux/include/linux/fs.h:889 at osd_create+0x9cf/0xcf0 [osd_wbcfs], CPU#2: ll_ost00_001/1775
00022 Modules linked in: ofd(O) osp(O) mdd(O) lod(O) mdt(O) lquota(O) lfsck(O) mgs(O) osd_wbcfs(O) lustre(O) obdecho(O) mgc(O) mdc(O) lov(O) osc(O) lmv(O) ec(O) fid(O) fld(O) ptlrpc(O) efivarfs obdclass(O) ksocklnd(O) lnet(O) libcfs(O)
00022 CPU: 2 UID: 0 PID: 1775 Comm: ll_ost00_001 Tainted: G        W  O        7.0.0-ktest-908a7d5-6330a45-20260729-dirty #1 PREEMPT 
00022 Tainted: [W]=WARN, [O]=OOT_MODULE
00022 Hardware name: QEMU Standard PC (Q35 + ICH9, 2009), BIOS 2025.11-3ubuntu7 03/31/2026
00022 RIP: 0010:osd_create+0x9cf/0xcf0 [osd_wbcfs]
00022 Code: c7 c7 00 96 7b a1 48 c7 c6 a0 12 7d a1 48 c7 c2 00 1c 7d a1 e8 52 f1 43 ff 48 c7 c7 00 96 7b a1 e8 46 81 44 ff e9 fe fc ff ff <0f> 0b e9 a5 fa ff ff 48 c7 c1 80 44 5d a0 80 e1 07 80 c1 03 38 c1
00022 RSP: 0018:ffffc900012cf878 EFLAGS: 00010246
00022 RAX: 0000000000000000 RBX: ffff888133406000 RCX: 0000000000000046
00022 RDX: 0000000000000000 RSI: ffff888137bcdf08 RDI: ffff88802e59aaa8
00022 RBP: ffff888137bcde78 R08: ffffffff83a16803 R09: 1ffffffff0742d00
00022 R10: dffffc0000000000 R11: fffffbfff0742d01 R12: ffff88811cfea030
00022 R13: dffffc0000000000 R14: 1ffff11026680c00 R15: 1ffff110239fd442
00022 ---[ end trace 0000000000000000 ]---
00022 FS:  0000000000000000(0000) GS:ffff8881d4b2a000(0000) knlGS:0000000000000000
00022 CS:  0010 DS: 0000 ES: 0000 CR0: 0000000080050033
00022 CR2: 00007f2e5b405780 CR3: 000000011d648000 CR4: 0000000000750eb0
00022 PKRU: 55555554
00022 Call Trace:
00022  <TASK>
00022  ? ofd_precreate_objects+0x1bd8/0x3220 [ofd]
00022  ? ret_from_fork_asm+0x11/0x20
00022  ? ofd_create_hdl+0x2015/0x3510 [ofd]
00022  ? tgt_request_handle+0x23ad/0x3d30 [ptlrpc]
00022 ------------[ cut here ]------------
00022 WARNING: /home/ktest/git/linux/include/linux/fs.h:889 at osd_create+0x9cf/0xcf0 [osd_wbcfs], CPU#1: ll_ost00_004/1822
00022 Modules linked in: ofd(O) osp(O) mdd(O) lod(O) mdt(O) lquota(O) lfsck(O) mgs(O) osd_wbcfs(O) lustre(O) obdecho(O) mgc(O) mdc(O) lov(O) osc(O) lmv(O) ec(O) fid(O) fld(O) ptlrpc(O) efivarfs obdclass(O) ksocklnd(O) lnet(O) libcfs(O)
00022 CPU: 1 UID: 0 PID: 1822 Comm: ll_ost00_004 Tainted: G        W  O        7.0.0-ktest-908a7d5-6330a45-20260729-dirty #1 PREEMPT 
00022 Tainted: [W]=WARN, [O]=OOT_MODULE
00022  </TASK>
00022 Hardware name: QEMU Standard PC (Q35 + ICH9, 2009), BIOS 2025.11-3ubuntu7 03/31/2026
00022 ---[ end trace 0000000000000000 ]---
00022 RIP: 0010:osd_create+0x9cf/0xcf0 [osd_wbcfs]
00022  ? ptlrpc_main+0x6359/0x96f0 [ptlrpc]
00022 ------------[ cut here ]------------
00022  ? __kthread_parkme+0x73/0x130
00022  ? kthread+0x2cd/0x3a0
00022 Code: c7 c7 00 96 7b a1 48 c7 c6 a0 12 7d a1 48 c7 c2 00 1c 7d a1 e8 52 f1 43 ff 48 c7 c7 00 96 7b a1 e8 46 81 44 ff e9 fe fc ff ff <0f> 0b e9 a5 fa ff ff 48 c7 c1 80 44 5d a0 80 e1 07 80 c1 03 38 c1
00022  ? ptlrpc_start_thread+0x1f10/0x1f10 [ptlrpc]
00022 WARNING: /home/ktest/git/linux/include/linux/fs.h:889 at osd_create+0x9cf/0xcf0 [osd_wbcfs], CPU#0: ll_ost00_000/1774
00022 RSP: 0018:ffffc90001437878 EFLAGS: 00010246
00022 Modules linked in:
00022  ? kthread_unuse_mm+0x130/0x130
00022  ? ret_from_fork+0x18c/0x520
00022  ? kthread_unuse_mm+0x130/0x130
00022  ? ret_from_fork_asm+0x11/0x20
00022  </TASK>
00022 ---[ end trace 0000000000000000 ]---
00022 
00022 ------------[ cut here ]------------
00022 WARNING: /home/ktest/git/linux/include/linux/fs.h:889 at osd_create+0x9cf/0xcf0 [osd_wbcfs], CPU#2: ll_ost00_001/1775
00022 Modules linked in: ofd(O) osp(O) mdd(O) lod(O) mdt(O) lquota(O) lfsck(O) mgs(O) osd_wbcfs(O) lustre(O) obdecho(O) mgc(O) mdc(O) lov(O) osc(O) lmv(O) ec(O) fid(O) fld(O) ptlrpc(O) efivarfs obdclass(O) ksocklnd(O) lnet(O) libcfs(O)
00022 CPU: 2 UID: 0 PID: 1775 Comm: ll_ost00_001 Tainted: G        W  O        7.0.0-ktest-908a7d5-6330a45-20260729-dirty #1 PREEMPT 
00022 Tainted: [W]=WARN, [O]=OOT_MODULE
00022 Hardware name: QEMU Standard PC (Q35 + ICH9, 2009), BIOS 2025.11-3ubuntu7 03/31/2026
00022  ofd(O)
00022 RIP: 0010:osd_create+0x9cf/0xcf0 [osd_wbcfs]
00022 Code: c7 c7 00 96 7b a1 48 c7 c6 a0 12 7d a1 48 c7 c2 00 1c 7d a1 e8 52 f1 43 ff 48 c7 c7 00 96 7b a1 e8 46 81 44 ff e9 fe fc ff ff <0f> 0b e9 a5 fa ff ff 48 c7 c1 80 44 5d a0 80 e1 07 80 c1 03 38 c1
00022 RSP: 0018:ffffc900012cf878 EFLAGS: 00010246
00022 RAX: 0000000000000000 RBX: ffff888133406c00 RCX: 0000000000000046
00022 RDX: 0000000000000000 RSI: ffff888137bcd7f0 RDI: ffff88802e59aaa8
00022 RBP: ffff888137bcd760 R08: ffffffff83a16803 R09: 1ffffffff0742d00
00022 R10: dffffc0000000000 R11: fffffbfff0742d01 R12: ffff88811cfea030
00022 R13: dffffc0000000000 R14: 1ffff11026680d80 R15: 1ffff110239fd442
00022 FS:  0000000000000000(0000) GS:ffff8881d4b2a000(0000) knlGS:0000000000000000
00022 CS:  0010 DS: 0000 ES: 0000 CR0: 0000000080050033
00022 CR2: 00007f2e5b405780 CR3: 000000011d648000 CR4: 0000000000750eb0
00022 PKRU: 55555554
00022 Call Trace:
00022  <TASK>
00022 RAX: 0000000000000000 RBX: ffff888133cc3c00 RCX: 0000000000000046
00022  ? ofd_precreate_objects+0x1bd8/0x3220 [ofd]
00022  ? ofd_create_hdl+0x2015/0x3510 [ofd]
00022  osp(O)
00022 RDX: 0000000000000000 RSI: ffff8881373650d8 RDI: ffff88802f35aaa8
00022  mdd(O)
00022 RBP: ffff888137365048 R08: ffffffff83a16803 R09: 1ffffffff0742d00
00022  ? tgt_request_handle+0x23ad/0x3d30 [ptlrpc]
00022  lod(O)
00022 R10: dffffc0000000000 R11: fffffbfff0742d01 R12: ffff8881352ec830
00022  mdt(O)
00022 R13: dffffc0000000000 R14: 1ffff11026798780 R15: 1ffff11026a5d942
00022  lquota(O)
00022 FS:  0000000000000000(0000) GS:ffff8881d4aaa000(0000) knlGS:0000000000000000
00022  ? ptlrpc_main+0x6359/0x96f0 [ptlrpc]
00022  ? __kthread_parkme+0x73/0x130
00022  ? kthread+0x2cd/0x3a0
00022  lfsck(O)
00022  ? ptlrpc_start_thread+0x1f10/0x1f10 [ptlrpc]
00022  ? kthread_unuse_mm+0x130/0x130
00022  ? ret_from_fork+0x18c/0x520
00022  ? kthread_unuse_mm+0x130/0x130
00022  ? ret_from_fork_asm+0x11/0x20
00022 CS:  0010 DS: 0000 ES: 0000 CR0: 0000000080050033
00022  </TASK>
00022 ---[ end trace 0000000000000000 ]---
00022 ------------[ cut here ]------------
00022 WARNING: /home/ktest/git/linux/include/linux/fs.h:889 at osd_create+0x9cf/0xcf0 [osd_wbcfs], CPU#2: ll_ost00_001/1775
00022  mgs(O)
00022 Modules linked in: ofd(O) osp(O) mdd(O) lod(O) mdt(O) lquota(O) lfsck(O) mgs(O) osd_wbcfs(O) lustre(O) obdecho(O) mgc(O) mdc(O) lov(O) osc(O) lmv(O) ec(O) fid(O) fld(O) ptlrpc(O) efivarfs obdclass(O) ksocklnd(O) lnet(O) libcfs(O)
00022 CPU: 2 UID: 0 PID: 1775 Comm: ll_ost00_001 Tainted: G        W  O        7.0.0-ktest-908a7d5-6330a45-20260729-dirty #1 PREEMPT 
00022 Tainted: [W]=WARN, [O]=OOT_MODULE
00022 Hardware name: QEMU Standard PC (Q35 + ICH9, 2009), BIOS 2025.11-3ubuntu7 03/31/2026
00022 RIP: 0010:osd_create+0x9cf/0xcf0 [osd_wbcfs]
00022 Code: c7 c7 00 96 7b a1 48 c7 c6 a0 12 7d a1 48 c7 c2 00 1c 7d a1 e8 52 f1 43 ff 48 c7 c7 00 96 7b a1 e8 46 81 44 ff e9 fe fc ff ff <0f> 0b e9 a5 fa ff ff 48 c7 c1 80 44 5d a0 80 e1 07 80 c1 03 38 c1
00022 RSP: 0018:ffffc900012cf878 EFLAGS: 00010246
00022 RAX: 0000000000000000 RBX: ffff888133407400 RCX: 0000000000000046
00022 RDX: 0000000000000000 RSI: ffff888137bcd0d8 RDI: ffff88802e59aaa8
00022 RBP: ffff888137bcd048 R08: ffffffff83a16803 R09: 1ffffffff0742d00
00022 R10: dffffc0000000000 R11: fffffbfff0742d01 R12: ffff88811cfea030
00022 R13: dffffc0000000000 R14: 1ffff11026680e80 R15: 1ffff110239fd442
00022 FS:  0000000000000000(0000) GS:ffff8881d4b2a000(0000) knlGS:0000000000000000
00022 CS:  0010 DS: 0000 ES: 0000 CR0: 0000000080050033
00022 CR2: 00007f2e5b405780 CR3: 000000011d648000 CR4: 0000000000750eb0
00022 CR2: 00007f7923316710 CR3: 000000011d648000 CR4: 0000000000750eb0
00022 PKRU: 55555554
00022 Call Trace:
00022  <TASK>
00022  ? ofd_precreate_objects+0x1bd8/0x3220 [ofd]
00022  osd_wbcfs(O) lustre(O)
00022  ? ofd_create_hdl+0x2015/0x3510 [ofd]
00022  ? tgt_request_handle+0x23ad/0x3d30 [ptlrpc]
00022 PKRU: 55555554
00022  obdecho(O)
00022 Call Trace:
00022  ? ptlrpc_main+0x6359/0x96f0 [ptlrpc]
00022  mgc(O)
00022  ? __kthread_parkme+0x73/0x130
00022  ? kthread+0x2cd/0x3a0
00022  <TASK>
00022  mdc(O)
00022  ? ptlrpc_start_thread+0x1f10/0x1f10 [ptlrpc]
00022  ? ofd_precreate_objects+0x1bd8/0x3220 [ofd]
00022  ? ofd_create_hdl+0x2015/0x3510 [ofd]
00022  lov(O) osc(O) lmv(O) ec(O) fid(O) fld(O) ptlrpc(O) efivarfs obdclass(O) ksocklnd(O) lnet(O) libcfs(O)
00022 CPU: 0 UID: 0 PID: 1774 Comm: ll_ost00_000 Tainted: G        W  O        7.0.0-ktest-908a7d5-6330a45-20260729-dirty #1 PREEMPT 
00022  ? kthread_unuse_mm+0x130/0x130
00022  ? tgt_request_handle+0x23ad/0x3d30 [ptlrpc]
00022 Tainted: [W]=WARN, [O]=OOT_MODULE
00022 Hardware name: QEMU Standard PC (Q35 + ICH9, 2009), BIOS 2025.11-3ubuntu7 03/31/2026
00022 RIP: 0010:osd_create+0x9cf/0xcf0 [osd_wbcfs]
00022  ? ret_from_fork+0x18c/0x520
00022 Code: c7 c7 00 96 7b a1 48 c7 c6 a0 12 7d a1 48 c7 c2 00 1c 7d a1 e8 52 f1 43 ff 48 c7 c7 00 96 7b a1 e8 46 81 44 ff e9 fe fc ff ff <0f> 0b e9 a5 fa ff ff 48 c7 c1 80 44 5d a0 80 e1 07 80 c1 03 38 c1
00022 RSP: 0018:ffffc90001737878 EFLAGS: 00010246
00022 RAX: 0000000000000000 RBX: ffff888133c4d800 RCX: 0000000000000046
00022 RDX: 0000000000000000 RSI: ffff8881333bad60 RDI: ffff88802e59cb68
00022 RBP: ffff8881333bacd0 R08: ffffffff83a16803 R09: 1ffffffff0742d00
00022 R10: dffffc0000000000 R11: fffffbfff0742d01 R12: ffff88813faa4030
00022 R13: dffffc0000000000 R14: 1ffff11026789b00 R15: 1ffff11027f54842
00022 FS:  0000000000000000(0000) GS:ffff8881d4a2a000(0000) knlGS:0000000000000000
00022  ? ptlrpc_main+0x6359/0x96f0 [ptlrpc]
00022  ? kthread_unuse_mm+0x130/0x130
00022  ? __kthread_parkme+0x73/0x130
00022  ? kthread+0x2cd/0x3a0
00022 CS:  0010 DS: 0000 ES: 0000 CR0: 0000000080050033
00022 CR2: 00007f48474056f0 CR3: 000000011d648000 CR4: 0000000000750eb0
00022 PKRU: 55555554
00022 Call Trace:
00022  <TASK>
00022  ? ofd_precreate_objects+0x1bd8/0x3220 [ofd]
00022  ? ret_from_fork_asm+0x11/0x20
00022  ? ptlrpc_start_thread+0x1f10/0x1f10 [ptlrpc]
00022  ? ofd_create_hdl+0x2015/0x3510 [ofd]
00022  </TASK>
00022  ? kthread_unuse_mm+0x130/0x130
00022  ? ret_from_fork+0x18c/0x520
00022  ? kthread_unuse_mm+0x130/0x130
00022  ? ret_from_fork_asm+0x11/0x20
00022 ---[ end trace 0000000000000000 ]---
00022  </TASK>
00022 ---[ end trace 0000000000000000 ]---
00022 ------------[ cut here ]------------
00022  ? tgt_request_handle+0x23ad/0x3d30 [ptlrpc]
00022 ------------[ cut here ]------------
00022 WARNING: /home/ktest/git/linux/include/linux/fs.h:889 at osd_create+0x9cf/0xcf0 [osd_wbcfs], CPU#1: ll_ost00_004/1822
00022 WARNING: /home/ktest/git/linux/include/linux/fs.h:889 at osd_create+0x9cf/0xcf0 [osd_wbcfs], CPU#2: ll_ost00_001/1775
00022 Modules linked in: ofd(O) osp(O) mdd(O) lod(O) mdt(O) lquota(O) lfsck(O) mgs(O) osd_wbcfs(O) lustre(O) obdecho(O) mgc(O) mdc(O) lov(O) osc(O)
00022 Modules linked in:
00022  ? ptlrpc_main+0x6359/0x96f0 [ptlrpc]
00022  ? __kthread_parkme+0x73/0x130
00022  ? kthread+0x2cd/0x3a0
00022  lmv(O) ec(O) fid(O) fld(O) ptlrpc(O) efivarfs obdclass(O) ksocklnd(O) lnet(O) libcfs(O)
00022 CPU: 1 UID: 0 PID: 1822 Comm: ll_ost00_004 Tainted: G        W  O        7.0.0-ktest-908a7d5-6330a45-20260729-dirty #1 PREEMPT 
00022 Tainted: [W]=WARN, [O]=OOT_MODULE
00022 Hardware name: QEMU Standard PC (Q35 + ICH9, 2009), BIOS 2025.11-3ubuntu7 03/31/2026
00022  ? ptlrpc_start_thread+0x1f10/0x1f10 [ptlrpc]
00022  ? kthread_unuse_mm+0x130/0x130
00022  ? ret_from_fork+0x18c/0x520
00022  ? kthread_unuse_mm+0x130/0x130
00022  ? ret_from_fork_asm+0x11/0x20
00022  </TASK>
00022 ---[ end trace 0000000000000000 ]---
00022 ------------[ cut here ]------------
00022 WARNING: /home/ktest/git/linux/include/linux/fs.h:889 at osd_create+0x9cf/0xcf0 [osd_wbcfs], CPU#0: ll_ost00_000/1774
00022 Modules linked in: ofd(O) osp(O) mdd(O) lod(O) mdt(O) lquota(O) lfsck(O) mgs(O) osd_wbcfs(O) lustre(O) obdecho(O) mgc(O) mdc(O) lov(O) osc(O) lmv(O) ec(O) fid(O) fld(O) ptlrpc(O) efivarfs obdclass(O) ksocklnd(O) lnet(O) libcfs(O)
00022 CPU: 0 UID: 0 PID: 1774 Comm: ll_ost00_000 Tainted: G        W  O        7.0.0-ktest-908a7d5-6330a45-20260729-dirty #1 PREEMPT 
00022 Tainted: [W]=WARN, [O]=OOT_MODULE
00022 Hardware name: QEMU Standard PC (Q35 + ICH9, 2009), BIOS 2025.11-3ubuntu7 03/31/2026
00022 RIP: 0010:osd_create+0x9cf/0xcf0 [osd_wbcfs]
00022  ofd(O) osp(O) mdd(O) lod(O) mdt(O) lquota(O) lfsck(O) mgs(O) osd_wbcfs(O) lustre(O) obdecho(O) mgc(O) mdc(O) lov(O) osc(O) lmv(O) ec(O) fid(O) fld(O) ptlrpc(O) efivarfs obdclass(O) ksocklnd(O) lnet(O) libcfs(O)
00022 CPU: 2 UID: 0 PID: 1775 Comm: ll_ost00_001 Tainted: G        W  O        7.0.0-ktest-908a7d5-6330a45-20260729-dirty #1 PREEMPT 
00022 Tainted: [W]=WARN, [O]=OOT_MODULE
00022 Hardware name: QEMU Standard PC (Q35 + ICH9, 2009), BIOS 2025.11-3ubuntu7 03/31/2026
00022 RIP: 0010:osd_create+0x9cf/0xcf0 [osd_wbcfs]
00022 Code: c7 c7 00 96 7b a1 48 c7 c6 a0 12 7d a1 48 c7 c2 00 1c 7d a1 e8 52 f1 43 ff 48 c7 c7 00 96 7b a1 e8 46 81 44 ff e9 fe fc ff ff <0f> 0b e9 a5 fa ff ff 48 c7 c1 80 44 5d a0 80 e1 07 80 c1 03 38 c1
00022 RSP: 0018:ffffc900012cf878 EFLAGS: 00010246
00022 RAX: 0000000000000000 RBX: ffff888133479000 RCX: 0000000000000046
00022 RDX: 0000000000000000 RSI: ffff888137bcc9c0 RDI: ffff88802e59aaa8
00022 RBP: ffff888137bcc930 R08: ffffffff83a16803 R09: 1ffffffff0742d00
00022 R10: dffffc0000000000 R11: fffffbfff0742d01 R12: ffff88811cfea030
00022 R13: dffffc0000000000 R14: 1ffff1102668f200 R15: 1ffff110239fd442
00022 FS:  0000000000000000(0000) GS:ffff8881d4b2a000(0000) knlGS:0000000000000000
00022 CS:  0010 DS: 0000 ES: 0000 CR0: 0000000080050033
00022 CR2: 00007f2e5b405780 CR3: 000000011d648000 CR4: 0000000000750eb0
00022 PKRU: 55555554
00022 Call Trace:
00022  <TASK>
00022  ? ofd_precreate_objects+0x1bd8/0x3220 [ofd]
00022  ? ofd_create_hdl+0x2015/0x3510 [ofd]
00022 RIP: 0010:osd_create+0x9cf/0xcf0 [osd_wbcfs]
00022 Code: c7 c7 00 96 7b a1 48 c7 c6 a0 12 7d a1 48 c7 c2 00 1c 7d a1 e8 52 f1 43 ff 48 c7 c7 00 96 7b a1 e8 46 81 44 ff e9 fe fc ff ff <0f> 0b e9 a5 fa ff ff 48 c7 c1 80 44 5d a0 80 e1 07 80 c1 03 38 c1
00022  ? tgt_request_handle+0x23ad/0x3d30 [ptlrpc]
00022 Code: c7 c7 00 96 7b a1 48 c7 c6 a0 12 7d a1 48 c7 c2 00 1c 7d a1 e8 52 f1 43 ff 48 c7 c7 00 96 7b a1 e8 46 81 44 ff e9 fe fc ff ff <0f> 0b e9 a5 fa ff ff 48 c7 c1 80 44 5d a0 80 e1 07 80 c1 03 38 c1
00022 RSP: 0018:ffffc90001737878 EFLAGS: 00010246
00022  ? ptlrpc_main+0x6359/0x96f0 [ptlrpc]
00022 RSP: 0018:ffffc90001437878 EFLAGS: 00010246
00022  ? __kthread_parkme+0x73/0x130
00022  ? kthread+0x2cd/0x3a0
00022 
00022  ? ptlrpc_start_thread+0x1f10/0x1f10 [ptlrpc]
00022 
00022 RAX: 0000000000000000 RBX: ffff888133c69000 RCX: 0000000000000046
00022  ? kthread_unuse_mm+0x130/0x130
00022  ? ret_from_fork+0x18c/0x520
00022  ? kthread_unuse_mm+0x130/0x130
00022  ? ret_from_fork_asm+0x11/0x20
00022  </TASK>
00022 ---[ end trace 0000000000000000 ]---
00022 ------------[ cut here ]------------
00022 WARNING: /home/ktest/git/linux/include/linux/fs.h:889 at osd_create+0x9cf/0xcf0 [osd_wbcfs], CPU#2: ll_ost00_001/1775
00022 Modules linked in: ofd(O) osp(O) mdd(O) lod(O) mdt(O) lquota(O) lfsck(O) mgs(O) osd_wbcfs(O) lustre(O) obdecho(O)
00022 RAX: 0000000000000000 RBX: ffff888133cc3000 RCX: 0000000000000046
00022  mgc(O) mdc(O) lov(O) osc(O) lmv(O) ec(O) fid(O) fld(O) ptlrpc(O) efivarfs obdclass(O) ksocklnd(O) lnet(O) libcfs(O)
00022 CPU: 2 UID: 0 PID: 1775 Comm: ll_ost00_001 Tainted: G        W  O        7.0.0-ktest-908a7d5-6330a45-20260729-dirty #1 PREEMPT 
00022 Tainted: [W]=WARN, [O]=OOT_MODULE
00022 Hardware name: QEMU Standard PC (Q35 + ICH9, 2009), BIOS 2025.11-3ubuntu7 03/31/2026
00022 RIP: 0010:osd_create+0x9cf/0xcf0 [osd_wbcfs]
00022 Code: c7 c7 00 96 7b a1 48 c7 c6 a0 12 7d a1 48 c7 c2 00 1c 7d a1 e8 52 f1 43 ff 48 c7 c7 00 96 7b a1 e8 46 81 44 ff e9 fe fc ff ff <0f> 0b e9 a5 fa ff ff 48 c7 c1 80 44 5d a0 80 e1 07 80 c1 03 38 c1
00022 RSP: 0018:ffffc900012cf878 EFLAGS: 00010246
00022 RAX: 0000000000000000 RBX: ffff8881334ac000 RCX: 0000000000000046
00022 RDX: 0000000000000000 RSI: ffff888137bcc2a8 RDI: ffff88802e59aaa8
00022 RBP: ffff888137bcc218 R08: ffffffff83a16803 R09: 1ffffffff0742d00
00022 R10: dffffc0000000000 R11: fffffbfff0742d01 R12: ffff88811cfea030
00022 R13: dffffc0000000000 R14: 1ffff11026695800 R15: 1ffff110239fd442
00022 FS:  0000000000000000(0000) GS:ffff8881d4b2a000(0000) knlGS:0000000000000000
00022 CS:  0010 DS: 0000 ES: 0000 CR0: 0000000080050033
00022 CR2: 00007f2e5b405780 CR3: 000000011d648000 CR4: 0000000000750eb0
00022 PKRU: 55555554
00022 Call Trace:
00022  <TASK>
00022 RDX: 0000000000000000 RSI: ffff88811b24a648 RDI: ffff88802e59cb68
00022  ? ofd_precreate_objects+0x1bd8/0x3220 [ofd]
00022  ? ofd_create_hdl+0x2015/0x3510 [ofd]
00022 RDX: 0000000000000000 RSI: ffff8881373649c0 RDI: ffff88802f35aaa8
00022 RBP: ffff88811b24a5b8 R08: ffffffff83a16803 R09: 1ffffffff0742d00
00022  ? tgt_request_handle+0x23ad/0x3d30 [ptlrpc]
00022 RBP: ffff888137364930 R08: ffffffff83a16803 R09: 1ffffffff0742d00
00022 R10: dffffc0000000000 R11: fffffbfff0742d01 R12: ffff88813faa4030
00022 R10: dffffc0000000000 R11: fffffbfff0742d01 R12: ffff8881352ec830
00022 R13: dffffc0000000000 R14: 1ffff1102678d200 R15: 1ffff11027f54842
00022 R13: dffffc0000000000 R14: 1ffff11026798600 R15: 1ffff11026a5d942
00022  ? ptlrpc_main+0x6359/0x96f0 [ptlrpc]
00022 FS:  0000000000000000(0000) GS:ffff8881d4a2a000(0000) knlGS:0000000000000000
00022 FS:  0000000000000000(0000) GS:ffff8881d4aaa000(0000) knlGS:0000000000000000
00022 CS:  0010 DS: 0000 ES: 0000 CR0: 0000000080050033
00022  ? __kthread_parkme+0x73/0x130
00022  ? kthread+0x2cd/0x3a0
00022 CS:  0010 DS: 0000 ES: 0000 CR0: 0000000080050033
00022 CR2: 00007f48474056f0 CR3: 000000011d648000 CR4: 0000000000750eb0
00022  ? ptlrpc_start_thread+0x1f10/0x1f10 [ptlrpc]
00022 CR2: 00007f7923316710 CR3: 000000011d648000 CR4: 0000000000750eb0
00022 PKRU: 55555554
00022  ? kthread_unuse_mm+0x130/0x130
00022  ? ret_from_fork+0x18c/0x520
00022  ? kthread_unuse_mm+0x130/0x130
00022  ? ret_from_fork_asm+0x11/0x20
00022 PKRU: 55555554
00022  </TASK>
00022 ---[ end trace 0000000000000000 ]---
00022 ------------[ cut here ]------------
00022 WARNING: /home/ktest/git/linux/include/linux/fs.h:889 at osd_create+0x9cf/0xcf0 [osd_wbcfs], CPU#2: ll_ost00_001/1775
00022 Call Trace:
00022 Modules linked in: ofd(O) osp(O) mdd(O) lod(O) mdt(O) lquota(O) lfsck(O) mgs(O) osd_wbcfs(O)
00022 Call Trace:
00022  lustre(O) obdecho(O) mgc(O) mdc(O) lov(O) osc(O) lmv(O) ec(O) fid(O) fld(O) ptlrpc(O) efivarfs obdclass(O) ksocklnd(O) lnet(O) libcfs(O)
00022 CPU: 2 UID: 0 PID: 1775 Comm: ll_ost00_001 Tainted: G        W  O        7.0.0-ktest-908a7d5-6330a45-20260729-dirty #1 PREEMPT 
00022 Tainted: [W]=WARN, [O]=OOT_MODULE
00022 Hardware name: QEMU Standard PC (Q35 + ICH9, 2009), BIOS 2025.11-3ubuntu7 03/31/2026
00022 RIP: 0010:osd_create+0x9cf/0xcf0 [osd_wbcfs]
00022 Code: c7 c7 00 96 7b a1 48 c7 c6 a0 12 7d a1 48 c7 c2 00 1c 7d a1 e8 52 f1 43 ff 48 c7 c7 00 96 7b a1 e8 46 81 44 ff e9 fe fc ff ff <0f> 0b e9 a5 fa ff ff 48 c7 c1 80 44 5d a0 80 e1 07 80 c1 03 38 c1
00022 RSP: 0018:ffffc900012cf878 EFLAGS: 00010246
00022 RAX: 0000000000000000 RBX: ffff8881334afc00 RCX: 0000000000000046
00022 RDX: 0000000000000000 RSI: ffff888137bcbb90 RDI: ffff88802e59aaa8
00022  <TASK>
00022 RBP: ffff888137bcbb00 R08: ffffffff83a16803 R09: 1ffffffff0742d00
00022 R10: dffffc0000000000 R11: fffffbfff0742d01 R12: ffff88811cfea030
00022 R13: dffffc0000000000 R14: 1ffff11026695f80 R15: 1ffff110239fd442
00022 FS:  0000000000000000(0000) GS:ffff8881d4b2a000(0000) knlGS:0000000000000000
00022 CS:  0010 DS: 0000 ES: 0000 CR0: 0000000080050033
00022 CR2: 00007f2e5b405780 CR3: 000000011d648000 CR4: 0000000000750eb0
00022 PKRU: 55555554
00022 Call Trace:
00022  <TASK>
00022  ? ofd_precreate_objects+0x1bd8/0x3220 [ofd]
00022  <TASK>
00022  ? ofd_create_hdl+0x2015/0x3510 [ofd]
00022  ? ofd_precreate_objects+0x1bd8/0x3220 [ofd]
00022  ? ofd_create_hdl+0x2015/0x3510 [ofd]
00022  ? ofd_precreate_objects+0x1bd8/0x3220 [ofd]
00022  ? tgt_request_handle+0x23ad/0x3d30 [ptlrpc]
00022  ? tgt_request_handle+0x23ad/0x3d30 [ptlrpc]
00022  ? ofd_create_hdl+0x2015/0x3510 [ofd]
00022  ? ptlrpc_main+0x6359/0x96f0 [ptlrpc]
00022  ? tgt_request_handle+0x23ad/0x3d30 [ptlrpc]
00022  ? ptlrpc_main+0x6359/0x96f0 [ptlrpc]
00022  ? __kthread_parkme+0x73/0x130
00022  ? __kthread_parkme+0x73/0x130
00022  ? kthread+0x2cd/0x3a0
00022  ? ptlrpc_main+0x6359/0x96f0 [ptlrpc]
00022  ? ptlrpc_start_thread+0x1f10/0x1f10 [ptlrpc]
00022  ? kthread+0x2cd/0x3a0
00022  ? kthread_unuse_mm+0x130/0x130
00022  ? ret_from_fork+0x18c/0x520
00022  ? kthread_unuse_mm+0x130/0x130
00022  ? ret_from_fork_asm+0x11/0x20
00022  </TASK>
00022 ---[ end trace 0000000000000000 ]---
00022 ------------[ cut here ]------------
00022 WARNING: /home/ktest/git/linux/include/linux/fs.h:889 at osd_create+0x9cf/0xcf0 [osd_wbcfs], CPU#0: ll_ost00_000/1774
00022 Modules linked in: ofd(O) osp(O) mdd(O) lod(O) mdt(O) lquota(O) lfsck(O) mgs(O) osd_wbcfs(O) lustre(O) obdecho(O) mgc(O) mdc(O) lov(O) osc(O) lmv(O) ec(O) fid(O) fld(O) ptlrpc(O) efivarfs obdclass(O) ksocklnd(O) lnet(O) libcfs(O)
00022 CPU: 0 UID: 0 PID: 1774 Comm: ll_ost00_000 Tainted: G        W  O        7.0.0-ktest-908a7d5-6330a45-20260729-dirty #1 PREEMPT 
00022  ? __kthread_parkme+0x73/0x130
00022  ? kthread+0x2cd/0x3a0
00022  ? ptlrpc_start_thread+0x1f10/0x1f10 [ptlrpc]
00022 Tainted: [W]=WARN, [O]=OOT_MODULE
00022  ? ptlrpc_start_thread+0x1f10/0x1f10 [ptlrpc]
00022  ? kthread_unuse_mm+0x130/0x130
00022 Hardware name: QEMU Standard PC (Q35 + ICH9, 2009), BIOS 2025.11-3ubuntu7 03/31/2026
00022  ? ret_from_fork+0x18c/0x520
00022  ? kthread_unuse_mm+0x130/0x130
00022  ? ret_from_fork+0x18c/0x520
00022  ? kthread_unuse_mm+0x130/0x130
00022  ? ret_from_fork_asm+0x11/0x20
00022  </TASK>
00022 ---[ end trace 0000000000000000 ]---
00022 ------------[ cut here ]------------
00022 WARNING: /home/ktest/git/linux/include/linux/fs.h:889 at osd_create+0x9cf/0xcf0 [osd_wbcfs], CPU#2: ll_ost00_001/1775
00022 RIP: 0010:osd_create+0x9cf/0xcf0 [osd_wbcfs]
00022 Modules linked in: ofd(O) osp(O) mdd(O) lod(O) mdt(O) lquota(O) lfsck(O) mgs(O) osd_wbcfs(O) lustre(O) obdecho(O) mgc(O) mdc(O) lov(O) osc(O) lmv(O) ec(O) fid(O) fld(O) ptlrpc(O) efivarfs obdclass(O) ksocklnd(O) lnet(O) libcfs(O)
00022 CPU: 2 UID: 0 PID: 1775 Comm: ll_ost00_001 Tainted: G        W  O        7.0.0-ktest-908a7d5-6330a45-20260729-dirty #1 PREEMPT 
00022 Tainted: [W]=WARN, [O]=OOT_MODULE
00022 Hardware name: QEMU Standard PC (Q35 + ICH9, 2009), BIOS 2025.11-3ubuntu7 03/31/2026
00022  ? kthread_unuse_mm+0x130/0x130
00022 RIP: 0010:osd_create+0x9cf/0xcf0 [osd_wbcfs]
00022 Code: c7 c7 00 96 7b a1 48 c7 c6 a0 12 7d a1 48 c7 c2 00 1c 7d a1 e8 52 f1 43 ff 48 c7 c7 00 96 7b a1 e8 46 81 44 ff e9 fe fc ff ff <0f> 0b e9 a5 fa ff ff 48 c7 c1 80 44 5d a0 80 e1 07 80 c1 03 38 c1
00022 RSP: 0018:ffffc900012cf878 EFLAGS: 00010246
00022 RAX: 0000000000000000 RBX: ffff8881334af800 RCX: 0000000000000046
00022 RDX: 0000000000000000 RSI: ffff888137bcb478 RDI: ffff88802e59aaa8
00022 RBP: ffff888137bcb3e8 R08: ffffffff83a16803 R09: 1ffffffff0742d00
00022 R10: dffffc0000000000 R11: fffffbfff0742d01 R12: ffff88811cfea030
00022 R13: dffffc0000000000 R14: 1ffff11026695f00 R15: 1ffff110239fd442
00022 FS:  0000000000000000(0000) GS:ffff8881d4b2a000(0000) knlGS:0000000000000000
00022 CS:  0010 DS: 0000 ES: 0000 CR0: 0000000080050033
00022 CR2: 00007f2e5b405780 CR3: 000000011d648000 CR4: 0000000000750eb0
00022 PKRU: 55555554
00022 Call Trace:
00022  <TASK>
00022 Code: c7 c7 00 96 7b a1 48 c7 c6 a0 12 7d a1 48 c7 c2 00 1c 7d a1 e8 52 f1 43 ff 48 c7 c7 00 96 7b a1 e8 46 81 44 ff e9 fe fc ff ff <0f> 0b e9 a5 fa ff ff 48 c7 c1 80 44 5d a0 80 e1 07 80 c1 03 38 c1
00022  ? ofd_precreate_objects+0x1bd8/0x3220 [ofd]
00022  ? ofd_create_hdl+0x2015/0x3510 [ofd]
00022  ? ret_from_fork_asm+0x11/0x20
00022 RSP: 0018:ffffc90001737878 EFLAGS: 00010246
00022  ? tgt_request_handle+0x23ad/0x3d30 [ptlrpc]
00022  </TASK>
00022 
00022 ---[ end trace 0000000000000000 ]---
00022 RAX: 0000000000000000 RBX: ffff888133c68c00 RCX: 0000000000000046
00022  ? ptlrpc_main+0x6359/0x96f0 [ptlrpc]
00022 ------------[ cut here ]------------
00022 RDX: 0000000000000000 RSI: ffff88811b249f30 RDI: ffff88802e59cb68
00022 WARNING: /home/ktest/git/linux/include/linux/fs.h:889 at osd_create+0x9cf/0xcf0 [osd_wbcfs], CPU#1: ll_ost00_004/1822
00022 Modules linked in: ofd(O) osp(O) mdd(O) lod(O) mdt(O) lquota(O) lfsck(O) mgs(O) osd_wbcfs(O) lustre(O) obdecho(O) mgc(O) mdc(O) lov(O) osc(O) lmv(O) ec(O) fid(O) fld(O) ptlrpc(O) efivarfs obdclass(O) ksocklnd(O) lnet(O) libcfs(O)
00022 CPU: 1 UID: 0 PID: 1822 Comm: ll_ost00_004 Tainted: G        W  O        7.0.0-ktest-908a7d5-6330a45-20260729-dirty #1 PREEMPT 
00022 Tainted: [W]=WARN, [O]=OOT_MODULE
00022 Hardware name: QEMU Standard PC (Q35 + ICH9, 2009), BIOS 2025.11-3ubuntu7 03/31/2026
00022 RIP: 0010:osd_create+0x9cf/0xcf0 [osd_wbcfs]
00022 Code: c7 c7 00 96 7b a1 48 c7 c6 a0 12 7d a1 48 c7 c2 00 1c 7d a1 e8 52 f1 43 ff 48 c7 c7 00 96 7b a1 e8 46 81 44 ff e9 fe fc ff ff <0f> 0b e9 a5 fa ff ff 48 c7 c1 80 44 5d a0 80 e1 07 80 c1 03 38 c1
00022 RSP: 0018:ffffc90001437878 EFLAGS: 00010246
00022 RAX: 0000000000000000 RBX: ffff888133cc2000 RCX: 0000000000000046
00022 RDX: 0000000000000000 RSI: ffff8881373642a8 RDI: ffff88802f35aaa8
00022 RBP: ffff888137364218 R08: ffffffff83a16803 R09: 1ffffffff0742d00
00022 R10: dffffc0000000000 R11: fffffbfff0742d01 R12: ffff8881352ec830
00022 R13: dffffc0000000000 R14: 1ffff11026798400 R15: 1ffff11026a5d942
00022 FS:  0000000000000000(0000) GS:ffff8881d4aaa000(0000) knlGS:0000000000000000
00022 CS:  0010 DS: 0000 ES: 0000 CR0: 0000000080050033
00022 CR2: 00007f7923316710 CR3: 000000011d648000 CR4: 0000000000750eb0
00022 PKRU: 55555554
00022 Call Trace:
00022  <TASK>
00022 RBP: ffff88811b249ea0 R08: ffffffff83a16803 R09: 1ffffffff0742d00
00022 R10: dffffc0000000000 R11: fffffbfff0742d01 R12: ffff88813faa4030
00022 R13: dffffc0000000000 R14: 1ffff1102678d180 R15: 1ffff11027f54842
00022 FS:  0000000000000000(0000) GS:ffff8881d4a2a000(0000) knlGS:0000000000000000
00022 CS:  0010 DS: 0000 ES: 0000 CR0: 0000000080050033
00022 CR2: 00007f48474056f0 CR3: 000000011d648000 CR4: 0000000000750eb0
00022 PKRU: 55555554
00022  ? ofd_precreate_objects+0x1bd8/0x3220 [ofd]
00022  ? ofd_create_hdl+0x2015/0x3510 [ofd]
00022  ? tgt_request_handle+0x23ad/0x3d30 [ptlrpc]
00022  ? __kthread_parkme+0x73/0x130
00022  ? kthread+0x2cd/0x3a0
00022 Call Trace:
00022  ? ptlrpc_start_thread+0x1f10/0x1f10 [ptlrpc]
00022  ? ptlrpc_main+0x6359/0x96f0 [ptlrpc]
00022  <TASK>
00022  ? ofd_precreate_objects+0x1bd8/0x3220 [ofd]
00022  ? ofd_create_hdl+0x2015/0x3510 [ofd]
00022  ? kthread_unuse_mm+0x130/0x130
00022  ? __kthread_parkme+0x73/0x130
00022  ? tgt_request_handle+0x23ad/0x3d30 [ptlrpc]
00022  ? ret_from_fork+0x18c/0x520
00022  ? kthread+0x2cd/0x3a0
00022  ? ptlrpc_start_thread+0x1f10/0x1f10 [ptlrpc]
00022  ? kthread_unuse_mm+0x130/0x130
00022  ? kthread_unuse_mm+0x130/0x130
00022  ? ret_from_fork+0x18c/0x520
00022  ? kthread_unuse_mm+0x130/0x130
00022  ? ptlrpc_main+0x6359/0x96f0 [ptlrpc]
00022  ? ret_from_fork_asm+0x11/0x20
00022  ? ret_from_fork_asm+0x11/0x20
00022  </TASK>
00022 ---[ end trace 0000000000000000 ]---
00022 ------------[ cut here ]------------
00022 WARNING: /home/ktest/git/linux/include/linux/fs.h:889 at osd_create+0x9cf/0xcf0 [osd_wbcfs], CPU#1: ll_ost00_004/1822
00022 Modules linked in: ofd(O) osp(O) mdd(O) lod(O) mdt(O) lquota(O) lfsck(O) mgs(O) osd_wbcfs(O) lustre(O) obdecho(O) mgc(O) mdc(O) lov(O) osc(O) lmv(O) ec(O) fid(O) fld(O) ptlrpc(O) efivarfs obdclass(O) ksocklnd(O) lnet(O) libcfs(O)
00022 CPU: 1 UID: 0 PID: 1822 Comm: ll_ost00_004 Tainted: G        W  O        7.0.0-ktest-908a7d5-6330a45-20260729-dirty #1 PREEMPT 
00022 Tainted: [W]=WARN, [O]=OOT_MODULE
00022 Hardware name: QEMU Standard PC (Q35 + ICH9, 2009), BIOS 2025.11-3ubuntu7 03/31/2026
00022 RIP: 0010:osd_create+0x9cf/0xcf0 [osd_wbcfs]
00022 Code: c7 c7 00 96 7b a1 48 c7 c6 a0 12 7d a1 48 c7 c2 00 1c 7d a1 e8 52 f1 43 ff 48 c7 c7 00 96 7b a1 e8 46 81 44 ff e9 fe fc ff ff <0f> 0b e9 a5 fa ff ff 48 c7 c1 80 44 5d a0 80 e1 07 80 c1 03 38 c1
00022 RSP: 0018:ffffc90001437878 EFLAGS: 00010246
00022 RAX: 0000000000000000 RBX: ffff888133cc2400 RCX: 0000000000000046
00022 RDX: 0000000000000000 RSI: ffff888137363b90 RDI: ffff88802f35aaa8
00022 RBP: ffff888137363b00 R08: ffffffff83a16803 R09: 1ffffffff0742d00
00022 R10: dffffc0000000000 R11: fffffbfff0742d01 R12: ffff8881352ec830
00022 R13: dffffc0000000000 R14: 1ffff11026798480 R15: 1ffff11026a5d942
00022 FS:  0000000000000000(0000) GS:ffff8881d4aaa000(0000) knlGS:0000000000000000
00022 CS:  0010 DS: 0000 ES: 0000 CR0: 0000000080050033
00022 CR2: 00007f7923316710 CR3: 000000011d648000 CR4: 0000000000750eb0
00022 PKRU: 55555554
00022 Call Trace:
00022  <TASK>
00022  ? ofd_precreate_objects+0x1bd8/0x3220 [ofd]
00022  </TASK>
00022 ---[ end trace 0000000000000000 ]---
00022 ------------[ cut here ]------------
00022 WARNING: /home/ktest/git/linux/include/linux/fs.h:889 at osd_create+0x9cf/0xcf0 [osd_wbcfs], CPU#2: ll_ost00_001/1775
00022 Modules linked in: ofd(O) osp(O) mdd(O) lod(O) mdt(O) lquota(O) lfsck(O) mgs(O) osd_wbcfs(O) lustre(O) obdecho(O) mgc(O) mdc(O) lov(O) osc(O) lmv(O) ec(O) fid(O) fld(O) ptlrpc(O) efivarfs obdclass(O) ksocklnd(O) lnet(O)
00022  ? __kthread_parkme+0x73/0x130
00022  ? kthread+0x2cd/0x3a0
00022  ? ofd_create_hdl+0x2015/0x3510 [ofd]
00022  ? ptlrpc_start_thread+0x1f10/0x1f10 [ptlrpc]
00022  ? kthread_unuse_mm+0x130/0x130
00022  ? ret_from_fork+0x18c/0x520
00022  ? kthread_unuse_mm+0x130/0x130
00022  ? ret_from_fork_asm+0x11/0x20
00022  libcfs(O)
00022 CPU: 2 UID: 0 PID: 1775 Comm: ll_ost00_001 Tainted: G        W  O        7.0.0-ktest-908a7d5-6330a45-20260729-dirty #1 PREEMPT 
00022 Tainted: [W]=WARN, [O]=OOT_MODULE
00022 Hardware name: QEMU Standard PC (Q35 + ICH9, 2009), BIOS 2025.11-3ubuntu7 03/31/2026
00022 RIP: 0010:osd_create+0x9cf/0xcf0 [osd_wbcfs]
00022 Code: c7 c7 00 96 7b a1 48 c7 c6 a0 12 7d a1 48 c7 c2 00 1c 7d a1 e8 52 f1 43 ff 48 c7 c7 00 96 7b a1 e8 46 81 44 ff e9 fe fc ff ff <0f> 0b e9 a5 fa ff ff 48 c7 c1 80 44 5d a0 80 e1 07 80 c1 03 38 c1
00022 RSP: 0018:ffffc900012cf878 EFLAGS: 00010246
00022 RAX: 0000000000000000 RBX: ffff88813327e000 RCX: 0000000000000046
00022 RDX: 0000000000000000 RSI: ffff888137bcad60 RDI: ffff88802e59aaa8
00022 RBP: ffff888137bcacd0 R08: ffffffff83a16803 R09: 1ffffffff0742d00
00022 R10: dffffc0000000000 R11: fffffbfff0742d01 R12: ffff88811cfea030
00022 R13: dffffc0000000000 R14: 1ffff1102664fc00 R15: 1ffff110239fd442
00022 FS:  0000000000000000(0000) GS:ffff8881d4b2a000(0000) knlGS:0000000000000000
00022 CS:  0010 DS: 0000 ES: 0000 CR0: 0000000080050033
00022 CR2: 00007f2e5b405780 CR3: 000000011d648000 CR4: 0000000000750eb0
00022 PKRU: 55555554
00022 Call Trace:
00022  <TASK>
00022  ? ofd_precreate_objects+0x1bd8/0x3220 [ofd]
00022  </TASK>
00022 ---[ end trace 0000000000000000 ]---
00022 ------------[ cut here ]------------
00022  ? ofd_create_hdl+0x2015/0x3510 [ofd]
00022  ? tgt_request_handle+0x23ad/0x3d30 [ptlrpc]
00022 WARNING: /home/ktest/git/linux/include/linux/fs.h:889 at osd_create+0x9cf/0xcf0 [osd_wbcfs], CPU#0: ll_ost00_000/1774
00022 Modules linked in:
00022  ? tgt_request_handle+0x23ad/0x3d30 [ptlrpc]
00022  ? ptlrpc_main+0x6359/0x96f0 [ptlrpc]
00022  ? __kthread_parkme+0x73/0x130
00022  ? kthread+0x2cd/0x3a0
00022  ofd(O) osp(O) mdd(O) lod(O) mdt(O) lquota(O) lfsck(O) mgs(O) osd_wbcfs(O) lustre(O) obdecho(O) mgc(O) mdc(O) lov(O) osc(O)
00022  ? ptlrpc_start_thread+0x1f10/0x1f10 [ptlrpc]
00022  ? ptlrpc_main+0x6359/0x96f0 [ptlrpc]
00022  lmv(O)
00022  ? kthread_unuse_mm+0x130/0x130
00022  ? __kthread_parkme+0x73/0x130
00022  ? kthread+0x2cd/0x3a0
00022  ec(O)
00022  ? ret_from_fork+0x18c/0x520
00022  ? ptlrpc_start_thread+0x1f10/0x1f10 [ptlrpc]
00022  fid(O)
00022  ? kthread_unuse_mm+0x130/0x130
00022  ? ret_from_fork+0x18c/0x520
00022  ? kthread_unuse_mm+0x130/0x130
00022  ? ret_from_fork_asm+0x11/0x20
00022  </TASK>
00022 ---[ end trace 0000000000000000 ]---
00022 ------------[ cut here ]------------
00022 WARNING: /home/ktest/git/linux/include/linux/fs.h:889 at osd_create+0x9cf/0xcf0 [osd_wbcfs], CPU#2: ll_ost00_001/1775
00022 Modules linked in: ofd(O) osp(O) mdd(O) lod(O) mdt(O) lquota(O) lfsck(O) mgs(O) osd_wbcfs(O) lustre(O) obdecho(O) mgc(O) mdc(O) lov(O) osc(O) lmv(O) ec(O) fid(O) fld(O) ptlrpc(O) efivarfs obdclass(O) ksocklnd(O) lnet(O) libcfs(O)
00022 CPU: 2 UID: 0 PID: 1775 Comm: ll_ost00_001 Tainted: G        W  O        7.0.0-ktest-908a7d5-6330a45-20260729-dirty #1 PREEMPT 
00022 Tainted: [W]=WARN, [O]=OOT_MODULE
00022 Hardware name: QEMU Standard PC (Q35 + ICH9, 2009), BIOS 2025.11-3ubuntu7 03/31/2026
00022 RIP: 0010:osd_create+0x9cf/0xcf0 [osd_wbcfs]
00022  ? kthread_unuse_mm+0x130/0x130
00022 Code: c7 c7 00 96 7b a1 48 c7 c6 a0 12 7d a1 48 c7 c2 00 1c 7d a1 e8 52 f1 43 ff 48 c7 c7 00 96 7b a1 e8 46 81 44 ff e9 fe fc ff ff <0f> 0b e9 a5 fa ff ff 48 c7 c1 80 44 5d a0 80 e1 07 80 c1 03 38 c1
00022 RSP: 0018:ffffc900012cf878 EFLAGS: 00010246
00022 RAX: 0000000000000000 RBX: ffff888133502000 RCX: 0000000000000046
00022 RDX: 0000000000000000 RSI: ffff88811b24fb68 RDI: ffff88802e59aaa8
00022 RBP: ffff88811b24fad8 R08: ffffffff83a16803 R09: 1ffffffff0742d00
00022 R10: dffffc0000000000 R11: fffffbfff0742d01 R12: ffff88811cfea030
00022 R13: dffffc0000000000 R14: 1ffff110266a0400 R15: 1ffff110239fd442
00022  fld(O)
00022 FS:  0000000000000000(0000) GS:ffff8881d4b2a000(0000) knlGS:0000000000000000
00022 CS:  0010 DS: 0000 ES: 0000 CR0: 0000000080050033
00022 CR2: 00007f2e5b405780 CR3: 000000011d648000 CR4: 0000000000750eb0
00022 PKRU: 55555554
00022 Call Trace:
00022  <TASK>
00022  ? ofd_precreate_objects+0x1bd8/0x3220 [ofd]
00022  ? ret_from_fork_asm+0x11/0x20
00022  ? ofd_create_hdl+0x2015/0x3510 [ofd]
00022  ptlrpc(O)
00022  </TASK>
00022  efivarfs
00022  ? tgt_request_handle+0x23ad/0x3d30 [ptlrpc]
00022 ---[ end trace 0000000000000000 ]---
00022  obdclass(O)
00022 ------------[ cut here ]------------
00022 WARNING: /home/ktest/git/linux/include/linux/fs.h:889 at osd_create+0x9cf/0xcf0 [osd_wbcfs], CPU#1: ll_ost00_004/1822
00022 Modules linked in: ofd(O) osp(O) mdd(O) lod(O) mdt(O) lquota(O) lfsck(O) mgs(O) osd_wbcfs(O) lustre(O) obdecho(O) mgc(O) mdc(O) lov(O) osc(O) lmv(O) ec(O) fid(O) fld(O) ptlrpc(O) efivarfs obdclass(O) ksocklnd(O) lnet(O) libcfs(O)
00022 CPU: 1 UID: 0 PID: 1822 Comm: ll_ost00_004 Tainted: G        W  O        7.0.0-ktest-908a7d5-6330a45-20260729-dirty #1 PREEMPT 
00022 Tainted: [W]=WARN, [O]=OOT_MODULE
00022 Hardware name: QEMU Standard PC (Q35 + ICH9, 2009), BIOS 2025.11-3ubuntu7 03/31/2026
00022 RIP: 0010:osd_create+0x9cf/0xcf0 [osd_wbcfs]
00022 Code: c7 c7 00 96 7b a1 48 c7 c6 a0 12 7d a1 48 c7 c2 00 1c 7d a1 e8 52 f1 43 ff 48 c7 c7 00 96 7b a1 e8 46 81 44 ff e9 fe fc ff ff <0f> 0b e9 a5 fa ff ff 48 c7 c1 80 44 5d a0 80 e1 07 80 c1 03 38 c1
00022  ksocklnd(O) lnet(O)
00022 RSP: 0018:ffffc90001437878 EFLAGS: 00010246
00022  libcfs(O)
00022 RAX: 0000000000000000 RBX: ffff888133cc2800 RCX: 0000000000000046
00022 RDX: 0000000000000000 RSI: ffff888137363478 RDI: ffff88802f35aaa8
00022 CPU: 0 UID: 0 PID: 1774 Comm: ll_ost00_000 Tainted: G        W  O        7.0.0-ktest-908a7d5-6330a45-20260729-dirty #1 PREEMPT 
00022 RBP: ffff8881373633e8 R08: ffffffff83a16803 R09: 1ffffffff0742d00
00022 Tainted: [W]=WARN, [O]=OOT_MODULE
00022 R10: dffffc0000000000 R11: fffffbfff0742d01 R12: ffff8881352ec830
00022 Hardware name: QEMU Standard PC (Q35 + ICH9, 2009), BIOS 2025.11-3ubuntu7 03/31/2026
00022 R13: dffffc0000000000 R14: 1ffff11026798500 R15: 1ffff11026a5d942
00022 FS:  0000000000000000(0000) GS:ffff8881d4aaa000(0000) knlGS:0000000000000000
00022 RIP: 0010:osd_create+0x9cf/0xcf0 [osd_wbcfs]
00022 Code: c7 c7 00 96 7b a1 48 c7 c6 a0 12 7d a1 48 c7 c2 00 1c 7d a1 e8 52 f1 43 ff 48 c7 c7 00 96 7b a1 e8 46 81 44 ff e9 fe fc ff ff <0f> 0b e9 a5 fa ff ff 48 c7 c1 80 44 5d a0 80 e1 07 80 c1 03 38 c1
00022 RSP: 0018:ffffc90001737878 EFLAGS: 00010246
00022 RAX: 0000000000000000 RBX: ffff888133c68800 RCX: 0000000000000046
00022 RDX: 0000000000000000 RSI: ffff88811b249818 RDI: ffff88802e59cb68
00022 RBP: ffff88811b249788 R08: ffffffff83a16803 R09: 1ffffffff0742d00
00022 R10: dffffc0000000000 R11: fffffbfff0742d01 R12: ffff88813faa4030
00022 R13: dffffc0000000000 R14: 1ffff1102678d100 R15: 1ffff11027f54842
00022 FS:  0000000000000000(0000) GS:ffff8881d4a2a000(0000) knlGS:0000000000000000
00022 CS:  0010 DS: 0000 ES: 0000 CR0: 0000000080050033
00022 CR2: 00007f48474056f0 CR3: 000000011d648000 CR4: 0000000000750eb0
00022 PKRU: 55555554
00022 Call Trace:
00022  <TASK>
00022  ? ofd_precreate_objects+0x1bd8/0x3220 [ofd]
00022  ? ofd_create_hdl+0x2015/0x3510 [ofd]
00022  ? tgt_request_handle+0x23ad/0x3d30 [ptlrpc]
00022  ? ptlrpc_main+0x6359/0x96f0 [ptlrpc]
00022 CS:  0010 DS: 0000 ES: 0000 CR0: 0000000080050033
00022  ? __kthread_parkme+0x73/0x130
00022 CR2: 00007f7923316710 CR3: 000000011d648000 CR4: 0000000000750eb0
00022 PKRU: 55555554
00022 Call Trace:
00022  <TASK>
00022  ? ofd_precreate_objects+0x1bd8/0x3220 [ofd]
00022  ? ptlrpc_main+0x6359/0x96f0 [ptlrpc]
00022  ? kthread+0x2cd/0x3a0
00022  ? __kthread_parkme+0x73/0x130
00022  ? kthread+0x2cd/0x3a0
00022  ? ptlrpc_start_thread+0x1f10/0x1f10 [ptlrpc]
00022  ? ofd_create_hdl+0x2015/0x3510 [ofd]
00022  ? ptlrpc_start_thread+0x1f10/0x1f10 [ptlrpc]
00022  ? tgt_request_handle+0x23ad/0x3d30 [ptlrpc]
00022  ? kthread_unuse_mm+0x130/0x130
00022  ? ret_from_fork+0x18c/0x520
00022  ? kthread_unuse_mm+0x130/0x130
00022  ? ret_from_fork_asm+0x11/0x20
00022  </TASK>
00022 ---[ end trace 0000000000000000 ]---
00022 ------------[ cut here ]------------
00022 WARNING: /home/ktest/git/linux/include/linux/fs.h:889 at osd_create+0x9cf/0xcf0 [osd_wbcfs], CPU#0: ll_ost00_000/1774
00022 Modules linked in: ofd(O) osp(O) mdd(O) lod(O) mdt(O) lquota(O) lfsck(O) mgs(O) osd_wbcfs(O) lustre(O) obdecho(O) mgc(O) mdc(O) lov(O) osc(O) lmv(O) ec(O) fid(O) fld(O) ptlrpc(O) efivarfs obdclass(O) ksocklnd(O) lnet(O) libcfs(O)
00022 CPU: 0 UID: 0 PID: 1774 Comm: ll_ost00_000 Tainted: G        W  O        7.0.0-ktest-908a7d5-6330a45-20260729-dirty #1 PREEMPT 
00022 Tainted: [W]=WARN, [O]=OOT_MODULE
00022 Hardware name: QEMU Standard PC (Q35 + ICH9, 2009), BIOS 2025.11-3ubuntu7 03/31/2026
00022 RIP: 0010:osd_create+0x9cf/0xcf0 [osd_wbcfs]
00022 Code: c7 c7 00 96 7b a1 48 c7 c6 a0 12 7d a1 48 c7 c2 00 1c 7d a1 e8 52 f1 43 ff 48 c7 c7 00 96 7b a1 e8 46 81 44 ff e9 fe fc ff ff <0f> 0b e9 a5 fa ff ff 48 c7 c1 80 44 5d a0 80 e1 07 80 c1 03 38 c1
00022 RSP: 0018:ffffc90001737878 EFLAGS: 00010246
00022 RAX: 0000000000000000 RBX: ffff888101314000 RCX: 0000000000000046
00022 RDX: 0000000000000000 RSI: ffff88811b249100 RDI: ffff88802e59cb68
00022 RBP: ffff88811b249070 R08: ffffffff83a16803 R09: 1ffffffff0742d00
00022 R10: dffffc0000000000 R11: fffffbfff0742d01 R12: ffff88813faa4030
00022 R13: dffffc0000000000 R14: 1ffff11020262800 R15: 1ffff11027f54842
00022 FS:  0000000000000000(0000) GS:ffff8881d4a2a000(0000) knlGS:0000000000000000
00022 CS:  0010 DS: 0000 ES: 0000 CR0: 0000000080050033
00022 CR2: 00007f48474056f0 CR3: 000000011d648000 CR4: 0000000000750eb0
00022 PKRU: 55555554
00022 Call Trace:
00022  <TASK>
00022  ? ofd_precreate_objects+0x1bd8/0x3220 [ofd]
00022  ? kthread_unuse_mm+0x130/0x130
00022  ? ofd_create_hdl+0x2015/0x3510 [ofd]
00022  ? tgt_request_handle+0x23ad/0x3d30 [ptlrpc]
00022  ? ptlrpc_main+0x6359/0x96f0 [ptlrpc]
00022  ? ret_from_fork+0x18c/0x520
00022  ? __kthread_parkme+0x73/0x130
00022  ? kthread+0x2cd/0x3a0
00022  ? ptlrpc_start_thread+0x1f10/0x1f10 [ptlrpc]
00022  ? ptlrpc_main+0x6359/0x96f0 [ptlrpc]
00022  ? kthread_unuse_mm+0x130/0x130
00022  ? kthread_unuse_mm+0x130/0x130
00022  ? ret_from_fork+0x18c/0x520
00022  ? kthread_unuse_mm+0x130/0x130
00022  ? __kthread_parkme+0x73/0x130
00022  ? ret_from_fork_asm+0x11/0x20
00022  </TASK>
00022 ---[ end trace 0000000000000000 ]---
00022 ------------[ cut here ]------------
00022  ? ret_from_fork_asm+0x11/0x20
00022  </TASK>
00048 == sanity test complete, duration 14 sec ================= 22:35:51 (1785364551)
00048 Lustre: DEBUG MARKER: == sanity test complete, duration 14 sec ================= 22:35:51 (1785364551)
00048 sanity: FAIL: test_6g mkdir '/mnt/lustre/d6g.sanity' failed
00048 sanity: FAIL: test_7b mkdir '/mnt/lustre/d7b.sanity' failed
00048 sanity: FAIL: test_9 mkdir '/mnt/lustre/d9.sanity' failed
00048 === sanity: start cleanup 22:35:52 (1785364552) ===
00048 Lustre: DEBUG MARKER: === sanity: start cleanup 22:35:52 (1785364552) ===
00048 skip cleanup
00048 === sanity: finish cleanup 22:35:52 (1785364552) ===
00048 Lustre: DEBUG MARKER: === sanity: finish cleanup 22:35:52 (1785364552) ===
00048 debug=super ioctl neterror warning dlmtrace error emerg ha rpctrace vfstrace config console lfsck
00048 sanity returned 1
00049 Finished at Wed Jul 29 22:35:52 UTC 2026 in 21s
00049 /host/home/ktest/git/lustre-release/lustre/tests/auster: completed with rc 0
00049 
00049 ========= PASSED sanity-quick in 41s
00049 
00049 Passed: sanity-quick
00049 Failed: 
00049 NOTICE: Automounting of tracing to debugfs is deprecated and will be removed in 2030
00049 ------------[ cut here ]------------
00049 WARNING: /home/ktest/git/linux/include/linux/fs.h:889 at ll_writepages+0x4d3/0x6d0 [lustre], CPU#1: kworker/u16:4/764
00049 Modules linked in: ofd(O) osp(O) mdd(O) lod(O) mdt(O) lquota(O) lfsck(O) mgs(O) osd_wbcfs(O) lustre(O) obdecho(O) mgc(O) mdc(O) lov(O) osc(O) lmv(O) ec(O) fid(O) fld(O) ptlrpc(O) efivarfs obdclass(O) ksocklnd(O) lnet(O) libcfs(O)
00049 CPU: 1 UID: 0 PID: 764 Comm: kworker/u16:4 Tainted: G        W  O        7.0.0-ktest-908a7d5-6330a45-20260729-dirty #1 PREEMPT 
00049 Tainted: [W]=WARN, [O]=OOT_MODULE
00049 Hardware name: QEMU Standard PC (Q35 + ICH9, 2009), BIOS 2025.11-3ubuntu7 03/31/2026
00049 Workqueue: writeback wb_workfn (flush-lustre-ffff888105f7e000)
00049 RIP: 0010:ll_writepages+0x4d3/0x6d0 [lustre]
00049 Code: 05 a6 a1 48 c7 c6 60 f9 75 a1 48 89 ca 49 89 c8 48 89 c3 e8 9f 43 d6 fe 48 89 d8 48 83 c4 30 5b 41 5c 41 5d 41 5e 41 5f 5d c3 <0f> 0b e9 21 fe ff ff 48 c7 c1 80 44 5d a0 80 e1 07 80 c1 03 38 c1
00049 RSP: 0018:ffffc90001e575d0 EFLAGS: 00010246
00049 RAX: 0000000000000000 RBX: 1ffff920003caf0e RCX: 0000000000000046
00049 RDX: 0000000000000000 RSI: ffff888028b19e50 RDI: ffff888118eeaa80
00049 RBP: ffff888028b19dc0 R08: ffff888028b19e3b R09: 1ffff110051633c7
00049 R10: dffffc0000000000 R11: ffffed10051633c8 R12: 0000000000000000
00049 R13: 0000000000000000 R14: ffffc90001e57850 R15: dffffc0000000000
00049 FS:  0000000000000000(0000) GS:ffff8881d4aaa000(0000) knlGS:0000000000000000
00049 CS:  0010 DS: 0000 ES: 0000 CR0: 0000000080050033
00049 CR2: 00007ff2060ee200 CR3: 000000000fa2a000 CR4: 0000000000750eb0
00049 PKRU: 55555554
00049 Call Trace:
00049  <TASK>
00049  do_writepages+0x250/0x3a0
00049  ? reacquire_held_locks+0xfc/0x160
00049  ? writeback_sb_inodes+0x37c/0x13e0
00049  __writeback_single_inode+0xec/0xc00
00049  writeback_sb_inodes+0x6ee/0x13e0
00049  __writeback_inodes_wb+0x124/0x1f0
00049  wb_writeback+0x2ea/0x6f0
00049  wb_workfn+0x55b/0x9c0
00049  ? process_scheduled_works+0x805/0x1090
00049  process_scheduled_works+0x867/0x1090
00049  worker_thread+0x86d/0xcb0
00049  ? do_raw_spin_unlock+0x52/0x230
00049  kthread+0x2cd/0x3a0
00049  ? pr_cont_work+0x4b0/0x4b0
00049  ? kthread_unuse_mm+0x130/0x130
00049  ret_from_fork+0x18c/0x520
00049  ? kthread_unuse_mm+0x130/0x130
00049  ret_from_fork_asm+0x11/0x20
00049  </TASK>
00049 ---[ end trace 0000000000000000 ]---
00049 ------------[ cut here ]------------
00049 WARNING: /home/ktest/git/linux/include/linux/fs.h:889 at ll_writepages+0x4d3/0x6d0 [lustre], CPU#1: kworker/u16:4/764
00049 Modules linked in: ofd(O) osp(O) mdd(O) lod(O) mdt(O) lquota(O) lfsck(O) mgs(O) osd_wbcfs(O) lustre(O) obdecho(O) mgc(O) mdc(O) lov(O) osc(O) lmv(O) ec(O) fid(O) fld(O) ptlrpc(O) efivarfs obdclass(O) ksocklnd(O) lnet(O) libcfs(O)
00049 CPU: 1 UID: 0 PID: 764 Comm: kworker/u16:4 Tainted: G        W  O        7.0.0-ktest-908a7d5-6330a45-20260729-dirty #1 PREEMPT 
00049 Tainted: [W]=WARN, [O]=OOT_MODULE
00049 Hardware name: QEMU Standard PC (Q35 + ICH9, 2009), BIOS 2025.11-3ubuntu7 03/31/2026
00049 Workqueue: writeback wb_workfn (flush-lustre-ffff888105f7e000)
00049 RIP: 0010:ll_writepages+0x4d3/0x6d0 [lustre]
00049 Code: 05 a6 a1 48 c7 c6 60 f9 75 a1 48 89 ca 49 89 c8 48 89 c3 e8 9f 43 d6 fe 48 89 d8 48 83 c4 30 5b 41 5c 41 5d 41 5e 41 5f 5d c3 <0f> 0b e9 21 fe ff ff 48 c7 c1 80 44 5d a0 80 e1 07 80 c1 03 38 c1
00049 RSP: 0018:ffffc90001e575d0 EFLAGS: 00010246
00049 RAX: 0000000000000000 RBX: 1ffff920003caf0e RCX: 0000000000000046
00049 RDX: 0000000000000000 RSI: ffff888073521e50 RDI: ffff888118eeaa80
00049 RBP: ffff888073521dc0 R08: ffff888073521e3b R09: 1ffff1100e6a43c7
00049 R10: dffffc0000000000 R11: ffffed100e6a43c8 R12: 0000000000000000
00049 R13: 0000000000000000 R14: ffffc90001e57850 R15: dffffc0000000000
00049 FS:  0000000000000000(0000) GS:ffff8881d4aaa000(0000) knlGS:0000000000000000
00049 CS:  0010 DS: 0000 ES: 0000 CR0: 0000000080050033
00049 CR2: 00007ff2060ee200 CR3: 000000000fa2a000 CR4: 0000000000750eb0
00049 PKRU: 55555554
00049 Call Trace:
00049  <TASK>
00049  do_writepages+0x250/0x3a0
00049  ? reacquire_held_locks+0xfc/0x160
00049  ? writeback_sb_inodes+0x37c/0x13e0
00049  __writeback_single_inode+0xec/0xc00
00049  writeback_sb_inodes+0x6ee/0x13e0
00049  __writeback_inodes_wb+0x124/0x1f0
00049  wb_writeback+0x2ea/0x6f0
00049  wb_workfn+0x55b/0x9c0
00049  ? process_scheduled_works+0x805/0x1090
00049  process_scheduled_works+0x867/0x1090
00049  worker_thread+0x86d/0xcb0
00049  ? do_raw_spin_unlock+0x52/0x230
00049  kthread+0x2cd/0x3a0
00049  ? pr_cont_work+0x4b0/0x4b0
00049  ? kthread_unuse_mm+0x130/0x130
00049  ret_from_fork+0x18c/0x520
00049  ? kthread_unuse_mm+0x130/0x130
00049  ret_from_fork_asm+0x11/0x20
00049  </TASK>
00049 ---[ end trace 0000000000000000 ]---
00049 ------------[ cut here ]------------
00049 WARNING: /home/ktest/git/linux/include/linux/fs.h:889 at ll_writepages+0x4d3/0x6d0 [lustre], CPU#1: kworker/u16:4/764
00049 Modules linked in: ofd(O) osp(O) mdd(O) lod(O) mdt(O) lquota(O) lfsck(O) mgs(O) osd_wbcfs(O) lustre(O) obdecho(O) mgc(O) mdc(O) lov(O) osc(O) lmv(O) ec(O) fid(O) fld(O) ptlrpc(O) efivarfs obdclass(O) ksocklnd(O) lnet(O) libcfs(O)
00049 CPU: 1 UID: 0 PID: 764 Comm: kworker/u16:4 Tainted: G        W  O        7.0.0-ktest-908a7d5-6330a45-20260729-dirty #1 PREEMPT 
00049 Tainted: [W]=WARN, [O]=OOT_MODULE
00049 Hardware name: QEMU Standard PC (Q35 + ICH9, 2009), BIOS 2025.11-3ubuntu7 03/31/2026
00049 Workqueue: writeback wb_workfn (flush-lustre-ffff888105f7e000)
00049 RIP: 0010:ll_writepages+0x4d3/0x6d0 [lustre]
00049 Code: 05 a6 a1 48 c7 c6 60 f9 75 a1 48 89 ca 49 89 c8 48 89 c3 e8 9f 43 d6 fe 48 89 d8 48 83 c4 30 5b 41 5c 41 5d 41 5e 41 5f 5d c3 <0f> 0b e9 21 fe ff ff 48 c7 c1 80 44 5d a0 80 e1 07 80 c1 03 38 c1
00049 RSP: 0018:ffffc90001e575d0 EFLAGS: 00010246
00049 RAX: 0000000000000000 RBX: 1ffff920003caf0e RCX: 0000000000000046
00049 RDX: 0000000000000000 RSI: ffff888028b19010 RDI: ffff888118eeaa80
00049 RBP: ffff888028b18f80 R08: ffff888028b18ffb R09: 1ffff110051631ff
00049 R10: dffffc0000000000 R11: ffffed1005163200 R12: 0000000000000000
00049 R13: 0000000000000000 R14: ffffc90001e57850 R15: dffffc0000000000
00049 FS:  0000000000000000(0000) GS:ffff8881d4aaa000(0000) knlGS:0000000000000000
00049 CS:  0010 DS: 0000 ES: 0000 CR0: 0000000080050033
00049 CR2: 00007ff2060ee200 CR3: 000000000fa2a000 CR4: 0000000000750eb0
00049 PKRU: 55555554
00049 Call Trace:
00049  <TASK>
00049  do_writepages+0x250/0x3a0
00049  ? reacquire_held_locks+0xfc/0x160
00049  ? writeback_sb_inodes+0x37c/0x13e0
00049  __writeback_single_inode+0xec/0xc00
00049  writeback_sb_inodes+0x6ee/0x13e0
00049  __writeback_inodes_wb+0x124/0x1f0
00049  wb_writeback+0x2ea/0x6f0
00049  wb_workfn+0x55b/0x9c0
00049  ? process_scheduled_works+0x805/0x1090
00049  process_scheduled_works+0x867/0x1090
00049  worker_thread+0x86d/0xcb0
00049  ? do_raw_spin_unlock+0x52/0x230
00049  kthread+0x2cd/0x3a0
00049  ? pr_cont_work+0x4b0/0x4b0
00049  ? kthread_unuse_mm+0x130/0x130
00049  ret_from_fork+0x18c/0x520
00049  ? kthread_unuse_mm+0x130/0x130
00049  ret_from_fork_asm+0x11/0x20
00049  </TASK>
00049 ---[ end trace 0000000000000000 ]---
00049 ------------[ cut here ]------------
00049 WARNING: /home/ktest/git/linux/include/linux/fs.h:889 at ll_writepages+0x4d3/0x6d0 [lustre], CPU#1: kworker/u16:4/764
00049 Modules linked in: ofd(O) osp(O) mdd(O) lod(O) mdt(O) lquota(O) lfsck(O) mgs(O) osd_wbcfs(O) lustre(O) obdecho(O) mgc(O) mdc(O) lov(O) osc(O) lmv(O) ec(O) fid(O) fld(O) ptlrpc(O) efivarfs obdclass(O) ksocklnd(O) lnet(O) libcfs(O)
00049 CPU: 1 UID: 0 PID: 764 Comm: kworker/u16:4 Tainted: G        W  O        7.0.0-ktest-908a7d5-6330a45-20260729-dirty #1 PREEMPT 
00049 Tainted: [W]=WARN, [O]=OOT_MODULE
00049 Hardware name: QEMU Standard PC (Q35 + ICH9, 2009), BIOS 2025.11-3ubuntu7 03/31/2026
00049 Workqueue: writeback wb_workfn (flush-lustre-ffff888105f7e000)
00049 RIP: 0010:ll_writepages+0x4d3/0x6d0 [lustre]
00049 Code: 05 a6 a1 48 c7 c6 60 f9 75 a1 48 89 ca 49 89 c8 48 89 c3 e8 9f 43 d6 fe 48 89 d8 48 83 c4 30 5b 41 5c 41 5d 41 5e 41 5f 5d c3 <0f> 0b e9 21 fe ff ff 48 c7 c1 80 44 5d a0 80 e1 07 80 c1 03 38 c1
00049 RSP: 0018:ffffc90001e575d0 EFLAGS: 00010246
00049 RAX: 0000000000000000 RBX: 1ffff920003caf0e RCX: 0000000000000046
00049 RDX: 0000000000000000 RSI: ffff888028a8c910 RDI: ffff888118eeaa80
00049 RBP: ffff888028a8c880 R08: ffff888028a8c8fb R09: 1ffff1100515191f
00049 R10: dffffc0000000000 R11: ffffed1005151920 R12: 0000000000000000
00049 R13: 0000000000000000 R14: ffffc90001e57850 R15: dffffc0000000000
00049 FS:  0000000000000000(0000) GS:ffff8881d4aaa000(0000) knlGS:0000000000000000
00049 CS:  0010 DS: 0000 ES: 0000 CR0: 0000000080050033
00049 CR2: 00007ff2060ee200 CR3: 000000000fa2a000 CR4: 0000000000750eb0
00049 PKRU: 55555554
00049 Call Trace:
00049  <TASK>
00049  do_writepages+0x250/0x3a0
00049  ? reacquire_held_locks+0xfc/0x160
00049  ? writeback_sb_inodes+0x37c/0x13e0
00049  __writeback_single_inode+0xec/0xc00
00049  writeback_sb_inodes+0x6ee/0x13e0
00049  __writeback_inodes_wb+0x124/0x1f0
00049  wb_writeback+0x2ea/0x6f0
00049  wb_workfn+0x55b/0x9c0
00049  ? process_scheduled_works+0x805/0x1090
00049  process_scheduled_works+0x867/0x1090
00049  worker_thread+0x86d/0xcb0
00049  ? do_raw_spin_unlock+0x52/0x230
00049  kthread+0x2cd/0x3a0
00049  ? pr_cont_work+0x4b0/0x4b0
00049  ? kthread_unuse_mm+0x130/0x130
00049  ret_from_fork+0x18c/0x520
00049  ? kthread_unuse_mm+0x130/0x130
00049  ret_from_fork_asm+0x11/0x20
00049  </TASK>
00049 ---[ end trace 0000000000000000 ]---
00049 ------------[ cut here ]------------
00049 WARNING: /home/ktest/git/linux/include/linux/fs.h:889 at ll_writepages+0x4d3/0x6d0 [lustre], CPU#1: kworker/u16:4/764
00049 Modules linked in: ofd(O) osp(O) mdd(O) lod(O) mdt(O) lquota(O) lfsck(O) mgs(O) osd_wbcfs(O) lustre(O) obdecho(O) mgc(O) mdc(O) lov(O) osc(O) lmv(O) ec(O) fid(O) fld(O) ptlrpc(O) efivarfs obdclass(O) ksocklnd(O) lnet(O) libcfs(O)
00049 CPU: 1 UID: 0 PID: 764 Comm: kworker/u16:4 Tainted: G        W  O        7.0.0-ktest-908a7d5-6330a45-20260729-dirty #1 PREEMPT 
00049 Tainted: [W]=WARN, [O]=OOT_MODULE
00049 Hardware name: QEMU Standard PC (Q35 + ICH9, 2009), BIOS 2025.11-3ubuntu7 03/31/2026
00049 Workqueue: writeback wb_workfn (flush-lustre-ffff888105f7e000)
00049 RIP: 0010:ll_writepages+0x4d3/0x6d0 [lustre]
00049 Code: 05 a6 a1 48 c7 c6 60 f9 75 a1 48 89 ca 49 89 c8 48 89 c3 e8 9f 43 d6 fe 48 89 d8 48 83 c4 30 5b 41 5c 41 5d 41 5e 41 5f 5d c3 <0f> 0b e9 21 fe ff ff 48 c7 c1 80 44 5d a0 80 e1 07 80 c1 03 38 c1
00049 RSP: 0018:ffffc90001e575d0 EFLAGS: 00010246
00049 RAX: 0000000000000000 RBX: 1ffff920003caf0e RCX: 0000000000000046
00049 RDX: 0000000000000000 RSI: ffff88802fd5d750 RDI: ffff888118eeaa80
00049 RBP: ffff88802fd5d6c0 R08: ffff88802fd5d73b R09: 1ffff11005fabae7
00049 R10: dffffc0000000000 R11: ffffed1005fabae8 R12: 0000000000000000
00049 R13: 0000000000000000 R14: ffffc90001e57850 R15: dffffc0000000000
00049 FS:  0000000000000000(0000) GS:ffff8881d4aaa000(0000) knlGS:0000000000000000
00049 CS:  0010 DS: 0000 ES: 0000 CR0: 0000000080050033
00049 CR2: 00007ff2060ee200 CR3: 000000000fa2a000 CR4: 0000000000750eb0
00049 PKRU: 55555554
00049 Call Trace:
00049  <TASK>
00049  do_writepages+0x250/0x3a0
00049  ? reacquire_held_locks+0xfc/0x160
00049  ? writeback_sb_inodes+0x37c/0x13e0
00049  __writeback_single_inode+0xec/0xc00
00049  writeback_sb_inodes+0x6ee/0x13e0
00049  __writeback_inodes_wb+0x124/0x1f0
00049  wb_writeback+0x2ea/0x6f0
00049  wb_workfn+0x55b/0x9c0
00049  ? process_scheduled_works+0x805/0x1090
00049  process_scheduled_works+0x867/0x1090
00049  worker_thread+0x86d/0xcb0
00049  ? do_raw_spin_unlock+0x52/0x230
00049  kthread+0x2cd/0x3a0
00049  ? pr_cont_work+0x4b0/0x4b0
00049  ? kthread_unuse_mm+0x130/0x130
00049  ret_from_fork+0x18c/0x520
00049  ? kthread_unuse_mm+0x130/0x130
00049  ret_from_fork_asm+0x11/0x20
00049  </TASK>
00049 ---[ end trace 0000000000000000 ]---
00049 ------------[ cut here ]------------
00049 WARNING: /home/ktest/git/linux/include/linux/fs.h:889 at ll_writepages+0x4d3/0x6d0 [lustre], CPU#1: kworker/u16:4/764
00049 Modules linked in: ofd(O) osp(O) mdd(O) lod(O) mdt(O) lquota(O) lfsck(O) mgs(O) osd_wbcfs(O) lustre(O) obdecho(O) mgc(O) mdc(O) lov(O) osc(O) lmv(O) ec(O) fid(O) fld(O) ptlrpc(O) efivarfs obdclass(O) ksocklnd(O) lnet(O) libcfs(O)
00049 CPU: 1 UID: 0 PID: 764 Comm: kworker/u16:4 Tainted: G        W  O        7.0.0-ktest-908a7d5-6330a45-20260729-dirty #1 PREEMPT 
00049 Tainted: [W]=WARN, [O]=OOT_MODULE
00049 Hardware name: QEMU Standard PC (Q35 + ICH9, 2009), BIOS 2025.11-3ubuntu7 03/31/2026
00049 Workqueue: writeback wb_workfn (flush-lustre-ffff888105f7e000)
00049 RIP: 0010:ll_writepages+0x4d3/0x6d0 [lustre]
00049 Code: 05 a6 a1 48 c7 c6 60 f9 75 a1 48 89 ca 49 89 c8 48 89 c3 e8 9f 43 d6 fe 48 89 d8 48 83 c4 30 5b 41 5c 41 5d 41 5e 41 5f 5d c3 <0f> 0b e9 21 fe ff ff 48 c7 c1 80 44 5d a0 80 e1 07 80 c1 03 38 c1
00049 RSP: 0018:ffffc90001e575d0 EFLAGS: 00010246
00049 RAX: 0000000000000000 RBX: 1ffff920003caf0e RCX: 0000000000000046
00049 RDX: 0000000000000000 RSI: ffff88802fd5bad0 RDI: ffff888118eeaa80
00049 RBP: ffff88802fd5ba40 R08: ffff88802fd5babb R09: 1ffff11005fab757
00049 R10: dffffc0000000000 R11: ffffed1005fab758 R12: 0000000000000000
00049 R13: 0000000000000000 R14: ffffc90001e57850 R15: dffffc0000000000
00049 FS:  0000000000000000(0000) GS:ffff8881d4aaa000(0000) knlGS:0000000000000000
00049 CS:  0010 DS: 0000 ES: 0000 CR0: 0000000080050033
00049 CR2: 00007ff2060ee200 CR3: 000000000fa2a000 CR4: 0000000000750eb0
00049 PKRU: 55555554
00049 Call Trace:
00049  <TASK>
00049  do_writepages+0x250/0x3a0
00049  ? reacquire_held_locks+0xfc/0x160
00049  ? writeback_sb_inodes+0x37c/0x13e0
00049  __writeback_single_inode+0xec/0xc00
00049  writeback_sb_inodes+0x6ee/0x13e0
00049  __writeback_inodes_wb+0x124/0x1f0
00049  wb_writeback+0x2ea/0x6f0
00049  wb_workfn+0x55b/0x9c0
00049  ? process_scheduled_works+0x805/0x1090
00049  process_scheduled_works+0x867/0x1090
00049  worker_thread+0x86d/0xcb0
00049  ? do_raw_spin_unlock+0x52/0x230
00049  kthread+0x2cd/0x3a0
00049  ? pr_cont_work+0x4b0/0x4b0
00049  ? kthread_unuse_mm+0x130/0x130
00049  ret_from_fork+0x18c/0x520
00049  ? kthread_unuse_mm+0x130/0x130
00049  ret_from_fork_asm+0x11/0x20
00049  </TASK>
00049 ---[ end trace 0000000000000000 ]---
00049 ------------[ cut here ]------------
00049 WARNING: /home/ktest/git/linux/include/linux/fs.h:889 at ll_writepages+0x4d3/0x6d0 [lustre], CPU#1: kworker/u16:4/764
00049 Modules linked in: ofd(O) osp(O) mdd(O) lod(O) mdt(O) lquota(O) lfsck(O) mgs(O) osd_wbcfs(O) lustre(O) obdecho(O) mgc(O) mdc(O) lov(O) osc(O) lmv(O) ec(O) fid(O) fld(O) ptlrpc(O) efivarfs obdclass(O) ksocklnd(O) lnet(O) libcfs(O)
00049 CPU: 1 UID: 0 PID: 764 Comm: kworker/u16:4 Tainted: G        W  O        7.0.0-ktest-908a7d5-6330a45-20260729-dirty #1 PREEMPT 
00049 Tainted: [W]=WARN, [O]=OOT_MODULE
00049 Hardware name: QEMU Standard PC (Q35 + ICH9, 2009), BIOS 2025.11-3ubuntu7 03/31/2026
00049 Workqueue: writeback wb_workfn (flush-lustre-ffff888105f7e000)
00049 RIP: 0010:ll_writepages+0x4d3/0x6d0 [lustre]
00049 Code: 05 a6 a1 48 c7 c6 60 f9 75 a1 48 89 ca 49 89 c8 48 89 c3 e8 9f 43 d6 fe 48 89 d8 48 83 c4 30 5b 41 5c 41 5d 41 5e 41 5f 5d c3 <0f> 0b e9 21 fe ff ff 48 c7 c1 80 44 5d a0 80 e1 07 80 c1 03 38 c1
00049 RSP: 0018:ffffc90001e575d0 EFLAGS: 00010246
00049 RAX: 0000000000000000 RBX: 1ffff920003caf0e RCX: 0000000000000046
00049 RDX: 0000000000000000 RSI: ffff88802fd5ac90 RDI: ffff888118eeaa80
00049 RBP: ffff88802fd5ac00 R08: ffff88802fd5ac7b R09: 1ffff11005fab58f
00049 R10: dffffc0000000000 R11: ffffed1005fab590 R12: 0000000000000000
00049 R13: 0000000000000000 R14: ffffc90001e57850 R15: dffffc0000000000
00049 FS:  0000000000000000(0000) GS:ffff8881d4aaa000(0000) knlGS:0000000000000000
00049 CS:  0010 DS: 0000 ES: 0000 CR0: 0000000080050033
00049 CR2: 00007ff2060ee200 CR3: 000000000fa2a000 CR4: 0000000000750eb0
00049 PKRU: 55555554
00049 Call Trace:
00049  <TASK>
00049  do_writepages+0x250/0x3a0
00049  ? reacquire_held_locks+0xfc/0x160
00049  ? writeback_sb_inodes+0x37c/0x13e0
00049  __writeback_single_inode+0xec/0xc00
00049  writeback_sb_inodes+0x6ee/0x13e0
00049  __writeback_inodes_wb+0x124/0x1f0
00049  wb_writeback+0x2ea/0x6f0
00049  wb_workfn+0x55b/0x9c0
00049  ? process_scheduled_works+0x805/0x1090
00049  process_scheduled_works+0x867/0x1090
00049  worker_thread+0x86d/0xcb0
00049  ? do_raw_spin_unlock+0x52/0x230
00049  kthread+0x2cd/0x3a0
00049  ? pr_cont_work+0x4b0/0x4b0
00049  ? kthread_unuse_mm+0x130/0x130
00049  ret_from_fork+0x18c/0x520
00049  ? kthread_unuse_mm+0x130/0x130
00049  ret_from_fork_asm+0x11/0x20
00049  </TASK>
00049 ---[ end trace 0000000000000000 ]---
00049 Kernel version: 7.0.0-ktest-908a7d5-6330a45-20260729-dirty
00049 TEST SUCCESS
