00001 
00002 init: failed to load nvme_core
00002 init: failed to load nvme
00002 init: failed to load zfs
00003 LNetError: 1:0:(lib-socket.c:619:lnet_inet_enumerate()) lnet: Can't find any usable interfaces, rc = -ENOENT
00003 LNetError: Error -100 starting up LNI tcp
00003 LustreError: 1:0:(events.c:627:ptlrpc_init_portals()) network initialisation failed: rc = -100
00003 init: finit_module /lib/modules/7.0.0-ktest-bf7747f-6330a45-20260814-dirty/updates/ptlrpc.ko: Network is down
00003 init: failed to load lustre
00003 init: failed to load osd_zfs
00003 init: failed to load iwlwifi
00003 init: failed to load iwlmvm
00003 init: failed to load mt7921e
00003 init: failed to load i915
00003 init: failed to load nouveau
00007 tlp: vm.laptop_mode is deprecated. Ignoring setting.
00007 Kernel version: 7.0.0-ktest-bf7747f-6330a45-20260814-dirty
00008 hook init_noop
00008 
00008 Running tests sanity-quick
00008 
00008 ========= TEST   sanity-quick
00008 0a 0b 0c 0d 0e 1 2 3 4 5 6a 6c 6e 6g 6h 6i 7a 7b 8 9 10 11 12 13 14 15 16 17a 17b 17c 17d 17e 17f 17g 17h 17i 17k 17l 17m 17n 17o 17p 17q 18 19a 19b 19c 19d 20 21 22 23a 23b 23c 23d 24a 24b 24c 24d 24e 24f 24g 24h 24i 24j 24k 24l 24m 24n 24o 24p 24q 24r 24s 24t 24u 24v 24w 24x 24y 24z 24A 24B 24C 24E 24F 24G 24H 24I 25a 25b 26a 26b 26c 26d 26e 26f 27a 27b 27ca 27cb 27cc 27cd 27ce 27cf 27cg 27d 27e 27f 27g 27ga 27i 27j 27k 27l 27m 27n 27o 27oo 27p 27q 27r 27s 27t 27u 27v 27w 27wa 27x 27y 27z 27A 27B 27Ca 27Cb 27Cc 27Cd 27Ce 27Cf 27Cg 27Ci 27Cj 27D 27E 27F 27G 27H 27I 27Ia 27J 27K 27Ke 27L 27M 27N 27O 27P 27Q 27R 27T 27U 27V 27W 27X 28 29 30a 30b 30c 30d 31a 31b 31c 31d 31e 31f 31g 31h 31i 31j 31k 31l 31m 31n 31o 31p 31q 31r 32a 32b 32c 32d 32e 32f 32g 32h 32i 32j 32k 32l 32m 32n 32o 32p 32q 32r 33aa 33a 33b 33c 33d 33e 33f 33g 33h 33hh 33i 33j 34a 34b 34c 34d 34e 34f 34g 34h 35a 36a 36b 36c 36d 36e 36f 36g 36h 36i 38 39a 39b 39c 39d 39e 39f 39g 39h 39i 39j 39k 39l 39m 39n 39o 39p 39r 39q 39s 39u 40 41 42a 42b 42c 42d 42e 43A 43a 43b 43c 44A 44a 44b 44c 44d 44e 44f 44g 45 46 48a 48b 48c 48d 48e 48f 49a 49b 49c 50 51a 51b 51c 51d 51e 51f 52a 52b 53 54a 54b 54c 54d 54e 55a 55b 55c 56a 56b 56bb 56bc 56bd 56c 56ca 56d 56e 56g 56h 56i 56ib 56j 56k 56l 56m 56n 56o 56ob 56oc 56od 56oe 56p 56q 56r 56ra 56rb 56rc 56rd 56re 56rf 56s 56t 56u 56v 56wa 56wb 56wc 56wd 56we 56x 56xB 56xC 56xD 56xa 56xab 56xb 56xc 56xd 56xe 56xf 56xg 56xh 56xi 56xj 56xk 56xl 56y 56z 56Aa 56ab 56aca 56acb 56acc 56Ba 56Ca 56Da 56Db 56Dc 56Dd 56Ea 56Eaa 56Eab 56Eb 56Ebb 56Ec 56Ed 56Eda 56Edb 56Ef 56Eg 56Eh 56Ei 56Ej 56Ek 57a 57b 58 59 60a 60b 60c 60d 60e 60f 60g 60h 60i 60j 61a 61b 63a 63b 64a 64b 64c 64d 64e 64f 64g 64h 64i 64j 65a 65b 65c 65d 65e 65f 65g 65h 65i 65j 65k 65l 65m 65n 65o 65p 65q 65r 66 69 70a 71 72a 72b 73 74a 74b 74c 76a 76b 77a 77b 77c 77d 77f 77g 77k 77l 77m 77n 77o 78 79 80 81a 81b 99 100 101a 101b 101c 101d 101e 101f 101g 101h 101i 101j 101m 102a 102b 102c 102d 102f 102h 102ha 102i 102j 102k 102l 102m 102n 102p 102q 102r 102s 102t 103a 103b 103c 103e 103f 103g 104a 104b 104c 104d 105a 105b 105c 105d 105e 105f 105g 105h 105i 106 107 110 116a 116b 117 118a 118b 118c 118d 118f 118g 118h 118i 118j 118k 118l 118m 118n 119a 119b 119c 119e 119f 119g 119h 119i 119j 119k 119m 119n 119o 119p 119q 119r 120a 120b 120c 120d 120e 120f 120g 121 123aa 123ab 123ac 123ad 123b 123c 123d 123e 123f 123g 123h 123i 123j 123k 123l 124a 124b 124c 124d 124e 124f 124g 125 126 127a 127b 127c 127d 127e 127f 128 129 130a 130b 130c 130d 130e 130f 130g 130h 130i 131a 131b 131c 131d 131e 133a 133b 133c 133d 133e 133f 133g 133h 134a 134b 135 136 140 150a 150b 150bb 150c 150d 150e 150f 150g 150h 150ia 150ib 150ic 151 152 153 154A 154B 154C 154a 154b 154c 154d 154e 154ea 154f 154g 154h 154i 154j 155a 155b 155c 155d 155e 155f 155g 155h 156 157a 157b 160a 160b 160c 160d 160e 160f 160g 160h 160i 160j 160k 160l 160m 160n 160o 160p 160q 160s 160t 160u 160v 160w 161a 161b 161c 161d 162a 162b 162c 165a 165b 165c 165d 165e 165f 165g 169 170a 170b 171 172 180a 180b 180c 181 182a 182b 183 184a 184b 184c 184d 184e 184f 185 185a 187a 187b 190a 190b 190c 200 204a 204b 204c 204d 204e 204f 204g 204h 205a 205b 205c 205d 205e 205f 205g 205h 205i 205k 205l 205m 206 207a 207b 208 209 210 212 213 214 215 216 217 218 219 220 221 222a 222b 223 224a 224b 224c 224d 225a 225b 226a 226b 226c 226d 226e 227 228a 228b 228c 229 230a 230b 230c 230d 230e 230f 230g 230h 230i 230j 230k 230l 230m 230n 230o 230p 230q 230r 230s 230t 230u 230v 230w 230x 230y 230z 230A 230B 231a 231b 232a 232b 233a 233b 234 235 236 238 239A 239a 239b 240 241a 241b 242 243 244a 244b 245a 245b 247a 247b 247c 247d 247e 247f 247g 247h 248a 248b 248c 248d 249 250 251a 252 253 254 255a 255b 255c 256 257 258a 258b 259 260 270a 270b 270c 270d 270e 270f 270g 270h 270i 270j 271a 271b 271ba 271c 271d 271f 271g 272a 272b 272c 272d 272e 272f 273a 273b 273c 275 276 277 278 280 300a 300b 300c 300d 300e 300f 300g 300h 300i 300j 300k 300l 300m 300n 300ne 300o 300p 300q 300r 300s 300t 300ua 300ub 300uc 300ud 300ue 300uf 300ug 300uh 300ui 300uj 310a 310b 310c 311 312 313 314 315 316 317 318 319 350 398a 398b 398c 398d 398e 398f 398g 398h 398i 398j 398k 398l 398m 398n 398o 398p 398q 398r 398s 398t 398u 399a 399b 400a 400b 401a 401aa 401ab 401ac 401ad 401b 401c 401d 401db 401e 401fa 401fb 401ga 401gb 401gc 401gd 402 403 404 405 406 407 408 409 410 411a 411b 412 413A 413a 413b 413c 413d 413e 413f 413g 413h 413i 413j 413k 413l 413z 414 415 416 417 418 419 420 421a 421b 421c 421d 421e 421f 421g 421h 422 423 424 425 426 427 428 429 430a 430b 430c 431 432 433 434 440 442 460d 600a 600b 600c 600d 801a 801b 801c 802b 802c 803a 803b 804 805 806 807a 807b 808 809 810 812a 812b 812c 813 814 815 816 817 818 819a 819b 820 823 831 832 833 834 842 850 851 852 853 854 855 860 900 901 902 903 904 905 906 907 908a 908b 909 910 911 920
00008 17d 17e 17f 17g 17h 17i 17k 17l 17m 17n
00008 17d,17e,17f,17g,17h,17i,17k,17l,17m,17n
00011 SETUP LUSTRE ... LNet: Added LNI 10.0.2.15@tcp [8/256/0/180]
00013 Lustre: Echo OBD driver; http://www.lustre.org/
00013 Lustre: 1727:0:(mdt_handler.c:64:mdt_max_mod_rpcs_per_client_set()) max_mod_rpcs_per_client is deprecated, set mdt.*.max_mod_rpcs_in_flight parameter instead
00013 ------------[ cut here ]------------
00013 WARNING: /home/ktest/git/linux/include/linux/fs.h:889 at osd_create+0x9cf/0xcf0 [osd_wbcfs], CPU#3: ll_mgs_0002/1724
00013 Modules linked in: mdt(O) lquota(O) lfsck(O) mgs(O) osd_wbcfs(O) lustre(O) obdecho(O) mgc(O) mdc(O) lov(O) osc(O) lmv(O) ec(O) fid(O) fld(O) ptlrpc(O) efivarfs obdclass(O) ksocklnd(O) lnet(O) libcfs(O)
00013 CPU: 3 UID: 0 PID: 1724 Comm: ll_mgs_0002 Tainted: G           O        7.0.0-ktest-bf7747f-6330a45-20260814-dirty #1 PREEMPT 
00013 Tainted: [O]=OOT_MODULE
00013 Hardware name: QEMU Standard PC (Q35 + ICH9, 2009), BIOS 2025.11-3ubuntu7 03/31/2026
00013 RIP: 0010:osd_create+0x9cf/0xcf0 [osd_wbcfs]
00013 Code: c7 c7 00 96 7b a1 48 c7 c6 a0 12 7d a1 48 c7 c2 00 1c 7d a1 e8 52 f1 43 ff 48 c7 c7 00 96 7b a1 e8 46 81 44 ff e9 fe fc ff ff <0f> 0b e9 a5 fa ff ff 48 c7 c1 80 44 5d a0 80 e1 07 80 c1 03 38 c1
00013 RSP: 0018:ffffc900012f7740 EFLAGS: 00010246
00013 RAX: 0000000000000000 RBX: ffff88810765cc00 RCX: 0000000000000046
00013 RDX: 0000000000000000 RSI: ffff88802f767b68 RDI: ffff888025014b68
00013 RBP: ffff88802f767ad8 R08: ffffffff83a16803 R09: 1ffffffff0742d00
00013 R10: dffffc0000000000 R11: fffffbfff0742d01 R12: ffff888137136000
00013 R13: dffffc0000000000 R14: 1ffff11020ecb980 R15: 1ffff11026e26c0f
00013 FS:  0000000000000000(0000) GS:ffff8881d4baa000(0000) knlGS:0000000000000000
00013 CS:  0010 DS: 0000 ES: 0000 CR0: 0000000080050033
00013 CR2: 00007eff6c9e6194 CR3: 0000000103d39000 CR4: 0000000000750eb0
00013 PKRU: 55555554
00013 Call Trace:
00013  <TASK>
00013  ? local_object_create+0x109/0x640 [obdclass]
00013  ? dt_write_lock+0x16d/0x2a0 [obdclass]
00013  ? llog_osd_create+0x356/0x10d0 [obdclass]
00013  ? llog_create+0x2ed/0x530 [obdclass]
00013  ? llog_open_create+0x6e7/0xb30 [obdclass]
00013  ? mgs_find_or_make_fsdb_nolock+0x16d4/0x2d80 [mgs]
00013  ? class_find_param+0x25/0x70 [obdclass]
00013  ? mgs_find_or_make_fsdb+0xda/0x1f0 [mgs]
00013  ? mgs_target_reg+0x2333/0x4480 [mgs]
00013  ? tgt_request_handle+0x23ad/0x3d30 [ptlrpc]
00013  ? ptlrpc_main+0x6359/0x96f0 [ptlrpc]
00013  ? __kthread_parkme+0x73/0x130
00013  ? kthread+0x2cd/0x3a0
00013  ? ptlrpc_start_thread+0x1f10/0x1f10 [ptlrpc]
00013  ? kthread_unuse_mm+0x130/0x130
00013  ? ret_from_fork+0x18c/0x520
00013  ? kthread_unuse_mm+0x130/0x130
00013  ? ret_from_fork_asm+0x11/0x20
00013  </TASK>
00013 ---[ end trace 0000000000000000 ]---
00013 ------------[ cut here ]------------
00013 WARNING: /home/ktest/git/linux/include/linux/fs.h:889 at osd_create+0x9cf/0xcf0 [osd_wbcfs], CPU#3: ll_mgs_0002/1724
00013 Modules linked in: mdt(O) lquota(O) lfsck(O) mgs(O) osd_wbcfs(O) lustre(O) obdecho(O) mgc(O) mdc(O) lov(O) osc(O) lmv(O) ec(O) fid(O) fld(O) ptlrpc(O) efivarfs obdclass(O) ksocklnd(O) lnet(O) libcfs(O)
00013 CPU: 3 UID: 0 PID: 1724 Comm: ll_mgs_0002 Tainted: G        W  O        7.0.0-ktest-bf7747f-6330a45-20260814-dirty #1 PREEMPT 
00013 Tainted: [W]=WARN, [O]=OOT_MODULE
00013 Hardware name: QEMU Standard PC (Q35 + ICH9, 2009), BIOS 2025.11-3ubuntu7 03/31/2026
00013 RIP: 0010:osd_create+0x9cf/0xcf0 [osd_wbcfs]
00013 Code: c7 c7 00 96 7b a1 48 c7 c6 a0 12 7d a1 48 c7 c2 00 1c 7d a1 e8 52 f1 43 ff 48 c7 c7 00 96 7b a1 e8 46 81 44 ff e9 fe fc ff ff <0f> 0b e9 a5 fa ff ff 48 c7 c1 80 44 5d a0 80 e1 07 80 c1 03 38 c1
00013 RSP: 0018:ffffc900012f7688 EFLAGS: 00010246
00013 RAX: 0000000000000000 RBX: ffff88811daf9400 RCX: 0000000000000046
00013 RDX: 0000000000000000 RSI: ffff88802f767450 RDI: ffff888025014b68
00013 RBP: ffff88802f7673c0 R08: ffffffff83a16803 R09: 1ffffffff0742d00
00013 R10: dffffc0000000000 R11: fffffbfff0742d01 R12: ffff888137136000
00013 R13: dffffc0000000000 R14: 1ffff11023b5f280 R15: 1ffff11026e26c0f
00013 FS:  0000000000000000(0000) GS:ffff8881d4baa000(0000) knlGS:0000000000000000
00013 CS:  0010 DS: 0000 ES: 0000 CR0: 0000000080050033
00013 CR2: 00007eff6c9e6194 CR3: 0000000103d39000 CR4: 0000000000750eb0
00013 PKRU: 55555554
00013 Call Trace:
00013  <TASK>
00013  ? local_object_create+0x109/0x640 [obdclass]
00013  ? dt_write_lock+0x16d/0x2a0 [obdclass]
00013  ? llog_osd_create+0x356/0x10d0 [obdclass]
00013  ? llog_create+0x2ed/0x530 [obdclass]
00013  ? llog_open_create+0x6e7/0xb30 [obdclass]
00013  ? record_start_log+0x348/0xa40 [mgs]
00013  ? mgs_write_log_lov+0x3ac/0xde0 [mgs]
00013  ? mgs_write_log_target+0x17a4/0x6ab0 [mgs]
00013  ? mgs_target_reg+0x254e/0x4480 [mgs]
00013  ? tgt_request_handle+0x23ad/0x3d30 [ptlrpc]
00013  ? ptlrpc_main+0x6359/0x96f0 [ptlrpc]
00013  ? __kthread_parkme+0x73/0x130
00013  ? kthread+0x2cd/0x3a0
00013  ? ptlrpc_start_thread+0x1f10/0x1f10 [ptlrpc]
00013  ? kthread_unuse_mm+0x130/0x130
00013  ? ret_from_fork+0x18c/0x520
00013  ? kthread_unuse_mm+0x130/0x130
00013  ? ret_from_fork_asm+0x11/0x20
00013  </TASK>
00013 ---[ end trace 0000000000000000 ]---
00013 ------------[ cut here ]------------
00013 WARNING: /home/ktest/git/linux/include/linux/fs.h:889 at osd_create+0x9cf/0xcf0 [osd_wbcfs], CPU#0: llog_process_th/1747
00013 Modules linked in: mdd(O) lod(O) mdt(O) lquota(O) lfsck(O) mgs(O) osd_wbcfs(O) lustre(O) obdecho(O) mgc(O) mdc(O) lov(O) osc(O) lmv(O) ec(O) fid(O) fld(O) ptlrpc(O) efivarfs obdclass(O) ksocklnd(O) lnet(O) libcfs(O)
00013 CPU: 0 UID: 0 PID: 1747 Comm: llog_process_th Tainted: G        W  O        7.0.0-ktest-bf7747f-6330a45-20260814-dirty #1 PREEMPT 
00013 Tainted: [W]=WARN, [O]=OOT_MODULE
00013 Hardware name: QEMU Standard PC (Q35 + ICH9, 2009), BIOS 2025.11-3ubuntu7 03/31/2026
00013 RIP: 0010:osd_create+0x9cf/0xcf0 [osd_wbcfs]
00013 Code: c7 c7 00 96 7b a1 48 c7 c6 a0 12 7d a1 48 c7 c2 00 1c 7d a1 e8 52 f1 43 ff 48 c7 c7 00 96 7b a1 e8 46 81 44 ff e9 fe fc ff ff <0f> 0b e9 a5 fa ff ff 48 c7 c1 80 44 5d a0 80 e1 07 80 c1 03 38 c1
00013 RSP: 0018:ffffc90001477450 EFLAGS: 00010246
00013 RAX: 0000000000000000 RBX: ffff88811d8b4c00 RCX: 0000000000000046
00013 RDX: ffffffff84c44d40 RSI: ffff888023f4fb68 RDI: ffff88807f280998
00013 RBP: ffff888023f4fad8 R08: 0000000000000001 R09: 0000000000000000
00013 R10: dffffc0000000000 R11: ffffed10047e9f50 R12: ffff88811e3eec00
00013 R13: dffffc0000000000 R14: 1ffff11023b16980 R15: 1ffff9200028eebf
00013 FS:  0000000000000000(0000) GS:ffff8881d4a2a000(0000) knlGS:0000000000000000
00013 CS:  0010 DS: 0000 ES: 0000 CR0: 0000000080050033
00013 CR2: 00007f6faa7e6194 CR3: 0000000004274000 CR4: 0000000000750eb0
00013 PKRU: 55555554
00013 Call Trace:
00013  <TASK>
00013  ? dt_find_or_create+0x81a/0x1170 [obdclass]
00013  ? fld_index_init+0x404/0x1610 [fld]
00013  ? is_module_address+0x1b/0x70
00013  ? is_module_address+0x5e/0x70
00013  ? __asan_memset+0x22/0x40
00013  ? fld_server_init+0x1d7/0x580 [fld]
00013  ? mdt_device_alloc+0x36b4/0x66c0 [mdt]
00013  ? __alloc_tagging_slab_alloc_hook+0x136/0x190
00013  ? obd_setup+0x25c/0x950 [obdclass]
00013  ? class_setup+0xc7d/0x10e0 [obdclass]
00013  ? class_process_config+0x2edb/0x7cb0 [obdclass]
00013  ? __kasan_kmalloc+0x72/0x80
00013  ? class_config_llog_handler+0x2954/0x4f80 [obdclass]
00013  ? class_config_llog_handler+0x2cea/0x4f80 [obdclass]
00013  ? lustre_cfg_rec_free+0x350/0x350 [obdclass]
00013  ? llog_process_thread+0x1fd2/0x4f70 [obdclass]
00013  ? _raw_spin_unlock+0x23/0x40
00013  ? llog_process_thread_daemonize+0x16d/0x1b0 [obdclass]
00013  ? kthread+0x2cd/0x3a0
00013  ? llog_process_or_fork+0xc90/0xc90 [obdclass]
00013  ? kthread_unuse_mm+0x130/0x130
00013  ? ret_from_fork+0x18c/0x520
00013  ? kthread_unuse_mm+0x130/0x130
00013  ? ret_from_fork_asm+0x11/0x20
00013  </TASK>
00013 ---[ end trace 0000000000000000 ]---
00013 ------------[ cut here ]------------
00013 WARNING: /home/ktest/git/linux/include/linux/fs.h:889 at osd_create+0x9cf/0xcf0 [osd_wbcfs], CPU#0: llog_process_th/1747
00013 Modules linked in: mdd(O) lod(O) mdt(O) lquota(O) lfsck(O) mgs(O) osd_wbcfs(O) lustre(O) obdecho(O) mgc(O) mdc(O) lov(O) osc(O) lmv(O) ec(O) fid(O) fld(O) ptlrpc(O) efivarfs obdclass(O) ksocklnd(O) lnet(O) libcfs(O)
00013 CPU: 0 UID: 0 PID: 1747 Comm: llog_process_th Tainted: G        W  O        7.0.0-ktest-bf7747f-6330a45-20260814-dirty #1 PREEMPT 
00013 Tainted: [W]=WARN, [O]=OOT_MODULE
00013 Hardware name: QEMU Standard PC (Q35 + ICH9, 2009), BIOS 2025.11-3ubuntu7 03/31/2026
00013 RIP: 0010:osd_create+0x9cf/0xcf0 [osd_wbcfs]
00013 Code: c7 c7 00 96 7b a1 48 c7 c6 a0 12 7d a1 48 c7 c2 00 1c 7d a1 e8 52 f1 43 ff 48 c7 c7 00 96 7b a1 e8 46 81 44 ff e9 fe fc ff ff <0f> 0b e9 a5 fa ff ff 48 c7 c1 80 44 5d a0 80 e1 07 80 c1 03 38 c1
00013 RSP: 0018:ffffc90001477430 EFLAGS: 00010246
00013 RAX: 0000000000000000 RBX: ffff88811960c800 RCX: 0000000000000046
00013 RDX: 0000000000000000 RSI: ffff888023f4f450 RDI: ffff88807f280998
00013 RBP: ffff888023f4f3c0 R08: ffffffff83a16803 R09: 1ffffffff0742d00
00013 R10: dffffc0000000000 R11: fffffbfff0742d01 R12: ffffc90001477530
00013 R13: dffffc0000000000 R14: 1ffff110232c1900 R15: 1ffff9200028eea4
00013 FS:  0000000000000000(0000) GS:ffff8881d4a2a000(0000) knlGS:0000000000000000
00013 CS:  0010 DS: 0000 ES: 0000 CR0: 0000000080050033
00013 CR2: 00007f6faa7e6194 CR3: 0000000004274000 CR4: 0000000000750eb0
00013 PKRU: 55555554
00013 Call Trace:
00013  <TASK>
00013  ? dt_find_or_create+0x81a/0x1170 [obdclass]
00013  ? seq_store_init+0x155/0x360 [fid]
00013  ? seq_server_init+0x290/0xba0 [fid]
00013  ? mdt_seq_init+0x513/0x1ef0 [mdt]
00013  ? fld_server_init+0x34e/0x580 [fld]
00013  ? mdt_device_alloc+0x39c5/0x66c0 [mdt]
00013  ? __alloc_tagging_slab_alloc_hook+0x136/0x190
00013  ? obd_setup+0x25c/0x950 [obdclass]
00013  ? class_setup+0xc7d/0x10e0 [obdclass]
00013  ? class_process_config+0x2edb/0x7cb0 [obdclass]
00013  ? __kasan_kmalloc+0x72/0x80
00013  ? class_config_llog_handler+0x2954/0x4f80 [obdclass]
00013  ? class_config_llog_handler+0x2cea/0x4f80 [obdclass]
00013  ? lustre_cfg_rec_free+0x350/0x350 [obdclass]
00013  ? llog_process_thread+0x1fd2/0x4f70 [obdclass]
00013  ? _raw_spin_unlock+0x23/0x40
00013  ? llog_process_thread_daemonize+0x16d/0x1b0 [obdclass]
00013  ? kthread+0x2cd/0x3a0
00013  ? llog_process_or_fork+0xc90/0xc90 [obdclass]
00013  ? kthread_unuse_mm+0x130/0x130
00013  ? ret_from_fork+0x18c/0x520
00013  ? kthread_unuse_mm+0x130/0x130
00013  ? ret_from_fork_asm+0x11/0x20
00013  </TASK>
00013 ---[ end trace 0000000000000000 ]---
00013 Lustre: ctl-lustre-MDT0000: No data found on store. Initialize space.
00013 ------------[ cut here ]------------
00013 WARNING: /home/ktest/git/linux/include/linux/fs.h:889 at osd_create+0x9cf/0xcf0 [osd_wbcfs], CPU#0: llog_process_th/1747
00013 Modules linked in: mdd(O) lod(O) mdt(O) lquota(O) lfsck(O) mgs(O) osd_wbcfs(O) lustre(O) obdecho(O) mgc(O) mdc(O) lov(O) osc(O) lmv(O) ec(O) fid(O) fld(O) ptlrpc(O) efivarfs obdclass(O) ksocklnd(O) lnet(O) libcfs(O)
00013 CPU: 0 UID: 0 PID: 1747 Comm: llog_process_th Tainted: G        W  O        7.0.0-ktest-bf7747f-6330a45-20260814-dirty #1 PREEMPT 
00013 Tainted: [W]=WARN, [O]=OOT_MODULE
00013 Hardware name: QEMU Standard PC (Q35 + ICH9, 2009), BIOS 2025.11-3ubuntu7 03/31/2026
00013 RIP: 0010:osd_create+0x9cf/0xcf0 [osd_wbcfs]
00013 Code: c7 c7 00 96 7b a1 48 c7 c6 a0 12 7d a1 48 c7 c2 00 1c 7d a1 e8 52 f1 43 ff 48 c7 c7 00 96 7b a1 e8 46 81 44 ff e9 fe fc ff ff <0f> 0b e9 a5 fa ff ff 48 c7 c1 80 44 5d a0 80 e1 07 80 c1 03 38 c1
00013 RSP: 0018:ffffc90001477430 EFLAGS: 00010246
00013 RAX: 0000000000000000 RBX: ffff88811960ec00 RCX: 0000000000000046
00013 RDX: 0000000000000000 RSI: ffff888023f4ed38 RDI: ffff88807f280998
00013 RBP: ffff888023f4eca8 R08: ffffffff83a16803 R09: 1ffffffff0742d00
00013 R10: dffffc0000000000 R11: fffffbfff0742d01 R12: ffffc90001477530
00013 R13: dffffc0000000000 R14: 1ffff110232c1d80 R15: 1ffff9200028eea4
00013 FS:  0000000000000000(0000) GS:ffff8881d4a2a000(0000) knlGS:0000000000000000
00013 CS:  0010 DS: 0000 ES: 0000 CR0: 0000000080050033
00013 CR2: 00007f6faa7e6194 CR3: 0000000004274000 CR4: 0000000000750eb0
00013 PKRU: 55555554
00013 Call Trace:
00013  <TASK>
00013  ? dt_find_or_create+0x81a/0x1170 [obdclass]
00013  ? seq_store_init+0x155/0x360 [fid]
00013  ? seq_server_init+0x290/0xba0 [fid]
00013  ? mdt_seq_init+0x2c1/0x1ef0 [mdt]
00013  ? fld_server_init+0x34e/0x580 [fld]
00013  ? mdt_device_alloc+0x39c5/0x66c0 [mdt]
00013  ? __alloc_tagging_slab_alloc_hook+0x136/0x190
00013  ? obd_setup+0x25c/0x950 [obdclass]
00013  ? class_setup+0xc7d/0x10e0 [obdclass]
00013  ? class_process_config+0x2edb/0x7cb0 [obdclass]
00013  ? __kasan_kmalloc+0x72/0x80
00013  ? class_config_llog_handler+0x2954/0x4f80 [obdclass]
00013  ? class_config_llog_handler+0x2cea/0x4f80 [obdclass]
00013  ? lustre_cfg_rec_free+0x350/0x350 [obdclass]
00013  ? llog_process_thread+0x1fd2/0x4f70 [obdclass]
00013  ? _raw_spin_unlock+0x23/0x40
00013  ? llog_process_thread_daemonize+0x16d/0x1b0 [obdclass]
00013  ? kthread+0x2cd/0x3a0
00013  ? llog_process_or_fork+0xc90/0xc90 [obdclass]
00013  ? kthread_unuse_mm+0x130/0x130
00013  ? ret_from_fork+0x18c/0x520
00013  ? kthread_unuse_mm+0x130/0x130
00013  ? ret_from_fork_asm+0x11/0x20
00013  </TASK>
00013 ---[ end trace 0000000000000000 ]---
00013 ------------[ cut here ]------------
00013 WARNING: /home/ktest/git/linux/include/linux/fs.h:889 at osd_create+0x9cf/0xcf0 [osd_wbcfs], CPU#0: llog_process_th/1747
00013 Modules linked in: mdd(O) lod(O) mdt(O) lquota(O) lfsck(O) mgs(O) osd_wbcfs(O) lustre(O) obdecho(O) mgc(O) mdc(O) lov(O) osc(O) lmv(O) ec(O) fid(O) fld(O) ptlrpc(O) efivarfs obdclass(O) ksocklnd(O) lnet(O) libcfs(O)
00013 CPU: 0 UID: 0 PID: 1747 Comm: llog_process_th Tainted: G        W  O        7.0.0-ktest-bf7747f-6330a45-20260814-dirty #1 PREEMPT 
00013 Tainted: [W]=WARN, [O]=OOT_MODULE
00013 Hardware name: QEMU Standard PC (Q35 + ICH9, 2009), BIOS 2025.11-3ubuntu7 03/31/2026
00013 RIP: 0010:osd_create+0x9cf/0xcf0 [osd_wbcfs]
00013 Code: c7 c7 00 96 7b a1 48 c7 c6 a0 12 7d a1 48 c7 c2 00 1c 7d a1 e8 52 f1 43 ff 48 c7 c7 00 96 7b a1 e8 46 81 44 ff e9 fe fc ff ff <0f> 0b e9 a5 fa ff ff 48 c7 c1 80 44 5d a0 80 e1 07 80 c1 03 38 c1
00013 RSP: 0018:ffffc90001477470 EFLAGS: 00010246
00013 RAX: 0000000000000000 RBX: ffff88811960e800 RCX: 0000000000000046
00013 RDX: 0000000000000000 RSI: ffff888023f4e620 RDI: ffff88807f280998
00013 RBP: ffff888023f4e590 R08: ffffffff83a16803 R09: 1ffffffff0742d00
00013 R10: dffffc0000000000 R11: fffffbfff0742d01 R12: ffffc900014775e0
00013 R13: dffffc0000000000 R14: 1ffff110232c1d00 R15: 1ffff9200028eec9
00013 FS:  0000000000000000(0000) GS:ffff8881d4a2a000(0000) knlGS:0000000000000000
00013 CS:  0010 DS: 0000 ES: 0000 CR0: 0000000080050033
00013 CR2: 00007f6faa7e6194 CR3: 0000000004274000 CR4: 0000000000750eb0
00013 PKRU: 55555554
00013 Call Trace:
00013  <TASK>
00013  ? dt_find_or_create+0x81a/0x1170 [obdclass]
00013  ? tgt_init+0xb72/0x2a60 [ptlrpc]
00013  ? mdt_device_alloc+0x3ce7/0x66c0 [mdt]
00013  ? __alloc_tagging_slab_alloc_hook+0x136/0x190
00013  ? obd_setup+0x25c/0x950 [obdclass]
00013  ? class_setup+0xc7d/0x10e0 [obdclass]
00013  ? class_process_config+0x2edb/0x7cb0 [obdclass]
00013  ? __kasan_kmalloc+0x72/0x80
00013  ? class_config_llog_handler+0x2954/0x4f80 [obdclass]
00013  ? class_config_llog_handler+0x2cea/0x4f80 [obdclass]
00013  ? lustre_cfg_rec_free+0x350/0x350 [obdclass]
00013  ? llog_process_thread+0x1fd2/0x4f70 [obdclass]
00013  ? _raw_spin_unlock+0x23/0x40
00013  ? llog_process_thread_daemonize+0x16d/0x1b0 [obdclass]
00013  ? kthread+0x2cd/0x3a0
00013  ? llog_process_or_fork+0xc90/0xc90 [obdclass]
00013  ? kthread_unuse_mm+0x130/0x130
00013  ? ret_from_fork+0x18c/0x520
00013  ? kthread_unuse_mm+0x130/0x130
00013  ? ret_from_fork_asm+0x11/0x20
00013  </TASK>
00013 ---[ end trace 0000000000000000 ]---
00013 Lustre: lustre-MDT0000: new disk, initializing
00013 ------------[ cut here ]------------
00013 WARNING: /home/ktest/git/linux/include/linux/fs.h:889 at osd_create+0x9cf/0xcf0 [osd_wbcfs], CPU#0: llog_process_th/1747
00013 Modules linked in: mdd(O) lod(O) mdt(O) lquota(O) lfsck(O) mgs(O) osd_wbcfs(O) lustre(O) obdecho(O) mgc(O) mdc(O) lov(O) osc(O) lmv(O) ec(O) fid(O) fld(O) ptlrpc(O) efivarfs obdclass(O) ksocklnd(O) lnet(O) libcfs(O)
00013 CPU: 0 UID: 0 PID: 1747 Comm: llog_process_th Tainted: G        W  O        7.0.0-ktest-bf7747f-6330a45-20260814-dirty #1 PREEMPT 
00013 Tainted: [W]=WARN, [O]=OOT_MODULE
00013 Hardware name: QEMU Standard PC (Q35 + ICH9, 2009), BIOS 2025.11-3ubuntu7 03/31/2026
00013 RIP: 0010:osd_create+0x9cf/0xcf0 [osd_wbcfs]
00013 Code: c7 c7 00 96 7b a1 48 c7 c6 a0 12 7d a1 48 c7 c2 00 1c 7d a1 e8 52 f1 43 ff 48 c7 c7 00 96 7b a1 e8 46 81 44 ff e9 fe fc ff ff <0f> 0b e9 a5 fa ff ff 48 c7 c1 80 44 5d a0 80 e1 07 80 c1 03 38 c1
00013 RSP: 0018:ffffc90001477470 EFLAGS: 00010246
00013 RAX: 0000000000000000 RBX: ffff88811960f400 RCX: 0000000000000046
00013 RDX: 0000000000000000 RSI: ffff888023f4df08 RDI: ffff88807f280998
00013 RBP: ffff888023f4de78 R08: ffffffff83a16803 R09: 1ffffffff0742d00
00013 R10: dffffc0000000000 R11: fffffbfff0742d01 R12: ffffc900014775e0
00013 R13: dffffc0000000000 R14: 1ffff110232c1e80 R15: 1ffff9200028eec9
00013 FS:  0000000000000000(0000) GS:ffff8881d4a2a000(0000) knlGS:0000000000000000
00013 CS:  0010 DS: 0000 ES: 0000 CR0: 0000000080050033
00013 CR2: 00007f6faa7e6194 CR3: 0000000004274000 CR4: 0000000000750eb0
00013 PKRU: 55555554
00013 Call Trace:
00013  <TASK>
00013  ? dt_find_or_create+0x81a/0x1170 [obdclass]
00013  ? tgt_init+0x1a98/0x2a60 [ptlrpc]
00013  ? mdt_device_alloc+0x3ce7/0x66c0 [mdt]
00013  ? __alloc_tagging_slab_alloc_hook+0x136/0x190
00013  ? obd_setup+0x25c/0x950 [obdclass]
00013  ? class_setup+0xc7d/0x10e0 [obdclass]
00013  ? class_process_config+0x2edb/0x7cb0 [obdclass]
00013  ? __kasan_kmalloc+0x72/0x80
00013  ? class_config_llog_handler+0x2954/0x4f80 [obdclass]
00013  ? class_config_llog_handler+0x2cea/0x4f80 [obdclass]
00013  ? lustre_cfg_rec_free+0x350/0x350 [obdclass]
00013  ? llog_process_thread+0x1fd2/0x4f70 [obdclass]
00013  ? _raw_spin_unlock+0x23/0x40
00013  ? llog_process_thread_daemonize+0x16d/0x1b0 [obdclass]
00013  ? kthread+0x2cd/0x3a0
00013  ? llog_process_or_fork+0xc90/0xc90 [obdclass]
00013  ? kthread_unuse_mm+0x130/0x130
00013  ? ret_from_fork+0x18c/0x520
00013  ? kthread_unuse_mm+0x130/0x130
00013  ? ret_from_fork_asm+0x11/0x20
00013  </TASK>
00013 ---[ end trace 0000000000000000 ]---
00013 ------------[ cut here ]------------
00013 WARNING: /home/ktest/git/linux/include/linux/fs.h:889 at osd_create+0x9cf/0xcf0 [osd_wbcfs], CPU#0: llog_process_th/1747
00013 Modules linked in: mdd(O) lod(O) mdt(O) lquota(O) lfsck(O) mgs(O) osd_wbcfs(O) lustre(O) obdecho(O) mgc(O) mdc(O) lov(O) osc(O) lmv(O) ec(O) fid(O) fld(O) ptlrpc(O) efivarfs obdclass(O) ksocklnd(O) lnet(O) libcfs(O)
00013 CPU: 0 UID: 0 PID: 1747 Comm: llog_process_th Tainted: G        W  O        7.0.0-ktest-bf7747f-6330a45-20260814-dirty #1 PREEMPT 
00013 Tainted: [W]=WARN, [O]=OOT_MODULE
00013 Hardware name: QEMU Standard PC (Q35 + ICH9, 2009), BIOS 2025.11-3ubuntu7 03/31/2026
00013 RIP: 0010:osd_create+0x9cf/0xcf0 [osd_wbcfs]
00013 Code: c7 c7 00 96 7b a1 48 c7 c6 a0 12 7d a1 48 c7 c2 00 1c 7d a1 e8 52 f1 43 ff 48 c7 c7 00 96 7b a1 e8 46 81 44 ff e9 fe fc ff ff <0f> 0b e9 a5 fa ff ff 48 c7 c1 80 44 5d a0 80 e1 07 80 c1 03 38 c1
00013 RSP: 0018:ffffc90001477370 EFLAGS: 00010246
00013 RAX: 0000000000000000 RBX: ffff88811965f800 RCX: 0000000000000046
00013 RDX: 0000000000000000 RSI: ffff888023f4d7f0 RDI: ffff88807f280998
00013 RBP: ffff888023f4d760 R08: ffffffff83a16803 R09: 1ffffffff0742d00
00013 R10: dffffc0000000000 R11: fffffbfff0742d01 R12: ffff88802d7e8418
00013 R13: dffffc0000000000 R14: 1ffff110232cbf00 R15: 1ffff11005afd092
00013 FS:  0000000000000000(0000) GS:ffff8881d4a2a000(0000) knlGS:0000000000000000
00013 CS:  0010 DS: 0000 ES: 0000 CR0: 0000000080050033
00013 CR2: 00007f6faa7e6194 CR3: 0000000004274000 CR4: 0000000000750eb0
00013 PKRU: 55555554
00013 Call Trace:
00013  <TASK>
00013  ? local_object_create+0x109/0x640 [obdclass]
00013  ? dt_write_lock+0x16d/0x2a0 [obdclass]
00013  ? __local_file_create+0xce4/0x1bc0 [obdclass]
00013  ? local_file_find_or_create+0x13c/0x1d0 [obdclass]
00013  ? lquota_disk_dir_find_create+0x31f/0xd10 [lquota]
00013  ? qmt_device_prepare+0x122/0x600 [lquota]
00013  ? mdt_quota_init+0x1a65/0x3220 [mdt]
00013  ? mdt_tunables_init+0x3e6/0x530 [mdt]
00013  ? mdt_device_alloc+0x46a6/0x66c0 [mdt]
00013  ? obd_setup+0x25c/0x950 [obdclass]
00013  ? class_setup+0xc7d/0x10e0 [obdclass]
00013  ? class_process_config+0x2edb/0x7cb0 [obdclass]
00013  ? __kasan_kmalloc+0x72/0x80
00013  ? class_config_llog_handler+0x2954/0x4f80 [obdclass]
00013  ? class_config_llog_handler+0x2cea/0x4f80 [obdclass]
00013  ? lustre_cfg_rec_free+0x350/0x350 [obdclass]
00013  ? llog_process_thread+0x1fd2/0x4f70 [obdclass]
00013  ? _raw_spin_unlock+0x23/0x40
00013  ? llog_process_thread_daemonize+0x16d/0x1b0 [obdclass]
00013  ? kthread+0x2cd/0x3a0
00013  ? llog_process_or_fork+0xc90/0xc90 [obdclass]
00013  ? kthread_unuse_mm+0x130/0x130
00013  ? ret_from_fork+0x18c/0x520
00013  ? kthread_unuse_mm+0x130/0x130
00013  ? ret_from_fork_asm+0x11/0x20
00013  </TASK>
00013 ---[ end trace 0000000000000000 ]---
00013 ------------[ cut here ]------------
00013 WARNING: /home/ktest/git/linux/include/linux/fs.h:889 at osd_create+0x9cf/0xcf0 [osd_wbcfs], CPU#0: llog_process_th/1747
00013 Modules linked in: mdd(O) lod(O) mdt(O) lquota(O) lfsck(O) mgs(O) osd_wbcfs(O) lustre(O) obdecho(O) mgc(O) mdc(O) lov(O) osc(O) lmv(O) ec(O) fid(O) fld(O) ptlrpc(O) efivarfs obdclass(O) ksocklnd(O) lnet(O) libcfs(O)
00013 CPU: 0 UID: 0 PID: 1747 Comm: llog_process_th Tainted: G        W  O        7.0.0-ktest-bf7747f-6330a45-20260814-dirty #1 PREEMPT 
00013 Tainted: [W]=WARN, [O]=OOT_MODULE
00013 Hardware name: QEMU Standard PC (Q35 + ICH9, 2009), BIOS 2025.11-3ubuntu7 03/31/2026
00013 RIP: 0010:osd_create+0x9cf/0xcf0 [osd_wbcfs]
00013 Code: c7 c7 00 96 7b a1 48 c7 c6 a0 12 7d a1 48 c7 c2 00 1c 7d a1 e8 52 f1 43 ff 48 c7 c7 00 96 7b a1 e8 46 81 44 ff e9 fe fc ff ff <0f> 0b e9 a5 fa ff ff 48 c7 c1 80 44 5d a0 80 e1 07 80 c1 03 38 c1
00013 RSP: 0018:ffffc90001477270 EFLAGS: 00010246
00013 RAX: 0000000000000000 RBX: ffff88811965dc00 RCX: 0000000000000046
00013 RDX: 0000000000000000 RSI: ffff888023f4d0d8 RDI: ffff88807f280998
00013 RBP: ffff888023f4d048 R08: ffffffff83a16803 R09: 1ffffffff0742d00
00013 R10: dffffc0000000000 R11: fffffbfff0742d01 R12: ffff88802d7e8418
00013 R13: dffffc0000000000 R14: 1ffff110232cbb80 R15: 1ffff11005afd092
00013 FS:  0000000000000000(0000) GS:ffff8881d4a2a000(0000) knlGS:0000000000000000
00013 CS:  0010 DS: 0000 ES: 0000 CR0: 0000000080050033
00013 CR2: 00007f6faa7e6194 CR3: 0000000004274000 CR4: 0000000000750eb0
00013 PKRU: 55555554
00013 Call Trace:
00013  <TASK>
00013  ? local_object_create+0x109/0x640 [obdclass]
00013  ? dt_write_lock+0x16d/0x2a0 [obdclass]
00013  ? __local_file_create+0xce4/0x1bc0 [obdclass]
00013  ? local_file_find_or_create+0x13c/0x1d0 [obdclass]
00013  ? lquota_disk_dir_find_create+0x31f/0xd10 [lquota]
00013  ? qmt_pool_prepare+0x3ee/0x16f0 [lquota]
00013  ? qmt_device_prepare+0x22a/0x600 [lquota]
00013  ? mdt_quota_init+0x1a65/0x3220 [mdt]
00013  ? mdt_tunables_init+0x3e6/0x530 [mdt]
00013  ? mdt_device_alloc+0x46a6/0x66c0 [mdt]
00013  ? obd_setup+0x25c/0x950 [obdclass]
00013  ? class_setup+0xc7d/0x10e0 [obdclass]
00013  ? class_process_config+0x2edb/0x7cb0 [obdclass]
00013  ? __kasan_kmalloc+0x72/0x80
00013  ? class_config_llog_handler+0x2954/0x4f80 [obdclass]
00013  ? class_config_llog_handler+0x2cea/0x4f80 [obdclass]
00013  ? lustre_cfg_rec_free+0x350/0x350 [obdclass]
00013  ? llog_process_thread+0x1fd2/0x4f70 [obdclass]
00013  ? _raw_spin_unlock+0x23/0x40
00013  ? llog_process_thread_daemonize+0x16d/0x1b0 [obdclass]
00013  ? kthread+0x2cd/0x3a0
00013  ? llog_process_or_fork+0xc90/0xc90 [obdclass]
00013  ? kthread_unuse_mm+0x130/0x130
00013  ? ret_from_fork+0x18c/0x520
00013  ? kthread_unuse_mm+0x130/0x130
00013  ? ret_from_fork_asm+0x11/0x20
00013  </TASK>
00013 ---[ end trace 0000000000000000 ]---
00013 ------------[ cut here ]------------
00013 WARNING: /home/ktest/git/linux/include/linux/fs.h:889 at osd_create+0x9cf/0xcf0 [osd_wbcfs], CPU#0: llog_process_th/1747
00013 Modules linked in: mdd(O) lod(O) mdt(O) lquota(O) lfsck(O) mgs(O) osd_wbcfs(O) lustre(O) obdecho(O) mgc(O) mdc(O) lov(O) osc(O) lmv(O) ec(O) fid(O) fld(O) ptlrpc(O) efivarfs obdclass(O) ksocklnd(O) lnet(O) libcfs(O)
00013 CPU: 0 UID: 0 PID: 1747 Comm: llog_process_th Tainted: G        W  O        7.0.0-ktest-bf7747f-6330a45-20260814-dirty #1 PREEMPT 
00013 Tainted: [W]=WARN, [O]=OOT_MODULE
00013 Hardware name: QEMU Standard PC (Q35 + ICH9, 2009), BIOS 2025.11-3ubuntu7 03/31/2026
00013 RIP: 0010:osd_create+0x9cf/0xcf0 [osd_wbcfs]
00013 Code: c7 c7 00 96 7b a1 48 c7 c6 a0 12 7d a1 48 c7 c2 00 1c 7d a1 e8 52 f1 43 ff 48 c7 c7 00 96 7b a1 e8 46 81 44 ff e9 fe fc ff ff <0f> 0b e9 a5 fa ff ff 48 c7 c1 80 44 5d a0 80 e1 07 80 c1 03 38 c1
00013 RSP: 0018:ffffc90001477258 EFLAGS: 00010246
00013 RAX: 0000000000000000 RBX: ffff88811965d800 RCX: 0000000000000046
00013 RDX: ffffffff84c44d40 RSI: ffff888023f4c9c0 RDI: ffff88807f280998
00013 RBP: ffff888023f4c930 R08: 0000000000000001 R09: 0000000000000000
00013 R10: dffffc0000000000 R11: ffffed10047e991b R12: ffff88802d7e8418
00013 R13: dffffc0000000000 R14: 1ffff110232cbb00 R15: 1ffff11005afd092
00013 FS:  0000000000000000(0000) GS:ffff8881d4a2a000(0000) knlGS:0000000000000000
00013 CS:  0010 DS: 0000 ES: 0000 CR0: 0000000080050033
00013 CR2: 00007f6faa7e6194 CR3: 0000000004274000 CR4: 0000000000750eb0
00013 PKRU: 55555554
00013 Call Trace:
00013  <TASK>
00013  ? local_object_create+0x109/0x640 [obdclass]
00013  ? dt_write_lock+0x16d/0x2a0 [obdclass]
00013  ? __local_file_create+0xce4/0x1bc0 [obdclass]
00013  ? local_index_find_or_create_with_fid+0x20d/0x3c0 [obdclass]
00013  ? lquota_disk_glb_find_create+0x3e7/0xe50 [lquota]
00013  ? qmt_pool_prepare+0x5af/0x16f0 [lquota]
00013  ? qmt_device_prepare+0x22a/0x600 [lquota]
00013  ? mdt_quota_init+0x1a65/0x3220 [mdt]
00013  ? mdt_tunables_init+0x3e6/0x530 [mdt]
00013  ? mdt_device_alloc+0x46a6/0x66c0 [mdt]
00013  ? obd_setup+0x25c/0x950 [obdclass]
00013  ? class_setup+0xc7d/0x10e0 [obdclass]
00013  ? class_process_config+0x2edb/0x7cb0 [obdclass]
00013  ? __kasan_kmalloc+0x72/0x80
00013  ? class_config_llog_handler+0x2954/0x4f80 [obdclass]
00013  ? class_config_llog_handler+0x2cea/0x4f80 [obdclass]
00013  ? lustre_cfg_rec_free+0x350/0x350 [obdclass]
00013  ? llog_process_thread+0x1fd2/0x4f70 [obdclass]
00013  ? _raw_spin_unlock+0x23/0x40
00013  ? llog_process_thread_daemonize+0x16d/0x1b0 [obdclass]
00013  ? kthread+0x2cd/0x3a0
00013  ? llog_process_or_fork+0xc90/0xc90 [obdclass]
00013  ? kthread_unuse_mm+0x130/0x130
00013  ? ret_from_fork+0x18c/0x520
00013  ? kthread_unuse_mm+0x130/0x130
00013  ? ret_from_fork_asm+0x11/0x20
00013  </TASK>
00013 ---[ end trace 0000000000000000 ]---
00013 ------------[ cut here ]------------
00013 WARNING: /home/ktest/git/linux/include/linux/fs.h:889 at osd_create+0x9cf/0xcf0 [osd_wbcfs], CPU#0: llog_process_th/1747
00013 Modules linked in: mdd(O) lod(O) mdt(O) lquota(O) lfsck(O) mgs(O) osd_wbcfs(O) lustre(O) obdecho(O) mgc(O) mdc(O) lov(O) osc(O) lmv(O) ec(O) fid(O) fld(O) ptlrpc(O) efivarfs obdclass(O) ksocklnd(O) lnet(O) libcfs(O)
00013 CPU: 0 UID: 0 PID: 1747 Comm: llog_process_th Tainted: G        W  O        7.0.0-ktest-bf7747f-6330a45-20260814-dirty #1 PREEMPT 
00013 Tainted: [W]=WARN, [O]=OOT_MODULE
00013 Hardware name: QEMU Standard PC (Q35 + ICH9, 2009), BIOS 2025.11-3ubuntu7 03/31/2026
00013 RIP: 0010:osd_create+0x9cf/0xcf0 [osd_wbcfs]
00013 Code: c7 c7 00 96 7b a1 48 c7 c6 a0 12 7d a1 48 c7 c2 00 1c 7d a1 e8 52 f1 43 ff 48 c7 c7 00 96 7b a1 e8 46 81 44 ff e9 fe fc ff ff <0f> 0b e9 a5 fa ff ff 48 c7 c1 80 44 5d a0 80 e1 07 80 c1 03 38 c1
00013 RSP: 0018:ffffc90001477258 EFLAGS: 00010246
00013 RAX: 0000000000000000 RBX: ffff88811cac6000 RCX: 0000000000000046
00013 RDX: ffffffff84c44d40 RSI: ffff888023f4c2a8 RDI: ffff88807f280998
00013 RBP: ffff888023f4c218 R08: 0000000000000001 R09: 0000000000000000
00013 R10: dffffc0000000000 R11: ffffed10047e9838 R12: ffff88802d7e8418
00013 R13: dffffc0000000000 R14: 1ffff11023958c00 R15: 1ffff11005afd092
00013 FS:  0000000000000000(0000) GS:ffff8881d4a2a000(0000) knlGS:0000000000000000
00013 CS:  0010 DS: 0000 ES: 0000 CR0: 0000000080050033
00013 CR2: 00007f6faa7e6194 CR3: 0000000004274000 CR4: 0000000000750eb0
00013 PKRU: 55555554
00013 Call Trace:
00013  <TASK>
00013  ? local_object_create+0x109/0x640 [obdclass]
00013  ? dt_write_lock+0x16d/0x2a0 [obdclass]
00013  ? __local_file_create+0xce4/0x1bc0 [obdclass]
00013  ? local_index_find_or_create_with_fid+0x20d/0x3c0 [obdclass]
00013  ? lquota_disk_glb_find_create+0x3e7/0xe50 [lquota]
00013  ? lprocfs_seq_create+0x120/0x340 [obdclass]
00013  ? qmt_pool_prepare+0x5af/0x16f0 [lquota]
00013  ? qmt_device_prepare+0x22a/0x600 [lquota]
00013  ? mdt_quota_init+0x1a65/0x3220 [mdt]
00013  ? mdt_tunables_init+0x3e6/0x530 [mdt]
00013  ? mdt_device_alloc+0x46a6/0x66c0 [mdt]
00013  ? obd_setup+0x25c/0x950 [obdclass]
00013  ? class_setup+0xc7d/0x10e0 [obdclass]
00013  ? class_process_config+0x2edb/0x7cb0 [obdclass]
00013  ? __kasan_kmalloc+0x72/0x80
00013  ? class_config_llog_handler+0x2954/0x4f80 [obdclass]
00013  ? class_config_llog_handler+0x2cea/0x4f80 [obdclass]
00013  ? lustre_cfg_rec_free+0x350/0x350 [obdclass]
00013  ? llog_process_thread+0x1fd2/0x4f70 [obdclass]
00013  ? _raw_spin_unlock+0x23/0x40
00013  ? llog_process_thread_daemonize+0x16d/0x1b0 [obdclass]
00013  ? kthread+0x2cd/0x3a0
00013  ? llog_process_or_fork+0xc90/0xc90 [obdclass]
00013  ? kthread_unuse_mm+0x130/0x130
00013  ? ret_from_fork+0x18c/0x520
00013  ? kthread_unuse_mm+0x130/0x130
00013  ? ret_from_fork_asm+0x11/0x20
00013  </TASK>
00013 ---[ end trace 0000000000000000 ]---
00013 ------------[ cut here ]------------
00013 WARNING: /home/ktest/git/linux/include/linux/fs.h:889 at osd_create+0x9cf/0xcf0 [osd_wbcfs], CPU#0: llog_process_th/1747
00013 Modules linked in: mdd(O) lod(O) mdt(O) lquota(O) lfsck(O) mgs(O) osd_wbcfs(O) lustre(O) obdecho(O) mgc(O) mdc(O) lov(O) osc(O) lmv(O) ec(O) fid(O) fld(O) ptlrpc(O) efivarfs obdclass(O) ksocklnd(O) lnet(O) libcfs(O)
00013 CPU: 0 UID: 0 PID: 1747 Comm: llog_process_th Tainted: G        W  O        7.0.0-ktest-bf7747f-6330a45-20260814-dirty #1 PREEMPT 
00013 Tainted: [W]=WARN, [O]=OOT_MODULE
00013 Hardware name: QEMU Standard PC (Q35 + ICH9, 2009), BIOS 2025.11-3ubuntu7 03/31/2026
00013 RIP: 0010:osd_create+0x9cf/0xcf0 [osd_wbcfs]
00013 Code: c7 c7 00 96 7b a1 48 c7 c6 a0 12 7d a1 48 c7 c2 00 1c 7d a1 e8 52 f1 43 ff 48 c7 c7 00 96 7b a1 e8 46 81 44 ff e9 fe fc ff ff <0f> 0b e9 a5 fa ff ff 48 c7 c1 80 44 5d a0 80 e1 07 80 c1 03 38 c1
00013 RSP: 0018:ffffc90001477258 EFLAGS: 00010246
00013 RAX: 0000000000000000 RBX: ffff88811cac5c00 RCX: 0000000000000046
00013 RDX: ffffffff84c44d40 RSI: ffff888023f4bb90 RDI: ffff88807f280998
00013 RBP: ffff888023f4bb00 R08: 0000000000000001 R09: 0000000000000000
00013 R10: dffffc0000000000 R11: ffffed10047e9755 R12: ffff88802d7e8418
00013 R13: dffffc0000000000 R14: 1ffff11023958b80 R15: 1ffff11005afd092
00013 FS:  0000000000000000(0000) GS:ffff8881d4a2a000(0000) knlGS:0000000000000000
00013 CS:  0010 DS: 0000 ES: 0000 CR0: 0000000080050033
00013 CR2: 00007f6faa7e6194 CR3: 0000000004274000 CR4: 0000000000750eb0
00013 PKRU: 55555554
00013 Call Trace:
00013  <TASK>
00013  ? local_object_create+0x109/0x640 [obdclass]
00013  ? dt_write_lock+0x16d/0x2a0 [obdclass]
00013  ? __local_file_create+0xce4/0x1bc0 [obdclass]
00013  ? local_index_find_or_create_with_fid+0x20d/0x3c0 [obdclass]
00013  ? lquota_disk_glb_find_create+0x3e7/0xe50 [lquota]
00013  ? lprocfs_seq_create+0x120/0x340 [obdclass]
00013  ? qmt_pool_prepare+0x5af/0x16f0 [lquota]
00013  ? qmt_device_prepare+0x22a/0x600 [lquota]
00013  ? mdt_quota_init+0x1a65/0x3220 [mdt]
00013  ? mdt_tunables_init+0x3e6/0x530 [mdt]
00013  ? mdt_device_alloc+0x46a6/0x66c0 [mdt]
00013  ? obd_setup+0x25c/0x950 [obdclass]
00013  ? class_setup+0xc7d/0x10e0 [obdclass]
00013  ? class_process_config+0x2edb/0x7cb0 [obdclass]
00013  ? __kasan_kmalloc+0x72/0x80
00013  ? class_config_llog_handler+0x2954/0x4f80 [obdclass]
00013  ? class_config_llog_handler+0x2cea/0x4f80 [obdclass]
00013  ? lustre_cfg_rec_free+0x350/0x350 [obdclass]
00013  ? llog_process_thread+0x1fd2/0x4f70 [obdclass]
00013  ? _raw_spin_unlock+0x23/0x40
00013  ? llog_process_thread_daemonize+0x16d/0x1b0 [obdclass]
00013  ? kthread+0x2cd/0x3a0
00013  ? llog_process_or_fork+0xc90/0xc90 [obdclass]
00013  ? kthread_unuse_mm+0x130/0x130
00013  ? ret_from_fork+0x18c/0x520
00013  ? kthread_unuse_mm+0x130/0x130
00013  ? ret_from_fork_asm+0x11/0x20
00013  </TASK>
00013 ---[ end trace 0000000000000000 ]---
00013 ------------[ cut here ]------------
00013 WARNING: /home/ktest/git/linux/include/linux/fs.h:889 at osd_create+0x9cf/0xcf0 [osd_wbcfs], CPU#0: llog_process_th/1747
00013 Modules linked in: mdd(O) lod(O) mdt(O) lquota(O) lfsck(O) mgs(O) osd_wbcfs(O) lustre(O) obdecho(O) mgc(O) mdc(O) lov(O) osc(O) lmv(O) ec(O) fid(O) fld(O) ptlrpc(O) efivarfs obdclass(O) ksocklnd(O) lnet(O) libcfs(O)
00013 CPU: 0 UID: 0 PID: 1747 Comm: llog_process_th Tainted: G        W  O        7.0.0-ktest-bf7747f-6330a45-20260814-dirty #1 PREEMPT 
00013 Tainted: [W]=WARN, [O]=OOT_MODULE
00013 Hardware name: QEMU Standard PC (Q35 + ICH9, 2009), BIOS 2025.11-3ubuntu7 03/31/2026
00013 RIP: 0010:osd_create+0x9cf/0xcf0 [osd_wbcfs]
00013 Code: c7 c7 00 96 7b a1 48 c7 c6 a0 12 7d a1 48 c7 c2 00 1c 7d a1 e8 52 f1 43 ff 48 c7 c7 00 96 7b a1 e8 46 81 44 ff e9 fe fc ff ff <0f> 0b e9 a5 fa ff ff 48 c7 c1 80 44 5d a0 80 e1 07 80 c1 03 38 c1
00013 RSP: 0018:ffffc90001477270 EFLAGS: 00010246
00013 RAX: 0000000000000000 RBX: ffff88811d8d8c00 RCX: 0000000000000046
00013 RDX: 0000000000000000 RSI: ffff888023f4b478 RDI: ffff88807f280998
00013 RBP: ffff888023f4b3e8 R08: ffffffff83a16803 R09: 1ffffffff0742d00
00013 R10: dffffc0000000000 R11: fffffbfff0742d01 R12: ffff88802d7e8418
00013 R13: dffffc0000000000 R14: 1ffff11023b1b180 R15: 1ffff11005afd092
00013 FS:  0000000000000000(0000) GS:ffff8881d4a2a000(0000) knlGS:0000000000000000
00013 CS:  0010 DS: 0000 ES: 0000 CR0: 0000000080050033
00013 CR2: 00007f6faa7e6194 CR3: 0000000004274000 CR4: 0000000000750eb0
00013 PKRU: 55555554
00013 Call Trace:
00013  <TASK>
00013  ? local_object_create+0x109/0x640 [obdclass]
00013  ? dt_write_lock+0x16d/0x2a0 [obdclass]
00013  ? __local_file_create+0xce4/0x1bc0 [obdclass]
00013  ? local_file_find_or_create+0x13c/0x1d0 [obdclass]
00013  ? lquota_disk_dir_find_create+0x31f/0xd10 [lquota]
00013  ? qmt_pool_prepare+0x3ee/0x16f0 [lquota]
00013  ? qmt_device_prepare+0x22a/0x600 [lquota]
00013  ? mdt_quota_init+0x1a65/0x3220 [mdt]
00013  ? mdt_tunables_init+0x3e6/0x530 [mdt]
00013  ? mdt_device_alloc+0x46a6/0x66c0 [mdt]
00013  ? obd_setup+0x25c/0x950 [obdclass]
00013  ? class_setup+0xc7d/0x10e0 [obdclass]
00013  ? class_process_config+0x2edb/0x7cb0 [obdclass]
00013  ? __kasan_kmalloc+0x72/0x80
00013  ? class_config_llog_handler+0x2954/0x4f80 [obdclass]
00013  ? class_config_llog_handler+0x2cea/0x4f80 [obdclass]
00013  ? lustre_cfg_rec_free+0x350/0x350 [obdclass]
00013  ? llog_process_thread+0x1fd2/0x4f70 [obdclass]
00013  ? _raw_spin_unlock+0x23/0x40
00013  ? llog_process_thread_daemonize+0x16d/0x1b0 [obdclass]
00013  ? kthread+0x2cd/0x3a0
00013  ? llog_process_or_fork+0xc90/0xc90 [obdclass]
00013  ? kthread_unuse_mm+0x130/0x130
00013  ? ret_from_fork+0x18c/0x520
00013  ? kthread_unuse_mm+0x130/0x130
00013  ? ret_from_fork_asm+0x11/0x20
00013  </TASK>
00013 ---[ end trace 0000000000000000 ]---
00013 ------------[ cut here ]------------
00013 WARNING: /home/ktest/git/linux/include/linux/fs.h:889 at osd_create+0x9cf/0xcf0 [osd_wbcfs], CPU#0: llog_process_th/1747
00013 Modules linked in: mdd(O) lod(O) mdt(O) lquota(O) lfsck(O) mgs(O) osd_wbcfs(O) lustre(O) obdecho(O) mgc(O) mdc(O) lov(O) osc(O) lmv(O) ec(O) fid(O) fld(O) ptlrpc(O) efivarfs obdclass(O) ksocklnd(O) lnet(O) libcfs(O)
00013 CPU: 0 UID: 0 PID: 1747 Comm: llog_process_th Tainted: G        W  O        7.0.0-ktest-bf7747f-6330a45-20260814-dirty #1 PREEMPT 
00013 Tainted: [W]=WARN, [O]=OOT_MODULE
00013 Hardware name: QEMU Standard PC (Q35 + ICH9, 2009), BIOS 2025.11-3ubuntu7 03/31/2026
00013 RIP: 0010:osd_create+0x9cf/0xcf0 [osd_wbcfs]
00013 Code: c7 c7 00 96 7b a1 48 c7 c6 a0 12 7d a1 48 c7 c2 00 1c 7d a1 e8 52 f1 43 ff 48 c7 c7 00 96 7b a1 e8 46 81 44 ff e9 fe fc ff ff <0f> 0b e9 a5 fa ff ff 48 c7 c1 80 44 5d a0 80 e1 07 80 c1 03 38 c1
00013 RSP: 0018:ffffc90001477258 EFLAGS: 00010246
00013 RAX: 0000000000000000 RBX: ffff88811d8d9800 RCX: 0000000000000046
00013 RDX: ffffffff84c44d40 RSI: ffff888023f4ad60 RDI: ffff88807f280998
00013 RBP: ffff888023f4acd0 R08: 0000000000000001 R09: 0000000000000000
00013 R10: dffffc0000000000 R11: ffffed10047e958f R12: ffff88802d7e8418
00013 R13: dffffc0000000000 R14: 1ffff11023b1b300 R15: 1ffff11005afd092
00013 FS:  0000000000000000(0000) GS:ffff8881d4a2a000(0000) knlGS:0000000000000000
00013 CS:  0010 DS: 0000 ES: 0000 CR0: 0000000080050033
00013 CR2: 00007f6faa7e6194 CR3: 0000000004274000 CR4: 0000000000750eb0
00013 PKRU: 55555554
00013 Call Trace:
00013  <TASK>
00013  ? local_object_create+0x109/0x640 [obdclass]
00013  ? dt_write_lock+0x16d/0x2a0 [obdclass]
00013  ? __local_file_create+0xce4/0x1bc0 [obdclass]
00013  ? local_index_find_or_create_with_fid+0x20d/0x3c0 [obdclass]
00013  ? lquota_disk_glb_find_create+0x3e7/0xe50 [lquota]
00013  ? qmt_pool_prepare+0x5af/0x16f0 [lquota]
00013  ? qmt_device_prepare+0x22a/0x600 [lquota]
00013  ? mdt_quota_init+0x1a65/0x3220 [mdt]
00013  ? mdt_tunables_init+0x3e6/0x530 [mdt]
00013  ? mdt_device_alloc+0x46a6/0x66c0 [mdt]
00013  ? obd_setup+0x25c/0x950 [obdclass]
00013  ? class_setup+0xc7d/0x10e0 [obdclass]
00013  ? class_process_config+0x2edb/0x7cb0 [obdclass]
00013  ? __kasan_kmalloc+0x72/0x80
00013  ? class_config_llog_handler+0x2954/0x4f80 [obdclass]
00013  ? class_config_llog_handler+0x2cea/0x4f80 [obdclass]
00013  ? lustre_cfg_rec_free+0x350/0x350 [obdclass]
00013  ? llog_process_thread+0x1fd2/0x4f70 [obdclass]
00013  ? _raw_spin_unlock+0x23/0x40
00013  ? llog_process_thread_daemonize+0x16d/0x1b0 [obdclass]
00013  ? kthread+0x2cd/0x3a0
00013  ? llog_process_or_fork+0xc90/0xc90 [obdclass]
00013  ? kthread_unuse_mm+0x130/0x130
00013  ? ret_from_fork+0x18c/0x520
00013  ? kthread_unuse_mm+0x130/0x130
00013  ? ret_from_fork_asm+0x11/0x20
00013  </TASK>
00013 ---[ end trace 0000000000000000 ]---
00013 ------------[ cut here ]------------
00013 WARNING: /home/ktest/git/linux/include/linux/fs.h:889 at osd_create+0x9cf/0xcf0 [osd_wbcfs], CPU#0: llog_process_th/1747
00013 Modules linked in: mdd(O) lod(O) mdt(O) lquota(O) lfsck(O) mgs(O) osd_wbcfs(O) lustre(O) obdecho(O) mgc(O) mdc(O) lov(O) osc(O) lmv(O) ec(O) fid(O) fld(O) ptlrpc(O) efivarfs obdclass(O) ksocklnd(O) lnet(O) libcfs(O)
00013 CPU: 0 UID: 0 PID: 1747 Comm: llog_process_th Tainted: G        W  O        7.0.0-ktest-bf7747f-6330a45-20260814-dirty #1 PREEMPT 
00013 Tainted: [W]=WARN, [O]=OOT_MODULE
00013 Hardware name: QEMU Standard PC (Q35 + ICH9, 2009), BIOS 2025.11-3ubuntu7 03/31/2026
00013 RIP: 0010:osd_create+0x9cf/0xcf0 [osd_wbcfs]
00013 Code: c7 c7 00 96 7b a1 48 c7 c6 a0 12 7d a1 48 c7 c2 00 1c 7d a1 e8 52 f1 43 ff 48 c7 c7 00 96 7b a1 e8 46 81 44 ff e9 fe fc ff ff <0f> 0b e9 a5 fa ff ff 48 c7 c1 80 44 5d a0 80 e1 07 80 c1 03 38 c1
00013 RSP: 0018:ffffc90001477258 EFLAGS: 00010246
00013 RAX: 0000000000000000 RBX: ffff88811967bc00 RCX: 0000000000000046
00013 RDX: ffffffff84c44d40 RSI: ffff88802c62d0d8 RDI: ffff88807f280998
00013 RBP: ffff88802c62d048 R08: 0000000000000001 R09: 0000000000000000
00013 R10: dffffc0000000000 R11: ffffed10058c59fe R12: ffff88802d7e8418
00013 R13: dffffc0000000000 R14: 1ffff110232cf780 R15: 1ffff11005afd092
00013 FS:  0000000000000000(0000) GS:ffff8881d4a2a000(0000) knlGS:0000000000000000
00013 CS:  0010 DS: 0000 ES: 0000 CR0: 0000000080050033
00013 CR2: 00007f6faa7e6194 CR3: 0000000004274000 CR4: 0000000000750eb0
00013 PKRU: 55555554
00013 Call Trace:
00013  <TASK>
00013  ? local_object_create+0x109/0x640 [obdclass]
00013  ? dt_write_lock+0x16d/0x2a0 [obdclass]
00013  ? __local_file_create+0xce4/0x1bc0 [obdclass]
00013  ? local_index_find_or_create_with_fid+0x20d/0x3c0 [obdclass]
00013  ? lquota_disk_glb_find_create+0x3e7/0xe50 [lquota]
00013  ? lprocfs_seq_create+0x120/0x340 [obdclass]
00013  ? qmt_pool_prepare+0x5af/0x16f0 [lquota]
00013  ? qmt_device_prepare+0x22a/0x600 [lquota]
00013  ? mdt_quota_init+0x1a65/0x3220 [mdt]
00013  ? mdt_tunables_init+0x3e6/0x530 [mdt]
00013  ? mdt_device_alloc+0x46a6/0x66c0 [mdt]
00013  ? obd_setup+0x25c/0x950 [obdclass]
00013  ? class_setup+0xc7d/0x10e0 [obdclass]
00013  ? class_process_config+0x2edb/0x7cb0 [obdclass]
00013  ? __kasan_kmalloc+0x72/0x80
00013  ? class_config_llog_handler+0x2954/0x4f80 [obdclass]
00013  ? class_config_llog_handler+0x2cea/0x4f80 [obdclass]
00013  ? lustre_cfg_rec_free+0x350/0x350 [obdclass]
00013  ? llog_process_thread+0x1fd2/0x4f70 [obdclass]
00013  ? _raw_spin_unlock+0x23/0x40
00013  ? llog_process_thread_daemonize+0x16d/0x1b0 [obdclass]
00013  ? kthread+0x2cd/0x3a0
00013  ? llog_process_or_fork+0xc90/0xc90 [obdclass]
00013  ? kthread_unuse_mm+0x130/0x130
00013  ? ret_from_fork+0x18c/0x520
00013  ? kthread_unuse_mm+0x130/0x130
00013  ? ret_from_fork_asm+0x11/0x20
00013  </TASK>
00013 ---[ end trace 0000000000000000 ]---
00013 ------------[ cut here ]------------
00013 WARNING: /home/ktest/git/linux/include/linux/fs.h:889 at osd_create+0x9cf/0xcf0 [osd_wbcfs], CPU#0: llog_process_th/1747
00013 Modules linked in: mdd(O) lod(O) mdt(O) lquota(O) lfsck(O) mgs(O) osd_wbcfs(O) lustre(O) obdecho(O) mgc(O) mdc(O) lov(O) osc(O) lmv(O) ec(O) fid(O) fld(O) ptlrpc(O) efivarfs obdclass(O) ksocklnd(O) lnet(O) libcfs(O)
00013 CPU: 0 UID: 0 PID: 1747 Comm: llog_process_th Tainted: G        W  O        7.0.0-ktest-bf7747f-6330a45-20260814-dirty #1 PREEMPT 
00013 Tainted: [W]=WARN, [O]=OOT_MODULE
00013 Hardware name: QEMU Standard PC (Q35 + ICH9, 2009), BIOS 2025.11-3ubuntu7 03/31/2026
00013 RIP: 0010:osd_create+0x9cf/0xcf0 [osd_wbcfs]
00013 Code: c7 c7 00 96 7b a1 48 c7 c6 a0 12 7d a1 48 c7 c2 00 1c 7d a1 e8 52 f1 43 ff 48 c7 c7 00 96 7b a1 e8 46 81 44 ff e9 fe fc ff ff <0f> 0b e9 a5 fa ff ff 48 c7 c1 80 44 5d a0 80 e1 07 80 c1 03 38 c1
00013 RSP: 0018:ffffc90001477258 EFLAGS: 00010246
00013 RAX: 0000000000000000 RBX: ffff888119697c00 RCX: 0000000000000046
00013 RDX: ffffffff84c44d40 RSI: ffff88802c62c9c0 RDI: ffff88807f280998
00013 RBP: ffff88802c62c930 R08: 0000000000000001 R09: 0000000000000000
00013 R10: dffffc0000000000 R11: ffffed10058c591b R12: ffff88802d7e8418
00013 R13: dffffc0000000000 R14: 1ffff110232d2f80 R15: 1ffff11005afd092
00013 FS:  0000000000000000(0000) GS:ffff8881d4a2a000(0000) knlGS:0000000000000000
00013 CS:  0010 DS: 0000 ES: 0000 CR0: 0000000080050033
00013 CR2: 00007f6faa7e6194 CR3: 0000000004274000 CR4: 0000000000750eb0
00013 PKRU: 55555554
00013 Call Trace:
00013  <TASK>
00013  ? local_object_create+0x109/0x640 [obdclass]
00013  ? dt_write_lock+0x16d/0x2a0 [obdclass]
00013  ? __local_file_create+0xce4/0x1bc0 [obdclass]
00013  ? local_index_find_or_create_with_fid+0x20d/0x3c0 [obdclass]
00013  ? lquota_disk_glb_find_create+0x3e7/0xe50 [lquota]
00013  ? lprocfs_seq_create+0x120/0x340 [obdclass]
00013  ? qmt_pool_prepare+0x5af/0x16f0 [lquota]
00013  ? qmt_device_prepare+0x22a/0x600 [lquota]
00013  ? mdt_quota_init+0x1a65/0x3220 [mdt]
00013  ? mdt_tunables_init+0x3e6/0x530 [mdt]
00013  ? mdt_device_alloc+0x46a6/0x66c0 [mdt]
00013  ? obd_setup+0x25c/0x950 [obdclass]
00013  ? class_setup+0xc7d/0x10e0 [obdclass]
00013  ? class_process_config+0x2edb/0x7cb0 [obdclass]
00013  ? __kasan_kmalloc+0x72/0x80
00013  ? class_config_llog_handler+0x2954/0x4f80 [obdclass]
00013  ? class_config_llog_handler+0x2cea/0x4f80 [obdclass]
00013  ? lustre_cfg_rec_free+0x350/0x350 [obdclass]
00013  ? llog_process_thread+0x1fd2/0x4f70 [obdclass]
00013  ? _raw_spin_unlock+0x23/0x40
00013  ? llog_process_thread_daemonize+0x16d/0x1b0 [obdclass]
00013  ? kthread+0x2cd/0x3a0
00013  ? llog_process_or_fork+0xc90/0xc90 [obdclass]
00013  ? kthread_unuse_mm+0x130/0x130
00013  ? ret_from_fork+0x18c/0x520
00013  ? kthread_unuse_mm+0x130/0x130
00013  ? ret_from_fork_asm+0x11/0x20
00013  </TASK>
00013 ---[ end trace 0000000000000000 ]---
00013 ------------[ cut here ]------------
00013 WARNING: /home/ktest/git/linux/include/linux/fs.h:889 at osd_create+0x9cf/0xcf0 [osd_wbcfs], CPU#3: ll_mgs_0000/1722
00013 Modules linked in: osp(O) mdd(O) lod(O) mdt(O) lquota(O) lfsck(O) mgs(O) osd_wbcfs(O) lustre(O) obdecho(O) mgc(O) mdc(O) lov(O) osc(O) lmv(O) ec(O) fid(O) fld(O) ptlrpc(O) efivarfs obdclass(O) ksocklnd(O) lnet(O) libcfs(O)
00013 CPU: 3 UID: 0 PID: 1722 Comm: ll_mgs_0000 Tainted: G        W  O        7.0.0-ktest-bf7747f-6330a45-20260814-dirty #1 PREEMPT 
00013 Tainted: [W]=WARN, [O]=OOT_MODULE
00013 Hardware name: QEMU Standard PC (Q35 + ICH9, 2009), BIOS 2025.11-3ubuntu7 03/31/2026
00013 RIP: 0010:osd_create+0x9cf/0xcf0 [osd_wbcfs]
00013 Code: c7 c7 00 96 7b a1 48 c7 c6 a0 12 7d a1 48 c7 c2 00 1c 7d a1 e8 52 f1 43 ff 48 c7 c7 00 96 7b a1 e8 46 81 44 ff e9 fe fc ff ff <0f> 0b e9 a5 fa ff ff 48 c7 c1 80 44 5d a0 80 e1 07 80 c1 03 38 c1
00013 RSP: 0018:ffffc90004a1f700 EFLAGS: 00010246
00013 RAX: 0000000000000000 RBX: ffff888104256400 RCX: 0000000000000046
00013 RDX: 0000000000000000 RSI: ffff88802f766d38 RDI: ffff888134524b68
00013 RBP: ffff88802f766ca8 R08: ffffffff83a16803 R09: 1ffffffff0742d00
00013 R10: dffffc0000000000 R11: fffffbfff0742d01 R12: ffff888106d60418
00013 R13: dffffc0000000000 R14: 1ffff1102084ac80 R15: 1ffff11020dac092
00013 FS:  0000000000000000(0000) GS:ffff8881d4baa000(0000) knlGS:0000000000000000
00013 CS:  0010 DS: 0000 ES: 0000 CR0: 0000000080050033
00013 CR2: 00007f9f803e6194 CR3: 0000000004274000 CR4: 0000000000750eb0
00013 PKRU: 55555554
00013 Call Trace:
00013  <TASK>
00013  ? local_object_create+0x109/0x640 [obdclass]
00013  ? dt_write_lock+0x16d/0x2a0 [obdclass]
00013  ? __local_file_create+0xce4/0x1bc0 [obdclass]
00013  ? local_file_find_or_create+0x13c/0x1d0 [obdclass]
00013  ? mgs_ir_update+0x1ce1/0x3850 [mgs]
00013  ? mgs_target_reg+0xd98/0x4480 [mgs]
00013  ? tgt_request_handle+0x23ad/0x3d30 [ptlrpc]
00013  ? ptlrpc_main+0x6359/0x96f0 [ptlrpc]
00013  ? __kthread_parkme+0x73/0x130
00013  ? kthread+0x2cd/0x3a0
00013  ? ptlrpc_start_thread+0x1f10/0x1f10 [ptlrpc]
00013  ? kthread_unuse_mm+0x130/0x130
00013  ? ret_from_fork+0x18c/0x520
00013  ? kthread_unuse_mm+0x130/0x130
00013  ? ret_from_fork_asm+0x11/0x20
00013  </TASK>
00013 ---[ end trace 0000000000000000 ]---
00013 Lustre: lustre-MDT0000: Imperative Recovery not enabled, recovery window 300-900
00013 Lustre: ctl-lustre-MDT0000: super-sequence allocation rc = 0 [0x0000000200000400-0x0000000240000400]:0:mdt
00013 ------------[ cut here ]------------
00013 WARNING: /home/ktest/git/linux/include/linux/fs.h:889 at osd_create+0x9cf/0xcf0 [osd_wbcfs], CPU#2: lod0000_rec0000/1757
00013 Modules linked in: osp(O) mdd(O) lod(O) mdt(O) lquota(O) lfsck(O) mgs(O) osd_wbcfs(O) lustre(O) obdecho(O) mgc(O) mdc(O) lov(O) osc(O) lmv(O) ec(O) fid(O) fld(O) ptlrpc(O) efivarfs obdclass(O) ksocklnd(O) lnet(O) libcfs(O)
00013 CPU: 2 UID: 0 PID: 1757 Comm: lod0000_rec0000 Tainted: G        W  O        7.0.0-ktest-bf7747f-6330a45-20260814-dirty #1 PREEMPT 
00013 Tainted: [W]=WARN, [O]=OOT_MODULE
00013 Hardware name: QEMU Standard PC (Q35 + ICH9, 2009), BIOS 2025.11-3ubuntu7 03/31/2026
00013 RIP: 0010:osd_create+0x9cf/0xcf0 [osd_wbcfs]
00013 Code: c7 c7 00 96 7b a1 48 c7 c6 a0 12 7d a1 48 c7 c2 00 1c 7d a1 e8 52 f1 43 ff 48 c7 c7 00 96 7b a1 e8 46 81 44 ff e9 fe fc ff ff <0f> 0b e9 a5 fa ff ff 48 c7 c1 80 44 5d a0 80 e1 07 80 c1 03 38 c1
00013 RSP: 0018:ffffc90004a7fb50 EFLAGS: 00010246
00013 RAX: 0000000000000000 RBX: ffff888106175c00 RCX: 0000000000000046
00013 RDX: 0000000000000000 RSI: ffff88802f7642a8 RDI: ffff888136170998
00013 RBP: ffff88802f764218 R08: ffffffff83a16803 R09: 1ffffffff0742d00
00013 R10: dffffc0000000000 R11: fffffbfff0742d01 R12: ffff888108c7e000
00013 R13: dffffc0000000000 R14: 1ffff11020c2eb80 R15: 1ffff1102118fc0f
00013 FS:  0000000000000000(0000) GS:ffff8881d4b2a000(0000) knlGS:0000000000000000
00013 CS:  0010 DS: 0000 ES: 0000 CR0: 0000000080050033
00013 CR2: 00007f61a1fe6194 CR3: 000000002c2c1000 CR4: 0000000000750eb0
00013 PKRU: 55555554
00013 Call Trace:
00013  <TASK>
00013  ? llog_osd_create+0x605/0x10d0 [obdclass]
00013  ? llog_create+0x2ed/0x530 [obdclass]
00013  ? llog_open_create+0x6e7/0xb30 [obdclass]
00013  ? lod_sub_prep_llog+0xdfd/0x1b40 [lod]
00013  ? lod_sub_recovery_thread+0x316/0x18d0 [lod]
00013  ? __kthread_parkme+0x73/0x130
00013  ? kthread+0x2cd/0x3a0
00013  ? lod_sub_init_llog+0x1180/0x1180 [lod]
00013  ? kthread_unuse_mm+0x130/0x130
00013  ? ret_from_fork+0x18c/0x520
00013  ? kthread_unuse_mm+0x130/0x130
00013  ? ret_from_fork_asm+0x11/0x20
00013  </TASK>
00013 ---[ end trace 0000000000000000 ]---
00013 ------------[ cut here ]------------
00013 WARNING: /home/ktest/git/linux/include/linux/fs.h:889 at osd_create+0x9cf/0xcf0 [osd_wbcfs], CPU#0: ll_mgs_0000/1722
00013 Modules linked in: osp(O) mdd(O) lod(O) mdt(O) lquota(O) lfsck(O) mgs(O) osd_wbcfs(O) lustre(O) obdecho(O) mgc(O) mdc(O) lov(O) osc(O) lmv(O) ec(O) fid(O) fld(O) ptlrpc(O) efivarfs obdclass(O) ksocklnd(O) lnet(O) libcfs(O)
00013 CPU: 0 UID: 0 PID: 1722 Comm: ll_mgs_0000 Tainted: G        W  O        7.0.0-ktest-bf7747f-6330a45-20260814-dirty #1 PREEMPT 
00013 Tainted: [W]=WARN, [O]=OOT_MODULE
00013 Hardware name: QEMU Standard PC (Q35 + ICH9, 2009), BIOS 2025.11-3ubuntu7 03/31/2026
00013 RIP: 0010:osd_create+0x9cf/0xcf0 [osd_wbcfs]
00013 Code: c7 c7 00 96 7b a1 48 c7 c6 a0 12 7d a1 48 c7 c2 00 1c 7d a1 e8 52 f1 43 ff 48 c7 c7 00 96 7b a1 e8 46 81 44 ff e9 fe fc ff ff <0f> 0b e9 a5 fa ff ff 48 c7 c1 80 44 5d a0 80 e1 07 80 c1 03 38 c1
00013 RSP: 0018:ffffc90004a1f688 EFLAGS: 00010246
00013 RAX: 0000000000000000 RBX: ffff888119702000 RCX: 0000000000000046
00013 RDX: 0000000000000000 RSI: ffff88802c62c2a8 RDI: ffff888134524b68
00013 RBP: ffff88802c62c218 R08: ffffffff83a16803 R09: 1ffffffff0742d00
00013 R10: dffffc0000000000 R11: fffffbfff0742d01 R12: ffff888100af2c00
00013 R13: dffffc0000000000 R14: 1ffff110232e0400 R15: 1ffff1102015e58f
00013 FS:  0000000000000000(0000) GS:ffff8881d4a2a000(0000) knlGS:0000000000000000
00013 CS:  0010 DS: 0000 ES: 0000 CR0: 0000000080050033
00013 CR2: 00007f6faa7e6194 CR3: 0000000104760000 CR4: 0000000000750eb0
00013 PKRU: 55555554
00013 Call Trace:
00013  <TASK>
00013  ? local_object_create+0x109/0x640 [obdclass]
00013  ? dt_write_lock+0x16d/0x2a0 [obdclass]
00013  ? llog_osd_create+0x356/0x10d0 [obdclass]
00013  ? llog_create+0x2ed/0x530 [obdclass]
00013  ? llog_open_create+0x6e7/0xb30 [obdclass]
00013  ? record_start_log+0x348/0xa40 [mgs]
00013  ? mgs_write_log_lov+0x3ac/0xde0 [mgs]
00013  ? mgs_write_log_target+0x17a4/0x6ab0 [mgs]
00013  ? mgs_target_reg+0x254e/0x4480 [mgs]
00013  ? tgt_request_handle+0x23ad/0x3d30 [ptlrpc]
00013  ? ptlrpc_main+0x6359/0x96f0 [ptlrpc]
00013  ? __kthread_parkme+0x73/0x130
00013  ? kthread+0x2cd/0x3a0
00013  ? ptlrpc_start_thread+0x1f10/0x1f10 [ptlrpc]
00013  ? kthread_unuse_mm+0x130/0x130
00013  ? ret_from_fork+0x18c/0x520
00013  ? kthread_unuse_mm+0x130/0x130
00013  ? ret_from_fork_asm+0x11/0x20
00013  </TASK>
00013 ---[ end trace 0000000000000000 ]---
00013 ------------[ cut here ]------------
00013 WARNING: /home/ktest/git/linux/include/linux/fs.h:889 at osd_create+0x9cf/0xcf0 [osd_wbcfs], CPU#2: llog_process_th/1763
00013 Modules linked in: osp(O) mdd(O) lod(O) mdt(O) lquota(O) lfsck(O) mgs(O) osd_wbcfs(O) lustre(O) obdecho(O) mgc(O) mdc(O) lov(O) osc(O) lmv(O) ec(O) fid(O) fld(O) ptlrpc(O) efivarfs obdclass(O) ksocklnd(O) lnet(O) libcfs(O)
00013 CPU: 2 UID: 0 PID: 1763 Comm: llog_process_th Tainted: G        W  O        7.0.0-ktest-bf7747f-6330a45-20260814-dirty #1 PREEMPT 
00013 Tainted: [W]=WARN, [O]=OOT_MODULE
00013 Hardware name: QEMU Standard PC (Q35 + ICH9, 2009), BIOS 2025.11-3ubuntu7 03/31/2026
00013 RIP: 0010:osd_create+0x9cf/0xcf0 [osd_wbcfs]
00013 Code: c7 c7 00 96 7b a1 48 c7 c6 a0 12 7d a1 48 c7 c2 00 1c 7d a1 e8 52 f1 43 ff 48 c7 c7 00 96 7b a1 e8 46 81 44 ff e9 fe fc ff ff <0f> 0b e9 a5 fa ff ff 48 c7 c1 80 44 5d a0 80 e1 07 80 c1 03 38 c1
00013 RSP: 0018:ffffc900011c7450 EFLAGS: 00010246
00013 RAX: 0000000000000000 RBX: ffff88811beba000 RCX: 0000000000000046
00013 RDX: ffffffff84c44d40 RSI: ffff88802f761818 RDI: ffff888023d44b18
00013 RBP: ffff88802f761788 R08: 0000000000000001 R09: 0000000000000000
00013 R10: dffffc0000000000 R11: ffffed1005eec2e6 R12: ffff88811a518000
00013 R13: dffffc0000000000 R14: 1ffff110237d7400 R15: 1ffff92000238ebf
00013 FS:  0000000000000000(0000) GS:ffff8881d4b2a000(0000) knlGS:0000000000000000
00013 CS:  0010 DS: 0000 ES: 0000 CR0: 0000000080050033
00013 CR2: 00007f61a1fe6194 CR3: 0000000103d39000 CR4: 0000000000750eb0
00013 PKRU: 55555554
00013 Call Trace:
00013  <TASK>
00013  ? dt_find_or_create+0x81a/0x1170 [obdclass]
00013  ? fld_index_init+0x404/0x1610 [fld]
00013  ? is_module_address+0x1b/0x70
00013  ? is_module_address+0x5e/0x70
00013  ? __asan_memset+0x22/0x40
00013  ? fld_server_init+0x1d7/0x580 [fld]
00013  ? mdt_device_alloc+0x36b4/0x66c0 [mdt]
00013  ? __alloc_tagging_slab_alloc_hook+0x136/0x190
00013  ? obd_setup+0x25c/0x950 [obdclass]
00013  ? class_setup+0xc7d/0x10e0 [obdclass]
00013  ? class_process_config+0x2edb/0x7cb0 [obdclass]
00013  ? __kasan_kmalloc+0x72/0x80
00013  ? class_config_llog_handler+0x2954/0x4f80 [obdclass]
00013  ? class_config_llog_handler+0x2cea/0x4f80 [obdclass]
00013  ? lustre_cfg_rec_free+0x350/0x350 [obdclass]
00013  ? llog_process_thread+0x1fd2/0x4f70 [obdclass]
00013  ? _raw_spin_unlock+0x23/0x40
00013  ? llog_process_thread_daemonize+0x16d/0x1b0 [obdclass]
00013  ? kthread+0x2cd/0x3a0
00013  ? llog_process_or_fork+0xc90/0xc90 [obdclass]
00013  ? kthread_unuse_mm+0x130/0x130
00013  ? ret_from_fork+0x18c/0x520
00013  ? kthread_unuse_mm+0x130/0x130
00013  ? ret_from_fork_asm+0x11/0x20
00013  </TASK>
00013 ---[ end trace 0000000000000000 ]---
00013 ------------[ cut here ]------------
00013 WARNING: /home/ktest/git/linux/include/linux/fs.h:889 at osd_create+0x9cf/0xcf0 [osd_wbcfs], CPU#2: llog_process_th/1763
00013 Modules linked in: osp(O) mdd(O) lod(O) mdt(O) lquota(O) lfsck(O) mgs(O) osd_wbcfs(O) lustre(O) obdecho(O) mgc(O) mdc(O) lov(O) osc(O) lmv(O) ec(O) fid(O) fld(O) ptlrpc(O) efivarfs obdclass(O) ksocklnd(O) lnet(O) libcfs(O)
00013 CPU: 2 UID: 0 PID: 1763 Comm: llog_process_th Tainted: G        W  O        7.0.0-ktest-bf7747f-6330a45-20260814-dirty #1 PREEMPT 
00013 Tainted: [W]=WARN, [O]=OOT_MODULE
00013 Hardware name: QEMU Standard PC (Q35 + ICH9, 2009), BIOS 2025.11-3ubuntu7 03/31/2026
00013 RIP: 0010:osd_create+0x9cf/0xcf0 [osd_wbcfs]
00013 Code: c7 c7 00 96 7b a1 48 c7 c6 a0 12 7d a1 48 c7 c2 00 1c 7d a1 e8 52 f1 43 ff 48 c7 c7 00 96 7b a1 e8 46 81 44 ff e9 fe fc ff ff <0f> 0b e9 a5 fa ff ff 48 c7 c1 80 44 5d a0 80 e1 07 80 c1 03 38 c1
00013 RSP: 0018:ffffc900011c7430 EFLAGS: 00010246
00013 RAX: 0000000000000000 RBX: ffff88811beb9400 RCX: 0000000000000046
00013 RDX: 0000000000000000 RSI: ffff88802f761100 RDI: ffff888023d44b18
00013 RBP: ffff88802f761070 R08: ffffffff83a16803 R09: 1ffffffff0742d00
00013 R10: dffffc0000000000 R11: fffffbfff0742d01 R12: ffffc900011c7530
00013 R13: dffffc0000000000 R14: 1ffff110237d7280 R15: 1ffff92000238ea4
00013 FS:  0000000000000000(0000) GS:ffff8881d4b2a000(0000) knlGS:0000000000000000
00013 CS:  0010 DS: 0000 ES: 0000 CR0: 0000000080050033
00013 CR2: 00007f61a1fe6194 CR3: 0000000103d39000 CR4: 0000000000750eb0
00013 PKRU: 55555554
00013 Call Trace:
00013  <TASK>
00013  ? dt_find_or_create+0x81a/0x1170 [obdclass]
00013  ? seq_store_init+0x155/0x360 [fid]
00013  ? seq_server_init+0x290/0xba0 [fid]
00013  ? mdt_seq_init+0x2c1/0x1ef0 [mdt]
00013  ? fld_server_init+0x34e/0x580 [fld]
00013  ? mdt_device_alloc+0x39c5/0x66c0 [mdt]
00013  ? __alloc_tagging_slab_alloc_hook+0x136/0x190
00013  ? obd_setup+0x25c/0x950 [obdclass]
00013  ? class_setup+0xc7d/0x10e0 [obdclass]
00013  ? class_process_config+0x2edb/0x7cb0 [obdclass]
00013  ? __kasan_kmalloc+0x72/0x80
00013  ? class_config_llog_handler+0x2954/0x4f80 [obdclass]
00013  ? class_config_llog_handler+0x2cea/0x4f80 [obdclass]
00013  ? lustre_cfg_rec_free+0x350/0x350 [obdclass]
00013  ? llog_process_thread+0x1fd2/0x4f70 [obdclass]
00013  ? _raw_spin_unlock+0x23/0x40
00013  ? llog_process_thread_daemonize+0x16d/0x1b0 [obdclass]
00013  ? kthread+0x2cd/0x3a0
00013  ? llog_process_or_fork+0xc90/0xc90 [obdclass]
00013  ? kthread_unuse_mm+0x130/0x130
00013  ? ret_from_fork+0x18c/0x520
00013  ? kthread_unuse_mm+0x130/0x130
00013  ? ret_from_fork_asm+0x11/0x20
00013  </TASK>
00013 ---[ end trace 0000000000000000 ]---
00013 ------------[ cut here ]------------
00013 WARNING: /home/ktest/git/linux/include/linux/fs.h:889 at osd_create+0x9cf/0xcf0 [osd_wbcfs], CPU#2: llog_process_th/1763
00013 Modules linked in: osp(O) mdd(O) lod(O) mdt(O) lquota(O) lfsck(O) mgs(O) osd_wbcfs(O) lustre(O) obdecho(O) mgc(O) mdc(O) lov(O) osc(O) lmv(O) ec(O) fid(O) fld(O) ptlrpc(O) efivarfs obdclass(O) ksocklnd(O) lnet(O) libcfs(O)
00013 CPU: 2 UID: 0 PID: 1763 Comm: llog_process_th Tainted: G        W  O        7.0.0-ktest-bf7747f-6330a45-20260814-dirty #1 PREEMPT 
00013 Tainted: [W]=WARN, [O]=OOT_MODULE
00013 Hardware name: QEMU Standard PC (Q35 + ICH9, 2009), BIOS 2025.11-3ubuntu7 03/31/2026
00013 RIP: 0010:osd_create+0x9cf/0xcf0 [osd_wbcfs]
00013 Code: c7 c7 00 96 7b a1 48 c7 c6 a0 12 7d a1 48 c7 c2 00 1c 7d a1 e8 52 f1 43 ff 48 c7 c7 00 96 7b a1 e8 46 81 44 ff e9 fe fc ff ff <0f> 0b e9 a5 fa ff ff 48 c7 c1 80 44 5d a0 80 e1 07 80 c1 03 38 c1
00013 RSP: 0018:ffffc900011c7470 EFLAGS: 00010246
00013 RAX: 0000000000000000 RBX: ffff88811beb8c00 RCX: 0000000000000046
00013 RDX: 0000000000000000 RSI: ffff88802f7609e8 RDI: ffff888023d44b18
00013 RBP: ffff88802f760958 R08: ffffffff83a16803 R09: 1ffffffff0742d00
00013 R10: dffffc0000000000 R11: fffffbfff0742d01 R12: ffffc900011c75e0
00013 R13: dffffc0000000000 R14: 1ffff110237d7180 R15: 1ffff92000238ec9
00013 FS:  0000000000000000(0000) GS:ffff8881d4b2a000(0000) knlGS:0000000000000000
00013 CS:  0010 DS: 0000 ES: 0000 CR0: 0000000080050033
00013 CR2: 00007f61a1fe6194 CR3: 0000000103d39000 CR4: 0000000000750eb0
00013 PKRU: 55555554
00013 Call Trace:
00013  <TASK>
00013  ? dt_find_or_create+0x81a/0x1170 [obdclass]
00013  ? tgt_init+0xb72/0x2a60 [ptlrpc]
00013  ? mdt_device_alloc+0x3ce7/0x66c0 [mdt]
00013  ? __alloc_tagging_slab_alloc_hook+0x136/0x190
00013  ? obd_setup+0x25c/0x950 [obdclass]
00013  ? class_setup+0xc7d/0x10e0 [obdclass]
00013  ? class_process_config+0x2edb/0x7cb0 [obdclass]
00013  ? __kasan_kmalloc+0x72/0x80
00013  ? class_config_llog_handler+0x2954/0x4f80 [obdclass]
00013  ? class_config_llog_handler+0x2cea/0x4f80 [obdclass]
00013  ? lustre_cfg_rec_free+0x350/0x350 [obdclass]
00013  ? llog_process_thread+0x1fd2/0x4f70 [obdclass]
00013  ? _raw_spin_unlock+0x23/0x40
00013  ? llog_process_thread_daemonize+0x16d/0x1b0 [obdclass]
00013  ? kthread+0x2cd/0x3a0
00013  ? llog_process_or_fork+0xc90/0xc90 [obdclass]
00013  ? kthread_unuse_mm+0x130/0x130
00013  ? ret_from_fork+0x18c/0x520
00013  ? kthread_unuse_mm+0x130/0x130
00013  ? ret_from_fork_asm+0x11/0x20
00013  </TASK>
00013 ---[ end trace 0000000000000000 ]---
00013 ------------[ cut here ]------------
00013 WARNING: /home/ktest/git/linux/include/linux/fs.h:889 at osd_create+0x9cf/0xcf0 [osd_wbcfs], CPU#2: llog_process_th/1763
00013 Modules linked in: osp(O) mdd(O) lod(O) mdt(O) lquota(O) lfsck(O) mgs(O) osd_wbcfs(O) lustre(O) obdecho(O) mgc(O) mdc(O) lov(O) osc(O) lmv(O) ec(O) fid(O) fld(O) ptlrpc(O) efivarfs obdclass(O) ksocklnd(O) lnet(O) libcfs(O)
00013 CPU: 2 UID: 0 PID: 1763 Comm: llog_process_th Tainted: G        W  O        7.0.0-ktest-bf7747f-6330a45-20260814-dirty #1 PREEMPT 
00013 Tainted: [W]=WARN, [O]=OOT_MODULE
00013 Hardware name: QEMU Standard PC (Q35 + ICH9, 2009), BIOS 2025.11-3ubuntu7 03/31/2026
00013 RIP: 0010:osd_create+0x9cf/0xcf0 [osd_wbcfs]
00013 Code: c7 c7 00 96 7b a1 48 c7 c6 a0 12 7d a1 48 c7 c2 00 1c 7d a1 e8 52 f1 43 ff 48 c7 c7 00 96 7b a1 e8 46 81 44 ff e9 fe fc ff ff <0f> 0b e9 a5 fa ff ff 48 c7 c1 80 44 5d a0 80 e1 07 80 c1 03 38 c1
00013 RSP: 0018:ffffc900011c7470 EFLAGS: 00010246
00013 RAX: 0000000000000000 RBX: ffff88811b797000 RCX: 0000000000000046
00013 RDX: 0000000000000000 RSI: ffff88802f7602d0 RDI: ffff888023d44b18
00013 RBP: ffff88802f760240 R08: ffffffff83a16803 R09: 1ffffffff0742d00
00013 R10: dffffc0000000000 R11: fffffbfff0742d01 R12: ffffc900011c75e0
00013 R13: dffffc0000000000 R14: 1ffff110236f2e00 R15: 1ffff92000238ec9
00013 FS:  0000000000000000(0000) GS:ffff8881d4b2a000(0000) knlGS:0000000000000000
00013 CS:  0010 DS: 0000 ES: 0000 CR0: 0000000080050033
00013 CR2: 00007f61a1fe6194 CR3: 0000000103d39000 CR4: 0000000000750eb0
00013 PKRU: 55555554
00013 Call Trace:
00013  <TASK>
00013  ? dt_find_or_create+0x81a/0x1170 [obdclass]
00013  ? tgt_init+0x1a98/0x2a60 [ptlrpc]
00013  ? mdt_device_alloc+0x3ce7/0x66c0 [mdt]
00013  ? __alloc_tagging_slab_alloc_hook+0x136/0x190
00013  ? obd_setup+0x25c/0x950 [obdclass]
00013  ? class_setup+0xc7d/0x10e0 [obdclass]
00013  ? class_process_config+0x2edb/0x7cb0 [obdclass]
00013  ? __kasan_kmalloc+0x72/0x80
00013  ? class_config_llog_handler+0x2954/0x4f80 [obdclass]
00013  ? class_config_llog_handler+0x2cea/0x4f80 [obdclass]
00013  ? lustre_cfg_rec_free+0x350/0x350 [obdclass]
00013  ? llog_process_thread+0x1fd2/0x4f70 [obdclass]
00013  ? _raw_spin_unlock+0x23/0x40
00013  ? llog_process_thread_daemonize+0x16d/0x1b0 [obdclass]
00013  ? kthread+0x2cd/0x3a0
00013  ? llog_process_or_fork+0xc90/0xc90 [obdclass]
00013  ? kthread_unuse_mm+0x130/0x130
00013  ? ret_from_fork+0x18c/0x520
00013  ? kthread_unuse_mm+0x130/0x130
00013  ? ret_from_fork_asm+0x11/0x20
00013  </TASK>
00013 ---[ end trace 0000000000000000 ]---
00013 Lustre: cli-ctl-lustre-MDT0001: Allocated super-sequence [0x0000000240000400-0x0000000280000400]:1:mdt]
00013 ------------[ cut here ]------------
00013 WARNING: /home/ktest/git/linux/include/linux/fs.h:889 at osd_create+0x9cf/0xcf0 [osd_wbcfs], CPU#1: lod0001_rec0001/1772
00013 Modules linked in: osp(O) mdd(O) lod(O) mdt(O) lquota(O) lfsck(O) mgs(O) osd_wbcfs(O) lustre(O) obdecho(O) mgc(O) mdc(O) lov(O) osc(O) lmv(O) ec(O) fid(O) fld(O) ptlrpc(O) efivarfs obdclass(O) ksocklnd(O) lnet(O) libcfs(O)
00013 CPU: 1 UID: 0 PID: 1772 Comm: lod0001_rec0001 Tainted: G        W  O        7.0.0-ktest-bf7747f-6330a45-20260814-dirty #1 PREEMPT 
00013 Tainted: [W]=WARN, [O]=OOT_MODULE
00013 Hardware name: QEMU Standard PC (Q35 + ICH9, 2009), BIOS 2025.11-3ubuntu7 03/31/2026
00013 RIP: 0010:osd_create+0x9cf/0xcf0 [osd_wbcfs]
00013 ------------[ cut here ]------------
00013 Code: c7 c7 00 96 7b a1 48 c7 c6 a0 12 7d a1 48 c7 c2 00 1c 7d a1 e8 52 f1 43 ff 48 c7 c7 00 96 7b a1 e8 46 81 44 ff e9 fe fc ff ff <0f> 0b e9 a5 fa ff ff 48 c7 c1 80 44 5d a0 80 e1 07 80 c1 03 38 c1
00013 WARNING: /home/ktest/git/linux/include/linux/fs.h:889 at osd_create+0x9cf/0xcf0 [osd_wbcfs], CPU#0: mdt_out00_000/1733
00013 RSP: 0018:ffffc90001edfb50 EFLAGS: 00010246
00013 Modules linked in:
00013 
00013 RAX: 0000000000000000 RBX: ffff88811901d400 RCX: 0000000000000046
00013  osp(O)
00013 RDX: 0000000000000000 RSI: ffff88802ea8e620 RDI: ffff88802da38998
00013 RBP: ffff88802ea8e590 R08: ffffffff83a16803 R09: 1ffffffff0742d00
00013 R10: dffffc0000000000 R11: fffffbfff0742d01 R12: ffff88811da87c00
00013 R13: dffffc0000000000 R14: 1ffff11023203a80 R15: 1ffff11023b50f8f
00013  mdd(O)
00013 FS:  0000000000000000(0000) GS:ffff8881d4aaa000(0000) knlGS:0000000000000000
00013  lod(O)
00013 CS:  0010 DS: 0000 ES: 0000 CR0: 0000000080050033
00013  mdt(O)
00013 CR2: 00007ffcfa060ff8 CR3: 0000000103d39000 CR4: 0000000000750eb0
00013  lquota(O)
00013 PKRU: 55555554
00013  lfsck(O)
00013 Call Trace:
00013  <TASK>
00013  mgs(O)
00013  ? llog_osd_create+0x605/0x10d0 [obdclass]
00013  osd_wbcfs(O) lustre(O) obdecho(O) mgc(O) mdc(O) lov(O) osc(O) lmv(O) ec(O) fid(O) fld(O) ptlrpc(O) efivarfs obdclass(O) ksocklnd(O) lnet(O) libcfs(O)
00013  ? llog_create+0x2ed/0x530 [obdclass]
00013 CPU: 0 UID: 0 PID: 1733 Comm: mdt_out00_000 Tainted: G        W  O        7.0.0-ktest-bf7747f-6330a45-20260814-dirty #1 PREEMPT 
00013  ? llog_open_create+0x6e7/0xb30 [obdclass]
00013 Tainted: [W]=WARN, [O]=OOT_MODULE
00013  ? lod_sub_prep_llog+0xdfd/0x1b40 [lod]
00013 Hardware name: QEMU Standard PC (Q35 + ICH9, 2009), BIOS 2025.11-3ubuntu7 03/31/2026
00013  ? lod_sub_recovery_thread+0x316/0x18d0 [lod]
00013 RIP: 0010:osd_create+0x9cf/0xcf0 [osd_wbcfs]
00013  ? __kthread_parkme+0x73/0x130
00013 Code: c7 c7 00 96 7b a1 48 c7 c6 a0 12 7d a1 48 c7 c2 00 1c 7d a1 e8 52 f1 43 ff 48 c7 c7 00 96 7b a1 e8 46 81 44 ff e9 fe fc ff ff <0f> 0b e9 a5 fa ff ff 48 c7 c1 80 44 5d a0 80 e1 07 80 c1 03 38 c1
00013  ? kthread+0x2cd/0x3a0
00013 RSP: 0018:ffffc900013977f8 EFLAGS: 00010246
00013  ? lod_sub_init_llog+0x1180/0x1180 [lod]
00013 RAX: 0000000000000000 RBX: ffff88811b8bc400 RCX: 0000000000000046
00013  ? kthread_unuse_mm+0x130/0x130
00013 RDX: 0000000000000000 RSI: ffff88802c62bb90 RDI: ffff88813614cb18
00013  ? ret_from_fork+0x18c/0x520
00013 RBP: ffff88802c62bb00 R08: ffffffff83a16803 R09: 1ffffffff0742d00
00013  ? kthread_unuse_mm+0x130/0x130
00013 R10: dffffc0000000000 R11: fffffbfff0742d01 R12: ffff88811c540c30
00013  ? ret_from_fork_asm+0x11/0x20
00013 R13: dffffc0000000000 R14: 1ffff11023717880 R15: 1ffff110238a8198
00013  </TASK>
00013 FS:  0000000000000000(0000) GS:ffff8881d4a2a000(0000) knlGS:0000000000000000
00013 ---[ end trace 0000000000000000 ]---
00013 CS:  0010 DS: 0000 ES: 0000 CR0: 0000000080050033
00013 CR2: 00007f6faa7e6194 CR3: 0000000104760000 CR4: 0000000000750eb0
00013 PKRU: 55555554
00013 Call Trace:
00013  <TASK>
00013  ? out_tx_create_exec+0x277/0x7a0 [ptlrpc]
00013  ? tx_add_exec+0xd70/0xd70 [ptlrpc]
00013  ? out_tx_end+0x3e3/0x1190 [ptlrpc]
00013  ? out_handle+0x5286/0x6240 [ptlrpc]
00013  ? tgt_request_handle+0x23ad/0x3d30 [ptlrpc]
00013  ? ptlrpc_main+0x6359/0x96f0 [ptlrpc]
00013  ? __kthread_parkme+0x73/0x130
00013  ? kthread+0x2cd/0x3a0
00013  ? ptlrpc_start_thread+0x1f10/0x1f10 [ptlrpc]
00013  ? kthread_unuse_mm+0x130/0x130
00013  ? ret_from_fork+0x18c/0x520
00013  ? kthread_unuse_mm+0x130/0x130
00013  ? ret_from_fork_asm+0x11/0x20
00013  </TASK>
00013 ---[ end trace 0000000000000000 ]---
00013 ------------[ cut here ]------------
00013 WARNING: /home/ktest/git/linux/include/linux/fs.h:889 at osd_create+0x9cf/0xcf0 [osd_wbcfs], CPU#0: ll_mgs_0000/1722
00013 Modules linked in: ofd(O) osp(O) mdd(O) lod(O) mdt(O) lquota(O) lfsck(O) mgs(O) osd_wbcfs(O) lustre(O) obdecho(O) mgc(O) mdc(O) lov(O) osc(O) lmv(O) ec(O) fid(O) fld(O) ptlrpc(O) efivarfs obdclass(O) ksocklnd(O) lnet(O) libcfs(O)
00013 CPU: 0 UID: 0 PID: 1722 Comm: ll_mgs_0000 Tainted: G        W  O        7.0.0-ktest-bf7747f-6330a45-20260814-dirty #1 PREEMPT 
00013 Tainted: [W]=WARN, [O]=OOT_MODULE
00013 Hardware name: QEMU Standard PC (Q35 + ICH9, 2009), BIOS 2025.11-3ubuntu7 03/31/2026
00013 RIP: 0010:osd_create+0x9cf/0xcf0 [osd_wbcfs]
00013 Code: c7 c7 00 96 7b a1 48 c7 c6 a0 12 7d a1 48 c7 c2 00 1c 7d a1 e8 52 f1 43 ff 48 c7 c7 00 96 7b a1 e8 46 81 44 ff e9 fe fc ff ff <0f> 0b e9 a5 fa ff ff 48 c7 c1 80 44 5d a0 80 e1 07 80 c1 03 38 c1
00013 RSP: 0018:ffffc90004a1f6f0 EFLAGS: 00010246
00013 RAX: 0000000000000000 RBX: ffff88811c4e1800 RCX: 0000000000000046
00013 RDX: 0000000000000000 RSI: ffff88802c62b478 RDI: ffff888134524b68
00013 RBP: ffff88802c62b3e8 R08: ffffffff83a16803 R09: 1ffffffff0742d00
00013 R10: dffffc0000000000 R11: fffffbfff0742d01 R12: ffff888100af2c00
00013 R13: dffffc0000000000 R14: 1ffff1102389c300 R15: 1ffff1102015e58f
00013 FS:  0000000000000000(0000) GS:ffff8881d4a2a000(0000) knlGS:0000000000000000
00013 CS:  0010 DS: 0000 ES: 0000 CR0: 0000000080050033
00013 CR2: 00007f6faa7e6194 CR3: 0000000024b66000 CR4: 0000000000750eb0
00013 PKRU: 55555554
00013 Call Trace:
00013  <TASK>
00013  ? local_object_create+0x109/0x640 [obdclass]
00013  ? dt_write_lock+0x16d/0x2a0 [obdclass]
00013  ? llog_osd_create+0x356/0x10d0 [obdclass]
00013  ? llog_create+0x2ed/0x530 [obdclass]
00013  ? llog_open_create+0x6e7/0xb30 [obdclass]
00013  ? record_start_log+0x348/0xa40 [mgs]
00013  ? mgs_write_log_target+0x16f2/0x6ab0 [mgs]
00013  ? mgs_target_reg+0x254e/0x4480 [mgs]
00013  ? tgt_request_handle+0x23ad/0x3d30 [ptlrpc]
00013  ? ptlrpc_main+0x6359/0x96f0 [ptlrpc]
00013  ? __kthread_parkme+0x73/0x130
00013  ? kthread+0x2cd/0x3a0
00013  ? ptlrpc_start_thread+0x1f10/0x1f10 [ptlrpc]
00013  ? kthread_unuse_mm+0x130/0x130
00013  ? ret_from_fork+0x18c/0x520
00013  ? kthread_unuse_mm+0x130/0x130
00013  ? ret_from_fork_asm+0x11/0x20
00013  </TASK>
00013 ---[ end trace 0000000000000000 ]---
00013 ------------[ cut here ]------------
00013 WARNING: /home/ktest/git/linux/include/linux/fs.h:889 at osd_create+0x9cf/0xcf0 [osd_wbcfs], CPU#2: llog_process_th/1790
00013 Modules linked in: ofd(O) osp(O) mdd(O) lod(O) mdt(O) lquota(O) lfsck(O) mgs(O) osd_wbcfs(O) lustre(O) obdecho(O) mgc(O) mdc(O) lov(O) osc(O) lmv(O) ec(O) fid(O) fld(O) ptlrpc(O) efivarfs obdclass(O) ksocklnd(O) lnet(O) libcfs(O)
00013 CPU: 2 UID: 0 PID: 1790 Comm: llog_process_th Tainted: G        W  O        7.0.0-ktest-bf7747f-6330a45-20260814-dirty #1 PREEMPT 
00013 Tainted: [W]=WARN, [O]=OOT_MODULE
00013 Hardware name: QEMU Standard PC (Q35 + ICH9, 2009), BIOS 2025.11-3ubuntu7 03/31/2026
00013 RIP: 0010:osd_create+0x9cf/0xcf0 [osd_wbcfs]
00013 Code: c7 c7 00 96 7b a1 48 c7 c6 a0 12 7d a1 48 c7 c2 00 1c 7d a1 e8 52 f1 43 ff 48 c7 c7 00 96 7b a1 e8 46 81 44 ff e9 fe fc ff ff <0f> 0b e9 a5 fa ff ff 48 c7 c1 80 44 5d a0 80 e1 07 80 c1 03 38 c1
00013 RSP: 0018:ffffc90001aef618 EFLAGS: 00010246
00013 RAX: 0000000000000000 RBX: ffff888104260c00 RCX: 0000000000000046
00013 RDX: 0000000000000000 RSI: ffff88802bad09e8 RDI: ffff88804484cb18
00013 RBP: ffff88802bad0958 R08: ffffffff83a16803 R09: 1ffffffff0742d00
00013 R10: dffffc0000000000 R11: fffffbfff0742d01 R12: ffffc90001aef788
00013 R13: dffffc0000000000 R14: 1ffff1102084c180 R15: 1ffff9200035defe
00013 FS:  0000000000000000(0000) GS:ffff8881d4b2a000(0000) knlGS:0000000000000000
00013 CS:  0010 DS: 0000 ES: 0000 CR0: 0000000080050033
00013 CR2: 000055cb23106bb0 CR3: 0000000103d39000 CR4: 0000000000750eb0
00013 PKRU: 55555554
00013 Call Trace:
00013  <TASK>
00013  ? dt_find_or_create+0x81a/0x1170 [obdclass]
00013  ? tgt_init+0xb72/0x2a60 [ptlrpc]
00013  ? ofd_device_alloc+0x1da8/0x35e0 [ofd]
00013  ? obd_setup+0x25c/0x950 [obdclass]
00013  ? class_setup+0xc7d/0x10e0 [obdclass]
00013  ? class_process_config+0x2edb/0x7cb0 [obdclass]
00013  ? local_trylock_acquire+0xb/0x70
00013  ? __kasan_kmalloc+0x72/0x80
00013  ? class_config_llog_handler+0x2954/0x4f80 [obdclass]
00013  ? class_config_llog_handler+0x2cea/0x4f80 [obdclass]
00013  ? lustre_cfg_rec_free+0x350/0x350 [obdclass]
00013  ? llog_process_thread+0x1fd2/0x4f70 [obdclass]
00013  ? _raw_spin_unlock+0x23/0x40
00013  ? llog_process_thread_daemonize+0x16d/0x1b0 [obdclass]
00013  ? kthread+0x2cd/0x3a0
00013  ? llog_process_or_fork+0xc90/0xc90 [obdclass]
00013  ? kthread_unuse_mm+0x130/0x130
00013  ? ret_from_fork+0x18c/0x520
00013  ? kthread_unuse_mm+0x130/0x130
00013  ? ret_from_fork_asm+0x11/0x20
00013  </TASK>
00013 ---[ end trace 0000000000000000 ]---
00013 ------------[ cut here ]------------
00013 WARNING: /home/ktest/git/linux/include/linux/fs.h:889 at osd_create+0x9cf/0xcf0 [osd_wbcfs], CPU#2: llog_process_th/1790
00013 Modules linked in: ofd(O) osp(O) mdd(O) lod(O) mdt(O) lquota(O) lfsck(O) mgs(O) osd_wbcfs(O) lustre(O) obdecho(O) mgc(O) mdc(O) lov(O) osc(O) lmv(O) ec(O) fid(O) fld(O) ptlrpc(O) efivarfs obdclass(O) ksocklnd(O) lnet(O) libcfs(O)
00013 CPU: 2 UID: 0 PID: 1790 Comm: llog_process_th Tainted: G        W  O        7.0.0-ktest-bf7747f-6330a45-20260814-dirty #1 PREEMPT 
00013 Tainted: [W]=WARN, [O]=OOT_MODULE
00013 Hardware name: QEMU Standard PC (Q35 + ICH9, 2009), BIOS 2025.11-3ubuntu7 03/31/2026
00013 RIP: 0010:osd_create+0x9cf/0xcf0 [osd_wbcfs]
00013 Code: c7 c7 00 96 7b a1 48 c7 c6 a0 12 7d a1 48 c7 c2 00 1c 7d a1 e8 52 f1 43 ff 48 c7 c7 00 96 7b a1 e8 46 81 44 ff e9 fe fc ff ff <0f> 0b e9 a5 fa ff ff 48 c7 c1 80 44 5d a0 80 e1 07 80 c1 03 38 c1
00013 RSP: 0018:ffffc90001aef4f0 EFLAGS: 00010246
00013 RAX: 0000000000000000 RBX: ffff888119e2e400 RCX: 0000000000000046
00013 RDX: 0000000000000000 RSI: ffff88802bad02d0 RDI: ffff88804484cb18
00013 RBP: ffff88802bad0240 R08: ffffffff83a16803 R09: 1ffffffff0742d00
00013 R10: dffffc0000000000 R11: fffffbfff0742d01 R12: ffffc90001aef5f0
00013 R13: dffffc0000000000 R14: 1ffff110233c5c80 R15: 1ffff9200035debc
00013 FS:  0000000000000000(0000) GS:ffff8881d4b2a000(0000) knlGS:0000000000000000
00013 CS:  0010 DS: 0000 ES: 0000 CR0: 0000000080050033
00013 CR2: 000055cb23106bb0 CR3: 0000000103d39000 CR4: 0000000000750eb0
00013 PKRU: 55555554
00013 Call Trace:
00013  <TASK>
00013  ? dt_find_or_create+0x81a/0x1170 [obdclass]
00013  ? seq_store_init+0x155/0x360 [fid]
00013  ? seq_server_init+0x290/0xba0 [fid]
00013  ? ofd_fid_init+0x41c/0xf80 [ofd]
00013  ? ofd_seqs_init+0xb6/0x1370 [ofd]
00013  ? ofd_fs_setup+0x13c/0xdd0 [ofd]
00013  ? ofd_device_alloc+0x1fc1/0x35e0 [ofd]
00013  ? obd_setup+0x25c/0x950 [obdclass]
00013  ? class_setup+0xc7d/0x10e0 [obdclass]
00013  ? class_process_config+0x2edb/0x7cb0 [obdclass]
00013  ? local_trylock_acquire+0xb/0x70
00013  ? __kasan_kmalloc+0x72/0x80
00013  ? class_config_llog_handler+0x2954/0x4f80 [obdclass]
00013  ? class_config_llog_handler+0x2cea/0x4f80 [obdclass]
00013  ? lustre_cfg_rec_free+0x350/0x350 [obdclass]
00013  ? llog_process_thread+0x1fd2/0x4f70 [obdclass]
00013  ? _raw_spin_unlock+0x23/0x40
00013  ? llog_process_thread_daemonize+0x16d/0x1b0 [obdclass]
00013  ? kthread+0x2cd/0x3a0
00013  ? llog_process_or_fork+0xc90/0xc90 [obdclass]
00013  ? kthread_unuse_mm+0x130/0x130
00013  ? ret_from_fork+0x18c/0x520
00013  ? kthread_unuse_mm+0x130/0x130
00013  ? ret_from_fork_asm+0x11/0x20
00013  </TASK>
00013 ---[ end trace 0000000000000000 ]---
00013 ------------[ cut here ]------------
00013 WARNING: /home/ktest/git/linux/include/linux/fs.h:889 at osd_create+0x9cf/0xcf0 [osd_wbcfs], CPU#2: llog_process_th/1790
00013 Modules linked in: ofd(O) osp(O) mdd(O) lod(O) mdt(O) lquota(O) lfsck(O) mgs(O) osd_wbcfs(O) lustre(O) obdecho(O) mgc(O) mdc(O) lov(O) osc(O) lmv(O) ec(O) fid(O) fld(O) ptlrpc(O) efivarfs obdclass(O) ksocklnd(O) lnet(O) libcfs(O)
00013 CPU: 2 UID: 0 PID: 1790 Comm: llog_process_th Tainted: G        W  O        7.0.0-ktest-bf7747f-6330a45-20260814-dirty #1 PREEMPT 
00013 Tainted: [W]=WARN, [O]=OOT_MODULE
00013 Hardware name: QEMU Standard PC (Q35 + ICH9, 2009), BIOS 2025.11-3ubuntu7 03/31/2026
00013 RIP: 0010:osd_create+0x9cf/0xcf0 [osd_wbcfs]
00013 Code: c7 c7 00 96 7b a1 48 c7 c6 a0 12 7d a1 48 c7 c2 00 1c 7d a1 e8 52 f1 43 ff 48 c7 c7 00 96 7b a1 e8 46 81 44 ff e9 fe fc ff ff <0f> 0b e9 a5 fa ff ff 48 c7 c1 80 44 5d a0 80 e1 07 80 c1 03 38 c1
00013 RSP: 0018:ffffc90001aef530 EFLAGS: 00010246
00013 RAX: 0000000000000000 RBX: ffff888119e2fc00 RCX: 0000000000000046
00013 RDX: ffffffff84c44d40 RSI: ffff888023fafb68 RDI: ffff88804484cb18
00013 RBP: ffff888023fafad8 R08: 0000000000000001 R09: 0000000000000000
00013 R10: dffffc0000000000 R11: ffffed10047f5f50 R12: ffff888105750800
00013 R13: dffffc0000000000 R14: 1ffff110233c5f80 R15: 1ffff9200035dedb
00013 FS:  0000000000000000(0000) GS:ffff8881d4b2a000(0000) knlGS:0000000000000000
00013 CS:  0010 DS: 0000 ES: 0000 CR0: 0000000080050033
00013 CR2: 000055cb23106bb0 CR3: 0000000103d39000 CR4: 0000000000750eb0
00013 PKRU: 55555554
00013 Call Trace:
00013  <TASK>
00013  ? dt_find_or_create+0x81a/0x1170 [obdclass]
00013  ? fld_index_init+0x404/0x1610 [fld]
00013  ? is_module_address+0x1b/0x70
00013  ? is_module_address+0x5e/0x70
00013  ? __asan_memset+0x22/0x40
00013  ? fld_server_init+0x1d7/0x580 [fld]
00013  ? ofd_seqs_init+0x430/0x1370 [ofd]
00013  ? ofd_fs_setup+0x13c/0xdd0 [ofd]
00013  ? ofd_device_alloc+0x1fc1/0x35e0 [ofd]
00013  ? obd_setup+0x25c/0x950 [obdclass]
00013  ? class_setup+0xc7d/0x10e0 [obdclass]
00013  ? class_process_config+0x2edb/0x7cb0 [obdclass]
00013  ? local_trylock_acquire+0xb/0x70
00013  ? __kasan_kmalloc+0x72/0x80
00013  ? class_config_llog_handler+0x2954/0x4f80 [obdclass]
00013  ? class_config_llog_handler+0x2cea/0x4f80 [obdclass]
00013  ? lustre_cfg_rec_free+0x350/0x350 [obdclass]
00013  ? llog_process_thread+0x1fd2/0x4f70 [obdclass]
00013  ? _raw_spin_unlock+0x23/0x40
00013  ? llog_process_thread_daemonize+0x16d/0x1b0 [obdclass]
00013  ? kthread+0x2cd/0x3a0
00013  ? llog_process_or_fork+0xc90/0xc90 [obdclass]
00013  ? kthread_unuse_mm+0x130/0x130
00013  ? ret_from_fork+0x18c/0x520
00013  ? kthread_unuse_mm+0x130/0x130
00013  ? ret_from_fork_asm+0x11/0x20
00013  </TASK>
00013 ---[ end trace 0000000000000000 ]---
00013 ------------[ cut here ]------------
00013 WARNING: /home/ktest/git/linux/include/linux/fs.h:889 at osd_create+0x9cf/0xcf0 [osd_wbcfs], CPU#2: llog_process_th/1790
00013 Modules linked in: ofd(O) osp(O) mdd(O) lod(O) mdt(O) lquota(O) lfsck(O) mgs(O) osd_wbcfs(O) lustre(O) obdecho(O) mgc(O) mdc(O) lov(O) osc(O) lmv(O) ec(O) fid(O) fld(O) ptlrpc(O) efivarfs obdclass(O) ksocklnd(O) lnet(O) libcfs(O)
00013 CPU: 2 UID: 0 PID: 1790 Comm: llog_process_th Tainted: G        W  O        7.0.0-ktest-bf7747f-6330a45-20260814-dirty #1 PREEMPT 
00013 Tainted: [W]=WARN, [O]=OOT_MODULE
00013 Hardware name: QEMU Standard PC (Q35 + ICH9, 2009), BIOS 2025.11-3ubuntu7 03/31/2026
00013 RIP: 0010:osd_create+0x9cf/0xcf0 [osd_wbcfs]
00013 Code: c7 c7 00 96 7b a1 48 c7 c6 a0 12 7d a1 48 c7 c2 00 1c 7d a1 e8 52 f1 43 ff 48 c7 c7 00 96 7b a1 e8 46 81 44 ff e9 fe fc ff ff <0f> 0b e9 a5 fa ff ff 48 c7 c1 80 44 5d a0 80 e1 07 80 c1 03 38 c1
00013 RSP: 0018:ffffc90001aef6e0 EFLAGS: 00010246
00013 RAX: 0000000000000000 RBX: ffff888119e2c000 RCX: 0000000000000046
00013 RDX: 0000000000000000 RSI: ffff888023faf450 RDI: ffff88804484cb18
00013 RBP: ffff888023faf3c0 R08: ffffffff83a16803 R09: 1ffffffff0742d00
00013 R10: dffffc0000000000 R11: fffffbfff0742d01 R12: ffff888044872830
00013 R13: dffffc0000000000 R14: 1ffff110233c5800 R15: 1ffff1100890e542
00013 FS:  0000000000000000(0000) GS:ffff8881d4b2a000(0000) knlGS:0000000000000000
00013 CS:  0010 DS: 0000 ES: 0000 CR0: 0000000080050033
00013 CR2: 000055cb23106bb0 CR3: 0000000103d39000 CR4: 0000000000750eb0
00013 PKRU: 55555554
00013 Call Trace:
00013  <TASK>
00013  ? dt_find_or_create+0x81a/0x1170 [obdclass]
00013  ? ofd_fs_setup+0x42c/0xdd0 [ofd]
00013  ? ofd_device_alloc+0x1fc1/0x35e0 [ofd]
00013  ? obd_setup+0x25c/0x950 [obdclass]
00013  ? class_setup+0xc7d/0x10e0 [obdclass]
00013  ? class_process_config+0x2edb/0x7cb0 [obdclass]
00013  ? local_trylock_acquire+0xb/0x70
00013  ? __kasan_kmalloc+0x72/0x80
00013  ? class_config_llog_handler+0x2954/0x4f80 [obdclass]
00013  ? class_config_llog_handler+0x2cea/0x4f80 [obdclass]
00013  ? lustre_cfg_rec_free+0x350/0x350 [obdclass]
00013  ? llog_process_thread+0x1fd2/0x4f70 [obdclass]
00013  ? _raw_spin_unlock+0x23/0x40
00013  ? llog_process_thread_daemonize+0x16d/0x1b0 [obdclass]
00013  ? kthread+0x2cd/0x3a0
00013  ? llog_process_or_fork+0xc90/0xc90 [obdclass]
00013  ? kthread_unuse_mm+0x130/0x130
00013  ? ret_from_fork+0x18c/0x520
00013  ? kthread_unuse_mm+0x130/0x130
00013  ? ret_from_fork_asm+0x11/0x20
00013  </TASK>
00013 ---[ end trace 0000000000000000 ]---
00013 ------------[ cut here ]------------
00013 WARNING: /home/ktest/git/linux/include/linux/fs.h:889 at osd_create+0x9cf/0xcf0 [osd_wbcfs], CPU#2: llog_process_th/1790
00013 Modules linked in: ofd(O) osp(O) mdd(O) lod(O) mdt(O) lquota(O) lfsck(O) mgs(O) osd_wbcfs(O) lustre(O) obdecho(O) mgc(O) mdc(O) lov(O) osc(O) lmv(O) ec(O) fid(O) fld(O) ptlrpc(O) efivarfs obdclass(O) ksocklnd(O) lnet(O) libcfs(O)
00013 CPU: 2 UID: 0 PID: 1790 Comm: llog_process_th Tainted: G        W  O        7.0.0-ktest-bf7747f-6330a45-20260814-dirty #1 PREEMPT 
00013 Tainted: [W]=WARN, [O]=OOT_MODULE
00013 Hardware name: QEMU Standard PC (Q35 + ICH9, 2009), BIOS 2025.11-3ubuntu7 03/31/2026
00013 RIP: 0010:osd_create+0x9cf/0xcf0 [osd_wbcfs]
00013 Code: c7 c7 00 96 7b a1 48 c7 c6 a0 12 7d a1 48 c7 c2 00 1c 7d a1 e8 52 f1 43 ff 48 c7 c7 00 96 7b a1 e8 46 81 44 ff e9 fe fc ff ff <0f> 0b e9 a5 fa ff ff 48 c7 c1 80 44 5d a0 80 e1 07 80 c1 03 38 c1
00013 RSP: 0018:ffffc90001aef6e0 EFLAGS: 00010246
00013 RAX: 0000000000000000 RBX: ffff888119e2d800 RCX: 0000000000000046
00013 RDX: 0000000000000000 RSI: ffff888023faed38 RDI: ffff88804484cb18
00013 RBP: ffff888023faeca8 R08: ffffffff83a16803 R09: 1ffffffff0742d00
00013 R10: dffffc0000000000 R11: fffffbfff0742d01 R12: ffff888044872830
00013 R13: dffffc0000000000 R14: 1ffff110233c5b00 R15: 1ffff1100890e542
00013 FS:  0000000000000000(0000) GS:ffff8881d4b2a000(0000) knlGS:0000000000000000
00013 CS:  0010 DS: 0000 ES: 0000 CR0: 0000000080050033
00013 CR2: 000055cb23106bb0 CR3: 0000000103d39000 CR4: 0000000000750eb0
00013 PKRU: 55555554
00013 Call Trace:
00013  <TASK>
00013  ? dt_find_or_create+0x81a/0x1170 [obdclass]
00013  ? ofd_fs_setup+0x57f/0xdd0 [ofd]
00013  ? ofd_device_alloc+0x1fc1/0x35e0 [ofd]
00013  ? obd_setup+0x25c/0x950 [obdclass]
00013  ? class_setup+0xc7d/0x10e0 [obdclass]
00013  ? class_process_config+0x2edb/0x7cb0 [obdclass]
00013  ? local_trylock_acquire+0xb/0x70
00013  ? __kasan_kmalloc+0x72/0x80
00013  ? class_config_llog_handler+0x2954/0x4f80 [obdclass]
00013  ? class_config_llog_handler+0x2cea/0x4f80 [obdclass]
00013  ? lustre_cfg_rec_free+0x350/0x350 [obdclass]
00013  ? llog_process_thread+0x1fd2/0x4f70 [obdclass]
00013  ? _raw_spin_unlock+0x23/0x40
00013  ? llog_process_thread_daemonize+0x16d/0x1b0 [obdclass]
00013  ? kthread+0x2cd/0x3a0
00013  ? llog_process_or_fork+0xc90/0xc90 [obdclass]
00013  ? kthread_unuse_mm+0x130/0x130
00013  ? ret_from_fork+0x18c/0x520
00013  ? kthread_unuse_mm+0x130/0x130
00013  ? ret_from_fork_asm+0x11/0x20
00013  </TASK>
00013 ---[ end trace 0000000000000000 ]---
00013 ------------[ cut here ]------------
00013 WARNING: /home/ktest/git/linux/include/linux/fs.h:889 at osd_create+0x9cf/0xcf0 [osd_wbcfs], CPU#2: llog_process_th/1790
00013 Modules linked in: ofd(O) osp(O) mdd(O) lod(O) mdt(O) lquota(O) lfsck(O) mgs(O) osd_wbcfs(O) lustre(O) obdecho(O) mgc(O) mdc(O) lov(O) osc(O) lmv(O) ec(O) fid(O) fld(O) ptlrpc(O) efivarfs obdclass(O) ksocklnd(O) lnet(O) libcfs(O)
00013 CPU: 2 UID: 0 PID: 1790 Comm: llog_process_th Tainted: G        W  O        7.0.0-ktest-bf7747f-6330a45-20260814-dirty #1 PREEMPT 
00013 Tainted: [W]=WARN, [O]=OOT_MODULE
00013 Hardware name: QEMU Standard PC (Q35 + ICH9, 2009), BIOS 2025.11-3ubuntu7 03/31/2026
00013 RIP: 0010:osd_create+0x9cf/0xcf0 [osd_wbcfs]
00013 Code: c7 c7 00 96 7b a1 48 c7 c6 a0 12 7d a1 48 c7 c2 00 1c 7d a1 e8 52 f1 43 ff 48 c7 c7 00 96 7b a1 e8 46 81 44 ff e9 fe fc ff ff <0f> 0b e9 a5 fa ff ff 48 c7 c1 80 44 5d a0 80 e1 07 80 c1 03 38 c1
00013 RSP: 0018:ffffc90001aef4a8 EFLAGS: 00010246
00013 RAX: 0000000000000000 RBX: ffff888119e2ec00 RCX: 0000000000000046
00013 RDX: ffffffff84c44d40 RSI: ffff888023fae620 RDI: ffff88804484cb18
00013 RBP: ffff888023fae590 R08: 0000000000000001 R09: 0000000000000000
00013 R10: dffffc0000000000 R11: ffffed10047f5ca7 R12: ffff8880406de418
00013 R13: dffffc0000000000 R14: 1ffff110233c5d80 R15: 1ffff110080dbc92
00013 FS:  0000000000000000(0000) GS:ffff8881d4b2a000(0000) knlGS:0000000000000000
00013 CS:  0010 DS: 0000 ES: 0000 CR0: 0000000080050033
00013 CR2: 000055cb23106bb0 CR3: 0000000103d39000 CR4: 0000000000750eb0
00013 PKRU: 55555554
00013 Call Trace:
00013  <TASK>
00013  ? local_object_create+0x109/0x640 [obdclass]
00013  ? dt_write_lock+0x16d/0x2a0 [obdclass]
00013  ? __local_file_create+0xce4/0x1bc0 [obdclass]
00013  ? local_index_find_or_create+0x1dc/0x2c0 [obdclass]
00013  ? nodemap_cache_find_create+0x4f9/0xe80 [ptlrpc]
00013  ? nodemap_save_config_cache+0x123/0x19b0 [ptlrpc]
00013  ? nm_config_file_register_tgt+0x19b/0x860 [ptlrpc]
00013  ? nm_config_file_register_tgt+0x1a9/0x860 [ptlrpc]
00013  ? ofd_device_alloc+0x219a/0x35e0 [ofd]
00013  ? obd_setup+0x25c/0x950 [obdclass]
00013  ? class_setup+0xc7d/0x10e0 [obdclass]
00013  ? class_process_config+0x2edb/0x7cb0 [obdclass]
00013  ? local_trylock_acquire+0xb/0x70
00013  ? __kasan_kmalloc+0x72/0x80
00013  ? class_config_llog_handler+0x2954/0x4f80 [obdclass]
00013  ? class_config_llog_handler+0x2cea/0x4f80 [obdclass]
00013  ? lustre_cfg_rec_free+0x350/0x350 [obdclass]
00013  ? llog_process_thread+0x1fd2/0x4f70 [obdclass]
00013  ? _raw_spin_unlock+0x23/0x40
00013  ? llog_process_thread_daemonize+0x16d/0x1b0 [obdclass]
00013  ? kthread+0x2cd/0x3a0
00013  ? llog_process_or_fork+0xc90/0xc90 [obdclass]
00013  ? kthread_unuse_mm+0x130/0x130
00013  ? ret_from_fork+0x18c/0x520
00013  ? kthread_unuse_mm+0x130/0x130
00013  ? ret_from_fork_asm+0x11/0x20
00013  </TASK>
00013 ---[ end trace 0000000000000000 ]---
00013 ------------[ cut here ]------------
00013 WARNING: /home/ktest/git/linux/include/linux/fs.h:889 at osd_create+0x9cf/0xcf0 [osd_wbcfs], CPU#2: ll_mgs_0001/1723
00013 Modules linked in: ofd(O) osp(O) mdd(O) lod(O) mdt(O) lquota(O) lfsck(O) mgs(O) osd_wbcfs(O) lustre(O) obdecho(O) mgc(O) mdc(O) lov(O) osc(O) lmv(O) ec(O) fid(O) fld(O) ptlrpc(O) efivarfs obdclass(O) ksocklnd(O) lnet(O) libcfs(O)
00013 CPU: 2 UID: 0 PID: 1723 Comm: ll_mgs_0001 Tainted: G        W  O        7.0.0-ktest-bf7747f-6330a45-20260814-dirty #1 PREEMPT 
00013 Tainted: [W]=WARN, [O]=OOT_MODULE
00013 Hardware name: QEMU Standard PC (Q35 + ICH9, 2009), BIOS 2025.11-3ubuntu7 03/31/2026
00013 RIP: 0010:osd_create+0x9cf/0xcf0 [osd_wbcfs]
00013 Code: c7 c7 00 96 7b a1 48 c7 c6 a0 12 7d a1 48 c7 c2 00 1c 7d a1 e8 52 f1 43 ff 48 c7 c7 00 96 7b a1 e8 46 81 44 ff e9 fe fc ff ff <0f> 0b e9 a5 fa ff ff 48 c7 c1 80 44 5d a0 80 e1 07 80 c1 03 38 c1
00013 RSP: 0018:ffffc900012e76f0 EFLAGS: 00010246
00013 RAX: 0000000000000000 RBX: ffff88811b481400 RCX: 0000000000000046
00013 RDX: 0000000000000000 RSI: ffff888023fadf08 RDI: ffff8880195e09e8
00013 RBP: ffff888023fade78 R08: ffffffff83a16803 R09: 1ffffffff0742d00
00013 R10: dffffc0000000000 R11: fffffbfff0742d01 R12: ffff8881199f4000
00013 R13: dffffc0000000000 R14: 1ffff11023690280 R15: 1ffff1102333e80f
00013 FS:  0000000000000000(0000) GS:ffff8881d4b2a000(0000) knlGS:0000000000000000
00013 CS:  0010 DS: 0000 ES: 0000 CR0: 0000000080050033
00013 CR2: 00007f050dbd8020 CR3: 000000011a2fb000 CR4: 0000000000750eb0
00013 PKRU: 55555554
00013 Call Trace:
00013  <TASK>
00013  ? local_object_create+0x109/0x640 [obdclass]
00013  ? dt_write_lock+0x16d/0x2a0 [obdclass]
00013  ? llog_osd_create+0x356/0x10d0 [obdclass]
00013  ? llog_create+0x2ed/0x530 [obdclass]
00013  ? llog_open_create+0x6e7/0xb30 [obdclass]
00013  ? record_start_log+0x348/0xa40 [mgs]
00013  ? mgs_write_log_target+0x16f2/0x6ab0 [mgs]
00013  ? mgs_target_reg+0x254e/0x4480 [mgs]
00013  ? tgt_request_handle+0x23ad/0x3d30 [ptlrpc]
00013  ? ptlrpc_main+0x6359/0x96f0 [ptlrpc]
00013  ? __kthread_parkme+0x73/0x130
00013  ? kthread+0x2cd/0x3a0
00013  ? ptlrpc_start_thread+0x1f10/0x1f10 [ptlrpc]
00013  ? kthread_unuse_mm+0x130/0x130
00013  ? ret_from_fork+0x18c/0x520
00013  ? kthread_unuse_mm+0x130/0x130
00013  ? ret_from_fork_asm+0x11/0x20
00013  </TASK>
00013 ---[ end trace 0000000000000000 ]---
00013 ------------[ cut here ]------------
00013 WARNING: /home/ktest/git/linux/include/linux/fs.h:889 at osd_create+0x9cf/0xcf0 [osd_wbcfs], CPU#1: llog_process_th/1797
00013 Modules linked in: ofd(O) osp(O) mdd(O) lod(O) mdt(O) lquota(O) lfsck(O) mgs(O) osd_wbcfs(O) lustre(O) obdecho(O) mgc(O) mdc(O) lov(O) osc(O) lmv(O) ec(O) fid(O) fld(O) ptlrpc(O) efivarfs obdclass(O) ksocklnd(O) lnet(O) libcfs(O)
00013 CPU: 1 UID: 0 PID: 1797 Comm: llog_process_th Tainted: G        W  O        7.0.0-ktest-bf7747f-6330a45-20260814-dirty #1 PREEMPT 
00013 Tainted: [W]=WARN, [O]=OOT_MODULE
00013 Hardware name: QEMU Standard PC (Q35 + ICH9, 2009), BIOS 2025.11-3ubuntu7 03/31/2026
00013 RIP: 0010:osd_create+0x9cf/0xcf0 [osd_wbcfs]
00013 Code: c7 c7 00 96 7b a1 48 c7 c6 a0 12 7d a1 48 c7 c2 00 1c 7d a1 e8 52 f1 43 ff 48 c7 c7 00 96 7b a1 e8 46 81 44 ff e9 fe fc ff ff <0f> 0b e9 a5 fa ff ff 48 c7 c1 80 44 5d a0 80 e1 07 80 c1 03 38 c1
00013 RSP: 0018:ffffc90004a7f618 EFLAGS: 00010246
00013 RAX: 0000000000000000 RBX: ffff88811b5ca800 RCX: 0000000000000046
00013 RDX: 0000000000000000 RSI: ffff88802ea8df08 RDI: ffff888044e2aa58
00013 RBP: ffff88802ea8de78 R08: ffffffff83a16803 R09: 1ffffffff0742d00
00013 R10: dffffc0000000000 R11: fffffbfff0742d01 R12: ffffc90004a7f788
00013 R13: dffffc0000000000 R14: 1ffff110236b9500 R15: 1ffff9200094fefe
00013 FS:  0000000000000000(0000) GS:ffff8881d4aaa000(0000) knlGS:0000000000000000
00013 CS:  0010 DS: 0000 ES: 0000 CR0: 0000000080050033
00013 CR2: 00007ffcfa060ff8 CR3: 0000000107230000 CR4: 0000000000750eb0
00013 PKRU: 55555554
00013 Call Trace:
00013  <TASK>
00013  ? dt_find_or_create+0x81a/0x1170 [obdclass]
00013  ? tgt_init+0xb72/0x2a60 [ptlrpc]
00013  ? ofd_device_alloc+0x1da8/0x35e0 [ofd]
00013  ? obd_setup+0x25c/0x950 [obdclass]
00013  ? class_setup+0xc7d/0x10e0 [obdclass]
00013  ? class_process_config+0x2edb/0x7cb0 [obdclass]
00013  ? __kasan_kmalloc+0x72/0x80
00013  ? class_config_llog_handler+0x2954/0x4f80 [obdclass]
00013  ? class_config_llog_handler+0x2cea/0x4f80 [obdclass]
00013  ? lustre_cfg_rec_free+0x350/0x350 [obdclass]
00013  ? llog_process_thread+0x1fd2/0x4f70 [obdclass]
00013  ? _raw_spin_unlock+0x23/0x40
00013  ? llog_process_thread_daemonize+0x16d/0x1b0 [obdclass]
00013  ? kthread+0x2cd/0x3a0
00013  ? llog_process_or_fork+0xc90/0xc90 [obdclass]
00013  ? kthread_unuse_mm+0x130/0x130
00013  ? ret_from_fork+0x18c/0x520
00013  ? kthread_unuse_mm+0x130/0x130
00013  ? ret_from_fork_asm+0x11/0x20
00013  </TASK>
00013 ---[ end trace 0000000000000000 ]---
00013 ------------[ cut here ]------------
00013 WARNING: /home/ktest/git/linux/include/linux/fs.h:889 at osd_create+0x9cf/0xcf0 [osd_wbcfs], CPU#1: llog_process_th/1797
00013 Modules linked in: ofd(O) osp(O) mdd(O) lod(O) mdt(O) lquota(O) lfsck(O) mgs(O) osd_wbcfs(O) lustre(O) obdecho(O) mgc(O) mdc(O) lov(O) osc(O) lmv(O) ec(O) fid(O) fld(O) ptlrpc(O) efivarfs obdclass(O) ksocklnd(O) lnet(O) libcfs(O)
00013 CPU: 1 UID: 0 PID: 1797 Comm: llog_process_th Tainted: G        W  O        7.0.0-ktest-bf7747f-6330a45-20260814-dirty #1 PREEMPT 
00013 Tainted: [W]=WARN, [O]=OOT_MODULE
00013 Hardware name: QEMU Standard PC (Q35 + ICH9, 2009), BIOS 2025.11-3ubuntu7 03/31/2026
00013 RIP: 0010:osd_create+0x9cf/0xcf0 [osd_wbcfs]
00013 Code: c7 c7 00 96 7b a1 48 c7 c6 a0 12 7d a1 48 c7 c2 00 1c 7d a1 e8 52 f1 43 ff 48 c7 c7 00 96 7b a1 e8 46 81 44 ff e9 fe fc ff ff <0f> 0b e9 a5 fa ff ff 48 c7 c1 80 44 5d a0 80 e1 07 80 c1 03 38 c1
00013 RSP: 0018:ffffc90004a7f4f0 EFLAGS: 00010246
00013 RAX: 0000000000000000 RBX: ffff888137051c00 RCX: 0000000000000046
00013 RDX: 0000000000000000 RSI: ffff88802ea8d7f0 RDI: ffff888044e2aa58
00013 RBP: ffff88802ea8d760 R08: ffffffff83a16803 R09: 1ffffffff0742d00
00013 R10: dffffc0000000000 R11: fffffbfff0742d01 R12: ffffc90004a7f5f0
00013 R13: dffffc0000000000 R14: 1ffff11026e0a380 R15: 1ffff9200094febc
00013 FS:  0000000000000000(0000) GS:ffff8881d4aaa000(0000) knlGS:0000000000000000
00013 CS:  0010 DS: 0000 ES: 0000 CR0: 0000000080050033
00013 CR2: 00007ffcfa060ff8 CR3: 0000000107230000 CR4: 0000000000750eb0
00013 PKRU: 55555554
00013 Call Trace:
00013  <TASK>
00013  ? dt_find_or_create+0x81a/0x1170 [obdclass]
00013  ? seq_store_init+0x155/0x360 [fid]
00013  ? seq_server_init+0x290/0xba0 [fid]
00013  ? ofd_fid_init+0x41c/0xf80 [ofd]
00013  ? ofd_seqs_init+0xb6/0x1370 [ofd]
00013  ? ofd_fs_setup+0x13c/0xdd0 [ofd]
00013  ? ofd_device_alloc+0x1fc1/0x35e0 [ofd]
00013  ? obd_setup+0x25c/0x950 [obdclass]
00013  ? class_setup+0xc7d/0x10e0 [obdclass]
00013  ? class_process_config+0x2edb/0x7cb0 [obdclass]
00013  ? __kasan_kmalloc+0x72/0x80
00013  ? class_config_llog_handler+0x2954/0x4f80 [obdclass]
00013  ? class_config_llog_handler+0x2cea/0x4f80 [obdclass]
00013  ? lustre_cfg_rec_free+0x350/0x350 [obdclass]
00013  ? llog_process_thread+0x1fd2/0x4f70 [obdclass]
00013  ? _raw_spin_unlock+0x23/0x40
00013  ? llog_process_thread_daemonize+0x16d/0x1b0 [obdclass]
00013  ? kthread+0x2cd/0x3a0
00013  ? llog_process_or_fork+0xc90/0xc90 [obdclass]
00013  ? kthread_unuse_mm+0x130/0x130
00013  ? ret_from_fork+0x18c/0x520
00013  ? kthread_unuse_mm+0x130/0x130
00013  ? ret_from_fork_asm+0x11/0x20
00013  </TASK>
00013 ---[ end trace 0000000000000000 ]---
00013 ------------[ cut here ]------------
00013 WARNING: /home/ktest/git/linux/include/linux/fs.h:889 at osd_create+0x9cf/0xcf0 [osd_wbcfs], CPU#1: llog_process_th/1797
00013 Modules linked in: ofd(O) osp(O) mdd(O) lod(O) mdt(O) lquota(O) lfsck(O) mgs(O) osd_wbcfs(O) lustre(O) obdecho(O) mgc(O) mdc(O) lov(O) osc(O) lmv(O) ec(O) fid(O) fld(O) ptlrpc(O) efivarfs obdclass(O) ksocklnd(O) lnet(O) libcfs(O)
00013 CPU: 1 UID: 0 PID: 1797 Comm: llog_process_th Tainted: G        W  O        7.0.0-ktest-bf7747f-6330a45-20260814-dirty #1 PREEMPT 
00013 Tainted: [W]=WARN, [O]=OOT_MODULE
00013 Hardware name: QEMU Standard PC (Q35 + ICH9, 2009), BIOS 2025.11-3ubuntu7 03/31/2026
00013 RIP: 0010:osd_create+0x9cf/0xcf0 [osd_wbcfs]
00013 Code: c7 c7 00 96 7b a1 48 c7 c6 a0 12 7d a1 48 c7 c2 00 1c 7d a1 e8 52 f1 43 ff 48 c7 c7 00 96 7b a1 e8 46 81 44 ff e9 fe fc ff ff <0f> 0b e9 a5 fa ff ff 48 c7 c1 80 44 5d a0 80 e1 07 80 c1 03 38 c1
00013 RSP: 0018:ffffc90004a7f530 EFLAGS: 00010246
00013 RAX: 0000000000000000 RBX: ffff888137052c00 RCX: 0000000000000046
00013 RDX: ffffffff84c44d40 RSI: ffff88802ea8d0d8 RDI: ffff888044e2aa58
00013 RBP: ffff88802ea8d048 R08: 0000000000000001 R09: 0000000000000000
00013 R10: dffffc0000000000 R11: ffffed1005d519fe R12: ffff88811e567900
00013 R13: dffffc0000000000 R14: 1ffff11026e0a580 R15: 1ffff9200094fedb
00013 FS:  0000000000000000(0000) GS:ffff8881d4aaa000(0000) knlGS:0000000000000000
00013 CS:  0010 DS: 0000 ES: 0000 CR0: 0000000080050033
00013 CR2: 00007ffcfa060ff8 CR3: 0000000107230000 CR4: 0000000000750eb0
00013 PKRU: 55555554
00013 Call Trace:
00013  <TASK>
00013  ? dt_find_or_create+0x81a/0x1170 [obdclass]
00013  ? fld_index_init+0x404/0x1610 [fld]
00013  ? is_module_address+0x1b/0x70
00013  ? is_module_address+0x5e/0x70
00013  ? __asan_memset+0x22/0x40
00013  ? fld_server_init+0x1d7/0x580 [fld]
00013  ? ofd_seqs_init+0x430/0x1370 [ofd]
00013  ? ofd_fs_setup+0x13c/0xdd0 [ofd]
00013  ? ofd_device_alloc+0x1fc1/0x35e0 [ofd]
00013  ? obd_setup+0x25c/0x950 [obdclass]
00013  ? class_setup+0xc7d/0x10e0 [obdclass]
00013  ? class_process_config+0x2edb/0x7cb0 [obdclass]
00013  ? __kasan_kmalloc+0x72/0x80
00013  ? class_config_llog_handler+0x2954/0x4f80 [obdclass]
00013  ? class_config_llog_handler+0x2cea/0x4f80 [obdclass]
00013  ? lustre_cfg_rec_free+0x350/0x350 [obdclass]
00013  ? llog_process_thread+0x1fd2/0x4f70 [obdclass]
00013  ? _raw_spin_unlock+0x23/0x40
00013  ? llog_process_thread_daemonize+0x16d/0x1b0 [obdclass]
00013  ? kthread+0x2cd/0x3a0
00013  ? llog_process_or_fork+0xc90/0xc90 [obdclass]
00013  ? kthread_unuse_mm+0x130/0x130
00013  ? ret_from_fork+0x18c/0x520
00013  ? kthread_unuse_mm+0x130/0x130
00013  ? ret_from_fork_asm+0x11/0x20
00013  </TASK>
00013 ---[ end trace 0000000000000000 ]---
00013 ------------[ cut here ]------------
00013 WARNING: /home/ktest/git/linux/include/linux/fs.h:889 at osd_create+0x9cf/0xcf0 [osd_wbcfs], CPU#1: llog_process_th/1797
00013 Modules linked in: ofd(O) osp(O) mdd(O) lod(O) mdt(O) lquota(O) lfsck(O) mgs(O) osd_wbcfs(O) lustre(O) obdecho(O) mgc(O) mdc(O) lov(O) osc(O) lmv(O) ec(O) fid(O) fld(O) ptlrpc(O) efivarfs obdclass(O) ksocklnd(O) lnet(O) libcfs(O)
00013 CPU: 1 UID: 0 PID: 1797 Comm: llog_process_th Tainted: G        W  O        7.0.0-ktest-bf7747f-6330a45-20260814-dirty #1 PREEMPT 
00013 Tainted: [W]=WARN, [O]=OOT_MODULE
00013 Hardware name: QEMU Standard PC (Q35 + ICH9, 2009), BIOS 2025.11-3ubuntu7 03/31/2026
00013 RIP: 0010:osd_create+0x9cf/0xcf0 [osd_wbcfs]
00013 Code: c7 c7 00 96 7b a1 48 c7 c6 a0 12 7d a1 48 c7 c2 00 1c 7d a1 e8 52 f1 43 ff 48 c7 c7 00 96 7b a1 e8 46 81 44 ff e9 fe fc ff ff <0f> 0b e9 a5 fa ff ff 48 c7 c1 80 44 5d a0 80 e1 07 80 c1 03 38 c1
00013 RSP: 0018:ffffc90004a7f6e0 EFLAGS: 00010246
00013 RAX: 0000000000000000 RBX: ffff888137053000 RCX: 0000000000000046
00013 RDX: 0000000000000000 RSI: ffff88802ea8c9c0 RDI: ffff888044e2aa58
00013 RBP: ffff88802ea8c930 R08: ffffffff83a16803 R09: 1ffffffff0742d00
00013 R10: dffffc0000000000 R11: fffffbfff0742d01 R12: ffff888044db2830
00013 R13: dffffc0000000000 R14: 1ffff11026e0a600 R15: 1ffff110089b6542
00013 FS:  0000000000000000(0000) GS:ffff8881d4aaa000(0000) knlGS:0000000000000000
00013 CS:  0010 DS: 0000 ES: 0000 CR0: 0000000080050033
00013 CR2: 00007ffcfa060ff8 CR3: 0000000107230000 CR4: 0000000000750eb0
00013 PKRU: 55555554
00013 Call Trace:
00013  <TASK>
00013  ? dt_find_or_create+0x81a/0x1170 [obdclass]
00013  ? ofd_fs_setup+0x42c/0xdd0 [ofd]
00013  ? ofd_device_alloc+0x1fc1/0x35e0 [ofd]
00013  ? obd_setup+0x25c/0x950 [obdclass]
00013  ? class_setup+0xc7d/0x10e0 [obdclass]
00013  ? class_process_config+0x2edb/0x7cb0 [obdclass]
00013  ? __kasan_kmalloc+0x72/0x80
00013  ? class_config_llog_handler+0x2954/0x4f80 [obdclass]
00013  ? class_config_llog_handler+0x2cea/0x4f80 [obdclass]
00013  ? lustre_cfg_rec_free+0x350/0x350 [obdclass]
00013  ? llog_process_thread+0x1fd2/0x4f70 [obdclass]
00013  ? _raw_spin_unlock+0x23/0x40
00013  ? llog_process_thread_daemonize+0x16d/0x1b0 [obdclass]
00013  ? kthread+0x2cd/0x3a0
00013  ? llog_process_or_fork+0xc90/0xc90 [obdclass]
00013  ? kthread_unuse_mm+0x130/0x130
00013  ? ret_from_fork+0x18c/0x520
00013  ? kthread_unuse_mm+0x130/0x130
00013  ? ret_from_fork_asm+0x11/0x20
00013  </TASK>
00013 ---[ end trace 0000000000000000 ]---
00013 ------------[ cut here ]------------
00013 WARNING: /home/ktest/git/linux/include/linux/fs.h:889 at osd_create+0x9cf/0xcf0 [osd_wbcfs], CPU#1: llog_process_th/1797
00013 Modules linked in: ofd(O) osp(O) mdd(O) lod(O) mdt(O) lquota(O) lfsck(O) mgs(O) osd_wbcfs(O) lustre(O) obdecho(O) mgc(O) mdc(O) lov(O) osc(O) lmv(O) ec(O) fid(O) fld(O) ptlrpc(O) efivarfs obdclass(O) ksocklnd(O) lnet(O) libcfs(O)
00013 CPU: 1 UID: 0 PID: 1797 Comm: llog_process_th Tainted: G        W  O        7.0.0-ktest-bf7747f-6330a45-20260814-dirty #1 PREEMPT 
00013 Tainted: [W]=WARN, [O]=OOT_MODULE
00013 Hardware name: QEMU Standard PC (Q35 + ICH9, 2009), BIOS 2025.11-3ubuntu7 03/31/2026
00013 RIP: 0010:osd_create+0x9cf/0xcf0 [osd_wbcfs]
00013 Code: c7 c7 00 96 7b a1 48 c7 c6 a0 12 7d a1 48 c7 c2 00 1c 7d a1 e8 52 f1 43 ff 48 c7 c7 00 96 7b a1 e8 46 81 44 ff e9 fe fc ff ff <0f> 0b e9 a5 fa ff ff 48 c7 c1 80 44 5d a0 80 e1 07 80 c1 03 38 c1
00013 RSP: 0018:ffffc90004a7f6e0 EFLAGS: 00010246
00013 RAX: 0000000000000000 RBX: ffff888137053400 RCX: 0000000000000046
00013 RDX: 0000000000000000 RSI: ffff88802ea8c2a8 RDI: ffff888044e2aa58
00013 RBP: ffff88802ea8c218 R08: ffffffff83a16803 R09: 1ffffffff0742d00
00013 R10: dffffc0000000000 R11: fffffbfff0742d01 R12: ffff888044db2830
00013 R13: dffffc0000000000 R14: 1ffff11026e0a680 R15: 1ffff110089b6542
00013 FS:  0000000000000000(0000) GS:ffff8881d4aaa000(0000) knlGS:0000000000000000
00013 CS:  0010 DS: 0000 ES: 0000 CR0: 0000000080050033
00013 CR2: 00007ffcfa060ff8 CR3: 0000000107230000 CR4: 0000000000750eb0
00013 PKRU: 55555554
00013 Call Trace:
00013  <TASK>
00013  ? dt_find_or_create+0x81a/0x1170 [obdclass]
00013  ? ofd_fs_setup+0x57f/0xdd0 [ofd]
00013  ? ofd_device_alloc+0x1fc1/0x35e0 [ofd]
00013  ? obd_setup+0x25c/0x950 [obdclass]
00013  ? class_setup+0xc7d/0x10e0 [obdclass]
00013  ? class_process_config+0x2edb/0x7cb0 [obdclass]
00013  ? __kasan_kmalloc+0x72/0x80
00013  ? class_config_llog_handler+0x2954/0x4f80 [obdclass]
00013  ? class_config_llog_handler+0x2cea/0x4f80 [obdclass]
00013  ? lustre_cfg_rec_free+0x350/0x350 [obdclass]
00013  ? llog_process_thread+0x1fd2/0x4f70 [obdclass]
00013  ? _raw_spin_unlock+0x23/0x40
00013  ? llog_process_thread_daemonize+0x16d/0x1b0 [obdclass]
00013  ? kthread+0x2cd/0x3a0
00013  ? llog_process_or_fork+0xc90/0xc90 [obdclass]
00013  ? kthread_unuse_mm+0x130/0x130
00013  ? ret_from_fork+0x18c/0x520
00013  ? kthread_unuse_mm+0x130/0x130
00013  ? ret_from_fork_asm+0x11/0x20
00013  </TASK>
00013 ---[ end trace 0000000000000000 ]---
00013 ------------[ cut here ]------------
00013 WARNING: /home/ktest/git/linux/include/linux/fs.h:889 at osd_create+0x9cf/0xcf0 [osd_wbcfs], CPU#1: llog_process_th/1797
00013 Modules linked in: ofd(O) osp(O) mdd(O) lod(O) mdt(O) lquota(O) lfsck(O) mgs(O) osd_wbcfs(O) lustre(O) obdecho(O) mgc(O) mdc(O) lov(O) osc(O) lmv(O) ec(O) fid(O) fld(O) ptlrpc(O) efivarfs obdclass(O) ksocklnd(O) lnet(O) libcfs(O)
00013 CPU: 1 UID: 0 PID: 1797 Comm: llog_process_th Tainted: G        W  O        7.0.0-ktest-bf7747f-6330a45-20260814-dirty #1 PREEMPT 
00013 Tainted: [W]=WARN, [O]=OOT_MODULE
00013 Hardware name: QEMU Standard PC (Q35 + ICH9, 2009), BIOS 2025.11-3ubuntu7 03/31/2026
00013 RIP: 0010:osd_create+0x9cf/0xcf0 [osd_wbcfs]
00013 Code: c7 c7 00 96 7b a1 48 c7 c6 a0 12 7d a1 48 c7 c2 00 1c 7d a1 e8 52 f1 43 ff 48 c7 c7 00 96 7b a1 e8 46 81 44 ff e9 fe fc ff ff <0f> 0b e9 a5 fa ff ff 48 c7 c1 80 44 5d a0 80 e1 07 80 c1 03 38 c1
00013 RSP: 0018:ffffc90004a7f4a8 EFLAGS: 00010246
00013 RAX: 0000000000000000 RBX: ffff888137050c00 RCX: 0000000000000046
00013 RDX: ffffffff84c44d40 RSI: ffff88802ea8bb90 RDI: ffff888044e2aa58
00013 RBP: ffff88802ea8bb00 R08: 0000000000000001 R09: 0000000000000000
00013 R10: dffffc0000000000 R11: ffffed1005d51755 R12: ffff888044c76418
00013 R13: dffffc0000000000 R14: 1ffff11026e0a180 R15: 1ffff1100898ec92
00013 FS:  0000000000000000(0000) GS:ffff8881d4aaa000(0000) knlGS:0000000000000000
00013 CS:  0010 DS: 0000 ES: 0000 CR0: 0000000080050033
00013 CR2: 00007ffcfa060ff8 CR3: 0000000107230000 CR4: 0000000000750eb0
00013 PKRU: 55555554
00013 Call Trace:
00013  <TASK>
00013  ? local_object_create+0x109/0x640 [obdclass]
00013  ? dt_write_lock+0x16d/0x2a0 [obdclass]
00013  ? __local_file_create+0xce4/0x1bc0 [obdclass]
00013  ? local_index_find_or_create+0x1dc/0x2c0 [obdclass]
00013  ? nodemap_cache_find_create+0x4f9/0xe80 [ptlrpc]
00013  ? nodemap_save_config_cache+0x123/0x19b0 [ptlrpc]
00013  ? nm_config_file_register_tgt+0x19b/0x860 [ptlrpc]
00013  ? nm_config_file_register_tgt+0x1a9/0x860 [ptlrpc]
00013  ? ofd_device_alloc+0x219a/0x35e0 [ofd]
00013  ? obd_setup+0x25c/0x950 [obdclass]
00013  ? class_setup+0xc7d/0x10e0 [obdclass]
00013  ? class_process_config+0x2edb/0x7cb0 [obdclass]
00013  ? __kasan_kmalloc+0x72/0x80
00013  ? class_config_llog_handler+0x2954/0x4f80 [obdclass]
00013  ? class_config_llog_handler+0x2cea/0x4f80 [obdclass]
00013  ? lustre_cfg_rec_free+0x350/0x350 [obdclass]
00013  ? llog_process_thread+0x1fd2/0x4f70 [obdclass]
00013  ? _raw_spin_unlock+0x23/0x40
00013  ? llog_process_thread_daemonize+0x16d/0x1b0 [obdclass]
00013  ? kthread+0x2cd/0x3a0
00013  ? llog_process_or_fork+0xc90/0xc90 [obdclass]
00013  ? kthread_unuse_mm+0x130/0x130
00013  ? ret_from_fork+0x18c/0x520
00013  ? kthread_unuse_mm+0x130/0x130
00013  ? ret_from_fork_asm+0x11/0x20
00013  </TASK>
00013 ---[ end trace 0000000000000000 ]---
00031 localhost.localdomain: executing yml_node
00031 Lustre: DEBUG MARKER: localhost.localdomain: executing yml_node
00032 Client: 2.17.54
00033 Lustre: DEBUG MARKER: Client: 2.17.54
00033 MDS: 2.17.54
00033 Lustre: DEBUG MARKER: MDS: 2.17.54
00033 OSS: 2.17.54
00033 Lustre: DEBUG MARKER: OSS: 2.17.54
00033 running: sanity ONLY=17d 17e 17f 17g 17h 17i 17k 17l 17m 17n 
00033 run_suite sanity /host/home/ktest/git/lustre-release/lustre/tests/sanity.sh
00033 -----============= acceptance-small: sanity ============----- Fri Aug 14 02:52:01 UTC 2026
00033 Lustre: DEBUG MARKER: -----============= acceptance-small: sanity ============----- Fri Aug 14 02:52:01 UTC 2026
00033 Running: bash /host/home/ktest/git/lustre-release/lustre/tests/sanity.sh
00035 MGS_OS_VERSION_ID=24.04
00035 MGS_OS_ID=ubuntu
00035 MGS_OS_VERSION_CODE=402915328
00035 MGS_OS_ID_LIKE=debian ubuntu
00035 MDS1_OS_ID=ubuntu
00035 MDS1_OS_VERSION_CODE=402915328
00035 MDS1_OS_ID_LIKE=debian ubuntu
00035 MDS1_OS_VERSION_ID=24.04
00035 OST1_OS_VERSION_ID=24.04
00035 OST1_OS_VERSION_CODE=402915328
00035 OST1_OS_ID=ubuntu
00035 OST1_OS_ID_LIKE=debian ubuntu
00035 CLIENT_OS_VERSION_ID=24.04
00035 CLIENT_OS_ID_LIKE=debian ubuntu
00035 CLIENT_OS_ID=ubuntu
00035 CLIENT_OS_VERSION_CODE=402915328
00035 localhost.localdomain: /host/home/ktest/git/lustre-release/lustre/tests/except/sanity.56aa.ex
00035 localhost.localdomain: /host/home/ktest/git/lustre-release/lustre/tests/except/sanity.ex
00035 - see CLIENT_VERSION > v2_15_63-134-gdacc4b6d38 (34682368 > 34553734) for LU-15963, go 312
00035 - see CLIENT_VERSION > v2_15_63-239-gab4ede45b4 (34682368 > 34553839) for LU-17856, go 56wa 56xe
00035 - see CLIENT_VERSION > v2_16_54-54-ga2e3a2f5a3 (34682368 > 34616886) for LU-14590, go 0d
00035 - see CLIENT_VERSION >= v2_15_7-16-gab522d54ad (34682368 >= 34539280) for LU-16203, go 60i
00035 - see CLIENT_VERSION >= v2_17_50-196-g63ee4af3bb (34682368 >= 34681540) for LU-19620, go 60b
00036 - see CLIENT_VERSION >= v2_17_50-34-g089f438ba9 (34682368 >= 34681378) for LU-19692, go 77k
00036 - see CLIENT_VERSION >= v2_17_50-71-g2cbe29c282 (34682368 >= 34681415) for LU-19644, go 150ib
00036 - see CLIENT_VERSION >= v2_17_51-74 (34682368 >= 34681674) for LU-20010, go 56aa
00036 - need MDS1_VERSION < v2_14_55-100-g8a84c7f9c7 (34682368 < 34486116) for LU-14927, skip 0f
00036 Lustre: DEBUG MARKER: - need MDS1_VERSION < v2_14_55-100-g8a84c7f9c7 (34682368 < 34486116) for LU-14927, skip 0f
00036 - need MDS1_VERSION <= 2.16.61-1-g89cf292a8c2 (34682368 <= 34618625) for LU-18938, skip 360
00036 Lustre: DEBUG MARKER: - need MDS1_VERSION <= 2.16.61-1-g89cf292a8c2 (34682368 <= 34618625) for LU-18938, skip 360
00036 - see MDS1_VERSION <= CLIENT_VERSION (34682368 <= 34682368) for LU-18562, go 270a
00036 - need OST1_VERSION < v2_17_50-410-gbd8e7b9555 (34682368 < 34681754) for LU-12550, skip 216
00036 Lustre: DEBUG MARKER: - need OST1_VERSION < v2_17_50-410-gbd8e7b9555 (34682368 < 34681754) for LU-12550, skip 216
00036 excepting tests: 442 460d 600a 600b 600c 600d_base 600d 801a 801b 801c 802b 802c 803a 803b 804 805 806 807a 807b 808 809 810 812a 812b 812c 813 814 815 816 817 818 819a 819b 820 823 831 832 833 834 842 850 851 852 853 854 855 860 900 901 902 903 904 905 906 907 908a 908b 909 910 911 920 42a 42c 42b 118c 118d 407 119i 216 817 0f 27A 53 66 270a 119e 119f 119g 119h 156 17o 27oo 27z 27F 60a 64i 232 257 278 280 427 801c 818 820 17a 17b 17e 17g 17i 17p 21 25a 25b 26a 26c 26d 26e 26f 27ga 27Q 28 32e 32f 32g 32h 32m 32n 32o 32p 48a 54a 54c 54d 56l 56m 56n 56rd 56xb 56Eb 56eg 56eh 56ei 133a 140 170b 162a 226a 27p 27q 34a 31g 31l 31m 36g 44f 130a 130b 130c 130d 130e 130i 430a 51b 56ab 81b 220 413 418 806 52a 52b 102a 102h 102i 102r 102t 154B 154f 154g 160 161c 161d 205a 65k 807 808 812 56 65e 65a 406 205h 208 165 224d 226d 255 258 272 275 277 311 410 414 419 831 313 314 315 317 200 350 398 399 403 404 408 432 433 398a 405 411 421 27Cg 27U 422 424 425 426 428 429 434 442 430b 430c 431 814 833 850 801a 801b 802b 810 812b 842 851 901 903
00036 Lustre: DEBUG MARKER: excepting tests: 442 460d 600a 600b 600c 600d_base 600d 801a 801b 801c 802b 802c 803a 803b 804 805 806 807a 807b 808 809 810 812a 812b 812c 813 814 815 816 817 818 819a 819b 820 823 831 832 833 834 842 850 851 852 853 854 855 860 900 901 902 903 904 905 9
00036 skipping tests SLOW=no: 27m 60i 64b 68 71 135 136 230d 300o 842
00036 Lustre: DEBUG MARKER: skipping tests SLOW=no: 27m 60i 64b 68 71 135 136 230d 300o 842
00036 running as uid/gid/euid/egid 1000/1000/1000/1000, groups: 1000
00036  [true]
00037 ------------[ cut here ]------------
00037 WARNING: /home/ktest/git/linux/include/linux/fs.h:889 at osd_create+0x9cf/0xcf0 [osd_wbcfs], CPU#3: mdt00_002/1730
00037 Modules linked in: ofd(O) osp(O) mdd(O) lod(O) mdt(O) lquota(O) lfsck(O) mgs(O) osd_wbcfs(O) lustre(O) obdecho(O) mgc(O) mdc(O) lov(O) osc(O) lmv(O) ec(O) fid(O) fld(O) ptlrpc(O) efivarfs obdclass(O) ksocklnd(O) lnet(O) libcfs(O)
00037 CPU: 3 UID: 0 PID: 1730 Comm: mdt00_002 Tainted: G        W  O        7.0.0-ktest-bf7747f-6330a45-20260814-dirty #1 PREEMPT 
00037 Tainted: [W]=WARN, [O]=OOT_MODULE
00037 Hardware name: QEMU Standard PC (Q35 + ICH9, 2009), BIOS 2025.11-3ubuntu7 03/31/2026
00037 RIP: 0010:osd_create+0x9cf/0xcf0 [osd_wbcfs]
00037 Code: c7 c7 00 96 7b a1 48 c7 c6 a0 12 7d a1 48 c7 c2 00 1c 7d a1 e8 52 f1 43 ff 48 c7 c7 00 96 7b a1 e8 46 81 44 ff e9 fe fc ff ff <0f> 0b e9 a5 fa ff ff 48 c7 c1 80 44 5d a0 80 e1 07 80 c1 03 38 c1
00037 RSP: 0018:ffffc900013675a8 EFLAGS: 00010246
00037 RAX: 0000000000000000 RBX: ffff888119fdb400 RCX: 0000000000000046
00037 RDX: 0000000000000000 RSI: ffff88802efa09e8 RDI: ffff888135f9cb18
00037 RBP: ffff88802efa0958 R08: ffffffff83a16803 R09: 1ffffffff0742d00
00037 R10: dffffc0000000000 R11: fffffbfff0742d01 R12: ffff888108da42c8
00037 R13: dffffc0000000000 R14: 1ffff110233fb680 R15: 1ffff11005d646c8
00037 FS:  0000000000000000(0000) GS:ffff8881d4baa000(0000) knlGS:0000000000000000
00037 CS:  0010 DS: 0000 ES: 0000 CR0: 0000000080050033
00037 CR2: 00007fff0400bf98 CR3: 0000000105afc000 CR4: 0000000000750eb0
00037 PKRU: 55555554
00037 Call Trace:
00037  <TASK>
00037  ? lod_sub_create+0x168a/0x1940 [lod]
00037  ? __lock_acquire+0x73/0x620
00037  ? dt_write_lock+0x16d/0x2a0 [obdclass]
00037  ? lod_create+0x10d/0x720 [lod]
00037  ? mdd_create_object_internal+0x18f/0x320 [mdd]
00037  ? mdd_create_object+0xab/0x1ce0 [mdd]
00037  ? mdd_create+0x202b/0x4110 [mdd]
00037  ? mdt_reint_create+0x2761/0x4e70 [mdt]
00037  ? mdt_reint_rec+0x10f/0x530 [mdt]
00037  ? mdt_reint_internal+0x9d5/0x11a0 [mdt]
00037  ? tsi2mdt_info+0x319/0x520 [mdt]
00037  ? mdt_reint+0x115/0x270 [mdt]
00037  ? tgt_request_handle+0x23ad/0x3d30 [ptlrpc]
00037  ? ptlrpc_main+0x6359/0x96f0 [ptlrpc]
00037  ? __kthread_parkme+0x73/0x130
00037  ? kthread+0x2cd/0x3a0
00037  ? ptlrpc_start_thread+0x1f10/0x1f10 [ptlrpc]
00037  ? kthread_unuse_mm+0x130/0x130
00037  ? ret_from_fork+0x18c/0x520
00037  ? kthread_unuse_mm+0x130/0x130
00037  ? ret_from_fork_asm+0x11/0x20
00037  </TASK>
00037 ---[ end trace 0000000000000000 ]---
00037 ------------[ cut here ]------------
00037 WARNING: /home/ktest/git/linux/include/linux/fs.h:889 at ll_iget+0x592/0x850 [lustre], CPU#0: mkdir/3042
00037 Modules linked in: ofd(O) osp(O) mdd(O) lod(O) mdt(O) lquota(O) lfsck(O) mgs(O) osd_wbcfs(O) lustre(O) obdecho(O) mgc(O) mdc(O) lov(O) osc(O) lmv(O) ec(O) fid(O) fld(O) ptlrpc(O) efivarfs obdclass(O) ksocklnd(O) lnet(O) libcfs(O)
00037 CPU: 0 UID: 0 PID: 3042 Comm: mkdir Tainted: G        W  O        7.0.0-ktest-bf7747f-6330a45-20260814-dirty #1 PREEMPT 
00037 Tainted: [W]=WARN, [O]=OOT_MODULE
00037 Hardware name: QEMU Standard PC (Q35 + ICH9, 2009), BIOS 2025.11-3ubuntu7 03/31/2026
00037 RIP: 0010:ll_iget+0x592/0x850 [lustre]
00037 Code: 48 c7 c6 40 52 76 a1 48 c7 c2 80 52 76 a1 e8 45 76 d4 fe 48 c7 c7 80 d7 a6 a1 e8 39 06 d5 fe 48 89 df 4c 89 fe e9 34 fb ff ff <0f> 0b e9 89 fb ff ff 0f 0b e9 f0 fc ff ff 48 c7 c1 80 44 5d a0 80
00037 RSP: 0018:ffffc900093df9f0 EFLAGS: 00010246
00037 RAX: 0000000000000000 RBX: ffff88802e7fe500 RCX: 0000000000000046
00037 RDX: 0000000000000000 RSI: ffff88802e7fe590 RDI: ffff88811c79aa58
00037 RBP: ffff888045323000 R08: ffff88802ecf2883 R09: 1ffff11005d9e510
00037 R10: dffffc0000000000 R11: ffffed1005d9e511 R12: dffffc0000000000
00037 R13: dffffc0000000000 R14: ffffc900093dfaa8 R15: 0000000200000402
00037 FS:  00007fbc88259d00(0000) GS:ffff8881d4a2a000(0000) knlGS:0000000000000000
00037 CS:  0010 DS: 0000 ES: 0000 CR0: 0000000080050033
00037 CR2: 00007fbc880f59d0 CR3: 00000000314dd000 CR4: 0000000000750eb0
00037 PKRU: 55555554
00037 Call Trace:
00037  <TASK>
00037  ll_prep_inode+0x682/0x1310 [lustre]
00037  ll_new_node_finish+0x179/0x930 [lustre]
00037  ll_new_node+0xd7f/0x1740 [lustre]
00037  ? ll_mkdir+0xf5/0xf10 [lustre]
00037  ll_mkdir+0x44e/0xf10 [lustre]
00037  vfs_mkdir+0x3c0/0x630
00037  filename_mkdirat+0x14c/0x300
00037  __x64_sys_mkdir+0x74/0x140
00037  do_syscall_64+0xc1/0x350
00037  entry_SYSCALL_64_after_hwframe+0x4b/0x53
00037 RIP: 0033:0x7fbc8811b05b
00037 Code: 0f 1e fa 48 89 f2 b9 00 01 00 00 48 89 fe bf 9c ff ff ff e9 97 c3 ff ff 0f 1f 80 00 00 00 00 f3 0f 1e fa b8 53 00 00 00 0f 05 <48> 3d 00 f0 ff ff 77 05 c3 0f 1f 40 00 48 8b 15 89 7d 0e 00 f7 d8
00037 RSP: 002b:00007ffdb7680308 EFLAGS: 00000246 ORIG_RAX: 0000000000000053
00037 RAX: ffffffffffffffda RBX: 00007ffdb7682892 RCX: 00007fbc8811b05b
00037 RDX: 0000000000000000 RSI: 00000000000001ff RDI: 00007ffdb7682892
00037 RBP: 00007ffdb7680420 R08: 00000000000001ff R09: 0000000000000000
00037 R10: 000055885583727e R11: 0000000000000246 R12: 00000000000001ff
00037 R13: 0000000000000000 R14: 0000000000000000 R15: 0000000000000000
00037  </TASK>
00037 ---[ end trace 0000000000000000 ]---
00037 ------------[ cut here ]------------
00037 WARNING: /home/ktest/git/linux/include/linux/fs.h:889 at ll_iget+0x592/0x850 [lustre], CPU#0: chown/3044
00037 Modules linked in: ofd(O) osp(O) mdd(O) lod(O) mdt(O) lquota(O) lfsck(O) mgs(O) osd_wbcfs(O) lustre(O) obdecho(O) mgc(O) mdc(O) lov(O) osc(O) lmv(O) ec(O) fid(O) fld(O) ptlrpc(O) efivarfs obdclass(O) ksocklnd(O) lnet(O) libcfs(O)
00037 CPU: 0 UID: 0 PID: 3044 Comm: chown Tainted: G        W  O        7.0.0-ktest-bf7747f-6330a45-20260814-dirty #1 PREEMPT 
00037 Tainted: [W]=WARN, [O]=OOT_MODULE
00037 Hardware name: QEMU Standard PC (Q35 + ICH9, 2009), BIOS 2025.11-3ubuntu7 03/31/2026
00037 RIP: 0010:ll_iget+0x592/0x850 [lustre]
00037 Code: 48 c7 c6 40 52 76 a1 48 c7 c2 80 52 76 a1 e8 45 76 d4 fe 48 c7 c7 80 d7 a6 a1 e8 39 06 d5 fe 48 89 df 4c 89 fe e9 34 fb ff ff <0f> 0b e9 89 fb ff ff 0f 0b e9 f0 fc ff ff 48 c7 c1 80 44 5d a0 80
00037 RSP: 0018:ffffc900093ff6d8 EFLAGS: 00010246
00037 RAX: 0000000000000000 RBX: ffff88802e7fe500 RCX: 0000000000000046
00037 RDX: 0000000000000000 RSI: ffff88802e7fe590 RDI: ffff888136154af0
00037 RBP: ffff888045323000 R08: ffffffff83a16803 R09: 1ffffffff0742d00
00037 R10: dffffc0000000000 R11: fffffbfff0742d01 R12: dffffc0000000000
00037 R13: dffffc0000000000 R14: ffffc900093ff790 R15: 0000000200000402
00037 FS:  00007f6a1c54d740(0000) GS:ffff8881d4a2a000(0000) knlGS:0000000000000000
00037 CS:  0010 DS: 0000 ES: 0000 CR0: 0000000080050033
00037 CR2: 000055d9d50903c8 CR3: 0000000074a0c000 CR4: 0000000000750eb0
00037 PKRU: 55555554
00037 Call Trace:
00037  <TASK>
00037  ll_prep_inode+0x682/0x1310 [lustre]
00037  ? lustre_swab_barrier_lvb+0xd0/0xd0 [ptlrpc]
00037  ll_lookup_it+0x168c/0x4650 [lustre]
00037  ll_lookup_nd+0x2a7/0x4f0 [lustre]
00037  __lookup_slow+0x1a2/0x260
00037  lookup_slow+0x53/0x70
00037  path_lookupat+0x2d0/0x6d0
00037  filename_lookup+0x18f/0x340
00037  vfs_statx+0x6a/0x3c0
00037  ? do_getname+0xb3/0x190
00037  vfs_fstatat+0xa6/0xd0
00037  __x64_sys_newfstatat+0xb2/0x2c0
00037  ? kmem_cache_free+0x39f/0x580
00037  ? fpregs_assert_state_consistent+0x4f/0xe0
00037  do_syscall_64+0xc1/0x350
00037  entry_SYSCALL_64_after_hwframe+0x4b/0x53
00037 RIP: 0033:0x7f6a1c3173ee
00037 Code: 0f 1f 40 00 48 8b 15 29 ba 0e 00 f7 d8 64 89 02 b8 ff ff ff ff c3 66 0f 1f 44 00 00 f3 0f 1e fa 41 89 ca b8 06 01 00 00 0f 05 <3d> 00 f0 ff ff 77 0b 31 c0 c3 0f 1f 84 00 00 00 00 00 48 8b 15 f1
00037 RSP: 002b:00007ffe1dd75778 EFLAGS: 00000246 ORIG_RAX: 0000000000000106
00037 RAX: ffffffffffffffda RBX: 000055d9d5090730 RCX: 00007f6a1c3173ee
00037 RDX: 000055d9d50907a0 RSI: 000055d9d5090830 RDI: 00000000ffffff9c
00037 RBP: 00007ffe1dd757a0 R08: 00007f6a1c403b20 R09: 0000000000000130
00037 R10: 0000000000000100 R11: 0000000000000246 R12: 000055d9d50907a0
00037 R13: 000055d9d508f480 R14: 0000000000000000 R15: 00007ffe1dd76892
00037  </TASK>
00037 ---[ end trace 0000000000000000 ]---
00037 ------------[ cut here ]------------
00037 WARNING: /home/ktest/git/linux/include/linux/fs.h:889 at ll_iget+0x599/0x850 [lustre], CPU#0: chown/3044
00037 Modules linked in: ofd(O) osp(O) mdd(O) lod(O) mdt(O) lquota(O) lfsck(O) mgs(O) osd_wbcfs(O) lustre(O) obdecho(O) mgc(O) mdc(O) lov(O) osc(O) lmv(O) ec(O) fid(O) fld(O) ptlrpc(O) efivarfs obdclass(O) ksocklnd(O) lnet(O) libcfs(O)
00037 CPU: 0 UID: 0 PID: 3044 Comm: chown Tainted: G        W  O        7.0.0-ktest-bf7747f-6330a45-20260814-dirty #1 PREEMPT 
00037 Tainted: [W]=WARN, [O]=OOT_MODULE
00037 Hardware name: QEMU Standard PC (Q35 + ICH9, 2009), BIOS 2025.11-3ubuntu7 03/31/2026
00037 RIP: 0010:ll_iget+0x599/0x850 [lustre]
00037 Code: 48 c7 c2 80 52 76 a1 e8 45 76 d4 fe 48 c7 c7 80 d7 a6 a1 e8 39 06 d5 fe 48 89 df 4c 89 fe e9 34 fb ff ff 0f 0b e9 89 fb ff ff <0f> 0b e9 f0 fc ff ff 48 c7 c1 80 44 5d a0 80 e1 07 80 c1 03 38 c1
00037 RSP: 0018:ffffc900093ff6d8 EFLAGS: 00010246
00037 RAX: 0000000000000000 RBX: ffff88802e7fe500 RCX: 0000000000000046
00037 RDX: 0000000000000000 RSI: ffff88802e7fe590 RDI: ffff888136154af0
00037 RBP: ffff888045323000 R08: ffffffff83a16803 R09: 1ffffffff0742d00
00037 R10: dffffc0000000000 R11: fffffbfff0742d01 R12: dffffc0000000000
00037 R13: 1ffff11005cffcb9 R14: ffffc900093ff790 R15: ffff88802e7fe5c8
00037 FS:  00007f6a1c54d740(0000) GS:ffff8881d4a2a000(0000) knlGS:0000000000000000
00037 CS:  0010 DS: 0000 ES: 0000 CR0: 0000000080050033
00037 CR2: 000055d9d50903c8 CR3: 0000000074a0c000 CR4: 0000000000750eb0
00037 PKRU: 55555554
00037 Call Trace:
00037  <TASK>
00037  ll_prep_inode+0x682/0x1310 [lustre]
00037  ? lustre_swab_barrier_lvb+0xd0/0xd0 [ptlrpc]
00037  ll_lookup_it+0x168c/0x4650 [lustre]
00037  ll_lookup_nd+0x2a7/0x4f0 [lustre]
00037  __lookup_slow+0x1a2/0x260
00037  lookup_slow+0x53/0x70
00037  path_lookupat+0x2d0/0x6d0
00037  filename_lookup+0x18f/0x340
00037  vfs_statx+0x6a/0x3c0
00037  ? do_getname+0xb3/0x190
00037  vfs_fstatat+0xa6/0xd0
00037  __x64_sys_newfstatat+0xb2/0x2c0
00037  ? kmem_cache_free+0x39f/0x580
00037  ? fpregs_assert_state_consistent+0x4f/0xe0
00037  do_syscall_64+0xc1/0x350
00037  entry_SYSCALL_64_after_hwframe+0x4b/0x53
00037 RIP: 0033:0x7f6a1c3173ee
00037 Code: 0f 1f 40 00 48 8b 15 29 ba 0e 00 f7 d8 64 89 02 b8 ff ff ff ff c3 66 0f 1f 44 00 00 f3 0f 1e fa 41 89 ca b8 06 01 00 00 0f 05 <3d> 00 f0 ff ff 77 0b 31 c0 c3 0f 1f 84 00 00 00 00 00 48 8b 15 f1
00037 RSP: 002b:00007ffe1dd75778 EFLAGS: 00000246 ORIG_RAX: 0000000000000106
00037 RAX: ffffffffffffffda RBX: 000055d9d5090730 RCX: 00007f6a1c3173ee
00037 RDX: 000055d9d50907a0 RSI: 000055d9d5090830 RDI: 00000000ffffff9c
00037 RBP: 00007ffe1dd757a0 R08: 00007f6a1c403b20 R09: 0000000000000130
00037 R10: 0000000000000100 R11: 0000000000000246 R12: 000055d9d50907a0
00037 R13: 000055d9d508f480 R14: 0000000000000000 R15: 00007ffe1dd76892
00037  </TASK>
00037 ---[ end trace 0000000000000000 ]---
00037 running as uid/gid/euid/egid 1000/1000/1000/1000, groups: 1000
00037  [touch] [/mnt/lustre/d0_runas_test/f2642]
00037 ------------[ cut here ]------------
00037 WARNING: /home/ktest/git/linux/include/linux/fs.h:889 at ll_iget+0x592/0x850 [lustre], CPU#1: touch/3045
00037 Modules linked in: ofd(O) osp(O) mdd(O) lod(O) mdt(O) lquota(O) lfsck(O) mgs(O) osd_wbcfs(O) lustre(O) obdecho(O) mgc(O) mdc(O) lov(O) osc(O) lmv(O) ec(O) fid(O) fld(O) ptlrpc(O) efivarfs obdclass(O) ksocklnd(O) lnet(O) libcfs(O)
00037 CPU: 1 UID: 1000 PID: 3045 Comm: touch Tainted: G        W  O        7.0.0-ktest-bf7747f-6330a45-20260814-dirty #1 PREEMPT 
00037 Tainted: [W]=WARN, [O]=OOT_MODULE
00037 Hardware name: QEMU Standard PC (Q35 + ICH9, 2009), BIOS 2025.11-3ubuntu7 03/31/2026
00037 RIP: 0010:ll_iget+0x592/0x850 [lustre]
00037 Code: 48 c7 c6 40 52 76 a1 48 c7 c2 80 52 76 a1 e8 45 76 d4 fe 48 c7 c7 80 d7 a6 a1 e8 39 06 d5 fe 48 89 df 4c 89 fe e9 34 fb ff ff <0f> 0b e9 89 fb ff ff 0f 0b e9 f0 fc ff ff 48 c7 c1 80 44 5d a0 80
00037 RSP: 0018:ffffc9000940f610 EFLAGS: 00010246
00037 RAX: 0000000000000000 RBX: ffff88802e7fe500 RCX: 0000000000000046
00037 RDX: 0000000000000000 RSI: ffff88802e7fe590 RDI: ffff8881382c0970
00037 RBP: ffff888045323000 R08: ffffffff83a16803 R09: 1ffffffff0742d00
00037 R10: dffffc0000000000 R11: fffffbfff0742d01 R12: dffffc0000000000
00037 R13: dffffc0000000000 R14: ffffc9000940f6c8 R15: 0000000200000402
00037 FS:  00007fd27c783740(0000) GS:ffff8881d4aaa000(0000) knlGS:0000000000000000
00037 CS:  0010 DS: 0000 ES: 0000 CR0: 0000000080050033
00037 CR2: 00007fd27c4f59d0 CR3: 000000001a94b000 CR4: 0000000000750eb0
00037 PKRU: 55555554
00037 Call Trace:
00037  <TASK>
00037  ll_prep_inode+0x682/0x1310 [lustre]
00037  ? lustre_swab_barrier_lvb+0xd0/0xd0 [ptlrpc]
00037  ll_lookup_it+0x168c/0x4650 [lustre]
00037  ? d_alloc_parallel+0xe4f/0xfb0
00037  ll_lookup_nd+0x2a7/0x4f0 [lustre]
00037  __lookup_slow+0x1a2/0x260
00037  lookup_slow+0x53/0x70
00037  link_path_walk+0xac4/0x13d0
00037  path_openat+0x236/0x2630
00037  ? kasan_save_track+0x2f/0x60
00037  ? kmem_cache_alloc_noprof+0xea/0x3d0
00037  ? do_getname+0x67/0x190
00037  ? __x64_sys_openat+0xf8/0x120
00037  ? do_syscall_64+0xc1/0x350
00037  ? filemap_map_pages+0x14c/0x1210
00037  do_file_open+0x19b/0x360
00037  ? _raw_spin_unlock+0x23/0x40
00037  ? alloc_fd+0x42c/0x480
00037  do_sys_openat2+0x84/0xf0
00037  __x64_sys_openat+0xf8/0x120
00037  do_syscall_64+0xc1/0x350
00037  entry_SYSCALL_64_after_hwframe+0x4b/0x53
00037 RIP: 0033:0x7fd27c51b1a5
00037 Code: 83 e2 40 75 50 89 f0 f7 d0 a9 00 00 41 00 74 45 80 3d ae fe 0e 00 00 74 60 89 da 4c 89 e6 bf 9c ff ff ff b8 01 01 00 00 0f 05 <48> 3d 00 f0 ff ff 0f 87 7f 00 00 00 48 8b 55 b8 64 48 2b 14 25 28
00037 RSP: 002b:00007ffde22f4c10 EFLAGS: 00000202 ORIG_RAX: 0000000000000101
00037 RAX: ffffffffffffffda RBX: 0000000000000941 RCX: 00007fd27c51b1a5
00037 RDX: 0000000000000941 RSI: 00007ffde22f587f RDI: 00000000ffffff9c
00037 RBP: 00007ffde22f4c80 R08: 00000000ffffffff R09: 0000000000000000
00037 R10: 00000000000001b6 R11: 0000000000000202 R12: 00007ffde22f587f
00037 R13: 00007fd27c603248 R14: 0000000000000000 R15: 0000000000000001
00037  </TASK>
00037 ---[ end trace 0000000000000000 ]---
00037 ------------[ cut here ]------------
00037 WARNING: /home/ktest/git/linux/include/linux/fs.h:889 at ll_iget+0x599/0x850 [lustre], CPU#1: touch/3045
00037 Modules linked in: ofd(O) osp(O) mdd(O) lod(O) mdt(O) lquota(O) lfsck(O) mgs(O) osd_wbcfs(O) lustre(O) obdecho(O) mgc(O) mdc(O) lov(O) osc(O) lmv(O) ec(O) fid(O) fld(O) ptlrpc(O) efivarfs obdclass(O) ksocklnd(O) lnet(O) libcfs(O)
00037 CPU: 1 UID: 1000 PID: 3045 Comm: touch Tainted: G        W  O        7.0.0-ktest-bf7747f-6330a45-20260814-dirty #1 PREEMPT 
00037 Tainted: [W]=WARN, [O]=OOT_MODULE
00037 Hardware name: QEMU Standard PC (Q35 + ICH9, 2009), BIOS 2025.11-3ubuntu7 03/31/2026
00037 RIP: 0010:ll_iget+0x599/0x850 [lustre]
00037 Code: 48 c7 c2 80 52 76 a1 e8 45 76 d4 fe 48 c7 c7 80 d7 a6 a1 e8 39 06 d5 fe 48 89 df 4c 89 fe e9 34 fb ff ff 0f 0b e9 89 fb ff ff <0f> 0b e9 f0 fc ff ff 48 c7 c1 80 44 5d a0 80 e1 07 80 c1 03 38 c1
00037 RSP: 0018:ffffc9000940f610 EFLAGS: 00010246
00037 RAX: 0000000000000000 RBX: ffff88802e7fe500 RCX: 0000000000000046
00037 RDX: 0000000000000000 RSI: ffff88802e7fe590 RDI: ffff8881382c0970
00037 RBP: ffff888045323000 R08: ffffffff83a16803 R09: 1ffffffff0742d00
00037 R10: dffffc0000000000 R11: fffffbfff0742d01 R12: dffffc0000000000
00037 R13: 1ffff11005cffcb9 R14: ffffc9000940f6c8 R15: ffff88802e7fe5c8
00037 FS:  00007fd27c783740(0000) GS:ffff8881d4aaa000(0000) knlGS:0000000000000000
00037 CS:  0010 DS: 0000 ES: 0000 CR0: 0000000080050033
00037 CR2: 00007fd27c4f59d0 CR3: 000000001a94b000 CR4: 0000000000750eb0
00037 PKRU: 55555554
00037 Call Trace:
00037  <TASK>
00037  ll_prep_inode+0x682/0x1310 [lustre]
00037  ? lustre_swab_barrier_lvb+0xd0/0xd0 [ptlrpc]
00037  ll_lookup_it+0x168c/0x4650 [lustre]
00037  ? d_alloc_parallel+0xe4f/0xfb0
00037  ll_lookup_nd+0x2a7/0x4f0 [lustre]
00037  __lookup_slow+0x1a2/0x260
00037  lookup_slow+0x53/0x70
00037  link_path_walk+0xac4/0x13d0
00037  path_openat+0x236/0x2630
00037  ? kasan_save_track+0x2f/0x60
00037  ? kmem_cache_alloc_noprof+0xea/0x3d0
00037  ? do_getname+0x67/0x190
00037  ? __x64_sys_openat+0xf8/0x120
00037  ? do_syscall_64+0xc1/0x350
00037  ? filemap_map_pages+0x14c/0x1210
00037  do_file_open+0x19b/0x360
00037  ? _raw_spin_unlock+0x23/0x40
00037  ? alloc_fd+0x42c/0x480
00037  do_sys_openat2+0x84/0xf0
00037  __x64_sys_openat+0xf8/0x120
00037  do_syscall_64+0xc1/0x350
00037  entry_SYSCALL_64_after_hwframe+0x4b/0x53
00037 RIP: 0033:0x7fd27c51b1a5
00037 Code: 83 e2 40 75 50 89 f0 f7 d0 a9 00 00 41 00 74 45 80 3d ae fe 0e 00 00 74 60 89 da 4c 89 e6 bf 9c ff ff ff b8 01 01 00 00 0f 05 <48> 3d 00 f0 ff ff 0f 87 7f 00 00 00 48 8b 55 b8 64 48 2b 14 25 28
00037 RSP: 002b:00007ffde22f4c10 EFLAGS: 00000202 ORIG_RAX: 0000000000000101
00037 RAX: ffffffffffffffda RBX: 0000000000000941 RCX: 00007fd27c51b1a5
00037 RDX: 0000000000000941 RSI: 00007ffde22f587f RDI: 00000000ffffff9c
00037 RBP: 00007ffde22f4c80 R08: 00000000ffffffff R09: 0000000000000000
00037 R10: 00000000000001b6 R11: 0000000000000202 R12: 00007ffde22f587f
00037 R13: 00007fd27c603248 R14: 0000000000000000 R15: 0000000000000001
00037  </TASK>
00037 ---[ end trace 0000000000000000 ]---
00037 ------------[ cut here ]------------
00037 WARNING: /home/ktest/git/linux/include/linux/fs.h:889 at osd_create+0x9cf/0xcf0 [osd_wbcfs], CPU#3: mdt00_003/1807
00037 Modules linked in: ofd(O) osp(O) mdd(O) lod(O) mdt(O) lquota(O) lfsck(O) mgs(O) osd_wbcfs(O) lustre(O) obdecho(O) mgc(O) mdc(O) lov(O) osc(O) lmv(O) ec(O) fid(O) fld(O) ptlrpc(O) efivarfs obdclass(O) ksocklnd(O) lnet(O) libcfs(O)
00037 CPU: 3 UID: 0 PID: 1807 Comm: mdt00_003 Tainted: G        W  O        7.0.0-ktest-bf7747f-6330a45-20260814-dirty #1 PREEMPT 
00037 Tainted: [W]=WARN, [O]=OOT_MODULE
00037 Hardware name: QEMU Standard PC (Q35 + ICH9, 2009), BIOS 2025.11-3ubuntu7 03/31/2026
00037 RIP: 0010:osd_create+0x9cf/0xcf0 [osd_wbcfs]
00037 Code: c7 c7 00 96 7b a1 48 c7 c6 a0 12 7d a1 48 c7 c2 00 1c 7d a1 e8 52 f1 43 ff 48 c7 c7 00 96 7b a1 e8 46 81 44 ff e9 fe fc ff ff <0f> 0b e9 a5 fa ff ff 48 c7 c1 80 44 5d a0 80 e1 07 80 c1 03 38 c1
00037 RSP: 0018:ffffc90004a7f2e8 EFLAGS: 00010246
00037 RAX: 0000000000000000 RBX: ffff88811994ac00 RCX: 0000000000000046
00037 RDX: 0000000000000000 RSI: ffff88802efa02d0 RDI: ffff888045344b18
00037 RBP: ffff88802efa0240 R08: ffffffff83a16803 R09: 1ffffffff0742d00
00037 R10: dffffc0000000000 R11: fffffbfff0742d01 R12: ffff88802ed042c8
00037 R13: dffffc0000000000 R14: 1ffff11023329580 R15: 1ffff11005f082c8
00037 FS:  0000000000000000(0000) GS:ffff8881d4baa000(0000) knlGS:0000000000000000
00037 CS:  0010 DS: 0000 ES: 0000 CR0: 0000000080050033
00037 CR2: 00007f6ae3cee200 CR3: 0000000105afc000 CR4: 0000000000750eb0
00037 PKRU: 55555554
00037 Call Trace:
00037  <TASK>
00037  ? lod_sub_create+0x168a/0x1940 [lod]
00037  ? __lock_acquire+0x73/0x620
00037  ? dt_write_lock+0x16d/0x2a0 [obdclass]
00037  ? lod_create+0x10d/0x720 [lod]
00037  ? mdd_create_object_internal+0x18f/0x320 [mdd]
00037  ? mdd_create_object+0xab/0x1ce0 [mdd]
00037  ? mdd_create+0x202b/0x4110 [mdd]
00037  ? lustre_msg_get_versions+0x49/0x160 [ptlrpc]
00037  ? mdt_reint_open+0x434b/0x8480 [mdt]
00037  ? mdt_reint_rec+0x10f/0x530 [mdt]
00037  ? mdt_reint_internal+0x9d5/0x11a0 [mdt]
00037  ? mdt_intent_open+0x18b/0x9a0 [mdt]
00037  ? mdt_intent_policy+0x1639/0x2300 [mdt]
00037  ? mdt_register_lwp_callback+0x620/0x620 [mdt]
00037  ? mdt_seq_init+0x1ef0/0x1ef0 [mdt]
00037  ? ldlm_lock_enqueue+0x221/0x16c0 [ptlrpc]
00037  ? ldlm_handle_enqueue+0x139f/0x3250 [ptlrpc]
00037  ? tgt_enqueue+0x19b/0x550 [ptlrpc]
00037  ? tgt_request_handle+0x23ad/0x3d30 [ptlrpc]
00037  ? ptlrpc_main+0x6359/0x96f0 [ptlrpc]
00037  ? __kthread_parkme+0x73/0x130
00037  ? kthread+0x2cd/0x3a0
00037  ? ptlrpc_start_thread+0x1f10/0x1f10 [ptlrpc]
00037  ? kthread_unuse_mm+0x130/0x130
00037  ? ret_from_fork+0x18c/0x520
00037  ? kthread_unuse_mm+0x130/0x130
00037  ? ret_from_fork_asm+0x11/0x20
00037  </TASK>
00037 ---[ end trace 0000000000000000 ]---
00037 ------------[ cut here ]------------
00037 WARNING: /home/ktest/git/linux/include/linux/fs.h:889 at ll_iget+0x592/0x850 [lustre], CPU#1: touch/3045
00037 Modules linked in: ofd(O) osp(O) mdd(O) lod(O) mdt(O) lquota(O) lfsck(O) mgs(O) osd_wbcfs(O) lustre(O) obdecho(O) mgc(O) mdc(O) lov(O) osc(O) lmv(O) ec(O) fid(O) fld(O) ptlrpc(O) efivarfs obdclass(O) ksocklnd(O) lnet(O) libcfs(O)
00037 CPU: 1 UID: 1000 PID: 3045 Comm: touch Tainted: G        W  O        7.0.0-ktest-bf7747f-6330a45-20260814-dirty #1 PREEMPT 
00037 Tainted: [W]=WARN, [O]=OOT_MODULE
00037 Hardware name: QEMU Standard PC (Q35 + ICH9, 2009), BIOS 2025.11-3ubuntu7 03/31/2026
00037 RIP: 0010:ll_iget+0x592/0x850 [lustre]
00037 Code: 48 c7 c6 40 52 76 a1 48 c7 c2 80 52 76 a1 e8 45 76 d4 fe 48 c7 c7 80 d7 a6 a1 e8 39 06 d5 fe 48 89 df 4c 89 fe e9 34 fb ff ff <0f> 0b e9 89 fb ff ff 0f 0b e9 f0 fc ff ff 48 c7 c1 80 44 5d a0 80
00037 RSP: 0018:ffffc9000940f6c8 EFLAGS: 00010246
00037 RAX: 0000000000000000 RBX: ffff88802e462c00 RCX: 0000000000000046
00037 RDX: 0000000000000000 RSI: ffff88802e462c90 RDI: ffff8881382c0998
00037 RBP: ffff888045323000 R08: ffff88802ecf2883 R09: 1ffff11005d9e510
00037 R10: dffffc0000000000 R11: ffffed1005d9e511 R12: dffffc0000000000
00037 R13: dffffc0000000000 R14: ffffc9000940f780 R15: 0000000200000402
00037 FS:  00007fd27c783740(0000) GS:ffff8881d4aaa000(0000) knlGS:0000000000000000
00037 CS:  0010 DS: 0000 ES: 0000 CR0: 0000000080050033
00037 CR2: 00007fd27c4f59d0 CR3: 000000001a94b000 CR4: 0000000000750eb0
00037 PKRU: 55555554
00037 Call Trace:
00037  <TASK>
00037  ll_prep_inode+0x682/0x1310 [lustre]
00037  ll_create_it+0x52f/0x15d0 [lustre]
00037  ? lprocfs_counter_add+0x2df/0x3e0 [obdclass]
00037  ll_lookup_it+0x2bac/0x4650 [lustre]
00037  ? kasan_unpoison+0x48/0x70
00037  ? __alloc_tagging_slab_alloc_hook+0x136/0x190
00037  ll_atomic_open+0x950/0x1690 [lustre]
00037  atomic_open+0x162/0x320
00037  path_openat+0xcda/0x2630
00037  do_file_open+0x19b/0x360
00037  ? _raw_spin_unlock+0x23/0x40
00037  ? alloc_fd+0x42c/0x480
00037  do_sys_openat2+0x84/0xf0
00037  __x64_sys_openat+0xf8/0x120
00037  do_syscall_64+0xc1/0x350
00037  entry_SYSCALL_64_after_hwframe+0x4b/0x53
00037 RIP: 0033:0x7fd27c51b1a5
00037 Code: 83 e2 40 75 50 89 f0 f7 d0 a9 00 00 41 00 74 45 80 3d ae fe 0e 00 00 74 60 89 da 4c 89 e6 bf 9c ff ff ff b8 01 01 00 00 0f 05 <48> 3d 00 f0 ff ff 0f 87 7f 00 00 00 48 8b 55 b8 64 48 2b 14 25 28
00037 RSP: 002b:00007ffde22f4c10 EFLAGS: 00000202 ORIG_RAX: 0000000000000101
00037 RAX: ffffffffffffffda RBX: 0000000000000941 RCX: 00007fd27c51b1a5
00037 RDX: 0000000000000941 RSI: 00007ffde22f587f RDI: 00000000ffffff9c
00037 RBP: 00007ffde22f4c80 R08: 00000000ffffffff R09: 0000000000000000
00037 R10: 00000000000001b6 R11: 0000000000000202 R12: 00007ffde22f587f
00037 R13: 00007fd27c603248 R14: 0000000000000000 R15: 0000000000000001
00037  </TASK>
00037 ---[ end trace 0000000000000000 ]---
00037 ------------[ cut here ]------------
00037 WARNING: /home/ktest/git/linux/include/linux/fs.h:889 at cl_file_inode_init+0x5f8/0x7a0 [lustre], CPU#1: touch/3045
00037 Modules linked in: ofd(O) osp(O) mdd(O) lod(O) mdt(O) lquota(O) lfsck(O) mgs(O) osd_wbcfs(O) lustre(O) obdecho(O) mgc(O) mdc(O) lov(O) osc(O) lmv(O) ec(O) fid(O) fld(O) ptlrpc(O) efivarfs obdclass(O) ksocklnd(O) lnet(O) libcfs(O)
00037 CPU: 1 UID: 1000 PID: 3045 Comm: touch Tainted: G        W  O        7.0.0-ktest-bf7747f-6330a45-20260814-dirty #1 PREEMPT 
00037 Tainted: [W]=WARN, [O]=OOT_MODULE
00037 Hardware name: QEMU Standard PC (Q35 + ICH9, 2009), BIOS 2025.11-3ubuntu7 03/31/2026
00037 RIP: 0010:cl_file_inode_init+0x5f8/0x7a0 [lustre]
00037 Code: c7 c7 c0 b3 a8 a1 48 c7 c6 c0 e3 76 a1 48 c7 c2 00 e4 76 a1 e8 f9 4e cf fe 48 c7 c7 c0 b3 a8 a1 e8 ed de cf fe e9 eb fb ff ff <0f> 0b e9 63 fc ff ff c7 05 ef c6 17 00 00 00 04 00 48 c7 c7 c0 b6
00037 RSP: 0018:ffffc9000940f4c0 EFLAGS: 00010246
00037 RAX: 0000000000000000 RBX: ffff88802e462c00 RCX: 0000000000000046
00037 RDX: ffff88802e462b2c RSI: ffff88802e462c90 RDI: ffff8881382c0998
00037 RBP: dffffc0000000000 R08: ffffffffa0c80e27 R09: 1ffffffff41901c4
00037 R10: dffffc0000000000 R11: fffffbfff41901c5 R12: ffff888031c3e0d8
00037 R13: 1ffff11005c8c6b8 R14: ffff88802e4635c0 R15: ffff88802ef6d000
00037 FS:  00007fd27c783740(0000) GS:ffff8881d4aaa000(0000) knlGS:0000000000000000
00037 CS:  0010 DS: 0000 ES: 0000 CR0: 0000000080050033
00037 CR2: 00007fd27c4f59d0 CR3: 000000001a94b000 CR4: 0000000000750eb0
00037 PKRU: 55555554
00037 Call Trace:
00037  <TASK>
00037  ll_update_inode+0xfa/0x3ef0 [lustre]
00037  ? report_bug+0x87/0xc0
00037  ? inode_set_ctime_to_ts+0x7f/0x1b0
00037  ll_read_inode2+0x23d/0x9f0 [lustre]
00037  ll_iget+0x201/0x850 [lustre]
00037  ll_prep_inode+0x682/0x1310 [lustre]
00037  ll_create_it+0x52f/0x15d0 [lustre]
00037  ? lprocfs_counter_add+0x2df/0x3e0 [obdclass]
00037  ll_lookup_it+0x2bac/0x4650 [lustre]
00037  ? kasan_unpoison+0x48/0x70
00037  ? __alloc_tagging_slab_alloc_hook+0x136/0x190
00037  ll_atomic_open+0x950/0x1690 [lustre]
00037  atomic_open+0x162/0x320
00037  path_openat+0xcda/0x2630
00037  do_file_open+0x19b/0x360
00037  ? _raw_spin_unlock+0x23/0x40
00037  ? alloc_fd+0x42c/0x480
00037  do_sys_openat2+0x84/0xf0
00037  __x64_sys_openat+0xf8/0x120
00037  do_syscall_64+0xc1/0x350
00037  entry_SYSCALL_64_after_hwframe+0x4b/0x53
00037 RIP: 0033:0x7fd27c51b1a5
00037 Code: 83 e2 40 75 50 89 f0 f7 d0 a9 00 00 41 00 74 45 80 3d ae fe 0e 00 00 74 60 89 da 4c 89 e6 bf 9c ff ff ff b8 01 01 00 00 0f 05 <48> 3d 00 f0 ff ff 0f 87 7f 00 00 00 48 8b 55 b8 64 48 2b 14 25 28
00037 RSP: 002b:00007ffde22f4c10 EFLAGS: 00000202 ORIG_RAX: 0000000000000101
00037 RAX: ffffffffffffffda RBX: 0000000000000941 RCX: 00007fd27c51b1a5
00037 RDX: 0000000000000941 RSI: 00007ffde22f587f RDI: 00000000ffffff9c
00037 RBP: 00007ffde22f4c80 R08: 00000000ffffffff R09: 0000000000000000
00037 R10: 00000000000001b6 R11: 0000000000000202 R12: 00007ffde22f587f
00037 R13: 00007fd27c603248 R14: 0000000000000000 R15: 0000000000000001
00037  </TASK>
00037 ---[ end trace 0000000000000000 ]---
00037 ------------[ cut here ]------------
00037 WARNING: /home/ktest/git/linux/include/linux/fs.h:889 at ll_iget+0x592/0x850 [lustre], CPU#0: rm/3046
00037 Modules linked in: ofd(O) osp(O) mdd(O) lod(O) mdt(O) lquota(O) lfsck(O) mgs(O) osd_wbcfs(O) lustre(O) obdecho(O) mgc(O) mdc(O) lov(O) osc(O) lmv(O) ec(O) fid(O) fld(O) ptlrpc(O) efivarfs obdclass(O) ksocklnd(O) lnet(O) libcfs(O)
00037 CPU: 0 UID: 0 PID: 3046 Comm: rm Tainted: G        W  O        7.0.0-ktest-bf7747f-6330a45-20260814-dirty #1 PREEMPT 
00037 Tainted: [W]=WARN, [O]=OOT_MODULE
00037 Hardware name: QEMU Standard PC (Q35 + ICH9, 2009), BIOS 2025.11-3ubuntu7 03/31/2026
00037 RIP: 0010:ll_iget+0x592/0x850 [lustre]
00037 Code: 48 c7 c6 40 52 76 a1 48 c7 c2 80 52 76 a1 e8 45 76 d4 fe 48 c7 c7 80 d7 a6 a1 e8 39 06 d5 fe 48 89 df 4c 89 fe e9 34 fb ff ff <0f> 0b e9 89 fb ff ff 0f 0b e9 f0 fc ff ff 48 c7 c1 80 44 5d a0 80
00037 RSP: 0018:ffffc9000941fa38 EFLAGS: 00010246
00037 RAX: 0000000000000000 RBX: ffff88802e462c00 RCX: 0000000000000046
00037 RDX: 0000000000000000 RSI: ffff88802e462c90 RDI: ffff8881382c4b18
00037 RBP: ffff888045323000 R08: ffffffff83a16803 R09: 1ffffffff0742d00
00037 R10: dffffc0000000000 R11: fffffbfff0742d01 R12: dffffc0000000000
00037 R13: dffffc0000000000 R14: ffffc9000941faf0 R15: 0000000200000402
00037 FS:  00007fdaa4d27740(0000) GS:ffff8881d4a2a000(0000) knlGS:0000000000000000
00037 CS:  0010 DS: 0000 ES: 0000 CR0: 0000000080050033
00037 CR2: 00007fdaa4c26000 CR3: 000000002eb7a000 CR4: 0000000000750eb0
00037 PKRU: 55555554
00037 Call Trace:
00037  <TASK>
00037  ll_prep_inode+0x682/0x1310 [lustre]
00037  ? lustre_swab_barrier_lvb+0xd0/0xd0 [ptlrpc]
00037  ll_lookup_it+0x168c/0x4650 [lustre]
00037  ? __alloc_tagging_slab_alloc_hook+0x136/0x190
00037  ll_lookup_nd+0x2a7/0x4f0 [lustre]
00037  lookup_one_qstr_excl+0x198/0x2a0
00037  filename_unlinkat+0x15e/0x410
00037  __x64_sys_unlinkat+0xa8/0x170
00037  do_syscall_64+0xc1/0x350
00037  entry_SYSCALL_64_after_hwframe+0x4b/0x53
00037 RIP: 0033:0x7fdaa4b1c46b
00037 Code: 77 05 c3 0f 1f 40 00 48 8b 15 a9 69 0e 00 f7 d8 64 89 02 b8 ff ff ff ff c3 66 0f 1f 44 00 00 f3 0f 1e fa b8 07 01 00 00 0f 05 <48> 3d 01 f0 ff ff 73 01 c3 48 8b 0d 7d 69 0e 00 f7 d8 64 89 01 48
00037 RSP: 002b:00007ffc735a8d68 EFLAGS: 00000246 ORIG_RAX: 0000000000000107
00037 RAX: ffffffffffffffda RBX: 0000564c19807890 RCX: 00007fdaa4b1c46b
00037 RDX: 0000000000000000 RSI: 0000564c19807990 RDI: 0000000000000004
00037 RBP: 00007ffc735a8e40 R08: 0000564c198092f0 R09: 00007ffc735a8e9c
00037 R10: 000000000000001a R11: 0000000000000246 R12: 0000564c198075c0
00037 R13: 0000000000000000 R14: 00007ffc735a8ea0 R15: 0000000000000000
00037  </TASK>
00037 ---[ end trace 0000000000000000 ]---
00037 ------------[ cut here ]------------
00037 WARNING: /home/ktest/git/linux/include/linux/fs.h:889 at ll_iget+0x599/0x850 [lustre], CPU#0: rm/3046
00037 Modules linked in: ofd(O) osp(O) mdd(O) lod(O) mdt(O) lquota(O) lfsck(O) mgs(O) osd_wbcfs(O) lustre(O) obdecho(O) mgc(O) mdc(O) lov(O) osc(O) lmv(O) ec(O) fid(O) fld(O) ptlrpc(O) efivarfs obdclass(O) ksocklnd(O) lnet(O) libcfs(O)
00037 CPU: 0 UID: 0 PID: 3046 Comm: rm Tainted: G        W  O        7.0.0-ktest-bf7747f-6330a45-20260814-dirty #1 PREEMPT 
00037 Tainted: [W]=WARN, [O]=OOT_MODULE
00037 Hardware name: QEMU Standard PC (Q35 + ICH9, 2009), BIOS 2025.11-3ubuntu7 03/31/2026
00037 RIP: 0010:ll_iget+0x599/0x850 [lustre]
00037 Code: 48 c7 c2 80 52 76 a1 e8 45 76 d4 fe 48 c7 c7 80 d7 a6 a1 e8 39 06 d5 fe 48 89 df 4c 89 fe e9 34 fb ff ff 0f 0b e9 89 fb ff ff <0f> 0b e9 f0 fc ff ff 48 c7 c1 80 44 5d a0 80 e1 07 80 c1 03 38 c1
00037 RSP: 0018:ffffc9000941fa38 EFLAGS: 00010246
00037 RAX: 0000000000000000 RBX: ffff88802e462c00 RCX: 0000000000000046
00037 RDX: 0000000000000000 RSI: ffff88802e462c90 RDI: ffff8881382c4b18
00037 RBP: ffff888045323000 R08: ffffffff83a16803 R09: 1ffffffff0742d00
00037 R10: dffffc0000000000 R11: fffffbfff0742d01 R12: dffffc0000000000
00037 R13: 1ffff11005c8c599 R14: ffffc9000941faf0 R15: ffff88802e462cc8
00037 FS:  00007fdaa4d27740(0000) GS:ffff8881d4a2a000(0000) knlGS:0000000000000000
00037 CS:  0010 DS: 0000 ES: 0000 CR0: 0000000080050033
00037 CR2: 00007fdaa4c26000 CR3: 000000002eb7a000 CR4: 0000000000750eb0
00037 PKRU: 55555554
00037 Call Trace:
00037  <TASK>
00037  ll_prep_inode+0x682/0x1310 [lustre]
00037  ? lustre_swab_barrier_lvb+0xd0/0xd0 [ptlrpc]
00037  ll_lookup_it+0x168c/0x4650 [lustre]
00037  ? __alloc_tagging_slab_alloc_hook+0x136/0x190
00037  ll_lookup_nd+0x2a7/0x4f0 [lustre]
00037  lookup_one_qstr_excl+0x198/0x2a0
00037  filename_unlinkat+0x15e/0x410
00037  __x64_sys_unlinkat+0xa8/0x170
00037  do_syscall_64+0xc1/0x350
00037  entry_SYSCALL_64_after_hwframe+0x4b/0x53
00037 RIP: 0033:0x7fdaa4b1c46b
00037 Code: 77 05 c3 0f 1f 40 00 48 8b 15 a9 69 0e 00 f7 d8 64 89 02 b8 ff ff ff ff c3 66 0f 1f 44 00 00 f3 0f 1e fa b8 07 01 00 00 0f 05 <48> 3d 01 f0 ff ff 73 01 c3 48 8b 0d 7d 69 0e 00 f7 d8 64 89 01 48
00037 RSP: 002b:00007ffc735a8d68 EFLAGS: 00000246 ORIG_RAX: 0000000000000107
00037 RAX: ffffffffffffffda RBX: 0000564c19807890 RCX: 00007fdaa4b1c46b
00037 RDX: 0000000000000000 RSI: 0000564c19807990 RDI: 0000000000000004
00037 RBP: 00007ffc735a8e40 R08: 0000564c198092f0 R09: 00007ffc735a8e9c
00037 R10: 000000000000001a R11: 0000000000000246 R12: 0000564c198075c0
00037 R13: 0000000000000000 R14: 00007ffc735a8ea0 R15: 0000000000000000
00037  </TASK>
00037 ---[ end trace 0000000000000000 ]---
00037 preparing for tests involving mounts
00037 mke2fs 1.47.0 (5-Feb-2023)
00037 
00037 Filesystem too small for a journal
00037 
00037 debug=all
00037 
00037 == sanity test 17d: symlinks: create dangling ============ 02:52:05 (1786675925)
00037 Lustre: DEBUG MARKER: == sanity test 17d: symlinks: create dangling ============ 02:52:05 (1786675925)
00037 ------------[ cut here ]------------
00037 ------------[ cut here ]------------
00037 WARNING: /home/ktest/git/linux/include/linux/fs.h:889 at osd_create+0x9cf/0xcf0 [osd_wbcfs], CPU#0: mdt00_001/1729
00037 WARNING: /home/ktest/git/linux/include/linux/fs.h:889 at osd_create+0x9cf/0xcf0 [osd_wbcfs], CPU#1: mdt_out00_002/1767
00037 Modules linked in:
00037 Modules linked in:
00037  ofd(O)
00037  ofd(O)
00037  osp(O)
00037  osp(O)
00037  mdd(O)
00037  mdd(O)
00037  lod(O)
00037  lod(O)
00037  mdt(O)
00037  mdt(O)
00037  lquota(O)
00037  lquota(O)
00037  lfsck(O)
00037  lfsck(O) mgs(O)
00037  mgs(O)
00037  osd_wbcfs(O) lustre(O)
00037  osd_wbcfs(O)
00037  obdecho(O)
00037  lustre(O)
00037  mgc(O)
00037  obdecho(O)
00037  mdc(O)
00037  mgc(O)
00037  lov(O) osc(O)
00037  mdc(O)
00037  lmv(O)
00037  lov(O)
00037  ec(O)
00037  osc(O)
00037  fid(O)
00037  lmv(O)
00037  fld(O)
00037  ec(O)
00037  ptlrpc(O)
00037  fid(O)
00037  efivarfs obdclass(O)
00037  fld(O)
00037  ksocklnd(O)
00037  ptlrpc(O)
00037  lnet(O)
00037  efivarfs
00037  libcfs(O)
00037  obdclass(O)
00037 
00037  ksocklnd(O)
00037 CPU: 1 UID: 0 PID: 1767 Comm: mdt_out00_002 Tainted: G        W  O        7.0.0-ktest-bf7747f-6330a45-20260814-dirty #1 PREEMPT 
00037  lnet(O)
00037 Tainted: [W]=WARN, [O]=OOT_MODULE
00037  libcfs(O)
00037 Hardware name: QEMU Standard PC (Q35 + ICH9, 2009), BIOS 2025.11-3ubuntu7 03/31/2026
00037 
00037 RIP: 0010:osd_create+0x9cf/0xcf0 [osd_wbcfs]
00037 CPU: 0 UID: 0 PID: 1729 Comm: mdt00_001 Tainted: G        W  O        7.0.0-ktest-bf7747f-6330a45-20260814-dirty #1 PREEMPT 
00037 Code: c7 c7 00 96 7b a1 48 c7 c6 a0 12 7d a1 48 c7 c2 00 1c 7d a1 e8 52 f1 43 ff 48 c7 c7 00 96 7b a1 e8 46 81 44 ff e9 fe fc ff ff <0f> 0b e9 a5 fa ff ff 48 c7 c1 80 44 5d a0 80 e1 07 80 c1 03 38 c1
00037 Tainted: [W]=WARN, [O]=OOT_MODULE
00037 RSP: 0018:ffffc90001adf7f8 EFLAGS: 00010246
00037 Hardware name: QEMU Standard PC (Q35 + ICH9, 2009), BIOS 2025.11-3ubuntu7 03/31/2026
00037 
00037 RIP: 0010:osd_create+0x9cf/0xcf0 [osd_wbcfs]
00037 RAX: 0000000000000000 RBX: ffff888073fbfc00 RCX: 0000000000000046
00037 Code: c7 c7 00 96 7b a1 48 c7 c6 a0 12 7d a1 48 c7 c2 00 1c 7d a1 e8 52 f1 43 ff 48 c7 c7 00 96 7b a1 e8 46 81 44 ff e9 fe fc ff ff <0f> 0b e9 a5 fa ff ff 48 c7 c1 80 44 5d a0 80 e1 07 80 c1 03 38 c1
00037 RDX: 0000000000000000 RSI: ffff88802ead7b68 RDI: ffff88802ddf8998
00037 RSP: 0018:ffffc900013575a8 EFLAGS: 00010246
00037 RBP: ffff88802ead7ad8 R08: ffff8881097ae8c3 R09: 1ffff110212f5d18
00037 
00037 R10: dffffc0000000000 R11: ffffed10212f5d19 R12: ffff88802c5c2230
00037 RAX: 0000000000000000 RBX: ffff888100afa400 RCX: 0000000000000046
00037 R13: dffffc0000000000 R14: 1ffff1100e7f7f80 R15: 1ffff110058b8458
00037 RDX: 0000000000000000 RSI: ffff88802c301100 RDI: ffff888135f9aa58
00037 FS:  0000000000000000(0000) GS:ffff8881d4aaa000(0000) knlGS:0000000000000000
00037 RBP: ffff88802c301070 R08: ffff8881097ae803 R09: 1ffff110212f5d00
00037 CS:  0010 DS: 0000 ES: 0000 CR0: 0000000080050033
00037 R10: dffffc0000000000 R11: ffffed10212f5d01 R12: ffff8881376dc2c8
00037 CR2: 00007f27062ee200 CR3: 0000000004274000 CR4: 0000000000750eb0
00037 R13: dffffc0000000000 R14: 1ffff1102015f480 R15: 1ffff110089b5ac8
00037 PKRU: 55555554
00037 FS:  0000000000000000(0000) GS:ffff8881d4a2a000(0000) knlGS:0000000000000000
00037 Call Trace:
00037 CS:  0010 DS: 0000 ES: 0000 CR0: 0000000080050033
00037  <TASK>
00037 CR2: 00007feee7c8cb68 CR3: 0000000004274000 CR4: 0000000000750eb0
00037  ? out_tx_create_exec+0x277/0x7a0 [ptlrpc]
00037 PKRU: 55555554
00037 Call Trace:
00037  <TASK>
00037  ? lod_sub_create+0x168a/0x1940 [lod]
00037  ? lod_create+0x10d/0x720 [lod]
00037  ? tx_add_exec+0xd70/0xd70 [ptlrpc]
00037  ? mdd_create_object_internal+0x18f/0x320 [mdd]
00037  ? out_tx_end+0x3e3/0x1190 [ptlrpc]
00037  ? mdd_create_object+0xab/0x1ce0 [mdd]
00037  ? mdd_create+0x202b/0x4110 [mdd]
00037  ? mdt_reint_create+0x2761/0x4e70 [mdt]
00037  ? out_handle+0x5286/0x6240 [ptlrpc]
00037  ? mdt_reint_rec+0x10f/0x530 [mdt]
00037  ? tgt_request_handle+0x23ad/0x3d30 [ptlrpc]
00037  ? mdt_reint_internal+0x9d5/0x11a0 [mdt]
00037  ? tsi2mdt_info+0x319/0x520 [mdt]
00037  ? ptlrpc_main+0x6359/0x96f0 [ptlrpc]
00037  ? mdt_reint+0x115/0x270 [mdt]
00037  ? __kthread_parkme+0x73/0x130
00037  ? tgt_request_handle+0x23ad/0x3d30 [ptlrpc]
00037  ? kthread+0x2cd/0x3a0
00037  ? ptlrpc_start_thread+0x1f10/0x1f10 [ptlrpc]
00037  ? kthread_unuse_mm+0x130/0x130
00037  ? ptlrpc_main+0x6359/0x96f0 [ptlrpc]
00037  ? ret_from_fork+0x18c/0x520
00037  ? kthread_unuse_mm+0x130/0x130
00037  ? ret_from_fork_asm+0x11/0x20
00037  </TASK>
00037 ---[ end trace 0000000000000000 ]---
00037  ? __kthread_parkme+0x73/0x130
00037  ? kthread+0x2cd/0x3a0
00037  ? ptlrpc_start_thread+0x1f10/0x1f10 [ptlrpc]
00037  ? kthread_unuse_mm+0x130/0x130
00037  ? ret_from_fork+0x18c/0x520
00037  ? kthread_unuse_mm+0x130/0x130
00037  ? ret_from_fork_asm+0x11/0x20
00037  </TASK>
00037 ---[ end trace 0000000000000000 ]---
00037 ------------[ cut here ]------------
00037 WARNING: /home/ktest/git/linux/include/linux/fs.h:889 at osd_create+0x9cf/0xcf0 [osd_wbcfs], CPU#2: mdt_out00_000/1733
00037 ------------[ cut here ]------------
00037 Modules linked in:
00037 WARNING: /home/ktest/git/linux/include/linux/fs.h:889 at osd_create+0x9cf/0xcf0 [osd_wbcfs], CPU#0: mdt00_001/1729
00037  ofd(O)
00037 Modules linked in: ofd(O) osp(O) mdd(O) lod(O) mdt(O) lquota(O) lfsck(O) mgs(O) osd_wbcfs(O) lustre(O) obdecho(O) mgc(O) mdc(O)
00037  osp(O)
00037  lov(O)
00037  mdd(O)
00037  osc(O) lmv(O) ec(O) fid(O) fld(O) ptlrpc(O) efivarfs obdclass(O) ksocklnd(O)
00037  lod(O)
00037  lnet(O) libcfs(O)
00037 CPU: 0 UID: 0 PID: 1729 Comm: mdt00_001 Tainted: G        W  O        7.0.0-ktest-bf7747f-6330a45-20260814-dirty #1 PREEMPT 
00037  mdt(O)
00037 Tainted: [W]=WARN, [O]=OOT_MODULE
00037 Hardware name: QEMU Standard PC (Q35 + ICH9, 2009), BIOS 2025.11-3ubuntu7 03/31/2026
00037 RIP: 0010:osd_create+0x9cf/0xcf0 [osd_wbcfs]
00037  lquota(O)
00037 Code: c7 c7 00 96 7b a1 48 c7 c6 a0 12 7d a1 48 c7 c2 00 1c 7d a1 e8 52 f1 43 ff 48 c7 c7 00 96 7b a1 e8 46 81 44 ff e9 fe fc ff ff <0f> 0b e9 a5 fa ff ff 48 c7 c1 80 44 5d a0 80 e1 07 80 c1 03 38 c1
00037 RSP: 0018:ffffc90001357370 EFLAGS: 00010246
00037 RAX: 0000000000000000 RBX: ffff8881196af000 RCX: 0000000000000046
00037 RDX: 0000000000000000 RSI: ffff88802c3009e8 RDI: ffff888135f9aa80
00037  lfsck(O)
00037 RBP: ffff88802c300958 R08: ffff8881097ae803 R09: 1ffff110212f5d00
00037 R10: dffffc0000000000 R11: ffffed10212f5d01 R12: ffff888119b73800
00037 R13: dffffc0000000000 R14: 1ffff110232d5e00 R15: 1ffff1102336e70f
00037 FS:  0000000000000000(0000) GS:ffff8881d4a2a000(0000) knlGS:0000000000000000
00037  mgs(O)
00037 CS:  0010 DS: 0000 ES: 0000 CR0: 0000000080050033
00037 CR2: 00007feee7c8cb68 CR3: 0000000004274000 CR4: 0000000000750eb0
00037 PKRU: 55555554
00037 Call Trace:
00037  <TASK>
00037  osd_wbcfs(O)
00037  ? llog_osd_create+0x605/0x10d0 [obdclass]
00037  lustre(O)
00037  ? llog_create+0x2ed/0x530 [obdclass]
00037  obdecho(O)
00037  ? llog_cat_new_log+0x6d1/0x2970 [obdclass]
00037  ? llog_cat_add_rec+0x6ba/0x1960 [obdclass]
00037  mgc(O)
00037  ? llog_add+0x2cb/0x470 [obdclass]
00037  mdc(O)
00037  ? sub_updates_write+0x1444/0x49d0 [ptlrpc]
00037  lov(O) osc(O) lmv(O) ec(O) fid(O) fld(O) ptlrpc(O) efivarfs obdclass(O) ksocklnd(O) lnet(O) libcfs(O)
00037  ? prepare_writing_updates+0x256b/0x27c0 [ptlrpc]
00037 CPU: 2 UID: 0 PID: 1733 Comm: mdt_out00_000 Tainted: G        W  O        7.0.0-ktest-bf7747f-6330a45-20260814-dirty #1 PREEMPT 
00037 Tainted: [W]=WARN, [O]=OOT_MODULE
00037 Hardware name: QEMU Standard PC (Q35 + ICH9, 2009), BIOS 2025.11-3ubuntu7 03/31/2026
00037 RIP: 0010:osd_create+0x9cf/0xcf0 [osd_wbcfs]
00037 Code: c7 c7 00 96 7b a1 48 c7 c6 a0 12 7d a1 48 c7 c2 00 1c 7d a1 e8 52 f1 43 ff 48 c7 c7 00 96 7b a1 e8 46 81 44 ff e9 fe fc ff ff <0f> 0b e9 a5 fa ff ff 48 c7 c1 80 44 5d a0 80 e1 07 80 c1 03 38 c1
00037 RSP: 0018:ffffc900013977f8 EFLAGS: 00010246
00037  ? top_trans_stop+0x5f4/0x1bf0 [ptlrpc]
00037  ? mdd_trans_stop+0xa5/0x320 [mdd]
00037 
00037  ? mdd_create+0x2d26/0x4110 [mdd]
00037 RAX: 0000000000000000 RBX: ffff88811cac5c00 RCX: 0000000000000046
00037  ? mdt_reint_create+0x2761/0x4e70 [mdt]
00037 RDX: 0000000000000000 RSI: ffff88802daa57f0 RDI: ffff88813614cb18
00037  ? mdt_reint_rec+0x10f/0x530 [mdt]
00037 RBP: ffff88802daa5760 R08: ffff8881097ae983 R09: 1ffff110212f5d30
00037  ? mdt_reint_internal+0x9d5/0x11a0 [mdt]
00037 R10: dffffc0000000000 R11: ffffed10212f5d31 R12: ffff88811c540c30
00037  ? tsi2mdt_info+0x319/0x520 [mdt]
00037 R13: dffffc0000000000 R14: 1ffff11023958b80 R15: 1ffff110238a8198
00037  ? mdt_reint+0x115/0x270 [mdt]
00037 FS:  0000000000000000(0000) GS:ffff8881d4b2a000(0000) knlGS:0000000000000000
00037  ? tgt_request_handle+0x23ad/0x3d30 [ptlrpc]
00037 CS:  0010 DS: 0000 ES: 0000 CR0: 0000000080050033
00037 CR2: 000055f541768670 CR3: 000000011dc75000 CR4: 0000000000750eb0
00037 PKRU: 55555554
00037 Call Trace:
00037  ? ptlrpc_main+0x6359/0x96f0 [ptlrpc]
00037  ? __kthread_parkme+0x73/0x130
00037  <TASK>
00037  ? kthread+0x2cd/0x3a0
00037  ? ptlrpc_start_thread+0x1f10/0x1f10 [ptlrpc]
00037  ? out_tx_create_exec+0x277/0x7a0 [ptlrpc]
00037  ? kthread_unuse_mm+0x130/0x130
00037  ? ret_from_fork+0x18c/0x520
00037  ? kthread_unuse_mm+0x130/0x130
00037  ? ret_from_fork_asm+0x11/0x20
00037  ? tx_add_exec+0xd70/0xd70 [ptlrpc]
00037  </TASK>
00037 ---[ end trace 0000000000000000 ]---
00037  ? out_tx_end+0x3e3/0x1190 [ptlrpc]
00037  ? out_handle+0x5286/0x6240 [ptlrpc]
00037  ? tgt_request_handle+0x23ad/0x3d30 [ptlrpc]
00037  ? ptlrpc_main+0x6359/0x96f0 [ptlrpc]
00037  ? __kthread_parkme+0x73/0x130
00037  ? kthread+0x2cd/0x3a0
00037  ? ptlrpc_start_thread+0x1f10/0x1f10 [ptlrpc]
00037  ? kthread_unuse_mm+0x130/0x130
00037  ? ret_from_fork+0x18c/0x520
00037  ? kthread_unuse_mm+0x130/0x130
00037  ? ret_from_fork_asm+0x11/0x20
00037  </TASK>
00037 ---[ end trace 0000000000000000 ]---
00037 LustreError: 1734:0:(osd_dirent.c:113:osd_index_dir_insert()) lustre-MDT0000: lookup [0x240000402:0x1:0x0] from icache failed: rc=-22
00037 Lustre: 1734:0:(out_handler.c:886:out_tx_end()) lustre-MDT0000-osd: error during execution of #0 from lustre/ptlrpc/../target/out_handler.c:535: rc = -22
00037 mkdir: cannot create directory '/mnt/lustre/d17d.sanity': Invalid argument
00037  sanity test_17d: @@@@@@ FAIL: mkdir '/mnt/lustre/d17d.sanity' failed 
00037 Lustre: DEBUG MARKER: sanity test_17d: @@@@@@ FAIL: mkdir '/mnt/lustre/d17d.sanity' failed
00037   Trace dump:
00037   = /host/home/ktest/git/lustre-release/lustre/tests/test-framework.sh:7447:error()
00037   = /host/home/ktest/git/lustre-release/lustre/tests/test-framework.sh:10495:test_mkdir()
00037   = /host/home/ktest/git/lustre-release/lustre/tests/sanity.sh:638:test_17d()
00037   = /host/home/ktest/git/lustre-release/lustre/tests/test-framework.sh:7823:run_one()
00037   = /host/home/ktest/git/lustre-release/lustre/tests/test-framework.sh:7886:run_one_logged()
00037   = /host/home/ktest/git/lustre-release/lustre/tests/test-framework.sh:7686:run_test()
00037   = /host/home/ktest/git/lustre-release/lustre/tests/sanity.sh:642:main()
00037 Dumping lctl log to /tmp/test_logs/2026-08-14/025155/sanity.test_17d.*.1786675925.log
00037 Dumping logs only on local client.
00038 FAIL 17d (1s)
00038 
00038 == sanity test 17e: symlinks: create recursive symlink (should return error) ========================================================== 02:52:06 (1786675926)
00038 Lustre: DEBUG MARKER: == sanity test 17e: symlinks: create recursive symlink (should return error) ========================================================== 02:52:06 (1786675926)
00038 ------------[ cut here ]------------
00038 WARNING: /home/ktest/git/linux/include/linux/fs.h:889 at osd_create+0x9cf/0xcf0 [osd_wbcfs], CPU#3: mdt00_003/1807
00038 Modules linked in: ofd(O) osp(O) mdd(O) lod(O) mdt(O) lquota(O) lfsck(O) mgs(O) osd_wbcfs(O) lustre(O) obdecho(O) mgc(O) mdc(O) lov(O) osc(O) lmv(O) ec(O) fid(O) fld(O) ptlrpc(O) efivarfs obdclass(O) ksocklnd(O) lnet(O) libcfs(O)
00038 CPU: 3 UID: 0 PID: 1807 Comm: mdt00_003 Tainted: G        W  O        7.0.0-ktest-bf7747f-6330a45-20260814-dirty #1 PREEMPT 
00038 Tainted: [W]=WARN, [O]=OOT_MODULE
00038 Hardware name: QEMU Standard PC (Q35 + ICH9, 2009), BIOS 2025.11-3ubuntu7 03/31/2026
00038 RIP: 0010:osd_create+0x9cf/0xcf0 [osd_wbcfs]
00038 Code: c7 c7 00 96 7b a1 48 c7 c6 a0 12 7d a1 48 c7 c2 00 1c 7d a1 e8 52 f1 43 ff 48 c7 c7 00 96 7b a1 e8 46 81 44 ff e9 fe fc ff ff <0f> 0b e9 a5 fa ff ff 48 c7 c1 80 44 5d a0 80 e1 07 80 c1 03 38 c1
00038 RSP: 0018:ffffc90004a7f5a8 EFLAGS: 00010246
00038 RAX: 0000000000000000 RBX: ffff8881197bd800 RCX: 0000000000000046
00038 RDX: 0000000000000000 RSI: ffff88802da97b68 RDI: ffff888045344b18
00038 RBP: ffff88802da97ad8 R08: ffff8881097aea43 R09: 1ffff110212f5d48
00038 R10: dffffc0000000000 R11: ffffed10212f5d49 R12: ffff88802ed042c8
00038 R13: dffffc0000000000 R14: 1ffff110232f7b00 R15: 1ffff11005f082c8
00038 FS:  0000000000000000(0000) GS:ffff8881d4baa000(0000) knlGS:0000000000000000
00038 CS:  0010 DS: 0000 ES: 0000 CR0: 0000000080050033
00038 CR2: 000055f5416f0b60 CR3: 000000003a6e2000 CR4: 0000000000750eb0
00038 PKRU: 55555554
00038 Call Trace:
00038  <TASK>
00038  ? lod_sub_create+0x168a/0x1940 [lod]
00038  ? dt_write_lock+0x16d/0x2a0 [obdclass]
00038  ? lod_create+0x10d/0x720 [lod]
00038  ? mdd_create_object_internal+0x18f/0x320 [mdd]
00038  ? mdd_create_object+0xab/0x1ce0 [mdd]
00038  ? mdd_create+0x202b/0x4110 [mdd]
00038  ? mdt_reint_create+0x2761/0x4e70 [mdt]
00038  ? mdt_reint_rec+0x10f/0x530 [mdt]
00038  ? mdt_reint_internal+0x9d5/0x11a0 [mdt]
00038  ? tsi2mdt_info+0x319/0x520 [mdt]
00038  ? mdt_reint+0x115/0x270 [mdt]
00038  ? tgt_request_handle+0x23ad/0x3d30 [ptlrpc]
00038  ? ptlrpc_main+0x6359/0x96f0 [ptlrpc]
00038  ? __kthread_parkme+0x73/0x130
00038  ? kthread+0x2cd/0x3a0
00038  ? ptlrpc_start_thread+0x1f10/0x1f10 [ptlrpc]
00038  ? kthread_unuse_mm+0x130/0x130
00038  ? ret_from_fork+0x18c/0x520
00038  ? kthread_unuse_mm+0x130/0x130
00038  ? ret_from_fork_asm+0x11/0x20
00038  </TASK>
00038 ---[ end trace 0000000000000000 ]---
00038 ------------[ cut here ]------------
00038 WARNING: /home/ktest/git/linux/include/linux/fs.h:889 at ll_iget+0x592/0x850 [lustre], CPU#1: mkdir/3206
00038 Modules linked in: ofd(O) osp(O) mdd(O) lod(O) mdt(O) lquota(O) lfsck(O) mgs(O) osd_wbcfs(O) lustre(O) obdecho(O) mgc(O) mdc(O) lov(O) osc(O) lmv(O) ec(O) fid(O) fld(O) ptlrpc(O) efivarfs obdclass(O) ksocklnd(O) lnet(O) libcfs(O)
00038 CPU: 1 UID: 0 PID: 3206 Comm: mkdir Tainted: G        W  O        7.0.0-ktest-bf7747f-6330a45-20260814-dirty #1 PREEMPT 
00038 Tainted: [W]=WARN, [O]=OOT_MODULE
00038 Hardware name: QEMU Standard PC (Q35 + ICH9, 2009), BIOS 2025.11-3ubuntu7 03/31/2026
00038 RIP: 0010:ll_iget+0x592/0x850 [lustre]
00038 Code: 48 c7 c6 40 52 76 a1 48 c7 c2 80 52 76 a1 e8 45 76 d4 fe 48 c7 c7 80 d7 a6 a1 e8 39 06 d5 fe 48 89 df 4c 89 fe e9 34 fb ff ff <0f> 0b e9 89 fb ff ff 0f 0b e9 f0 fc ff ff 48 c7 c1 80 44 5d a0 80
00038 RSP: 0018:ffffc9000984f9f0 EFLAGS: 00010246
00038 RAX: 0000000000000000 RBX: ffff88802e461dc0 RCX: 0000000000000046
00038 RDX: 0000000000000000 RSI: ffff88802e461e50 RDI: ffff88801c25aa58
00038 RBP: ffff888045323000 R08: ffff88802ecf2883 R09: 1ffff11005d9e510
00038 R10: dffffc0000000000 R11: ffffed1005d9e511 R12: dffffc0000000000
00038 R13: dffffc0000000000 R14: ffffc9000984faa8 R15: 0200000402000003
00038 FS:  00007f5785e9fd00(0000) GS:ffff8881d4aaa000(0000) knlGS:0000000000000000
00038 CS:  0010 DS: 0000 ES: 0000 CR0: 0000000080050033
00038 CR2: 00007f5785cf59d0 CR3: 000000002efe7000 CR4: 0000000000750eb0
00038 PKRU: 55555554
00038 Call Trace:
00038  <TASK>
00038  ll_prep_inode+0x682/0x1310 [lustre]
00038  ll_new_node_finish+0x179/0x930 [lustre]
00038  ll_new_node+0xd7f/0x1740 [lustre]
00038  ll_mkdir+0x44e/0xf10 [lustre]
00038  vfs_mkdir+0x3c0/0x630
00038  filename_mkdirat+0x14c/0x300
00038  __x64_sys_mkdir+0x74/0x140
00038  do_syscall_64+0xc1/0x350
00038  entry_SYSCALL_64_after_hwframe+0x4b/0x53
00038 RIP: 0033:0x7f5785d1b05b
00038 Code: 0f 1e fa 48 89 f2 b9 00 01 00 00 48 89 fe bf 9c ff ff ff e9 97 c3 ff ff 0f 1f 80 00 00 00 00 f3 0f 1e fa b8 53 00 00 00 0f 05 <48> 3d 00 f0 ff ff 77 05 c3 0f 1f 40 00 48 8b 15 89 7d 0e 00 f7 d8
00038 RSP: 002b:00007fff326c7048 EFLAGS: 00000246 ORIG_RAX: 0000000000000053
00038 RAX: ffffffffffffffda RBX: 00007fff326c9837 RCX: 00007f5785d1b05b
00038 RDX: 0000000000000000 RSI: 00000000000001ff RDI: 00007fff326c9837
00038 RBP: 00007fff326c7160 R08: 00000000000001ff R09: 0000000000000000
00038 R10: 00005558f921827e R11: 0000000000000246 R12: 00000000000001ff
00038 R13: 0000000000000000 R14: 0000000000000000 R15: 0000000000000000
00038  </TASK>
00038 ---[ end trace 0000000000000000 ]---
00038 ------------[ cut here ]------------
00038 WARNING: /home/ktest/git/linux/include/linux/fs.h:889 at ll_iget+0x592/0x850 [lustre], CPU#2: ln/3207
00038 Modules linked in: ofd(O) osp(O) mdd(O) lod(O) mdt(O) lquota(O) lfsck(O) mgs(O) osd_wbcfs(O) lustre(O) obdecho(O) mgc(O) mdc(O) lov(O) osc(O) lmv(O) ec(O) fid(O) fld(O) ptlrpc(O) efivarfs obdclass(O) ksocklnd(O) lnet(O) libcfs(O)
00038 CPU: 2 UID: 0 PID: 3207 Comm: ln Tainted: G        W  O        7.0.0-ktest-bf7747f-6330a45-20260814-dirty #1 PREEMPT 
00038 Tainted: [W]=WARN, [O]=OOT_MODULE
00038 Hardware name: QEMU Standard PC (Q35 + ICH9, 2009), BIOS 2025.11-3ubuntu7 03/31/2026
00038 RIP: 0010:ll_iget+0x592/0x850 [lustre]
00038 Code: 48 c7 c6 40 52 76 a1 48 c7 c2 80 52 76 a1 e8 45 76 d4 fe 48 c7 c7 80 d7 a6 a1 e8 39 06 d5 fe 48 89 df 4c 89 fe e9 34 fb ff ff <0f> 0b e9 89 fb ff ff 0f 0b e9 f0 fc ff ff 48 c7 c1 80 44 5d a0 80
00038 RSP: 0018:ffffc9000987f748 EFLAGS: 00010246
00038 RAX: 0000000000000000 RBX: ffff88802e461dc0 RCX: 0000000000000046
00038 RDX: 0000000000000000 RSI: ffff88802e461e50 RDI: ffff8881056ccaf0
00038 RBP: ffff888045323000 R08: ffffffff83a16803 R09: 1ffffffff0742d00
00038 R10: dffffc0000000000 R11: fffffbfff0742d01 R12: dffffc0000000000
00038 R13: dffffc0000000000 R14: ffffc9000987f800 R15: 0200000402000003
00038 FS:  00007fb5e8231740(0000) GS:ffff8881d4b2a000(0000) knlGS:0000000000000000
00038 CS:  0010 DS: 0000 ES: 0000 CR0: 0000000080050033
00038 CR2: 00007fb5e80f59d0 CR3: 000000001957a000 CR4: 0000000000750eb0
00038 PKRU: 55555554
00038 Call Trace:
00038  <TASK>
00038  ll_prep_inode+0x682/0x1310 [lustre]
00038  ? lustre_swab_barrier_lvb+0xd0/0xd0 [ptlrpc]
00038  ll_lookup_it+0x168c/0x4650 [lustre]
00038  ? encode_fn_len+0xd3/0xb10 [obdclass]
00038  ll_lookup_nd+0x2a7/0x4f0 [lustre]
00038  __lookup_slow+0x1a2/0x260
00038  lookup_slow+0x53/0x70
00038  link_path_walk+0xac4/0x13d0
00038  __filename_parentat+0x1a7/0x400
00038  ? handle_mm_fault+0xefd/0x2dc0
00038  ? handle_mm_fault+0xfa8/0x2dc0
00038  filename_create+0x47/0x240
00038  filename_symlinkat+0x84/0x2c0
00038  ? do_getname+0xb3/0x190
00038  __x64_sys_symlinkat+0x9c/0x270
00038  do_syscall_64+0xc1/0x350
00038  entry_SYSCALL_64_after_hwframe+0x4b/0x53
00038 RIP: 0033:0x7fb5e811bfdb
00038 Code: 77 05 c3 0f 1f 40 00 48 8b 15 39 6e 0e 00 f7 d8 64 89 02 b8 ff ff ff ff c3 66 0f 1f 44 00 00 f3 0f 1e fa b8 0a 01 00 00 0f 05 <48> 3d 01 f0 ff ff 73 01 c3 48 8b 0d 0d 6e 0e 00 f7 d8 64 89 01 48
00038 RSP: 002b:00007ffea932de98 EFLAGS: 00000246 ORIG_RAX: 000000000000010a
00038 RAX: ffffffffffffffda RBX: 0000000000000002 RCX: 00007fb5e811bfdb
00038 RDX: 00007ffea9330831 RSI: 00000000ffffff9c RDI: 00007ffea933080d
00038 RBP: 00007ffea932dea0 R08: 00000000ffffffff R09: 0000000000000000
00038 R10: 00005584b61f1303 R11: 0000000000000246 R12: 00007ffea932e0f8
00038 R13: 00005584b61f2714 R14: 00005584b61f1301 R15: 00005584b61f4960
00038  </TASK>
00038 ---[ end trace 0000000000000000 ]---
00038 ------------[ cut here ]------------
00038 WARNING: /home/ktest/git/linux/include/linux/fs.h:889 at ll_iget+0x599/0x850 [lustre], CPU#2: ln/3207
00038 Modules linked in: ofd(O) osp(O) mdd(O) lod(O) mdt(O) lquota(O) lfsck(O) mgs(O) osd_wbcfs(O) lustre(O) obdecho(O) mgc(O) mdc(O) lov(O) osc(O) lmv(O) ec(O) fid(O) fld(O) ptlrpc(O) efivarfs obdclass(O) ksocklnd(O) lnet(O) libcfs(O)
00038 CPU: 2 UID: 0 PID: 3207 Comm: ln Tainted: G        W  O        7.0.0-ktest-bf7747f-6330a45-20260814-dirty #1 PREEMPT 
00038 Tainted: [W]=WARN, [O]=OOT_MODULE
00038 Hardware name: QEMU Standard PC (Q35 + ICH9, 2009), BIOS 2025.11-3ubuntu7 03/31/2026
00038 RIP: 0010:ll_iget+0x599/0x850 [lustre]
00038 Code: 48 c7 c2 80 52 76 a1 e8 45 76 d4 fe 48 c7 c7 80 d7 a6 a1 e8 39 06 d5 fe 48 89 df 4c 89 fe e9 34 fb ff ff 0f 0b e9 89 fb ff ff <0f> 0b e9 f0 fc ff ff 48 c7 c1 80 44 5d a0 80 e1 07 80 c1 03 38 c1
00038 RSP: 0018:ffffc9000987f748 EFLAGS: 00010246
00038 RAX: 0000000000000000 RBX: ffff88802e461dc0 RCX: 0000000000000046
00038 RDX: 0000000000000000 RSI: ffff88802e461e50 RDI: ffff8881056ccaf0
00038 RBP: ffff888045323000 R08: ffffffff83a16803 R09: 1ffffffff0742d00
00038 R10: dffffc0000000000 R11: fffffbfff0742d01 R12: dffffc0000000000
00038 R13: 1ffff11005c8c3d1 R14: ffffc9000987f800 R15: ffff88802e461e88
00038 FS:  00007fb5e8231740(0000) GS:ffff8881d4b2a000(0000) knlGS:0000000000000000
00038 CS:  0010 DS: 0000 ES: 0000 CR0: 0000000080050033
00038 CR2: 00007fb5e80f59d0 CR3: 000000001957a000 CR4: 0000000000750eb0
00038 PKRU: 55555554
00038 Call Trace:
00038  <TASK>
00038  ll_prep_inode+0x682/0x1310 [lustre]
00038  ? lustre_swab_barrier_lvb+0xd0/0xd0 [ptlrpc]
00038  ll_lookup_it+0x168c/0x4650 [lustre]
00038  ? encode_fn_len+0xd3/0xb10 [obdclass]
00038  ll_lookup_nd+0x2a7/0x4f0 [lustre]
00038  __lookup_slow+0x1a2/0x260
00038  lookup_slow+0x53/0x70
00038  link_path_walk+0xac4/0x13d0
00038  __filename_parentat+0x1a7/0x400
00038  ? handle_mm_fault+0xefd/0x2dc0
00038  ? handle_mm_fault+0xfa8/0x2dc0
00038  filename_create+0x47/0x240
00038  filename_symlinkat+0x84/0x2c0
00038  ? do_getname+0xb3/0x190
00038  __x64_sys_symlinkat+0x9c/0x270
00038  do_syscall_64+0xc1/0x350
00038  entry_SYSCALL_64_after_hwframe+0x4b/0x53
00038 RIP: 0033:0x7fb5e811bfdb
00038 Code: 77 05 c3 0f 1f 40 00 48 8b 15 39 6e 0e 00 f7 d8 64 89 02 b8 ff ff ff ff c3 66 0f 1f 44 00 00 f3 0f 1e fa b8 0a 01 00 00 0f 05 <48> 3d 01 f0 ff ff 73 01 c3 48 8b 0d 0d 6e 0e 00 f7 d8 64 89 01 48
00038 RSP: 002b:00007ffea932de98 EFLAGS: 00000246 ORIG_RAX: 000000000000010a
00038 RAX: ffffffffffffffda RBX: 0000000000000002 RCX: 00007fb5e811bfdb
00038 RDX: 00007ffea9330831 RSI: 00000000ffffff9c RDI: 00007ffea933080d
00038 RBP: 00007ffea932dea0 R08: 00000000ffffffff R09: 0000000000000000
00038 R10: 00005584b61f1303 R11: 0000000000000246 R12: 00007ffea932e0f8
00038 R13: 00005584b61f2714 R14: 00005584b61f1301 R15: 00005584b61f4960
00038  </TASK>
00038 ---[ end trace 0000000000000000 ]---
00038 ln: failed to create symbolic link '/mnt/lustre/d17e.sanity/f17e.sanity': Operation not supported
00038  sanity test_17e: @@@@@@ FAIL: create symlink failed 
00038 Lustre: DEBUG MARKER: sanity test_17e: @@@@@@ FAIL: create symlink failed
00038   Trace dump:
00038   = /host/home/ktest/git/lustre-release/lustre/tests/test-framework.sh:7447:error()
00038   = /host/home/ktest/git/lustre-release/lustre/tests/sanity.sh:647:test_17e()
00038   = /host/home/ktest/git/lustre-release/lustre/tests/test-framework.sh:7823:run_one()
00038   = /host/home/ktest/git/lustre-release/lustre/tests/test-framework.sh:7886:run_one_logged()
00038   = /host/home/ktest/git/lustre-release/lustre/tests/test-framework.sh:7686:run_test()
00038   = /host/home/ktest/git/lustre-release/lustre/tests/sanity.sh:651:main()
00038 Dumping lctl log to /tmp/test_logs/2026-08-14/025155/sanity.test_17e.*.1786675926.log
00038 Dumping logs only on local client.
00039 FAIL 17e (1s)
00039 
00039 == sanity test 17f: symlinks: long and very long symlink name ========================================================== 02:52:07 (1786675927)
00039 Lustre: DEBUG MARKER: == sanity test 17f: symlinks: long and very long symlink name ========================================================== 02:52:07 (1786675927)
00039 ------------[ cut here ]------------
00039 WARNING: /home/ktest/git/linux/include/linux/fs.h:889 at osd_create+0x9cf/0xcf0 [osd_wbcfs], CPU#3: mdt00_003/1807
00039 Modules linked in: ofd(O) osp(O) mdd(O) lod(O) mdt(O) lquota(O) lfsck(O) mgs(O) osd_wbcfs(O) lustre(O) obdecho(O) mgc(O) mdc(O) lov(O) osc(O) lmv(O) ec(O) fid(O) fld(O) ptlrpc(O) efivarfs obdclass(O) ksocklnd(O) lnet(O) libcfs(O)
00039 CPU: 3 UID: 0 PID: 1807 Comm: mdt00_003 Tainted: G        W  O        7.0.0-ktest-bf7747f-6330a45-20260814-dirty #1 PREEMPT 
00039 Tainted: [W]=WARN, [O]=OOT_MODULE
00039 Hardware name: QEMU Standard PC (Q35 + ICH9, 2009), BIOS 2025.11-3ubuntu7 03/31/2026
00039 RIP: 0010:osd_create+0x9cf/0xcf0 [osd_wbcfs]
00039 Code: c7 c7 00 96 7b a1 48 c7 c6 a0 12 7d a1 48 c7 c2 00 1c 7d a1 e8 52 f1 43 ff 48 c7 c7 00 96 7b a1 e8 46 81 44 ff e9 fe fc ff ff <0f> 0b e9 a5 fa ff ff 48 c7 c1 80 44 5d a0 80 e1 07 80 c1 03 38 c1
00039 RSP: 0018:ffffc90004a7f5a8 EFLAGS: 00010246
00039 RAX: 0000000000000000 RBX: ffff88811c4d4800 RCX: 0000000000000046
00039 RDX: 0000000000000000 RSI: ffff88802da97450 RDI: ffff888045344b18
00039 RBP: ffff88802da973c0 R08: ffff8881097aea43 R09: 1ffff110212f5d48
00039 R10: dffffc0000000000 R11: ffffed10212f5d49 R12: ffff88802ed042c8
00039 R13: dffffc0000000000 R14: 1ffff1102389a900 R15: 1ffff11005f082c8
00039 FS:  0000000000000000(0000) GS:ffff8881d4baa000(0000) knlGS:0000000000000000
00039 CS:  0010 DS: 0000 ES: 0000 CR0: 0000000080050033
00039 CR2: 00007fdc94eee200 CR3: 0000000004274000 CR4: 0000000000750eb0
00039 PKRU: 55555554
00039 Call Trace:
00039  <TASK>
00039  ? lod_sub_create+0x168a/0x1940 [lod]
00039  ? lod_create+0x10d/0x720 [lod]
00039  ? mdd_create_object_internal+0x18f/0x320 [mdd]
00039  ? mdd_create_object+0xab/0x1ce0 [mdd]
00039  ? mdd_create+0x202b/0x4110 [mdd]
00039  ? mdt_reint_create+0x2761/0x4e70 [mdt]
00039  ? mdt_reint_rec+0x10f/0x530 [mdt]
00039  ? mdt_reint_internal+0x9d5/0x11a0 [mdt]
00039  ? tsi2mdt_info+0x319/0x520 [mdt]
00039  ? mdt_reint+0x115/0x270 [mdt]
00039  ? tgt_request_handle+0x23ad/0x3d30 [ptlrpc]
00039  ? ptlrpc_main+0x6359/0x96f0 [ptlrpc]
00039  ? __kthread_parkme+0x73/0x130
00039  ? kthread+0x2cd/0x3a0
00039  ? ptlrpc_start_thread+0x1f10/0x1f10 [ptlrpc]
00039  ? kthread_unuse_mm+0x130/0x130
00039  ? ret_from_fork+0x18c/0x520
00039  ? kthread_unuse_mm+0x130/0x130
00039  ? ret_from_fork_asm+0x11/0x20
00039  </TASK>
00039 ---[ end trace 0000000000000000 ]---
00039 LustreError: 1767:0:(osd_dirent.c:113:osd_index_dir_insert()) lustre-MDT0000: lookup [0x240000402:0x2:0x0] from icache failed: rc=-22
00039 Lustre: 1767:0:(out_handler.c:886:out_tx_end()) lustre-MDT0000-osd: error during execution of #0 from lustre/ptlrpc/../target/out_handler.c:535: rc = -22
00039 mkdir: cannot create directory '/mnt/lustre/d17f.sanity': Invalid argument
00039  sanity test_17f: @@@@@@ FAIL: mkdir '/mnt/lustre/d17f.sanity' failed 
00039 Lustre: DEBUG MARKER: sanity test_17f: @@@@@@ FAIL: mkdir '/mnt/lustre/d17f.sanity' failed
00039   Trace dump:
00039   = /host/home/ktest/git/lustre-release/lustre/tests/test-framework.sh:7447:error()
00039   = /host/home/ktest/git/lustre-release/lustre/tests/test-framework.sh:10495:test_mkdir()
00039   = /host/home/ktest/git/lustre-release/lustre/tests/sanity.sh:654:test_17f()
00039   = /host/home/ktest/git/lustre-release/lustre/tests/test-framework.sh:7823:run_one()
00039   = /host/home/ktest/git/lustre-release/lustre/tests/test-framework.sh:7886:run_one_logged()
00039   = /host/home/ktest/git/lustre-release/lustre/tests/test-framework.sh:7686:run_test()
00039   = /host/home/ktest/git/lustre-release/lustre/tests/sanity.sh:663:main()
00039 Dumping lctl log to /tmp/test_logs/2026-08-14/025155/sanity.test_17f.*.1786675927.log
00039 Dumping logs only on local client.
00039 FAIL 17f (0s)
00039 
00040 == sanity test 17g: symlinks: really long symlink name and inode boundaries ========================================================== 02:52:08 (1786675928)
00040 Lustre: DEBUG MARKER: == sanity test 17g: symlinks: really long symlink name and inode boundaries ========================================================== 02:52:08 (1786675928)
00040 ------------[ cut here ]------------
00040 WARNING: /home/ktest/git/linux/include/linux/fs.h:889 at osd_create+0x9cf/0xcf0 [osd_wbcfs], CPU#1: mdt00_001/1729
00040 Modules linked in: ofd(O) osp(O) mdd(O) lod(O) mdt(O) lquota(O) lfsck(O) mgs(O) osd_wbcfs(O) lustre(O) obdecho(O) mgc(O) mdc(O) lov(O) osc(O) lmv(O) ec(O) fid(O) fld(O) ptlrpc(O) efivarfs obdclass(O) ksocklnd(O) lnet(O) libcfs(O)
00040 CPU: 1 UID: 0 PID: 1729 Comm: mdt00_001 Tainted: G        W  O        7.0.0-ktest-bf7747f-6330a45-20260814-dirty #1 PREEMPT 
00040 Tainted: [W]=WARN, [O]=OOT_MODULE
00040 Hardware name: QEMU Standard PC (Q35 + ICH9, 2009), BIOS 2025.11-3ubuntu7 03/31/2026
00040 RIP: 0010:osd_create+0x9cf/0xcf0 [osd_wbcfs]
00040 Code: c7 c7 00 96 7b a1 48 c7 c6 a0 12 7d a1 48 c7 c2 00 1c 7d a1 e8 52 f1 43 ff 48 c7 c7 00 96 7b a1 e8 46 81 44 ff e9 fe fc ff ff <0f> 0b e9 a5 fa ff ff 48 c7 c1 80 44 5d a0 80 e1 07 80 c1 03 38 c1
00040 RSP: 0018:ffffc900013575a8 EFLAGS: 00010246
00040 RAX: 0000000000000000 RBX: ffff88811cabd400 RCX: 0000000000000046
00040 RDX: 0000000000000000 RSI: ffff88802ead7450 RDI: ffff888135f9aa58
00040 RBP: ffff88802ead73c0 R08: ffff8881097ae8c3 R09: 1ffff110212f5d18
00040 R10: dffffc0000000000 R11: ffffed10212f5d19 R12: ffff8881376dc2c8
00040 R13: dffffc0000000000 R14: 1ffff11023957a80 R15: 1ffff110089b5ac8
00040 FS:  0000000000000000(0000) GS:ffff8881d4aaa000(0000) knlGS:0000000000000000
00040 CS:  0010 DS: 0000 ES: 0000 CR0: 0000000080050033
00040 CR2: 00007f23500ee200 CR3: 0000000004274000 CR4: 0000000000750eb0
00040 PKRU: 55555554
00040 Call Trace:
00040  <TASK>
00040  ? lod_sub_create+0x168a/0x1940 [lod]
00040  ? dt_write_lock+0x16d/0x2a0 [obdclass]
00040  ? lod_create+0x10d/0x720 [lod]
00040  ? mdd_create_object_internal+0x18f/0x320 [mdd]
00040  ? mdd_create_object+0xab/0x1ce0 [mdd]
00040  ? mdd_create+0x202b/0x4110 [mdd]
00040  ? mdt_reint_create+0x2761/0x4e70 [mdt]
00040  ? mdt_reint_rec+0x10f/0x530 [mdt]
00040  ? mdt_reint_internal+0x9d5/0x11a0 [mdt]
00040  ? tsi2mdt_info+0x319/0x520 [mdt]
00040  ? mdt_reint+0x115/0x270 [mdt]
00040  ? tgt_request_handle+0x23ad/0x3d30 [ptlrpc]
00040  ? ptlrpc_main+0x6359/0x96f0 [ptlrpc]
00040  ? __kthread_parkme+0x73/0x130
00040  ? kthread+0x2cd/0x3a0
00040  ? ptlrpc_start_thread+0x1f10/0x1f10 [ptlrpc]
00040  ? kthread_unuse_mm+0x130/0x130
00040  ? ret_from_fork+0x18c/0x520
00040  ? kthread_unuse_mm+0x130/0x130
00040  ? ret_from_fork_asm+0x11/0x20
00040  </TASK>
00040 ---[ end trace 0000000000000000 ]---
00040 ------------[ cut here ]------------
00040 WARNING: /home/ktest/git/linux/include/linux/fs.h:889 at ll_iget+0x592/0x850 [lustre], CPU#0: mkdir/3387
00040 Modules linked in: ofd(O) osp(O) mdd(O) lod(O) mdt(O) lquota(O) lfsck(O) mgs(O) osd_wbcfs(O) lustre(O) obdecho(O) mgc(O) mdc(O) lov(O) osc(O) lmv(O) ec(O) fid(O) fld(O) ptlrpc(O) efivarfs obdclass(O) ksocklnd(O) lnet(O) libcfs(O)
00040 CPU: 0 UID: 0 PID: 3387 Comm: mkdir Tainted: G        W  O        7.0.0-ktest-bf7747f-6330a45-20260814-dirty #1 PREEMPT 
00040 Tainted: [W]=WARN, [O]=OOT_MODULE
00040 Hardware name: QEMU Standard PC (Q35 + ICH9, 2009), BIOS 2025.11-3ubuntu7 03/31/2026
00040 RIP: 0010:ll_iget+0x592/0x850 [lustre]
00040 Code: 48 c7 c6 40 52 76 a1 48 c7 c2 80 52 76 a1 e8 45 76 d4 fe 48 c7 c7 80 d7 a6 a1 e8 39 06 d5 fe 48 89 df 4c 89 fe e9 34 fb ff ff <0f> 0b e9 89 fb ff ff 0f 0b e9 f0 fc ff ff 48 c7 c1 80 44 5d a0 80
00040 RSP: 0018:ffffc90009bff9f0 EFLAGS: 00010246
00040 RAX: 0000000000000000 RBX: ffff88802e7fd6c0 RCX: 0000000000000046
00040 RDX: 0000000000000000 RSI: ffff88802e7fd750 RDI: ffff8880249f2a58
00040 RBP: ffff888045323000 R08: ffff88802ecf2883 R09: 1ffff11005d9e510
00040 R10: dffffc0000000000 R11: ffffed1005d9e511 R12: dffffc0000000000
00040 R13: dffffc0000000000 R14: ffffc90009bffaa8 R15: 0200000402000005
00040 FS:  00007f6e80343d00(0000) GS:ffff8881d4a2a000(0000) knlGS:0000000000000000
00040 CS:  0010 DS: 0000 ES: 0000 CR0: 0000000080050033
00040 CR2: 00007f6e800f59d0 CR3: 000000001c14d000 CR4: 0000000000750eb0
00040 PKRU: 55555554
00040 Call Trace:
00040  <TASK>
00040  ll_prep_inode+0x682/0x1310 [lustre]
00040  ll_new_node_finish+0x179/0x930 [lustre]
00040  ll_new_node+0xd7f/0x1740 [lustre]
00040  ll_mkdir+0x44e/0xf10 [lustre]
00040  vfs_mkdir+0x3c0/0x630
00040  filename_mkdirat+0x14c/0x300
00040  __x64_sys_mkdir+0x74/0x140
00040  do_syscall_64+0xc1/0x350
00040  entry_SYSCALL_64_after_hwframe+0x4b/0x53
00040 RIP: 0033:0x7f6e8011b05b
00040 Code: 0f 1e fa 48 89 f2 b9 00 01 00 00 48 89 fe bf 9c ff ff ff e9 97 c3 ff ff 0f 1f 80 00 00 00 00 f3 0f 1e fa b8 53 00 00 00 0f 05 <48> 3d 00 f0 ff ff 77 05 c3 0f 1f 40 00 48 8b 15 89 7d 0e 00 f7 d8
00040 RSP: 002b:00007ffc412fcb18 EFLAGS: 00000246 ORIG_RAX: 0000000000000053
00040 RAX: ffffffffffffffda RBX: 00007ffc412fd837 RCX: 00007f6e8011b05b
00040 RDX: 0000000000000000 RSI: 00000000000001ff RDI: 00007ffc412fd837
00040 RBP: 00007ffc412fcc30 R08: 00000000000001ff R09: 0000000000000000
00040 R10: 0000558bbcefb27e R11: 0000000000000246 R12: 00000000000001ff
00040 R13: 0000000000000000 R14: 0000000000000000 R15: 0000000000000000
00040  </TASK>
00040 ---[ end trace 0000000000000000 ]---
00040 ------------[ cut here ]------------
00040 WARNING: /home/ktest/git/linux/include/linux/fs.h:889 at ll_iget+0x592/0x850 [lustre], CPU#3: ln/3398
00040 Modules linked in: ofd(O) osp(O) mdd(O) lod(O) mdt(O) lquota(O) lfsck(O) mgs(O) osd_wbcfs(O) lustre(O) obdecho(O) mgc(O) mdc(O) lov(O) osc(O) lmv(O) ec(O) fid(O) fld(O) ptlrpc(O) efivarfs obdclass(O) ksocklnd(O) lnet(O) libcfs(O)
00040 CPU: 3 UID: 0 PID: 3398 Comm: ln Tainted: G        W  O        7.0.0-ktest-bf7747f-6330a45-20260814-dirty #1 PREEMPT 
00040 Tainted: [W]=WARN, [O]=OOT_MODULE
00040 Hardware name: QEMU Standard PC (Q35 + ICH9, 2009), BIOS 2025.11-3ubuntu7 03/31/2026
00040 RIP: 0010:ll_iget+0x592/0x850 [lustre]
00040 Code: 48 c7 c6 40 52 76 a1 48 c7 c2 80 52 76 a1 e8 45 76 d4 fe 48 c7 c7 80 d7 a6 a1 e8 39 06 d5 fe 48 89 df 4c 89 fe e9 34 fb ff ff <0f> 0b e9 89 fb ff ff 0f 0b e9 f0 fc ff ff 48 c7 c1 80 44 5d a0 80
00040 RSP: 0018:ffffc90009c9f748 EFLAGS: 00010246
00040 RAX: 0000000000000000 RBX: ffff88802e7fd6c0 RCX: 0000000000000046
00040 RDX: 0000000000000000 RSI: ffff88802e7fd750 RDI: ffff88811bda4af0
00040 RBP: ffff888045323000 R08: ffffffff83a16803 R09: 1ffffffff0742d00
00040 R10: dffffc0000000000 R11: fffffbfff0742d01 R12: dffffc0000000000
00040 R13: dffffc0000000000 R14: ffffc90009c9f800 R15: 0200000402000005
00040 FS:  00007f112715d740(0000) GS:ffff8881d4baa000(0000) knlGS:0000000000000000
00040 CS:  0010 DS: 0000 ES: 0000 CR0: 0000000080050033
00040 CR2: 00007f1126ef59d0 CR3: 000000010974e000 CR4: 0000000000750eb0
00040 PKRU: 55555554
00040 Call Trace:
00040  <TASK>
00040  ll_prep_inode+0x682/0x1310 [lustre]
00040  ? lustre_swab_barrier_lvb+0xd0/0xd0 [ptlrpc]
00040  ll_lookup_it+0x168c/0x4650 [lustre]
00040  ? encode_fn_len+0xd3/0xb10 [obdclass]
00040  ll_lookup_nd+0x2a7/0x4f0 [lustre]
00040  __lookup_slow+0x1a2/0x260
00040  lookup_slow+0x53/0x70
00040  link_path_walk+0xac4/0x13d0
00040  __filename_parentat+0x1a7/0x400
00040  ? handle_mm_fault+0xefd/0x2dc0
00040  ? handle_mm_fault+0xfa8/0x2dc0
00040  filename_create+0x47/0x240
00040  filename_symlinkat+0x84/0x2c0
00040  ? do_getname+0xb3/0x190
00040  __x64_sys_symlinkat+0x9c/0x270
00040  do_syscall_64+0xc1/0x350
00040  entry_SYSCALL_64_after_hwframe+0x4b/0x53
00040 RIP: 0033:0x7f1126f1bfdb
00040 Code: 77 05 c3 0f 1f 40 00 48 8b 15 39 6e 0e 00 f7 d8 64 89 02 b8 ff ff ff ff c3 66 0f 1f 44 00 00 f3 0f 1e fa b8 0a 01 00 00 0f 05 <48> 3d 01 f0 ff ff 73 01 c3 48 8b 0d 0d 6e 0e 00 f7 d8 64 89 01 48
00040 RSP: 002b:00007ffd3a624e18 EFLAGS: 00000246 ORIG_RAX: 000000000000010a
00040 RAX: ffffffffffffffda RBX: 0000000000000002 RCX: 00007f1126f1bfdb
00040 RDX: 00007ffd3a627839 RSI: 00000000ffffff9c RDI: 00007ffd3a6277fd
00040 RBP: 00007ffd3a624e20 R08: 00000000ffffffff R09: 0000000000000000
00040 R10: 0000556cebaf2303 R11: 0000000000000246 R12: 00007ffd3a625078
00040 R13: 0000556cebaf3714 R14: 0000556cebaf2301 R15: 0000556cebaf5960
00040  </TASK>
00040 ---[ end trace 0000000000000000 ]---
00040 ------------[ cut here ]------------
00040 WARNING: /home/ktest/git/linux/include/linux/fs.h:889 at ll_iget+0x599/0x850 [lustre], CPU#3: ln/3398
00040 Modules linked in: ofd(O) osp(O) mdd(O) lod(O) mdt(O) lquota(O) lfsck(O) mgs(O) osd_wbcfs(O) lustre(O) obdecho(O) mgc(O) mdc(O) lov(O) osc(O) lmv(O) ec(O) fid(O) fld(O) ptlrpc(O) efivarfs obdclass(O) ksocklnd(O) lnet(O) libcfs(O)
00040 CPU: 3 UID: 0 PID: 3398 Comm: ln Tainted: G        W  O        7.0.0-ktest-bf7747f-6330a45-20260814-dirty #1 PREEMPT 
00040 Tainted: [W]=WARN, [O]=OOT_MODULE
00040 Hardware name: QEMU Standard PC (Q35 + ICH9, 2009), BIOS 2025.11-3ubuntu7 03/31/2026
00040 RIP: 0010:ll_iget+0x599/0x850 [lustre]
00040 Code: 48 c7 c2 80 52 76 a1 e8 45 76 d4 fe 48 c7 c7 80 d7 a6 a1 e8 39 06 d5 fe 48 89 df 4c 89 fe e9 34 fb ff ff 0f 0b e9 89 fb ff ff <0f> 0b e9 f0 fc ff ff 48 c7 c1 80 44 5d a0 80 e1 07 80 c1 03 38 c1
00040 RSP: 0018:ffffc90009c9f748 EFLAGS: 00010246
00040 RAX: 0000000000000000 RBX: ffff88802e7fd6c0 RCX: 0000000000000046
00040 RDX: 0000000000000000 RSI: ffff88802e7fd750 RDI: ffff88811bda4af0
00040 RBP: ffff888045323000 R08: ffffffff83a16803 R09: 1ffffffff0742d00
00040 R10: dffffc0000000000 R11: fffffbfff0742d01 R12: dffffc0000000000
00040 R13: 1ffff11005cffaf1 R14: ffffc90009c9f800 R15: ffff88802e7fd788
00040 FS:  00007f112715d740(0000) GS:ffff8881d4baa000(0000) knlGS:0000000000000000
00040 CS:  0010 DS: 0000 ES: 0000 CR0: 0000000080050033
00040 CR2: 00007f1126ef59d0 CR3: 000000010974e000 CR4: 0000000000750eb0
00040 PKRU: 55555554
00040 Call Trace:
00040  <TASK>
00040  ll_prep_inode+0x682/0x1310 [lustre]
00040  ? lustre_swab_barrier_lvb+0xd0/0xd0 [ptlrpc]
00040  ll_lookup_it+0x168c/0x4650 [lustre]
00040  ? encode_fn_len+0xd3/0xb10 [obdclass]
00040  ll_lookup_nd+0x2a7/0x4f0 [lustre]
00040  __lookup_slow+0x1a2/0x260
00040  lookup_slow+0x53/0x70
00040  link_path_walk+0xac4/0x13d0
00040  __filename_parentat+0x1a7/0x400
00040  ? handle_mm_fault+0xefd/0x2dc0
00040  ? handle_mm_fault+0xfa8/0x2dc0
00040  filename_create+0x47/0x240
00040  filename_symlinkat+0x84/0x2c0
00040  ? do_getname+0xb3/0x190
00040  __x64_sys_symlinkat+0x9c/0x270
00040  do_syscall_64+0xc1/0x350
00040  entry_SYSCALL_64_after_hwframe+0x4b/0x53
00040 RIP: 0033:0x7f1126f1bfdb
00040 Code: 77 05 c3 0f 1f 40 00 48 8b 15 39 6e 0e 00 f7 d8 64 89 02 b8 ff ff ff ff c3 66 0f 1f 44 00 00 f3 0f 1e fa b8 0a 01 00 00 0f 05 <48> 3d 01 f0 ff ff 73 01 c3 48 8b 0d 0d 6e 0e 00 f7 d8 64 89 01 48
00040 RSP: 002b:00007ffd3a624e18 EFLAGS: 00000246 ORIG_RAX: 000000000000010a
00040 RAX: ffffffffffffffda RBX: 0000000000000002 RCX: 00007f1126f1bfdb
00040 RDX: 00007ffd3a627839 RSI: 00000000ffffff9c RDI: 00007ffd3a6277fd
00040 RBP: 00007ffd3a624e20 R08: 00000000ffffffff R09: 0000000000000000
00040 R10: 0000556cebaf2303 R11: 0000000000000246 R12: 00007ffd3a625078
00040 R13: 0000556cebaf3714 R14: 0000556cebaf2301 R15: 0000556cebaf5960
00040  </TASK>
00040 ---[ end trace 0000000000000000 ]---
00040 ln: failed to create symbolic link '/mnt/lustre/d17g.sanity/f59': Operation not supported
00040  sanity test_17g: @@@@@@ FAIL: failed 59-char symlink 
00040 Lustre: DEBUG MARKER: sanity test_17g: @@@@@@ FAIL: failed 59-char symlink
00040   Trace dump:
00040   = /host/home/ktest/git/lustre-release/lustre/tests/test-framework.sh:7447:error()
00040   = /host/home/ktest/git/lustre-release/lustre/tests/sanity.sh:692:test_17g()
00040   = /host/home/ktest/git/lustre-release/lustre/tests/test-framework.sh:7823:run_one()
00040   = /host/home/ktest/git/lustre-release/lustre/tests/test-framework.sh:7886:run_one_logged()
00040   = /host/home/ktest/git/lustre-release/lustre/tests/test-framework.sh:7686:run_test()
00040   = /host/home/ktest/git/lustre-release/lustre/tests/sanity.sh:696:main()
00040 Dumping lctl log to /tmp/test_logs/2026-08-14/025155/sanity.test_17g.*.1786675928.log
00040 Dumping logs only on local client.
00040 FAIL 17g (0s)
00040 
00040 == sanity test 17h: create objects: lov_free_memmd() doesn't lbug ========================================================== 02:52:08 (1786675928)
00041 Lustre: DEBUG MARKER: == sanity test 17h: create objects: lov_free_memmd() doesn't lbug ========================================================== 02:52:08 (1786675928)
00041 
00041  SKIP: sanity test_17h remote MDS with nodsh
00041 Lustre: DEBUG MARKER: SKIP: sanity test_17h remote MDS with nodsh
00041 SKIP 17h (1s)
00041 
00041 == sanity test 17i: don't panic on short symlink (should return error) ========================================================== 02:52:09 (1786675929)
00041 Lustre: DEBUG MARKER: == sanity test 17i: don't panic on short symlink (should return error) ========================================================== 02:52:09 (1786675929)
00042 
00042  SKIP: sanity test_17i remote MDS with nodsh
00042 Lustre: DEBUG MARKER: SKIP: sanity test_17i remote MDS with nodsh
00042 SKIP 17i (1s)
00042 
00042 == sanity test 17k: symlinks: rsync with xattrs enabled == 02:52:10 (1786675930)
00042 Lustre: DEBUG MARKER: == sanity test 17k: symlinks: rsync with xattrs enabled == 02:52:10 (1786675930)
00042 ------------[ cut here ]------------
00042 WARNING: /home/ktest/git/linux/include/linux/fs.h:889 at osd_create+0x9cf/0xcf0 [osd_wbcfs], CPU#0: mdt00_001/1729
00042 Modules linked in: ofd(O) osp(O) mdd(O) lod(O) mdt(O) lquota(O) lfsck(O) mgs(O) osd_wbcfs(O) lustre(O) obdecho(O) mgc(O) mdc(O) lov(O) osc(O) lmv(O) ec(O) fid(O) fld(O) ptlrpc(O) efivarfs obdclass(O) ksocklnd(O) lnet(O) libcfs(O)
00042 CPU: 0 UID: 0 PID: 1729 Comm: mdt00_001 Tainted: G        W  O        7.0.0-ktest-bf7747f-6330a45-20260814-dirty #1 PREEMPT 
00042 Tainted: [W]=WARN, [O]=OOT_MODULE
00042 Hardware name: QEMU Standard PC (Q35 + ICH9, 2009), BIOS 2025.11-3ubuntu7 03/31/2026
00042 RIP: 0010:osd_create+0x9cf/0xcf0 [osd_wbcfs]
00042 Code: c7 c7 00 96 7b a1 48 c7 c6 a0 12 7d a1 48 c7 c2 00 1c 7d a1 e8 52 f1 43 ff 48 c7 c7 00 96 7b a1 e8 46 81 44 ff e9 fe fc ff ff <0f> 0b e9 a5 fa ff ff 48 c7 c1 80 44 5d a0 80 e1 07 80 c1 03 38 c1
00042 RSP: 0018:ffffc900013575a8 EFLAGS: 00010246
00042 RAX: 0000000000000000 RBX: ffff88813481b400 RCX: 0000000000000046
00042 RDX: 0000000000000000 RSI: ffff88802c3002d0 RDI: ffff888135f9aa58
00042 RBP: ffff88802c300240 R08: ffff8881097ae803 R09: 1ffff110212f5d00
00042 R10: dffffc0000000000 R11: ffffed10212f5d01 R12: ffff8881376dc2c8
00042 R13: dffffc0000000000 R14: 1ffff11026903680 R15: 1ffff110089b5ac8
00042 FS:  0000000000000000(0000) GS:ffff8881d4a2a000(0000) knlGS:0000000000000000
00042 CS:  0010 DS: 0000 ES: 0000 CR0: 0000000080050033
00042 CR2: 00007f37bf0ee200 CR3: 0000000004274000 CR4: 0000000000750eb0
00042 PKRU: 55555554
00042 Call Trace:
00042  <TASK>
00042  ? lod_sub_create+0x168a/0x1940 [lod]
00042  ? lod_create+0x10d/0x720 [lod]
00042  ? mdd_create_object_internal+0x18f/0x320 [mdd]
00042  ? mdd_create_object+0xab/0x1ce0 [mdd]
00042  ? mdd_create+0x202b/0x4110 [mdd]
00042  ? mdt_reint_create+0x2761/0x4e70 [mdt]
00042  ? mdt_reint_rec+0x10f/0x530 [mdt]
00042  ? mdt_reint_internal+0x9d5/0x11a0 [mdt]
00042  ? tsi2mdt_info+0x319/0x520 [mdt]
00042  ? mdt_reint+0x115/0x270 [mdt]
00042  ? tgt_request_handle+0x23ad/0x3d30 [ptlrpc]
00042  ? ptlrpc_main+0x6359/0x96f0 [ptlrpc]
00042  ? __kthread_parkme+0x73/0x130
00042  ? kthread+0x2cd/0x3a0
00042  ? ptlrpc_start_thread+0x1f10/0x1f10 [ptlrpc]
00042  ? kthread_unuse_mm+0x130/0x130
00042  ? ret_from_fork+0x18c/0x520
00042  ? kthread_unuse_mm+0x130/0x130
00042  ? ret_from_fork_asm+0x11/0x20
00042  </TASK>
00042 ---[ end trace 0000000000000000 ]---
00042 LustreError: 1767:0:(osd_dirent.c:113:osd_index_dir_insert()) lustre-MDT0000: lookup [0x240000402:0x3:0x0] from icache failed: rc=-22
00042 Lustre: 1767:0:(out_handler.c:886:out_tx_end()) lustre-MDT0000-osd: error during execution of #0 from lustre/ptlrpc/../target/out_handler.c:535: rc = -22
00042 mkdir: cannot create directory '/mnt/lustre/d17k.sanity': Invalid argument
00042  sanity test_17k: @@@@@@ FAIL: mkdir '/mnt/lustre/d17k.sanity' failed 
00043 Lustre: DEBUG MARKER: sanity test_17k: @@@@@@ FAIL: mkdir '/mnt/lustre/d17k.sanity' failed
00043   Trace dump:
00043   = /host/home/ktest/git/lustre-release/lustre/tests/test-framework.sh:7447:error()
00043   = /host/home/ktest/git/lustre-release/lustre/tests/test-framework.sh:10495:test_mkdir()
00043   = /host/home/ktest/git/lustre-release/lustre/tests/sanity.sh:736:test_17k()
00043   = /host/home/ktest/git/lustre-release/lustre/tests/test-framework.sh:7823:run_one()
00043   = /host/home/ktest/git/lustre-release/lustre/tests/test-framework.sh:7886:run_one_logged()
00043   = /host/home/ktest/git/lustre-release/lustre/tests/test-framework.sh:7686:run_test()
00043   = /host/home/ktest/git/lustre-release/lustre/tests/sanity.sh:743:main()
00043 Dumping lctl log to /tmp/test_logs/2026-08-14/025155/sanity.test_17k.*.1786675931.log
00043 Dumping logs only on local client.
00043 FAIL 17k (1s)
00043 
00043 == sanity test 17l: Ensure lgetxattr's returned xattr size is consistent ========================================================== 02:52:11 (1786675931)
00043 Lustre: DEBUG MARKER: == sanity test 17l: Ensure lgetxattr's returned xattr size is consistent ========================================================== 02:52:11 (1786675931)
00043 ------------[ cut here ]------------
00043 WARNING: /home/ktest/git/linux/include/linux/fs.h:889 at osd_create+0x9cf/0xcf0 [osd_wbcfs], CPU#3: mdt00_003/1807
00043 Modules linked in: ofd(O) osp(O) mdd(O) lod(O) mdt(O) lquota(O) lfsck(O) mgs(O) osd_wbcfs(O) lustre(O) obdecho(O) mgc(O) mdc(O) lov(O) osc(O) lmv(O) ec(O) fid(O) fld(O) ptlrpc(O) efivarfs obdclass(O) ksocklnd(O) lnet(O) libcfs(O)
00043 CPU: 3 UID: 0 PID: 1807 Comm: mdt00_003 Tainted: G        W  O        7.0.0-ktest-bf7747f-6330a45-20260814-dirty #1 PREEMPT 
00043 Tainted: [W]=WARN, [O]=OOT_MODULE
00043 Hardware name: QEMU Standard PC (Q35 + ICH9, 2009), BIOS 2025.11-3ubuntu7 03/31/2026
00043 RIP: 0010:osd_create+0x9cf/0xcf0 [osd_wbcfs]
00043 Code: c7 c7 00 96 7b a1 48 c7 c6 a0 12 7d a1 48 c7 c2 00 1c 7d a1 e8 52 f1 43 ff 48 c7 c7 00 96 7b a1 e8 46 81 44 ff e9 fe fc ff ff <0f> 0b e9 a5 fa ff ff 48 c7 c1 80 44 5d a0 80 e1 07 80 c1 03 38 c1
00043 RSP: 0018:ffffc90004a7f5a8 EFLAGS: 00010246
00043 RAX: 0000000000000000 RBX: ffff888073fbe400 RCX: 0000000000000046
00043 RDX: 0000000000000000 RSI: ffff88802da96d38 RDI: ffff888045344b18
00043 RBP: ffff88802da96ca8 R08: ffff8881097aea43 R09: 1ffff110212f5d48
00043 R10: dffffc0000000000 R11: ffffed10212f5d49 R12: ffff88802ed042c8
00043 R13: dffffc0000000000 R14: 1ffff1100e7f7c80 R15: 1ffff11005f082c8
00043 FS:  0000000000000000(0000) GS:ffff8881d4baa000(0000) knlGS:0000000000000000
00043 CS:  0010 DS: 0000 ES: 0000 CR0: 0000000080050033
00043 CR2: 00007ffcc4b1bfd8 CR3: 0000000025f92000 CR4: 0000000000750eb0
00043 PKRU: 55555554
00043 Call Trace:
00043  <TASK>
00043  ? lod_sub_create+0x168a/0x1940 [lod]
00043  ? dt_write_lock+0x16d/0x2a0 [obdclass]
00043  ? lod_create+0x10d/0x720 [lod]
00043  ? mdd_create_object_internal+0x18f/0x320 [mdd]
00043  ? mdd_create_object+0xab/0x1ce0 [mdd]
00043  ? mdd_create+0x202b/0x4110 [mdd]
00043  ? mdt_reint_create+0x2761/0x4e70 [mdt]
00043  ? mdt_reint_rec+0x10f/0x530 [mdt]
00043  ? mdt_reint_internal+0x9d5/0x11a0 [mdt]
00043  ? tsi2mdt_info+0x319/0x520 [mdt]
00043  ? mdt_reint+0x115/0x270 [mdt]
00043  ? tgt_request_handle+0x23ad/0x3d30 [ptlrpc]
00043  ? ptlrpc_main+0x6359/0x96f0 [ptlrpc]
00043  ? __kthread_parkme+0x73/0x130
00043  ? kthread+0x2cd/0x3a0
00043  ? ptlrpc_start_thread+0x1f10/0x1f10 [ptlrpc]
00043  ? kthread_unuse_mm+0x130/0x130
00043  ? ret_from_fork+0x18c/0x520
00043  ? kthread_unuse_mm+0x130/0x130
00043  ? ret_from_fork_asm+0x11/0x20
00043  </TASK>
00043 ---[ end trace 0000000000000000 ]---
00043 ------------[ cut here ]------------
00043 WARNING: /home/ktest/git/linux/include/linux/fs.h:889 at ll_iget+0x592/0x850 [lustre], CPU#1: mkdir/3762
00043 Modules linked in: ofd(O) osp(O) mdd(O) lod(O) mdt(O) lquota(O) lfsck(O) mgs(O) osd_wbcfs(O) lustre(O) obdecho(O) mgc(O) mdc(O) lov(O) osc(O) lmv(O) ec(O) fid(O) fld(O) ptlrpc(O) efivarfs obdclass(O) ksocklnd(O) lnet(O) libcfs(O)
00043 CPU: 1 UID: 0 PID: 3762 Comm: mkdir Tainted: G        W  O        7.0.0-ktest-bf7747f-6330a45-20260814-dirty #1 PREEMPT 
00043 Tainted: [W]=WARN, [O]=OOT_MODULE
00043 Hardware name: QEMU Standard PC (Q35 + ICH9, 2009), BIOS 2025.11-3ubuntu7 03/31/2026
00043 RIP: 0010:ll_iget+0x592/0x850 [lustre]
00043 Code: 48 c7 c6 40 52 76 a1 48 c7 c2 80 52 76 a1 e8 45 76 d4 fe 48 c7 c7 80 d7 a6 a1 e8 39 06 d5 fe 48 89 df 4c 89 fe e9 34 fb ff ff <0f> 0b e9 89 fb ff ff 0f 0b e9 f0 fc ff ff 48 c7 c1 80 44 5d a0 80
00043 RSP: 0018:ffffc9000a25f9f0 EFLAGS: 00010246
00043 RAX: 0000000000000000 RBX: ffff88802e460f80 RCX: 0000000000000046
00043 RDX: 0000000000000000 RSI: ffff88802e461010 RDI: ffff8880249f4b18
00043 RBP: ffff888045323000 R08: ffff88802ecf2883 R09: 1ffff11005d9e510
00043 R10: dffffc0000000000 R11: ffffed1005d9e511 R12: dffffc0000000000
00043 R13: dffffc0000000000 R14: ffffc9000a25faa8 R15: 0200000402000007
00043 FS:  00007fb1f209cd00(0000) GS:ffff8881d4aaa000(0000) knlGS:0000000000000000
00043 CS:  0010 DS: 0000 ES: 0000 CR0: 0000000080050033
00043 CR2: 00007fb1f1ef59d0 CR3: 0000000025f92000 CR4: 0000000000750eb0
00043 PKRU: 55555554
00043 Call Trace:
00043  <TASK>
00043  ll_prep_inode+0x682/0x1310 [lustre]
00043  ll_new_node_finish+0x179/0x930 [lustre]
00043  ll_new_node+0xd7f/0x1740 [lustre]
00043  ll_mkdir+0x44e/0xf10 [lustre]
00043  vfs_mkdir+0x3c0/0x630
00043  filename_mkdirat+0x14c/0x300
00043  __x64_sys_mkdir+0x74/0x140
00043  do_syscall_64+0xc1/0x350
00043  entry_SYSCALL_64_after_hwframe+0x4b/0x53
00043 RIP: 0033:0x7fb1f1f1b05b
00043 Code: 0f 1e fa 48 89 f2 b9 00 01 00 00 48 89 fe bf 9c ff ff ff e9 97 c3 ff ff 0f 1f 80 00 00 00 00 f3 0f 1e fa b8 53 00 00 00 0f 05 <48> 3d 00 f0 ff ff 77 05 c3 0f 1f 40 00 48 8b 15 89 7d 0e 00 f7 d8
00043 RSP: 002b:00007ffcc4b1cb28 EFLAGS: 00000246 ORIG_RAX: 0000000000000053
00043 RAX: ffffffffffffffda RBX: 00007ffcc4b1e837 RCX: 00007fb1f1f1b05b
00043 RDX: 0000000000000000 RSI: 00000000000001ff RDI: 00007ffcc4b1e837
00043 RBP: 00007ffcc4b1cc40 R08: 00000000000001ff R09: 0000000000000000
00043 R10: 000055cd11a5827e R11: 0000000000000246 R12: 00000000000001ff
00043 R13: 0000000000000000 R14: 0000000000000000 R15: 0000000000000000
00043  </TASK>
00043 ---[ end trace 0000000000000000 ]---
00043 ------------[ cut here ]------------
00043 WARNING: /home/ktest/git/linux/include/linux/fs.h:889 at ll_iget+0x592/0x850 [lustre], CPU#2: touch/3763
00043 Modules linked in: ofd(O) osp(O) mdd(O) lod(O) mdt(O) lquota(O) lfsck(O) mgs(O) osd_wbcfs(O) lustre(O) obdecho(O) mgc(O) mdc(O) lov(O) osc(O) lmv(O) ec(O) fid(O) fld(O) ptlrpc(O) efivarfs obdclass(O) ksocklnd(O) lnet(O) libcfs(O)
00043 CPU: 2 UID: 0 PID: 3763 Comm: touch Tainted: G        W  O        7.0.0-ktest-bf7747f-6330a45-20260814-dirty #1 PREEMPT 
00043 Tainted: [W]=WARN, [O]=OOT_MODULE
00043 Hardware name: QEMU Standard PC (Q35 + ICH9, 2009), BIOS 2025.11-3ubuntu7 03/31/2026
00043 RIP: 0010:ll_iget+0x592/0x850 [lustre]
00043 Code: 48 c7 c6 40 52 76 a1 48 c7 c2 80 52 76 a1 e8 45 76 d4 fe 48 c7 c7 80 d7 a6 a1 e8 39 06 d5 fe 48 89 df 4c 89 fe e9 34 fb ff ff <0f> 0b e9 89 fb ff ff 0f 0b e9 f0 fc ff ff 48 c7 c1 80 44 5d a0 80
00043 RSP: 0018:ffffc9000a36f610 EFLAGS: 00010246
00043 RAX: 0000000000000000 RBX: ffff88802e460f80 RCX: 0000000000000046
00043 RDX: 0000000000000000 RSI: ffff88802e461010 RDI: ffff8881380b4af0
00043 RBP: ffff888045323000 R08: ffffffff83a16803 R09: 1ffffffff0742d00
00043 R10: dffffc0000000000 R11: fffffbfff0742d01 R12: dffffc0000000000
00043 R13: dffffc0000000000 R14: ffffc9000a36f6c8 R15: 0200000402000007
00043 FS:  00007f3f118e3740(0000) GS:ffff8881d4b2a000(0000) knlGS:0000000000000000
00043 CS:  0010 DS: 0000 ES: 0000 CR0: 0000000080050033
00043 CR2: 00007f3f116f59d0 CR3: 0000000031546000 CR4: 0000000000750eb0
00043 PKRU: 55555554
00043 Call Trace:
00043  <TASK>
00043  ll_prep_inode+0x682/0x1310 [lustre]
00043  ? lustre_swab_barrier_lvb+0xd0/0xd0 [ptlrpc]
00043  ll_lookup_it+0x168c/0x4650 [lustre]
00043  ? d_alloc_parallel+0xe4f/0xfb0
00043  ll_lookup_nd+0x2a7/0x4f0 [lustre]
00043  __lookup_slow+0x1a2/0x260
00043  lookup_slow+0x53/0x70
00043  link_path_walk+0xac4/0x13d0
00043  path_openat+0x236/0x2630
00043  ? kasan_save_track+0x2f/0x60
00043  ? kmem_cache_alloc_noprof+0xea/0x3d0
00043  ? do_getname+0x67/0x190
00043  ? __x64_sys_openat+0xf8/0x120
00043  ? do_syscall_64+0xc1/0x350
00043  ? filemap_map_pages+0x14c/0x1210
00043  do_file_open+0x19b/0x360
00043  ? _raw_spin_unlock+0x23/0x40
00043  ? alloc_fd+0x42c/0x480
00043  do_sys_openat2+0x84/0xf0
00043  __x64_sys_openat+0xf8/0x120
00043  do_syscall_64+0xc1/0x350
00043  entry_SYSCALL_64_after_hwframe+0x4b/0x53
00043 RIP: 0033:0x7f3f1171b1a5
00043 Code: 83 e2 40 75 50 89 f0 f7 d0 a9 00 00 41 00 74 45 80 3d ae fe 0e 00 00 74 60 89 da 4c 89 e6 bf 9c ff ff ff b8 01 01 00 00 0f 05 <48> 3d 00 f0 ff ff 0f 87 7f 00 00 00 48 8b 55 b8 64 48 2b 14 25 28
00043 RSP: 002b:00007ffd86737c90 EFLAGS: 00000202 ORIG_RAX: 0000000000000101
00043 RAX: ffffffffffffffda RBX: 0000000000000941 RCX: 00007f3f1171b1a5
00043 RDX: 0000000000000941 RSI: 00007ffd8673882b RDI: 00000000ffffff9c
00043 RBP: 00007ffd86737d00 R08: 00000000ffffffff R09: 0000000000000000
00043 R10: 00000000000001b6 R11: 0000000000000202 R12: 00007ffd8673882b
00043 R13: 00007f3f11803248 R14: 0000000000000000 R15: 0000000000000001
00043  </TASK>
00043 ---[ end trace 0000000000000000 ]---
00043 ------------[ cut here ]------------
00043 WARNING: /home/ktest/git/linux/include/linux/fs.h:889 at ll_iget+0x599/0x850 [lustre], CPU#2: touch/3763
00043 Modules linked in: ofd(O) osp(O) mdd(O) lod(O) mdt(O) lquota(O) lfsck(O) mgs(O) osd_wbcfs(O) lustre(O) obdecho(O) mgc(O) mdc(O) lov(O) osc(O) lmv(O) ec(O) fid(O) fld(O) ptlrpc(O) efivarfs obdclass(O) ksocklnd(O) lnet(O) libcfs(O)
00043 CPU: 2 UID: 0 PID: 3763 Comm: touch Tainted: G        W  O        7.0.0-ktest-bf7747f-6330a45-20260814-dirty #1 PREEMPT 
00043 Tainted: [W]=WARN, [O]=OOT_MODULE
00043 Hardware name: QEMU Standard PC (Q35 + ICH9, 2009), BIOS 2025.11-3ubuntu7 03/31/2026
00043 RIP: 0010:ll_iget+0x599/0x850 [lustre]
00043 Code: 48 c7 c2 80 52 76 a1 e8 45 76 d4 fe 48 c7 c7 80 d7 a6 a1 e8 39 06 d5 fe 48 89 df 4c 89 fe e9 34 fb ff ff 0f 0b e9 89 fb ff ff <0f> 0b e9 f0 fc ff ff 48 c7 c1 80 44 5d a0 80 e1 07 80 c1 03 38 c1
00043 RSP: 0018:ffffc9000a36f610 EFLAGS: 00010246
00043 RAX: 0000000000000000 RBX: ffff88802e460f80 RCX: 0000000000000046
00043 RDX: 0000000000000000 RSI: ffff88802e461010 RDI: ffff8881380b4af0
00043 RBP: ffff888045323000 R08: ffffffff83a16803 R09: 1ffffffff0742d00
00043 R10: dffffc0000000000 R11: fffffbfff0742d01 R12: dffffc0000000000
00043 R13: 1ffff11005c8c209 R14: ffffc9000a36f6c8 R15: ffff88802e461048
00043 FS:  00007f3f118e3740(0000) GS:ffff8881d4b2a000(0000) knlGS:0000000000000000
00043 CS:  0010 DS: 0000 ES: 0000 CR0: 0000000080050033
00043 CR2: 00007f3f116f59d0 CR3: 0000000031546000 CR4: 0000000000750eb0
00043 PKRU: 55555554
00043 Call Trace:
00043  <TASK>
00043  ll_prep_inode+0x682/0x1310 [lustre]
00043  ? lustre_swab_barrier_lvb+0xd0/0xd0 [ptlrpc]
00043  ll_lookup_it+0x168c/0x4650 [lustre]
00043  ? d_alloc_parallel+0xe4f/0xfb0
00043  ll_lookup_nd+0x2a7/0x4f0 [lustre]
00043  __lookup_slow+0x1a2/0x260
00043  lookup_slow+0x53/0x70
00043  link_path_walk+0xac4/0x13d0
00043  path_openat+0x236/0x2630
00043  ? kasan_save_track+0x2f/0x60
00043  ? kmem_cache_alloc_noprof+0xea/0x3d0
00043  ? do_getname+0x67/0x190
00043  ? __x64_sys_openat+0xf8/0x120
00043  ? do_syscall_64+0xc1/0x350
00043  ? filemap_map_pages+0x14c/0x1210
00043  do_file_open+0x19b/0x360
00043  ? _raw_spin_unlock+0x23/0x40
00043  ? alloc_fd+0x42c/0x480
00043  do_sys_openat2+0x84/0xf0
00043  __x64_sys_openat+0xf8/0x120
00043  do_syscall_64+0xc1/0x350
00043  entry_SYSCALL_64_after_hwframe+0x4b/0x53
00043 RIP: 0033:0x7f3f1171b1a5
00043 Code: 83 e2 40 75 50 89 f0 f7 d0 a9 00 00 41 00 74 45 80 3d ae fe 0e 00 00 74 60 89 da 4c 89 e6 bf 9c ff ff ff b8 01 01 00 00 0f 05 <48> 3d 00 f0 ff ff 0f 87 7f 00 00 00 48 8b 55 b8 64 48 2b 14 25 28
00043 RSP: 002b:00007ffd86737c90 EFLAGS: 00000202 ORIG_RAX: 0000000000000101
00043 RAX: ffffffffffffffda RBX: 0000000000000941 RCX: 00007f3f1171b1a5
00043 RDX: 0000000000000941 RSI: 00007ffd8673882b RDI: 00000000ffffff9c
00043 RBP: 00007ffd86737d00 R08: 00000000ffffffff R09: 0000000000000000
00043 R10: 00000000000001b6 R11: 0000000000000202 R12: 00007ffd8673882b
00043 R13: 00007f3f11803248 R14: 0000000000000000 R15: 0000000000000001
00043  </TASK>
00043 ---[ end trace 0000000000000000 ]---
00043 ------------[ cut here ]------------
00043 WARNING: /home/ktest/git/linux/include/linux/fs.h:889 at osd_create+0x9cf/0xcf0 [osd_wbcfs], CPU#0: mdt00_000/1728
00043 Modules linked in: ofd(O) osp(O) mdd(O) lod(O) mdt(O) lquota(O) lfsck(O) mgs(O) osd_wbcfs(O) lustre(O) obdecho(O) mgc(O) mdc(O) lov(O) osc(O) lmv(O) ec(O) fid(O) fld(O) ptlrpc(O) efivarfs obdclass(O) ksocklnd(O) lnet(O) libcfs(O)
00043 CPU: 0 UID: 0 PID: 1728 Comm: mdt00_000 Tainted: G        W  O        7.0.0-ktest-bf7747f-6330a45-20260814-dirty #1 PREEMPT 
00043 Tainted: [W]=WARN, [O]=OOT_MODULE
00043 Hardware name: QEMU Standard PC (Q35 + ICH9, 2009), BIOS 2025.11-3ubuntu7 03/31/2026
00043 RIP: 0010:osd_create+0x9cf/0xcf0 [osd_wbcfs]
00043 Code: c7 c7 00 96 7b a1 48 c7 c6 a0 12 7d a1 48 c7 c2 00 1c 7d a1 e8 52 f1 43 ff 48 c7 c7 00 96 7b a1 e8 46 81 44 ff e9 fe fc ff ff <0f> 0b e9 a5 fa ff ff 48 c7 c1 80 44 5d a0 80 e1 07 80 c1 03 38 c1
00043 RSP: 0018:ffffc900013472e8 EFLAGS: 00010246
00043 RAX: 0000000000000000 RBX: ffff88811babc800 RCX: 0000000000000046
00043 RDX: 0000000000000000 RSI: ffff88802efa50d8 RDI: ffff888024a82a58
00043 RBP: ffff88802efa5048 R08: ffff8881097ae803 R09: 1ffff110212f5d00
00043 R10: dffffc0000000000 R11: ffffed10212f5d01 R12: ffff88811da602c8
00043 R13: dffffc0000000000 R14: 1ffff11023757900 R15: 1ffff11005d102c8
00043 FS:  0000000000000000(0000) GS:ffff8881d4a2a000(0000) knlGS:0000000000000000
00043 CS:  0010 DS: 0000 ES: 0000 CR0: 0000000080050033
00043 CR2: 000055f54176f270 CR3: 0000000031546000 CR4: 0000000000750eb0
00043 PKRU: 55555554
00043 Call Trace:
00043  <TASK>
00043  ? lod_sub_create+0x168a/0x1940 [lod]
00043  ? dt_write_lock+0x16d/0x2a0 [obdclass]
00043  ? lod_create+0x10d/0x720 [lod]
00043  ? mdd_create_object_internal+0x18f/0x320 [mdd]
00043  ? mdd_create_object+0xab/0x1ce0 [mdd]
00043  ? mdd_create+0x202b/0x4110 [mdd]
00043  ? lustre_msg_get_versions+0x49/0x160 [ptlrpc]
00043  ? mdt_reint_open+0x434b/0x8480 [mdt]
00043  ? mdt_reint_rec+0x10f/0x530 [mdt]
00043  ? mdt_reint_internal+0x9d5/0x11a0 [mdt]
00043  ? mdt_intent_open+0x18b/0x9a0 [mdt]
00043  ? mdt_intent_policy+0x1639/0x2300 [mdt]
00043  ? mdt_register_lwp_callback+0x620/0x620 [mdt]
00043  ? mdt_seq_init+0x1ef0/0x1ef0 [mdt]
00043  ? ldlm_lock_enqueue+0x221/0x16c0 [ptlrpc]
00043  ? ldlm_handle_enqueue+0x139f/0x3250 [ptlrpc]
00043  ? tgt_enqueue+0x19b/0x550 [ptlrpc]
00043  ? tgt_request_handle+0x23ad/0x3d30 [ptlrpc]
00043  ? ptlrpc_main+0x6359/0x96f0 [ptlrpc]
00043  ? __kthread_parkme+0x73/0x130
00043  ? kthread+0x2cd/0x3a0
00043  ? ptlrpc_start_thread+0x1f10/0x1f10 [ptlrpc]
00043  ? kthread_unuse_mm+0x130/0x130
00043  ? ret_from_fork+0x18c/0x520
00043  ? kthread_unuse_mm+0x130/0x130
00043  ? ret_from_fork_asm+0x11/0x20
00043  </TASK>
00043 ---[ end trace 0000000000000000 ]---
00043 ------------[ cut here ]------------
00043 WARNING: /home/ktest/git/linux/include/linux/fs.h:889 at ll_iget+0x592/0x850 [lustre], CPU#2: touch/3763
00043 Modules linked in: ofd(O) osp(O) mdd(O) lod(O) mdt(O) lquota(O) lfsck(O) mgs(O) osd_wbcfs(O) lustre(O) obdecho(O) mgc(O) mdc(O) lov(O) osc(O) lmv(O) ec(O) fid(O) fld(O) ptlrpc(O) efivarfs obdclass(O) ksocklnd(O) lnet(O) libcfs(O)
00043 CPU: 2 UID: 0 PID: 3763 Comm: touch Tainted: G        W  O        7.0.0-ktest-bf7747f-6330a45-20260814-dirty #1 PREEMPT 
00043 Tainted: [W]=WARN, [O]=OOT_MODULE
00043 Hardware name: QEMU Standard PC (Q35 + ICH9, 2009), BIOS 2025.11-3ubuntu7 03/31/2026
00043 RIP: 0010:ll_iget+0x592/0x850 [lustre]
00043 Code: 48 c7 c6 40 52 76 a1 48 c7 c2 80 52 76 a1 e8 45 76 d4 fe 48 c7 c7 80 d7 a6 a1 e8 39 06 d5 fe 48 89 df 4c 89 fe e9 34 fb ff ff <0f> 0b e9 89 fb ff ff 0f 0b e9 f0 fc ff ff 48 c7 c1 80 44 5d a0 80
00043 RSP: 0018:ffffc9000a36f6c8 EFLAGS: 00010246
00043 RAX: 0000000000000000 RBX: ffff888029f7c880 RCX: 0000000000000046
00043 RDX: 0000000000000000 RSI: ffff888029f7c910 RDI: ffff8881380b4b18
00043 RBP: ffff888045323000 R08: ffff88802ecf2883 R09: 1ffff11005d9e510
00043 R10: dffffc0000000000 R11: ffffed1005d9e511 R12: dffffc0000000000
00043 R13: dffffc0000000000 R14: ffffc9000a36f780 R15: 0200000402000008
00043 FS:  00007f3f118e3740(0000) GS:ffff8881d4b2a000(0000) knlGS:0000000000000000
00043 CS:  0010 DS: 0000 ES: 0000 CR0: 0000000080050033
00043 CR2: 00007f3f116f59d0 CR3: 0000000031546000 CR4: 0000000000750eb0
00043 PKRU: 55555554
00043 Call Trace:
00043  <TASK>
00043  ll_prep_inode+0x682/0x1310 [lustre]
00043  ll_create_it+0x52f/0x15d0 [lustre]
00043  ll_lookup_it+0x2bac/0x4650 [lustre]
00043  ? __alloc_tagging_slab_alloc_hook+0x136/0x190
00043  ll_atomic_open+0x950/0x1690 [lustre]
00043  atomic_open+0x162/0x320
00043  path_openat+0xcda/0x2630
00043  do_file_open+0x19b/0x360
00043  ? _raw_spin_unlock+0x23/0x40
00043  ? alloc_fd+0x42c/0x480
00043  do_sys_openat2+0x84/0xf0
00043  __x64_sys_openat+0xf8/0x120
00043  do_syscall_64+0xc1/0x350
00043  entry_SYSCALL_64_after_hwframe+0x4b/0x53
00043 RIP: 0033:0x7f3f1171b1a5
00043 Code: 83 e2 40 75 50 89 f0 f7 d0 a9 00 00 41 00 74 45 80 3d ae fe 0e 00 00 74 60 89 da 4c 89 e6 bf 9c ff ff ff b8 01 01 00 00 0f 05 <48> 3d 00 f0 ff ff 0f 87 7f 00 00 00 48 8b 55 b8 64 48 2b 14 25 28
00043 RSP: 002b:00007ffd86737c90 EFLAGS: 00000202 ORIG_RAX: 0000000000000101
00043 RAX: ffffffffffffffda RBX: 0000000000000941 RCX: 00007f3f1171b1a5
00043 RDX: 0000000000000941 RSI: 00007ffd8673882b RDI: 00000000ffffff9c
00043 RBP: 00007ffd86737d00 R08: 00000000ffffffff R09: 0000000000000000
00043 R10: 00000000000001b6 R11: 0000000000000202 R12: 00007ffd8673882b
00043 R13: 00007f3f11803248 R14: 0000000000000000 R15: 0000000000000001
00043  </TASK>
00043 ---[ end trace 0000000000000000 ]---
00043 ------------[ cut here ]------------
00043 WARNING: /home/ktest/git/linux/include/linux/fs.h:889 at cl_file_inode_init+0x5f8/0x7a0 [lustre], CPU#2: touch/3763
00043 Modules linked in: ofd(O) osp(O) mdd(O) lod(O) mdt(O) lquota(O) lfsck(O) mgs(O) osd_wbcfs(O) lustre(O) obdecho(O) mgc(O) mdc(O) lov(O) osc(O) lmv(O) ec(O) fid(O) fld(O) ptlrpc(O) efivarfs obdclass(O) ksocklnd(O) lnet(O) libcfs(O)
00043 CPU: 2 UID: 0 PID: 3763 Comm: touch Tainted: G        W  O        7.0.0-ktest-bf7747f-6330a45-20260814-dirty #1 PREEMPT 
00043 Tainted: [W]=WARN, [O]=OOT_MODULE
00043 Hardware name: QEMU Standard PC (Q35 + ICH9, 2009), BIOS 2025.11-3ubuntu7 03/31/2026
00043 RIP: 0010:cl_file_inode_init+0x5f8/0x7a0 [lustre]
00043 Code: c7 c7 c0 b3 a8 a1 48 c7 c6 c0 e3 76 a1 48 c7 c2 00 e4 76 a1 e8 f9 4e cf fe 48 c7 c7 c0 b3 a8 a1 e8 ed de cf fe e9 eb fb ff ff <0f> 0b e9 63 fc ff ff c7 05 ef c6 17 00 00 00 04 00 48 c7 c7 c0 b6
00043 RSP: 0018:ffffc9000a36f4c0 EFLAGS: 00010246
00043 RAX: 0000000000000000 RBX: ffff888029f7c880 RCX: 0000000000000046
00043 RDX: ffff888029f7c7ac RSI: ffff888029f7c910 RDI: ffff8881380b4b18
00043 RBP: dffffc0000000000 R08: ffff8881097ae983 R09: 1ffff110212f5d30
00043 R10: dffffc0000000000 R11: ffffed10212f5d31 R12: ffff88811903a5b8
00043 R13: 1ffff110053efa48 R14: ffff888029f7d240 R15: ffff88802ef6d000
00043 FS:  00007f3f118e3740(0000) GS:ffff8881d4b2a000(0000) knlGS:0000000000000000
00043 CS:  0010 DS: 0000 ES: 0000 CR0: 0000000080050033
00043 CR2: 00007f3f116f59d0 CR3: 0000000031546000 CR4: 0000000000750eb0
00043 PKRU: 55555554
00043 Call Trace:
00043  <TASK>
00043  ll_update_inode+0xfa/0x3ef0 [lustre]
00043  ? report_bug+0x87/0xc0
00043  ? inode_set_ctime_to_ts+0x7f/0x1b0
00043  ll_read_inode2+0x23d/0x9f0 [lustre]
00043  ll_iget+0x201/0x850 [lustre]
00043  ll_prep_inode+0x682/0x1310 [lustre]
00043  ll_create_it+0x52f/0x15d0 [lustre]
00043  ll_lookup_it+0x2bac/0x4650 [lustre]
00043  ? __alloc_tagging_slab_alloc_hook+0x136/0x190
00043  ll_atomic_open+0x950/0x1690 [lustre]
00043  atomic_open+0x162/0x320
00043  path_openat+0xcda/0x2630
00043  do_file_open+0x19b/0x360
00043  ? _raw_spin_unlock+0x23/0x40
00043  ? alloc_fd+0x42c/0x480
00043  do_sys_openat2+0x84/0xf0
00043  __x64_sys_openat+0xf8/0x120
00043  do_syscall_64+0xc1/0x350
00043  entry_SYSCALL_64_after_hwframe+0x4b/0x53
00043 RIP: 0033:0x7f3f1171b1a5
00043 Code: 83 e2 40 75 50 89 f0 f7 d0 a9 00 00 41 00 74 45 80 3d ae fe 0e 00 00 74 60 89 da 4c 89 e6 bf 9c ff ff ff b8 01 01 00 00 0f 05 <48> 3d 00 f0 ff ff 0f 87 7f 00 00 00 48 8b 55 b8 64 48 2b 14 25 28
00043 RSP: 002b:00007ffd86737c90 EFLAGS: 00000202 ORIG_RAX: 0000000000000101
00043 RAX: ffffffffffffffda RBX: 0000000000000941 RCX: 00007f3f1171b1a5
00043 RDX: 0000000000000941 RSI: 00007ffd8673882b RDI: 00000000ffffff9c
00043 RBP: 00007ffd86737d00 R08: 00000000ffffffff R09: 0000000000000000
00043 R10: 00000000000001b6 R11: 0000000000000202 R12: 00007ffd8673882b
00043 R13: 00007f3f11803248 R14: 0000000000000000 R15: 0000000000000001
00043  </TASK>
00043 ---[ end trace 0000000000000000 ]---
00043 touch (3763) used greatest stack depth: 24128 bytes left
00043 ln: failed to create symbolic link '/mnt/lustre/d17l.sanity/f17l.sanity.lnk': Operation not supported
00043 ------------[ cut here ]------------
00043 WARNING: /home/ktest/git/linux/include/linux/fs.h:889 at ll_iget+0x592/0x850 [lustre], CPU#1: getfattr/3769
00043 Modules linked in: ofd(O) osp(O) mdd(O) lod(O) mdt(O) lquota(O) lfsck(O) mgs(O) osd_wbcfs(O) lustre(O) obdecho(O) mgc(O) mdc(O) lov(O) osc(O) lmv(O) ec(O) fid(O) fld(O) ptlrpc(O) efivarfs obdclass(O) ksocklnd(O) lnet(O) libcfs(O)
00043 CPU: 1 UID: 0 PID: 3769 Comm: getfattr Tainted: G        W  O        7.0.0-ktest-bf7747f-6330a45-20260814-dirty #1 PREEMPT 
00043 Tainted: [W]=WARN, [O]=OOT_MODULE
00043 Hardware name: QEMU Standard PC (Q35 + ICH9, 2009), BIOS 2025.11-3ubuntu7 03/31/2026
00043 RIP: 0010:ll_iget+0x592/0x850 [lustre]
00043 Code: 48 c7 c6 40 52 76 a1 48 c7 c2 80 52 76 a1 e8 45 76 d4 fe 48 c7 c7 80 d7 a6 a1 e8 39 06 d5 fe 48 89 df 4c 89 fe e9 34 fb ff ff <0f> 0b e9 89 fb ff ff 0f 0b e9 f0 fc ff ff 48 c7 c1 80 44 5d a0 80
00043 RSP: 0018:ffffc9000a34f6d8 EFLAGS: 00010246
00043 RAX: 0000000000000000 RBX: ffff888029f7c880 RCX: 0000000000000046
00043 RDX: 0000000000000000 RSI: ffff888029f7c910 RDI: ffff888135f98970
00043 RBP: ffff888045323000 R08: ffffffff83a16803 R09: 1ffffffff0742d00
00043 R10: dffffc0000000000 R11: fffffbfff0742d01 R12: dffffc0000000000
00043 R13: dffffc0000000000 R14: ffffc9000a34f790 R15: 0200000402000008
00043 FS:  00007f4d4bcee740(0000) GS:ffff8881d4aaa000(0000) knlGS:0000000000000000
00043 CS:  0010 DS: 0000 ES: 0000 CR0: 0000000080050033
00043 CR2: 00007f4d4bb0d6f0 CR3: 00000000315ef000 CR4: 0000000000750eb0
00043 PKRU: 55555554
00043 Call Trace:
00043  <TASK>
00043  ll_prep_inode+0x682/0x1310 [lustre]
00043  ? lustre_swab_barrier_lvb+0xd0/0xd0 [ptlrpc]
00043  ll_lookup_it+0x168c/0x4650 [lustre]
00043  ? encode_fn_len+0xd3/0xb10 [obdclass]
00043  ll_lookup_nd+0x2a7/0x4f0 [lustre]
00043  __lookup_slow+0x1a2/0x260
00043  lookup_slow+0x53/0x70
00043  path_lookupat+0x2d0/0x6d0
00043  filename_lookup+0x18f/0x340
00043  vfs_statx+0x6a/0x3c0
00043  ? do_getname+0xb3/0x190
00043  vfs_fstatat+0xa6/0xd0
00043  __x64_sys_newfstatat+0xb2/0x2c0
00043  ? do_raw_spin_unlock+0x52/0x230
00043  ? __x64_sys_prlimit64+0x48c/0x5f0
00043  ? __x64_sys_prlimit64+0xe9/0x5f0
00043  ? fpregs_assert_state_consistent+0x4f/0xe0
00043  do_syscall_64+0xc1/0x350
00043  entry_SYSCALL_64_after_hwframe+0x4b/0x53
00043 RIP: 0033:0x7f4d4bb173ee
00043 Code: 0f 1f 40 00 48 8b 15 29 ba 0e 00 f7 d8 64 89 02 b8 ff ff ff ff c3 66 0f 1f 44 00 00 f3 0f 1e fa 41 89 ca b8 06 01 00 00 0f 05 <3d> 00 f0 ff ff 77 0b 31 c0 c3 0f 1f 84 00 00 00 00 00 48 8b 15 f1
00043 RSP: 002b:00007ffd0ba87bc8 EFLAGS: 00000246 ORIG_RAX: 0000000000000106
00043 RAX: ffffffffffffffda RBX: 00007ffd0ba87c80 RCX: 00007f4d4bb173ee
00043 RDX: 00007ffd0ba88ce0 RSI: 00007ffd0ba87c80 RDI: 00000000ffffff9c
00043 RBP: 00007ffd0ba87c50 R08: 0000564f55e6e910 R09: 0000564f55e6eed0
00043 R10: 0000000000000100 R11: 0000000000000246 R12: 0000000000000100
00043 R13: 00007ffd0ba87c80 R14: 00007ffd0ba88ce0 R15: 0000000000000000
00043  </TASK>
00043 ---[ end trace 0000000000000000 ]---
00043 ------------[ cut here ]------------
00043 WARNING: /home/ktest/git/linux/include/linux/fs.h:889 at ll_iget+0x599/0x850 [lustre], CPU#1: getfattr/3769
00043 Modules linked in: ofd(O) osp(O) mdd(O) lod(O) mdt(O) lquota(O) lfsck(O) mgs(O) osd_wbcfs(O) lustre(O) obdecho(O) mgc(O) mdc(O) lov(O) osc(O) lmv(O) ec(O) fid(O) fld(O) ptlrpc(O) efivarfs obdclass(O) ksocklnd(O) lnet(O) libcfs(O)
00043 CPU: 1 UID: 0 PID: 3769 Comm: getfattr Tainted: G        W  O        7.0.0-ktest-bf7747f-6330a45-20260814-dirty #1 PREEMPT 
00043 Tainted: [W]=WARN, [O]=OOT_MODULE
00043 Hardware name: QEMU Standard PC (Q35 + ICH9, 2009), BIOS 2025.11-3ubuntu7 03/31/2026
00043 RIP: 0010:ll_iget+0x599/0x850 [lustre]
00043 Code: 48 c7 c2 80 52 76 a1 e8 45 76 d4 fe 48 c7 c7 80 d7 a6 a1 e8 39 06 d5 fe 48 89 df 4c 89 fe e9 34 fb ff ff 0f 0b e9 89 fb ff ff <0f> 0b e9 f0 fc ff ff 48 c7 c1 80 44 5d a0 80 e1 07 80 c1 03 38 c1
00043 RSP: 0018:ffffc9000a34f6d8 EFLAGS: 00010246
00043 RAX: 0000000000000000 RBX: ffff888029f7c880 RCX: 0000000000000046
00043 RDX: 0000000000000000 RSI: ffff888029f7c910 RDI: ffff888135f98970
00043 RBP: ffff888045323000 R08: ffffffff83a16803 R09: 1ffffffff0742d00
00043 R10: dffffc0000000000 R11: fffffbfff0742d01 R12: dffffc0000000000
00043 R13: 1ffff110053ef929 R14: ffffc9000a34f790 R15: ffff888029f7c948
00043 FS:  00007f4d4bcee740(0000) GS:ffff8881d4aaa000(0000) knlGS:0000000000000000
00043 CS:  0010 DS: 0000 ES: 0000 CR0: 0000000080050033
00043 CR2: 00007f4d4bb0d6f0 CR3: 00000000315ef000 CR4: 0000000000750eb0
00043 PKRU: 55555554
00043 Call Trace:
00043  <TASK>
00043  ll_prep_inode+0x682/0x1310 [lustre]
00043  ? lustre_swab_barrier_lvb+0xd0/0xd0 [ptlrpc]
00043  ll_lookup_it+0x168c/0x4650 [lustre]
00043  ? encode_fn_len+0xd3/0xb10 [obdclass]
00043  ll_lookup_nd+0x2a7/0x4f0 [lustre]
00043  __lookup_slow+0x1a2/0x260
00043  lookup_slow+0x53/0x70
00043  path_lookupat+0x2d0/0x6d0
00043  filename_lookup+0x18f/0x340
00043  vfs_statx+0x6a/0x3c0
00043  ? do_getname+0xb3/0x190
00043  vfs_fstatat+0xa6/0xd0
00043  __x64_sys_newfstatat+0xb2/0x2c0
00043  ? do_raw_spin_unlock+0x52/0x230
00043  ? __x64_sys_prlimit64+0x48c/0x5f0
00043  ? __x64_sys_prlimit64+0xe9/0x5f0
00043  ? fpregs_assert_state_consistent+0x4f/0xe0
00043  do_syscall_64+0xc1/0x350
00043  entry_SYSCALL_64_after_hwframe+0x4b/0x53
00043 RIP: 0033:0x7f4d4bb173ee
00043 Code: 0f 1f 40 00 48 8b 15 29 ba 0e 00 f7 d8 64 89 02 b8 ff ff ff ff c3 66 0f 1f 44 00 00 f3 0f 1e fa 41 89 ca b8 06 01 00 00 0f 05 <3d> 00 f0 ff ff 77 0b 31 c0 c3 0f 1f 84 00 00 00 00 00 48 8b 15 f1
00043 RSP: 002b:00007ffd0ba87bc8 EFLAGS: 00000246 ORIG_RAX: 0000000000000106
00043 RAX: ffffffffffffffda RBX: 00007ffd0ba87c80 RCX: 00007f4d4bb173ee
00043 RDX: 00007ffd0ba88ce0 RSI: 00007ffd0ba87c80 RDI: 00000000ffffff9c
00043 RBP: 00007ffd0ba87c50 R08: 0000564f55e6e910 R09: 0000564f55e6eed0
00043 R10: 0000000000000100 R11: 0000000000000246 R12: 0000000000000100
00043 R13: 00007ffd0ba87c80 R14: 00007ffd0ba88ce0 R15: 0000000000000000
00043  </TASK>
00043 ---[ end trace 0000000000000000 ]---
00044 PASS 17l (1s)
00044 
00044 == sanity test 17m: run e2fsck against MDT which contains short/long symlink ========================================================== 02:52:12 (1786675932)
00044 Lustre: DEBUG MARKER: == sanity test 17m: run e2fsck against MDT which contains short/long symlink ========================================================== 02:52:12 (1786675932)
00044 
00044  SKIP: sanity test_17m ldiskfs only test
00044 Lustre: DEBUG MARKER: SKIP: sanity test_17m ldiskfs only test
00044 SKIP 17m (0s)
00044 
00044 == sanity test 17n: run e2fsck against master/slave MDT which contains remote dir ========================================================== 02:52:12 (1786675932)
00044 Lustre: DEBUG MARKER: == sanity test 17n: run e2fsck against master/slave MDT which contains remote dir ========================================================== 02:52:12 (1786675932)
00044 
00044  SKIP: sanity test_17n needs >= 2 MDTs
00045 Lustre: DEBUG MARKER: SKIP: sanity test_17n needs >= 2 MDTs
00045 SKIP 17n (1s)
00046 rm (4399) used greatest stack depth: 24112 bytes left
00046 resend_count is set to 4 4
00046 resend_count is set to 4 4
00046 resend_count is set to 4 4
00046 resend_count is set to 4 4
00046 resend_count is set to 4 4
00048 == sanity test complete, duration 15 sec ================= 02:52:16 (1786675936)
00048 Lustre: DEBUG MARKER: == sanity test complete, duration 15 sec ================= 02:52:16 (1786675936)
00048 sanity: FAIL: test_17d mkdir '/mnt/lustre/d17d.sanity' failed
00048 sanity: FAIL: test_17e create symlink failed
00048 sanity: FAIL: test_17f mkdir '/mnt/lustre/d17f.sanity' failed
00048 sanity: FAIL: test_17g failed 59-char symlink
00048 sanity: FAIL: test_17k mkdir '/mnt/lustre/d17k.sanity' failed
00048 === sanity: start cleanup 02:52:16 (1786675936) ===
00048 Lustre: DEBUG MARKER: === sanity: start cleanup 02:52:16 (1786675936) ===
00048 skip cleanup
00048 === sanity: finish cleanup 02:52:16 (1786675936) ===
00048 Lustre: DEBUG MARKER: === sanity: finish cleanup 02:52:16 (1786675936) ===
00048 debug=super ioctl neterror warning dlmtrace error emerg ha rpctrace vfstrace config console lfsck
00048 sanity returned 1
00048 Finished at Fri Aug 14 02:52:17 UTC 2026 in 22s
00048 /host/home/ktest/git/lustre-release/lustre/tests/auster: completed with rc 0
00049 
00049 ========= PASSED sanity-quick in 42s
00049 
00049 Passed: sanity-quick
00049 Failed: 
00049 NOTICE: Automounting of tracing to debugfs is deprecated and will be removed in 2030
00049 ------------[ cut here ]------------
00049 WARNING: /home/ktest/git/linux/include/linux/fs.h:889 at ll_writepages+0x4d3/0x6d0 [lustre], CPU#0: kworker/u16:2/43
00049 Modules linked in: ofd(O) osp(O) mdd(O) lod(O) mdt(O) lquota(O) lfsck(O) mgs(O) osd_wbcfs(O) lustre(O) obdecho(O) mgc(O) mdc(O) lov(O) osc(O) lmv(O) ec(O) fid(O) fld(O) ptlrpc(O) efivarfs obdclass(O) ksocklnd(O) lnet(O) libcfs(O)
00049 CPU: 0 UID: 0 PID: 43 Comm: kworker/u16:2 Tainted: G        W  O        7.0.0-ktest-bf7747f-6330a45-20260814-dirty #1 PREEMPT 
00049 Tainted: [W]=WARN, [O]=OOT_MODULE
00049 Hardware name: QEMU Standard PC (Q35 + ICH9, 2009), BIOS 2025.11-3ubuntu7 03/31/2026
00049 Workqueue: writeback wb_workfn (flush-lustre-ffff88802ecf2000)
00049 RIP: 0010:ll_writepages+0x4d3/0x6d0 [lustre]
00049 Code: 05 a6 a1 48 c7 c6 60 f9 75 a1 48 89 ca 49 89 c8 48 89 c3 e8 9f 43 d6 fe 48 89 d8 48 83 c4 30 5b 41 5c 41 5d 41 5e 41 5f 5d c3 <0f> 0b e9 21 fe ff ff 48 c7 c1 80 44 5d a0 80 e1 07 80 c1 03 38 c1
00049 RSP: 0018:ffffc9000030f5d0 EFLAGS: 00010246
00049 RAX: 0000000000000000 RBX: 1ffff92000061f0e RCX: 0000000000000046
00049 RDX: 0000000000000000 RSI: ffff888029f7c910 RDI: ffff888104072a80
00049 RBP: ffff888029f7c880 R08: ffff888029f7c8fb R09: 1ffff110053ef91f
00049 R10: dffffc0000000000 R11: ffffed10053ef920 R12: 0000000000000000
00049 R13: 0000000000000000 R14: ffffc9000030f850 R15: dffffc0000000000
00049 FS:  0000000000000000(0000) GS:ffff8881d4a2a000(0000) knlGS:0000000000000000
00049 CS:  0010 DS: 0000 ES: 0000 CR0: 0000000080050033
00049 CR2: 000055c53b5d9e18 CR3: 000000011c6c2000 CR4: 0000000000750eb0
00049 PKRU: 55555554
00049 Call Trace:
00049  <TASK>
00049  do_writepages+0x250/0x3a0
00049  ? reacquire_held_locks+0xfc/0x160
00049  ? writeback_sb_inodes+0x37c/0x13e0
00049  __writeback_single_inode+0xec/0xc00
00049  writeback_sb_inodes+0x6ee/0x13e0
00049  __writeback_inodes_wb+0x124/0x1f0
00049  wb_writeback+0x2ea/0x6f0
00049  wb_workfn+0x55b/0x9c0
00049  ? process_scheduled_works+0x805/0x1090
00049  process_scheduled_works+0x867/0x1090
00049  worker_thread+0x86d/0xcb0
00049  kthread+0x2cd/0x3a0
00049  ? pr_cont_work+0x4b0/0x4b0
00049  ? kthread_unuse_mm+0x130/0x130
00049  ret_from_fork+0x18c/0x520
00049  ? kthread_unuse_mm+0x130/0x130
00049  ret_from_fork_asm+0x11/0x20
00049  </TASK>
00049 ---[ end trace 0000000000000000 ]---
00049 Kernel version: 7.0.0-ktest-bf7747f-6330a45-20260814-dirty
00049 TEST SUCCESS
