00001 
00002 init: failed to load nvme_core
00002 init: failed to load nvme
00002 init: failed to load zfs
00002 LNetError: 1:0:(lib-socket.c:619:lnet_inet_enumerate()) lnet: Can't find any usable interfaces, rc = -ENOENT
00002 LNetError: Error -100 starting up LNI tcp
00003 LustreError: 1:0:(events.c:627:ptlrpc_init_portals()) network initialisation failed: rc = -100
00003 init: finit_module /lib/modules/7.0.0-ktest-d76e9af-6330a45-20260821-dirty/updates/ptlrpc.ko: Network is down
00003 init: failed to load lustre
00003 init: failed to load osd_zfs
00003 init: failed to load iwlwifi
00003 init: failed to load iwlmvm
00003 init: failed to load mt7921e
00003 init: failed to load i915
00003 init: failed to load nouveau
00007 tlp: vm.laptop_mode is deprecated. Ignoring setting.
00007 Kernel version: 7.0.0-ktest-d76e9af-6330a45-20260821-dirty
00007 hook init_noop
00007 
00007 Running tests sanity-quick
00007 
00007 ========= TEST   sanity-quick
00008 0a 0b 0c 0d 0e 1 2 3 4 5 6a 6c 6e 6g 6h 6i 7a 7b 8 9 10 11 12 13 14 15 16 17a 17b 17c 17d 17e 17f 17g 17h 17i 17k 17l 17m 17n 17o 17p 17q 18 19a 19b 19c 19d 20 21 22 23a 23b 23c 23d 24a 24b 24c 24d 24e 24f 24g 24h 24i 24j 24k 24l 24m 24n 24o 24p 24q 24r 24s 24t 24u 24v 24w 24x 24y 24z 24A 24B 24C 24E 24F 24G 24H 24I 25a 25b 26a 26b 26c 26d 26e 26f 27a 27b 27ca 27cb 27cc 27cd 27ce 27cf 27cg 27d 27e 27f 27g 27ga 27i 27j 27k 27l 27m 27n 27o 27oo 27p 27q 27r 27s 27t 27u 27v 27w 27wa 27x 27y 27z 27A 27B 27Ca 27Cb 27Cc 27Cd 27Ce 27Cf 27Cg 27Ci 27Cj 27D 27E 27F 27G 27H 27I 27Ia 27J 27K 27Ke 27L 27M 27N 27O 27P 27Q 27R 27T 27U 27V 27W 27X 28 29 30a 30b 30c 30d 31a 31b 31c 31d 31e 31f 31g 31h 31i 31j 31k 31l 31m 31n 31o 31p 31q 31r 32a 32b 32c 32d 32e 32f 32g 32h 32i 32j 32k 32l 32m 32n 32o 32p 32q 32r 33aa 33a 33b 33c 33d 33e 33f 33g 33h 33hh 33i 33j 34a 34b 34c 34d 34e 34f 34g 34h 35a 36a 36b 36c 36d 36e 36f 36g 36h 36i 38 39a 39b 39c 39d 39e 39f 39g 39h 39i 39j 39k 39l 39m 39n 39o 39p 39r 39q 39s 39u 40 41 42a 42b 42c 42d 42e 43A 43a 43b 43c 44A 44a 44b 44c 44d 44e 44f 44g 45 46 48a 48b 48c 48d 48e 48f 49a 49b 49c 50 51a 51b 51c 51d 51e 51f 52a 52b 53 54a 54b 54c 54d 54e 55a 55b 55c 56a 56b 56bb 56bc 56bd 56c 56ca 56d 56e 56g 56h 56i 56ib 56j 56k 56l 56m 56n 56o 56ob 56oc 56od 56oe 56p 56q 56r 56ra 56rb 56rc 56rd 56re 56rf 56s 56t 56u 56v 56wa 56wb 56wc 56wd 56we 56x 56xB 56xC 56xD 56xa 56xab 56xb 56xc 56xd 56xe 56xf 56xg 56xh 56xi 56xj 56xk 56xl 56y 56z 56Aa 56ab 56aca 56acb 56acc 56Ba 56Ca 56Da 56Db 56Dc 56Dd 56Ea 56Eaa 56Eab 56Eb 56Ebb 56Ec 56Ed 56Eda 56Edb 56Ef 56Eg 56Eh 56Ei 56Ej 56Ek 57a 57b 58 59 60a 60b 60c 60d 60e 60f 60g 60h 60i 60j 61a 61b 63a 63b 64a 64b 64c 64d 64e 64f 64g 64h 64i 64j 65a 65b 65c 65d 65e 65f 65g 65h 65i 65j 65k 65l 65m 65n 65o 65p 65q 65r 66 69 70a 71 72a 72b 73 74a 74b 74c 76a 76b 77a 77b 77c 77d 77f 77g 77k 77l 77m 77n 77o 78 79 80 81a 81b 99 100 101a 101b 101c 101d 101e 101f 101g 101h 101i 101j 101m 102a 102b 102c 102d 102f 102h 102ha 102i 102j 102k 102l 102m 102n 102p 102q 102r 102s 102t 103a 103b 103c 103e 103f 103g 104a 104b 104c 104d 105a 105b 105c 105d 105e 105f 105g 105h 105i 106 107 110 116a 116b 117 118a 118b 118c 118d 118f 118g 118h 118i 118j 118k 118l 118m 118n 119a 119b 119c 119e 119f 119g 119h 119i 119j 119k 119m 119n 119o 119p 119q 119r 120a 120b 120c 120d 120e 120f 120g 121 123aa 123ab 123ac 123ad 123b 123c 123d 123e 123f 123g 123h 123i 123j 123k 123l 124a 124b 124c 124d 124e 124f 124g 125 126 127a 127b 127c 127d 127e 127f 128 129 130a 130b 130c 130d 130e 130f 130g 130h 130i 131a 131b 131c 131d 131e 133a 133b 133c 133d 133e 133f 133g 133h 134a 134b 134c 135 136 140 150a 150b 150bb 150c 150d 150e 150f 150g 150h 150ia 150ib 150ic 151 152 153 154A 154B 154C 154a 154b 154c 154d 154e 154ea 154f 154g 154h 154i 154j 155a 155b 155c 155d 155e 155f 155g 155h 156 157a 157b 160a 160b 160c 160d 160e 160f 160g 160h 160i 160j 160k 160l 160m 160n 160o 160p 160q 160s 160t 160u 160v 160w 161a 161b 161c 161d 162a 162b 162c 165a 165b 165c 165d 165e 165f 165g 169 170a 170b 171 172 180a 180b 180c 181 182a 182b 183 184a 184b 184c 184d 184e 184f 185 185a 187a 187b 190a 190b 190c 200 204a 204b 204c 204d 204e 204f 204g 204h 205a 205b 205c 205d 205e 205f 205g 205h 205i 205k 205l 205m 206 207a 207b 208 209 210 212 213 214 215 216 217 218 219 220 221 222a 222b 223 224a 224b 224c 224d 225a 225b 226a 226b 226c 226d 226e 227 228a 228b 228c 229 230a 230b 230c 230d 230e 230f 230g 230h 230i 230j 230k 230l 230m 230n 230o 230p 230q 230r 230s 230t 230u 230v 230w 230x 230y 230z 230A 230B 231a 231b 232a 232b 233a 233b 234 235 236 238 239A 239a 239b 240 241a 241b 242 243 244a 244b 245a 245b 247a 247b 247c 247d 247e 247f 247g 247h 248a 248b 248c 248d 249 250 251a 252 253 254 255a 255b 255c 256 257 258a 258b 259 260 270a 270b 270c 270d 270e 270f 270g 270h 270i 270j 271a 271b 271ba 271c 271d 271f 271g 272a 272b 272c 272d 272e 272f 273a 273b 273c 275 276 277 278 280 300a 300b 300c 300d 300e 300f 300g 300h 300i 300j 300k 300l 300m 300n 300ne 300o 300p 300q 300r 300s 300t 300ua 300ub 300uc 300ud 300ue 300uf 300ug 300uh 300ui 300uj 310a 310b 310c 311 312 313 314 315 316 317 318 319 350 398a 398b 398c 398d 398e 398f 398g 398h 398i 398j 398k 398l 398m 398n 398o 398p 398q 398r 398s 398t 398u 399a 399b 400a 400b 401a 401aa 401ab 401ac 401ad 401b 401c 401d 401db 401e 401fa 401fb 401ga 401gb 401gc 401gd 402 403 404 405 406 407 408 409 410 411a 411b 412 413A 413a 413b 413c 413d 413e 413f 413g 413h 413i 413j 413k 413l 413z 414 415 416 417 418 419 420 421a 421b 421c 421d 421e 421f 421g 421h 422 423 424 425 426 427 428 429 430a 430b 430c 431 432 433 434 440 442 460d 600a 600b 600c 600d 801a 801b 801c 802b 802c 803a 803b 804 805 806 807a 807b 808 809 810 812a 812b 812c 813 814 815 816 817 818 819a 819b 820 823 831 832 833 834 842 850 851 852 853 854 855 860 900 901 902 903 904 905 906 907 908a 908b 909 910 911 920
00008 17d 17e 17f 17g 17h 17i 17k 17l 17m 17n
00008 17d,17e,17f,17g,17h,17i,17k,17l,17m,17n
00011 SETUP LUSTRE ... LNet: Added LNI 10.0.2.15@tcp [8/256/0/180]
00012 Lustre: Echo OBD driver; http://www.lustre.org/
00013 Lustre: 1729:0:(mdt_handler.c:64:mdt_max_mod_rpcs_per_client_set()) max_mod_rpcs_per_client is deprecated, set mdt.*.max_mod_rpcs_in_flight parameter instead
00013 ------------[ cut here ]------------
00013 WARNING: /home/ktest/git/linux/include/linux/fs.h:889 at osd_create+0x9cf/0xcf0 [osd_wbcfs], CPU#0: ll_mgs_0002/1726
00013 Modules linked in: mdt(O) lquota(O) lfsck(O) mgs(O) osd_wbcfs(O) lustre(O) obdecho(O) mgc(O) mdc(O) lov(O) osc(O) lmv(O) ec(O) fid(O) fld(O) ptlrpc(O) efivarfs obdclass(O) ksocklnd(O) lnet(O) libcfs(O)
00013 CPU: 0 UID: 0 PID: 1726 Comm: ll_mgs_0002 Tainted: G           O        7.0.0-ktest-d76e9af-6330a45-20260821-dirty #1 PREEMPT 
00013 Tainted: [O]=OOT_MODULE
00013 Hardware name: QEMU Standard PC (Q35 + ICH9, 2009), BIOS 2025.11-3ubuntu7 03/31/2026
00013 RIP: 0010:osd_create+0x9cf/0xcf0 [osd_wbcfs]
00013 Code: c7 c7 00 c6 7b a1 48 c7 c6 a0 42 7d a1 48 c7 c2 00 4c 7d a1 e8 82 dd 43 ff 48 c7 c7 00 c6 7b a1 e8 f6 6a 44 ff e9 fe fc ff ff <0f> 0b e9 a5 fa ff ff 48 c7 c1 80 44 5d a0 80 e1 07 80 c1 03 38 c1
00013 RSP: 0018:ffffc900011f7750 EFLAGS: 00010246
00013 RAX: 0000000000000000 RBX: ffff88811e443800 RCX: 0000000000000046
00013 RDX: 0000000000000000 RSI: ffff88802cbcf450 RDI: ffff8881188b4b68
00013 RBP: ffff88802cbcf3c0 R08: ffffffff83a16803 R09: 1ffffffff0742d00
00013 R10: dffffc0000000000 R11: fffffbfff0742d01 R12: ffff88811ab8e000
00013 R13: dffffc0000000000 R14: 1ffff11023c88700 R15: 1ffff11023571c0f
00013 FS:  0000000000000000(0000) GS:ffff8881d4a2a000(0000) knlGS:0000000000000000
00013 CS:  0010 DS: 0000 ES: 0000 CR0: 0000000080050033
00013 CR2: 00007fd7b4de6194 CR3: 0000000008808000 CR4: 0000000000750eb0
00013 PKRU: 55555554
00013 Call Trace:
00013  <TASK>
00013  ? local_object_create+0x109/0x640 [obdclass]
00013  ? dt_write_lock+0x16d/0x2a0 [obdclass]
00013  ? llog_osd_create+0x356/0x1140 [obdclass]
00013  ? llog_create+0x2ed/0x530 [obdclass]
00013  ? llog_open_create+0x5af/0xb10 [obdclass]
00013  ? mgs_find_or_make_fsdb_nolock+0x16d4/0x2d80 [mgs]
00013  ? class_find_param+0x25/0x70 [obdclass]
00013  ? mgs_find_or_make_fsdb+0xda/0x1f0 [mgs]
00013  ? mgs_target_reg+0x2333/0x4480 [mgs]
00013  ? tgt_request_handle+0x23ad/0x3d30 [ptlrpc]
00013  ? ptlrpc_main+0x6359/0x96f0 [ptlrpc]
00013  ? __kthread_parkme+0x73/0x130
00013  ? kthread+0x2cd/0x3a0
00013  ? ptlrpc_start_thread+0x1f10/0x1f10 [ptlrpc]
00013  ? kthread_unuse_mm+0x130/0x130
00013  ? ret_from_fork+0x18c/0x520
00013  ? kthread_unuse_mm+0x130/0x130
00013  ? ret_from_fork_asm+0x11/0x20
00013  </TASK>
00013 ---[ end trace 0000000000000000 ]---
00013 ------------[ cut here ]------------
00013 WARNING: /home/ktest/git/linux/include/linux/fs.h:889 at osd_create+0x9cf/0xcf0 [osd_wbcfs], CPU#0: ll_mgs_0002/1726
00013 Modules linked in: mdt(O) lquota(O) lfsck(O) mgs(O) osd_wbcfs(O) lustre(O) obdecho(O) mgc(O) mdc(O) lov(O) osc(O) lmv(O) ec(O) fid(O) fld(O) ptlrpc(O) efivarfs obdclass(O) ksocklnd(O) lnet(O) libcfs(O)
00013 CPU: 0 UID: 0 PID: 1726 Comm: ll_mgs_0002 Tainted: G        W  O        7.0.0-ktest-d76e9af-6330a45-20260821-dirty #1 PREEMPT 
00013 Tainted: [W]=WARN, [O]=OOT_MODULE
00013 Hardware name: QEMU Standard PC (Q35 + ICH9, 2009), BIOS 2025.11-3ubuntu7 03/31/2026
00013 RIP: 0010:osd_create+0x9cf/0xcf0 [osd_wbcfs]
00013 Code: c7 c7 00 c6 7b a1 48 c7 c6 a0 42 7d a1 48 c7 c2 00 4c 7d a1 e8 82 dd 43 ff 48 c7 c7 00 c6 7b a1 e8 f6 6a 44 ff e9 fe fc ff ff <0f> 0b e9 a5 fa ff ff 48 c7 c1 80 44 5d a0 80 e1 07 80 c1 03 38 c1
00013 RSP: 0018:ffffc900011f7698 EFLAGS: 00010246
00013 RAX: 0000000000000000 RBX: ffff88811e442800 RCX: 0000000000000046
00013 RDX: 0000000000000000 RSI: ffff88802cbced38 RDI: ffff8881188b4b68
00013 RBP: ffff88802cbceca8 R08: ffffffff83a16803 R09: 1ffffffff0742d00
00013 R10: dffffc0000000000 R11: fffffbfff0742d01 R12: ffff88811ab8e000
00013 R13: dffffc0000000000 R14: 1ffff11023c88500 R15: 1ffff11023571c0f
00013 FS:  0000000000000000(0000) GS:ffff8881d4a2a000(0000) knlGS:0000000000000000
00013 CS:  0010 DS: 0000 ES: 0000 CR0: 0000000080050033
00013 CR2: 00007fd7b4de6194 CR3: 0000000008808000 CR4: 0000000000750eb0
00013 PKRU: 55555554
00013 Call Trace:
00013  <TASK>
00013  ? local_object_create+0x109/0x640 [obdclass]
00013  ? dt_write_lock+0x16d/0x2a0 [obdclass]
00013  ? llog_osd_create+0x356/0x1140 [obdclass]
00013  ? llog_create+0x2ed/0x530 [obdclass]
00013  ? llog_open_create+0x5af/0xb10 [obdclass]
00013  ? record_start_log+0x348/0xa40 [mgs]
00013  ? mgs_write_log_lov+0x3ac/0xde0 [mgs]
00013  ? mgs_write_log_target+0x17a4/0x6ab0 [mgs]
00013  ? mgs_target_reg+0x254e/0x4480 [mgs]
00013  ? tgt_request_handle+0x23ad/0x3d30 [ptlrpc]
00013  ? ptlrpc_main+0x6359/0x96f0 [ptlrpc]
00013  ? __kthread_parkme+0x73/0x130
00013  ? kthread+0x2cd/0x3a0
00013  ? ptlrpc_start_thread+0x1f10/0x1f10 [ptlrpc]
00013  ? kthread_unuse_mm+0x130/0x130
00013  ? ret_from_fork+0x18c/0x520
00013  ? kthread_unuse_mm+0x130/0x130
00013  ? ret_from_fork_asm+0x11/0x20
00013  </TASK>
00013 ---[ end trace 0000000000000000 ]---
00013 ------------[ cut here ]------------
00013 WARNING: /home/ktest/git/linux/include/linux/fs.h:889 at osd_create+0x9cf/0xcf0 [osd_wbcfs], CPU#1: llog_process_th/1749
00013 Modules linked in: mdd(O) lod(O) mdt(O) lquota(O) lfsck(O) mgs(O) osd_wbcfs(O) lustre(O) obdecho(O) mgc(O) mdc(O) lov(O) osc(O) lmv(O) ec(O) fid(O) fld(O) ptlrpc(O) efivarfs obdclass(O) ksocklnd(O) lnet(O) libcfs(O)
00013 CPU: 1 UID: 0 PID: 1749 Comm: llog_process_th Tainted: G        W  O        7.0.0-ktest-d76e9af-6330a45-20260821-dirty #1 PREEMPT 
00013 Tainted: [W]=WARN, [O]=OOT_MODULE
00013 Hardware name: QEMU Standard PC (Q35 + ICH9, 2009), BIOS 2025.11-3ubuntu7 03/31/2026
00013 RIP: 0010:osd_create+0x9cf/0xcf0 [osd_wbcfs]
00013 Code: c7 c7 00 c6 7b a1 48 c7 c6 a0 42 7d a1 48 c7 c2 00 4c 7d a1 e8 82 dd 43 ff 48 c7 c7 00 c6 7b a1 e8 f6 6a 44 ff e9 fe fc ff ff <0f> 0b e9 a5 fa ff ff 48 c7 c1 80 44 5d a0 80 e1 07 80 c1 03 38 c1
00013 RSP: 0018:ffffc90001477450 EFLAGS: 00010246
00013 RAX: 0000000000000000 RBX: ffff88811b897800 RCX: 0000000000000046
00013 RDX: ffffffff84c44d40 RSI: ffff8880748950d8 RDI: ffff88802b660998
00013 RBP: ffff888074895048 R08: 0000000000000001 R09: 0000000000000000
00013 R10: dffffc0000000000 R11: ffffed100e9129fe R12: ffff888118aee700
00013 R13: dffffc0000000000 R14: 1ffff11023712f00 R15: 1ffff9200028eebf
00013 FS:  0000000000000000(0000) GS:ffff8881d4aaa000(0000) knlGS:0000000000000000
00013 CS:  0010 DS: 0000 ES: 0000 CR0: 0000000080050033
00013 CR2: 00007f4ceffe6194 CR3: 00000000246ff000 CR4: 0000000000750eb0
00013 PKRU: 55555554
00013 Call Trace:
00013  <TASK>
00013  ? dt_find_or_create+0x81a/0x1170 [obdclass]
00013  ? fld_index_init+0x404/0x1610 [fld]
00013  ? is_module_address+0x1b/0x70
00013  ? is_module_address+0x5e/0x70
00013  ? __asan_memset+0x22/0x40
00013  ? fld_server_init+0x1d7/0x580 [fld]
00013  ? mdt_device_alloc+0x36b4/0x66c0 [mdt]
00013  ? __alloc_tagging_slab_alloc_hook+0x136/0x190
00013  ? obd_setup+0x25c/0x960 [obdclass]
00013  ? class_setup+0xc7d/0x10e0 [obdclass]
00013  ? class_process_config+0x2edb/0x7cb0 [obdclass]
00013  ? __kasan_kmalloc+0x72/0x80
00013  ? class_config_llog_handler+0x2954/0x4f80 [obdclass]
00013  ? class_config_llog_handler+0x2cea/0x4f80 [obdclass]
00013  ? lustre_cfg_rec_free+0x350/0x350 [obdclass]
00013  ? llog_process_thread+0x1fd2/0x4f70 [obdclass]
00013  ? _raw_spin_unlock+0x23/0x40
00013  ? llog_process_thread_daemonize+0x16d/0x1b0 [obdclass]
00013  ? kthread+0x2cd/0x3a0
00013  ? llog_process_or_fork+0xc90/0xc90 [obdclass]
00013  ? kthread_unuse_mm+0x130/0x130
00013  ? ret_from_fork+0x18c/0x520
00013  ? kthread_unuse_mm+0x130/0x130
00013  ? ret_from_fork_asm+0x11/0x20
00013  </TASK>
00013 ---[ end trace 0000000000000000 ]---
00013 ------------[ cut here ]------------
00013 WARNING: /home/ktest/git/linux/include/linux/fs.h:889 at osd_create+0x9cf/0xcf0 [osd_wbcfs], CPU#1: llog_process_th/1749
00013 Modules linked in: mdd(O) lod(O) mdt(O) lquota(O) lfsck(O) mgs(O) osd_wbcfs(O) lustre(O) obdecho(O) mgc(O) mdc(O) lov(O) osc(O) lmv(O) ec(O) fid(O) fld(O) ptlrpc(O) efivarfs obdclass(O) ksocklnd(O) lnet(O) libcfs(O)
00013 CPU: 1 UID: 0 PID: 1749 Comm: llog_process_th Tainted: G        W  O        7.0.0-ktest-d76e9af-6330a45-20260821-dirty #1 PREEMPT 
00013 Tainted: [W]=WARN, [O]=OOT_MODULE
00013 Hardware name: QEMU Standard PC (Q35 + ICH9, 2009), BIOS 2025.11-3ubuntu7 03/31/2026
00013 RIP: 0010:osd_create+0x9cf/0xcf0 [osd_wbcfs]
00013 Code: c7 c7 00 c6 7b a1 48 c7 c6 a0 42 7d a1 48 c7 c2 00 4c 7d a1 e8 82 dd 43 ff 48 c7 c7 00 c6 7b a1 e8 f6 6a 44 ff e9 fe fc ff ff <0f> 0b e9 a5 fa ff ff 48 c7 c1 80 44 5d a0 80 e1 07 80 c1 03 38 c1
00013 RSP: 0018:ffffc90001477430 EFLAGS: 00010246
00013 RAX: 0000000000000000 RBX: ffff88811b896400 RCX: 0000000000000046
00013 RDX: 0000000000000000 RSI: ffff8880748949c0 RDI: ffff88802b660998
00013 RBP: ffff888074894930 R08: ffffffff83a16803 R09: 1ffffffff0742d00
00013 R10: dffffc0000000000 R11: fffffbfff0742d01 R12: ffffc90001477530
00013 R13: dffffc0000000000 R14: 1ffff11023712c80 R15: 1ffff9200028eea4
00013 FS:  0000000000000000(0000) GS:ffff8881d4aaa000(0000) knlGS:0000000000000000
00013 CS:  0010 DS: 0000 ES: 0000 CR0: 0000000080050033
00013 CR2: 00007f4ceffe6194 CR3: 00000000246ff000 CR4: 0000000000750eb0
00013 PKRU: 55555554
00013 Call Trace:
00013  <TASK>
00013  ? dt_find_or_create+0x81a/0x1170 [obdclass]
00013  ? seq_store_init+0x155/0x360 [fid]
00013  ? seq_server_init+0x290/0xba0 [fid]
00013  ? mdt_seq_init+0x513/0x1ef0 [mdt]
00013  ? fld_server_init+0x34e/0x580 [fld]
00013  ? mdt_device_alloc+0x39c5/0x66c0 [mdt]
00013  ? __alloc_tagging_slab_alloc_hook+0x136/0x190
00013  ? obd_setup+0x25c/0x960 [obdclass]
00013  ? class_setup+0xc7d/0x10e0 [obdclass]
00013  ? class_process_config+0x2edb/0x7cb0 [obdclass]
00013  ? __kasan_kmalloc+0x72/0x80
00013  ? class_config_llog_handler+0x2954/0x4f80 [obdclass]
00013  ? class_config_llog_handler+0x2cea/0x4f80 [obdclass]
00013  ? lustre_cfg_rec_free+0x350/0x350 [obdclass]
00013  ? llog_process_thread+0x1fd2/0x4f70 [obdclass]
00013  ? _raw_spin_unlock+0x23/0x40
00013  ? llog_process_thread_daemonize+0x16d/0x1b0 [obdclass]
00013  ? kthread+0x2cd/0x3a0
00013  ? llog_process_or_fork+0xc90/0xc90 [obdclass]
00013  ? kthread_unuse_mm+0x130/0x130
00013  ? ret_from_fork+0x18c/0x520
00013  ? kthread_unuse_mm+0x130/0x130
00013  ? ret_from_fork_asm+0x11/0x20
00013  </TASK>
00013 ---[ end trace 0000000000000000 ]---
00013 Lustre: ctl-lustre-MDT0000: No data found on store. Initialize space.
00013 ------------[ cut here ]------------
00013 WARNING: /home/ktest/git/linux/include/linux/fs.h:889 at osd_create+0x9cf/0xcf0 [osd_wbcfs], CPU#1: llog_process_th/1749
00013 Modules linked in: mdd(O) lod(O) mdt(O) lquota(O) lfsck(O) mgs(O) osd_wbcfs(O) lustre(O) obdecho(O) mgc(O) mdc(O) lov(O) osc(O) lmv(O) ec(O) fid(O) fld(O) ptlrpc(O) efivarfs obdclass(O) ksocklnd(O) lnet(O) libcfs(O)
00013 CPU: 1 UID: 0 PID: 1749 Comm: llog_process_th Tainted: G        W  O        7.0.0-ktest-d76e9af-6330a45-20260821-dirty #1 PREEMPT 
00013 Tainted: [W]=WARN, [O]=OOT_MODULE
00013 Hardware name: QEMU Standard PC (Q35 + ICH9, 2009), BIOS 2025.11-3ubuntu7 03/31/2026
00013 RIP: 0010:osd_create+0x9cf/0xcf0 [osd_wbcfs]
00013 Code: c7 c7 00 c6 7b a1 48 c7 c6 a0 42 7d a1 48 c7 c2 00 4c 7d a1 e8 82 dd 43 ff 48 c7 c7 00 c6 7b a1 e8 f6 6a 44 ff e9 fe fc ff ff <0f> 0b e9 a5 fa ff ff 48 c7 c1 80 44 5d a0 80 e1 07 80 c1 03 38 c1
00013 RSP: 0018:ffffc90001477430 EFLAGS: 00010246
00013 RAX: 0000000000000000 RBX: ffff88811ceb9800 RCX: 0000000000000046
00013 RDX: 0000000000000000 RSI: ffff8880748942a8 RDI: ffff88802b660998
00013 RBP: ffff888074894218 R08: ffffffff83a16803 R09: 1ffffffff0742d00
00013 R10: dffffc0000000000 R11: fffffbfff0742d01 R12: ffffc90001477530
00013 R13: dffffc0000000000 R14: 1ffff110239d7300 R15: 1ffff9200028eea4
00013 FS:  0000000000000000(0000) GS:ffff8881d4aaa000(0000) knlGS:0000000000000000
00013 CS:  0010 DS: 0000 ES: 0000 CR0: 0000000080050033
00013 CR2: 00007f4ceffe6194 CR3: 00000000246ff000 CR4: 0000000000750eb0
00013 PKRU: 55555554
00013 Call Trace:
00013  <TASK>
00013  ? dt_find_or_create+0x81a/0x1170 [obdclass]
00013  ? seq_store_init+0x155/0x360 [fid]
00013  ? seq_server_init+0x290/0xba0 [fid]
00013  ? mdt_seq_init+0x2c1/0x1ef0 [mdt]
00013  ? fld_server_init+0x34e/0x580 [fld]
00013  ? mdt_device_alloc+0x39c5/0x66c0 [mdt]
00013  ? __alloc_tagging_slab_alloc_hook+0x136/0x190
00013  ? obd_setup+0x25c/0x960 [obdclass]
00013  ? class_setup+0xc7d/0x10e0 [obdclass]
00013  ? class_process_config+0x2edb/0x7cb0 [obdclass]
00013  ? __kasan_kmalloc+0x72/0x80
00013  ? class_config_llog_handler+0x2954/0x4f80 [obdclass]
00013  ? class_config_llog_handler+0x2cea/0x4f80 [obdclass]
00013  ? lustre_cfg_rec_free+0x350/0x350 [obdclass]
00013  ? llog_process_thread+0x1fd2/0x4f70 [obdclass]
00013  ? _raw_spin_unlock+0x23/0x40
00013  ? llog_process_thread_daemonize+0x16d/0x1b0 [obdclass]
00013  ? kthread+0x2cd/0x3a0
00013  ? llog_process_or_fork+0xc90/0xc90 [obdclass]
00013  ? kthread_unuse_mm+0x130/0x130
00013  ? ret_from_fork+0x18c/0x520
00013  ? kthread_unuse_mm+0x130/0x130
00013  ? ret_from_fork_asm+0x11/0x20
00013  </TASK>
00013 ---[ end trace 0000000000000000 ]---
00013 ------------[ cut here ]------------
00013 WARNING: /home/ktest/git/linux/include/linux/fs.h:889 at osd_create+0x9cf/0xcf0 [osd_wbcfs], CPU#1: llog_process_th/1749
00013 Modules linked in: mdd(O) lod(O) mdt(O) lquota(O) lfsck(O) mgs(O) osd_wbcfs(O) lustre(O) obdecho(O) mgc(O) mdc(O) lov(O) osc(O) lmv(O) ec(O) fid(O) fld(O) ptlrpc(O) efivarfs obdclass(O) ksocklnd(O) lnet(O) libcfs(O)
00013 CPU: 1 UID: 0 PID: 1749 Comm: llog_process_th Tainted: G        W  O        7.0.0-ktest-d76e9af-6330a45-20260821-dirty #1 PREEMPT 
00013 Tainted: [W]=WARN, [O]=OOT_MODULE
00013 Hardware name: QEMU Standard PC (Q35 + ICH9, 2009), BIOS 2025.11-3ubuntu7 03/31/2026
00013 RIP: 0010:osd_create+0x9cf/0xcf0 [osd_wbcfs]
00013 Code: c7 c7 00 c6 7b a1 48 c7 c6 a0 42 7d a1 48 c7 c2 00 4c 7d a1 e8 82 dd 43 ff 48 c7 c7 00 c6 7b a1 e8 f6 6a 44 ff e9 fe fc ff ff <0f> 0b e9 a5 fa ff ff 48 c7 c1 80 44 5d a0 80 e1 07 80 c1 03 38 c1
00013 RSP: 0018:ffffc90001477470 EFLAGS: 00010246
00013 RAX: 0000000000000000 RBX: ffff88811cebb800 RCX: 0000000000000046
00013 RDX: 0000000000000000 RSI: ffff888074893b90 RDI: ffff88802b660998
00013 RBP: ffff888074893b00 R08: ffffffff83a16803 R09: 1ffffffff0742d00
00013 R10: dffffc0000000000 R11: fffffbfff0742d01 R12: ffffc900014775e0
00013 R13: dffffc0000000000 R14: 1ffff110239d7700 R15: 1ffff9200028eec9
00013 FS:  0000000000000000(0000) GS:ffff8881d4aaa000(0000) knlGS:0000000000000000
00013 CS:  0010 DS: 0000 ES: 0000 CR0: 0000000080050033
00013 CR2: 00007f4ceffe6194 CR3: 00000000246ff000 CR4: 0000000000750eb0
00013 PKRU: 55555554
00013 Call Trace:
00013  <TASK>
00013  ? dt_find_or_create+0x81a/0x1170 [obdclass]
00013  ? tgt_init+0xb72/0x2a60 [ptlrpc]
00013  ? mdt_device_alloc+0x3ce7/0x66c0 [mdt]
00013  ? __alloc_tagging_slab_alloc_hook+0x136/0x190
00013  ? obd_setup+0x25c/0x960 [obdclass]
00013  ? class_setup+0xc7d/0x10e0 [obdclass]
00013  ? class_process_config+0x2edb/0x7cb0 [obdclass]
00013  ? __kasan_kmalloc+0x72/0x80
00013  ? class_config_llog_handler+0x2954/0x4f80 [obdclass]
00013  ? class_config_llog_handler+0x2cea/0x4f80 [obdclass]
00013  ? lustre_cfg_rec_free+0x350/0x350 [obdclass]
00013  ? llog_process_thread+0x1fd2/0x4f70 [obdclass]
00013  ? _raw_spin_unlock+0x23/0x40
00013  ? llog_process_thread_daemonize+0x16d/0x1b0 [obdclass]
00013  ? kthread+0x2cd/0x3a0
00013  ? llog_process_or_fork+0xc90/0xc90 [obdclass]
00013  ? kthread_unuse_mm+0x130/0x130
00013  ? ret_from_fork+0x18c/0x520
00013  ? kthread_unuse_mm+0x130/0x130
00013  ? ret_from_fork_asm+0x11/0x20
00013  </TASK>
00013 ---[ end trace 0000000000000000 ]---
00013 Lustre: lustre-MDT0000: new disk, initializing
00013 ------------[ cut here ]------------
00013 WARNING: /home/ktest/git/linux/include/linux/fs.h:889 at osd_create+0x9cf/0xcf0 [osd_wbcfs], CPU#1: llog_process_th/1749
00013 Modules linked in: mdd(O) lod(O) mdt(O) lquota(O) lfsck(O) mgs(O) osd_wbcfs(O) lustre(O) obdecho(O) mgc(O) mdc(O) lov(O) osc(O) lmv(O) ec(O) fid(O) fld(O) ptlrpc(O) efivarfs obdclass(O) ksocklnd(O) lnet(O) libcfs(O)
00013 CPU: 1 UID: 0 PID: 1749 Comm: llog_process_th Tainted: G        W  O        7.0.0-ktest-d76e9af-6330a45-20260821-dirty #1 PREEMPT 
00013 Tainted: [W]=WARN, [O]=OOT_MODULE
00013 Hardware name: QEMU Standard PC (Q35 + ICH9, 2009), BIOS 2025.11-3ubuntu7 03/31/2026
00013 RIP: 0010:osd_create+0x9cf/0xcf0 [osd_wbcfs]
00013 Code: c7 c7 00 c6 7b a1 48 c7 c6 a0 42 7d a1 48 c7 c2 00 4c 7d a1 e8 82 dd 43 ff 48 c7 c7 00 c6 7b a1 e8 f6 6a 44 ff e9 fe fc ff ff <0f> 0b e9 a5 fa ff ff 48 c7 c1 80 44 5d a0 80 e1 07 80 c1 03 38 c1
00013 RSP: 0018:ffffc90001477470 EFLAGS: 00010246
00013 RAX: 0000000000000000 RBX: ffff88811cebac00 RCX: 0000000000000046
00013 RDX: 0000000000000000 RSI: ffff888074893478 RDI: ffff88802b660998
00013 RBP: ffff8880748933e8 R08: ffffffff83a16803 R09: 1ffffffff0742d00
00013 R10: dffffc0000000000 R11: fffffbfff0742d01 R12: ffffc900014775e0
00013 R13: dffffc0000000000 R14: 1ffff110239d7580 R15: 1ffff9200028eec9
00013 FS:  0000000000000000(0000) GS:ffff8881d4aaa000(0000) knlGS:0000000000000000
00013 CS:  0010 DS: 0000 ES: 0000 CR0: 0000000080050033
00013 CR2: 00007f4ceffe6194 CR3: 00000000246ff000 CR4: 0000000000750eb0
00013 PKRU: 55555554
00013 Call Trace:
00013  <TASK>
00013  ? dt_find_or_create+0x81a/0x1170 [obdclass]
00013  ? tgt_init+0x1a98/0x2a60 [ptlrpc]
00013  ? mdt_device_alloc+0x3ce7/0x66c0 [mdt]
00013  ? __alloc_tagging_slab_alloc_hook+0x136/0x190
00013  ? obd_setup+0x25c/0x960 [obdclass]
00013  ? class_setup+0xc7d/0x10e0 [obdclass]
00013  ? class_process_config+0x2edb/0x7cb0 [obdclass]
00013  ? __kasan_kmalloc+0x72/0x80
00013  ? class_config_llog_handler+0x2954/0x4f80 [obdclass]
00013  ? class_config_llog_handler+0x2cea/0x4f80 [obdclass]
00013  ? lustre_cfg_rec_free+0x350/0x350 [obdclass]
00013  ? llog_process_thread+0x1fd2/0x4f70 [obdclass]
00013  ? _raw_spin_unlock+0x23/0x40
00013  ? llog_process_thread_daemonize+0x16d/0x1b0 [obdclass]
00013  ? kthread+0x2cd/0x3a0
00013  ? llog_process_or_fork+0xc90/0xc90 [obdclass]
00013  ? kthread_unuse_mm+0x130/0x130
00013  ? ret_from_fork+0x18c/0x520
00013  ? kthread_unuse_mm+0x130/0x130
00013  ? ret_from_fork_asm+0x11/0x20
00013  </TASK>
00013 ---[ end trace 0000000000000000 ]---
00013 ------------[ cut here ]------------
00013 WARNING: /home/ktest/git/linux/include/linux/fs.h:889 at osd_create+0x9cf/0xcf0 [osd_wbcfs], CPU#1: llog_process_th/1749
00013 Modules linked in: mdd(O) lod(O) mdt(O) lquota(O) lfsck(O) mgs(O) osd_wbcfs(O) lustre(O) obdecho(O) mgc(O) mdc(O) lov(O) osc(O) lmv(O) ec(O) fid(O) fld(O) ptlrpc(O) efivarfs obdclass(O) ksocklnd(O) lnet(O) libcfs(O)
00013 CPU: 1 UID: 0 PID: 1749 Comm: llog_process_th Tainted: G        W  O        7.0.0-ktest-d76e9af-6330a45-20260821-dirty #1 PREEMPT 
00013 Tainted: [W]=WARN, [O]=OOT_MODULE
00013 Hardware name: QEMU Standard PC (Q35 + ICH9, 2009), BIOS 2025.11-3ubuntu7 03/31/2026
00013 RIP: 0010:osd_create+0x9cf/0xcf0 [osd_wbcfs]
00013 Code: c7 c7 00 c6 7b a1 48 c7 c6 a0 42 7d a1 48 c7 c2 00 4c 7d a1 e8 82 dd 43 ff 48 c7 c7 00 c6 7b a1 e8 f6 6a 44 ff e9 fe fc ff ff <0f> 0b e9 a5 fa ff ff 48 c7 c1 80 44 5d a0 80 e1 07 80 c1 03 38 c1
00013 RSP: 0018:ffffc90001477370 EFLAGS: 00010246
00013 RAX: 0000000000000000 RBX: ffff88811b6de800 RCX: 0000000000000046
00013 RDX: 0000000000000000 RSI: ffff888074892d60 RDI: ffff88802b660998
00013 RBP: ffff888074892cd0 R08: ffffffff83a16803 R09: 1ffffffff0742d00
00013 R10: dffffc0000000000 R11: fffffbfff0742d01 R12: ffff88802b6c4418
00013 R13: dffffc0000000000 R14: 1ffff110236dbd00 R15: 1ffff110056d8892
00013 FS:  0000000000000000(0000) GS:ffff8881d4aaa000(0000) knlGS:0000000000000000
00013 CS:  0010 DS: 0000 ES: 0000 CR0: 0000000080050033
00013 CR2: 00007f4ceffe6194 CR3: 00000000246ff000 CR4: 0000000000750eb0
00013 PKRU: 55555554
00013 Call Trace:
00013  <TASK>
00013  ? local_object_create+0x109/0x640 [obdclass]
00013  ? dt_write_lock+0x16d/0x2a0 [obdclass]
00013  ? __local_file_create+0xce4/0x1bc0 [obdclass]
00013  ? local_file_find_or_create+0x13c/0x1d0 [obdclass]
00013  ? lquota_disk_dir_find_create+0x31f/0xd10 [lquota]
00013  ? qmt_device_prepare+0x157/0x600 [lquota]
00013  ? mdt_quota_init+0x1a65/0x3220 [mdt]
00013  ? mdt_tunables_init+0x3e6/0x530 [mdt]
00013  ? mdt_device_alloc+0x46a6/0x66c0 [mdt]
00013  ? obd_setup+0x25c/0x960 [obdclass]
00013  ? class_setup+0xc7d/0x10e0 [obdclass]
00013  ? class_process_config+0x2edb/0x7cb0 [obdclass]
00013  ? __kasan_kmalloc+0x72/0x80
00013  ? class_config_llog_handler+0x2954/0x4f80 [obdclass]
00013  ? class_config_llog_handler+0x2cea/0x4f80 [obdclass]
00013  ? lustre_cfg_rec_free+0x350/0x350 [obdclass]
00013  ? llog_process_thread+0x1fd2/0x4f70 [obdclass]
00013  ? _raw_spin_unlock+0x23/0x40
00013  ? llog_process_thread_daemonize+0x16d/0x1b0 [obdclass]
00013  ? kthread+0x2cd/0x3a0
00013  ? llog_process_or_fork+0xc90/0xc90 [obdclass]
00013  ? kthread_unuse_mm+0x130/0x130
00013  ? ret_from_fork+0x18c/0x520
00013  ? kthread_unuse_mm+0x130/0x130
00013  ? ret_from_fork_asm+0x11/0x20
00013  </TASK>
00013 ---[ end trace 0000000000000000 ]---
00013 ------------[ cut here ]------------
00013 WARNING: /home/ktest/git/linux/include/linux/fs.h:889 at osd_create+0x9cf/0xcf0 [osd_wbcfs], CPU#1: llog_process_th/1749
00013 Modules linked in: mdd(O) lod(O) mdt(O) lquota(O) lfsck(O) mgs(O) osd_wbcfs(O) lustre(O) obdecho(O) mgc(O) mdc(O) lov(O) osc(O) lmv(O) ec(O) fid(O) fld(O) ptlrpc(O) efivarfs obdclass(O) ksocklnd(O) lnet(O) libcfs(O)
00013 CPU: 1 UID: 0 PID: 1749 Comm: llog_process_th Tainted: G        W  O        7.0.0-ktest-d76e9af-6330a45-20260821-dirty #1 PREEMPT 
00013 Tainted: [W]=WARN, [O]=OOT_MODULE
00013 Hardware name: QEMU Standard PC (Q35 + ICH9, 2009), BIOS 2025.11-3ubuntu7 03/31/2026
00013 RIP: 0010:osd_create+0x9cf/0xcf0 [osd_wbcfs]
00013 Code: c7 c7 00 c6 7b a1 48 c7 c6 a0 42 7d a1 48 c7 c2 00 4c 7d a1 e8 82 dd 43 ff 48 c7 c7 00 c6 7b a1 e8 f6 6a 44 ff e9 fe fc ff ff <0f> 0b e9 a5 fa ff ff 48 c7 c1 80 44 5d a0 80 e1 07 80 c1 03 38 c1
00013 RSP: 0018:ffffc90001477270 EFLAGS: 00010246
00013 RAX: 0000000000000000 RBX: ffff88811ceb3c00 RCX: 0000000000000046
00013 RDX: 0000000000000000 RSI: ffff888074892648 RDI: ffff88802b660998
00013 RBP: ffff8880748925b8 R08: ffffffff83a16803 R09: 1ffffffff0742d00
00013 R10: dffffc0000000000 R11: fffffbfff0742d01 R12: ffff88802b6c4418
00013 R13: dffffc0000000000 R14: 1ffff110239d6780 R15: 1ffff110056d8892
00013 FS:  0000000000000000(0000) GS:ffff8881d4aaa000(0000) knlGS:0000000000000000
00013 CS:  0010 DS: 0000 ES: 0000 CR0: 0000000080050033
00013 CR2: 00007f4ceffe6194 CR3: 00000000246ff000 CR4: 0000000000750eb0
00013 PKRU: 55555554
00013 Call Trace:
00013  <TASK>
00013  ? local_object_create+0x109/0x640 [obdclass]
00013  ? dt_write_lock+0x16d/0x2a0 [obdclass]
00013  ? __local_file_create+0xce4/0x1bc0 [obdclass]
00013  ? local_file_find_or_create+0x13c/0x1d0 [obdclass]
00013  ? lquota_disk_dir_find_create+0x31f/0xd10 [lquota]
00013  ? qmt_pool_prepare+0x3ee/0x16f0 [lquota]
00013  ? qmt_device_prepare+0x25f/0x600 [lquota]
00013  ? mdt_quota_init+0x1a65/0x3220 [mdt]
00013  ? mdt_tunables_init+0x3e6/0x530 [mdt]
00013  ? mdt_device_alloc+0x46a6/0x66c0 [mdt]
00013  ? obd_setup+0x25c/0x960 [obdclass]
00013  ? class_setup+0xc7d/0x10e0 [obdclass]
00013  ? class_process_config+0x2edb/0x7cb0 [obdclass]
00013  ? __kasan_kmalloc+0x72/0x80
00013  ? class_config_llog_handler+0x2954/0x4f80 [obdclass]
00013  ? class_config_llog_handler+0x2cea/0x4f80 [obdclass]
00013  ? lustre_cfg_rec_free+0x350/0x350 [obdclass]
00013  ? llog_process_thread+0x1fd2/0x4f70 [obdclass]
00013  ? _raw_spin_unlock+0x23/0x40
00013  ? llog_process_thread_daemonize+0x16d/0x1b0 [obdclass]
00013  ? kthread+0x2cd/0x3a0
00013  ? llog_process_or_fork+0xc90/0xc90 [obdclass]
00013  ? kthread_unuse_mm+0x130/0x130
00013  ? ret_from_fork+0x18c/0x520
00013  ? kthread_unuse_mm+0x130/0x130
00013  ? ret_from_fork_asm+0x11/0x20
00013  </TASK>
00013 ---[ end trace 0000000000000000 ]---
00013 ------------[ cut here ]------------
00013 WARNING: /home/ktest/git/linux/include/linux/fs.h:889 at osd_create+0x9cf/0xcf0 [osd_wbcfs], CPU#1: llog_process_th/1749
00013 Modules linked in: mdd(O) lod(O) mdt(O) lquota(O) lfsck(O) mgs(O) osd_wbcfs(O) lustre(O) obdecho(O) mgc(O) mdc(O) lov(O) osc(O) lmv(O) ec(O) fid(O) fld(O) ptlrpc(O) efivarfs obdclass(O) ksocklnd(O) lnet(O) libcfs(O)
00013 CPU: 1 UID: 0 PID: 1749 Comm: llog_process_th Tainted: G        W  O        7.0.0-ktest-d76e9af-6330a45-20260821-dirty #1 PREEMPT 
00013 Tainted: [W]=WARN, [O]=OOT_MODULE
00013 Hardware name: QEMU Standard PC (Q35 + ICH9, 2009), BIOS 2025.11-3ubuntu7 03/31/2026
00013 RIP: 0010:osd_create+0x9cf/0xcf0 [osd_wbcfs]
00013 Code: c7 c7 00 c6 7b a1 48 c7 c6 a0 42 7d a1 48 c7 c2 00 4c 7d a1 e8 82 dd 43 ff 48 c7 c7 00 c6 7b a1 e8 f6 6a 44 ff e9 fe fc ff ff <0f> 0b e9 a5 fa ff ff 48 c7 c1 80 44 5d a0 80 e1 07 80 c1 03 38 c1
00013 RSP: 0018:ffffc90001477258 EFLAGS: 00010246
00013 RAX: 0000000000000000 RBX: ffff88811bf89c00 RCX: 0000000000000046
00013 RDX: ffffffff84c44d40 RSI: ffff888074891f30 RDI: ffff88802b660998
00013 RBP: ffff888074891ea0 R08: 0000000000000001 R09: 0000000000000000
00013 R10: dffffc0000000000 R11: ffffed100e9123c9 R12: ffff88802b6c4418
00013 R13: dffffc0000000000 R14: 1ffff110237f1380 R15: 1ffff110056d8892
00013 FS:  0000000000000000(0000) GS:ffff8881d4aaa000(0000) knlGS:0000000000000000
00013 CS:  0010 DS: 0000 ES: 0000 CR0: 0000000080050033
00013 CR2: 00007f4ceffe6194 CR3: 00000000246ff000 CR4: 0000000000750eb0
00013 PKRU: 55555554
00013 Call Trace:
00013  <TASK>
00013  ? local_object_create+0x109/0x640 [obdclass]
00013  ? dt_write_lock+0x16d/0x2a0 [obdclass]
00013  ? __local_file_create+0xce4/0x1bc0 [obdclass]
00013  ? local_index_find_or_create_with_fid+0x20d/0x3c0 [obdclass]
00013  ? lquota_disk_glb_find_create+0x3e7/0xe50 [lquota]
00013  ? qmt_pool_prepare+0x5af/0x16f0 [lquota]
00013  ? qmt_device_prepare+0x25f/0x600 [lquota]
00013  ? mdt_quota_init+0x1a65/0x3220 [mdt]
00013  ? mdt_tunables_init+0x3e6/0x530 [mdt]
00013  ? mdt_device_alloc+0x46a6/0x66c0 [mdt]
00013  ? obd_setup+0x25c/0x960 [obdclass]
00013  ? class_setup+0xc7d/0x10e0 [obdclass]
00013  ? class_process_config+0x2edb/0x7cb0 [obdclass]
00013  ? __kasan_kmalloc+0x72/0x80
00013  ? class_config_llog_handler+0x2954/0x4f80 [obdclass]
00013  ? class_config_llog_handler+0x2cea/0x4f80 [obdclass]
00013  ? lustre_cfg_rec_free+0x350/0x350 [obdclass]
00013  ? llog_process_thread+0x1fd2/0x4f70 [obdclass]
00013  ? _raw_spin_unlock+0x23/0x40
00013  ? llog_process_thread_daemonize+0x16d/0x1b0 [obdclass]
00013  ? kthread+0x2cd/0x3a0
00013  ? llog_process_or_fork+0xc90/0xc90 [obdclass]
00013  ? kthread_unuse_mm+0x130/0x130
00013  ? ret_from_fork+0x18c/0x520
00013  ? kthread_unuse_mm+0x130/0x130
00013  ? ret_from_fork_asm+0x11/0x20
00013  </TASK>
00013 ---[ end trace 0000000000000000 ]---
00013 ------------[ cut here ]------------
00013 WARNING: /home/ktest/git/linux/include/linux/fs.h:889 at osd_create+0x9cf/0xcf0 [osd_wbcfs], CPU#1: llog_process_th/1749
00013 Modules linked in: mdd(O) lod(O) mdt(O) lquota(O) lfsck(O) mgs(O) osd_wbcfs(O) lustre(O) obdecho(O) mgc(O) mdc(O) lov(O) osc(O) lmv(O) ec(O) fid(O) fld(O) ptlrpc(O) efivarfs obdclass(O) ksocklnd(O) lnet(O) libcfs(O)
00013 CPU: 1 UID: 0 PID: 1749 Comm: llog_process_th Tainted: G        W  O        7.0.0-ktest-d76e9af-6330a45-20260821-dirty #1 PREEMPT 
00013 Tainted: [W]=WARN, [O]=OOT_MODULE
00013 Hardware name: QEMU Standard PC (Q35 + ICH9, 2009), BIOS 2025.11-3ubuntu7 03/31/2026
00013 RIP: 0010:osd_create+0x9cf/0xcf0 [osd_wbcfs]
00013 Code: c7 c7 00 c6 7b a1 48 c7 c6 a0 42 7d a1 48 c7 c2 00 4c 7d a1 e8 82 dd 43 ff 48 c7 c7 00 c6 7b a1 e8 f6 6a 44 ff e9 fe fc ff ff <0f> 0b e9 a5 fa ff ff 48 c7 c1 80 44 5d a0 80 e1 07 80 c1 03 38 c1
00013 RSP: 0018:ffffc90001477258 EFLAGS: 00010246
00013 RAX: 0000000000000000 RBX: ffff88811bf89000 RCX: 0000000000000046
00013 RDX: ffffffff84c44d40 RSI: ffff888074891818 RDI: ffff88802b660998
00013 RBP: ffff888074891788 R08: 0000000000000001 R09: 0000000000000000
00013 R10: dffffc0000000000 R11: ffffed100e9122e6 R12: ffff88802b6c4418
00013 R13: dffffc0000000000 R14: 1ffff110237f1200 R15: 1ffff110056d8892
00013 FS:  0000000000000000(0000) GS:ffff8881d4aaa000(0000) knlGS:0000000000000000
00013 CS:  0010 DS: 0000 ES: 0000 CR0: 0000000080050033
00013 CR2: 00007f4ceffe6194 CR3: 00000000246ff000 CR4: 0000000000750eb0
00013 PKRU: 55555554
00013 Call Trace:
00013  <TASK>
00013  ? local_object_create+0x109/0x640 [obdclass]
00013  ? dt_write_lock+0x16d/0x2a0 [obdclass]
00013  ? __local_file_create+0xce4/0x1bc0 [obdclass]
00013  ? local_index_find_or_create_with_fid+0x20d/0x3c0 [obdclass]
00013  ? lquota_disk_glb_find_create+0x3e7/0xe50 [lquota]
00013  ? lprocfs_seq_create+0x120/0x340 [obdclass]
00013  ? qmt_pool_prepare+0x5af/0x16f0 [lquota]
00013  ? qmt_device_prepare+0x25f/0x600 [lquota]
00013  ? mdt_quota_init+0x1a65/0x3220 [mdt]
00013  ? mdt_tunables_init+0x3e6/0x530 [mdt]
00013  ? mdt_device_alloc+0x46a6/0x66c0 [mdt]
00013  ? obd_setup+0x25c/0x960 [obdclass]
00013  ? class_setup+0xc7d/0x10e0 [obdclass]
00013  ? class_process_config+0x2edb/0x7cb0 [obdclass]
00013  ? __kasan_kmalloc+0x72/0x80
00013  ? class_config_llog_handler+0x2954/0x4f80 [obdclass]
00013  ? class_config_llog_handler+0x2cea/0x4f80 [obdclass]
00013  ? lustre_cfg_rec_free+0x350/0x350 [obdclass]
00013  ? llog_process_thread+0x1fd2/0x4f70 [obdclass]
00013  ? _raw_spin_unlock+0x23/0x40
00013  ? llog_process_thread_daemonize+0x16d/0x1b0 [obdclass]
00013  ? kthread+0x2cd/0x3a0
00013  ? llog_process_or_fork+0xc90/0xc90 [obdclass]
00013  ? kthread_unuse_mm+0x130/0x130
00013  ? ret_from_fork+0x18c/0x520
00013  ? kthread_unuse_mm+0x130/0x130
00013  ? ret_from_fork_asm+0x11/0x20
00013  </TASK>
00013 ---[ end trace 0000000000000000 ]---
00013 ------------[ cut here ]------------
00013 WARNING: /home/ktest/git/linux/include/linux/fs.h:889 at osd_create+0x9cf/0xcf0 [osd_wbcfs], CPU#1: llog_process_th/1749
00013 Modules linked in: mdd(O) lod(O) mdt(O) lquota(O) lfsck(O) mgs(O) osd_wbcfs(O) lustre(O) obdecho(O) mgc(O) mdc(O) lov(O) osc(O) lmv(O) ec(O) fid(O) fld(O) ptlrpc(O) efivarfs obdclass(O) ksocklnd(O) lnet(O) libcfs(O)
00013 CPU: 1 UID: 0 PID: 1749 Comm: llog_process_th Tainted: G        W  O        7.0.0-ktest-d76e9af-6330a45-20260821-dirty #1 PREEMPT 
00013 Tainted: [W]=WARN, [O]=OOT_MODULE
00013 Hardware name: QEMU Standard PC (Q35 + ICH9, 2009), BIOS 2025.11-3ubuntu7 03/31/2026
00013 RIP: 0010:osd_create+0x9cf/0xcf0 [osd_wbcfs]
00013 Code: c7 c7 00 c6 7b a1 48 c7 c6 a0 42 7d a1 48 c7 c2 00 4c 7d a1 e8 82 dd 43 ff 48 c7 c7 00 c6 7b a1 e8 f6 6a 44 ff e9 fe fc ff ff <0f> 0b e9 a5 fa ff ff 48 c7 c1 80 44 5d a0 80 e1 07 80 c1 03 38 c1
00013 RSP: 0018:ffffc90001477258 EFLAGS: 00010246
00013 RAX: 0000000000000000 RBX: ffff88811bf95400 RCX: 0000000000000046
00013 RDX: ffffffff84c44d40 RSI: ffff888074891100 RDI: ffff88802b660998
00013 RBP: ffff888074891070 R08: 0000000000000001 R09: 0000000000000000
00013 R10: dffffc0000000000 R11: ffffed100e912203 R12: ffff88802b6c4418
00013 R13: dffffc0000000000 R14: 1ffff110237f2a80 R15: 1ffff110056d8892
00013 FS:  0000000000000000(0000) GS:ffff8881d4aaa000(0000) knlGS:0000000000000000
00013 CS:  0010 DS: 0000 ES: 0000 CR0: 0000000080050033
00013 CR2: 00007f4ceffe6194 CR3: 00000000246ff000 CR4: 0000000000750eb0
00013 PKRU: 55555554
00013 Call Trace:
00013  <TASK>
00013  ? local_object_create+0x109/0x640 [obdclass]
00013  ? dt_write_lock+0x16d/0x2a0 [obdclass]
00013  ? __local_file_create+0xce4/0x1bc0 [obdclass]
00013  ? local_index_find_or_create_with_fid+0x20d/0x3c0 [obdclass]
00013  ? lquota_disk_glb_find_create+0x3e7/0xe50 [lquota]
00013  ? lprocfs_seq_create+0x120/0x340 [obdclass]
00013  ? qmt_pool_prepare+0x5af/0x16f0 [lquota]
00013  ? qmt_device_prepare+0x25f/0x600 [lquota]
00013  ? mdt_quota_init+0x1a65/0x3220 [mdt]
00013  ? mdt_tunables_init+0x3e6/0x530 [mdt]
00013  ? mdt_device_alloc+0x46a6/0x66c0 [mdt]
00013  ? obd_setup+0x25c/0x960 [obdclass]
00013  ? class_setup+0xc7d/0x10e0 [obdclass]
00013  ? class_process_config+0x2edb/0x7cb0 [obdclass]
00013  ? __kasan_kmalloc+0x72/0x80
00013  ? class_config_llog_handler+0x2954/0x4f80 [obdclass]
00013  ? class_config_llog_handler+0x2cea/0x4f80 [obdclass]
00013  ? lustre_cfg_rec_free+0x350/0x350 [obdclass]
00013  ? llog_process_thread+0x1fd2/0x4f70 [obdclass]
00013  ? _raw_spin_unlock+0x23/0x40
00013  ? llog_process_thread_daemonize+0x16d/0x1b0 [obdclass]
00013  ? kthread+0x2cd/0x3a0
00013  ? llog_process_or_fork+0xc90/0xc90 [obdclass]
00013  ? kthread_unuse_mm+0x130/0x130
00013  ? ret_from_fork+0x18c/0x520
00013  ? kthread_unuse_mm+0x130/0x130
00013  ? ret_from_fork_asm+0x11/0x20
00013  </TASK>
00013 ---[ end trace 0000000000000000 ]---
00013 ------------[ cut here ]------------
00013 WARNING: /home/ktest/git/linux/include/linux/fs.h:889 at osd_create+0x9cf/0xcf0 [osd_wbcfs], CPU#1: llog_process_th/1749
00013 Modules linked in: mdd(O) lod(O) mdt(O) lquota(O) lfsck(O) mgs(O) osd_wbcfs(O) lustre(O) obdecho(O) mgc(O) mdc(O) lov(O) osc(O) lmv(O) ec(O) fid(O) fld(O) ptlrpc(O) efivarfs obdclass(O) ksocklnd(O) lnet(O) libcfs(O)
00013 CPU: 1 UID: 0 PID: 1749 Comm: llog_process_th Tainted: G        W  O        7.0.0-ktest-d76e9af-6330a45-20260821-dirty #1 PREEMPT 
00013 Tainted: [W]=WARN, [O]=OOT_MODULE
00013 Hardware name: QEMU Standard PC (Q35 + ICH9, 2009), BIOS 2025.11-3ubuntu7 03/31/2026
00013 RIP: 0010:osd_create+0x9cf/0xcf0 [osd_wbcfs]
00013 Code: c7 c7 00 c6 7b a1 48 c7 c6 a0 42 7d a1 48 c7 c2 00 4c 7d a1 e8 82 dd 43 ff 48 c7 c7 00 c6 7b a1 e8 f6 6a 44 ff e9 fe fc ff ff <0f> 0b e9 a5 fa ff ff 48 c7 c1 80 44 5d a0 80 e1 07 80 c1 03 38 c1
00013 RSP: 0018:ffffc90001477270 EFLAGS: 00010246
00013 RAX: 0000000000000000 RBX: ffff888136ed2c00 RCX: 0000000000000046
00013 RDX: 0000000000000000 RSI: ffff8880748909e8 RDI: ffff88802b660998
00013 RBP: ffff888074890958 R08: ffffffff83a16803 R09: 1ffffffff0742d00
00013 R10: dffffc0000000000 R11: fffffbfff0742d01 R12: ffff88802b6c4418
00013 R13: dffffc0000000000 R14: 1ffff11026dda580 R15: 1ffff110056d8892
00013 FS:  0000000000000000(0000) GS:ffff8881d4aaa000(0000) knlGS:0000000000000000
00013 CS:  0010 DS: 0000 ES: 0000 CR0: 0000000080050033
00013 CR2: 00007f4ceffe6194 CR3: 00000000246ff000 CR4: 0000000000750eb0
00013 PKRU: 55555554
00013 Call Trace:
00013  <TASK>
00013  ? local_object_create+0x109/0x640 [obdclass]
00013  ? dt_write_lock+0x16d/0x2a0 [obdclass]
00013  ? __local_file_create+0xce4/0x1bc0 [obdclass]
00013  ? local_file_find_or_create+0x13c/0x1d0 [obdclass]
00013  ? lquota_disk_dir_find_create+0x31f/0xd10 [lquota]
00013  ? qmt_pool_prepare+0x3ee/0x16f0 [lquota]
00013  ? qmt_device_prepare+0x25f/0x600 [lquota]
00013  ? mdt_quota_init+0x1a65/0x3220 [mdt]
00013  ? mdt_tunables_init+0x3e6/0x530 [mdt]
00013  ? mdt_device_alloc+0x46a6/0x66c0 [mdt]
00013  ? obd_setup+0x25c/0x960 [obdclass]
00013  ? class_setup+0xc7d/0x10e0 [obdclass]
00013  ? class_process_config+0x2edb/0x7cb0 [obdclass]
00013  ? __kasan_kmalloc+0x72/0x80
00013  ? class_config_llog_handler+0x2954/0x4f80 [obdclass]
00013  ? class_config_llog_handler+0x2cea/0x4f80 [obdclass]
00013  ? lustre_cfg_rec_free+0x350/0x350 [obdclass]
00013  ? llog_process_thread+0x1fd2/0x4f70 [obdclass]
00013  ? _raw_spin_unlock+0x23/0x40
00013  ? llog_process_thread_daemonize+0x16d/0x1b0 [obdclass]
00013  ? kthread+0x2cd/0x3a0
00013  ? llog_process_or_fork+0xc90/0xc90 [obdclass]
00013  ? kthread_unuse_mm+0x130/0x130
00013  ? ret_from_fork+0x18c/0x520
00013  ? kthread_unuse_mm+0x130/0x130
00013  ? ret_from_fork_asm+0x11/0x20
00013  </TASK>
00013 ---[ end trace 0000000000000000 ]---
00013 ------------[ cut here ]------------
00013 WARNING: /home/ktest/git/linux/include/linux/fs.h:889 at osd_create+0x9cf/0xcf0 [osd_wbcfs], CPU#1: llog_process_th/1749
00013 Modules linked in: mdd(O) lod(O) mdt(O) lquota(O) lfsck(O) mgs(O) osd_wbcfs(O) lustre(O) obdecho(O) mgc(O) mdc(O) lov(O) osc(O) lmv(O) ec(O) fid(O) fld(O) ptlrpc(O) efivarfs obdclass(O) ksocklnd(O) lnet(O) libcfs(O)
00013 CPU: 1 UID: 0 PID: 1749 Comm: llog_process_th Tainted: G        W  O        7.0.0-ktest-d76e9af-6330a45-20260821-dirty #1 PREEMPT 
00013 Tainted: [W]=WARN, [O]=OOT_MODULE
00013 Hardware name: QEMU Standard PC (Q35 + ICH9, 2009), BIOS 2025.11-3ubuntu7 03/31/2026
00013 RIP: 0010:osd_create+0x9cf/0xcf0 [osd_wbcfs]
00013 Code: c7 c7 00 c6 7b a1 48 c7 c6 a0 42 7d a1 48 c7 c2 00 4c 7d a1 e8 82 dd 43 ff 48 c7 c7 00 c6 7b a1 e8 f6 6a 44 ff e9 fe fc ff ff <0f> 0b e9 a5 fa ff ff 48 c7 c1 80 44 5d a0 80 e1 07 80 c1 03 38 c1
00013 RSP: 0018:ffffc90001477258 EFLAGS: 00010246
00013 RAX: 0000000000000000 RBX: ffff888136ed2400 RCX: 0000000000000046
00013 RDX: ffffffff84c44d40 RSI: ffff8880748902d0 RDI: ffff88802b660998
00013 RBP: ffff888074890240 R08: 0000000000000001 R09: 0000000000000000
00013 R10: dffffc0000000000 R11: ffffed100e91203d R12: ffff88802b6c4418
00013 R13: dffffc0000000000 R14: 1ffff11026dda480 R15: 1ffff110056d8892
00013 FS:  0000000000000000(0000) GS:ffff8881d4aaa000(0000) knlGS:0000000000000000
00013 CS:  0010 DS: 0000 ES: 0000 CR0: 0000000080050033
00013 CR2: 00007f4ceffe6194 CR3: 00000000246ff000 CR4: 0000000000750eb0
00013 PKRU: 55555554
00013 Call Trace:
00013  <TASK>
00013  ? local_object_create+0x109/0x640 [obdclass]
00013  ? dt_write_lock+0x16d/0x2a0 [obdclass]
00013  ? __local_file_create+0xce4/0x1bc0 [obdclass]
00013  ? local_index_find_or_create_with_fid+0x20d/0x3c0 [obdclass]
00013  ? lquota_disk_glb_find_create+0x3e7/0xe50 [lquota]
00013  ? qmt_pool_prepare+0x5af/0x16f0 [lquota]
00013  ? qmt_device_prepare+0x25f/0x600 [lquota]
00013  ? mdt_quota_init+0x1a65/0x3220 [mdt]
00013  ? mdt_tunables_init+0x3e6/0x530 [mdt]
00013  ? mdt_device_alloc+0x46a6/0x66c0 [mdt]
00013  ? obd_setup+0x25c/0x960 [obdclass]
00013  ? class_setup+0xc7d/0x10e0 [obdclass]
00013  ? class_process_config+0x2edb/0x7cb0 [obdclass]
00013  ? __kasan_kmalloc+0x72/0x80
00013  ? class_config_llog_handler+0x2954/0x4f80 [obdclass]
00013  ? class_config_llog_handler+0x2cea/0x4f80 [obdclass]
00013  ? lustre_cfg_rec_free+0x350/0x350 [obdclass]
00013  ? llog_process_thread+0x1fd2/0x4f70 [obdclass]
00013  ? _raw_spin_unlock+0x23/0x40
00013  ? llog_process_thread_daemonize+0x16d/0x1b0 [obdclass]
00013  ? kthread+0x2cd/0x3a0
00013  ? llog_process_or_fork+0xc90/0xc90 [obdclass]
00013  ? kthread_unuse_mm+0x130/0x130
00013  ? ret_from_fork+0x18c/0x520
00013  ? kthread_unuse_mm+0x130/0x130
00013  ? ret_from_fork_asm+0x11/0x20
00013  </TASK>
00013 ---[ end trace 0000000000000000 ]---
00013 ------------[ cut here ]------------
00013 WARNING: /home/ktest/git/linux/include/linux/fs.h:889 at osd_create+0x9cf/0xcf0 [osd_wbcfs], CPU#1: llog_process_th/1749
00013 Modules linked in: mdd(O) lod(O) mdt(O) lquota(O) lfsck(O) mgs(O) osd_wbcfs(O) lustre(O) obdecho(O) mgc(O) mdc(O) lov(O) osc(O) lmv(O) ec(O) fid(O) fld(O) ptlrpc(O) efivarfs obdclass(O) ksocklnd(O) lnet(O) libcfs(O)
00013 CPU: 1 UID: 0 PID: 1749 Comm: llog_process_th Tainted: G        W  O        7.0.0-ktest-d76e9af-6330a45-20260821-dirty #1 PREEMPT 
00013 Tainted: [W]=WARN, [O]=OOT_MODULE
00013 Hardware name: QEMU Standard PC (Q35 + ICH9, 2009), BIOS 2025.11-3ubuntu7 03/31/2026
00013 RIP: 0010:osd_create+0x9cf/0xcf0 [osd_wbcfs]
00013 Code: c7 c7 00 c6 7b a1 48 c7 c6 a0 42 7d a1 48 c7 c2 00 4c 7d a1 e8 82 dd 43 ff 48 c7 c7 00 c6 7b a1 e8 f6 6a 44 ff e9 fe fc ff ff <0f> 0b e9 a5 fa ff ff 48 c7 c1 80 44 5d a0 80 e1 07 80 c1 03 38 c1
00013 RSP: 0018:ffffc90001477258 EFLAGS: 00010246
00013 RAX: 0000000000000000 RBX: ffff88811b871c00 RCX: 0000000000000046
00013 RDX: ffffffff84c44d40 RSI: ffff8880071f2648 RDI: ffff88802b660998
00013 RBP: ffff8880071f25b8 R08: 0000000000000001 R09: 0000000000000000
00013 R10: dffffc0000000000 R11: ffffed1000e3e4ac R12: ffff88802b6c4418
00013 R13: dffffc0000000000 R14: 1ffff1102370e380 R15: 1ffff110056d8892
00013 FS:  0000000000000000(0000) GS:ffff8881d4aaa000(0000) knlGS:0000000000000000
00013 CS:  0010 DS: 0000 ES: 0000 CR0: 0000000080050033
00013 CR2: 00007f4ceffe6194 CR3: 00000000246ff000 CR4: 0000000000750eb0
00013 PKRU: 55555554
00013 Call Trace:
00013  <TASK>
00013  ? local_object_create+0x109/0x640 [obdclass]
00013  ? dt_write_lock+0x16d/0x2a0 [obdclass]
00013  ? __local_file_create+0xce4/0x1bc0 [obdclass]
00013  ? local_index_find_or_create_with_fid+0x20d/0x3c0 [obdclass]
00013  ? lquota_disk_glb_find_create+0x3e7/0xe50 [lquota]
00013  ? lprocfs_seq_create+0x120/0x340 [obdclass]
00013  ? qmt_pool_prepare+0x5af/0x16f0 [lquota]
00013  ? qmt_device_prepare+0x25f/0x600 [lquota]
00013  ? mdt_quota_init+0x1a65/0x3220 [mdt]
00013  ? mdt_tunables_init+0x3e6/0x530 [mdt]
00013  ? mdt_device_alloc+0x46a6/0x66c0 [mdt]
00013  ? obd_setup+0x25c/0x960 [obdclass]
00013  ? class_setup+0xc7d/0x10e0 [obdclass]
00013  ? class_process_config+0x2edb/0x7cb0 [obdclass]
00013  ? __kasan_kmalloc+0x72/0x80
00013  ? class_config_llog_handler+0x2954/0x4f80 [obdclass]
00013  ? class_config_llog_handler+0x2cea/0x4f80 [obdclass]
00013  ? lustre_cfg_rec_free+0x350/0x350 [obdclass]
00013  ? llog_process_thread+0x1fd2/0x4f70 [obdclass]
00013  ? _raw_spin_unlock+0x23/0x40
00013  ? llog_process_thread_daemonize+0x16d/0x1b0 [obdclass]
00013  ? kthread+0x2cd/0x3a0
00013  ? llog_process_or_fork+0xc90/0xc90 [obdclass]
00013  ? kthread_unuse_mm+0x130/0x130
00013  ? ret_from_fork+0x18c/0x520
00013  ? kthread_unuse_mm+0x130/0x130
00013  ? ret_from_fork_asm+0x11/0x20
00013  </TASK>
00013 ---[ end trace 0000000000000000 ]---
00013 ------------[ cut here ]------------
00013 WARNING: /home/ktest/git/linux/include/linux/fs.h:889 at osd_create+0x9cf/0xcf0 [osd_wbcfs], CPU#1: llog_process_th/1749
00013 Modules linked in: mdd(O) lod(O) mdt(O) lquota(O) lfsck(O) mgs(O) osd_wbcfs(O) lustre(O) obdecho(O) mgc(O) mdc(O) lov(O) osc(O) lmv(O) ec(O) fid(O) fld(O) ptlrpc(O) efivarfs obdclass(O) ksocklnd(O) lnet(O) libcfs(O)
00013 CPU: 1 UID: 0 PID: 1749 Comm: llog_process_th Tainted: G        W  O        7.0.0-ktest-d76e9af-6330a45-20260821-dirty #1 PREEMPT 
00013 Tainted: [W]=WARN, [O]=OOT_MODULE
00013 Hardware name: QEMU Standard PC (Q35 + ICH9, 2009), BIOS 2025.11-3ubuntu7 03/31/2026
00013 RIP: 0010:osd_create+0x9cf/0xcf0 [osd_wbcfs]
00013 Code: c7 c7 00 c6 7b a1 48 c7 c6 a0 42 7d a1 48 c7 c2 00 4c 7d a1 e8 82 dd 43 ff 48 c7 c7 00 c6 7b a1 e8 f6 6a 44 ff e9 fe fc ff ff <0f> 0b e9 a5 fa ff ff 48 c7 c1 80 44 5d a0 80 e1 07 80 c1 03 38 c1
00013 RSP: 0018:ffffc90001477258 EFLAGS: 00010246
00013 RAX: 0000000000000000 RBX: ffff88811b873800 RCX: 0000000000000046
00013 RDX: ffffffff84c44d40 RSI: ffff8880071f1f30 RDI: ffff88802b660998
00013 RBP: ffff8880071f1ea0 R08: 0000000000000001 R09: 0000000000000000
00013 R10: dffffc0000000000 R11: ffffed1000e3e3c9 R12: ffff88802b6c4418
00013 R13: dffffc0000000000 R14: 1ffff1102370e700 R15: 1ffff110056d8892
00013 FS:  0000000000000000(0000) GS:ffff8881d4aaa000(0000) knlGS:0000000000000000
00013 CS:  0010 DS: 0000 ES: 0000 CR0: 0000000080050033
00013 CR2: 00007f4ceffe6194 CR3: 00000000246ff000 CR4: 0000000000750eb0
00013 PKRU: 55555554
00013 Call Trace:
00013  <TASK>
00013  ? local_object_create+0x109/0x640 [obdclass]
00013  ? dt_write_lock+0x16d/0x2a0 [obdclass]
00013  ? __local_file_create+0xce4/0x1bc0 [obdclass]
00013  ? local_index_find_or_create_with_fid+0x20d/0x3c0 [obdclass]
00013  ? lquota_disk_glb_find_create+0x3e7/0xe50 [lquota]
00013  ? lprocfs_seq_create+0x120/0x340 [obdclass]
00013  ? qmt_pool_prepare+0x5af/0x16f0 [lquota]
00013  ? qmt_device_prepare+0x25f/0x600 [lquota]
00013  ? mdt_quota_init+0x1a65/0x3220 [mdt]
00013  ? mdt_tunables_init+0x3e6/0x530 [mdt]
00013  ? mdt_device_alloc+0x46a6/0x66c0 [mdt]
00013  ? obd_setup+0x25c/0x960 [obdclass]
00013  ? class_setup+0xc7d/0x10e0 [obdclass]
00013  ? class_process_config+0x2edb/0x7cb0 [obdclass]
00013  ? __kasan_kmalloc+0x72/0x80
00013  ? class_config_llog_handler+0x2954/0x4f80 [obdclass]
00013  ? class_config_llog_handler+0x2cea/0x4f80 [obdclass]
00013  ? lustre_cfg_rec_free+0x350/0x350 [obdclass]
00013  ? llog_process_thread+0x1fd2/0x4f70 [obdclass]
00013  ? _raw_spin_unlock+0x23/0x40
00013  ? llog_process_thread_daemonize+0x16d/0x1b0 [obdclass]
00013  ? kthread+0x2cd/0x3a0
00013  ? llog_process_or_fork+0xc90/0xc90 [obdclass]
00013  ? kthread_unuse_mm+0x130/0x130
00013  ? ret_from_fork+0x18c/0x520
00013  ? kthread_unuse_mm+0x130/0x130
00013  ? ret_from_fork_asm+0x11/0x20
00013  </TASK>
00013 ---[ end trace 0000000000000000 ]---
00013 ------------[ cut here ]------------
00013 WARNING: /home/ktest/git/linux/include/linux/fs.h:889 at osd_create+0x9cf/0xcf0 [osd_wbcfs], CPU#3: ll_mgs_0000/1724
00013 Modules linked in: osp(O) mdd(O) lod(O) mdt(O) lquota(O) lfsck(O) mgs(O) osd_wbcfs(O) lustre(O) obdecho(O) mgc(O) mdc(O) lov(O) osc(O) lmv(O) ec(O) fid(O) fld(O) ptlrpc(O) efivarfs obdclass(O) ksocklnd(O) lnet(O) libcfs(O)
00013 CPU: 3 UID: 0 PID: 1724 Comm: ll_mgs_0000 Tainted: G        W  O        7.0.0-ktest-d76e9af-6330a45-20260821-dirty #1 PREEMPT 
00013 Tainted: [W]=WARN, [O]=OOT_MODULE
00013 Hardware name: QEMU Standard PC (Q35 + ICH9, 2009), BIOS 2025.11-3ubuntu7 03/31/2026
00013 RIP: 0010:osd_create+0x9cf/0xcf0 [osd_wbcfs]
00013 Code: c7 c7 00 c6 7b a1 48 c7 c6 a0 42 7d a1 48 c7 c2 00 4c 7d a1 e8 82 dd 43 ff 48 c7 c7 00 c6 7b a1 e8 f6 6a 44 ff e9 fe fc ff ff <0f> 0b e9 a5 fa ff ff 48 c7 c1 80 44 5d a0 80 e1 07 80 c1 03 38 c1
00013 RSP: 0018:ffffc90001237700 EFLAGS: 00010246
00013 RAX: 0000000000000000 RBX: ffff888106e80c00 RCX: 0000000000000046
00013 RDX: 0000000000000000 RSI: ffff88802d6bc9c0 RDI: ffff8880220f09e8
00013 RBP: ffff88802d6bc930 R08: ffffffff83a16803 R09: 1ffffffff0742d00
00013 R10: dffffc0000000000 R11: fffffbfff0742d01 R12: ffff88801a6fc418
00013 R13: dffffc0000000000 R14: 1ffff11020dd0180 R15: 1ffff110034df892
00013 FS:  0000000000000000(0000) GS:ffff8881d4baa000(0000) knlGS:0000000000000000
00013 CS:  0010 DS: 0000 ES: 0000 CR0: 0000000080050033
00013 CR2: 00007fd493de6194 CR3: 0000000105e2b000 CR4: 0000000000750eb0
00013 PKRU: 55555554
00013 Call Trace:
00013  <TASK>
00013  ? local_object_create+0x109/0x640 [obdclass]
00013  ? dt_write_lock+0x16d/0x2a0 [obdclass]
00013  ? __local_file_create+0xce4/0x1bc0 [obdclass]
00013  ? local_file_find_or_create+0x13c/0x1d0 [obdclass]
00013  ? mgs_ir_update+0x1ce1/0x3850 [mgs]
00013  ? mgs_target_reg+0xd98/0x4480 [mgs]
00013  ? tgt_request_handle+0x23ad/0x3d30 [ptlrpc]
00013  ? ptlrpc_main+0x6359/0x96f0 [ptlrpc]
00013  ? __kthread_parkme+0x73/0x130
00013  ? kthread+0x2cd/0x3a0
00013  ? ptlrpc_start_thread+0x1f10/0x1f10 [ptlrpc]
00013  ? kthread_unuse_mm+0x130/0x130
00013  ? ret_from_fork+0x18c/0x520
00013  ? kthread_unuse_mm+0x130/0x130
00013  ? ret_from_fork_asm+0x11/0x20
00013  </TASK>
00013 ---[ end trace 0000000000000000 ]---
00013 Lustre: lustre-MDT0000: Imperative Recovery not enabled, recovery window 300-900
00013 Lustre: ctl-lustre-MDT0000: super-sequence allocation rc = 0 [0x0000000200000400-0x0000000240000400]:0:mdt
00013 ------------[ cut here ]------------
00013 WARNING: /home/ktest/git/linux/include/linux/fs.h:889 at osd_create+0x9cf/0xcf0 [osd_wbcfs], CPU#2: lod0000_rec0000/1759
00013 Modules linked in: osp(O) mdd(O) lod(O) mdt(O) lquota(O) lfsck(O) mgs(O) osd_wbcfs(O) lustre(O) obdecho(O) mgc(O) mdc(O) lov(O) osc(O) lmv(O) ec(O) fid(O) fld(O) ptlrpc(O) efivarfs obdclass(O) ksocklnd(O) lnet(O) libcfs(O)
00013 CPU: 2 UID: 0 PID: 1759 Comm: lod0000_rec0000 Tainted: G        W  O        7.0.0-ktest-d76e9af-6330a45-20260821-dirty #1 PREEMPT 
00013 Tainted: [W]=WARN, [O]=OOT_MODULE
00013 Hardware name: QEMU Standard PC (Q35 + ICH9, 2009), BIOS 2025.11-3ubuntu7 03/31/2026
00013 RIP: 0010:osd_create+0x9cf/0xcf0 [osd_wbcfs]
00013 Code: c7 c7 00 c6 7b a1 48 c7 c6 a0 42 7d a1 48 c7 c2 00 4c 7d a1 e8 82 dd 43 ff 48 c7 c7 00 c6 7b a1 e8 f6 6a 44 ff e9 fe fc ff ff <0f> 0b e9 a5 fa ff ff 48 c7 c1 80 44 5d a0 80 e1 07 80 c1 03 38 c1
00013 RSP: 0018:ffffc90001897b60 EFLAGS: 00010246
00013 RAX: 0000000000000000 RBX: ffff888136ed4800 RCX: 0000000000000046
00013 RDX: 0000000000000000 RSI: ffff88802d6be620 RDI: ffff88802d43cb18
00013 RBP: ffff88802d6be590 R08: ffffffff83a16803 R09: 1ffffffff0742d00
00013 R10: dffffc0000000000 R11: fffffbfff0742d01 R12: ffff88811cebfc00
00013 R13: dffffc0000000000 R14: 1ffff11026dda900 R15: 1ffff110239d7f8f
00013 FS:  0000000000000000(0000) GS:ffff8881d4b2a000(0000) knlGS:0000000000000000
00013 CS:  0010 DS: 0000 ES: 0000 CR0: 0000000080050033
00013 CR2: 00007f1e937e6194 CR3: 0000000008808000 CR4: 0000000000750eb0
00013 PKRU: 55555554
00013 Call Trace:
00013  <TASK>
00013  ? llog_osd_create+0x645/0x1140 [obdclass]
00013  ? llog_create+0x2ed/0x530 [obdclass]
00013  ? llog_open_create+0x5af/0xb10 [obdclass]
00013  ? lod_sub_prep_llog+0xdfd/0x1b40 [lod]
00013  ? lod_sub_recovery_thread+0x316/0x18d0 [lod]
00013  ? __kthread_parkme+0x73/0x130
00013  ? kthread+0x2cd/0x3a0
00013  ? lod_sub_init_llog+0x1180/0x1180 [lod]
00013  ? kthread_unuse_mm+0x130/0x130
00013  ? ret_from_fork+0x18c/0x520
00013  ? kthread_unuse_mm+0x130/0x130
00013  ? ret_from_fork_asm+0x11/0x20
00013  </TASK>
00013 ---[ end trace 0000000000000000 ]---
00013 ------------[ cut here ]------------
00013 WARNING: /home/ktest/git/linux/include/linux/fs.h:889 at osd_create+0x9cf/0xcf0 [osd_wbcfs], CPU#3: ll_mgs_0000/1724
00013 Modules linked in: osp(O) mdd(O) lod(O) mdt(O) lquota(O) lfsck(O) mgs(O) osd_wbcfs(O) lustre(O) obdecho(O) mgc(O) mdc(O) lov(O) osc(O) lmv(O) ec(O) fid(O) fld(O) ptlrpc(O) efivarfs obdclass(O) ksocklnd(O) lnet(O) libcfs(O)
00013 CPU: 3 UID: 0 PID: 1724 Comm: ll_mgs_0000 Tainted: G        W  O        7.0.0-ktest-d76e9af-6330a45-20260821-dirty #1 PREEMPT 
00013 Tainted: [W]=WARN, [O]=OOT_MODULE
00013 Hardware name: QEMU Standard PC (Q35 + ICH9, 2009), BIOS 2025.11-3ubuntu7 03/31/2026
00013 RIP: 0010:osd_create+0x9cf/0xcf0 [osd_wbcfs]
00013 Code: c7 c7 00 c6 7b a1 48 c7 c6 a0 42 7d a1 48 c7 c2 00 4c 7d a1 e8 82 dd 43 ff 48 c7 c7 00 c6 7b a1 e8 f6 6a 44 ff e9 fe fc ff ff <0f> 0b e9 a5 fa ff ff 48 c7 c1 80 44 5d a0 80 e1 07 80 c1 03 38 c1
00013 RSP: 0018:ffffc90001237698 EFLAGS: 00010246
00013 RAX: 0000000000000000 RBX: ffff888119d18000 RCX: 0000000000000046
00013 RDX: 0000000000000000 RSI: ffff88802d6bc2a8 RDI: ffff8880220f09e8
00013 RBP: ffff88802d6bc218 R08: ffffffff83a16803 R09: 1ffffffff0742d00
00013 R10: dffffc0000000000 R11: fffffbfff0742d01 R12: ffff888119d2fc00
00013 R13: dffffc0000000000 R14: 1ffff110233a3000 R15: 1ffff110233a5f8f
00013 FS:  0000000000000000(0000) GS:ffff8881d4baa000(0000) knlGS:0000000000000000
00013 CS:  0010 DS: 0000 ES: 0000 CR0: 0000000080050033
00013 CR2: 00007fd493de6194 CR3: 0000000105e2b000 CR4: 0000000000750eb0
00013 PKRU: 55555554
00013 Call Trace:
00013  <TASK>
00013  ? local_object_create+0x109/0x640 [obdclass]
00013  ? dt_write_lock+0x16d/0x2a0 [obdclass]
00013  ? llog_osd_create+0x356/0x1140 [obdclass]
00013  ? llog_create+0x2ed/0x530 [obdclass]
00013  ? llog_open_create+0x5af/0xb10 [obdclass]
00013  ? record_start_log+0x348/0xa40 [mgs]
00013  ? mgs_write_log_lov+0x3ac/0xde0 [mgs]
00013  ? mgs_write_log_target+0x17a4/0x6ab0 [mgs]
00013  ? mgs_target_reg+0x254e/0x4480 [mgs]
00013  ? tgt_request_handle+0x23ad/0x3d30 [ptlrpc]
00013  ? ptlrpc_main+0x6359/0x96f0 [ptlrpc]
00013  ? __kthread_parkme+0x73/0x130
00013  ? kthread+0x2cd/0x3a0
00013  ? ptlrpc_start_thread+0x1f10/0x1f10 [ptlrpc]
00013  ? kthread_unuse_mm+0x130/0x130
00013  ? ret_from_fork+0x18c/0x520
00013  ? kthread_unuse_mm+0x130/0x130
00013  ? ret_from_fork_asm+0x11/0x20
00013  </TASK>
00013 ---[ end trace 0000000000000000 ]---
00013 ------------[ cut here ]------------
00013 WARNING: /home/ktest/git/linux/include/linux/fs.h:889 at osd_create+0x9cf/0xcf0 [osd_wbcfs], CPU#3: llog_process_th/1766
00013 Modules linked in: osp(O) mdd(O) lod(O) mdt(O) lquota(O) lfsck(O) mgs(O) osd_wbcfs(O) lustre(O) obdecho(O) mgc(O) mdc(O) lov(O) osc(O) lmv(O) ec(O) fid(O) fld(O) ptlrpc(O) efivarfs obdclass(O) ksocklnd(O) lnet(O) libcfs(O)
00013 CPU: 3 UID: 0 PID: 1766 Comm: llog_process_th Tainted: G        W  O        7.0.0-ktest-d76e9af-6330a45-20260821-dirty #1 PREEMPT 
00013 Tainted: [W]=WARN, [O]=OOT_MODULE
00013 Hardware name: QEMU Standard PC (Q35 + ICH9, 2009), BIOS 2025.11-3ubuntu7 03/31/2026
00013 RIP: 0010:osd_create+0x9cf/0xcf0 [osd_wbcfs]
00013 Code: c7 c7 00 c6 7b a1 48 c7 c6 a0 42 7d a1 48 c7 c2 00 4c 7d a1 e8 82 dd 43 ff 48 c7 c7 00 c6 7b a1 e8 f6 6a 44 ff e9 fe fc ff ff <0f> 0b e9 a5 fa ff ff 48 c7 c1 80 44 5d a0 80 e1 07 80 c1 03 38 c1
00013 RSP: 0018:ffffc90000acf450 EFLAGS: 00010246
00013 RAX: 0000000000000000 RBX: ffff8881334d0800 RCX: 0000000000000046
00013 RDX: ffffffff84c44d40 RSI: ffff88802d6bbb90 RDI: ffff8880348f8998
00013 RBP: ffff88802d6bbb00 R08: 0000000000000001 R09: 0000000000000000
00013 R10: dffffc0000000000 R11: ffffed1005ad7755 R12: ffff8881170df700
00013 R13: dffffc0000000000 R14: 1ffff1102669a100 R15: 1ffff92000159ebf
00013 FS:  0000000000000000(0000) GS:ffff8881d4baa000(0000) knlGS:0000000000000000
00013 CS:  0010 DS: 0000 ES: 0000 CR0: 0000000080050033
00013 CR2: 00007fd493de6194 CR3: 000000011a5a6000 CR4: 0000000000750eb0
00013 PKRU: 55555554
00013 Call Trace:
00013  <TASK>
00013  ? dt_find_or_create+0x81a/0x1170 [obdclass]
00013  ? fld_index_init+0x404/0x1610 [fld]
00013  ? is_module_address+0x1b/0x70
00013  ? is_module_address+0x5e/0x70
00013  ? __asan_memset+0x22/0x40
00013  ? fld_server_init+0x1d7/0x580 [fld]
00013  ? mdt_device_alloc+0x36b4/0x66c0 [mdt]
00013  ? __alloc_tagging_slab_alloc_hook+0x136/0x190
00013  ? obd_setup+0x25c/0x960 [obdclass]
00013  ? class_setup+0xc7d/0x10e0 [obdclass]
00013  ? class_process_config+0x2edb/0x7cb0 [obdclass]
00013  ? __kasan_kmalloc+0x72/0x80
00013  ? class_config_llog_handler+0x2954/0x4f80 [obdclass]
00013  ? class_config_llog_handler+0x2cea/0x4f80 [obdclass]
00013  ? lustre_cfg_rec_free+0x350/0x350 [obdclass]
00013  ? llog_process_thread+0x1fd2/0x4f70 [obdclass]
00013  ? _raw_spin_unlock+0x23/0x40
00013  ? llog_process_thread_daemonize+0x16d/0x1b0 [obdclass]
00013  ? kthread+0x2cd/0x3a0
00013  ? llog_process_or_fork+0xc90/0xc90 [obdclass]
00013  ? kthread_unuse_mm+0x130/0x130
00013  ? ret_from_fork+0x18c/0x520
00013  ? kthread_unuse_mm+0x130/0x130
00013  ? ret_from_fork_asm+0x11/0x20
00013  </TASK>
00013 ---[ end trace 0000000000000000 ]---
00013 ------------[ cut here ]------------
00013 WARNING: /home/ktest/git/linux/include/linux/fs.h:889 at osd_create+0x9cf/0xcf0 [osd_wbcfs], CPU#3: llog_process_th/1766
00013 Modules linked in: osp(O) mdd(O) lod(O) mdt(O) lquota(O) lfsck(O) mgs(O) osd_wbcfs(O) lustre(O) obdecho(O) mgc(O) mdc(O) lov(O) osc(O) lmv(O) ec(O) fid(O) fld(O) ptlrpc(O) efivarfs obdclass(O) ksocklnd(O) lnet(O) libcfs(O)
00013 CPU: 3 UID: 0 PID: 1766 Comm: llog_process_th Tainted: G        W  O        7.0.0-ktest-d76e9af-6330a45-20260821-dirty #1 PREEMPT 
00013 Tainted: [W]=WARN, [O]=OOT_MODULE
00013 Hardware name: QEMU Standard PC (Q35 + ICH9, 2009), BIOS 2025.11-3ubuntu7 03/31/2026
00013 RIP: 0010:osd_create+0x9cf/0xcf0 [osd_wbcfs]
00013 Code: c7 c7 00 c6 7b a1 48 c7 c6 a0 42 7d a1 48 c7 c2 00 4c 7d a1 e8 82 dd 43 ff 48 c7 c7 00 c6 7b a1 e8 f6 6a 44 ff e9 fe fc ff ff <0f> 0b e9 a5 fa ff ff 48 c7 c1 80 44 5d a0 80 e1 07 80 c1 03 38 c1
00013 RSP: 0018:ffffc90000acf430 EFLAGS: 00010246
00013 RAX: 0000000000000000 RBX: ffff888135c9d400 RCX: 0000000000000046
00013 RDX: 0000000000000000 RSI: ffff88802d6bb478 RDI: ffff8880348f8998
00013 RBP: ffff88802d6bb3e8 R08: ffffffff83a16803 R09: 1ffffffff0742d00
00013 R10: dffffc0000000000 R11: fffffbfff0742d01 R12: ffffc90000acf530
00013 R13: dffffc0000000000 R14: 1ffff11026b93a80 R15: 1ffff92000159ea4
00013 FS:  0000000000000000(0000) GS:ffff8881d4baa000(0000) knlGS:0000000000000000
00013 CS:  0010 DS: 0000 ES: 0000 CR0: 0000000080050033
00013 CR2: 00007fd493de6194 CR3: 000000011a5a6000 CR4: 0000000000750eb0
00013 PKRU: 55555554
00013 Call Trace:
00013  <TASK>
00013  ? dt_find_or_create+0x81a/0x1170 [obdclass]
00013  ? seq_store_init+0x155/0x360 [fid]
00013  ? seq_server_init+0x290/0xba0 [fid]
00013  ? mdt_seq_init+0x2c1/0x1ef0 [mdt]
00013  ? fld_server_init+0x34e/0x580 [fld]
00013  ? mdt_device_alloc+0x39c5/0x66c0 [mdt]
00013  ? __alloc_tagging_slab_alloc_hook+0x136/0x190
00013  ? obd_setup+0x25c/0x960 [obdclass]
00013  ? class_setup+0xc7d/0x10e0 [obdclass]
00013  ? class_process_config+0x2edb/0x7cb0 [obdclass]
00013  ? __kasan_kmalloc+0x72/0x80
00013  ? class_config_llog_handler+0x2954/0x4f80 [obdclass]
00013  ? class_config_llog_handler+0x2cea/0x4f80 [obdclass]
00013  ? lustre_cfg_rec_free+0x350/0x350 [obdclass]
00013  ? llog_process_thread+0x1fd2/0x4f70 [obdclass]
00013  ? _raw_spin_unlock+0x23/0x40
00013  ? llog_process_thread_daemonize+0x16d/0x1b0 [obdclass]
00013  ? kthread+0x2cd/0x3a0
00013  ? llog_process_or_fork+0xc90/0xc90 [obdclass]
00013  ? kthread_unuse_mm+0x130/0x130
00013  ? ret_from_fork+0x18c/0x520
00013  ? kthread_unuse_mm+0x130/0x130
00013  ? ret_from_fork_asm+0x11/0x20
00013  </TASK>
00013 ---[ end trace 0000000000000000 ]---
00013 ------------[ cut here ]------------
00013 WARNING: /home/ktest/git/linux/include/linux/fs.h:889 at osd_create+0x9cf/0xcf0 [osd_wbcfs], CPU#3: llog_process_th/1766
00013 Modules linked in: osp(O) mdd(O) lod(O) mdt(O) lquota(O) lfsck(O) mgs(O) osd_wbcfs(O) lustre(O) obdecho(O) mgc(O) mdc(O) lov(O) osc(O) lmv(O) ec(O) fid(O) fld(O) ptlrpc(O) efivarfs obdclass(O) ksocklnd(O) lnet(O) libcfs(O)
00013 CPU: 3 UID: 0 PID: 1766 Comm: llog_process_th Tainted: G        W  O        7.0.0-ktest-d76e9af-6330a45-20260821-dirty #1 PREEMPT 
00013 Tainted: [W]=WARN, [O]=OOT_MODULE
00013 Hardware name: QEMU Standard PC (Q35 + ICH9, 2009), BIOS 2025.11-3ubuntu7 03/31/2026
00013 RIP: 0010:osd_create+0x9cf/0xcf0 [osd_wbcfs]
00013 Code: c7 c7 00 c6 7b a1 48 c7 c6 a0 42 7d a1 48 c7 c2 00 4c 7d a1 e8 82 dd 43 ff 48 c7 c7 00 c6 7b a1 e8 f6 6a 44 ff e9 fe fc ff ff <0f> 0b e9 a5 fa ff ff 48 c7 c1 80 44 5d a0 80 e1 07 80 c1 03 38 c1
00013 RSP: 0018:ffffc90000acf470 EFLAGS: 00010246
00013 RAX: 0000000000000000 RBX: ffff888135c9f000 RCX: 0000000000000046
00013 RDX: 0000000000000000 RSI: ffff88802d6bad60 RDI: ffff8880348f8998
00013 RBP: ffff88802d6bacd0 R08: ffffffff83a16803 R09: 1ffffffff0742d00
00013 R10: dffffc0000000000 R11: fffffbfff0742d01 R12: ffffc90000acf5e0
00013 R13: dffffc0000000000 R14: 1ffff11026b93e00 R15: 1ffff92000159ec9
00013 FS:  0000000000000000(0000) GS:ffff8881d4baa000(0000) knlGS:0000000000000000
00013 CS:  0010 DS: 0000 ES: 0000 CR0: 0000000080050033
00013 CR2: 00007fd493de6194 CR3: 000000011a5a6000 CR4: 0000000000750eb0
00013 PKRU: 55555554
00013 Call Trace:
00013  <TASK>
00013  ? dt_find_or_create+0x81a/0x1170 [obdclass]
00013  ? tgt_init+0xb72/0x2a60 [ptlrpc]
00013  ? mdt_device_alloc+0x3ce7/0x66c0 [mdt]
00013  ? __alloc_tagging_slab_alloc_hook+0x136/0x190
00013  ? obd_setup+0x25c/0x960 [obdclass]
00013  ? class_setup+0xc7d/0x10e0 [obdclass]
00013  ? class_process_config+0x2edb/0x7cb0 [obdclass]
00013  ? __kasan_kmalloc+0x72/0x80
00013  ? class_config_llog_handler+0x2954/0x4f80 [obdclass]
00013  ? class_config_llog_handler+0x2cea/0x4f80 [obdclass]
00013  ? lustre_cfg_rec_free+0x350/0x350 [obdclass]
00013  ? llog_process_thread+0x1fd2/0x4f70 [obdclass]
00013  ? _raw_spin_unlock+0x23/0x40
00013  ? llog_process_thread_daemonize+0x16d/0x1b0 [obdclass]
00013  ? kthread+0x2cd/0x3a0
00013  ? llog_process_or_fork+0xc90/0xc90 [obdclass]
00013  ? kthread_unuse_mm+0x130/0x130
00013  ? ret_from_fork+0x18c/0x520
00013  ? kthread_unuse_mm+0x130/0x130
00013  ? ret_from_fork_asm+0x11/0x20
00013  </TASK>
00013 ---[ end trace 0000000000000000 ]---
00013 ------------[ cut here ]------------
00013 WARNING: /home/ktest/git/linux/include/linux/fs.h:889 at osd_create+0x9cf/0xcf0 [osd_wbcfs], CPU#3: llog_process_th/1766
00013 Modules linked in: osp(O) mdd(O) lod(O) mdt(O) lquota(O) lfsck(O) mgs(O) osd_wbcfs(O) lustre(O) obdecho(O) mgc(O) mdc(O) lov(O) osc(O) lmv(O) ec(O) fid(O) fld(O) ptlrpc(O) efivarfs obdclass(O) ksocklnd(O) lnet(O) libcfs(O)
00013 CPU: 3 UID: 0 PID: 1766 Comm: llog_process_th Tainted: G        W  O        7.0.0-ktest-d76e9af-6330a45-20260821-dirty #1 PREEMPT 
00013 Tainted: [W]=WARN, [O]=OOT_MODULE
00013 Hardware name: QEMU Standard PC (Q35 + ICH9, 2009), BIOS 2025.11-3ubuntu7 03/31/2026
00013 RIP: 0010:osd_create+0x9cf/0xcf0 [osd_wbcfs]
00013 Code: c7 c7 00 c6 7b a1 48 c7 c6 a0 42 7d a1 48 c7 c2 00 4c 7d a1 e8 82 dd 43 ff 48 c7 c7 00 c6 7b a1 e8 f6 6a 44 ff e9 fe fc ff ff <0f> 0b e9 a5 fa ff ff 48 c7 c1 80 44 5d a0 80 e1 07 80 c1 03 38 c1
00013 RSP: 0018:ffffc90000acf470 EFLAGS: 00010246
00013 RAX: 0000000000000000 RBX: ffff888135c9f400 RCX: 0000000000000046
00013 RDX: 0000000000000000 RSI: ffff88802d6ba648 RDI: ffff8880348f8998
00013 RBP: ffff88802d6ba5b8 R08: ffffffff83a16803 R09: 1ffffffff0742d00
00013 R10: dffffc0000000000 R11: fffffbfff0742d01 R12: ffffc90000acf5e0
00013 R13: dffffc0000000000 R14: 1ffff11026b93e80 R15: 1ffff92000159ec9
00013 FS:  0000000000000000(0000) GS:ffff8881d4baa000(0000) knlGS:0000000000000000
00013 CS:  0010 DS: 0000 ES: 0000 CR0: 0000000080050033
00013 CR2: 00007fd493de6194 CR3: 000000011a5a6000 CR4: 0000000000750eb0
00013 PKRU: 55555554
00013 Call Trace:
00013  <TASK>
00013  ? dt_find_or_create+0x81a/0x1170 [obdclass]
00013  ? tgt_init+0x1a98/0x2a60 [ptlrpc]
00013  ? mdt_device_alloc+0x3ce7/0x66c0 [mdt]
00013  ? __alloc_tagging_slab_alloc_hook+0x136/0x190
00013  ? obd_setup+0x25c/0x960 [obdclass]
00013  ? class_setup+0xc7d/0x10e0 [obdclass]
00013  ? class_process_config+0x2edb/0x7cb0 [obdclass]
00013  ? __kasan_kmalloc+0x72/0x80
00013  ? class_config_llog_handler+0x2954/0x4f80 [obdclass]
00013  ? class_config_llog_handler+0x2cea/0x4f80 [obdclass]
00013  ? lustre_cfg_rec_free+0x350/0x350 [obdclass]
00013  ? llog_process_thread+0x1fd2/0x4f70 [obdclass]
00013  ? _raw_spin_unlock+0x23/0x40
00013  ? llog_process_thread_daemonize+0x16d/0x1b0 [obdclass]
00013  ? kthread+0x2cd/0x3a0
00013  ? llog_process_or_fork+0xc90/0xc90 [obdclass]
00013  ? kthread_unuse_mm+0x130/0x130
00013  ? ret_from_fork+0x18c/0x520
00013  ? kthread_unuse_mm+0x130/0x130
00013  ? ret_from_fork_asm+0x11/0x20
00013  </TASK>
00013 ---[ end trace 0000000000000000 ]---
00013 Lustre: cli-ctl-lustre-MDT0001: Allocated super-sequence [0x0000000240000400-0x0000000280000400]:1:mdt]
00013 ------------[ cut here ]------------
00013 WARNING: /home/ktest/git/linux/include/linux/fs.h:889 at osd_create+0x9cf/0xcf0 [osd_wbcfs], CPU#2: lod0001_rec0001/1775
00013 Modules linked in: osp(O) mdd(O) lod(O) mdt(O) lquota(O) lfsck(O) mgs(O) osd_wbcfs(O) lustre(O) obdecho(O) mgc(O) mdc(O) lov(O) osc(O) lmv(O) ec(O) fid(O) fld(O) ptlrpc(O) efivarfs obdclass(O) ksocklnd(O) lnet(O) libcfs(O)
00013 CPU: 2 UID: 0 PID: 1775 Comm: lod0001_rec0001 Tainted: G        W  O        7.0.0-ktest-d76e9af-6330a45-20260821-dirty #1 PREEMPT 
00013 Tainted: [W]=WARN, [O]=OOT_MODULE
00013 Hardware name: QEMU Standard PC (Q35 + ICH9, 2009), BIOS 2025.11-3ubuntu7 03/31/2026
00013 RIP: 0010:osd_create+0x9cf/0xcf0 [osd_wbcfs]
00013 Code: c7 c7 00 c6 7b a1 48 c7 c6 a0 42 7d a1 48 c7 c2 00 4c 7d a1 e8 82 dd 43 ff 48 c7 c7 00 c6 7b a1 e8 f6 6a 44 ff e9 fe fc ff ff <0f> 0b e9 a5 fa ff ff 48 c7 c1 80 44 5d a0 80 e1 07 80 c1 03 38 c1
00013 ------------[ cut here ]------------
00013 RSP: 0018:ffffc90001457b60 EFLAGS: 00010246
00013 WARNING: /home/ktest/git/linux/include/linux/fs.h:889 at osd_create+0x9cf/0xcf0 [osd_wbcfs], CPU#1: mdt_out00_000/1735
00013 RAX: 0000000000000000 RBX: ffff888119f06400 RCX: 0000000000000046
00013 Modules linked in: osp(O) mdd(O) lod(O) mdt(O) lquota(O) lfsck(O) mgs(O) osd_wbcfs(O) lustre(O) obdecho(O) mgc(O) mdc(O) lov(O) osc(O) lmv(O) ec(O) fid(O) fld(O) ptlrpc(O) efivarfs obdclass(O)
00013 RDX: 0000000000000000 RSI: ffff88802b5850d8 RDI: ffff88802b4e2a58
00013  ksocklnd(O) lnet(O) libcfs(O)
00013 CPU: 1 UID: 0 PID: 1735 Comm: mdt_out00_000 Tainted: G        W  O        7.0.0-ktest-d76e9af-6330a45-20260821-dirty #1 PREEMPT 
00013 Tainted: [W]=WARN, [O]=OOT_MODULE
00013 RBP: ffff88802b585048 R08: ffffffff83a16803 R09: 1ffffffff0742d00
00013 R10: dffffc0000000000 R11: fffffbfff0742d01 R12: ffff8881334ef800
00013 R13: dffffc0000000000 R14: 1ffff110233e0c80 R15: 1ffff1102669df0f
00013 FS:  0000000000000000(0000) GS:ffff8881d4b2a000(0000) knlGS:0000000000000000
00013 CS:  0010 DS: 0000 ES: 0000 CR0: 0000000080050033
00013 CR2: 00007f1e937e6194 CR3: 0000000008808000 CR4: 0000000000750eb0
00013 PKRU: 55555554
00013 Call Trace:
00013  <TASK>
00013  ? llog_osd_create+0x645/0x1140 [obdclass]
00013  ? llog_create+0x2ed/0x530 [obdclass]
00013  ? llog_open_create+0x5af/0xb10 [obdclass]
00013 Hardware name: QEMU Standard PC (Q35 + ICH9, 2009), BIOS 2025.11-3ubuntu7 03/31/2026
00013  ? lod_sub_prep_llog+0xdfd/0x1b40 [lod]
00013 RIP: 0010:osd_create+0x9cf/0xcf0 [osd_wbcfs]
00013  ? lod_sub_recovery_thread+0x316/0x18d0 [lod]
00013 Code: c7 c7 00 c6 7b a1 48 c7 c6 a0 42 7d a1 48 c7 c2 00 4c 7d a1 e8 82 dd 43 ff 48 c7 c7 00 c6 7b a1 e8 f6 6a 44 ff e9 fe fc ff ff <0f> 0b e9 a5 fa ff ff 48 c7 c1 80 44 5d a0 80 e1 07 80 c1 03 38 c1
00013 RSP: 0018:ffffc90001397800 EFLAGS: 00010246
00013 RAX: 0000000000000000 RBX: ffff888133505000 RCX: 0000000000000046
00013  ? __kthread_parkme+0x73/0x130
00013 RDX: 0000000000000000 RSI: ffff8880071f02d0 RDI: ffff888020ed0998
00013 RBP: ffff8880071f0240 R08: ffffffff83a16803 R09: 1ffffffff0742d00
00013 R10: dffffc0000000000 R11: fffffbfff0742d01 R12: ffff88811ebee630
00013 R13: dffffc0000000000 R14: 1ffff110266a0a00 R15: 1ffff11023d7dcd8
00013 FS:  0000000000000000(0000) GS:ffff8881d4aaa000(0000) knlGS:0000000000000000
00013 CS:  0010 DS: 0000 ES: 0000 CR0: 0000000080050033
00013  ? kthread+0x2cd/0x3a0
00013 CR2: 0000564df36f9810 CR3: 0000000008808000 CR4: 0000000000750eb0
00013 PKRU: 55555554
00013 Call Trace:
00013  <TASK>
00013  ? out_tx_create_exec+0x277/0x7a0 [ptlrpc]
00013  ? lod_sub_init_llog+0x1180/0x1180 [lod]
00013  ? tx_add_exec+0xd70/0xd70 [ptlrpc]
00013  ? kthread_unuse_mm+0x130/0x130
00013  ? out_tx_end+0x3e3/0x1190 [ptlrpc]
00013  ? ret_from_fork+0x18c/0x520
00013  ? out_handle+0x539f/0x6350 [ptlrpc]
00013  ? tgt_request_handle+0x23ad/0x3d30 [ptlrpc]
00013  ? kthread_unuse_mm+0x130/0x130
00013  ? ptlrpc_main+0x6359/0x96f0 [ptlrpc]
00013  ? ret_from_fork_asm+0x11/0x20
00013  ? __kthread_parkme+0x73/0x130
00013  </TASK>
00013  ? kthread+0x2cd/0x3a0
00013  ? ptlrpc_start_thread+0x1f10/0x1f10 [ptlrpc]
00013 ---[ end trace 0000000000000000 ]---
00013  ? kthread_unuse_mm+0x130/0x130
00013  ? ret_from_fork+0x18c/0x520
00013  ? kthread_unuse_mm+0x130/0x130
00013  ? ret_from_fork_asm+0x11/0x20
00013  </TASK>
00013 ---[ end trace 0000000000000000 ]---
00013 ------------[ cut here ]------------
00013 WARNING: /home/ktest/git/linux/include/linux/fs.h:889 at osd_create+0x9cf/0xcf0 [osd_wbcfs], CPU#3: ll_mgs_0002/1726
00013 Modules linked in: ofd(O) osp(O) mdd(O) lod(O) mdt(O) lquota(O) lfsck(O) mgs(O) osd_wbcfs(O) lustre(O) obdecho(O) mgc(O) mdc(O) lov(O) osc(O) lmv(O) ec(O) fid(O) fld(O) ptlrpc(O) efivarfs obdclass(O) ksocklnd(O) lnet(O) libcfs(O)
00013 CPU: 3 UID: 0 PID: 1726 Comm: ll_mgs_0002 Tainted: G        W  O        7.0.0-ktest-d76e9af-6330a45-20260821-dirty #1 PREEMPT 
00013 Tainted: [W]=WARN, [O]=OOT_MODULE
00013 Hardware name: QEMU Standard PC (Q35 + ICH9, 2009), BIOS 2025.11-3ubuntu7 03/31/2026
00013 RIP: 0010:osd_create+0x9cf/0xcf0 [osd_wbcfs]
00013 Code: c7 c7 00 c6 7b a1 48 c7 c6 a0 42 7d a1 48 c7 c2 00 4c 7d a1 e8 82 dd 43 ff 48 c7 c7 00 c6 7b a1 e8 f6 6a 44 ff e9 fe fc ff ff <0f> 0b e9 a5 fa ff ff 48 c7 c1 80 44 5d a0 80 e1 07 80 c1 03 38 c1
00013 RSP: 0018:ffffc900011f7700 EFLAGS: 00010246
00013 RAX: 0000000000000000 RBX: ffff8881343d2c00 RCX: 0000000000000046
00013 RDX: 0000000000000000 RSI: ffff88814d521f30 RDI: ffff8881188b4b68
00013 RBP: ffff88814d521ea0 R08: ffffffff83a16803 R09: 1ffffffff0742d00
00013 R10: dffffc0000000000 R11: fffffbfff0742d01 R12: ffff88811ab8e000
00013 R13: dffffc0000000000 R14: 1ffff1102687a580 R15: 1ffff11023571c0f
00013 FS:  0000000000000000(0000) GS:ffff8881d4baa000(0000) knlGS:0000000000000000
00013 CS:  0010 DS: 0000 ES: 0000 CR0: 0000000080050033
00013 CR2: 00007fd493de6194 CR3: 0000000008808000 CR4: 0000000000750eb0
00013 PKRU: 55555554
00013 Call Trace:
00013  <TASK>
00013  ? local_object_create+0x109/0x640 [obdclass]
00013  ? dt_write_lock+0x16d/0x2a0 [obdclass]
00013  ? llog_osd_create+0x356/0x1140 [obdclass]
00013  ? llog_create+0x2ed/0x530 [obdclass]
00013  ? llog_open_create+0x5af/0xb10 [obdclass]
00013  ? record_start_log+0x348/0xa40 [mgs]
00013  ? mgs_write_log_target+0x16f2/0x6ab0 [mgs]
00013  ? mgs_target_reg+0x254e/0x4480 [mgs]
00013  ? tgt_request_handle+0x23ad/0x3d30 [ptlrpc]
00013  ? ptlrpc_main+0x6359/0x96f0 [ptlrpc]
00013  ? __kthread_parkme+0x73/0x130
00013  ? kthread+0x2cd/0x3a0
00013  ? ptlrpc_start_thread+0x1f10/0x1f10 [ptlrpc]
00013  ? kthread_unuse_mm+0x130/0x130
00013  ? ret_from_fork+0x18c/0x520
00013  ? kthread_unuse_mm+0x130/0x130
00013  ? ret_from_fork_asm+0x11/0x20
00013  </TASK>
00013 ---[ end trace 0000000000000000 ]---
00013 ------------[ cut here ]------------
00013 WARNING: /home/ktest/git/linux/include/linux/fs.h:889 at osd_create+0x9cf/0xcf0 [osd_wbcfs], CPU#2: llog_process_th/1791
00013 Modules linked in: ofd(O) osp(O) mdd(O) lod(O) mdt(O) lquota(O) lfsck(O) mgs(O) osd_wbcfs(O) lustre(O) obdecho(O) mgc(O) mdc(O) lov(O) osc(O) lmv(O) ec(O) fid(O) fld(O) ptlrpc(O) efivarfs obdclass(O) ksocklnd(O) lnet(O) libcfs(O)
00013 CPU: 2 UID: 0 PID: 1791 Comm: llog_process_th Tainted: G        W  O        7.0.0-ktest-d76e9af-6330a45-20260821-dirty #1 PREEMPT 
00013 Tainted: [W]=WARN, [O]=OOT_MODULE
00013 Hardware name: QEMU Standard PC (Q35 + ICH9, 2009), BIOS 2025.11-3ubuntu7 03/31/2026
00013 RIP: 0010:osd_create+0x9cf/0xcf0 [osd_wbcfs]
00013 Code: c7 c7 00 c6 7b a1 48 c7 c6 a0 42 7d a1 48 c7 c2 00 4c 7d a1 e8 82 dd 43 ff 48 c7 c7 00 c6 7b a1 e8 f6 6a 44 ff e9 fe fc ff ff <0f> 0b e9 a5 fa ff ff 48 c7 c1 80 44 5d a0 80 e1 07 80 c1 03 38 c1
00013 RSP: 0018:ffffc90004137618 EFLAGS: 00010246
00013 RAX: 0000000000000000 RBX: ffff888119ae9400 RCX: 0000000000000046
00013 RDX: 0000000000000000 RSI: ffff88802b5849c0 RDI: ffff888040e94b18
00013 RBP: ffff88802b584930 R08: ffffffff83a16803 R09: 1ffffffff0742d00
00013 R10: dffffc0000000000 R11: fffffbfff0742d01 R12: ffffc90004137788
00013 R13: dffffc0000000000 R14: 1ffff1102335d280 R15: 1ffff92000826efe
00013 FS:  0000000000000000(0000) GS:ffff8881d4b2a000(0000) knlGS:0000000000000000
00013 CS:  0010 DS: 0000 ES: 0000 CR0: 0000000080050033
00013 CR2: 00007f1e937e6194 CR3: 000000013406c000 CR4: 0000000000750eb0
00013 PKRU: 55555554
00013 Call Trace:
00013  <TASK>
00013  ? dt_find_or_create+0x81a/0x1170 [obdclass]
00013  ? tgt_init+0xb72/0x2a60 [ptlrpc]
00013  ? ofd_device_alloc+0x1d4b/0x3600 [ofd]
00013  ? obd_setup+0x25c/0x960 [obdclass]
00013  ? class_setup+0xc7d/0x10e0 [obdclass]
00013  ? class_process_config+0x2edb/0x7cb0 [obdclass]
00013  ? __kasan_kmalloc+0x72/0x80
00013  ? class_config_llog_handler+0x2954/0x4f80 [obdclass]
00013  ? class_config_llog_handler+0x2cea/0x4f80 [obdclass]
00013  ? lustre_cfg_rec_free+0x350/0x350 [obdclass]
00013  ? llog_process_thread+0x1fd2/0x4f70 [obdclass]
00013  ? _raw_spin_unlock+0x23/0x40
00013  ? llog_process_thread_daemonize+0x16d/0x1b0 [obdclass]
00013  ? kthread+0x2cd/0x3a0
00013  ? llog_process_or_fork+0xc90/0xc90 [obdclass]
00013  ? kthread_unuse_mm+0x130/0x130
00013  ? ret_from_fork+0x18c/0x520
00013  ? kthread_unuse_mm+0x130/0x130
00013  ? ret_from_fork_asm+0x11/0x20
00013  </TASK>
00013 ---[ end trace 0000000000000000 ]---
00013 ------------[ cut here ]------------
00013 WARNING: /home/ktest/git/linux/include/linux/fs.h:889 at osd_create+0x9cf/0xcf0 [osd_wbcfs], CPU#2: llog_process_th/1791
00013 Modules linked in: ofd(O) osp(O) mdd(O) lod(O) mdt(O) lquota(O) lfsck(O) mgs(O) osd_wbcfs(O) lustre(O) obdecho(O) mgc(O) mdc(O) lov(O) osc(O) lmv(O) ec(O) fid(O) fld(O) ptlrpc(O) efivarfs obdclass(O) ksocklnd(O) lnet(O) libcfs(O)
00013 CPU: 2 UID: 0 PID: 1791 Comm: llog_process_th Tainted: G        W  O        7.0.0-ktest-d76e9af-6330a45-20260821-dirty #1 PREEMPT 
00013 Tainted: [W]=WARN, [O]=OOT_MODULE
00013 Hardware name: QEMU Standard PC (Q35 + ICH9, 2009), BIOS 2025.11-3ubuntu7 03/31/2026
00013 RIP: 0010:osd_create+0x9cf/0xcf0 [osd_wbcfs]
00013 Code: c7 c7 00 c6 7b a1 48 c7 c6 a0 42 7d a1 48 c7 c2 00 4c 7d a1 e8 82 dd 43 ff 48 c7 c7 00 c6 7b a1 e8 f6 6a 44 ff e9 fe fc ff ff <0f> 0b e9 a5 fa ff ff 48 c7 c1 80 44 5d a0 80 e1 07 80 c1 03 38 c1
00013 RSP: 0018:ffffc900041374f0 EFLAGS: 00010246
00013 RAX: 0000000000000000 RBX: ffff888119ae8800 RCX: 0000000000000046
00013 RDX: 0000000000000000 RSI: ffff88802b5842a8 RDI: ffff888040e94b18
00013 RBP: ffff88802b584218 R08: ffffffff83a16803 R09: 1ffffffff0742d00
00013 R10: dffffc0000000000 R11: fffffbfff0742d01 R12: ffffc900041375f0
00013 R13: dffffc0000000000 R14: 1ffff1102335d100 R15: 1ffff92000826ebc
00013 FS:  0000000000000000(0000) GS:ffff8881d4b2a000(0000) knlGS:0000000000000000
00013 CS:  0010 DS: 0000 ES: 0000 CR0: 0000000080050033
00013 CR2: 00007f1e937e6194 CR3: 000000013406c000 CR4: 0000000000750eb0
00013 PKRU: 55555554
00013 Call Trace:
00013  <TASK>
00013  ? dt_find_or_create+0x81a/0x1170 [obdclass]
00013  ? seq_store_init+0x155/0x360 [fid]
00013  ? seq_server_init+0x290/0xba0 [fid]
00013  ? ofd_fid_init+0x41c/0xf80 [ofd]
00013  ? ofd_seqs_init+0xb6/0x1370 [ofd]
00013  ? ofd_fs_setup+0x13c/0xdd0 [ofd]
00013  ? ofd_device_alloc+0x1f64/0x3600 [ofd]
00013  ? obd_setup+0x25c/0x960 [obdclass]
00013  ? class_setup+0xc7d/0x10e0 [obdclass]
00013  ? class_process_config+0x2edb/0x7cb0 [obdclass]
00013  ? __kasan_kmalloc+0x72/0x80
00013  ? class_config_llog_handler+0x2954/0x4f80 [obdclass]
00013  ? class_config_llog_handler+0x2cea/0x4f80 [obdclass]
00013  ? lustre_cfg_rec_free+0x350/0x350 [obdclass]
00013  ? llog_process_thread+0x1fd2/0x4f70 [obdclass]
00013  ? _raw_spin_unlock+0x23/0x40
00013  ? llog_process_thread_daemonize+0x16d/0x1b0 [obdclass]
00013  ? kthread+0x2cd/0x3a0
00013  ? llog_process_or_fork+0xc90/0xc90 [obdclass]
00013  ? kthread_unuse_mm+0x130/0x130
00013  ? ret_from_fork+0x18c/0x520
00013  ? kthread_unuse_mm+0x130/0x130
00013  ? ret_from_fork_asm+0x11/0x20
00013  </TASK>
00013 ---[ end trace 0000000000000000 ]---
00013 ------------[ cut here ]------------
00013 WARNING: /home/ktest/git/linux/include/linux/fs.h:889 at osd_create+0x9cf/0xcf0 [osd_wbcfs], CPU#2: llog_process_th/1791
00013 Modules linked in: ofd(O) osp(O) mdd(O) lod(O) mdt(O) lquota(O) lfsck(O) mgs(O) osd_wbcfs(O) lustre(O) obdecho(O) mgc(O) mdc(O) lov(O) osc(O) lmv(O) ec(O) fid(O) fld(O) ptlrpc(O) efivarfs obdclass(O) ksocklnd(O) lnet(O) libcfs(O)
00013 CPU: 2 UID: 0 PID: 1791 Comm: llog_process_th Tainted: G        W  O        7.0.0-ktest-d76e9af-6330a45-20260821-dirty #1 PREEMPT 
00013 Tainted: [W]=WARN, [O]=OOT_MODULE
00013 Hardware name: QEMU Standard PC (Q35 + ICH9, 2009), BIOS 2025.11-3ubuntu7 03/31/2026
00013 RIP: 0010:osd_create+0x9cf/0xcf0 [osd_wbcfs]
00013 Code: c7 c7 00 c6 7b a1 48 c7 c6 a0 42 7d a1 48 c7 c2 00 4c 7d a1 e8 82 dd 43 ff 48 c7 c7 00 c6 7b a1 e8 f6 6a 44 ff e9 fe fc ff ff <0f> 0b e9 a5 fa ff ff 48 c7 c1 80 44 5d a0 80 e1 07 80 c1 03 38 c1
00013 RSP: 0018:ffffc90004137530 EFLAGS: 00010246
00013 RAX: 0000000000000000 RBX: ffff888119aebc00 RCX: 0000000000000046
00013 RDX: ffffffff84c44d40 RSI: ffff88802b583b90 RDI: ffff888040e94b18
00013 RBP: ffff88802b583b00 R08: 0000000000000001 R09: 0000000000000000
00013 R10: dffffc0000000000 R11: ffffed10056b0755 R12: ffff888103971c00
00013 R13: dffffc0000000000 R14: 1ffff1102335d780 R15: 1ffff92000826edb
00013 FS:  0000000000000000(0000) GS:ffff8881d4b2a000(0000) knlGS:0000000000000000
00013 CS:  0010 DS: 0000 ES: 0000 CR0: 0000000080050033
00013 CR2: 00007f1e937e6194 CR3: 000000013406c000 CR4: 0000000000750eb0
00013 PKRU: 55555554
00013 Call Trace:
00013  <TASK>
00013  ? dt_find_or_create+0x81a/0x1170 [obdclass]
00013  ? fld_index_init+0x404/0x1610 [fld]
00013  ? is_module_address+0x1b/0x70
00013  ? is_module_address+0x5e/0x70
00013  ? __asan_memset+0x22/0x40
00013  ? fld_server_init+0x1d7/0x580 [fld]
00013  ? ofd_seqs_init+0x430/0x1370 [ofd]
00013  ? ofd_fs_setup+0x13c/0xdd0 [ofd]
00013  ? ofd_device_alloc+0x1f64/0x3600 [ofd]
00013  ? obd_setup+0x25c/0x960 [obdclass]
00013  ? class_setup+0xc7d/0x10e0 [obdclass]
00013  ? class_process_config+0x2edb/0x7cb0 [obdclass]
00013  ? __kasan_kmalloc+0x72/0x80
00013  ? class_config_llog_handler+0x2954/0x4f80 [obdclass]
00013  ? class_config_llog_handler+0x2cea/0x4f80 [obdclass]
00013  ? lustre_cfg_rec_free+0x350/0x350 [obdclass]
00013  ? llog_process_thread+0x1fd2/0x4f70 [obdclass]
00013  ? _raw_spin_unlock+0x23/0x40
00013  ? llog_process_thread_daemonize+0x16d/0x1b0 [obdclass]
00013  ? kthread+0x2cd/0x3a0
00013  ? llog_process_or_fork+0xc90/0xc90 [obdclass]
00013  ? kthread_unuse_mm+0x130/0x130
00013  ? ret_from_fork+0x18c/0x520
00013  ? kthread_unuse_mm+0x130/0x130
00013  ? ret_from_fork_asm+0x11/0x20
00013  </TASK>
00013 ---[ end trace 0000000000000000 ]---
00013 ------------[ cut here ]------------
00013 WARNING: /home/ktest/git/linux/include/linux/fs.h:889 at osd_create+0x9cf/0xcf0 [osd_wbcfs], CPU#2: llog_process_th/1791
00013 Modules linked in: ofd(O) osp(O) mdd(O) lod(O) mdt(O) lquota(O) lfsck(O) mgs(O) osd_wbcfs(O) lustre(O) obdecho(O) mgc(O) mdc(O) lov(O) osc(O) lmv(O) ec(O) fid(O) fld(O) ptlrpc(O) efivarfs obdclass(O) ksocklnd(O) lnet(O) libcfs(O)
00013 CPU: 2 UID: 0 PID: 1791 Comm: llog_process_th Tainted: G        W  O        7.0.0-ktest-d76e9af-6330a45-20260821-dirty #1 PREEMPT 
00013 Tainted: [W]=WARN, [O]=OOT_MODULE
00013 Hardware name: QEMU Standard PC (Q35 + ICH9, 2009), BIOS 2025.11-3ubuntu7 03/31/2026
00013 RIP: 0010:osd_create+0x9cf/0xcf0 [osd_wbcfs]
00013 Code: c7 c7 00 c6 7b a1 48 c7 c6 a0 42 7d a1 48 c7 c2 00 4c 7d a1 e8 82 dd 43 ff 48 c7 c7 00 c6 7b a1 e8 f6 6a 44 ff e9 fe fc ff ff <0f> 0b e9 a5 fa ff ff 48 c7 c1 80 44 5d a0 80 e1 07 80 c1 03 38 c1
00013 RSP: 0018:ffffc900041376e0 EFLAGS: 00010246
00013 RAX: 0000000000000000 RBX: ffff888119aeb000 RCX: 0000000000000046
00013 RDX: 0000000000000000 RSI: ffff88802b583478 RDI: ffff888040e94b18
00013 RBP: ffff88802b5833e8 R08: ffffffff83a16803 R09: 1ffffffff0742d00
00013 R10: dffffc0000000000 R11: fffffbfff0742d01 R12: ffff8880460b6030
00013 R13: dffffc0000000000 R14: 1ffff1102335d600 R15: 1ffff11008c16c42
00013 FS:  0000000000000000(0000) GS:ffff8881d4b2a000(0000) knlGS:0000000000000000
00013 CS:  0010 DS: 0000 ES: 0000 CR0: 0000000080050033
00013 CR2: 00007f1e937e6194 CR3: 000000013406c000 CR4: 0000000000750eb0
00013 PKRU: 55555554
00013 Call Trace:
00013  <TASK>
00013  ? dt_find_or_create+0x81a/0x1170 [obdclass]
00013  ? ofd_fs_setup+0x42c/0xdd0 [ofd]
00013  ? ofd_device_alloc+0x1f64/0x3600 [ofd]
00013  ? obd_setup+0x25c/0x960 [obdclass]
00013  ? class_setup+0xc7d/0x10e0 [obdclass]
00013  ? class_process_config+0x2edb/0x7cb0 [obdclass]
00013  ? __kasan_kmalloc+0x72/0x80
00013  ? class_config_llog_handler+0x2954/0x4f80 [obdclass]
00013  ? class_config_llog_handler+0x2cea/0x4f80 [obdclass]
00013  ? lustre_cfg_rec_free+0x350/0x350 [obdclass]
00013  ? llog_process_thread+0x1fd2/0x4f70 [obdclass]
00013  ? _raw_spin_unlock+0x23/0x40
00013  ? llog_process_thread_daemonize+0x16d/0x1b0 [obdclass]
00013  ? kthread+0x2cd/0x3a0
00013  ? llog_process_or_fork+0xc90/0xc90 [obdclass]
00013  ? kthread_unuse_mm+0x130/0x130
00013  ? ret_from_fork+0x18c/0x520
00013  ? kthread_unuse_mm+0x130/0x130
00013  ? ret_from_fork_asm+0x11/0x20
00013  </TASK>
00013 ---[ end trace 0000000000000000 ]---
00013 ------------[ cut here ]------------
00013 WARNING: /home/ktest/git/linux/include/linux/fs.h:889 at osd_create+0x9cf/0xcf0 [osd_wbcfs], CPU#2: llog_process_th/1791
00013 Modules linked in: ofd(O) osp(O) mdd(O) lod(O) mdt(O) lquota(O) lfsck(O) mgs(O) osd_wbcfs(O) lustre(O) obdecho(O) mgc(O) mdc(O) lov(O) osc(O) lmv(O) ec(O) fid(O) fld(O) ptlrpc(O) efivarfs obdclass(O) ksocklnd(O) lnet(O) libcfs(O)
00013 CPU: 2 UID: 0 PID: 1791 Comm: llog_process_th Tainted: G        W  O        7.0.0-ktest-d76e9af-6330a45-20260821-dirty #1 PREEMPT 
00013 Tainted: [W]=WARN, [O]=OOT_MODULE
00013 Hardware name: QEMU Standard PC (Q35 + ICH9, 2009), BIOS 2025.11-3ubuntu7 03/31/2026
00013 RIP: 0010:osd_create+0x9cf/0xcf0 [osd_wbcfs]
00013 Code: c7 c7 00 c6 7b a1 48 c7 c6 a0 42 7d a1 48 c7 c2 00 4c 7d a1 e8 82 dd 43 ff 48 c7 c7 00 c6 7b a1 e8 f6 6a 44 ff e9 fe fc ff ff <0f> 0b e9 a5 fa ff ff 48 c7 c1 80 44 5d a0 80 e1 07 80 c1 03 38 c1
00013 RSP: 0018:ffffc900041376e0 EFLAGS: 00010246
00013 RAX: 0000000000000000 RBX: ffff888119aeb400 RCX: 0000000000000046
00013 RDX: 0000000000000000 RSI: ffff88802b582d60 RDI: ffff888040e94b18
00013 RBP: ffff88802b582cd0 R08: ffffffff83a16803 R09: 1ffffffff0742d00
00013 R10: dffffc0000000000 R11: fffffbfff0742d01 R12: ffff8880460b6030
00013 R13: dffffc0000000000 R14: 1ffff1102335d680 R15: 1ffff11008c16c42
00013 FS:  0000000000000000(0000) GS:ffff8881d4b2a000(0000) knlGS:0000000000000000
00013 CS:  0010 DS: 0000 ES: 0000 CR0: 0000000080050033
00013 CR2: 00007f1e937e6194 CR3: 000000013406c000 CR4: 0000000000750eb0
00013 PKRU: 55555554
00013 Call Trace:
00013  <TASK>
00013  ? dt_find_or_create+0x81a/0x1170 [obdclass]
00013  ? ofd_fs_setup+0x57f/0xdd0 [ofd]
00013  ? ofd_device_alloc+0x1f64/0x3600 [ofd]
00013  ? obd_setup+0x25c/0x960 [obdclass]
00013  ? class_setup+0xc7d/0x10e0 [obdclass]
00013  ? class_process_config+0x2edb/0x7cb0 [obdclass]
00013  ? __kasan_kmalloc+0x72/0x80
00013  ? class_config_llog_handler+0x2954/0x4f80 [obdclass]
00013  ? class_config_llog_handler+0x2cea/0x4f80 [obdclass]
00013  ? lustre_cfg_rec_free+0x350/0x350 [obdclass]
00013  ? llog_process_thread+0x1fd2/0x4f70 [obdclass]
00013  ? _raw_spin_unlock+0x23/0x40
00013  ? llog_process_thread_daemonize+0x16d/0x1b0 [obdclass]
00013  ? kthread+0x2cd/0x3a0
00013  ? llog_process_or_fork+0xc90/0xc90 [obdclass]
00013  ? kthread_unuse_mm+0x130/0x130
00013  ? ret_from_fork+0x18c/0x520
00013  ? kthread_unuse_mm+0x130/0x130
00013  ? ret_from_fork_asm+0x11/0x20
00013  </TASK>
00013 ---[ end trace 0000000000000000 ]---
00013 ------------[ cut here ]------------
00013 WARNING: /home/ktest/git/linux/include/linux/fs.h:889 at osd_create+0x9cf/0xcf0 [osd_wbcfs], CPU#2: llog_process_th/1791
00013 Modules linked in: ofd(O) osp(O) mdd(O) lod(O) mdt(O) lquota(O) lfsck(O) mgs(O) osd_wbcfs(O) lustre(O) obdecho(O) mgc(O) mdc(O) lov(O) osc(O) lmv(O) ec(O) fid(O) fld(O) ptlrpc(O) efivarfs obdclass(O) ksocklnd(O) lnet(O) libcfs(O)
00013 CPU: 2 UID: 0 PID: 1791 Comm: llog_process_th Tainted: G        W  O        7.0.0-ktest-d76e9af-6330a45-20260821-dirty #1 PREEMPT 
00013 Tainted: [W]=WARN, [O]=OOT_MODULE
00013 Hardware name: QEMU Standard PC (Q35 + ICH9, 2009), BIOS 2025.11-3ubuntu7 03/31/2026
00013 RIP: 0010:osd_create+0x9cf/0xcf0 [osd_wbcfs]
00013 Code: c7 c7 00 c6 7b a1 48 c7 c6 a0 42 7d a1 48 c7 c2 00 4c 7d a1 e8 82 dd 43 ff 48 c7 c7 00 c6 7b a1 e8 f6 6a 44 ff e9 fe fc ff ff <0f> 0b e9 a5 fa ff ff 48 c7 c1 80 44 5d a0 80 e1 07 80 c1 03 38 c1
00013 RSP: 0018:ffffc900041374a8 EFLAGS: 00010246
00013 RAX: 0000000000000000 RBX: ffff88811e455400 RCX: 0000000000000046
00013 RDX: ffffffff84c44d40 RSI: ffff88802b582648 RDI: ffff888040e94b18
00013 RBP: ffff88802b5825b8 R08: 0000000000000001 R09: 0000000000000000
00013 R10: dffffc0000000000 R11: ffffed10056b04ac R12: ffff88802b59b418
00013 R13: dffffc0000000000 R14: 1ffff11023c8aa80 R15: 1ffff110056b3692
00013 FS:  0000000000000000(0000) GS:ffff8881d4b2a000(0000) knlGS:0000000000000000
00013 CS:  0010 DS: 0000 ES: 0000 CR0: 0000000080050033
00013 CR2: 00007f1e937e6194 CR3: 000000013406c000 CR4: 0000000000750eb0
00013 PKRU: 55555554
00013 Call Trace:
00013  <TASK>
00013  ? local_object_create+0x109/0x640 [obdclass]
00013  ? dt_write_lock+0x16d/0x2a0 [obdclass]
00013  ? __local_file_create+0xce4/0x1bc0 [obdclass]
00013  ? local_index_find_or_create+0x1dc/0x2c0 [obdclass]
00013  ? nodemap_cache_find_create+0x4f9/0xe80 [ptlrpc]
00013  ? nodemap_save_config_cache+0x123/0x19b0 [ptlrpc]
00013  ? nm_config_file_register_tgt+0x19b/0x860 [ptlrpc]
00013  ? nm_config_file_register_tgt+0x1a9/0x860 [ptlrpc]
00013  ? ofd_device_alloc+0x213d/0x3600 [ofd]
00013  ? obd_setup+0x25c/0x960 [obdclass]
00013  ? class_setup+0xc7d/0x10e0 [obdclass]
00013  ? class_process_config+0x2edb/0x7cb0 [obdclass]
00013  ? __kasan_kmalloc+0x72/0x80
00013  ? class_config_llog_handler+0x2954/0x4f80 [obdclass]
00013  ? class_config_llog_handler+0x2cea/0x4f80 [obdclass]
00013  ? lustre_cfg_rec_free+0x350/0x350 [obdclass]
00013  ? llog_process_thread+0x1fd2/0x4f70 [obdclass]
00013  ? _raw_spin_unlock+0x23/0x40
00013  ? llog_process_thread_daemonize+0x16d/0x1b0 [obdclass]
00013  ? kthread+0x2cd/0x3a0
00013  ? llog_process_or_fork+0xc90/0xc90 [obdclass]
00013  ? kthread_unuse_mm+0x130/0x130
00013  ? ret_from_fork+0x18c/0x520
00013  ? kthread_unuse_mm+0x130/0x130
00013  ? ret_from_fork_asm+0x11/0x20
00013  </TASK>
00013 ---[ end trace 0000000000000000 ]---
00013 ------------[ cut here ]------------
00013 WARNING: /home/ktest/git/linux/include/linux/fs.h:889 at osd_create+0x9cf/0xcf0 [osd_wbcfs], CPU#3: ll_mgs_0001/1725
00013 Modules linked in: ofd(O) osp(O) mdd(O) lod(O) mdt(O) lquota(O) lfsck(O) mgs(O) osd_wbcfs(O) lustre(O) obdecho(O) mgc(O) mdc(O) lov(O) osc(O) lmv(O) ec(O) fid(O) fld(O) ptlrpc(O) efivarfs obdclass(O) ksocklnd(O) lnet(O) libcfs(O)
00013 CPU: 3 UID: 0 PID: 1725 Comm: ll_mgs_0001 Tainted: G        W  O        7.0.0-ktest-d76e9af-6330a45-20260821-dirty #1 PREEMPT 
00013 Tainted: [W]=WARN, [O]=OOT_MODULE
00013 Hardware name: QEMU Standard PC (Q35 + ICH9, 2009), BIOS 2025.11-3ubuntu7 03/31/2026
00013 RIP: 0010:osd_create+0x9cf/0xcf0 [osd_wbcfs]
00013 Code: c7 c7 00 c6 7b a1 48 c7 c6 a0 42 7d a1 48 c7 c2 00 4c 7d a1 e8 82 dd 43 ff 48 c7 c7 00 c6 7b a1 e8 f6 6a 44 ff e9 fe fc ff ff <0f> 0b e9 a5 fa ff ff 48 c7 c1 80 44 5d a0 80 e1 07 80 c1 03 38 c1
00013 RSP: 0018:ffffc90001257700 EFLAGS: 00010246
00013 RAX: 0000000000000000 RBX: ffff888008bc8800 RCX: 0000000000000046
00013 RDX: 0000000000000000 RSI: ffff88814d521818 RDI: ffff88801a7309e8
00013 RBP: ffff88814d521788 R08: ffffffff83a16803 R09: 1ffffffff0742d00
00013 R10: dffffc0000000000 R11: fffffbfff0742d01 R12: ffff888119d2c000
00013 R13: dffffc0000000000 R14: 1ffff11001179100 R15: 1ffff110233a580f
00013 FS:  0000000000000000(0000) GS:ffff8881d4baa000(0000) knlGS:0000000000000000
00013 CS:  0010 DS: 0000 ES: 0000 CR0: 0000000080050033
00013 CR2: 00007fd493de6194 CR3: 000000007ae1a000 CR4: 0000000000750eb0
00013 PKRU: 55555554
00013 Call Trace:
00013  <TASK>
00013  ? local_object_create+0x109/0x640 [obdclass]
00013  ? dt_write_lock+0x16d/0x2a0 [obdclass]
00013  ? llog_osd_create+0x356/0x1140 [obdclass]
00013  ? llog_create+0x2ed/0x530 [obdclass]
00013  ? llog_open_create+0x5af/0xb10 [obdclass]
00013  ? record_start_log+0x348/0xa40 [mgs]
00013  ? mgs_write_log_target+0x16f2/0x6ab0 [mgs]
00013  ? mgs_target_reg+0x254e/0x4480 [mgs]
00013  ? tgt_request_handle+0x23ad/0x3d30 [ptlrpc]
00013  ? ptlrpc_main+0x6359/0x96f0 [ptlrpc]
00013  ? __kthread_parkme+0x73/0x130
00013  ? kthread+0x2cd/0x3a0
00013  ? ptlrpc_start_thread+0x1f10/0x1f10 [ptlrpc]
00013  ? kthread_unuse_mm+0x130/0x130
00013  ? ret_from_fork+0x18c/0x520
00013  ? kthread_unuse_mm+0x130/0x130
00013  ? ret_from_fork_asm+0x11/0x20
00013  </TASK>
00013 ---[ end trace 0000000000000000 ]---
00013 ------------[ cut here ]------------
00013 WARNING: /home/ktest/git/linux/include/linux/fs.h:889 at osd_create+0x9cf/0xcf0 [osd_wbcfs], CPU#2: llog_process_th/1798
00013 Modules linked in: ofd(O) osp(O) mdd(O) lod(O) mdt(O) lquota(O) lfsck(O) mgs(O) osd_wbcfs(O) lustre(O) obdecho(O) mgc(O) mdc(O) lov(O) osc(O) lmv(O) ec(O) fid(O) fld(O) ptlrpc(O) efivarfs obdclass(O) ksocklnd(O) lnet(O) libcfs(O)
00013 CPU: 2 UID: 0 PID: 1798 Comm: llog_process_th Tainted: G        W  O        7.0.0-ktest-d76e9af-6330a45-20260821-dirty #1 PREEMPT 
00013 Tainted: [W]=WARN, [O]=OOT_MODULE
00013 Hardware name: QEMU Standard PC (Q35 + ICH9, 2009), BIOS 2025.11-3ubuntu7 03/31/2026
00013 RIP: 0010:osd_create+0x9cf/0xcf0 [osd_wbcfs]
00013 Code: c7 c7 00 c6 7b a1 48 c7 c6 a0 42 7d a1 48 c7 c2 00 4c 7d a1 e8 82 dd 43 ff 48 c7 c7 00 c6 7b a1 e8 f6 6a 44 ff e9 fe fc ff ff <0f> 0b e9 a5 fa ff ff 48 c7 c1 80 44 5d a0 80 e1 07 80 c1 03 38 c1
00013 RSP: 0018:ffffc900073b7618 EFLAGS: 00010246
00013 RAX: 0000000000000000 RBX: ffff8881198f8c00 RCX: 0000000000000046
00013 RDX: 0000000000000000 RSI: ffff88802b581f30 RDI: ffff888040ec4b18
00013 RBP: ffff88802b581ea0 R08: ffffffff83a16803 R09: 1ffffffff0742d00
00013 R10: dffffc0000000000 R11: fffffbfff0742d01 R12: ffffc900073b7788
00013 R13: dffffc0000000000 R14: 1ffff1102331f180 R15: 1ffff92000e76efe
00013 FS:  0000000000000000(0000) GS:ffff8881d4b2a000(0000) knlGS:0000000000000000
00013 CS:  0010 DS: 0000 ES: 0000 CR0: 0000000080050033
00013 CR2: 0000564df380d8a0 CR3: 000000011a2ed000 CR4: 0000000000750eb0
00013 PKRU: 55555554
00013 Call Trace:
00013  <TASK>
00013  ? dt_find_or_create+0x81a/0x1170 [obdclass]
00013  ? tgt_init+0xb72/0x2a60 [ptlrpc]
00013  ? ofd_device_alloc+0x1d4b/0x3600 [ofd]
00013  ? obd_setup+0x25c/0x960 [obdclass]
00013  ? class_setup+0xc7d/0x10e0 [obdclass]
00013  ? class_process_config+0x2edb/0x7cb0 [obdclass]
00013  ? __kasan_kmalloc+0x72/0x80
00013  ? class_config_llog_handler+0x2954/0x4f80 [obdclass]
00013  ? class_config_llog_handler+0x2cea/0x4f80 [obdclass]
00013  ? lustre_cfg_rec_free+0x350/0x350 [obdclass]
00013  ? llog_process_thread+0x1fd2/0x4f70 [obdclass]
00013  ? _raw_spin_unlock+0x23/0x40
00013  ? llog_process_thread_daemonize+0x16d/0x1b0 [obdclass]
00013  ? kthread+0x2cd/0x3a0
00013  ? llog_process_or_fork+0xc90/0xc90 [obdclass]
00013  ? kthread_unuse_mm+0x130/0x130
00013  ? ret_from_fork+0x18c/0x520
00013  ? kthread_unuse_mm+0x130/0x130
00013  ? ret_from_fork_asm+0x11/0x20
00013  </TASK>
00013 ---[ end trace 0000000000000000 ]---
00013 ------------[ cut here ]------------
00013 WARNING: /home/ktest/git/linux/include/linux/fs.h:889 at osd_create+0x9cf/0xcf0 [osd_wbcfs], CPU#2: llog_process_th/1798
00013 Modules linked in: ofd(O) osp(O) mdd(O) lod(O) mdt(O) lquota(O) lfsck(O) mgs(O) osd_wbcfs(O) lustre(O) obdecho(O) mgc(O) mdc(O) lov(O) osc(O) lmv(O) ec(O) fid(O) fld(O) ptlrpc(O) efivarfs obdclass(O) ksocklnd(O) lnet(O) libcfs(O)
00013 CPU: 2 UID: 0 PID: 1798 Comm: llog_process_th Tainted: G        W  O        7.0.0-ktest-d76e9af-6330a45-20260821-dirty #1 PREEMPT 
00013 Tainted: [W]=WARN, [O]=OOT_MODULE
00013 Hardware name: QEMU Standard PC (Q35 + ICH9, 2009), BIOS 2025.11-3ubuntu7 03/31/2026
00013 RIP: 0010:osd_create+0x9cf/0xcf0 [osd_wbcfs]
00013 Code: c7 c7 00 c6 7b a1 48 c7 c6 a0 42 7d a1 48 c7 c2 00 4c 7d a1 e8 82 dd 43 ff 48 c7 c7 00 c6 7b a1 e8 f6 6a 44 ff e9 fe fc ff ff <0f> 0b e9 a5 fa ff ff 48 c7 c1 80 44 5d a0 80 e1 07 80 c1 03 38 c1
00013 RSP: 0018:ffffc900073b74f0 EFLAGS: 00010246
00013 RAX: 0000000000000000 RBX: ffff8881198fa000 RCX: 0000000000000046
00013 RDX: 0000000000000000 RSI: ffff88802b581818 RDI: ffff888040ec4b18
00013 RBP: ffff88802b581788 R08: ffffffff83a16803 R09: 1ffffffff0742d00
00013 R10: dffffc0000000000 R11: fffffbfff0742d01 R12: ffffc900073b75f0
00013 R13: dffffc0000000000 R14: 1ffff1102331f400 R15: 1ffff92000e76ebc
00013 FS:  0000000000000000(0000) GS:ffff8881d4b2a000(0000) knlGS:0000000000000000
00013 CS:  0010 DS: 0000 ES: 0000 CR0: 0000000080050033
00013 CR2: 0000564df380d8a0 CR3: 000000011a2ed000 CR4: 0000000000750eb0
00013 PKRU: 55555554
00013 Call Trace:
00013  <TASK>
00013  ? dt_find_or_create+0x81a/0x1170 [obdclass]
00013  ? seq_store_init+0x155/0x360 [fid]
00013  ? seq_server_init+0x290/0xba0 [fid]
00013  ? ofd_fid_init+0x41c/0xf80 [ofd]
00013  ? ofd_seqs_init+0xb6/0x1370 [ofd]
00013  ? ofd_fs_setup+0x13c/0xdd0 [ofd]
00013  ? ofd_device_alloc+0x1f64/0x3600 [ofd]
00013  ? obd_setup+0x25c/0x960 [obdclass]
00013  ? class_setup+0xc7d/0x10e0 [obdclass]
00013  ? class_process_config+0x2edb/0x7cb0 [obdclass]
00013  ? __kasan_kmalloc+0x72/0x80
00013  ? class_config_llog_handler+0x2954/0x4f80 [obdclass]
00013  ? class_config_llog_handler+0x2cea/0x4f80 [obdclass]
00013  ? lustre_cfg_rec_free+0x350/0x350 [obdclass]
00013  ? llog_process_thread+0x1fd2/0x4f70 [obdclass]
00013  ? _raw_spin_unlock+0x23/0x40
00013  ? llog_process_thread_daemonize+0x16d/0x1b0 [obdclass]
00013  ? kthread+0x2cd/0x3a0
00013  ? llog_process_or_fork+0xc90/0xc90 [obdclass]
00013  ? kthread_unuse_mm+0x130/0x130
00013  ? ret_from_fork+0x18c/0x520
00013  ? kthread_unuse_mm+0x130/0x130
00013  ? ret_from_fork_asm+0x11/0x20
00013  </TASK>
00013 ---[ end trace 0000000000000000 ]---
00013 ------------[ cut here ]------------
00013 WARNING: /home/ktest/git/linux/include/linux/fs.h:889 at osd_create+0x9cf/0xcf0 [osd_wbcfs], CPU#2: llog_process_th/1798
00013 Modules linked in: ofd(O) osp(O) mdd(O) lod(O) mdt(O) lquota(O) lfsck(O) mgs(O) osd_wbcfs(O) lustre(O) obdecho(O) mgc(O) mdc(O) lov(O) osc(O) lmv(O) ec(O) fid(O) fld(O) ptlrpc(O) efivarfs obdclass(O) ksocklnd(O) lnet(O) libcfs(O)
00013 CPU: 2 UID: 0 PID: 1798 Comm: llog_process_th Tainted: G        W  O        7.0.0-ktest-d76e9af-6330a45-20260821-dirty #1 PREEMPT 
00013 Tainted: [W]=WARN, [O]=OOT_MODULE
00013 Hardware name: QEMU Standard PC (Q35 + ICH9, 2009), BIOS 2025.11-3ubuntu7 03/31/2026
00013 RIP: 0010:osd_create+0x9cf/0xcf0 [osd_wbcfs]
00013 Code: c7 c7 00 c6 7b a1 48 c7 c6 a0 42 7d a1 48 c7 c2 00 4c 7d a1 e8 82 dd 43 ff 48 c7 c7 00 c6 7b a1 e8 f6 6a 44 ff e9 fe fc ff ff <0f> 0b e9 a5 fa ff ff 48 c7 c1 80 44 5d a0 80 e1 07 80 c1 03 38 c1
00013 RSP: 0018:ffffc900073b7530 EFLAGS: 00010246
00013 RAX: 0000000000000000 RBX: ffff8881198fa400 RCX: 0000000000000046
00013 RDX: ffffffff84c44d40 RSI: ffff88802b581100 RDI: ffff888040ec4b18
00013 RBP: ffff88802b581070 R08: 0000000000000001 R09: 0000000000000000
00013 R10: dffffc0000000000 R11: ffffed10056b0203 R12: ffff88811a534d00
00013 R13: dffffc0000000000 R14: 1ffff1102331f480 R15: 1ffff92000e76edb
00013 FS:  0000000000000000(0000) GS:ffff8881d4b2a000(0000) knlGS:0000000000000000
00013 CS:  0010 DS: 0000 ES: 0000 CR0: 0000000080050033
00013 CR2: 0000564df380d8a0 CR3: 000000011a2ed000 CR4: 0000000000750eb0
00013 PKRU: 55555554
00013 Call Trace:
00013  <TASK>
00013  ? dt_find_or_create+0x81a/0x1170 [obdclass]
00013  ? fld_index_init+0x404/0x1610 [fld]
00013  ? is_module_address+0x1b/0x70
00013  ? is_module_address+0x5e/0x70
00013  ? __asan_memset+0x22/0x40
00013  ? fld_server_init+0x1d7/0x580 [fld]
00013  ? ofd_seqs_init+0x430/0x1370 [ofd]
00013  ? ofd_fs_setup+0x13c/0xdd0 [ofd]
00013  ? ofd_device_alloc+0x1f64/0x3600 [ofd]
00013  ? obd_setup+0x25c/0x960 [obdclass]
00013  ? class_setup+0xc7d/0x10e0 [obdclass]
00013  ? class_process_config+0x2edb/0x7cb0 [obdclass]
00013  ? __kasan_kmalloc+0x72/0x80
00013  ? class_config_llog_handler+0x2954/0x4f80 [obdclass]
00013  ? class_config_llog_handler+0x2cea/0x4f80 [obdclass]
00013  ? lustre_cfg_rec_free+0x350/0x350 [obdclass]
00013  ? llog_process_thread+0x1fd2/0x4f70 [obdclass]
00013  ? _raw_spin_unlock+0x23/0x40
00013  ? llog_process_thread_daemonize+0x16d/0x1b0 [obdclass]
00013  ? kthread+0x2cd/0x3a0
00013  ? llog_process_or_fork+0xc90/0xc90 [obdclass]
00013  ? kthread_unuse_mm+0x130/0x130
00013  ? ret_from_fork+0x18c/0x520
00013  ? kthread_unuse_mm+0x130/0x130
00013  ? ret_from_fork_asm+0x11/0x20
00013  </TASK>
00013 ---[ end trace 0000000000000000 ]---
00013 ------------[ cut here ]------------
00013 WARNING: /home/ktest/git/linux/include/linux/fs.h:889 at osd_create+0x9cf/0xcf0 [osd_wbcfs], CPU#2: llog_process_th/1798
00013 Modules linked in: ofd(O) osp(O) mdd(O) lod(O) mdt(O) lquota(O) lfsck(O) mgs(O) osd_wbcfs(O) lustre(O) obdecho(O) mgc(O) mdc(O) lov(O) osc(O) lmv(O) ec(O) fid(O) fld(O) ptlrpc(O) efivarfs obdclass(O) ksocklnd(O) lnet(O) libcfs(O)
00013 CPU: 2 UID: 0 PID: 1798 Comm: llog_process_th Tainted: G        W  O        7.0.0-ktest-d76e9af-6330a45-20260821-dirty #1 PREEMPT 
00013 Tainted: [W]=WARN, [O]=OOT_MODULE
00013 Hardware name: QEMU Standard PC (Q35 + ICH9, 2009), BIOS 2025.11-3ubuntu7 03/31/2026
00013 RIP: 0010:osd_create+0x9cf/0xcf0 [osd_wbcfs]
00013 Code: c7 c7 00 c6 7b a1 48 c7 c6 a0 42 7d a1 48 c7 c2 00 4c 7d a1 e8 82 dd 43 ff 48 c7 c7 00 c6 7b a1 e8 f6 6a 44 ff e9 fe fc ff ff <0f> 0b e9 a5 fa ff ff 48 c7 c1 80 44 5d a0 80 e1 07 80 c1 03 38 c1
00013 RSP: 0018:ffffc900073b76e0 EFLAGS: 00010246
00013 RAX: 0000000000000000 RBX: ffff8881198fbc00 RCX: 0000000000000046
00013 RDX: 0000000000000000 RSI: ffff88802b5809e8 RDI: ffff888040ec4b18
00013 RBP: ffff88802b580958 R08: ffffffff83a16803 R09: 1ffffffff0742d00
00013 R10: dffffc0000000000 R11: fffffbfff0742d01 R12: ffff8880460ec030
00013 R13: dffffc0000000000 R14: 1ffff1102331f780 R15: 1ffff11008c1d842
00013 FS:  0000000000000000(0000) GS:ffff8881d4b2a000(0000) knlGS:0000000000000000
00013 CS:  0010 DS: 0000 ES: 0000 CR0: 0000000080050033
00013 CR2: 0000564df380d8a0 CR3: 000000011a2ed000 CR4: 0000000000750eb0
00013 PKRU: 55555554
00013 Call Trace:
00013  <TASK>
00013  ? dt_find_or_create+0x81a/0x1170 [obdclass]
00013  ? ofd_fs_setup+0x42c/0xdd0 [ofd]
00013  ? ofd_device_alloc+0x1f64/0x3600 [ofd]
00013  ? obd_setup+0x25c/0x960 [obdclass]
00013  ? class_setup+0xc7d/0x10e0 [obdclass]
00013  ? class_process_config+0x2edb/0x7cb0 [obdclass]
00013  ? __kasan_kmalloc+0x72/0x80
00013  ? class_config_llog_handler+0x2954/0x4f80 [obdclass]
00013  ? class_config_llog_handler+0x2cea/0x4f80 [obdclass]
00013  ? lustre_cfg_rec_free+0x350/0x350 [obdclass]
00013  ? llog_process_thread+0x1fd2/0x4f70 [obdclass]
00013  ? _raw_spin_unlock+0x23/0x40
00013  ? llog_process_thread_daemonize+0x16d/0x1b0 [obdclass]
00013  ? kthread+0x2cd/0x3a0
00013  ? llog_process_or_fork+0xc90/0xc90 [obdclass]
00013  ? kthread_unuse_mm+0x130/0x130
00013  ? ret_from_fork+0x18c/0x520
00013  ? kthread_unuse_mm+0x130/0x130
00013  ? ret_from_fork_asm+0x11/0x20
00013  </TASK>
00013 ---[ end trace 0000000000000000 ]---
00013 ------------[ cut here ]------------
00013 WARNING: /home/ktest/git/linux/include/linux/fs.h:889 at osd_create+0x9cf/0xcf0 [osd_wbcfs], CPU#2: llog_process_th/1798
00013 Modules linked in: ofd(O) osp(O) mdd(O) lod(O) mdt(O) lquota(O) lfsck(O) mgs(O) osd_wbcfs(O) lustre(O) obdecho(O) mgc(O) mdc(O) lov(O) osc(O) lmv(O) ec(O) fid(O) fld(O) ptlrpc(O) efivarfs obdclass(O) ksocklnd(O) lnet(O) libcfs(O)
00013 CPU: 2 UID: 0 PID: 1798 Comm: llog_process_th Tainted: G        W  O        7.0.0-ktest-d76e9af-6330a45-20260821-dirty #1 PREEMPT 
00013 Tainted: [W]=WARN, [O]=OOT_MODULE
00013 Hardware name: QEMU Standard PC (Q35 + ICH9, 2009), BIOS 2025.11-3ubuntu7 03/31/2026
00013 RIP: 0010:osd_create+0x9cf/0xcf0 [osd_wbcfs]
00013 Code: c7 c7 00 c6 7b a1 48 c7 c6 a0 42 7d a1 48 c7 c2 00 4c 7d a1 e8 82 dd 43 ff 48 c7 c7 00 c6 7b a1 e8 f6 6a 44 ff e9 fe fc ff ff <0f> 0b e9 a5 fa ff ff 48 c7 c1 80 44 5d a0 80 e1 07 80 c1 03 38 c1
00013 RSP: 0018:ffffc900073b76e0 EFLAGS: 00010246
00013 RAX: 0000000000000000 RBX: ffff8881198f9c00 RCX: 0000000000000046
00013 RDX: 0000000000000000 RSI: ffff88802b5802d0 RDI: ffff888040ec4b18
00013 RBP: ffff88802b580240 R08: ffffffff83a16803 R09: 1ffffffff0742d00
00013 R10: dffffc0000000000 R11: fffffbfff0742d01 R12: ffff8880460ec030
00013 R13: dffffc0000000000 R14: 1ffff1102331f380 R15: 1ffff11008c1d842
00013 FS:  0000000000000000(0000) GS:ffff8881d4b2a000(0000) knlGS:0000000000000000
00013 CS:  0010 DS: 0000 ES: 0000 CR0: 0000000080050033
00013 CR2: 0000564df380d8a0 CR3: 000000011a2ed000 CR4: 0000000000750eb0
00013 PKRU: 55555554
00013 Call Trace:
00013  <TASK>
00013  ? dt_find_or_create+0x81a/0x1170 [obdclass]
00013  ? ofd_fs_setup+0x57f/0xdd0 [ofd]
00013  ? ofd_device_alloc+0x1f64/0x3600 [ofd]
00013  ? obd_setup+0x25c/0x960 [obdclass]
00013  ? class_setup+0xc7d/0x10e0 [obdclass]
00013  ? class_process_config+0x2edb/0x7cb0 [obdclass]
00013  ? __kasan_kmalloc+0x72/0x80
00013  ? class_config_llog_handler+0x2954/0x4f80 [obdclass]
00013  ? class_config_llog_handler+0x2cea/0x4f80 [obdclass]
00013  ? lustre_cfg_rec_free+0x350/0x350 [obdclass]
00013  ? llog_process_thread+0x1fd2/0x4f70 [obdclass]
00013  ? _raw_spin_unlock+0x23/0x40
00013  ? llog_process_thread_daemonize+0x16d/0x1b0 [obdclass]
00013  ? kthread+0x2cd/0x3a0
00013  ? llog_process_or_fork+0xc90/0xc90 [obdclass]
00013  ? kthread_unuse_mm+0x130/0x130
00013  ? ret_from_fork+0x18c/0x520
00013  ? kthread_unuse_mm+0x130/0x130
00013  ? ret_from_fork_asm+0x11/0x20
00013  </TASK>
00013 ---[ end trace 0000000000000000 ]---
00013 ------------[ cut here ]------------
00013 WARNING: /home/ktest/git/linux/include/linux/fs.h:889 at osd_create+0x9cf/0xcf0 [osd_wbcfs], CPU#2: llog_process_th/1798
00013 Modules linked in: ofd(O) osp(O) mdd(O) lod(O) mdt(O) lquota(O) lfsck(O) mgs(O) osd_wbcfs(O) lustre(O) obdecho(O) mgc(O) mdc(O) lov(O) osc(O) lmv(O) ec(O) fid(O) fld(O) ptlrpc(O) efivarfs obdclass(O) ksocklnd(O) lnet(O) libcfs(O)
00013 CPU: 2 UID: 0 PID: 1798 Comm: llog_process_th Tainted: G        W  O        7.0.0-ktest-d76e9af-6330a45-20260821-dirty #1 PREEMPT 
00013 Tainted: [W]=WARN, [O]=OOT_MODULE
00013 Hardware name: QEMU Standard PC (Q35 + ICH9, 2009), BIOS 2025.11-3ubuntu7 03/31/2026
00013 RIP: 0010:osd_create+0x9cf/0xcf0 [osd_wbcfs]
00013 Code: c7 c7 00 c6 7b a1 48 c7 c6 a0 42 7d a1 48 c7 c2 00 4c 7d a1 e8 82 dd 43 ff 48 c7 c7 00 c6 7b a1 e8 f6 6a 44 ff e9 fe fc ff ff <0f> 0b e9 a5 fa ff ff 48 c7 c1 80 44 5d a0 80 e1 07 80 c1 03 38 c1
00013 RSP: 0018:ffffc900073b74a8 EFLAGS: 00010246
00013 RAX: 0000000000000000 RBX: ffff88811c21b400 RCX: 0000000000000046
00013 RDX: ffffffff84c44d40 RSI: ffff88804684d0d8 RDI: ffff888040ec4b18
00013 RBP: ffff88804684d048 R08: 0000000000000001 R09: 0000000000000000
00013 R10: dffffc0000000000 R11: ffffed1008d099fe R12: ffff88802dc9f418
00013 R13: dffffc0000000000 R14: 1ffff11023843680 R15: 1ffff11005b93e92
00013 FS:  0000000000000000(0000) GS:ffff8881d4b2a000(0000) knlGS:0000000000000000
00013 CS:  0010 DS: 0000 ES: 0000 CR0: 0000000080050033
00013 CR2: 0000564df380d8a0 CR3: 000000011a2ed000 CR4: 0000000000750eb0
00013 PKRU: 55555554
00013 Call Trace:
00013  <TASK>
00013  ? local_object_create+0x109/0x640 [obdclass]
00013  ? dt_write_lock+0x16d/0x2a0 [obdclass]
00013  ? __local_file_create+0xce4/0x1bc0 [obdclass]
00013  ? local_index_find_or_create+0x1dc/0x2c0 [obdclass]
00013  ? nodemap_cache_find_create+0x4f9/0xe80 [ptlrpc]
00013  ? nodemap_save_config_cache+0x123/0x19b0 [ptlrpc]
00013  ? nm_config_file_register_tgt+0x19b/0x860 [ptlrpc]
00013  ? nm_config_file_register_tgt+0x1a9/0x860 [ptlrpc]
00013  ? ofd_device_alloc+0x213d/0x3600 [ofd]
00013  ? obd_setup+0x25c/0x960 [obdclass]
00013  ? class_setup+0xc7d/0x10e0 [obdclass]
00013  ? class_process_config+0x2edb/0x7cb0 [obdclass]
00013  ? __kasan_kmalloc+0x72/0x80
00013  ? class_config_llog_handler+0x2954/0x4f80 [obdclass]
00013  ? class_config_llog_handler+0x2cea/0x4f80 [obdclass]
00013  ? lustre_cfg_rec_free+0x350/0x350 [obdclass]
00013  ? llog_process_thread+0x1fd2/0x4f70 [obdclass]
00013  ? _raw_spin_unlock+0x23/0x40
00013  ? llog_process_thread_daemonize+0x16d/0x1b0 [obdclass]
00013  ? kthread+0x2cd/0x3a0
00013  ? llog_process_or_fork+0xc90/0xc90 [obdclass]
00013  ? kthread_unuse_mm+0x130/0x130
00013  ? ret_from_fork+0x18c/0x520
00013  ? kthread_unuse_mm+0x130/0x130
00013  ? ret_from_fork_asm+0x11/0x20
00013  </TASK>
00013 ---[ end trace 0000000000000000 ]---
00018 ------------[ cut here ]------------
00018 WARNING: /home/ktest/git/linux/include/linux/fs.h:889 at osd_create+0x9cf/0xcf0 [osd_wbcfs], CPU#2: llog_process_th/1812
00018 Modules linked in: ofd(O) osp(O) mdd(O) lod(O) mdt(O) lquota(O) lfsck(O) mgs(O) osd_wbcfs(O) lustre(O) obdecho(O) mgc(O) mdc(O) lov(O) osc(O) lmv(O) ec(O) fid(O) fld(O) ptlrpc(O) efivarfs obdclass(O) ksocklnd(O) lnet(O) libcfs(O)
00018 CPU: 2 UID: 0 PID: 1812 Comm: llog_process_th Tainted: G        W  O        7.0.0-ktest-d76e9af-6330a45-20260821-dirty #1 PREEMPT 
00018 Tainted: [W]=WARN, [O]=OOT_MODULE
00018 Hardware name: QEMU Standard PC (Q35 + ICH9, 2009), BIOS 2025.11-3ubuntu7 03/31/2026
00018 RIP: 0010:osd_create+0x9cf/0xcf0 [osd_wbcfs]
00018 Code: c7 c7 00 c6 7b a1 48 c7 c6 a0 42 7d a1 48 c7 c2 00 4c 7d a1 e8 82 dd 43 ff 48 c7 c7 00 c6 7b a1 e8 f6 6a 44 ff e9 fe fc ff ff <0f> 0b e9 a5 fa ff ff 48 c7 c1 80 44 5d a0 80 e1 07 80 c1 03 38 c1
00018 RSP: 0018:ffffc90007d0f6c0 EFLAGS: 00010246
00018 RAX: 0000000000000000 RBX: ffff88810457cc00 RCX: 0000000000000046
00018 RDX: 0000000000000000 RSI: ffff88804684c9c0 RDI: ffff88811bbaaa58
00018 RBP: ffff88804684c930 R08: ffffffff83a16803 R09: 1ffffffff0742d00
00018 R10: dffffc0000000000 R11: fffffbfff0742d01 R12: ffff88811b142030
00018 R13: dffffc0000000000 R14: 1ffff110208af980 R15: 1ffff92000fa1ef8
00018 FS:  0000000000000000(0000) GS:ffff8881d4b2a000(0000) knlGS:0000000000000000
00018 CS:  0010 DS: 0000 ES: 0000 CR0: 0000000080050033
00018 CR2: 000055b6f6139e58 CR3: 0000000008808000 CR4: 0000000000750eb0
00018 PKRU: 55555554
00018 Call Trace:
00018  <TASK>
00018  ? dt_find_or_create+0x81a/0x1170 [obdclass]
00018  ? osp_find_or_create_local_file+0x266/0x690 [osp]
00018  ? osp_last_used_init+0x22c/0x2150 [osp]
00018  ? client_fid_init+0x636/0x9f0 [fid]
00018  ? osp_device_alloc+0x19a2/0x2e10 [osp]
00018  ? obd_setup+0x25c/0x960 [obdclass]
00018  ? class_setup+0xc7d/0x10e0 [obdclass]
00018  ? class_process_config+0x2edb/0x7cb0 [obdclass]
00018  ? __kasan_kmalloc+0x72/0x80
00018  ? class_config_llog_handler+0x2954/0x4f80 [obdclass]
00018  ? class_config_llog_handler+0x2cea/0x4f80 [obdclass]
00018  ? lustre_cfg_rec_free+0x350/0x350 [obdclass]
00018  ? llog_process_thread+0x1fd2/0x4f70 [obdclass]
00018  ? _raw_spin_unlock+0x23/0x40
00018  ? llog_process_thread_daemonize+0x16d/0x1b0 [obdclass]
00018  ? kthread+0x2cd/0x3a0
00018  ? llog_process_or_fork+0xc90/0xc90 [obdclass]
00018  ? kthread_unuse_mm+0x130/0x130
00018  ? ret_from_fork+0x18c/0x520
00018  ? kthread_unuse_mm+0x130/0x130
00018  ? ret_from_fork_asm+0x11/0x20
00018  </TASK>
00018 ---[ end trace 0000000000000000 ]---
00018 ------------[ cut here ]------------
00018 WARNING: /home/ktest/git/linux/include/linux/fs.h:889 at osd_create+0x9cf/0xcf0 [osd_wbcfs], CPU#2: llog_process_th/1812
00018 Modules linked in: ofd(O) osp(O) mdd(O) lod(O) mdt(O) lquota(O) lfsck(O) mgs(O) osd_wbcfs(O) lustre(O) obdecho(O) mgc(O) mdc(O) lov(O) osc(O) lmv(O) ec(O) fid(O) fld(O) ptlrpc(O) efivarfs obdclass(O) ksocklnd(O) lnet(O) libcfs(O)
00018 CPU: 2 UID: 0 PID: 1812 Comm: llog_process_th Tainted: G        W  O        7.0.0-ktest-d76e9af-6330a45-20260821-dirty #1 PREEMPT 
00018 Tainted: [W]=WARN, [O]=OOT_MODULE
00018 Hardware name: QEMU Standard PC (Q35 + ICH9, 2009), BIOS 2025.11-3ubuntu7 03/31/2026
00018 RIP: 0010:osd_create+0x9cf/0xcf0 [osd_wbcfs]
00018 Code: c7 c7 00 c6 7b a1 48 c7 c6 a0 42 7d a1 48 c7 c2 00 4c 7d a1 e8 82 dd 43 ff 48 c7 c7 00 c6 7b a1 e8 f6 6a 44 ff e9 fe fc ff ff <0f> 0b e9 a5 fa ff ff 48 c7 c1 80 44 5d a0 80 e1 07 80 c1 03 38 c1
00018 RSP: 0018:ffffc90007d0f6c0 EFLAGS: 00010246
00018 RAX: 0000000000000000 RBX: ffff88810457dc00 RCX: 0000000000000046
00018 RDX: 0000000000000000 RSI: ffff88804684c2a8 RDI: ffff88811bbaaa58
00018 RBP: ffff88804684c218 R08: ffffffff83a16803 R09: 1ffffffff0742d00
00018 R10: dffffc0000000000 R11: fffffbfff0742d01 R12: ffff88811b142030
00018 R13: dffffc0000000000 R14: 1ffff110208afb80 R15: 1ffff92000fa1ef8
00018 FS:  0000000000000000(0000) GS:ffff8881d4b2a000(0000) knlGS:0000000000000000
00018 CS:  0010 DS: 0000 ES: 0000 CR0: 0000000080050033
00018 CR2: 000055b6f6139e58 CR3: 0000000008808000 CR4: 0000000000750eb0
00018 PKRU: 55555554
00018 Call Trace:
00018  <TASK>
00018  ? dt_find_or_create+0x81a/0x1170 [obdclass]
00018  ? osp_find_or_create_local_file+0x266/0x690 [osp]
00018  ? osp_last_used_init+0x95c/0x2150 [osp]
00018  ? osp_device_alloc+0x19a2/0x2e10 [osp]
00018  ? obd_setup+0x25c/0x960 [obdclass]
00018  ? class_setup+0xc7d/0x10e0 [obdclass]
00018  ? class_process_config+0x2edb/0x7cb0 [obdclass]
00018  ? __kasan_kmalloc+0x72/0x80
00018  ? class_config_llog_handler+0x2954/0x4f80 [obdclass]
00018  ? class_config_llog_handler+0x2cea/0x4f80 [obdclass]
00018  ? lustre_cfg_rec_free+0x350/0x350 [obdclass]
00018  ? llog_process_thread+0x1fd2/0x4f70 [obdclass]
00018  ? _raw_spin_unlock+0x23/0x40
00018  ? llog_process_thread_daemonize+0x16d/0x1b0 [obdclass]
00018  ? kthread+0x2cd/0x3a0
00018  ? llog_process_or_fork+0xc90/0xc90 [obdclass]
00018  ? kthread_unuse_mm+0x130/0x130
00018  ? ret_from_fork+0x18c/0x520
00018  ? kthread_unuse_mm+0x130/0x130
00018  ? ret_from_fork_asm+0x11/0x20
00018  </TASK>
00018 ---[ end trace 0000000000000000 ]---
00018 ------------[ cut here ]------------
00018 WARNING: /home/ktest/git/linux/include/linux/fs.h:889 at osd_create+0x9cf/0xcf0 [osd_wbcfs], CPU#2: llog_process_th/1812
00018 Modules linked in: ofd(O) osp(O) mdd(O) lod(O) mdt(O) lquota(O) lfsck(O) mgs(O) osd_wbcfs(O) lustre(O) obdecho(O) mgc(O) mdc(O) lov(O) osc(O) lmv(O) ec(O) fid(O) fld(O) ptlrpc(O) efivarfs obdclass(O) ksocklnd(O) lnet(O) libcfs(O)
00018 CPU: 2 UID: 0 PID: 1812 Comm: llog_process_th Tainted: G        W  O        7.0.0-ktest-d76e9af-6330a45-20260821-dirty #1 PREEMPT 
00018 Tainted: [W]=WARN, [O]=OOT_MODULE
00018 Hardware name: QEMU Standard PC (Q35 + ICH9, 2009), BIOS 2025.11-3ubuntu7 03/31/2026
00018 RIP: 0010:osd_create+0x9cf/0xcf0 [osd_wbcfs]
00018 Code: c7 c7 00 c6 7b a1 48 c7 c6 a0 42 7d a1 48 c7 c2 00 4c 7d a1 e8 82 dd 43 ff 48 c7 c7 00 c6 7b a1 e8 f6 6a 44 ff e9 fe fc ff ff <0f> 0b e9 a5 fa ff ff 48 c7 c1 80 44 5d a0 80 e1 07 80 c1 03 38 c1
00018 RSP: 0018:ffffc90007d0f690 EFLAGS: 00010246
00018 RAX: 0000000000000000 RBX: ffff88810457fc00 RCX: 0000000000000046
00018 RDX: 0000000000000000 RSI: ffff88804684bb90 RDI: ffff88811bbaaa58
00018 RBP: ffff88804684bb00 R08: ffffffff83a16803 R09: 1ffffffff0742d00
00018 R10: dffffc0000000000 R11: fffffbfff0742d01 R12: ffff888104368000
00018 R13: dffffc0000000000 R14: 1ffff110208aff80 R15: 1ffff1102086d00f
00018 FS:  0000000000000000(0000) GS:ffff8881d4b2a000(0000) knlGS:0000000000000000
00018 CS:  0010 DS: 0000 ES: 0000 CR0: 0000000080050033
00018 CR2: 000055b6f6139e58 CR3: 0000000008808000 CR4: 0000000000750eb0
00018 PKRU: 55555554
00018 Call Trace:
00018  <TASK>
00018  ? llog_osd_get_cat_list+0x64d/0x1470 [obdclass]
00018  ? osp_sync_init+0x7a6/0x2760 [osp]
00018  ? is_module_address+0x1b/0x70
00018  ? osp_device_alloc+0x1b91/0x2e10 [osp]
00018  ? obd_setup+0x25c/0x960 [obdclass]
00018  ? class_setup+0xc7d/0x10e0 [obdclass]
00018  ? class_process_config+0x2edb/0x7cb0 [obdclass]
00018  ? __kasan_kmalloc+0x72/0x80
00018  ? class_config_llog_handler+0x2954/0x4f80 [obdclass]
00018  ? class_config_llog_handler+0x2cea/0x4f80 [obdclass]
00018  ? lustre_cfg_rec_free+0x350/0x350 [obdclass]
00018  ? llog_process_thread+0x1fd2/0x4f70 [obdclass]
00018  ? _raw_spin_unlock+0x23/0x40
00018  ? llog_process_thread_daemonize+0x16d/0x1b0 [obdclass]
00018  ? kthread+0x2cd/0x3a0
00018  ? llog_process_or_fork+0xc90/0xc90 [obdclass]
00018  ? kthread_unuse_mm+0x130/0x130
00018  ? ret_from_fork+0x18c/0x520
00018  ? kthread_unuse_mm+0x130/0x130
00018  ? ret_from_fork_asm+0x11/0x20
00018  </TASK>
00018 ---[ end trace 0000000000000000 ]---
00018 ------------[ cut here ]------------
00018 WARNING: /home/ktest/git/linux/include/linux/fs.h:889 at osd_create+0x9cf/0xcf0 [osd_wbcfs], CPU#2: llog_process_th/1812
00018 Modules linked in: ofd(O) osp(O) mdd(O) lod(O) mdt(O) lquota(O) lfsck(O) mgs(O) osd_wbcfs(O) lustre(O) obdecho(O) mgc(O) mdc(O) lov(O) osc(O) lmv(O) ec(O) fid(O) fld(O) ptlrpc(O) efivarfs obdclass(O) ksocklnd(O) lnet(O) libcfs(O)
00018 CPU: 2 UID: 0 PID: 1812 Comm: llog_process_th Tainted: G        W  O        7.0.0-ktest-d76e9af-6330a45-20260821-dirty #1 PREEMPT 
00018 Tainted: [W]=WARN, [O]=OOT_MODULE
00018 Hardware name: QEMU Standard PC (Q35 + ICH9, 2009), BIOS 2025.11-3ubuntu7 03/31/2026
00018 RIP: 0010:osd_create+0x9cf/0xcf0 [osd_wbcfs]
00018 Code: c7 c7 00 c6 7b a1 48 c7 c6 a0 42 7d a1 48 c7 c2 00 4c 7d a1 e8 82 dd 43 ff 48 c7 c7 00 c6 7b a1 e8 f6 6a 44 ff e9 fe fc ff ff <0f> 0b e9 a5 fa ff ff 48 c7 c1 80 44 5d a0 80 e1 07 80 c1 03 38 c1
00018 RSP: 0018:ffffc90007d0f5b0 EFLAGS: 00010246
00018 RAX: 0000000000000000 RBX: ffff88810457f000 RCX: 0000000000000046
00018 RDX: 0000000000000000 RSI: ffff88804684b478 RDI: ffff88811bbaaa58
00018 RBP: ffff88804684b3e8 R08: ffffffff83a16803 R09: 1ffffffff0742d00
00018 R10: dffffc0000000000 R11: fffffbfff0742d01 R12: ffff888104368000
00018 R13: dffffc0000000000 R14: 1ffff110208afe00 R15: 1ffff1102086d00f
00018 FS:  0000000000000000(0000) GS:ffff8881d4b2a000(0000) knlGS:0000000000000000
00018 CS:  0010 DS: 0000 ES: 0000 CR0: 0000000080050033
00018 CR2: 000055b6f6139e58 CR3: 0000000008808000 CR4: 0000000000750eb0
00018 PKRU: 55555554
00018 Call Trace:
00018  <TASK>
00018  ? local_object_create+0x109/0x640 [obdclass]
00018  ? dt_write_lock+0x16d/0x2a0 [obdclass]
00018  ? llog_osd_create+0x356/0x1140 [obdclass]
00018  ? llog_create+0x2ed/0x530 [obdclass]
00018  ? llog_open_create+0x5af/0xb10 [obdclass]
00018  ? osp_sync_init+0xfc0/0x2760 [osp]
00018  ? osp_device_alloc+0x1b91/0x2e10 [osp]
00018  ? obd_setup+0x25c/0x960 [obdclass]
00018  ? class_setup+0xc7d/0x10e0 [obdclass]
00018  ? class_process_config+0x2edb/0x7cb0 [obdclass]
00018  ? __kasan_kmalloc+0x72/0x80
00018  ? class_config_llog_handler+0x2954/0x4f80 [obdclass]
00018  ? class_config_llog_handler+0x2cea/0x4f80 [obdclass]
00018  ? lustre_cfg_rec_free+0x350/0x350 [obdclass]
00018  ? llog_process_thread+0x1fd2/0x4f70 [obdclass]
00018  ? _raw_spin_unlock+0x23/0x40
00018  ? llog_process_thread_daemonize+0x16d/0x1b0 [obdclass]
00018  ? kthread+0x2cd/0x3a0
00018  ? llog_process_or_fork+0xc90/0xc90 [obdclass]
00018  ? kthread_unuse_mm+0x130/0x130
00018  ? ret_from_fork+0x18c/0x520
00018  ? kthread_unuse_mm+0x130/0x130
00018  ? ret_from_fork_asm+0x11/0x20
00018  </TASK>
00018 ---[ end trace 0000000000000000 ]---
00018 ------------[ cut here ]------------
00018 WARNING: /home/ktest/git/linux/include/linux/fs.h:889 at osd_create+0x9cf/0xcf0 [osd_wbcfs], CPU#2: llog_process_th/1812
00018 Modules linked in: ofd(O) osp(O) mdd(O) lod(O) mdt(O) lquota(O) lfsck(O) mgs(O) osd_wbcfs(O) lustre(O) obdecho(O) mgc(O) mdc(O) lov(O) osc(O) lmv(O) ec(O) fid(O) fld(O) ptlrpc(O) efivarfs obdclass(O) ksocklnd(O) lnet(O) libcfs(O)
00018 CPU: 2 UID: 0 PID: 1812 Comm: llog_process_th Tainted: G        W  O        7.0.0-ktest-d76e9af-6330a45-20260821-dirty #1 PREEMPT 
00018 Tainted: [W]=WARN, [O]=OOT_MODULE
00018 Hardware name: QEMU Standard PC (Q35 + ICH9, 2009), BIOS 2025.11-3ubuntu7 03/31/2026
00018 RIP: 0010:osd_create+0x9cf/0xcf0 [osd_wbcfs]
00018 Code: c7 c7 00 c6 7b a1 48 c7 c6 a0 42 7d a1 48 c7 c2 00 4c 7d a1 e8 82 dd 43 ff 48 c7 c7 00 c6 7b a1 e8 f6 6a 44 ff e9 fe fc ff ff <0f> 0b e9 a5 fa ff ff 48 c7 c1 80 44 5d a0 80 e1 07 80 c1 03 38 c1
00018 RSP: 0018:ffffc90007d0f450 EFLAGS: 00010246
00018 RAX: 0000000000000000 RBX: ffff88811977cc00 RCX: 0000000000000046
00018 RDX: 0000000000000000 RSI: ffff88804684ad60 RDI: ffff88811bbaaa80
00018 RBP: ffff88804684acd0 R08: ffffffff83a16803 R09: 1ffffffff0742d00
00018 R10: dffffc0000000000 R11: fffffbfff0742d01 R12: ffff888104368000
00018 R13: dffffc0000000000 R14: 1ffff110232ef980 R15: 1ffff1102086d00f
00018 FS:  0000000000000000(0000) GS:ffff8881d4b2a000(0000) knlGS:0000000000000000
00018 CS:  0010 DS: 0000 ES: 0000 CR0: 0000000080050033
00018 CR2: 000055b6f6139e58 CR3: 0000000008808000 CR4: 0000000000750eb0
00018 PKRU: 55555554
00018 Call Trace:
00018  <TASK>
00018  ? local_object_create+0x109/0x640 [obdclass]
00018  ? dt_write_lock+0x16d/0x2a0 [obdclass]
00018  ? llog_osd_create+0x356/0x1140 [obdclass]
00018  ? llog_create+0x2ed/0x530 [obdclass]
00018  ? llog_cat_new_log+0x6c3/0x2bf0 [obdclass]
00018  ? llog_cat_add_rec+0x6ba/0x1960 [obdclass]
00018  ? llog_cat_add+0x451/0x890 [obdclass]
00018  ? osp_sync_init+0x1588/0x2760 [osp]
00018  ? osp_device_alloc+0x1b91/0x2e10 [osp]
00018  ? obd_setup+0x25c/0x960 [obdclass]
00018  ? class_setup+0xc7d/0x10e0 [obdclass]
00018  ? class_process_config+0x2edb/0x7cb0 [obdclass]
00018  ? __kasan_kmalloc+0x72/0x80
00018  ? class_config_llog_handler+0x2954/0x4f80 [obdclass]
00018  ? class_config_llog_handler+0x2cea/0x4f80 [obdclass]
00018  ? lustre_cfg_rec_free+0x350/0x350 [obdclass]
00018  ? llog_process_thread+0x1fd2/0x4f70 [obdclass]
00018  ? _raw_spin_unlock+0x23/0x40
00018  ? llog_process_thread_daemonize+0x16d/0x1b0 [obdclass]
00018  ? kthread+0x2cd/0x3a0
00018  ? llog_process_or_fork+0xc90/0xc90 [obdclass]
00018  ? kthread_unuse_mm+0x130/0x130
00018  ? ret_from_fork+0x18c/0x520
00018  ? kthread_unuse_mm+0x130/0x130
00018  ? ret_from_fork_asm+0x11/0x20
00018  </TASK>
00018 ---[ end trace 0000000000000000 ]---
00018 ------------[ cut here ]------------
00018 WARNING: /home/ktest/git/linux/include/linux/fs.h:889 at osd_create+0x9cf/0xcf0 [osd_wbcfs], CPU#2: llog_process_th/1812
00018 Lustre: ctl-lustre-MDT0000: super-sequence allocation rc = 0 [0x0000000280000400-0x00000002c0000400]:0:ost
00018 Modules linked in:
00018 Lustre: Skipped 1 previous similar message
00018 Lustre: cli-lustre-OST0000-super: Allocated super-sequence [0x0000000280000400-0x00000002c0000400]:0:ost]
00018  ofd(O) osp(O) mdd(O) lod(O) mdt(O) lquota(O) lfsck(O) mgs(O) osd_wbcfs(O) lustre(O) obdecho(O) mgc(O) mdc(O) lov(O) osc(O) lmv(O) ec(O) fid(O) fld(O) ptlrpc(O) efivarfs obdclass(O) ksocklnd(O) lnet(O) libcfs(O)
00018 CPU: 2 UID: 0 PID: 1812 Comm: llog_process_th Tainted: G        W  O        7.0.0-ktest-d76e9af-6330a45-20260821-dirty #1 PREEMPT 
00018 ------------[ cut here ]------------
00019 WARNING: /home/ktest/git/linux/include/linux/fs.h:889 at osd_create+0x9cf/0xcf0 [osd_wbcfs], CPU#1: ll_ost00_002/1781
00019 Tainted: [W]=WARN, [O]=OOT_MODULE
00019 Modules linked in: ofd(O) osp(O) mdd(O) lod(O) mdt(O) lquota(O) lfsck(O) mgs(O) osd_wbcfs(O) lustre(O) obdecho(O) mgc(O) mdc(O) lov(O) osc(O) lmv(O) ec(O)
00019 Hardware name: QEMU Standard PC (Q35 + ICH9, 2009), BIOS 2025.11-3ubuntu7 03/31/2026
00019 RIP: 0010:osd_create+0x9cf/0xcf0 [osd_wbcfs]
00019  fid(O) fld(O) ptlrpc(O) efivarfs obdclass(O) ksocklnd(O) lnet(O) libcfs(O)
00019 CPU: 1 UID: 0 PID: 1781 Comm: ll_ost00_002 Tainted: G        W  O        7.0.0-ktest-d76e9af-6330a45-20260821-dirty #1 PREEMPT 
00019 Code: c7 c7 00 c6 7b a1 48 c7 c6 a0 42 7d a1 48 c7 c2 00 4c 7d a1 e8 82 dd 43 ff 48 c7 c7 00 c6 7b a1 e8 f6 6a 44 ff e9 fe fc ff ff <0f> 0b e9 a5 fa ff ff 48 c7 c1 80 44 5d a0 80 e1 07 80 c1 03 38 c1
00019 Tainted: [W]=WARN, [O]=OOT_MODULE
00019 Hardware name: QEMU Standard PC (Q35 + ICH9, 2009), BIOS 2025.11-3ubuntu7 03/31/2026
00019 RIP: 0010:osd_create+0x9cf/0xcf0 [osd_wbcfs]
00019 RSP: 0018:ffffc90007d0f5b0 EFLAGS: 00010246
00019 Code: c7 c7 00 c6 7b a1 48 c7 c6 a0 42 7d a1 48 c7 c2 00 4c 7d a1 e8 82 dd 43 ff 48 c7 c7 00 c6 7b a1 e8 f6 6a 44 ff e9 fe fc ff ff <0f> 0b e9 a5 fa ff ff 48 c7 c1 80 44 5d a0 80 e1 07 80 c1 03 38 c1
00019 RSP: 0018:ffffc90001477950 EFLAGS: 00010246
00019 RAX: 0000000000000000 RBX: ffff8881061b9400 RCX: 0000000000000046
00019 RDX: 0000000000000000 RSI: ffff88814d5249c0 RDI: ffff888135152a58
00019 
00019 RBP: ffff88814d524930 R08: ffffffff83a16803 R09: 1ffffffff0742d00
00019 R10: dffffc0000000000 R11: fffffbfff0742d01 R12: ffff888104ab8030
00019 R13: dffffc0000000000 R14: 1ffff11020c37280 R15: 1ffff11020957042
00019 FS:  0000000000000000(0000) GS:ffff8881d4aaa000(0000) knlGS:0000000000000000
00019 CS:  0010 DS: 0000 ES: 0000 CR0: 0000000080050033
00019 RAX: 0000000000000000 RBX: ffff888104582400 RCX: 0000000000000046
00019 CR2: 00007fec3ca056f0 CR3: 000000011a5a6000 CR4: 0000000000750eb0
00019 PKRU: 55555554
00019 Call Trace:
00019  <TASK>
00019  ? dt_find_or_create+0x81a/0x1170 [obdclass]
00019 RDX: 0000000000000000 RSI: ffff88804684a648 RDI: ffff88811bbaaa58
00019  ? ofd_seq_load+0x605/0x1ac0 [ofd]
00019 RBP: ffff88804684a5b8 R08: ffffffff83a16803 R09: 1ffffffff0742d00
00019  ? ofd_get_info_hdl+0xfdd/0x2330 [ofd]
00019 R10: dffffc0000000000 R11: fffffbfff0742d01 R12: ffff8881190cdc00
00019  ? tgt_request_handle+0x23ad/0x3d30 [ptlrpc]
00019 R13: dffffc0000000000 R14: 1ffff110208b0480 R15: 1ffff11023219b8f
00019  ? ptlrpc_main+0x6359/0x96f0 [ptlrpc]
00019  ? __kthread_parkme+0x73/0x130
00019 FS:  0000000000000000(0000) GS:ffff8881d4b2a000(0000) knlGS:0000000000000000
00019  ? kthread+0x2cd/0x3a0
00019  ? ptlrpc_start_thread+0x1f10/0x1f10 [ptlrpc]
00019 CS:  0010 DS: 0000 ES: 0000 CR0: 0000000080050033
00019  ? kthread_unuse_mm+0x130/0x130
00019  ? ret_from_fork+0x18c/0x520
00019  ? kthread_unuse_mm+0x130/0x130
00019 CR2: 000055b6f6139e58 CR3: 0000000008808000 CR4: 0000000000750eb0
00019  ? ret_from_fork_asm+0x11/0x20
00019  </TASK>
00019 ---[ end trace 0000000000000000 ]---
00019 PKRU: 55555554
00019 Call Trace:
00019  <TASK>
00019  ? local_object_create+0x109/0x640 [obdclass]
00019 ------------[ cut here ]------------
00019  ? dt_write_lock+0x16d/0x2a0 [obdclass]
00019 WARNING: /home/ktest/git/linux/include/linux/fs.h:889 at osd_create+0x9cf/0xcf0 [osd_wbcfs], CPU#1: ll_ost00_002/1781
00019  ? llog_osd_create+0x356/0x1140 [obdclass]
00019 Modules linked in: ofd(O) osp(O) mdd(O) lod(O) mdt(O) lquota(O) lfsck(O) mgs(O) osd_wbcfs(O) lustre(O) obdecho(O) mgc(O) mdc(O) lov(O) osc(O) lmv(O) ec(O) fid(O) fld(O) ptlrpc(O) efivarfs obdclass(O) ksocklnd(O) lnet(O) libcfs(O)
00019  ? llog_create+0x2ed/0x530 [obdclass]
00019 CPU: 1 UID: 0 PID: 1781 Comm: ll_ost00_002 Tainted: G        W  O        7.0.0-ktest-d76e9af-6330a45-20260821-dirty #1 PREEMPT 
00019 Tainted: [W]=WARN, [O]=OOT_MODULE
00019 Hardware name: QEMU Standard PC (Q35 + ICH9, 2009), BIOS 2025.11-3ubuntu7 03/31/2026
00019  ? llog_open_create+0x5af/0xb10 [obdclass]
00019 RIP: 0010:osd_create+0x9cf/0xcf0 [osd_wbcfs]
00019 Code: c7 c7 00 c6 7b a1 48 c7 c6 a0 42 7d a1 48 c7 c2 00 4c 7d a1 e8 82 dd 43 ff 48 c7 c7 00 c6 7b a1 e8 f6 6a 44 ff e9 fe fc ff ff <0f> 0b e9 a5 fa ff ff 48 c7 c1 80 44 5d a0 80 e1 07 80 c1 03 38 c1
00019  ? osp_sync_init+0xfc0/0x2760 [osp]
00019 RSP: 0018:ffffc90001477878 EFLAGS: 00010246
00019 RAX: 0000000000000000 RBX: ffff8881061bac00 RCX: 0000000000000046
00019 RDX: 0000000000000000 RSI: ffff88814d5242a8 RDI: ffff888135152aa8
00019 RBP: ffff88814d524218 R08: ffffffff83a16803 R09: 1ffffffff0742d00
00019 R10: dffffc0000000000 R11: fffffbfff0742d01 R12: ffff888104ab8030
00019 R13: dffffc0000000000 R14: 1ffff11020c37580 R15: 1ffff11020957042
00019 FS:  0000000000000000(0000) GS:ffff8881d4aaa000(0000) knlGS:0000000000000000
00019  ? osp_device_alloc+0x1b91/0x2e10 [osp]
00019 CS:  0010 DS: 0000 ES: 0000 CR0: 0000000080050033
00019 CR2: 00007fec3ca056f0 CR3: 000000011a5a6000 CR4: 0000000000750eb0
00019 PKRU: 55555554
00019 Call Trace:
00019  <TASK>
00019  ? obd_setup+0x25c/0x960 [obdclass]
00019  ? ofd_precreate_objects+0x1bd8/0x3220 [ofd]
00019  ? class_setup+0xc7d/0x10e0 [obdclass]
00019  ? ofd_create_hdl+0x2015/0x3510 [ofd]
00019  ? class_process_config+0x2edb/0x7cb0 [obdclass]
00019  ? tgt_request_handle+0x23ad/0x3d30 [ptlrpc]
00019  ? __kasan_kmalloc+0x72/0x80
00019  ? ptlrpc_main+0x6359/0x96f0 [ptlrpc]
00019  ? class_config_llog_handler+0x2954/0x4f80 [obdclass]
00019  ? __kthread_parkme+0x73/0x130
00019  ? class_config_llog_handler+0x2cea/0x4f80 [obdclass]
00019  ? kthread+0x2cd/0x3a0
00019  ? ptlrpc_start_thread+0x1f10/0x1f10 [ptlrpc]
00019  ? lustre_cfg_rec_free+0x350/0x350 [obdclass]
00019  ? kthread_unuse_mm+0x130/0x130
00019  ? ret_from_fork+0x18c/0x520
00019  ? kthread_unuse_mm+0x130/0x130
00019  ? llog_process_thread+0x1fd2/0x4f70 [obdclass]
00019  ? ret_from_fork_asm+0x11/0x20
00019  </TASK>
00019 ---[ end trace 0000000000000000 ]---
00019  ? _raw_spin_unlock+0x23/0x40
00019 ------------[ cut here ]------------
00019  ? llog_process_thread_daemonize+0x16d/0x1b0 [obdclass]
00019 WARNING: /home/ktest/git/linux/include/linux/fs.h:889 at osd_create+0x9cf/0xcf0 [osd_wbcfs], CPU#1: ll_ost00_002/1781
00019  ? kthread+0x2cd/0x3a0
00019 Modules linked in: ofd(O) osp(O) mdd(O) lod(O) mdt(O) lquota(O) lfsck(O) mgs(O) osd_wbcfs(O) lustre(O)
00019  ? llog_process_or_fork+0xc90/0xc90 [obdclass]
00019  obdecho(O) mgc(O) mdc(O) lov(O) osc(O) lmv(O) ec(O) fid(O) fld(O)
00019  ? kthread_unuse_mm+0x130/0x130
00019  ptlrpc(O) efivarfs obdclass(O) ksocklnd(O) lnet(O)
00019  ? ret_from_fork+0x18c/0x520
00019  libcfs(O)
00019 CPU: 1 UID: 0 PID: 1781 Comm: ll_ost00_002 Tainted: G        W  O        7.0.0-ktest-d76e9af-6330a45-20260821-dirty #1 PREEMPT 
00019 Tainted: [W]=WARN, [O]=OOT_MODULE
00019  ? kthread_unuse_mm+0x130/0x130
00019 Hardware name: QEMU Standard PC (Q35 + ICH9, 2009), BIOS 2025.11-3ubuntu7 03/31/2026
00019 RIP: 0010:osd_create+0x9cf/0xcf0 [osd_wbcfs]
00019  ? ret_from_fork_asm+0x11/0x20
00019 Code: c7 c7 00 c6 7b a1 48 c7 c6 a0 42 7d a1 48 c7 c2 00 4c 7d a1 e8 82 dd 43 ff 48 c7 c7 00 c6 7b a1 e8 f6 6a 44 ff e9 fe fc ff ff <0f> 0b e9 a5 fa ff ff 48 c7 c1 80 44 5d a0 80 e1 07 80 c1 03 38 c1
00019 RSP: 0018:ffffc90001477878 EFLAGS: 00010246
00019 RAX: 0000000000000000 RBX: ffff888106e97400 RCX: 0000000000000046
