00000 
00002 init: failed to load nvme_core
00002 init: failed to load nvme
00002 init: failed to load zfs
00002 LNetError: 1:0:(lib-socket.c:619:lnet_inet_enumerate()) lnet: Can't find any usable interfaces, rc = -ENOENT
00002 LNetError: Error -100 starting up LNI tcp
00003 LustreError: 1:0:(events.c:627:ptlrpc_init_portals()) network initialisation failed: rc = -100
00003 init: finit_module /lib/modules/7.0.0-ktest-f55a92a-6330a45-20260730-dirty/updates/ptlrpc.ko: Network is down
00003 init: failed to load lustre
00003 init: failed to load osd_zfs
00003 init: failed to load iwlwifi
00003 init: failed to load iwlmvm
00003 init: failed to load mt7921e
00003 init: failed to load i915
00003 init: failed to load nouveau
00007 tlp: vm.laptop_mode is deprecated. Ignoring setting.
00007 Kernel version: 7.0.0-ktest-f55a92a-6330a45-20260730-dirty
00007 hook init_noop
00007 
00007 Running tests sanity-quick
00007 
00007 ========= TEST   sanity-quick
00007 0a 0b 0c 0d 0e 1 2 3 4 5 6a 6c 6e 6g 6h 6i 7a 7b 8 9 10 11 12 13 14 15 16 17a 17b 17c 17d 17e 17f 17g 17h 17i 17k 17l 17m 17n 17o 17p 17q 18 19a 19b 19c 19d 20 21 22 23a 23b 23c 23d 24a 24b 24c 24d 24e 24f 24g 24h 24i 24j 24k 24l 24m 24n 24o 24p 24q 24r 24s 24t 24u 24v 24w 24x 24y 24z 24A 24B 24C 24E 24F 24G 24H 24I 25a 25b 26a 26b 26c 26d 26e 26f 27a 27b 27ca 27cb 27cc 27cd 27ce 27cf 27cg 27d 27e 27f 27g 27ga 27i 27j 27k 27l 27m 27n 27o 27oo 27p 27q 27r 27s 27t 27u 27v 27w 27wa 27x 27y 27z 27A 27B 27Ca 27Cb 27Cc 27Cd 27Ce 27Cf 27Cg 27Ci 27Cj 27D 27E 27F 27G 27H 27I 27Ia 27J 27K 27Ke 27L 27M 27N 27O 27P 27Q 27R 27T 27U 27V 27W 27X 28 29 30a 30b 30c 30d 31a 31b 31c 31d 31e 31f 31g 31h 31i 31j 31k 31l 31m 31n 31o 31p 31q 31r 32a 32b 32c 32d 32e 32f 32g 32h 32i 32j 32k 32l 32m 32n 32o 32p 32q 32r 33aa 33a 33b 33c 33d 33e 33f 33g 33h 33hh 33i 33j 34a 34b 34c 34d 34e 34f 34g 34h 35a 36a 36b 36c 36d 36e 36f 36g 36h 36i 38 39a 39b 39c 39d 39e 39f 39g 39h 39i 39j 39k 39l 39m 39n 39o 39p 39r 39q 39s 39u 40 41 42a 42b 42c 42d 42e 43A 43a 43b 43c 44A 44a 44b 44c 44d 44e 44f 44g 45 46 48a 48b 48c 48d 48e 48f 49a 49b 49c 50 51a 51b 51c 51d 51e 51f 52a 52b 53 54a 54b 54c 54d 54e 55a 55b 55c 56a 56b 56bb 56bc 56bd 56c 56ca 56d 56e 56g 56h 56i 56ib 56j 56k 56l 56m 56n 56o 56ob 56oc 56od 56oe 56p 56q 56r 56ra 56rb 56rc 56rd 56re 56rf 56s 56t 56u 56v 56wa 56wb 56wc 56wd 56we 56x 56xB 56xC 56xD 56xa 56xab 56xb 56xc 56xd 56xe 56xf 56xg 56xh 56xi 56xj 56xk 56xl 56y 56z 56Aa 56ab 56aca 56acb 56acc 56Ba 56Ca 56Da 56Db 56Dc 56Dd 56Ea 56Eaa 56Eab 56Eb 56Ebb 56Ec 56Ed 56Eda 56Edb 56Ef 56Eg 56Eh 56Ei 56Ej 56Ek 57a 57b 58 59 60a 60b 60c 60d 60e 60f 60g 60h 60i 60j 61a 61b 63a 63b 64a 64b 64c 64d 64e 64f 64g 64h 64i 64j 65a 65b 65c 65d 65e 65f 65g 65h 65i 65j 65k 65l 65m 65n 65o 65p 65q 65r 66 69 70a 71 72a 72b 73 74a 74b 74c 76a 76b 77a 77b 77c 77d 77f 77g 77k 77l 77m 77n 77o 78 79 80 81a 81b 99 100 101a 101b 101c 101d 101e 101f 101g 101h 101i 101j 101m 102a 102b 102c 102d 102f 102h 102ha 102i 102j 102k 102l 102m 102n 102p 102q 102r 102s 102t 103a 103b 103c 103e 103f 103g 104a 104b 104c 104d 105a 105b 105c 105d 105e 105f 105g 105h 105i 106 107 110 116a 116b 117 118a 118b 118c 118d 118f 118g 118h 118i 118j 118k 118l 118m 118n 119a 119b 119c 119e 119f 119g 119h 119i 119j 119k 119m 119n 119o 119p 119q 119r 120a 120b 120c 120d 120e 120f 120g 121 123aa 123ab 123ac 123ad 123b 123c 123d 123e 123f 123g 123h 123i 123j 123k 123l 124a 124b 124c 124d 124e 124f 124g 125 126 127a 127b 127c 127d 127e 127f 128 129 130a 130b 130c 130d 130e 130f 130g 130h 130i 131a 131b 131c 131d 131e 133a 133b 133c 133d 133e 133f 133g 133h 134a 134b 135 136 140 150a 150b 150bb 150c 150d 150e 150f 150g 150h 150ia 150ib 150ic 151 152 153 154A 154B 154C 154a 154b 154c 154d 154e 154ea 154f 154g 154h 154i 154j 155a 155b 155c 155d 155e 155f 155g 155h 156 157a 157b 160a 160b 160c 160d 160e 160f 160g 160h 160i 160j 160k 160l 160m 160n 160o 160p 160q 160s 160t 160u 160v 160w 161a 161b 161c 161d 162a 162b 162c 165a 165b 165c 165d 165e 165f 165g 169 170a 170b 171 172 180a 180b 180c 181 182a 182b 183 184a 184b 184c 184d 184e 184f 185 185a 187a 187b 190a 190b 190c 200 204a 204b 204c 204d 204e 204f 204g 204h 205a 205b 205c 205d 205e 205f 205g 205h 205i 205k 205l 205m 206 207a 207b 208 209 210 212 213 214 215 216 217 218 219 220 221 222a 222b 223 224a 224b 224c 224d 225a 225b 226a 226b 226c 226d 226e 227 228a 228b 228c 229 230a 230b 230c 230d 230e 230f 230g 230h 230i 230j 230k 230l 230m 230n 230o 230p 230q 230r 230s 230t 230u 230v 230w 230x 230y 230z 230A 230B 231a 231b 232a 232b 233a 233b 234 235 236 238 239A 239a 239b 240 241a 241b 242 243 244a 244b 245a 245b 247a 247b 247c 247d 247e 247f 247g 247h 248a 248b 248c 248d 249 250 251a 252 253 254 255a 255b 255c 256 257 258a 258b 259 260 270a 270b 270c 270d 270e 270f 270g 270h 270i 270j 271a 271b 271ba 271c 271d 271f 271g 272a 272b 272c 272d 272e 272f 273a 273b 273c 275 276 277 278 280 300a 300b 300c 300d 300e 300f 300g 300h 300i 300j 300k 300l 300m 300n 300ne 300o 300p 300q 300r 300s 300t 300ua 300ub 300uc 300ud 300ue 300uf 300ug 300uh 300ui 300uj 310a 310b 310c 311 312 313 314 315 316 317 318 319 350 398a 398b 398c 398d 398e 398f 398g 398h 398i 398j 398k 398l 398m 398n 398o 398p 398q 398r 398s 398t 398u 399a 399b 400a 400b 401a 401aa 401ab 401ac 401ad 401b 401c 401d 401db 401e 401fa 401fb 401ga 401gb 401gc 401gd 402 403 404 405 406 407 408 409 410 411a 411b 412 413A 413a 413b 413c 413d 413e 413f 413g 413h 413i 413j 413k 413l 413z 414 415 416 417 418 419 420 421a 421b 421c 421d 421e 421f 421g 421h 422 423 424 425 426 427 428 429 430a 430b 430c 431 432 433 434 440 442 460d 600a 600b 600c 600d 801a 801b 801c 802b 802c 803a 803b 804 805 806 807a 807b 808 809 810 812a 812b 812c 813 814 815 816 817 818 819a 819b 820 823 831 832 833 834 842 850 851 852 853 854 855 860 900 901 902 903 904 905 906 907 908a 908b 909 910 911 920
00007 0a 0b 0c 0d 0e 1 2 3 4 5
00007 0a,0b,0c,0d,0e,1,2,3,4,5
00011 SETUP LUSTRE ... LNet: Added LNI 10.0.2.15@tcp [8/256/0/180]
00012 Lustre: Echo OBD driver; http://www.lustre.org/
00012 Lustre: 1724:0:(mdt_handler.c:64:mdt_max_mod_rpcs_per_client_set()) max_mod_rpcs_per_client is deprecated, set mdt.*.max_mod_rpcs_in_flight parameter instead
00012 ------------[ cut here ]------------
00012 WARNING: /home/ktest/git/linux/include/linux/fs.h:889 at osd_create+0xbf7/0x1000 [osd_wbcfs], CPU#1: ll_mgs_0002/1721
00012 Modules linked in: mdt(O) lquota(O) lfsck(O) mgs(O) osd_wbcfs(O) lustre(O) obdecho(O) mgc(O) mdc(O) lov(O) osc(O) lmv(O) ec(O) fid(O) fld(O) ptlrpc(O) efivarfs obdclass(O) ksocklnd(O) lnet(O) libcfs(O)
00012 CPU: 1 UID: 0 PID: 1721 Comm: ll_mgs_0002 Tainted: G           O        7.0.0-ktest-f55a92a-6330a45-20260730-dirty #1 PREEMPT 
00012 Tainted: [O]=OOT_MODULE
00012 Hardware name: QEMU Standard PC (Q35 + ICH9, 2009), BIOS 2025.11-3ubuntu7 03/31/2026
00012 RIP: 0010:osd_create+0xbf7/0x1000 [osd_wbcfs]
00012 Code: c7 c7 60 a1 7b a1 48 c7 c6 00 63 7d a1 48 c7 c2 80 6c 7d a1 e8 0a ec 43 ff 48 c7 c7 60 a1 7b a1 e8 fe 7b 44 ff e9 9c fb ff ff <0f> 0b e9 35 f9 ff ff 48 c7 c1 80 44 5d a0 80 e1 07 80 c1 03 38 c1
00012 RSP: 0018:ffffc900013b7718 EFLAGS: 00010246
00012 RAX: 0000000000000000 RBX: ffff888134476c00 RCX: 0000000000000046
00012 RDX: 0000000000000000 RSI: ffff88800c701f30 RDI: ffff888104e189e8
00012 RBP: ffff888134476ce0 R08: ffffffff83a16803 R09: 1ffffffff0742d00
00012 R10: dffffc0000000000 R11: fffffbfff0742d01 R12: dffffc0000000000
00012 R13: 1ffff1102686578f R14: ffff888104e187e0 R15: ffff88800c701ea0
00012 FS:  0000000000000000(0000) GS:ffff8881d4aaa000(0000) knlGS:0000000000000000
00012 CS:  0010 DS: 0000 ES: 0000 CR0: 0000000080050033
00012 CR2: 00007ff7a97e6194 CR3: 000000013521f000 CR4: 0000000000750eb0
00012 PKRU: 55555554
00012 Call Trace:
00012  <TASK>
00012  local_object_create+0x109/0x640 [obdclass]
00012  ? dt_write_lock+0x16d/0x2a0 [obdclass]
00012  llog_osd_create+0x356/0x10d0 [obdclass]
00012  llog_create+0x2ed/0x530 [obdclass]
00012  llog_open_create+0x6e7/0xb30 [obdclass]
00012  mgs_find_or_make_fsdb_nolock+0x16d4/0x2d80 [mgs]
00012  ? class_find_param+0x25/0x70 [obdclass]
00012  mgs_find_or_make_fsdb+0xda/0x1f0 [mgs]
00012  mgs_target_reg+0x2333/0x4480 [mgs]
00012  tgt_request_handle+0x23ad/0x3d30 [ptlrpc]
00012  ptlrpc_main+0x6359/0x96f0 [ptlrpc]
00012  ? __kthread_parkme+0x73/0x130
00012  kthread+0x2cd/0x3a0
00012  ? ptlrpc_start_thread+0x1f10/0x1f10 [ptlrpc]
00012  ? kthread_unuse_mm+0x130/0x130
00012  ret_from_fork+0x18c/0x520
00012  ? kthread_unuse_mm+0x130/0x130
00012  ret_from_fork_asm+0x11/0x20
00012  </TASK>
00012 ---[ end trace 0000000000000000 ]---
00012 ------------[ cut here ]------------
00012 WARNING: /home/ktest/git/linux/include/linux/fs.h:889 at osd_create+0xbf7/0x1000 [osd_wbcfs], CPU#1: ll_mgs_0002/1721
00012 Modules linked in: mdt(O) lquota(O) lfsck(O) mgs(O) osd_wbcfs(O) lustre(O) obdecho(O) mgc(O) mdc(O) lov(O) osc(O) lmv(O) ec(O) fid(O) fld(O) ptlrpc(O) efivarfs obdclass(O) ksocklnd(O) lnet(O) libcfs(O)
00012 CPU: 1 UID: 0 PID: 1721 Comm: ll_mgs_0002 Tainted: G        W  O        7.0.0-ktest-f55a92a-6330a45-20260730-dirty #1 PREEMPT 
00012 Tainted: [W]=WARN, [O]=OOT_MODULE
00012 Hardware name: QEMU Standard PC (Q35 + ICH9, 2009), BIOS 2025.11-3ubuntu7 03/31/2026
00012 RIP: 0010:osd_create+0xbf7/0x1000 [osd_wbcfs]
00012 Code: c7 c7 60 a1 7b a1 48 c7 c6 00 63 7d a1 48 c7 c2 80 6c 7d a1 e8 0a ec 43 ff 48 c7 c7 60 a1 7b a1 e8 fe 7b 44 ff e9 9c fb ff ff <0f> 0b e9 35 f9 ff ff 48 c7 c1 80 44 5d a0 80 e1 07 80 c1 03 38 c1
00012 RSP: 0018:ffffc900013b7660 EFLAGS: 00010246
00012 RAX: 0000000000000000 RBX: ffff888134476400 RCX: 0000000000000046
00012 RDX: 0000000000000000 RSI: ffff88800c701818 RDI: ffff888104e189e8
00012 RBP: ffff8881344764e0 R08: ffffffff83a16803 R09: 1ffffffff0742d00
00012 R10: dffffc0000000000 R11: fffffbfff0742d01 R12: dffffc0000000000
00012 R13: 1ffff1102686578f R14: ffff888104e187e0 R15: ffff88800c701788
00012 FS:  0000000000000000(0000) GS:ffff8881d4aaa000(0000) knlGS:0000000000000000
00012 CS:  0010 DS: 0000 ES: 0000 CR0: 0000000080050033
00012 CR2: 00007ff7a97e6194 CR3: 000000013521f000 CR4: 0000000000750eb0
00012 PKRU: 55555554
00012 Call Trace:
00012  <TASK>
00012  local_object_create+0x109/0x640 [obdclass]
00012  ? dt_write_lock+0x16d/0x2a0 [obdclass]
00012  llog_osd_create+0x356/0x10d0 [obdclass]
00012  llog_create+0x2ed/0x530 [obdclass]
00012  llog_open_create+0x6e7/0xb30 [obdclass]
00012  record_start_log+0x348/0xa40 [mgs]
00012  mgs_write_log_lov+0x3ac/0xde0 [mgs]
00012  mgs_write_log_target+0x17a4/0x6ab0 [mgs]
00012  mgs_target_reg+0x254e/0x4480 [mgs]
00012  tgt_request_handle+0x23ad/0x3d30 [ptlrpc]
00012  ptlrpc_main+0x6359/0x96f0 [ptlrpc]
00012  ? __kthread_parkme+0x73/0x130
00012  kthread+0x2cd/0x3a0
00012  ? ptlrpc_start_thread+0x1f10/0x1f10 [ptlrpc]
00012  ? kthread_unuse_mm+0x130/0x130
00012  ret_from_fork+0x18c/0x520
00012  ? kthread_unuse_mm+0x130/0x130
00012  ret_from_fork_asm+0x11/0x20
00012  </TASK>
00012 ---[ end trace 0000000000000000 ]---
00012 ------------[ cut here ]------------
00012 WARNING: /home/ktest/git/linux/include/linux/fs.h:889 at osd_create+0xbf7/0x1000 [osd_wbcfs], CPU#1: llog_process_th/1744
00012 Modules linked in: mdd(O) lod(O) mdt(O) lquota(O) lfsck(O) mgs(O) osd_wbcfs(O) lustre(O) obdecho(O) mgc(O) mdc(O) lov(O) osc(O) lmv(O) ec(O) fid(O) fld(O) ptlrpc(O) efivarfs obdclass(O) ksocklnd(O) lnet(O) libcfs(O)
00012 CPU: 1 UID: 0 PID: 1744 Comm: llog_process_th Tainted: G        W  O        7.0.0-ktest-f55a92a-6330a45-20260730-dirty #1 PREEMPT 
00012 Tainted: [W]=WARN, [O]=OOT_MODULE
00012 Hardware name: QEMU Standard PC (Q35 + ICH9, 2009), BIOS 2025.11-3ubuntu7 03/31/2026
00012 RIP: 0010:osd_create+0xbf7/0x1000 [osd_wbcfs]
00012 Code: c7 c7 60 a1 7b a1 48 c7 c6 00 63 7d a1 48 c7 c2 80 6c 7d a1 e8 0a ec 43 ff 48 c7 c7 60 a1 7b a1 e8 fe 7b 44 ff e9 9c fb ff ff <0f> 0b e9 35 f9 ff ff 48 c7 c1 80 44 5d a0 80 e1 07 80 c1 03 38 c1
00012 RSP: 0018:ffffc900014d7428 EFLAGS: 00010246
00012 RAX: 0000000000000000 RBX: ffff8881042c6000 RCX: 0000000000000046
00012 RDX: ffffffff84c44d40 RSI: ffff88800c701100 RDI: ffff88802ce20998
00012 RBP: ffff8881042c60e0 R08: 0000000000000001 R09: 0000000000000000
00012 R10: dffffc0000000000 R11: ffffed10018e0203 R12: dffffc0000000000
00012 R13: 1ffff9200029aebf R14: ffff88802ce207e0 R15: ffff88800c701070
00012 FS:  0000000000000000(0000) GS:ffff8881d4aaa000(0000) knlGS:0000000000000000
00012 CS:  0010 DS: 0000 ES: 0000 CR0: 0000000080050033
00012 CR2: 00007ff7a97e6194 CR3: 000000011bf8c000 CR4: 0000000000750eb0
00012 PKRU: 55555554
00012 Call Trace:
00012  <TASK>
00012  dt_find_or_create+0x81a/0x1170 [obdclass]
00012  fld_index_init+0x404/0x1610 [fld]
00012  ? is_module_address+0x1b/0x70
00012  ? is_module_address+0x5e/0x70
00012  ? __asan_memset+0x22/0x40
00012  fld_server_init+0x1d7/0x580 [fld]
00012  mdt_device_alloc+0x36b4/0x66c0 [mdt]
00012  ? ret_from_fork_asm+0x11/0x20
00012  ? __alloc_tagging_slab_alloc_hook+0x136/0x190
00012  obd_setup+0x25c/0x950 [obdclass]
00012  class_setup+0xc7d/0x10e0 [obdclass]
00012  class_process_config+0x2edb/0x7cb0 [obdclass]
00012  ? __kasan_kmalloc+0x72/0x80
00012  ? class_config_llog_handler+0x2954/0x4f80 [obdclass]
00012  class_config_llog_handler+0x2cea/0x4f80 [obdclass]
00012  ? lustre_cfg_rec_free+0x350/0x350 [obdclass]
00012  llog_process_thread+0x1fd2/0x4f70 [obdclass]
00012  ? _raw_spin_unlock+0x23/0x40
00012  llog_process_thread_daemonize+0x16d/0x1b0 [obdclass]
00012  kthread+0x2cd/0x3a0
00012  ? llog_process_or_fork+0xc90/0xc90 [obdclass]
00012  ? kthread_unuse_mm+0x130/0x130
00012  ret_from_fork+0x18c/0x520
00012  ? kthread_unuse_mm+0x130/0x130
00012  ret_from_fork_asm+0x11/0x20
00012  </TASK>
00012 ---[ end trace 0000000000000000 ]---
00012 ------------[ cut here ]------------
00012 WARNING: /home/ktest/git/linux/include/linux/fs.h:889 at osd_create+0xbf7/0x1000 [osd_wbcfs], CPU#1: llog_process_th/1744
00012 Modules linked in: mdd(O) lod(O) mdt(O) lquota(O) lfsck(O) mgs(O) osd_wbcfs(O) lustre(O) obdecho(O) mgc(O) mdc(O) lov(O) osc(O) lmv(O) ec(O) fid(O) fld(O) ptlrpc(O) efivarfs obdclass(O) ksocklnd(O) lnet(O) libcfs(O)
00012 CPU: 1 UID: 0 PID: 1744 Comm: llog_process_th Tainted: G        W  O        7.0.0-ktest-f55a92a-6330a45-20260730-dirty #1 PREEMPT 
00012 Tainted: [W]=WARN, [O]=OOT_MODULE
00012 Hardware name: QEMU Standard PC (Q35 + ICH9, 2009), BIOS 2025.11-3ubuntu7 03/31/2026
00012 RIP: 0010:osd_create+0xbf7/0x1000 [osd_wbcfs]
00012 Code: c7 c7 60 a1 7b a1 48 c7 c6 00 63 7d a1 48 c7 c2 80 6c 7d a1 e8 0a ec 43 ff 48 c7 c7 60 a1 7b a1 e8 fe 7b 44 ff e9 9c fb ff ff <0f> 0b e9 35 f9 ff ff 48 c7 c1 80 44 5d a0 80 e1 07 80 c1 03 38 c1
00012 RSP: 0018:ffffc900014d7408 EFLAGS: 00010246
00012 RAX: 0000000000000000 RBX: ffff8881042c4800 RCX: 0000000000000046
00012 RDX: 0000000000000000 RSI: ffff88800c7009e8 RDI: ffff88802ce20998
00012 RBP: ffff8881042c48e0 R08: ffffffff83a16803 R09: 1ffffffff0742d00
00012 R10: dffffc0000000000 R11: fffffbfff0742d01 R12: dffffc0000000000
00012 R13: 1ffff9200029aea4 R14: ffff88802ce207e0 R15: ffff88800c700958
00012 FS:  0000000000000000(0000) GS:ffff8881d4aaa000(0000) knlGS:0000000000000000
00012 CS:  0010 DS: 0000 ES: 0000 CR0: 0000000080050033
00012 CR2: 00007ff7a97e6194 CR3: 000000011bf8c000 CR4: 0000000000750eb0
00012 PKRU: 55555554
00012 Call Trace:
00012  <TASK>
00012  dt_find_or_create+0x81a/0x1170 [obdclass]
00012  seq_store_init+0x155/0x360 [fid]
00012  seq_server_init+0x290/0xba0 [fid]
00012  mdt_seq_init+0x513/0x1ef0 [mdt]
00012  ? fld_server_init+0x34e/0x580 [fld]
00012  mdt_device_alloc+0x39c5/0x66c0 [mdt]
00012  ? ret_from_fork_asm+0x11/0x20
00012  ? __alloc_tagging_slab_alloc_hook+0x136/0x190
00012  obd_setup+0x25c/0x950 [obdclass]
00012  class_setup+0xc7d/0x10e0 [obdclass]
00012  class_process_config+0x2edb/0x7cb0 [obdclass]
00012  ? __kasan_kmalloc+0x72/0x80
00012  ? class_config_llog_handler+0x2954/0x4f80 [obdclass]
00012  class_config_llog_handler+0x2cea/0x4f80 [obdclass]
00012  ? lustre_cfg_rec_free+0x350/0x350 [obdclass]
00012  llog_process_thread+0x1fd2/0x4f70 [obdclass]
00012  ? _raw_spin_unlock+0x23/0x40
00012  llog_process_thread_daemonize+0x16d/0x1b0 [obdclass]
00012  kthread+0x2cd/0x3a0
00012  ? llog_process_or_fork+0xc90/0xc90 [obdclass]
00012  ? kthread_unuse_mm+0x130/0x130
00012  ret_from_fork+0x18c/0x520
00012  ? kthread_unuse_mm+0x130/0x130
00012  ret_from_fork_asm+0x11/0x20
00012  </TASK>
00012 ---[ end trace 0000000000000000 ]---
00012 Lustre: ctl-lustre-MDT0000: No data found on store. Initialize space.
00012 ------------[ cut here ]------------
00012 WARNING: /home/ktest/git/linux/include/linux/fs.h:889 at osd_create+0xbf7/0x1000 [osd_wbcfs], CPU#1: llog_process_th/1744
00012 Modules linked in: mdd(O) lod(O) mdt(O) lquota(O) lfsck(O) mgs(O) osd_wbcfs(O) lustre(O) obdecho(O) mgc(O) mdc(O) lov(O) osc(O) lmv(O) ec(O) fid(O) fld(O) ptlrpc(O) efivarfs obdclass(O) ksocklnd(O) lnet(O) libcfs(O)
00012 CPU: 1 UID: 0 PID: 1744 Comm: llog_process_th Tainted: G        W  O        7.0.0-ktest-f55a92a-6330a45-20260730-dirty #1 PREEMPT 
00012 Tainted: [W]=WARN, [O]=OOT_MODULE
00012 Hardware name: QEMU Standard PC (Q35 + ICH9, 2009), BIOS 2025.11-3ubuntu7 03/31/2026
00012 RIP: 0010:osd_create+0xbf7/0x1000 [osd_wbcfs]
00012 Code: c7 c7 60 a1 7b a1 48 c7 c6 00 63 7d a1 48 c7 c2 80 6c 7d a1 e8 0a ec 43 ff 48 c7 c7 60 a1 7b a1 e8 fe 7b 44 ff e9 9c fb ff ff <0f> 0b e9 35 f9 ff ff 48 c7 c1 80 44 5d a0 80 e1 07 80 c1 03 38 c1
00012 RSP: 0018:ffffc900014d7408 EFLAGS: 00010246
00012 RAX: 0000000000000000 RBX: ffff8881049c7000 RCX: 0000000000000046
00012 RDX: 0000000000000000 RSI: ffff88800c7002d0 RDI: ffff88802ce20998
00012 RBP: ffff8881049c70e0 R08: ffffffff83a16803 R09: 1ffffffff0742d00
00012 R10: dffffc0000000000 R11: fffffbfff0742d01 R12: dffffc0000000000
00012 R13: 1ffff9200029aea4 R14: ffff88802ce207e0 R15: ffff88800c700240
00012 FS:  0000000000000000(0000) GS:ffff8881d4aaa000(0000) knlGS:0000000000000000
00012 CS:  0010 DS: 0000 ES: 0000 CR0: 0000000080050033
00012 CR2: 00007ff7a97e6194 CR3: 000000011bf8c000 CR4: 0000000000750eb0
00012 PKRU: 55555554
00012 Call Trace:
00012  <TASK>
00012  dt_find_or_create+0x81a/0x1170 [obdclass]
00012  seq_store_init+0x155/0x360 [fid]
00012  seq_server_init+0x290/0xba0 [fid]
00012  mdt_seq_init+0x2c1/0x1ef0 [mdt]
00012  ? fld_server_init+0x34e/0x580 [fld]
00012  mdt_device_alloc+0x39c5/0x66c0 [mdt]
00012  ? ret_from_fork_asm+0x11/0x20
00012  ? __alloc_tagging_slab_alloc_hook+0x136/0x190
00012  obd_setup+0x25c/0x950 [obdclass]
00012  class_setup+0xc7d/0x10e0 [obdclass]
00012  class_process_config+0x2edb/0x7cb0 [obdclass]
00012  ? __kasan_kmalloc+0x72/0x80
00012  ? class_config_llog_handler+0x2954/0x4f80 [obdclass]
00012  class_config_llog_handler+0x2cea/0x4f80 [obdclass]
00012  ? lustre_cfg_rec_free+0x350/0x350 [obdclass]
00012  llog_process_thread+0x1fd2/0x4f70 [obdclass]
00012  ? _raw_spin_unlock+0x23/0x40
00012  llog_process_thread_daemonize+0x16d/0x1b0 [obdclass]
00012  kthread+0x2cd/0x3a0
00012  ? llog_process_or_fork+0xc90/0xc90 [obdclass]
00012  ? kthread_unuse_mm+0x130/0x130
00012  ret_from_fork+0x18c/0x520
00012  ? kthread_unuse_mm+0x130/0x130
00012  ret_from_fork_asm+0x11/0x20
00012  </TASK>
00012 ---[ end trace 0000000000000000 ]---
00012 ------------[ cut here ]------------
00012 WARNING: /home/ktest/git/linux/include/linux/fs.h:889 at osd_create+0xbf7/0x1000 [osd_wbcfs], CPU#1: llog_process_th/1744
00012 Modules linked in: mdd(O) lod(O) mdt(O) lquota(O) lfsck(O) mgs(O) osd_wbcfs(O) lustre(O) obdecho(O) mgc(O) mdc(O) lov(O) osc(O) lmv(O) ec(O) fid(O) fld(O) ptlrpc(O) efivarfs obdclass(O) ksocklnd(O) lnet(O) libcfs(O)
00012 CPU: 1 UID: 0 PID: 1744 Comm: llog_process_th Tainted: G        W  O        7.0.0-ktest-f55a92a-6330a45-20260730-dirty #1 PREEMPT 
00012 Tainted: [W]=WARN, [O]=OOT_MODULE
00012 Hardware name: QEMU Standard PC (Q35 + ICH9, 2009), BIOS 2025.11-3ubuntu7 03/31/2026
00012 RIP: 0010:osd_create+0xbf7/0x1000 [osd_wbcfs]
00012 Code: c7 c7 60 a1 7b a1 48 c7 c6 00 63 7d a1 48 c7 c2 80 6c 7d a1 e8 0a ec 43 ff 48 c7 c7 60 a1 7b a1 e8 fe 7b 44 ff e9 9c fb ff ff <0f> 0b e9 35 f9 ff ff 48 c7 c1 80 44 5d a0 80 e1 07 80 c1 03 38 c1
00012 RSP: 0018:ffffc900014d7448 EFLAGS: 00010246
00012 RAX: 0000000000000000 RBX: ffff8881049c6800 RCX: 0000000000000046
00012 RDX: 0000000000000000 RSI: ffff888029107b68 RDI: ffff88802ce20998
00012 RBP: ffff8881049c68e0 R08: ffffffff83a16803 R09: 1ffffffff0742d00
00012 R10: dffffc0000000000 R11: fffffbfff0742d01 R12: dffffc0000000000
00012 R13: 1ffff9200029aec9 R14: ffff88802ce207e0 R15: ffff888029107ad8
00012 FS:  0000000000000000(0000) GS:ffff8881d4aaa000(0000) knlGS:0000000000000000
00012 CS:  0010 DS: 0000 ES: 0000 CR0: 0000000080050033
00012 CR2: 00007ff7a97e6194 CR3: 000000011bf8c000 CR4: 0000000000750eb0
00012 PKRU: 55555554
00012 Call Trace:
00012  <TASK>
00012  dt_find_or_create+0x81a/0x1170 [obdclass]
00012  tgt_init+0xb72/0x2a60 [ptlrpc]
00012  mdt_device_alloc+0x3ce7/0x66c0 [mdt]
00012  ? ret_from_fork_asm+0x11/0x20
00012  ? __alloc_tagging_slab_alloc_hook+0x136/0x190
00012  obd_setup+0x25c/0x950 [obdclass]
00012  class_setup+0xc7d/0x10e0 [obdclass]
00012  class_process_config+0x2edb/0x7cb0 [obdclass]
00012  ? __kasan_kmalloc+0x72/0x80
00012  ? class_config_llog_handler+0x2954/0x4f80 [obdclass]
00012  class_config_llog_handler+0x2cea/0x4f80 [obdclass]
00012  ? lustre_cfg_rec_free+0x350/0x350 [obdclass]
00012  llog_process_thread+0x1fd2/0x4f70 [obdclass]
00012  ? _raw_spin_unlock+0x23/0x40
00012  llog_process_thread_daemonize+0x16d/0x1b0 [obdclass]
00012  kthread+0x2cd/0x3a0
00012  ? llog_process_or_fork+0xc90/0xc90 [obdclass]
00012  ? kthread_unuse_mm+0x130/0x130
00012  ret_from_fork+0x18c/0x520
00012  ? kthread_unuse_mm+0x130/0x130
00012  ret_from_fork_asm+0x11/0x20
00012  </TASK>
00012 ---[ end trace 0000000000000000 ]---
00012 Lustre: lustre-MDT0000: new disk, initializing
00012 ------------[ cut here ]------------
00012 WARNING: /home/ktest/git/linux/include/linux/fs.h:889 at osd_create+0xbf7/0x1000 [osd_wbcfs], CPU#1: llog_process_th/1744
00012 Modules linked in: mdd(O) lod(O) mdt(O) lquota(O) lfsck(O) mgs(O) osd_wbcfs(O) lustre(O) obdecho(O) mgc(O) mdc(O) lov(O) osc(O) lmv(O) ec(O) fid(O) fld(O) ptlrpc(O) efivarfs obdclass(O) ksocklnd(O) lnet(O) libcfs(O)
00012 CPU: 1 UID: 0 PID: 1744 Comm: llog_process_th Tainted: G        W  O        7.0.0-ktest-f55a92a-6330a45-20260730-dirty #1 PREEMPT 
00012 Tainted: [W]=WARN, [O]=OOT_MODULE
00012 Hardware name: QEMU Standard PC (Q35 + ICH9, 2009), BIOS 2025.11-3ubuntu7 03/31/2026
00012 RIP: 0010:osd_create+0xbf7/0x1000 [osd_wbcfs]
00012 Code: c7 c7 60 a1 7b a1 48 c7 c6 00 63 7d a1 48 c7 c2 80 6c 7d a1 e8 0a ec 43 ff 48 c7 c7 60 a1 7b a1 e8 fe 7b 44 ff e9 9c fb ff ff <0f> 0b e9 35 f9 ff ff 48 c7 c1 80 44 5d a0 80 e1 07 80 c1 03 38 c1
00012 RSP: 0018:ffffc900014d7448 EFLAGS: 00010246
00012 RAX: 0000000000000000 RBX: ffff8881049c5800 RCX: 0000000000000046
00012 RDX: 0000000000000000 RSI: ffff888029107450 RDI: ffff88802ce20998
00012 RBP: ffff8881049c58e0 R08: ffffffff83a16803 R09: 1ffffffff0742d00
00012 R10: dffffc0000000000 R11: fffffbfff0742d01 R12: dffffc0000000000
00012 R13: 1ffff9200029aec9 R14: ffff88802ce207e0 R15: ffff8880291073c0
00012 FS:  0000000000000000(0000) GS:ffff8881d4aaa000(0000) knlGS:0000000000000000
00012 CS:  0010 DS: 0000 ES: 0000 CR0: 0000000080050033
00012 CR2: 00007ff7a97e6194 CR3: 000000011bf8c000 CR4: 0000000000750eb0
00012 PKRU: 55555554
00012 Call Trace:
00012  <TASK>
00012  dt_find_or_create+0x81a/0x1170 [obdclass]
00012  tgt_init+0x1a98/0x2a60 [ptlrpc]
00012  mdt_device_alloc+0x3ce7/0x66c0 [mdt]
00012  ? ret_from_fork_asm+0x11/0x20
00012  ? __alloc_tagging_slab_alloc_hook+0x136/0x190
00012  obd_setup+0x25c/0x950 [obdclass]
00012  class_setup+0xc7d/0x10e0 [obdclass]
00012  class_process_config+0x2edb/0x7cb0 [obdclass]
00012  ? __kasan_kmalloc+0x72/0x80
00012  ? class_config_llog_handler+0x2954/0x4f80 [obdclass]
00012  class_config_llog_handler+0x2cea/0x4f80 [obdclass]
00012  ? lustre_cfg_rec_free+0x350/0x350 [obdclass]
00012  llog_process_thread+0x1fd2/0x4f70 [obdclass]
00012  ? _raw_spin_unlock+0x23/0x40
00012  llog_process_thread_daemonize+0x16d/0x1b0 [obdclass]
00012  kthread+0x2cd/0x3a0
00012  ? llog_process_or_fork+0xc90/0xc90 [obdclass]
00012  ? kthread_unuse_mm+0x130/0x130
00012  ret_from_fork+0x18c/0x520
00012  ? kthread_unuse_mm+0x130/0x130
00012  ret_from_fork_asm+0x11/0x20
00012  </TASK>
00012 ---[ end trace 0000000000000000 ]---
00012 ------------[ cut here ]------------
00012 WARNING: /home/ktest/git/linux/include/linux/fs.h:889 at osd_create+0xbf7/0x1000 [osd_wbcfs], CPU#1: llog_process_th/1744
00012 Modules linked in: mdd(O) lod(O) mdt(O) lquota(O) lfsck(O) mgs(O) osd_wbcfs(O) lustre(O) obdecho(O) mgc(O) mdc(O) lov(O) osc(O) lmv(O) ec(O) fid(O) fld(O) ptlrpc(O) efivarfs obdclass(O) ksocklnd(O) lnet(O) libcfs(O)
00012 CPU: 1 UID: 0 PID: 1744 Comm: llog_process_th Tainted: G        W  O        7.0.0-ktest-f55a92a-6330a45-20260730-dirty #1 PREEMPT 
00012 Tainted: [W]=WARN, [O]=OOT_MODULE
00012 Hardware name: QEMU Standard PC (Q35 + ICH9, 2009), BIOS 2025.11-3ubuntu7 03/31/2026
00012 RIP: 0010:osd_create+0xbf7/0x1000 [osd_wbcfs]
00012 Code: c7 c7 60 a1 7b a1 48 c7 c6 00 63 7d a1 48 c7 c2 80 6c 7d a1 e8 0a ec 43 ff 48 c7 c7 60 a1 7b a1 e8 fe 7b 44 ff e9 9c fb ff ff <0f> 0b e9 35 f9 ff ff 48 c7 c1 80 44 5d a0 80 e1 07 80 c1 03 38 c1
00012 RSP: 0018:ffffc900014d7348 EFLAGS: 00010246
00012 RAX: 0000000000000000 RBX: ffff88811c848c00 RCX: 0000000000000046
00012 RDX: 0000000000000000 RSI: ffff888029106d38 RDI: ffff88802ce20998
00012 RBP: ffff88811c848ce0 R08: ffffffff83a16803 R09: 1ffffffff0742d00
00012 R10: dffffc0000000000 R11: fffffbfff0742d01 R12: dffffc0000000000
00012 R13: 1ffff11005afd892 R14: ffff88802ce207e0 R15: ffff888029106ca8
00012 FS:  0000000000000000(0000) GS:ffff8881d4aaa000(0000) knlGS:0000000000000000
00012 CS:  0010 DS: 0000 ES: 0000 CR0: 0000000080050033
00012 CR2: 00007ff7a97e6194 CR3: 000000011bf8c000 CR4: 0000000000750eb0
00012 PKRU: 55555554
00012 Call Trace:
00012  <TASK>
00012  local_object_create+0x109/0x640 [obdclass]
00012  ? dt_write_lock+0x16d/0x2a0 [obdclass]
00012  __local_file_create+0xce4/0x1bc0 [obdclass]
00012  local_file_find_or_create+0x13c/0x1d0 [obdclass]
00012  lquota_disk_dir_find_create+0x31f/0xd10 [lquota]
00012  qmt_device_prepare+0x122/0x600 [lquota]
00012  mdt_quota_init+0x1a65/0x3220 [mdt]
00012  ? mdt_tunables_init+0x3e6/0x530 [mdt]
00012  mdt_device_alloc+0x46a6/0x66c0 [mdt]
00012  ? ret_from_fork_asm+0x11/0x20
00012  obd_setup+0x25c/0x950 [obdclass]
00012  class_setup+0xc7d/0x10e0 [obdclass]
00012  class_process_config+0x2edb/0x7cb0 [obdclass]
00012  ? __kasan_kmalloc+0x72/0x80
00012  ? class_config_llog_handler+0x2954/0x4f80 [obdclass]
00012  class_config_llog_handler+0x2cea/0x4f80 [obdclass]
00012  ? lustre_cfg_rec_free+0x350/0x350 [obdclass]
00012  llog_process_thread+0x1fd2/0x4f70 [obdclass]
00012  ? _raw_spin_unlock+0x23/0x40
00012  llog_process_thread_daemonize+0x16d/0x1b0 [obdclass]
00012  kthread+0x2cd/0x3a0
00012  ? llog_process_or_fork+0xc90/0xc90 [obdclass]
00012  ? kthread_unuse_mm+0x130/0x130
00012  ret_from_fork+0x18c/0x520
00012  ? kthread_unuse_mm+0x130/0x130
00012  ret_from_fork_asm+0x11/0x20
00012  </TASK>
00012 ---[ end trace 0000000000000000 ]---
00012 ------------[ cut here ]------------
00012 WARNING: /home/ktest/git/linux/include/linux/fs.h:889 at osd_create+0xbf7/0x1000 [osd_wbcfs], CPU#1: llog_process_th/1744
00012 Modules linked in: mdd(O) lod(O) mdt(O) lquota(O) lfsck(O) mgs(O) osd_wbcfs(O) lustre(O) obdecho(O) mgc(O) mdc(O) lov(O) osc(O) lmv(O) ec(O) fid(O) fld(O) ptlrpc(O) efivarfs obdclass(O) ksocklnd(O) lnet(O) libcfs(O)
00012 CPU: 1 UID: 0 PID: 1744 Comm: llog_process_th Tainted: G        W  O        7.0.0-ktest-f55a92a-6330a45-20260730-dirty #1 PREEMPT 
00012 Tainted: [W]=WARN, [O]=OOT_MODULE
00012 Hardware name: QEMU Standard PC (Q35 + ICH9, 2009), BIOS 2025.11-3ubuntu7 03/31/2026
00012 RIP: 0010:osd_create+0xbf7/0x1000 [osd_wbcfs]
00012 Code: c7 c7 60 a1 7b a1 48 c7 c6 00 63 7d a1 48 c7 c2 80 6c 7d a1 e8 0a ec 43 ff 48 c7 c7 60 a1 7b a1 e8 fe 7b 44 ff e9 9c fb ff ff <0f> 0b e9 35 f9 ff ff 48 c7 c1 80 44 5d a0 80 e1 07 80 c1 03 38 c1
00012 RSP: 0018:ffffc900014d7248 EFLAGS: 00010246
00012 RAX: 0000000000000000 RBX: ffff88811c352400 RCX: 0000000000000046
00012 RDX: 0000000000000000 RSI: ffff888029106620 RDI: ffff88802ce20998
00012 RBP: ffff88811c3524e0 R08: ffffffff83a16803 R09: 1ffffffff0742d00
00012 R10: dffffc0000000000 R11: fffffbfff0742d01 R12: dffffc0000000000
00012 R13: 1ffff11005afd892 R14: ffff88802ce207e0 R15: ffff888029106590
00012 FS:  0000000000000000(0000) GS:ffff8881d4aaa000(0000) knlGS:0000000000000000
00012 CS:  0010 DS: 0000 ES: 0000 CR0: 0000000080050033
00012 CR2: 00007ff7a97e6194 CR3: 000000011bf8c000 CR4: 0000000000750eb0
00012 PKRU: 55555554
00012 Call Trace:
00012  <TASK>
00012  local_object_create+0x109/0x640 [obdclass]
00012  ? dt_write_lock+0x16d/0x2a0 [obdclass]
00012  __local_file_create+0xce4/0x1bc0 [obdclass]
00012  local_file_find_or_create+0x13c/0x1d0 [obdclass]
00012  lquota_disk_dir_find_create+0x31f/0xd10 [lquota]
00012  qmt_pool_prepare+0x3ee/0x16f0 [lquota]
00012  qmt_device_prepare+0x22a/0x600 [lquota]
00012  mdt_quota_init+0x1a65/0x3220 [mdt]
00012  ? mdt_tunables_init+0x3e6/0x530 [mdt]
00012  mdt_device_alloc+0x46a6/0x66c0 [mdt]
00012  ? ret_from_fork_asm+0x11/0x20
00012  obd_setup+0x25c/0x950 [obdclass]
00012  class_setup+0xc7d/0x10e0 [obdclass]
00012  class_process_config+0x2edb/0x7cb0 [obdclass]
00012  ? __kasan_kmalloc+0x72/0x80
00012  ? class_config_llog_handler+0x2954/0x4f80 [obdclass]
00012  class_config_llog_handler+0x2cea/0x4f80 [obdclass]
00012  ? lustre_cfg_rec_free+0x350/0x350 [obdclass]
00012  llog_process_thread+0x1fd2/0x4f70 [obdclass]
00012  ? _raw_spin_unlock+0x23/0x40
00012  llog_process_thread_daemonize+0x16d/0x1b0 [obdclass]
00012  kthread+0x2cd/0x3a0
00012  ? llog_process_or_fork+0xc90/0xc90 [obdclass]
00012  ? kthread_unuse_mm+0x130/0x130
00012  ret_from_fork+0x18c/0x520
00012  ? kthread_unuse_mm+0x130/0x130
00012  ret_from_fork_asm+0x11/0x20
00012  </TASK>
00012 ---[ end trace 0000000000000000 ]---
00012 ------------[ cut here ]------------
00012 WARNING: /home/ktest/git/linux/include/linux/fs.h:889 at osd_create+0xbf7/0x1000 [osd_wbcfs], CPU#1: llog_process_th/1744
00012 Modules linked in: mdd(O) lod(O) mdt(O) lquota(O) lfsck(O) mgs(O) osd_wbcfs(O) lustre(O) obdecho(O) mgc(O) mdc(O) lov(O) osc(O) lmv(O) ec(O) fid(O) fld(O) ptlrpc(O) efivarfs obdclass(O) ksocklnd(O) lnet(O) libcfs(O)
00012 CPU: 1 UID: 0 PID: 1744 Comm: llog_process_th Tainted: G        W  O        7.0.0-ktest-f55a92a-6330a45-20260730-dirty #1 PREEMPT 
00012 Tainted: [W]=WARN, [O]=OOT_MODULE
00012 Hardware name: QEMU Standard PC (Q35 + ICH9, 2009), BIOS 2025.11-3ubuntu7 03/31/2026
00012 RIP: 0010:osd_create+0xbf7/0x1000 [osd_wbcfs]
00012 Code: c7 c7 60 a1 7b a1 48 c7 c6 00 63 7d a1 48 c7 c2 80 6c 7d a1 e8 0a ec 43 ff 48 c7 c7 60 a1 7b a1 e8 fe 7b 44 ff e9 9c fb ff ff <0f> 0b e9 35 f9 ff ff 48 c7 c1 80 44 5d a0 80 e1 07 80 c1 03 38 c1
00012 RSP: 0018:ffffc900014d7230 EFLAGS: 00010246
00012 RAX: 0000000000000000 RBX: ffff888118863400 RCX: 0000000000000046
00012 RDX: ffffffff84c44d40 RSI: ffff888029105f08 RDI: ffff88802ce20998
00012 RBP: ffff8881188634e0 R08: 0000000000000001 R09: 0000000000000000
00012 R10: dffffc0000000000 R11: ffffed1005220bc4 R12: dffffc0000000000
00012 R13: 1ffff11005afd892 R14: ffff88802ce207e0 R15: ffff888029105e78
00012 FS:  0000000000000000(0000) GS:ffff8881d4aaa000(0000) knlGS:0000000000000000
00012 CS:  0010 DS: 0000 ES: 0000 CR0: 0000000080050033
00012 CR2: 00007ff7a97e6194 CR3: 000000011bf8c000 CR4: 0000000000750eb0
00012 PKRU: 55555554
00012 Call Trace:
00012  <TASK>
00012  local_object_create+0x109/0x640 [obdclass]
00012  ? dt_write_lock+0x16d/0x2a0 [obdclass]
00012  __local_file_create+0xce4/0x1bc0 [obdclass]
00012  local_index_find_or_create_with_fid+0x20d/0x3c0 [obdclass]
00012  lquota_disk_glb_find_create+0x3e7/0xe50 [lquota]
00012  qmt_pool_prepare+0x5af/0x16f0 [lquota]
00012  qmt_device_prepare+0x22a/0x600 [lquota]
00012  mdt_quota_init+0x1a65/0x3220 [mdt]
00012  ? mdt_tunables_init+0x3e6/0x530 [mdt]
00012  mdt_device_alloc+0x46a6/0x66c0 [mdt]
00012  ? ret_from_fork_asm+0x11/0x20
00012  obd_setup+0x25c/0x950 [obdclass]
00012  class_setup+0xc7d/0x10e0 [obdclass]
00012  class_process_config+0x2edb/0x7cb0 [obdclass]
00012  ? __kasan_kmalloc+0x72/0x80
00012  ? class_config_llog_handler+0x2954/0x4f80 [obdclass]
00012  class_config_llog_handler+0x2cea/0x4f80 [obdclass]
00012  ? lustre_cfg_rec_free+0x350/0x350 [obdclass]
00012  llog_process_thread+0x1fd2/0x4f70 [obdclass]
00012  ? _raw_spin_unlock+0x23/0x40
00012  llog_process_thread_daemonize+0x16d/0x1b0 [obdclass]
00012  kthread+0x2cd/0x3a0
00012  ? llog_process_or_fork+0xc90/0xc90 [obdclass]
00012  ? kthread_unuse_mm+0x130/0x130
00012  ret_from_fork+0x18c/0x520
00012  ? kthread_unuse_mm+0x130/0x130
00012  ret_from_fork_asm+0x11/0x20
00012  </TASK>
00012 ---[ end trace 0000000000000000 ]---
00012 ------------[ cut here ]------------
00012 WARNING: /home/ktest/git/linux/include/linux/fs.h:889 at osd_create+0xbf7/0x1000 [osd_wbcfs], CPU#1: llog_process_th/1744
00012 Modules linked in: mdd(O) lod(O) mdt(O) lquota(O) lfsck(O) mgs(O) osd_wbcfs(O) lustre(O) obdecho(O) mgc(O) mdc(O) lov(O) osc(O) lmv(O) ec(O) fid(O) fld(O) ptlrpc(O) efivarfs obdclass(O) ksocklnd(O) lnet(O) libcfs(O)
00012 CPU: 1 UID: 0 PID: 1744 Comm: llog_process_th Tainted: G        W  O        7.0.0-ktest-f55a92a-6330a45-20260730-dirty #1 PREEMPT 
00012 Tainted: [W]=WARN, [O]=OOT_MODULE
00012 Hardware name: QEMU Standard PC (Q35 + ICH9, 2009), BIOS 2025.11-3ubuntu7 03/31/2026
00012 RIP: 0010:osd_create+0xbf7/0x1000 [osd_wbcfs]
00012 Code: c7 c7 60 a1 7b a1 48 c7 c6 00 63 7d a1 48 c7 c2 80 6c 7d a1 e8 0a ec 43 ff 48 c7 c7 60 a1 7b a1 e8 fe 7b 44 ff e9 9c fb ff ff <0f> 0b e9 35 f9 ff ff 48 c7 c1 80 44 5d a0 80 e1 07 80 c1 03 38 c1
00012 RSP: 0018:ffffc900014d7230 EFLAGS: 00010246
00012 RAX: 0000000000000000 RBX: ffff888118862400 RCX: 0000000000000046
00012 RDX: ffffffff84c44d40 RSI: ffff8880291057f0 RDI: ffff88802ce20998
00012 RBP: ffff8881188624e0 R08: 0000000000000001 R09: 0000000000000000
00012 R10: dffffc0000000000 R11: ffffed1005220ae1 R12: dffffc0000000000
00012 R13: 1ffff11005afd892 R14: ffff88802ce207e0 R15: ffff888029105760
00012 FS:  0000000000000000(0000) GS:ffff8881d4aaa000(0000) knlGS:0000000000000000
00012 CS:  0010 DS: 0000 ES: 0000 CR0: 0000000080050033
00012 CR2: 00007ff7a97e6194 CR3: 000000011bf8c000 CR4: 0000000000750eb0
00012 PKRU: 55555554
00012 Call Trace:
00012  <TASK>
00012  local_object_create+0x109/0x640 [obdclass]
00012  ? dt_write_lock+0x16d/0x2a0 [obdclass]
00012  __local_file_create+0xce4/0x1bc0 [obdclass]
00012  local_index_find_or_create_with_fid+0x20d/0x3c0 [obdclass]
00012  lquota_disk_glb_find_create+0x3e7/0xe50 [lquota]
00012  ? lprocfs_seq_create+0x120/0x340 [obdclass]
00012  qmt_pool_prepare+0x5af/0x16f0 [lquota]
00012  qmt_device_prepare+0x22a/0x600 [lquota]
00012  mdt_quota_init+0x1a65/0x3220 [mdt]
00012  ? mdt_tunables_init+0x3e6/0x530 [mdt]
00012  mdt_device_alloc+0x46a6/0x66c0 [mdt]
00012  ? ret_from_fork_asm+0x11/0x20
00012  obd_setup+0x25c/0x950 [obdclass]
00012  class_setup+0xc7d/0x10e0 [obdclass]
00012  class_process_config+0x2edb/0x7cb0 [obdclass]
00012  ? __kasan_kmalloc+0x72/0x80
00012  ? class_config_llog_handler+0x2954/0x4f80 [obdclass]
00012  class_config_llog_handler+0x2cea/0x4f80 [obdclass]
00012  ? lustre_cfg_rec_free+0x350/0x350 [obdclass]
00012  llog_process_thread+0x1fd2/0x4f70 [obdclass]
00012  ? _raw_spin_unlock+0x23/0x40
00012  llog_process_thread_daemonize+0x16d/0x1b0 [obdclass]
00012  kthread+0x2cd/0x3a0
00012  ? llog_process_or_fork+0xc90/0xc90 [obdclass]
00012  ? kthread_unuse_mm+0x130/0x130
00012  ret_from_fork+0x18c/0x520
00012  ? kthread_unuse_mm+0x130/0x130
00012  ret_from_fork_asm+0x11/0x20
00012  </TASK>
00012 ---[ end trace 0000000000000000 ]---
00012 ------------[ cut here ]------------
00012 WARNING: /home/ktest/git/linux/include/linux/fs.h:889 at osd_create+0xbf7/0x1000 [osd_wbcfs], CPU#1: llog_process_th/1744
00012 Modules linked in: mdd(O) lod(O) mdt(O) lquota(O) lfsck(O) mgs(O) osd_wbcfs(O) lustre(O) obdecho(O) mgc(O) mdc(O) lov(O) osc(O) lmv(O) ec(O) fid(O) fld(O) ptlrpc(O) efivarfs obdclass(O) ksocklnd(O) lnet(O) libcfs(O)
00012 CPU: 1 UID: 0 PID: 1744 Comm: llog_process_th Tainted: G        W  O        7.0.0-ktest-f55a92a-6330a45-20260730-dirty #1 PREEMPT 
00012 Tainted: [W]=WARN, [O]=OOT_MODULE
00012 Hardware name: QEMU Standard PC (Q35 + ICH9, 2009), BIOS 2025.11-3ubuntu7 03/31/2026
00012 RIP: 0010:osd_create+0xbf7/0x1000 [osd_wbcfs]
00012 Code: c7 c7 60 a1 7b a1 48 c7 c6 00 63 7d a1 48 c7 c2 80 6c 7d a1 e8 0a ec 43 ff 48 c7 c7 60 a1 7b a1 e8 fe 7b 44 ff e9 9c fb ff ff <0f> 0b e9 35 f9 ff ff 48 c7 c1 80 44 5d a0 80 e1 07 80 c1 03 38 c1
00012 RSP: 0018:ffffc900014d7230 EFLAGS: 00010246
00012 RAX: 0000000000000000 RBX: ffff888116d5d000 RCX: 0000000000000046
00012 RDX: ffffffff84c44d40 RSI: ffff88800c707b68 RDI: ffff88802ce20998
00012 RBP: ffff888116d5d0e0 R08: 0000000000000001 R09: 0000000000000000
00012 R10: dffffc0000000000 R11: ffffed10018e0f50 R12: dffffc0000000000
00012 R13: 1ffff11005afd892 R14: ffff88802ce207e0 R15: ffff88800c707ad8
00012 FS:  0000000000000000(0000) GS:ffff8881d4aaa000(0000) knlGS:0000000000000000
00012 CS:  0010 DS: 0000 ES: 0000 CR0: 0000000080050033
00012 CR2: 00007ff7a97e6194 CR3: 000000011bf8c000 CR4: 0000000000750eb0
00012 PKRU: 55555554
00012 Call Trace:
00012  <TASK>
00012  local_object_create+0x109/0x640 [obdclass]
00012  ? dt_write_lock+0x16d/0x2a0 [obdclass]
00012  __local_file_create+0xce4/0x1bc0 [obdclass]
00012  local_index_find_or_create_with_fid+0x20d/0x3c0 [obdclass]
00012  lquota_disk_glb_find_create+0x3e7/0xe50 [lquota]
00012  ? lprocfs_seq_create+0x120/0x340 [obdclass]
00012  qmt_pool_prepare+0x5af/0x16f0 [lquota]
00012  qmt_device_prepare+0x22a/0x600 [lquota]
00012  mdt_quota_init+0x1a65/0x3220 [mdt]
00012  ? mdt_tunables_init+0x3e6/0x530 [mdt]
00012  mdt_device_alloc+0x46a6/0x66c0 [mdt]
00012  ? ret_from_fork_asm+0x11/0x20
00012  obd_setup+0x25c/0x950 [obdclass]
00012  class_setup+0xc7d/0x10e0 [obdclass]
00012  class_process_config+0x2edb/0x7cb0 [obdclass]
00012  ? __kasan_kmalloc+0x72/0x80
00012  ? class_config_llog_handler+0x2954/0x4f80 [obdclass]
00012  class_config_llog_handler+0x2cea/0x4f80 [obdclass]
00012  ? lustre_cfg_rec_free+0x350/0x350 [obdclass]
00012  llog_process_thread+0x1fd2/0x4f70 [obdclass]
00012  ? _raw_spin_unlock+0x23/0x40
00012  llog_process_thread_daemonize+0x16d/0x1b0 [obdclass]
00012  kthread+0x2cd/0x3a0
00012  ? llog_process_or_fork+0xc90/0xc90 [obdclass]
00012  ? kthread_unuse_mm+0x130/0x130
00012  ret_from_fork+0x18c/0x520
00012  ? kthread_unuse_mm+0x130/0x130
00012  ret_from_fork_asm+0x11/0x20
00012  </TASK>
00012 ---[ end trace 0000000000000000 ]---
00012 ------------[ cut here ]------------
00012 WARNING: /home/ktest/git/linux/include/linux/fs.h:889 at osd_create+0xbf7/0x1000 [osd_wbcfs], CPU#1: llog_process_th/1744
00012 Modules linked in: mdd(O) lod(O) mdt(O) lquota(O) lfsck(O) mgs(O) osd_wbcfs(O) lustre(O) obdecho(O) mgc(O) mdc(O) lov(O) osc(O) lmv(O) ec(O) fid(O) fld(O) ptlrpc(O) efivarfs obdclass(O) ksocklnd(O) lnet(O) libcfs(O)
00012 CPU: 1 UID: 0 PID: 1744 Comm: llog_process_th Tainted: G        W  O        7.0.0-ktest-f55a92a-6330a45-20260730-dirty #1 PREEMPT 
00012 Tainted: [W]=WARN, [O]=OOT_MODULE
00012 Hardware name: QEMU Standard PC (Q35 + ICH9, 2009), BIOS 2025.11-3ubuntu7 03/31/2026
00012 RIP: 0010:osd_create+0xbf7/0x1000 [osd_wbcfs]
00012 Code: c7 c7 60 a1 7b a1 48 c7 c6 00 63 7d a1 48 c7 c2 80 6c 7d a1 e8 0a ec 43 ff 48 c7 c7 60 a1 7b a1 e8 fe 7b 44 ff e9 9c fb ff ff <0f> 0b e9 35 f9 ff ff 48 c7 c1 80 44 5d a0 80 e1 07 80 c1 03 38 c1
00012 RSP: 0018:ffffc900014d7248 EFLAGS: 00010246
00012 RAX: 0000000000000000 RBX: ffff88811c838c00 RCX: 0000000000000046
00012 RDX: 0000000000000000 RSI: ffff88800c707450 RDI: ffff88802ce20998
00012 RBP: ffff88811c838ce0 R08: ffffffff83a16803 R09: 1ffffffff0742d00
00012 R10: dffffc0000000000 R11: fffffbfff0742d01 R12: dffffc0000000000
00012 R13: 1ffff11005afd892 R14: ffff88802ce207e0 R15: ffff88800c7073c0
00012 FS:  0000000000000000(0000) GS:ffff8881d4aaa000(0000) knlGS:0000000000000000
00012 CS:  0010 DS: 0000 ES: 0000 CR0: 0000000080050033
00012 CR2: 00007ff7a97e6194 CR3: 000000011bf8c000 CR4: 0000000000750eb0
00012 PKRU: 55555554
00012 Call Trace:
00012  <TASK>
00012  local_object_create+0x109/0x640 [obdclass]
00012  ? dt_write_lock+0x16d/0x2a0 [obdclass]
00012  __local_file_create+0xce4/0x1bc0 [obdclass]
00012  local_file_find_or_create+0x13c/0x1d0 [obdclass]
00012  lquota_disk_dir_find_create+0x31f/0xd10 [lquota]
00012  qmt_pool_prepare+0x3ee/0x16f0 [lquota]
00012  qmt_device_prepare+0x22a/0x600 [lquota]
00012  mdt_quota_init+0x1a65/0x3220 [mdt]
00012  ? mdt_tunables_init+0x3e6/0x530 [mdt]
00012  mdt_device_alloc+0x46a6/0x66c0 [mdt]
00012  ? ret_from_fork_asm+0x11/0x20
00012  obd_setup+0x25c/0x950 [obdclass]
00012  class_setup+0xc7d/0x10e0 [obdclass]
00012  class_process_config+0x2edb/0x7cb0 [obdclass]
00012  ? __kasan_kmalloc+0x72/0x80
00012  ? class_config_llog_handler+0x2954/0x4f80 [obdclass]
00012  class_config_llog_handler+0x2cea/0x4f80 [obdclass]
00012  ? lustre_cfg_rec_free+0x350/0x350 [obdclass]
00012  llog_process_thread+0x1fd2/0x4f70 [obdclass]
00012  ? _raw_spin_unlock+0x23/0x40
00012  llog_process_thread_daemonize+0x16d/0x1b0 [obdclass]
00012  kthread+0x2cd/0x3a0
00012  ? llog_process_or_fork+0xc90/0xc90 [obdclass]
00012  ? kthread_unuse_mm+0x130/0x130
00012  ret_from_fork+0x18c/0x520
00012  ? kthread_unuse_mm+0x130/0x130
00012  ret_from_fork_asm+0x11/0x20
00012  </TASK>
00012 ---[ end trace 0000000000000000 ]---
00012 ------------[ cut here ]------------
00012 WARNING: /home/ktest/git/linux/include/linux/fs.h:889 at osd_create+0xbf7/0x1000 [osd_wbcfs], CPU#1: llog_process_th/1744
00012 Modules linked in: mdd(O) lod(O) mdt(O) lquota(O) lfsck(O) mgs(O) osd_wbcfs(O) lustre(O) obdecho(O) mgc(O) mdc(O) lov(O) osc(O) lmv(O) ec(O) fid(O) fld(O) ptlrpc(O) efivarfs obdclass(O) ksocklnd(O) lnet(O) libcfs(O)
00012 CPU: 1 UID: 0 PID: 1744 Comm: llog_process_th Tainted: G        W  O        7.0.0-ktest-f55a92a-6330a45-20260730-dirty #1 PREEMPT 
00012 Tainted: [W]=WARN, [O]=OOT_MODULE
00012 Hardware name: QEMU Standard PC (Q35 + ICH9, 2009), BIOS 2025.11-3ubuntu7 03/31/2026
00012 RIP: 0010:osd_create+0xbf7/0x1000 [osd_wbcfs]
00012 Code: c7 c7 60 a1 7b a1 48 c7 c6 00 63 7d a1 48 c7 c2 80 6c 7d a1 e8 0a ec 43 ff 48 c7 c7 60 a1 7b a1 e8 fe 7b 44 ff e9 9c fb ff ff <0f> 0b e9 35 f9 ff ff 48 c7 c1 80 44 5d a0 80 e1 07 80 c1 03 38 c1
00012 RSP: 0018:ffffc900014d7230 EFLAGS: 00010246
00012 RAX: 0000000000000000 RBX: ffff88811c839400 RCX: 0000000000000046
00012 RDX: ffffffff84c44d40 RSI: ffff88800c706d38 RDI: ffff88802ce20998
00012 RBP: ffff88811c8394e0 R08: 0000000000000001 R09: 0000000000000000
00012 R10: dffffc0000000000 R11: ffffed10018e0d8a R12: dffffc0000000000
00012 R13: 1ffff11005afd892 R14: ffff88802ce207e0 R15: ffff88800c706ca8
00012 FS:  0000000000000000(0000) GS:ffff8881d4aaa000(0000) knlGS:0000000000000000
00012 CS:  0010 DS: 0000 ES: 0000 CR0: 0000000080050033
00012 CR2: 00007ff7a97e6194 CR3: 000000011bf8c000 CR4: 0000000000750eb0
00012 PKRU: 55555554
00012 Call Trace:
00012  <TASK>
00012  local_object_create+0x109/0x640 [obdclass]
00012  ? dt_write_lock+0x16d/0x2a0 [obdclass]
00012  __local_file_create+0xce4/0x1bc0 [obdclass]
00012  local_index_find_or_create_with_fid+0x20d/0x3c0 [obdclass]
00012  lquota_disk_glb_find_create+0x3e7/0xe50 [lquota]
00012  qmt_pool_prepare+0x5af/0x16f0 [lquota]
00012  qmt_device_prepare+0x22a/0x600 [lquota]
00012  mdt_quota_init+0x1a65/0x3220 [mdt]
00012  ? mdt_tunables_init+0x3e6/0x530 [mdt]
00012  mdt_device_alloc+0x46a6/0x66c0 [mdt]
00012  ? ret_from_fork_asm+0x11/0x20
00012  obd_setup+0x25c/0x950 [obdclass]
00012  class_setup+0xc7d/0x10e0 [obdclass]
00012  class_process_config+0x2edb/0x7cb0 [obdclass]
00012  ? __kasan_kmalloc+0x72/0x80
00012  ? class_config_llog_handler+0x2954/0x4f80 [obdclass]
00012  class_config_llog_handler+0x2cea/0x4f80 [obdclass]
00012  ? lustre_cfg_rec_free+0x350/0x350 [obdclass]
00012  llog_process_thread+0x1fd2/0x4f70 [obdclass]
00012  ? _raw_spin_unlock+0x23/0x40
00012  llog_process_thread_daemonize+0x16d/0x1b0 [obdclass]
00012  kthread+0x2cd/0x3a0
00012  ? llog_process_or_fork+0xc90/0xc90 [obdclass]
00012  ? kthread_unuse_mm+0x130/0x130
00012  ret_from_fork+0x18c/0x520
00012  ? kthread_unuse_mm+0x130/0x130
00012  ret_from_fork_asm+0x11/0x20
00012  </TASK>
00012 ---[ end trace 0000000000000000 ]---
00012 ------------[ cut here ]------------
00012 WARNING: /home/ktest/git/linux/include/linux/fs.h:889 at osd_create+0xbf7/0x1000 [osd_wbcfs], CPU#1: llog_process_th/1744
00012 Modules linked in: mdd(O) lod(O) mdt(O) lquota(O) lfsck(O) mgs(O) osd_wbcfs(O) lustre(O) obdecho(O) mgc(O) mdc(O) lov(O) osc(O) lmv(O) ec(O) fid(O) fld(O) ptlrpc(O) efivarfs obdclass(O) ksocklnd(O) lnet(O) libcfs(O)
00012 CPU: 1 UID: 0 PID: 1744 Comm: llog_process_th Tainted: G        W  O        7.0.0-ktest-f55a92a-6330a45-20260730-dirty #1 PREEMPT 
00012 Tainted: [W]=WARN, [O]=OOT_MODULE
00012 Hardware name: QEMU Standard PC (Q35 + ICH9, 2009), BIOS 2025.11-3ubuntu7 03/31/2026
00012 RIP: 0010:osd_create+0xbf7/0x1000 [osd_wbcfs]
00012 Code: c7 c7 60 a1 7b a1 48 c7 c6 00 63 7d a1 48 c7 c2 80 6c 7d a1 e8 0a ec 43 ff 48 c7 c7 60 a1 7b a1 e8 fe 7b 44 ff e9 9c fb ff ff <0f> 0b e9 35 f9 ff ff 48 c7 c1 80 44 5d a0 80 e1 07 80 c1 03 38 c1
00012 RSP: 0018:ffffc900014d7230 EFLAGS: 00010246
00012 RAX: 0000000000000000 RBX: ffff88810132e000 RCX: 0000000000000046
00012 RDX: ffffffff84c44d40 RSI: ffff88800c706620 RDI: ffff88802ce20998
00012 RBP: ffff88810132e0e0 R08: 0000000000000001 R09: 0000000000000000
00012 R10: dffffc0000000000 R11: ffffed10018e0ca7 R12: dffffc0000000000
00012 R13: 1ffff11005afd892 R14: ffff88802ce207e0 R15: ffff88800c706590
00012 FS:  0000000000000000(0000) GS:ffff8881d4aaa000(0000) knlGS:0000000000000000
00012 CS:  0010 DS: 0000 ES: 0000 CR0: 0000000080050033
00012 CR2: 00007ff7a97e6194 CR3: 000000011bf8c000 CR4: 0000000000750eb0
00012 PKRU: 55555554
00012 Call Trace:
00012  <TASK>
00012  local_object_create+0x109/0x640 [obdclass]
00012  ? dt_write_lock+0x16d/0x2a0 [obdclass]
00012  __local_file_create+0xce4/0x1bc0 [obdclass]
00012  local_index_find_or_create_with_fid+0x20d/0x3c0 [obdclass]
00012  lquota_disk_glb_find_create+0x3e7/0xe50 [lquota]
00012  ? lprocfs_seq_create+0x120/0x340 [obdclass]
00012  qmt_pool_prepare+0x5af/0x16f0 [lquota]
00012  qmt_device_prepare+0x22a/0x600 [lquota]
00012  mdt_quota_init+0x1a65/0x3220 [mdt]
00012  ? mdt_tunables_init+0x3e6/0x530 [mdt]
00012  mdt_device_alloc+0x46a6/0x66c0 [mdt]
00012  ? ret_from_fork_asm+0x11/0x20
00012  obd_setup+0x25c/0x950 [obdclass]
00012  class_setup+0xc7d/0x10e0 [obdclass]
00012  class_process_config+0x2edb/0x7cb0 [obdclass]
00012  ? __kasan_kmalloc+0x72/0x80
00012  ? class_config_llog_handler+0x2954/0x4f80 [obdclass]
00012  class_config_llog_handler+0x2cea/0x4f80 [obdclass]
00012  ? lustre_cfg_rec_free+0x350/0x350 [obdclass]
00012  llog_process_thread+0x1fd2/0x4f70 [obdclass]
00012  ? _raw_spin_unlock+0x23/0x40
00012  llog_process_thread_daemonize+0x16d/0x1b0 [obdclass]
00012  kthread+0x2cd/0x3a0
00012  ? llog_process_or_fork+0xc90/0xc90 [obdclass]
00012  ? kthread_unuse_mm+0x130/0x130
00012  ret_from_fork+0x18c/0x520
00012  ? kthread_unuse_mm+0x130/0x130
00012  ret_from_fork_asm+0x11/0x20
00012  </TASK>
00012 ---[ end trace 0000000000000000 ]---
00012 ------------[ cut here ]------------
00012 WARNING: /home/ktest/git/linux/include/linux/fs.h:889 at osd_create+0xbf7/0x1000 [osd_wbcfs], CPU#1: llog_process_th/1744
00012 Modules linked in: mdd(O) lod(O) mdt(O) lquota(O) lfsck(O) mgs(O) osd_wbcfs(O) lustre(O) obdecho(O) mgc(O) mdc(O) lov(O) osc(O) lmv(O) ec(O) fid(O) fld(O) ptlrpc(O) efivarfs obdclass(O) ksocklnd(O) lnet(O) libcfs(O)
00012 CPU: 1 UID: 0 PID: 1744 Comm: llog_process_th Tainted: G        W  O        7.0.0-ktest-f55a92a-6330a45-20260730-dirty #1 PREEMPT 
00012 Tainted: [W]=WARN, [O]=OOT_MODULE
00012 Hardware name: QEMU Standard PC (Q35 + ICH9, 2009), BIOS 2025.11-3ubuntu7 03/31/2026
00012 RIP: 0010:osd_create+0xbf7/0x1000 [osd_wbcfs]
00012 Code: c7 c7 60 a1 7b a1 48 c7 c6 00 63 7d a1 48 c7 c2 80 6c 7d a1 e8 0a ec 43 ff 48 c7 c7 60 a1 7b a1 e8 fe 7b 44 ff e9 9c fb ff ff <0f> 0b e9 35 f9 ff ff 48 c7 c1 80 44 5d a0 80 e1 07 80 c1 03 38 c1
00012 RSP: 0018:ffffc900014d7230 EFLAGS: 00010246
00012 RAX: 0000000000000000 RBX: ffff88811c338c00 RCX: 0000000000000046
00012 RDX: ffffffff84c44d40 RSI: ffff88800c705f08 RDI: ffff88802ce20998
00012 RBP: ffff88811c338ce0 R08: 0000000000000001 R09: 0000000000000000
00012 R10: dffffc0000000000 R11: ffffed10018e0bc4 R12: dffffc0000000000
00012 R13: 1ffff11005afd892 R14: ffff88802ce207e0 R15: ffff88800c705e78
00012 FS:  0000000000000000(0000) GS:ffff8881d4aaa000(0000) knlGS:0000000000000000
00012 CS:  0010 DS: 0000 ES: 0000 CR0: 0000000080050033
00012 CR2: 00007ff7a97e6194 CR3: 000000011bf8c000 CR4: 0000000000750eb0
00012 PKRU: 55555554
00012 Call Trace:
00012  <TASK>
00012  local_object_create+0x109/0x640 [obdclass]
00012  ? dt_write_lock+0x16d/0x2a0 [obdclass]
00012  __local_file_create+0xce4/0x1bc0 [obdclass]
00012  local_index_find_or_create_with_fid+0x20d/0x3c0 [obdclass]
00012  lquota_disk_glb_find_create+0x3e7/0xe50 [lquota]
00012  ? lprocfs_seq_create+0x120/0x340 [obdclass]
00012  qmt_pool_prepare+0x5af/0x16f0 [lquota]
00012  qmt_device_prepare+0x22a/0x600 [lquota]
00012  mdt_quota_init+0x1a65/0x3220 [mdt]
00012  ? mdt_tunables_init+0x3e6/0x530 [mdt]
00012  mdt_device_alloc+0x46a6/0x66c0 [mdt]
00012  ? ret_from_fork_asm+0x11/0x20
00012  obd_setup+0x25c/0x950 [obdclass]
00012  class_setup+0xc7d/0x10e0 [obdclass]
00012  class_process_config+0x2edb/0x7cb0 [obdclass]
00012  ? __kasan_kmalloc+0x72/0x80
00012  ? class_config_llog_handler+0x2954/0x4f80 [obdclass]
00012  class_config_llog_handler+0x2cea/0x4f80 [obdclass]
00012  ? lustre_cfg_rec_free+0x350/0x350 [obdclass]
00012  llog_process_thread+0x1fd2/0x4f70 [obdclass]
00012  ? _raw_spin_unlock+0x23/0x40
00012  llog_process_thread_daemonize+0x16d/0x1b0 [obdclass]
00012  kthread+0x2cd/0x3a0
00012  ? llog_process_or_fork+0xc90/0xc90 [obdclass]
00012  ? kthread_unuse_mm+0x130/0x130
00012  ret_from_fork+0x18c/0x520
00012  ? kthread_unuse_mm+0x130/0x130
00012  ret_from_fork_asm+0x11/0x20
00012  </TASK>
00012 ---[ end trace 0000000000000000 ]---
00012 ------------[ cut here ]------------
00012 WARNING: /home/ktest/git/linux/include/linux/fs.h:889 at osd_create+0xbf7/0x1000 [osd_wbcfs], CPU#3: ll_mgs_0000/1719
00012 Modules linked in: osp(O) mdd(O) lod(O) mdt(O) lquota(O) lfsck(O) mgs(O) osd_wbcfs(O) lustre(O) obdecho(O) mgc(O) mdc(O) lov(O) osc(O) lmv(O) ec(O) fid(O) fld(O) ptlrpc(O) efivarfs obdclass(O) ksocklnd(O) lnet(O) libcfs(O)
00012 CPU: 3 UID: 0 PID: 1719 Comm: ll_mgs_0000 Tainted: G        W  O        7.0.0-ktest-f55a92a-6330a45-20260730-dirty #1 PREEMPT 
00012 Tainted: [W]=WARN, [O]=OOT_MODULE
00012 Hardware name: QEMU Standard PC (Q35 + ICH9, 2009), BIOS 2025.11-3ubuntu7 03/31/2026
00012 RIP: 0010:osd_create+0xbf7/0x1000 [osd_wbcfs]
00012 Code: c7 c7 60 a1 7b a1 48 c7 c6 00 63 7d a1 48 c7 c2 80 6c 7d a1 e8 0a ec 43 ff 48 c7 c7 60 a1 7b a1 e8 fe 7b 44 ff e9 9c fb ff ff <0f> 0b e9 35 f9 ff ff 48 c7 c1 80 44 5d a0 80 e1 07 80 c1 03 38 c1
00012 RSP: 0018:ffffc900013976d8 EFLAGS: 00010246
00012 RAX: 0000000000000000 RBX: ffff8881344e0800 RCX: 0000000000000046
00012 RDX: 0000000000000000 RSI: ffff888025ed50d8 RDI: ffff88811c3f4b68
00012 RBP: ffff8881344e08e0 R08: ffffffff83a16803 R09: 1ffffffff0742d00
00012 R10: dffffc0000000000 R11: fffffbfff0742d01 R12: dffffc0000000000
00012 R13: 1ffff11004933a92 R14: ffff88811c3f4960 R15: ffff888025ed5048
00012 FS:  0000000000000000(0000) GS:ffff8881d4baa000(0000) knlGS:0000000000000000
00012 CS:  0010 DS: 0000 ES: 0000 CR0: 0000000080050033
00012 CR2: 00007f7444997b68 CR3: 000000011a5bc000 CR4: 0000000000750eb0
00012 PKRU: 55555554
00012 Call Trace:
00012  <TASK>
00012  local_object_create+0x109/0x640 [obdclass]
00012  ? dt_write_lock+0x16d/0x2a0 [obdclass]
00012  __local_file_create+0xce4/0x1bc0 [obdclass]
00012  local_file_find_or_create+0x13c/0x1d0 [obdclass]
00012  mgs_ir_update+0x1ce1/0x3850 [mgs]
00012  mgs_target_reg+0xd98/0x4480 [mgs]
00012  tgt_request_handle+0x23ad/0x3d30 [ptlrpc]
00012  ptlrpc_main+0x6359/0x96f0 [ptlrpc]
00012  ? __kthread_parkme+0x73/0x130
00012  kthread+0x2cd/0x3a0
00012  ? ptlrpc_start_thread+0x1f10/0x1f10 [ptlrpc]
00012  ? kthread_unuse_mm+0x130/0x130
00012  ret_from_fork+0x18c/0x520
00012  ? kthread_unuse_mm+0x130/0x130
00012  ret_from_fork_asm+0x11/0x20
00012  </TASK>
00012 ---[ end trace 0000000000000000 ]---
00012 Lustre: lustre-MDT0000: Imperative Recovery not enabled, recovery window 300-900
00012 Lustre: ctl-lustre-MDT0000: super-sequence allocation rc = 0 [0x0000000200000400-0x0000000240000400]:0:mdt
00012 ------------[ cut here ]------------
00012 WARNING: /home/ktest/git/linux/include/linux/fs.h:889 at osd_create+0xbf7/0x1000 [osd_wbcfs], CPU#0: lod0000_rec0000/1755
00012 Modules linked in: osp(O) mdd(O) lod(O) mdt(O) lquota(O) lfsck(O) mgs(O) osd_wbcfs(O) lustre(O) obdecho(O) mgc(O) mdc(O) lov(O) osc(O) lmv(O) ec(O) fid(O) fld(O) ptlrpc(O) efivarfs obdclass(O) ksocklnd(O) lnet(O) libcfs(O)
00012 CPU: 0 UID: 0 PID: 1755 Comm: lod0000_rec0000 Tainted: G        W  O        7.0.0-ktest-f55a92a-6330a45-20260730-dirty #1 PREEMPT 
00012 Tainted: [W]=WARN, [O]=OOT_MODULE
00012 Hardware name: QEMU Standard PC (Q35 + ICH9, 2009), BIOS 2025.11-3ubuntu7 03/31/2026
00012 RIP: 0010:osd_create+0xbf7/0x1000 [osd_wbcfs]
00012 Code: c7 c7 60 a1 7b a1 48 c7 c6 00 63 7d a1 48 c7 c2 80 6c 7d a1 e8 0a ec 43 ff 48 c7 c7 60 a1 7b a1 e8 fe 7b 44 ff e9 9c fb ff ff <0f> 0b e9 35 f9 ff ff 48 c7 c1 80 44 5d a0 80 e1 07 80 c1 03 38 c1
00012 RSP: 0018:ffffc90001277b28 EFLAGS: 00010246
00012 RAX: 0000000000000000 RBX: ffff888135acd800 RCX: 0000000000000046
00012 RDX: 0000000000000000 RSI: ffff88802e472648 RDI: ffff88803a4b2a58
00012 RBP: ffff888135acd8e0 R08: ffffffff83a16803 R09: 1ffffffff0742d00
00012 R10: dffffc0000000000 R11: fffffbfff0742d01 R12: dffffc0000000000
00012 R13: 1ffff110268b198f R14: ffff88803a4b28a0 R15: ffff88802e4725b8
00012 FS:  0000000000000000(0000) GS:ffff8881d4a2a000(0000) knlGS:0000000000000000
00012 CS:  0010 DS: 0000 ES: 0000 CR0: 0000000080050033
00012 CR2: 00007fbf409e6194 CR3: 0000000004274000 CR4: 0000000000750eb0
00012 PKRU: 55555554
00012 Call Trace:
00012  <TASK>
00012  llog_osd_create+0x605/0x10d0 [obdclass]
00012  llog_create+0x2ed/0x530 [obdclass]
00012  llog_open_create+0x6e7/0xb30 [obdclass]
00012  lod_sub_prep_llog+0xdfd/0x1b40 [lod]
00012  lod_sub_recovery_thread+0x316/0x18d0 [lod]
00012  ? __kthread_parkme+0x73/0x130
00012  kthread+0x2cd/0x3a0
00012  ? lod_sub_init_llog+0x1180/0x1180 [lod]
00012  ? kthread_unuse_mm+0x130/0x130
00012  ret_from_fork+0x18c/0x520
00012  ? kthread_unuse_mm+0x130/0x130
00012  ret_from_fork_asm+0x11/0x20
00012  </TASK>
00012 ---[ end trace 0000000000000000 ]---
00012 ------------[ cut here ]------------
00012 WARNING: /home/ktest/git/linux/include/linux/fs.h:889 at osd_create+0xbf7/0x1000 [osd_wbcfs], CPU#1: ll_mgs_0000/1719
00012 Modules linked in: osp(O) mdd(O) lod(O) mdt(O) lquota(O) lfsck(O) mgs(O) osd_wbcfs(O) lustre(O) obdecho(O) mgc(O) mdc(O) lov(O) osc(O) lmv(O) ec(O) fid(O) fld(O) ptlrpc(O) efivarfs obdclass(O) ksocklnd(O) lnet(O) libcfs(O)
00012 CPU: 1 UID: 0 PID: 1719 Comm: ll_mgs_0000 Tainted: G        W  O        7.0.0-ktest-f55a92a-6330a45-20260730-dirty #1 PREEMPT 
00012 Tainted: [W]=WARN, [O]=OOT_MODULE
00012 Hardware name: QEMU Standard PC (Q35 + ICH9, 2009), BIOS 2025.11-3ubuntu7 03/31/2026
00012 RIP: 0010:osd_create+0xbf7/0x1000 [osd_wbcfs]
00012 Code: c7 c7 60 a1 7b a1 48 c7 c6 00 63 7d a1 48 c7 c2 80 6c 7d a1 e8 0a ec 43 ff 48 c7 c7 60 a1 7b a1 e8 fe 7b 44 ff e9 9c fb ff ff <0f> 0b e9 35 f9 ff ff 48 c7 c1 80 44 5d a0 80 e1 07 80 c1 03 38 c1
00012 RSP: 0018:ffffc90001397660 EFLAGS: 00010246
00012 RAX: 0000000000000000 RBX: ffff888133ccf800 RCX: 0000000000000046
00012 RDX: 0000000000000000 RSI: ffff88800c7057f0 RDI: ffff88811c3f4b68
00012 RBP: ffff888133ccf8e0 R08: ffffffff83a16803 R09: 1ffffffff0742d00
00012 R10: dffffc0000000000 R11: fffffbfff0742d01 R12: dffffc0000000000
00012 R13: 1ffff1102685a00f R14: ffff88811c3f4960 R15: ffff88800c705760
00012 FS:  0000000000000000(0000) GS:ffff8881d4aaa000(0000) knlGS:0000000000000000
00012 CS:  0010 DS: 0000 ES: 0000 CR0: 0000000080050033
00012 CR2: 000055a2671d4e60 CR3: 000000011bf8c000 CR4: 0000000000750eb0
00012 PKRU: 55555554
00012 Call Trace:
00012  <TASK>
00012  local_object_create+0x109/0x640 [obdclass]
00012  ? dt_write_lock+0x16d/0x2a0 [obdclass]
00012  llog_osd_create+0x356/0x10d0 [obdclass]
00012  llog_create+0x2ed/0x530 [obdclass]
00012  llog_open_create+0x6e7/0xb30 [obdclass]
00012  record_start_log+0x348/0xa40 [mgs]
00012  mgs_write_log_lov+0x3ac/0xde0 [mgs]
00012  mgs_write_log_target+0x17a4/0x6ab0 [mgs]
00012  mgs_target_reg+0x254e/0x4480 [mgs]
00012  tgt_request_handle+0x23ad/0x3d30 [ptlrpc]
00012  ptlrpc_main+0x6359/0x96f0 [ptlrpc]
00012  ? __kthread_parkme+0x73/0x130
00012  kthread+0x2cd/0x3a0
00012  ? ptlrpc_start_thread+0x1f10/0x1f10 [ptlrpc]
00012  ? kthread_unuse_mm+0x130/0x130
00012  ret_from_fork+0x18c/0x520
00012  ? kthread_unuse_mm+0x130/0x130
00012  ret_from_fork_asm+0x11/0x20
00012  </TASK>
00012 ---[ end trace 0000000000000000 ]---
00012 ------------[ cut here ]------------
00012 WARNING: /home/ktest/git/linux/include/linux/fs.h:889 at osd_create+0xbf7/0x1000 [osd_wbcfs], CPU#2: llog_process_th/1761
00012 Modules linked in: osp(O) mdd(O) lod(O) mdt(O) lquota(O) lfsck(O) mgs(O) osd_wbcfs(O) lustre(O) obdecho(O) mgc(O) mdc(O) lov(O) osc(O) lmv(O) ec(O) fid(O) fld(O) ptlrpc(O) efivarfs obdclass(O) ksocklnd(O) lnet(O) libcfs(O)
00012 CPU: 2 UID: 0 PID: 1761 Comm: llog_process_th Tainted: G        W  O        7.0.0-ktest-f55a92a-6330a45-20260730-dirty #1 PREEMPT 
00012 Tainted: [W]=WARN, [O]=OOT_MODULE
00012 Hardware name: QEMU Standard PC (Q35 + ICH9, 2009), BIOS 2025.11-3ubuntu7 03/31/2026
00012 RIP: 0010:osd_create+0xbf7/0x1000 [osd_wbcfs]
00012 Code: c7 c7 60 a1 7b a1 48 c7 c6 00 63 7d a1 48 c7 c2 80 6c 7d a1 e8 0a ec 43 ff 48 c7 c7 60 a1 7b a1 e8 fe 7b 44 ff e9 9c fb ff ff <0f> 0b e9 35 f9 ff ff 48 c7 c1 80 44 5d a0 80 e1 07 80 c1 03 38 c1
00012 RSP: 0018:ffffc90000aa7428 EFLAGS: 00010246
00012 RAX: 0000000000000000 RBX: ffff888133037000 RCX: 0000000000000046
00012 RDX: ffffffff84c44d40 RSI: ffff88813529bb90 RDI: ffff88802e47cb18
00012 RBP: ffff8881330370e0 R08: 0000000000000001 R09: 0000000000000000
00012 R10: dffffc0000000000 R11: ffffed1026a53755 R12: dffffc0000000000
00012 R13: 1ffff92000154ebf R14: ffff88802e47c960 R15: ffff88813529bb00
00012 FS:  0000000000000000(0000) GS:ffff8881d4b2a000(0000) knlGS:0000000000000000
00012 CS:  0010 DS: 0000 ES: 0000 CR0: 0000000080050033
00012 CR2: 00007f42257e6194 CR3: 000000013521f000 CR4: 0000000000750eb0
00012 PKRU: 55555554
00012 Call Trace:
00012  <TASK>
00012  dt_find_or_create+0x81a/0x1170 [obdclass]
00012  fld_index_init+0x404/0x1610 [fld]
00012  ? is_module_address+0x1b/0x70
00012  ? is_module_address+0x5e/0x70
00012  ? __asan_memset+0x22/0x40
00012  fld_server_init+0x1d7/0x580 [fld]
00012  mdt_device_alloc+0x36b4/0x66c0 [mdt]
00012  ? __alloc_tagging_slab_alloc_hook+0x136/0x190
00012  obd_setup+0x25c/0x950 [obdclass]
00012  class_setup+0xc7d/0x10e0 [obdclass]
00012  class_process_config+0x2edb/0x7cb0 [obdclass]
00012  ? __kasan_kmalloc+0x72/0x80
00012  ? class_config_llog_handler+0x2954/0x4f80 [obdclass]
00012  class_config_llog_handler+0x2cea/0x4f80 [obdclass]
00012  ? lustre_cfg_rec_free+0x350/0x350 [obdclass]
00012  llog_process_thread+0x1fd2/0x4f70 [obdclass]
00012  ? _raw_spin_unlock+0x23/0x40
00012  llog_process_thread_daemonize+0x16d/0x1b0 [obdclass]
00012  kthread+0x2cd/0x3a0
00012  ? llog_process_or_fork+0xc90/0xc90 [obdclass]
00012  ? kthread_unuse_mm+0x130/0x130
00012  ret_from_fork+0x18c/0x520
00012  ? kthread_unuse_mm+0x130/0x130
00012  ret_from_fork_asm+0x11/0x20
00012  </TASK>
00012 ---[ end trace 0000000000000000 ]---
00012 ------------[ cut here ]------------
00012 WARNING: /home/ktest/git/linux/include/linux/fs.h:889 at osd_create+0xbf7/0x1000 [osd_wbcfs], CPU#2: llog_process_th/1761
00012 Modules linked in: osp(O) mdd(O) lod(O) mdt(O) lquota(O) lfsck(O) mgs(O) osd_wbcfs(O) lustre(O) obdecho(O) mgc(O) mdc(O) lov(O) osc(O) lmv(O) ec(O) fid(O) fld(O) ptlrpc(O) efivarfs obdclass(O) ksocklnd(O) lnet(O) libcfs(O)
00012 CPU: 2 UID: 0 PID: 1761 Comm: llog_process_th Tainted: G        W  O        7.0.0-ktest-f55a92a-6330a45-20260730-dirty #1 PREEMPT 
00012 Tainted: [W]=WARN, [O]=OOT_MODULE
00012 Hardware name: QEMU Standard PC (Q35 + ICH9, 2009), BIOS 2025.11-3ubuntu7 03/31/2026
00012 RIP: 0010:osd_create+0xbf7/0x1000 [osd_wbcfs]
00012 Code: c7 c7 60 a1 7b a1 48 c7 c6 00 63 7d a1 48 c7 c2 80 6c 7d a1 e8 0a ec 43 ff 48 c7 c7 60 a1 7b a1 e8 fe 7b 44 ff e9 9c fb ff ff <0f> 0b e9 35 f9 ff ff 48 c7 c1 80 44 5d a0 80 e1 07 80 c1 03 38 c1
00012 RSP: 0018:ffffc90000aa7408 EFLAGS: 00010246
00012 RAX: 0000000000000000 RBX: ffff888133034400 RCX: 0000000000000046
00012 RDX: 0000000000000000 RSI: ffff88813529b478 RDI: ffff88802e47cb18
00012 RBP: ffff8881330344e0 R08: ffffffff83a16803 R09: 1ffffffff0742d00
00012 R10: dffffc0000000000 R11: fffffbfff0742d01 R12: dffffc0000000000
00012 R13: 1ffff92000154ea4 R14: ffff88802e47c960 R15: ffff88813529b3e8
00012 FS:  0000000000000000(0000) GS:ffff8881d4b2a000(0000) knlGS:0000000000000000
00012 CS:  0010 DS: 0000 ES: 0000 CR0: 0000000080050033
00012 CR2: 00007f42257e6194 CR3: 000000013521f000 CR4: 0000000000750eb0
00012 PKRU: 55555554
00012 Call Trace:
00012  <TASK>
00012  dt_find_or_create+0x81a/0x1170 [obdclass]
00012  seq_store_init+0x155/0x360 [fid]
00012  seq_server_init+0x290/0xba0 [fid]
00012  mdt_seq_init+0x2c1/0x1ef0 [mdt]
00012  ? fld_server_init+0x34e/0x580 [fld]
00012  mdt_device_alloc+0x39c5/0x66c0 [mdt]
00012  ? __alloc_tagging_slab_alloc_hook+0x136/0x190
00012  obd_setup+0x25c/0x950 [obdclass]
00012  class_setup+0xc7d/0x10e0 [obdclass]
00012  class_process_config+0x2edb/0x7cb0 [obdclass]
00012  ? __kasan_kmalloc+0x72/0x80
00012  ? class_config_llog_handler+0x2954/0x4f80 [obdclass]
00012  class_config_llog_handler+0x2cea/0x4f80 [obdclass]
00012  ? lustre_cfg_rec_free+0x350/0x350 [obdclass]
00012  llog_process_thread+0x1fd2/0x4f70 [obdclass]
00012  ? _raw_spin_unlock+0x23/0x40
00012  llog_process_thread_daemonize+0x16d/0x1b0 [obdclass]
00012  kthread+0x2cd/0x3a0
00012  ? llog_process_or_fork+0xc90/0xc90 [obdclass]
00012  ? kthread_unuse_mm+0x130/0x130
00012  ret_from_fork+0x18c/0x520
00012  ? kthread_unuse_mm+0x130/0x130
00012  ret_from_fork_asm+0x11/0x20
00012  </TASK>
00012 ---[ end trace 0000000000000000 ]---
00012 ------------[ cut here ]------------
00012 WARNING: /home/ktest/git/linux/include/linux/fs.h:889 at osd_create+0xbf7/0x1000 [osd_wbcfs], CPU#2: llog_process_th/1761
00012 Modules linked in: osp(O) mdd(O) lod(O) mdt(O) lquota(O) lfsck(O) mgs(O) osd_wbcfs(O) lustre(O) obdecho(O) mgc(O) mdc(O) lov(O) osc(O) lmv(O) ec(O) fid(O) fld(O) ptlrpc(O) efivarfs obdclass(O) ksocklnd(O) lnet(O) libcfs(O)
00012 CPU: 2 UID: 0 PID: 1761 Comm: llog_process_th Tainted: G        W  O        7.0.0-ktest-f55a92a-6330a45-20260730-dirty #1 PREEMPT 
00012 Tainted: [W]=WARN, [O]=OOT_MODULE
00012 Hardware name: QEMU Standard PC (Q35 + ICH9, 2009), BIOS 2025.11-3ubuntu7 03/31/2026
00012 RIP: 0010:osd_create+0xbf7/0x1000 [osd_wbcfs]
00012 Code: c7 c7 60 a1 7b a1 48 c7 c6 00 63 7d a1 48 c7 c2 80 6c 7d a1 e8 0a ec 43 ff 48 c7 c7 60 a1 7b a1 e8 fe 7b 44 ff e9 9c fb ff ff <0f> 0b e9 35 f9 ff ff 48 c7 c1 80 44 5d a0 80 e1 07 80 c1 03 38 c1
00012 RSP: 0018:ffffc90000aa7448 EFLAGS: 00010246
00012 RAX: 0000000000000000 RBX: ffff888133037c00 RCX: 0000000000000046
00012 RDX: 0000000000000000 RSI: ffff88813529ad60 RDI: ffff88802e47cb18
00012 RBP: ffff888133037ce0 R08: ffffffff83a16803 R09: 1ffffffff0742d00
00012 R10: dffffc0000000000 R11: fffffbfff0742d01 R12: dffffc0000000000
00012 R13: 1ffff92000154ec9 R14: ffff88802e47c960 R15: ffff88813529acd0
00012 FS:  0000000000000000(0000) GS:ffff8881d4b2a000(0000) knlGS:0000000000000000
00012 CS:  0010 DS: 0000 ES: 0000 CR0: 0000000080050033
00012 CR2: 00007f42257e6194 CR3: 000000013521f000 CR4: 0000000000750eb0
00012 PKRU: 55555554
00012 Call Trace:
00012  <TASK>
00012  dt_find_or_create+0x81a/0x1170 [obdclass]
00012  tgt_init+0xb72/0x2a60 [ptlrpc]
00012  mdt_device_alloc+0x3ce7/0x66c0 [mdt]
00012  ? __alloc_tagging_slab_alloc_hook+0x136/0x190
00012  obd_setup+0x25c/0x950 [obdclass]
00012  class_setup+0xc7d/0x10e0 [obdclass]
00012  class_process_config+0x2edb/0x7cb0 [obdclass]
00012  ? __kasan_kmalloc+0x72/0x80
00012  ? class_config_llog_handler+0x2954/0x4f80 [obdclass]
00012  class_config_llog_handler+0x2cea/0x4f80 [obdclass]
00012  ? lustre_cfg_rec_free+0x350/0x350 [obdclass]
00012  llog_process_thread+0x1fd2/0x4f70 [obdclass]
00012  ? _raw_spin_unlock+0x23/0x40
00012  llog_process_thread_daemonize+0x16d/0x1b0 [obdclass]
00012  kthread+0x2cd/0x3a0
00012  ? llog_process_or_fork+0xc90/0xc90 [obdclass]
00012  ? kthread_unuse_mm+0x130/0x130
00012  ret_from_fork+0x18c/0x520
00012  ? kthread_unuse_mm+0x130/0x130
00012  ret_from_fork_asm+0x11/0x20
00012  </TASK>
00012 ---[ end trace 0000000000000000 ]---
00012 ------------[ cut here ]------------
00012 WARNING: /home/ktest/git/linux/include/linux/fs.h:889 at osd_create+0xbf7/0x1000 [osd_wbcfs], CPU#2: llog_process_th/1761
00012 Modules linked in: osp(O) mdd(O) lod(O) mdt(O) lquota(O) lfsck(O) mgs(O) osd_wbcfs(O) lustre(O) obdecho(O) mgc(O) mdc(O) lov(O) osc(O) lmv(O) ec(O) fid(O) fld(O) ptlrpc(O) efivarfs obdclass(O) ksocklnd(O) lnet(O) libcfs(O)
00012 CPU: 2 UID: 0 PID: 1761 Comm: llog_process_th Tainted: G        W  O        7.0.0-ktest-f55a92a-6330a45-20260730-dirty #1 PREEMPT 
00012 Tainted: [W]=WARN, [O]=OOT_MODULE
00012 Hardware name: QEMU Standard PC (Q35 + ICH9, 2009), BIOS 2025.11-3ubuntu7 03/31/2026
00012 RIP: 0010:osd_create+0xbf7/0x1000 [osd_wbcfs]
00012 Code: c7 c7 60 a1 7b a1 48 c7 c6 00 63 7d a1 48 c7 c2 80 6c 7d a1 e8 0a ec 43 ff 48 c7 c7 60 a1 7b a1 e8 fe 7b 44 ff e9 9c fb ff ff <0f> 0b e9 35 f9 ff ff 48 c7 c1 80 44 5d a0 80 e1 07 80 c1 03 38 c1
00012 RSP: 0018:ffffc90000aa7448 EFLAGS: 00010246
00012 RAX: 0000000000000000 RBX: ffff88811bb9ac00 RCX: 0000000000000046
00012 RDX: 0000000000000000 RSI: ffff88802e3150d8 RDI: ffff88802e47cb18
00012 RBP: ffff88811bb9ace0 R08: ffffffff83a16803 R09: 1ffffffff0742d00
00012 R10: dffffc0000000000 R11: fffffbfff0742d01 R12: dffffc0000000000
00012 R13: 1ffff92000154ec9 R14: ffff88802e47c960 R15: ffff88802e315048
00012 FS:  0000000000000000(0000) GS:ffff8881d4b2a000(0000) knlGS:0000000000000000
00012 CS:  0010 DS: 0000 ES: 0000 CR0: 0000000080050033
00012 CR2: 00007f42257e6194 CR3: 000000013521f000 CR4: 0000000000750eb0
00012 PKRU: 55555554
00012 Call Trace:
00012  <TASK>
00012  dt_find_or_create+0x81a/0x1170 [obdclass]
00012  tgt_init+0x1a98/0x2a60 [ptlrpc]
00012  mdt_device_alloc+0x3ce7/0x66c0 [mdt]
00012  ? __alloc_tagging_slab_alloc_hook+0x136/0x190
00012  obd_setup+0x25c/0x950 [obdclass]
00012  class_setup+0xc7d/0x10e0 [obdclass]
00012  class_process_config+0x2edb/0x7cb0 [obdclass]
00012  ? __kasan_kmalloc+0x72/0x80
00012  ? class_config_llog_handler+0x2954/0x4f80 [obdclass]
00012  class_config_llog_handler+0x2cea/0x4f80 [obdclass]
00012  ? lustre_cfg_rec_free+0x350/0x350 [obdclass]
00012  llog_process_thread+0x1fd2/0x4f70 [obdclass]
00012  ? _raw_spin_unlock+0x23/0x40
00012  llog_process_thread_daemonize+0x16d/0x1b0 [obdclass]
00012  kthread+0x2cd/0x3a0
00012  ? llog_process_or_fork+0xc90/0xc90 [obdclass]
00012  ? kthread_unuse_mm+0x130/0x130
00012  ret_from_fork+0x18c/0x520
00012  ? kthread_unuse_mm+0x130/0x130
00012  ret_from_fork_asm+0x11/0x20
00012  </TASK>
00012 ---[ end trace 0000000000000000 ]---
00012 Lustre: cli-ctl-lustre-MDT0001: Allocated super-sequence [0x0000000240000400-0x0000000280000400]:1:mdt]
00012 ------------[ cut here ]------------
00012 WARNING: /home/ktest/git/linux/include/linux/fs.h:889 at osd_create+0xbf7/0x1000 [osd_wbcfs], CPU#0: lod0001_rec0001/1770
00012 Modules linked in: osp(O) mdd(O) lod(O) mdt(O) lquota(O) lfsck(O) mgs(O) osd_wbcfs(O) lustre(O) obdecho(O) mgc(O) mdc(O) lov(O) osc(O) lmv(O) ec(O) fid(O) fld(O) ptlrpc(O) efivarfs obdclass(O) ksocklnd(O) lnet(O) libcfs(O)
00012 CPU: 0 UID: 0 PID: 1770 Comm: lod0001_rec0001 Tainted: G        W  O        7.0.0-ktest-f55a92a-6330a45-20260730-dirty #1 PREEMPT 
00012 Tainted: [W]=WARN, [O]=OOT_MODULE
00012 Hardware name: QEMU Standard PC (Q35 + ICH9, 2009), BIOS 2025.11-3ubuntu7 03/31/2026
00012 RIP: 0010:osd_create+0xbf7/0x1000 [osd_wbcfs]
00012 Code: c7 c7 60 a1 7b a1 48 c7 c6 00 63 7d a1 48 c7 c2 80 6c 7d a1 e8 0a ec 43 ff 48 c7 c7 60 a1 7b a1 e8 fe 7b 44 ff e9 9c fb ff ff <0f> 0b e9 35 f9 ff ff 48 c7 c1 80 44 5d a0 80 e1 07 80 c1 03 38 c1
00012 ------------[ cut here ]------------
00012 RSP: 0018:ffffc90001f87b28 EFLAGS: 00010246
00012 WARNING: /home/ktest/git/linux/include/linux/fs.h:889 at osd_create+0xbf7/0x1000 [osd_wbcfs], CPU#3: mdt_out00_000/1730
00012 RAX: 0000000000000000 RBX: ffff88811bab1400 RCX: 0000000000000046
00012 Modules linked in:
00012 RDX: 0000000000000000 RSI: ffff88802e471f30 RDI: ffff8881352f2a58
00012  osp(O)
00012 RBP: ffff88811bab14e0 R08: ffffffff83a16803 R09: 1ffffffff0742d00
00012  mdd(O)
00012 R10: dffffc0000000000 R11: fffffbfff0742d01 R12: dffffc0000000000
00012  lod(O)
00012 R13: 1ffff1102662c50f R14: ffff8881352f28a0 R15: ffff88802e471ea0
00012  mdt(O)
00012 FS:  0000000000000000(0000) GS:ffff8881d4a2a000(0000) knlGS:0000000000000000
00012  lquota(O)
00012 CS:  0010 DS: 0000 ES: 0000 CR0: 0000000080050033
00012  lfsck(O)
00012 CR2: 00007fbf409e6194 CR3: 000000011bf8c000 CR4: 0000000000750eb0
00012  mgs(O)
00012 PKRU: 55555554
00012  osd_wbcfs(O)
00012 Call Trace:
00012  lustre(O)
00012  <TASK>
00012  obdecho(O) mgc(O) mdc(O) lov(O) osc(O) lmv(O) ec(O) fid(O) fld(O) ptlrpc(O) efivarfs obdclass(O) ksocklnd(O) lnet(O) libcfs(O)
00012  llog_osd_create+0x605/0x10d0 [obdclass]
00012 CPU: 3 UID: 0 PID: 1730 Comm: mdt_out00_000 Tainted: G        W  O        7.0.0-ktest-f55a92a-6330a45-20260730-dirty #1 PREEMPT 
00012  llog_create+0x2ed/0x530 [obdclass]
00012 Tainted: [W]=WARN, [O]=OOT_MODULE
00012 Hardware name: QEMU Standard PC (Q35 + ICH9, 2009), BIOS 2025.11-3ubuntu7 03/31/2026
00012  llog_open_create+0x6e7/0xb30 [obdclass]
00012 RIP: 0010:osd_create+0xbf7/0x1000 [osd_wbcfs]
00012  lod_sub_prep_llog+0xdfd/0x1b40 [lod]
00012  lod_sub_recovery_thread+0x316/0x18d0 [lod]
00012 Code: c7 c7 60 a1 7b a1 48 c7 c6 00 63 7d a1 48 c7 c2 80 6c 7d a1 e8 0a ec 43 ff 48 c7 c7 60 a1 7b a1 e8 fe 7b 44 ff e9 9c fb ff ff <0f> 0b e9 35 f9 ff ff 48 c7 c1 80 44 5d a0 80 e1 07 80 c1 03 38 c1
00012  ? __kthread_parkme+0x73/0x130
00012 RSP: 0018:ffffc900014077d0 EFLAGS: 00010246
00012  kthread+0x2cd/0x3a0
00012 RAX: 0000000000000000 RBX: ffff88811baa2c00 RCX: 0000000000000046
00012  ? lod_sub_init_llog+0x1180/0x1180 [lod]
00012 RDX: 0000000000000000 RSI: ffff888025ed49c0 RDI: ffff88802d2d2a58
00012  ? kthread_unuse_mm+0x130/0x130
00012 RBP: ffff88811baa2ce0 R08: ffffffff83a16803 R09: 1ffffffff0742d00
00012  ret_from_fork+0x18c/0x520
00012 R10: dffffc0000000000 R11: fffffbfff0742d01 R12: dffffc0000000000
00012  ? kthread_unuse_mm+0x130/0x130
00012 R13: 1ffff11004d39cd8 R14: ffff88802d2d28a0 R15: ffff888025ed4930
00012  ret_from_fork_asm+0x11/0x20
00012 FS:  0000000000000000(0000) GS:ffff8881d4baa000(0000) knlGS:0000000000000000
00012  </TASK>
00012 CS:  0010 DS: 0000 ES: 0000 CR0: 0000000080050033
00012 ---[ end trace 0000000000000000 ]---
00012 CR2: 00007f7444997b68 CR3: 00000000784e5000 CR4: 0000000000750eb0
00012 PKRU: 55555554
00012 Call Trace:
00012  <TASK>
00012  out_tx_create_exec+0x277/0x7a0 [ptlrpc]
00012  ? tx_add_exec+0xd70/0xd70 [ptlrpc]
00012  out_tx_end+0x3e3/0x1190 [ptlrpc]
00012  out_handle+0x5286/0x6240 [ptlrpc]
00012  tgt_request_handle+0x23ad/0x3d30 [ptlrpc]
00012  ptlrpc_main+0x6359/0x96f0 [ptlrpc]
00012  ? __kthread_parkme+0x73/0x130
00012  kthread+0x2cd/0x3a0
00012  ? ptlrpc_start_thread+0x1f10/0x1f10 [ptlrpc]
00012  ? kthread_unuse_mm+0x130/0x130
00012  ret_from_fork+0x18c/0x520
00012  ? kthread_unuse_mm+0x130/0x130
00012  ret_from_fork_asm+0x11/0x20
00012  </TASK>
00012 ---[ end trace 0000000000000000 ]---
00012 ------------[ cut here ]------------
00012 WARNING: /home/ktest/git/linux/include/linux/fs.h:889 at osd_create+0xbf7/0x1000 [osd_wbcfs], CPU#3: ll_mgs_0000/1719
00012 Modules linked in: ofd(O) osp(O) mdd(O) lod(O) mdt(O) lquota(O) lfsck(O) mgs(O) osd_wbcfs(O) lustre(O) obdecho(O) mgc(O) mdc(O) lov(O) osc(O) lmv(O) ec(O) fid(O) fld(O) ptlrpc(O) efivarfs obdclass(O) ksocklnd(O) lnet(O) libcfs(O)
00012 CPU: 3 UID: 0 PID: 1719 Comm: ll_mgs_0000 Tainted: G        W  O        7.0.0-ktest-f55a92a-6330a45-20260730-dirty #1 PREEMPT 
00012 Tainted: [W]=WARN, [O]=OOT_MODULE
00012 Hardware name: QEMU Standard PC (Q35 + ICH9, 2009), BIOS 2025.11-3ubuntu7 03/31/2026
00012 RIP: 0010:osd_create+0xbf7/0x1000 [osd_wbcfs]
00012 Code: c7 c7 60 a1 7b a1 48 c7 c6 00 63 7d a1 48 c7 c2 80 6c 7d a1 e8 0a ec 43 ff 48 c7 c7 60 a1 7b a1 e8 fe 7b 44 ff e9 9c fb ff ff <0f> 0b e9 35 f9 ff ff 48 c7 c1 80 44 5d a0 80 e1 07 80 c1 03 38 c1
00012 RSP: 0018:ffffc900013976c8 EFLAGS: 00010246
00012 RAX: 0000000000000000 RBX: ffff888133508000 RCX: 0000000000000046
00012 RDX: 0000000000000000 RSI: ffff888025ed42a8 RDI: ffff88811c3f4b68
00012 RBP: ffff8881335080e0 R08: ffffffff83a16803 R09: 1ffffffff0742d00
00012 R10: dffffc0000000000 R11: fffffbfff0742d01 R12: dffffc0000000000
00012 R13: 1ffff1102685a00f R14: ffff88811c3f4960 R15: ffff888025ed4218
00012 FS:  0000000000000000(0000) GS:ffff8881d4baa000(0000) knlGS:0000000000000000
00012 CS:  0010 DS: 0000 ES: 0000 CR0: 0000000080050033
00012 CR2: 00007f7444997b68 CR3: 00000000784e5000 CR4: 0000000000750eb0
00012 PKRU: 55555554
00012 Call Trace:
00012  <TASK>
00012  local_object_create+0x109/0x640 [obdclass]
00012  ? dt_write_lock+0x16d/0x2a0 [obdclass]
00012  llog_osd_create+0x356/0x10d0 [obdclass]
00012  llog_create+0x2ed/0x530 [obdclass]
00012  llog_open_create+0x6e7/0xb30 [obdclass]
00012  record_start_log+0x348/0xa40 [mgs]
00012  mgs_write_log_target+0x16f2/0x6ab0 [mgs]
00012  mgs_target_reg+0x254e/0x4480 [mgs]
00012  tgt_request_handle+0x23ad/0x3d30 [ptlrpc]
00012  ptlrpc_main+0x6359/0x96f0 [ptlrpc]
00012  ? __kthread_parkme+0x73/0x130
00012  kthread+0x2cd/0x3a0
00012  ? ptlrpc_start_thread+0x1f10/0x1f10 [ptlrpc]
00012  ? kthread_unuse_mm+0x130/0x130
00012  ret_from_fork+0x18c/0x520
00012  ? kthread_unuse_mm+0x130/0x130
00012  ret_from_fork_asm+0x11/0x20
00012  </TASK>
00012 ---[ end trace 0000000000000000 ]---
00012 ------------[ cut here ]------------
00012 WARNING: /home/ktest/git/linux/include/linux/fs.h:889 at osd_create+0xbf7/0x1000 [osd_wbcfs], CPU#2: llog_process_th/1788
00012 Modules linked in: ofd(O) osp(O) mdd(O) lod(O) mdt(O) lquota(O) lfsck(O) mgs(O) osd_wbcfs(O) lustre(O) obdecho(O) mgc(O) mdc(O) lov(O) osc(O) lmv(O) ec(O) fid(O) fld(O) ptlrpc(O) efivarfs obdclass(O) ksocklnd(O) lnet(O) libcfs(O)
00012 CPU: 2 UID: 0 PID: 1788 Comm: llog_process_th Tainted: G        W  O        7.0.0-ktest-f55a92a-6330a45-20260730-dirty #1 PREEMPT 
00012 Tainted: [W]=WARN, [O]=OOT_MODULE
00012 Hardware name: QEMU Standard PC (Q35 + ICH9, 2009), BIOS 2025.11-3ubuntu7 03/31/2026
00012 RIP: 0010:osd_create+0xbf7/0x1000 [osd_wbcfs]
00012 Code: c7 c7 60 a1 7b a1 48 c7 c6 00 63 7d a1 48 c7 c2 80 6c 7d a1 e8 0a ec 43 ff 48 c7 c7 60 a1 7b a1 e8 fe 7b 44 ff e9 9c fb ff ff <0f> 0b e9 35 f9 ff ff 48 c7 c1 80 44 5d a0 80 e1 07 80 c1 03 38 c1
00012 RSP: 0018:ffffc9000402f5f0 EFLAGS: 00010246
00012 RAX: 0000000000000000 RBX: ffff888133603800 RCX: 0000000000000046
00012 RDX: 0000000000000000 RSI: ffff88802e313478 RDI: ffff888041d12a58
00012 RBP: ffff8881336038e0 R08: ffffffff83a16803 R09: 1ffffffff0742d00
00012 R10: dffffc0000000000 R11: fffffbfff0742d01 R12: dffffc0000000000
00012 R13: 1ffff92000805efe R14: ffff888041d128a0 R15: ffff88802e3133e8
00012 FS:  0000000000000000(0000) GS:ffff8881d4b2a000(0000) knlGS:0000000000000000
00012 CS:  0010 DS: 0000 ES: 0000 CR0: 0000000080050033
00012 CR2: 000055a2671041a0 CR3: 000000013521f000 CR4: 0000000000750eb0
00012 PKRU: 55555554
00012 Call Trace:
00012  <TASK>
00012  dt_find_or_create+0x81a/0x1170 [obdclass]
00012  tgt_init+0xb72/0x2a60 [ptlrpc]
00012  ofd_device_alloc+0x1da8/0x35e0 [ofd]
00012  obd_setup+0x25c/0x950 [obdclass]
00012  class_setup+0xc7d/0x10e0 [obdclass]
00012  class_process_config+0x2edb/0x7cb0 [obdclass]
00012  ? __kasan_kmalloc+0x72/0x80
00012  ? class_config_llog_handler+0x2954/0x4f80 [obdclass]
00012  class_config_llog_handler+0x2cea/0x4f80 [obdclass]
00012  ? lustre_cfg_rec_free+0x350/0x350 [obdclass]
00012  llog_process_thread+0x1fd2/0x4f70 [obdclass]
00012  ? _raw_spin_unlock+0x23/0x40
00012  llog_process_thread_daemonize+0x16d/0x1b0 [obdclass]
00012  kthread+0x2cd/0x3a0
00012  ? llog_process_or_fork+0xc90/0xc90 [obdclass]
00012  ? kthread_unuse_mm+0x130/0x130
00012  ret_from_fork+0x18c/0x520
00012  ? kthread_unuse_mm+0x130/0x130
00012  ret_from_fork_asm+0x11/0x20
00012  </TASK>
00012 ---[ end trace 0000000000000000 ]---
00012 ------------[ cut here ]------------
00012 WARNING: /home/ktest/git/linux/include/linux/fs.h:889 at osd_create+0xbf7/0x1000 [osd_wbcfs], CPU#2: llog_process_th/1788
00012 Modules linked in: ofd(O) osp(O) mdd(O) lod(O) mdt(O) lquota(O) lfsck(O) mgs(O) osd_wbcfs(O) lustre(O) obdecho(O) mgc(O) mdc(O) lov(O) osc(O) lmv(O) ec(O) fid(O) fld(O) ptlrpc(O) efivarfs obdclass(O) ksocklnd(O) lnet(O) libcfs(O)
00012 CPU: 2 UID: 0 PID: 1788 Comm: llog_process_th Tainted: G        W  O        7.0.0-ktest-f55a92a-6330a45-20260730-dirty #1 PREEMPT 
00012 Tainted: [W]=WARN, [O]=OOT_MODULE
00012 Hardware name: QEMU Standard PC (Q35 + ICH9, 2009), BIOS 2025.11-3ubuntu7 03/31/2026
00012 RIP: 0010:osd_create+0xbf7/0x1000 [osd_wbcfs]
00012 Code: c7 c7 60 a1 7b a1 48 c7 c6 00 63 7d a1 48 c7 c2 80 6c 7d a1 e8 0a ec 43 ff 48 c7 c7 60 a1 7b a1 e8 fe 7b 44 ff e9 9c fb ff ff <0f> 0b e9 35 f9 ff ff 48 c7 c1 80 44 5d a0 80 e1 07 80 c1 03 38 c1
00012 RSP: 0018:ffffc9000402f4c8 EFLAGS: 00010246
00012 RAX: 0000000000000000 RBX: ffff888133602400 RCX: 0000000000000046
00012 RDX: 0000000000000000 RSI: ffff88802e312d60 RDI: ffff888041d12a58
00012 RBP: ffff8881336024e0 R08: ffffffff83a16803 R09: 1ffffffff0742d00
00012 R10: dffffc0000000000 R11: fffffbfff0742d01 R12: dffffc0000000000
00012 R13: 1ffff92000805ebc R14: ffff888041d128a0 R15: ffff88802e312cd0
00012 FS:  0000000000000000(0000) GS:ffff8881d4b2a000(0000) knlGS:0000000000000000
00012 CS:  0010 DS: 0000 ES: 0000 CR0: 0000000080050033
00012 CR2: 000055a2671041a0 CR3: 000000013521f000 CR4: 0000000000750eb0
00012 PKRU: 55555554
00012 Call Trace:
00012  <TASK>
00012  dt_find_or_create+0x81a/0x1170 [obdclass]
00012  seq_store_init+0x155/0x360 [fid]
00012  seq_server_init+0x290/0xba0 [fid]
00012  ofd_fid_init+0x41c/0xf80 [ofd]
00012  ofd_seqs_init+0xb6/0x1370 [ofd]
00012  ofd_fs_setup+0x13c/0xdd0 [ofd]
00012  ofd_device_alloc+0x1fc1/0x35e0 [ofd]
00012  obd_setup+0x25c/0x950 [obdclass]
00012  class_setup+0xc7d/0x10e0 [obdclass]
00012  class_process_config+0x2edb/0x7cb0 [obdclass]
00012  ? __kasan_kmalloc+0x72/0x80
00012  ? class_config_llog_handler+0x2954/0x4f80 [obdclass]
00012  class_config_llog_handler+0x2cea/0x4f80 [obdclass]
00012  ? lustre_cfg_rec_free+0x350/0x350 [obdclass]
00012  llog_process_thread+0x1fd2/0x4f70 [obdclass]
00012  ? _raw_spin_unlock+0x23/0x40
00012  llog_process_thread_daemonize+0x16d/0x1b0 [obdclass]
00012  kthread+0x2cd/0x3a0
00012  ? llog_process_or_fork+0xc90/0xc90 [obdclass]
00012  ? kthread_unuse_mm+0x130/0x130
00012  ret_from_fork+0x18c/0x520
00012  ? kthread_unuse_mm+0x130/0x130
00012  ret_from_fork_asm+0x11/0x20
00012  </TASK>
00012 ---[ end trace 0000000000000000 ]---
00012 ------------[ cut here ]------------
00012 WARNING: /home/ktest/git/linux/include/linux/fs.h:889 at osd_create+0xbf7/0x1000 [osd_wbcfs], CPU#2: llog_process_th/1788
00012 Modules linked in: ofd(O) osp(O) mdd(O) lod(O) mdt(O) lquota(O) lfsck(O) mgs(O) osd_wbcfs(O) lustre(O) obdecho(O) mgc(O) mdc(O) lov(O) osc(O) lmv(O) ec(O) fid(O) fld(O) ptlrpc(O) efivarfs obdclass(O) ksocklnd(O) lnet(O) libcfs(O)
00012 CPU: 2 UID: 0 PID: 1788 Comm: llog_process_th Tainted: G        W  O        7.0.0-ktest-f55a92a-6330a45-20260730-dirty #1 PREEMPT 
00012 Tainted: [W]=WARN, [O]=OOT_MODULE
00012 Hardware name: QEMU Standard PC (Q35 + ICH9, 2009), BIOS 2025.11-3ubuntu7 03/31/2026
00012 RIP: 0010:osd_create+0xbf7/0x1000 [osd_wbcfs]
00012 Code: c7 c7 60 a1 7b a1 48 c7 c6 00 63 7d a1 48 c7 c2 80 6c 7d a1 e8 0a ec 43 ff 48 c7 c7 60 a1 7b a1 e8 fe 7b 44 ff e9 9c fb ff ff <0f> 0b e9 35 f9 ff ff 48 c7 c1 80 44 5d a0 80 e1 07 80 c1 03 38 c1
00012 RSP: 0018:ffffc9000402f508 EFLAGS: 00010246
00012 RAX: 0000000000000000 RBX: ffff888133600800 RCX: 0000000000000046
00012 RDX: ffffffff84c44d40 RSI: ffff88802e312648 RDI: ffff888041d12a58
00012 RBP: ffff8881336008e0 R08: 0000000000000001 R09: 0000000000000000
00012 R10: dffffc0000000000 R11: ffffed1005c624ac R12: dffffc0000000000
00012 R13: 1ffff92000805edb R14: ffff888041d128a0 R15: ffff88802e3125b8
00012 FS:  0000000000000000(0000) GS:ffff8881d4b2a000(0000) knlGS:0000000000000000
00012 CS:  0010 DS: 0000 ES: 0000 CR0: 0000000080050033
00012 CR2: 000055a2671041a0 CR3: 000000013521f000 CR4: 0000000000750eb0
00012 PKRU: 55555554
00012 Call Trace:
00012  <TASK>
00012  dt_find_or_create+0x81a/0x1170 [obdclass]
00012  fld_index_init+0x404/0x1610 [fld]
00012  ? is_module_address+0x1b/0x70
00012  ? is_module_address+0x5e/0x70
00012  ? __asan_memset+0x22/0x40
00012  fld_server_init+0x1d7/0x580 [fld]
00012  ofd_seqs_init+0x430/0x1370 [ofd]
00012  ofd_fs_setup+0x13c/0xdd0 [ofd]
00012  ofd_device_alloc+0x1fc1/0x35e0 [ofd]
00012  obd_setup+0x25c/0x950 [obdclass]
00012  class_setup+0xc7d/0x10e0 [obdclass]
00012  class_process_config+0x2edb/0x7cb0 [obdclass]
00012  ? __kasan_kmalloc+0x72/0x80
00012  ? class_config_llog_handler+0x2954/0x4f80 [obdclass]
00012  class_config_llog_handler+0x2cea/0x4f80 [obdclass]
00012  ? lustre_cfg_rec_free+0x350/0x350 [obdclass]
00012  llog_process_thread+0x1fd2/0x4f70 [obdclass]
00012  ? _raw_spin_unlock+0x23/0x40
00012  llog_process_thread_daemonize+0x16d/0x1b0 [obdclass]
00012  kthread+0x2cd/0x3a0
00012  ? llog_process_or_fork+0xc90/0xc90 [obdclass]
00012  ? kthread_unuse_mm+0x130/0x130
00012  ret_from_fork+0x18c/0x520
00012  ? kthread_unuse_mm+0x130/0x130
00012  ret_from_fork_asm+0x11/0x20
00012  </TASK>
00012 ---[ end trace 0000000000000000 ]---
00012 ------------[ cut here ]------------
00012 WARNING: /home/ktest/git/linux/include/linux/fs.h:889 at osd_create+0xbf7/0x1000 [osd_wbcfs], CPU#2: llog_process_th/1788
00012 Modules linked in: ofd(O) osp(O) mdd(O) lod(O) mdt(O) lquota(O) lfsck(O) mgs(O) osd_wbcfs(O) lustre(O) obdecho(O) mgc(O) mdc(O) lov(O) osc(O) lmv(O) ec(O) fid(O) fld(O) ptlrpc(O) efivarfs obdclass(O) ksocklnd(O) lnet(O) libcfs(O)
00012 CPU: 2 UID: 0 PID: 1788 Comm: llog_process_th Tainted: G        W  O        7.0.0-ktest-f55a92a-6330a45-20260730-dirty #1 PREEMPT 
00012 Tainted: [W]=WARN, [O]=OOT_MODULE
00012 Hardware name: QEMU Standard PC (Q35 + ICH9, 2009), BIOS 2025.11-3ubuntu7 03/31/2026
00012 RIP: 0010:osd_create+0xbf7/0x1000 [osd_wbcfs]
00012 Code: c7 c7 60 a1 7b a1 48 c7 c6 00 63 7d a1 48 c7 c2 80 6c 7d a1 e8 0a ec 43 ff 48 c7 c7 60 a1 7b a1 e8 fe 7b 44 ff e9 9c fb ff ff <0f> 0b e9 35 f9 ff ff 48 c7 c1 80 44 5d a0 80 e1 07 80 c1 03 38 c1
00012 RSP: 0018:ffffc9000402f6b8 EFLAGS: 00010246
00012 RAX: 0000000000000000 RBX: ffff888133600c00 RCX: 0000000000000046
00012 RDX: 0000000000000000 RSI: ffff88802e311f30 RDI: ffff888041d12a58
00012 RBP: ffff888133600ce0 R08: ffffffff83a16803 R09: 1ffffffff0742d00
00012 R10: dffffc0000000000 R11: fffffbfff0742d01 R12: dffffc0000000000
00012 R13: 1ffff11008c46542 R14: ffff888041d128a0 R15: ffff88802e311ea0
00012 FS:  0000000000000000(0000) GS:ffff8881d4b2a000(0000) knlGS:0000000000000000
00012 CS:  0010 DS: 0000 ES: 0000 CR0: 0000000080050033
00012 CR2: 000055a2671041a0 CR3: 000000013521f000 CR4: 0000000000750eb0
00012 PKRU: 55555554
00012 Call Trace:
00012  <TASK>
00012  dt_find_or_create+0x81a/0x1170 [obdclass]
00012  ofd_fs_setup+0x42c/0xdd0 [ofd]
00012  ofd_device_alloc+0x1fc1/0x35e0 [ofd]
00012  obd_setup+0x25c/0x950 [obdclass]
00012  class_setup+0xc7d/0x10e0 [obdclass]
00012  class_process_config+0x2edb/0x7cb0 [obdclass]
00012  ? __kasan_kmalloc+0x72/0x80
00012  ? class_config_llog_handler+0x2954/0x4f80 [obdclass]
00012  class_config_llog_handler+0x2cea/0x4f80 [obdclass]
00012  ? lustre_cfg_rec_free+0x350/0x350 [obdclass]
00012  llog_process_thread+0x1fd2/0x4f70 [obdclass]
00012  ? _raw_spin_unlock+0x23/0x40
00012  llog_process_thread_daemonize+0x16d/0x1b0 [obdclass]
00012  kthread+0x2cd/0x3a0
00012  ? llog_process_or_fork+0xc90/0xc90 [obdclass]
00012  ? kthread_unuse_mm+0x130/0x130
00012  ret_from_fork+0x18c/0x520
00012  ? kthread_unuse_mm+0x130/0x130
00012  ret_from_fork_asm+0x11/0x20
00012  </TASK>
00012 ---[ end trace 0000000000000000 ]---
00012 ------------[ cut here ]------------
00012 WARNING: /home/ktest/git/linux/include/linux/fs.h:889 at osd_create+0xbf7/0x1000 [osd_wbcfs], CPU#2: llog_process_th/1788
00012 Modules linked in: ofd(O) osp(O) mdd(O) lod(O) mdt(O) lquota(O) lfsck(O) mgs(O) osd_wbcfs(O) lustre(O) obdecho(O) mgc(O) mdc(O) lov(O) osc(O) lmv(O) ec(O) fid(O) fld(O) ptlrpc(O) efivarfs obdclass(O) ksocklnd(O) lnet(O) libcfs(O)
00012 CPU: 2 UID: 0 PID: 1788 Comm: llog_process_th Tainted: G        W  O        7.0.0-ktest-f55a92a-6330a45-20260730-dirty #1 PREEMPT 
00012 Tainted: [W]=WARN, [O]=OOT_MODULE
00012 Hardware name: QEMU Standard PC (Q35 + ICH9, 2009), BIOS 2025.11-3ubuntu7 03/31/2026
00012 RIP: 0010:osd_create+0xbf7/0x1000 [osd_wbcfs]
00012 Code: c7 c7 60 a1 7b a1 48 c7 c6 00 63 7d a1 48 c7 c2 80 6c 7d a1 e8 0a ec 43 ff 48 c7 c7 60 a1 7b a1 e8 fe 7b 44 ff e9 9c fb ff ff <0f> 0b e9 35 f9 ff ff 48 c7 c1 80 44 5d a0 80 e1 07 80 c1 03 38 c1
00012 RSP: 0018:ffffc9000402f6b8 EFLAGS: 00010246
00012 RAX: 0000000000000000 RBX: ffff888133602000 RCX: 0000000000000046
00012 RDX: 0000000000000000 RSI: ffff88802e311818 RDI: ffff888041d12a58
00012 RBP: ffff8881336020e0 R08: ffffffff83a16803 R09: 1ffffffff0742d00
00012 R10: dffffc0000000000 R11: fffffbfff0742d01 R12: dffffc0000000000
00012 R13: 1ffff11008c46542 R14: ffff888041d128a0 R15: ffff88802e311788
00012 FS:  0000000000000000(0000) GS:ffff8881d4b2a000(0000) knlGS:0000000000000000
00012 CS:  0010 DS: 0000 ES: 0000 CR0: 0000000080050033
00012 CR2: 000055a2671041a0 CR3: 000000013521f000 CR4: 0000000000750eb0
00012 PKRU: 55555554
00012 Call Trace:
00012  <TASK>
00012  dt_find_or_create+0x81a/0x1170 [obdclass]
00012  ofd_fs_setup+0x57f/0xdd0 [ofd]
00012  ofd_device_alloc+0x1fc1/0x35e0 [ofd]
00012  obd_setup+0x25c/0x950 [obdclass]
00012  class_setup+0xc7d/0x10e0 [obdclass]
00012  class_process_config+0x2edb/0x7cb0 [obdclass]
00012  ? __kasan_kmalloc+0x72/0x80
00012  ? class_config_llog_handler+0x2954/0x4f80 [obdclass]
00012  class_config_llog_handler+0x2cea/0x4f80 [obdclass]
00012  ? lustre_cfg_rec_free+0x350/0x350 [obdclass]
00012  llog_process_thread+0x1fd2/0x4f70 [obdclass]
00012  ? _raw_spin_unlock+0x23/0x40
00012  llog_process_thread_daemonize+0x16d/0x1b0 [obdclass]
00012  kthread+0x2cd/0x3a0
00012  ? llog_process_or_fork+0xc90/0xc90 [obdclass]
00012  ? kthread_unuse_mm+0x130/0x130
00012  ret_from_fork+0x18c/0x520
00012  ? kthread_unuse_mm+0x130/0x130
00012  ret_from_fork_asm+0x11/0x20
00012  </TASK>
00012 ---[ end trace 0000000000000000 ]---
00012 ------------[ cut here ]------------
00012 WARNING: /home/ktest/git/linux/include/linux/fs.h:889 at osd_create+0xbf7/0x1000 [osd_wbcfs], CPU#2: llog_process_th/1788
00012 Modules linked in: ofd(O) osp(O) mdd(O) lod(O) mdt(O) lquota(O) lfsck(O) mgs(O) osd_wbcfs(O) lustre(O) obdecho(O) mgc(O) mdc(O) lov(O) osc(O) lmv(O) ec(O) fid(O) fld(O) ptlrpc(O) efivarfs obdclass(O) ksocklnd(O) lnet(O) libcfs(O)
00012 CPU: 2 UID: 0 PID: 1788 Comm: llog_process_th Tainted: G        W  O        7.0.0-ktest-f55a92a-6330a45-20260730-dirty #1 PREEMPT 
00012 Tainted: [W]=WARN, [O]=OOT_MODULE
00012 Hardware name: QEMU Standard PC (Q35 + ICH9, 2009), BIOS 2025.11-3ubuntu7 03/31/2026
00012 RIP: 0010:osd_create+0xbf7/0x1000 [osd_wbcfs]
00012 Code: c7 c7 60 a1 7b a1 48 c7 c6 00 63 7d a1 48 c7 c2 80 6c 7d a1 e8 0a ec 43 ff 48 c7 c7 60 a1 7b a1 e8 fe 7b 44 ff e9 9c fb ff ff <0f> 0b e9 35 f9 ff ff 48 c7 c1 80 44 5d a0 80 e1 07 80 c1 03 38 c1
00012 RSP: 0018:ffffc9000402f480 EFLAGS: 00010246
00012 RAX: 0000000000000000 RBX: ffff888135af9000 RCX: 0000000000000046
00012 RDX: ffffffff84c44d40 RSI: ffff88802e311100 RDI: ffff888041d12a58
00012 RBP: ffff888135af90e0 R08: 0000000000000001 R09: 0000000000000000
00012 R10: dffffc0000000000 R11: ffffed1005c62203 R12: dffffc0000000000
00012 R13: 1ffff11008c40c92 R14: ffff888041d128a0 R15: ffff88802e311070
00012 FS:  0000000000000000(0000) GS:ffff8881d4b2a000(0000) knlGS:0000000000000000
00012 CS:  0010 DS: 0000 ES: 0000 CR0: 0000000080050033
00012 CR2: 000055a2671041a0 CR3: 000000013521f000 CR4: 0000000000750eb0
00012 PKRU: 55555554
00012 Call Trace:
00012  <TASK>
00012  local_object_create+0x109/0x640 [obdclass]
00012  ? dt_write_lock+0x16d/0x2a0 [obdclass]
00012  __local_file_create+0xce4/0x1bc0 [obdclass]
00012  local_index_find_or_create+0x1dc/0x2c0 [obdclass]
00012  nodemap_cache_find_create+0x4f9/0xe80 [ptlrpc]
00012  nodemap_save_config_cache+0x123/0x19b0 [ptlrpc]
00012  ? nm_config_file_register_tgt+0x19b/0x860 [ptlrpc]
00012  nm_config_file_register_tgt+0x1a9/0x860 [ptlrpc]
00012  ofd_device_alloc+0x219a/0x35e0 [ofd]
00012  obd_setup+0x25c/0x950 [obdclass]
00012  class_setup+0xc7d/0x10e0 [obdclass]
00012  class_process_config+0x2edb/0x7cb0 [obdclass]
00012  ? __kasan_kmalloc+0x72/0x80
00012  ? class_config_llog_handler+0x2954/0x4f80 [obdclass]
00012  class_config_llog_handler+0x2cea/0x4f80 [obdclass]
00012  ? lustre_cfg_rec_free+0x350/0x350 [obdclass]
00012  llog_process_thread+0x1fd2/0x4f70 [obdclass]
00012  ? _raw_spin_unlock+0x23/0x40
00012  llog_process_thread_daemonize+0x16d/0x1b0 [obdclass]
00012  kthread+0x2cd/0x3a0
00012  ? llog_process_or_fork+0xc90/0xc90 [obdclass]
00012  ? kthread_unuse_mm+0x130/0x130
00012  ret_from_fork+0x18c/0x520
00012  ? kthread_unuse_mm+0x130/0x130
00012  ret_from_fork_asm+0x11/0x20
00012  </TASK>
00012 ---[ end trace 0000000000000000 ]---
00012 ------------[ cut here ]------------
00012 WARNING: /home/ktest/git/linux/include/linux/fs.h:889 at osd_create+0xbf7/0x1000 [osd_wbcfs], CPU#0: ll_mgs_0001/1720
00012 Modules linked in: ofd(O) osp(O) mdd(O) lod(O) mdt(O) lquota(O) lfsck(O) mgs(O) osd_wbcfs(O) lustre(O) obdecho(O) mgc(O) mdc(O) lov(O) osc(O) lmv(O) ec(O) fid(O) fld(O) ptlrpc(O) efivarfs obdclass(O) ksocklnd(O) lnet(O) libcfs(O)
00012 CPU: 0 UID: 0 PID: 1720 Comm: ll_mgs_0001 Tainted: G        W  O        7.0.0-ktest-f55a92a-6330a45-20260730-dirty #1 PREEMPT 
00012 Tainted: [W]=WARN, [O]=OOT_MODULE
00012 Hardware name: QEMU Standard PC (Q35 + ICH9, 2009), BIOS 2025.11-3ubuntu7 03/31/2026
00012 RIP: 0010:osd_create+0xbf7/0x1000 [osd_wbcfs]
00012 Code: c7 c7 60 a1 7b a1 48 c7 c6 00 63 7d a1 48 c7 c2 80 6c 7d a1 e8 0a ec 43 ff 48 c7 c7 60 a1 7b a1 e8 fe 7b 44 ff e9 9c fb ff ff <0f> 0b e9 35 f9 ff ff 48 c7 c1 80 44 5d a0 80 e1 07 80 c1 03 38 c1
00012 RSP: 0018:ffffc900013a76c8 EFLAGS: 00010246
00012 RAX: 0000000000000000 RBX: ffff8881336e9800 RCX: 0000000000000046
00012 RDX: 0000000000000000 RSI: ffff88802e471818 RDI: ffff88813918cb68
00012 RBP: ffff8881336e98e0 R08: ffffffff83a16803 R09: 1ffffffff0742d00
00012 R10: dffffc0000000000 R11: fffffbfff0742d01 R12: dffffc0000000000
00012 R13: 1ffff1102685078f R14: ffff88813918c960 R15: ffff88802e471788
00012 FS:  0000000000000000(0000) GS:ffff8881d4a2a000(0000) knlGS:0000000000000000
00012 CS:  0010 DS: 0000 ES: 0000 CR0: 0000000080050033
00012 CR2: 00007fbf409e6194 CR3: 00000000747d7000 CR4: 0000000000750eb0
00012 PKRU: 55555554
00012 Call Trace:
00012  <TASK>
00012  local_object_create+0x109/0x640 [obdclass]
00012  ? dt_write_lock+0x16d/0x2a0 [obdclass]
00012  llog_osd_create+0x356/0x10d0 [obdclass]
00012  llog_create+0x2ed/0x530 [obdclass]
00012  llog_open_create+0x6e7/0xb30 [obdclass]
00012  record_start_log+0x348/0xa40 [mgs]
00012  mgs_write_log_target+0x16f2/0x6ab0 [mgs]
00012  mgs_target_reg+0x254e/0x4480 [mgs]
00012  tgt_request_handle+0x23ad/0x3d30 [ptlrpc]
00012  ptlrpc_main+0x6359/0x96f0 [ptlrpc]
00012  ? __kthread_parkme+0x73/0x130
00012  kthread+0x2cd/0x3a0
00012  ? ptlrpc_start_thread+0x1f10/0x1f10 [ptlrpc]
00012  ? kthread_unuse_mm+0x130/0x130
00012  ret_from_fork+0x18c/0x520
00012  ? kthread_unuse_mm+0x130/0x130
00012  ret_from_fork_asm+0x11/0x20
00012  </TASK>
00012 ---[ end trace 0000000000000000 ]---
00012 ------------[ cut here ]------------
00012 WARNING: /home/ktest/git/linux/include/linux/fs.h:889 at osd_create+0xbf7/0x1000 [osd_wbcfs], CPU#0: llog_process_th/1795
00012 Modules linked in: ofd(O) osp(O) mdd(O) lod(O) mdt(O) lquota(O) lfsck(O) mgs(O) osd_wbcfs(O) lustre(O) obdecho(O) mgc(O) mdc(O) lov(O) osc(O) lmv(O) ec(O) fid(O) fld(O) ptlrpc(O) efivarfs obdclass(O) ksocklnd(O) lnet(O) libcfs(O)
00012 CPU: 0 UID: 0 PID: 1795 Comm: llog_process_th Tainted: G        W  O        7.0.0-ktest-f55a92a-6330a45-20260730-dirty #1 PREEMPT 
00012 Tainted: [W]=WARN, [O]=OOT_MODULE
00012 Hardware name: QEMU Standard PC (Q35 + ICH9, 2009), BIOS 2025.11-3ubuntu7 03/31/2026
00012 RIP: 0010:osd_create+0xbf7/0x1000 [osd_wbcfs]
00012 Code: c7 c7 60 a1 7b a1 48 c7 c6 00 63 7d a1 48 c7 c2 80 6c 7d a1 e8 0a ec 43 ff 48 c7 c7 60 a1 7b a1 e8 fe 7b 44 ff e9 9c fb ff ff <0f> 0b e9 35 f9 ff ff 48 c7 c1 80 44 5d a0 80 e1 07 80 c1 03 38 c1
00012 RSP: 0018:ffffc90000b675f0 EFLAGS: 00010246
00012 RAX: 0000000000000000 RBX: ffff888134fc2400 RCX: 0000000000000046
00012 RDX: 0000000000000000 RSI: ffff88802e471100 RDI: ffff88803a4b4b18
00012 RBP: ffff888134fc24e0 R08: ffffffff83a16803 R09: 1ffffffff0742d00
00012 R10: dffffc0000000000 R11: fffffbfff0742d01 R12: dffffc0000000000
00012 R13: 1ffff9200016cefe R14: ffff88803a4b4960 R15: ffff88802e471070
00012 FS:  0000000000000000(0000) GS:ffff8881d4a2a000(0000) knlGS:0000000000000000
00012 CS:  0010 DS: 0000 ES: 0000 CR0: 0000000080050033
00012 CR2: 00007fbf409e6194 CR3: 00000000747d7000 CR4: 0000000000750eb0
00012 PKRU: 55555554
00012 Call Trace:
00012  <TASK>
00012  dt_find_or_create+0x81a/0x1170 [obdclass]
00012  tgt_init+0xb72/0x2a60 [ptlrpc]
00012  ofd_device_alloc+0x1da8/0x35e0 [ofd]
00012  obd_setup+0x25c/0x950 [obdclass]
00012  class_setup+0xc7d/0x10e0 [obdclass]
00012  class_process_config+0x2edb/0x7cb0 [obdclass]
00012  ? local_trylock_acquire+0xb/0x70
00012  ? __kasan_kmalloc+0x72/0x80
00012  ? class_config_llog_handler+0x2954/0x4f80 [obdclass]
00012  class_config_llog_handler+0x2cea/0x4f80 [obdclass]
00012  ? lustre_cfg_rec_free+0x350/0x350 [obdclass]
00012  llog_process_thread+0x1fd2/0x4f70 [obdclass]
00012  ? _raw_spin_unlock+0x23/0x40
00012  llog_process_thread_daemonize+0x16d/0x1b0 [obdclass]
00012  kthread+0x2cd/0x3a0
00012  ? llog_process_or_fork+0xc90/0xc90 [obdclass]
00012  ? kthread_unuse_mm+0x130/0x130
00012  ret_from_fork+0x18c/0x520
00012  ? kthread_unuse_mm+0x130/0x130
00012  ret_from_fork_asm+0x11/0x20
00012  </TASK>
00012 ---[ end trace 0000000000000000 ]---
00012 ------------[ cut here ]------------
00012 WARNING: /home/ktest/git/linux/include/linux/fs.h:889 at osd_create+0xbf7/0x1000 [osd_wbcfs], CPU#0: llog_process_th/1795
00012 Modules linked in: ofd(O) osp(O) mdd(O) lod(O) mdt(O) lquota(O) lfsck(O) mgs(O) osd_wbcfs(O) lustre(O) obdecho(O) mgc(O) mdc(O) lov(O) osc(O) lmv(O) ec(O) fid(O) fld(O) ptlrpc(O) efivarfs obdclass(O) ksocklnd(O) lnet(O) libcfs(O)
00012 CPU: 0 UID: 0 PID: 1795 Comm: llog_process_th Tainted: G        W  O        7.0.0-ktest-f55a92a-6330a45-20260730-dirty #1 PREEMPT 
00012 Tainted: [W]=WARN, [O]=OOT_MODULE
00012 Hardware name: QEMU Standard PC (Q35 + ICH9, 2009), BIOS 2025.11-3ubuntu7 03/31/2026
00012 RIP: 0010:osd_create+0xbf7/0x1000 [osd_wbcfs]
00012 Code: c7 c7 60 a1 7b a1 48 c7 c6 00 63 7d a1 48 c7 c2 80 6c 7d a1 e8 0a ec 43 ff 48 c7 c7 60 a1 7b a1 e8 fe 7b 44 ff e9 9c fb ff ff <0f> 0b e9 35 f9 ff ff 48 c7 c1 80 44 5d a0 80 e1 07 80 c1 03 38 c1
00012 RSP: 0018:ffffc90000b674c8 EFLAGS: 00010246
00012 RAX: 0000000000000000 RBX: ffff88807464a000 RCX: 0000000000000046
00012 RDX: 0000000000000000 RSI: ffff88802e4709e8 RDI: ffff88803a4b4b18
00012 RBP: ffff88807464a0e0 R08: ffffffff83a16803 R09: 1ffffffff0742d00
00012 R10: dffffc0000000000 R11: fffffbfff0742d01 R12: dffffc0000000000
00012 R13: 1ffff9200016cebc R14: ffff88803a4b4960 R15: ffff88802e470958
00012 FS:  0000000000000000(0000) GS:ffff8881d4a2a000(0000) knlGS:0000000000000000
00012 CS:  0010 DS: 0000 ES: 0000 CR0: 0000000080050033
00012 CR2: 00007fbf409e6194 CR3: 00000000747d7000 CR4: 0000000000750eb0
00012 PKRU: 55555554
00012 Call Trace:
00012  <TASK>
00012  dt_find_or_create+0x81a/0x1170 [obdclass]
00012  seq_store_init+0x155/0x360 [fid]
00012  seq_server_init+0x290/0xba0 [fid]
00012  ofd_fid_init+0x41c/0xf80 [ofd]
00012  ofd_seqs_init+0xb6/0x1370 [ofd]
00012  ofd_fs_setup+0x13c/0xdd0 [ofd]
00012  ofd_device_alloc+0x1fc1/0x35e0 [ofd]
00012  obd_setup+0x25c/0x950 [obdclass]
00012  class_setup+0xc7d/0x10e0 [obdclass]
00012  class_process_config+0x2edb/0x7cb0 [obdclass]
00012  ? local_trylock_acquire+0xb/0x70
00012  ? __kasan_kmalloc+0x72/0x80
00012  ? class_config_llog_handler+0x2954/0x4f80 [obdclass]
00012  class_config_llog_handler+0x2cea/0x4f80 [obdclass]
00012  ? lustre_cfg_rec_free+0x350/0x350 [obdclass]
00012  llog_process_thread+0x1fd2/0x4f70 [obdclass]
00012  ? _raw_spin_unlock+0x23/0x40
00012  llog_process_thread_daemonize+0x16d/0x1b0 [obdclass]
00012  kthread+0x2cd/0x3a0
00012  ? llog_process_or_fork+0xc90/0xc90 [obdclass]
00012  ? kthread_unuse_mm+0x130/0x130
00012  ret_from_fork+0x18c/0x520
00012  ? kthread_unuse_mm+0x130/0x130
00012  ret_from_fork_asm+0x11/0x20
00012  </TASK>
00012 ---[ end trace 0000000000000000 ]---
00012 ------------[ cut here ]------------
00012 WARNING: /home/ktest/git/linux/include/linux/fs.h:889 at osd_create+0xbf7/0x1000 [osd_wbcfs], CPU#0: llog_process_th/1795
00012 Modules linked in: ofd(O) osp(O) mdd(O) lod(O) mdt(O) lquota(O) lfsck(O) mgs(O) osd_wbcfs(O) lustre(O) obdecho(O) mgc(O) mdc(O) lov(O) osc(O) lmv(O) ec(O) fid(O) fld(O) ptlrpc(O) efivarfs obdclass(O) ksocklnd(O) lnet(O) libcfs(O)
00012 CPU: 0 UID: 0 PID: 1795 Comm: llog_process_th Tainted: G        W  O        7.0.0-ktest-f55a92a-6330a45-20260730-dirty #1 PREEMPT 
00012 Tainted: [W]=WARN, [O]=OOT_MODULE
00012 Hardware name: QEMU Standard PC (Q35 + ICH9, 2009), BIOS 2025.11-3ubuntu7 03/31/2026
00012 RIP: 0010:osd_create+0xbf7/0x1000 [osd_wbcfs]
00012 Code: c7 c7 60 a1 7b a1 48 c7 c6 00 63 7d a1 48 c7 c2 80 6c 7d a1 e8 0a ec 43 ff 48 c7 c7 60 a1 7b a1 e8 fe 7b 44 ff e9 9c fb ff ff <0f> 0b e9 35 f9 ff ff 48 c7 c1 80 44 5d a0 80 e1 07 80 c1 03 38 c1
00012 RSP: 0018:ffffc90000b67508 EFLAGS: 00010246
00012 RAX: 0000000000000000 RBX: ffff888074648000 RCX: 0000000000000046
00012 RDX: ffffffff84c44d40 RSI: ffff88802e4702d0 RDI: ffff88803a4b4b18
00012 RBP: ffff8880746480e0 R08: 0000000000000001 R09: 0000000000000000
00012 R10: dffffc0000000000 R11: ffffed1005c8e03d R12: dffffc0000000000
00012 R13: 1ffff9200016cedb R14: ffff88803a4b4960 R15: ffff88802e470240
00012 FS:  0000000000000000(0000) GS:ffff8881d4a2a000(0000) knlGS:0000000000000000
00012 CS:  0010 DS: 0000 ES: 0000 CR0: 0000000080050033
00012 CR2: 00007fbf409e6194 CR3: 00000000747d7000 CR4: 0000000000750eb0
00012 PKRU: 55555554
00012 Call Trace:
00012  <TASK>
00012  dt_find_or_create+0x81a/0x1170 [obdclass]
00012  fld_index_init+0x404/0x1610 [fld]
00012  ? is_module_address+0x1b/0x70
00012  ? is_module_address+0x5e/0x70
00012  ? __asan_memset+0x22/0x40
00012  fld_server_init+0x1d7/0x580 [fld]
00012  ofd_seqs_init+0x430/0x1370 [ofd]
00012  ofd_fs_setup+0x13c/0xdd0 [ofd]
00012  ofd_device_alloc+0x1fc1/0x35e0 [ofd]
00012  obd_setup+0x25c/0x950 [obdclass]
00012  class_setup+0xc7d/0x10e0 [obdclass]
00012  class_process_config+0x2edb/0x7cb0 [obdclass]
00012  ? local_trylock_acquire+0xb/0x70
00012  ? __kasan_kmalloc+0x72/0x80
00012  ? class_config_llog_handler+0x2954/0x4f80 [obdclass]
00012  class_config_llog_handler+0x2cea/0x4f80 [obdclass]
00012  ? lustre_cfg_rec_free+0x350/0x350 [obdclass]
00012  llog_process_thread+0x1fd2/0x4f70 [obdclass]
00012  ? _raw_spin_unlock+0x23/0x40
00012  llog_process_thread_daemonize+0x16d/0x1b0 [obdclass]
00012  kthread+0x2cd/0x3a0
00012  ? llog_process_or_fork+0xc90/0xc90 [obdclass]
00012  ? kthread_unuse_mm+0x130/0x130
00012  ret_from_fork+0x18c/0x520
00012  ? kthread_unuse_mm+0x130/0x130
00012  ret_from_fork_asm+0x11/0x20
00012  </TASK>
00012 ---[ end trace 0000000000000000 ]---
00012 ------------[ cut here ]------------
00012 WARNING: /home/ktest/git/linux/include/linux/fs.h:889 at osd_create+0xbf7/0x1000 [osd_wbcfs], CPU#0: llog_process_th/1795
00012 Modules linked in: ofd(O) osp(O) mdd(O) lod(O) mdt(O) lquota(O) lfsck(O) mgs(O) osd_wbcfs(O) lustre(O) obdecho(O) mgc(O) mdc(O) lov(O) osc(O) lmv(O) ec(O) fid(O) fld(O) ptlrpc(O) efivarfs obdclass(O) ksocklnd(O) lnet(O) libcfs(O)
00012 CPU: 0 UID: 0 PID: 1795 Comm: llog_process_th Tainted: G        W  O        7.0.0-ktest-f55a92a-6330a45-20260730-dirty #1 PREEMPT 
00012 Tainted: [W]=WARN, [O]=OOT_MODULE
00012 Hardware name: QEMU Standard PC (Q35 + ICH9, 2009), BIOS 2025.11-3ubuntu7 03/31/2026
00012 RIP: 0010:osd_create+0xbf7/0x1000 [osd_wbcfs]
00012 Code: c7 c7 60 a1 7b a1 48 c7 c6 00 63 7d a1 48 c7 c2 80 6c 7d a1 e8 0a ec 43 ff 48 c7 c7 60 a1 7b a1 e8 fe 7b 44 ff e9 9c fb ff ff <0f> 0b e9 35 f9 ff ff 48 c7 c1 80 44 5d a0 80 e1 07 80 c1 03 38 c1
00012 RSP: 0018:ffffc90000b676b8 EFLAGS: 00010246
00012 RAX: 0000000000000000 RBX: ffff88807464a800 RCX: 0000000000000046
00012 RDX: 0000000000000000 RSI: ffff888025ed7b68 RDI: ffff88803a4b4b18
00012 RBP: ffff88807464a8e0 R08: ffffffff83a16803 R09: 1ffffffff0742d00
00012 R10: dffffc0000000000 R11: fffffbfff0742d01 R12: dffffc0000000000
00012 R13: 1ffff11008cf2242 R14: ffff88803a4b4960 R15: ffff888025ed7ad8
00012 FS:  0000000000000000(0000) GS:ffff8881d4a2a000(0000) knlGS:0000000000000000
00012 CS:  0010 DS: 0000 ES: 0000 CR0: 0000000080050033
00012 CR2: 00007fbf409e6194 CR3: 00000000747d7000 CR4: 0000000000750eb0
00012 PKRU: 55555554
00012 Call Trace:
00012  <TASK>
00012  dt_find_or_create+0x81a/0x1170 [obdclass]
00012  ofd_fs_setup+0x42c/0xdd0 [ofd]
00012  ofd_device_alloc+0x1fc1/0x35e0 [ofd]
00012  obd_setup+0x25c/0x950 [obdclass]
00012  class_setup+0xc7d/0x10e0 [obdclass]
00012  class_process_config+0x2edb/0x7cb0 [obdclass]
00012  ? local_trylock_acquire+0xb/0x70
00012  ? __kasan_kmalloc+0x72/0x80
00012  ? class_config_llog_handler+0x2954/0x4f80 [obdclass]
00012  class_config_llog_handler+0x2cea/0x4f80 [obdclass]
00012  ? lustre_cfg_rec_free+0x350/0x350 [obdclass]
00012  llog_process_thread+0x1fd2/0x4f70 [obdclass]
00012  ? _raw_spin_unlock+0x23/0x40
00012  llog_process_thread_daemonize+0x16d/0x1b0 [obdclass]
00012  kthread+0x2cd/0x3a0
00012  ? llog_process_or_fork+0xc90/0xc90 [obdclass]
00012  ? kthread_unuse_mm+0x130/0x130
00012  ret_from_fork+0x18c/0x520
00012  ? kthread_unuse_mm+0x130/0x130
00012  ret_from_fork_asm+0x11/0x20
00012  </TASK>
00012 ---[ end trace 0000000000000000 ]---
00012 ------------[ cut here ]------------
00012 WARNING: /home/ktest/git/linux/include/linux/fs.h:889 at osd_create+0xbf7/0x1000 [osd_wbcfs], CPU#0: llog_process_th/1795
00012 Modules linked in: ofd(O) osp(O) mdd(O) lod(O) mdt(O) lquota(O) lfsck(O) mgs(O) osd_wbcfs(O) lustre(O) obdecho(O) mgc(O) mdc(O) lov(O) osc(O) lmv(O) ec(O) fid(O) fld(O) ptlrpc(O) efivarfs obdclass(O) ksocklnd(O) lnet(O) libcfs(O)
00012 CPU: 0 UID: 0 PID: 1795 Comm: llog_process_th Tainted: G        W  O        7.0.0-ktest-f55a92a-6330a45-20260730-dirty #1 PREEMPT 
00012 Tainted: [W]=WARN, [O]=OOT_MODULE
00012 Hardware name: QEMU Standard PC (Q35 + ICH9, 2009), BIOS 2025.11-3ubuntu7 03/31/2026
00012 RIP: 0010:osd_create+0xbf7/0x1000 [osd_wbcfs]
00012 Code: c7 c7 60 a1 7b a1 48 c7 c6 00 63 7d a1 48 c7 c2 80 6c 7d a1 e8 0a ec 43 ff 48 c7 c7 60 a1 7b a1 e8 fe 7b 44 ff e9 9c fb ff ff <0f> 0b e9 35 f9 ff ff 48 c7 c1 80 44 5d a0 80 e1 07 80 c1 03 38 c1
00012 RSP: 0018:ffffc90000b676b8 EFLAGS: 00010246
00012 RAX: 0000000000000000 RBX: ffff88807464bc00 RCX: 0000000000000046
00012 RDX: 0000000000000000 RSI: ffff888025ed7450 RDI: ffff88803a4b4b18
00012 RBP: ffff88807464bce0 R08: ffffffff83a16803 R09: 1ffffffff0742d00
00012 R10: dffffc0000000000 R11: fffffbfff0742d01 R12: dffffc0000000000
00012 R13: 1ffff11008cf2242 R14: ffff88803a4b4960 R15: ffff888025ed73c0
00012 FS:  0000000000000000(0000) GS:ffff8881d4a2a000(0000) knlGS:0000000000000000
00012 CS:  0010 DS: 0000 ES: 0000 CR0: 0000000080050033
00012 CR2: 00007fbf409e6194 CR3: 00000000747d7000 CR4: 0000000000750eb0
00012 PKRU: 55555554
00012 Call Trace:
00012  <TASK>
00012  dt_find_or_create+0x81a/0x1170 [obdclass]
00012  ofd_fs_setup+0x57f/0xdd0 [ofd]
00012  ofd_device_alloc+0x1fc1/0x35e0 [ofd]
00012  obd_setup+0x25c/0x950 [obdclass]
00012  class_setup+0xc7d/0x10e0 [obdclass]
00012  class_process_config+0x2edb/0x7cb0 [obdclass]
00012  ? local_trylock_acquire+0xb/0x70
00012  ? __kasan_kmalloc+0x72/0x80
00012  ? class_config_llog_handler+0x2954/0x4f80 [obdclass]
00012  class_config_llog_handler+0x2cea/0x4f80 [obdclass]
00012  ? lustre_cfg_rec_free+0x350/0x350 [obdclass]
00012  llog_process_thread+0x1fd2/0x4f70 [obdclass]
00012  ? _raw_spin_unlock+0x23/0x40
00012  llog_process_thread_daemonize+0x16d/0x1b0 [obdclass]
00012  kthread+0x2cd/0x3a0
00012  ? llog_process_or_fork+0xc90/0xc90 [obdclass]
00012  ? kthread_unuse_mm+0x130/0x130
00012  ret_from_fork+0x18c/0x520
00012  ? kthread_unuse_mm+0x130/0x130
00012  ret_from_fork_asm+0x11/0x20
00012  </TASK>
00012 ---[ end trace 0000000000000000 ]---
00012 ------------[ cut here ]------------
00012 WARNING: /home/ktest/git/linux/include/linux/fs.h:889 at osd_create+0xbf7/0x1000 [osd_wbcfs], CPU#0: llog_process_th/1795
00013 Modules linked in: ofd(O) osp(O) mdd(O) lod(O) mdt(O) lquota(O) lfsck(O) mgs(O) osd_wbcfs(O) lustre(O) obdecho(O) mgc(O) mdc(O) lov(O) osc(O) lmv(O) ec(O) fid(O) fld(O) ptlrpc(O) efivarfs obdclass(O) ksocklnd(O) lnet(O) libcfs(O)
00013 CPU: 0 UID: 0 PID: 1795 Comm: llog_process_th Tainted: G        W  O        7.0.0-ktest-f55a92a-6330a45-20260730-dirty #1 PREEMPT 
00013 Tainted: [W]=WARN, [O]=OOT_MODULE
00013 Hardware name: QEMU Standard PC (Q35 + ICH9, 2009), BIOS 2025.11-3ubuntu7 03/31/2026
00013 RIP: 0010:osd_create+0xbf7/0x1000 [osd_wbcfs]
00013 Code: c7 c7 60 a1 7b a1 48 c7 c6 00 63 7d a1 48 c7 c2 80 6c 7d a1 e8 0a ec 43 ff 48 c7 c7 60 a1 7b a1 e8 fe 7b 44 ff e9 9c fb ff ff <0f> 0b e9 35 f9 ff ff 48 c7 c1 80 44 5d a0 80 e1 07 80 c1 03 38 c1
00013 RSP: 0018:ffffc90000b67480 EFLAGS: 00010246
00013 RAX: 0000000000000000 RBX: ffff888074649000 RCX: 0000000000000046
00013 RDX: ffffffff84c44d40 RSI: ffff888025ed6d38 RDI: ffff88803a4b4b18
00013 RBP: ffff8880746490e0 R08: 0000000000000001 R09: 0000000000000000
00013 R10: dffffc0000000000 R11: ffffed1004bdad8a R12: dffffc0000000000
00013 R13: 1ffff11008cf0492 R14: ffff88803a4b4960 R15: ffff888025ed6ca8
00013 FS:  0000000000000000(0000) GS:ffff8881d4a2a000(0000) knlGS:0000000000000000
00013 CS:  0010 DS: 0000 ES: 0000 CR0: 0000000080050033
00013 CR2: 00007fbf409e6194 CR3: 00000000747d7000 CR4: 0000000000750eb0
00013 PKRU: 55555554
00013 Call Trace:
00013  <TASK>
00013  local_object_create+0x109/0x640 [obdclass]
00013  ? dt_write_lock+0x16d/0x2a0 [obdclass]
00013  __local_file_create+0xce4/0x1bc0 [obdclass]
00013  local_index_find_or_create+0x1dc/0x2c0 [obdclass]
00013  nodemap_cache_find_create+0x4f9/0xe80 [ptlrpc]
00013  nodemap_save_config_cache+0x123/0x19b0 [ptlrpc]
00013  ? nm_config_file_register_tgt+0x19b/0x860 [ptlrpc]
00013  nm_config_file_register_tgt+0x1a9/0x860 [ptlrpc]
00013  ofd_device_alloc+0x219a/0x35e0 [ofd]
00013  obd_setup+0x25c/0x950 [obdclass]
00013  class_setup+0xc7d/0x10e0 [obdclass]
00013  class_process_config+0x2edb/0x7cb0 [obdclass]
00013  ? local_trylock_acquire+0xb/0x70
00013  ? __kasan_kmalloc+0x72/0x80
00013  ? class_config_llog_handler+0x2954/0x4f80 [obdclass]
00013  class_config_llog_handler+0x2cea/0x4f80 [obdclass]
00013  ? lustre_cfg_rec_free+0x350/0x350 [obdclass]
00013  llog_process_thread+0x1fd2/0x4f70 [obdclass]
00013  ? _raw_spin_unlock+0x23/0x40
00013  llog_process_thread_daemonize+0x16d/0x1b0 [obdclass]
00013  kthread+0x2cd/0x3a0
00013  ? llog_process_or_fork+0xc90/0xc90 [obdclass]
00013  ? kthread_unuse_mm+0x130/0x130
00013  ret_from_fork+0x18c/0x520
00013  ? kthread_unuse_mm+0x130/0x130
00013  ret_from_fork_asm+0x11/0x20
00013  </TASK>
00013 ---[ end trace 0000000000000000 ]---
00020 ------------[ cut here ]------------
00020 WARNING: /home/ktest/git/linux/include/linux/fs.h:889 at osd_create+0xbf7/0x1000 [osd_wbcfs], CPU#0: llog_process_th/1810
00020 Modules linked in: ofd(O) osp(O) mdd(O) lod(O) mdt(O) lquota(O) lfsck(O) mgs(O) osd_wbcfs(O) lustre(O) obdecho(O) mgc(O) mdc(O) lov(O) osc(O) lmv(O) ec(O) fid(O) fld(O) ptlrpc(O) efivarfs obdclass(O) ksocklnd(O) lnet(O) libcfs(O)
00020 CPU: 0 UID: 0 PID: 1810 Comm: llog_process_th Tainted: G        W  O        7.0.0-ktest-f55a92a-6330a45-20260730-dirty #1 PREEMPT 
00020 Tainted: [W]=WARN, [O]=OOT_MODULE
00020 Hardware name: QEMU Standard PC (Q35 + ICH9, 2009), BIOS 2025.11-3ubuntu7 03/31/2026
00020 RIP: 0010:osd_create+0xbf7/0x1000 [osd_wbcfs]
00020 Code: c7 c7 60 a1 7b a1 48 c7 c6 00 63 7d a1 48 c7 c2 80 6c 7d a1 e8 0a ec 43 ff 48 c7 c7 60 a1 7b a1 e8 fe 7b 44 ff e9 9c fb ff ff <0f> 0b e9 35 f9 ff ff 48 c7 c1 80 44 5d a0 80 e1 07 80 c1 03 38 c1
00020 RSP: 0018:ffffc9000402f698 EFLAGS: 00010246
00020 RAX: 0000000000000000 RBX: ffff888104762400 RCX: 0000000000000046
00020 RDX: 0000000000000000 RSI: ffff888025ed6620 RDI: ffff888046b22a58
00020 RBP: ffff8881047624e0 R08: ffffffff83a16803 R09: 1ffffffff0742d00
00020 R10: dffffc0000000000 R11: fffffbfff0742d01 R12: dffffc0000000000
00020 R13: 1ffff92000805ef8 R14: ffff888046b228a0 R15: ffff888025ed6590
00020 FS:  0000000000000000(0000) GS:ffff8881d4a2a000(0000) knlGS:0000000000000000
00020 CS:  0010 DS: 0000 ES: 0000 CR0: 0000000080050033
00020 CR2: 00007f5953805780 CR3: 000000011bf8c000 CR4: 0000000000750eb0
00020 PKRU: 55555554
00020 Call Trace:
00020  <TASK>
00020  dt_find_or_create+0x81a/0x1170 [obdclass]
00020  osp_find_or_create_local_file+0x266/0x690 [osp]
00020  osp_last_used_init+0x22c/0x2150 [osp]
00020  ? client_fid_init+0x636/0x9f0 [fid]
00020  osp_device_alloc+0x19a2/0x2e10 [osp]
00020  obd_setup+0x25c/0x950 [obdclass]
00020  class_setup+0xc7d/0x10e0 [obdclass]
00020  class_process_config+0x2edb/0x7cb0 [obdclass]
00020  ? __kasan_kmalloc+0x72/0x80
00020  ? class_config_llog_handler+0x2954/0x4f80 [obdclass]
00020  class_config_llog_handler+0x2cea/0x4f80 [obdclass]
00020  ? lustre_cfg_rec_free+0x350/0x350 [obdclass]
00020  llog_process_thread+0x1fd2/0x4f70 [obdclass]
00020  ? _raw_spin_unlock+0x23/0x40
00020  llog_process_thread_daemonize+0x16d/0x1b0 [obdclass]
00020  kthread+0x2cd/0x3a0
00020  ? llog_process_or_fork+0xc90/0xc90 [obdclass]
00020  ? kthread_unuse_mm+0x130/0x130
00020  ret_from_fork+0x18c/0x520
00020  ? kthread_unuse_mm+0x130/0x130
00020  ret_from_fork_asm+0x11/0x20
00020  </TASK>
00020 ---[ end trace 0000000000000000 ]---
00020 ------------[ cut here ]------------
00020 WARNING: /home/ktest/git/linux/include/linux/fs.h:889 at osd_create+0xbf7/0x1000 [osd_wbcfs], CPU#0: llog_process_th/1810
00020 Modules linked in: ofd(O) osp(O) mdd(O) lod(O) mdt(O) lquota(O) lfsck(O) mgs(O) osd_wbcfs(O) lustre(O) obdecho(O) mgc(O) mdc(O) lov(O) osc(O) lmv(O) ec(O) fid(O) fld(O) ptlrpc(O) efivarfs obdclass(O) ksocklnd(O) lnet(O) libcfs(O)
00020 CPU: 0 UID: 0 PID: 1810 Comm: llog_process_th Tainted: G        W  O        7.0.0-ktest-f55a92a-6330a45-20260730-dirty #1 PREEMPT 
00020 Tainted: [W]=WARN, [O]=OOT_MODULE
00020 Hardware name: QEMU Standard PC (Q35 + ICH9, 2009), BIOS 2025.11-3ubuntu7 03/31/2026
00020 RIP: 0010:osd_create+0xbf7/0x1000 [osd_wbcfs]
00020 Code: c7 c7 60 a1 7b a1 48 c7 c6 00 63 7d a1 48 c7 c2 80 6c 7d a1 e8 0a ec 43 ff 48 c7 c7 60 a1 7b a1 e8 fe 7b 44 ff e9 9c fb ff ff <0f> 0b e9 35 f9 ff ff 48 c7 c1 80 44 5d a0 80 e1 07 80 c1 03 38 c1
00020 RSP: 0018:ffffc9000402f698 EFLAGS: 00010246
00020 RAX: 0000000000000000 RBX: ffff888104760400 RCX: 0000000000000046
00020 RDX: 0000000000000000 RSI: ffff888025ed5f08 RDI: ffff888046b22a58
00020 RBP: ffff8881047604e0 R08: ffffffff83a16803 R09: 1ffffffff0742d00
00020 R10: dffffc0000000000 R11: fffffbfff0742d01 R12: dffffc0000000000
00020 R13: 1ffff92000805ef8 R14: ffff888046b228a0 R15: ffff888025ed5e78
00020 FS:  0000000000000000(0000) GS:ffff8881d4a2a000(0000) knlGS:0000000000000000
00020 CS:  0010 DS: 0000 ES: 0000 CR0: 0000000080050033
00020 CR2: 00007f5953805780 CR3: 000000011bf8c000 CR4: 0000000000750eb0
00020 PKRU: 55555554
00020 Call Trace:
00020  <TASK>
00020  dt_find_or_create+0x81a/0x1170 [obdclass]
00020  osp_find_or_create_local_file+0x266/0x690 [osp]
00020  osp_last_used_init+0x95c/0x2150 [osp]
00020  osp_device_alloc+0x19a2/0x2e10 [osp]
00020  obd_setup+0x25c/0x950 [obdclass]
00020  class_setup+0xc7d/0x10e0 [obdclass]
00020  class_process_config+0x2edb/0x7cb0 [obdclass]
00020  ? __kasan_kmalloc+0x72/0x80
00020  ? class_config_llog_handler+0x2954/0x4f80 [obdclass]
00020  class_config_llog_handler+0x2cea/0x4f80 [obdclass]
00020  ? lustre_cfg_rec_free+0x350/0x350 [obdclass]
00020  llog_process_thread+0x1fd2/0x4f70 [obdclass]
00020  ? _raw_spin_unlock+0x23/0x40
00020  llog_process_thread_daemonize+0x16d/0x1b0 [obdclass]
00020  kthread+0x2cd/0x3a0
00020  ? llog_process_or_fork+0xc90/0xc90 [obdclass]
00020  ? kthread_unuse_mm+0x130/0x130
00020  ret_from_fork+0x18c/0x520
00020  ? kthread_unuse_mm+0x130/0x130
00020  ret_from_fork_asm+0x11/0x20
00020  </TASK>
00020 ---[ end trace 0000000000000000 ]---
00020 ------------[ cut here ]------------
00020 WARNING: /home/ktest/git/linux/include/linux/fs.h:889 at osd_create+0xbf7/0x1000 [osd_wbcfs], CPU#0: llog_process_th/1810
00020 Modules linked in: ofd(O) osp(O) mdd(O) lod(O) mdt(O) lquota(O) lfsck(O) mgs(O) osd_wbcfs(O) lustre(O) obdecho(O) mgc(O) mdc(O) lov(O) osc(O) lmv(O) ec(O) fid(O) fld(O) ptlrpc(O) efivarfs obdclass(O) ksocklnd(O) lnet(O) libcfs(O)
00020 CPU: 0 UID: 0 PID: 1810 Comm: llog_process_th Tainted: G        W  O        7.0.0-ktest-f55a92a-6330a45-20260730-dirty #1 PREEMPT 
00020 Tainted: [W]=WARN, [O]=OOT_MODULE
00020 Hardware name: QEMU Standard PC (Q35 + ICH9, 2009), BIOS 2025.11-3ubuntu7 03/31/2026
00020 RIP: 0010:osd_create+0xbf7/0x1000 [osd_wbcfs]
00020 Code: c7 c7 60 a1 7b a1 48 c7 c6 00 63 7d a1 48 c7 c2 80 6c 7d a1 e8 0a ec 43 ff 48 c7 c7 60 a1 7b a1 e8 fe 7b 44 ff e9 9c fb ff ff <0f> 0b e9 35 f9 ff ff 48 c7 c1 80 44 5d a0 80 e1 07 80 c1 03 38 c1
00020 RSP: 0018:ffffc9000402f668 EFLAGS: 00010246
00020 RAX: 0000000000000000 RBX: ffff8881048d4800 RCX: 0000000000000046
00020 RDX: 0000000000000000 RSI: ffff888025ed57f0 RDI: ffff888046b22a58
00020 RBP: ffff8881048d48e0 R08: ffffffff83a16803 R09: 1ffffffff0742d00
00020 R10: dffffc0000000000 R11: fffffbfff0742d01 R12: dffffc0000000000
00020 R13: 1ffff1102085318f R14: ffff888046b228a0 R15: ffff888025ed5760
00020 FS:  0000000000000000(0000) GS:ffff8881d4a2a000(0000) knlGS:0000000000000000
00020 CS:  0010 DS: 0000 ES: 0000 CR0: 0000000080050033
00020 CR2: 00007f5953805780 CR3: 000000011bf8c000 CR4: 0000000000750eb0
00020 PKRU: 55555554
00020 Call Trace:
00020  <TASK>
00020  llog_osd_get_cat_list+0x64d/0x1470 [obdclass]
00020  osp_sync_init+0x7a6/0x2760 [osp]
00020  ? is_module_address+0x1b/0x70
00020  osp_device_alloc+0x1b91/0x2e10 [osp]
00020  obd_setup+0x25c/0x950 [obdclass]
00020  class_setup+0xc7d/0x10e0 [obdclass]
00020  class_process_config+0x2edb/0x7cb0 [obdclass]
00020  ? __kasan_kmalloc+0x72/0x80
00020  ? class_config_llog_handler+0x2954/0x4f80 [obdclass]
00020  class_config_llog_handler+0x2cea/0x4f80 [obdclass]
00020  ? lustre_cfg_rec_free+0x350/0x350 [obdclass]
00020  llog_process_thread+0x1fd2/0x4f70 [obdclass]
00020  ? _raw_spin_unlock+0x23/0x40
00020  llog_process_thread_daemonize+0x16d/0x1b0 [obdclass]
00020  kthread+0x2cd/0x3a0
00020  ? llog_process_or_fork+0xc90/0xc90 [obdclass]
00020  ? kthread_unuse_mm+0x130/0x130
00020  ret_from_fork+0x18c/0x520
00020  ? kthread_unuse_mm+0x130/0x130
00020  ret_from_fork_asm+0x11/0x20
00020  </TASK>
00020 ---[ end trace 0000000000000000 ]---
00020 ------------[ cut here ]------------
00020 WARNING: /home/ktest/git/linux/include/linux/fs.h:889 at osd_create+0xbf7/0x1000 [osd_wbcfs], CPU#0: llog_process_th/1810
00020 Modules linked in: ofd(O) osp(O) mdd(O) lod(O) mdt(O) lquota(O) lfsck(O) mgs(O) osd_wbcfs(O) lustre(O) obdecho(O) mgc(O) mdc(O) lov(O) osc(O) lmv(O) ec(O) fid(O) fld(O) ptlrpc(O) efivarfs obdclass(O) ksocklnd(O) lnet(O) libcfs(O)
00020 CPU: 0 UID: 0 PID: 1810 Comm: llog_process_th Tainted: G        W  O        7.0.0-ktest-f55a92a-6330a45-20260730-dirty #1 PREEMPT 
00020 Tainted: [W]=WARN, [O]=OOT_MODULE
00020 Hardware name: QEMU Standard PC (Q35 + ICH9, 2009), BIOS 2025.11-3ubuntu7 03/31/2026
00020 RIP: 0010:osd_create+0xbf7/0x1000 [osd_wbcfs]
00020 Code: c7 c7 60 a1 7b a1 48 c7 c6 00 63 7d a1 48 c7 c2 80 6c 7d a1 e8 0a ec 43 ff 48 c7 c7 60 a1 7b a1 e8 fe 7b 44 ff e9 9c fb ff ff <0f> 0b e9 35 f9 ff ff 48 c7 c1 80 44 5d a0 80 e1 07 80 c1 03 38 c1
00020 RSP: 0018:ffffc9000402f578 EFLAGS: 00010246
00020 RAX: 0000000000000000 RBX: ffff888104293c00 RCX: 0000000000000046
00020 RDX: 0000000000000000 RSI: ffff888138e9d0d8 RDI: ffff888046b22a58
00020 RBP: ffff888104293ce0 R08: ffffffff83a16803 R09: 1ffffffff0742d00
00020 R10: dffffc0000000000 R11: fffffbfff0742d01 R12: dffffc0000000000
00020 R13: 1ffff1102085318f R14: ffff888046b228a0 R15: ffff888138e9d048
00020 FS:  0000000000000000(0000) GS:ffff8881d4a2a000(0000) knlGS:0000000000000000
00020 CS:  0010 DS: 0000 ES: 0000 CR0: 0000000080050033
00020 CR2: 00007f5953805780 CR3: 000000011bf8c000 CR4: 0000000000750eb0
00020 PKRU: 55555554
00020 Call Trace:
00020  <TASK>
00020  local_object_create+0x109/0x640 [obdclass]
00020  ? dt_write_lock+0x16d/0x2a0 [obdclass]
00020  llog_osd_create+0x356/0x10d0 [obdclass]
00020  llog_create+0x2ed/0x530 [obdclass]
00020  llog_open_create+0x6e7/0xb30 [obdclass]
00020  osp_sync_init+0xfc0/0x2760 [osp]
00020  osp_device_alloc+0x1b91/0x2e10 [osp]
00020  obd_setup+0x25c/0x950 [obdclass]
00020  class_setup+0xc7d/0x10e0 [obdclass]
00020  class_process_config+0x2edb/0x7cb0 [obdclass]
00020  ? __kasan_kmalloc+0x72/0x80
00020  ? class_config_llog_handler+0x2954/0x4f80 [obdclass]
00020  class_config_llog_handler+0x2cea/0x4f80 [obdclass]
00020  ? lustre_cfg_rec_free+0x350/0x350 [obdclass]
00020  llog_process_thread+0x1fd2/0x4f70 [obdclass]
00020  ? _raw_spin_unlock+0x23/0x40
00020  llog_process_thread_daemonize+0x16d/0x1b0 [obdclass]
00020  kthread+0x2cd/0x3a0
00020  ? llog_process_or_fork+0xc90/0xc90 [obdclass]
00020  ? kthread_unuse_mm+0x130/0x130
00020  ret_from_fork+0x18c/0x520
00020  ? kthread_unuse_mm+0x130/0x130
00020  ret_from_fork_asm+0x11/0x20
00020  </TASK>
00020 ---[ end trace 0000000000000000 ]---
00020 ------------[ cut here ]------------
00020 WARNING: /home/ktest/git/linux/include/linux/fs.h:889 at osd_create+0xbf7/0x1000 [osd_wbcfs], CPU#0: llog_process_th/1810
00020 Modules linked in: ofd(O) osp(O) mdd(O) lod(O) mdt(O) lquota(O) lfsck(O) mgs(O) osd_wbcfs(O) lustre(O) obdecho(O) mgc(O) mdc(O) lov(O) osc(O) lmv(O) ec(O) fid(O) fld(O) ptlrpc(O) efivarfs obdclass(O) ksocklnd(O) lnet(O) libcfs(O)
00020 CPU: 0 UID: 0 PID: 1810 Comm: llog_process_th Tainted: G        W  O        7.0.0-ktest-f55a92a-6330a45-20260730-dirty #1 PREEMPT 
00020 Tainted: [W]=WARN, [O]=OOT_MODULE
00020 Hardware name: QEMU Standard PC (Q35 + ICH9, 2009), BIOS 2025.11-3ubuntu7 03/31/2026
00020 RIP: 0010:osd_create+0xbf7/0x1000 [osd_wbcfs]
00020 Code: c7 c7 60 a1 7b a1 48 c7 c6 00 63 7d a1 48 c7 c2 80 6c 7d a1 e8 0a ec 43 ff 48 c7 c7 60 a1 7b a1 e8 fe 7b 44 ff e9 9c fb ff ff <0f> 0b e9 35 f9 ff ff 48 c7 c1 80 44 5d a0 80 e1 07 80 c1 03 38 c1
00020 RSP: 0018:ffffc9000402f428 EFLAGS: 00010246
00020 RAX: 0000000000000000 RBX: ffff8881341e0c00 RCX: 0000000000000046
00020 RDX: 0000000000000000 RSI: ffff888105933478 RDI: ffff888046b22a80
00020 RBP: ffff8881341e0ce0 R08: ffffffff83a16803 R09: 1ffffffff0742d00
00020 R10: dffffc0000000000 R11: fffffbfff0742d01 R12: dffffc0000000000
00020 R13: 1ffff1102085318f R14: ffff888046b228a0 R15: ffff8881059333e8
00020 FS:  0000000000000000(0000) GS:ffff8881d4a2a000(0000) knlGS:0000000000000000
00020 CS:  0010 DS: 0000 ES: 0000 CR0: 0000000080050033
00020 CR2: 00007f5953805780 CR3: 000000011bf8c000 CR4: 0000000000750eb0
00020 PKRU: 55555554
00020 Call Trace:
00020  <TASK>
00020  local_object_create+0x109/0x640 [obdclass]
00020  ? dt_write_lock+0x16d/0x2a0 [obdclass]
00020  llog_osd_create+0x356/0x10d0 [obdclass]
00020  llog_create+0x2ed/0x530 [obdclass]
00020  llog_cat_new_log+0x6d1/0x2970 [obdclass]
00020  llog_cat_add_rec+0x6ba/0x1960 [obdclass]
00020  llog_cat_add+0x499/0x7a0 [obdclass]
00020  osp_sync_init+0x1588/0x2760 [osp]
00020  osp_device_alloc+0x1b91/0x2e10 [osp]
00020  obd_setup+0x25c/0x950 [obdclass]
00020  class_setup+0xc7d/0x10e0 [obdclass]
00020  class_process_config+0x2edb/0x7cb0 [obdclass]
00020  ? __kasan_kmalloc+0x72/0x80
00020  ? class_config_llog_handler+0x2954/0x4f80 [obdclass]
00020  class_config_llog_handler+0x2cea/0x4f80 [obdclass]
00020  ? lustre_cfg_rec_free+0x350/0x350 [obdclass]
00020  llog_process_thread+0x1fd2/0x4f70 [obdclass]
00020  ? _raw_spin_unlock+0x23/0x40
00020  llog_process_thread_daemonize+0x16d/0x1b0 [obdclass]
00020  kthread+0x2cd/0x3a0
00020  ? llog_process_or_fork+0xc90/0xc90 [obdclass]
00020  ? kthread_unuse_mm+0x130/0x130
00020  ret_from_fork+0x18c/0x520
00020  ? kthread_unuse_mm+0x130/0x130
00020  ret_from_fork_asm+0x11/0x20
00020  </TASK>
00020 ---[ end trace 0000000000000000 ]---
00020 Lustre: ctl-lustre-MDT0000: super-sequence allocation rc = 0 [0x0000000280000400-0x00000002c0000400]:0:ost
00020 ------------[ cut here ]------------
00020 Lustre: Skipped 1 previous similar message
00020 WARNING: /home/ktest/git/linux/include/linux/fs.h:889 at osd_create+0xbf7/0x1000 [osd_wbcfs], CPU#0: llog_process_th/1810
00020 Lustre: cli-lustre-OST0000-super: Allocated super-sequence [0x0000000280000400-0x00000002c0000400]:0:ost]
00020 Modules linked in: ofd(O) osp(O) mdd(O) lod(O) mdt(O) lquota(O) lfsck(O) mgs(O) osd_wbcfs(O) lustre(O) obdecho(O) mgc(O) mdc(O) lov(O) osc(O) lmv(O) ec(O) fid(O) fld(O) ptlrpc(O) efivarfs obdclass(O) ksocklnd(O) lnet(O) libcfs(O)
00020 CPU: 0 UID: 0 PID: 1810 Comm: llog_process_th Tainted: G        W  O        7.0.0-ktest-f55a92a-6330a45-20260730-dirty #1 PREEMPT 
00020 ------------[ cut here ]------------
00020 Tainted: [W]=WARN, [O]=OOT_MODULE
00020 WARNING: /home/ktest/git/linux/include/linux/fs.h:889 at osd_create+0xbf7/0x1000 [osd_wbcfs], CPU#1: ll_ost00_002/1777
00020 Hardware name: QEMU Standard PC (Q35 + ICH9, 2009), BIOS 2025.11-3ubuntu7 03/31/2026
00020 Modules linked in: ofd(O) osp(O) mdd(O)
00020 RIP: 0010:osd_create+0xbf7/0x1000 [osd_wbcfs]
00020  lod(O)
00020  mdt(O)
00020 Code: c7 c7 60 a1 7b a1 48 c7 c6 00 63 7d a1 48 c7 c2 80 6c 7d a1 e8 0a ec 43 ff 48 c7 c7 60 a1 7b a1 e8 fe 7b 44 ff e9 9c fb ff ff <0f> 0b e9 35 f9 ff ff 48 c7 c1 80 44 5d a0 80 e1 07 80 c1 03 38 c1
00020  lquota(O)
00020 RSP: 0018:ffffc9000402f578 EFLAGS: 00010246
00020  lfsck(O)
00020 
00020  mgs(O)
00020 RAX: 0000000000000000 RBX: ffff888134441800 RCX: 0000000000000046
00020  osd_wbcfs(O)
00020 RDX: 0000000000000000 RSI: ffff888105932d60 RDI: ffff888046b22a58
00020  lustre(O)
00020 RBP: ffff8881344418e0 R08: ffffffff83a16803 R09: 1ffffffff0742d00
00020  obdecho(O)
00020 R10: dffffc0000000000 R11: fffffbfff0742d01 R12: dffffc0000000000
00020  mgc(O)
00020 R13: 1ffff1102664af0f R14: ffff888046b228a0 R15: ffff888105932cd0
00020  mdc(O)
00020 FS:  0000000000000000(0000) GS:ffff8881d4a2a000(0000) knlGS:0000000000000000
00020  lov(O)
00020 CS:  0010 DS: 0000 ES: 0000 CR0: 0000000080050033
00020  osc(O)
00020 CR2: 00007f5953805780 CR3: 000000011bf8c000 CR4: 0000000000750eb0
00020  lmv(O)
00020 PKRU: 55555554
00020  ec(O)
00020 Call Trace:
00020  fid(O)
00020  <TASK>
00020  fld(O) ptlrpc(O) efivarfs obdclass(O) ksocklnd(O) lnet(O) libcfs(O)
00020  local_object_create+0x109/0x640 [obdclass]
00020 CPU: 1 UID: 0 PID: 1777 Comm: ll_ost00_002 Tainted: G        W  O        7.0.0-ktest-f55a92a-6330a45-20260730-dirty #1 PREEMPT 
00020  ? dt_write_lock+0x16d/0x2a0 [obdclass]
00020 Tainted: [W]=WARN, [O]=OOT_MODULE
00020 Hardware name: QEMU Standard PC (Q35 + ICH9, 2009), BIOS 2025.11-3ubuntu7 03/31/2026
00020 RIP: 0010:osd_create+0xbf7/0x1000 [osd_wbcfs]
00020 Code: c7 c7 60 a1 7b a1 48 c7 c6 00 63 7d a1 48 c7 c2 80 6c 7d a1 e8 0a ec 43 ff 48 c7 c7 60 a1 7b a1 e8 fe 7b 44 ff e9 9c fb ff ff <0f> 0b e9 35 f9 ff ff 48 c7 c1 80 44 5d a0 80 e1 07 80 c1 03 38 c1
00020  llog_osd_create+0x356/0x10d0 [obdclass]
00020 RSP: 0018:ffffc90003e77928 EFLAGS: 00010246
00020  llog_create+0x2ed/0x530 [obdclass]
00020 RAX: 0000000000000000 RBX: ffff888133ce6c00 RCX: 0000000000000046
00020 RDX: 0000000000000000 RSI: ffff8880421bed38 RDI: ffff888104af0998
00020 RBP: ffff888133ce6ce0 R08: ffffffff83a16803 R09: 1ffffffff0742d00
00020 R10: dffffc0000000000 R11: fffffbfff0742d01 R12: dffffc0000000000
00020 R13: 1ffff11020950f42 R14: ffff888104af07e0 R15: ffff8880421beca8
00020 FS:  0000000000000000(0000) GS:ffff8881d4aaa000(0000) knlGS:0000000000000000
00020 CS:  0010 DS: 0000 ES: 0000 CR0: 0000000080050033
00020 CR2: 000055b460f452d0 CR3: 000000013521f000 CR4: 0000000000750eb0
00020 PKRU: 55555554
00020 Call Trace:
00020  <TASK>
00020  dt_find_or_create+0x81a/0x1170 [obdclass]
00020  llog_open_create+0x6e7/0xb30 [obdclass]
00020  ofd_seq_load+0x605/0x1ac0 [ofd]
00020  osp_sync_init+0xfc0/0x2760 [osp]
00020  ofd_get_info_hdl+0xfdd/0x2330 [ofd]
00020  osp_device_alloc+0x1b91/0x2e10 [osp]
00020  tgt_request_handle+0x23ad/0x3d30 [ptlrpc]
00020  obd_setup+0x25c/0x950 [obdclass]
00020  ptlrpc_main+0x6359/0x96f0 [ptlrpc]
00020  class_setup+0xc7d/0x10e0 [obdclass]
00020  ? __kthread_parkme+0x73/0x130
00020  class_process_config+0x2edb/0x7cb0 [obdclass]
00020  kthread+0x2cd/0x3a0
00020  ? __kasan_kmalloc+0x72/0x80
00020  ? ptlrpc_start_thread+0x1f10/0x1f10 [ptlrpc]
00020  ? class_config_llog_handler+0x2954/0x4f80 [obdclass]
00020  ? kthread_unuse_mm+0x130/0x130
00020  class_config_llog_handler+0x2cea/0x4f80 [obdclass]
00020  ret_from_fork+0x18c/0x520
00020  ? kthread_unuse_mm+0x130/0x130
00020  ret_from_fork_asm+0x11/0x20
00020  ? lustre_cfg_rec_free+0x350/0x350 [obdclass]
00020  </TASK>
00020  llog_process_thread+0x1fd2/0x4f70 [obdclass]
00020 ---[ end trace 0000000000000000 ]---
00020  ? _raw_spin_unlock+0x23/0x40
00020  llog_process_thread_daemonize+0x16d/0x1b0 [obdclass]
00020  kthread+0x2cd/0x3a0
00020  ? llog_process_or_fork+0xc90/0xc90 [obdclass]
00020  ? kthread_unuse_mm+0x130/0x130
00020  ret_from_fork+0x18c/0x520
00020  ? kthread_unuse_mm+0x130/0x130
00020  ret_from_fork_asm+0x11/0x20
00020  </TASK>
00020 ---[ end trace 0000000000000000 ]---
00020 ------------[ cut here ]------------
00020 WARNING: /home/ktest/git/linux/include/linux/fs.h:889 at osd_create+0xbf7/0x1000 [osd_wbcfs], CPU#1: ll_ost00_002/1777
00020 ------------[ cut here ]------------
00020 Modules linked in: ofd(O) osp(O) mdd(O) lod(O) mdt(O) lquota(O) lfsck(O) mgs(O) osd_wbcfs(O) lustre(O)
00020 WARNING: /home/ktest/git/linux/include/linux/fs.h:889 at osd_create+0xbf7/0x1000 [osd_wbcfs], CPU#0: llog_process_th/1810
00020  obdecho(O)
00020 Modules linked in:
00020  mgc(O)
00020  ofd(O)
00020  mdc(O)
00020  osp(O)
00020  lov(O)
00020  mdd(O)
00020  osc(O)
00020  lod(O)
00020  lmv(O)
00020  mdt(O)
00020  ec(O)
00020  lquota(O)
00020  fid(O)
00020  lfsck(O)
00020  fld(O)
00020  mgs(O)
00020  ptlrpc(O)
00020  osd_wbcfs(O)
00020  efivarfs
00020  lustre(O)
00020  obdclass(O)
00020  obdecho(O)
00020  ksocklnd(O)
00020  mgc(O)
00020  lnet(O)
00020  mdc(O)
00020  libcfs(O)
00020  lov(O)
00020 
00020  osc(O)
00020 CPU: 1 UID: 0 PID: 1777 Comm: ll_ost00_002 Tainted: G        W  O        7.0.0-ktest-f55a92a-6330a45-20260730-dirty #1 PREEMPT 
00020  lmv(O)
00020 Tainted: [W]=WARN, [O]=OOT_MODULE
00020  ec(O) fid(O) fld(O) ptlrpc(O) efivarfs obdclass(O)
00020 Hardware name: QEMU Standard PC (Q35 + ICH9, 2009), BIOS 2025.11-3ubuntu7 03/31/2026
00020  ksocklnd(O)
00020 RIP: 0010:osd_create+0xbf7/0x1000 [osd_wbcfs]
00020  lnet(O)
00020 Code: c7 c7 60 a1 7b a1 48 c7 c6 00 63 7d a1 48 c7 c2 80 6c 7d a1 e8 0a ec 43 ff 48 c7 c7 60 a1 7b a1 e8 fe 7b 44 ff e9 9c fb ff ff <0f> 0b e9 35 f9 ff ff 48 c7 c1 80 44 5d a0 80 e1 07 80 c1 03 38 c1
00020  libcfs(O)
00020 RSP: 0018:ffffc90003e77850 EFLAGS: 00010246
00020 
00020 
00020 CPU: 0 UID: 0 PID: 1810 Comm: llog_process_th Tainted: G        W  O        7.0.0-ktest-f55a92a-6330a45-20260730-dirty #1 PREEMPT 
00020 RAX: 0000000000000000 RBX: ffff888133ce6400 RCX: 0000000000000046
00020 Tainted: [W]=WARN, [O]=OOT_MODULE
00020 RDX: 0000000000000000 RSI: ffff8880421be620 RDI: ffff888104af09e8
00020 Hardware name: QEMU Standard PC (Q35 + ICH9, 2009), BIOS 2025.11-3ubuntu7 03/31/2026
00020 RBP: ffff888133ce64e0 R08: ffffffff83a16803 R09: 1ffffffff0742d00
00020 RIP: 0010:osd_create+0xbf7/0x1000 [osd_wbcfs]
00020 R10: dffffc0000000000 R11: fffffbfff0742d01 R12: dffffc0000000000
00020 Code: c7 c7 60 a1 7b a1 48 c7 c6 00 63 7d a1 48 c7 c2 80 6c 7d a1 e8 0a ec 43 ff 48 c7 c7 60 a1 7b a1 e8 fe 7b 44 ff e9 9c fb ff ff <0f> 0b e9 35 f9 ff ff 48 c7 c1 80 44 5d a0 80 e1 07 80 c1 03 38 c1
00020 R13: 1ffff11020950f42 R14: ffff888104af07e0 R15: ffff8880421be590
00020 RSP: 0018:ffffc9000402f428 EFLAGS: 00010246
00020 FS:  0000000000000000(0000) GS:ffff8881d4aaa000(0000) knlGS:0000000000000000
00020 
00020 CS:  0010 DS: 0000 ES: 0000 CR0: 0000000080050033
00020 RAX: 0000000000000000 RBX: ffff88813445cc00 RCX: 0000000000000046
00020 CR2: 000055b460f452d0 CR3: 000000013521f000 CR4: 0000000000750eb0
00020 RDX: 0000000000000000 RSI: ffff88813476d0d8 RDI: ffff888046b22a80
00020 PKRU: 55555554
00020 RBP: ffff88813445cce0 R08: ffffffff83a16803 R09: 1ffffffff0742d00
00020 Call Trace:
00020 R10: dffffc0000000000 R11: fffffbfff0742d01 R12: dffffc0000000000
00020  <TASK>
00020 R13: 1ffff1102664af0f R14: ffff888046b228a0 R15: ffff88813476d048
00020  ofd_precreate_objects+0x1bd8/0x3220 [ofd]
00020 FS:  0000000000000000(0000) GS:ffff8881d4a2a000(0000) knlGS:0000000000000000
00020  ofd_create_hdl+0x2015/0x3510 [ofd]
00020 CS:  0010 DS: 0000 ES: 0000 CR0: 0000000080050033
00020  tgt_request_handle+0x23ad/0x3d30 [ptlrpc]
00020 CR2: 00007f5953805780 CR3: 000000011bf8c000 CR4: 0000000000750eb0
00020 PKRU: 55555554
00020 Call Trace:
00020  <TASK>
00020  local_object_create+0x109/0x640 [obdclass]
00020  ptlrpc_main+0x6359/0x96f0 [ptlrpc]
00020  ? __kthread_parkme+0x73/0x130
00020  ? dt_write_lock+0x16d/0x2a0 [obdclass]
00020  kthread+0x2cd/0x3a0
00020  ? ptlrpc_start_thread+0x1f10/0x1f10 [ptlrpc]
00020  llog_osd_create+0x356/0x10d0 [obdclass]
00020  ? kthread_unuse_mm+0x130/0x130
00020  ret_from_fork+0x18c/0x520
00020  ? kthread_unuse_mm+0x130/0x130
00020  ret_from_fork_asm+0x11/0x20
00020  </TASK>
00020 ---[ end trace 0000000000000000 ]---
00020 ------------[ cut here ]------------
00020  llog_create+0x2ed/0x530 [obdclass]
00020 WARNING: /home/ktest/git/linux/include/linux/fs.h:889 at osd_create+0xbf7/0x1000 [osd_wbcfs], CPU#1: ll_ost00_002/1777
00020  llog_cat_new_log+0x6d1/0x2970 [obdclass]
00020 Modules linked in: ofd(O) osp(O) mdd(O) lod(O) mdt(O) lquota(O) lfsck(O) mgs(O) osd_wbcfs(O) lustre(O) obdecho(O) mgc(O) mdc(O) lov(O) osc(O) lmv(O) ec(O) fid(O) fld(O) ptlrpc(O) efivarfs obdclass(O) ksocklnd(O) lnet(O) libcfs(O)
00020  llog_cat_add_rec+0x6ba/0x1960 [obdclass]
00020 CPU: 1 UID: 0 PID: 1777 Comm: ll_ost00_002 Tainted: G        W  O        7.0.0-ktest-f55a92a-6330a45-20260730-dirty #1 PREEMPT 
00020  llog_cat_add+0x499/0x7a0 [obdclass]
00020 Tainted: [W]=WARN, [O]=OOT_MODULE
00020  osp_sync_init+0x1588/0x2760 [osp]
00020 Hardware name: QEMU Standard PC (Q35 + ICH9, 2009), BIOS 2025.11-3ubuntu7 03/31/2026
00020  osp_device_alloc+0x1b91/0x2e10 [osp]
00020 RIP: 0010:osd_create+0xbf7/0x1000 [osd_wbcfs]
00020  obd_setup+0x25c/0x950 [obdclass]
00020 Code: c7 c7 60 a1 7b a1 48 c7 c6 00 63 7d a1 48 c7 c2 80 6c 7d a1 e8 0a ec 43 ff 48 c7 c7 60 a1 7b a1 e8 fe 7b 44 ff e9 9c fb ff ff <0f> 0b e9 35 f9 ff ff 48 c7 c1 80 44 5d a0 80 e1 07 80 c1 03 38 c1
00020 RSP: 0018:ffffc90003e77850 EFLAGS: 00010246
00020 RAX: 0000000000000000 RBX: ffff888116f5f000 RCX: 0000000000000046
00020 RDX: 0000000000000000 RSI: ffff888134f41f30 RDI: ffff888104af09e8
00020 RBP: ffff888116f5f0e0 R08: ffffffff83a16803 R09: 1ffffffff0742d00
00020 R10: dffffc0000000000 R11: fffffbfff0742d01 R12: dffffc0000000000
00020 R13: 1ffff11020950f42 R14: ffff888104af07e0 R15: ffff888134f41ea0
00020 FS:  0000000000000000(0000) GS:ffff8881d4aaa000(0000) knlGS:0000000000000000
00020 CS:  0010 DS: 0000 ES: 0000 CR0: 0000000080050033
00020 CR2: 000055b460f452d0 CR3: 000000013521f000 CR4: 0000000000750eb0
00020 PKRU: 55555554
00020 Call Trace:
00020  <TASK>
00020  ofd_precreate_objects+0x1bd8/0x3220 [ofd]
00020  class_setup+0xc7d/0x10e0 [obdclass]
00020  ofd_create_hdl+0x2015/0x3510 [ofd]
00020  class_process_config+0x2edb/0x7cb0 [obdclass]
00020  tgt_request_handle+0x23ad/0x3d30 [ptlrpc]
00020  ? __kasan_kmalloc+0x72/0x80
00020  ptlrpc_main+0x6359/0x96f0 [ptlrpc]
00020  ? class_config_llog_handler+0x2954/0x4f80 [obdclass]
00020  ? __kthread_parkme+0x73/0x130
00020  class_config_llog_handler+0x2cea/0x4f80 [obdclass]
00020  kthread+0x2cd/0x3a0
00020  ? lustre_cfg_rec_free+0x350/0x350 [obdclass]
00020  ? ptlrpc_start_thread+0x1f10/0x1f10 [ptlrpc]
00020  llog_process_thread+0x1fd2/0x4f70 [obdclass]
00020  ? kthread_unuse_mm+0x130/0x130
00020  ? _raw_spin_unlock+0x23/0x40
00020  ret_from_fork+0x18c/0x520
00020  llog_process_thread_daemonize+0x16d/0x1b0 [obdclass]
00020  ? kthread_unuse_mm+0x130/0x130
00020  kthread+0x2cd/0x3a0
00020  ret_from_fork_asm+0x11/0x20
00020  ? llog_process_or_fork+0xc90/0xc90 [obdclass]
00020  </TASK>
00020  ? kthread_unuse_mm+0x130/0x130
00020 ---[ end trace 0000000000000000 ]---
00020  ret_from_fork+0x18c/0x520
00020 ------------[ cut here ]------------
00020  ? kthread_unuse_mm+0x130/0x130
00020 WARNING: /home/ktest/git/linux/include/linux/fs.h:889 at osd_create+0xbf7/0x1000 [osd_wbcfs], CPU#1: ll_ost00_002/1777
00020  ret_from_fork_asm+0x11/0x20
00020 Modules linked in:
00020  </TASK>
00020  ofd(O)
00020 ---[ end trace 0000000000000000 ]---
00020  osp(O) mdd(O) lod(O) mdt(O) lquota(O) lfsck(O) mgs(O) osd_wbcfs(O) lustre(O) obdecho(O) mgc(O) mdc(O) lov(O) osc(O) lmv(O) ec(O) fid(O) fld(O) ptlrpc(O) efivarfs obdclass(O) ksocklnd(O) lnet(O) libcfs(O)
00020 CPU: 1 UID: 0 PID: 1777 Comm: ll_ost00_002 Tainted: G        W  O        7.0.0-ktest-f55a92a-6330a45-20260730-dirty #1 PREEMPT 
00020 Tainted: [W]=WARN, [O]=OOT_MODULE
00020 Hardware name: QEMU Standard PC (Q35 + ICH9, 2009), BIOS 2025.11-3ubuntu7 03/31/2026
00020 RIP: 0010:osd_create+0xbf7/0x1000 [osd_wbcfs]
00020 Code: c7 c7 60 a1 7b a1 48 c7 c6 00 63 7d a1 48 c7 c2 80 6c 7d a1 e8 0a ec 43 ff 48 c7 c7 60 a1 7b a1 e8 fe 7b 44 ff e9 9c fb ff ff <0f> 0b e9 35 f9 ff ff 48 c7 c1 80 44 5d a0 80 e1 07 80 c1 03 38 c1
00020 RSP: 0018:ffffc90003e77850 EFLAGS: 00010246
00020 RAX: 0000000000000000 RBX: ffff8881040dfc00 RCX: 0000000000000046
00020 RDX: 0000000000000000 RSI: ffff888134f41818 RDI: ffff888104af09e8
00020 RBP: ffff8881040dfce0 R08: ffffffff83a16803 R09: 1ffffffff0742d00
00020 R10: dffffc0000000000 R11: fffffbfff0742d01 R12: dffffc0000000000
00020 R13: 1ffff11020950f42 R14: ffff888104af07e0 R15: ffff888134f41788
00020 FS:  0000000000000000(0000) GS:ffff8881d4aaa000(0000) knlGS:0000000000000000
00020 CS:  0010 DS: 0000 ES: 0000 CR0: 0000000080050033
00020 CR2: 000055b460f452d0 CR3: 000000013521f000 CR4: 0000000000750eb0
00020 PKRU: 55555554
00020 Call Trace:
00020  <TASK>
00020  ofd_precreate_objects+0x1bd8/0x3220 [ofd]
00020  ofd_create_hdl+0x2015/0x3510 [ofd]
00020  tgt_request_handle+0x23ad/0x3d30 [ptlrpc]
00020  ptlrpc_main+0x6359/0x96f0 [ptlrpc]
00020  ? __kthread_parkme+0x73/0x130
00020  kthread+0x2cd/0x3a0
00020 ------------[ cut here ]------------
00020  ? ptlrpc_start_thread+0x1f10/0x1f10 [ptlrpc]
00020 WARNING: /home/ktest/git/linux/include/linux/fs.h:889 at osd_create+0xbf7/0x1000 [osd_wbcfs], CPU#0: ll_ost00_000/1775
00020 Modules linked in: ofd(O) osp(O) mdd(O) lod(O) mdt(O) lquota(O) lfsck(O) mgs(O) osd_wbcfs(O) lustre(O) obdecho(O) mgc(O) mdc(O) lov(O) osc(O) lmv(O) ec(O) fid(O) fld(O) ptlrpc(O) efivarfs obdclass(O) ksocklnd(O) lnet(O) libcfs(O)
00020 CPU: 0 UID: 0 PID: 1775 Comm: ll_ost00_000 Tainted: G        W  O        7.0.0-ktest-f55a92a-6330a45-20260730-dirty #1 PREEMPT 
00020 Tainted: [W]=WARN, [O]=OOT_MODULE
00020 Hardware name: QEMU Standard PC (Q35 + ICH9, 2009), BIOS 2025.11-3ubuntu7 03/31/2026
00020 RIP: 0010:osd_create+0xbf7/0x1000 [osd_wbcfs]
00020 Code: c7 c7 60 a1 7b a1 48 c7 c6 00 63 7d a1 48 c7 c2 80 6c 7d a1 e8 0a ec 43 ff 48 c7 c7 60 a1 7b a1 e8 fe 7b 44 ff e9 9c fb ff ff <0f> 0b e9 35 f9 ff ff 48 c7 c1 80 44 5d a0 80 e1 07 80 c1 03 38 c1
00020 RSP: 0018:ffffc90001f87928 EFLAGS: 00010246
00020 RAX: 0000000000000000 RBX: ffff888134617000 RCX: 0000000000000046
00020 RDX: 0000000000000000 RSI: ffff88813476c9c0 RDI: ffff888104af4b18
00020 RBP: ffff8881346170e0 R08: ffffffff83a16803 R09: 1ffffffff0742d00
00020 R10: dffffc0000000000 R11: fffffbfff0742d01 R12: dffffc0000000000
00020 R13: 1ffff11023612942 R14: ffff888104af4960 R15: ffff88813476c930
00020 FS:  0000000000000000(0000) GS:ffff8881d4a2a000(0000) knlGS:0000000000000000
00020 CS:  0010 DS: 0000 ES: 0000 CR0: 0000000080050033
00020 CR2: 00007f5953805780 CR3: 000000011bf8c000 CR4: 0000000000750eb0
00020 PKRU: 55555554
00020 Call Trace:
00020  <TASK>
00020  dt_find_or_create+0x81a/0x1170 [obdclass]
00020  ? kthread_unuse_mm+0x130/0x130
00020  ofd_seq_load+0x605/0x1ac0 [ofd]
00020  ret_from_fork+0x18c/0x520
00020  ofd_get_info_hdl+0xfdd/0x2330 [ofd]
00020  ? kthread_unuse_mm+0x130/0x130
00020  tgt_request_handle+0x23ad/0x3d30 [ptlrpc]
00020  ret_from_fork_asm+0x11/0x20
00020  ptlrpc_main+0x6359/0x96f0 [ptlrpc]
00020  </TASK>
00020  ? __kthread_parkme+0x73/0x130
00020 ---[ end trace 0000000000000000 ]---
00020  kthread+0x2cd/0x3a0
00020 ------------[ cut here ]------------
00020  ? ptlrpc_start_thread+0x1f10/0x1f10 [ptlrpc]
00020 WARNING: /home/ktest/git/linux/include/linux/fs.h:889 at osd_create+0xbf7/0x1000 [osd_wbcfs], CPU#1: ll_ost00_002/1777
00020  ? kthread_unuse_mm+0x130/0x130
00020 Modules linked in:
00020  ret_from_fork+0x18c/0x520
00020  ofd(O)
00020  ? kthread_unuse_mm+0x130/0x130
00020  osp(O)
00020  ret_from_fork_asm+0x11/0x20
00020  mdd(O)
00020  </TASK>
00020  lod(O)
00020 ---[ end trace 0000000000000000 ]---
00020  mdt(O) lquota(O) lfsck(O) mgs(O) osd_wbcfs(O) lustre(O) obdecho(O) mgc(O) mdc(O) lov(O) osc(O) lmv(O) ec(O) fid(O) fld(O) ptlrpc(O) efivarfs obdclass(O) ksocklnd(O) lnet(O) libcfs(O)
00020 CPU: 1 UID: 0 PID: 1777 Comm: ll_ost00_002 Tainted: G        W  O        7.0.0-ktest-f55a92a-6330a45-20260730-dirty #1 PREEMPT 
00020 Tainted: [W]=WARN, [O]=OOT_MODULE
00020 ------------[ cut here ]------------
00020 Hardware name: QEMU Standard PC (Q35 + ICH9, 2009), BIOS 2025.11-3ubuntu7 03/31/2026
00020 RIP: 0010:osd_create+0xbf7/0x1000 [osd_wbcfs]
00020 WARNING: /home/ktest/git/linux/include/linux/fs.h:889 at osd_create+0xbf7/0x1000 [osd_wbcfs], CPU#0: ll_ost00_000/1775
00020 Code: c7 c7 60 a1 7b a1 48 c7 c6 00 63 7d a1 48 c7 c2 80 6c 7d a1 e8 0a ec 43 ff 48 c7 c7 60 a1 7b a1 e8 fe 7b 44 ff e9 9c fb ff ff <0f> 0b e9 35 f9 ff ff 48 c7 c1 80 44 5d a0 80 e1 07 80 c1 03 38 c1
00020 Modules linked in:
00020 RSP: 0018:ffffc90003e77850 EFLAGS: 00010246
00020  ofd(O)
00020 
00020  osp(O)
00020 RAX: 0000000000000000 RBX: ffff8881040dec00 RCX: 0000000000000046
00020  mdd(O)
00020 RDX: 0000000000000000 RSI: ffff888134f41100 RDI: ffff888104af09e8
00020  lod(O)
00020 RBP: ffff8881040dece0 R08: ffffffff83a16803 R09: 1ffffffff0742d00
00020  mdt(O)
00020 R10: dffffc0000000000 R11: fffffbfff0742d01 R12: dffffc0000000000
00020  lquota(O)
00020 R13: 1ffff11020950f42 R14: ffff888104af07e0 R15: ffff888134f41070
00020  lfsck(O)
00020 FS:  0000000000000000(0000) GS:ffff8881d4aaa000(0000) knlGS:0000000000000000
00020  mgs(O)
00020 CS:  0010 DS: 0000 ES: 0000 CR0: 0000000080050033
00020  osd_wbcfs(O)
00020 CR2: 000055b460f452d0 CR3: 000000013521f000 CR4: 0000000000750eb0
00020  lustre(O)
00020 PKRU: 55555554
00020  obdecho(O)
00020 Call Trace:
00020  mgc(O)
00020  <TASK>
00020  mdc(O)
00020  ofd_precreate_objects+0x1bd8/0x3220 [ofd]
00020  lov(O) osc(O) lmv(O) ec(O) fid(O) fld(O) ptlrpc(O) efivarfs obdclass(O) ksocklnd(O) lnet(O) libcfs(O)
00020  ofd_create_hdl+0x2015/0x3510 [ofd]
00020 CPU: 0 UID: 0 PID: 1775 Comm: ll_ost00_000 Tainted: G        W  O        7.0.0-ktest-f55a92a-6330a45-20260730-dirty #1 PREEMPT 
00020  tgt_request_handle+0x23ad/0x3d30 [ptlrpc]
00020 Tainted: [W]=WARN, [O]=OOT_MODULE
00020 Hardware name: QEMU Standard PC (Q35 + ICH9, 2009), BIOS 2025.11-3ubuntu7 03/31/2026
00020  ptlrpc_main+0x6359/0x96f0 [ptlrpc]
00020 RIP: 0010:osd_create+0xbf7/0x1000 [osd_wbcfs]
00020  ? __kthread_parkme+0x73/0x130
00020 Code: c7 c7 60 a1 7b a1 48 c7 c6 00 63 7d a1 48 c7 c2 80 6c 7d a1 e8 0a ec 43 ff 48 c7 c7 60 a1 7b a1 e8 fe 7b 44 ff e9 9c fb ff ff <0f> 0b e9 35 f9 ff ff 48 c7 c1 80 44 5d a0 80 e1 07 80 c1 03 38 c1
00020  kthread+0x2cd/0x3a0
00020 RSP: 0018:ffffc90001f87850 EFLAGS: 00010246
00020 RAX: 0000000000000000 RBX: ffff888133160c00 RCX: 0000000000000046
00020  ? ptlrpc_start_thread+0x1f10/0x1f10 [ptlrpc]
00020 RDX: 0000000000000000 RSI: ffff88813476c2a8 RDI: ffff888104af4b68
00020 RBP: ffff888133160ce0 R08: ffffffff83a16803 R09: 1ffffffff0742d00
00020 R10: dffffc0000000000 R11: fffffbfff0742d01 R12: dffffc0000000000
00020  ? kthread_unuse_mm+0x130/0x130
00020 R13: 1ffff11023612942 R14: ffff888104af4960 R15: ffff88813476c218
00020  ret_from_fork+0x18c/0x520
00020 FS:  0000000000000000(0000) GS:ffff8881d4a2a000(0000) knlGS:0000000000000000
00020  ? kthread_unuse_mm+0x130/0x130
00020 CS:  0010 DS: 0000 ES: 0000 CR0: 0000000080050033
00020  ret_from_fork_asm+0x11/0x20
00020 CR2: 00007f5953805780 CR3: 000000011bf8c000 CR4: 0000000000750eb0
00020  </TASK>
00020 PKRU: 55555554
00020 ---[ end trace 0000000000000000 ]---
00020 Call Trace:
00020 ------------[ cut here ]------------
00020  <TASK>
00020 WARNING: /home/ktest/git/linux/include/linux/fs.h:889 at osd_create+0xbf7/0x1000 [osd_wbcfs], CPU#1: ll_ost00_002/1777
00020  ofd_precreate_objects+0x1bd8/0x3220 [ofd]
00020 Modules linked in:
00020  ofd_create_hdl+0x2015/0x3510 [ofd]
00020  ofd(O) osp(O) mdd(O) lod(O) mdt(O) lquota(O) lfsck(O) mgs(O) osd_wbcfs(O) lustre(O) obdecho(O) mgc(O) mdc(O) lov(O) osc(O) lmv(O) ec(O) fid(O) fld(O) ptlrpc(O) efivarfs obdclass(O) ksocklnd(O) lnet(O) libcfs(O)
00020  tgt_request_handle+0x23ad/0x3d30 [ptlrpc]
00020 CPU: 1 UID: 0 PID: 1777 Comm: ll_ost00_002 Tainted: G        W  O        7.0.0-ktest-f55a92a-6330a45-20260730-dirty #1 PREEMPT 
00020  ptlrpc_main+0x6359/0x96f0 [ptlrpc]
00020 Tainted: [W]=WARN, [O]=OOT_MODULE
00020 Hardware name: QEMU Standard PC (Q35 + ICH9, 2009), BIOS 2025.11-3ubuntu7 03/31/2026
00020 RIP: 0010:osd_create+0xbf7/0x1000 [osd_wbcfs]
00020  ? __kthread_parkme+0x73/0x130
00020 Code: c7 c7 60 a1 7b a1 48 c7 c6 00 63 7d a1 48 c7 c2 80 6c 7d a1 e8 0a ec 43 ff 48 c7 c7 60 a1 7b a1 e8 fe 7b 44 ff e9 9c fb ff ff <0f> 0b e9 35 f9 ff ff 48 c7 c1 80 44 5d a0 80 e1 07 80 c1 03 38 c1
00020  kthread+0x2cd/0x3a0
00020 RSP: 0018:ffffc90003e77850 EFLAGS: 00010246
00020  ? ptlrpc_start_thread+0x1f10/0x1f10 [ptlrpc]
00020 
00020  ? kthread_unuse_mm+0x130/0x130
00020 RAX: 0000000000000000 RBX: ffff8881040df800 RCX: 0000000000000046
00020  ret_from_fork+0x18c/0x520
00020 RDX: 0000000000000000 RSI: ffff888134f409e8 RDI: ffff888104af09e8
00020  ? kthread_unuse_mm+0x130/0x130
00020 RBP: ffff8881040df8e0 R08: ffffffff83a16803 R09: 1ffffffff0742d00
00020 R10: dffffc0000000000 R11: fffffbfff0742d01 R12: dffffc0000000000
00020 R13: 1ffff11020950f42 R14: ffff888104af07e0 R15: ffff888134f40958
00020  ret_from_fork_asm+0x11/0x20
00020 FS:  0000000000000000(0000) GS:ffff8881d4aaa000(0000) knlGS:0000000000000000
00020  </TASK>
00020 CS:  0010 DS: 0000 ES: 0000 CR0: 0000000080050033
00020 ---[ end trace 0000000000000000 ]---
00020 CR2: 000055b460f452d0 CR3: 000000013521f000 CR4: 0000000000750eb0
00020 PKRU: 55555554
00020 Call Trace:
00020  <TASK>
00020 ------------[ cut here ]------------
00020  ofd_precreate_objects+0x1bd8/0x3220 [ofd]
00020 WARNING: /home/ktest/git/linux/include/linux/fs.h:889 at osd_create+0xbf7/0x1000 [osd_wbcfs], CPU#0: ll_ost00_000/1775
00020  ofd_create_hdl+0x2015/0x3510 [ofd]
00020 Modules linked in: ofd(O) osp(O) mdd(O) lod(O) mdt(O) lquota(O) lfsck(O) mgs(O) osd_wbcfs(O) lustre(O) obdecho(O) mgc(O) mdc(O) lov(O) osc(O) lmv(O) ec(O) fid(O) fld(O) ptlrpc(O) efivarfs obdclass(O) ksocklnd(O) lnet(O) libcfs(O)
00020  tgt_request_handle+0x23ad/0x3d30 [ptlrpc]
00020 CPU: 0 UID: 0 PID: 1775 Comm: ll_ost00_000 Tainted: G        W  O        7.0.0-ktest-f55a92a-6330a45-20260730-dirty #1 PREEMPT 
00020  ptlrpc_main+0x6359/0x96f0 [ptlrpc]
00020 Tainted: [W]=WARN, [O]=OOT_MODULE
00020  ? __kthread_parkme+0x73/0x130
00020 Hardware name: QEMU Standard PC (Q35 + ICH9, 2009), BIOS 2025.11-3ubuntu7 03/31/2026
00020  kthread+0x2cd/0x3a0
00020 RIP: 0010:osd_create+0xbf7/0x1000 [osd_wbcfs]
00020 Code: c7 c7 60 a1 7b a1 48 c7 c6 00 63 7d a1 48 c7 c2 80 6c 7d a1 e8 0a ec 43 ff 48 c7 c7 60 a1 7b a1 e8 fe 7b 44 ff e9 9c fb ff ff <0f> 0b e9 35 f9 ff ff 48 c7 c1 80 44 5d a0 80 e1 07 80 c1 03 38 c1
00020  ? ptlrpc_start_thread+0x1f10/0x1f10 [ptlrpc]
00020 ------------[ cut here ]------------
00020 WARNING: /home/ktest/git/linux/include/linux/fs.h:889 at osd_create+0xbf7/0x1000 [osd_wbcfs], CPU#3: llog_process_th/1818
00020 Modules linked in: ofd(O) osp(O) mdd(O) lod(O) mdt(O) lquota(O) lfsck(O) mgs(O) osd_wbcfs(O) lustre(O) obdecho(O) mgc(O) mdc(O) lov(O) osc(O) lmv(O) ec(O) fid(O) fld(O) ptlrpc(O) efivarfs obdclass(O) ksocklnd(O) lnet(O) libcfs(O)
00020 RSP: 0018:ffffc90001f87850 EFLAGS: 00010246
00020 CPU: 3 UID: 0 PID: 1818 Comm: llog_process_th Tainted: G        W  O        7.0.0-ktest-f55a92a-6330a45-20260730-dirty #1 PREEMPT 
00020 Tainted: [W]=WARN, [O]=OOT_MODULE
00020 Hardware name: QEMU Standard PC (Q35 + ICH9, 2009), BIOS 2025.11-3ubuntu7 03/31/2026
00020 RIP: 0010:osd_create+0xbf7/0x1000 [osd_wbcfs]
00020 Code: c7 c7 60 a1 7b a1 48 c7 c6 00 63 7d a1 48 c7 c2 80 6c 7d a1 e8 0a ec 43 ff 48 c7 c7 60 a1 7b a1 e8 fe 7b 44 ff e9 9c fb ff ff <0f> 0b e9 35 f9 ff ff 48 c7 c1 80 44 5d a0 80 e1 07 80 c1 03 38 c1
00020 RSP: 0018:ffffc90007d87698 EFLAGS: 00010246
00020 RAX: 0000000000000000 RBX: ffff888132ed5400 RCX: 0000000000000046
00020 RDX: 0000000000000000 RSI: ffff888025ed2648 RDI: ffff888133c9cb18
00020 RBP: ffff888132ed54e0 R08: ffffffff83a16803 R09: 1ffffffff0742d00
00020 R10: dffffc0000000000 R11: fffffbfff0742d01 R12: dffffc0000000000
00020 R13: 1ffff92000fb0ef8 R14: ffff888133c9c960 R15: ffff888025ed25b8
00020 FS:  0000000000000000(0000) GS:ffff8881d4baa000(0000) knlGS:0000000000000000
00020 CS:  0010 DS: 0000 ES: 0000 CR0: 0000000080050033
00020 CR2: 00007f8944000740 CR3: 000000011a5bc000 CR4: 0000000000750eb0
00020 PKRU: 55555554
00020 Call Trace:
00020  <TASK>
00020  ? kthread_unuse_mm+0x130/0x130
00020  dt_find_or_create+0x81a/0x1170 [obdclass]
00020 
00020  osp_find_or_create_local_file+0x266/0x690 [osp]
00020  osp_last_used_init+0x22c/0x2150 [osp]
00020  ? client_fid_init+0x636/0x9f0 [fid]
00020  osp_device_alloc+0x19a2/0x2e10 [osp]
00020  ret_from_fork+0x18c/0x520
00020  obd_setup+0x25c/0x950 [obdclass]
00020  class_setup+0xc7d/0x10e0 [obdclass]
00020 RAX: 0000000000000000 RBX: ffff888134654000 RCX: 0000000000000046
00020  class_process_config+0x2edb/0x7cb0 [obdclass]
00020  ? local_trylock_acquire+0xb/0x70
00020  ? __kasan_kmalloc+0x72/0x80
00020  ? kthread_unuse_mm+0x130/0x130
00020  ret_from_fork_asm+0x11/0x20
00020  </TASK>
00020 ---[ end trace 0000000000000000 ]---
00020 ------------[ cut here ]------------
00020 WARNING: /home/ktest/git/linux/include/linux/fs.h:889 at osd_create+0xbf7/0x1000 [osd_wbcfs], CPU#1: ll_ost00_002/1777
00020 Modules linked in: ofd(O) osp(O) mdd(O) lod(O) mdt(O) lquota(O) lfsck(O) mgs(O) osd_wbcfs(O) lustre(O) obdecho(O) mgc(O) mdc(O) lov(O) osc(O) lmv(O) ec(O) fid(O) fld(O) ptlrpc(O) efivarfs obdclass(O) ksocklnd(O) lnet(O) libcfs(O)
00020 CPU: 1 UID: 0 PID: 1777 Comm: ll_ost00_002 Tainted: G        W  O        7.0.0-ktest-f55a92a-6330a45-20260730-dirty #1 PREEMPT 
00020 Tainted: [W]=WARN, [O]=OOT_MODULE
00020 Hardware name: QEMU Standard PC (Q35 + ICH9, 2009), BIOS 2025.11-3ubuntu7 03/31/2026
00020 RIP: 0010:osd_create+0xbf7/0x1000 [osd_wbcfs]
00020 Code: c7 c7 60 a1 7b a1 48 c7 c6 00 63 7d a1 48 c7 c2 80 6c 7d a1 e8 0a ec 43 ff 48 c7 c7 60 a1 7b a1 e8 fe 7b 44 ff e9 9c fb ff ff <0f> 0b e9 35 f9 ff ff 48 c7 c1 80 44 5d a0 80 e1 07 80 c1 03 38 c1
00020 RSP: 0018:ffffc90003e77850 EFLAGS: 00010246
00020 RAX: 0000000000000000 RBX: ffff8881040dc800 RCX: 0000000000000046
00020 RDX: 0000000000000000 RSI: ffff888134f402d0 RDI: ffff888104af09e8
00020 RBP: ffff8881040dc8e0 R08: ffffffff83a16803 R09: 1ffffffff0742d00
00020 R10: dffffc0000000000 R11: fffffbfff0742d01 R12: dffffc0000000000
00020 R13: 1ffff11020950f42 R14: ffff888104af07e0 R15: ffff888134f40240
00020 FS:  0000000000000000(0000) GS:ffff8881d4aaa000(0000) knlGS:0000000000000000
00020 CS:  0010 DS: 0000 ES: 0000 CR0: 0000000080050033
00020 CR2: 000055b460f452d0 CR3: 000000013521f000 CR4: 0000000000750eb0
00020 PKRU: 55555554
00020 Call Trace:
00020  <TASK>
00020  ofd_precreate_objects+0x1bd8/0x3220 [ofd]
00020  ofd_create_hdl+0x2015/0x3510 [ofd]
00020 RDX: 0000000000000000 RSI: ffff88802ae9d0d8 RDI: ffff888104af4b68
00020 RBP: ffff8881346540e0 R08: ffffffff83a16803 R09: 1ffffffff0742d00
00020  tgt_request_handle+0x23ad/0x3d30 [ptlrpc]
00020  ? class_config_llog_handler+0x2954/0x4f80 [obdclass]
00020 R10: dffffc0000000000 R11: fffffbfff0742d01 R12: dffffc0000000000
00020  class_config_llog_handler+0x2cea/0x4f80 [obdclass]
00020  ? lustre_cfg_rec_free+0x350/0x350 [obdclass]
00020  ptlrpc_main+0x6359/0x96f0 [ptlrpc]
00020  ? __kthread_parkme+0x73/0x130
00020  kthread+0x2cd/0x3a0
00020 R13: 1ffff11023612942 R14: ffff888104af4960 R15: ffff88802ae9d048
00020  ? ptlrpc_start_thread+0x1f10/0x1f10 [ptlrpc]
00020  llog_process_thread+0x1fd2/0x4f70 [obdclass]
00020 FS:  0000000000000000(0000) GS:ffff8881d4a2a000(0000) knlGS:0000000000000000
00020  ? _raw_spin_unlock+0x23/0x40
00020  llog_process_thread_daemonize+0x16d/0x1b0 [obdclass]
00020  kthread+0x2cd/0x3a0
00020  ? kthread_unuse_mm+0x130/0x130
00020  ret_from_fork+0x18c/0x520
00020  ? kthread_unuse_mm+0x130/0x130
00020  ret_from_fork_asm+0x11/0x20
00020  </TASK>
00020 ---[ end trace 0000000000000000 ]---
00020 ------------[ cut here ]------------
00020 WARNING: /home/ktest/git/linux/include/linux/fs.h:889 at osd_create+0xbf7/0x1000 [osd_wbcfs], CPU#1: ll_ost00_002/1777
00020 Modules linked in: ofd(O) osp(O) mdd(O) lod(O) mdt(O) lquota(O) lfsck(O) mgs(O) osd_wbcfs(O) lustre(O) obdecho(O) mgc(O) mdc(O) lov(O) osc(O) lmv(O) ec(O) fid(O) fld(O) ptlrpc(O) efivarfs obdclass(O) ksocklnd(O) lnet(O) libcfs(O)
00020 CPU: 1 UID: 0 PID: 1777 Comm: ll_ost00_002 Tainted: G        W  O        7.0.0-ktest-f55a92a-6330a45-20260730-dirty #1 PREEMPT 
00020 Tainted: [W]=WARN, [O]=OOT_MODULE
00020 Hardware name: QEMU Standard PC (Q35 + ICH9, 2009), BIOS 2025.11-3ubuntu7 03/31/2026
00020 RIP: 0010:osd_create+0xbf7/0x1000 [osd_wbcfs]
00020 Code: c7 c7 60 a1 7b a1 48 c7 c6 00 63 7d a1 48 c7 c2 80 6c 7d a1 e8 0a ec 43 ff 48 c7 c7 60 a1 7b a1 e8 fe 7b 44 ff e9 9c fb ff ff <0f> 0b e9 35 f9 ff ff 48 c7 c1 80 44 5d a0 80 e1 07 80 c1 03 38 c1
00020 RSP: 0018:ffffc90003e77850 EFLAGS: 00010246
00020 RAX: 0000000000000000 RBX: ffff8881040dd000 RCX: 0000000000000046
00020 RDX: 0000000000000000 RSI: ffff88802ccb2648 RDI: ffff888104af09e8
00020 RBP: ffff8881040dd0e0 R08: ffffffff83a16803 R09: 1ffffffff0742d00
00020 R10: dffffc0000000000 R11: fffffbfff0742d01 R12: dffffc0000000000
00020 R13: 1ffff11020950f42 R14: ffff888104af07e0 R15: ffff88802ccb25b8
00020 CS:  0010 DS: 0000 ES: 0000 CR0: 0000000080050033
00020 FS:  0000000000000000(0000) GS:ffff8881d4aaa000(0000) knlGS:0000000000000000
00020 CS:  0010 DS: 0000 ES: 0000 CR0: 0000000080050033
00020 CR2: 000055b460f452d0 CR3: 000000013521f000 CR4: 0000000000750eb0
00020 PKRU: 55555554
00020 Call Trace:
00020  <TASK>
00020  ofd_precreate_objects+0x1bd8/0x3220 [ofd]
00020  ofd_create_hdl+0x2015/0x3510 [ofd]
00020  tgt_request_handle+0x23ad/0x3d30 [ptlrpc]
00020  ? llog_process_or_fork+0xc90/0xc90 [obdclass]
00020 CR2: 00007f5953805780 CR3: 000000011bf8c000 CR4: 0000000000750eb0
00020  ptlrpc_main+0x6359/0x96f0 [ptlrpc]
00020  ? kthread_unuse_mm+0x130/0x130
00020 PKRU: 55555554
00020  ? __kthread_parkme+0x73/0x130
00020  kthread+0x2cd/0x3a0
00020  ? ptlrpc_start_thread+0x1f10/0x1f10 [ptlrpc]
00020  ret_from_fork+0x18c/0x520
00020 Call Trace:
00020  ? kthread_unuse_mm+0x130/0x130
00020  <TASK>
00020  ? kthread_unuse_mm+0x130/0x130
00020  ret_from_fork+0x18c/0x520
00020  ? kthread_unuse_mm+0x130/0x130
00020  ret_from_fork_asm+0x11/0x20
00020  </TASK>
00020 ---[ end trace 0000000000000000 ]---
00020 ------------[ cut here ]------------
00020 WARNING: /home/ktest/git/linux/include/linux/fs.h:889 at osd_create+0xbf7/0x1000 [osd_wbcfs], CPU#1: ll_ost00_002/1777
00020 Modules linked in: ofd(O) osp(O) mdd(O) lod(O) mdt(O) lquota(O) lfsck(O) mgs(O) osd_wbcfs(O) lustre(O) obdecho(O) mgc(O) mdc(O) lov(O) osc(O) lmv(O) ec(O) fid(O) fld(O) ptlrpc(O) efivarfs obdclass(O) ksocklnd(O) lnet(O) libcfs(O)
00020 CPU: 1 UID: 0 PID: 1777 Comm: ll_ost00_002 Tainted: G        W  O        7.0.0-ktest-f55a92a-6330a45-20260730-dirty #1 PREEMPT 
00020  ret_from_fork_asm+0x11/0x20
00020  </TASK>
00020 ---[ end trace 0000000000000000 ]---
00020  ofd_precreate_objects+0x1bd8/0x3220 [ofd]
00020 ------------[ cut here ]------------
00020 WARNING: /home/ktest/git/linux/include/linux/fs.h:889 at osd_create+0xbf7/0x1000 [osd_wbcfs], CPU#3: llog_process_th/1818
00020 Modules linked in: ofd(O) osp(O) mdd(O) lod(O) mdt(O) lquota(O) lfsck(O) mgs(O) osd_wbcfs(O) lustre(O) obdecho(O) mgc(O) mdc(O) lov(O) osc(O) lmv(O) ec(O) fid(O) fld(O) ptlrpc(O) efivarfs obdclass(O) ksocklnd(O) lnet(O) libcfs(O)
00020 CPU: 3 UID: 0 PID: 1818 Comm: llog_process_th Tainted: G        W  O        7.0.0-ktest-f55a92a-6330a45-20260730-dirty #1 PREEMPT 
00020 Tainted: [W]=WARN, [O]=OOT_MODULE
00020 Hardware name: QEMU Standard PC (Q35 + ICH9, 2009), BIOS 2025.11-3ubuntu7 03/31/2026
00020 RIP: 0010:osd_create+0xbf7/0x1000 [osd_wbcfs]
00020 Code: c7 c7 60 a1 7b a1 48 c7 c6 00 63 7d a1 48 c7 c2 80 6c 7d a1 e8 0a ec 43 ff 48 c7 c7 60 a1 7b a1 e8 fe 7b 44 ff e9 9c fb ff ff <0f> 0b e9 35 f9 ff ff 48 c7 c1 80 44 5d a0 80 e1 07 80 c1 03 38 c1
00020 RSP: 0018:ffffc90007d87698 EFLAGS: 00010246
00020 RAX: 0000000000000000 RBX: ffff888133578c00 RCX: 0000000000000046
00020 RDX: 0000000000000000 RSI: ffff888025ed1f30 RDI: ffff888133c9cb18
00020 Tainted: [W]=WARN, [O]=OOT_MODULE
00020 Hardware name: QEMU Standard PC (Q35 + ICH9, 2009), BIOS 2025.11-3ubuntu7 03/31/2026
00020 RIP: 0010:osd_create+0xbf7/0x1000 [osd_wbcfs]
00020 Code: c7 c7 60 a1 7b a1 48 c7 c6 00 63 7d a1 48 c7 c2 80 6c 7d a1 e8 0a ec 43 ff 48 c7 c7 60 a1 7b a1 e8 fe 7b 44 ff e9 9c fb ff ff <0f> 0b e9 35 f9 ff ff 48 c7 c1 80 44 5d a0 80 e1 07 80 c1 03 38 c1
00020 RSP: 0018:ffffc90003e77850 EFLAGS: 00010246
00020 RAX: 0000000000000000 RBX: ffff8881040dc400 RCX: 0000000000000046
00020 RDX: 0000000000000000 RSI: ffff88802ccb1f30 RDI: ffff888104af09e8
00020 RBP: ffff8881040dc4e0 R08: ffffffff83a16803 R09: 1ffffffff0742d00
00020 R10: dffffc0000000000 R11: fffffbfff0742d01 R12: dffffc0000000000
00020 R13: 1ffff11020950f42 R14: ffff888104af07e0 R15: ffff88802ccb1ea0
00020 FS:  0000000000000000(0000) GS:ffff8881d4aaa000(0000) knlGS:0000000000000000
00020 CS:  0010 DS: 0000 ES: 0000 CR0: 0000000080050033
00020 CR2: 000055b460f452d0 CR3: 000000013521f000 CR4: 0000000000750eb0
00020 PKRU: 55555554
00020 Call Trace:
00020  <TASK>
00020  ofd_precreate_objects+0x1bd8/0x3220 [ofd]
00020  ofd_create_hdl+0x2015/0x3510 [ofd]
00020  ofd_create_hdl+0x2015/0x3510 [ofd]
00020 RBP: ffff888133578ce0 R08: ffffffff83a16803 R09: 1ffffffff0742d00
00020  tgt_request_handle+0x23ad/0x3d30 [ptlrpc]
00020  tgt_request_handle+0x23ad/0x3d30 [ptlrpc]
00020 R10: dffffc0000000000 R11: fffffbfff0742d01 R12: dffffc0000000000
00020  ptlrpc_main+0x6359/0x96f0 [ptlrpc]
00020 R13: 1ffff92000fb0ef8 R14: ffff888133c9c960 R15: ffff888025ed1ea0
00020 FS:  0000000000000000(0000) GS:ffff8881d4baa000(0000) knlGS:0000000000000000
00020  ptlrpc_main+0x6359/0x96f0 [ptlrpc]
00020  ? __kthread_parkme+0x73/0x130
00020 CS:  0010 DS: 0000 ES: 0000 CR0: 0000000080050033
00020  ? __kthread_parkme+0x73/0x130
00020  kthread+0x2cd/0x3a0
00020  kthread+0x2cd/0x3a0
00020 CR2: 00007f8944000740 CR3: 000000011a5bc000 CR4: 0000000000750eb0
00020  ? ptlrpc_start_thread+0x1f10/0x1f10 [ptlrpc]
00020  ? ptlrpc_start_thread+0x1f10/0x1f10 [ptlrpc]
00020  ? kthread_unuse_mm+0x130/0x130
00020  ret_from_fork+0x18c/0x520
00020  ? kthread_unuse_mm+0x130/0x130
00020  ret_from_fork_asm+0x11/0x20
00020  </TASK>
00020 ---[ end trace 0000000000000000 ]---
00020 ------------[ cut here ]------------
00020 WARNING: /home/ktest/git/linux/include/linux/fs.h:889 at osd_create+0xbf7/0x1000 [osd_wbcfs], CPU#0: ll_ost00_000/1775
00020 Modules linked in: ofd(O) osp(O) mdd(O) lod(O) mdt(O) lquota(O) lfsck(O) mgs(O) osd_wbcfs(O) lustre(O) obdecho(O) mgc(O) mdc(O) lov(O) osc(O) lmv(O) ec(O) fid(O) fld(O) ptlrpc(O) efivarfs obdclass(O) ksocklnd(O) lnet(O) libcfs(O)
00020 CPU: 0 UID: 0 PID: 1775 Comm: ll_ost00_000 Tainted: G        W  O        7.0.0-ktest-f55a92a-6330a45-20260730-dirty #1 PREEMPT 
00020 Tainted: [W]=WARN, [O]=OOT_MODULE
00020 Hardware name: QEMU Standard PC (Q35 + ICH9, 2009), BIOS 2025.11-3ubuntu7 03/31/2026
00020 RIP: 0010:osd_create+0xbf7/0x1000 [osd_wbcfs]
00020 Code: c7 c7 60 a1 7b a1 48 c7 c6 00 63 7d a1 48 c7 c2 80 6c 7d a1 e8 0a ec 43 ff 48 c7 c7 60 a1 7b a1 e8 fe 7b 44 ff e9 9c fb ff ff <0f> 0b e9 35 f9 ff ff 48 c7 c1 80 44 5d a0 80 e1 07 80 c1 03 38 c1
00020 PKRU: 55555554
00020 Call Trace:
00020  <TASK>
00020  dt_find_or_create+0x81a/0x1170 [obdclass]
00020  osp_find_or_create_local_file+0x266/0x690 [osp]
00020  osp_last_used_init+0x95c/0x2150 [osp]
00020  osp_device_alloc+0x19a2/0x2e10 [osp]
00020  obd_setup+0x25c/0x950 [obdclass]
00020  ? kthread_unuse_mm+0x130/0x130
00020  class_setup+0xc7d/0x10e0 [obdclass]
00020  class_process_config+0x2edb/0x7cb0 [obdclass]
00020  ? local_trylock_acquire+0xb/0x70
00020  ? __kasan_kmalloc+0x72/0x80
00020 RSP: 0018:ffffc90001f87850 EFLAGS: 00010246
00020  ? class_config_llog_handler+0x2954/0x4f80 [obdclass]
00020  ret_from_fork+0x18c/0x520
00020  class_config_llog_handler+0x2cea/0x4f80 [obdclass]
00020 
00020  ? lustre_cfg_rec_free+0x350/0x350 [obdclass]
00020  ? kthread_unuse_mm+0x130/0x130
00020  llog_process_thread+0x1fd2/0x4f70 [obdclass]
00020  ? _raw_spin_unlock+0x23/0x40
00020  llog_process_thread_daemonize+0x16d/0x1b0 [obdclass]
00020  kthread+0x2cd/0x3a0
00020 RAX: 0000000000000000 RBX: ffff888134657000 RCX: 0000000000000046
00020  ? llog_process_or_fork+0xc90/0xc90 [obdclass]
00020  ret_from_fork_asm+0x11/0x20
00020  ? kthread_unuse_mm+0x130/0x130
00020  ret_from_fork+0x18c/0x520
00020  ? kthread_unuse_mm+0x130/0x130
00020  ret_from_fork_asm+0x11/0x20
00020  </TASK>
00020 ---[ end trace 0000000000000000 ]---
00020 RDX: 0000000000000000 RSI: ffff88802ae9c9c0 RDI: ffff888104af4b68
00020 ------------[ cut here ]------------
00020 WARNING: /home/ktest/git/linux/include/linux/fs.h:889 at osd_create+0xbf7/0x1000 [osd_wbcfs], CPU#3: llog_process_th/1818
00020 Modules linked in: ofd(O) osp(O) mdd(O) lod(O) mdt(O) lquota(O) lfsck(O) mgs(O) osd_wbcfs(O) lustre(O) obdecho(O) mgc(O) mdc(O) lov(O) osc(O) lmv(O) ec(O) fid(O) fld(O) ptlrpc(O) efivarfs obdclass(O) ksocklnd(O) lnet(O) libcfs(O)
00020 CPU: 3 UID: 0 PID: 1818 Comm: llog_process_th Tainted: G        W  O        7.0.0-ktest-f55a92a-6330a45-20260730-dirty #1 PREEMPT 
00020 Tainted: [W]=WARN, [O]=OOT_MODULE
00020 Hardware name: QEMU Standard PC (Q35 + ICH9, 2009), BIOS 2025.11-3ubuntu7 03/31/2026
00020 RIP: 0010:osd_create+0xbf7/0x1000 [osd_wbcfs]
00020 Code: c7 c7 60 a1 7b a1 48 c7 c6 00 63 7d a1 48 c7 c2 80 6c 7d a1 e8 0a ec 43 ff 48 c7 c7 60 a1 7b a1 e8 fe 7b 44 ff e9 9c fb ff ff <0f> 0b e9 35 f9 ff ff 48 c7 c1 80 44 5d a0 80 e1 07 80 c1 03 38 c1
00020 RSP: 0018:ffffc90007d87668 EFLAGS: 00010246
00020 RAX: 0000000000000000 RBX: ffff888133578800 RCX: 0000000000000046
00020 RDX: 0000000000000000 RSI: ffff888025ed1818 RDI: ffff888133c9cb18
00020 RBP: ffff8881335788e0 R08: ffffffff83a16803 R09: 1ffffffff0742d00
00020 R10: dffffc0000000000 R11: fffffbfff0742d01 R12: dffffc0000000000
00020 R13: 1ffff11023773c0f R14: ffff888133c9c960 R15: ffff888025ed1788
00020 FS:  0000000000000000(0000) GS:ffff8881d4baa000(0000) knlGS:0000000000000000
00020 CS:  0010 DS: 0000 ES: 0000 CR0: 0000000080050033
00020 CR2: 00007f8944000740 CR3: 000000011a5bc000 CR4: 0000000000750eb0
00020 PKRU: 55555554
00020 Call Trace:
00020  <TASK>
00020  </TASK>
00020  llog_osd_get_cat_list+0x64d/0x1470 [obdclass]
00020  osp_sync_init+0x7a6/0x2760 [osp]
00020 RBP: ffff8881346570e0 R08: ffffffff83a16803 R09: 1ffffffff0742d00
00020  ? is_module_address+0x1b/0x70
00020  osp_device_alloc+0x1b91/0x2e10 [osp]
00020  obd_setup+0x25c/0x950 [obdclass]
00020 ---[ end trace 0000000000000000 ]---
00020  class_setup+0xc7d/0x10e0 [obdclass]
00020 R10: dffffc0000000000 R11: fffffbfff0742d01 R12: dffffc0000000000
00020  class_process_config+0x2edb/0x7cb0 [obdclass]
00020 ------------[ cut here ]------------
00020  ? local_trylock_acquire+0xb/0x70
00020  ? __kasan_kmalloc+0x72/0x80
00020 R13: 1ffff11023612942 R14: ffff888104af4960 R15: ffff88802ae9c930
00020  ? class_config_llog_handler+0x2954/0x4f80 [obdclass]
00020 WARNING: /home/ktest/git/linux/include/linux/fs.h:889 at osd_create+0xbf7/0x1000 [osd_wbcfs], CPU#1: ll_ost00_002/1777
00020  class_config_llog_handler+0x2cea/0x4f80 [obdclass]
00020 FS:  0000000000000000(0000) GS:ffff8881d4a2a000(0000) knlGS:0000000000000000
00020 Modules linked in:
00020 CS:  0010 DS: 0000 ES: 0000 CR0: 0000000080050033
00020  ? lustre_cfg_rec_free+0x350/0x350 [obdclass]
00020  ofd(O)
00020 CR2: 00007f5953805780 CR3: 000000011bf8c000 CR4: 0000000000750eb0
00020  llog_process_thread+0x1fd2/0x4f70 [obdclass]
00020  ? _raw_spin_unlock+0x23/0x40
00020  osp(O)
00020  llog_process_thread_daemonize+0x16d/0x1b0 [obdclass]
00020  kthread+0x2cd/0x3a0
00020 PKRU: 55555554
00020  ? llog_process_or_fork+0xc90/0xc90 [obdclass]
00020  mdd(O)
00020  ? kthread_unuse_mm+0x130/0x130
00020  ret_from_fork+0x18c/0x520
00020  ? kthread_unuse_mm+0x130/0x130
00020  ret_from_fork_asm+0x11/0x20
00020  </TASK>
00020 ---[ end trace 0000000000000000 ]---
00020 Call Trace:
00020 ------------[ cut here ]------------
00020 WARNING: /home/ktest/git/linux/include/linux/fs.h:889 at osd_create+0xbf7/0x1000 [osd_wbcfs], CPU#3: llog_process_th/1818
00020 Modules linked in: ofd(O) osp(O) mdd(O) lod(O) mdt(O) lquota(O) lfsck(O) mgs(O) osd_wbcfs(O) lustre(O) obdecho(O) mgc(O) mdc(O) lov(O) osc(O) lmv(O) ec(O) fid(O) fld(O) ptlrpc(O) efivarfs obdclass(O) ksocklnd(O) lnet(O) libcfs(O)
00020 CPU: 3 UID: 0 PID: 1818 Comm: llog_process_th Tainted: G        W  O        7.0.0-ktest-f55a92a-6330a45-20260730-dirty #1 PREEMPT 
00020 Tainted: [W]=WARN, [O]=OOT_MODULE
00020 Hardware name: QEMU Standard PC (Q35 + ICH9, 2009), BIOS 2025.11-3ubuntu7 03/31/2026
00020 RIP: 0010:osd_create+0xbf7/0x1000 [osd_wbcfs]
00020 Code: c7 c7 60 a1 7b a1 48 c7 c6 00 63 7d a1 48 c7 c2 80 6c 7d a1 e8 0a ec 43 ff 48 c7 c7 60 a1 7b a1 e8 fe 7b 44 ff e9 9c fb ff ff <0f> 0b e9 35 f9 ff ff 48 c7 c1 80 44 5d a0 80 e1 07 80 c1 03 38 c1
00020 RSP: 0018:ffffc90007d87578 EFLAGS: 00010246
00020 RAX: 0000000000000000 RBX: ffff888133590c00 RCX: 0000000000000046
00020 RDX: 0000000000000000 RSI: ffff888025ed1100 RDI: ffff888133c9cb18
00020 RBP: ffff888133590ce0 R08: ffffffff83a16803 R09: 1ffffffff0742d00
00020 R10: dffffc0000000000 R11: fffffbfff0742d01 R12: dffffc0000000000
00020 R13: 1ffff11023773c0f R14: ffff888133c9c960 R15: ffff888025ed1070
00020 FS:  0000000000000000(0000) GS:ffff8881d4baa000(0000) knlGS:0000000000000000
00020 CS:  0010 DS: 0000 ES: 0000 CR0: 0000000080050033
00020 CR2: 00007f8944000740 CR3: 000000011a5bc000 CR4: 0000000000750eb0
00020 PKRU: 55555554
00020 Call Trace:
00020  <TASK>
00020  lod(O)
00020  local_object_create+0x109/0x640 [obdclass]
00020  <TASK>
00020  ? dt_write_lock+0x16d/0x2a0 [obdclass]
00020  mdt(O)
00020  llog_osd_create+0x356/0x10d0 [obdclass]
00020  ofd_precreate_objects+0x1bd8/0x3220 [ofd]
00020  lquota(O)
00020  ofd_create_hdl+0x2015/0x3510 [ofd]
00020  llog_create+0x2ed/0x530 [obdclass]
00020  lfsck(O)
00020  llog_open_create+0x6e7/0xb30 [obdclass]
00020  mgs(O)
00020  tgt_request_handle+0x23ad/0x3d30 [ptlrpc]
00020  osp_sync_init+0xfc0/0x2760 [osp]
00020  osd_wbcfs(O)
00020  ptlrpc_main+0x6359/0x96f0 [ptlrpc]
00020  osp_device_alloc+0x1b91/0x2e10 [osp]
00020  lustre(O)
00020  ? __kthread_parkme+0x73/0x130
00020  kthread+0x2cd/0x3a0
00020  ? ptlrpc_start_thread+0x1f10/0x1f10 [ptlrpc]
00020  obd_setup+0x25c/0x950 [obdclass]
00020  ? kthread_unuse_mm+0x130/0x130
00020  ret_from_fork+0x18c/0x520
00020  ? kthread_unuse_mm+0x130/0x130
00020  ret_from_fork_asm+0x11/0x20
00020  </TASK>
00020 ---[ end trace 0000000000000000 ]---
00020  obdecho(O)
00020 ------------[ cut here ]------------
00020 WARNING: /home/ktest/git/linux/include/linux/fs.h:889 at osd_create+0xbf7/0x1000 [osd_wbcfs], CPU#0: ll_ost00_000/1775
00020 Modules linked in: ofd(O) osp(O) mdd(O) lod(O) mdt(O) lquota(O) lfsck(O)
00020  class_setup+0xc7d/0x10e0 [obdclass]
00020  mgc(O)
00020  mgs(O)
00020  class_process_config+0x2edb/0x7cb0 [obdclass]
00020  ? local_trylock_acquire+0xb/0x70
00020  ? __kasan_kmalloc+0x72/0x80
00020  ? class_config_llog_handler+0x2954/0x4f80 [obdclass]
00020  mdc(O) lov(O)
00020  class_config_llog_handler+0x2cea/0x4f80 [obdclass]
00020  ? lustre_cfg_rec_free+0x350/0x350 [obdclass]
00020  llog_process_thread+0x1fd2/0x4f70 [obdclass]
00020  osd_wbcfs(O)
00020  ? _raw_spin_unlock+0x23/0x40
00020  llog_process_thread_daemonize+0x16d/0x1b0 [obdclass]
00020  kthread+0x2cd/0x3a0
00020  osc(O)
00020  ? llog_process_or_fork+0xc90/0xc90 [obdclass]
00020  ? kthread_unuse_mm+0x130/0x130
00020  ret_from_fork+0x18c/0x520
00020  ? kthread_unuse_mm+0x130/0x130
00020  lustre(O)
00020  ret_from_fork_asm+0x11/0x20
00020  </TASK>
00020 ---[ end trace 0000000000000000 ]---
00020  lmv(O)
00020  obdecho(O)
00020  ec(O)
00020  mgc(O)
00020  fid(O)
00020  mdc(O)
00020  fld(O)
00020  lov(O)
00020  ptlrpc(O)
00020 ------------[ cut here ]------------
00020 WARNING: /home/ktest/git/linux/include/linux/fs.h:889 at osd_create+0xbf7/0x1000 [osd_wbcfs], CPU#3: llog_process_th/1818
00020 Modules linked in: ofd(O) osp(O) mdd(O) lod(O) mdt(O) lquota(O) lfsck(O) mgs(O) osd_wbcfs(O) lustre(O) obdecho(O) mgc(O) mdc(O) lov(O) osc(O) lmv(O) ec(O) fid(O) fld(O) ptlrpc(O) efivarfs obdclass(O) ksocklnd(O) lnet(O) libcfs(O)
00020 CPU: 3 UID: 0 PID: 1818 Comm: llog_process_th Tainted: G        W  O        7.0.0-ktest-f55a92a-6330a45-20260730-dirty #1 PREEMPT 
00020 Tainted: [W]=WARN, [O]=OOT_MODULE
00020 Hardware name: QEMU Standard PC (Q35 + ICH9, 2009), BIOS 2025.11-3ubuntu7 03/31/2026
00020 RIP: 0010:osd_create+0xbf7/0x1000 [osd_wbcfs]
00020 Code: c7 c7 60 a1 7b a1 48 c7 c6 00 63 7d a1 48 c7 c2 80 6c 7d a1 e8 0a ec 43 ff 48 c7 c7 60 a1 7b a1 e8 fe 7b 44 ff e9 9c fb ff ff <0f> 0b e9 35 f9 ff ff 48 c7 c1 80 44 5d a0 80 e1 07 80 c1 03 38 c1
00020 RSP: 0018:ffffc90007d87428 EFLAGS: 00010246
00020 RAX: 0000000000000000 RBX: ffff8881333c5000 RCX: 0000000000000046
00020 RDX: 0000000000000000 RSI: ffff88802cff7450 RDI: ffff888133c9cb40
00020 RBP: ffff8881333c50e0 R08: ffffffff83a16803 R09: 1ffffffff0742d00
00020 R10: dffffc0000000000 R11: fffffbfff0742d01 R12: dffffc0000000000
00020 R13: 1ffff11023773c0f R14: ffff888133c9c960 R15: ffff88802cff73c0
00020 FS:  0000000000000000(0000) GS:ffff8881d4baa000(0000) knlGS:0000000000000000
00020 CS:  0010 DS: 0000 ES: 0000 CR0: 0000000080050033
00020 CR2: 00007f8944000740 CR3: 000000011a5bc000 CR4: 0000000000750eb0
00020 PKRU: 55555554
00020 Call Trace:
00020  <TASK>
00020  osc(O)
00020  local_object_create+0x109/0x640 [obdclass]
00020  efivarfs
00020  ? dt_write_lock+0x16d/0x2a0 [obdclass]
00020  lmv(O)
00020  llog_osd_create+0x356/0x10d0 [obdclass]
00020  obdclass(O)
00020  ec(O)
00020  ksocklnd(O)
00020  fid(O)
00020  llog_create+0x2ed/0x530 [obdclass]
00020  lnet(O)
00020  llog_cat_new_log+0x6d1/0x2970 [obdclass]
00020  fld(O)
00020  libcfs(O)
00020  llog_cat_add_rec+0x6ba/0x1960 [obdclass]
00020  ptlrpc(O)
00020  llog_cat_add+0x499/0x7a0 [obdclass]
00020 
00020  osp_sync_init+0x1588/0x2760 [osp]
00020  osp_device_alloc+0x1b91/0x2e10 [osp]
00020  efivarfs
00020  obd_setup+0x25c/0x950 [obdclass]
00020 CPU: 1 UID: 0 PID: 1777 Comm: ll_ost00_002 Tainted: G        W  O        7.0.0-ktest-f55a92a-6330a45-20260730-dirty #1 PREEMPT 
00020  obdclass(O)
00020 Tainted: [W]=WARN, [O]=OOT_MODULE
00020  class_setup+0xc7d/0x10e0 [obdclass]
00020  ksocklnd(O)
00020 Hardware name: QEMU Standard PC (Q35 + ICH9, 2009), BIOS 2025.11-3ubuntu7 03/31/2026
00020  class_process_config+0x2edb/0x7cb0 [obdclass]
00020  lnet(O)
00020  ? local_trylock_acquire+0xb/0x70
00020 RIP: 0010:osd_create+0xbf7/0x1000 [osd_wbcfs]
00020 Code: c7 c7 60 a1 7b a1 48 c7 c6 00 63 7d a1 48 c7 c2 80 6c 7d a1 e8 0a ec 43 ff 48 c7 c7 60 a1 7b a1 e8 fe 7b 44 ff e9 9c fb ff ff <0f> 0b e9 35 f9 ff ff 48 c7 c1 80 44 5d a0 80 e1 07 80 c1 03 38 c1
00020 RSP: 0018:ffffc90003e77850 EFLAGS: 00010246
00020 RAX: 0000000000000000 RBX: ffff8881049cc400 RCX: 0000000000000046
00020 RDX: 0000000000000000 RSI: ffff88802ccb1818 RDI: ffff888104af09e8
00020 RBP: ffff8881049cc4e0 R08: ffffffff83a16803 R09: 1ffffffff0742d00
00020 R10: dffffc0000000000 R11: fffffbfff0742d01 R12: dffffc0000000000
00020 R13: 1ffff11020950f42 R14: ffff888104af07e0 R15: ffff88802ccb1788
00020 FS:  0000000000000000(0000) GS:ffff8881d4aaa000(0000) knlGS:0000000000000000
00020 CS:  0010 DS: 0000 ES: 0000 CR0: 0000000080050033
00020 CR2: 000055b460f452d0 CR3: 000000013521f000 CR4: 0000000000750eb0
00020 PKRU: 55555554
00020 Call Trace:
00020  <TASK>
00020  ofd_precreate_objects+0x1bd8/0x3220 [ofd]
00020  libcfs(O)
00020  ofd_create_hdl+0x2015/0x3510 [ofd]
00020  ? __kasan_kmalloc+0x72/0x80
00020 
00020  tgt_request_handle+0x23ad/0x3d30 [ptlrpc]
00020  ? class_config_llog_handler+0x2954/0x4f80 [obdclass]
00020 CPU: 0 UID: 0 PID: 1775 Comm: ll_ost00_000 Tainted: G        W  O        7.0.0-ktest-f55a92a-6330a45-20260730-dirty #1 PREEMPT 
00020  class_config_llog_handler+0x2cea/0x4f80 [obdclass]
00020 Tainted: [W]=WARN, [O]=OOT_MODULE
00020  ptlrpc_main+0x6359/0x96f0 [ptlrpc]
00020  ? lustre_cfg_rec_free+0x350/0x350 [obdclass]
00020  llog_process_thread+0x1fd2/0x4f70 [obdclass]
00020 Hardware name: QEMU Standard PC (Q35 + ICH9, 2009), BIOS 2025.11-3ubuntu7 03/31/2026
00020 RIP: 0010:osd_create+0xbf7/0x1000 [osd_wbcfs]
00020  ? _raw_spin_unlock+0x23/0x40
00020  llog_process_thread_daemonize+0x16d/0x1b0 [obdclass]
00020  kthread+0x2cd/0x3a0
00020  ? llog_process_or_fork+0xc90/0xc90 [obdclass]
00020  ? kthread_unuse_mm+0x130/0x130
00020  ret_from_fork+0x18c/0x520
00020  ? kthread_unuse_mm+0x130/0x130
00020  ret_from_fork_asm+0x11/0x20
00020  </TASK>
00020 ---[ end trace 0000000000000000 ]---
00020  ? __kthread_parkme+0x73/0x130
00020 Code: c7 c7 60 a1 7b a1 48 c7 c6 00 63 7d a1 48 c7 c2 80 6c 7d a1 e8 0a ec 43 ff 48 c7 c7 60 a1 7b a1 e8 fe 7b 44 ff e9 9c fb ff ff <0f> 0b e9 35 f9 ff ff 48 c7 c1 80 44 5d a0 80 e1 07 80 c1 03 38 c1
00020  kthread+0x2cd/0x3a0
00020 RSP: 0018:ffffc90001f87850 EFLAGS: 00010246
00020  ? ptlrpc_start_thread+0x1f10/0x1f10 [ptlrpc]
00020 
00020 RAX: 0000000000000000 RBX: ffff888134655400 RCX: 0000000000000046
00020  ? kthread_unuse_mm+0x130/0x130
00020 RDX: 0000000000000000 RSI: ffff88802ae9c2a8 RDI: ffff888104af4b68
00020  ret_from_fork+0x18c/0x520
00020 ------------[ cut here ]------------
00020 RBP: ffff8881346554e0 R08: ffffffff83a16803 R09: 1ffffffff0742d00
00020 WARNING: /home/ktest/git/linux/include/linux/fs.h:889 at osd_create+0xbf7/0x1000 [osd_wbcfs], CPU#2: mdt_out00_002/1765
00020 Modules linked in: ofd(O) osp(O) mdd(O) lod(O) mdt(O) lquota(O) lfsck(O) mgs(O) osd_wbcfs(O) lustre(O) obdecho(O) mgc(O) mdc(O) lov(O) osc(O) lmv(O) ec(O) fid(O) fld(O) ptlrpc(O) efivarfs obdclass(O) ksocklnd(O) lnet(O) libcfs(O)
00020 CPU: 2 UID: 0 PID: 1765 Comm: mdt_out00_002 Tainted: G        W  O        7.0.0-ktest-f55a92a-6330a45-20260730-dirty #1 PREEMPT 
00020 Tainted: [W]=WARN, [O]=OOT_MODULE
00020 Hardware name: QEMU Standard PC (Q35 + ICH9, 2009), BIOS 2025.11-3ubuntu7 03/31/2026
00020 RIP: 0010:osd_create+0xbf7/0x1000 [osd_wbcfs]
00020  ? kthread_unuse_mm+0x130/0x130
00020 Code: c7 c7 60 a1 7b a1 48 c7 c6 00 63 7d a1 48 c7 c2 80 6c 7d a1 e8 0a ec 43 ff 48 c7 c7 60 a1 7b a1 e8 fe 7b 44 ff e9 9c fb ff ff <0f> 0b e9 35 f9 ff ff 48 c7 c1 80 44 5d a0 80 e1 07 80 c1 03 38 c1
00020 RSP: 0018:ffffc900012677d0 EFLAGS: 00010246
00020 RAX: 0000000000000000 RBX: ffff888135af9c00 RCX: 0000000000000046
00020 RDX: 0000000000000000 RSI: ffff88804674d0d8 RDI: ffff88802d572a58
00020 RBP: ffff888135af9ce0 R08: ffffffff83a16803 R09: 1ffffffff0742d00
00020 R10: dffffc0000000000 R11: fffffbfff0742d01 R12: dffffc0000000000
00020 R13: 1ffff110035633d8 R14: ffff88802d5728a0 R15: ffff88804674d048
00020 FS:  0000000000000000(0000) GS:ffff8881d4b2a000(0000) knlGS:0000000000000000
00020 CS:  0010 DS: 0000 ES: 0000 CR0: 0000000080050033
00020 CR2: 000055b460f50dc0 CR3: 000000011a5bc000 CR4: 0000000000750eb0
00020 PKRU: 55555554
00020 Call Trace:
00020  <TASK>
00020  out_tx_create_exec+0x277/0x7a0 [ptlrpc]
00020 R10: dffffc0000000000 R11: fffffbfff0742d01 R12: dffffc0000000000
00020  ret_from_fork_asm+0x11/0x20
00020  ? tx_add_exec+0xd70/0xd70 [ptlrpc]
00020 R13: 1ffff11023612942 R14: ffff888104af4960 R15: ffff88802ae9c218
00020  </TASK>
00020 FS:  0000000000000000(0000) GS:ffff8881d4a2a000(0000) knlGS:0000000000000000
00020  out_tx_end+0x3e3/0x1190 [ptlrpc]
00020 ---[ end trace 0000000000000000 ]---
00020 CS:  0010 DS: 0000 ES: 0000 CR0: 0000000080050033
00020  out_handle+0x5286/0x6240 [ptlrpc]
00020  tgt_request_handle+0x23ad/0x3d30 [ptlrpc]
00020 ------------[ cut here ]------------
00020 CR2: 00007f5953805780 CR3: 000000011bf8c000 CR4: 0000000000750eb0
00020  ptlrpc_main+0x6359/0x96f0 [ptlrpc]
00020 WARNING: /home/ktest/git/linux/include/linux/fs.h:889 at osd_create+0xbf7/0x1000 [osd_wbcfs], CPU#1: ll_ost00_002/1777
00020 PKRU: 55555554
00020  ? __kthread_parkme+0x73/0x130
00020  kthread+0x2cd/0x3a0
00020  ? ptlrpc_start_thread+0x1f10/0x1f10 [ptlrpc]
00020 Modules linked in:
00020  ? kthread_unuse_mm+0x130/0x130
00020  ret_from_fork+0x18c/0x520
00020  ? kthread_unuse_mm+0x130/0x130
00020 Call Trace:
00020  ret_from_fork_asm+0x11/0x20
00020  </TASK>
00020 ---[ end trace 0000000000000000 ]---
00020  ofd(O)
00020  <TASK>
00020  osp(O)
00020  ofd_precreate_objects+0x1bd8/0x3220 [ofd]
00020  mdd(O)
00020  ofd_create_hdl+0x2015/0x3510 [ofd]
00020  lod(O)
00020  tgt_request_handle+0x23ad/0x3d30 [ptlrpc]
00020  mdt(O)
00020  ptlrpc_main+0x6359/0x96f0 [ptlrpc]
00020  lquota(O)
00020  ? __kthread_parkme+0x73/0x130
00020  lfsck(O)
00020  kthread+0x2cd/0x3a0
00020  mgs(O)
00020  ? ptlrpc_start_thread+0x1f10/0x1f10 [ptlrpc]
00020  osd_wbcfs(O)
00020  ? kthread_unuse_mm+0x130/0x130
00020  lustre(O)
00020  ret_from_fork+0x18c/0x520
00020  obdecho(O)
00020  ? kthread_unuse_mm+0x130/0x130
00020  mgc(O)
00020  ret_from_fork_asm+0x11/0x20
00020  mdc(O)
00020  </TASK>
00020  lov(O)
00020 ---[ end trace 0000000000000000 ]---
00020  osc(O)
00020 ------------[ cut here ]------------
00020  lmv(O)
00020 WARNING: /home/ktest/git/linux/include/linux/fs.h:889 at osd_create+0xbf7/0x1000 [osd_wbcfs], CPU#0: ll_ost00_000/1775
00020  ec(O)
00020 Modules linked in:
00020  fid(O)
00020  ofd(O)
00020  fld(O)
00020  osp(O)
00020  ptlrpc(O)
00020  mdd(O)
00020  efivarfs
00020  lod(O)
00020  obdclass(O)
00020  mdt(O)
00020  ksocklnd(O)
00020  lquota(O)
00020  lnet(O)
00020  lfsck(O)
00020  libcfs(O)
00020  mgs(O)
00020 
00020  osd_wbcfs(O)
00020 CPU: 1 UID: 0 PID: 1777 Comm: ll_ost00_002 Tainted: G        W  O        7.0.0-ktest-f55a92a-6330a45-20260730-dirty #1 PREEMPT 
00020  lustre(O)
00020 Tainted: [W]=WARN, [O]=OOT_MODULE
00020  obdecho(O)
00020 Hardware name: QEMU Standard PC (Q35 + ICH9, 2009), BIOS 2025.11-3ubuntu7 03/31/2026
00020  mgc(O)
00020 RIP: 0010:osd_create+0xbf7/0x1000 [osd_wbcfs]
00020  mdc(O)
00020 Code: c7 c7 60 a1 7b a1 48 c7 c6 00 63 7d a1 48 c7 c2 80 6c 7d a1 e8 0a ec 43 ff 48 c7 c7 60 a1 7b a1 e8 fe 7b 44 ff e9 9c fb ff ff <0f> 0b e9 35 f9 ff ff 48 c7 c1 80 44 5d a0 80 e1 07 80 c1 03 38 c1
00020  lov(O)
00020 RSP: 0018:ffffc90003e77850 EFLAGS: 00010246
00020  osc(O)
00020 
00020  lmv(O)
00020 RAX: 0000000000000000 RBX: ffff8881042c7c00 RCX: 0000000000000046
00020  ec(O)
00020 RDX: 0000000000000000 RSI: ffff88802ccb1100 RDI: ffff888104af09e8
00020  fid(O)
00020 RBP: ffff8881042c7ce0 R08: ffffffff83a16803 R09: 1ffffffff0742d00
00020  fld(O)
00020 R10: dffffc0000000000 R11: fffffbfff0742d01 R12: dffffc0000000000
00020  ptlrpc(O)
00020 R13: 1ffff11020950f42 R14: ffff888104af07e0 R15: ffff88802ccb1070
00020  efivarfs
00020 FS:  0000000000000000(0000) GS:ffff8881d4aaa000(0000) knlGS:0000000000000000
00020  obdclass(O)
00020 CS:  0010 DS: 0000 ES: 0000 CR0: 0000000080050033
00020  ksocklnd(O)
00020 CR2: 000055b460f452d0 CR3: 000000013521f000 CR4: 0000000000750eb0
00020  lnet(O)
00020 PKRU: 55555554
00020  libcfs(O)
00020 Call Trace:
00020 
00020  <TASK>
00020 CPU: 0 UID: 0 PID: 1775 Comm: ll_ost00_000 Tainted: G        W  O        7.0.0-ktest-f55a92a-6330a45-20260730-dirty #1 PREEMPT 
00020  ofd_precreate_objects+0x1bd8/0x3220 [ofd]
00020 Tainted: [W]=WARN, [O]=OOT_MODULE
00020  ofd_create_hdl+0x2015/0x3510 [ofd]
00020 Hardware name: QEMU Standard PC (Q35 + ICH9, 2009), BIOS 2025.11-3ubuntu7 03/31/2026
00020  tgt_request_handle+0x23ad/0x3d30 [ptlrpc]
00020 RIP: 0010:osd_create+0xbf7/0x1000 [osd_wbcfs]
00020  ptlrpc_main+0x6359/0x96f0 [ptlrpc]
00020 Code: c7 c7 60 a1 7b a1 48 c7 c6 00 63 7d a1 48 c7 c2 80 6c 7d a1 e8 0a ec 43 ff 48 c7 c7 60 a1 7b a1 e8 fe 7b 44 ff e9 9c fb ff ff <0f> 0b e9 35 f9 ff ff 48 c7 c1 80 44 5d a0 80 e1 07 80 c1 03 38 c1
00020  ? __kthread_parkme+0x73/0x130
00020 RSP: 0018:ffffc90001f87850 EFLAGS: 00010246
00020  kthread+0x2cd/0x3a0
00020 
00020  ? ptlrpc_start_thread+0x1f10/0x1f10 [ptlrpc]
00020  ? kthread_unuse_mm+0x130/0x130
00020 RAX: 0000000000000000 RBX: ffff88811c34cc00 RCX: 0000000000000046
00020  ret_from_fork+0x18c/0x520
00020 RDX: 0000000000000000 RSI: ffff88802ae9bb90 RDI: ffff888104af4b68
00020  ? kthread_unuse_mm+0x130/0x130
00020 RBP: ffff88811c34cce0 R08: ffffffff83a16803 R09: 1ffffffff0742d00
00020  ret_from_fork_asm+0x11/0x20
00020 R10: dffffc0000000000 R11: fffffbfff0742d01 R12: dffffc0000000000
00020  </TASK>
00020 R13: 1ffff11023612942 R14: ffff888104af4960 R15: ffff88802ae9bb00
00020 ---[ end trace 0000000000000000 ]---
00020 FS:  0000000000000000(0000) GS:ffff8881d4a2a000(0000) knlGS:0000000000000000
00020 ------------[ cut here ]------------
00020 CS:  0010 DS: 0000 ES: 0000 CR0: 0000000080050033
00020 WARNING: /home/ktest/git/linux/include/linux/fs.h:889 at osd_create+0xbf7/0x1000 [osd_wbcfs], CPU#1: ll_ost00_002/1777
00020 CR2: 00007f5953805780 CR3: 000000011bf8c000 CR4: 0000000000750eb0
00020 Modules linked in:
00020 PKRU: 55555554
00020  ofd(O)
00020 Call Trace:
00020  osp(O)
00020  <TASK>
00020  mdd(O)
00020  ofd_precreate_objects+0x1bd8/0x3220 [ofd]
00020  lod(O)
00020  ofd_create_hdl+0x2015/0x3510 [ofd]
00020  mdt(O)
00020  tgt_request_handle+0x23ad/0x3d30 [ptlrpc]
00020  lquota(O)
00020  ptlrpc_main+0x6359/0x96f0 [ptlrpc]
00020  lfsck(O)
00020  ? __kthread_parkme+0x73/0x130
00020  mgs(O)
00020  kthread+0x2cd/0x3a0
00020  osd_wbcfs(O)
00020  ? ptlrpc_start_thread+0x1f10/0x1f10 [ptlrpc]
00020  lustre(O)
00020  ? kthread_unuse_mm+0x130/0x130
00020  obdecho(O)
00020  ret_from_fork+0x18c/0x520
00020  mgc(O)
00020  ? kthread_unuse_mm+0x130/0x130
00020  mdc(O)
00020  ret_from_fork_asm+0x11/0x20
00020  lov(O)
00020  </TASK>
00020  osc(O)
00020 ---[ end trace 0000000000000000 ]---
00020  lmv(O)
00020 ------------[ cut here ]------------
00020  ec(O)
00020 WARNING: /home/ktest/git/linux/include/linux/fs.h:889 at osd_create+0xbf7/0x1000 [osd_wbcfs], CPU#0: ll_ost00_000/1775
00020  fid(O)
00020 Modules linked in:
00020  fld(O)
00020  ofd(O)
00020  ptlrpc(O)
00020  osp(O)
00020  efivarfs
00020  mdd(O)
00020  obdclass(O)
00020  lod(O)
00020  ksocklnd(O)
00020  mdt(O)
00020  lnet(O)
00020  lquota(O)
00020  libcfs(O)
00020  lfsck(O)
00020 
00020  mgs(O)
00020 CPU: 1 UID: 0 PID: 1777 Comm: ll_ost00_002 Tainted: G        W  O        7.0.0-ktest-f55a92a-6330a45-20260730-dirty #1 PREEMPT 
00020  osd_wbcfs(O)
00020 Tainted: [W]=WARN, [O]=OOT_MODULE
00020  lustre(O)
00020 Hardware name: QEMU Standard PC (Q35 + ICH9, 2009), BIOS 2025.11-3ubuntu7 03/31/2026
00020  obdecho(O)
00020 RIP: 0010:osd_create+0xbf7/0x1000 [osd_wbcfs]
00020  mgc(O)
00020 Code: c7 c7 60 a1 7b a1 48 c7 c6 00 63 7d a1 48 c7 c2 80 6c 7d a1 e8 0a ec 43 ff 48 c7 c7 60 a1 7b a1 e8 fe 7b 44 ff e9 9c fb ff ff <0f> 0b e9 35 f9 ff ff 48 c7 c1 80 44 5d a0 80 e1 07 80 c1 03 38 c1
00020  mdc(O)
00020 RSP: 0018:ffffc90003e77850 EFLAGS: 00010246
00020  lov(O)
00020 
00020  osc(O)
00020 RAX: 0000000000000000 RBX: ffff8881071d7c00 RCX: 0000000000000046
00020  lmv(O)
00020 RDX: 0000000000000000 RSI: ffff88802ccb09e8 RDI: ffff888104af09e8
00020  ec(O)
00020 RBP: ffff8881071d7ce0 R08: ffffffff83a16803 R09: 1ffffffff0742d00
00020  fid(O)
00020 R10: dffffc0000000000 R11: fffffbfff0742d01 R12: dffffc0000000000
00020  fld(O)
00020 R13: 1ffff11020950f42 R14: ffff888104af07e0 R15: ffff88802ccb0958
00020  ptlrpc(O)
00020 FS:  0000000000000000(0000) GS:ffff8881d4aaa000(0000) knlGS:0000000000000000
00020  efivarfs
00020 CS:  0010 DS: 0000 ES: 0000 CR0: 0000000080050033
00020  obdclass(O)
00020 CR2: 000055b460f452d0 CR3: 000000013521f000 CR4: 0000000000750eb0
00020  ksocklnd(O)
00020 PKRU: 55555554
00020  lnet(O)
00020 Call Trace:
00020  libcfs(O)
00020  <TASK>
00020 
00020  ofd_precreate_objects+0x1bd8/0x3220 [ofd]
00020 CPU: 0 UID: 0 PID: 1775 Comm: ll_ost00_000 Tainted: G        W  O        7.0.0-ktest-f55a92a-6330a45-20260730-dirty #1 PREEMPT 
00020  ofd_create_hdl+0x2015/0x3510 [ofd]
00020 Tainted: [W]=WARN, [O]=OOT_MODULE
00020  tgt_request_handle+0x23ad/0x3d30 [ptlrpc]
00020 Hardware name: QEMU Standard PC (Q35 + ICH9, 2009), BIOS 2025.11-3ubuntu7 03/31/2026
00020  ptlrpc_main+0x6359/0x96f0 [ptlrpc]
00020 RIP: 0010:osd_create+0xbf7/0x1000 [osd_wbcfs]
00020  ? __kthread_parkme+0x73/0x130
00020 Code: c7 c7 60 a1 7b a1 48 c7 c6 00 63 7d a1 48 c7 c2 80 6c 7d a1 e8 0a ec 43 ff 48 c7 c7 60 a1 7b a1 e8 fe 7b 44 ff e9 9c fb ff ff <0f> 0b e9 35 f9 ff ff 48 c7 c1 80 44 5d a0 80 e1 07 80 c1 03 38 c1
00020  kthread+0x2cd/0x3a0
00020 RSP: 0018:ffffc90001f87850 EFLAGS: 00010246
00020  ? ptlrpc_start_thread+0x1f10/0x1f10 [ptlrpc]
00020 
00020  ? kthread_unuse_mm+0x130/0x130
00020 RAX: 0000000000000000 RBX: ffff88811c34c000 RCX: 0000000000000046
00020  ret_from_fork+0x18c/0x520
00020 RDX: 0000000000000000 RSI: ffff88802ae9b478 RDI: ffff888104af4b68
00020  ? kthread_unuse_mm+0x130/0x130
00020 RBP: ffff88811c34c0e0 R08: ffffffff83a16803 R09: 1ffffffff0742d00
00020  ret_from_fork_asm+0x11/0x20
00020 R10: dffffc0000000000 R11: fffffbfff0742d01 R12: dffffc0000000000
00020  </TASK>
00020 R13: 1ffff11023612942 R14: ffff888104af4960 R15: ffff88802ae9b3e8
00020 ---[ end trace 0000000000000000 ]---
00020 FS:  0000000000000000(0000) GS:ffff8881d4a2a000(0000) knlGS:0000000000000000
00020 ------------[ cut here ]------------
00020 CS:  0010 DS: 0000 ES: 0000 CR0: 0000000080050033
00020 WARNING: /home/ktest/git/linux/include/linux/fs.h:889 at osd_create+0xbf7/0x1000 [osd_wbcfs], CPU#1: ll_ost00_002/1777
00020 CR2: 00007f5953805780 CR3: 000000011bf8c000 CR4: 0000000000750eb0
00020 Modules linked in:
00020 PKRU: 55555554
00020  ofd(O)
00020 Call Trace:
00020  osp(O)
00020  <TASK>
00020  mdd(O)
00020  ofd_precreate_objects+0x1bd8/0x3220 [ofd]
00020  lod(O)
00020  ofd_create_hdl+0x2015/0x3510 [ofd]
00020  mdt(O)
00020  tgt_request_handle+0x23ad/0x3d30 [ptlrpc]
00020  lquota(O)
00020  ptlrpc_main+0x6359/0x96f0 [ptlrpc]
00020  lfsck(O)
00020  ? __kthread_parkme+0x73/0x130
00020  mgs(O)
00020  kthread+0x2cd/0x3a0
00020  osd_wbcfs(O)
00020  ? ptlrpc_start_thread+0x1f10/0x1f10 [ptlrpc]
00020  lustre(O)
00020  ? kthread_unuse_mm+0x130/0x130
00020  obdecho(O)
00020  ret_from_fork+0x18c/0x520
00020  mgc(O)
00020  ? kthread_unuse_mm+0x130/0x130
00020  mdc(O)
00020  ret_from_fork_asm+0x11/0x20
00020  lov(O)
00020  </TASK>
00020  osc(O)
00020 ---[ end trace 0000000000000000 ]---
00020  lmv(O)
00020 ------------[ cut here ]------------
00020  ec(O)
00020 WARNING: /home/ktest/git/linux/include/linux/fs.h:889 at osd_create+0xbf7/0x1000 [osd_wbcfs], CPU#0: ll_ost00_000/1775
00020  fid(O)
00020 Modules linked in:
00020  fld(O)
00020  ofd(O)
00020  ptlrpc(O)
00020  osp(O)
00020  efivarfs
00020  mdd(O)
00020  obdclass(O)
00020  lod(O)
00020  ksocklnd(O)
00020  mdt(O)
00020  lnet(O)
00020  lquota(O) lfsck(O)
00020  libcfs(O)
00020  mgs(O)
00020 
00020  osd_wbcfs(O)
00020 CPU: 1 UID: 0 PID: 1777 Comm: ll_ost00_002 Tainted: G        W  O        7.0.0-ktest-f55a92a-6330a45-20260730-dirty #1 PREEMPT 
00020  lustre(O)
00020 Tainted: [W]=WARN, [O]=OOT_MODULE
00020  obdecho(O)
00020 Hardware name: QEMU Standard PC (Q35 + ICH9, 2009), BIOS 2025.11-3ubuntu7 03/31/2026
00020  mgc(O)
00020 RIP: 0010:osd_create+0xbf7/0x1000 [osd_wbcfs]
00020  mdc(O)
00020 Code: c7 c7 60 a1 7b a1 48 c7 c6 00 63 7d a1 48 c7 c2 80 6c 7d a1 e8 0a ec 43 ff 48 c7 c7 60 a1 7b a1 e8 fe 7b 44 ff e9 9c fb ff ff <0f> 0b e9 35 f9 ff ff 48 c7 c1 80 44 5d a0 80 e1 07 80 c1 03 38 c1
00020  lov(O)
00020 RSP: 0018:ffffc90003e77850 EFLAGS: 00010246
00020  osc(O)
00020 
00020  lmv(O)
00020 RAX: 0000000000000000 RBX: ffff8881071d5c00 RCX: 0000000000000046
00020  ec(O)
00020 RDX: 0000000000000000 RSI: ffff88802ccb02d0 RDI: ffff888104af09e8
00020  fid(O)
00020 RBP: ffff8881071d5ce0 R08: ffffffff83a16803 R09: 1ffffffff0742d00
00020  fld(O)
00020 R10: dffffc0000000000 R11: fffffbfff0742d01 R12: dffffc0000000000
00020  ptlrpc(O)
00020 R13: 1ffff11020950f42 R14: ffff888104af07e0 R15: ffff88802ccb0240
00020  efivarfs
00020 FS:  0000000000000000(0000) GS:ffff8881d4aaa000(0000) knlGS:0000000000000000
00020  obdclass(O)
00020 CS:  0010 DS: 0000 ES: 0000 CR0: 0000000080050033
00020  ksocklnd(O)
00020 CR2: 000055b460f452d0 CR3: 000000013521f000 CR4: 0000000000750eb0
00020  lnet(O)
00020 PKRU: 55555554
00020  libcfs(O)
00020 Call Trace:
00020 
00020  <TASK>
00020 CPU: 0 UID: 0 PID: 1775 Comm: ll_ost00_000 Tainted: G        W  O        7.0.0-ktest-f55a92a-6330a45-20260730-dirty #1 PREEMPT 
00020  ofd_precreate_objects+0x1bd8/0x3220 [ofd]
00020 Tainted: [W]=WARN, [O]=OOT_MODULE
00020  ofd_create_hdl+0x2015/0x3510 [ofd]
00020 Hardware name: QEMU Standard PC (Q35 + ICH9, 2009), BIOS 2025.11-3ubuntu7 03/31/2026
00020  tgt_request_handle+0x23ad/0x3d30 [ptlrpc]
00020 RIP: 0010:osd_create+0xbf7/0x1000 [osd_wbcfs]
00020  ptlrpc_main+0x6359/0x96f0 [ptlrpc]
00020 Code: c7 c7 60 a1 7b a1 48 c7 c6 00 63 7d a1 48 c7 c2 80 6c 7d a1 e8 0a ec 43 ff 48 c7 c7 60 a1 7b a1 e8 fe 7b 44 ff e9 9c fb ff ff <0f> 0b e9 35 f9 ff ff 48 c7 c1 80 44 5d a0 80 e1 07 80 c1 03 38 c1
00020  ? __kthread_parkme+0x73/0x130
00020 RSP: 0018:ffffc90001f87850 EFLAGS: 00010246
00020  kthread+0x2cd/0x3a0
00020 
00020  ? ptlrpc_start_thread+0x1f10/0x1f10 [ptlrpc]
00020 RAX: 0000000000000000 RBX: ffff888133758400 RCX: 0000000000000046
00020  ? kthread_unuse_mm+0x130/0x130
00020 RDX: 0000000000000000 RSI: ffff88802ae9ad60 RDI: ffff888104af4b68
00020  ret_from_fork+0x18c/0x520
00020 RBP: ffff8881337584e0 R08: ffffffff83a16803 R09: 1ffffffff0742d00
00020  ? kthread_unuse_mm+0x130/0x130
00020 R10: dffffc0000000000 R11: fffffbfff0742d01 R12: dffffc0000000000
00020  ret_from_fork_asm+0x11/0x20
00020 R13: 1ffff11023612942 R14: ffff888104af4960 R15: ffff88802ae9acd0
00020  </TASK>
00020 FS:  0000000000000000(0000) GS:ffff8881d4a2a000(0000) knlGS:0000000000000000
00020 ---[ end trace 0000000000000000 ]---
00020 CS:  0010 DS: 0000 ES: 0000 CR0: 0000000080050033
00020 ------------[ cut here ]------------
00020 CR2: 00007f5953805780 CR3: 000000011bf8c000 CR4: 0000000000750eb0
00020 WARNING: /home/ktest/git/linux/include/linux/fs.h:889 at osd_create+0xbf7/0x1000 [osd_wbcfs], CPU#1: ll_ost00_002/1777
00020 PKRU: 55555554
00020 Modules linked in:
00020 Call Trace:
00020  ofd(O)
00020  <TASK>
00020  osp(O)
00020  ofd_precreate_objects+0x1bd8/0x3220 [ofd]
00020  mdd(O)
00020  ofd_create_hdl+0x2015/0x3510 [ofd]
00020  lod(O)
00020  tgt_request_handle+0x23ad/0x3d30 [ptlrpc]
00020  mdt(O) lquota(O)
00020  ptlrpc_main+0x6359/0x96f0 [ptlrpc]
00020  lfsck(O)
00020  ? __kthread_parkme+0x73/0x130
00020  mgs(O)
00020  kthread+0x2cd/0x3a0
00020  osd_wbcfs(O)
00020  ? ptlrpc_start_thread+0x1f10/0x1f10 [ptlrpc]
00020  lustre(O)
00020  ? kthread_unuse_mm+0x130/0x130
00020  obdecho(O)
00020  ret_from_fork+0x18c/0x520
00020  mgc(O)
00020  ? kthread_unuse_mm+0x130/0x130
00020  mdc(O)
00020  ret_from_fork_asm+0x11/0x20
00020  lov(O)
00020  </TASK>
00020  osc(O)
00020 ---[ end trace 0000000000000000 ]---
00020  lmv(O)
00020 ------------[ cut here ]------------
00020  ec(O)
00020 WARNING: /home/ktest/git/linux/include/linux/fs.h:889 at osd_create+0xbf7/0x1000 [osd_wbcfs], CPU#0: ll_ost00_000/1775
00020  fid(O)
00020 Modules linked in:
00020  fld(O)
00020  ofd(O)
00020  ptlrpc(O)
00020  osp(O)
00020  efivarfs
00020  mdd(O)
00020  obdclass(O)
00020  lod(O)
00020  ksocklnd(O)
00020  mdt(O)
00020  lnet(O)
00020  lquota(O)
00020  libcfs(O)
00020  lfsck(O)
00020 
00020  mgs(O)
00020 CPU: 1 UID: 0 PID: 1777 Comm: ll_ost00_002 Tainted: G        W  O        7.0.0-ktest-f55a92a-6330a45-20260730-dirty #1 PREEMPT 
00020  osd_wbcfs(O)
00020 Tainted: [W]=WARN, [O]=OOT_MODULE
00020  lustre(O)
00020 Hardware name: QEMU Standard PC (Q35 + ICH9, 2009), BIOS 2025.11-3ubuntu7 03/31/2026
00020  obdecho(O)
00020 RIP: 0010:osd_create+0xbf7/0x1000 [osd_wbcfs]
00020  mgc(O)
00020 Code: c7 c7 60 a1 7b a1 48 c7 c6 00 63 7d a1 48 c7 c2 80 6c 7d a1 e8 0a ec 43 ff 48 c7 c7 60 a1 7b a1 e8 fe 7b 44 ff e9 9c fb ff ff <0f> 0b e9 35 f9 ff ff 48 c7 c1 80 44 5d a0 80 e1 07 80 c1 03 38 c1
00020  mdc(O)
00020 RSP: 0018:ffffc90003e77850 EFLAGS: 00010246
00020  lov(O)
00020 
00020  osc(O)
00020 RAX: 0000000000000000 RBX: ffff8881071d5400 RCX: 0000000000000046
00020  lmv(O)
00020 RDX: 0000000000000000 RSI: ffff88802ae9fb68 RDI: ffff888104af09e8
00020  ec(O)
00020 RBP: ffff8881071d54e0 R08: ffffffff83a16803 R09: 1ffffffff0742d00
00020  fid(O)
00020 R10: dffffc0000000000 R11: fffffbfff0742d01 R12: dffffc0000000000
00020  fld(O)
00020 R13: 1ffff11020950f42 R14: ffff888104af07e0 R15: ffff88802ae9fad8
00020  ptlrpc(O)
00020 FS:  0000000000000000(0000) GS:ffff8881d4aaa000(0000) knlGS:0000000000000000
00020  efivarfs
00020 CS:  0010 DS: 0000 ES: 0000 CR0: 0000000080050033
00020  obdclass(O)
00020 CR2: 000055b460f452d0 CR3: 000000013521f000 CR4: 0000000000750eb0
00020  ksocklnd(O)
00020 PKRU: 55555554
00020  lnet(O)
00020 Call Trace:
00020  libcfs(O)
00020  <TASK>
00020 
00020  ofd_precreate_objects+0x1bd8/0x3220 [ofd]
00020 CPU: 0 UID: 0 PID: 1775 Comm: ll_ost00_000 Tainted: G        W  O        7.0.0-ktest-f55a92a-6330a45-20260730-dirty #1 PREEMPT 
00020  ofd_create_hdl+0x2015/0x3510 [ofd]
00020 Tainted: [W]=WARN, [O]=OOT_MODULE
00020  tgt_request_handle+0x23ad/0x3d30 [ptlrpc]
00020 Hardware name: QEMU Standard PC (Q35 + ICH9, 2009), BIOS 2025.11-3ubuntu7 03/31/2026
00020  ptlrpc_main+0x6359/0x96f0 [ptlrpc]
00020 RIP: 0010:osd_create+0xbf7/0x1000 [osd_wbcfs]
00020  ? __kthread_parkme+0x73/0x130
00020 Code: c7 c7 60 a1 7b a1 48 c7 c6 00 63 7d a1 48 c7 c2 80 6c 7d a1 e8 0a ec 43 ff 48 c7 c7 60 a1 7b a1 e8 fe 7b 44 ff e9 9c fb ff ff <0f> 0b e9 35 f9 ff ff 48 c7 c1 80 44 5d a0 80 e1 07 80 c1 03 38 c1
00020  kthread+0x2cd/0x3a0
00020 RSP: 0018:ffffc90001f87850 EFLAGS: 00010246
00020  ? ptlrpc_start_thread+0x1f10/0x1f10 [ptlrpc]
00020 
00020  ? kthread_unuse_mm+0x130/0x130
00020 RAX: 0000000000000000 RBX: ffff888133758000 RCX: 0000000000000046
00020  ret_from_fork+0x18c/0x520
00020 RDX: 0000000000000000 RSI: ffff88802ae9a648 RDI: ffff888104af4b68
00020  ? kthread_unuse_mm+0x130/0x130
00020 RBP: ffff8881337580e0 R08: ffffffff83a16803 R09: 1ffffffff0742d00
00020  ret_from_fork_asm+0x11/0x20
00020 R10: dffffc0000000000 R11: fffffbfff0742d01 R12: dffffc0000000000
00020  </TASK>
00020 R13: 1ffff11023612942 R14: ffff888104af4960 R15: ffff88802ae9a5b8
00020 ---[ end trace 0000000000000000 ]---
00020 FS:  0000000000000000(0000) GS:ffff8881d4a2a000(0000) knlGS:0000000000000000
00020 ------------[ cut here ]------------
00020 CS:  0010 DS: 0000 ES: 0000 CR0: 0000000080050033
00020 WARNING: /home/ktest/git/linux/include/linux/fs.h:889 at osd_create+0xbf7/0x1000 [osd_wbcfs], CPU#1: ll_ost00_002/1777
00020 CR2: 00007f5953805780 CR3: 000000011bf8c000 CR4: 0000000000750eb0
00020 Modules linked in:
00020 PKRU: 55555554
00020  ofd(O)
00020 Call Trace:
00020  osp(O)
00020  <TASK>
00020  mdd(O)
00020  ofd_precreate_objects+0x1bd8/0x3220 [ofd]
00020  lod(O)
00020  ofd_create_hdl+0x2015/0x3510 [ofd]
00020  mdt(O)
00020  tgt_request_handle+0x23ad/0x3d30 [ptlrpc]
00020  lquota(O)
00020  ptlrpc_main+0x6359/0x96f0 [ptlrpc]
00020  lfsck(O)
00020  ? __kthread_parkme+0x73/0x130
00020  mgs(O)
00020  kthread+0x2cd/0x3a0
00020  osd_wbcfs(O)
00020  ? ptlrpc_start_thread+0x1f10/0x1f10 [ptlrpc]
00020  lustre(O)
00020 ------------[ cut here ]------------
00020 WARNING: /home/ktest/git/linux/include/linux/fs.h:889 at osd_create+0xbf7/0x1000 [osd_wbcfs], CPU#3: llog_process_th/1818
00020 Modules linked in: ofd(O) osp(O) mdd(O) lod(O) mdt(O) lquota(O) lfsck(O) mgs(O) osd_wbcfs(O) lustre(O) obdecho(O) mgc(O) mdc(O) lov(O) osc(O) lmv(O) ec(O) fid(O) fld(O) ptlrpc(O) efivarfs obdclass(O) ksocklnd(O) lnet(O) libcfs(O)
00020 CPU: 3 UID: 0 PID: 1818 Comm: llog_process_th Tainted: G        W  O        7.0.0-ktest-f55a92a-6330a45-20260730-dirty #1 PREEMPT 
00020 Tainted: [W]=WARN, [O]=OOT_MODULE
00020  ? kthread_unuse_mm+0x130/0x130
00020  ret_from_fork+0x18c/0x520
00020  ? kthread_unuse_mm+0x130/0x130
00020  ret_from_fork_asm+0x11/0x20
00020  </TASK>
00020 ---[ end trace 0000000000000000 ]---
00020  obdecho(O) mgc(O) mdc(O)
00020 Hardware name: QEMU Standard PC (Q35 + ICH9, 2009), BIOS 2025.11-3ubuntu7 03/31/2026
00020  lov(O) osc(O)
00020 RIP: 0010:osd_create+0xbf7/0x1000 [osd_wbcfs]
00020 ------------[ cut here ]------------
00020  lmv(O)
00020 WARNING: /home/ktest/git/linux/include/linux/fs.h:889 at osd_create+0xbf7/0x1000 [osd_wbcfs], CPU#0: ll_ost00_000/1775
00020 Modules linked in: ofd(O) osp(O) mdd(O) lod(O) mdt(O) lquota(O) lfsck(O) mgs(O) osd_wbcfs(O) lustre(O) obdecho(O) mgc(O) mdc(O) lov(O) osc(O) lmv(O) ec(O) fid(O) fld(O) ptlrpc(O) efivarfs obdclass(O) ksocklnd(O) lnet(O) libcfs(O)
00020 CPU: 0 UID: 0 PID: 1775 Comm: ll_ost00_000 Tainted: G        W  O        7.0.0-ktest-f55a92a-6330a45-20260730-dirty #1 PREEMPT 
00020 Tainted: [W]=WARN, [O]=OOT_MODULE
00020 Hardware name: QEMU Standard PC (Q35 + ICH9, 2009), BIOS 2025.11-3ubuntu7 03/31/2026
00020 RIP: 0010:osd_create+0xbf7/0x1000 [osd_wbcfs]
00020 Code: c7 c7 60 a1 7b a1 48 c7 c6 00 63 7d a1 48 c7 c2 80 6c 7d a1 e8 0a ec 43 ff 48 c7 c7 60 a1 7b a1 e8 fe 7b 44 ff e9 9c fb ff ff <0f> 0b e9 35 f9 ff ff 48 c7 c1 80 44 5d a0 80 e1 07 80 c1 03 38 c1
00020 RSP: 0018:ffffc90001f87850 EFLAGS: 00010246
00020 RAX: 0000000000000000 RBX: ffff88811baa7400 RCX: 0000000000000046
00020 RDX: 0000000000000000 RSI: ffff88802ae99f30 RDI: ffff888104af4b68
00020 RBP: ffff88811baa74e0 R08: ffffffff83a16803 R09: 1ffffffff0742d00
00020 R10: dffffc0000000000 R11: fffffbfff0742d01 R12: dffffc0000000000
00020 R13: 1ffff11023612942 R14: ffff888104af4960 R15: ffff88802ae99ea0
00020 FS:  0000000000000000(0000) GS:ffff8881d4a2a000(0000) knlGS:0000000000000000
00020 CS:  0010 DS: 0000 ES: 0000 CR0: 0000000080050033
00020 CR2: 00007f5953805780 CR3: 000000011bf8c000 CR4: 0000000000750eb0
00020 PKRU: 55555554
00020 Call Trace:
00020  <TASK>
00020  ofd_precreate_objects+0x1bd8/0x3220 [ofd]
00020  ofd_create_hdl+0x2015/0x3510 [ofd]
00020 Code: c7 c7 60 a1 7b a1 48 c7 c6 00 63 7d a1 48 c7 c2 80 6c 7d a1 e8 0a ec 43 ff 48 c7 c7 60 a1 7b a1 e8 fe 7b 44 ff e9 9c fb ff ff <0f> 0b e9 35 f9 ff ff 48 c7 c1 80 44 5d a0 80 e1 07 80 c1 03 38 c1
00020  ec(O)
00020  tgt_request_handle+0x23ad/0x3d30 [ptlrpc]
00020 RSP: 0018:ffffc90007d87578 EFLAGS: 00010246
00020  ptlrpc_main+0x6359/0x96f0 [ptlrpc]
00020  fid(O) fld(O)
00020  ? __kthread_parkme+0x73/0x130
00020  kthread+0x2cd/0x3a0
00020 
00020  ? ptlrpc_start_thread+0x1f10/0x1f10 [ptlrpc]
00020  ptlrpc(O)
00020  ? kthread_unuse_mm+0x130/0x130
00020  ret_from_fork+0x18c/0x520
00020  ? kthread_unuse_mm+0x130/0x130
00020  ret_from_fork_asm+0x11/0x20
00020  </TASK>
00020 ---[ end trace 0000000000000000 ]---
00020 ------------[ cut here ]------------
00020 WARNING: /home/ktest/git/linux/include/linux/fs.h:889 at osd_create+0xbf7/0x1000 [osd_wbcfs], CPU#0: ll_ost00_000/1775
00020 Modules linked in: ofd(O) osp(O) mdd(O) lod(O) mdt(O) lquota(O) lfsck(O) mgs(O) osd_wbcfs(O) lustre(O) obdecho(O) mgc(O) mdc(O) lov(O) osc(O) lmv(O) ec(O) fid(O) fld(O) ptlrpc(O) efivarfs obdclass(O) ksocklnd(O) lnet(O) libcfs(O)
00020 CPU: 0 UID: 0 PID: 1775 Comm: ll_ost00_000 Tainted: G        W  O        7.0.0-ktest-f55a92a-6330a45-20260730-dirty #1 PREEMPT 
00020 Tainted: [W]=WARN, [O]=OOT_MODULE
00020 Hardware name: QEMU Standard PC (Q35 + ICH9, 2009), BIOS 2025.11-3ubuntu7 03/31/2026
00020 RIP: 0010:osd_create+0xbf7/0x1000 [osd_wbcfs]
00020 Code: c7 c7 60 a1 7b a1 48 c7 c6 00 63 7d a1 48 c7 c2 80 6c 7d a1 e8 0a ec 43 ff 48 c7 c7 60 a1 7b a1 e8 fe 7b 44 ff e9 9c fb ff ff <0f> 0b e9 35 f9 ff ff 48 c7 c1 80 44 5d a0 80 e1 07 80 c1 03 38 c1
00020 RSP: 0018:ffffc90001f87850 EFLAGS: 00010246
00020 RAX: 0000000000000000 RBX: ffff88811baa4000 RCX: 0000000000000046
00020 RDX: 0000000000000000 RSI: ffff88802ae99818 RDI: ffff888104af4b68
00020 RBP: ffff88811baa40e0 R08: ffffffff83a16803 R09: 1ffffffff0742d00
00020 R10: dffffc0000000000 R11: fffffbfff0742d01 R12: dffffc0000000000
00020 R13: 1ffff11023612942 R14: ffff888104af4960 R15: ffff88802ae99788
00020 FS:  0000000000000000(0000) GS:ffff8881d4a2a000(0000) knlGS:0000000000000000
00020 CS:  0010 DS: 0000 ES: 0000 CR0: 0000000080050033
00020 CR2: 00007f5953805780 CR3: 000000011bf8c000 CR4: 0000000000750eb0
00020 PKRU: 55555554
00020 Call Trace:
00020  <TASK>
00020 RAX: 0000000000000000 RBX: ffff8881336b3400 RCX: 0000000000000046
00020 RDX: 0000000000000000 RSI: ffff88802cff6d38 RDI: ffff888133c9cb18
00020 RBP: ffff8881336b34e0 R08: ffffffff83a16803 R09: 1ffffffff0742d00
00020 R10: dffffc0000000000 R11: fffffbfff0742d01 R12: dffffc0000000000
00020 R13: 1ffff110266ea98f R14: ffff888133c9c960 R15: ffff88802cff6ca8
00020 FS:  0000000000000000(0000) GS:ffff8881d4baa000(0000) knlGS:0000000000000000
00020 CS:  0010 DS: 0000 ES: 0000 CR0: 0000000080050033
00020 CR2: 00007f8944000740 CR3: 000000011a5bc000 CR4: 0000000000750eb0
00020 PKRU: 55555554
00020 Call Trace:
00020  <TASK>
00020  local_object_create+0x109/0x640 [obdclass]
00020  efivarfs
00020  ofd_precreate_objects+0x1bd8/0x3220 [ofd]
00020  obdclass(O)
00020  ? dt_write_lock+0x16d/0x2a0 [obdclass]
00020  ofd_create_hdl+0x2015/0x3510 [ofd]
00020  ksocklnd(O) lnet(O) libcfs(O)
00020  tgt_request_handle+0x23ad/0x3d30 [ptlrpc]
00020  llog_osd_create+0x356/0x10d0 [obdclass]
00020 
00020 ------------[ cut here ]------------
00020 WARNING: /home/ktest/git/linux/include/linux/fs.h:889 at osd_create+0xbf7/0x1000 [osd_wbcfs], CPU#2: ll_ost00_004/1819
00020 Modules linked in: ofd(O) osp(O) mdd(O) lod(O) mdt(O) lquota(O) lfsck(O) mgs(O) osd_wbcfs(O) lustre(O) obdecho(O) mgc(O)
00020 CPU: 1 UID: 0 PID: 1777 Comm: ll_ost00_002 Tainted: G        W  O        7.0.0-ktest-f55a92a-6330a45-20260730-dirty #1 PREEMPT 
00020  mdc(O) lov(O) osc(O) lmv(O) ec(O) fid(O) fld(O) ptlrpc(O) efivarfs obdclass(O) ksocklnd(O) lnet(O) libcfs(O)
00020 CPU: 2 UID: 0 PID: 1819 Comm: ll_ost00_004 Tainted: G        W  O        7.0.0-ktest-f55a92a-6330a45-20260730-dirty #1 PREEMPT 
00020  ptlrpc_main+0x6359/0x96f0 [ptlrpc]
00020 Tainted: [W]=WARN, [O]=OOT_MODULE
00020 Hardware name: QEMU Standard PC (Q35 + ICH9, 2009), BIOS 2025.11-3ubuntu7 03/31/2026
00020 RIP: 0010:osd_create+0xbf7/0x1000 [osd_wbcfs]
00020 Code: c7 c7 60 a1 7b a1 48 c7 c6 00 63 7d a1 48 c7 c2 80 6c 7d a1 e8 0a ec 43 ff 48 c7 c7 60 a1 7b a1 e8 fe 7b 44 ff e9 9c fb ff ff <0f> 0b e9 35 f9 ff ff 48 c7 c1 80 44 5d a0 80 e1 07 80 c1 03 38 c1
00020  llog_create+0x2ed/0x530 [obdclass]
00020  ? __kthread_parkme+0x73/0x130
00020  kthread+0x2cd/0x3a0
00020 Tainted: [W]=WARN, [O]=OOT_MODULE
00020 RSP: 0018:ffffc90003e77850 EFLAGS: 00010246
00020 RAX: 0000000000000000 RBX: ffff88811c353c00 RCX: 0000000000000046
00020 RDX: 0000000000000000 RSI: ffff88802ae9f450 RDI: ffff888104af09e8
00020 RBP: ffff88811c353ce0 R08: ffffffff83a16803 R09: 1ffffffff0742d00
00020 R10: dffffc0000000000 R11: fffffbfff0742d01 R12: dffffc0000000000
00020 R13: 1ffff11020950f42 R14: ffff888104af07e0 R15: ffff88802ae9f3c0
00020 FS:  0000000000000000(0000) GS:ffff8881d4aaa000(0000) knlGS:0000000000000000
00020 CS:  0010 DS: 0000 ES: 0000 CR0: 0000000080050033
00020 CR2: 000055b460f452d0 CR3: 000000013521f000 CR4: 0000000000750eb0
00020 PKRU: 55555554
00020  ? ptlrpc_start_thread+0x1f10/0x1f10 [ptlrpc]
00020 Hardware name: QEMU Standard PC (Q35 + ICH9, 2009), BIOS 2025.11-3ubuntu7 03/31/2026
00020  llog_open_create+0x6e7/0xb30 [obdclass]
00020 Call Trace:
00020  <TASK>
00020  ofd_precreate_objects+0x1bd8/0x3220 [ofd]
00020  ? kthread_unuse_mm+0x130/0x130
00020 RIP: 0010:osd_create+0xbf7/0x1000 [osd_wbcfs]
00020  osp_sync_init+0xfc0/0x2760 [osp]
00020 Code: c7 c7 60 a1 7b a1 48 c7 c6 00 63 7d a1 48 c7 c2 80 6c 7d a1 e8 0a ec 43 ff 48 c7 c7 60 a1 7b a1 e8 fe 7b 44 ff e9 9c fb ff ff <0f> 0b e9 35 f9 ff ff 48 c7 c1 80 44 5d a0 80 e1 07 80 c1 03 38 c1
00020 RSP: 0018:ffffc90007d97928 EFLAGS: 00010246
00020 RAX: 0000000000000000 RBX: ffff888001577000 RCX: 0000000000000046
00020 RDX: 0000000000000000 RSI: ffff88804674c9c0 RDI: ffff888133c9aa58
00020 RBP: ffff8880015770e0 R08: ffffffff83a16803 R09: 1ffffffff0742d00
00020 R10: dffffc0000000000 R11: fffffbfff0742d01 R12: dffffc0000000000
00020 R13: 1ffff11026952642 R14: ffff888133c9a8a0 R15: ffff88804674c930
00020  ofd_create_hdl+0x2015/0x3510 [ofd]
00020 FS:  0000000000000000(0000) GS:ffff8881d4b2a000(0000) knlGS:0000000000000000
00020  ret_from_fork+0x18c/0x520
00020  ? kthread_unuse_mm+0x130/0x130
00020  ret_from_fork_asm+0x11/0x20
00020 CS:  0010 DS: 0000 ES: 0000 CR0: 0000000080050033
00020 CR2: 000055b460f50dc0 CR3: 000000011a5bc000 CR4: 0000000000750eb0
00020  </TASK>
00020 ---[ end trace 0000000000000000 ]---
00020 PKRU: 55555554
00020 Call Trace:
00020  <TASK>
00020 ------------[ cut here ]------------
00020 WARNING: /home/ktest/git/linux/include/linux/fs.h:889 at osd_create+0xbf7/0x1000 [osd_wbcfs], CPU#0: ll_ost00_000/1775
00020 Modules linked in: ofd(O) osp(O) mdd(O) lod(O) mdt(O) lquota(O) lfsck(O) mgs(O) osd_wbcfs(O) lustre(O) obdecho(O) mgc(O) mdc(O) lov(O) osc(O) lmv(O) ec(O) fid(O) fld(O) ptlrpc(O) efivarfs obdclass(O) ksocklnd(O) lnet(O) libcfs(O)
00020 CPU: 0 UID: 0 PID: 1775 Comm: ll_ost00_000 Tainted: G        W  O        7.0.0-ktest-f55a92a-6330a45-20260730-dirty #1 PREEMPT 
00020 Tainted: [W]=WARN, [O]=OOT_MODULE
00020 Hardware name: QEMU Standard PC (Q35 + ICH9, 2009), BIOS 2025.11-3ubuntu7 03/31/2026
00020 RIP: 0010:osd_create+0xbf7/0x1000 [osd_wbcfs]
00020 Code: c7 c7 60 a1 7b a1 48 c7 c6 00 63 7d a1 48 c7 c2 80 6c 7d a1 e8 0a ec 43 ff 48 c7 c7 60 a1 7b a1 e8 fe 7b 44 ff e9 9c fb ff ff <0f> 0b e9 35 f9 ff ff 48 c7 c1 80 44 5d a0 80 e1 07 80 c1 03 38 c1
00020 RSP: 0018:ffffc90001f87850 EFLAGS: 00010246
00020 RAX: 0000000000000000 RBX: ffff88811baa7000 RCX: 0000000000000046
00020 RDX: 0000000000000000 RSI: ffff88802ae99100 RDI: ffff888104af4b68
00020 RBP: ffff88811baa70e0 R08: ffffffff83a16803 R09: 1ffffffff0742d00
00020 R10: dffffc0000000000 R11: fffffbfff0742d01 R12: dffffc0000000000
00020 R13: 1ffff11023612942 R14: ffff888104af4960 R15: ffff88802ae99070
00020 FS:  0000000000000000(0000) GS:ffff8881d4a2a000(0000) knlGS:0000000000000000
00020 CS:  0010 DS: 0000 ES: 0000 CR0: 0000000080050033
00020 CR2: 00007f5953805780 CR3: 000000011bf8c000 CR4: 0000000000750eb0
00020 PKRU: 55555554
00020 Call Trace:
00020  <TASK>
00020  dt_find_or_create+0x81a/0x1170 [obdclass]
00020  ofd_precreate_objects+0x1bd8/0x3220 [ofd]
00020  osp_device_alloc+0x1b91/0x2e10 [osp]
00020  ofd_create_hdl+0x2015/0x3510 [ofd]
00020  tgt_request_handle+0x23ad/0x3d30 [ptlrpc]
00020  obd_setup+0x25c/0x950 [obdclass]
00020  tgt_request_handle+0x23ad/0x3d30 [ptlrpc]
00020  ofd_seq_load+0x605/0x1ac0 [ofd]
00020  ptlrpc_main+0x6359/0x96f0 [ptlrpc]
00020  ptlrpc_main+0x6359/0x96f0 [ptlrpc]
00020  class_setup+0xc7d/0x10e0 [obdclass]
00020  ? __kthread_parkme+0x73/0x130
00020  kthread+0x2cd/0x3a0
00020  ? __kthread_parkme+0x73/0x130
00020  ofd_get_info_hdl+0xfdd/0x2330 [ofd]
00020  ? ptlrpc_start_thread+0x1f10/0x1f10 [ptlrpc]
00020  class_process_config+0x2edb/0x7cb0 [obdclass]
00020  tgt_request_handle+0x23ad/0x3d30 [ptlrpc]
00020  ? __kasan_kmalloc+0x72/0x80
00020  kthread+0x2cd/0x3a0
00020  ? kthread_unuse_mm+0x130/0x130
00020  ? class_config_llog_handler+0x2954/0x4f80 [obdclass]
00020  ret_from_fork+0x18c/0x520
00020  ? kthread_unuse_mm+0x130/0x130
00020  ? ptlrpc_start_thread+0x1f10/0x1f10 [ptlrpc]
00020  ret_from_fork_asm+0x11/0x20
00020  </TASK>
00020  class_config_llog_handler+0x2cea/0x4f80 [obdclass]
00020 ---[ end trace 0000000000000000 ]---
00020  ? kthread_unuse_mm+0x130/0x130
00020 ------------[ cut here ]------------
00020  ret_from_fork+0x18c/0x520
00020  ? lustre_cfg_rec_free+0x350/0x350 [obdclass]
00020 WARNING: /home/ktest/git/linux/include/linux/fs.h:889 at osd_create+0xbf7/0x1000 [osd_wbcfs], CPU#1: ll_ost00_002/1777
00020  ptlrpc_main+0x6359/0x96f0 [ptlrpc]
00020  ? kthread_unuse_mm+0x130/0x130
00020 Modules linked in:
00020  ret_from_fork_asm+0x11/0x20
00020  llog_process_thread+0x1fd2/0x4f70 [obdclass]
00020  ofd(O)
00020  ? _raw_spin_unlock+0x23/0x40
00020  ? __kthread_parkme+0x73/0x130
00020  </TASK>
00020  kthread+0x2cd/0x3a0
00020  llog_process_thread_daemonize+0x16d/0x1b0 [obdclass]
00020  osp(O)
00020 ---[ end trace 0000000000000000 ]---
00020  kthread+0x2cd/0x3a0
00020  ? ptlrpc_start_thread+0x1f10/0x1f10 [ptlrpc]
00020  ? llog_process_or_fork+0xc90/0xc90 [obdclass]
00020  mdd(O)
00020 ------------[ cut here ]------------
00020  ? kthread_unuse_mm+0x130/0x130
00020  lod(O)
00020  ret_from_fork+0x18c/0x520
00020  ? kthread_unuse_mm+0x130/0x130
00020  ret_from_fork_asm+0x11/0x20
00020  </TASK>
00020 ---[ end trace 0000000000000000 ]---
00020 WARNING: /home/ktest/git/linux/include/linux/fs.h:889 at osd_create+0xbf7/0x1000 [osd_wbcfs], CPU#0: ll_ost00_000/1775
00020 Modules linked in: ofd(O) osp(O) mdd(O) lod(O) mdt(O) lquota(O) lfsck(O) mgs(O) osd_wbcfs(O) lustre(O) obdecho(O) mgc(O) mdc(O) lov(O) osc(O) lmv(O) ec(O) fid(O) fld(O) ptlrpc(O) efivarfs obdclass(O) ksocklnd(O) lnet(O) libcfs(O)
00020 CPU: 0 UID: 0 PID: 1775 Comm: ll_ost00_000 Tainted: G        W  O        7.0.0-ktest-f55a92a-6330a45-20260730-dirty #1 PREEMPT 
00020 Tainted: [W]=WARN, [O]=OOT_MODULE
00020 Hardware name: QEMU Standard PC (Q35 + ICH9, 2009), BIOS 2025.11-3ubuntu7 03/31/2026
00020 RIP: 0010:osd_create+0xbf7/0x1000 [osd_wbcfs]
00020  ? kthread_unuse_mm+0x130/0x130
00020 Code: c7 c7 60 a1 7b a1 48 c7 c6 00 63 7d a1 48 c7 c2 80 6c 7d a1 e8 0a ec 43 ff 48 c7 c7 60 a1 7b a1 e8 fe 7b 44 ff e9 9c fb ff ff <0f> 0b e9 35 f9 ff ff 48 c7 c1 80 44 5d a0 80 e1 07 80 c1 03 38 c1
00020 RSP: 0018:ffffc90001f87850 EFLAGS: 00010246
00020 RAX: 0000000000000000 RBX: ffff88811baa5400 RCX: 0000000000000046
00020 RDX: 0000000000000000 RSI: ffff88802ae989e8 RDI: ffff888104af4b68
00020 RBP: ffff88811baa54e0 R08: ffffffff83a16803 R09: 1ffffffff0742d00
00020 R10: dffffc0000000000 R11: fffffbfff0742d01 R12: dffffc0000000000
00020 R13: 1ffff11023612942 R14: ffff888104af4960 R15: ffff88802ae98958
00020 FS:  0000000000000000(0000) GS:ffff8881d4a2a000(0000) knlGS:0000000000000000
00020 CS:  0010 DS: 0000 ES: 0000 CR0: 0000000080050033
00020 CR2: 00007f5953805780 CR3: 000000011bf8c000 CR4: 0000000000750eb0
00020  ret_from_fork+0x18c/0x520
00020 PKRU: 55555554
00020 Call Trace:
00020  <TASK>
00020  ? kthread_unuse_mm+0x130/0x130
00020  ofd_precreate_objects+0x1bd8/0x3220 [ofd]
00020  ret_from_fork_asm+0x11/0x20
00020  </TASK>
00020 ---[ end trace 0000000000000000 ]---
00020  ofd_create_hdl+0x2015/0x3510 [ofd]
00020  tgt_request_handle+0x23ad/0x3d30 [ptlrpc]
00020  mdt(O) lquota(O) lfsck(O)
00020  ptlrpc_main+0x6359/0x96f0 [ptlrpc]
00020 ------------[ cut here ]------------
00020 WARNING: /home/ktest/git/linux/include/linux/fs.h:889 at osd_create+0xbf7/0x1000 [osd_wbcfs], CPU#3: llog_process_th/1818
00020 Modules linked in: ofd(O) osp(O) mdd(O) lod(O) mdt(O) lquota(O) lfsck(O) mgs(O) osd_wbcfs(O)
00020  mgs(O) osd_wbcfs(O) lustre(O) obdecho(O) mgc(O) mdc(O) lov(O) osc(O) lmv(O) ec(O) fid(O) fld(O) ptlrpc(O) efivarfs obdclass(O) ksocklnd(O) lnet(O) libcfs(O)
00020 CPU: 1 UID: 0 PID: 1777 Comm: ll_ost00_002 Tainted: G        W  O        7.0.0-ktest-f55a92a-6330a45-20260730-dirty #1 PREEMPT 
00020 Tainted: [W]=WARN, [O]=OOT_MODULE
00020 Hardware name: QEMU Standard PC (Q35 + ICH9, 2009), BIOS 2025.11-3ubuntu7 03/31/2026
00020 RIP: 0010:osd_create+0xbf7/0x1000 [osd_wbcfs]
00020 Code: c7 c7 60 a1 7b a1 48 c7 c6 00 63 7d a1 48 c7 c2 80 6c 7d a1 e8 0a ec 43 ff 48 c7 c7 60 a1 7b a1 e8 fe 7b 44 ff e9 9c fb ff ff <0f> 0b e9 35 f9 ff ff 48 c7 c1 80 44 5d a0 80 e1 07 80 c1 03 38 c1
00020 RSP: 0018:ffffc90003e77850 EFLAGS: 00010246
00020  ? __kthread_parkme+0x73/0x130
00020  kthread+0x2cd/0x3a0
00020  ? ptlrpc_start_thread+0x1f10/0x1f10 [ptlrpc]
00020  lustre(O)
00020 
00020 RAX: 0000000000000000 RBX: ffff88811c353000 RCX: 0000000000000046
00020  ? kthread_unuse_mm+0x130/0x130
00020  ret_from_fork+0x18c/0x520
00020  ? kthread_unuse_mm+0x130/0x130
00020  ret_from_fork_asm+0x11/0x20
00020  </TASK>
00020 ---[ end trace 0000000000000000 ]---
00020 ------------[ cut here ]------------
00020 WARNING: /home/ktest/git/linux/include/linux/fs.h:889 at osd_create+0xbf7/0x1000 [osd_wbcfs], CPU#0: ll_ost00_003/1816
00020 Modules linked in: ofd(O) osp(O) mdd(O) lod(O) mdt(O) lquota(O) lfsck(O) mgs(O) osd_wbcfs(O) lustre(O) obdecho(O) mgc(O) mdc(O) lov(O) osc(O) lmv(O) ec(O) fid(O) fld(O) ptlrpc(O) efivarfs obdclass(O) ksocklnd(O) lnet(O) libcfs(O)
00020 CPU: 0 UID: 0 PID: 1816 Comm: ll_ost00_003 Tainted: G        W  O        7.0.0-ktest-f55a92a-6330a45-20260730-dirty #1 PREEMPT 
00020 Tainted: [W]=WARN, [O]=OOT_MODULE
00020 Hardware name: QEMU Standard PC (Q35 + ICH9, 2009), BIOS 2025.11-3ubuntu7 03/31/2026
00020 RIP: 0010:osd_create+0xbf7/0x1000 [osd_wbcfs]
00020  obdecho(O)
00020 Code: c7 c7 60 a1 7b a1 48 c7 c6 00 63 7d a1 48 c7 c2 80 6c 7d a1 e8 0a ec 43 ff 48 c7 c7 60 a1 7b a1 e8 fe 7b 44 ff e9 9c fb ff ff <0f> 0b e9 35 f9 ff ff 48 c7 c1 80 44 5d a0 80 e1 07 80 c1 03 38 c1
00020 RSP: 0018:ffffc90007d67850 EFLAGS: 00010246
00020 RAX: 0000000000000000 RBX: ffff888134fd9000 RCX: 0000000000000046
00020 RDX: 0000000000000000 RSI: ffff88802ae982d0 RDI: ffff88813494cb68
00020 RBP: ffff888134fd90e0 R08: ffffffff83a16803 R09: 1ffffffff0742d00
00020 R10: dffffc0000000000 R11: fffffbfff0742d01 R12: dffffc0000000000
00020 R13: 1ffff1102678c642 R14: ffff88813494c960 R15: ffff88802ae98240
00020 FS:  0000000000000000(0000) GS:ffff8881d4a2a000(0000) knlGS:0000000000000000
00020 CS:  0010 DS: 0000 ES: 0000 CR0: 0000000080050033
00020 CR2: 00007f5953805780 CR3: 000000011bf8c000 CR4: 0000000000750eb0
00020 PKRU: 55555554
00020 Call Trace:
00020  <TASK>
00020 RDX: 0000000000000000 RSI: ffff88802ae9ed38 RDI: ffff888104af09e8
00020  ofd_precreate_objects+0x1bd8/0x3220 [ofd]
00020  ofd_create_hdl+0x2015/0x3510 [ofd]
00020  tgt_request_handle+0x23ad/0x3d30 [ptlrpc]
00020  mgc(O)
00020 RBP: ffff88811c3530e0 R08: ffffffff83a16803 R09: 1ffffffff0742d00
00020  ptlrpc_main+0x6359/0x96f0 [ptlrpc]
00020  mdc(O)
00020 R10: dffffc0000000000 R11: fffffbfff0742d01 R12: dffffc0000000000
00020  ? __kthread_parkme+0x73/0x130
00020  kthread+0x2cd/0x3a0
00020  lov(O)
00020 R13: 1ffff11020950f42 R14: ffff888104af07e0 R15: ffff88802ae9eca8
00020  ? ptlrpc_start_thread+0x1f10/0x1f10 [ptlrpc]
00020  ? kthread_unuse_mm+0x130/0x130
00020  ret_from_fork+0x18c/0x520
00020  ? kthread_unuse_mm+0x130/0x130
00020  ret_from_fork_asm+0x11/0x20
00020  </TASK>
00020 ---[ end trace 0000000000000000 ]---
00020  osc(O)
00020 FS:  0000000000000000(0000) GS:ffff8881d4aaa000(0000) knlGS:0000000000000000
00020  lmv(O)
00020 CS:  0010 DS: 0000 ES: 0000 CR0: 0000000080050033
00020 ------------[ cut here ]------------
00020 WARNING: /home/ktest/git/linux/include/linux/fs.h:889 at osd_create+0xbf7/0x1000 [osd_wbcfs], CPU#0: ll_ost00_000/1775
00020 Modules linked in: ofd(O) osp(O) mdd(O) lod(O) mdt(O) lquota(O) lfsck(O) mgs(O)
00020  ec(O) fid(O) fld(O) ptlrpc(O) efivarfs obdclass(O) ksocklnd(O) lnet(O) libcfs(O)
00020 CPU: 3 UID: 0 PID: 1818 Comm: llog_process_th Tainted: G        W  O        7.0.0-ktest-f55a92a-6330a45-20260730-dirty #1 PREEMPT 
00020 Tainted: [W]=WARN, [O]=OOT_MODULE
00020 Hardware name: QEMU Standard PC (Q35 + ICH9, 2009), BIOS 2025.11-3ubuntu7 03/31/2026
00020 CR2: 000055b460f452d0 CR3: 000000013521f000 CR4: 0000000000750eb0
00020 RIP: 0010:osd_create+0xbf7/0x1000 [osd_wbcfs]
00020 Code: c7 c7 60 a1 7b a1 48 c7 c6 00 63 7d a1 48 c7 c2 80 6c 7d a1 e8 0a ec 43 ff 48 c7 c7 60 a1 7b a1 e8 fe 7b 44 ff e9 9c fb ff ff <0f> 0b e9 35 f9 ff ff 48 c7 c1 80 44 5d a0 80 e1 07 80 c1 03 38 c1
00020  osd_wbcfs(O)
00020 RSP: 0018:ffffc90007d87428 EFLAGS: 00010246
00020 RAX: 0000000000000000 RBX: ffff88811c32e400 RCX: 0000000000000046
00020 RDX: 0000000000000000 RSI: ffff88802cff6620 RDI: ffff888133c9cb40
00020 RBP: ffff88811c32e4e0 R08: ffffffff83a16803 R09: 1ffffffff0742d00
00020 R10: dffffc0000000000 R11: fffffbfff0742d01 R12: dffffc0000000000
00020 R13: 1ffff110266ea98f R14: ffff888133c9c960 R15: ffff88802cff6590
00020 FS:  0000000000000000(0000) GS:ffff8881d4baa000(0000) knlGS:0000000000000000
00020 CS:  0010 DS: 0000 ES: 0000 CR0: 0000000080050033
00020 CR2: 00007f8944000740 CR3: 000000011a5bc000 CR4: 0000000000750eb0
00020 PKRU: 55555554
00020 Call Trace:
00020  <TASK>
00020  local_object_create+0x109/0x640 [obdclass]
00020 PKRU: 55555554
00020  lustre(O)
00020  ? dt_write_lock+0x16d/0x2a0 [obdclass]
00020 Call Trace:
00020  obdecho(O)
00020  llog_osd_create+0x356/0x10d0 [obdclass]
00020  <TASK>
00020  mgc(O)
00020  llog_create+0x2ed/0x530 [obdclass]
00020  ofd_precreate_objects+0x1bd8/0x3220 [ofd]
00020  mdc(O)
00020  llog_cat_new_log+0x6d1/0x2970 [obdclass]
00020  llog_cat_add_rec+0x6ba/0x1960 [obdclass]
00020  ofd_create_hdl+0x2015/0x3510 [ofd]
00020  lov(O) osc(O)
00020  tgt_request_handle+0x23ad/0x3d30 [ptlrpc]
00020  llog_cat_add+0x499/0x7a0 [obdclass]
00020  lmv(O)
00020  osp_sync_init+0x1588/0x2760 [osp]
00020  osp_device_alloc+0x1b91/0x2e10 [osp]
00020  ec(O) fid(O)
00020  ptlrpc_main+0x6359/0x96f0 [ptlrpc]
00020  ? __kthread_parkme+0x73/0x130
00020  kthread+0x2cd/0x3a0
00020  ? ptlrpc_start_thread+0x1f10/0x1f10 [ptlrpc]
00020  obd_setup+0x25c/0x950 [obdclass]
00020  ? kthread_unuse_mm+0x130/0x130
00020  ret_from_fork+0x18c/0x520
00020  ? kthread_unuse_mm+0x130/0x130
00020  ret_from_fork_asm+0x11/0x20
00020  </TASK>
00020 ---[ end trace 0000000000000000 ]---
00020  fld(O) ptlrpc(O)
00020 ------------[ cut here ]------------
00020 WARNING: /home/ktest/git/linux/include/linux/fs.h:889 at osd_create+0xbf7/0x1000 [osd_wbcfs], CPU#1: ll_ost00_002/1777
00020 Modules linked in: ofd(O)
00020  efivarfs
00020  class_setup+0xc7d/0x10e0 [obdclass]
00020  osp(O)
00020  obdclass(O)
00020 Lustre: lustre-OST0000-osc-MDT0000: update sequence from 0x100000000 to 0x280000401
00020  class_process_config+0x2edb/0x7cb0 [obdclass]
00020  mdd(O)
00020  ? __kasan_kmalloc+0x72/0x80
00020  ksocklnd(O)
00020  ? class_config_llog_handler+0x2954/0x4f80 [obdclass]
00020  lod(O)
00020  lnet(O)
00020  class_config_llog_handler+0x2cea/0x4f80 [obdclass]
00020  mdt(O)
00020  ? lustre_cfg_rec_free+0x350/0x350 [obdclass]
00020  libcfs(O)
00020  lquota(O)
00020 
00020 ------------[ cut here ]------------
00020  lfsck(O)
00020 WARNING: /home/ktest/git/linux/include/linux/fs.h:889 at osd_create+0xbf7/0x1000 [osd_wbcfs], CPU#2: ll_ost00_001/1776
00020  llog_process_thread+0x1fd2/0x4f70 [obdclass]
00020 CPU: 0 UID: 0 PID: 1775 Comm: ll_ost00_000 Tainted: G        W  O        7.0.0-ktest-f55a92a-6330a45-20260730-dirty #1 PREEMPT 
00020  mgs(O)
00020 Modules linked in: ofd(O) osp(O) mdd(O) lod(O) mdt(O) lquota(O)
00020 Tainted: [W]=WARN, [O]=OOT_MODULE
00020  lfsck(O) mgs(O) osd_wbcfs(O) lustre(O) obdecho(O) mgc(O) mdc(O) lov(O) osc(O) lmv(O) ec(O) fid(O) fld(O)
00020  ? _raw_spin_unlock+0x23/0x40
00020  ptlrpc(O) efivarfs obdclass(O) ksocklnd(O) lnet(O)
00020  osd_wbcfs(O)
00020  libcfs(O)
00020 CPU: 2 UID: 0 PID: 1776 Comm: ll_ost00_001 Tainted: G        W  O        7.0.0-ktest-f55a92a-6330a45-20260730-dirty #1 PREEMPT 
00020 Hardware name: QEMU Standard PC (Q35 + ICH9, 2009), BIOS 2025.11-3ubuntu7 03/31/2026
00020 Tainted: [W]=WARN, [O]=OOT_MODULE
00020 Hardware name: QEMU Standard PC (Q35 + ICH9, 2009), BIOS 2025.11-3ubuntu7 03/31/2026
00020 RIP: 0010:osd_create+0xbf7/0x1000 [osd_wbcfs]
00020  llog_process_thread_daemonize+0x16d/0x1b0 [obdclass]
00020 Code: c7 c7 60 a1 7b a1 48 c7 c6 00 63 7d a1 48 c7 c2 80 6c 7d a1 e8 0a ec 43 ff 48 c7 c7 60 a1 7b a1 e8 fe 7b 44 ff e9 9c fb ff ff <0f> 0b e9 35 f9 ff ff 48 c7 c1 80 44 5d a0 80 e1 07 80 c1 03 38 c1
00020 RSP: 0018:ffffc90002277898 EFLAGS: 00010246
00020 RAX: 0000000000000000 RBX: ffff88800b355400 RCX: 0000000000000046
00020  lustre(O)
00020 RDX: 0000000000000000 RSI: ffff88804674c2a8 RDI: ffff888104af2a80
00020 RBP: ffff88800b3554e0 R08: ffffffff83a16803 R09: 1ffffffff0742d00
00020 R10: dffffc0000000000 R11: fffffbfff0742d01 R12: dffffc0000000000
00020 R13: 1ffff11003640442 R14: ffff888104af28a0 R15: ffff88804674c218
00020 RIP: 0010:osd_create+0xbf7/0x1000 [osd_wbcfs]
00020 FS:  0000000000000000(0000) GS:ffff8881d4b2a000(0000) knlGS:0000000000000000
00020 CS:  0010 DS: 0000 ES: 0000 CR0: 0000000080050033
00020 CR2: 000055b460f50dc0 CR3: 000000011a5bc000 CR4: 0000000000750eb0
00020 PKRU: 55555554
00020 Call Trace:
00020  <TASK>
00020  kthread+0x2cd/0x3a0
00020  obdecho(O)
00020 Code: c7 c7 60 a1 7b a1 48 c7 c6 00 63 7d a1 48 c7 c2 80 6c 7d a1 e8 0a ec 43 ff 48 c7 c7 60 a1 7b a1 e8 fe 7b 44 ff e9 9c fb ff ff <0f> 0b e9 35 f9 ff ff 48 c7 c1 80 44 5d a0 80 e1 07 80 c1 03 38 c1
00020  ? llog_process_or_fork+0xc90/0xc90 [obdclass]
00020  dt_find_or_create+0x81a/0x1170 [obdclass]
00020  mgc(O)
00020 RSP: 0018:ffffc90001f87850 EFLAGS: 00010246
00020  ? kthread_unuse_mm+0x130/0x130
00020  ret_from_fork+0x18c/0x520
00020  ? kthread_unuse_mm+0x130/0x130
00020  ret_from_fork_asm+0x11/0x20
00020  </TASK>
00020 ---[ end trace 0000000000000000 ]---
00020  mdc(O)
00020 
00020  ofd_seq_load+0x605/0x1ac0 [ofd]
00020  lov(O)
00020 RAX: 0000000000000000 RBX: ffff88811baa4800 RCX: 0000000000000046
00020  ? ofd_create_hdl+0x4e0/0x3510 [ofd]
00020  osc(O)
00020  ofd_create_hdl+0x778/0x3510 [ofd]
00020 RDX: 0000000000000000 RSI: ffff88802ce97b68 RDI: ffff888104af4b68
00020  lmv(O)
00020 RBP: ffff88811baa48e0 R08: ffffffff83a16803 R09: 1ffffffff0742d00
00020  ec(O)
00020 R10: dffffc0000000000 R11: fffffbfff0742d01 R12: dffffc0000000000
00020  ? lustre_pack_reply_flags+0x11f/0x3a0 [ptlrpc]
00020  fid(O)
00020 R13: 1ffff11023612942 R14: ffff888104af4960 R15: ffff88802ce97ad8
00020  fld(O)
00020 FS:  0000000000000000(0000) GS:ffff8881d4a2a000(0000) knlGS:0000000000000000
00020  ptlrpc(O)
00020 CS:  0010 DS: 0000 ES: 0000 CR0: 0000000080050033
00020  efivarfs
00020 CR2: 00007f5953805780 CR3: 000000011bf8c000 CR4: 0000000000750eb0
00020  obdclass(O)
00020 PKRU: 55555554
00020  tgt_request_handle+0x23ad/0x3d30 [ptlrpc]
00020  ksocklnd(O)
00020 Call Trace:
00020  lnet(O)
00020  ptlrpc_main+0x6359/0x96f0 [ptlrpc]
00020  <TASK>
00020  libcfs(O)
00020  ofd_precreate_objects+0x1bd8/0x3220 [ofd]
00020 
00020  ofd_create_hdl+0x2015/0x3510 [ofd]
00020 CPU: 1 UID: 0 PID: 1777 Comm: ll_ost00_002 Tainted: G        W  O        7.0.0-ktest-f55a92a-6330a45-20260730-dirty #1 PREEMPT 
00020 Tainted: [W]=WARN, [O]=OOT_MODULE
00020 Hardware name: QEMU Standard PC (Q35 + ICH9, 2009), BIOS 2025.11-3ubuntu7 03/31/2026
00020 RIP: 0010:osd_create+0xbf7/0x1000 [osd_wbcfs]
00020  ? __kthread_parkme+0x73/0x130
00020 Code: c7 c7 60 a1 7b a1 48 c7 c6 00 63 7d a1 48 c7 c2 80 6c 7d a1 e8 0a ec 43 ff 48 c7 c7 60 a1 7b a1 e8 fe 7b 44 ff e9 9c fb ff ff <0f> 0b e9 35 f9 ff ff 48 c7 c1 80 44 5d a0 80 e1 07 80 c1 03 38 c1
00020 RSP: 0018:ffffc90003e77850 EFLAGS: 00010246
00020 RAX: 0000000000000000 RBX: ffff88811c353400 RCX: 0000000000000046
00020 RDX: 0000000000000000 RSI: ffff88802ae9e620 RDI: ffff888104af09e8
00020 RBP: ffff88811c3534e0 R08: ffffffff83a16803 R09: 1ffffffff0742d00
00020 R10: dffffc0000000000 R11: fffffbfff0742d01 R12: dffffc0000000000
00020 R13: 1ffff11020950f42 R14: ffff888104af07e0 R15: ffff88802ae9e590
00020 FS:  0000000000000000(0000) GS:ffff8881d4aaa000(0000) knlGS:0000000000000000
00020  tgt_request_handle+0x23ad/0x3d30 [ptlrpc]
00020  kthread+0x2cd/0x3a0
00020 CS:  0010 DS: 0000 ES: 0000 CR0: 0000000080050033
00020 CR2: 000055b460f452d0 CR3: 000000013521f000 CR4: 0000000000750eb0
00020 PKRU: 55555554
00020 Call Trace:
00020  <TASK>
00020  ofd_precreate_objects+0x1bd8/0x3220 [ofd]
00020  ofd_create_hdl+0x2015/0x3510 [ofd]
00020  tgt_request_handle+0x23ad/0x3d30 [ptlrpc]
00020  ? ptlrpc_start_thread+0x1f10/0x1f10 [ptlrpc]
00020  ? kthread_unuse_mm+0x130/0x130
00020  ptlrpc_main+0x6359/0x96f0 [ptlrpc]
00020  ptlrpc_main+0x6359/0x96f0 [ptlrpc]
00020  ? __kthread_parkme+0x73/0x130
00020  kthread+0x2cd/0x3a0
00020  ret_from_fork+0x18c/0x520
00020  ? __kthread_parkme+0x73/0x130
00020  ? ptlrpc_start_thread+0x1f10/0x1f10 [ptlrpc]
00020  ? kthread_unuse_mm+0x130/0x130
00020  kthread+0x2cd/0x3a0
00020  ? ptlrpc_start_thread+0x1f10/0x1f10 [ptlrpc]
00020  ? kthread_unuse_mm+0x130/0x130
00020  ret_from_fork+0x18c/0x520
00020  ? kthread_unuse_mm+0x130/0x130
00020  ret_from_fork_asm+0x11/0x20
00020  </TASK>
00020 ---[ end trace 0000000000000000 ]---
00020 ------------[ cut here ]------------
00020 WARNING: /home/ktest/git/linux/include/linux/fs.h:889 at osd_create+0xbf7/0x1000 [osd_wbcfs], CPU#0: ll_ost00_000/1775
00020 Modules linked in: ofd(O) osp(O) mdd(O) lod(O) mdt(O) lquota(O) lfsck(O) mgs(O) osd_wbcfs(O) lustre(O) obdecho(O) mgc(O) mdc(O) lov(O) osc(O) lmv(O) ec(O) fid(O) fld(O) ptlrpc(O) efivarfs obdclass(O) ksocklnd(O) lnet(O) libcfs(O)
00020 CPU: 0 UID: 0 PID: 1775 Comm: ll_ost00_000 Tainted: G        W  O        7.0.0-ktest-f55a92a-6330a45-20260730-dirty #1 PREEMPT 
00020 Tainted: [W]=WARN, [O]=OOT_MODULE
00020 Hardware name: QEMU Standard PC (Q35 + ICH9, 2009), BIOS 2025.11-3ubuntu7 03/31/2026
00020 RIP: 0010:osd_create+0xbf7/0x1000 [osd_wbcfs]
00020 Code: c7 c7 60 a1 7b a1 48 c7 c6 00 63 7d a1 48 c7 c2 80 6c 7d a1 e8 0a ec 43 ff 48 c7 c7 60 a1 7b a1 e8 fe 7b 44 ff e9 9c fb ff ff <0f> 0b e9 35 f9 ff ff 48 c7 c1 80 44 5d a0 80 e1 07 80 c1 03 38 c1
00020 RSP: 0018:ffffc90001f87850 EFLAGS: 00010246
00020 RAX: 0000000000000000 RBX: ffff88811c852400 RCX: 0000000000000046
00020 RDX: 0000000000000000 RSI: ffff88802ce97450 RDI: ffff888104af4b68
00020 RBP: ffff88811c8524e0 R08: ffffffff83a16803 R09: 1ffffffff0742d00
00020 R10: dffffc0000000000 R11: fffffbfff0742d01 R12: dffffc0000000000
00020 R13: 1ffff11023612942 R14: ffff888104af4960 R15: ffff88802ce973c0
00020 FS:  0000000000000000(0000) GS:ffff8881d4a2a000(0000) knlGS:0000000000000000
00020 CS:  0010 DS: 0000 ES: 0000 CR0: 0000000080050033
00020 CR2: 00007f5953805780 CR3: 000000011bf8c000 CR4: 0000000000750eb0
00020 PKRU: 55555554
00020 Call Trace:
00020  <TASK>
00020  ret_from_fork_asm+0x11/0x20
00020  ofd_precreate_objects+0x1bd8/0x3220 [ofd]
00020  ? kthread_unuse_mm+0x130/0x130
00020  ret_from_fork+0x18c/0x520
00020  ? kthread_unuse_mm+0x130/0x130
00020  ret_from_fork_asm+0x11/0x20
00020  ofd_create_hdl+0x2015/0x3510 [ofd]
00020  </TASK>
00020  </TASK>
00020 ---[ end trace 0000000000000000 ]---
00020 ------------[ cut here ]------------
00020  tgt_request_handle+0x23ad/0x3d30 [ptlrpc]
00020 ---[ end trace 0000000000000000 ]---
00020 WARNING: /home/ktest/git/linux/include/linux/fs.h:889 at osd_create+0xbf7/0x1000 [osd_wbcfs], CPU#1: ll_ost00_002/1777
00020  ptlrpc_main+0x6359/0x96f0 [ptlrpc]
00020 Modules linked in: ofd(O)
00020  ? __kthread_parkme+0x73/0x130
00020  osp(O)
00020  kthread+0x2cd/0x3a0
00020  mdd(O)
00020  ? ptlrpc_start_thread+0x1f10/0x1f10 [ptlrpc]
00020  lod(O)
00020  ? kthread_unuse_mm+0x130/0x130
00020 ------------[ cut here ]------------
00020 WARNING: /home/ktest/git/linux/include/linux/fs.h:889 at osd_create+0xbf7/0x1000 [osd_wbcfs], CPU#2: ll_ost00_001/1776
00020 Modules linked in:
00020  mdt(O)
00020  ofd(O) osp(O) mdd(O) lod(O) mdt(O) lquota(O) lfsck(O) mgs(O) osd_wbcfs(O) lustre(O) obdecho(O) mgc(O) mdc(O) lov(O) osc(O) lmv(O) ec(O) fid(O) fld(O) ptlrpc(O)
00020  ret_from_fork+0x18c/0x520
00020  efivarfs obdclass(O) ksocklnd(O) lnet(O) libcfs(O)
00020 CPU: 2 UID: 0 PID: 1776 Comm: ll_ost00_001 Tainted: G        W  O        7.0.0-ktest-f55a92a-6330a45-20260730-dirty #1 PREEMPT 
00020 Tainted: [W]=WARN, [O]=OOT_MODULE
00020 Hardware name: QEMU Standard PC (Q35 + ICH9, 2009), BIOS 2025.11-3ubuntu7 03/31/2026
00020  lquota(O)
00020 RIP: 0010:osd_create+0xbf7/0x1000 [osd_wbcfs]
00020 Code: c7 c7 60 a1 7b a1 48 c7 c6 00 63 7d a1 48 c7 c2 80 6c 7d a1 e8 0a ec 43 ff 48 c7 c7 60 a1 7b a1 e8 fe 7b 44 ff e9 9c fb ff ff <0f> 0b e9 35 f9 ff ff 48 c7 c1 80 44 5d a0 80 e1 07 80 c1 03 38 c1
00020  ? kthread_unuse_mm+0x130/0x130
00020 RSP: 0018:ffffc90002277850 EFLAGS: 00010246
00020 RAX: 0000000000000000 RBX: ffff88800b354000 RCX: 0000000000000046
00020 RDX: 0000000000000000 RSI: ffff88804674bb90 RDI: ffff888104af2aa8
00020 RBP: ffff88800b3540e0 R08: ffffffff83a16803 R09: 1ffffffff0742d00
00020 R10: dffffc0000000000 R11: fffffbfff0742d01 R12: dffffc0000000000
00020 R13: 1ffff11003640442 R14: ffff888104af28a0 R15: ffff88804674bb00
00020  lfsck(O)
00020 FS:  0000000000000000(0000) GS:ffff8881d4b2a000(0000) knlGS:0000000000000000
00020 CS:  0010 DS: 0000 ES: 0000 CR0: 0000000080050033
00020 CR2: 000055b460f50dc0 CR3: 000000011a5bc000 CR4: 0000000000750eb0
00020 PKRU: 55555554
00020 Call Trace:
00020  <TASK>
00020  ret_from_fork_asm+0x11/0x20
00020  ofd_precreate_objects+0x1bd8/0x3220 [ofd]
00020  mgs(O)
00020  </TASK>
00020  ofd_create_hdl+0x2015/0x3510 [ofd]
00020  osd_wbcfs(O)
00020  tgt_request_handle+0x23ad/0x3d30 [ptlrpc]
00020 ---[ end trace 0000000000000000 ]---
00020 ------------[ cut here ]------------
00020  lustre(O)
00020 WARNING: /home/ktest/git/linux/include/linux/fs.h:889 at osd_create+0xbf7/0x1000 [osd_wbcfs], CPU#0: ll_ost00_000/1775
00020  ptlrpc_main+0x6359/0x96f0 [ptlrpc]
00020  obdecho(O)
00020  ? __kthread_parkme+0x73/0x130
00020  kthread+0x2cd/0x3a0
00020 Modules linked in:
00020  mgc(O)
00020  ? ptlrpc_start_thread+0x1f10/0x1f10 [ptlrpc]
00020  ofd(O)
00020  mdc(O)
00020  ? kthread_unuse_mm+0x130/0x130
00020  ret_from_fork+0x18c/0x520
00020  ? kthread_unuse_mm+0x130/0x130
00020  ret_from_fork_asm+0x11/0x20
00020  </TASK>
00020 ---[ end trace 0000000000000000 ]---
00020  osp(O)
00020  lov(O)
00020  mdd(O)
00020  osc(O)
00020  lod(O)
00020  lmv(O)
00020  mdt(O)
00020  ec(O)
00020  lquota(O)
00020  fid(O)
00020  lfsck(O)
00020  fld(O)
00020 ------------[ cut here ]------------
00020 WARNING: /home/ktest/git/linux/include/linux/fs.h:889 at osd_create+0xbf7/0x1000 [osd_wbcfs], CPU#2: ll_ost00_001/1776
00020 Modules linked in: ofd(O) osp(O) mdd(O) lod(O) mdt(O) lquota(O) lfsck(O) mgs(O) osd_wbcfs(O) lustre(O) obdecho(O) mgc(O) mdc(O) lov(O) osc(O) lmv(O) ec(O) fid(O) fld(O) ptlrpc(O) efivarfs obdclass(O) ksocklnd(O) lnet(O) libcfs(O)
00020 CPU: 2 UID: 0 PID: 1776 Comm: ll_ost00_001 Tainted: G        W  O        7.0.0-ktest-f55a92a-6330a45-20260730-dirty #1 PREEMPT 
00020 Tainted: [W]=WARN, [O]=OOT_MODULE
00020 Hardware name: QEMU Standard PC (Q35 + ICH9, 2009), BIOS 2025.11-3ubuntu7 03/31/2026
00020 RIP: 0010:osd_create+0xbf7/0x1000 [osd_wbcfs]
00020  mgs(O) osd_wbcfs(O) lustre(O)
00020 Code: c7 c7 60 a1 7b a1 48 c7 c6 00 63 7d a1 48 c7 c2 80 6c 7d a1 e8 0a ec 43 ff 48 c7 c7 60 a1 7b a1 e8 fe 7b 44 ff e9 9c fb ff ff <0f> 0b e9 35 f9 ff ff 48 c7 c1 80 44 5d a0 80 e1 07 80 c1 03 38 c1
00020  ptlrpc(O)
00020 RSP: 0018:ffffc90002277850 EFLAGS: 00010246
00020 RAX: 0000000000000000 RBX: ffff88800b357c00 RCX: 0000000000000046
00020 RDX: 0000000000000000 RSI: ffff888026adc9c0 RDI: ffff888104af2aa8
00020 RBP: ffff88800b357ce0 R08: ffffffff83a16803 R09: 1ffffffff0742d00
00020 R10: dffffc0000000000 R11: fffffbfff0742d01 R12: dffffc0000000000
00020 R13: 1ffff11003640442 R14: ffff888104af28a0 R15: ffff888026adc930
00020 FS:  0000000000000000(0000) GS:ffff8881d4b2a000(0000) knlGS:0000000000000000
00020 CS:  0010 DS: 0000 ES: 0000 CR0: 0000000080050033
00020 CR2: 000055b460f50dc0 CR3: 000000011a5bc000 CR4: 0000000000750eb0
00020 PKRU: 55555554
00020 Call Trace:
00020  <TASK>
00020  obdecho(O)
00020  ofd_precreate_objects+0x1bd8/0x3220 [ofd]
00020  efivarfs
00020  ofd_create_hdl+0x2015/0x3510 [ofd]
00020  mgc(O)
00020  obdclass(O)
00020  mdc(O) lov(O) osc(O) lmv(O) ec(O) fid(O)
00020  tgt_request_handle+0x23ad/0x3d30 [ptlrpc]
00020  ksocklnd(O)
00020  fld(O)
00020  lnet(O)
00020  ptlrpc_main+0x6359/0x96f0 [ptlrpc]
00020  ptlrpc(O)
00020  libcfs(O)
00020  efivarfs
00020 
00020  obdclass(O)
00020 CPU: 1 UID: 0 PID: 1777 Comm: ll_ost00_002 Tainted: G        W  O        7.0.0-ktest-f55a92a-6330a45-20260730-dirty #1 PREEMPT 
00020  ? __kthread_parkme+0x73/0x130
00020  kthread+0x2cd/0x3a0
00020  ksocklnd(O)
00020 Tainted: [W]=WARN, [O]=OOT_MODULE
00020  ? ptlrpc_start_thread+0x1f10/0x1f10 [ptlrpc]
00020  lnet(O)
00020 Hardware name: QEMU Standard PC (Q35 + ICH9, 2009), BIOS 2025.11-3ubuntu7 03/31/2026
00020  libcfs(O)
00020  ? kthread_unuse_mm+0x130/0x130
00020  ret_from_fork+0x18c/0x520
00020 RIP: 0010:osd_create+0xbf7/0x1000 [osd_wbcfs]
00020 Code: c7 c7 60 a1 7b a1 48 c7 c6 00 63 7d a1 48 c7 c2 80 6c 7d a1 e8 0a ec 43 ff 48 c7 c7 60 a1 7b a1 e8 fe 7b 44 ff e9 9c fb ff ff <0f> 0b e9 35 f9 ff ff 48 c7 c1 80 44 5d a0 80 e1 07 80 c1 03 38 c1
00020 RSP: 0018:ffffc90003e77850 EFLAGS: 00010246
00020 RAX: 0000000000000000 RBX: ffff88811c352000 RCX: 0000000000000046
00020 RDX: 0000000000000000 RSI: ffff88802ae9df08 RDI: ffff888104af09e8
00020 RBP: ffff88811c3520e0 R08: ffffffff83a16803 R09: 1ffffffff0742d00
00020 R10: dffffc0000000000 R11: fffffbfff0742d01 R12: dffffc0000000000
00020 R13: 1ffff11020950f42 R14: ffff888104af07e0 R15: ffff88802ae9de78
00020 FS:  0000000000000000(0000) GS:ffff8881d4aaa000(0000) knlGS:0000000000000000
00020 CS:  0010 DS: 0000 ES: 0000 CR0: 0000000080050033
00020 CR2: 000055b460f452d0 CR3: 000000013521f000 CR4: 0000000000750eb0
00020 PKRU: 55555554
00020 Call Trace:
00020  <TASK>
00020 
00020 CPU: 0 UID: 0 PID: 1775 Comm: ll_ost00_000 Tainted: G        W  O        7.0.0-ktest-f55a92a-6330a45-20260730-dirty #1 PREEMPT 
00020 Tainted: [W]=WARN, [O]=OOT_MODULE
00020 Hardware name: QEMU Standard PC (Q35 + ICH9, 2009), BIOS 2025.11-3ubuntu7 03/31/2026
00020 RIP: 0010:osd_create+0xbf7/0x1000 [osd_wbcfs]
00020  ofd_precreate_objects+0x1bd8/0x3220 [ofd]
00020  ? kthread_unuse_mm+0x130/0x130
00020  ret_from_fork_asm+0x11/0x20
00020  </TASK>
00020 ---[ end trace 0000000000000000 ]---
00020 Code: c7 c7 60 a1 7b a1 48 c7 c6 00 63 7d a1 48 c7 c2 80 6c 7d a1 e8 0a ec 43 ff 48 c7 c7 60 a1 7b a1 e8 fe 7b 44 ff e9 9c fb ff ff <0f> 0b e9 35 f9 ff ff 48 c7 c1 80 44 5d a0 80 e1 07 80 c1 03 38 c1
00020  ofd_create_hdl+0x2015/0x3510 [ofd]
00020 RSP: 0018:ffffc90001f87850 EFLAGS: 00010246
00020 ------------[ cut here ]------------
00020 WARNING: /home/ktest/git/linux/include/linux/fs.h:889 at osd_create+0xbf7/0x1000 [osd_wbcfs], CPU#2: ll_ost00_001/1776
00020 
00020 RAX: 0000000000000000 RBX: ffff888134653c00 RCX: 0000000000000046
00020 RDX: 0000000000000000 RSI: ffff88802ce96d38 RDI: ffff888104af4b68
00020 RBP: ffff888134653ce0 R08: ffffffff83a16803 R09: 1ffffffff0742d00
00020 R10: dffffc0000000000 R11: fffffbfff0742d01 R12: dffffc0000000000
00020 R13: 1ffff11023612942 R14: ffff888104af4960 R15: ffff88802ce96ca8
00020 FS:  0000000000000000(0000) GS:ffff8881d4a2a000(0000) knlGS:0000000000000000
00020 CS:  0010 DS: 0000 ES: 0000 CR0: 0000000080050033
00020 CR2: 00007f5953805780 CR3: 000000011bf8c000 CR4: 0000000000750eb0
00020 Modules linked in:
00020  tgt_request_handle+0x23ad/0x3d30 [ptlrpc]
00020 PKRU: 55555554
00020 Call Trace:
00020  <TASK>
00020  ofd_precreate_objects+0x1bd8/0x3220 [ofd]
00020  ptlrpc_main+0x6359/0x96f0 [ptlrpc]
00020  ? __kthread_parkme+0x73/0x130
00020  kthread+0x2cd/0x3a0
00020  ofd(O)
00020  ? ptlrpc_start_thread+0x1f10/0x1f10 [ptlrpc]
00020  ? kthread_unuse_mm+0x130/0x130
00020  ofd_create_hdl+0x2015/0x3510 [ofd]
00020  osp(O)
00020  tgt_request_handle+0x23ad/0x3d30 [ptlrpc]
00020  ret_from_fork+0x18c/0x520
00020  ? kthread_unuse_mm+0x130/0x130
00020  ret_from_fork_asm+0x11/0x20
00020  </TASK>
00020 ---[ end trace 0000000000000000 ]---
00020  mdd(O)
00020 ------------[ cut here ]------------
00020 WARNING: /home/ktest/git/linux/include/linux/fs.h:889 at osd_create+0xbf7/0x1000 [osd_wbcfs], CPU#1: ll_ost00_002/1777
00020 Modules linked in: ofd(O)
00020  lod(O) mdt(O) lquota(O) lfsck(O) mgs(O) osd_wbcfs(O) lustre(O) obdecho(O) mgc(O) mdc(O) lov(O) osc(O) lmv(O) ec(O) fid(O) fld(O) ptlrpc(O) efivarfs obdclass(O) ksocklnd(O) lnet(O) libcfs(O)
00020  ptlrpc_main+0x6359/0x96f0 [ptlrpc]
00020 CPU: 2 UID: 0 PID: 1776 Comm: ll_ost00_001 Tainted: G        W  O        7.0.0-ktest-f55a92a-6330a45-20260730-dirty #1 PREEMPT 
00020  osp(O)
00020  ? __kthread_parkme+0x73/0x130
00020  kthread+0x2cd/0x3a0
00020 Tainted: [W]=WARN, [O]=OOT_MODULE
00020  ? ptlrpc_start_thread+0x1f10/0x1f10 [ptlrpc]
00020  mdd(O) lod(O) mdt(O) lquota(O) lfsck(O) mgs(O) osd_wbcfs(O) lustre(O) obdecho(O) mgc(O)
00020  ? kthread_unuse_mm+0x130/0x130
00020  ret_from_fork+0x18c/0x520
00020  ? kthread_unuse_mm+0x130/0x130
00020  ret_from_fork_asm+0x11/0x20
00020  </TASK>
00020 ---[ end trace 0000000000000000 ]---
00020 ------------[ cut here ]------------
00020 WARNING: /home/ktest/git/linux/include/linux/fs.h:889 at osd_create+0xbf7/0x1000 [osd_wbcfs], CPU#0: ll_ost00_000/1775
00020 Modules linked in: ofd(O) osp(O) mdd(O) lod(O) mdt(O) lquota(O) lfsck(O) mgs(O) osd_wbcfs(O) lustre(O) obdecho(O) mgc(O) mdc(O) lov(O) osc(O) lmv(O) ec(O) fid(O) fld(O) ptlrpc(O) efivarfs obdclass(O) ksocklnd(O) lnet(O) libcfs(O)
00020 CPU: 0 UID: 0 PID: 1775 Comm: ll_ost00_000 Tainted: G        W  O        7.0.0-ktest-f55a92a-6330a45-20260730-dirty #1 PREEMPT 
00020 Tainted: [W]=WARN, [O]=OOT_MODULE
00020 Hardware name: QEMU Standard PC (Q35 + ICH9, 2009), BIOS 2025.11-3ubuntu7 03/31/2026
00020 RIP: 0010:osd_create+0xbf7/0x1000 [osd_wbcfs]
00020 Hardware name: QEMU Standard PC (Q35 + ICH9, 2009), BIOS 2025.11-3ubuntu7 03/31/2026
00020 RIP: 0010:osd_create+0xbf7/0x1000 [osd_wbcfs]
00020  mdc(O)
00020 Code: c7 c7 60 a1 7b a1 48 c7 c6 00 63 7d a1 48 c7 c2 80 6c 7d a1 e8 0a ec 43 ff 48 c7 c7 60 a1 7b a1 e8 fe 7b 44 ff e9 9c fb ff ff <0f> 0b e9 35 f9 ff ff 48 c7 c1 80 44 5d a0 80 e1 07 80 c1 03 38 c1
00020 RSP: 0018:ffffc90002277850 EFLAGS: 00010246
00020 RAX: 0000000000000000 RBX: ffff88800b357400 RCX: 0000000000000046
00020 RDX: 0000000000000000 RSI: ffff888026adc2a8 RDI: ffff888104af2aa8
00020 RBP: ffff88800b3574e0 R08: ffffffff83a16803 R09: 1ffffffff0742d00
00020 R10: dffffc0000000000 R11: fffffbfff0742d01 R12: dffffc0000000000
00020 R13: 1ffff11003640442 R14: ffff888104af28a0 R15: ffff888026adc218
00020 FS:  0000000000000000(0000) GS:ffff8881d4b2a000(0000) knlGS:0000000000000000
00020 CS:  0010 DS: 0000 ES: 0000 CR0: 0000000080050033
00020 CR2: 000055b460f50dc0 CR3: 000000011a5bc000 CR4: 0000000000750eb0
00020 PKRU: 55555554
00020 Call Trace:
00020  <TASK>
00020 Code: c7 c7 60 a1 7b a1 48 c7 c6 00 63 7d a1 48 c7 c2 80 6c 7d a1 e8 0a ec 43 ff 48 c7 c7 60 a1 7b a1 e8 fe 7b 44 ff e9 9c fb ff ff <0f> 0b e9 35 f9 ff ff 48 c7 c1 80 44 5d a0 80 e1 07 80 c1 03 38 c1
00020 RSP: 0018:ffffc90001f87850 EFLAGS: 00010246
00020  ofd_precreate_objects+0x1bd8/0x3220 [ofd]
00020  ofd_create_hdl+0x2015/0x3510 [ofd]
00020  lov(O)
00020 
00020 RAX: 0000000000000000 RBX: ffff888134653400 RCX: 0000000000000046
00020  tgt_request_handle+0x23ad/0x3d30 [ptlrpc]
00020  osc(O)
00020  ptlrpc_main+0x6359/0x96f0 [ptlrpc]
00020 RDX: 0000000000000000 RSI: ffff88802ce96620 RDI: ffff888104af4b68
00020 RBP: ffff8881346534e0 R08: ffffffff83a16803 R09: 1ffffffff0742d00
00020 R10: dffffc0000000000 R11: fffffbfff0742d01 R12: dffffc0000000000
00020 R13: 1ffff11023612942 R14: ffff888104af4960 R15: ffff88802ce96590
00020 FS:  0000000000000000(0000) GS:ffff8881d4a2a000(0000) knlGS:0000000000000000
00020  ? __kthread_parkme+0x73/0x130
00020  kthread+0x2cd/0x3a0
00020  ? ptlrpc_start_thread+0x1f10/0x1f10 [ptlrpc]
00020  lmv(O)
00020  ? kthread_unuse_mm+0x130/0x130
00020  ret_from_fork+0x18c/0x520
00020  ? kthread_unuse_mm+0x130/0x130
00020  ret_from_fork_asm+0x11/0x20
00020  </TASK>
00020 ---[ end trace 0000000000000000 ]---
00020 CS:  0010 DS: 0000 ES: 0000 CR0: 0000000080050033
00020 ------------[ cut here ]------------
00020 WARNING: /home/ktest/git/linux/include/linux/fs.h:889 at osd_create+0xbf7/0x1000 [osd_wbcfs], CPU#2: ll_ost00_001/1776
00020 Modules linked in: ofd(O) osp(O) mdd(O) lod(O) mdt(O) lquota(O) lfsck(O) mgs(O) osd_wbcfs(O) lustre(O) obdecho(O) mgc(O) mdc(O) lov(O) osc(O) lmv(O) ec(O) fid(O) fld(O) ptlrpc(O) efivarfs obdclass(O) ksocklnd(O) lnet(O) libcfs(O)
00020 CPU: 2 UID: 0 PID: 1776 Comm: ll_ost00_001 Tainted: G        W  O        7.0.0-ktest-f55a92a-6330a45-20260730-dirty #1 PREEMPT 
00020 Tainted: [W]=WARN, [O]=OOT_MODULE
00020 Hardware name: QEMU Standard PC (Q35 + ICH9, 2009), BIOS 2025.11-3ubuntu7 03/31/2026
00020 RIP: 0010:osd_create+0xbf7/0x1000 [osd_wbcfs]
00020  ec(O)
00020 Code: c7 c7 60 a1 7b a1 48 c7 c6 00 63 7d a1 48 c7 c2 80 6c 7d a1 e8 0a ec 43 ff 48 c7 c7 60 a1 7b a1 e8 fe 7b 44 ff e9 9c fb ff ff <0f> 0b e9 35 f9 ff ff 48 c7 c1 80 44 5d a0 80 e1 07 80 c1 03 38 c1
00020 RSP: 0018:ffffc90002277850 EFLAGS: 00010246
00020 RAX: 0000000000000000 RBX: ffff88800b357000 RCX: 0000000000000046
00020 RDX: 0000000000000000 RSI: ffff888026adbb90 RDI: ffff888104af2aa8
00020 RBP: ffff88800b3570e0 R08: ffffffff83a16803 R09: 1ffffffff0742d00
00020 R10: dffffc0000000000 R11: fffffbfff0742d01 R12: dffffc0000000000
00020 R13: 1ffff11003640442 R14: ffff888104af28a0 R15: ffff888026adbb00
00020 CR2: 00007f5953805780 CR3: 000000011bf8c000 CR4: 0000000000750eb0
00020 PKRU: 55555554
00020 FS:  0000000000000000(0000) GS:ffff8881d4b2a000(0000) knlGS:0000000000000000
00020 CS:  0010 DS: 0000 ES: 0000 CR0: 0000000080050033
00020 CR2: 000055b460f50dc0 CR3: 000000011a5bc000 CR4: 0000000000750eb0
00020 PKRU: 55555554
00020 Call Trace:
00020  <TASK>
00020  ofd_precreate_objects+0x1bd8/0x3220 [ofd]
00020  ofd_create_hdl+0x2015/0x3510 [ofd]
00020  tgt_request_handle+0x23ad/0x3d30 [ptlrpc]
00020  fid(O)
00020 Call Trace:
00020  <TASK>
00020  ptlrpc_main+0x6359/0x96f0 [ptlrpc]
00020  fld(O)
00020  ofd_precreate_objects+0x1bd8/0x3220 [ofd]
00020  ofd_create_hdl+0x2015/0x3510 [ofd]
00020  ptlrpc(O) efivarfs obdclass(O) ksocklnd(O) lnet(O) libcfs(O)
00020 CPU: 1 UID: 0 PID: 1777 Comm: ll_ost00_002 Tainted: G        W  O        7.0.0-ktest-f55a92a-6330a45-20260730-dirty #1 PREEMPT 
00020  tgt_request_handle+0x23ad/0x3d30 [ptlrpc]
00020  ? __kthread_parkme+0x73/0x130
00020  ptlrpc_main+0x6359/0x96f0 [ptlrpc]
00020 Tainted: [W]=WARN, [O]=OOT_MODULE
00020 Hardware name: QEMU Standard PC (Q35 + ICH9, 2009), BIOS 2025.11-3ubuntu7 03/31/2026
00020 RIP: 0010:osd_create+0xbf7/0x1000 [osd_wbcfs]
00020  ? __kthread_parkme+0x73/0x130
00020  kthread+0x2cd/0x3a0
00020  kthread+0x2cd/0x3a0
00020  ? ptlrpc_start_thread+0x1f10/0x1f10 [ptlrpc]
00020 Code: c7 c7 60 a1 7b a1 48 c7 c6 00 63 7d a1 48 c7 c2 80 6c 7d a1 e8 0a ec 43 ff 48 c7 c7 60 a1 7b a1 e8 fe 7b 44 ff e9 9c fb ff ff <0f> 0b e9 35 f9 ff ff 48 c7 c1 80 44 5d a0 80 e1 07 80 c1 03 38 c1
00020 RSP: 0018:ffffc90003e77850 EFLAGS: 00010246
00020  ? kthread_unuse_mm+0x130/0x130
00020 
00020 RAX: 0000000000000000 RBX: ffff8881071d1c00 RCX: 0000000000000046
00020 RDX: 0000000000000000 RSI: ffff88802ae9d7f0 RDI: ffff888104af09e8
00020 RBP: ffff8881071d1ce0 R08: ffffffff83a16803 R09: 1ffffffff0742d00
00020 R10: dffffc0000000000 R11: fffffbfff0742d01 R12: dffffc0000000000
00020 R13: 1ffff11020950f42 R14: ffff888104af07e0 R15: ffff88802ae9d760
00020 FS:  0000000000000000(0000) GS:ffff8881d4aaa000(0000) knlGS:0000000000000000
00020 CS:  0010 DS: 0000 ES: 0000 CR0: 0000000080050033
00020 CR2: 000055b460f452d0 CR3: 000000013521f000 CR4: 0000000000750eb0
00020 PKRU: 55555554
00020 Call Trace:
00020  <TASK>
00020  ofd_precreate_objects+0x1bd8/0x3220 [ofd]
00020  ofd_create_hdl+0x2015/0x3510 [ofd]
00020  ? ptlrpc_start_thread+0x1f10/0x1f10 [ptlrpc]
00020  tgt_request_handle+0x23ad/0x3d30 [ptlrpc]
00020  ptlrpc_main+0x6359/0x96f0 [ptlrpc]
00020  ? __kthread_parkme+0x73/0x130
00020  kthread+0x2cd/0x3a0
00020  ret_from_fork+0x18c/0x520
00020  ? kthread_unuse_mm+0x130/0x130
00020  ret_from_fork_asm+0x11/0x20
00020  </TASK>
00020  ? kthread_unuse_mm+0x130/0x130
00020  ? ptlrpc_start_thread+0x1f10/0x1f10 [ptlrpc]
00020 ---[ end trace 0000000000000000 ]---
00020 ------------[ cut here ]------------
00020  ret_from_fork+0x18c/0x520
00020  ? kthread_unuse_mm+0x130/0x130
00020  ret_from_fork_asm+0x11/0x20
00020  </TASK>
00020 ---[ end trace 0000000000000000 ]---
00020 WARNING: /home/ktest/git/linux/include/linux/fs.h:889 at osd_create+0xbf7/0x1000 [osd_wbcfs], CPU#0: ll_ost00_000/1775
00020  ? kthread_unuse_mm+0x130/0x130
00020 ------------[ cut here ]------------
00020 WARNING: /home/ktest/git/linux/include/linux/fs.h:889 at osd_create+0xbf7/0x1000 [osd_wbcfs], CPU#2: ll_ost00_001/1776
00020 Modules linked in: ofd(O)
00020 Modules linked in: ofd(O) osp(O) mdd(O) lod(O) mdt(O) lquota(O) lfsck(O) mgs(O) osd_wbcfs(O) lustre(O) obdecho(O) mgc(O) mdc(O) lov(O) osc(O) lmv(O) ec(O) fid(O) fld(O) ptlrpc(O) efivarfs obdclass(O) ksocklnd(O) lnet(O) libcfs(O)
00020 CPU: 2 UID: 0 PID: 1776 Comm: ll_ost00_001 Tainted: G        W  O        7.0.0-ktest-f55a92a-6330a45-20260730-dirty #1 PREEMPT 
00020 Tainted: [W]=WARN, [O]=OOT_MODULE
00020 Hardware name: QEMU Standard PC (Q35 + ICH9, 2009), BIOS 2025.11-3ubuntu7 03/31/2026
00020 RIP: 0010:osd_create+0xbf7/0x1000 [osd_wbcfs]
00020  ret_from_fork+0x18c/0x520
00020 Code: c7 c7 60 a1 7b a1 48 c7 c6 00 63 7d a1 48 c7 c2 80 6c 7d a1 e8 0a ec 43 ff 48 c7 c7 60 a1 7b a1 e8 fe 7b 44 ff e9 9c fb ff ff <0f> 0b e9 35 f9 ff ff 48 c7 c1 80 44 5d a0 80 e1 07 80 c1 03 38 c1
00020 RSP: 0018:ffffc90002277850 EFLAGS: 00010246
00020  osp(O) mdd(O)
00020 
00020 RAX: 0000000000000000 RBX: ffff888133cad800 RCX: 0000000000000046
00020 RDX: 0000000000000000 RSI: ffff888026adb478 RDI: ffff888104af2aa8
00020 RBP: ffff888133cad8e0 R08: ffffffff83a16803 R09: 1ffffffff0742d00
00020 R10: dffffc0000000000 R11: fffffbfff0742d01 R12: dffffc0000000000
00020 R13: 1ffff11003640442 R14: ffff888104af28a0 R15: ffff888026adb3e8
00020 FS:  0000000000000000(0000) GS:ffff8881d4b2a000(0000) knlGS:0000000000000000
00020 CS:  0010 DS: 0000 ES: 0000 CR0: 0000000080050033
00020 CR2: 000055b460f50dc0 CR3: 000000011a5bc000 CR4: 0000000000750eb0
00020 PKRU: 55555554
00020 Call Trace:
00020  <TASK>
00020  ofd_precreate_objects+0x1bd8/0x3220 [ofd]
00020  ? kthread_unuse_mm+0x130/0x130
00020  lod(O) mdt(O)
00020  ofd_create_hdl+0x2015/0x3510 [ofd]
00020  ret_from_fork_asm+0x11/0x20
00020  lquota(O)
00020  tgt_request_handle+0x23ad/0x3d30 [ptlrpc]
00020  </TASK>
00020  lfsck(O)
00020 ---[ end trace 0000000000000000 ]---
00020  mgs(O) osd_wbcfs(O)
00020  ptlrpc_main+0x6359/0x96f0 [ptlrpc]
00020 ------------[ cut here ]------------
00020  lustre(O) obdecho(O)
00020  ? __kthread_parkme+0x73/0x130
00020  kthread+0x2cd/0x3a0
00020  ? ptlrpc_start_thread+0x1f10/0x1f10 [ptlrpc]
00020  ? kthread_unuse_mm+0x130/0x130
00020  ret_from_fork+0x18c/0x520
00020  ? kthread_unuse_mm+0x130/0x130
00020  ret_from_fork_asm+0x11/0x20
00020  </TASK>
00020 ---[ end trace 0000000000000000 ]---
00020 WARNING: /home/ktest/git/linux/include/linux/fs.h:889 at osd_create+0xbf7/0x1000 [osd_wbcfs], CPU#1: ll_ost00_002/1777
00020 ------------[ cut here ]------------
00020 WARNING: /home/ktest/git/linux/include/linux/fs.h:889 at osd_create+0xbf7/0x1000 [osd_wbcfs], CPU#2: ll_ost00_001/1776
00020 Modules linked in: ofd(O) osp(O) mdd(O) lod(O) mdt(O) lquota(O) lfsck(O) mgs(O) osd_wbcfs(O) lustre(O) obdecho(O) mgc(O) mdc(O) lov(O) osc(O) lmv(O) ec(O) fid(O) fld(O) ptlrpc(O) efivarfs obdclass(O) ksocklnd(O) lnet(O) libcfs(O)
00020 CPU: 2 UID: 0 PID: 1776 Comm: ll_ost00_001 Tainted: G        W  O        7.0.0-ktest-f55a92a-6330a45-20260730-dirty #1 PREEMPT 
00020 Tainted: [W]=WARN, [O]=OOT_MODULE
00020 Hardware name: QEMU Standard PC (Q35 + ICH9, 2009), BIOS 2025.11-3ubuntu7 03/31/2026
00020 RIP: 0010:osd_create+0xbf7/0x1000 [osd_wbcfs]
00020 Code: c7 c7 60 a1 7b a1 48 c7 c6 00 63 7d a1 48 c7 c2 80 6c 7d a1 e8 0a ec 43 ff 48 c7 c7 60 a1 7b a1 e8 fe 7b 44 ff e9 9c fb ff ff <0f> 0b e9 35 f9 ff ff 48 c7 c1 80 44 5d a0 80 e1 07 80 c1 03 38 c1
00020 RSP: 0018:ffffc90002277850 EFLAGS: 00010246
00020 RAX: 0000000000000000 RBX: ffff888133cad400 RCX: 0000000000000046
00020 RDX: 0000000000000000 RSI: ffff888026adad60 RDI: ffff888104af2aa8
00020 RBP: ffff888133cad4e0 R08: ffffffff83a16803 R09: 1ffffffff0742d00
00020 R10: dffffc0000000000 R11: fffffbfff0742d01 R12: dffffc0000000000
00020 R13: 1ffff11003640442 R14: ffff888104af28a0 R15: ffff888026adacd0
00020 FS:  0000000000000000(0000) GS:ffff8881d4b2a000(0000) knlGS:0000000000000000
00020 CS:  0010 DS: 0000 ES: 0000 CR0: 0000000080050033
00020 CR2: 000055b460f50dc0 CR3: 000000011a5bc000 CR4: 0000000000750eb0
00020 PKRU: 55555554
00020 Call Trace:
00020  <TASK>
00020  mgc(O) mdc(O)
00020  ofd_precreate_objects+0x1bd8/0x3220 [ofd]
00020  ofd_create_hdl+0x2015/0x3510 [ofd]
00020 Modules linked in:
00020  lov(O) osc(O)
00020  tgt_request_handle+0x23ad/0x3d30 [ptlrpc]
00020  ofd(O)
00020  ptlrpc_main+0x6359/0x96f0 [ptlrpc]
00020  lmv(O) ec(O)
00020  osp(O)
00020  ? __kthread_parkme+0x73/0x130
00020  kthread+0x2cd/0x3a0
00020  fid(O) fld(O)
00020  ? ptlrpc_start_thread+0x1f10/0x1f10 [ptlrpc]
00020  mdd(O)
00020  ? kthread_unuse_mm+0x130/0x130
00020  ret_from_fork+0x18c/0x520
00020  ? kthread_unuse_mm+0x130/0x130
00020  ret_from_fork_asm+0x11/0x20
00020  </TASK>
00020 ---[ end trace 0000000000000000 ]---
00020  ptlrpc(O) efivarfs
00020 ------------[ cut here ]------------
00020 WARNING: /home/ktest/git/linux/include/linux/fs.h:889 at osd_create+0xbf7/0x1000 [osd_wbcfs], CPU#2: ll_ost00_001/1776
00020 Modules linked in: ofd(O) osp(O) mdd(O) lod(O) mdt(O) lquota(O) lfsck(O) mgs(O) osd_wbcfs(O) lustre(O) obdecho(O) mgc(O) mdc(O) lov(O) osc(O) lmv(O) ec(O) fid(O) fld(O) ptlrpc(O) efivarfs obdclass(O) ksocklnd(O) lnet(O) libcfs(O)
00020 CPU: 2 UID: 0 PID: 1776 Comm: ll_ost00_001 Tainted: G        W  O        7.0.0-ktest-f55a92a-6330a45-20260730-dirty #1 PREEMPT 
00020 Tainted: [W]=WARN, [O]=OOT_MODULE
00020 Hardware name: QEMU Standard PC (Q35 + ICH9, 2009), BIOS 2025.11-3ubuntu7 03/31/2026
00020 RIP: 0010:osd_create+0xbf7/0x1000 [osd_wbcfs]
00020  lod(O)
00020 Code: c7 c7 60 a1 7b a1 48 c7 c6 00 63 7d a1 48 c7 c2 80 6c 7d a1 e8 0a ec 43 ff 48 c7 c7 60 a1 7b a1 e8 fe 7b 44 ff e9 9c fb ff ff <0f> 0b e9 35 f9 ff ff 48 c7 c1 80 44 5d a0 80 e1 07 80 c1 03 38 c1
00020 RSP: 0018:ffffc90002277850 EFLAGS: 00010246
00020 RAX: 0000000000000000 RBX: ffff888133cc8c00 RCX: 0000000000000046
00020 RDX: 0000000000000000 RSI: ffff88800148a648 RDI: ffff888104af2aa8
00020 RBP: ffff888133cc8ce0 R08: ffffffff83a16803 R09: 1ffffffff0742d00
00020 R10: dffffc0000000000 R11: fffffbfff0742d01 R12: dffffc0000000000
00020 R13: 1ffff11003640442 R14: ffff888104af28a0 R15: ffff88800148a5b8
00020 FS:  0000000000000000(0000) GS:ffff8881d4b2a000(0000) knlGS:0000000000000000
00020 CS:  0010 DS: 0000 ES: 0000 CR0: 0000000080050033
00020 CR2: 000055b460f50dc0 CR3: 000000011a5bc000 CR4: 0000000000750eb0
00020 PKRU: 55555554
00020 Call Trace:
00020  <TASK>
00020  ofd_precreate_objects+0x1bd8/0x3220 [ofd]
00020  obdclass(O) ksocklnd(O)
00020  ofd_create_hdl+0x2015/0x3510 [ofd]
00020  mdt(O)
00020  tgt_request_handle+0x23ad/0x3d30 [ptlrpc]
00020  lnet(O) libcfs(O)
00020  lquota(O)
00020 
00020 CPU: 0 UID: 0 PID: 1775 Comm: ll_ost00_000 Tainted: G        W  O        7.0.0-ktest-f55a92a-6330a45-20260730-dirty #1 PREEMPT 
00020  lfsck(O)
00020  ptlrpc_main+0x6359/0x96f0 [ptlrpc]
00020 Tainted: [W]=WARN, [O]=OOT_MODULE
00020  mgs(O)
00020  ? __kthread_parkme+0x73/0x130
00020  kthread+0x2cd/0x3a0
00020 Hardware name: QEMU Standard PC (Q35 + ICH9, 2009), BIOS 2025.11-3ubuntu7 03/31/2026
00020  ? ptlrpc_start_thread+0x1f10/0x1f10 [ptlrpc]
00020  osd_wbcfs(O)
00020  ? kthread_unuse_mm+0x130/0x130
00020  ret_from_fork+0x18c/0x520
00020  ? kthread_unuse_mm+0x130/0x130
00020  ret_from_fork_asm+0x11/0x20
00020  </TASK>
00020 ---[ end trace 0000000000000000 ]---
00020 RIP: 0010:osd_create+0xbf7/0x1000 [osd_wbcfs]
00020 ------------[ cut here ]------------
00020 WARNING: /home/ktest/git/linux/include/linux/fs.h:889 at osd_create+0xbf7/0x1000 [osd_wbcfs], CPU#2: ll_ost00_001/1776
00020 Modules linked in: ofd(O) osp(O) mdd(O) lod(O) mdt(O) lquota(O) lfsck(O) mgs(O) osd_wbcfs(O) lustre(O) obdecho(O) mgc(O) mdc(O) lov(O) osc(O) lmv(O) ec(O) fid(O) fld(O) ptlrpc(O) efivarfs obdclass(O) ksocklnd(O) lnet(O) libcfs(O)
00020 CPU: 2 UID: 0 PID: 1776 Comm: ll_ost00_001 Tainted: G        W  O        7.0.0-ktest-f55a92a-6330a45-20260730-dirty #1 PREEMPT 
00020 Tainted: [W]=WARN, [O]=OOT_MODULE
00020 Hardware name: QEMU Standard PC (Q35 + ICH9, 2009), BIOS 2025.11-3ubuntu7 03/31/2026
00020 RIP: 0010:osd_create+0xbf7/0x1000 [osd_wbcfs]
00020 Code: c7 c7 60 a1 7b a1 48 c7 c6 00 63 7d a1 48 c7 c2 80 6c 7d a1 e8 0a ec 43 ff 48 c7 c7 60 a1 7b a1 e8 fe 7b 44 ff e9 9c fb ff ff <0f> 0b e9 35 f9 ff ff 48 c7 c1 80 44 5d a0 80 e1 07 80 c1 03 38 c1
00020 RSP: 0018:ffffc90002277850 EFLAGS: 00010246
00020 RAX: 0000000000000000 RBX: ffff888134fd3c00 RCX: 0000000000000046
00020 RDX: 0000000000000000 RSI: ffff888001489f30 RDI: ffff888104af2aa8
00020 RBP: ffff888134fd3ce0 R08: ffffffff83a16803 R09: 1ffffffff0742d00
00020 R10: dffffc0000000000 R11: fffffbfff0742d01 R12: dffffc0000000000
00020 R13: 1ffff11003640442 R14: ffff888104af28a0 R15: ffff888001489ea0
00020 FS:  0000000000000000(0000) GS:ffff8881d4b2a000(0000) knlGS:0000000000000000
00020 CS:  0010 DS: 0000 ES: 0000 CR0: 0000000080050033
00020  lustre(O)
00020 CR2: 000055b460f50dc0 CR3: 000000011a5bc000 CR4: 0000000000750eb0
00020 PKRU: 55555554
00020 Call Trace:
00020  <TASK>
00020  ofd_precreate_objects+0x1bd8/0x3220 [ofd]
00020  ofd_create_hdl+0x2015/0x3510 [ofd]
00020 Code: c7 c7 60 a1 7b a1 48 c7 c6 00 63 7d a1 48 c7 c2 80 6c 7d a1 e8 0a ec 43 ff 48 c7 c7 60 a1 7b a1 e8 fe 7b 44 ff e9 9c fb ff ff <0f> 0b e9 35 f9 ff ff 48 c7 c1 80 44 5d a0 80 e1 07 80 c1 03 38 c1
00020  tgt_request_handle+0x23ad/0x3d30 [ptlrpc]
00020  obdecho(O)
00020 RSP: 0018:ffffc90001f87850 EFLAGS: 00010246
00020  mgc(O)
00020 
00020  mdc(O)
00020  ptlrpc_main+0x6359/0x96f0 [ptlrpc]
00020 RAX: 0000000000000000 RBX: ffff888134652c00 RCX: 0000000000000046
00020  lov(O)
00020 RDX: 0000000000000000 RSI: ffff88802ce95f08 RDI: ffff888104af4b68
00020  ? __kthread_parkme+0x73/0x130
00020  osc(O)
00020  kthread+0x2cd/0x3a0
00020 RBP: ffff888134652ce0 R08: ffffffff83a16803 R09: 1ffffffff0742d00
00020  ? ptlrpc_start_thread+0x1f10/0x1f10 [ptlrpc]
00020  lmv(O)
00020 R10: dffffc0000000000 R11: fffffbfff0742d01 R12: dffffc0000000000
00020  ? kthread_unuse_mm+0x130/0x130
00020  ret_from_fork+0x18c/0x520
00020  ? kthread_unuse_mm+0x130/0x130
00020  ret_from_fork_asm+0x11/0x20
00020  </TASK>
00020 ---[ end trace 0000000000000000 ]---
00020  ec(O)
00020 ------------[ cut here ]------------
00020 WARNING: /home/ktest/git/linux/include/linux/fs.h:889 at osd_create+0xbf7/0x1000 [osd_wbcfs], CPU#2: ll_ost00_001/1776
00020 R13: 1ffff11023612942 R14: ffff888104af4960 R15: ffff88802ce95e78
00020 Modules linked in: ofd(O) osp(O) mdd(O) lod(O) mdt(O) lquota(O) lfsck(O) mgs(O) osd_wbcfs(O) lustre(O) obdecho(O) mgc(O) mdc(O) lov(O) osc(O) lmv(O) ec(O) fid(O) fld(O) ptlrpc(O) efivarfs obdclass(O) ksocklnd(O) lnet(O) libcfs(O)
00020  fid(O)
00020 CPU: 2 UID: 0 PID: 1776 Comm: ll_ost00_001 Tainted: G        W  O        7.0.0-ktest-f55a92a-6330a45-20260730-dirty #1 PREEMPT 
00020 Tainted: [W]=WARN, [O]=OOT_MODULE
00020 Hardware name: QEMU Standard PC (Q35 + ICH9, 2009), BIOS 2025.11-3ubuntu7 03/31/2026
00020 RIP: 0010:osd_create+0xbf7/0x1000 [osd_wbcfs]
00020 Code: c7 c7 60 a1 7b a1 48 c7 c6 00 63 7d a1 48 c7 c2 80 6c 7d a1 e8 0a ec 43 ff 48 c7 c7 60 a1 7b a1 e8 fe 7b 44 ff e9 9c fb ff ff <0f> 0b e9 35 f9 ff ff 48 c7 c1 80 44 5d a0 80 e1 07 80 c1 03 38 c1
00020 RSP: 0018:ffffc90002277850 EFLAGS: 00010246
00020 RAX: 0000000000000000 RBX: ffff888134fd3800 RCX: 0000000000000046
00020 RDX: 0000000000000000 RSI: ffff888001489818 RDI: ffff888104af2aa8
00020 RBP: ffff888134fd38e0 R08: ffffffff83a16803 R09: 1ffffffff0742d00
00020 R10: dffffc0000000000 R11: fffffbfff0742d01 R12: dffffc0000000000
00020 R13: 1ffff11003640442 R14: ffff888104af28a0 R15: ffff888001489788
00020 FS:  0000000000000000(0000) GS:ffff8881d4b2a000(0000) knlGS:0000000000000000
00020 CS:  0010 DS: 0000 ES: 0000 CR0: 0000000080050033
00020 CR2: 000055b460f50dc0 CR3: 000000011a5bc000 CR4: 0000000000750eb0
00020 FS:  0000000000000000(0000) GS:ffff8881d4a2a000(0000) knlGS:0000000000000000
00020 PKRU: 55555554
00020 Call Trace:
00020  <TASK>
00020  ofd_precreate_objects+0x1bd8/0x3220 [ofd]
00020  ofd_create_hdl+0x2015/0x3510 [ofd]
00020  fld(O)
00020  tgt_request_handle+0x23ad/0x3d30 [ptlrpc]
00020 CS:  0010 DS: 0000 ES: 0000 CR0: 0000000080050033
00020  ptlrpc_main+0x6359/0x96f0 [ptlrpc]
00020  ? __kthread_parkme+0x73/0x130
00020  kthread+0x2cd/0x3a0
00020  ptlrpc(O)
00020  ? ptlrpc_start_thread+0x1f10/0x1f10 [ptlrpc]
00020 CR2: 00007f5953805780 CR3: 000000011bf8c000 CR4: 0000000000750eb0
00020  ? kthread_unuse_mm+0x130/0x130
00020  ret_from_fork+0x18c/0x520
00020  ? kthread_unuse_mm+0x130/0x130
00020  ret_from_fork_asm+0x11/0x20
00020  </TASK>
00020 ---[ end trace 0000000000000000 ]---
00020 ------------[ cut here ]------------
00020 WARNING: /home/ktest/git/linux/include/linux/fs.h:889 at osd_create+0xbf7/0x1000 [osd_wbcfs], CPU#2: ll_ost00_001/1776
00020 Modules linked in: ofd(O) osp(O) mdd(O) lod(O) mdt(O) lquota(O) lfsck(O) mgs(O) osd_wbcfs(O) lustre(O) obdecho(O) mgc(O) mdc(O) lov(O) osc(O) lmv(O) ec(O) fid(O) fld(O) ptlrpc(O) efivarfs obdclass(O) ksocklnd(O) lnet(O) libcfs(O)
00020 CPU: 2 UID: 0 PID: 1776 Comm: ll_ost00_001 Tainted: G        W  O        7.0.0-ktest-f55a92a-6330a45-20260730-dirty #1 PREEMPT 
00020 Tainted: [W]=WARN, [O]=OOT_MODULE
00020 Hardware name: QEMU Standard PC (Q35 + ICH9, 2009), BIOS 2025.11-3ubuntu7 03/31/2026
00020 RIP: 0010:osd_create+0xbf7/0x1000 [osd_wbcfs]
00020 Code: c7 c7 60 a1 7b a1 48 c7 c6 00 63 7d a1 48 c7 c2 80 6c 7d a1 e8 0a ec 43 ff 48 c7 c7 60 a1 7b a1 e8 fe 7b 44 ff e9 9c fb ff ff <0f> 0b e9 35 f9 ff ff 48 c7 c1 80 44 5d a0 80 e1 07 80 c1 03 38 c1
00020 RSP: 0018:ffffc90002277850 EFLAGS: 00010246
00020 RAX: 0000000000000000 RBX: ffff888134fd3400 RCX: 0000000000000046
00020 RDX: 0000000000000000 RSI: ffff888001489100 RDI: ffff888104af2aa8
00020 RBP: ffff888134fd34e0 R08: ffffffff83a16803 R09: 1ffffffff0742d00
00020  efivarfs
00020 R10: dffffc0000000000 R11: fffffbfff0742d01 R12: dffffc0000000000
00020 R13: 1ffff11003640442 R14: ffff888104af28a0 R15: ffff888001489070
00020 FS:  0000000000000000(0000) GS:ffff8881d4b2a000(0000) knlGS:0000000000000000
00020 CS:  0010 DS: 0000 ES: 0000 CR0: 0000000080050033
00020 CR2: 000055b460f50dc0 CR3: 000000011a5bc000 CR4: 0000000000750eb0
00020 PKRU: 55555554
00020 Call Trace:
00020  <TASK>
00020  ofd_precreate_objects+0x1bd8/0x3220 [ofd]
00020 PKRU: 55555554
00020  ofd_create_hdl+0x2015/0x3510 [ofd]
00020  obdclass(O)
00020  tgt_request_handle+0x23ad/0x3d30 [ptlrpc]
00020 Call Trace:
00020  <TASK>
00020  ksocklnd(O)
00020  ptlrpc_main+0x6359/0x96f0 [ptlrpc]
00020  ? __kthread_parkme+0x73/0x130
00020  kthread+0x2cd/0x3a0
00020  ofd_precreate_objects+0x1bd8/0x3220 [ofd]
00020  ofd_create_hdl+0x2015/0x3510 [ofd]
00020  lnet(O) libcfs(O)
00020 CPU: 1 UID: 0 PID: 1777 Comm: ll_ost00_002 Tainted: G        W  O        7.0.0-ktest-f55a92a-6330a45-20260730-dirty #1 PREEMPT 
00020 Tainted: [W]=WARN, [O]=OOT_MODULE
00020 Hardware name: QEMU Standard PC (Q35 + ICH9, 2009), BIOS 2025.11-3ubuntu7 03/31/2026
00020  tgt_request_handle+0x23ad/0x3d30 [ptlrpc]
00020  ? ptlrpc_start_thread+0x1f10/0x1f10 [ptlrpc]
00020 RIP: 0010:osd_create+0xbf7/0x1000 [osd_wbcfs]
00020  ptlrpc_main+0x6359/0x96f0 [ptlrpc]
00020 Code: c7 c7 60 a1 7b a1 48 c7 c6 00 63 7d a1 48 c7 c2 80 6c 7d a1 e8 0a ec 43 ff 48 c7 c7 60 a1 7b a1 e8 fe 7b 44 ff e9 9c fb ff ff <0f> 0b e9 35 f9 ff ff 48 c7 c1 80 44 5d a0 80 e1 07 80 c1 03 38 c1
00020 RSP: 0018:ffffc90003e77850 EFLAGS: 00010246
00020 RAX: 0000000000000000 RBX: ffff8881071d1800 RCX: 0000000000000046
00020 RDX: 0000000000000000 RSI: ffff8880474a50d8 RDI: ffff888104af09e8
00020 RBP: ffff8881071d18e0 R08: ffffffff83a16803 R09: 1ffffffff0742d00
00020 R10: dffffc0000000000 R11: fffffbfff0742d01 R12: dffffc0000000000
00020  ? __kthread_parkme+0x73/0x130
00020  kthread+0x2cd/0x3a0
00020  ? kthread_unuse_mm+0x130/0x130
00020  ? ptlrpc_start_thread+0x1f10/0x1f10 [ptlrpc]
00020 R13: 1ffff11020950f42 R14: ffff888104af07e0 R15: ffff8880474a5048
00020 FS:  0000000000000000(0000) GS:ffff8881d4aaa000(0000) knlGS:0000000000000000
00020 CS:  0010 DS: 0000 ES: 0000 CR0: 0000000080050033
00020 CR2: 000055b460f452d0 CR3: 000000013521f000 CR4: 0000000000750eb0
00020  ? kthread_unuse_mm+0x130/0x130
00020 PKRU: 55555554
00020 Call Trace:
00020  <TASK>
00020  ofd_precreate_objects+0x1bd8/0x3220 [ofd]
00020  ofd_create_hdl+0x2015/0x3510 [ofd]
00020  ret_from_fork+0x18c/0x520
00020  tgt_request_handle+0x23ad/0x3d30 [ptlrpc]
00020  ret_from_fork+0x18c/0x520
00020  ? kthread_unuse_mm+0x130/0x130
00020  ret_from_fork_asm+0x11/0x20
00020  </TASK>
00020  ? kthread_unuse_mm+0x130/0x130
00020  ret_from_fork_asm+0x11/0x20
00020  </TASK>
00020 ---[ end trace 0000000000000000 ]---
00020 ---[ end trace 0000000000000000 ]---
00020 ------------[ cut here ]------------
00020 WARNING: /home/ktest/git/linux/include/linux/fs.h:889 at osd_create+0xbf7/0x1000 [osd_wbcfs], CPU#2: ll_ost00_001/1776
00020 Modules linked in: ofd(O) osp(O) mdd(O) lod(O) mdt(O) lquota(O) lfsck(O) mgs(O) osd_wbcfs(O) lustre(O) obdecho(O) mgc(O) mdc(O) lov(O) osc(O) lmv(O) ec(O) fid(O) fld(O) ptlrpc(O) efivarfs obdclass(O) ksocklnd(O) lnet(O) libcfs(O)
00020 CPU: 2 UID: 0 PID: 1776 Comm: ll_ost00_001 Tainted: G        W  O        7.0.0-ktest-f55a92a-6330a45-20260730-dirty #1 PREEMPT 
00020 Tainted: [W]=WARN, [O]=OOT_MODULE
00020 Hardware name: QEMU Standard PC (Q35 + ICH9, 2009), BIOS 2025.11-3ubuntu7 03/31/2026
00020 RIP: 0010:osd_create+0xbf7/0x1000 [osd_wbcfs]
00020 Code: c7 c7 60 a1 7b a1 48 c7 c6 00 63 7d a1 48 c7 c2 80 6c 7d a1 e8 0a ec 43 ff 48 c7 c7 60 a1 7b a1 e8 fe 7b 44 ff e9 9c fb ff ff <0f> 0b e9 35 f9 ff ff 48 c7 c1 80 44 5d a0 80 e1 07 80 c1 03 38 c1
00020 RSP: 0018:ffffc90002277850 EFLAGS: 00010246
00020 RAX: 0000000000000000 RBX: ffff888134fd3000 RCX: 0000000000000046
00020 RDX: 0000000000000000 RSI: ffff8880014889e8 RDI: ffff888104af2aa8
00020 RBP: ffff888134fd30e0 R08: ffffffff83a16803 R09: 1ffffffff0742d00
00020 R10: dffffc0000000000 R11: fffffbfff0742d01 R12: dffffc0000000000
00020 R13: 1ffff11003640442 R14: ffff888104af28a0 R15: ffff888001488958
00020 FS:  0000000000000000(0000) GS:ffff8881d4b2a000(0000) knlGS:0000000000000000
00020 CS:  0010 DS: 0000 ES: 0000 CR0: 0000000080050033
00020 CR2: 000055b460f50dc0 CR3: 000000011a5bc000 CR4: 0000000000750eb0
00020 PKRU: 55555554
00020 Call Trace:
00020  <TASK>
00020  ofd_precreate_objects+0x1bd8/0x3220 [ofd]
00020 ------------[ cut here ]------------
00020  ptlrpc_main+0x6359/0x96f0 [ptlrpc]
00020  ofd_create_hdl+0x2015/0x3510 [ofd]
00020 WARNING: /home/ktest/git/linux/include/linux/fs.h:889 at osd_create+0xbf7/0x1000 [osd_wbcfs], CPU#0: ll_ost00_000/1775
00020  ? __kthread_parkme+0x73/0x130
00020 Modules linked in: ofd(O)
00020  tgt_request_handle+0x23ad/0x3d30 [ptlrpc]
00020  kthread+0x2cd/0x3a0
00020  osp(O)
00020  ptlrpc_main+0x6359/0x96f0 [ptlrpc]
00020  ? ptlrpc_start_thread+0x1f10/0x1f10 [ptlrpc]
00020  ? kthread_unuse_mm+0x130/0x130
00020  ret_from_fork+0x18c/0x520
00020  ? kthread_unuse_mm+0x130/0x130
00020  ret_from_fork_asm+0x11/0x20
00020  </TASK>
00020 ---[ end trace 0000000000000000 ]---
00020 ------------[ cut here ]------------
00020 WARNING: /home/ktest/git/linux/include/linux/fs.h:889 at osd_create+0xbf7/0x1000 [osd_wbcfs], CPU#1: ll_ost00_002/1777
00020 Modules linked in: ofd(O) osp(O) mdd(O) lod(O) mdt(O) lquota(O) lfsck(O) mgs(O) osd_wbcfs(O) lustre(O) obdecho(O) mgc(O) mdc(O) lov(O) osc(O) lmv(O) ec(O) fid(O) fld(O) ptlrpc(O) efivarfs obdclass(O) ksocklnd(O) lnet(O) libcfs(O)
00020 CPU: 1 UID: 0 PID: 1777 Comm: ll_ost00_002 Tainted: G        W  O        7.0.0-ktest-f55a92a-6330a45-20260730-dirty #1 PREEMPT 
00020 Tainted: [W]=WARN, [O]=OOT_MODULE
00020 Hardware name: QEMU Standard PC (Q35 + ICH9, 2009), BIOS 2025.11-3ubuntu7 03/31/2026
00020 RIP: 0010:osd_create+0xbf7/0x1000 [osd_wbcfs]
00020 Code: c7 c7 60 a1 7b a1 48 c7 c6 00 63 7d a1 48 c7 c2 80 6c 7d a1 e8 0a ec 43 ff 48 c7 c7 60 a1 7b a1 e8 fe 7b 44 ff e9 9c fb ff ff <0f> 0b e9 35 f9 ff ff 48 c7 c1 80 44 5d a0 80 e1 07 80 c1 03 38 c1
00020 RSP: 0018:ffffc90003e77850 EFLAGS: 00010246
00020 RAX: 0000000000000000 RBX: ffff8881071d1400 RCX: 0000000000000046
00020 RDX: 0000000000000000 RSI: ffff8880474a49c0 RDI: ffff888104af09e8
00020 RBP: ffff8881071d14e0 R08: ffffffff83a16803 R09: 1ffffffff0742d00
00020 R10: dffffc0000000000 R11: fffffbfff0742d01 R12: dffffc0000000000
00020 R13: 1ffff11020950f42 R14: ffff888104af07e0 R15: ffff8880474a4930
00020 FS:  0000000000000000(0000) GS:ffff8881d4aaa000(0000) knlGS:0000000000000000
00020 CS:  0010 DS: 0000 ES: 0000 CR0: 0000000080050033
00020 CR2: 000055b460f452d0 CR3: 000000013521f000 CR4: 0000000000750eb0
00020 PKRU: 55555554
00020 Call Trace:
00020  <TASK>
00020  mdd(O) lod(O) mdt(O) lquota(O) lfsck(O) mgs(O) osd_wbcfs(O) lustre(O) obdecho(O) mgc(O) mdc(O) lov(O) osc(O) lmv(O)
00020  ofd_precreate_objects+0x1bd8/0x3220 [ofd]
00020  ofd_create_hdl+0x2015/0x3510 [ofd]
00020  ? __kthread_parkme+0x73/0x130
00020  tgt_request_handle+0x23ad/0x3d30 [ptlrpc]
00020  ec(O) fid(O) fld(O) ptlrpc(O) efivarfs obdclass(O) ksocklnd(O) lnet(O) libcfs(O)
00020 CPU: 0 UID: 0 PID: 1775 Comm: ll_ost00_000 Tainted: G        W  O        7.0.0-ktest-f55a92a-6330a45-20260730-dirty #1 PREEMPT 
00020  kthread+0x2cd/0x3a0
00020  ptlrpc_main+0x6359/0x96f0 [ptlrpc]
00020 Tainted: [W]=WARN, [O]=OOT_MODULE
00020 Hardware name: QEMU Standard PC (Q35 + ICH9, 2009), BIOS 2025.11-3ubuntu7 03/31/2026
00020 RIP: 0010:osd_create+0xbf7/0x1000 [osd_wbcfs]
00020  ? __kthread_parkme+0x73/0x130
00020  kthread+0x2cd/0x3a0
00020  ? ptlrpc_start_thread+0x1f10/0x1f10 [ptlrpc]
00020  ? ptlrpc_start_thread+0x1f10/0x1f10 [ptlrpc]
00020  ? kthread_unuse_mm+0x130/0x130
00020  ret_from_fork+0x18c/0x520
00020  ? kthread_unuse_mm+0x130/0x130
00020  ret_from_fork_asm+0x11/0x20
00020  </TASK>
00020 ---[ end trace 0000000000000000 ]---
00020 Code: c7 c7 60 a1 7b a1 48 c7 c6 00 63 7d a1 48 c7 c2 80 6c 7d a1 e8 0a ec 43 ff 48 c7 c7 60 a1 7b a1 e8 fe 7b 44 ff e9 9c fb ff ff <0f> 0b e9 35 f9 ff ff 48 c7 c1 80 44 5d a0 80 e1 07 80 c1 03 38 c1
00020 ------------[ cut here ]------------
00020 WARNING: /home/ktest/git/linux/include/linux/fs.h:889 at osd_create+0xbf7/0x1000 [osd_wbcfs], CPU#2: ll_ost00_001/1776
00020 Modules linked in: ofd(O) osp(O) mdd(O) lod(O) mdt(O) lquota(O) lfsck(O) mgs(O) osd_wbcfs(O) lustre(O) obdecho(O) mgc(O) mdc(O) lov(O) osc(O)
00020  ? kthread_unuse_mm+0x130/0x130
00020  lmv(O) ec(O) fid(O) fld(O) ptlrpc(O) efivarfs obdclass(O) ksocklnd(O) lnet(O) libcfs(O)
00020 CPU: 2 UID: 0 PID: 1776 Comm: ll_ost00_001 Tainted: G        W  O        7.0.0-ktest-f55a92a-6330a45-20260730-dirty #1 PREEMPT 
00020 Tainted: [W]=WARN, [O]=OOT_MODULE
00020 Hardware name: QEMU Standard PC (Q35 + ICH9, 2009), BIOS 2025.11-3ubuntu7 03/31/2026
00020 RIP: 0010:osd_create+0xbf7/0x1000 [osd_wbcfs]
00020 Code: c7 c7 60 a1 7b a1 48 c7 c6 00 63 7d a1 48 c7 c2 80 6c 7d a1 e8 0a ec 43 ff 48 c7 c7 60 a1 7b a1 e8 fe 7b 44 ff e9 9c fb ff ff <0f> 0b e9 35 f9 ff ff 48 c7 c1 80 44 5d a0 80 e1 07 80 c1 03 38 c1
00020 RSP: 0018:ffffc90002277850 EFLAGS: 00010246
00020 RAX: 0000000000000000 RBX: ffff888134fd2c00 RCX: 0000000000000046
00020 RDX: 0000000000000000 RSI: ffff8880014882d0 RDI: ffff888104af2aa8
00020 RBP: ffff888134fd2ce0 R08: ffffffff83a16803 R09: 1ffffffff0742d00
00020 R10: dffffc0000000000 R11: fffffbfff0742d01 R12: dffffc0000000000
00020 R13: 1ffff11003640442 R14: ffff888104af28a0 R15: ffff888001488240
00020 FS:  0000000000000000(0000) GS:ffff8881d4b2a000(0000) knlGS:0000000000000000
00020 CS:  0010 DS: 0000 ES: 0000 CR0: 0000000080050033
00020 CR2: 000055b460f50dc0 CR3: 000000011a5bc000 CR4: 0000000000750eb0
00020 RSP: 0018:ffffc90001f87850 EFLAGS: 00010246
00020 PKRU: 55555554
00020 Call Trace:
00020  <TASK>
00020  ofd_precreate_objects+0x1bd8/0x3220 [ofd]
00020  ret_from_fork+0x18c/0x520
00020  ? kthread_unuse_mm+0x130/0x130
00020  ret_from_fork_asm+0x11/0x20
00020  </TASK>
00020 ---[ end trace 0000000000000000 ]---
00020 ------------[ cut here ]------------
00020 WARNING: /home/ktest/git/linux/include/linux/fs.h:889 at osd_create+0xbf7/0x1000 [osd_wbcfs], CPU#1: ll_ost00_002/1777
00020 Modules linked in: ofd(O) osp(O) mdd(O) lod(O) mdt(O) lquota(O) lfsck(O) mgs(O) osd_wbcfs(O) lustre(O) obdecho(O) mgc(O) mdc(O) lov(O) osc(O) lmv(O) ec(O) fid(O) fld(O) ptlrpc(O) efivarfs obdclass(O) ksocklnd(O) lnet(O) libcfs(O)
00020 CPU: 1 UID: 0 PID: 1777 Comm: ll_ost00_002 Tainted: G        W  O        7.0.0-ktest-f55a92a-6330a45-20260730-dirty #1 PREEMPT 
00020 Tainted: [W]=WARN, [O]=OOT_MODULE
00020 Hardware name: QEMU Standard PC (Q35 + ICH9, 2009), BIOS 2025.11-3ubuntu7 03/31/2026
00020 RIP: 0010:osd_create+0xbf7/0x1000 [osd_wbcfs]
00020 RAX: 0000000000000000 RBX: ffff888134652800 RCX: 0000000000000046
00020 Code: c7 c7 60 a1 7b a1 48 c7 c6 00 63 7d a1 48 c7 c2 80 6c 7d a1 e8 0a ec 43 ff 48 c7 c7 60 a1 7b a1 e8 fe 7b 44 ff e9 9c fb ff ff <0f> 0b e9 35 f9 ff ff 48 c7 c1 80 44 5d a0 80 e1 07 80 c1 03 38 c1
00020 RDX: 0000000000000000 RSI: ffff88802ce957f0 RDI: ffff888104af4b68
00020 RSP: 0018:ffffc90003e77850 EFLAGS: 00010246
00020 RBP: ffff8881346528e0 R08: ffffffff83a16803 R09: 1ffffffff0742d00
00020 RAX: 0000000000000000 RBX: ffff8881071d2000 RCX: 0000000000000046
00020 R10: dffffc0000000000 R11: fffffbfff0742d01 R12: dffffc0000000000
00020 R13: 1ffff11023612942 R14: ffff888104af4960 R15: ffff88802ce95760
00020 FS:  0000000000000000(0000) GS:ffff8881d4a2a000(0000) knlGS:0000000000000000
00020 CS:  0010 DS: 0000 ES: 0000 CR0: 0000000080050033
00020 CR2: 00007f5953805780 CR3: 000000011bf8c000 CR4: 0000000000750eb0
00020 PKRU: 55555554
00020 Call Trace:
00020  <TASK>
00020  ofd_precreate_objects+0x1bd8/0x3220 [ofd]
00020  ofd_create_hdl+0x2015/0x3510 [ofd]
00020  ofd_create_hdl+0x2015/0x3510 [ofd]
00020  tgt_request_handle+0x23ad/0x3d30 [ptlrpc]
00020 RDX: 0000000000000000 RSI: ffff8880474a42a8 RDI: ffff888104af09e8
00020 RBP: ffff8881071d20e0 R08: ffffffff83a16803 R09: 1ffffffff0742d00
00020 R10: dffffc0000000000 R11: fffffbfff0742d01 R12: dffffc0000000000
00020 R13: 1ffff11020950f42 R14: ffff888104af07e0 R15: ffff8880474a4218
00020 FS:  0000000000000000(0000) GS:ffff8881d4aaa000(0000) knlGS:0000000000000000
00020 CS:  0010 DS: 0000 ES: 0000 CR0: 0000000080050033
00020 CR2: 000055b460f452d0 CR3: 000000013521f000 CR4: 0000000000750eb0
00020 PKRU: 55555554
00020  tgt_request_handle+0x23ad/0x3d30 [ptlrpc]
00020  ptlrpc_main+0x6359/0x96f0 [ptlrpc]
00020  ? __kthread_parkme+0x73/0x130
00020  kthread+0x2cd/0x3a0
00020 Call Trace:
00020  <TASK>
00020  ofd_precreate_objects+0x1bd8/0x3220 [ofd]
00020  ? ptlrpc_start_thread+0x1f10/0x1f10 [ptlrpc]
00020  ? kthread_unuse_mm+0x130/0x130
00020  ret_from_fork+0x18c/0x520
00020  ? kthread_unuse_mm+0x130/0x130
00020  ret_from_fork_asm+0x11/0x20
00020  </TASK>
00020 ---[ end trace 0000000000000000 ]---
00020 ------------[ cut here ]------------
00020 WARNING: /home/ktest/git/linux/include/linux/fs.h:889 at osd_create+0xbf7/0x1000 [osd_wbcfs], CPU#0: ll_ost00_000/1775
00020 Modules linked in: ofd(O) osp(O) mdd(O) lod(O) mdt(O) lquota(O) lfsck(O) mgs(O) osd_wbcfs(O) lustre(O) obdecho(O) mgc(O) mdc(O) lov(O) osc(O) lmv(O) ec(O) fid(O) fld(O) ptlrpc(O) efivarfs obdclass(O) ksocklnd(O) lnet(O) libcfs(O)
00020 CPU: 0 UID: 0 PID: 1775 Comm: ll_ost00_000 Tainted: G        W  O        7.0.0-ktest-f55a92a-6330a45-20260730-dirty #1 PREEMPT 
00020 Tainted: [W]=WARN, [O]=OOT_MODULE
00020 Hardware name: QEMU Standard PC (Q35 + ICH9, 2009), BIOS 2025.11-3ubuntu7 03/31/2026
00020 RIP: 0010:osd_create+0xbf7/0x1000 [osd_wbcfs]
00020 Code: c7 c7 60 a1 7b a1 48 c7 c6 00 63 7d a1 48 c7 c2 80 6c 7d a1 e8 0a ec 43 ff 48 c7 c7 60 a1 7b a1 e8 fe 7b 44 ff e9 9c fb ff ff <0f> 0b e9 35 f9 ff ff 48 c7 c1 80 44 5d a0 80 e1 07 80 c1 03 38 c1
00020 RSP: 0018:ffffc90001f87850 EFLAGS: 00010246
00020 RAX: 0000000000000000 RBX: ffff888134652400 RCX: 0000000000000046
00020 RDX: 0000000000000000 RSI: ffff88802ce950d8 RDI: ffff888104af4b68
00020 RBP: ffff8881346524e0 R08: ffffffff83a16803 R09: 1ffffffff0742d00
00020 R10: dffffc0000000000 R11: fffffbfff0742d01 R12: dffffc0000000000
00020 R13: 1ffff11023612942 R14: ffff888104af4960 R15: ffff88802ce95048
00020 FS:  0000000000000000(0000) GS:ffff8881d4a2a000(0000) knlGS:0000000000000000
00020 CS:  0010 DS: 0000 ES: 0000 CR0: 0000000080050033
00020 CR2: 00007f5953805780 CR3: 000000011bf8c000 CR4: 0000000000750eb0
00020 PKRU: 55555554
00020 Call Trace:
00020  <TASK>
00020  ofd_precreate_objects+0x1bd8/0x3220 [ofd]
00020  ofd_create_hdl+0x2015/0x3510 [ofd]
00020  tgt_request_handle+0x23ad/0x3d30 [ptlrpc]
00020  ptlrpc_main+0x6359/0x96f0 [ptlrpc]
00020  ofd_create_hdl+0x2015/0x3510 [ofd]
00020  tgt_request_handle+0x23ad/0x3d30 [ptlrpc]
00020  ptlrpc_main+0x6359/0x96f0 [ptlrpc]
00020  ? __kthread_parkme+0x73/0x130
00020  kthread+0x2cd/0x3a0
00020  ? __kthread_parkme+0x73/0x130
00020  ? ptlrpc_start_thread+0x1f10/0x1f10 [ptlrpc]
00020  ? kthread_unuse_mm+0x130/0x130
00020  ret_from_fork+0x18c/0x520
00020  ? kthread_unuse_mm+0x130/0x130
00020  ret_from_fork_asm+0x11/0x20
00020  </TASK>
00020 ---[ end trace 0000000000000000 ]---
00020 ------------[ cut here ]------------
00020 WARNING: /home/ktest/git/linux/include/linux/fs.h:889 at osd_create+0xbf7/0x1000 [osd_wbcfs], CPU#0: ll_ost00_000/1775
00020 Modules linked in: ofd(O) osp(O) mdd(O) lod(O) mdt(O) lquota(O) lfsck(O) mgs(O) osd_wbcfs(O) lustre(O) obdecho(O) mgc(O) mdc(O) lov(O) osc(O) lmv(O) ec(O) fid(O) fld(O) ptlrpc(O) efivarfs obdclass(O) ksocklnd(O) lnet(O) libcfs(O)
00020 CPU: 0 UID: 0 PID: 1775 Comm: ll_ost00_000 Tainted: G        W  O        7.0.0-ktest-f55a92a-6330a45-20260730-dirty #1 PREEMPT 
00020 Tainted: [W]=WARN, [O]=OOT_MODULE
00020 Hardware name: QEMU Standard PC (Q35 + ICH9, 2009), BIOS 2025.11-3ubuntu7 03/31/2026
00020 RIP: 0010:osd_create+0xbf7/0x1000 [osd_wbcfs]
00020 Code: c7 c7 60 a1 7b a1 48 c7 c6 00 63 7d a1 48 c7 c2 80 6c 7d a1 e8 0a ec 43 ff 48 c7 c7 60 a1 7b a1 e8 fe 7b 44 ff e9 9c fb ff ff <0f> 0b e9 35 f9 ff ff 48 c7 c1 80 44 5d a0 80 e1 07 80 c1 03 38 c1
00020 RSP: 0018:ffffc90001f87850 EFLAGS: 00010246
00020 RAX: 0000000000000000 RBX: ffff888134652000 RCX: 0000000000000046
00020 RDX: 0000000000000000 RSI: ffff88802ce949c0 RDI: ffff888104af4b68
00020 RBP: ffff8881346520e0 R08: ffffffff83a16803 R09: 1ffffffff0742d00
00020 R10: dffffc0000000000 R11: fffffbfff0742d01 R12: dffffc0000000000
00020 R13: 1ffff11023612942 R14: ffff888104af4960 R15: ffff88802ce94930
00020 FS:  0000000000000000(0000) GS:ffff8881d4a2a000(0000) knlGS:0000000000000000
00020 CS:  0010 DS: 0000 ES: 0000 CR0: 0000000080050033
00020 CR2: 00007f5953805780 CR3: 000000011bf8c000 CR4: 0000000000750eb0
00020 PKRU: 55555554
00020 Call Trace:
00020  <TASK>
00020  ofd_precreate_objects+0x1bd8/0x3220 [ofd]
00020  ofd_create_hdl+0x2015/0x3510 [ofd]
00020  tgt_request_handle+0x23ad/0x3d30 [ptlrpc]
00020  ptlrpc_main+0x6359/0x96f0 [ptlrpc]
00020  kthread+0x2cd/0x3a0
00020  ? __kthread_parkme+0x73/0x130
00020  kthread+0x2cd/0x3a0
00020  ? ptlrpc_start_thread+0x1f10/0x1f10 [ptlrpc]
00020  ptlrpc_main+0x6359/0x96f0 [ptlrpc]
00020  ? ptlrpc_start_thread+0x1f10/0x1f10 [ptlrpc]
00020  ? kthread_unuse_mm+0x130/0x130
00020  ? kthread_unuse_mm+0x130/0x130
00020  ret_from_fork+0x18c/0x520
00020  ? kthread_unuse_mm+0x130/0x130
00020  ? __kthread_parkme+0x73/0x130
00020  kthread+0x2cd/0x3a0
00020  ? ptlrpc_start_thread+0x1f10/0x1f10 [ptlrpc]
00020  ret_from_fork+0x18c/0x520
00020  ? kthread_unuse_mm+0x130/0x130
00020  ret_from_fork_asm+0x11/0x20
00020  </TASK>
00020  ? kthread_unuse_mm+0x130/0x130
00020  ret_from_fork+0x18c/0x520
00020  ? kthread_unuse_mm+0x130/0x130
00020  ret_from_fork_asm+0x11/0x20
00020  </TASK>
00020 ---[ end trace 0000000000000000 ]---
00020  ret_from_fork_asm+0x11/0x20
00020 ------------[ cut here ]------------
00020 WARNING: /home/ktest/git/linux/include/linux/fs.h:889 at osd_create+0xbf7/0x1000 [osd_wbcfs], CPU#0: ll_ost00_000/1775
00020 Modules linked in: ofd(O) osp(O) mdd(O) lod(O) mdt(O) lquota(O) lfsck(O) mgs(O) osd_wbcfs(O) lustre(O) obdecho(O) mgc(O) mdc(O) lov(O) osc(O) lmv(O) ec(O) fid(O) fld(O) ptlrpc(O) efivarfs obdclass(O) ksocklnd(O) lnet(O) libcfs(O)
00020 CPU: 0 UID: 0 PID: 1775 Comm: ll_ost00_000 Tainted: G        W  O        7.0.0-ktest-f55a92a-6330a45-20260730-dirty #1 PREEMPT 
00020 Tainted: [W]=WARN, [O]=OOT_MODULE
00020 Hardware name: QEMU Standard PC (Q35 + ICH9, 2009), BIOS 2025.11-3ubuntu7 03/31/2026
00020 RIP: 0010:osd_create+0xbf7/0x1000 [osd_wbcfs]
00020 Code: c7 c7 60 a1 7b a1 48 c7 c6 00 63 7d a1 48 c7 c2 80 6c 7d a1 e8 0a ec 43 ff 48 c7 c7 60 a1 7b a1 e8 fe 7b 44 ff e9 9c fb ff ff <0f> 0b e9 35 f9 ff ff 48 c7 c1 80 44 5d a0 80 e1 07 80 c1 03 38 c1
00020 RSP: 0018:ffffc90001f87850 EFLAGS: 00010246
00020 RAX: 0000000000000000 RBX: ffff888116d28400 RCX: 0000000000000046
00020 RDX: 0000000000000000 RSI: ffff88802ce942a8 RDI: ffff888104af4b68
00020 RBP: ffff888116d284e0 R08: ffffffff83a16803 R09: 1ffffffff0742d00
00020 R10: dffffc0000000000 R11: fffffbfff0742d01 R12: dffffc0000000000
00020 R13: 1ffff11023612942 R14: ffff888104af4960 R15: ffff88802ce94218
00020 FS:  0000000000000000(0000) GS:ffff8881d4a2a000(0000) knlGS:0000000000000000
00020 CS:  0010 DS: 0000 ES: 0000 CR0: 0000000080050033
00020 CR2: 00007f5953805780 CR3: 000000011bf8c000 CR4: 0000000000750eb0
00020 PKRU: 55555554
00020 Call Trace:
00020  <TASK>
00020  ofd_precreate_objects+0x1bd8/0x3220 [ofd]
00020  ofd_create_hdl+0x2015/0x3510 [ofd]
00020 ---[ end trace 0000000000000000 ]---
00020 ------------[ cut here ]------------
00020  </TASK>
00020 WARNING: /home/ktest/git/linux/include/linux/fs.h:889 at osd_create+0xbf7/0x1000 [osd_wbcfs], CPU#1: ll_ost00_002/1777
00020  tgt_request_handle+0x23ad/0x3d30 [ptlrpc]
00020 ---[ end trace 0000000000000000 ]---
00020 Modules linked in: ofd(O) osp(O) mdd(O) lod(O) mdt(O) lquota(O) lfsck(O) mgs(O) osd_wbcfs(O) lustre(O) obdecho(O) mgc(O) mdc(O)
00020  ptlrpc_main+0x6359/0x96f0 [ptlrpc]
00020 ------------[ cut here ]------------
00020  lov(O) osc(O) lmv(O) ec(O) fid(O) fld(O) ptlrpc(O) efivarfs obdclass(O) ksocklnd(O) lnet(O) libcfs(O)
00020 CPU: 1 UID: 0 PID: 1777 Comm: ll_ost00_002 Tainted: G        W  O        7.0.0-ktest-f55a92a-6330a45-20260730-dirty #1 PREEMPT 
00020  ? __kthread_parkme+0x73/0x130
00020  kthread+0x2cd/0x3a0
00020 WARNING: /home/ktest/git/linux/include/linux/fs.h:889 at osd_create+0xbf7/0x1000 [osd_wbcfs], CPU#2: ll_ost00_001/1776
00020  ? ptlrpc_start_thread+0x1f10/0x1f10 [ptlrpc]
00020 Tainted: [W]=WARN, [O]=OOT_MODULE
00020 Hardware name: QEMU Standard PC (Q35 + ICH9, 2009), BIOS 2025.11-3ubuntu7 03/31/2026
00020 RIP: 0010:osd_create+0xbf7/0x1000 [osd_wbcfs]
00020  ? kthread_unuse_mm+0x130/0x130
00020  ret_from_fork+0x18c/0x520
00020 Modules linked in: ofd(O) osp(O) mdd(O) lod(O) mdt(O) lquota(O) lfsck(O) mgs(O) osd_wbcfs(O) lustre(O) obdecho(O) mgc(O) mdc(O) lov(O) osc(O) lmv(O) ec(O) fid(O) fld(O) ptlrpc(O) efivarfs obdclass(O)
00020 Code: c7 c7 60 a1 7b a1 48 c7 c6 00 63 7d a1 48 c7 c2 80 6c 7d a1 e8 0a ec 43 ff 48 c7 c7 60 a1 7b a1 e8 fe 7b 44 ff e9 9c fb ff ff <0f> 0b e9 35 f9 ff ff 48 c7 c1 80 44 5d a0 80 e1 07 80 c1 03 38 c1
00020 RSP: 0018:ffffc90003e77850 EFLAGS: 00010246
00020  ksocklnd(O)
00020 
00020  lnet(O)
00020 RAX: 0000000000000000 RBX: ffff8881071d3400 RCX: 0000000000000046
00020  libcfs(O)
00020 RDX: 0000000000000000 RSI: ffff8880474a3b90 RDI: ffff888104af09e8
00020 
00020 RBP: ffff8881071d34e0 R08: ffffffff83a16803 R09: 1ffffffff0742d00
00020 CPU: 2 UID: 0 PID: 1776 Comm: ll_ost00_001 Tainted: G        W  O        7.0.0-ktest-f55a92a-6330a45-20260730-dirty #1 PREEMPT 
00020 R10: dffffc0000000000 R11: fffffbfff0742d01 R12: dffffc0000000000
00020 Tainted: [W]=WARN, [O]=OOT_MODULE
00020 R13: 1ffff11020950f42 R14: ffff888104af07e0 R15: ffff8880474a3b00
00020 Hardware name: QEMU Standard PC (Q35 + ICH9, 2009), BIOS 2025.11-3ubuntu7 03/31/2026
00020 FS:  0000000000000000(0000) GS:ffff8881d4aaa000(0000) knlGS:0000000000000000
00020 CS:  0010 DS: 0000 ES: 0000 CR0: 0000000080050033
00020 CR2: 000055b460f452d0 CR3: 000000013521f000 CR4: 0000000000750eb0
00020 RIP: 0010:osd_create+0xbf7/0x1000 [osd_wbcfs]
00020 PKRU: 55555554
00020 Call Trace:
00020  <TASK>
00020 Code: c7 c7 60 a1 7b a1 48 c7 c6 00 63 7d a1 48 c7 c2 80 6c 7d a1 e8 0a ec 43 ff 48 c7 c7 60 a1 7b a1 e8 fe 7b 44 ff e9 9c fb ff ff <0f> 0b e9 35 f9 ff ff 48 c7 c1 80 44 5d a0 80 e1 07 80 c1 03 38 c1
00020 RSP: 0018:ffffc90002277850 EFLAGS: 00010246
00020 RAX: 0000000000000000 RBX: ffff888134fd2400 RCX: 0000000000000046
00020 RDX: 0000000000000000 RSI: ffff8880474a7b68 RDI: ffff888104af2aa8
00020  ofd_precreate_objects+0x1bd8/0x3220 [ofd]
00020  ofd_create_hdl+0x2015/0x3510 [ofd]
00020  ? kthread_unuse_mm+0x130/0x130
00020  ret_from_fork_asm+0x11/0x20
00020  </TASK>
00020 RBP: ffff888134fd24e0 R08: ffffffff83a16803 R09: 1ffffffff0742d00
00020  tgt_request_handle+0x23ad/0x3d30 [ptlrpc]
00020 ---[ end trace 0000000000000000 ]---
00020 R10: dffffc0000000000 R11: fffffbfff0742d01 R12: dffffc0000000000
00020 R13: 1ffff11003640442 R14: ffff888104af28a0 R15: ffff8880474a7ad8
00020 FS:  0000000000000000(0000) GS:ffff8881d4b2a000(0000) knlGS:0000000000000000
00020 CS:  0010 DS: 0000 ES: 0000 CR0: 0000000080050033
00020 CR2: 000055b460f50dc0 CR3: 000000011a5bc000 CR4: 0000000000750eb0
00020 PKRU: 55555554
00020 Call Trace:
00020  <TASK>
00020  ofd_precreate_objects+0x1bd8/0x3220 [ofd]
00020 ------------[ cut here ]------------
00020  ptlrpc_main+0x6359/0x96f0 [ptlrpc]
00020  ofd_create_hdl+0x2015/0x3510 [ofd]
00020 WARNING: /home/ktest/git/linux/include/linux/fs.h:889 at osd_create+0xbf7/0x1000 [osd_wbcfs], CPU#0: ll_ost00_000/1775
00020 Modules linked in: ofd(O) osp(O) mdd(O) lod(O) mdt(O) lquota(O) lfsck(O) mgs(O) osd_wbcfs(O)
00020  tgt_request_handle+0x23ad/0x3d30 [ptlrpc]
00020  ? __kthread_parkme+0x73/0x130
00020  lustre(O)
00020  kthread+0x2cd/0x3a0
00020  ptlrpc_main+0x6359/0x96f0 [ptlrpc]
00020  obdecho(O) mgc(O) mdc(O) lov(O) osc(O) lmv(O) ec(O) fid(O) fld(O) ptlrpc(O) efivarfs obdclass(O) ksocklnd(O) lnet(O) libcfs(O)
00020 CPU: 0 UID: 0 PID: 1775 Comm: ll_ost00_000 Tainted: G        W  O        7.0.0-ktest-f55a92a-6330a45-20260730-dirty #1 PREEMPT 
00020  ? ptlrpc_start_thread+0x1f10/0x1f10 [ptlrpc]
00020  ? __kthread_parkme+0x73/0x130
00020  kthread+0x2cd/0x3a0
00020 Tainted: [W]=WARN, [O]=OOT_MODULE
00020  ? kthread_unuse_mm+0x130/0x130
00020  ? ptlrpc_start_thread+0x1f10/0x1f10 [ptlrpc]
00020 Hardware name: QEMU Standard PC (Q35 + ICH9, 2009), BIOS 2025.11-3ubuntu7 03/31/2026
00020  ret_from_fork+0x18c/0x520
00020  ? kthread_unuse_mm+0x130/0x130
00020  ret_from_fork+0x18c/0x520
00020  ? kthread_unuse_mm+0x130/0x130
00020  ret_from_fork_asm+0x11/0x20
00020  </TASK>
00020 ---[ end trace 0000000000000000 ]---
00020 ------------[ cut here ]------------
00020 WARNING: /home/ktest/git/linux/include/linux/fs.h:889 at osd_create+0xbf7/0x1000 [osd_wbcfs], CPU#2: ll_ost00_001/1776
00020 Modules linked in: ofd(O)
00020 RIP: 0010:osd_create+0xbf7/0x1000 [osd_wbcfs]
00020  osp(O)
00020 Code: c7 c7 60 a1 7b a1 48 c7 c6 00 63 7d a1 48 c7 c2 80 6c 7d a1 e8 0a ec 43 ff 48 c7 c7 60 a1 7b a1 e8 fe 7b 44 ff e9 9c fb ff ff <0f> 0b e9 35 f9 ff ff 48 c7 c1 80 44 5d a0 80 e1 07 80 c1 03 38 c1
00020 RSP: 0018:ffffc90001f87850 EFLAGS: 00010246
00020 RAX: 0000000000000000 RBX: ffff888116d2b800 RCX: 0000000000000046
00020 RDX: 0000000000000000 RSI: ffff88802ce93b90 RDI: ffff888104af4b68
00020 RBP: ffff888116d2b8e0 R08: ffffffff83a16803 R09: 1ffffffff0742d00
00020 R10: dffffc0000000000 R11: fffffbfff0742d01 R12: dffffc0000000000
00020 R13: 1ffff11023612942 R14: ffff888104af4960 R15: ffff88802ce93b00
00020 FS:  0000000000000000(0000) GS:ffff8881d4a2a000(0000) knlGS:0000000000000000
00020 CS:  0010 DS: 0000 ES: 0000 CR0: 0000000080050033
00020 CR2: 00007f5953805780 CR3: 000000011bf8c000 CR4: 0000000000750eb0
00020 PKRU: 55555554
00020 Call Trace:
00020  <TASK>
00020  ofd_precreate_objects+0x1bd8/0x3220 [ofd]
00020  ? kthread_unuse_mm+0x130/0x130
00020  ret_from_fork_asm+0x11/0x20
00020  ofd_create_hdl+0x2015/0x3510 [ofd]
00020  </TASK>
00020  mdd(O)
00020  tgt_request_handle+0x23ad/0x3d30 [ptlrpc]
00020 ---[ end trace 0000000000000000 ]---
00020 ------------[ cut here ]------------
00020  lod(O) mdt(O) lquota(O) lfsck(O) mgs(O) osd_wbcfs(O) lustre(O) obdecho(O) mgc(O) mdc(O) lov(O) osc(O) lmv(O) ec(O) fid(O) fld(O) ptlrpc(O) efivarfs obdclass(O) ksocklnd(O) lnet(O) libcfs(O)
00020 CPU: 2 UID: 0 PID: 1776 Comm: ll_ost00_001 Tainted: G        W  O        7.0.0-ktest-f55a92a-6330a45-20260730-dirty #1 PREEMPT 
00020 Tainted: [W]=WARN, [O]=OOT_MODULE
00020 Hardware name: QEMU Standard PC (Q35 + ICH9, 2009), BIOS 2025.11-3ubuntu7 03/31/2026
00020 WARNING: /home/ktest/git/linux/include/linux/fs.h:889 at osd_create+0xbf7/0x1000 [osd_wbcfs], CPU#1: ll_ost00_002/1777
00020 RIP: 0010:osd_create+0xbf7/0x1000 [osd_wbcfs]
00020 Code: c7 c7 60 a1 7b a1 48 c7 c6 00 63 7d a1 48 c7 c2 80 6c 7d a1 e8 0a ec 43 ff 48 c7 c7 60 a1 7b a1 e8 fe 7b 44 ff e9 9c fb ff ff <0f> 0b e9 35 f9 ff ff 48 c7 c1 80 44 5d a0 80 e1 07 80 c1 03 38 c1
00020 RSP: 0018:ffffc90002277850 EFLAGS: 00010246
00020 RAX: 0000000000000000 RBX: ffff888134fd2000 RCX: 0000000000000046
00020 Modules linked in: ofd(O) osp(O) mdd(O) lod(O) mdt(O) lquota(O) lfsck(O) mgs(O) osd_wbcfs(O) lustre(O) obdecho(O) mgc(O)
00020  ptlrpc_main+0x6359/0x96f0 [ptlrpc]
00020 RDX: 0000000000000000 RSI: ffff8880474a7450 RDI: ffff888104af2aa8
00020  mdc(O) lov(O) osc(O) lmv(O) ec(O) fid(O) fld(O) ptlrpc(O) efivarfs obdclass(O) ksocklnd(O) lnet(O) libcfs(O)
00020 RBP: ffff888134fd20e0 R08: ffffffff83a16803 R09: 1ffffffff0742d00
00020 R10: dffffc0000000000 R11: fffffbfff0742d01 R12: dffffc0000000000
00020 R13: 1ffff11003640442 R14: ffff888104af28a0 R15: ffff8880474a73c0
00020 FS:  0000000000000000(0000) GS:ffff8881d4b2a000(0000) knlGS:0000000000000000
00020 CS:  0010 DS: 0000 ES: 0000 CR0: 0000000080050033
00020 CR2: 000055b460f50dc0 CR3: 000000011a5bc000 CR4: 0000000000750eb0
00020 PKRU: 55555554
00020 Call Trace:
00020  <TASK>
00020  ofd_precreate_objects+0x1bd8/0x3220 [ofd]
00020 CPU: 1 UID: 0 PID: 1777 Comm: ll_ost00_002 Tainted: G        W  O        7.0.0-ktest-f55a92a-6330a45-20260730-dirty #1 PREEMPT 
00020  ofd_create_hdl+0x2015/0x3510 [ofd]
00020  ? __kthread_parkme+0x73/0x130
00020 Tainted: [W]=WARN, [O]=OOT_MODULE
00020  kthread+0x2cd/0x3a0
00020  tgt_request_handle+0x23ad/0x3d30 [ptlrpc]
00020 Hardware name: QEMU Standard PC (Q35 + ICH9, 2009), BIOS 2025.11-3ubuntu7 03/31/2026
00020 RIP: 0010:osd_create+0xbf7/0x1000 [osd_wbcfs]
00020  ? ptlrpc_start_thread+0x1f10/0x1f10 [ptlrpc]
00020 Code: c7 c7 60 a1 7b a1 48 c7 c6 00 63 7d a1 48 c7 c2 80 6c 7d a1 e8 0a ec 43 ff 48 c7 c7 60 a1 7b a1 e8 fe 7b 44 ff e9 9c fb ff ff <0f> 0b e9 35 f9 ff ff 48 c7 c1 80 44 5d a0 80 e1 07 80 c1 03 38 c1
00020  ptlrpc_main+0x6359/0x96f0 [ptlrpc]
00020  ? kthread_unuse_mm+0x130/0x130
00020 RSP: 0018:ffffc90003e77850 EFLAGS: 00010246
00020  ret_from_fork+0x18c/0x520
00020  ? __kthread_parkme+0x73/0x130
00020  kthread+0x2cd/0x3a0
00020 
00020  ? kthread_unuse_mm+0x130/0x130
00020  ? ptlrpc_start_thread+0x1f10/0x1f10 [ptlrpc]
00020  ? kthread_unuse_mm+0x130/0x130
00020  ret_from_fork+0x18c/0x520
00020  ? kthread_unuse_mm+0x130/0x130
00020  ret_from_fork_asm+0x11/0x20
00020  </TASK>
00020 ---[ end trace 0000000000000000 ]---
00020 RAX: 0000000000000000 RBX: ffff8881071d3800 RCX: 0000000000000046
00020 ------------[ cut here ]------------
00020 WARNING: /home/ktest/git/linux/include/linux/fs.h:889 at osd_create+0xbf7/0x1000 [osd_wbcfs], CPU#2: ll_ost00_001/1776
00020 Modules linked in: ofd(O) osp(O) mdd(O) lod(O) mdt(O) lquota(O) lfsck(O) mgs(O) osd_wbcfs(O) lustre(O) obdecho(O) mgc(O) mdc(O) lov(O) osc(O) lmv(O) ec(O) fid(O) fld(O) ptlrpc(O) efivarfs obdclass(O) ksocklnd(O) lnet(O) libcfs(O)
00020 CPU: 2 UID: 0 PID: 1776 Comm: ll_ost00_001 Tainted: G        W  O        7.0.0-ktest-f55a92a-6330a45-20260730-dirty #1 PREEMPT 
00020 Tainted: [W]=WARN, [O]=OOT_MODULE
00020 Hardware name: QEMU Standard PC (Q35 + ICH9, 2009), BIOS 2025.11-3ubuntu7 03/31/2026
00020 RIP: 0010:osd_create+0xbf7/0x1000 [osd_wbcfs]
00020 Code: c7 c7 60 a1 7b a1 48 c7 c6 00 63 7d a1 48 c7 c2 80 6c 7d a1 e8 0a ec 43 ff 48 c7 c7 60 a1 7b a1 e8 fe 7b 44 ff e9 9c fb ff ff <0f> 0b e9 35 f9 ff ff 48 c7 c1 80 44 5d a0 80 e1 07 80 c1 03 38 c1
00020 RSP: 0018:ffffc90002277850 EFLAGS: 00010246
00020 RAX: 0000000000000000 RBX: ffff888134fd0c00 RCX: 0000000000000046
00020 RDX: 0000000000000000 RSI: ffff8880474a6d38 RDI: ffff888104af2aa8
00020 RBP: ffff888134fd0ce0 R08: ffffffff83a16803 R09: 1ffffffff0742d00
00020 R10: dffffc0000000000 R11: fffffbfff0742d01 R12: dffffc0000000000
00020 R13: 1ffff11003640442 R14: ffff888104af28a0 R15: ffff8880474a6ca8
00020 FS:  0000000000000000(0000) GS:ffff8881d4b2a000(0000) knlGS:0000000000000000
00020 CS:  0010 DS: 0000 ES: 0000 CR0: 0000000080050033
00020 CR2: 000055b460f50dc0 CR3: 000000011a5bc000 CR4: 0000000000750eb0
00020 PKRU: 55555554
00020 Call Trace:
00020  <TASK>
00020  ofd_precreate_objects+0x1bd8/0x3220 [ofd]
00020  ofd_create_hdl+0x2015/0x3510 [ofd]
00020  ret_from_fork_asm+0x11/0x20
00020  tgt_request_handle+0x23ad/0x3d30 [ptlrpc]
00020 RDX: 0000000000000000 RSI: ffff8880474a3478 RDI: ffff888104af09e8
00020  </TASK>
00020  ptlrpc_main+0x6359/0x96f0 [ptlrpc]
00020 RBP: ffff8881071d38e0 R08: ffffffff83a16803 R09: 1ffffffff0742d00
00020  ? __kthread_parkme+0x73/0x130
00020  kthread+0x2cd/0x3a0
00020 ---[ end trace 0000000000000000 ]---
00020 R10: dffffc0000000000 R11: fffffbfff0742d01 R12: dffffc0000000000
00020  ? ptlrpc_start_thread+0x1f10/0x1f10 [ptlrpc]
00020  ? kthread_unuse_mm+0x130/0x130
00020  ret_from_fork+0x18c/0x520
00020  ? kthread_unuse_mm+0x130/0x130
00020  ret_from_fork_asm+0x11/0x20
00020  </TASK>
00020 ---[ end trace 0000000000000000 ]---
00020 ------------[ cut here ]------------
00020 WARNING: /home/ktest/git/linux/include/linux/fs.h:889 at osd_create+0xbf7/0x1000 [osd_wbcfs], CPU#2: ll_ost00_001/1776
00020 Modules linked in: ofd(O) osp(O) mdd(O) lod(O) mdt(O)
00020 ------------[ cut here ]------------
00020 WARNING: /home/ktest/git/linux/include/linux/fs.h:889 at osd_create+0xbf7/0x1000 [osd_wbcfs], CPU#0: ll_ost00_000/1775
00020 Modules linked in: ofd(O) osp(O) mdd(O) lod(O) mdt(O) lquota(O) lfsck(O) mgs(O) osd_wbcfs(O) lustre(O) obdecho(O) mgc(O) mdc(O) lov(O) osc(O) lmv(O) ec(O) fid(O) fld(O) ptlrpc(O) efivarfs obdclass(O) ksocklnd(O) lnet(O) libcfs(O)
00020 CPU: 0 UID: 0 PID: 1775 Comm: ll_ost00_000 Tainted: G        W  O        7.0.0-ktest-f55a92a-6330a45-20260730-dirty #1 PREEMPT 
00020 Tainted: [W]=WARN, [O]=OOT_MODULE
00020 Hardware name: QEMU Standard PC (Q35 + ICH9, 2009), BIOS 2025.11-3ubuntu7 03/31/2026
00020 RIP: 0010:osd_create+0xbf7/0x1000 [osd_wbcfs]
00020 R13: 1ffff11020950f42 R14: ffff888104af07e0 R15: ffff8880474a33e8
00020 Code: c7 c7 60 a1 7b a1 48 c7 c6 00 63 7d a1 48 c7 c2 80 6c 7d a1 e8 0a ec 43 ff 48 c7 c7 60 a1 7b a1 e8 fe 7b 44 ff e9 9c fb ff ff <0f> 0b e9 35 f9 ff ff 48 c7 c1 80 44 5d a0 80 e1 07 80 c1 03 38 c1
00020 RSP: 0018:ffffc90001f87850 EFLAGS: 00010246
00020 RAX: 0000000000000000 RBX: ffff88811c34a000 RCX: 0000000000000046
00020 FS:  0000000000000000(0000) GS:ffff8881d4aaa000(0000) knlGS:0000000000000000
00020 RDX: 0000000000000000 RSI: ffff88802ce93478 RDI: ffff888104af4b68
00020 CS:  0010 DS: 0000 ES: 0000 CR0: 0000000080050033
00020 RBP: ffff88811c34a0e0 R08: ffffffff83a16803 R09: 1ffffffff0742d00
00020 R10: dffffc0000000000 R11: fffffbfff0742d01 R12: dffffc0000000000
00020 CR2: 000055b460f452d0 CR3: 000000013521f000 CR4: 0000000000750eb0
00020 R13: 1ffff11023612942 R14: ffff888104af4960 R15: ffff88802ce933e8
00020 FS:  0000000000000000(0000) GS:ffff8881d4a2a000(0000) knlGS:0000000000000000
00020 PKRU: 55555554
00020 Call Trace:
00020  <TASK>
00020  ofd_precreate_objects+0x1bd8/0x3220 [ofd]
00020  ofd_create_hdl+0x2015/0x3510 [ofd]
00020  lquota(O)
00020 CS:  0010 DS: 0000 ES: 0000 CR0: 0000000080050033
00020 CR2: 00007f5953805780 CR3: 000000011bf8c000 CR4: 0000000000750eb0
00020 PKRU: 55555554
00020 Call Trace:
00020  <TASK>
00020  tgt_request_handle+0x23ad/0x3d30 [ptlrpc]
00020  ofd_precreate_objects+0x1bd8/0x3220 [ofd]
00020  lfsck(O)
00020  ofd_create_hdl+0x2015/0x3510 [ofd]
00020  ptlrpc_main+0x6359/0x96f0 [ptlrpc]
00020  mgs(O)
00020  ? __kthread_parkme+0x73/0x130
00020  kthread+0x2cd/0x3a0
00020  ? ptlrpc_start_thread+0x1f10/0x1f10 [ptlrpc]
00020  tgt_request_handle+0x23ad/0x3d30 [ptlrpc]
00020  osd_wbcfs(O)
00020  ? kthread_unuse_mm+0x130/0x130
00020  ret_from_fork+0x18c/0x520
00020  ? kthread_unuse_mm+0x130/0x130
00020  ret_from_fork_asm+0x11/0x20
00020  ptlrpc_main+0x6359/0x96f0 [ptlrpc]
00020  lustre(O)
00020  </TASK>
00020 ---[ end trace 0000000000000000 ]---
00020  obdecho(O)
00020  ? __kthread_parkme+0x73/0x130
00020  mgc(O)
00020  kthread+0x2cd/0x3a0
00020 ------------[ cut here ]------------
00020  mdc(O)
00020  ? ptlrpc_start_thread+0x1f10/0x1f10 [ptlrpc]
00020 WARNING: /home/ktest/git/linux/include/linux/fs.h:889 at osd_create+0xbf7/0x1000 [osd_wbcfs], CPU#1: ll_ost00_002/1777
00020  ? kthread_unuse_mm+0x130/0x130
00020  ret_from_fork+0x18c/0x520
00020  ? kthread_unuse_mm+0x130/0x130
00020  ret_from_fork_asm+0x11/0x20
00020  </TASK>
00020 ---[ end trace 0000000000000000 ]---
00020  lov(O)
00020 Modules linked in: ofd(O) osp(O) mdd(O) lod(O) mdt(O) lquota(O) lfsck(O) mgs(O) osd_wbcfs(O) lustre(O) obdecho(O) mgc(O) mdc(O)
00020 ------------[ cut here ]------------
00020 WARNING: /home/ktest/git/linux/include/linux/fs.h:889 at osd_create+0xbf7/0x1000 [osd_wbcfs], CPU#0: ll_ost00_004/1819
00020 Modules linked in: ofd(O) osp(O) mdd(O) lod(O) mdt(O) lquota(O) lfsck(O) mgs(O) osd_wbcfs(O) lustre(O) obdecho(O) mgc(O) mdc(O) lov(O) osc(O) lmv(O) ec(O) fid(O) fld(O) ptlrpc(O) efivarfs obdclass(O) ksocklnd(O) lnet(O) libcfs(O)
00020 CPU: 0 UID: 0 PID: 1819 Comm: ll_ost00_004 Tainted: G        W  O        7.0.0-ktest-f55a92a-6330a45-20260730-dirty #1 PREEMPT 
00021 Tainted: [W]=WARN, [O]=OOT_MODULE
00021 Hardware name: QEMU Standard PC (Q35 + ICH9, 2009), BIOS 2025.11-3ubuntu7 03/31/2026
00021 RIP: 0010:osd_create+0xbf7/0x1000 [osd_wbcfs]
00021 Code: c7 c7 60 a1 7b a1 48 c7 c6 00 63 7d a1 48 c7 c2 80 6c 7d a1 e8 0a ec 43 ff 48 c7 c7 60 a1 7b a1 e8 fe 7b 44 ff e9 9c fb ff ff <0f> 0b e9 35 f9 ff ff 48 c7 c1 80 44 5d a0 80 e1 07 80 c1 03 38 c1
00021 RSP: 0018:ffffc90007d97928 EFLAGS: 00010246
00021 RAX: 0000000000000000 RBX: ffff88813435cc00 RCX: 0000000000000046
00021 RDX: 0000000000000000 RSI: ffff88802ce92d60 RDI: ffff888133c9aa58
00021 RBP: ffff88813435cce0 R08: ffffffff83a16803 R09: 1ffffffff0742d00
00021 R10: dffffc0000000000 R11: fffffbfff0742d01 R12: dffffc0000000000
00021  osc(O) lmv(O) ec(O) fid(O) fld(O) ptlrpc(O) efivarfs obdclass(O) ksocklnd(O) lnet(O) libcfs(O)
00021 CPU: 2 UID: 0 PID: 1776 Comm: ll_ost00_001 Tainted: G        W  O        7.0.0-ktest-f55a92a-6330a45-20260730-dirty #1 PREEMPT 
00021 Tainted: [W]=WARN, [O]=OOT_MODULE
00021 Hardware name: QEMU Standard PC (Q35 + ICH9, 2009), BIOS 2025.11-3ubuntu7 03/31/2026
00021 RIP: 0010:osd_create+0xbf7/0x1000 [osd_wbcfs]
00021 Code: c7 c7 60 a1 7b a1 48 c7 c6 00 63 7d a1 48 c7 c2 80 6c 7d a1 e8 0a ec 43 ff 48 c7 c7 60 a1 7b a1 e8 fe 7b 44 ff e9 9c fb ff ff <0f> 0b e9 35 f9 ff ff 48 c7 c1 80 44 5d a0 80 e1 07 80 c1 03 38 c1
00021 RSP: 0018:ffffc90002277850 EFLAGS: 00010246
00021 RAX: 0000000000000000 RBX: ffff888134fd1000 RCX: 0000000000000046
00021 RDX: 0000000000000000 RSI: ffff8880474a6620 RDI: ffff888104af2aa8
00021 RBP: ffff888134fd10e0 R08: ffffffff83a16803 R09: 1ffffffff0742d00
00021  lov(O)
00021 R10: dffffc0000000000 R11: fffffbfff0742d01 R12: dffffc0000000000
00021 R13: 1ffff11003640442 R14: ffff888104af28a0 R15: ffff8880474a6590
00021 FS:  0000000000000000(0000) GS:ffff8881d4b2a000(0000) knlGS:0000000000000000
00021 CS:  0010 DS: 0000 ES: 0000 CR0: 0000000080050033
00021 CR2: 000055b460f50dc0 CR3: 000000011a5bc000 CR4: 0000000000750eb0
00021 PKRU: 55555554
00021 Call Trace:
00021  <TASK>
00021  ofd_precreate_objects+0x1bd8/0x3220 [ofd]
00021  ofd_create_hdl+0x2015/0x3510 [ofd]
00021 R13: 1ffff11026952642 R14: ffff888133c9a8a0 R15: ffff88802ce92cd0
00021  tgt_request_handle+0x23ad/0x3d30 [ptlrpc]
00021  osc(O)
00021  ptlrpc_main+0x6359/0x96f0 [ptlrpc]
00021 FS:  0000000000000000(0000) GS:ffff8881d4a2a000(0000) knlGS:0000000000000000
00021  ? __kthread_parkme+0x73/0x130
00021  kthread+0x2cd/0x3a0
00021  ? ptlrpc_start_thread+0x1f10/0x1f10 [ptlrpc]
00021  lmv(O)
00021 CS:  0010 DS: 0000 ES: 0000 CR0: 0000000080050033
00021  ? kthread_unuse_mm+0x130/0x130
00021  ret_from_fork+0x18c/0x520
00021  ? kthread_unuse_mm+0x130/0x130
00021  ret_from_fork_asm+0x11/0x20
00021  </TASK>
00021 ---[ end trace 0000000000000000 ]---
00021 ------------[ cut here ]------------
00021 WARNING: /home/ktest/git/linux/include/linux/fs.h:889 at osd_create+0xbf7/0x1000 [osd_wbcfs], CPU#2: ll_ost00_001/1776
00021  ec(O)
00021 Modules linked in: ofd(O) osp(O) mdd(O) lod(O) mdt(O) lquota(O) lfsck(O) mgs(O) osd_wbcfs(O) lustre(O) obdecho(O) mgc(O) mdc(O) lov(O) osc(O) lmv(O) ec(O) fid(O) fld(O) ptlrpc(O) efivarfs obdclass(O) ksocklnd(O) lnet(O) libcfs(O)
00021 CPU: 2 UID: 0 PID: 1776 Comm: ll_ost00_001 Tainted: G        W  O        7.0.0-ktest-f55a92a-6330a45-20260730-dirty #1 PREEMPT 
00021 Tainted: [W]=WARN, [O]=OOT_MODULE
00021 Hardware name: QEMU Standard PC (Q35 + ICH9, 2009), BIOS 2025.11-3ubuntu7 03/31/2026
00021 RIP: 0010:osd_create+0xbf7/0x1000 [osd_wbcfs]
00021 CR2: 00007f5953805780 CR3: 000000011bf8c000 CR4: 0000000000750eb0
00021 Code: c7 c7 60 a1 7b a1 48 c7 c6 00 63 7d a1 48 c7 c2 80 6c 7d a1 e8 0a ec 43 ff 48 c7 c7 60 a1 7b a1 e8 fe 7b 44 ff e9 9c fb ff ff <0f> 0b e9 35 f9 ff ff 48 c7 c1 80 44 5d a0 80 e1 07 80 c1 03 38 c1
00021 RSP: 0018:ffffc90002277850 EFLAGS: 00010246
00021 RAX: 0000000000000000 RBX: ffff888135ac4800 RCX: 0000000000000046
00021 RDX: 0000000000000000 RSI: ffff8880474a5f08 RDI: ffff888104af2aa8
00021 RBP: ffff888135ac48e0 R08: ffffffff83a16803 R09: 1ffffffff0742d00
00021 R10: dffffc0000000000 R11: fffffbfff0742d01 R12: dffffc0000000000
00021 R13: 1ffff11003640442 R14: ffff888104af28a0 R15: ffff8880474a5e78
00021 FS:  0000000000000000(0000) GS:ffff8881d4b2a000(0000) knlGS:0000000000000000
00021 CS:  0010 DS: 0000 ES: 0000 CR0: 0000000080050033
00021 CR2: 000055b460f50dc0 CR3: 000000011a5bc000 CR4: 0000000000750eb0
00021 PKRU: 55555554
00021 Call Trace:
00021  <TASK>
00021  ofd_precreate_objects+0x1bd8/0x3220 [ofd]
00021  ofd_create_hdl+0x2015/0x3510 [ofd]
00021  tgt_request_handle+0x23ad/0x3d30 [ptlrpc]
00021  fid(O)
00021 PKRU: 55555554
00021  fld(O)
00021 Call Trace:
00021  ptlrpc(O)
00021  ptlrpc_main+0x6359/0x96f0 [ptlrpc]
00021  <TASK>
00021  efivarfs
00021  ? __kthread_parkme+0x73/0x130
00021  kthread+0x2cd/0x3a0
00021  dt_find_or_create+0x81a/0x1170 [obdclass]
00021  ? ptlrpc_start_thread+0x1f10/0x1f10 [ptlrpc]
00021  obdclass(O)
00021  ofd_seq_load+0x605/0x1ac0 [ofd]
00021  ksocklnd(O) lnet(O) libcfs(O)
00021 CPU: 1 UID: 0 PID: 1777 Comm: ll_ost00_002 Tainted: G        W  O        7.0.0-ktest-f55a92a-6330a45-20260730-dirty #1 PREEMPT 
00021 Tainted: [W]=WARN, [O]=OOT_MODULE
00021 Hardware name: QEMU Standard PC (Q35 + ICH9, 2009), BIOS 2025.11-3ubuntu7 03/31/2026
00021 RIP: 0010:osd_create+0xbf7/0x1000 [osd_wbcfs]
00021  ofd_get_info_hdl+0xfdd/0x2330 [ofd]
00021  ? kthread_unuse_mm+0x130/0x130
00021  tgt_request_handle+0x23ad/0x3d30 [ptlrpc]
00021 Code: c7 c7 60 a1 7b a1 48 c7 c6 00 63 7d a1 48 c7 c2 80 6c 7d a1 e8 0a ec 43 ff 48 c7 c7 60 a1 7b a1 e8 fe 7b 44 ff e9 9c fb ff ff <0f> 0b e9 35 f9 ff ff 48 c7 c1 80 44 5d a0 80 e1 07 80 c1 03 38 c1
00021 RSP: 0018:ffffc90003e77850 EFLAGS: 00010246
00021 RAX: 0000000000000000 RBX: ffff8881071d2c00 RCX: 0000000000000046
00021 RDX: 0000000000000000 RSI: ffff8880474a2d60 RDI: ffff888104af09e8
00021 RBP: ffff8881071d2ce0 R08: ffffffff83a16803 R09: 1ffffffff0742d00
00021 R10: dffffc0000000000 R11: fffffbfff0742d01 R12: dffffc0000000000
00021 R13: 1ffff11020950f42 R14: ffff888104af07e0 R15: ffff8880474a2cd0
00021 FS:  0000000000000000(0000) GS:ffff8881d4aaa000(0000) knlGS:0000000000000000
00021  ptlrpc_main+0x6359/0x96f0 [ptlrpc]
00021  ret_from_fork+0x18c/0x520
00021  ? __kthread_parkme+0x73/0x130
00021  kthread+0x2cd/0x3a0
00021  ? ptlrpc_start_thread+0x1f10/0x1f10 [ptlrpc]
00021  ? kthread_unuse_mm+0x130/0x130
00021  ret_from_fork+0x18c/0x520
00021  ? kthread_unuse_mm+0x130/0x130
00021  ret_from_fork_asm+0x11/0x20
00021  </TASK>
00021 ---[ end trace 0000000000000000 ]---
00021 CS:  0010 DS: 0000 ES: 0000 CR0: 0000000080050033
00021 CR2: 000055b460f452d0 CR3: 000000013521f000 CR4: 0000000000750eb0
00021 PKRU: 55555554
00021 Call Trace:
00021  <TASK>
00021  ofd_precreate_objects+0x1bd8/0x3220 [ofd]
00021 ------------[ cut here ]------------
00021 WARNING: /home/ktest/git/linux/include/linux/fs.h:889 at osd_create+0xbf7/0x1000 [osd_wbcfs], CPU#0: ll_ost00_000/1775
00021 Modules linked in: ofd(O) osp(O) mdd(O) lod(O) mdt(O) lquota(O) lfsck(O) mgs(O) osd_wbcfs(O) lustre(O) obdecho(O) mgc(O) mdc(O) lov(O) osc(O) lmv(O) ec(O) fid(O) fld(O) ptlrpc(O) efivarfs obdclass(O) ksocklnd(O) lnet(O) libcfs(O)
00021 CPU: 0 UID: 0 PID: 1775 Comm: ll_ost00_000 Tainted: G        W  O        7.0.0-ktest-f55a92a-6330a45-20260730-dirty #1 PREEMPT 
00021 Tainted: [W]=WARN, [O]=OOT_MODULE
00021 Hardware name: QEMU Standard PC (Q35 + ICH9, 2009), BIOS 2025.11-3ubuntu7 03/31/2026
00021 RIP: 0010:osd_create+0xbf7/0x1000 [osd_wbcfs]
00021 Code: c7 c7 60 a1 7b a1 48 c7 c6 00 63 7d a1 48 c7 c2 80 6c 7d a1 e8 0a ec 43 ff 48 c7 c7 60 a1 7b a1 e8 fe 7b 44 ff e9 9c fb ff ff <0f> 0b e9 35 f9 ff ff 48 c7 c1 80 44 5d a0 80 e1 07 80 c1 03 38 c1
00021 RSP: 0018:ffffc90001f87850 EFLAGS: 00010246
00021 RAX: 0000000000000000 RBX: ffff88811c349800 RCX: 0000000000000046
00021 RDX: 0000000000000000 RSI: ffff88800148fb68 RDI: ffff888104af4b68
00021 RBP: ffff88811c3498e0 R08: ffffffff83a16803 R09: 1ffffffff0742d00
00021 R10: dffffc0000000000 R11: fffffbfff0742d01 R12: dffffc0000000000
00021 R13: 1ffff11023612942 R14: ffff888104af4960 R15: ffff88800148fad8
00021 FS:  0000000000000000(0000) GS:ffff8881d4a2a000(0000) knlGS:0000000000000000
00021 CS:  0010 DS: 0000 ES: 0000 CR0: 0000000080050033
00021 CR2: 00007f5953805780 CR3: 000000011bf8c000 CR4: 0000000000750eb0
00021 PKRU: 55555554
00021 Call Trace:
00021  <TASK>
00021  ? kthread_unuse_mm+0x130/0x130
00021  ofd_precreate_objects+0x1bd8/0x3220 [ofd]
00021  ofd_create_hdl+0x2015/0x3510 [ofd]
00021  ofd_create_hdl+0x2015/0x3510 [ofd]
00021  tgt_request_handle+0x23ad/0x3d30 [ptlrpc]
00021  ret_from_fork_asm+0x11/0x20
00021  ptlrpc_main+0x6359/0x96f0 [ptlrpc]
00021  tgt_request_handle+0x23ad/0x3d30 [ptlrpc]
00021  ptlrpc_main+0x6359/0x96f0 [ptlrpc]
00021  </TASK>
00021  ? __kthread_parkme+0x73/0x130
00021  ? __kthread_parkme+0x73/0x130
00021  kthread+0x2cd/0x3a0
00021 ---[ end trace 0000000000000000 ]---
00021  ? ptlrpc_start_thread+0x1f10/0x1f10 [ptlrpc]
00021  kthread+0x2cd/0x3a0
00021  ? ptlrpc_start_thread+0x1f10/0x1f10 [ptlrpc]
00021 ------------[ cut here ]------------
00021  ? kthread_unuse_mm+0x130/0x130
00021  ret_from_fork+0x18c/0x520
00021  ? kthread_unuse_mm+0x130/0x130
00021  ret_from_fork_asm+0x11/0x20
00021  </TASK>
00021 ---[ end trace 0000000000000000 ]---
00021 ------------[ cut here ]------------
00021  ? kthread_unuse_mm+0x130/0x130
00021  ret_from_fork+0x18c/0x520
00021 WARNING: /home/ktest/git/linux/include/linux/fs.h:889 at osd_create+0xbf7/0x1000 [osd_wbcfs], CPU#0: ll_ost00_000/1775
00021  ? kthread_unuse_mm+0x130/0x130
00021  ret_from_fork_asm+0x11/0x20
00021 Modules linked in: ofd(O) osp(O) mdd(O) lod(O) mdt(O) lquota(O) lfsck(O) mgs(O) osd_wbcfs(O) lustre(O) obdecho(O) mgc(O) mdc(O) lov(O) osc(O) lmv(O) ec(O) fid(O) fld(O) ptlrpc(O) efivarfs obdclass(O) ksocklnd(O) lnet(O) libcfs(O)
00021 CPU: 0 UID: 0 PID: 1775 Comm: ll_ost00_000 Tainted: G        W  O        7.0.0-ktest-f55a92a-6330a45-20260730-dirty #1 PREEMPT 
00021 Tainted: [W]=WARN, [O]=OOT_MODULE
00021 Hardware name: QEMU Standard PC (Q35 + ICH9, 2009), BIOS 2025.11-3ubuntu7 03/31/2026
00021 RIP: 0010:osd_create+0xbf7/0x1000 [osd_wbcfs]
00021 Code: c7 c7 60 a1 7b a1 48 c7 c6 00 63 7d a1 48 c7 c2 80 6c 7d a1 e8 0a ec 43 ff 48 c7 c7 60 a1 7b a1 e8 fe 7b 44 ff e9 9c fb ff ff <0f> 0b e9 35 f9 ff ff 48 c7 c1 80 44 5d a0 80 e1 07 80 c1 03 38 c1
00021 RSP: 0018:ffffc90001f87850 EFLAGS: 00010246
00021 RAX: 0000000000000000 RBX: ffff88811c34a800 RCX: 0000000000000046
00021 RDX: 0000000000000000 RSI: ffff88800148f450 RDI: ffff888104af4b68
00021 RBP: ffff88811c34a8e0 R08: ffffffff83a16803 R09: 1ffffffff0742d00
00021 R10: dffffc0000000000 R11: fffffbfff0742d01 R12: dffffc0000000000
00021 R13: 1ffff11023612942 R14: ffff888104af4960 R15: ffff88800148f3c0
00021 FS:  0000000000000000(0000) GS:ffff8881d4a2a000(0000) knlGS:0000000000000000
00021 CS:  0010 DS: 0000 ES: 0000 CR0: 0000000080050033
00021 CR2: 00007f5953805780 CR3: 000000011bf8c000 CR4: 0000000000750eb0
00021 PKRU: 55555554
00021 Call Trace:
00021  <TASK>
00021  ofd_precreate_objects+0x1bd8/0x3220 [ofd]
00021  ofd_create_hdl+0x2015/0x3510 [ofd]
00021 WARNING: /home/ktest/git/linux/include/linux/fs.h:889 at osd_create+0xbf7/0x1000 [osd_wbcfs], CPU#2: ll_ost00_001/1776
00021  tgt_request_handle+0x23ad/0x3d30 [ptlrpc]
00021  </TASK>
00021 ---[ end trace 0000000000000000 ]---
00021 Modules linked in:
00021 ------------[ cut here ]------------
00021 WARNING: /home/ktest/git/linux/include/linux/fs.h:889 at osd_create+0xbf7/0x1000 [osd_wbcfs], CPU#1: ll_ost00_002/1777
00021 Modules linked in: ofd(O) osp(O) mdd(O) lod(O) mdt(O) lquota(O) lfsck(O) mgs(O) osd_wbcfs(O) lustre(O) obdecho(O) mgc(O) mdc(O) lov(O) osc(O) lmv(O) ec(O) fid(O) fld(O) ptlrpc(O) efivarfs obdclass(O) ksocklnd(O) lnet(O) libcfs(O)
00021  ofd(O)
00021 
00021 CPU: 1 UID: 0 PID: 1777 Comm: ll_ost00_002 Tainted: G        W  O        7.0.0-ktest-f55a92a-6330a45-20260730-dirty #1 PREEMPT 
00021 Tainted: [W]=WARN, [O]=OOT_MODULE
00021 Hardware name: QEMU Standard PC (Q35 + ICH9, 2009), BIOS 2025.11-3ubuntu7 03/31/2026
00021 RIP: 0010:osd_create+0xbf7/0x1000 [osd_wbcfs]
00021  ptlrpc_main+0x6359/0x96f0 [ptlrpc]
00021  osp(O)
00021 ------------[ cut here ]------------
00021 WARNING: /home/ktest/git/linux/include/linux/fs.h:889 at osd_create+0xbf7/0x1000 [osd_wbcfs], CPU#3: ll_ost00_005/1827
00021 Modules linked in: ofd(O) osp(O) mdd(O) lod(O)
00021  ? __kthread_parkme+0x73/0x130
00021  mdt(O) lquota(O)
00021  kthread+0x2cd/0x3a0
00021  lfsck(O) mgs(O) osd_wbcfs(O) lustre(O) obdecho(O) mgc(O) mdc(O) lov(O) osc(O) lmv(O) ec(O) fid(O) fld(O) ptlrpc(O) efivarfs obdclass(O) ksocklnd(O)
00021 Code: c7 c7 60 a1 7b a1 48 c7 c6 00 63 7d a1 48 c7 c2 80 6c 7d a1 e8 0a ec 43 ff 48 c7 c7 60 a1 7b a1 e8 fe 7b 44 ff e9 9c fb ff ff <0f> 0b e9 35 f9 ff ff 48 c7 c1 80 44 5d a0 80 e1 07 80 c1 03 38 c1
00021  lnet(O)
00021 RSP: 0018:ffffc90003e77850 EFLAGS: 00010246
00021  libcfs(O)
00021 
00021 RAX: 0000000000000000 RBX: ffff8881071d2400 RCX: 0000000000000046
00021 RDX: 0000000000000000 RSI: ffff8880474a2648 RDI: ffff888104af09e8
00021 
00021 RBP: ffff8881071d24e0 R08: ffffffff83a16803 R09: 1ffffffff0742d00
00021 R10: dffffc0000000000 R11: fffffbfff0742d01 R12: dffffc0000000000
00021 CPU: 3 UID: 0 PID: 1827 Comm: ll_ost00_005 Tainted: G        W  O        7.0.0-ktest-f55a92a-6330a45-20260730-dirty #1 PREEMPT 
00021 Tainted: [W]=WARN, [O]=OOT_MODULE
00021 Hardware name: QEMU Standard PC (Q35 + ICH9, 2009), BIOS 2025.11-3ubuntu7 03/31/2026
00021 RIP: 0010:osd_create+0xbf7/0x1000 [osd_wbcfs]
00021 Code: c7 c7 60 a1 7b a1 48 c7 c6 00 63 7d a1 48 c7 c2 80 6c 7d a1 e8 0a ec 43 ff 48 c7 c7 60 a1 7b a1 e8 fe 7b 44 ff e9 9c fb ff ff <0f> 0b e9 35 f9 ff ff 48 c7 c1 80 44 5d a0 80 e1 07 80 c1 03 38 c1
00021 RSP: 0018:ffffc90007d87850 EFLAGS: 00010246
00021 RAX: 0000000000000000 RBX: ffff888134329c00 RCX: 0000000000000046
00021 RDX: 0000000000000000 RSI: ffff88802cff5f08 RDI: ffff88802d23cb68
00021 RBP: ffff888134329ce0 R08: ffffffff83a16803 R09: 1ffffffff0742d00
00021 R10: dffffc0000000000 R11: fffffbfff0742d01 R12: dffffc0000000000
00021 R13: 1ffff1100166f042 R14: ffff88802d23c960 R15: ffff88802cff5e78
00021  ? ptlrpc_start_thread+0x1f10/0x1f10 [ptlrpc]
00021 FS:  0000000000000000(0000) GS:ffff8881d4baa000(0000) knlGS:0000000000000000
00021 CS:  0010 DS: 0000 ES: 0000 CR0: 0000000080050033
00021 CR2: 00007f8944000740 CR3: 000000011a5bc000 CR4: 0000000000750eb0
00021  mdd(O) lod(O) mdt(O) lquota(O) lfsck(O) mgs(O) osd_wbcfs(O) lustre(O) obdecho(O) mgc(O) mdc(O) lov(O) osc(O) lmv(O) ec(O) fid(O) fld(O) ptlrpc(O) efivarfs obdclass(O) ksocklnd(O) lnet(O) libcfs(O)
00021 CPU: 2 UID: 0 PID: 1776 Comm: ll_ost00_001 Tainted: G        W  O        7.0.0-ktest-f55a92a-6330a45-20260730-dirty #1 PREEMPT 
00021 Tainted: [W]=WARN, [O]=OOT_MODULE
00021 Hardware name: QEMU Standard PC (Q35 + ICH9, 2009), BIOS 2025.11-3ubuntu7 03/31/2026
00021 RIP: 0010:osd_create+0xbf7/0x1000 [osd_wbcfs]
00021 Code: c7 c7 60 a1 7b a1 48 c7 c6 00 63 7d a1 48 c7 c2 80 6c 7d a1 e8 0a ec 43 ff 48 c7 c7 60 a1 7b a1 e8 fe 7b 44 ff e9 9c fb ff ff <0f> 0b e9 35 f9 ff ff 48 c7 c1 80 44 5d a0 80 e1 07 80 c1 03 38 c1
00021 R13: 1ffff11020950f42 R14: ffff888104af07e0 R15: ffff8880474a25b8
00021 FS:  0000000000000000(0000) GS:ffff8881d4aaa000(0000) knlGS:0000000000000000
00021 RSP: 0018:ffffc90002277850 EFLAGS: 00010246
00021 RAX: 0000000000000000 RBX: ffff888135ac4400 RCX: 0000000000000046
00021 RDX: 0000000000000000 RSI: ffff8880474a57f0 RDI: ffff888104af2aa8
00021 RBP: ffff888135ac44e0 R08: ffffffff83a16803 R09: 1ffffffff0742d00
00021 R10: dffffc0000000000 R11: fffffbfff0742d01 R12: dffffc0000000000
00021 R13: 1ffff11003640442 R14: ffff888104af28a0 R15: ffff8880474a5760
00021 FS:  0000000000000000(0000) GS:ffff8881d4b2a000(0000) knlGS:0000000000000000
00021 CS:  0010 DS: 0000 ES: 0000 CR0: 0000000080050033
00021 CR2: 000055b460f50dc0 CR3: 000000011a5bc000 CR4: 0000000000750eb0
00021  ? kthread_unuse_mm+0x130/0x130
00021 PKRU: 55555554
00021 Call Trace:
00021  ret_from_fork+0x18c/0x520
00021  <TASK>
00021  ? kthread_unuse_mm+0x130/0x130
00021  ret_from_fork_asm+0x11/0x20
00021  </TASK>
00021 ---[ end trace 0000000000000000 ]---
00021  ofd_precreate_objects+0x1bd8/0x3220 [ofd]
00021 ------------[ cut here ]------------
00021 WARNING: /home/ktest/git/linux/include/linux/fs.h:889 at osd_create+0xbf7/0x1000 [osd_wbcfs], CPU#0: ll_ost00_000/1775
00021 Modules linked in: ofd(O) osp(O) mdd(O) lod(O) mdt(O) lquota(O) lfsck(O) mgs(O) osd_wbcfs(O) lustre(O) obdecho(O) mgc(O) mdc(O) lov(O) osc(O) lmv(O) ec(O) fid(O) fld(O) ptlrpc(O) efivarfs obdclass(O) ksocklnd(O) lnet(O) libcfs(O)
00021 CPU: 0 UID: 0 PID: 1775 Comm: ll_ost00_000 Tainted: G        W  O        7.0.0-ktest-f55a92a-6330a45-20260730-dirty #1 PREEMPT 
00021 Tainted: [W]=WARN, [O]=OOT_MODULE
00021 Hardware name: QEMU Standard PC (Q35 + ICH9, 2009), BIOS 2025.11-3ubuntu7 03/31/2026
00021  ofd_create_hdl+0x2015/0x3510 [ofd]
00021 RIP: 0010:osd_create+0xbf7/0x1000 [osd_wbcfs]
00021 Code: c7 c7 60 a1 7b a1 48 c7 c6 00 63 7d a1 48 c7 c2 80 6c 7d a1 e8 0a ec 43 ff 48 c7 c7 60 a1 7b a1 e8 fe 7b 44 ff e9 9c fb ff ff <0f> 0b e9 35 f9 ff ff 48 c7 c1 80 44 5d a0 80 e1 07 80 c1 03 38 c1
00021 RSP: 0018:ffffc90001f87850 EFLAGS: 00010246
00021 RAX: 0000000000000000 RBX: ffff88811c349c00 RCX: 0000000000000046
00021 RDX: 0000000000000000 RSI: ffff88800148ed38 RDI: ffff888104af4b68
00021 RBP: ffff88811c349ce0 R08: ffffffff83a16803 R09: 1ffffffff0742d00
00021 R10: dffffc0000000000 R11: fffffbfff0742d01 R12: dffffc0000000000
00021 R13: 1ffff11023612942 R14: ffff888104af4960 R15: ffff88800148eca8
00021 FS:  0000000000000000(0000) GS:ffff8881d4a2a000(0000) knlGS:0000000000000000
00021 CS:  0010 DS: 0000 ES: 0000 CR0: 0000000080050033
00021 CR2: 00007f5953805780 CR3: 000000011bf8c000 CR4: 0000000000750eb0
00021 PKRU: 55555554
00021 PKRU: 55555554
00021 Call Trace:
00021  <TASK>
00021 CS:  0010 DS: 0000 ES: 0000 CR0: 0000000080050033
00021  ofd_precreate_objects+0x1bd8/0x3220 [ofd]
00021  tgt_request_handle+0x23ad/0x3d30 [ptlrpc]
00021 Call Trace:
00021  ofd_create_hdl+0x2015/0x3510 [ofd]
00021 CR2: 000055b460f452d0 CR3: 000000013521f000 CR4: 0000000000750eb0
00021  <TASK>
00021  ptlrpc_main+0x6359/0x96f0 [ptlrpc]
00021 PKRU: 55555554
00021  ofd_precreate_objects+0x1bd8/0x3220 [ofd]
00021 Call Trace:
00021  ? __kthread_parkme+0x73/0x130
00021  ofd_create_hdl+0x2015/0x3510 [ofd]
00021  tgt_request_handle+0x23ad/0x3d30 [ptlrpc]
00021  <TASK>
00021  ofd_precreate_objects+0x1bd8/0x3220 [ofd]
00021  tgt_request_handle+0x23ad/0x3d30 [ptlrpc]
00021  kthread+0x2cd/0x3a0
00021  ofd_create_hdl+0x2015/0x3510 [ofd]
00021  ptlrpc_main+0x6359/0x96f0 [ptlrpc]
00021  ? ptlrpc_start_thread+0x1f10/0x1f10 [ptlrpc]
00021  tgt_request_handle+0x23ad/0x3d30 [ptlrpc]
00021  ? __kthread_parkme+0x73/0x130
00021  ptlrpc_main+0x6359/0x96f0 [ptlrpc]
00021  ? kthread_unuse_mm+0x130/0x130
00021  ptlrpc_main+0x6359/0x96f0 [ptlrpc]
00021  kthread+0x2cd/0x3a0
00021  ret_from_fork+0x18c/0x520
00021  ? __kthread_parkme+0x73/0x130
00021  kthread+0x2cd/0x3a0
00021  ? ptlrpc_start_thread+0x1f10/0x1f10 [ptlrpc]
00021  ? __kthread_parkme+0x73/0x130
00021  ? ptlrpc_start_thread+0x1f10/0x1f10 [ptlrpc]
00021  ? kthread_unuse_mm+0x130/0x130
00021  ret_from_fork+0x18c/0x520
00021  ? kthread_unuse_mm+0x130/0x130
00021  ret_from_fork_asm+0x11/0x20
00021  </TASK>
00021 ---[ end trace 0000000000000000 ]---
00021  ? kthread_unuse_mm+0x130/0x130
00021 ------------[ cut here ]------------
00021 WARNING: /home/ktest/git/linux/include/linux/fs.h:889 at osd_create+0xbf7/0x1000 [osd_wbcfs], CPU#0: ll_ost00_000/1775
00021 Modules linked in: ofd(O) osp(O) mdd(O) lod(O) mdt(O) lquota(O) lfsck(O) mgs(O) osd_wbcfs(O) lustre(O) obdecho(O) mgc(O) mdc(O) lov(O) osc(O) lmv(O) ec(O) fid(O) fld(O) ptlrpc(O) efivarfs obdclass(O) ksocklnd(O) lnet(O) libcfs(O)
00021 CPU: 0 UID: 0 PID: 1775 Comm: ll_ost00_000 Tainted: G        W  O        7.0.0-ktest-f55a92a-6330a45-20260730-dirty #1 PREEMPT 
00021 Tainted: [W]=WARN, [O]=OOT_MODULE
00021 Hardware name: QEMU Standard PC (Q35 + ICH9, 2009), BIOS 2025.11-3ubuntu7 03/31/2026
00021 RIP: 0010:osd_create+0xbf7/0x1000 [osd_wbcfs]
00021 Code: c7 c7 60 a1 7b a1 48 c7 c6 00 63 7d a1 48 c7 c2 80 6c 7d a1 e8 0a ec 43 ff 48 c7 c7 60 a1 7b a1 e8 fe 7b 44 ff e9 9c fb ff ff <0f> 0b e9 35 f9 ff ff 48 c7 c1 80 44 5d a0 80 e1 07 80 c1 03 38 c1
00021 RSP: 0018:ffffc90001f87850 EFLAGS: 00010246
00021 RAX: 0000000000000000 RBX: ffff88811c34b400 RCX: 0000000000000046
00021 RDX: 0000000000000000 RSI: ffff88800148e620 RDI: ffff888104af4b68
00021 RBP: ffff88811c34b4e0 R08: ffffffff83a16803 R09: 1ffffffff0742d00
00021 R10: dffffc0000000000 R11: fffffbfff0742d01 R12: dffffc0000000000
00021 R13: 1ffff11023612942 R14: ffff888104af4960 R15: ffff88800148e590
00021 FS:  0000000000000000(0000) GS:ffff8881d4a2a000(0000) knlGS:0000000000000000
00021 CS:  0010 DS: 0000 ES: 0000 CR0: 0000000080050033
00021 CR2: 00007f5953805780 CR3: 000000011bf8c000 CR4: 0000000000750eb0
00021 PKRU: 55555554
00021 Call Trace:
00021  <TASK>
00021  ? kthread_unuse_mm+0x130/0x130
00021  ret_from_fork+0x18c/0x520
00021  ? kthread_unuse_mm+0x130/0x130
00021  ret_from_fork_asm+0x11/0x20
00021  </TASK>
00021 ---[ end trace 0000000000000000 ]---
00021  ofd_precreate_objects+0x1bd8/0x3220 [ofd]
00021 ------------[ cut here ]------------
00021  ofd_create_hdl+0x2015/0x3510 [ofd]
00021 WARNING: /home/ktest/git/linux/include/linux/fs.h:889 at osd_create+0xbf7/0x1000 [osd_wbcfs], CPU#1: ll_ost00_002/1777
00021 Modules linked in: ofd(O) osp(O) mdd(O) lod(O) mdt(O) lquota(O) lfsck(O) mgs(O) osd_wbcfs(O) lustre(O) obdecho(O) mgc(O) mdc(O) lov(O) osc(O) lmv(O) ec(O) fid(O) fld(O) ptlrpc(O) efivarfs obdclass(O) ksocklnd(O) lnet(O) libcfs(O)
00021 CPU: 1 UID: 0 PID: 1777 Comm: ll_ost00_002 Tainted: G        W  O        7.0.0-ktest-f55a92a-6330a45-20260730-dirty #1 PREEMPT 
00021 Tainted: [W]=WARN, [O]=OOT_MODULE
00021 Hardware name: QEMU Standard PC (Q35 + ICH9, 2009), BIOS 2025.11-3ubuntu7 03/31/2026
00021 RIP: 0010:osd_create+0xbf7/0x1000 [osd_wbcfs]
00021  kthread+0x2cd/0x3a0
00021 Code: c7 c7 60 a1 7b a1 48 c7 c6 00 63 7d a1 48 c7 c2 80 6c 7d a1 e8 0a ec 43 ff 48 c7 c7 60 a1 7b a1 e8 fe 7b 44 ff e9 9c fb ff ff <0f> 0b e9 35 f9 ff ff 48 c7 c1 80 44 5d a0 80 e1 07 80 c1 03 38 c1
00021 RSP: 0018:ffffc90003e77850 EFLAGS: 00010246
00021 RAX: 0000000000000000 RBX: ffff8881049e1400 RCX: 0000000000000046
00021 RDX: 0000000000000000 RSI: ffff8880474a1f30 RDI: ffff888104af09e8
00021  tgt_request_handle+0x23ad/0x3d30 [ptlrpc]
00021  ? ptlrpc_start_thread+0x1f10/0x1f10 [ptlrpc]
00021  ret_from_fork_asm+0x11/0x20
00021  ? kthread_unuse_mm+0x130/0x130
00021  ret_from_fork+0x18c/0x520
00021  ? kthread_unuse_mm+0x130/0x130
00021  ret_from_fork_asm+0x11/0x20
00021  </TASK>
00021 ---[ end trace 0000000000000000 ]---
00021  ptlrpc_main+0x6359/0x96f0 [ptlrpc]
00021 RBP: ffff8881049e14e0 R08: ffffffff83a16803 R09: 1ffffffff0742d00
00021 R10: dffffc0000000000 R11: fffffbfff0742d01 R12: dffffc0000000000
00021 R13: 1ffff11020950f42 R14: ffff888104af07e0 R15: ffff8880474a1ea0
00021 FS:  0000000000000000(0000) GS:ffff8881d4aaa000(0000) knlGS:0000000000000000
00021 CS:  0010 DS: 0000 ES: 0000 CR0: 0000000080050033
00021 CR2: 000055b460f452d0 CR3: 000000013521f000 CR4: 0000000000750eb0
00021 PKRU: 55555554
00021 Call Trace:
00021  ? __kthread_parkme+0x73/0x130
00021  kthread+0x2cd/0x3a0
00021  ? ptlrpc_start_thread+0x1f10/0x1f10 [ptlrpc]
00021  </TASK>
00021  <TASK>
00021  ? kthread_unuse_mm+0x130/0x130
00021  ofd_precreate_objects+0x1bd8/0x3220 [ofd]
00021  ofd_create_hdl+0x2015/0x3510 [ofd]
00021 ---[ end trace 0000000000000000 ]---
00021  tgt_request_handle+0x23ad/0x3d30 [ptlrpc]
00021  ret_from_fork+0x18c/0x520
00021  ? kthread_unuse_mm+0x130/0x130
00021  ret_from_fork_asm+0x11/0x20
00021  </TASK>
00021  ptlrpc_main+0x6359/0x96f0 [ptlrpc]
00021 ------------[ cut here ]------------
00021  ? __kthread_parkme+0x73/0x130
00021  kthread+0x2cd/0x3a0
00021 ---[ end trace 0000000000000000 ]---
00021  ? ptlrpc_start_thread+0x1f10/0x1f10 [ptlrpc]
00021 ------------[ cut here ]------------
00021 WARNING: /home/ktest/git/linux/include/linux/fs.h:889 at osd_create+0xbf7/0x1000 [osd_wbcfs], CPU#2: ll_ost00_001/1776
00021 WARNING: /home/ktest/git/linux/include/linux/fs.h:889 at osd_create+0xbf7/0x1000 [osd_wbcfs], CPU#0: ll_ost00_000/1775
00021  ? kthread_unuse_mm+0x130/0x130
00021  ret_from_fork+0x18c/0x520
00021  ? kthread_unuse_mm+0x130/0x130
00021  ret_from_fork_asm+0x11/0x20
00021  </TASK>
00021 ---[ end trace 0000000000000000 ]---
00021 Modules linked in:
00021 Modules linked in: ofd(O) osp(O) mdd(O) lod(O) mdt(O) lquota(O) lfsck(O) mgs(O) osd_wbcfs(O) lustre(O) obdecho(O) mgc(O) mdc(O) lov(O) osc(O)
00021 Lustre: lustre-OST0001-osc-MDT0000: update sequence from 0x100010000 to 0x2c0000401
00021  ofd(O) osp(O) mdd(O) lod(O) mdt(O) lquota(O) lfsck(O) mgs(O) osd_wbcfs(O) lustre(O) obdecho(O) mgc(O) mdc(O) lov(O) osc(O) lmv(O) ec(O) fid(O) fld(O) ptlrpc(O) efivarfs obdclass(O) ksocklnd(O) lnet(O) libcfs(O)
00021 CPU: 2 UID: 0 PID: 1776 Comm: ll_ost00_001 Tainted: G        W  O        7.0.0-ktest-f55a92a-6330a45-20260730-dirty #1 PREEMPT 
00021 Tainted: [W]=WARN, [O]=OOT_MODULE
00021 Hardware name: QEMU Standard PC (Q35 + ICH9, 2009), BIOS 2025.11-3ubuntu7 03/31/2026
00021 RIP: 0010:osd_create+0xbf7/0x1000 [osd_wbcfs]
00021 Code: c7 c7 60 a1 7b a1 48 c7 c6 00 63 7d a1 48 c7 c2 80 6c 7d a1 e8 0a ec 43 ff 48 c7 c7 60 a1 7b a1 e8 fe 7b 44 ff e9 9c fb ff ff <0f> 0b e9 35 f9 ff ff 48 c7 c1 80 44 5d a0 80 e1 07 80 c1 03 38 c1
00021 RSP: 0018:ffffc90002277850 EFLAGS: 00010246
00021 RAX: 0000000000000000 RBX: ffff888133d01c00 RCX: 0000000000000046
00021 RDX: 0000000000000000 RSI: ffff8880751750d8 RDI: ffff888104af2aa8
00021 RBP: ffff888133d01ce0 R08: ffffffff83a16803 R09: 1ffffffff0742d00
00021 R10: dffffc0000000000 R11: fffffbfff0742d01 R12: dffffc0000000000
00021 R13: 1ffff11003640442 R14: ffff888104af28a0 R15: ffff888075175048
00021 FS:  0000000000000000(0000) GS:ffff8881d4b2a000(0000) knlGS:0000000000000000
00021  lmv(O) ec(O)
00021 CS:  0010 DS: 0000 ES: 0000 CR0: 0000000080050033
00021 CR2: 000055b460f50dc0 CR3: 000000011a5bc000 CR4: 0000000000750eb0
00021 PKRU: 55555554
00021 Call Trace:
00021  <TASK>
00021  ofd_precreate_objects+0x1bd8/0x3220 [ofd]
00021  ofd_create_hdl+0x2015/0x3510 [ofd]
00021  fid(O) fld(O) ptlrpc(O) efivarfs obdclass(O) ksocklnd(O) lnet(O) libcfs(O)
00021 CPU: 0 UID: 0 PID: 1775 Comm: ll_ost00_000 Tainted: G        W  O        7.0.0-ktest-f55a92a-6330a45-20260730-dirty #1 PREEMPT 
00021 ------------[ cut here ]------------
00021 WARNING: /home/ktest/git/linux/include/linux/fs.h:889 at osd_create+0xbf7/0x1000 [osd_wbcfs], CPU#1: ll_ost00_002/1777
00021 Modules linked in: ofd(O) osp(O) mdd(O) lod(O) mdt(O) lquota(O) lfsck(O) mgs(O) osd_wbcfs(O) lustre(O) obdecho(O) mgc(O) mdc(O) lov(O) osc(O) lmv(O) ec(O) fid(O) fld(O) ptlrpc(O) efivarfs obdclass(O) ksocklnd(O) lnet(O) libcfs(O)
00021 CPU: 1 UID: 0 PID: 1777 Comm: ll_ost00_002 Tainted: G        W  O        7.0.0-ktest-f55a92a-6330a45-20260730-dirty #1 PREEMPT 
00021 Tainted: [W]=WARN, [O]=OOT_MODULE
00021 Hardware name: QEMU Standard PC (Q35 + ICH9, 2009), BIOS 2025.11-3ubuntu7 03/31/2026
00021 RIP: 0010:osd_create+0xbf7/0x1000 [osd_wbcfs]
00021 Code: c7 c7 60 a1 7b a1 48 c7 c6 00 63 7d a1 48 c7 c2 80 6c 7d a1 e8 0a ec 43 ff 48 c7 c7 60 a1 7b a1 e8 fe 7b 44 ff e9 9c fb ff ff <0f> 0b e9 35 f9 ff ff 48 c7 c1 80 44 5d a0 80 e1 07 80 c1 03 38 c1
00021 RSP: 0018:ffffc90003e77850 EFLAGS: 00010246
00021 RAX: 0000000000000000 RBX: ffff88811c849800 RCX: 0000000000000046
00021 RDX: 0000000000000000 RSI: ffff8880474a1818 RDI: ffff888104af09e8
00021 RBP: ffff88811c8498e0 R08: ffffffff83a16803 R09: 1ffffffff0742d00
00021 R10: dffffc0000000000 R11: fffffbfff0742d01 R12: dffffc0000000000
00021 Tainted: [W]=WARN, [O]=OOT_MODULE
00021  tgt_request_handle+0x23ad/0x3d30 [ptlrpc]
00021 R13: 1ffff11020950f42 R14: ffff888104af07e0 R15: ffff8880474a1788
00021 Hardware name: QEMU Standard PC (Q35 + ICH9, 2009), BIOS 2025.11-3ubuntu7 03/31/2026
00021 FS:  0000000000000000(0000) GS:ffff8881d4aaa000(0000) knlGS:0000000000000000
00021 RIP: 0010:osd_create+0xbf7/0x1000 [osd_wbcfs]
00021 Code: c7 c7 60 a1 7b a1 48 c7 c6 00 63 7d a1 48 c7 c2 80 6c 7d a1 e8 0a ec 43 ff 48 c7 c7 60 a1 7b a1 e8 fe 7b 44 ff e9 9c fb ff ff <0f> 0b e9 35 f9 ff ff 48 c7 c1 80 44 5d a0 80 e1 07 80 c1 03 38 c1
00021 RSP: 0018:ffffc90001f87850 EFLAGS: 00010246
00021 RAX: 0000000000000000 RBX: ffff88811c349000 RCX: 0000000000000046
00021 RDX: 0000000000000000 RSI: ffff88800148df08 RDI: ffff888104af4b68
00021 RBP: ffff88811c3490e0 R08: ffffffff83a16803 R09: 1ffffffff0742d00
00021 R10: dffffc0000000000 R11: fffffbfff0742d01 R12: dffffc0000000000
00021 R13: 1ffff11023612942 R14: ffff888104af4960 R15: ffff88800148de78
00021 FS:  0000000000000000(0000) GS:ffff8881d4a2a000(0000) knlGS:0000000000000000
00021 CS:  0010 DS: 0000 ES: 0000 CR0: 0000000080050033
00021 CR2: 00007f5953805780 CR3: 000000011bf8c000 CR4: 0000000000750eb0
00021 CS:  0010 DS: 0000 ES: 0000 CR0: 0000000080050033
00021 CR2: 000055b460f452d0 CR3: 000000013521f000 CR4: 0000000000750eb0
00021 PKRU: 55555554
00021 Call Trace:
00021 PKRU: 55555554
00021  <TASK>
00021 Call Trace:
00021  <TASK>
00021  ofd_precreate_objects+0x1bd8/0x3220 [ofd]
00021  ofd_precreate_objects+0x1bd8/0x3220 [ofd]
00021  ofd_create_hdl+0x2015/0x3510 [ofd]
00021  ptlrpc_main+0x6359/0x96f0 [ptlrpc]
00021  ofd_create_hdl+0x2015/0x3510 [ofd]
00021  tgt_request_handle+0x23ad/0x3d30 [ptlrpc]
00021  tgt_request_handle+0x23ad/0x3d30 [ptlrpc]
00021  ? __kthread_parkme+0x73/0x130
00021  kthread+0x2cd/0x3a0
00021  ptlrpc_main+0x6359/0x96f0 [ptlrpc]
00021  ptlrpc_main+0x6359/0x96f0 [ptlrpc]
00021  ? ptlrpc_start_thread+0x1f10/0x1f10 [ptlrpc]
00021  ? __kthread_parkme+0x73/0x130
00021  ? __kthread_parkme+0x73/0x130
00021  kthread+0x2cd/0x3a0
00021  kthread+0x2cd/0x3a0
00021  ? ptlrpc_start_thread+0x1f10/0x1f10 [ptlrpc]
00021  ? ptlrpc_start_thread+0x1f10/0x1f10 [ptlrpc]
00021  ? kthread_unuse_mm+0x130/0x130
00021  ret_from_fork+0x18c/0x520
00021  ? kthread_unuse_mm+0x130/0x130
00021  ret_from_fork+0x18c/0x520
00021  ? kthread_unuse_mm+0x130/0x130
00021  ret_from_fork_asm+0x11/0x20
00021  </TASK>
00021 ---[ end trace 0000000000000000 ]---
00021  ? kthread_unuse_mm+0x130/0x130
00021 ------------[ cut here ]------------
00021 WARNING: /home/ktest/git/linux/include/linux/fs.h:889 at osd_create+0xbf7/0x1000 [osd_wbcfs], CPU#2: ll_ost00_001/1776
00021 Modules linked in: ofd(O) osp(O) mdd(O) lod(O) mdt(O) lquota(O) lfsck(O) mgs(O) osd_wbcfs(O) lustre(O) obdecho(O) mgc(O) mdc(O) lov(O) osc(O) lmv(O) ec(O) fid(O) fld(O) ptlrpc(O) efivarfs
00021  ? kthread_unuse_mm+0x130/0x130
00021  obdclass(O) ksocklnd(O) lnet(O) libcfs(O)
00021 CPU: 2 UID: 0 PID: 1776 Comm: ll_ost00_001 Tainted: G        W  O        7.0.0-ktest-f55a92a-6330a45-20260730-dirty #1 PREEMPT 
00021 Tainted: [W]=WARN, [O]=OOT_MODULE
00021 Hardware name: QEMU Standard PC (Q35 + ICH9, 2009), BIOS 2025.11-3ubuntu7 03/31/2026
00021 RIP: 0010:osd_create+0xbf7/0x1000 [osd_wbcfs]
00021 Code: c7 c7 60 a1 7b a1 48 c7 c6 00 63 7d a1 48 c7 c2 80 6c 7d a1 e8 0a ec 43 ff 48 c7 c7 60 a1 7b a1 e8 fe 7b 44 ff e9 9c fb ff ff <0f> 0b e9 35 f9 ff ff 48 c7 c1 80 44 5d a0 80 e1 07 80 c1 03 38 c1
00021 RSP: 0018:ffffc90002277850 EFLAGS: 00010246
00021 RAX: 0000000000000000 RBX: ffff88811c342c00 RCX: 0000000000000046
00021 RDX: 0000000000000000 RSI: ffff8880751749c0 RDI: ffff888104af2aa8
00021 RBP: ffff88811c342ce0 R08: ffffffff83a16803 R09: 1ffffffff0742d00
00021 R10: dffffc0000000000 R11: fffffbfff0742d01 R12: dffffc0000000000
00021 R13: 1ffff11003640442 R14: ffff888104af28a0 R15: ffff888075174930
00021 FS:  0000000000000000(0000) GS:ffff8881d4b2a000(0000) knlGS:0000000000000000
00021  ret_from_fork+0x18c/0x520
00021 CS:  0010 DS: 0000 ES: 0000 CR0: 0000000080050033
00021 CR2: 000055b460f50dc0 CR3: 000000011a5bc000 CR4: 0000000000750eb0
00021 PKRU: 55555554
00021 Call Trace:
00021  <TASK>
00021  ofd_precreate_objects+0x1bd8/0x3220 [ofd]
00021  ret_from_fork_asm+0x11/0x20
00021  ofd_create_hdl+0x2015/0x3510 [ofd]
00021  ? kthread_unuse_mm+0x130/0x130
00021  </TASK>
00021  ret_from_fork_asm+0x11/0x20
00021  tgt_request_handle+0x23ad/0x3d30 [ptlrpc]
00021 ---[ end trace 0000000000000000 ]---
00021  </TASK>
00021 ------------[ cut here ]------------
00021  ptlrpc_main+0x6359/0x96f0 [ptlrpc]
00021 ---[ end trace 0000000000000000 ]---
00021 WARNING: /home/ktest/git/linux/include/linux/fs.h:889 at osd_create+0xbf7/0x1000 [osd_wbcfs], CPU#1: ll_ost00_002/1777
00021 Modules linked in: ofd(O) osp(O) mdd(O) lod(O) mdt(O) lquota(O) lfsck(O) mgs(O) osd_wbcfs(O) lustre(O) obdecho(O) mgc(O) mdc(O) lov(O) osc(O) lmv(O) ec(O) fid(O) fld(O) ptlrpc(O) efivarfs obdclass(O) ksocklnd(O) lnet(O) libcfs(O)
00021 CPU: 1 UID: 0 PID: 1777 Comm: ll_ost00_002 Tainted: G        W  O        7.0.0-ktest-f55a92a-6330a45-20260730-dirty #1 PREEMPT 
00021 ------------[ cut here ]------------
00021 WARNING: /home/ktest/git/linux/include/linux/fs.h:889 at osd_create+0xbf7/0x1000 [osd_wbcfs], CPU#0: ll_ost00_004/1819
00021 Tainted: [W]=WARN, [O]=OOT_MODULE
00021  ? __kthread_parkme+0x73/0x130
00021  kthread+0x2cd/0x3a0
00021 Modules linked in:
00021  ? ptlrpc_start_thread+0x1f10/0x1f10 [ptlrpc]
00021 Hardware name: QEMU Standard PC (Q35 + ICH9, 2009), BIOS 2025.11-3ubuntu7 03/31/2026
00021  ofd(O)
00021  ? kthread_unuse_mm+0x130/0x130
00021  ret_from_fork+0x18c/0x520
00021  ? kthread_unuse_mm+0x130/0x130
00021  ret_from_fork_asm+0x11/0x20
00021 RIP: 0010:osd_create+0xbf7/0x1000 [osd_wbcfs]
00021  </TASK>
00021 ---[ end trace 0000000000000000 ]---
00021  osp(O)
00021 ------------[ cut here ]------------
00021 Code: c7 c7 60 a1 7b a1 48 c7 c6 00 63 7d a1 48 c7 c2 80 6c 7d a1 e8 0a ec 43 ff 48 c7 c7 60 a1 7b a1 e8 fe 7b 44 ff e9 9c fb ff ff <0f> 0b e9 35 f9 ff ff 48 c7 c1 80 44 5d a0 80 e1 07 80 c1 03 38 c1
00021 WARNING: /home/ktest/git/linux/include/linux/fs.h:889 at osd_create+0xbf7/0x1000 [osd_wbcfs], CPU#2: ll_ost00_001/1776
00021 Modules linked in: ofd(O) osp(O) mdd(O) lod(O) mdt(O) lquota(O) lfsck(O) mgs(O) osd_wbcfs(O) lustre(O) obdecho(O) mgc(O) mdc(O) lov(O) osc(O) lmv(O) ec(O) fid(O) fld(O) ptlrpc(O) efivarfs obdclass(O) ksocklnd(O) lnet(O) libcfs(O)
00021 CPU: 2 UID: 0 PID: 1776 Comm: ll_ost00_001 Tainted: G        W  O        7.0.0-ktest-f55a92a-6330a45-20260730-dirty #1 PREEMPT 
00021 Tainted: [W]=WARN, [O]=OOT_MODULE
00021 Hardware name: QEMU Standard PC (Q35 + ICH9, 2009), BIOS 2025.11-3ubuntu7 03/31/2026
00021 RIP: 0010:osd_create+0xbf7/0x1000 [osd_wbcfs]
00021 Code: c7 c7 60 a1 7b a1 48 c7 c6 00 63 7d a1 48 c7 c2 80 6c 7d a1 e8 0a ec 43 ff 48 c7 c7 60 a1 7b a1 e8 fe 7b 44 ff e9 9c fb ff ff <0f> 0b e9 35 f9 ff ff 48 c7 c1 80 44 5d a0 80 e1 07 80 c1 03 38 c1
00021 RSP: 0018:ffffc90002277850 EFLAGS: 00010246
00021  mdd(O)
00021 
00021 RAX: 0000000000000000 RBX: ffff88811c342400 RCX: 0000000000000046
00021 RDX: 0000000000000000 RSI: ffff8880751742a8 RDI: ffff888104af2aa8
00021 RBP: ffff88811c3424e0 R08: ffffffff83a16803 R09: 1ffffffff0742d00
00021 R10: dffffc0000000000 R11: fffffbfff0742d01 R12: dffffc0000000000
00021 R13: 1ffff11003640442 R14: ffff888104af28a0 R15: ffff888075174218
00021 FS:  0000000000000000(0000) GS:ffff8881d4b2a000(0000) knlGS:0000000000000000
00021 CS:  0010 DS: 0000 ES: 0000 CR0: 0000000080050033
00021 CR2: 000055b460f50dc0 CR3: 000000011a5bc000 CR4: 0000000000750eb0
00021 RSP: 0018:ffffc90003e77850 EFLAGS: 00010246
00021 PKRU: 55555554
00021 Call Trace:
00021  <TASK>
00021  lod(O)
00021  ofd_precreate_objects+0x1bd8/0x3220 [ofd]
00021  ofd_create_hdl+0x2015/0x3510 [ofd]
00021 
00021  mdt(O)
00021 RAX: 0000000000000000 RBX: ffff88811c84bc00 RCX: 0000000000000046
00021  lquota(O)
00021  tgt_request_handle+0x23ad/0x3d30 [ptlrpc]
00021 RDX: 0000000000000000 RSI: ffff8880474a1100 RDI: ffff888104af09e8
00021  lfsck(O)
00021 RBP: ffff88811c84bce0 R08: ffffffff83a16803 R09: 1ffffffff0742d00
00021  mgs(O)
00021  ptlrpc_main+0x6359/0x96f0 [ptlrpc]
00021 R10: dffffc0000000000 R11: fffffbfff0742d01 R12: dffffc0000000000
00021  ? __kthread_parkme+0x73/0x130
00021  kthread+0x2cd/0x3a0
00021  osd_wbcfs(O)
00021  ? ptlrpc_start_thread+0x1f10/0x1f10 [ptlrpc]
00021  ? kthread_unuse_mm+0x130/0x130
00021  ret_from_fork+0x18c/0x520
00021 R13: 1ffff11020950f42 R14: ffff888104af07e0 R15: ffff8880474a1070
00021  ? kthread_unuse_mm+0x130/0x130
00021  ret_from_fork_asm+0x11/0x20
00021  lustre(O)
00021  </TASK>
00021 ---[ end trace 0000000000000000 ]---
00021 ------------[ cut here ]------------
00021 WARNING: /home/ktest/git/linux/include/linux/fs.h:889 at osd_create+0xbf7/0x1000 [osd_wbcfs], CPU#2: ll_ost00_001/1776
00021 Modules linked in: ofd(O) osp(O) mdd(O) lod(O) mdt(O)
00021 FS:  0000000000000000(0000) GS:ffff8881d4aaa000(0000) knlGS:0000000000000000
00021  lquota(O) lfsck(O) mgs(O) osd_wbcfs(O) lustre(O) obdecho(O) mgc(O) mdc(O) lov(O) osc(O) lmv(O) ec(O) fid(O) fld(O) ptlrpc(O) efivarfs obdclass(O) ksocklnd(O) lnet(O) libcfs(O)
00021 CPU: 2 UID: 0 PID: 1776 Comm: ll_ost00_001 Tainted: G        W  O        7.0.0-ktest-f55a92a-6330a45-20260730-dirty #1 PREEMPT 
00021 Tainted: [W]=WARN, [O]=OOT_MODULE
00021 Hardware name: QEMU Standard PC (Q35 + ICH9, 2009), BIOS 2025.11-3ubuntu7 03/31/2026
00021 RIP: 0010:osd_create+0xbf7/0x1000 [osd_wbcfs]
00021  obdecho(O)
00021 Code: c7 c7 60 a1 7b a1 48 c7 c6 00 63 7d a1 48 c7 c2 80 6c 7d a1 e8 0a ec 43 ff 48 c7 c7 60 a1 7b a1 e8 fe 7b 44 ff e9 9c fb ff ff <0f> 0b e9 35 f9 ff ff 48 c7 c1 80 44 5d a0 80 e1 07 80 c1 03 38 c1
00021 RSP: 0018:ffffc90002277850 EFLAGS: 00010246
00021 RAX: 0000000000000000 RBX: ffff88811c342800 RCX: 0000000000000046
00021 RDX: 0000000000000000 RSI: ffff888075173b90 RDI: ffff888104af2aa8
00021 RBP: ffff88811c3428e0 R08: ffffffff83a16803 R09: 1ffffffff0742d00
00021 R10: dffffc0000000000 R11: fffffbfff0742d01 R12: dffffc0000000000
00021 R13: 1ffff11003640442 R14: ffff888104af28a0 R15: ffff888075173b00
00021 FS:  0000000000000000(0000) GS:ffff8881d4b2a000(0000) knlGS:0000000000000000
00021 CS:  0010 DS: 0000 ES: 0000 CR0: 0000000080050033
00021 CR2: 000055b460f50dc0 CR3: 000000011a5bc000 CR4: 0000000000750eb0
00021 PKRU: 55555554
00021 Call Trace:
00021  <TASK>
00021  ofd_precreate_objects+0x1bd8/0x3220 [ofd]
00021  ofd_create_hdl+0x2015/0x3510 [ofd]
00021 CS:  0010 DS: 0000 ES: 0000 CR0: 0000000080050033
00021  mgc(O)
00021  tgt_request_handle+0x23ad/0x3d30 [ptlrpc]
00021 CR2: 000055b460f452d0 CR3: 000000013521f000 CR4: 0000000000750eb0
00021  mdc(O)
00021 PKRU: 55555554
00021  ptlrpc_main+0x6359/0x96f0 [ptlrpc]
00021  lov(O)
00021 Call Trace:
00021  ? __kthread_parkme+0x73/0x130
00021  kthread+0x2cd/0x3a0
00021  osc(O)
00021  ? ptlrpc_start_thread+0x1f10/0x1f10 [ptlrpc]
00021  <TASK>
00021  ? kthread_unuse_mm+0x130/0x130
00021  ret_from_fork+0x18c/0x520
00021  ? kthread_unuse_mm+0x130/0x130
00021  lmv(O)
00021  ret_from_fork_asm+0x11/0x20
00021  </TASK>
00021 ---[ end trace 0000000000000000 ]---
00021  ofd_precreate_objects+0x1bd8/0x3220 [ofd]
00021 ------------[ cut here ]------------
00021  ofd_create_hdl+0x2015/0x3510 [ofd]
00021  tgt_request_handle+0x23ad/0x3d30 [ptlrpc]
00021  ec(O) fid(O) fld(O) ptlrpc(O) efivarfs obdclass(O) ksocklnd(O) lnet(O) libcfs(O)
00021 CPU: 0 UID: 0 PID: 1819 Comm: ll_ost00_004 Tainted: G        W  O        7.0.0-ktest-f55a92a-6330a45-20260730-dirty #1 PREEMPT 
00021 Tainted: [W]=WARN, [O]=OOT_MODULE
00021 Hardware name: QEMU Standard PC (Q35 + ICH9, 2009), BIOS 2025.11-3ubuntu7 03/31/2026
00021 RIP: 0010:osd_create+0xbf7/0x1000 [osd_wbcfs]
00021 WARNING: /home/ktest/git/linux/include/linux/fs.h:889 at osd_create+0xbf7/0x1000 [osd_wbcfs], CPU#2: ll_ost00_001/1776
00021  ptlrpc_main+0x6359/0x96f0 [ptlrpc]
00021 Code: c7 c7 60 a1 7b a1 48 c7 c6 00 63 7d a1 48 c7 c2 80 6c 7d a1 e8 0a ec 43 ff 48 c7 c7 60 a1 7b a1 e8 fe 7b 44 ff e9 9c fb ff ff <0f> 0b e9 35 f9 ff ff 48 c7 c1 80 44 5d a0 80 e1 07 80 c1 03 38 c1
00021 RSP: 0018:ffffc90007d97898 EFLAGS: 00010246
00021 RAX: 0000000000000000 RBX: ffff888134441c00 RCX: 0000000000000046
00021 RDX: 0000000000000000 RSI: ffff88800148d7f0 RDI: ffff888133c9aa80
00021 RBP: ffff888134441ce0 R08: ffffffff83a16803 R09: 1ffffffff0742d00
00021 R10: dffffc0000000000 R11: fffffbfff0742d01 R12: dffffc0000000000
00021 R13: 1ffff11026952642 R14: ffff888133c9a8a0 R15: ffff88800148d760
00021 FS:  0000000000000000(0000) GS:ffff8881d4a2a000(0000) knlGS:0000000000000000
00021 CS:  0010 DS: 0000 ES: 0000 CR0: 0000000080050033
00021  ? __kthread_parkme+0x73/0x130
00021  kthread+0x2cd/0x3a0
00021 Modules linked in:
00021  ? ptlrpc_start_thread+0x1f10/0x1f10 [ptlrpc]
00021 CR2: 00007f5953805780 CR3: 000000011bf8c000 CR4: 0000000000750eb0
00021 PKRU: 55555554
00021 Call Trace:
00021  <TASK>
00021  dt_find_or_create+0x81a/0x1170 [obdclass]
00021  ofd(O)
00021  ofd_seq_load+0x605/0x1ac0 [ofd]
00021  ? ofd_create_hdl+0x4e0/0x3510 [ofd]
00021  ofd_create_hdl+0x778/0x3510 [ofd]
00021  ? kthread_unuse_mm+0x130/0x130
00021  ret_from_fork+0x18c/0x520
00021  ? kthread_unuse_mm+0x130/0x130
00021  ? lustre_pack_reply_flags+0x11f/0x3a0 [ptlrpc]
00021  osp(O)
00021  ret_from_fork_asm+0x11/0x20
00021  </TASK>
00021  tgt_request_handle+0x23ad/0x3d30 [ptlrpc]
00021  mdd(O)
00021 ---[ end trace 0000000000000000 ]---
00021 ------------[ cut here ]------------
00021  ptlrpc_main+0x6359/0x96f0 [ptlrpc]
00021  lod(O)
00021 WARNING: /home/ktest/git/linux/include/linux/fs.h:889 at osd_create+0xbf7/0x1000 [osd_wbcfs], CPU#1: ll_ost00_002/1777
00021  ? __kthread_parkme+0x73/0x130
00021 Modules linked in: ofd(O) osp(O) mdd(O) lod(O) mdt(O) lquota(O) lfsck(O) mgs(O) osd_wbcfs(O) lustre(O) obdecho(O) mgc(O)
00021  mdt(O) lquota(O) lfsck(O) mgs(O) osd_wbcfs(O) lustre(O) obdecho(O) mgc(O) mdc(O) lov(O)
00021  kthread+0x2cd/0x3a0
00021  osc(O) lmv(O) ec(O) fid(O) fld(O) ptlrpc(O) efivarfs obdclass(O) ksocklnd(O) lnet(O) libcfs(O)
00021 CPU: 2 UID: 0 PID: 1776 Comm: ll_ost00_001 Tainted: G        W  O        7.0.0-ktest-f55a92a-6330a45-20260730-dirty #1 PREEMPT 
00021 Tainted: [W]=WARN, [O]=OOT_MODULE
00021 Hardware name: QEMU Standard PC (Q35 + ICH9, 2009), BIOS 2025.11-3ubuntu7 03/31/2026
00021 RIP: 0010:osd_create+0xbf7/0x1000 [osd_wbcfs]
00021  mdc(O)
00021 Code: c7 c7 60 a1 7b a1 48 c7 c6 00 63 7d a1 48 c7 c2 80 6c 7d a1 e8 0a ec 43 ff 48 c7 c7 60 a1 7b a1 e8 fe 7b 44 ff e9 9c fb ff ff <0f> 0b e9 35 f9 ff ff 48 c7 c1 80 44 5d a0 80 e1 07 80 c1 03 38 c1
00021 RSP: 0018:ffffc90002277850 EFLAGS: 00010246
00021 RAX: 0000000000000000 RBX: ffff88811c340000 RCX: 0000000000000046
00021  ? ptlrpc_start_thread+0x1f10/0x1f10 [ptlrpc]
00021  ? kthread_unuse_mm+0x130/0x130
00021  ret_from_fork+0x18c/0x520
00021  ? kthread_unuse_mm+0x130/0x130
00021  ret_from_fork_asm+0x11/0x20
00021  </TASK>
00021 ---[ end trace 0000000000000000 ]---
00021  lov(O) osc(O) lmv(O) ec(O) fid(O) fld(O) ptlrpc(O) efivarfs obdclass(O) ksocklnd(O) lnet(O) libcfs(O)
00021 CPU: 1 UID: 0 PID: 1777 Comm: ll_ost00_002 Tainted: G        W  O        7.0.0-ktest-f55a92a-6330a45-20260730-dirty #1 PREEMPT 
00021 RDX: 0000000000000000 RSI: ffff888075173478 RDI: ffff888104af2aa8
00021 Tainted: [W]=WARN, [O]=OOT_MODULE
00021 Hardware name: QEMU Standard PC (Q35 + ICH9, 2009), BIOS 2025.11-3ubuntu7 03/31/2026
00021 RIP: 0010:osd_create+0xbf7/0x1000 [osd_wbcfs]
00021 RBP: ffff88811c3400e0 R08: ffffffff83a16803 R09: 1ffffffff0742d00
00021 Code: c7 c7 60 a1 7b a1 48 c7 c6 00 63 7d a1 48 c7 c2 80 6c 7d a1 e8 0a ec 43 ff 48 c7 c7 60 a1 7b a1 e8 fe 7b 44 ff e9 9c fb ff ff <0f> 0b e9 35 f9 ff ff 48 c7 c1 80 44 5d a0 80 e1 07 80 c1 03 38 c1
00021 RSP: 0018:ffffc90003e77850 EFLAGS: 00010246
00021 RAX: 0000000000000000 RBX: ffff888106eb9000 RCX: 0000000000000046
00021 RDX: 0000000000000000 RSI: ffff8880474a09e8 RDI: ffff888104af09e8
00021 RBP: ffff888106eb90e0 R08: ffffffff83a16803 R09: 1ffffffff0742d00
00021 R10: dffffc0000000000 R11: fffffbfff0742d01 R12: dffffc0000000000
00021 R13: 1ffff11020950f42 R14: ffff888104af07e0 R15: ffff8880474a0958
00021 FS:  0000000000000000(0000) GS:ffff8881d4aaa000(0000) knlGS:0000000000000000
00021 ------------[ cut here ]------------
00021 WARNING: /home/ktest/git/linux/include/linux/fs.h:889 at osd_create+0xbf7/0x1000 [osd_wbcfs], CPU#0: ll_ost00_004/1819
00021 Modules linked in: ofd(O) osp(O) mdd(O) lod(O) mdt(O) lquota(O) lfsck(O) mgs(O) osd_wbcfs(O) lustre(O) obdecho(O) mgc(O) mdc(O) lov(O) osc(O) lmv(O) ec(O) fid(O) fld(O) ptlrpc(O) efivarfs obdclass(O) ksocklnd(O) lnet(O) libcfs(O)
00021 CPU: 0 UID: 0 PID: 1819 Comm: ll_ost00_004 Tainted: G        W  O        7.0.0-ktest-f55a92a-6330a45-20260730-dirty #1 PREEMPT 
00021 Tainted: [W]=WARN, [O]=OOT_MODULE
00021 Hardware name: QEMU Standard PC (Q35 + ICH9, 2009), BIOS 2025.11-3ubuntu7 03/31/2026
00021 RIP: 0010:osd_create+0xbf7/0x1000 [osd_wbcfs]
00021 Code: c7 c7 60 a1 7b a1 48 c7 c6 00 63 7d a1 48 c7 c2 80 6c 7d a1 e8 0a ec 43 ff 48 c7 c7 60 a1 7b a1 e8 fe 7b 44 ff e9 9c fb ff ff <0f> 0b e9 35 f9 ff ff 48 c7 c1 80 44 5d a0 80 e1 07 80 c1 03 38 c1
00021 RSP: 0018:ffffc90007d97850 EFLAGS: 00010246
00021 R10: dffffc0000000000 R11: fffffbfff0742d01 R12: dffffc0000000000
00021 R13: 1ffff11003640442 R14: ffff888104af28a0 R15: ffff8880751733e8
00021 FS:  0000000000000000(0000) GS:ffff8881d4b2a000(0000) knlGS:0000000000000000
00021 CS:  0010 DS: 0000 ES: 0000 CR0: 0000000080050033
00021 CR2: 000055b460f50dc0 CR3: 000000011a5bc000 CR4: 0000000000750eb0
00021 PKRU: 55555554
00021 Call Trace:
00021  <TASK>
00021 CS:  0010 DS: 0000 ES: 0000 CR0: 0000000080050033
00021  ofd_precreate_objects+0x1bd8/0x3220 [ofd]
00021 RAX: 0000000000000000 RBX: ffff88811c351400 RCX: 0000000000000046
00021  ofd_create_hdl+0x2015/0x3510 [ofd]
00021 CR2: 000055b460f452d0 CR3: 000000013521f000 CR4: 0000000000750eb0
00021 RDX: 0000000000000000 RSI: ffff88800148d0d8 RDI: ffff888133c9aaa8
00021 PKRU: 55555554
00021 RBP: ffff88811c3514e0 R08: ffffffff83a16803 R09: 1ffffffff0742d00
00021 Call Trace:
00021  tgt_request_handle+0x23ad/0x3d30 [ptlrpc]
00021 R10: dffffc0000000000 R11: fffffbfff0742d01 R12: dffffc0000000000
00021  <TASK>
00021 R13: 1ffff11026952642 R14: ffff888133c9a8a0 R15: ffff88800148d048
00021  ptlrpc_main+0x6359/0x96f0 [ptlrpc]
00021  ofd_precreate_objects+0x1bd8/0x3220 [ofd]
00021 FS:  0000000000000000(0000) GS:ffff8881d4a2a000(0000) knlGS:0000000000000000
00021  ? __kthread_parkme+0x73/0x130
00021  kthread+0x2cd/0x3a0
00021  ofd_create_hdl+0x2015/0x3510 [ofd]
00021  ? ptlrpc_start_thread+0x1f10/0x1f10 [ptlrpc]
00021 CS:  0010 DS: 0000 ES: 0000 CR0: 0000000080050033
00021 CR2: 00007f5953805780 CR3: 000000011bf8c000 CR4: 0000000000750eb0
00021 PKRU: 55555554
00021 Call Trace:
00021  <TASK>
00021  tgt_request_handle+0x23ad/0x3d30 [ptlrpc]
00021  ofd_precreate_objects+0x1bd8/0x3220 [ofd]
00021  ? kthread_unuse_mm+0x130/0x130
00021  ret_from_fork+0x18c/0x520
00021  ? kthread_unuse_mm+0x130/0x130
00021  ofd_create_hdl+0x2015/0x3510 [ofd]
00021  tgt_request_handle+0x23ad/0x3d30 [ptlrpc]
00021  ptlrpc_main+0x6359/0x96f0 [ptlrpc]
00021  ret_from_fork_asm+0x11/0x20
00021  ptlrpc_main+0x6359/0x96f0 [ptlrpc]
00021  </TASK>
00021  ? __kthread_parkme+0x73/0x130
00021  ? __kthread_parkme+0x73/0x130
00021  kthread+0x2cd/0x3a0
00021 ---[ end trace 0000000000000000 ]---
00021  kthread+0x2cd/0x3a0
00021  ? ptlrpc_start_thread+0x1f10/0x1f10 [ptlrpc]
00021  ? ptlrpc_start_thread+0x1f10/0x1f10 [ptlrpc]
00021  ? kthread_unuse_mm+0x130/0x130
00021 ------------[ cut here ]------------
00021  ? kthread_unuse_mm+0x130/0x130
00021  ret_from_fork+0x18c/0x520
00021  ? kthread_unuse_mm+0x130/0x130
00021  ret_from_fork_asm+0x11/0x20
00021  </TASK>
00021 ---[ end trace 0000000000000000 ]---
00021 ------------[ cut here ]------------
00021  ret_from_fork+0x18c/0x520
00021 WARNING: /home/ktest/git/linux/include/linux/fs.h:889 at osd_create+0xbf7/0x1000 [osd_wbcfs], CPU#1: ll_ost00_002/1777
00021  ? kthread_unuse_mm+0x130/0x130
00021  ret_from_fork_asm+0x11/0x20
00021 Modules linked in:
00021  </TASK>
00021 ---[ end trace 0000000000000000 ]---
00021 WARNING: /home/ktest/git/linux/include/linux/fs.h:889 at osd_create+0xbf7/0x1000 [osd_wbcfs], CPU#2: ll_ost00_001/1776
00021  ofd(O) osp(O) mdd(O) lod(O) mdt(O) lquota(O) lfsck(O) mgs(O) osd_wbcfs(O) lustre(O) obdecho(O) mgc(O) mdc(O) lov(O) osc(O) lmv(O)
00021 Modules linked in:
00021  ec(O) fid(O) fld(O) ptlrpc(O) efivarfs obdclass(O) ksocklnd(O) lnet(O) libcfs(O)
00021 CPU: 1 UID: 0 PID: 1777 Comm: ll_ost00_002 Tainted: G        W  O        7.0.0-ktest-f55a92a-6330a45-20260730-dirty #1 PREEMPT 
00021 Tainted: [W]=WARN, [O]=OOT_MODULE
00021  ofd(O)
00021 ------------[ cut here ]------------
00021 WARNING: /home/ktest/git/linux/include/linux/fs.h:889 at osd_create+0xbf7/0x1000 [osd_wbcfs], CPU#0: ll_ost00_004/1819
00021 Modules linked in: ofd(O) osp(O) mdd(O) lod(O) mdt(O) lquota(O)
00021 Hardware name: QEMU Standard PC (Q35 + ICH9, 2009), BIOS 2025.11-3ubuntu7 03/31/2026
00021  lfsck(O) mgs(O) osd_wbcfs(O) lustre(O) obdecho(O) mgc(O) mdc(O) lov(O) osc(O) lmv(O)
00021 RIP: 0010:osd_create+0xbf7/0x1000 [osd_wbcfs]
00021  ec(O) fid(O) fld(O) ptlrpc(O)
00021 Code: c7 c7 60 a1 7b a1 48 c7 c6 00 63 7d a1 48 c7 c2 80 6c 7d a1 e8 0a ec 43 ff 48 c7 c7 60 a1 7b a1 e8 fe 7b 44 ff e9 9c fb ff ff <0f> 0b e9 35 f9 ff ff 48 c7 c1 80 44 5d a0 80 e1 07 80 c1 03 38 c1
00021 RSP: 0018:ffffc90003e77850 EFLAGS: 00010246
00021 RAX: 0000000000000000 RBX: ffff888106eb9800 RCX: 0000000000000046
00021 RDX: 0000000000000000 RSI: ffff8880474a02d0 RDI: ffff888104af09e8
00021 RBP: ffff888106eb98e0 R08: ffffffff83a16803 R09: 1ffffffff0742d00
00021 R10: dffffc0000000000 R11: fffffbfff0742d01 R12: dffffc0000000000
00021 R13: 1ffff11020950f42 R14: ffff888104af07e0 R15: ffff8880474a0240
00021 FS:  0000000000000000(0000) GS:ffff8881d4aaa000(0000) knlGS:0000000000000000
00021 CS:  0010 DS: 0000 ES: 0000 CR0: 0000000080050033
00021 CR2: 000055b460f452d0 CR3: 000000013521f000 CR4: 0000000000750eb0
00021 PKRU: 55555554
00021 Call Trace:
00021  <TASK>
00021  ofd_precreate_objects+0x1bd8/0x3220 [ofd]
00021  ofd_create_hdl+0x2015/0x3510 [ofd]
00021  osp(O)
00021  efivarfs obdclass(O)
00021  tgt_request_handle+0x23ad/0x3d30 [ptlrpc]
00021  ksocklnd(O) lnet(O) libcfs(O)
00021 CPU: 0 UID: 0 PID: 1819 Comm: ll_ost00_004 Tainted: G        W  O        7.0.0-ktest-f55a92a-6330a45-20260730-dirty #1 PREEMPT 
00021 Tainted: [W]=WARN, [O]=OOT_MODULE
00021 Hardware name: QEMU Standard PC (Q35 + ICH9, 2009), BIOS 2025.11-3ubuntu7 03/31/2026
00021 RIP: 0010:osd_create+0xbf7/0x1000 [osd_wbcfs]
00021  mdd(O)
00021  ptlrpc_main+0x6359/0x96f0 [ptlrpc]
00021  ? __kthread_parkme+0x73/0x130
00021  kthread+0x2cd/0x3a0
00021 Code: c7 c7 60 a1 7b a1 48 c7 c6 00 63 7d a1 48 c7 c2 80 6c 7d a1 e8 0a ec 43 ff 48 c7 c7 60 a1 7b a1 e8 fe 7b 44 ff e9 9c fb ff ff <0f> 0b e9 35 f9 ff ff 48 c7 c1 80 44 5d a0 80 e1 07 80 c1 03 38 c1
00021 RSP: 0018:ffffc90007d97850 EFLAGS: 00010246
00021 RAX: 0000000000000000 RBX: ffff88811c350400 RCX: 0000000000000046
00021 RDX: 0000000000000000 RSI: ffff88802e603478 RDI: ffff888133c9aaa8
00021 RBP: ffff88811c3504e0 R08: ffffffff83a16803 R09: 1ffffffff0742d00
00021 R10: dffffc0000000000 R11: fffffbfff0742d01 R12: dffffc0000000000
00021 R13: 1ffff11026952642 R14: ffff888133c9a8a0 R15: ffff88802e6033e8
00021 FS:  0000000000000000(0000) GS:ffff8881d4a2a000(0000) knlGS:0000000000000000
00021  lod(O)
00021  ? ptlrpc_start_thread+0x1f10/0x1f10 [ptlrpc]
00021 CS:  0010 DS: 0000 ES: 0000 CR0: 0000000080050033
00021 CR2: 00007f5953805780 CR3: 000000011bf8c000 CR4: 0000000000750eb0
00021 PKRU: 55555554
00021 Call Trace:
00021  <TASK>
00021  ? kthread_unuse_mm+0x130/0x130
00021  ofd_precreate_objects+0x1bd8/0x3220 [ofd]
00021  ofd_create_hdl+0x2015/0x3510 [ofd]
00021  mdt(O)
00021  tgt_request_handle+0x23ad/0x3d30 [ptlrpc]
00021  ret_from_fork+0x18c/0x520
00021  ? kthread_unuse_mm+0x130/0x130
00021  ret_from_fork_asm+0x11/0x20
00021  </TASK>
00021  lquota(O)
00021  ptlrpc_main+0x6359/0x96f0 [ptlrpc]
00021 ---[ end trace 0000000000000000 ]---
00021 ------------[ cut here ]------------
00021  ? __kthread_parkme+0x73/0x130
00021  kthread+0x2cd/0x3a0
00021  lfsck(O)
00021  ? ptlrpc_start_thread+0x1f10/0x1f10 [ptlrpc]
00021 WARNING: /home/ktest/git/linux/include/linux/fs.h:889 at osd_create+0xbf7/0x1000 [osd_wbcfs], CPU#1: ll_ost00_002/1777
00021  mgs(O)
00021  ? kthread_unuse_mm+0x130/0x130
00021  ret_from_fork+0x18c/0x520
00021  ? kthread_unuse_mm+0x130/0x130
00021  ret_from_fork_asm+0x11/0x20
00021  </TASK>
00021 ---[ end trace 0000000000000000 ]---
00021 Modules linked in: ofd(O) osp(O) mdd(O) lod(O) mdt(O) lquota(O) lfsck(O) mgs(O)
00021 ------------[ cut here ]------------
00021  osd_wbcfs(O)
00021  lustre(O) obdecho(O) mgc(O)
00021 WARNING: /home/ktest/git/linux/include/linux/fs.h:889 at osd_create+0xbf7/0x1000 [osd_wbcfs], CPU#0: ll_ost00_004/1819
00021 Modules linked in: ofd(O) osp(O) mdd(O) lod(O) mdt(O) lquota(O) lfsck(O) mgs(O) osd_wbcfs(O) lustre(O) obdecho(O) mgc(O) mdc(O) lov(O) osc(O) lmv(O) ec(O) fid(O) fld(O) ptlrpc(O) efivarfs obdclass(O) ksocklnd(O) lnet(O) libcfs(O)
00021 CPU: 0 UID: 0 PID: 1819 Comm: ll_ost00_004 Tainted: G        W  O        7.0.0-ktest-f55a92a-6330a45-20260730-dirty #1 PREEMPT 
00021 Tainted: [W]=WARN, [O]=OOT_MODULE
00021 Hardware name: QEMU Standard PC (Q35 + ICH9, 2009), BIOS 2025.11-3ubuntu7 03/31/2026
00021 RIP: 0010:osd_create+0xbf7/0x1000 [osd_wbcfs]
00021 Code: c7 c7 60 a1 7b a1 48 c7 c6 00 63 7d a1 48 c7 c2 80 6c 7d a1 e8 0a ec 43 ff 48 c7 c7 60 a1 7b a1 e8 fe 7b 44 ff e9 9c fb ff ff <0f> 0b e9 35 f9 ff ff 48 c7 c1 80 44 5d a0 80 e1 07 80 c1 03 38 c1
00021 RSP: 0018:ffffc90007d97850 EFLAGS: 00010246
00021 RAX: 0000000000000000 RBX: ffff88813325b800 RCX: 0000000000000046
00021 RDX: 0000000000000000 RSI: ffff88802e602d60 RDI: ffff888133c9aaa8
00021 RBP: ffff88813325b8e0 R08: ffffffff83a16803 R09: 1ffffffff0742d00
00021 R10: dffffc0000000000 R11: fffffbfff0742d01 R12: dffffc0000000000
00021 R13: 1ffff11026952642 R14: ffff888133c9a8a0 R15: ffff88802e602cd0
00021 FS:  0000000000000000(0000) GS:ffff8881d4a2a000(0000) knlGS:0000000000000000
00021 CS:  0010 DS: 0000 ES: 0000 CR0: 0000000080050033
00021 CR2: 00007f5953805780 CR3: 000000011bf8c000 CR4: 0000000000750eb0
00021 PKRU: 55555554
00021 Call Trace:
00021  <TASK>
00021  ofd_precreate_objects+0x1bd8/0x3220 [ofd]
00021  ofd_create_hdl+0x2015/0x3510 [ofd]
00021  osd_wbcfs(O)
00021  mdc(O) lov(O) osc(O) lmv(O) ec(O) fid(O) fld(O) ptlrpc(O) efivarfs obdclass(O) ksocklnd(O) lnet(O) libcfs(O)
00021 CPU: 1 UID: 0 PID: 1777 Comm: ll_ost00_002 Tainted: G        W  O        7.0.0-ktest-f55a92a-6330a45-20260730-dirty #1 PREEMPT 
00021  lustre(O)
00021 Tainted: [W]=WARN, [O]=OOT_MODULE
00021 Hardware name: QEMU Standard PC (Q35 + ICH9, 2009), BIOS 2025.11-3ubuntu7 03/31/2026
00021 RIP: 0010:osd_create+0xbf7/0x1000 [osd_wbcfs]
00021  tgt_request_handle+0x23ad/0x3d30 [ptlrpc]
00021  obdecho(O)
00021 Code: c7 c7 60 a1 7b a1 48 c7 c6 00 63 7d a1 48 c7 c2 80 6c 7d a1 e8 0a ec 43 ff 48 c7 c7 60 a1 7b a1 e8 fe 7b 44 ff e9 9c fb ff ff <0f> 0b e9 35 f9 ff ff 48 c7 c1 80 44 5d a0 80 e1 07 80 c1 03 38 c1
00021 RSP: 0018:ffffc90003e77850 EFLAGS: 00010246
00021 RAX: 0000000000000000 RBX: ffff888106eb9c00 RCX: 0000000000000046
00021 RDX: 0000000000000000 RSI: ffff8880474aa648 RDI: ffff888104af09e8
00021 RBP: ffff888106eb9ce0 R08: ffffffff83a16803 R09: 1ffffffff0742d00
00021 R10: dffffc0000000000 R11: fffffbfff0742d01 R12: dffffc0000000000
00021 R13: 1ffff11020950f42 R14: ffff888104af07e0 R15: ffff8880474aa5b8
00021 FS:  0000000000000000(0000) GS:ffff8881d4aaa000(0000) knlGS:0000000000000000
00021  mgc(O)
00021  ptlrpc_main+0x6359/0x96f0 [ptlrpc]
00021 CS:  0010 DS: 0000 ES: 0000 CR0: 0000000080050033
00021 CR2: 000055b460f452d0 CR3: 000000013521f000 CR4: 0000000000750eb0
00021 PKRU: 55555554
00021 Call Trace:
00021  <TASK>
00021  ofd_precreate_objects+0x1bd8/0x3220 [ofd]
00021  mdc(O) lov(O) osc(O) lmv(O) ec(O) fid(O) fld(O) ptlrpc(O) efivarfs obdclass(O) ksocklnd(O) lnet(O) libcfs(O)
00021 CPU: 2 UID: 0 PID: 1776 Comm: ll_ost00_001 Tainted: G        W  O        7.0.0-ktest-f55a92a-6330a45-20260730-dirty #1 PREEMPT 
00021 Tainted: [W]=WARN, [O]=OOT_MODULE
00021 Hardware name: QEMU Standard PC (Q35 + ICH9, 2009), BIOS 2025.11-3ubuntu7 03/31/2026
00021 RIP: 0010:osd_create+0xbf7/0x1000 [osd_wbcfs]
00021 Code: c7 c7 60 a1 7b a1 48 c7 c6 00 63 7d a1 48 c7 c2 80 6c 7d a1 e8 0a ec 43 ff 48 c7 c7 60 a1 7b a1 e8 fe 7b 44 ff e9 9c fb ff ff <0f> 0b e9 35 f9 ff ff 48 c7 c1 80 44 5d a0 80 e1 07 80 c1 03 38 c1
00021  ofd_create_hdl+0x2015/0x3510 [ofd]
00021  ? __kthread_parkme+0x73/0x130
00021 RSP: 0018:ffffc90002277850 EFLAGS: 00010246
00021  tgt_request_handle+0x23ad/0x3d30 [ptlrpc]
00021  kthread+0x2cd/0x3a0
00021  ? ptlrpc_start_thread+0x1f10/0x1f10 [ptlrpc]
00021 
00021 RAX: 0000000000000000 RBX: ffff88811c342000 RCX: 0000000000000046
00021  ptlrpc_main+0x6359/0x96f0 [ptlrpc]
00021  ? kthread_unuse_mm+0x130/0x130
00021  ret_from_fork+0x18c/0x520
00021  ? kthread_unuse_mm+0x130/0x130
00021  ret_from_fork_asm+0x11/0x20
00021 RDX: 0000000000000000 RSI: ffff888075172d60 RDI: ffff888104af2aa8
00021 RBP: ffff88811c3420e0 R08: ffffffff83a16803 R09: 1ffffffff0742d00
00021 R10: dffffc0000000000 R11: fffffbfff0742d01 R12: dffffc0000000000
00021 R13: 1ffff11003640442 R14: ffff888104af28a0 R15: ffff888075172cd0
00021 FS:  0000000000000000(0000) GS:ffff8881d4b2a000(0000) knlGS:0000000000000000
00021 CS:  0010 DS: 0000 ES: 0000 CR0: 0000000080050033
00021 CR2: 000055b460f50dc0 CR3: 000000011a5bc000 CR4: 0000000000750eb0
00021 PKRU: 55555554
00021 Call Trace:
00021  <TASK>
00021  </TASK>
00021  ofd_precreate_objects+0x1bd8/0x3220 [ofd]
00021  ofd_create_hdl+0x2015/0x3510 [ofd]
00021  ? __kthread_parkme+0x73/0x130
00021 ---[ end trace 0000000000000000 ]---
00021  kthread+0x2cd/0x3a0
00021 ------------[ cut here ]------------
00021  tgt_request_handle+0x23ad/0x3d30 [ptlrpc]
00021  ? ptlrpc_start_thread+0x1f10/0x1f10 [ptlrpc]
00021  ? kthread_unuse_mm+0x130/0x130
00021  ret_from_fork+0x18c/0x520
00021  ? kthread_unuse_mm+0x130/0x130
00021  ret_from_fork_asm+0x11/0x20
00021  </TASK>
00021 ---[ end trace 0000000000000000 ]---
00021 WARNING: /home/ktest/git/linux/include/linux/fs.h:889 at osd_create+0xbf7/0x1000 [osd_wbcfs], CPU#0: ll_ost00_004/1819
00021 ------------[ cut here ]------------
00021 Modules linked in: ofd(O) osp(O) mdd(O) lod(O) mdt(O) lquota(O) lfsck(O) mgs(O) osd_wbcfs(O) lustre(O) obdecho(O) mgc(O) mdc(O) lov(O) osc(O) lmv(O) ec(O) fid(O) fld(O) ptlrpc(O) efivarfs obdclass(O) ksocklnd(O) lnet(O) libcfs(O)
00021 CPU: 0 UID: 0 PID: 1819 Comm: ll_ost00_004 Tainted: G        W  O        7.0.0-ktest-f55a92a-6330a45-20260730-dirty #1 PREEMPT 
00021 Tainted: [W]=WARN, [O]=OOT_MODULE
00021 Hardware name: QEMU Standard PC (Q35 + ICH9, 2009), BIOS 2025.11-3ubuntu7 03/31/2026
00021 RIP: 0010:osd_create+0xbf7/0x1000 [osd_wbcfs]
00021 Code: c7 c7 60 a1 7b a1 48 c7 c6 00 63 7d a1 48 c7 c2 80 6c 7d a1 e8 0a ec 43 ff 48 c7 c7 60 a1 7b a1 e8 fe 7b 44 ff e9 9c fb ff ff <0f> 0b e9 35 f9 ff ff 48 c7 c1 80 44 5d a0 80 e1 07 80 c1 03 38 c1
00021 RSP: 0018:ffffc90007d97850 EFLAGS: 00010246
00021 RAX: 0000000000000000 RBX: ffff88813306c800 RCX: 0000000000000046
00021 RDX: 0000000000000000 RSI: ffff88802e602648 RDI: ffff888133c9aaa8
00021 RBP: ffff88813306c8e0 R08: ffffffff83a16803 R09: 1ffffffff0742d00
00021 R10: dffffc0000000000 R11: fffffbfff0742d01 R12: dffffc0000000000
00021 R13: 1ffff11026952642 R14: ffff888133c9a8a0 R15: ffff88802e6025b8
00021 FS:  0000000000000000(0000) GS:ffff8881d4a2a000(0000) knlGS:0000000000000000
00021 CS:  0010 DS: 0000 ES: 0000 CR0: 0000000080050033
00021 CR2: 00007f5953805780 CR3: 000000011bf8c000 CR4: 0000000000750eb0
00021 PKRU: 55555554
00021 Call Trace:
00021  <TASK>
00021  ofd_precreate_objects+0x1bd8/0x3220 [ofd]
00021  ofd_create_hdl+0x2015/0x3510 [ofd]
00021  tgt_request_handle+0x23ad/0x3d30 [ptlrpc]
00021  ptlrpc_main+0x6359/0x96f0 [ptlrpc]
00021 WARNING: /home/ktest/git/linux/include/linux/fs.h:889 at osd_create+0xbf7/0x1000 [osd_wbcfs], CPU#1: ll_ost00_002/1777
00021  ? __kthread_parkme+0x73/0x130
00021  ptlrpc_main+0x6359/0x96f0 [ptlrpc]
00021 Modules linked in: ofd(O) osp(O) mdd(O) lod(O) mdt(O) lquota(O) lfsck(O) mgs(O) osd_wbcfs(O) lustre(O) obdecho(O) mgc(O) mdc(O) lov(O) osc(O) lmv(O)
00021  ? __kthread_parkme+0x73/0x130
00021  kthread+0x2cd/0x3a0
00021  ? ptlrpc_start_thread+0x1f10/0x1f10 [ptlrpc]
00021  ? kthread_unuse_mm+0x130/0x130
00021  ret_from_fork+0x18c/0x520
00021  ? kthread_unuse_mm+0x130/0x130
00021  ret_from_fork_asm+0x11/0x20
00021  </TASK>
00021 ---[ end trace 0000000000000000 ]---
00021  ec(O)
00021 ------------[ cut here ]------------
00021 WARNING: /home/ktest/git/linux/include/linux/fs.h:889 at osd_create+0xbf7/0x1000 [osd_wbcfs], CPU#2: ll_ost00_001/1776
00021  kthread+0x2cd/0x3a0
00021 Modules linked in: ofd(O) osp(O) mdd(O) lod(O) mdt(O) lquota(O) lfsck(O) mgs(O) osd_wbcfs(O) lustre(O) obdecho(O) mgc(O) mdc(O) lov(O) osc(O) lmv(O) ec(O) fid(O) fld(O) ptlrpc(O) efivarfs obdclass(O) ksocklnd(O) lnet(O) libcfs(O)
00021 CPU: 2 UID: 0 PID: 1776 Comm: ll_ost00_001 Tainted: G        W  O        7.0.0-ktest-f55a92a-6330a45-20260730-dirty #1 PREEMPT 
00021 Tainted: [W]=WARN, [O]=OOT_MODULE
00021 Hardware name: QEMU Standard PC (Q35 + ICH9, 2009), BIOS 2025.11-3ubuntu7 03/31/2026
00021 RIP: 0010:osd_create+0xbf7/0x1000 [osd_wbcfs]
00021 Code: c7 c7 60 a1 7b a1 48 c7 c6 00 63 7d a1 48 c7 c2 80 6c 7d a1 e8 0a ec 43 ff 48 c7 c7 60 a1 7b a1 e8 fe 7b 44 ff e9 9c fb ff ff <0f> 0b e9 35 f9 ff ff 48 c7 c1 80 44 5d a0 80 e1 07 80 c1 03 38 c1
00021 RSP: 0018:ffffc90002277850 EFLAGS: 00010246
00021 RAX: 0000000000000000 RBX: ffff88811c341000 RCX: 0000000000000046
00021 RDX: 0000000000000000 RSI: ffff888075172648 RDI: ffff888104af2aa8
00021 RBP: ffff88811c3410e0 R08: ffffffff83a16803 R09: 1ffffffff0742d00
00021  fid(O)
00021 R10: dffffc0000000000 R11: fffffbfff0742d01 R12: dffffc0000000000
00021 R13: 1ffff11003640442 R14: ffff888104af28a0 R15: ffff8880751725b8
00021 FS:  0000000000000000(0000) GS:ffff8881d4b2a000(0000) knlGS:0000000000000000
00021 CS:  0010 DS: 0000 ES: 0000 CR0: 0000000080050033
00021 CR2: 000055b460f50dc0 CR3: 000000011a5bc000 CR4: 0000000000750eb0
00021 PKRU: 55555554
00021 Call Trace:
00021  <TASK>
00021  ofd_precreate_objects+0x1bd8/0x3220 [ofd]
00021  ofd_create_hdl+0x2015/0x3510 [ofd]
00021  ? ptlrpc_start_thread+0x1f10/0x1f10 [ptlrpc]
00021  fld(O) ptlrpc(O) efivarfs obdclass(O) ksocklnd(O) lnet(O) libcfs(O)
00021 CPU: 1 UID: 0 PID: 1777 Comm: ll_ost00_002 Tainted: G        W  O        7.0.0-ktest-f55a92a-6330a45-20260730-dirty #1 PREEMPT 
00021 Tainted: [W]=WARN, [O]=OOT_MODULE
00021 Hardware name: QEMU Standard PC (Q35 + ICH9, 2009), BIOS 2025.11-3ubuntu7 03/31/2026
00021 RIP: 0010:osd_create+0xbf7/0x1000 [osd_wbcfs]
00021  ? kthread_unuse_mm+0x130/0x130
00021  ret_from_fork+0x18c/0x520
00021  ? kthread_unuse_mm+0x130/0x130
00021  ret_from_fork_asm+0x11/0x20
00021  </TASK>
00021 ---[ end trace 0000000000000000 ]---
00021 ------------[ cut here ]------------
00021 WARNING: /home/ktest/git/linux/include/linux/fs.h:889 at osd_create+0xbf7/0x1000 [osd_wbcfs], CPU#0: ll_ost00_004/1819
00021 Code: c7 c7 60 a1 7b a1 48 c7 c6 00 63 7d a1 48 c7 c2 80 6c 7d a1 e8 0a ec 43 ff 48 c7 c7 60 a1 7b a1 e8 fe 7b 44 ff e9 9c fb ff ff <0f> 0b e9 35 f9 ff ff 48 c7 c1 80 44 5d a0 80 e1 07 80 c1 03 38 c1
00021  tgt_request_handle+0x23ad/0x3d30 [ptlrpc]
00021 Modules linked in:
00021 RSP: 0018:ffffc90003e77850 EFLAGS: 00010246
00021  ptlrpc_main+0x6359/0x96f0 [ptlrpc]
00021  ofd(O)
00021 
00021  osp(O)
00021  ? __kthread_parkme+0x73/0x130
00021 RAX: 0000000000000000 RBX: ffff888106eb8c00 RCX: 0000000000000046
00021  kthread+0x2cd/0x3a0
00021  mdd(O)
00021 RDX: 0000000000000000 RSI: ffff8880474a9f30 RDI: ffff888104af09e8
00021  ? ptlrpc_start_thread+0x1f10/0x1f10 [ptlrpc]
00021  lod(O)
00021 RBP: ffff888106eb8ce0 R08: ffffffff83a16803 R09: 1ffffffff0742d00
00021  ? kthread_unuse_mm+0x130/0x130
00021  ret_from_fork+0x18c/0x520
00021  ? kthread_unuse_mm+0x130/0x130
00021  ret_from_fork_asm+0x11/0x20
00021  </TASK>
00021 ---[ end trace 0000000000000000 ]---
00021  mdt(O)
00021 ------------[ cut here ]------------
00021 R10: dffffc0000000000 R11: fffffbfff0742d01 R12: dffffc0000000000
00021 WARNING: /home/ktest/git/linux/include/linux/fs.h:889 at osd_create+0xbf7/0x1000 [osd_wbcfs], CPU#2: ll_ost00_001/1776
00021 Modules linked in: ofd(O) osp(O) mdd(O) lod(O) mdt(O) lquota(O) lfsck(O) mgs(O) osd_wbcfs(O) lustre(O) obdecho(O) mgc(O) mdc(O) lov(O) osc(O) lmv(O) ec(O) fid(O) fld(O) ptlrpc(O) efivarfs obdclass(O) ksocklnd(O) lnet(O) libcfs(O)
00021 CPU: 2 UID: 0 PID: 1776 Comm: ll_ost00_001 Tainted: G        W  O        7.0.0-ktest-f55a92a-6330a45-20260730-dirty #1 PREEMPT 
00021  lquota(O)
00021 Tainted: [W]=WARN, [O]=OOT_MODULE
00021 Hardware name: QEMU Standard PC (Q35 + ICH9, 2009), BIOS 2025.11-3ubuntu7 03/31/2026
00021 RIP: 0010:osd_create+0xbf7/0x1000 [osd_wbcfs]
00021 R13: 1ffff11020950f42 R14: ffff888104af07e0 R15: ffff8880474a9ea0
00021 Code: c7 c7 60 a1 7b a1 48 c7 c6 00 63 7d a1 48 c7 c2 80 6c 7d a1 e8 0a ec 43 ff 48 c7 c7 60 a1 7b a1 e8 fe 7b 44 ff e9 9c fb ff ff <0f> 0b e9 35 f9 ff ff 48 c7 c1 80 44 5d a0 80 e1 07 80 c1 03 38 c1
00021 RSP: 0018:ffffc90002277850 EFLAGS: 00010246
00021 RAX: 0000000000000000 RBX: ffff88811c343400 RCX: 0000000000000046
00021 RDX: 0000000000000000 RSI: ffff888075171f30 RDI: ffff888104af2aa8
00021 RBP: ffff88811c3434e0 R08: ffffffff83a16803 R09: 1ffffffff0742d00
00021  lfsck(O)
00021 R10: dffffc0000000000 R11: fffffbfff0742d01 R12: dffffc0000000000
00021 R13: 1ffff11003640442 R14: ffff888104af28a0 R15: ffff888075171ea0
00021 FS:  0000000000000000(0000) GS:ffff8881d4b2a000(0000) knlGS:0000000000000000
00021 CS:  0010 DS: 0000 ES: 0000 CR0: 0000000080050033
00021 CR2: 000055b460f50dc0 CR3: 000000011a5bc000 CR4: 0000000000750eb0
00021 PKRU: 55555554
00021 Call Trace:
00021  <TASK>
00021 FS:  0000000000000000(0000) GS:ffff8881d4aaa000(0000) knlGS:0000000000000000
00021  ofd_precreate_objects+0x1bd8/0x3220 [ofd]
00021  ofd_create_hdl+0x2015/0x3510 [ofd]
00021  mgs(O)
00021 CS:  0010 DS: 0000 ES: 0000 CR0: 0000000080050033
00021  osd_wbcfs(O)
00021  tgt_request_handle+0x23ad/0x3d30 [ptlrpc]
00021 CR2: 000055b460f452d0 CR3: 000000013521f000 CR4: 0000000000750eb0
00021  ptlrpc_main+0x6359/0x96f0 [ptlrpc]
00021  lustre(O)
00021 PKRU: 55555554
00021  obdecho(O)
00021 Call Trace:
00021  ? __kthread_parkme+0x73/0x130
00021  kthread+0x2cd/0x3a0
00021  mgc(O)
00021  <TASK>
00021  mdc(O)
00021  ? ptlrpc_start_thread+0x1f10/0x1f10 [ptlrpc]
00021  ofd_precreate_objects+0x1bd8/0x3220 [ofd]
00021  lov(O)
00021  ? kthread_unuse_mm+0x130/0x130
00021  ret_from_fork+0x18c/0x520
00021  ? kthread_unuse_mm+0x130/0x130
00021  ret_from_fork_asm+0x11/0x20
00021  </TASK>
00021 ---[ end trace 0000000000000000 ]---
00021  ofd_create_hdl+0x2015/0x3510 [ofd]
00021 ------------[ cut here ]------------
00021 WARNING: /home/ktest/git/linux/include/linux/fs.h:889 at osd_create+0xbf7/0x1000 [osd_wbcfs], CPU#2: ll_ost00_001/1776
00021 Modules linked in: ofd(O) osp(O) mdd(O) lod(O) mdt(O) lquota(O) lfsck(O) mgs(O) osd_wbcfs(O) lustre(O) obdecho(O) mgc(O) mdc(O) lov(O) osc(O) lmv(O) ec(O) fid(O) fld(O) ptlrpc(O) efivarfs obdclass(O) ksocklnd(O) lnet(O) libcfs(O)
00021 CPU: 2 UID: 0 PID: 1776 Comm: ll_ost00_001 Tainted: G        W  O        7.0.0-ktest-f55a92a-6330a45-20260730-dirty #1 PREEMPT 
00021 Tainted: [W]=WARN, [O]=OOT_MODULE
00021 Hardware name: QEMU Standard PC (Q35 + ICH9, 2009), BIOS 2025.11-3ubuntu7 03/31/2026
00021 RIP: 0010:osd_create+0xbf7/0x1000 [osd_wbcfs]
00021 Code: c7 c7 60 a1 7b a1 48 c7 c6 00 63 7d a1 48 c7 c2 80 6c 7d a1 e8 0a ec 43 ff 48 c7 c7 60 a1 7b a1 e8 fe 7b 44 ff e9 9c fb ff ff <0f> 0b e9 35 f9 ff ff 48 c7 c1 80 44 5d a0 80 e1 07 80 c1 03 38 c1
00021 RSP: 0018:ffffc90002277850 EFLAGS: 00010246
00021 RAX: 0000000000000000 RBX: ffff88811c340c00 RCX: 0000000000000046
00021 RDX: 0000000000000000 RSI: ffff888075171818 RDI: ffff888104af2aa8
00021 RBP: ffff88811c340ce0 R08: ffffffff83a16803 R09: 1ffffffff0742d00
00021 R10: dffffc0000000000 R11: fffffbfff0742d01 R12: dffffc0000000000
00021 R13: 1ffff11003640442 R14: ffff888104af28a0 R15: ffff888075171788
00021 FS:  0000000000000000(0000) GS:ffff8881d4b2a000(0000) knlGS:0000000000000000
00021 CS:  0010 DS: 0000 ES: 0000 CR0: 0000000080050033
00021 CR2: 000055b460f50dc0 CR3: 000000011a5bc000 CR4: 0000000000750eb0
00021  osc(O)
00021 PKRU: 55555554
00021 Call Trace:
00021  <TASK>
00021  ofd_precreate_objects+0x1bd8/0x3220 [ofd]
00021  lmv(O) ec(O) fid(O) fld(O) ptlrpc(O) efivarfs obdclass(O) ksocklnd(O) lnet(O) libcfs(O)
00021 CPU: 0 UID: 0 PID: 1819 Comm: ll_ost00_004 Tainted: G        W  O        7.0.0-ktest-f55a92a-6330a45-20260730-dirty #1 PREEMPT 
00021 Tainted: [W]=WARN, [O]=OOT_MODULE
00021 Hardware name: QEMU Standard PC (Q35 + ICH9, 2009), BIOS 2025.11-3ubuntu7 03/31/2026
00021  tgt_request_handle+0x23ad/0x3d30 [ptlrpc]
00021  ofd_create_hdl+0x2015/0x3510 [ofd]
00021  ptlrpc_main+0x6359/0x96f0 [ptlrpc]
00021 RIP: 0010:osd_create+0xbf7/0x1000 [osd_wbcfs]
00021  ? __kthread_parkme+0x73/0x130
00021  kthread+0x2cd/0x3a0
00021  ? ptlrpc_start_thread+0x1f10/0x1f10 [ptlrpc]
00021 Code: c7 c7 60 a1 7b a1 48 c7 c6 00 63 7d a1 48 c7 c2 80 6c 7d a1 e8 0a ec 43 ff 48 c7 c7 60 a1 7b a1 e8 fe 7b 44 ff e9 9c fb ff ff <0f> 0b e9 35 f9 ff ff 48 c7 c1 80 44 5d a0 80 e1 07 80 c1 03 38 c1
00021  tgt_request_handle+0x23ad/0x3d30 [ptlrpc]
00021  ? kthread_unuse_mm+0x130/0x130
00021 RSP: 0018:ffffc90007d97850 EFLAGS: 00010246
00021  ret_from_fork+0x18c/0x520
00021  ptlrpc_main+0x6359/0x96f0 [ptlrpc]
00021  ? __kthread_parkme+0x73/0x130
00021  kthread+0x2cd/0x3a0
00021 
00021  ? ptlrpc_start_thread+0x1f10/0x1f10 [ptlrpc]
00021  ? kthread_unuse_mm+0x130/0x130
00021 RAX: 0000000000000000 RBX: ffff88813648a400 RCX: 0000000000000046
00021  ? kthread_unuse_mm+0x130/0x130
00021  ret_from_fork+0x18c/0x520
00021  ? kthread_unuse_mm+0x130/0x130
00021  ret_from_fork_asm+0x11/0x20
00021  </TASK>
00021 ---[ end trace 0000000000000000 ]---
00021 ------------[ cut here ]------------
00021  ret_from_fork_asm+0x11/0x20
00021 WARNING: /home/ktest/git/linux/include/linux/fs.h:889 at osd_create+0xbf7/0x1000 [osd_wbcfs], CPU#2: ll_ost00_001/1776
00021 Modules linked in: ofd(O) osp(O) mdd(O) lod(O) mdt(O) lquota(O) lfsck(O) mgs(O) osd_wbcfs(O) lustre(O) obdecho(O) mgc(O) mdc(O) lov(O) osc(O) lmv(O) ec(O) fid(O) fld(O) ptlrpc(O) efivarfs obdclass(O) ksocklnd(O) lnet(O) libcfs(O)
00021 CPU: 2 UID: 0 PID: 1776 Comm: ll_ost00_001 Tainted: G        W  O        7.0.0-ktest-f55a92a-6330a45-20260730-dirty #1 PREEMPT 
00021 Tainted: [W]=WARN, [O]=OOT_MODULE
00021 Hardware name: QEMU Standard PC (Q35 + ICH9, 2009), BIOS 2025.11-3ubuntu7 03/31/2026
00021 RIP: 0010:osd_create+0xbf7/0x1000 [osd_wbcfs]
00021 Code: c7 c7 60 a1 7b a1 48 c7 c6 00 63 7d a1 48 c7 c2 80 6c 7d a1 e8 0a ec 43 ff 48 c7 c7 60 a1 7b a1 e8 fe 7b 44 ff e9 9c fb ff ff <0f> 0b e9 35 f9 ff ff 48 c7 c1 80 44 5d a0 80 e1 07 80 c1 03 38 c1
00021 RDX: 0000000000000000 RSI: ffff88802e601f30 RDI: ffff888133c9aaa8
00021 RSP: 0018:ffffc90002277850 EFLAGS: 00010246
00021 RAX: 0000000000000000 RBX: ffff88811c343c00 RCX: 0000000000000046
00021 RDX: 0000000000000000 RSI: ffff888075171100 RDI: ffff888104af2aa8
00021 RBP: ffff88811c343ce0 R08: ffffffff83a16803 R09: 1ffffffff0742d00
00021 R10: dffffc0000000000 R11: fffffbfff0742d01 R12: dffffc0000000000
00021 R13: 1ffff11003640442 R14: ffff888104af28a0 R15: ffff888075171070
00021 FS:  0000000000000000(0000) GS:ffff8881d4b2a000(0000) knlGS:0000000000000000
00021 CS:  0010 DS: 0000 ES: 0000 CR0: 0000000080050033
00021 CR2: 000055b460f50dc0 CR3: 000000011a5bc000 CR4: 0000000000750eb0
00021 PKRU: 55555554
00021 Call Trace:
00021  <TASK>
00021  ofd_precreate_objects+0x1bd8/0x3220 [ofd]
00021  </TASK>
00021  ofd_create_hdl+0x2015/0x3510 [ofd]
00021 RBP: ffff88813648a4e0 R08: ffffffff83a16803 R09: 1ffffffff0742d00
00021  tgt_request_handle+0x23ad/0x3d30 [ptlrpc]
00021 ---[ end trace 0000000000000000 ]---
00021 R10: dffffc0000000000 R11: fffffbfff0742d01 R12: dffffc0000000000
00021  ptlrpc_main+0x6359/0x96f0 [ptlrpc]
00021 R13: 1ffff11026952642 R14: ffff888133c9a8a0 R15: ffff88802e601ea0
00021 FS:  0000000000000000(0000) GS:ffff8881d4a2a000(0000) knlGS:0000000000000000
00021 CS:  0010 DS: 0000 ES: 0000 CR0: 0000000080050033
00021 CR2: 00007f5953805780 CR3: 000000011bf8c000 CR4: 0000000000750eb0
00021 PKRU: 55555554
00021 Call Trace:
00021  <TASK>
00021  ofd_precreate_objects+0x1bd8/0x3220 [ofd]
00021  ? __kthread_parkme+0x73/0x130
00021  ofd_create_hdl+0x2015/0x3510 [ofd]
00021  kthread+0x2cd/0x3a0
00021  tgt_request_handle+0x23ad/0x3d30 [ptlrpc]
00021  ptlrpc_main+0x6359/0x96f0 [ptlrpc]
00021  ? ptlrpc_start_thread+0x1f10/0x1f10 [ptlrpc]
00021  ? __kthread_parkme+0x73/0x130
00021  ? kthread_unuse_mm+0x130/0x130
00021  kthread+0x2cd/0x3a0
00021  ? ptlrpc_start_thread+0x1f10/0x1f10 [ptlrpc]
00021  ret_from_fork+0x18c/0x520
00021  ? kthread_unuse_mm+0x130/0x130
00021  ret_from_fork+0x18c/0x520
00021  ? kthread_unuse_mm+0x130/0x130
00021  ? kthread_unuse_mm+0x130/0x130
00021  ret_from_fork_asm+0x11/0x20
00021  </TASK>
00021 ---[ end trace 0000000000000000 ]---
00021 ------------[ cut here ]------------
00021  ret_from_fork_asm+0x11/0x20
00021 WARNING: /home/ktest/git/linux/include/linux/fs.h:889 at osd_create+0xbf7/0x1000 [osd_wbcfs], CPU#0: ll_ost00_004/1819
00021  </TASK>
00021 Modules linked in: ofd(O) osp(O) mdd(O) lod(O) mdt(O) lquota(O) lfsck(O) mgs(O) osd_wbcfs(O) lustre(O) obdecho(O) mgc(O) mdc(O) lov(O) osc(O)
00021 ---[ end trace 0000000000000000 ]---
00021  lmv(O) ec(O) fid(O) fld(O) ptlrpc(O) efivarfs obdclass(O) ksocklnd(O) lnet(O) libcfs(O)
00021 CPU: 0 UID: 0 PID: 1819 Comm: ll_ost00_004 Tainted: G        W  O        7.0.0-ktest-f55a92a-6330a45-20260730-dirty #1 PREEMPT 
00021 Tainted: [W]=WARN, [O]=OOT_MODULE
00021 ------------[ cut here ]------------
00021 Hardware name: QEMU Standard PC (Q35 + ICH9, 2009), BIOS 2025.11-3ubuntu7 03/31/2026
00021 RIP: 0010:osd_create+0xbf7/0x1000 [osd_wbcfs]
00021 WARNING: /home/ktest/git/linux/include/linux/fs.h:889 at osd_create+0xbf7/0x1000 [osd_wbcfs], CPU#2: ll_ost00_001/1776
00021 Code: c7 c7 60 a1 7b a1 48 c7 c6 00 63 7d a1 48 c7 c2 80 6c 7d a1 e8 0a ec 43 ff 48 c7 c7 60 a1 7b a1 e8 fe 7b 44 ff e9 9c fb ff ff <0f> 0b e9 35 f9 ff ff 48 c7 c1 80 44 5d a0 80 e1 07 80 c1 03 38 c1
00021 RSP: 0018:ffffc90007d97850 EFLAGS: 00010246
00021 RAX: 0000000000000000 RBX: ffff88813648b000 RCX: 0000000000000046
00021 RDX: 0000000000000000 RSI: ffff88802e601818 RDI: ffff888133c9aaa8
00021 RBP: ffff88813648b0e0 R08: ffffffff83a16803 R09: 1ffffffff0742d00
00021 R10: dffffc0000000000 R11: fffffbfff0742d01 R12: dffffc0000000000
00021 R13: 1ffff11026952642 R14: ffff888133c9a8a0 R15: ffff88802e601788
00021 FS:  0000000000000000(0000) GS:ffff8881d4a2a000(0000) knlGS:0000000000000000
00021 Modules linked in:
00021 CS:  0010 DS: 0000 ES: 0000 CR0: 0000000080050033
00021 CR2: 00007f5953805780 CR3: 000000011bf8c000 CR4: 0000000000750eb0
00021 PKRU: 55555554
00021 Call Trace:
00021  <TASK>
00021  ofd_precreate_objects+0x1bd8/0x3220 [ofd]
00021  ofd(O)
00021  ofd_create_hdl+0x2015/0x3510 [ofd]
00021  osp(O)
00021  tgt_request_handle+0x23ad/0x3d30 [ptlrpc]
00021  mdd(O)
00021  ptlrpc_main+0x6359/0x96f0 [ptlrpc]
00021  lod(O)
00021  ? __kthread_parkme+0x73/0x130
00021  mdt(O)
00021  kthread+0x2cd/0x3a0
00021  ? ptlrpc_start_thread+0x1f10/0x1f10 [ptlrpc]
00021  lquota(O)
00021  ? kthread_unuse_mm+0x130/0x130
00021  ret_from_fork+0x18c/0x520
00021  ? kthread_unuse_mm+0x130/0x130
00021  ret_from_fork_asm+0x11/0x20
00021  lfsck(O)
00021  </TASK>
00021 ---[ end trace 0000000000000000 ]---
00021 ------------[ cut here ]------------
00021  mgs(O)
00021 WARNING: /home/ktest/git/linux/include/linux/fs.h:889 at osd_create+0xbf7/0x1000 [osd_wbcfs], CPU#0: ll_ost00_004/1819
00021  osd_wbcfs(O)
00021 Modules linked in: ofd(O) osp(O) mdd(O) lod(O) mdt(O) lquota(O) lfsck(O) mgs(O) osd_wbcfs(O) lustre(O) obdecho(O) mgc(O) mdc(O) lov(O) osc(O) lmv(O) ec(O) fid(O)
00021  lustre(O)
00021  fld(O) ptlrpc(O) efivarfs obdclass(O) ksocklnd(O) lnet(O) libcfs(O)
00021 CPU: 0 UID: 0 PID: 1819 Comm: ll_ost00_004 Tainted: G        W  O        7.0.0-ktest-f55a92a-6330a45-20260730-dirty #1 PREEMPT 
00021 Tainted: [W]=WARN, [O]=OOT_MODULE
00021 Hardware name: QEMU Standard PC (Q35 + ICH9, 2009), BIOS 2025.11-3ubuntu7 03/31/2026
00021  obdecho(O)
00021 RIP: 0010:osd_create+0xbf7/0x1000 [osd_wbcfs]
00021  mgc(O)
00021 Code: c7 c7 60 a1 7b a1 48 c7 c6 00 63 7d a1 48 c7 c2 80 6c 7d a1 e8 0a ec 43 ff 48 c7 c7 60 a1 7b a1 e8 fe 7b 44 ff e9 9c fb ff ff <0f> 0b e9 35 f9 ff ff 48 c7 c1 80 44 5d a0 80 e1 07 80 c1 03 38 c1
00021 RSP: 0018:ffffc90007d97850 EFLAGS: 00010246
00021 RAX: 0000000000000000 RBX: ffff88813648b800 RCX: 0000000000000046
00021 RDX: 0000000000000000 RSI: ffff88802e601100 RDI: ffff888133c9aaa8
00021 RBP: ffff88813648b8e0 R08: ffffffff83a16803 R09: 1ffffffff0742d00
00021 R10: dffffc0000000000 R11: fffffbfff0742d01 R12: dffffc0000000000
00021 R13: 1ffff11026952642 R14: ffff888133c9a8a0 R15: ffff88802e601070
00021 FS:  0000000000000000(0000) GS:ffff8881d4a2a000(0000) knlGS:0000000000000000
00021  mdc(O)
00021 CS:  0010 DS: 0000 ES: 0000 CR0: 0000000080050033
00021 CR2: 00007f5953805780 CR3: 000000011bf8c000 CR4: 0000000000750eb0
00021 PKRU: 55555554
00021 Call Trace:
00021  <TASK>
00021  ofd_precreate_objects+0x1bd8/0x3220 [ofd]
00021  lov(O)
00021  ofd_create_hdl+0x2015/0x3510 [ofd]
00021  osc(O)
00021  tgt_request_handle+0x23ad/0x3d30 [ptlrpc]
00021  ptlrpc_main+0x6359/0x96f0 [ptlrpc]
00021  lmv(O)
00021  ? __kthread_parkme+0x73/0x130
00021  ec(O)
00021  kthread+0x2cd/0x3a0
00021 ------------[ cut here ]------------
00021  ? ptlrpc_start_thread+0x1f10/0x1f10 [ptlrpc]
00021  fid(O)
00021  ? kthread_unuse_mm+0x130/0x130
00021  ret_from_fork+0x18c/0x520
00021  ? kthread_unuse_mm+0x130/0x130
00021  ret_from_fork_asm+0x11/0x20
00021 WARNING: /home/ktest/git/linux/include/linux/fs.h:889 at osd_create+0xbf7/0x1000 [osd_wbcfs], CPU#1: ll_ost00_000/1775
00021  </TASK>
00021 Modules linked in: ofd(O) osp(O) mdd(O) lod(O) mdt(O) lquota(O) lfsck(O) mgs(O) osd_wbcfs(O) lustre(O) obdecho(O) mgc(O) mdc(O) lov(O) osc(O) lmv(O) ec(O) fid(O) fld(O) ptlrpc(O) efivarfs obdclass(O) ksocklnd(O) lnet(O) libcfs(O)
00021 CPU: 1 UID: 0 PID: 1775 Comm: ll_ost00_000 Tainted: G        W  O        7.0.0-ktest-f55a92a-6330a45-20260730-dirty #1 PREEMPT 
00021 Tainted: [W]=WARN, [O]=OOT_MODULE
00021 Hardware name: QEMU Standard PC (Q35 + ICH9, 2009), BIOS 2025.11-3ubuntu7 03/31/2026
00021 RIP: 0010:osd_create+0xbf7/0x1000 [osd_wbcfs]
00021 Code: c7 c7 60 a1 7b a1 48 c7 c6 00 63 7d a1 48 c7 c2 80 6c 7d a1 e8 0a ec 43 ff 48 c7 c7 60 a1 7b a1 e8 fe 7b 44 ff e9 9c fb ff ff <0f> 0b e9 35 f9 ff ff 48 c7 c1 80 44 5d a0 80 e1 07 80 c1 03 38 c1
00021 RSP: 0018:ffffc90001f87850 EFLAGS: 00010246
00021 RAX: 0000000000000000 RBX: ffff88811c34a400 RCX: 0000000000000046
00021 RDX: 0000000000000000 RSI: ffff8880474a9818 RDI: ffff888104af4b68
00021 RBP: ffff88811c34a4e0 R08: ffffffff83a16803 R09: 1ffffffff0742d00
00021 R10: dffffc0000000000 R11: fffffbfff0742d01 R12: dffffc0000000000
00021 R13: 1ffff11023612942 R14: ffff888104af4960 R15: ffff8880474a9788
00021 FS:  0000000000000000(0000) GS:ffff8881d4aaa000(0000) knlGS:0000000000000000
00021 CS:  0010 DS: 0000 ES: 0000 CR0: 0000000080050033
00021 CR2: 000055b460f452d0 CR3: 000000013521f000 CR4: 0000000000750eb0
00021 PKRU: 55555554
00021 Call Trace:
00021  <TASK>
00021  ofd_precreate_objects+0x1bd8/0x3220 [ofd]
00021  ofd_create_hdl+0x2015/0x3510 [ofd]
00021  fld(O)
00021 ---[ end trace 0000000000000000 ]---
00021  tgt_request_handle+0x23ad/0x3d30 [ptlrpc]
00021 ------------[ cut here ]------------
00021  ptlrpc(O) efivarfs obdclass(O) ksocklnd(O) lnet(O) libcfs(O)
00021 CPU: 2 UID: 0 PID: 1776 Comm: ll_ost00_001 Tainted: G        W  O        7.0.0-ktest-f55a92a-6330a45-20260730-dirty #1 PREEMPT 
00021 Tainted: [W]=WARN, [O]=OOT_MODULE
00021 Hardware name: QEMU Standard PC (Q35 + ICH9, 2009), BIOS 2025.11-3ubuntu7 03/31/2026
00021 RIP: 0010:osd_create+0xbf7/0x1000 [osd_wbcfs]
00021 Code: c7 c7 60 a1 7b a1 48 c7 c6 00 63 7d a1 48 c7 c2 80 6c 7d a1 e8 0a ec 43 ff 48 c7 c7 60 a1 7b a1 e8 fe 7b 44 ff e9 9c fb ff ff <0f> 0b e9 35 f9 ff ff 48 c7 c1 80 44 5d a0 80 e1 07 80 c1 03 38 c1
00021 RSP: 0018:ffffc90002277850 EFLAGS: 00010246
00021 RAX: 0000000000000000 RBX: ffff888136724000 RCX: 0000000000000046
00021 RDX: 0000000000000000 RSI: ffff8880751709e8 RDI: ffff888104af2aa8
00021 RBP: ffff8881367240e0 R08: ffffffff83a16803 R09: 1ffffffff0742d00
00021 R10: dffffc0000000000 R11: fffffbfff0742d01 R12: dffffc0000000000
00021 R13: 1ffff11003640442 R14: ffff888104af28a0 R15: ffff888075170958
00021 FS:  0000000000000000(0000) GS:ffff8881d4b2a000(0000) knlGS:0000000000000000
00021 CS:  0010 DS: 0000 ES: 0000 CR0: 0000000080050033
00021 CR2: 000055b460f50dc0 CR3: 000000011a5bc000 CR4: 0000000000750eb0
00021 PKRU: 55555554
00021 Call Trace:
00021 WARNING: /home/ktest/git/linux/include/linux/fs.h:889 at osd_create+0xbf7/0x1000 [osd_wbcfs], CPU#0: ll_ost00_004/1819
00021 Modules linked in: ofd(O) osp(O) mdd(O) lod(O) mdt(O) lquota(O) lfsck(O) mgs(O) osd_wbcfs(O) lustre(O) obdecho(O) mgc(O) mdc(O) lov(O) osc(O) lmv(O) ec(O) fid(O) fld(O) ptlrpc(O) efivarfs obdclass(O) ksocklnd(O) lnet(O) libcfs(O)
00021 CPU: 0 UID: 0 PID: 1819 Comm: ll_ost00_004 Tainted: G        W  O        7.0.0-ktest-f55a92a-6330a45-20260730-dirty #1 PREEMPT 
00021 Tainted: [W]=WARN, [O]=OOT_MODULE
00021 Hardware name: QEMU Standard PC (Q35 + ICH9, 2009), BIOS 2025.11-3ubuntu7 03/31/2026
00021 RIP: 0010:osd_create+0xbf7/0x1000 [osd_wbcfs]
00021 Code: c7 c7 60 a1 7b a1 48 c7 c6 00 63 7d a1 48 c7 c2 80 6c 7d a1 e8 0a ec 43 ff 48 c7 c7 60 a1 7b a1 e8 fe 7b 44 ff e9 9c fb ff ff <0f> 0b e9 35 f9 ff ff 48 c7 c1 80 44 5d a0 80 e1 07 80 c1 03 38 c1
00021 RSP: 0018:ffffc90007d97850 EFLAGS: 00010246
00021 RAX: 0000000000000000 RBX: ffff888136488400 RCX: 0000000000000046
00021 RDX: 0000000000000000 RSI: ffff88802e6009e8 RDI: ffff888133c9aaa8
00021 RBP: ffff8881364884e0 R08: ffffffff83a16803 R09: 1ffffffff0742d00
00021 R10: dffffc0000000000 R11: fffffbfff0742d01 R12: dffffc0000000000
00021 R13: 1ffff11026952642 R14: ffff888133c9a8a0 R15: ffff88802e600958
00021 FS:  0000000000000000(0000) GS:ffff8881d4a2a000(0000) knlGS:0000000000000000
00021 CS:  0010 DS: 0000 ES: 0000 CR0: 0000000080050033
00021 CR2: 00007f5953805780 CR3: 000000011bf8c000 CR4: 0000000000750eb0
00021 PKRU: 55555554
00021 Call Trace:
00021  <TASK>
00021  ofd_precreate_objects+0x1bd8/0x3220 [ofd]
00021  ofd_create_hdl+0x2015/0x3510 [ofd]
00021  ptlrpc_main+0x6359/0x96f0 [ptlrpc]
00021  tgt_request_handle+0x23ad/0x3d30 [ptlrpc]
00021  ? __kthread_parkme+0x73/0x130
00021  <TASK>
00021  ofd_precreate_objects+0x1bd8/0x3220 [ofd]
00021  kthread+0x2cd/0x3a0
00021  ptlrpc_main+0x6359/0x96f0 [ptlrpc]
00021  ? ptlrpc_start_thread+0x1f10/0x1f10 [ptlrpc]
00021  ? kthread_unuse_mm+0x130/0x130
00021  ret_from_fork+0x18c/0x520
00021  ? kthread_unuse_mm+0x130/0x130
00021  ret_from_fork_asm+0x11/0x20
00021  </TASK>
00021 ---[ end trace 0000000000000000 ]---
00021 ------------[ cut here ]------------
00021  ofd_create_hdl+0x2015/0x3510 [ofd]
00021  ? __kthread_parkme+0x73/0x130
00021  tgt_request_handle+0x23ad/0x3d30 [ptlrpc]
00021 WARNING: /home/ktest/git/linux/include/linux/fs.h:889 at osd_create+0xbf7/0x1000 [osd_wbcfs], CPU#1: ll_ost00_000/1775
00021  kthread+0x2cd/0x3a0
00021 Modules linked in:
00021  ptlrpc_main+0x6359/0x96f0 [ptlrpc]
00021  ? ptlrpc_start_thread+0x1f10/0x1f10 [ptlrpc]
00021  ofd(O) osp(O) mdd(O) lod(O) mdt(O) lquota(O) lfsck(O) mgs(O) osd_wbcfs(O) lustre(O) obdecho(O) mgc(O) mdc(O) lov(O) osc(O)
00021  ? kthread_unuse_mm+0x130/0x130
00021  ret_from_fork+0x18c/0x520
00021  ? kthread_unuse_mm+0x130/0x130
00021  ret_from_fork_asm+0x11/0x20
00021  </TASK>
00021 ---[ end trace 0000000000000000 ]---
00021 ------------[ cut here ]------------
00021 WARNING: /home/ktest/git/linux/include/linux/fs.h:889 at osd_create+0xbf7/0x1000 [osd_wbcfs], CPU#0: ll_ost00_004/1819
00021 Modules linked in: ofd(O) osp(O) mdd(O) lod(O) mdt(O) lquota(O) lfsck(O) mgs(O) osd_wbcfs(O) lustre(O) obdecho(O) mgc(O) mdc(O) lov(O) osc(O) lmv(O) ec(O) fid(O) fld(O) ptlrpc(O) efivarfs obdclass(O) ksocklnd(O) lnet(O) libcfs(O)
00021 CPU: 0 UID: 0 PID: 1819 Comm: ll_ost00_004 Tainted: G        W  O        7.0.0-ktest-f55a92a-6330a45-20260730-dirty #1 PREEMPT 
00021 Tainted: [W]=WARN, [O]=OOT_MODULE
00021 Hardware name: QEMU Standard PC (Q35 + ICH9, 2009), BIOS 2025.11-3ubuntu7 03/31/2026
00021 RIP: 0010:osd_create+0xbf7/0x1000 [osd_wbcfs]
00021 Code: c7 c7 60 a1 7b a1 48 c7 c6 00 63 7d a1 48 c7 c2 80 6c 7d a1 e8 0a ec 43 ff 48 c7 c7 60 a1 7b a1 e8 fe 7b 44 ff e9 9c fb ff ff <0f> 0b e9 35 f9 ff ff 48 c7 c1 80 44 5d a0 80 e1 07 80 c1 03 38 c1
00021 RSP: 0018:ffffc90007d97850 EFLAGS: 00010246
00021 RAX: 0000000000000000 RBX: ffff888001479400 RCX: 0000000000000046
00021 RDX: 0000000000000000 RSI: ffff88802e6002d0 RDI: ffff888133c9aaa8
00021 RBP: ffff8880014794e0 R08: ffffffff83a16803 R09: 1ffffffff0742d00
00021 R10: dffffc0000000000 R11: fffffbfff0742d01 R12: dffffc0000000000
00021 R13: 1ffff11026952642 R14: ffff888133c9a8a0 R15: ffff88802e600240
00021 FS:  0000000000000000(0000) GS:ffff8881d4a2a000(0000) knlGS:0000000000000000
00021 CS:  0010 DS: 0000 ES: 0000 CR0: 0000000080050033
00021 CR2: 00007f5953805780 CR3: 000000011bf8c000 CR4: 0000000000750eb0
00021 PKRU: 55555554
00021 Call Trace:
00021  <TASK>
00021  ofd_precreate_objects+0x1bd8/0x3220 [ofd]
00021  ofd_create_hdl+0x2015/0x3510 [ofd]
00021  tgt_request_handle+0x23ad/0x3d30 [ptlrpc]
00021  ? __kthread_parkme+0x73/0x130
00021  lmv(O) ec(O) fid(O) fld(O) ptlrpc(O) efivarfs obdclass(O) ksocklnd(O) lnet(O) libcfs(O)
00021 CPU: 1 UID: 0 PID: 1775 Comm: ll_ost00_000 Tainted: G        W  O        7.0.0-ktest-f55a92a-6330a45-20260730-dirty #1 PREEMPT 
00021  kthread+0x2cd/0x3a0
00021 Tainted: [W]=WARN, [O]=OOT_MODULE
00021 Hardware name: QEMU Standard PC (Q35 + ICH9, 2009), BIOS 2025.11-3ubuntu7 03/31/2026
00021 RIP: 0010:osd_create+0xbf7/0x1000 [osd_wbcfs]
00021  ptlrpc_main+0x6359/0x96f0 [ptlrpc]
00021  ? __kthread_parkme+0x73/0x130
00021  kthread+0x2cd/0x3a0
00021  ? ptlrpc_start_thread+0x1f10/0x1f10 [ptlrpc]
00021  ? ptlrpc_start_thread+0x1f10/0x1f10 [ptlrpc]
00021 Code: c7 c7 60 a1 7b a1 48 c7 c6 00 63 7d a1 48 c7 c2 80 6c 7d a1 e8 0a ec 43 ff 48 c7 c7 60 a1 7b a1 e8 fe 7b 44 ff e9 9c fb ff ff <0f> 0b e9 35 f9 ff ff 48 c7 c1 80 44 5d a0 80 e1 07 80 c1 03 38 c1
00021  ? kthread_unuse_mm+0x130/0x130
00021  ret_from_fork+0x18c/0x520
00021  ? kthread_unuse_mm+0x130/0x130
00021  ret_from_fork_asm+0x11/0x20
00021  ? kthread_unuse_mm+0x130/0x130
00021  </TASK>
00021 ---[ end trace 0000000000000000 ]---
00021 ------------[ cut here ]------------
00021 WARNING: /home/ktest/git/linux/include/linux/fs.h:889 at osd_create+0xbf7/0x1000 [osd_wbcfs], CPU#2: ll_ost00_001/1776
00021 Modules linked in: ofd(O) osp(O) mdd(O) lod(O) mdt(O) lquota(O) lfsck(O) mgs(O) osd_wbcfs(O) lustre(O) obdecho(O) mgc(O) mdc(O) lov(O)
00021 RSP: 0018:ffffc90001f87850 EFLAGS: 00010246
00021  osc(O) lmv(O) ec(O) fid(O) fld(O) ptlrpc(O) efivarfs obdclass(O) ksocklnd(O) lnet(O) libcfs(O)
00021 CPU: 2 UID: 0 PID: 1776 Comm: ll_ost00_001 Tainted: G        W  O        7.0.0-ktest-f55a92a-6330a45-20260730-dirty #1 PREEMPT 
00021 Tainted: [W]=WARN, [O]=OOT_MODULE
00021 Hardware name: QEMU Standard PC (Q35 + ICH9, 2009), BIOS 2025.11-3ubuntu7 03/31/2026
00021 RIP: 0010:osd_create+0xbf7/0x1000 [osd_wbcfs]
00021 Code: c7 c7 60 a1 7b a1 48 c7 c6 00 63 7d a1 48 c7 c2 80 6c 7d a1 e8 0a ec 43 ff 48 c7 c7 60 a1 7b a1 e8 fe 7b 44 ff e9 9c fb ff ff <0f> 0b e9 35 f9 ff ff 48 c7 c1 80 44 5d a0 80 e1 07 80 c1 03 38 c1
00021 RSP: 0018:ffffc90002277850 EFLAGS: 00010246
00021 RAX: 0000000000000000 RBX: ffff888136725c00 RCX: 0000000000000046
00021 RDX: 0000000000000000 RSI: ffff8880751702d0 RDI: ffff888104af2aa8
00021 RBP: ffff888136725ce0 R08: ffffffff83a16803 R09: 1ffffffff0742d00
00021 R10: dffffc0000000000 R11: fffffbfff0742d01 R12: dffffc0000000000
00021 R13: 1ffff11003640442 R14: ffff888104af28a0 R15: ffff888075170240
00021 FS:  0000000000000000(0000) GS:ffff8881d4b2a000(0000) knlGS:0000000000000000
00021 CS:  0010 DS: 0000 ES: 0000 CR0: 0000000080050033
00021 CR2: 000055b460f50dc0 CR3: 000000011a5bc000 CR4: 0000000000750eb0
00021 PKRU: 55555554
00021 Call Trace:
00021  <TASK>
00021  ret_from_fork+0x18c/0x520
00021  ofd_precreate_objects+0x1bd8/0x3220 [ofd]
00021  ofd_create_hdl+0x2015/0x3510 [ofd]
00021 
00021  tgt_request_handle+0x23ad/0x3d30 [ptlrpc]
00021  ? kthread_unuse_mm+0x130/0x130
00021 RAX: 0000000000000000 RBX: ffff88811c34ac00 RCX: 0000000000000046
00021  ret_from_fork_asm+0x11/0x20
00021  ptlrpc_main+0x6359/0x96f0 [ptlrpc]
00021 RDX: 0000000000000000 RSI: ffff8880474a9100 RDI: ffff888104af4b68
00021  </TASK>
00021 RBP: ffff88811c34ace0 R08: ffffffff83a16803 R09: 1ffffffff0742d00
00021  ? __kthread_parkme+0x73/0x130
00021 ---[ end trace 0000000000000000 ]---
00021  kthread+0x2cd/0x3a0
00021 R10: dffffc0000000000 R11: fffffbfff0742d01 R12: dffffc0000000000
00021 ------------[ cut here ]------------
00021  ? ptlrpc_start_thread+0x1f10/0x1f10 [ptlrpc]
00021 R13: 1ffff11023612942 R14: ffff888104af4960 R15: ffff8880474a9070
00021 WARNING: /home/ktest/git/linux/include/linux/fs.h:889 at osd_create+0xbf7/0x1000 [osd_wbcfs], CPU#0: ll_ost00_004/1819
00021  ? kthread_unuse_mm+0x130/0x130
00021  ret_from_fork+0x18c/0x520
00021  ? kthread_unuse_mm+0x130/0x130
00021 FS:  0000000000000000(0000) GS:ffff8881d4aaa000(0000) knlGS:0000000000000000
00021  ret_from_fork_asm+0x11/0x20
00021  </TASK>
00021 ---[ end trace 0000000000000000 ]---
00021 Modules linked in:
00021 CS:  0010 DS: 0000 ES: 0000 CR0: 0000000080050033
00021 ------------[ cut here ]------------
00021 WARNING: /home/ktest/git/linux/include/linux/fs.h:889 at osd_create+0xbf7/0x1000 [osd_wbcfs], CPU#2: ll_ost00_001/1776
00021 Modules linked in: ofd(O) osp(O) mdd(O) lod(O) mdt(O)
00021  ofd(O)
00021  lquota(O) lfsck(O) mgs(O) osd_wbcfs(O) lustre(O) obdecho(O) mgc(O) mdc(O) lov(O) osc(O) lmv(O) ec(O) fid(O) fld(O) ptlrpc(O) efivarfs obdclass(O) ksocklnd(O) lnet(O) libcfs(O)
00021 CPU: 2 UID: 0 PID: 1776 Comm: ll_ost00_001 Tainted: G        W  O        7.0.0-ktest-f55a92a-6330a45-20260730-dirty #1 PREEMPT 
00021 Tainted: [W]=WARN, [O]=OOT_MODULE
00021 Hardware name: QEMU Standard PC (Q35 + ICH9, 2009), BIOS 2025.11-3ubuntu7 03/31/2026
00021 RIP: 0010:osd_create+0xbf7/0x1000 [osd_wbcfs]
00021 Code: c7 c7 60 a1 7b a1 48 c7 c6 00 63 7d a1 48 c7 c2 80 6c 7d a1 e8 0a ec 43 ff 48 c7 c7 60 a1 7b a1 e8 fe 7b 44 ff e9 9c fb ff ff <0f> 0b e9 35 f9 ff ff 48 c7 c1 80 44 5d a0 80 e1 07 80 c1 03 38 c1
00021 CR2: 000055b460f452d0 CR3: 000000013521f000 CR4: 0000000000750eb0
00021 RSP: 0018:ffffc90002277850 EFLAGS: 00010246
00021 RAX: 0000000000000000 RBX: ffff888136725800 RCX: 0000000000000046
00021 RDX: 0000000000000000 RSI: ffff888019a0d0d8 RDI: ffff888104af2aa8
00021 RBP: ffff8881367258e0 R08: ffffffff83a16803 R09: 1ffffffff0742d00
00021 R10: dffffc0000000000 R11: fffffbfff0742d01 R12: dffffc0000000000
00021 R13: 1ffff11003640442 R14: ffff888104af28a0 R15: ffff888019a0d048
00021 FS:  0000000000000000(0000) GS:ffff8881d4b2a000(0000) knlGS:0000000000000000
00021  osp(O)
00021 CS:  0010 DS: 0000 ES: 0000 CR0: 0000000080050033
00021 CR2: 000055b460f50dc0 CR3: 000000011a5bc000 CR4: 0000000000750eb0
00021 PKRU: 55555554
00021 Call Trace:
00021  <TASK>
00021  ofd_precreate_objects+0x1bd8/0x3220 [ofd]
00021 PKRU: 55555554
00021  ofd_create_hdl+0x2015/0x3510 [ofd]
00021  mdd(O)
00021 Call Trace:
00021  lod(O)
00021  tgt_request_handle+0x23ad/0x3d30 [ptlrpc]
00021  <TASK>
00021  mdt(O)
00021  ofd_precreate_objects+0x1bd8/0x3220 [ofd]
00021  ofd_create_hdl+0x2015/0x3510 [ofd]
00021  lquota(O) lfsck(O) mgs(O) osd_wbcfs(O) lustre(O) obdecho(O) mgc(O) mdc(O) lov(O) osc(O) lmv(O) ec(O) fid(O) fld(O) ptlrpc(O) efivarfs
00021  tgt_request_handle+0x23ad/0x3d30 [ptlrpc]
00021  obdclass(O) ksocklnd(O)
00021  ptlrpc_main+0x6359/0x96f0 [ptlrpc]
00021  ? __kthread_parkme+0x73/0x130
00021  kthread+0x2cd/0x3a0
00021  ? ptlrpc_start_thread+0x1f10/0x1f10 [ptlrpc]
00021  ptlrpc_main+0x6359/0x96f0 [ptlrpc]
00021  ? __kthread_parkme+0x73/0x130
00021  kthread+0x2cd/0x3a0
00021  lnet(O) libcfs(O)
00021 CPU: 0 UID: 0 PID: 1819 Comm: ll_ost00_004 Tainted: G        W  O        7.0.0-ktest-f55a92a-6330a45-20260730-dirty #1 PREEMPT 
00021 Tainted: [W]=WARN, [O]=OOT_MODULE
00021 Hardware name: QEMU Standard PC (Q35 + ICH9, 2009), BIOS 2025.11-3ubuntu7 03/31/2026
00021 RIP: 0010:osd_create+0xbf7/0x1000 [osd_wbcfs]
00021  ? kthread_unuse_mm+0x130/0x130
00021  ? ptlrpc_start_thread+0x1f10/0x1f10 [ptlrpc]
00021 Code: c7 c7 60 a1 7b a1 48 c7 c6 00 63 7d a1 48 c7 c2 80 6c 7d a1 e8 0a ec 43 ff 48 c7 c7 60 a1 7b a1 e8 fe 7b 44 ff e9 9c fb ff ff <0f> 0b e9 35 f9 ff ff 48 c7 c1 80 44 5d a0 80 e1 07 80 c1 03 38 c1
00021 RSP: 0018:ffffc90007d97850 EFLAGS: 00010246
00021 RAX: 0000000000000000 RBX: ffff888001479000 RCX: 0000000000000046
00021 RDX: 0000000000000000 RSI: ffff8880474afb68 RDI: ffff888133c9aaa8
00021 RBP: ffff8880014790e0 R08: ffffffff83a16803 R09: 1ffffffff0742d00
00021 R10: dffffc0000000000 R11: fffffbfff0742d01 R12: dffffc0000000000
00021 R13: 1ffff11026952642 R14: ffff888133c9a8a0 R15: ffff8880474afad8
00021 FS:  0000000000000000(0000) GS:ffff8881d4a2a000(0000) knlGS:0000000000000000
00021  ret_from_fork+0x18c/0x520
00021  ? kthread_unuse_mm+0x130/0x130
00021  ret_from_fork+0x18c/0x520
00021  ? kthread_unuse_mm+0x130/0x130
00021  ret_from_fork_asm+0x11/0x20
00021  </TASK>
00021 ---[ end trace 0000000000000000 ]---
00021 CS:  0010 DS: 0000 ES: 0000 CR0: 0000000080050033
00021 CR2: 00007f5953805780 CR3: 000000011bf8c000 CR4: 0000000000750eb0
00021 PKRU: 55555554
00021 Call Trace:
00021  <TASK>
00021 ------------[ cut here ]------------
00021  ofd_precreate_objects+0x1bd8/0x3220 [ofd]
00021  ofd_create_hdl+0x2015/0x3510 [ofd]
00021  ? kthread_unuse_mm+0x130/0x130
00021  tgt_request_handle+0x23ad/0x3d30 [ptlrpc]
00021 WARNING: /home/ktest/git/linux/include/linux/fs.h:889 at osd_create+0xbf7/0x1000 [osd_wbcfs], CPU#1: ll_ost00_000/1775
00021  ret_from_fork_asm+0x11/0x20
00021 Modules linked in: ofd(O) osp(O) mdd(O) lod(O) mdt(O) lquota(O) lfsck(O) mgs(O) osd_wbcfs(O) lustre(O) obdecho(O) mgc(O) mdc(O) lov(O) osc(O)
00021  ptlrpc_main+0x6359/0x96f0 [ptlrpc]
00021  </TASK>
00021  lmv(O) ec(O) fid(O) fld(O) ptlrpc(O) efivarfs obdclass(O) ksocklnd(O) lnet(O) libcfs(O)
00021 CPU: 1 UID: 0 PID: 1775 Comm: ll_ost00_000 Tainted: G        W  O        7.0.0-ktest-f55a92a-6330a45-20260730-dirty #1 PREEMPT 
00021  ? __kthread_parkme+0x73/0x130
00021  kthread+0x2cd/0x3a0
00021 ---[ end trace 0000000000000000 ]---
00021 Tainted: [W]=WARN, [O]=OOT_MODULE
00021 Hardware name: QEMU Standard PC (Q35 + ICH9, 2009), BIOS 2025.11-3ubuntu7 03/31/2026
00021 RIP: 0010:osd_create+0xbf7/0x1000 [osd_wbcfs]
00021  ? ptlrpc_start_thread+0x1f10/0x1f10 [ptlrpc]
00021 ------------[ cut here ]------------
00021 WARNING: /home/ktest/git/linux/include/linux/fs.h:889 at osd_create+0xbf7/0x1000 [osd_wbcfs], CPU#2: ll_ost00_001/1776
00021 Modules linked in: ofd(O) osp(O) mdd(O) lod(O) mdt(O) lquota(O) lfsck(O) mgs(O) osd_wbcfs(O) lustre(O) obdecho(O) mgc(O) mdc(O) lov(O) osc(O) lmv(O) ec(O) fid(O) fld(O) ptlrpc(O) efivarfs obdclass(O) ksocklnd(O) lnet(O) libcfs(O)
00021 CPU: 2 UID: 0 PID: 1776 Comm: ll_ost00_001 Tainted: G        W  O        7.0.0-ktest-f55a92a-6330a45-20260730-dirty #1 PREEMPT 
00021 Tainted: [W]=WARN, [O]=OOT_MODULE
00021 Hardware name: QEMU Standard PC (Q35 + ICH9, 2009), BIOS 2025.11-3ubuntu7 03/31/2026
00021 RIP: 0010:osd_create+0xbf7/0x1000 [osd_wbcfs]
00021 Code: c7 c7 60 a1 7b a1 48 c7 c6 00 63 7d a1 48 c7 c2 80 6c 7d a1 e8 0a ec 43 ff 48 c7 c7 60 a1 7b a1 e8 fe 7b 44 ff e9 9c fb ff ff <0f> 0b e9 35 f9 ff ff 48 c7 c1 80 44 5d a0 80 e1 07 80 c1 03 38 c1
00021 RSP: 0018:ffffc90002277850 EFLAGS: 00010246
00021 RAX: 0000000000000000 RBX: ffff888136725000 RCX: 0000000000000046
00021 RDX: 0000000000000000 RSI: ffff888019a0c9c0 RDI: ffff888104af2aa8
00021 RBP: ffff8881367250e0 R08: ffffffff83a16803 R09: 1ffffffff0742d00
00021 R10: dffffc0000000000 R11: fffffbfff0742d01 R12: dffffc0000000000
00021 R13: 1ffff11003640442 R14: ffff888104af28a0 R15: ffff888019a0c930
00021 FS:  0000000000000000(0000) GS:ffff8881d4b2a000(0000) knlGS:0000000000000000
00021 CS:  0010 DS: 0000 ES: 0000 CR0: 0000000080050033
00021 CR2: 000055b460f50dc0 CR3: 000000011a5bc000 CR4: 0000000000750eb0
00021 PKRU: 55555554
00021 Call Trace:
00021  <TASK>
00021 Code: c7 c7 60 a1 7b a1 48 c7 c6 00 63 7d a1 48 c7 c2 80 6c 7d a1 e8 0a ec 43 ff 48 c7 c7 60 a1 7b a1 e8 fe 7b 44 ff e9 9c fb ff ff <0f> 0b e9 35 f9 ff ff 48 c7 c1 80 44 5d a0 80 e1 07 80 c1 03 38 c1
00021  ofd_precreate_objects+0x1bd8/0x3220 [ofd]
00021  ofd_create_hdl+0x2015/0x3510 [ofd]
00021  tgt_request_handle+0x23ad/0x3d30 [ptlrpc]
00021  ? kthread_unuse_mm+0x130/0x130
00021  ptlrpc_main+0x6359/0x96f0 [ptlrpc]
00021 RSP: 0018:ffffc90001f87850 EFLAGS: 00010246
00021  ret_from_fork+0x18c/0x520
00021  ? __kthread_parkme+0x73/0x130
00021  kthread+0x2cd/0x3a0
00021 
00021  ? ptlrpc_start_thread+0x1f10/0x1f10 [ptlrpc]
00021  ? kthread_unuse_mm+0x130/0x130
00021  ? kthread_unuse_mm+0x130/0x130
00021  ret_from_fork+0x18c/0x520
00021  ? kthread_unuse_mm+0x130/0x130
00021  ret_from_fork_asm+0x11/0x20
00021  </TASK>
00021 ---[ end trace 0000000000000000 ]---
00021 RAX: 0000000000000000 RBX: ffff888133267800 RCX: 0000000000000046
00021  ret_from_fork_asm+0x11/0x20
00021 RDX: 0000000000000000 RSI: ffff8880474a89e8 RDI: ffff888104af4b68
00021  </TASK>
00021 RBP: ffff8881332678e0 R08: ffffffff83a16803 R09: 1ffffffff0742d00
00021 ---[ end trace 0000000000000000 ]---
00021 R10: dffffc0000000000 R11: fffffbfff0742d01 R12: dffffc0000000000
00021 ------------[ cut here ]------------
00021 R13: 1ffff11023612942 R14: ffff888104af4960 R15: ffff8880474a8958
00021 WARNING: /home/ktest/git/linux/include/linux/fs.h:889 at osd_create+0xbf7/0x1000 [osd_wbcfs], CPU#0: ll_ost00_004/1819
00021 FS:  0000000000000000(0000) GS:ffff8881d4aaa000(0000) knlGS:0000000000000000
00021 Modules linked in:
00021 CS:  0010 DS: 0000 ES: 0000 CR0: 0000000080050033
00021  ofd(O)
00021 CR2: 000055b460f452d0 CR3: 000000013521f000 CR4: 0000000000750eb0
00021  osp(O)
00021 PKRU: 55555554
00021  mdd(O)
00021 Call Trace:
00021  lod(O)
00021  <TASK>
00021  mdt(O)
00021  ofd_precreate_objects+0x1bd8/0x3220 [ofd]
00021  lquota(O)
00021  ofd_create_hdl+0x2015/0x3510 [ofd]
00021  lfsck(O)
00021  tgt_request_handle+0x23ad/0x3d30 [ptlrpc]
00021  mgs(O)
00021  ptlrpc_main+0x6359/0x96f0 [ptlrpc]
00021  osd_wbcfs(O)
00021  ? __kthread_parkme+0x73/0x130
00021  lustre(O)
00021  kthread+0x2cd/0x3a0
00021  obdecho(O)
00021  ? ptlrpc_start_thread+0x1f10/0x1f10 [ptlrpc]
00021  mgc(O) mdc(O)
00021  ? kthread_unuse_mm+0x130/0x130
00021  lov(O)
00021  ret_from_fork+0x18c/0x520
00021  osc(O)
00021  ? kthread_unuse_mm+0x130/0x130
00021  lmv(O)
00021  ret_from_fork_asm+0x11/0x20
00021  ec(O)
00021  </TASK>
00021  fid(O)
00021 ---[ end trace 0000000000000000 ]---
00021  fld(O)
00021 ------------[ cut here ]------------
00021  ptlrpc(O)
00021 WARNING: /home/ktest/git/linux/include/linux/fs.h:889 at osd_create+0xbf7/0x1000 [osd_wbcfs], CPU#1: ll_ost00_000/1775
00021  efivarfs
00021 Modules linked in:
00021  obdclass(O)
00021  ofd(O)
00021  ksocklnd(O)
00021  osp(O)
00021  lnet(O)
00021  mdd(O)
00021  libcfs(O)
00021  lod(O)
00021 
00021  mdt(O)
00021 CPU: 0 UID: 0 PID: 1819 Comm: ll_ost00_004 Tainted: G        W  O        7.0.0-ktest-f55a92a-6330a45-20260730-dirty #1 PREEMPT 
00021  lquota(O)
00021 Tainted: [W]=WARN, [O]=OOT_MODULE
00021  lfsck(O)
