00003 
00008 RDSEED32 is broken. Disabling the corresponding CPUID bit.
00013 init: failed to load nvme_core
00013 init: failed to load nvme
00013 init: failed to load zfs
00014 LNetError: 1:0:(lib-socket.c:619:lnet_inet_enumerate()) lnet: Can't find any usable interfaces, rc = -ENOENT
00014 LNetError: Error -100 starting up LNI tcp
00015 LustreError: 1:0:(events.c:627:ptlrpc_init_portals()) network initialisation failed: rc = -100
00015 init: finit_module /lib/modules/7.0.0-ktest-fa4bb62-6330a45-20260727-dirty/updates/ptlrpc.ko: Network is down
00015 init: failed to load lustre
00015 init: failed to load osd_zfs
00015 init: failed to load iwlwifi
00015 init: failed to load iwlmvm
00015 init: failed to load mt7921e
00015 init: failed to load i915
00015 init: failed to load nouveau
00028 Kernel version: 7.0.0-ktest-fa4bb62-6330a45-20260727-dirty
00028 hook init_noop
00028 
00028 Running tests sanity-quick
00028 
00028 ========= TEST   sanity-quick
00029 0a 0b 0c 0d 0e 1 2 3 4 5 6a 6c 6e 6g 6h 6i 7a 7b 8 9 10 11 12 13 14 15 16 17a 17b 17c 17d 17e 17f 17g 17h 17i 17k 17l 17m 17n 17o 17p 17q 18 19a 19b 19c 19d 20 21 22 23a 23b 23c 23d 24a 24b 24c 24d 24e 24f 24g 24h 24i 24j 24k 24l 24m 24n 24o 24p 24q 24r 24s 24t 24u 24v 24w 24x 24y 24z 24A 24B 24C 24E 24F 24G 24H 24I 25a 25b 26a 26b 26c 26d 26e 26f 27a 27b 27ca 27cb 27cc 27cd 27ce 27cf 27cg 27d 27e 27f 27g 27ga 27i 27j 27k 27l 27m 27n 27o 27oo 27p 27q 27r 27s 27t 27u 27v 27w 27wa 27x 27y 27z 27A 27B 27Ca 27Cb 27Cc 27Cd 27Ce 27Cf 27Cg 27Ci 27Cj 27D 27E 27F 27G 27H 27I 27Ia 27J 27K 27Ke 27L 27M 27N 27O 27P 27Q 27R 27T 27U 27V 27W 27X 28 29 30a 30b 30c 30d 31a 31b 31c 31d 31e 31f 31g 31h 31i 31j 31k 31l 31m 31n 31o 31p 31q 31r 32a 32b 32c 32d 32e 32f 32g 32h 32i 32j 32k 32l 32m 32n 32o 32p 32q 32r 33aa 33a 33b 33c 33d 33e 33f 33g 33h 33hh 33i 33j 34a 34b 34c 34d 34e 34f 34g 34h 35a 36a 36b 36c 36d 36e 36f 36g 36h 36i 38 39a 39b 39c 39d 39e 39f 39g 39h 39i 39j 39k 39l 39m 39n 39o 39p 39r 39q 39s 39u 40 41 42a 42b 42c 42d 42e 43A 43a 43b 43c 44A 44a 44b 44c 44d 44e 44f 44g 45 46 48a 48b 48c 48d 48e 48f 49a 49b 49c 50 51a 51b 51c 51d 51e 51f 52a 52b 53 54a 54b 54c 54d 54e 55a 55b 55c 56a 56b 56bb 56bc 56bd 56c 56ca 56d 56e 56g 56h 56i 56ib 56j 56k 56l 56m 56n 56o 56ob 56oc 56od 56oe 56p 56q 56r 56ra 56rb 56rc 56rd 56re 56rf 56s 56t 56u 56v 56wa 56wb 56wc 56wd 56we 56x 56xB 56xC 56xD 56xa 56xab 56xb 56xc 56xd 56xe 56xf 56xg 56xh 56xi 56xj 56xk 56xl 56y 56z 56Aa 56ab 56aca 56acb 56acc 56Ba 56Ca 56Da 56Db 56Dc 56Dd 56Ea 56Eaa 56Eab 56Eb 56Ebb 56Ec 56Ed 56Eda 56Edb 56Ef 56Eg 56Eh 56Ei 56Ej 56Ek 57a 57b 58 59 60a 60b 60c 60d 60e 60f 60g 60h 60i 60j 61a 61b 63a 63b 64a 64b 64c 64d 64e 64f 64g 64h 64i 64j 65a 65b 65c 65d 65e 65f 65g 65h 65i 65j 65k 65l 65m 65n 65o 65p 65q 65r 66 69 70a 71 72a 72b 73 74a 74b 74c 76a 76b 77a 77b 77c 77d 77f 77g 77k 77l 77m 77n 77o 78 79 80 81a 81b 99 100 101a 101b 101c 101d 101e 101f 101g 101h 101i 101j 101m 102a 102b 102c 102d 102f 102h 102ha 102i 102j 102k 102l 102m 102n 102p 102q 102r 102s 102t 103a 103b 103c 103e 103f 103g 104a 104b 104c 104d 105a 105b 105c 105d 105e 105f 105g 105h 105i 106 107 110 116a 116b 117 118a 118b 118c 118d 118f 118g 118h 118i 118j 118k 118l 118m 118n 119a 119b 119c 119e 119f 119g 119h 119i 119j 119k 119m 119n 119o 119p 119q 119r 120a 120b 120c 120d 120e 120f 120g 121 123aa 123ab 123ac 123ad 123b 123c 123d 123e 123f 123g 123h 123i 123j 123k 123l 124a 124b 124c 124d 124e 124f 124g 125 126 127a 127b 127c 127d 127e 127f 128 129 130a 130b 130c 130d 130e 130f 130g 130h 130i 131a 131b 131c 131d 131e 133a 133b 133c 133d 133e 133f 133g 133h 134a 134b 135 136 140 150a 150b 150bb 150c 150d 150e 150f 150g 150h 150ia 150ib 150ic 151 152 153 154A 154B 154C 154a 154b 154c 154d 154e 154ea 154f 154g 154h 154i 154j 155a 155b 155c 155d 155e 155f 155g 155h 156 157a 157b 160a 160b 160c 160d 160e 160f 160g 160h 160i 160j 160k 160l 160m 160n 160o 160p 160q 160s 160t 160u 160v 160w 161a 161b 161c 161d 162a 162b 162c 165a 165b 165c 165d 165e 165f 165g 169 170a 170b 171 172 180a 180b 180c 181 182a 182b 183 184a 184b 184c 184d 184e 184f 185 185a 187a 187b 190a 190b 190c 200 204a 204b 204c 204d 204e 204f 204g 204h 205a 205b 205c 205d 205e 205f 205g 205h 205i 205k 205l 205m 206 207a 207b 208 209 210 212 213 214 215 216 217 218 219 220 221 222a 222b 223 224a 224b 224c 224d 225a 225b 226a 226b 226c 226d 226e 227 228a 228b 228c 229 230a 230b 230c 230d 230e 230f 230g 230h 230i 230j 230k 230l 230m 230n 230o 230p 230q 230r 230s 230t 230u 230v 230w 230x 230y 230z 230A 230B 231a 231b 232a 232b 233a 233b 234 235 236 238 239A 239a 239b 240 241a 241b 242 243 244a 244b 245a 245b 247a 247b 247c 247d 247e 247f 247g 247h 248a 248b 248c 248d 249 250 251a 252 253 254 255a 255b 255c 256 257 258a 258b 259 260 270a 270b 270c 270d 270e 270f 270g 270h 270i 270j 271a 271b 271ba 271c 271d 271f 271g 272a 272b 272c 272d 272e 272f 273a 273b 273c 275 276 277 278 280 300a 300b 300c 300d 300e 300f 300g 300h 300i 300j 300k 300l 300m 300n 300ne 300o 300p 300q 300r 300s 300t 300ua 300ub 300uc 300ud 300ue 300uf 300ug 300uh 300ui 300uj 310a 310b 310c 311 312 313 314 315 316 317 318 319 350 398a 398b 398c 398d 398e 398f 398g 398h 398i 398j 398k 398l 398m 398n 398o 398p 398q 398r 398s 398t 398u 399a 399b 400a 400b 401a 401aa 401ab 401ac 401ad 401b 401c 401d 401db 401e 401fa 401fb 401ga 401gb 401gc 401gd 402 403 404 405 406 407 408 409 410 411a 411b 412 413A 413a 413b 413c 413d 413e 413f 413g 413h 413i 413j 413k 413l 413z 414 415 416 417 418 419 420 421a 421b 421c 421d 421e 421f 421g 421h 422 423 424 425 426 427 428 429 430a 430b 430c 431 432 433 434 440 442 460d 600a 600b 600c 600d 801a 801b 801c 802b 802c 803a 803b 804 805 806 807a 807b 808 809 810 812a 812b 812c 813 814 815 816 817 818 819a 819b 820 823 831 832 833 834 842 850 851 852 853 854 855 860 900 901 902 903 904 905 906 907 908a 908b 909 910 911 920
00029 10 11 12 13 14 15 16 17a 17b 17c
00029 10,11,12,13,14,15,16,17a,17b,17c
00034 SETUP LUSTRE ... LNet: Added LNI 10.0.2.15@tcp [8/256/0/180]
00035 Lustre: Echo OBD driver; http://www.lustre.org/
00035 Lustre: 1727:0:(mdt_handler.c:64:mdt_max_mod_rpcs_per_client_set()) max_mod_rpcs_per_client is deprecated, set mdt.*.max_mod_rpcs_in_flight parameter instead
00036 ------------[ cut here ]------------
00036 WARNING: /home/ktest/git/linux/include/linux/fs.h:889 at osd_create+0x9cf/0xcf0 [osd_wbcfs], CPU#1: ll_mgs_0002/1724
00036 Modules linked in: mdt(O) lquota(O) lfsck(O) mgs(O) osd_wbcfs(O) lustre(O) obdecho(O) mgc(O) mdc(O) lov(O) osc(O) lmv(O) ec(O) fid(O) fld(O) ptlrpc(O) efivarfs obdclass(O) ksocklnd(O) lnet(O) libcfs(O)
00036 CPU: 1 UID: 0 PID: 1724 Comm: ll_mgs_0002 Tainted: G           O        7.0.0-ktest-fa4bb62-6330a45-20260727-dirty #1 PREEMPT 
00036 Tainted: [O]=OOT_MODULE
00036 Hardware name: QEMU Standard PC (Q35 + ICH9, 2009), BIOS 2025.11-3ubuntu7 03/31/2026
00036 RIP: 0010:osd_create+0x9cf/0xcf0 [osd_wbcfs]
00036 Code: c7 c7 00 96 7b a1 48 c7 c6 a0 12 7d a1 48 c7 c2 00 1c 7d a1 e8 52 f1 43 ff 48 c7 c7 00 96 7b a1 e8 46 81 44 ff e9 fe fc ff ff <0f> 0b e9 a5 fa ff ff 48 c7 c1 80 44 5d a0 80 e1 07 80 c1 03 38 c1
00036 RSP: 0018:ffffc9000132f740 EFLAGS: 00010246
00036 RAX: 0000000000000000 RBX: ffff88811a173400 RCX: 0000000000000046
00036 RDX: 0000000000000000 RSI: ffff888027cf7b68 RDI: ffff888108a5aaa8
00036 RBP: ffff888027cf7ad8 R08: ffffffff83a16803 R09: 1ffffffff0742d00
00036 R10: dffffc0000000000 R11: fffffbfff0742d01 R12: ffff88813406c000
00036 R13: dffffc0000000000 R14: 1ffff1102342e680 R15: 1ffff1102680d80f
00036 FS:  0000000000000000(0000) GS:ffff8881d4aad000(0000) knlGS:0000000000000000
00036 CS:  0010 DS: 0000 ES: 0000 CR0: 0000000080050033
00036 CR2: 00007f6130cee200 CR3: 0000000135892000 CR4: 0000000000750eb0
00036 PKRU: 55555554
00036 Call Trace:
00036  <TASK>
00036  ? local_object_create+0x109/0x640 [obdclass]
00036  ? dt_write_lock+0x16d/0x2a0 [obdclass]
00036  ? llog_osd_create+0x356/0x10d0 [obdclass]
00036  ? llog_create+0x2ed/0x530 [obdclass]
00036  ? llog_open_create+0x6e7/0xb30 [obdclass]
00036  ? mgs_find_or_make_fsdb_nolock+0x16d4/0x2d80 [mgs]
00036  ? class_find_param+0x25/0x70 [obdclass]
00036  ? mgs_find_or_make_fsdb+0xda/0x1f0 [mgs]
00036  ? mgs_target_reg+0x2333/0x4480 [mgs]
00036  ? tgt_request_handle+0x23ad/0x3d30 [ptlrpc]
00036  ? ptlrpc_main+0x6359/0x96f0 [ptlrpc]
00036  ? __kthread_parkme+0x73/0x130
00036  ? kthread+0x2cd/0x3a0
00036  ? ptlrpc_start_thread+0x1f10/0x1f10 [ptlrpc]
00036  ? kthread_unuse_mm+0x130/0x130
00036  ? ret_from_fork+0x18c/0x520
00036  ? kthread_unuse_mm+0x130/0x130
00036  ? ret_from_fork_asm+0x11/0x20
00036  </TASK>
00036 ---[ end trace 0000000000000000 ]---
00036 ------------[ cut here ]------------
00036 WARNING: /home/ktest/git/linux/include/linux/fs.h:889 at osd_create+0x9cf/0xcf0 [osd_wbcfs], CPU#1: ll_mgs_0002/1724
00036 Modules linked in: mdt(O) lquota(O) lfsck(O) mgs(O) osd_wbcfs(O) lustre(O) obdecho(O) mgc(O) mdc(O) lov(O) osc(O) lmv(O) ec(O) fid(O) fld(O) ptlrpc(O) efivarfs obdclass(O) ksocklnd(O) lnet(O) libcfs(O)
00036 CPU: 1 UID: 0 PID: 1724 Comm: ll_mgs_0002 Tainted: G        W  O        7.0.0-ktest-fa4bb62-6330a45-20260727-dirty #1 PREEMPT 
00036 Tainted: [W]=WARN, [O]=OOT_MODULE
00036 Hardware name: QEMU Standard PC (Q35 + ICH9, 2009), BIOS 2025.11-3ubuntu7 03/31/2026
00036 RIP: 0010:osd_create+0x9cf/0xcf0 [osd_wbcfs]
00036 Code: c7 c7 00 96 7b a1 48 c7 c6 a0 12 7d a1 48 c7 c2 00 1c 7d a1 e8 52 f1 43 ff 48 c7 c7 00 96 7b a1 e8 46 81 44 ff e9 fe fc ff ff <0f> 0b e9 a5 fa ff ff 48 c7 c1 80 44 5d a0 80 e1 07 80 c1 03 38 c1
00036 RSP: 0018:ffffc9000132f688 EFLAGS: 00010246
00036 RAX: 0000000000000000 RBX: ffff8881178c8800 RCX: 0000000000000046
00036 RDX: 0000000000000000 RSI: ffff888027cf7450 RDI: ffff888108a5aaa8
00036 RBP: ffff888027cf73c0 R08: ffffffff83a16803 R09: 1ffffffff0742d00
00036 R10: dffffc0000000000 R11: fffffbfff0742d01 R12: ffff88813406c000
00036 R13: dffffc0000000000 R14: 1ffff11022f19100 R15: 1ffff1102680d80f
00036 FS:  0000000000000000(0000) GS:ffff8881d4aad000(0000) knlGS:0000000000000000
00036 CS:  0010 DS: 0000 ES: 0000 CR0: 0000000080050033
00036 CR2: 00007f6130cee200 CR3: 0000000135892000 CR4: 0000000000750eb0
00036 PKRU: 55555554
00036 Call Trace:
00036  <TASK>
00036  ? local_object_create+0x109/0x640 [obdclass]
00036  ? dt_write_lock+0x16d/0x2a0 [obdclass]
00036  ? llog_osd_create+0x356/0x10d0 [obdclass]
00036  ? llog_create+0x2ed/0x530 [obdclass]
00036  ? llog_open_create+0x6e7/0xb30 [obdclass]
00036  ? record_start_log+0x348/0xa40 [mgs]
00036  ? mgs_write_log_lov+0x3ac/0xde0 [mgs]
00036  ? mgs_write_log_target+0x17a4/0x6ab0 [mgs]
00036  ? mgs_target_reg+0x254e/0x4480 [mgs]
00036  ? tgt_request_handle+0x23ad/0x3d30 [ptlrpc]
00036  ? ptlrpc_main+0x6359/0x96f0 [ptlrpc]
00036  ? __kthread_parkme+0x73/0x130
00036  ? kthread+0x2cd/0x3a0
00036  ? ptlrpc_start_thread+0x1f10/0x1f10 [ptlrpc]
00036  ? kthread_unuse_mm+0x130/0x130
00036  ? ret_from_fork+0x18c/0x520
00036  ? kthread_unuse_mm+0x130/0x130
00036  ? ret_from_fork_asm+0x11/0x20
00036  </TASK>
00036 ---[ end trace 0000000000000000 ]---
00036 ------------[ cut here ]------------
00036 WARNING: /home/ktest/git/linux/include/linux/fs.h:889 at osd_create+0x9cf/0xcf0 [osd_wbcfs], CPU#1: llog_process_th/1747
00036 Modules linked in: mdd(O) lod(O) mdt(O) lquota(O) lfsck(O) mgs(O) osd_wbcfs(O) lustre(O) obdecho(O) mgc(O) mdc(O) lov(O) osc(O) lmv(O) ec(O) fid(O) fld(O) ptlrpc(O) efivarfs obdclass(O) ksocklnd(O) lnet(O) libcfs(O)
00036 CPU: 1 UID: 0 PID: 1747 Comm: llog_process_th Tainted: G        W  O        7.0.0-ktest-fa4bb62-6330a45-20260727-dirty #1 PREEMPT 
00036 Tainted: [W]=WARN, [O]=OOT_MODULE
00036 Hardware name: QEMU Standard PC (Q35 + ICH9, 2009), BIOS 2025.11-3ubuntu7 03/31/2026
00036 RIP: 0010:osd_create+0x9cf/0xcf0 [osd_wbcfs]
00036 Code: c7 c7 00 96 7b a1 48 c7 c6 a0 12 7d a1 48 c7 c2 00 1c 7d a1 e8 52 f1 43 ff 48 c7 c7 00 96 7b a1 e8 46 81 44 ff e9 fe fc ff ff <0f> 0b e9 a5 fa ff ff 48 c7 c1 80 44 5d a0 80 e1 07 80 c1 03 38 c1
00036 RSP: 0018:ffffc90000b9f450 EFLAGS: 00010246
00036 RAX: 0000000000000000 RBX: ffff888023b42400 RCX: 0000000000000046
00036 RDX: ffffffff84c41d40 RSI: ffff888027cf6d38 RDI: ffff888138318998
00036 RBP: ffff888027cf6ca8 R08: 0000000000000001 R09: 0000000000000000
00036 R10: dffffc0000000000 R11: ffffed1004f9ed8a R12: ffff88811bc2a400
00036 R13: dffffc0000000000 R14: 1ffff11004768480 R15: 1ffff92000173ebf
00036 FS:  0000000000000000(0000) GS:ffff8881d4aad000(0000) knlGS:0000000000000000
00036 CS:  0010 DS: 0000 ES: 0000 CR0: 0000000080050033
00036 CR2: 000055c51a407280 CR3: 0000000074758000 CR4: 0000000000750eb0
00036 PKRU: 55555554
00036 Call Trace:
00036  <TASK>
00036  ? dt_find_or_create+0x81a/0x1170 [obdclass]
00036  ? fld_index_init+0x404/0x1610 [fld]
00036  ? is_module_address+0x1b/0x70
00036  ? is_module_address+0x5e/0x70
00036  ? __asan_memset+0x22/0x40
00036  ? fld_server_init+0x1d7/0x580 [fld]
00036  ? mdt_device_alloc+0x36b4/0x66c0 [mdt]
00036  ? __alloc_tagging_slab_alloc_hook+0x136/0x190
00036  ? obd_setup+0x25c/0x950 [obdclass]
00036  ? class_setup+0xc7d/0x10e0 [obdclass]
00036  ? class_process_config+0x2edb/0x7cb0 [obdclass]
00036  ? __kasan_kmalloc+0x72/0x80
00036  ? class_config_llog_handler+0x2954/0x4f80 [obdclass]
00036  ? class_config_llog_handler+0x2cea/0x4f80 [obdclass]
00036  ? lustre_cfg_rec_free+0x350/0x350 [obdclass]
00036  ? llog_process_thread+0x1fd2/0x4f70 [obdclass]
00036  ? _raw_spin_unlock+0x23/0x40
00036  ? llog_process_thread_daemonize+0x16d/0x1b0 [obdclass]
00036  ? kthread+0x2cd/0x3a0
00036  ? llog_process_or_fork+0xc90/0xc90 [obdclass]
00036  ? kthread_unuse_mm+0x130/0x130
00036  ? ret_from_fork+0x18c/0x520
00036  ? kthread_unuse_mm+0x130/0x130
00036  ? ret_from_fork_asm+0x11/0x20
00036  </TASK>
00036 ---[ end trace 0000000000000000 ]---
00036 ------------[ cut here ]------------
00036 WARNING: /home/ktest/git/linux/include/linux/fs.h:889 at osd_create+0x9cf/0xcf0 [osd_wbcfs], CPU#1: llog_process_th/1747
00036 Modules linked in: mdd(O) lod(O) mdt(O) lquota(O) lfsck(O) mgs(O) osd_wbcfs(O) lustre(O) obdecho(O) mgc(O) mdc(O) lov(O) osc(O) lmv(O) ec(O) fid(O) fld(O) ptlrpc(O) efivarfs obdclass(O) ksocklnd(O) lnet(O) libcfs(O)
00036 CPU: 1 UID: 0 PID: 1747 Comm: llog_process_th Tainted: G        W  O        7.0.0-ktest-fa4bb62-6330a45-20260727-dirty #1 PREEMPT 
00036 Tainted: [W]=WARN, [O]=OOT_MODULE
00036 Hardware name: QEMU Standard PC (Q35 + ICH9, 2009), BIOS 2025.11-3ubuntu7 03/31/2026
00036 RIP: 0010:osd_create+0x9cf/0xcf0 [osd_wbcfs]
00036 Code: c7 c7 00 96 7b a1 48 c7 c6 a0 12 7d a1 48 c7 c2 00 1c 7d a1 e8 52 f1 43 ff 48 c7 c7 00 96 7b a1 e8 46 81 44 ff e9 fe fc ff ff <0f> 0b e9 a5 fa ff ff 48 c7 c1 80 44 5d a0 80 e1 07 80 c1 03 38 c1
00036 RSP: 0018:ffffc90000b9f430 EFLAGS: 00010246
00036 RAX: 0000000000000000 RBX: ffff888023b40c00 RCX: 0000000000000046
00036 RDX: 0000000000000000 RSI: ffff888027cf6620 RDI: ffff888138318998
00036 RBP: ffff888027cf6590 R08: ffffffff83a16803 R09: 1ffffffff0742d00
00036 R10: dffffc0000000000 R11: fffffbfff0742d01 R12: ffffc90000b9f530
00036 R13: dffffc0000000000 R14: 1ffff11004768180 R15: 1ffff92000173ea4
00036 FS:  0000000000000000(0000) GS:ffff8881d4aad000(0000) knlGS:0000000000000000
00036 CS:  0010 DS: 0000 ES: 0000 CR0: 0000000080050033
00036 CR2: 000055c51a407280 CR3: 0000000074758000 CR4: 0000000000750eb0
00036 PKRU: 55555554
00036 Call Trace:
00036  <TASK>
00036  ? dt_find_or_create+0x81a/0x1170 [obdclass]
00036  ? seq_store_init+0x155/0x360 [fid]
00036  ? seq_server_init+0x290/0xba0 [fid]
00036  ? mdt_seq_init+0x513/0x1ef0 [mdt]
00036  ? fld_server_init+0x34e/0x580 [fld]
00036  ? mdt_device_alloc+0x39c5/0x66c0 [mdt]
00036  ? __alloc_tagging_slab_alloc_hook+0x136/0x190
00036  ? obd_setup+0x25c/0x950 [obdclass]
00036  ? class_setup+0xc7d/0x10e0 [obdclass]
00036  ? class_process_config+0x2edb/0x7cb0 [obdclass]
00036  ? __kasan_kmalloc+0x72/0x80
00036  ? class_config_llog_handler+0x2954/0x4f80 [obdclass]
00036  ? class_config_llog_handler+0x2cea/0x4f80 [obdclass]
00036  ? lustre_cfg_rec_free+0x350/0x350 [obdclass]
00036  ? llog_process_thread+0x1fd2/0x4f70 [obdclass]
00036  ? _raw_spin_unlock+0x23/0x40
00036  ? llog_process_thread_daemonize+0x16d/0x1b0 [obdclass]
00036  ? kthread+0x2cd/0x3a0
00036  ? llog_process_or_fork+0xc90/0xc90 [obdclass]
00036  ? kthread_unuse_mm+0x130/0x130
00036  ? ret_from_fork+0x18c/0x520
00036  ? kthread_unuse_mm+0x130/0x130
00036  ? ret_from_fork_asm+0x11/0x20
00036  </TASK>
00036 ---[ end trace 0000000000000000 ]---
00036 Lustre: ctl-lustre-MDT0000: No data found on store. Initialize space.
00036 ------------[ cut here ]------------
00036 WARNING: /home/ktest/git/linux/include/linux/fs.h:889 at osd_create+0x9cf/0xcf0 [osd_wbcfs], CPU#1: llog_process_th/1747
00036 Modules linked in: mdd(O) lod(O) mdt(O) lquota(O) lfsck(O) mgs(O) osd_wbcfs(O) lustre(O) obdecho(O) mgc(O) mdc(O) lov(O) osc(O) lmv(O) ec(O) fid(O) fld(O) ptlrpc(O) efivarfs obdclass(O) ksocklnd(O) lnet(O) libcfs(O)
00036 CPU: 1 UID: 0 PID: 1747 Comm: llog_process_th Tainted: G        W  O        7.0.0-ktest-fa4bb62-6330a45-20260727-dirty #1 PREEMPT 
00036 Tainted: [W]=WARN, [O]=OOT_MODULE
00036 Hardware name: QEMU Standard PC (Q35 + ICH9, 2009), BIOS 2025.11-3ubuntu7 03/31/2026
00036 RIP: 0010:osd_create+0x9cf/0xcf0 [osd_wbcfs]
00036 Code: c7 c7 00 96 7b a1 48 c7 c6 a0 12 7d a1 48 c7 c2 00 1c 7d a1 e8 52 f1 43 ff 48 c7 c7 00 96 7b a1 e8 46 81 44 ff e9 fe fc ff ff <0f> 0b e9 a5 fa ff ff 48 c7 c1 80 44 5d a0 80 e1 07 80 c1 03 38 c1
00036 RSP: 0018:ffffc90000b9f430 EFLAGS: 00010246
00036 RAX: 0000000000000000 RBX: ffff888023b42c00 RCX: 0000000000000046
00036 RDX: 0000000000000000 RSI: ffff888027cf5f08 RDI: ffff888138318998
00036 RBP: ffff888027cf5e78 R08: ffffffff83a16803 R09: 1ffffffff0742d00
00036 R10: dffffc0000000000 R11: fffffbfff0742d01 R12: ffffc90000b9f530
00036 R13: dffffc0000000000 R14: 1ffff11004768580 R15: 1ffff92000173ea4
00036 FS:  0000000000000000(0000) GS:ffff8881d4aad000(0000) knlGS:0000000000000000
00036 CS:  0010 DS: 0000 ES: 0000 CR0: 0000000080050033
00036 CR2: 000055c51a407280 CR3: 0000000074758000 CR4: 0000000000750eb0
00036 PKRU: 55555554
00036 Call Trace:
00036  <TASK>
00036  ? dt_find_or_create+0x81a/0x1170 [obdclass]
00036  ? seq_store_init+0x155/0x360 [fid]
00036  ? seq_server_init+0x290/0xba0 [fid]
00036  ? mdt_seq_init+0x2c1/0x1ef0 [mdt]
00036  ? fld_server_init+0x34e/0x580 [fld]
00036  ? mdt_device_alloc+0x39c5/0x66c0 [mdt]
00036  ? __alloc_tagging_slab_alloc_hook+0x136/0x190
00036  ? obd_setup+0x25c/0x950 [obdclass]
00036  ? class_setup+0xc7d/0x10e0 [obdclass]
00036  ? class_process_config+0x2edb/0x7cb0 [obdclass]
00036  ? __kasan_kmalloc+0x72/0x80
00036  ? class_config_llog_handler+0x2954/0x4f80 [obdclass]
00036  ? class_config_llog_handler+0x2cea/0x4f80 [obdclass]
00036  ? lustre_cfg_rec_free+0x350/0x350 [obdclass]
00036  ? llog_process_thread+0x1fd2/0x4f70 [obdclass]
00036  ? _raw_spin_unlock+0x23/0x40
00036  ? llog_process_thread_daemonize+0x16d/0x1b0 [obdclass]
00036  ? kthread+0x2cd/0x3a0
00036  ? llog_process_or_fork+0xc90/0xc90 [obdclass]
00036  ? kthread_unuse_mm+0x130/0x130
00036  ? ret_from_fork+0x18c/0x520
00036  ? kthread_unuse_mm+0x130/0x130
00036  ? ret_from_fork_asm+0x11/0x20
00036  </TASK>
00036 ---[ end trace 0000000000000000 ]---
00036 ------------[ cut here ]------------
00036 WARNING: /home/ktest/git/linux/include/linux/fs.h:889 at osd_create+0x9cf/0xcf0 [osd_wbcfs], CPU#2: llog_process_th/1747
00036 Modules linked in: mdd(O) lod(O) mdt(O) lquota(O) lfsck(O) mgs(O) osd_wbcfs(O) lustre(O) obdecho(O) mgc(O) mdc(O) lov(O) osc(O) lmv(O) ec(O) fid(O) fld(O) ptlrpc(O) efivarfs obdclass(O) ksocklnd(O) lnet(O) libcfs(O)
00036 CPU: 2 UID: 0 PID: 1747 Comm: llog_process_th Tainted: G        W  O        7.0.0-ktest-fa4bb62-6330a45-20260727-dirty #1 PREEMPT 
00036 Tainted: [W]=WARN, [O]=OOT_MODULE
00036 Hardware name: QEMU Standard PC (Q35 + ICH9, 2009), BIOS 2025.11-3ubuntu7 03/31/2026
00036 RIP: 0010:osd_create+0x9cf/0xcf0 [osd_wbcfs]
00036 Code: c7 c7 00 96 7b a1 48 c7 c6 a0 12 7d a1 48 c7 c2 00 1c 7d a1 e8 52 f1 43 ff 48 c7 c7 00 96 7b a1 e8 46 81 44 ff e9 fe fc ff ff <0f> 0b e9 a5 fa ff ff 48 c7 c1 80 44 5d a0 80 e1 07 80 c1 03 38 c1
00036 RSP: 0018:ffffc90000b9f470 EFLAGS: 00010246
00036 RAX: 0000000000000000 RBX: ffff8881179eb000 RCX: 0000000000000046
00036 RDX: 0000000000000000 RSI: ffff88802d3250d8 RDI: ffff888138318998
00036 RBP: ffff88802d325048 R08: ffffffff83a16803 R09: 1ffffffff0742d00
00036 R10: dffffc0000000000 R11: fffffbfff0742d01 R12: ffffc90000b9f5e0
00036 R13: dffffc0000000000 R14: 1ffff11022f3d600 R15: 1ffff92000173ec9
00036 FS:  0000000000000000(0000) GS:ffff8881d4b2d000(0000) knlGS:0000000000000000
00036 CS:  0010 DS: 0000 ES: 0000 CR0: 0000000080050033
00036 CR2: 000055c51a4881a8 CR3: 00000001019c3000 CR4: 0000000000750eb0
00036 PKRU: 55555554
00036 Call Trace:
00036  <TASK>
00036  ? dt_find_or_create+0x81a/0x1170 [obdclass]
00036  ? tgt_init+0xb72/0x2a60 [ptlrpc]
00036  ? mdt_device_alloc+0x3ce7/0x66c0 [mdt]
00036  ? __alloc_tagging_slab_alloc_hook+0x136/0x190
00036  ? obd_setup+0x25c/0x950 [obdclass]
00036  ? class_setup+0xc7d/0x10e0 [obdclass]
00036  ? class_process_config+0x2edb/0x7cb0 [obdclass]
00036  ? __kasan_kmalloc+0x72/0x80
00036  ? class_config_llog_handler+0x2954/0x4f80 [obdclass]
00036  ? class_config_llog_handler+0x2cea/0x4f80 [obdclass]
00036  ? lustre_cfg_rec_free+0x350/0x350 [obdclass]
00036  ? llog_process_thread+0x1fd2/0x4f70 [obdclass]
00036  ? _raw_spin_unlock+0x23/0x40
00036  ? llog_process_thread_daemonize+0x16d/0x1b0 [obdclass]
00036  ? kthread+0x2cd/0x3a0
00036  ? llog_process_or_fork+0xc90/0xc90 [obdclass]
00036  ? kthread_unuse_mm+0x130/0x130
00036  ? ret_from_fork+0x18c/0x520
00036  ? kthread_unuse_mm+0x130/0x130
00036  ? ret_from_fork_asm+0x11/0x20
00036  </TASK>
00036 ---[ end trace 0000000000000000 ]---
00036 Lustre: lustre-MDT0000: new disk, initializing
00036 ------------[ cut here ]------------
00036 WARNING: /home/ktest/git/linux/include/linux/fs.h:889 at osd_create+0x9cf/0xcf0 [osd_wbcfs], CPU#2: llog_process_th/1747
00036 Modules linked in: mdd(O) lod(O) mdt(O) lquota(O) lfsck(O) mgs(O) osd_wbcfs(O) lustre(O) obdecho(O) mgc(O) mdc(O) lov(O) osc(O) lmv(O) ec(O) fid(O) fld(O) ptlrpc(O) efivarfs obdclass(O) ksocklnd(O) lnet(O) libcfs(O)
00036 CPU: 2 UID: 0 PID: 1747 Comm: llog_process_th Tainted: G        W  O        7.0.0-ktest-fa4bb62-6330a45-20260727-dirty #1 PREEMPT 
00036 Tainted: [W]=WARN, [O]=OOT_MODULE
00036 Hardware name: QEMU Standard PC (Q35 + ICH9, 2009), BIOS 2025.11-3ubuntu7 03/31/2026
00036 RIP: 0010:osd_create+0x9cf/0xcf0 [osd_wbcfs]
00036 Code: c7 c7 00 96 7b a1 48 c7 c6 a0 12 7d a1 48 c7 c2 00 1c 7d a1 e8 52 f1 43 ff 48 c7 c7 00 96 7b a1 e8 46 81 44 ff e9 fe fc ff ff <0f> 0b e9 a5 fa ff ff 48 c7 c1 80 44 5d a0 80 e1 07 80 c1 03 38 c1
00036 RSP: 0018:ffffc90000b9f470 EFLAGS: 00010246
00036 RAX: 0000000000000000 RBX: ffff8881179d5400 RCX: 0000000000000046
00036 RDX: 0000000000000000 RSI: ffff88802d3249c0 RDI: ffff888138318998
00036 RBP: ffff88802d324930 R08: ffffffff83a16803 R09: 1ffffffff0742d00
00036 R10: dffffc0000000000 R11: fffffbfff0742d01 R12: ffffc90000b9f5e0
00036 R13: dffffc0000000000 R14: 1ffff11022f3aa80 R15: 1ffff92000173ec9
00036 FS:  0000000000000000(0000) GS:ffff8881d4b2d000(0000) knlGS:0000000000000000
00036 CS:  0010 DS: 0000 ES: 0000 CR0: 0000000080050033
00036 CR2: 000055c51a4881a8 CR3: 00000001019c3000 CR4: 0000000000750eb0
00036 PKRU: 55555554
00036 Call Trace:
00036  <TASK>
00036  ? dt_find_or_create+0x81a/0x1170 [obdclass]
00036  ? tgt_init+0x1a98/0x2a60 [ptlrpc]
00036  ? mdt_device_alloc+0x3ce7/0x66c0 [mdt]
00036  ? __alloc_tagging_slab_alloc_hook+0x136/0x190
00036  ? obd_setup+0x25c/0x950 [obdclass]
00036  ? class_setup+0xc7d/0x10e0 [obdclass]
00036  ? class_process_config+0x2edb/0x7cb0 [obdclass]
00036  ? __kasan_kmalloc+0x72/0x80
00036  ? class_config_llog_handler+0x2954/0x4f80 [obdclass]
00036  ? class_config_llog_handler+0x2cea/0x4f80 [obdclass]
00036  ? lustre_cfg_rec_free+0x350/0x350 [obdclass]
00036  ? llog_process_thread+0x1fd2/0x4f70 [obdclass]
00036  ? _raw_spin_unlock+0x23/0x40
00036  ? llog_process_thread_daemonize+0x16d/0x1b0 [obdclass]
00036  ? kthread+0x2cd/0x3a0
00036  ? llog_process_or_fork+0xc90/0xc90 [obdclass]
00036  ? kthread_unuse_mm+0x130/0x130
00036  ? ret_from_fork+0x18c/0x520
00036  ? kthread_unuse_mm+0x130/0x130
00036  ? ret_from_fork_asm+0x11/0x20
00036  </TASK>
00036 ---[ end trace 0000000000000000 ]---
00036 ------------[ cut here ]------------
00036 WARNING: /home/ktest/git/linux/include/linux/fs.h:889 at osd_create+0x9cf/0xcf0 [osd_wbcfs], CPU#2: llog_process_th/1747
00036 Modules linked in: mdd(O) lod(O) mdt(O) lquota(O) lfsck(O) mgs(O) osd_wbcfs(O) lustre(O) obdecho(O) mgc(O) mdc(O) lov(O) osc(O) lmv(O) ec(O) fid(O) fld(O) ptlrpc(O) efivarfs obdclass(O) ksocklnd(O) lnet(O) libcfs(O)
00036 CPU: 2 UID: 0 PID: 1747 Comm: llog_process_th Tainted: G        W  O        7.0.0-ktest-fa4bb62-6330a45-20260727-dirty #1 PREEMPT 
00036 Tainted: [W]=WARN, [O]=OOT_MODULE
00036 Hardware name: QEMU Standard PC (Q35 + ICH9, 2009), BIOS 2025.11-3ubuntu7 03/31/2026
00036 RIP: 0010:osd_create+0x9cf/0xcf0 [osd_wbcfs]
00036 Code: c7 c7 00 96 7b a1 48 c7 c6 a0 12 7d a1 48 c7 c2 00 1c 7d a1 e8 52 f1 43 ff 48 c7 c7 00 96 7b a1 e8 46 81 44 ff e9 fe fc ff ff <0f> 0b e9 a5 fa ff ff 48 c7 c1 80 44 5d a0 80 e1 07 80 c1 03 38 c1
00036 RSP: 0018:ffffc90000b9f370 EFLAGS: 00010246
00036 RAX: 0000000000000000 RBX: ffff8880182fd000 RCX: 0000000000000046
00036 RDX: 0000000000000000 RSI: ffff88802d3242a8 RDI: ffff888138318998
00036 RBP: ffff88802d324218 R08: ffffffff83a16803 R09: 1ffffffff0742d00
00036 R10: dffffc0000000000 R11: fffffbfff0742d01 R12: ffff88802ef45418
00036 R13: dffffc0000000000 R14: 1ffff1100305fa00 R15: 1ffff11005de8a92
00036 FS:  0000000000000000(0000) GS:ffff8881d4b2d000(0000) knlGS:0000000000000000
00036 CS:  0010 DS: 0000 ES: 0000 CR0: 0000000080050033
00036 CR2: 000055c51a4881a8 CR3: 00000001019c3000 CR4: 0000000000750eb0
00036 PKRU: 55555554
00036 Call Trace:
00036  <TASK>
00036  ? local_object_create+0x109/0x640 [obdclass]
00036  ? dt_write_lock+0x16d/0x2a0 [obdclass]
00036  ? __local_file_create+0xce4/0x1bc0 [obdclass]
00036  ? local_file_find_or_create+0x13c/0x1d0 [obdclass]
00036  ? lquota_disk_dir_find_create+0x31f/0xd10 [lquota]
00036  ? qmt_device_prepare+0x122/0x600 [lquota]
00036  ? mdt_quota_init+0x1a65/0x3220 [mdt]
00036  ? mdt_tunables_init+0x3e6/0x530 [mdt]
00036  ? mdt_device_alloc+0x46a6/0x66c0 [mdt]
00036  ? obd_setup+0x25c/0x950 [obdclass]
00036  ? class_setup+0xc7d/0x10e0 [obdclass]
00036  ? class_process_config+0x2edb/0x7cb0 [obdclass]
00036  ? __kasan_kmalloc+0x72/0x80
00036  ? class_config_llog_handler+0x2954/0x4f80 [obdclass]
00036  ? class_config_llog_handler+0x2cea/0x4f80 [obdclass]
00036  ? lustre_cfg_rec_free+0x350/0x350 [obdclass]
00036  ? llog_process_thread+0x1fd2/0x4f70 [obdclass]
00036  ? _raw_spin_unlock+0x23/0x40
00036  ? llog_process_thread_daemonize+0x16d/0x1b0 [obdclass]
00036  ? kthread+0x2cd/0x3a0
00036  ? llog_process_or_fork+0xc90/0xc90 [obdclass]
00036  ? kthread_unuse_mm+0x130/0x130
00036  ? ret_from_fork+0x18c/0x520
00036  ? kthread_unuse_mm+0x130/0x130
00036  ? ret_from_fork_asm+0x11/0x20
00036  </TASK>
00036 ---[ end trace 0000000000000000 ]---
00036 ------------[ cut here ]------------
00036 WARNING: /home/ktest/git/linux/include/linux/fs.h:889 at osd_create+0x9cf/0xcf0 [osd_wbcfs], CPU#2: llog_process_th/1747
00036 Modules linked in: mdd(O) lod(O) mdt(O) lquota(O) lfsck(O) mgs(O) osd_wbcfs(O) lustre(O) obdecho(O) mgc(O) mdc(O) lov(O) osc(O) lmv(O) ec(O) fid(O) fld(O) ptlrpc(O) efivarfs obdclass(O) ksocklnd(O) lnet(O) libcfs(O)
00036 CPU: 2 UID: 0 PID: 1747 Comm: llog_process_th Tainted: G        W  O        7.0.0-ktest-fa4bb62-6330a45-20260727-dirty #1 PREEMPT 
00036 Tainted: [W]=WARN, [O]=OOT_MODULE
00036 Hardware name: QEMU Standard PC (Q35 + ICH9, 2009), BIOS 2025.11-3ubuntu7 03/31/2026
00036 RIP: 0010:osd_create+0x9cf/0xcf0 [osd_wbcfs]
00036 Code: c7 c7 00 96 7b a1 48 c7 c6 a0 12 7d a1 48 c7 c2 00 1c 7d a1 e8 52 f1 43 ff 48 c7 c7 00 96 7b a1 e8 46 81 44 ff e9 fe fc ff ff <0f> 0b e9 a5 fa ff ff 48 c7 c1 80 44 5d a0 80 e1 07 80 c1 03 38 c1
00036 RSP: 0018:ffffc90000b9f270 EFLAGS: 00010246
00036 RAX: 0000000000000000 RBX: ffff8880182fc000 RCX: 0000000000000046
00036 RDX: 0000000000000000 RSI: ffff88802d323b90 RDI: ffff888138318998
00036 RBP: ffff88802d323b00 R08: ffffffff83a16803 R09: 1ffffffff0742d00
00036 R10: dffffc0000000000 R11: fffffbfff0742d01 R12: ffff88802ef45418
00036 R13: dffffc0000000000 R14: 1ffff1100305f800 R15: 1ffff11005de8a92
00036 FS:  0000000000000000(0000) GS:ffff8881d4b2d000(0000) knlGS:0000000000000000
00036 CS:  0010 DS: 0000 ES: 0000 CR0: 0000000080050033
00036 CR2: 000055c51a4881a8 CR3: 00000001019c3000 CR4: 0000000000750eb0
00036 PKRU: 55555554
00036 Call Trace:
00036  <TASK>
00036  ? local_object_create+0x109/0x640 [obdclass]
00036  ? dt_write_lock+0x16d/0x2a0 [obdclass]
00036  ? __local_file_create+0xce4/0x1bc0 [obdclass]
00036  ? local_file_find_or_create+0x13c/0x1d0 [obdclass]
00036  ? lquota_disk_dir_find_create+0x31f/0xd10 [lquota]
00036  ? qmt_pool_prepare+0x3ee/0x16f0 [lquota]
00036  ? qmt_device_prepare+0x22a/0x600 [lquota]
00036  ? mdt_quota_init+0x1a65/0x3220 [mdt]
00036  ? mdt_tunables_init+0x3e6/0x530 [mdt]
00036  ? mdt_device_alloc+0x46a6/0x66c0 [mdt]
00036  ? obd_setup+0x25c/0x950 [obdclass]
00036  ? class_setup+0xc7d/0x10e0 [obdclass]
00036  ? class_process_config+0x2edb/0x7cb0 [obdclass]
00036  ? __kasan_kmalloc+0x72/0x80
00036  ? class_config_llog_handler+0x2954/0x4f80 [obdclass]
00036  ? class_config_llog_handler+0x2cea/0x4f80 [obdclass]
00036  ? lustre_cfg_rec_free+0x350/0x350 [obdclass]
00036  ? llog_process_thread+0x1fd2/0x4f70 [obdclass]
00036  ? _raw_spin_unlock+0x23/0x40
00036  ? llog_process_thread_daemonize+0x16d/0x1b0 [obdclass]
00036  ? kthread+0x2cd/0x3a0
00036  ? llog_process_or_fork+0xc90/0xc90 [obdclass]
00036  ? kthread_unuse_mm+0x130/0x130
00036  ? ret_from_fork+0x18c/0x520
00036  ? kthread_unuse_mm+0x130/0x130
00036  ? ret_from_fork_asm+0x11/0x20
00036  </TASK>
00036 ---[ end trace 0000000000000000 ]---
00036 ------------[ cut here ]------------
00036 WARNING: /home/ktest/git/linux/include/linux/fs.h:889 at osd_create+0x9cf/0xcf0 [osd_wbcfs], CPU#2: llog_process_th/1747
00036 Modules linked in: mdd(O) lod(O) mdt(O) lquota(O) lfsck(O) mgs(O) osd_wbcfs(O) lustre(O) obdecho(O) mgc(O) mdc(O) lov(O) osc(O) lmv(O) ec(O) fid(O) fld(O) ptlrpc(O) efivarfs obdclass(O) ksocklnd(O) lnet(O) libcfs(O)
00036 CPU: 2 UID: 0 PID: 1747 Comm: llog_process_th Tainted: G        W  O        7.0.0-ktest-fa4bb62-6330a45-20260727-dirty #1 PREEMPT 
00036 Tainted: [W]=WARN, [O]=OOT_MODULE
00036 Hardware name: QEMU Standard PC (Q35 + ICH9, 2009), BIOS 2025.11-3ubuntu7 03/31/2026
00036 RIP: 0010:osd_create+0x9cf/0xcf0 [osd_wbcfs]
00036 Code: c7 c7 00 96 7b a1 48 c7 c6 a0 12 7d a1 48 c7 c2 00 1c 7d a1 e8 52 f1 43 ff 48 c7 c7 00 96 7b a1 e8 46 81 44 ff e9 fe fc ff ff <0f> 0b e9 a5 fa ff ff 48 c7 c1 80 44 5d a0 80 e1 07 80 c1 03 38 c1
00036 RSP: 0018:ffffc90000b9f258 EFLAGS: 00010246
00036 RAX: 0000000000000000 RBX: ffff8880191d9400 RCX: 0000000000000046
00036 RDX: ffffffff84c41d40 RSI: ffff88802d323478 RDI: ffff888138318998
00036 RBP: ffff88802d3233e8 R08: 0000000000000001 R09: 0000000000000000
00036 R10: dffffc0000000000 R11: ffffed1005a64672 R12: ffff88802ef45418
00036 R13: dffffc0000000000 R14: 1ffff1100323b280 R15: 1ffff11005de8a92
00036 FS:  0000000000000000(0000) GS:ffff8881d4b2d000(0000) knlGS:0000000000000000
00036 CS:  0010 DS: 0000 ES: 0000 CR0: 0000000080050033
00036 CR2: 000055c51a4881a8 CR3: 00000001019c3000 CR4: 0000000000750eb0
00036 PKRU: 55555554
00036 Call Trace:
00036  <TASK>
00036  ? local_object_create+0x109/0x640 [obdclass]
00036  ? dt_write_lock+0x16d/0x2a0 [obdclass]
00036  ? __local_file_create+0xce4/0x1bc0 [obdclass]
00036  ? local_index_find_or_create_with_fid+0x20d/0x3c0 [obdclass]
00036  ? lquota_disk_glb_find_create+0x3e7/0xe50 [lquota]
00036  ? qmt_pool_prepare+0x5af/0x16f0 [lquota]
00036  ? qmt_device_prepare+0x22a/0x600 [lquota]
00036  ? mdt_quota_init+0x1a65/0x3220 [mdt]
00036  ? mdt_tunables_init+0x3e6/0x530 [mdt]
00036  ? mdt_device_alloc+0x46a6/0x66c0 [mdt]
00036  ? obd_setup+0x25c/0x950 [obdclass]
00036  ? class_setup+0xc7d/0x10e0 [obdclass]
00036  ? class_process_config+0x2edb/0x7cb0 [obdclass]
00036  ? __kasan_kmalloc+0x72/0x80
00036  ? class_config_llog_handler+0x2954/0x4f80 [obdclass]
00036  ? class_config_llog_handler+0x2cea/0x4f80 [obdclass]
00036  ? lustre_cfg_rec_free+0x350/0x350 [obdclass]
00036  ? llog_process_thread+0x1fd2/0x4f70 [obdclass]
00036  ? _raw_spin_unlock+0x23/0x40
00036  ? llog_process_thread_daemonize+0x16d/0x1b0 [obdclass]
00036  ? kthread+0x2cd/0x3a0
00036  ? llog_process_or_fork+0xc90/0xc90 [obdclass]
00036  ? kthread_unuse_mm+0x130/0x130
00036  ? ret_from_fork+0x18c/0x520
00036  ? kthread_unuse_mm+0x130/0x130
00036  ? ret_from_fork_asm+0x11/0x20
00036  </TASK>
00036 ---[ end trace 0000000000000000 ]---
00036 ------------[ cut here ]------------
00036 WARNING: /home/ktest/git/linux/include/linux/fs.h:889 at osd_create+0x9cf/0xcf0 [osd_wbcfs], CPU#2: llog_process_th/1747
00036 Modules linked in: mdd(O) lod(O) mdt(O) lquota(O) lfsck(O) mgs(O) osd_wbcfs(O) lustre(O) obdecho(O) mgc(O) mdc(O) lov(O) osc(O) lmv(O) ec(O) fid(O) fld(O) ptlrpc(O) efivarfs obdclass(O) ksocklnd(O) lnet(O) libcfs(O)
00036 CPU: 2 UID: 0 PID: 1747 Comm: llog_process_th Tainted: G        W  O        7.0.0-ktest-fa4bb62-6330a45-20260727-dirty #1 PREEMPT 
00036 Tainted: [W]=WARN, [O]=OOT_MODULE
00036 Hardware name: QEMU Standard PC (Q35 + ICH9, 2009), BIOS 2025.11-3ubuntu7 03/31/2026
00036 RIP: 0010:osd_create+0x9cf/0xcf0 [osd_wbcfs]
00036 Code: c7 c7 00 96 7b a1 48 c7 c6 a0 12 7d a1 48 c7 c2 00 1c 7d a1 e8 52 f1 43 ff 48 c7 c7 00 96 7b a1 e8 46 81 44 ff e9 fe fc ff ff <0f> 0b e9 a5 fa ff ff 48 c7 c1 80 44 5d a0 80 e1 07 80 c1 03 38 c1
00036 RSP: 0018:ffffc90000b9f258 EFLAGS: 00010246
00036 RAX: 0000000000000000 RBX: ffff8880191dbc00 RCX: 0000000000000046
00036 RDX: ffffffff84c41d40 RSI: ffff88802d322d60 RDI: ffff888138318998
00036 RBP: ffff88802d322cd0 R08: 0000000000000001 R09: 0000000000000000
00036 R10: dffffc0000000000 R11: ffffed1005a6458f R12: ffff88802ef45418
00036 R13: dffffc0000000000 R14: 1ffff1100323b780 R15: 1ffff11005de8a92
00036 FS:  0000000000000000(0000) GS:ffff8881d4b2d000(0000) knlGS:0000000000000000
00036 CS:  0010 DS: 0000 ES: 0000 CR0: 0000000080050033
00036 CR2: 000055c51a4881a8 CR3: 00000001019c3000 CR4: 0000000000750eb0
00036 PKRU: 55555554
00036 Call Trace:
00036  <TASK>
00036  ? local_object_create+0x109/0x640 [obdclass]
00036  ? dt_write_lock+0x16d/0x2a0 [obdclass]
00036  ? __local_file_create+0xce4/0x1bc0 [obdclass]
00036  ? local_index_find_or_create_with_fid+0x20d/0x3c0 [obdclass]
00036  ? lquota_disk_glb_find_create+0x3e7/0xe50 [lquota]
00036  ? lprocfs_seq_create+0x120/0x340 [obdclass]
00036  ? qmt_pool_prepare+0x5af/0x16f0 [lquota]
00036  ? qmt_device_prepare+0x22a/0x600 [lquota]
00036  ? mdt_quota_init+0x1a65/0x3220 [mdt]
00036  ? mdt_tunables_init+0x3e6/0x530 [mdt]
00036  ? mdt_device_alloc+0x46a6/0x66c0 [mdt]
00036  ? obd_setup+0x25c/0x950 [obdclass]
00036  ? class_setup+0xc7d/0x10e0 [obdclass]
00036  ? class_process_config+0x2edb/0x7cb0 [obdclass]
00036  ? __kasan_kmalloc+0x72/0x80
00036  ? class_config_llog_handler+0x2954/0x4f80 [obdclass]
00036  ? class_config_llog_handler+0x2cea/0x4f80 [obdclass]
00036  ? lustre_cfg_rec_free+0x350/0x350 [obdclass]
00036  ? llog_process_thread+0x1fd2/0x4f70 [obdclass]
00036  ? _raw_spin_unlock+0x23/0x40
00036  ? llog_process_thread_daemonize+0x16d/0x1b0 [obdclass]
00036  ? kthread+0x2cd/0x3a0
00036  ? llog_process_or_fork+0xc90/0xc90 [obdclass]
00036  ? kthread_unuse_mm+0x130/0x130
00036  ? ret_from_fork+0x18c/0x520
00036  ? kthread_unuse_mm+0x130/0x130
00036  ? ret_from_fork_asm+0x11/0x20
00036  </TASK>
00036 ---[ end trace 0000000000000000 ]---
00036 ------------[ cut here ]------------
00036 WARNING: /home/ktest/git/linux/include/linux/fs.h:889 at osd_create+0x9cf/0xcf0 [osd_wbcfs], CPU#2: llog_process_th/1747
00036 Modules linked in: mdd(O) lod(O) mdt(O) lquota(O) lfsck(O) mgs(O) osd_wbcfs(O) lustre(O) obdecho(O) mgc(O) mdc(O) lov(O) osc(O) lmv(O) ec(O) fid(O) fld(O) ptlrpc(O) efivarfs obdclass(O) ksocklnd(O) lnet(O) libcfs(O)
00036 CPU: 2 UID: 0 PID: 1747 Comm: llog_process_th Tainted: G        W  O        7.0.0-ktest-fa4bb62-6330a45-20260727-dirty #1 PREEMPT 
00036 Tainted: [W]=WARN, [O]=OOT_MODULE
00036 Hardware name: QEMU Standard PC (Q35 + ICH9, 2009), BIOS 2025.11-3ubuntu7 03/31/2026
00036 RIP: 0010:osd_create+0x9cf/0xcf0 [osd_wbcfs]
00036 Code: c7 c7 00 96 7b a1 48 c7 c6 a0 12 7d a1 48 c7 c2 00 1c 7d a1 e8 52 f1 43 ff 48 c7 c7 00 96 7b a1 e8 46 81 44 ff e9 fe fc ff ff <0f> 0b e9 a5 fa ff ff 48 c7 c1 80 44 5d a0 80 e1 07 80 c1 03 38 c1
00036 RSP: 0018:ffffc90000b9f258 EFLAGS: 00010246
00036 RAX: 0000000000000000 RBX: ffff88811b8fe400 RCX: 0000000000000046
00036 RDX: ffffffff84c41d40 RSI: ffff88802d322648 RDI: ffff888138318998
00036 RBP: ffff88802d3225b8 R08: 0000000000000001 R09: 0000000000000000
00036 R10: dffffc0000000000 R11: ffffed1005a644ac R12: ffff88802ef45418
00036 R13: dffffc0000000000 R14: 1ffff1102371fc80 R15: 1ffff11005de8a92
00036 FS:  0000000000000000(0000) GS:ffff8881d4b2d000(0000) knlGS:0000000000000000
00036 CS:  0010 DS: 0000 ES: 0000 CR0: 0000000080050033
00036 CR2: 000055c51a4881a8 CR3: 00000001019c3000 CR4: 0000000000750eb0
00036 PKRU: 55555554
00036 Call Trace:
00036  <TASK>
00036  ? local_object_create+0x109/0x640 [obdclass]
00036  ? dt_write_lock+0x16d/0x2a0 [obdclass]
00036  ? __local_file_create+0xce4/0x1bc0 [obdclass]
00036  ? local_index_find_or_create_with_fid+0x20d/0x3c0 [obdclass]
00036  ? lquota_disk_glb_find_create+0x3e7/0xe50 [lquota]
00036  ? lprocfs_seq_create+0x120/0x340 [obdclass]
00036  ? qmt_pool_prepare+0x5af/0x16f0 [lquota]
00036  ? qmt_device_prepare+0x22a/0x600 [lquota]
00036  ? mdt_quota_init+0x1a65/0x3220 [mdt]
00036  ? mdt_tunables_init+0x3e6/0x530 [mdt]
00036  ? mdt_device_alloc+0x46a6/0x66c0 [mdt]
00036  ? obd_setup+0x25c/0x950 [obdclass]
00036  ? class_setup+0xc7d/0x10e0 [obdclass]
00036  ? class_process_config+0x2edb/0x7cb0 [obdclass]
00036  ? __kasan_kmalloc+0x72/0x80
00036  ? class_config_llog_handler+0x2954/0x4f80 [obdclass]
00036  ? class_config_llog_handler+0x2cea/0x4f80 [obdclass]
00036  ? lustre_cfg_rec_free+0x350/0x350 [obdclass]
00036  ? llog_process_thread+0x1fd2/0x4f70 [obdclass]
00036  ? _raw_spin_unlock+0x23/0x40
00036  ? llog_process_thread_daemonize+0x16d/0x1b0 [obdclass]
00036  ? kthread+0x2cd/0x3a0
00036  ? llog_process_or_fork+0xc90/0xc90 [obdclass]
00036  ? kthread_unuse_mm+0x130/0x130
00036  ? ret_from_fork+0x18c/0x520
00036  ? kthread_unuse_mm+0x130/0x130
00036  ? ret_from_fork_asm+0x11/0x20
00036  </TASK>
00036 ---[ end trace 0000000000000000 ]---
00036 ------------[ cut here ]------------
00036 WARNING: /home/ktest/git/linux/include/linux/fs.h:889 at osd_create+0x9cf/0xcf0 [osd_wbcfs], CPU#2: llog_process_th/1747
00036 Modules linked in: mdd(O) lod(O) mdt(O) lquota(O) lfsck(O) mgs(O) osd_wbcfs(O) lustre(O) obdecho(O) mgc(O) mdc(O) lov(O) osc(O) lmv(O) ec(O) fid(O) fld(O) ptlrpc(O) efivarfs obdclass(O) ksocklnd(O) lnet(O) libcfs(O)
00036 CPU: 2 UID: 0 PID: 1747 Comm: llog_process_th Tainted: G        W  O        7.0.0-ktest-fa4bb62-6330a45-20260727-dirty #1 PREEMPT 
00036 Tainted: [W]=WARN, [O]=OOT_MODULE
00036 Hardware name: QEMU Standard PC (Q35 + ICH9, 2009), BIOS 2025.11-3ubuntu7 03/31/2026
00036 RIP: 0010:osd_create+0x9cf/0xcf0 [osd_wbcfs]
00036 Code: c7 c7 00 96 7b a1 48 c7 c6 a0 12 7d a1 48 c7 c2 00 1c 7d a1 e8 52 f1 43 ff 48 c7 c7 00 96 7b a1 e8 46 81 44 ff e9 fe fc ff ff <0f> 0b e9 a5 fa ff ff 48 c7 c1 80 44 5d a0 80 e1 07 80 c1 03 38 c1
00036 RSP: 0018:ffffc90000b9f270 EFLAGS: 00010246
00036 RAX: 0000000000000000 RBX: ffff88811e4aec00 RCX: 0000000000000046
00036 RDX: 0000000000000000 RSI: ffff88802d321f30 RDI: ffff888138318998
00036 RBP: ffff88802d321ea0 R08: ffffffff83a16803 R09: 1ffffffff0742d00
00036 R10: dffffc0000000000 R11: fffffbfff0742d01 R12: ffff88802ef45418
00036 R13: dffffc0000000000 R14: 1ffff11023c95d80 R15: 1ffff11005de8a92
00036 FS:  0000000000000000(0000) GS:ffff8881d4b2d000(0000) knlGS:0000000000000000
00036 CS:  0010 DS: 0000 ES: 0000 CR0: 0000000080050033
00036 CR2: 000055c51a4881a8 CR3: 00000001019c3000 CR4: 0000000000750eb0
00036 PKRU: 55555554
00036 Call Trace:
00036  <TASK>
00036  ? local_object_create+0x109/0x640 [obdclass]
00036  ? dt_write_lock+0x16d/0x2a0 [obdclass]
00036  ? __local_file_create+0xce4/0x1bc0 [obdclass]
00036  ? local_file_find_or_create+0x13c/0x1d0 [obdclass]
00036  ? lquota_disk_dir_find_create+0x31f/0xd10 [lquota]
00036  ? qmt_pool_prepare+0x3ee/0x16f0 [lquota]
00036  ? qmt_device_prepare+0x22a/0x600 [lquota]
00036  ? mdt_quota_init+0x1a65/0x3220 [mdt]
00036  ? mdt_tunables_init+0x3e6/0x530 [mdt]
00036  ? mdt_device_alloc+0x46a6/0x66c0 [mdt]
00036  ? obd_setup+0x25c/0x950 [obdclass]
00036  ? class_setup+0xc7d/0x10e0 [obdclass]
00036  ? class_process_config+0x2edb/0x7cb0 [obdclass]
00036  ? __kasan_kmalloc+0x72/0x80
00036  ? class_config_llog_handler+0x2954/0x4f80 [obdclass]
00036  ? class_config_llog_handler+0x2cea/0x4f80 [obdclass]
00036  ? lustre_cfg_rec_free+0x350/0x350 [obdclass]
00036  ? llog_process_thread+0x1fd2/0x4f70 [obdclass]
00036  ? _raw_spin_unlock+0x23/0x40
00036  ? llog_process_thread_daemonize+0x16d/0x1b0 [obdclass]
00036  ? kthread+0x2cd/0x3a0
00036  ? llog_process_or_fork+0xc90/0xc90 [obdclass]
00036  ? kthread_unuse_mm+0x130/0x130
00036  ? ret_from_fork+0x18c/0x520
00036  ? kthread_unuse_mm+0x130/0x130
00036  ? ret_from_fork_asm+0x11/0x20
00036  </TASK>
00036 ---[ end trace 0000000000000000 ]---
00036 ------------[ cut here ]------------
00036 WARNING: /home/ktest/git/linux/include/linux/fs.h:889 at osd_create+0x9cf/0xcf0 [osd_wbcfs], CPU#2: llog_process_th/1747
00036 Modules linked in: mdd(O) lod(O) mdt(O) lquota(O) lfsck(O) mgs(O) osd_wbcfs(O) lustre(O) obdecho(O) mgc(O) mdc(O) lov(O) osc(O) lmv(O) ec(O) fid(O) fld(O) ptlrpc(O) efivarfs obdclass(O) ksocklnd(O) lnet(O) libcfs(O)
00036 CPU: 2 UID: 0 PID: 1747 Comm: llog_process_th Tainted: G        W  O        7.0.0-ktest-fa4bb62-6330a45-20260727-dirty #1 PREEMPT 
00036 Tainted: [W]=WARN, [O]=OOT_MODULE
00036 Hardware name: QEMU Standard PC (Q35 + ICH9, 2009), BIOS 2025.11-3ubuntu7 03/31/2026
00036 RIP: 0010:osd_create+0x9cf/0xcf0 [osd_wbcfs]
00036 Code: c7 c7 00 96 7b a1 48 c7 c6 a0 12 7d a1 48 c7 c2 00 1c 7d a1 e8 52 f1 43 ff 48 c7 c7 00 96 7b a1 e8 46 81 44 ff e9 fe fc ff ff <0f> 0b e9 a5 fa ff ff 48 c7 c1 80 44 5d a0 80 e1 07 80 c1 03 38 c1
00036 RSP: 0018:ffffc90000b9f258 EFLAGS: 00010246
00036 RAX: 0000000000000000 RBX: ffff88811e4acc00 RCX: 0000000000000046
00036 RDX: ffffffff84c41d40 RSI: ffff88802d321818 RDI: ffff888138318998
00036 RBP: ffff88802d321788 R08: 0000000000000001 R09: 0000000000000000
00036 R10: dffffc0000000000 R11: ffffed1005a642e6 R12: ffff88802ef45418
00036 R13: dffffc0000000000 R14: 1ffff11023c95980 R15: 1ffff11005de8a92
00036 FS:  0000000000000000(0000) GS:ffff8881d4b2d000(0000) knlGS:0000000000000000
00036 CS:  0010 DS: 0000 ES: 0000 CR0: 0000000080050033
00036 CR2: 000055c51a4881a8 CR3: 00000001019c3000 CR4: 0000000000750eb0
00036 PKRU: 55555554
00036 Call Trace:
00036  <TASK>
00036  ? local_object_create+0x109/0x640 [obdclass]
00036  ? dt_write_lock+0x16d/0x2a0 [obdclass]
00036  ? __local_file_create+0xce4/0x1bc0 [obdclass]
00036  ? local_index_find_or_create_with_fid+0x20d/0x3c0 [obdclass]
00036  ? lquota_disk_glb_find_create+0x3e7/0xe50 [lquota]
00036  ? qmt_pool_prepare+0x5af/0x16f0 [lquota]
00036  ? qmt_device_prepare+0x22a/0x600 [lquota]
00036  ? mdt_quota_init+0x1a65/0x3220 [mdt]
00036  ? mdt_tunables_init+0x3e6/0x530 [mdt]
00036  ? mdt_device_alloc+0x46a6/0x66c0 [mdt]
00036  ? obd_setup+0x25c/0x950 [obdclass]
00036  ? class_setup+0xc7d/0x10e0 [obdclass]
00036  ? class_process_config+0x2edb/0x7cb0 [obdclass]
00036  ? __kasan_kmalloc+0x72/0x80
00036  ? class_config_llog_handler+0x2954/0x4f80 [obdclass]
00036  ? class_config_llog_handler+0x2cea/0x4f80 [obdclass]
00036  ? lustre_cfg_rec_free+0x350/0x350 [obdclass]
00036  ? llog_process_thread+0x1fd2/0x4f70 [obdclass]
00036  ? _raw_spin_unlock+0x23/0x40
00036  ? llog_process_thread_daemonize+0x16d/0x1b0 [obdclass]
00036  ? kthread+0x2cd/0x3a0
00036  ? llog_process_or_fork+0xc90/0xc90 [obdclass]
00036  ? kthread_unuse_mm+0x130/0x130
00036  ? ret_from_fork+0x18c/0x520
00036  ? kthread_unuse_mm+0x130/0x130
00036  ? ret_from_fork_asm+0x11/0x20
00036  </TASK>
00036 ---[ end trace 0000000000000000 ]---
00036 ------------[ cut here ]------------
00036 WARNING: /home/ktest/git/linux/include/linux/fs.h:889 at osd_create+0x9cf/0xcf0 [osd_wbcfs], CPU#2: llog_process_th/1747
00036 Modules linked in: mdd(O) lod(O) mdt(O) lquota(O) lfsck(O) mgs(O) osd_wbcfs(O) lustre(O) obdecho(O) mgc(O) mdc(O) lov(O) osc(O) lmv(O) ec(O) fid(O) fld(O) ptlrpc(O) efivarfs obdclass(O) ksocklnd(O) lnet(O) libcfs(O)
00036 CPU: 2 UID: 0 PID: 1747 Comm: llog_process_th Tainted: G        W  O        7.0.0-ktest-fa4bb62-6330a45-20260727-dirty #1 PREEMPT 
00036 Tainted: [W]=WARN, [O]=OOT_MODULE
00036 Hardware name: QEMU Standard PC (Q35 + ICH9, 2009), BIOS 2025.11-3ubuntu7 03/31/2026
00036 RIP: 0010:osd_create+0x9cf/0xcf0 [osd_wbcfs]
00036 Code: c7 c7 00 96 7b a1 48 c7 c6 a0 12 7d a1 48 c7 c2 00 1c 7d a1 e8 52 f1 43 ff 48 c7 c7 00 96 7b a1 e8 46 81 44 ff e9 fe fc ff ff <0f> 0b e9 a5 fa ff ff 48 c7 c1 80 44 5d a0 80 e1 07 80 c1 03 38 c1
00036 RSP: 0018:ffffc90000b9f258 EFLAGS: 00010246
00036 RAX: 0000000000000000 RBX: ffff88810008c800 RCX: 0000000000000046
00036 RDX: ffffffff84c41d40 RSI: ffff88802d321100 RDI: ffff888138318998
00036 RBP: ffff88802d321070 R08: 0000000000000001 R09: 0000000000000000
00036 R10: dffffc0000000000 R11: ffffed1005a64203 R12: ffff88802ef45418
00036 R13: dffffc0000000000 R14: 1ffff11020011900 R15: 1ffff11005de8a92
00036 FS:  0000000000000000(0000) GS:ffff8881d4b2d000(0000) knlGS:0000000000000000
00036 CS:  0010 DS: 0000 ES: 0000 CR0: 0000000080050033
00036 CR2: 000055c51a4881a8 CR3: 00000001019c3000 CR4: 0000000000750eb0
00036 PKRU: 55555554
00036 Call Trace:
00036  <TASK>
00036  ? local_object_create+0x109/0x640 [obdclass]
00036  ? dt_write_lock+0x16d/0x2a0 [obdclass]
00036  ? __local_file_create+0xce4/0x1bc0 [obdclass]
00036  ? local_index_find_or_create_with_fid+0x20d/0x3c0 [obdclass]
00036  ? lquota_disk_glb_find_create+0x3e7/0xe50 [lquota]
00036  ? lprocfs_seq_create+0x120/0x340 [obdclass]
00036  ? qmt_pool_prepare+0x5af/0x16f0 [lquota]
00036  ? qmt_device_prepare+0x22a/0x600 [lquota]
00036  ? mdt_quota_init+0x1a65/0x3220 [mdt]
00036  ? mdt_tunables_init+0x3e6/0x530 [mdt]
00036  ? mdt_device_alloc+0x46a6/0x66c0 [mdt]
00036  ? obd_setup+0x25c/0x950 [obdclass]
00036  ? class_setup+0xc7d/0x10e0 [obdclass]
00036  ? class_process_config+0x2edb/0x7cb0 [obdclass]
00036  ? __kasan_kmalloc+0x72/0x80
00036  ? class_config_llog_handler+0x2954/0x4f80 [obdclass]
00036  ? class_config_llog_handler+0x2cea/0x4f80 [obdclass]
00036  ? lustre_cfg_rec_free+0x350/0x350 [obdclass]
00036  ? llog_process_thread+0x1fd2/0x4f70 [obdclass]
00036  ? _raw_spin_unlock+0x23/0x40
00036  ? llog_process_thread_daemonize+0x16d/0x1b0 [obdclass]
00036  ? kthread+0x2cd/0x3a0
00036  ? llog_process_or_fork+0xc90/0xc90 [obdclass]
00036  ? kthread_unuse_mm+0x130/0x130
00036  ? ret_from_fork+0x18c/0x520
00036  ? kthread_unuse_mm+0x130/0x130
00036  ? ret_from_fork_asm+0x11/0x20
00036  </TASK>
00036 ---[ end trace 0000000000000000 ]---
00036 ------------[ cut here ]------------
00036 WARNING: /home/ktest/git/linux/include/linux/fs.h:889 at osd_create+0x9cf/0xcf0 [osd_wbcfs], CPU#2: llog_process_th/1747
00036 Modules linked in: mdd(O) lod(O) mdt(O) lquota(O) lfsck(O) mgs(O) osd_wbcfs(O) lustre(O) obdecho(O) mgc(O) mdc(O) lov(O) osc(O) lmv(O) ec(O) fid(O) fld(O) ptlrpc(O) efivarfs obdclass(O) ksocklnd(O) lnet(O) libcfs(O)
00036 CPU: 2 UID: 0 PID: 1747 Comm: llog_process_th Tainted: G        W  O        7.0.0-ktest-fa4bb62-6330a45-20260727-dirty #1 PREEMPT 
00036 Tainted: [W]=WARN, [O]=OOT_MODULE
00036 Hardware name: QEMU Standard PC (Q35 + ICH9, 2009), BIOS 2025.11-3ubuntu7 03/31/2026
00036 RIP: 0010:osd_create+0x9cf/0xcf0 [osd_wbcfs]
00036 Code: c7 c7 00 96 7b a1 48 c7 c6 a0 12 7d a1 48 c7 c2 00 1c 7d a1 e8 52 f1 43 ff 48 c7 c7 00 96 7b a1 e8 46 81 44 ff e9 fe fc ff ff <0f> 0b e9 a5 fa ff ff 48 c7 c1 80 44 5d a0 80 e1 07 80 c1 03 38 c1
00036 RSP: 0018:ffffc90000b9f258 EFLAGS: 00010246
00036 RAX: 0000000000000000 RBX: ffff88811a167800 RCX: 0000000000000046
00036 RDX: ffffffff84c41d40 RSI: ffff88802d3209e8 RDI: ffff888138318998
00036 RBP: ffff88802d320958 R08: 0000000000000001 R09: 0000000000000000
00036 R10: dffffc0000000000 R11: ffffed1005a64120 R12: ffff88802ef45418
00036 R13: dffffc0000000000 R14: 1ffff1102342cf00 R15: 1ffff11005de8a92
00036 FS:  0000000000000000(0000) GS:ffff8881d4b2d000(0000) knlGS:0000000000000000
00036 CS:  0010 DS: 0000 ES: 0000 CR0: 0000000080050033
00036 CR2: 000055c51a4881a8 CR3: 00000001019c3000 CR4: 0000000000750eb0
00036 PKRU: 55555554
00036 Call Trace:
00036  <TASK>
00036  ? local_object_create+0x109/0x640 [obdclass]
00036  ? dt_write_lock+0x16d/0x2a0 [obdclass]
00036  ? __local_file_create+0xce4/0x1bc0 [obdclass]
00036  ? local_index_find_or_create_with_fid+0x20d/0x3c0 [obdclass]
00036  ? lquota_disk_glb_find_create+0x3e7/0xe50 [lquota]
00036  ? lprocfs_seq_create+0x120/0x340 [obdclass]
00036  ? qmt_pool_prepare+0x5af/0x16f0 [lquota]
00036  ? qmt_device_prepare+0x22a/0x600 [lquota]
00036  ? mdt_quota_init+0x1a65/0x3220 [mdt]
00036  ? mdt_tunables_init+0x3e6/0x530 [mdt]
00036  ? mdt_device_alloc+0x46a6/0x66c0 [mdt]
00036  ? obd_setup+0x25c/0x950 [obdclass]
00036  ? class_setup+0xc7d/0x10e0 [obdclass]
00036  ? class_process_config+0x2edb/0x7cb0 [obdclass]
00036  ? __kasan_kmalloc+0x72/0x80
00036  ? class_config_llog_handler+0x2954/0x4f80 [obdclass]
00036  ? class_config_llog_handler+0x2cea/0x4f80 [obdclass]
00036  ? lustre_cfg_rec_free+0x350/0x350 [obdclass]
00036  ? llog_process_thread+0x1fd2/0x4f70 [obdclass]
00036  ? _raw_spin_unlock+0x23/0x40
00036  ? llog_process_thread_daemonize+0x16d/0x1b0 [obdclass]
00036  ? kthread+0x2cd/0x3a0
00036  ? llog_process_or_fork+0xc90/0xc90 [obdclass]
00036  ? kthread_unuse_mm+0x130/0x130
00036  ? ret_from_fork+0x18c/0x520
00036  ? kthread_unuse_mm+0x130/0x130
00036  ? ret_from_fork_asm+0x11/0x20
00036  </TASK>
00036 ---[ end trace 0000000000000000 ]---
00036 ------------[ cut here ]------------
00036 WARNING: /home/ktest/git/linux/include/linux/fs.h:889 at osd_create+0x9cf/0xcf0 [osd_wbcfs], CPU#2: ll_mgs_0002/1724
00036 Modules linked in: osp(O) mdd(O) lod(O) mdt(O) lquota(O) lfsck(O) mgs(O) osd_wbcfs(O) lustre(O) obdecho(O) mgc(O) mdc(O) lov(O) osc(O) lmv(O) ec(O) fid(O) fld(O) ptlrpc(O) efivarfs obdclass(O) ksocklnd(O) lnet(O) libcfs(O)
00036 CPU: 2 UID: 0 PID: 1724 Comm: ll_mgs_0002 Tainted: G        W  O        7.0.0-ktest-fa4bb62-6330a45-20260727-dirty #1 PREEMPT 
00036 Tainted: [W]=WARN, [O]=OOT_MODULE
00036 Hardware name: QEMU Standard PC (Q35 + ICH9, 2009), BIOS 2025.11-3ubuntu7 03/31/2026
00036 RIP: 0010:osd_create+0x9cf/0xcf0 [osd_wbcfs]
00036 Code: c7 c7 00 96 7b a1 48 c7 c6 a0 12 7d a1 48 c7 c2 00 1c 7d a1 e8 52 f1 43 ff 48 c7 c7 00 96 7b a1 e8 46 81 44 ff e9 fe fc ff ff <0f> 0b e9 a5 fa ff ff 48 c7 c1 80 44 5d a0 80 e1 07 80 c1 03 38 c1
00036 RSP: 0018:ffffc9000132f700 EFLAGS: 00010246
00036 RAX: 0000000000000000 RBX: ffff888118476000 RCX: 0000000000000046
00036 RDX: 0000000000000000 RSI: ffff88802d3202d0 RDI: ffff888108a5aaa8
00036 RBP: ffff88802d320240 R08: ffffffff83a16803 R09: 1ffffffff0742d00
00036 R10: dffffc0000000000 R11: fffffbfff0742d01 R12: ffff888106077418
00036 R13: dffffc0000000000 R14: 1ffff1102308ec00 R15: 1ffff11020c0ee92
00036 FS:  0000000000000000(0000) GS:ffff8881d4b2d000(0000) knlGS:0000000000000000
00036 CS:  0010 DS: 0000 ES: 0000 CR0: 0000000080050033
00036 CR2: 00007f88515e6194 CR3: 0000000004274000 CR4: 0000000000750eb0
00036 PKRU: 55555554
00036 Call Trace:
00036  <TASK>
00036  ? local_object_create+0x109/0x640 [obdclass]
00036  ? dt_write_lock+0x16d/0x2a0 [obdclass]
00036  ? __local_file_create+0xce4/0x1bc0 [obdclass]
00036  ? local_file_find_or_create+0x13c/0x1d0 [obdclass]
00036  ? mgs_ir_update+0x1ce1/0x3850 [mgs]
00036  ? mgs_target_reg+0xd98/0x4480 [mgs]
00036  ? tgt_request_handle+0x23ad/0x3d30 [ptlrpc]
00036  ? ptlrpc_main+0x6359/0x96f0 [ptlrpc]
00036  ? __kthread_parkme+0x73/0x130
00036  ? kthread+0x2cd/0x3a0
00036  ? ptlrpc_start_thread+0x1f10/0x1f10 [ptlrpc]
00036  ? kthread_unuse_mm+0x130/0x130
00036  ? ret_from_fork+0x18c/0x520
00036  ? kthread_unuse_mm+0x130/0x130
00036  ? ret_from_fork_asm+0x11/0x20
00036  </TASK>
00036 ---[ end trace 0000000000000000 ]---
00036 Lustre: lustre-MDT0000: Imperative Recovery not enabled, recovery window 300-900
00036 Lustre: ctl-lustre-MDT0000: super-sequence allocation rc = 0 [0x0000000200000400-0x0000000240000400]:0:mdt
00036 ------------[ cut here ]------------
00036 WARNING: /home/ktest/git/linux/include/linux/fs.h:889 at osd_create+0x9cf/0xcf0 [osd_wbcfs], CPU#2: lod0000_rec0000/1759
00036 Modules linked in: osp(O) mdd(O) lod(O) mdt(O) lquota(O) lfsck(O) mgs(O) osd_wbcfs(O) lustre(O) obdecho(O) mgc(O) mdc(O) lov(O) osc(O) lmv(O) ec(O) fid(O) fld(O) ptlrpc(O) efivarfs obdclass(O) ksocklnd(O) lnet(O) libcfs(O)
00036 CPU: 2 UID: 0 PID: 1759 Comm: lod0000_rec0000 Tainted: G        W  O        7.0.0-ktest-fa4bb62-6330a45-20260727-dirty #1 PREEMPT 
00036 Tainted: [W]=WARN, [O]=OOT_MODULE
00036 Hardware name: QEMU Standard PC (Q35 + ICH9, 2009), BIOS 2025.11-3ubuntu7 03/31/2026
00036 RIP: 0010:osd_create+0x9cf/0xcf0 [osd_wbcfs]
00036 Code: c7 c7 00 96 7b a1 48 c7 c6 a0 12 7d a1 48 c7 c2 00 1c 7d a1 e8 52 f1 43 ff 48 c7 c7 00 96 7b a1 e8 46 81 44 ff e9 fe fc ff ff <0f> 0b e9 a5 fa ff ff 48 c7 c1 80 44 5d a0 80 e1 07 80 c1 03 38 c1
00036 RSP: 0018:ffffc90001777b50 EFLAGS: 00010246
00036 RAX: 0000000000000000 RBX: ffff888118475c00 RCX: 0000000000000046
00036 RDX: 0000000000000000 RSI: ffff88802b6a2648 RDI: ffff88802c534b18
00036 RBP: ffff88802b6a25b8 R08: ffffffff83a16803 R09: 1ffffffff0742d00
00036 R10: dffffc0000000000 R11: fffffbfff0742d01 R12: ffff888118427000
00036 R13: dffffc0000000000 R14: 1ffff1102308eb80 R15: 1ffff11023084e0f
00036 FS:  0000000000000000(0000) GS:ffff8881d4b2d000(0000) knlGS:0000000000000000
00036 CS:  0010 DS: 0000 ES: 0000 CR0: 0000000080050033
00036 CR2: 00007f88515e6194 CR3: 0000000004274000 CR4: 0000000000750eb0
00036 PKRU: 55555554
00036 Call Trace:
00036  <TASK>
00036  ? llog_osd_create+0x605/0x10d0 [obdclass]
00036  ? llog_create+0x2ed/0x530 [obdclass]
00036  ? llog_open_create+0x6e7/0xb30 [obdclass]
00036  ? lod_sub_prep_llog+0xdfd/0x1b40 [lod]
00036  ? lod_sub_recovery_thread+0x316/0x18d0 [lod]
00036  ? __kthread_parkme+0x73/0x130
00036  ? kthread+0x2cd/0x3a0
00036  ? lod_sub_init_llog+0x1180/0x1180 [lod]
00036  ? kthread_unuse_mm+0x130/0x130
00036  ? ret_from_fork+0x18c/0x520
00036  ? kthread_unuse_mm+0x130/0x130
00036  ? ret_from_fork_asm+0x11/0x20
00036  </TASK>
00036 ---[ end trace 0000000000000000 ]---
00036 ------------[ cut here ]------------
00036 WARNING: /home/ktest/git/linux/include/linux/fs.h:889 at osd_create+0x9cf/0xcf0 [osd_wbcfs], CPU#2: ll_mgs_0002/1724
00036 Modules linked in: osp(O) mdd(O) lod(O) mdt(O) lquota(O) lfsck(O) mgs(O) osd_wbcfs(O) lustre(O) obdecho(O) mgc(O) mdc(O) lov(O) osc(O) lmv(O) ec(O) fid(O) fld(O) ptlrpc(O) efivarfs obdclass(O) ksocklnd(O) lnet(O) libcfs(O)
00036 CPU: 2 UID: 0 PID: 1724 Comm: ll_mgs_0002 Tainted: G        W  O        7.0.0-ktest-fa4bb62-6330a45-20260727-dirty #1 PREEMPT 
00036 Tainted: [W]=WARN, [O]=OOT_MODULE
00036 Hardware name: QEMU Standard PC (Q35 + ICH9, 2009), BIOS 2025.11-3ubuntu7 03/31/2026
00036 RIP: 0010:osd_create+0x9cf/0xcf0 [osd_wbcfs]
00036 Code: c7 c7 00 96 7b a1 48 c7 c6 a0 12 7d a1 48 c7 c2 00 1c 7d a1 e8 52 f1 43 ff 48 c7 c7 00 96 7b a1 e8 46 81 44 ff e9 fe fc ff ff <0f> 0b e9 a5 fa ff ff 48 c7 c1 80 44 5d a0 80 e1 07 80 c1 03 38 c1
00036 RSP: 0018:ffffc9000132f688 EFLAGS: 00010246
00036 RAX: 0000000000000000 RBX: ffff888118474400 RCX: 0000000000000046
00036 RDX: 0000000000000000 RSI: ffff88802b6a1f30 RDI: ffff888108a5aaa8
00036 RBP: ffff88802b6a1ea0 R08: ffffffff83a16803 R09: 1ffffffff0742d00
00036 R10: dffffc0000000000 R11: fffffbfff0742d01 R12: ffff88813406c000
00036 R13: dffffc0000000000 R14: 1ffff1102308e880 R15: 1ffff1102680d80f
00036 FS:  0000000000000000(0000) GS:ffff8881d4b2d000(0000) knlGS:0000000000000000
00036 CS:  0010 DS: 0000 ES: 0000 CR0: 0000000080050033
00036 CR2: 00007f88515e6194 CR3: 00000001044a4000 CR4: 0000000000750eb0
00036 PKRU: 55555554
00036 Call Trace:
00036  <TASK>
00036  ? local_object_create+0x109/0x640 [obdclass]
00036  ? dt_write_lock+0x16d/0x2a0 [obdclass]
00036  ? llog_osd_create+0x356/0x10d0 [obdclass]
00036  ? llog_create+0x2ed/0x530 [obdclass]
00036  ? llog_open_create+0x6e7/0xb30 [obdclass]
00036  ? record_start_log+0x348/0xa40 [mgs]
00036  ? mgs_write_log_lov+0x3ac/0xde0 [mgs]
00036  ? mgs_write_log_target+0x17a4/0x6ab0 [mgs]
00036  ? mgs_target_reg+0x254e/0x4480 [mgs]
00036  ? tgt_request_handle+0x23ad/0x3d30 [ptlrpc]
00036  ? ptlrpc_main+0x6359/0x96f0 [ptlrpc]
00036  ? __kthread_parkme+0x73/0x130
00036  ? kthread+0x2cd/0x3a0
00036  ? ptlrpc_start_thread+0x1f10/0x1f10 [ptlrpc]
00036  ? kthread_unuse_mm+0x130/0x130
00036  ? ret_from_fork+0x18c/0x520
00036  ? kthread_unuse_mm+0x130/0x130
00036  ? ret_from_fork_asm+0x11/0x20
00036  </TASK>
00036 ---[ end trace 0000000000000000 ]---
00036 ------------[ cut here ]------------
00036 WARNING: /home/ktest/git/linux/include/linux/fs.h:889 at osd_create+0x9cf/0xcf0 [osd_wbcfs], CPU#2: llog_process_th/1765
00036 Modules linked in: osp(O) mdd(O) lod(O) mdt(O) lquota(O) lfsck(O) mgs(O) osd_wbcfs(O) lustre(O) obdecho(O) mgc(O) mdc(O) lov(O) osc(O) lmv(O) ec(O) fid(O) fld(O) ptlrpc(O) efivarfs obdclass(O) ksocklnd(O) lnet(O) libcfs(O)
00036 CPU: 2 UID: 0 PID: 1765 Comm: llog_process_th Tainted: G        W  O        7.0.0-ktest-fa4bb62-6330a45-20260727-dirty #1 PREEMPT 
00036 Tainted: [W]=WARN, [O]=OOT_MODULE
00036 Hardware name: QEMU Standard PC (Q35 + ICH9, 2009), BIOS 2025.11-3ubuntu7 03/31/2026
00036 RIP: 0010:osd_create+0x9cf/0xcf0 [osd_wbcfs]
00036 Code: c7 c7 00 96 7b a1 48 c7 c6 a0 12 7d a1 48 c7 c2 00 1c 7d a1 e8 52 f1 43 ff 48 c7 c7 00 96 7b a1 e8 46 81 44 ff e9 fe fc ff ff <0f> 0b e9 a5 fa ff ff 48 c7 c1 80 44 5d a0 80 e1 07 80 c1 03 38 c1
00036 RSP: 0018:ffffc90000a27450 EFLAGS: 00010246
00036 RAX: 0000000000000000 RBX: ffff88813430a800 RCX: 0000000000000046
00036 RDX: ffffffff84c41d40 RSI: ffff88802b6a1818 RDI: ffff88802f2c0998
00036 RBP: ffff88802b6a1788 R08: 0000000000000001 R09: 0000000000000000
00036 R10: dffffc0000000000 R11: ffffed10056d42e6 R12: ffff888137957400
00036 R13: dffffc0000000000 R14: 1ffff11026861500 R15: 1ffff92000144ebf
00036 FS:  0000000000000000(0000) GS:ffff8881d4b2d000(0000) knlGS:0000000000000000
00036 CS:  0010 DS: 0000 ES: 0000 CR0: 0000000080050033
00036 CR2: 00007f88515e6194 CR3: 00000001019c3000 CR4: 0000000000750eb0
00036 PKRU: 55555554
00036 Call Trace:
00036  <TASK>
00036  ? dt_find_or_create+0x81a/0x1170 [obdclass]
00036  ? fld_index_init+0x404/0x1610 [fld]
00036  ? is_module_address+0x1b/0x70
00036  ? is_module_address+0x5e/0x70
00036  ? __asan_memset+0x22/0x40
00036  ? fld_server_init+0x1d7/0x580 [fld]
00036  ? mdt_device_alloc+0x36b4/0x66c0 [mdt]
00036  ? __alloc_tagging_slab_alloc_hook+0x136/0x190
00036  ? obd_setup+0x25c/0x950 [obdclass]
00036  ? class_setup+0xc7d/0x10e0 [obdclass]
00036  ? class_process_config+0x2edb/0x7cb0 [obdclass]
00036  ? __kasan_kmalloc+0x72/0x80
00036  ? class_config_llog_handler+0x2954/0x4f80 [obdclass]
00036  ? class_config_llog_handler+0x2cea/0x4f80 [obdclass]
00036  ? lustre_cfg_rec_free+0x350/0x350 [obdclass]
00036  ? llog_process_thread+0x1fd2/0x4f70 [obdclass]
00036  ? _raw_spin_unlock+0x23/0x40
00036  ? llog_process_thread_daemonize+0x16d/0x1b0 [obdclass]
00036  ? kthread+0x2cd/0x3a0
00036  ? llog_process_or_fork+0xc90/0xc90 [obdclass]
00036  ? kthread_unuse_mm+0x130/0x130
00036  ? ret_from_fork+0x18c/0x520
00036  ? kthread_unuse_mm+0x130/0x130
00036  ? ret_from_fork_asm+0x11/0x20
00036  </TASK>
00036 ---[ end trace 0000000000000000 ]---
00036 ------------[ cut here ]------------
00036 WARNING: /home/ktest/git/linux/include/linux/fs.h:889 at osd_create+0x9cf/0xcf0 [osd_wbcfs], CPU#2: llog_process_th/1765
00036 Modules linked in: osp(O) mdd(O) lod(O) mdt(O) lquota(O) lfsck(O) mgs(O) osd_wbcfs(O) lustre(O) obdecho(O) mgc(O) mdc(O) lov(O) osc(O) lmv(O) ec(O) fid(O) fld(O) ptlrpc(O) efivarfs obdclass(O) ksocklnd(O) lnet(O) libcfs(O)
00036 CPU: 2 UID: 0 PID: 1765 Comm: llog_process_th Tainted: G        W  O        7.0.0-ktest-fa4bb62-6330a45-20260727-dirty #1 PREEMPT 
00036 Tainted: [W]=WARN, [O]=OOT_MODULE
00036 Hardware name: QEMU Standard PC (Q35 + ICH9, 2009), BIOS 2025.11-3ubuntu7 03/31/2026
00036 RIP: 0010:osd_create+0x9cf/0xcf0 [osd_wbcfs]
00036 Code: c7 c7 00 96 7b a1 48 c7 c6 a0 12 7d a1 48 c7 c2 00 1c 7d a1 e8 52 f1 43 ff 48 c7 c7 00 96 7b a1 e8 46 81 44 ff e9 fe fc ff ff <0f> 0b e9 a5 fa ff ff 48 c7 c1 80 44 5d a0 80 e1 07 80 c1 03 38 c1
00036 RSP: 0018:ffffc90000a27430 EFLAGS: 00010246
00036 RAX: 0000000000000000 RBX: ffff88813430a000 RCX: 0000000000000046
00036 RDX: 0000000000000000 RSI: ffff88802b6a1100 RDI: ffff88802f2c0998
00036 RBP: ffff88802b6a1070 R08: ffffffff83a16803 R09: 1ffffffff0742d00
00036 R10: dffffc0000000000 R11: fffffbfff0742d01 R12: ffffc90000a27530
00036 R13: dffffc0000000000 R14: 1ffff11026861400 R15: 1ffff92000144ea4
00036 FS:  0000000000000000(0000) GS:ffff8881d4b2d000(0000) knlGS:0000000000000000
00036 CS:  0010 DS: 0000 ES: 0000 CR0: 0000000080050033
00036 CR2: 00007f88515e6194 CR3: 00000001019c3000 CR4: 0000000000750eb0
00036 PKRU: 55555554
00036 Call Trace:
00036  <TASK>
00036  ? dt_find_or_create+0x81a/0x1170 [obdclass]
00036  ? seq_store_init+0x155/0x360 [fid]
00036  ? seq_server_init+0x290/0xba0 [fid]
00036  ? mdt_seq_init+0x2c1/0x1ef0 [mdt]
00036  ? fld_server_init+0x34e/0x580 [fld]
00036  ? mdt_device_alloc+0x39c5/0x66c0 [mdt]
00036  ? __alloc_tagging_slab_alloc_hook+0x136/0x190
00036  ? obd_setup+0x25c/0x950 [obdclass]
00036  ? class_setup+0xc7d/0x10e0 [obdclass]
00036  ? class_process_config+0x2edb/0x7cb0 [obdclass]
00036  ? __kasan_kmalloc+0x72/0x80
00036  ? class_config_llog_handler+0x2954/0x4f80 [obdclass]
00036  ? class_config_llog_handler+0x2cea/0x4f80 [obdclass]
00036  ? lustre_cfg_rec_free+0x350/0x350 [obdclass]
00036  ? llog_process_thread+0x1fd2/0x4f70 [obdclass]
00036  ? _raw_spin_unlock+0x23/0x40
00036  ? llog_process_thread_daemonize+0x16d/0x1b0 [obdclass]
00036  ? kthread+0x2cd/0x3a0
00036  ? llog_process_or_fork+0xc90/0xc90 [obdclass]
00036  ? kthread_unuse_mm+0x130/0x130
00036  ? ret_from_fork+0x18c/0x520
00036  ? kthread_unuse_mm+0x130/0x130
00036  ? ret_from_fork_asm+0x11/0x20
00036  </TASK>
00036 ---[ end trace 0000000000000000 ]---
00036 ------------[ cut here ]------------
00036 WARNING: /home/ktest/git/linux/include/linux/fs.h:889 at osd_create+0x9cf/0xcf0 [osd_wbcfs], CPU#2: llog_process_th/1765
00036 Modules linked in: osp(O) mdd(O) lod(O) mdt(O) lquota(O) lfsck(O) mgs(O) osd_wbcfs(O) lustre(O) obdecho(O) mgc(O) mdc(O) lov(O) osc(O) lmv(O) ec(O) fid(O) fld(O) ptlrpc(O) efivarfs obdclass(O) ksocklnd(O) lnet(O) libcfs(O)
00036 CPU: 2 UID: 0 PID: 1765 Comm: llog_process_th Tainted: G        W  O        7.0.0-ktest-fa4bb62-6330a45-20260727-dirty #1 PREEMPT 
00036 Tainted: [W]=WARN, [O]=OOT_MODULE
00036 Hardware name: QEMU Standard PC (Q35 + ICH9, 2009), BIOS 2025.11-3ubuntu7 03/31/2026
00036 RIP: 0010:osd_create+0x9cf/0xcf0 [osd_wbcfs]
00036 Code: c7 c7 00 96 7b a1 48 c7 c6 a0 12 7d a1 48 c7 c2 00 1c 7d a1 e8 52 f1 43 ff 48 c7 c7 00 96 7b a1 e8 46 81 44 ff e9 fe fc ff ff <0f> 0b e9 a5 fa ff ff 48 c7 c1 80 44 5d a0 80 e1 07 80 c1 03 38 c1
00036 RSP: 0018:ffffc90000a27470 EFLAGS: 00010246
00036 RAX: 0000000000000000 RBX: ffff888134325000 RCX: 0000000000000046
00036 RDX: 0000000000000000 RSI: ffff88802b6a09e8 RDI: ffff88802f2c0998
00036 RBP: ffff88802b6a0958 R08: ffffffff83a16803 R09: 1ffffffff0742d00
00036 R10: dffffc0000000000 R11: fffffbfff0742d01 R12: ffffc90000a275e0
00036 R13: dffffc0000000000 R14: 1ffff11026864a00 R15: 1ffff92000144ec9
00036 FS:  0000000000000000(0000) GS:ffff8881d4b2d000(0000) knlGS:0000000000000000
00036 CS:  0010 DS: 0000 ES: 0000 CR0: 0000000080050033
00036 CR2: 00007f88515e6194 CR3: 00000001019c3000 CR4: 0000000000750eb0
00036 PKRU: 55555554
00036 Call Trace:
00036  <TASK>
00036  ? dt_find_or_create+0x81a/0x1170 [obdclass]
00036  ? tgt_init+0xb72/0x2a60 [ptlrpc]
00036  ? mdt_device_alloc+0x3ce7/0x66c0 [mdt]
00036  ? __alloc_tagging_slab_alloc_hook+0x136/0x190
00036  ? obd_setup+0x25c/0x950 [obdclass]
00036  ? class_setup+0xc7d/0x10e0 [obdclass]
00036  ? class_process_config+0x2edb/0x7cb0 [obdclass]
00036  ? __kasan_kmalloc+0x72/0x80
00036  ? class_config_llog_handler+0x2954/0x4f80 [obdclass]
00036  ? class_config_llog_handler+0x2cea/0x4f80 [obdclass]
00036  ? lustre_cfg_rec_free+0x350/0x350 [obdclass]
00036  ? llog_process_thread+0x1fd2/0x4f70 [obdclass]
00036  ? _raw_spin_unlock+0x23/0x40
00036  ? llog_process_thread_daemonize+0x16d/0x1b0 [obdclass]
00036  ? kthread+0x2cd/0x3a0
00036  ? llog_process_or_fork+0xc90/0xc90 [obdclass]
00036  ? kthread_unuse_mm+0x130/0x130
00036  ? ret_from_fork+0x18c/0x520
00036  ? kthread_unuse_mm+0x130/0x130
00036  ? ret_from_fork_asm+0x11/0x20
00036  </TASK>
00036 ---[ end trace 0000000000000000 ]---
00036 ------------[ cut here ]------------
00036 WARNING: /home/ktest/git/linux/include/linux/fs.h:889 at osd_create+0x9cf/0xcf0 [osd_wbcfs], CPU#2: llog_process_th/1765
00036 Modules linked in: osp(O) mdd(O) lod(O) mdt(O) lquota(O) lfsck(O) mgs(O) osd_wbcfs(O) lustre(O) obdecho(O) mgc(O) mdc(O) lov(O) osc(O) lmv(O) ec(O) fid(O) fld(O) ptlrpc(O) efivarfs obdclass(O) ksocklnd(O) lnet(O) libcfs(O)
00036 CPU: 2 UID: 0 PID: 1765 Comm: llog_process_th Tainted: G        W  O        7.0.0-ktest-fa4bb62-6330a45-20260727-dirty #1 PREEMPT 
00036 Tainted: [W]=WARN, [O]=OOT_MODULE
00036 Hardware name: QEMU Standard PC (Q35 + ICH9, 2009), BIOS 2025.11-3ubuntu7 03/31/2026
00036 RIP: 0010:osd_create+0x9cf/0xcf0 [osd_wbcfs]
00036 Code: c7 c7 00 96 7b a1 48 c7 c6 a0 12 7d a1 48 c7 c2 00 1c 7d a1 e8 52 f1 43 ff 48 c7 c7 00 96 7b a1 e8 46 81 44 ff e9 fe fc ff ff <0f> 0b e9 a5 fa ff ff 48 c7 c1 80 44 5d a0 80 e1 07 80 c1 03 38 c1
00036 RSP: 0018:ffffc90000a27470 EFLAGS: 00010246
00036 RAX: 0000000000000000 RBX: ffff888134324800 RCX: 0000000000000046
00036 RDX: 0000000000000000 RSI: ffff88802b6a02d0 RDI: ffff88802f2c0998
00036 RBP: ffff88802b6a0240 R08: ffffffff83a16803 R09: 1ffffffff0742d00
00036 R10: dffffc0000000000 R11: fffffbfff0742d01 R12: ffffc90000a275e0
00036 R13: dffffc0000000000 R14: 1ffff11026864900 R15: 1ffff92000144ec9
00036 FS:  0000000000000000(0000) GS:ffff8881d4b2d000(0000) knlGS:0000000000000000
00036 CS:  0010 DS: 0000 ES: 0000 CR0: 0000000080050033
00036 CR2: 00007f88515e6194 CR3: 00000001019c3000 CR4: 0000000000750eb0
00036 PKRU: 55555554
00036 Call Trace:
00036  <TASK>
00036  ? dt_find_or_create+0x81a/0x1170 [obdclass]
00036  ? tgt_init+0x1a98/0x2a60 [ptlrpc]
00036  ? mdt_device_alloc+0x3ce7/0x66c0 [mdt]
00036  ? __alloc_tagging_slab_alloc_hook+0x136/0x190
00036  ? obd_setup+0x25c/0x950 [obdclass]
00036  ? class_setup+0xc7d/0x10e0 [obdclass]
00036  ? class_process_config+0x2edb/0x7cb0 [obdclass]
00036  ? __kasan_kmalloc+0x72/0x80
00036  ? class_config_llog_handler+0x2954/0x4f80 [obdclass]
00036  ? class_config_llog_handler+0x2cea/0x4f80 [obdclass]
00036  ? lustre_cfg_rec_free+0x350/0x350 [obdclass]
00036  ? llog_process_thread+0x1fd2/0x4f70 [obdclass]
00036  ? _raw_spin_unlock+0x23/0x40
00036  ? llog_process_thread_daemonize+0x16d/0x1b0 [obdclass]
00036  ? kthread+0x2cd/0x3a0
00036  ? llog_process_or_fork+0xc90/0xc90 [obdclass]
00036  ? kthread_unuse_mm+0x130/0x130
00036  ? ret_from_fork+0x18c/0x520
00036  ? kthread_unuse_mm+0x130/0x130
00036  ? ret_from_fork_asm+0x11/0x20
00036  </TASK>
00036 ---[ end trace 0000000000000000 ]---
00036 Lustre: cli-ctl-lustre-MDT0001: Allocated super-sequence [0x0000000240000400-0x0000000280000400]:1:mdt]
00036 ------------[ cut here ]------------
00036 WARNING: /home/ktest/git/linux/include/linux/fs.h:889 at osd_create+0x9cf/0xcf0 [osd_wbcfs], CPU#0: lod0001_rec0001/1774
00036 Modules linked in: osp(O) mdd(O) lod(O) mdt(O) lquota(O) lfsck(O) mgs(O) osd_wbcfs(O) lustre(O) obdecho(O) mgc(O) mdc(O) lov(O) osc(O) lmv(O) ec(O) fid(O) fld(O) ptlrpc(O) efivarfs obdclass(O) ksocklnd(O) lnet(O) libcfs(O)
00036 CPU: 0 UID: 0 PID: 1774 Comm: lod0001_rec0001 Tainted: G        W  O        7.0.0-ktest-fa4bb62-6330a45-20260727-dirty #1 PREEMPT 
00036 Tainted: [W]=WARN, [O]=OOT_MODULE
00036 ------------[ cut here ]------------
00036 Hardware name: QEMU Standard PC (Q35 + ICH9, 2009), BIOS 2025.11-3ubuntu7 03/31/2026
00036 RIP: 0010:osd_create+0x9cf/0xcf0 [osd_wbcfs]
00036 WARNING: /home/ktest/git/linux/include/linux/fs.h:889 at osd_create+0x9cf/0xcf0 [osd_wbcfs], CPU#3: mdt_out00_002/1769
00036 Code: c7 c7 00 96 7b a1 48 c7 c6 a0 12 7d a1 48 c7 c2 00 1c 7d a1 e8 52 f1 43 ff 48 c7 c7 00 96 7b a1 e8 46 81 44 ff e9 fe fc ff ff <0f> 0b e9 a5 fa ff ff 48 c7 c1 80 44 5d a0 80 e1 07 80 c1 03 38 c1
00036 Modules linked in:
00036 RSP: 0018:ffffc900046efb50 EFLAGS: 00010246
00036  osp(O)
00036 
00036  mdd(O)
00036 RAX: 0000000000000000 RBX: ffff88814591ac00 RCX: 0000000000000046
00036  lod(O)
00036 RDX: 0000000000000000 RSI: ffff88802f2e49c0 RDI: ffff88802d830998
00036  mdt(O)
00036 RBP: ffff88802f2e4930 R08: ffffffff83a16803 R09: 1ffffffff0742d00
00036  lquota(O) lfsck(O)
00036 R10: dffffc0000000000 R11: fffffbfff0742d01 R12: ffff88811b977400
00036  mgs(O) osd_wbcfs(O)
00036 R13: dffffc0000000000 R14: 1ffff11028b23580 R15: 1ffff1102372ee8f
00036  lustre(O)
00036 FS:  0000000000000000(0000) GS:ffff8881d4a2d000(0000) knlGS:0000000000000000
00036  obdecho(O)
00036 CS:  0010 DS: 0000 ES: 0000 CR0: 0000000080050033
00036  mgc(O)
00036 CR2: 000055c51a343e80 CR3: 0000000135892000 CR4: 0000000000750eb0
00036  mdc(O)
00036 PKRU: 55555554
00036  lov(O)
00036 Call Trace:
00036  osc(O) lmv(O)
00036  <TASK>
00036  ec(O) fid(O) fld(O) ptlrpc(O) efivarfs obdclass(O) ksocklnd(O) lnet(O) libcfs(O)
00036  ? llog_osd_create+0x605/0x10d0 [obdclass]
00036 CPU: 3 UID: 0 PID: 1769 Comm: mdt_out00_002 Tainted: G        W  O        7.0.0-ktest-fa4bb62-6330a45-20260727-dirty #1 PREEMPT 
00036 Tainted: [W]=WARN, [O]=OOT_MODULE
00036 Hardware name: QEMU Standard PC (Q35 + ICH9, 2009), BIOS 2025.11-3ubuntu7 03/31/2026
00036 RIP: 0010:osd_create+0x9cf/0xcf0 [osd_wbcfs]
00036 Code: c7 c7 00 96 7b a1 48 c7 c6 a0 12 7d a1 48 c7 c2 00 1c 7d a1 e8 52 f1 43 ff 48 c7 c7 00 96 7b a1 e8 46 81 44 ff e9 fe fc ff ff <0f> 0b e9 a5 fa ff ff 48 c7 c1 80 44 5d a0 80 e1 07 80 c1 03 38 c1
00036 RSP: 0018:ffffc900012ef7f8 EFLAGS: 00010246
00036 RAX: 0000000000000000 RBX: ffff88811b970c00 RCX: 0000000000000046
00036 RDX: 0000000000000000 RSI: ffff88802be4e620 RDI: ffff88811966aa58
00036 RBP: ffff88802be4e590 R08: ffffffff83a16803 R09: 1ffffffff0742d00
00036 R10: dffffc0000000000 R11: fffffbfff0742d01 R12: ffff88813aca0a30
00036 R13: dffffc0000000000 R14: 1ffff1102372e180 R15: 1ffff11027594158
00036 FS:  0000000000000000(0000) GS:ffff8881d4bad000(0000) knlGS:0000000000000000
00036 CS:  0010 DS: 0000 ES: 0000 CR0: 0000000080050033
00036 CR2: 00007f66f63e6194 CR3: 000000013ae4c000 CR4: 0000000000750eb0
00036 PKRU: 55555554
00036 Call Trace:
00036  <TASK>
00036  ? out_tx_create_exec+0x277/0x7a0 [ptlrpc]
00036  ? llog_create+0x2ed/0x530 [obdclass]
00036  ? tx_add_exec+0xd70/0xd70 [ptlrpc]
00036  ? llog_open_create+0x6e7/0xb30 [obdclass]
00036  ? out_tx_end+0x3e3/0x1190 [ptlrpc]
00036  ? lod_sub_prep_llog+0xdfd/0x1b40 [lod]
00036  ? out_handle+0x5286/0x6240 [ptlrpc]
00036  ? lod_sub_recovery_thread+0x316/0x18d0 [lod]
00036  ? tgt_request_handle+0x23ad/0x3d30 [ptlrpc]
00036  ? __kthread_parkme+0x73/0x130
00036  ? ptlrpc_main+0x6359/0x96f0 [ptlrpc]
00036  ? kthread+0x2cd/0x3a0
00036  ? __kthread_parkme+0x73/0x130
00036  ? lod_sub_init_llog+0x1180/0x1180 [lod]
00036  ? kthread+0x2cd/0x3a0
00036  ? kthread_unuse_mm+0x130/0x130
00036  ? ptlrpc_start_thread+0x1f10/0x1f10 [ptlrpc]
00036  ? ret_from_fork+0x18c/0x520
00036  ? kthread_unuse_mm+0x130/0x130
00036  ? kthread_unuse_mm+0x130/0x130
00036  ? ret_from_fork+0x18c/0x520
00036  ? ret_from_fork_asm+0x11/0x20
00036  ? kthread_unuse_mm+0x130/0x130
00036  </TASK>
00036  ? ret_from_fork_asm+0x11/0x20
00036 ---[ end trace 0000000000000000 ]---
00036  </TASK>
00036 ---[ end trace 0000000000000000 ]---
00037 ------------[ cut here ]------------
00037 WARNING: /home/ktest/git/linux/include/linux/fs.h:889 at osd_create+0x9cf/0xcf0 [osd_wbcfs], CPU#2: ll_mgs_0002/1724
00037 Modules linked in: ofd(O) osp(O) mdd(O) lod(O) mdt(O) lquota(O) lfsck(O) mgs(O) osd_wbcfs(O) lustre(O) obdecho(O) mgc(O) mdc(O) lov(O) osc(O) lmv(O) ec(O) fid(O) fld(O) ptlrpc(O) efivarfs obdclass(O) ksocklnd(O) lnet(O) libcfs(O)
00037 CPU: 2 UID: 0 PID: 1724 Comm: ll_mgs_0002 Tainted: G        W  O        7.0.0-ktest-fa4bb62-6330a45-20260727-dirty #1 PREEMPT 
00037 Tainted: [W]=WARN, [O]=OOT_MODULE
00037 Hardware name: QEMU Standard PC (Q35 + ICH9, 2009), BIOS 2025.11-3ubuntu7 03/31/2026
00037 RIP: 0010:osd_create+0x9cf/0xcf0 [osd_wbcfs]
00037 Code: c7 c7 00 96 7b a1 48 c7 c6 a0 12 7d a1 48 c7 c2 00 1c 7d a1 e8 52 f1 43 ff 48 c7 c7 00 96 7b a1 e8 46 81 44 ff e9 fe fc ff ff <0f> 0b e9 a5 fa ff ff 48 c7 c1 80 44 5d a0 80 e1 07 80 c1 03 38 c1
00037 RSP: 0018:ffffc9000132f6f0 EFLAGS: 00010246
00037 RAX: 0000000000000000 RBX: ffff88813564e800 RCX: 0000000000000046
00037 RDX: 0000000000000000 RSI: ffff88802d89c9c0 RDI: ffff888108a5aaa8
00037 RBP: ffff88802d89c930 R08: ffffffff83a16803 R09: 1ffffffff0742d00
00037 R10: dffffc0000000000 R11: fffffbfff0742d01 R12: ffff88813406c000
00037 R13: dffffc0000000000 R14: 1ffff11026ac9d00 R15: 1ffff1102680d80f
00037 FS:  0000000000000000(0000) GS:ffff8881d4b2d000(0000) knlGS:0000000000000000
00037 CS:  0010 DS: 0000 ES: 0000 CR0: 0000000080050033
00037 CR2: 00007f61fa7e6194 CR3: 000000013ae4c000 CR4: 0000000000750eb0
00037 PKRU: 55555554
00037 Call Trace:
00037  <TASK>
00037  ? local_object_create+0x109/0x640 [obdclass]
00037  ? dt_write_lock+0x16d/0x2a0 [obdclass]
00037  ? llog_osd_create+0x356/0x10d0 [obdclass]
00037  ? llog_create+0x2ed/0x530 [obdclass]
00037  ? llog_open_create+0x6e7/0xb30 [obdclass]
00037  ? record_start_log+0x348/0xa40 [mgs]
00037  ? mgs_write_log_target+0x16f2/0x6ab0 [mgs]
00037  ? mgs_target_reg+0x254e/0x4480 [mgs]
00037  ? tgt_request_handle+0x23ad/0x3d30 [ptlrpc]
00037  ? ptlrpc_main+0x6359/0x96f0 [ptlrpc]
00037  ? __kthread_parkme+0x73/0x130
00037  ? kthread+0x2cd/0x3a0
00037  ? ptlrpc_start_thread+0x1f10/0x1f10 [ptlrpc]
00037  ? kthread_unuse_mm+0x130/0x130
00037  ? ret_from_fork+0x18c/0x520
00037  ? kthread_unuse_mm+0x130/0x130
00037  ? ret_from_fork_asm+0x11/0x20
00037  </TASK>
00037 ---[ end trace 0000000000000000 ]---
00037 ------------[ cut here ]------------
00037 WARNING: /home/ktest/git/linux/include/linux/fs.h:889 at osd_create+0x9cf/0xcf0 [osd_wbcfs], CPU#3: llog_process_th/1794
00037 Modules linked in: ofd(O) osp(O) mdd(O) lod(O) mdt(O) lquota(O) lfsck(O) mgs(O) osd_wbcfs(O) lustre(O) obdecho(O) mgc(O) mdc(O) lov(O) osc(O) lmv(O) ec(O) fid(O) fld(O) ptlrpc(O) efivarfs obdclass(O) ksocklnd(O) lnet(O) libcfs(O)
00037 CPU: 3 UID: 0 PID: 1794 Comm: llog_process_th Tainted: G        W  O        7.0.0-ktest-fa4bb62-6330a45-20260727-dirty #1 PREEMPT 
00037 Tainted: [W]=WARN, [O]=OOT_MODULE
00037 Hardware name: QEMU Standard PC (Q35 + ICH9, 2009), BIOS 2025.11-3ubuntu7 03/31/2026
00037 RIP: 0010:osd_create+0x9cf/0xcf0 [osd_wbcfs]
00037 Code: c7 c7 00 96 7b a1 48 c7 c6 a0 12 7d a1 48 c7 c2 00 1c 7d a1 e8 52 f1 43 ff 48 c7 c7 00 96 7b a1 e8 46 81 44 ff e9 fe fc ff ff <0f> 0b e9 a5 fa ff ff 48 c7 c1 80 44 5d a0 80 e1 07 80 c1 03 38 c1
00037 RSP: 0018:ffffc90001f3f618 EFLAGS: 00010246
00037 RAX: 0000000000000000 RBX: ffff8881338c6400 RCX: 0000000000000046
00037 RDX: 0000000000000000 RSI: ffff8880436e9100 RDI: ffff88802f2c4b18
00037 RBP: ffff8880436e9070 R08: ffffffff83a16803 R09: 1ffffffff0742d00
00037 R10: dffffc0000000000 R11: fffffbfff0742d01 R12: ffffc90001f3f788
00037 R13: dffffc0000000000 R14: 1ffff11026718c80 R15: 1ffff920003e7efe
00037 FS:  0000000000000000(0000) GS:ffff8881d4bad000(0000) knlGS:0000000000000000
00037 CS:  0010 DS: 0000 ES: 0000 CR0: 0000000080050033
00037 CR2: 00007f182de0b048 CR3: 000000013ae4c000 CR4: 0000000000750eb0
00037 PKRU: 55555554
00037 Call Trace:
00037  <TASK>
00037  ? dt_find_or_create+0x81a/0x1170 [obdclass]
00037  ? tgt_init+0xb72/0x2a60 [ptlrpc]
00037  ? ofd_device_alloc+0x1da8/0x35e0 [ofd]
00037  ? obd_setup+0x25c/0x950 [obdclass]
00037  ? class_setup+0xc7d/0x10e0 [obdclass]
00037  ? class_process_config+0x2edb/0x7cb0 [obdclass]
00037  ? __kasan_kmalloc+0x72/0x80
00037  ? class_config_llog_handler+0x2954/0x4f80 [obdclass]
00037  ? class_config_llog_handler+0x2cea/0x4f80 [obdclass]
00037  ? lustre_cfg_rec_free+0x350/0x350 [obdclass]
00037  ? llog_process_thread+0x1fd2/0x4f70 [obdclass]
00037  ? _raw_spin_unlock+0x23/0x40
00037  ? llog_process_thread_daemonize+0x16d/0x1b0 [obdclass]
00037  ? kthread+0x2cd/0x3a0
00037  ? llog_process_or_fork+0xc90/0xc90 [obdclass]
00037  ? kthread_unuse_mm+0x130/0x130
00037  ? ret_from_fork+0x18c/0x520
00037  ? kthread_unuse_mm+0x130/0x130
00037  ? ret_from_fork_asm+0x11/0x20
00037  </TASK>
00037 ---[ end trace 0000000000000000 ]---
00037 Lustre: lustre-OST0000: new disk, initializing
00037 Lustre: Skipped 1 previous similar message
00037 ------------[ cut here ]------------
00037 WARNING: /home/ktest/git/linux/include/linux/fs.h:889 at osd_create+0x9cf/0xcf0 [osd_wbcfs], CPU#3: llog_process_th/1794
00037 Modules linked in: ofd(O) osp(O) mdd(O) lod(O) mdt(O) lquota(O) lfsck(O) mgs(O) osd_wbcfs(O) lustre(O) obdecho(O) mgc(O) mdc(O) lov(O) osc(O) lmv(O) ec(O) fid(O) fld(O) ptlrpc(O) efivarfs obdclass(O) ksocklnd(O) lnet(O) libcfs(O)
00037 CPU: 3 UID: 0 PID: 1794 Comm: llog_process_th Tainted: G        W  O        7.0.0-ktest-fa4bb62-6330a45-20260727-dirty #1 PREEMPT 
00037 Tainted: [W]=WARN, [O]=OOT_MODULE
00037 Hardware name: QEMU Standard PC (Q35 + ICH9, 2009), BIOS 2025.11-3ubuntu7 03/31/2026
00037 RIP: 0010:osd_create+0x9cf/0xcf0 [osd_wbcfs]
00037 Code: c7 c7 00 96 7b a1 48 c7 c6 a0 12 7d a1 48 c7 c2 00 1c 7d a1 e8 52 f1 43 ff 48 c7 c7 00 96 7b a1 e8 46 81 44 ff e9 fe fc ff ff <0f> 0b e9 a5 fa ff ff 48 c7 c1 80 44 5d a0 80 e1 07 80 c1 03 38 c1
00037 RSP: 0018:ffffc90001f3f4f0 EFLAGS: 00010246
00037 RAX: 0000000000000000 RBX: ffff8881338c7000 RCX: 0000000000000046
00037 RDX: 0000000000000000 RSI: ffff8880436e89e8 RDI: ffff88802f2c4b18
00037 RBP: ffff8880436e8958 R08: ffffffff83a16803 R09: 1ffffffff0742d00
00037 R10: dffffc0000000000 R11: fffffbfff0742d01 R12: ffffc90001f3f5f0
00037 R13: dffffc0000000000 R14: 1ffff11026718e00 R15: 1ffff920003e7ebc
00037 FS:  0000000000000000(0000) GS:ffff8881d4bad000(0000) knlGS:0000000000000000
00037 CS:  0010 DS: 0000 ES: 0000 CR0: 0000000080050033
00037 CR2: 00007f182de0b048 CR3: 000000013ae4c000 CR4: 0000000000750eb0
00037 PKRU: 55555554
00037 Call Trace:
00037  <TASK>
00037  ? dt_find_or_create+0x81a/0x1170 [obdclass]
00037  ? seq_store_init+0x155/0x360 [fid]
00037  ? seq_server_init+0x290/0xba0 [fid]
00037  ? ofd_fid_init+0x41c/0xf80 [ofd]
00037  ? ofd_seqs_init+0xb6/0x1370 [ofd]
00037  ? ofd_fs_setup+0x13c/0xdd0 [ofd]
00037  ? ofd_device_alloc+0x1fc1/0x35e0 [ofd]
00037  ? obd_setup+0x25c/0x950 [obdclass]
00037  ? class_setup+0xc7d/0x10e0 [obdclass]
00037  ? class_process_config+0x2edb/0x7cb0 [obdclass]
00037  ? __kasan_kmalloc+0x72/0x80
00037  ? class_config_llog_handler+0x2954/0x4f80 [obdclass]
00037  ? class_config_llog_handler+0x2cea/0x4f80 [obdclass]
00037  ? lustre_cfg_rec_free+0x350/0x350 [obdclass]
00037  ? llog_process_thread+0x1fd2/0x4f70 [obdclass]
00037  ? _raw_spin_unlock+0x23/0x40
00037  ? llog_process_thread_daemonize+0x16d/0x1b0 [obdclass]
00037  ? kthread+0x2cd/0x3a0
00037  ? llog_process_or_fork+0xc90/0xc90 [obdclass]
00037  ? kthread_unuse_mm+0x130/0x130
00037  ? ret_from_fork+0x18c/0x520
00037  ? kthread_unuse_mm+0x130/0x130
00037  ? ret_from_fork_asm+0x11/0x20
00037  </TASK>
00037 ---[ end trace 0000000000000000 ]---
00037 Lustre: srv-lustre-OST0000: No data found on store. Initialize space.
00037 Lustre: Skipped 2 previous similar messages
00037 ------------[ cut here ]------------
00037 WARNING: /home/ktest/git/linux/include/linux/fs.h:889 at osd_create+0x9cf/0xcf0 [osd_wbcfs], CPU#3: llog_process_th/1794
00037 Modules linked in: ofd(O) osp(O) mdd(O) lod(O) mdt(O) lquota(O) lfsck(O) mgs(O) osd_wbcfs(O) lustre(O) obdecho(O) mgc(O) mdc(O) lov(O) osc(O) lmv(O) ec(O) fid(O) fld(O) ptlrpc(O) efivarfs obdclass(O) ksocklnd(O) lnet(O) libcfs(O)
00037 CPU: 3 UID: 0 PID: 1794 Comm: llog_process_th Tainted: G        W  O        7.0.0-ktest-fa4bb62-6330a45-20260727-dirty #1 PREEMPT 
00037 Tainted: [W]=WARN, [O]=OOT_MODULE
00037 Hardware name: QEMU Standard PC (Q35 + ICH9, 2009), BIOS 2025.11-3ubuntu7 03/31/2026
00037 RIP: 0010:osd_create+0x9cf/0xcf0 [osd_wbcfs]
00037 Code: c7 c7 00 96 7b a1 48 c7 c6 a0 12 7d a1 48 c7 c2 00 1c 7d a1 e8 52 f1 43 ff 48 c7 c7 00 96 7b a1 e8 46 81 44 ff e9 fe fc ff ff <0f> 0b e9 a5 fa ff ff 48 c7 c1 80 44 5d a0 80 e1 07 80 c1 03 38 c1
00037 RSP: 0018:ffffc90001f3f530 EFLAGS: 00010246
00037 RAX: 0000000000000000 RBX: ffff8881338c7400 RCX: 0000000000000046
00037 RDX: ffffffff84c41d40 RSI: ffff8880436e82d0 RDI: ffff88802f2c4b18
00037 RBP: ffff8880436e8240 R08: 0000000000000001 R09: 0000000000000000
00037 R10: dffffc0000000000 R11: ffffed10086dd03d R12: ffff888119531c00
00037 R13: dffffc0000000000 R14: 1ffff11026718e80 R15: 1ffff920003e7edb
00037 FS:  0000000000000000(0000) GS:ffff8881d4bad000(0000) knlGS:0000000000000000
00037 CS:  0010 DS: 0000 ES: 0000 CR0: 0000000080050033
00037 CR2: 00007f182de0b048 CR3: 000000013ae4c000 CR4: 0000000000750eb0
00037 PKRU: 55555554
00037 Call Trace:
00037  <TASK>
00037  ? dt_find_or_create+0x81a/0x1170 [obdclass]
00037  ? fld_index_init+0x404/0x1610 [fld]
00037  ? is_module_address+0x1b/0x70
00037  ? is_module_address+0x5e/0x70
00037  ? __asan_memset+0x22/0x40
00037  ? fld_server_init+0x1d7/0x580 [fld]
00037  ? ofd_seqs_init+0x430/0x1370 [ofd]
00037  ? ofd_fs_setup+0x13c/0xdd0 [ofd]
00037  ? ofd_device_alloc+0x1fc1/0x35e0 [ofd]
00037  ? obd_setup+0x25c/0x950 [obdclass]
00037  ? class_setup+0xc7d/0x10e0 [obdclass]
00037  ? class_process_config+0x2edb/0x7cb0 [obdclass]
00037  ? __kasan_kmalloc+0x72/0x80
00037  ? class_config_llog_handler+0x2954/0x4f80 [obdclass]
00037  ? class_config_llog_handler+0x2cea/0x4f80 [obdclass]
00037  ? lustre_cfg_rec_free+0x350/0x350 [obdclass]
00037  ? llog_process_thread+0x1fd2/0x4f70 [obdclass]
00037  ? _raw_spin_unlock+0x23/0x40
00037  ? llog_process_thread_daemonize+0x16d/0x1b0 [obdclass]
00037  ? kthread+0x2cd/0x3a0
00037  ? llog_process_or_fork+0xc90/0xc90 [obdclass]
00037  ? kthread_unuse_mm+0x130/0x130
00037  ? ret_from_fork+0x18c/0x520
00037  ? kthread_unuse_mm+0x130/0x130
00037  ? ret_from_fork_asm+0x11/0x20
00037  </TASK>
00037 ---[ end trace 0000000000000000 ]---
00037 ------------[ cut here ]------------
00037 WARNING: /home/ktest/git/linux/include/linux/fs.h:889 at osd_create+0x9cf/0xcf0 [osd_wbcfs], CPU#3: llog_process_th/1794
00037 Modules linked in: ofd(O) osp(O) mdd(O) lod(O) mdt(O) lquota(O) lfsck(O) mgs(O) osd_wbcfs(O) lustre(O) obdecho(O) mgc(O) mdc(O) lov(O) osc(O) lmv(O) ec(O) fid(O) fld(O) ptlrpc(O) efivarfs obdclass(O) ksocklnd(O) lnet(O) libcfs(O)
00037 CPU: 3 UID: 0 PID: 1794 Comm: llog_process_th Tainted: G        W  O        7.0.0-ktest-fa4bb62-6330a45-20260727-dirty #1 PREEMPT 
00037 Tainted: [W]=WARN, [O]=OOT_MODULE
00037 Hardware name: QEMU Standard PC (Q35 + ICH9, 2009), BIOS 2025.11-3ubuntu7 03/31/2026
00037 RIP: 0010:osd_create+0x9cf/0xcf0 [osd_wbcfs]
00037 Code: c7 c7 00 96 7b a1 48 c7 c6 a0 12 7d a1 48 c7 c2 00 1c 7d a1 e8 52 f1 43 ff 48 c7 c7 00 96 7b a1 e8 46 81 44 ff e9 fe fc ff ff <0f> 0b e9 a5 fa ff ff 48 c7 c1 80 44 5d a0 80 e1 07 80 c1 03 38 c1
00037 RSP: 0018:ffffc90001f3f6e0 EFLAGS: 00010246
00037 RAX: 0000000000000000 RBX: ffff8881338c5c00 RCX: 0000000000000046
00037 RDX: 0000000000000000 RSI: ffff88802d89fb68 RDI: ffff88802f2c4b18
00037 RBP: ffff88802d89fad8 R08: ffffffff83a16803 R09: 1ffffffff0742d00
00037 R10: dffffc0000000000 R11: fffffbfff0742d01 R12: ffff8880436de030
00037 R13: dffffc0000000000 R14: 1ffff11026718b80 R15: 1ffff110086dbc42
00037 FS:  0000000000000000(0000) GS:ffff8881d4bad000(0000) knlGS:0000000000000000
00037 CS:  0010 DS: 0000 ES: 0000 CR0: 0000000080050033
00037 CR2: 00007f182de0b048 CR3: 000000013ae4c000 CR4: 0000000000750eb0
00037 PKRU: 55555554
00037 Call Trace:
00037  <TASK>
00037  ? dt_find_or_create+0x81a/0x1170 [obdclass]
00037  ? ofd_fs_setup+0x42c/0xdd0 [ofd]
00037  ? ofd_device_alloc+0x1fc1/0x35e0 [ofd]
00037  ? obd_setup+0x25c/0x950 [obdclass]
00037  ? class_setup+0xc7d/0x10e0 [obdclass]
00037  ? class_process_config+0x2edb/0x7cb0 [obdclass]
00037  ? __kasan_kmalloc+0x72/0x80
00037  ? class_config_llog_handler+0x2954/0x4f80 [obdclass]
00037  ? class_config_llog_handler+0x2cea/0x4f80 [obdclass]
00037  ? lustre_cfg_rec_free+0x350/0x350 [obdclass]
00037  ? llog_process_thread+0x1fd2/0x4f70 [obdclass]
00037  ? _raw_spin_unlock+0x23/0x40
00037  ? llog_process_thread_daemonize+0x16d/0x1b0 [obdclass]
00037  ? kthread+0x2cd/0x3a0
00037  ? llog_process_or_fork+0xc90/0xc90 [obdclass]
00037  ? kthread_unuse_mm+0x130/0x130
00037  ? ret_from_fork+0x18c/0x520
00037  ? kthread_unuse_mm+0x130/0x130
00037  ? ret_from_fork_asm+0x11/0x20
00037  </TASK>
00037 ---[ end trace 0000000000000000 ]---
00037 ------------[ cut here ]------------
00037 WARNING: /home/ktest/git/linux/include/linux/fs.h:889 at osd_create+0x9cf/0xcf0 [osd_wbcfs], CPU#3: llog_process_th/1794
00037 Modules linked in: ofd(O) osp(O) mdd(O) lod(O) mdt(O) lquota(O) lfsck(O) mgs(O) osd_wbcfs(O) lustre(O) obdecho(O) mgc(O) mdc(O) lov(O) osc(O) lmv(O) ec(O) fid(O) fld(O) ptlrpc(O) efivarfs obdclass(O) ksocklnd(O) lnet(O) libcfs(O)
00037 CPU: 3 UID: 0 PID: 1794 Comm: llog_process_th Tainted: G        W  O        7.0.0-ktest-fa4bb62-6330a45-20260727-dirty #1 PREEMPT 
00037 Tainted: [W]=WARN, [O]=OOT_MODULE
00037 Hardware name: QEMU Standard PC (Q35 + ICH9, 2009), BIOS 2025.11-3ubuntu7 03/31/2026
00037 RIP: 0010:osd_create+0x9cf/0xcf0 [osd_wbcfs]
00037 Code: c7 c7 00 96 7b a1 48 c7 c6 a0 12 7d a1 48 c7 c2 00 1c 7d a1 e8 52 f1 43 ff 48 c7 c7 00 96 7b a1 e8 46 81 44 ff e9 fe fc ff ff <0f> 0b e9 a5 fa ff ff 48 c7 c1 80 44 5d a0 80 e1 07 80 c1 03 38 c1
00037 RSP: 0018:ffffc90001f3f6e0 EFLAGS: 00010246
00037 RAX: 0000000000000000 RBX: ffff8881338e1800 RCX: 0000000000000046
00037 RDX: 0000000000000000 RSI: ffff88802d89f450 RDI: ffff88802f2c4b18
00037 RBP: ffff88802d89f3c0 R08: ffffffff83a16803 R09: 1ffffffff0742d00
00037 R10: dffffc0000000000 R11: fffffbfff0742d01 R12: ffff8880436de030
00037 R13: dffffc0000000000 R14: 1ffff1102671c300 R15: 1ffff110086dbc42
00037 FS:  0000000000000000(0000) GS:ffff8881d4bad000(0000) knlGS:0000000000000000
00037 CS:  0010 DS: 0000 ES: 0000 CR0: 0000000080050033
00037 CR2: 00007f182de0b048 CR3: 000000013ae4c000 CR4: 0000000000750eb0
00037 PKRU: 55555554
00037 Call Trace:
00037  <TASK>
00037  ? dt_find_or_create+0x81a/0x1170 [obdclass]
00037  ? ofd_fs_setup+0x57f/0xdd0 [ofd]
00037  ? ofd_device_alloc+0x1fc1/0x35e0 [ofd]
00037  ? obd_setup+0x25c/0x950 [obdclass]
00037  ? class_setup+0xc7d/0x10e0 [obdclass]
00037  ? class_process_config+0x2edb/0x7cb0 [obdclass]
00037  ? __kasan_kmalloc+0x72/0x80
00037  ? class_config_llog_handler+0x2954/0x4f80 [obdclass]
00037  ? class_config_llog_handler+0x2cea/0x4f80 [obdclass]
00037  ? lustre_cfg_rec_free+0x350/0x350 [obdclass]
00037  ? llog_process_thread+0x1fd2/0x4f70 [obdclass]
00037  ? _raw_spin_unlock+0x23/0x40
00037  ? llog_process_thread_daemonize+0x16d/0x1b0 [obdclass]
00037  ? kthread+0x2cd/0x3a0
00037  ? llog_process_or_fork+0xc90/0xc90 [obdclass]
00037  ? kthread_unuse_mm+0x130/0x130
00037  ? ret_from_fork+0x18c/0x520
00037  ? kthread_unuse_mm+0x130/0x130
00037  ? ret_from_fork_asm+0x11/0x20
00037  </TASK>
00037 ---[ end trace 0000000000000000 ]---
00037 ------------[ cut here ]------------
00037 WARNING: /home/ktest/git/linux/include/linux/fs.h:889 at osd_create+0x9cf/0xcf0 [osd_wbcfs], CPU#3: llog_process_th/1794
00037 Modules linked in: ofd(O) osp(O) mdd(O) lod(O) mdt(O) lquota(O) lfsck(O) mgs(O) osd_wbcfs(O) lustre(O) obdecho(O) mgc(O) mdc(O) lov(O) osc(O) lmv(O) ec(O) fid(O) fld(O) ptlrpc(O) efivarfs obdclass(O) ksocklnd(O) lnet(O) libcfs(O)
00037 CPU: 3 UID: 0 PID: 1794 Comm: llog_process_th Tainted: G        W  O        7.0.0-ktest-fa4bb62-6330a45-20260727-dirty #1 PREEMPT 
00037 Tainted: [W]=WARN, [O]=OOT_MODULE
00037 Hardware name: QEMU Standard PC (Q35 + ICH9, 2009), BIOS 2025.11-3ubuntu7 03/31/2026
00037 RIP: 0010:osd_create+0x9cf/0xcf0 [osd_wbcfs]
00037 Code: c7 c7 00 96 7b a1 48 c7 c6 a0 12 7d a1 48 c7 c2 00 1c 7d a1 e8 52 f1 43 ff 48 c7 c7 00 96 7b a1 e8 46 81 44 ff e9 fe fc ff ff <0f> 0b e9 a5 fa ff ff 48 c7 c1 80 44 5d a0 80 e1 07 80 c1 03 38 c1
00037 RSP: 0018:ffffc90001f3f4a8 EFLAGS: 00010246
00037 RAX: 0000000000000000 RBX: ffff8881338e2000 RCX: 0000000000000046
00037 RDX: ffffffff84c41d40 RSI: ffff88802d89ed38 RDI: ffff88802f2c4b18
00037 RBP: ffff88802d89eca8 R08: 0000000000000001 R09: 0000000000000000
00037 R10: dffffc0000000000 R11: ffffed1005b13d8a R12: ffff888043700418
00037 R13: dffffc0000000000 R14: 1ffff1102671c400 R15: 1ffff110086e0092
00037 FS:  0000000000000000(0000) GS:ffff8881d4bad000(0000) knlGS:0000000000000000
00037 CS:  0010 DS: 0000 ES: 0000 CR0: 0000000080050033
00037 CR2: 00007f182de0b048 CR3: 000000013ae4c000 CR4: 0000000000750eb0
00037 PKRU: 55555554
00037 Call Trace:
00037  <TASK>
00037  ? local_object_create+0x109/0x640 [obdclass]
00037  ? dt_write_lock+0x16d/0x2a0 [obdclass]
00037  ? __local_file_create+0xce4/0x1bc0 [obdclass]
00037  ? local_index_find_or_create+0x1dc/0x2c0 [obdclass]
00037  ? nodemap_cache_find_create+0x4f9/0xe80 [ptlrpc]
00037  ? nodemap_save_config_cache+0x123/0x19b0 [ptlrpc]
00037  ? nm_config_file_register_tgt+0x19b/0x860 [ptlrpc]
00037  ? nm_config_file_register_tgt+0x1a9/0x860 [ptlrpc]
00037  ? ofd_device_alloc+0x219a/0x35e0 [ofd]
00037  ? obd_setup+0x25c/0x950 [obdclass]
00037  ? class_setup+0xc7d/0x10e0 [obdclass]
00037  ? class_process_config+0x2edb/0x7cb0 [obdclass]
00037  ? __kasan_kmalloc+0x72/0x80
00037  ? class_config_llog_handler+0x2954/0x4f80 [obdclass]
00037  ? class_config_llog_handler+0x2cea/0x4f80 [obdclass]
00037  ? lustre_cfg_rec_free+0x350/0x350 [obdclass]
00037  ? llog_process_thread+0x1fd2/0x4f70 [obdclass]
00037  ? _raw_spin_unlock+0x23/0x40
00037  ? llog_process_thread_daemonize+0x16d/0x1b0 [obdclass]
00037  ? kthread+0x2cd/0x3a0
00037  ? llog_process_or_fork+0xc90/0xc90 [obdclass]
00037  ? kthread_unuse_mm+0x130/0x130
00037  ? ret_from_fork+0x18c/0x520
00037  ? kthread_unuse_mm+0x130/0x130
00037  ? ret_from_fork_asm+0x11/0x20
00037  </TASK>
00037 ---[ end trace 0000000000000000 ]---
00037 Lustre: lustre-OST0000: Imperative Recovery not enabled, recovery window 300-900
00037 Lustre: Skipped 1 previous similar message
00037 ------------[ cut here ]------------
00037 WARNING: /home/ktest/git/linux/include/linux/fs.h:889 at osd_create+0x9cf/0xcf0 [osd_wbcfs], CPU#1: ll_mgs_0001/1723
00037 Modules linked in: ofd(O) osp(O) mdd(O) lod(O) mdt(O) lquota(O) lfsck(O) mgs(O) osd_wbcfs(O) lustre(O) obdecho(O) mgc(O) mdc(O) lov(O) osc(O) lmv(O) ec(O) fid(O) fld(O) ptlrpc(O) efivarfs obdclass(O) ksocklnd(O) lnet(O) libcfs(O)
00037 CPU: 1 UID: 0 PID: 1723 Comm: ll_mgs_0001 Tainted: G        W  O        7.0.0-ktest-fa4bb62-6330a45-20260727-dirty #1 PREEMPT 
00037 Tainted: [W]=WARN, [O]=OOT_MODULE
00037 Hardware name: QEMU Standard PC (Q35 + ICH9, 2009), BIOS 2025.11-3ubuntu7 03/31/2026
00037 RIP: 0010:osd_create+0x9cf/0xcf0 [osd_wbcfs]
00037 Code: c7 c7 00 96 7b a1 48 c7 c6 a0 12 7d a1 48 c7 c2 00 1c 7d a1 e8 52 f1 43 ff 48 c7 c7 00 96 7b a1 e8 46 81 44 ff e9 fe fc ff ff <0f> 0b e9 a5 fa ff ff 48 c7 c1 80 44 5d a0 80 e1 07 80 c1 03 38 c1
00037 RSP: 0018:ffffc9000131f6f0 EFLAGS: 00010246
00037 RAX: 0000000000000000 RBX: ffff888105c88c00 RCX: 0000000000000046
00037 RDX: 0000000000000000 RSI: ffff888027cf50d8 RDI: ffff888134e009e8
00037 RBP: ffff888027cf5048 R08: ffffffff83a16803 R09: 1ffffffff0742d00
00037 R10: dffffc0000000000 R11: fffffbfff0742d01 R12: ffff88813401b400
00037 R13: dffffc0000000000 R14: 1ffff11020b91180 R15: 1ffff1102680368f
00037 FS:  0000000000000000(0000) GS:ffff8881d4aad000(0000) knlGS:0000000000000000
00037 CS:  0010 DS: 0000 ES: 0000 CR0: 0000000080050033
00037 CR2: 000055c51a51eba8 CR3: 0000000074758000 CR4: 0000000000750eb0
00037 PKRU: 55555554
00037 Call Trace:
00037  <TASK>
00037  ? local_object_create+0x109/0x640 [obdclass]
00037  ? dt_write_lock+0x16d/0x2a0 [obdclass]
00037  ? llog_osd_create+0x356/0x10d0 [obdclass]
00037  ? llog_create+0x2ed/0x530 [obdclass]
00037  ? llog_open_create+0x6e7/0xb30 [obdclass]
00037  ? record_start_log+0x348/0xa40 [mgs]
00037  ? mgs_write_log_target+0x16f2/0x6ab0 [mgs]
00037  ? mgs_target_reg+0x254e/0x4480 [mgs]
00037  ? tgt_request_handle+0x23ad/0x3d30 [ptlrpc]
00037  ? ptlrpc_main+0x6359/0x96f0 [ptlrpc]
00037  ? __kthread_parkme+0x73/0x130
00037  ? kthread+0x2cd/0x3a0
00037  ? ptlrpc_start_thread+0x1f10/0x1f10 [ptlrpc]
00037  ? kthread_unuse_mm+0x130/0x130
00037  ? ret_from_fork+0x18c/0x520
00037  ? kthread_unuse_mm+0x130/0x130
00037  ? ret_from_fork_asm+0x11/0x20
00037  </TASK>
00037 ---[ end trace 0000000000000000 ]---
00037 ------------[ cut here ]------------
00037 WARNING: /home/ktest/git/linux/include/linux/fs.h:889 at osd_create+0x9cf/0xcf0 [osd_wbcfs], CPU#1: llog_process_th/1801
00037 Modules linked in: ofd(O) osp(O) mdd(O) lod(O) mdt(O) lquota(O) lfsck(O) mgs(O) osd_wbcfs(O) lustre(O) obdecho(O) mgc(O) mdc(O) lov(O) osc(O) lmv(O) ec(O) fid(O) fld(O) ptlrpc(O) efivarfs obdclass(O) ksocklnd(O) lnet(O) libcfs(O)
00037 CPU: 1 UID: 0 PID: 1801 Comm: llog_process_th Tainted: G        W  O        7.0.0-ktest-fa4bb62-6330a45-20260727-dirty #1 PREEMPT 
00037 Tainted: [W]=WARN, [O]=OOT_MODULE
00037 Hardware name: QEMU Standard PC (Q35 + ICH9, 2009), BIOS 2025.11-3ubuntu7 03/31/2026
00037 RIP: 0010:osd_create+0x9cf/0xcf0 [osd_wbcfs]
00037 Code: c7 c7 00 96 7b a1 48 c7 c6 a0 12 7d a1 48 c7 c2 00 1c 7d a1 e8 52 f1 43 ff 48 c7 c7 00 96 7b a1 e8 46 81 44 ff e9 fe fc ff ff <0f> 0b e9 a5 fa ff ff 48 c7 c1 80 44 5d a0 80 e1 07 80 c1 03 38 c1
00037 RSP: 0018:ffffc9000706f618 EFLAGS: 00010246
00037 RAX: 0000000000000000 RBX: ffff88811b993800 RCX: 0000000000000046
00037 RDX: 0000000000000000 RSI: ffff888027cf49c0 RDI: ffff8880436c0998
00037 RBP: ffff888027cf4930 R08: ffffffff83a16803 R09: 1ffffffff0742d00
00037 R10: dffffc0000000000 R11: fffffbfff0742d01 R12: ffffc9000706f788
00037 R13: dffffc0000000000 R14: 1ffff11023732700 R15: 1ffff92000e0defe
00037 FS:  0000000000000000(0000) GS:ffff8881d4aad000(0000) knlGS:0000000000000000
00037 CS:  0010 DS: 0000 ES: 0000 CR0: 0000000080050033
00037 CR2: 000055c51a51eba8 CR3: 0000000074758000 CR4: 0000000000750eb0
00037 PKRU: 55555554
00037 Call Trace:
00037  <TASK>
00037  ? dt_find_or_create+0x81a/0x1170 [obdclass]
00037  ? tgt_init+0xb72/0x2a60 [ptlrpc]
00037  ? ofd_device_alloc+0x1da8/0x35e0 [ofd]
00037  ? obd_setup+0x25c/0x950 [obdclass]
00037  ? class_setup+0xc7d/0x10e0 [obdclass]
00037  ? class_process_config+0x2edb/0x7cb0 [obdclass]
00037  ? __kasan_kmalloc+0x72/0x80
00037  ? class_config_llog_handler+0x2954/0x4f80 [obdclass]
00037  ? class_config_llog_handler+0x2cea/0x4f80 [obdclass]
00037  ? lustre_cfg_rec_free+0x350/0x350 [obdclass]
00037  ? llog_process_thread+0x1fd2/0x4f70 [obdclass]
00037  ? _raw_spin_unlock+0x23/0x40
00037  ? llog_process_thread_daemonize+0x16d/0x1b0 [obdclass]
00037  ? kthread+0x2cd/0x3a0
00037  ? llog_process_or_fork+0xc90/0xc90 [obdclass]
00037  ? kthread_unuse_mm+0x130/0x130
00037  ? ret_from_fork+0x18c/0x520
00037  ? kthread_unuse_mm+0x130/0x130
00037  ? ret_from_fork_asm+0x11/0x20
00037  </TASK>
00037 ---[ end trace 0000000000000000 ]---
00037 ------------[ cut here ]------------
00037 WARNING: /home/ktest/git/linux/include/linux/fs.h:889 at osd_create+0x9cf/0xcf0 [osd_wbcfs], CPU#1: llog_process_th/1801
00037 Modules linked in: ofd(O) osp(O) mdd(O) lod(O) mdt(O) lquota(O) lfsck(O) mgs(O) osd_wbcfs(O) lustre(O) obdecho(O) mgc(O) mdc(O) lov(O) osc(O) lmv(O) ec(O) fid(O) fld(O) ptlrpc(O) efivarfs obdclass(O) ksocklnd(O) lnet(O) libcfs(O)
00037 CPU: 1 UID: 0 PID: 1801 Comm: llog_process_th Tainted: G        W  O        7.0.0-ktest-fa4bb62-6330a45-20260727-dirty #1 PREEMPT 
00037 Tainted: [W]=WARN, [O]=OOT_MODULE
00037 Hardware name: QEMU Standard PC (Q35 + ICH9, 2009), BIOS 2025.11-3ubuntu7 03/31/2026
00037 RIP: 0010:osd_create+0x9cf/0xcf0 [osd_wbcfs]
00037 Code: c7 c7 00 96 7b a1 48 c7 c6 a0 12 7d a1 48 c7 c2 00 1c 7d a1 e8 52 f1 43 ff 48 c7 c7 00 96 7b a1 e8 46 81 44 ff e9 fe fc ff ff <0f> 0b e9 a5 fa ff ff 48 c7 c1 80 44 5d a0 80 e1 07 80 c1 03 38 c1
00037 RSP: 0018:ffffc9000706f4f0 EFLAGS: 00010246
00037 RAX: 0000000000000000 RBX: ffff88811b990800 RCX: 0000000000000046
00037 RDX: 0000000000000000 RSI: ffff888027cf42a8 RDI: ffff8880436c0998
00037 RBP: ffff888027cf4218 R08: ffffffff83a16803 R09: 1ffffffff0742d00
00037 R10: dffffc0000000000 R11: fffffbfff0742d01 R12: ffffc9000706f5f0
00037 R13: dffffc0000000000 R14: 1ffff11023732100 R15: 1ffff92000e0debc
00037 FS:  0000000000000000(0000) GS:ffff8881d4aad000(0000) knlGS:0000000000000000
00037 CS:  0010 DS: 0000 ES: 0000 CR0: 0000000080050033
00037 CR2: 000055c51a51eba8 CR3: 0000000074758000 CR4: 0000000000750eb0
00037 PKRU: 55555554
00037 Call Trace:
00037  <TASK>
00037  ? dt_find_or_create+0x81a/0x1170 [obdclass]
00037  ? seq_store_init+0x155/0x360 [fid]
00037  ? seq_server_init+0x290/0xba0 [fid]
00037  ? ofd_fid_init+0x41c/0xf80 [ofd]
00037  ? ofd_seqs_init+0xb6/0x1370 [ofd]
00037  ? ofd_fs_setup+0x13c/0xdd0 [ofd]
00037  ? ofd_device_alloc+0x1fc1/0x35e0 [ofd]
00037  ? obd_setup+0x25c/0x950 [obdclass]
00037  ? class_setup+0xc7d/0x10e0 [obdclass]
00037  ? class_process_config+0x2edb/0x7cb0 [obdclass]
00037  ? __kasan_kmalloc+0x72/0x80
00037  ? class_config_llog_handler+0x2954/0x4f80 [obdclass]
00037  ? class_config_llog_handler+0x2cea/0x4f80 [obdclass]
00037  ? lustre_cfg_rec_free+0x350/0x350 [obdclass]
00037  ? llog_process_thread+0x1fd2/0x4f70 [obdclass]
00037  ? _raw_spin_unlock+0x23/0x40
00037  ? llog_process_thread_daemonize+0x16d/0x1b0 [obdclass]
00037  ? kthread+0x2cd/0x3a0
00037  ? llog_process_or_fork+0xc90/0xc90 [obdclass]
00037  ? kthread_unuse_mm+0x130/0x130
00037  ? ret_from_fork+0x18c/0x520
00037  ? kthread_unuse_mm+0x130/0x130
00037  ? ret_from_fork_asm+0x11/0x20
00037  </TASK>
00037 ---[ end trace 0000000000000000 ]---
00037 ------------[ cut here ]------------
00037 WARNING: /home/ktest/git/linux/include/linux/fs.h:889 at osd_create+0x9cf/0xcf0 [osd_wbcfs], CPU#1: llog_process_th/1801
00037 Modules linked in: ofd(O) osp(O) mdd(O) lod(O) mdt(O) lquota(O) lfsck(O) mgs(O) osd_wbcfs(O) lustre(O) obdecho(O) mgc(O) mdc(O) lov(O) osc(O) lmv(O) ec(O) fid(O) fld(O) ptlrpc(O) efivarfs obdclass(O) ksocklnd(O) lnet(O) libcfs(O)
00037 CPU: 1 UID: 0 PID: 1801 Comm: llog_process_th Tainted: G        W  O        7.0.0-ktest-fa4bb62-6330a45-20260727-dirty #1 PREEMPT 
00037 Tainted: [W]=WARN, [O]=OOT_MODULE
00037 Hardware name: QEMU Standard PC (Q35 + ICH9, 2009), BIOS 2025.11-3ubuntu7 03/31/2026
00037 RIP: 0010:osd_create+0x9cf/0xcf0 [osd_wbcfs]
00037 Code: c7 c7 00 96 7b a1 48 c7 c6 a0 12 7d a1 48 c7 c2 00 1c 7d a1 e8 52 f1 43 ff 48 c7 c7 00 96 7b a1 e8 46 81 44 ff e9 fe fc ff ff <0f> 0b e9 a5 fa ff ff 48 c7 c1 80 44 5d a0 80 e1 07 80 c1 03 38 c1
00037 RSP: 0018:ffffc9000706f530 EFLAGS: 00010246
00037 RAX: 0000000000000000 RBX: ffff88811b984c00 RCX: 0000000000000046
00037 RDX: ffffffff84c41d40 RSI: ffff888027cf3b90 RDI: ffff8880436c0998
00037 RBP: ffff888027cf3b00 R08: 0000000000000001 R09: 0000000000000000
00037 R10: dffffc0000000000 R11: ffffed1004f9e755 R12: ffff88811bc1b200
00037 R13: dffffc0000000000 R14: 1ffff11023730980 R15: 1ffff92000e0dedb
00037 FS:  0000000000000000(0000) GS:ffff8881d4aad000(0000) knlGS:0000000000000000
00037 CS:  0010 DS: 0000 ES: 0000 CR0: 0000000080050033
00037 CR2: 000055c51a51eba8 CR3: 0000000074758000 CR4: 0000000000750eb0
00037 PKRU: 55555554
00037 Call Trace:
00037  <TASK>
00037  ? dt_find_or_create+0x81a/0x1170 [obdclass]
00037  ? fld_index_init+0x404/0x1610 [fld]
00037  ? is_module_address+0x1b/0x70
00037  ? is_module_address+0x5e/0x70
00037  ? __asan_memset+0x22/0x40
00037  ? fld_server_init+0x1d7/0x580 [fld]
00037  ? ofd_seqs_init+0x430/0x1370 [ofd]
00037  ? ofd_fs_setup+0x13c/0xdd0 [ofd]
00037  ? ofd_device_alloc+0x1fc1/0x35e0 [ofd]
00037  ? obd_setup+0x25c/0x950 [obdclass]
00037  ? class_setup+0xc7d/0x10e0 [obdclass]
00037  ? class_process_config+0x2edb/0x7cb0 [obdclass]
00037  ? __kasan_kmalloc+0x72/0x80
00037  ? class_config_llog_handler+0x2954/0x4f80 [obdclass]
00037  ? class_config_llog_handler+0x2cea/0x4f80 [obdclass]
00037  ? lustre_cfg_rec_free+0x350/0x350 [obdclass]
00037  ? llog_process_thread+0x1fd2/0x4f70 [obdclass]
00037  ? _raw_spin_unlock+0x23/0x40
00037  ? llog_process_thread_daemonize+0x16d/0x1b0 [obdclass]
00037  ? kthread+0x2cd/0x3a0
00037  ? llog_process_or_fork+0xc90/0xc90 [obdclass]
00037  ? kthread_unuse_mm+0x130/0x130
00037  ? ret_from_fork+0x18c/0x520
00037  ? kthread_unuse_mm+0x130/0x130
00037  ? ret_from_fork_asm+0x11/0x20
00037  </TASK>
00037 ---[ end trace 0000000000000000 ]---
00037 ------------[ cut here ]------------
00037 WARNING: /home/ktest/git/linux/include/linux/fs.h:889 at osd_create+0x9cf/0xcf0 [osd_wbcfs], CPU#1: llog_process_th/1801
00037 Modules linked in: ofd(O) osp(O) mdd(O) lod(O) mdt(O) lquota(O) lfsck(O) mgs(O) osd_wbcfs(O) lustre(O) obdecho(O) mgc(O) mdc(O) lov(O) osc(O) lmv(O) ec(O) fid(O) fld(O) ptlrpc(O) efivarfs obdclass(O) ksocklnd(O) lnet(O) libcfs(O)
00037 CPU: 1 UID: 0 PID: 1801 Comm: llog_process_th Tainted: G        W  O        7.0.0-ktest-fa4bb62-6330a45-20260727-dirty #1 PREEMPT 
00037 Tainted: [W]=WARN, [O]=OOT_MODULE
00037 Hardware name: QEMU Standard PC (Q35 + ICH9, 2009), BIOS 2025.11-3ubuntu7 03/31/2026
00037 RIP: 0010:osd_create+0x9cf/0xcf0 [osd_wbcfs]
00037 Code: c7 c7 00 96 7b a1 48 c7 c6 a0 12 7d a1 48 c7 c2 00 1c 7d a1 e8 52 f1 43 ff 48 c7 c7 00 96 7b a1 e8 46 81 44 ff e9 fe fc ff ff <0f> 0b e9 a5 fa ff ff 48 c7 c1 80 44 5d a0 80 e1 07 80 c1 03 38 c1
00037 RSP: 0018:ffffc9000706f6e0 EFLAGS: 00010246
00037 RAX: 0000000000000000 RBX: ffff888135663000 RCX: 0000000000000046
00037 RDX: 0000000000000000 RSI: ffff888027cf3478 RDI: ffff8880436c0998
00037 RBP: ffff888027cf33e8 R08: ffffffff83a16803 R09: 1ffffffff0742d00
00037 R10: dffffc0000000000 R11: fffffbfff0742d01 R12: ffff888117ec9830
00037 R13: dffffc0000000000 R14: 1ffff11026acc600 R15: 1ffff11022fd9342
00037 FS:  0000000000000000(0000) GS:ffff8881d4aad000(0000) knlGS:0000000000000000
00037 CS:  0010 DS: 0000 ES: 0000 CR0: 0000000080050033
00037 CR2: 000055c51a51eba8 CR3: 0000000074758000 CR4: 0000000000750eb0
00037 PKRU: 55555554
00037 Call Trace:
00037  <TASK>
00037  ? dt_find_or_create+0x81a/0x1170 [obdclass]
00037  ? ofd_fs_setup+0x42c/0xdd0 [ofd]
00037  ? ofd_device_alloc+0x1fc1/0x35e0 [ofd]
00037  ? obd_setup+0x25c/0x950 [obdclass]
00037  ? class_setup+0xc7d/0x10e0 [obdclass]
00037  ? class_process_config+0x2edb/0x7cb0 [obdclass]
00037  ? __kasan_kmalloc+0x72/0x80
00037  ? class_config_llog_handler+0x2954/0x4f80 [obdclass]
00037  ? class_config_llog_handler+0x2cea/0x4f80 [obdclass]
00037  ? lustre_cfg_rec_free+0x350/0x350 [obdclass]
00037  ? llog_process_thread+0x1fd2/0x4f70 [obdclass]
00037  ? _raw_spin_unlock+0x23/0x40
00037  ? llog_process_thread_daemonize+0x16d/0x1b0 [obdclass]
00037  ? kthread+0x2cd/0x3a0
00037  ? llog_process_or_fork+0xc90/0xc90 [obdclass]
00037  ? kthread_unuse_mm+0x130/0x130
00037  ? ret_from_fork+0x18c/0x520
00037  ? kthread_unuse_mm+0x130/0x130
00037  ? ret_from_fork_asm+0x11/0x20
00037  </TASK>
00037 ---[ end trace 0000000000000000 ]---
00037 ------------[ cut here ]------------
00037 WARNING: /home/ktest/git/linux/include/linux/fs.h:889 at osd_create+0x9cf/0xcf0 [osd_wbcfs], CPU#1: llog_process_th/1801
00037 Modules linked in: ofd(O) osp(O) mdd(O) lod(O) mdt(O) lquota(O) lfsck(O) mgs(O) osd_wbcfs(O) lustre(O) obdecho(O) mgc(O) mdc(O) lov(O) osc(O) lmv(O) ec(O) fid(O) fld(O) ptlrpc(O) efivarfs obdclass(O) ksocklnd(O) lnet(O) libcfs(O)
00037 CPU: 1 UID: 0 PID: 1801 Comm: llog_process_th Tainted: G        W  O        7.0.0-ktest-fa4bb62-6330a45-20260727-dirty #1 PREEMPT 
00037 Tainted: [W]=WARN, [O]=OOT_MODULE
00037 Hardware name: QEMU Standard PC (Q35 + ICH9, 2009), BIOS 2025.11-3ubuntu7 03/31/2026
00037 RIP: 0010:osd_create+0x9cf/0xcf0 [osd_wbcfs]
00037 Code: c7 c7 00 96 7b a1 48 c7 c6 a0 12 7d a1 48 c7 c2 00 1c 7d a1 e8 52 f1 43 ff 48 c7 c7 00 96 7b a1 e8 46 81 44 ff e9 fe fc ff ff <0f> 0b e9 a5 fa ff ff 48 c7 c1 80 44 5d a0 80 e1 07 80 c1 03 38 c1
00037 RSP: 0018:ffffc9000706f6e0 EFLAGS: 00010246
00037 RAX: 0000000000000000 RBX: ffff888135662c00 RCX: 0000000000000046
00037 RDX: 0000000000000000 RSI: ffff888027cf2d60 RDI: ffff8880436c0998
00037 RBP: ffff888027cf2cd0 R08: ffffffff83a16803 R09: 1ffffffff0742d00
00037 R10: dffffc0000000000 R11: fffffbfff0742d01 R12: ffff888117ec9830
00037 R13: dffffc0000000000 R14: 1ffff11026acc580 R15: 1ffff11022fd9342
00037 FS:  0000000000000000(0000) GS:ffff8881d4aad000(0000) knlGS:0000000000000000
00037 CS:  0010 DS: 0000 ES: 0000 CR0: 0000000080050033
00037 CR2: 000055c51a51eba8 CR3: 0000000074758000 CR4: 0000000000750eb0
00037 PKRU: 55555554
00037 Call Trace:
00037  <TASK>
00037  ? dt_find_or_create+0x81a/0x1170 [obdclass]
00037  ? ofd_fs_setup+0x57f/0xdd0 [ofd]
00037  ? ofd_device_alloc+0x1fc1/0x35e0 [ofd]
00037  ? obd_setup+0x25c/0x950 [obdclass]
00037  ? class_setup+0xc7d/0x10e0 [obdclass]
00037  ? class_process_config+0x2edb/0x7cb0 [obdclass]
00037  ? __kasan_kmalloc+0x72/0x80
00037  ? class_config_llog_handler+0x2954/0x4f80 [obdclass]
00037  ? class_config_llog_handler+0x2cea/0x4f80 [obdclass]
00037  ? lustre_cfg_rec_free+0x350/0x350 [obdclass]
00037  ? llog_process_thread+0x1fd2/0x4f70 [obdclass]
00037  ? _raw_spin_unlock+0x23/0x40
00037  ? llog_process_thread_daemonize+0x16d/0x1b0 [obdclass]
00037  ? kthread+0x2cd/0x3a0
00037  ? llog_process_or_fork+0xc90/0xc90 [obdclass]
00037  ? kthread_unuse_mm+0x130/0x130
00037  ? ret_from_fork+0x18c/0x520
00037  ? kthread_unuse_mm+0x130/0x130
00037  ? ret_from_fork_asm+0x11/0x20
00037  </TASK>
00037 ---[ end trace 0000000000000000 ]---
00037 ------------[ cut here ]------------
00037 WARNING: /home/ktest/git/linux/include/linux/fs.h:889 at osd_create+0x9cf/0xcf0 [osd_wbcfs], CPU#1: llog_process_th/1801
00037 Modules linked in: ofd(O) osp(O) mdd(O) lod(O) mdt(O) lquota(O) lfsck(O) mgs(O) osd_wbcfs(O) lustre(O) obdecho(O) mgc(O) mdc(O) lov(O) osc(O) lmv(O) ec(O) fid(O) fld(O) ptlrpc(O) efivarfs obdclass(O) ksocklnd(O) lnet(O) libcfs(O)
00037 CPU: 1 UID: 0 PID: 1801 Comm: llog_process_th Tainted: G        W  O        7.0.0-ktest-fa4bb62-6330a45-20260727-dirty #1 PREEMPT 
00037 Tainted: [W]=WARN, [O]=OOT_MODULE
00037 Hardware name: QEMU Standard PC (Q35 + ICH9, 2009), BIOS 2025.11-3ubuntu7 03/31/2026
00037 RIP: 0010:osd_create+0x9cf/0xcf0 [osd_wbcfs]
00037 Code: c7 c7 00 96 7b a1 48 c7 c6 a0 12 7d a1 48 c7 c2 00 1c 7d a1 e8 52 f1 43 ff 48 c7 c7 00 96 7b a1 e8 46 81 44 ff e9 fe fc ff ff <0f> 0b e9 a5 fa ff ff 48 c7 c1 80 44 5d a0 80 e1 07 80 c1 03 38 c1
00037 RSP: 0018:ffffc9000706f4a8 EFLAGS: 00010246
00037 RAX: 0000000000000000 RBX: ffff888135660800 RCX: 0000000000000046
00037 RDX: ffffffff84c41d40 RSI: ffff888043e050d8 RDI: ffff8880436c0998
00037 RBP: ffff888043e05048 R08: 0000000000000001 R09: 0000000000000000
00037 R10: dffffc0000000000 R11: ffffed10087c09fe R12: ffff888134edc418
00037 R13: dffffc0000000000 R14: 1ffff11026acc100 R15: 1ffff110269db892
00037 FS:  0000000000000000(0000) GS:ffff8881d4aad000(0000) knlGS:0000000000000000
00037 CS:  0010 DS: 0000 ES: 0000 CR0: 0000000080050033
00037 CR2: 000055c51a51eba8 CR3: 0000000074758000 CR4: 0000000000750eb0
00037 PKRU: 55555554
00037 Call Trace:
00037  <TASK>
00037  ? local_object_create+0x109/0x640 [obdclass]
00037  ? dt_write_lock+0x16d/0x2a0 [obdclass]
00037  ? __local_file_create+0xce4/0x1bc0 [obdclass]
00037  ? local_index_find_or_create+0x1dc/0x2c0 [obdclass]
00037  ? nodemap_cache_find_create+0x4f9/0xe80 [ptlrpc]
00037  ? nodemap_save_config_cache+0x123/0x19b0 [ptlrpc]
00037  ? nm_config_file_register_tgt+0x19b/0x860 [ptlrpc]
00037  ? nm_config_file_register_tgt+0x1a9/0x860 [ptlrpc]
00037  ? ofd_device_alloc+0x219a/0x35e0 [ofd]
00037  ? obd_setup+0x25c/0x950 [obdclass]
00037  ? class_setup+0xc7d/0x10e0 [obdclass]
00037  ? class_process_config+0x2edb/0x7cb0 [obdclass]
00037  ? __kasan_kmalloc+0x72/0x80
00037  ? class_config_llog_handler+0x2954/0x4f80 [obdclass]
00037  ? class_config_llog_handler+0x2cea/0x4f80 [obdclass]
00037  ? lustre_cfg_rec_free+0x350/0x350 [obdclass]
00037  ? llog_process_thread+0x1fd2/0x4f70 [obdclass]
00037  ? _raw_spin_unlock+0x23/0x40
00037  ? llog_process_thread_daemonize+0x16d/0x1b0 [obdclass]
00037  ? kthread+0x2cd/0x3a0
00037  ? llog_process_or_fork+0xc90/0xc90 [obdclass]
00037  ? kthread_unuse_mm+0x130/0x130
00037  ? ret_from_fork+0x18c/0x520
00037  ? kthread_unuse_mm+0x130/0x130
00037  ? ret_from_fork_asm+0x11/0x20
00037  </TASK>
00037 ---[ end trace 0000000000000000 ]---
00041 ------------[ cut here ]------------
00041 WARNING: /home/ktest/git/linux/include/linux/fs.h:889 at osd_create+0x9cf/0xcf0 [osd_wbcfs], CPU#2: llog_process_th/1815
00041 Modules linked in: ofd(O) osp(O) mdd(O) lod(O) mdt(O) lquota(O) lfsck(O) mgs(O) osd_wbcfs(O) lustre(O) obdecho(O) mgc(O) mdc(O) lov(O) osc(O) lmv(O) ec(O) fid(O) fld(O) ptlrpc(O) efivarfs obdclass(O) ksocklnd(O) lnet(O) libcfs(O)
00041 CPU: 2 UID: 0 PID: 1815 Comm: llog_process_th Tainted: G        W  O        7.0.0-ktest-fa4bb62-6330a45-20260727-dirty #1 PREEMPT 
00041 Tainted: [W]=WARN, [O]=OOT_MODULE
00041 Hardware name: QEMU Standard PC (Q35 + ICH9, 2009), BIOS 2025.11-3ubuntu7 03/31/2026
00041 RIP: 0010:osd_create+0x9cf/0xcf0 [osd_wbcfs]
00041 Code: c7 c7 00 96 7b a1 48 c7 c6 a0 12 7d a1 48 c7 c2 00 1c 7d a1 e8 52 f1 43 ff 48 c7 c7 00 96 7b a1 e8 46 81 44 ff e9 fe fc ff ff <0f> 0b e9 a5 fa ff ff 48 c7 c1 80 44 5d a0 80 e1 07 80 c1 03 38 c1
00041 RSP: 0018:ffffc9000705f6c0 EFLAGS: 00010246
00041 RAX: 0000000000000000 RBX: ffff888133e5ec00 RCX: 0000000000000046
00041 RDX: 0000000000000000 RSI: ffff88802d89c2a8 RDI: ffff88802d834b18
00041 RBP: ffff88802d89c218 R08: ffffffff83a16803 R09: 1ffffffff0742d00
00041 R10: dffffc0000000000 R11: fffffbfff0742d01 R12: ffff8881342cd830
00041 R13: dffffc0000000000 R14: 1ffff110267cbd80 R15: 1ffff92000e0bef8
00041 FS:  0000000000000000(0000) GS:ffff8881d4b2d000(0000) knlGS:0000000000000000
00041 CS:  0010 DS: 0000 ES: 0000 CR0: 0000000080050033
00041 CR2: 000055c51a3f5110 CR3: 000000001914c000 CR4: 0000000000750eb0
00041 PKRU: 55555554
00041 Call Trace:
00041  <TASK>
00041  ? dt_find_or_create+0x81a/0x1170 [obdclass]
00041  ? osp_find_or_create_local_file+0x266/0x690 [osp]
00041  ? osp_last_used_init+0x22c/0x2150 [osp]
00041  ? client_fid_init+0x636/0x9f0 [fid]
00041  ? osp_device_alloc+0x19a2/0x2e10 [osp]
00041  ? obd_setup+0x25c/0x950 [obdclass]
00041  ? class_setup+0xc7d/0x10e0 [obdclass]
00041  ? class_process_config+0x2edb/0x7cb0 [obdclass]
00041  ? local_trylock_acquire+0xb/0x70
00041  ? __kmalloc_noprof+0x21f/0x4b0
00041  ? local_trylock_acquire+0x23/0x70
00041  ? local_trylock_acquire+0xb/0x70
00041  ? __kasan_kmalloc+0x72/0x80
00041  ? class_config_llog_handler+0x2954/0x4f80 [obdclass]
00041  ? class_config_llog_handler+0x2cea/0x4f80 [obdclass]
00041  ? lustre_cfg_rec_free+0x350/0x350 [obdclass]
00041  ? llog_process_thread+0x1fd2/0x4f70 [obdclass]
00041  ? _raw_spin_unlock+0x23/0x40
00041  ? llog_process_thread_daemonize+0x16d/0x1b0 [obdclass]
00041  ? kthread+0x2cd/0x3a0
00041  ? llog_process_or_fork+0xc90/0xc90 [obdclass]
00041  ? kthread_unuse_mm+0x130/0x130
00041  ? ret_from_fork+0x18c/0x520
00041  ? kthread_unuse_mm+0x130/0x130
00041  ? ret_from_fork_asm+0x11/0x20
00041  </TASK>
00041 ---[ end trace 0000000000000000 ]---
00041 ------------[ cut here ]------------
00041 WARNING: /home/ktest/git/linux/include/linux/fs.h:889 at osd_create+0x9cf/0xcf0 [osd_wbcfs], CPU#2: llog_process_th/1815
00041 Modules linked in: ofd(O) osp(O) mdd(O) lod(O) mdt(O) lquota(O) lfsck(O) mgs(O) osd_wbcfs(O) lustre(O) obdecho(O) mgc(O) mdc(O) lov(O) osc(O) lmv(O) ec(O) fid(O) fld(O) ptlrpc(O) efivarfs obdclass(O) ksocklnd(O) lnet(O) libcfs(O)
00041 CPU: 2 UID: 0 PID: 1815 Comm: llog_process_th Tainted: G        W  O        7.0.0-ktest-fa4bb62-6330a45-20260727-dirty #1 PREEMPT 
00041 Tainted: [W]=WARN, [O]=OOT_MODULE
00041 Hardware name: QEMU Standard PC (Q35 + ICH9, 2009), BIOS 2025.11-3ubuntu7 03/31/2026
00041 RIP: 0010:osd_create+0x9cf/0xcf0 [osd_wbcfs]
00041 Code: c7 c7 00 96 7b a1 48 c7 c6 a0 12 7d a1 48 c7 c2 00 1c 7d a1 e8 52 f1 43 ff 48 c7 c7 00 96 7b a1 e8 46 81 44 ff e9 fe fc ff ff <0f> 0b e9 a5 fa ff ff 48 c7 c1 80 44 5d a0 80 e1 07 80 c1 03 38 c1
00041 RSP: 0018:ffffc9000705f6c0 EFLAGS: 00010246
00041 RAX: 0000000000000000 RBX: ffff888133e5e800 RCX: 0000000000000046
00041 RDX: 0000000000000000 RSI: ffff88802d89bb90 RDI: ffff88802d834b18
00041 RBP: ffff88802d89bb00 R08: ffffffff83a16803 R09: 1ffffffff0742d00
00041 R10: dffffc0000000000 R11: fffffbfff0742d01 R12: ffff8881342cd830
00041 R13: dffffc0000000000 R14: 1ffff110267cbd00 R15: 1ffff92000e0bef8
00041 FS:  0000000000000000(0000) GS:ffff8881d4b2d000(0000) knlGS:0000000000000000
00041 CS:  0010 DS: 0000 ES: 0000 CR0: 0000000080050033
00041 CR2: 000055c51a3f5110 CR3: 000000001914c000 CR4: 0000000000750eb0
00041 PKRU: 55555554
00041 Call Trace:
00041  <TASK>
00041  ? dt_find_or_create+0x81a/0x1170 [obdclass]
00041  ? osp_find_or_create_local_file+0x266/0x690 [osp]
00041  ? osp_last_used_init+0x95c/0x2150 [osp]
00041  ? osp_device_alloc+0x19a2/0x2e10 [osp]
00041  ? obd_setup+0x25c/0x950 [obdclass]
00041  ? class_setup+0xc7d/0x10e0 [obdclass]
00041  ? class_process_config+0x2edb/0x7cb0 [obdclass]
00041  ? local_trylock_acquire+0xb/0x70
00041  ? __kmalloc_noprof+0x21f/0x4b0
00041  ? local_trylock_acquire+0x23/0x70
00041  ? local_trylock_acquire+0xb/0x70
00041  ? __kasan_kmalloc+0x72/0x80
00041  ? class_config_llog_handler+0x2954/0x4f80 [obdclass]
00041  ? class_config_llog_handler+0x2cea/0x4f80 [obdclass]
00041  ? lustre_cfg_rec_free+0x350/0x350 [obdclass]
00041  ? llog_process_thread+0x1fd2/0x4f70 [obdclass]
00041  ? _raw_spin_unlock+0x23/0x40
00041  ? llog_process_thread_daemonize+0x16d/0x1b0 [obdclass]
00041  ? kthread+0x2cd/0x3a0
00041  ? llog_process_or_fork+0xc90/0xc90 [obdclass]
00041  ? kthread_unuse_mm+0x130/0x130
00041  ? ret_from_fork+0x18c/0x520
00041  ? kthread_unuse_mm+0x130/0x130
00041  ? ret_from_fork_asm+0x11/0x20
00041  </TASK>
00041 ---[ end trace 0000000000000000 ]---
00041 ------------[ cut here ]------------
00041 WARNING: /home/ktest/git/linux/include/linux/fs.h:889 at osd_create+0x9cf/0xcf0 [osd_wbcfs], CPU#2: llog_process_th/1815
00041 Modules linked in: ofd(O) osp(O) mdd(O) lod(O) mdt(O) lquota(O) lfsck(O) mgs(O) osd_wbcfs(O) lustre(O) obdecho(O) mgc(O) mdc(O) lov(O) osc(O) lmv(O) ec(O) fid(O) fld(O) ptlrpc(O) efivarfs obdclass(O) ksocklnd(O) lnet(O) libcfs(O)
00041 CPU: 2 UID: 0 PID: 1815 Comm: llog_process_th Tainted: G        W  O        7.0.0-ktest-fa4bb62-6330a45-20260727-dirty #1 PREEMPT 
00041 Tainted: [W]=WARN, [O]=OOT_MODULE
00041 Hardware name: QEMU Standard PC (Q35 + ICH9, 2009), BIOS 2025.11-3ubuntu7 03/31/2026
00041 RIP: 0010:osd_create+0x9cf/0xcf0 [osd_wbcfs]
00041 Code: c7 c7 00 96 7b a1 48 c7 c6 a0 12 7d a1 48 c7 c2 00 1c 7d a1 e8 52 f1 43 ff 48 c7 c7 00 96 7b a1 e8 46 81 44 ff e9 fe fc ff ff <0f> 0b e9 a5 fa ff ff 48 c7 c1 80 44 5d a0 80 e1 07 80 c1 03 38 c1
00041 RSP: 0018:ffffc9000705f690 EFLAGS: 00010246
00041 RAX: 0000000000000000 RBX: ffff888133e79800 RCX: 0000000000000046
00041 RDX: 0000000000000000 RSI: ffff88802d89b478 RDI: ffff88802d834b18
00041 RBP: ffff88802d89b3e8 R08: ffffffff83a16803 R09: 1ffffffff0742d00
00041 R10: dffffc0000000000 R11: fffffbfff0742d01 R12: ffff888118514c00
00041 R13: dffffc0000000000 R14: 1ffff110267cf300 R15: 1ffff110230a298f
00041 FS:  0000000000000000(0000) GS:ffff8881d4b2d000(0000) knlGS:0000000000000000
00041 CS:  0010 DS: 0000 ES: 0000 CR0: 0000000080050033
00041 CR2: 000055c51a3f5110 CR3: 000000001914c000 CR4: 0000000000750eb0
00041 PKRU: 55555554
00041 Call Trace:
00041  <TASK>
00041  ? llog_osd_get_cat_list+0x64d/0x1470 [obdclass]
00041  ? osp_sync_init+0x7a6/0x2760 [osp]
00041  ? is_module_address+0x1b/0x70
00041  ? osp_device_alloc+0x1b91/0x2e10 [osp]
00041  ? obd_setup+0x25c/0x950 [obdclass]
00041  ? class_setup+0xc7d/0x10e0 [obdclass]
00041  ? class_process_config+0x2edb/0x7cb0 [obdclass]
00041  ? local_trylock_acquire+0xb/0x70
00041  ? __kmalloc_noprof+0x21f/0x4b0
00041  ? local_trylock_acquire+0x23/0x70
00041  ? local_trylock_acquire+0xb/0x70
00041  ? __kasan_kmalloc+0x72/0x80
00041  ? class_config_llog_handler+0x2954/0x4f80 [obdclass]
00041  ? class_config_llog_handler+0x2cea/0x4f80 [obdclass]
00041  ? lustre_cfg_rec_free+0x350/0x350 [obdclass]
00041  ? llog_process_thread+0x1fd2/0x4f70 [obdclass]
00041  ? _raw_spin_unlock+0x23/0x40
00041  ? llog_process_thread_daemonize+0x16d/0x1b0 [obdclass]
00041  ? kthread+0x2cd/0x3a0
00041  ? llog_process_or_fork+0xc90/0xc90 [obdclass]
00041  ? kthread_unuse_mm+0x130/0x130
00041  ? ret_from_fork+0x18c/0x520
00041  ? kthread_unuse_mm+0x130/0x130
00041  ? ret_from_fork_asm+0x11/0x20
00041  </TASK>
00041 ---[ end trace 0000000000000000 ]---
00041 ------------[ cut here ]------------
00041 WARNING: /home/ktest/git/linux/include/linux/fs.h:889 at osd_create+0x9cf/0xcf0 [osd_wbcfs], CPU#2: llog_process_th/1815
00041 Modules linked in: ofd(O) osp(O) mdd(O) lod(O) mdt(O) lquota(O) lfsck(O) mgs(O) osd_wbcfs(O) lustre(O) obdecho(O) mgc(O) mdc(O) lov(O) osc(O) lmv(O) ec(O) fid(O) fld(O) ptlrpc(O) efivarfs obdclass(O) ksocklnd(O) lnet(O) libcfs(O)
00041 CPU: 2 UID: 0 PID: 1815 Comm: llog_process_th Tainted: G        W  O        7.0.0-ktest-fa4bb62-6330a45-20260727-dirty #1 PREEMPT 
00041 Tainted: [W]=WARN, [O]=OOT_MODULE
00041 Hardware name: QEMU Standard PC (Q35 + ICH9, 2009), BIOS 2025.11-3ubuntu7 03/31/2026
00041 RIP: 0010:osd_create+0x9cf/0xcf0 [osd_wbcfs]
00041 Code: c7 c7 00 96 7b a1 48 c7 c6 a0 12 7d a1 48 c7 c2 00 1c 7d a1 e8 52 f1 43 ff 48 c7 c7 00 96 7b a1 e8 46 81 44 ff e9 fe fc ff ff <0f> 0b e9 a5 fa ff ff 48 c7 c1 80 44 5d a0 80 e1 07 80 c1 03 38 c1
00041 RSP: 0018:ffffc9000705f5a0 EFLAGS: 00010246
00041 RAX: 0000000000000000 RBX: ffff888133e79000 RCX: 0000000000000046
00041 RDX: 0000000000000000 RSI: ffff88802d89ad60 RDI: ffff88802d834b18
00041 RBP: ffff88802d89acd0 R08: ffffffff83a16803 R09: 1ffffffff0742d00
00041 R10: dffffc0000000000 R11: fffffbfff0742d01 R12: ffff888118514c00
00041 R13: dffffc0000000000 R14: 1ffff110267cf200 R15: 1ffff110230a298f
00041 FS:  0000000000000000(0000) GS:ffff8881d4b2d000(0000) knlGS:0000000000000000
00041 CS:  0010 DS: 0000 ES: 0000 CR0: 0000000080050033
00041 CR2: 000055c51a3f5110 CR3: 000000001914c000 CR4: 0000000000750eb0
00041 PKRU: 55555554
00041 Call Trace:
00041  <TASK>
00041  ? local_object_create+0x109/0x640 [obdclass]
00041  ? dt_write_lock+0x16d/0x2a0 [obdclass]
00041  ? llog_osd_create+0x356/0x10d0 [obdclass]
00041  ? llog_create+0x2ed/0x530 [obdclass]
00041  ? llog_open_create+0x6e7/0xb30 [obdclass]
00041  ? osp_sync_init+0xfc0/0x2760 [osp]
00041  ? osp_device_alloc+0x1b91/0x2e10 [osp]
00041  ? obd_setup+0x25c/0x950 [obdclass]
00041  ? class_setup+0xc7d/0x10e0 [obdclass]
00041  ? class_process_config+0x2edb/0x7cb0 [obdclass]
00041  ? local_trylock_acquire+0xb/0x70
00041  ? __kmalloc_noprof+0x21f/0x4b0
00041  ? local_trylock_acquire+0x23/0x70
00041  ? local_trylock_acquire+0xb/0x70
00041  ? __kasan_kmalloc+0x72/0x80
00041  ? class_config_llog_handler+0x2954/0x4f80 [obdclass]
00041  ? class_config_llog_handler+0x2cea/0x4f80 [obdclass]
00041  ? lustre_cfg_rec_free+0x350/0x350 [obdclass]
00041  ? llog_process_thread+0x1fd2/0x4f70 [obdclass]
00041  ? _raw_spin_unlock+0x23/0x40
00041  ? llog_process_thread_daemonize+0x16d/0x1b0 [obdclass]
00041  ? kthread+0x2cd/0x3a0
00041  ? llog_process_or_fork+0xc90/0xc90 [obdclass]
00041  ? kthread_unuse_mm+0x130/0x130
00041  ? ret_from_fork+0x18c/0x520
00041  ? kthread_unuse_mm+0x130/0x130
00041  ? ret_from_fork_asm+0x11/0x20
00041  </TASK>
00041 ---[ end trace 0000000000000000 ]---
00041 ------------[ cut here ]------------
00041 WARNING: /home/ktest/git/linux/include/linux/fs.h:889 at osd_create+0x9cf/0xcf0 [osd_wbcfs], CPU#2: llog_process_th/1815
00041 Modules linked in: ofd(O) osp(O) mdd(O) lod(O) mdt(O) lquota(O) lfsck(O) mgs(O) osd_wbcfs(O) lustre(O) obdecho(O) mgc(O) mdc(O) lov(O) osc(O) lmv(O) ec(O) fid(O) fld(O) ptlrpc(O) efivarfs obdclass(O) ksocklnd(O) lnet(O) libcfs(O)
00041 CPU: 2 UID: 0 PID: 1815 Comm: llog_process_th Tainted: G        W  O        7.0.0-ktest-fa4bb62-6330a45-20260727-dirty #1 PREEMPT 
00041 Tainted: [W]=WARN, [O]=OOT_MODULE
00041 Hardware name: QEMU Standard PC (Q35 + ICH9, 2009), BIOS 2025.11-3ubuntu7 03/31/2026
00041 RIP: 0010:osd_create+0x9cf/0xcf0 [osd_wbcfs]
00041 Code: c7 c7 00 96 7b a1 48 c7 c6 a0 12 7d a1 48 c7 c2 00 1c 7d a1 e8 52 f1 43 ff 48 c7 c7 00 96 7b a1 e8 46 81 44 ff e9 fe fc ff ff <0f> 0b e9 a5 fa ff ff 48 c7 c1 80 44 5d a0 80 e1 07 80 c1 03 38 c1
00041 RSP: 0018:ffffc9000705f450 EFLAGS: 00010246
00041 RAX: 0000000000000000 RBX: ffff888133f09400 RCX: 0000000000000046
00041 RDX: 0000000000000000 RSI: ffff88802d89a648 RDI: ffff88802d834b40
00041 RBP: ffff88802d89a5b8 R08: ffffffff83a16803 R09: 1ffffffff0742d00
00041 R10: dffffc0000000000 R11: fffffbfff0742d01 R12: ffff888118514c00
00041 R13: dffffc0000000000 R14: 1ffff110267e1280 R15: 1ffff110230a298f
00041 FS:  0000000000000000(0000) GS:ffff8881d4b2d000(0000) knlGS:0000000000000000
00041 CS:  0010 DS: 0000 ES: 0000 CR0: 0000000080050033
00041 CR2: 000055c51a3f5110 CR3: 000000001914c000 CR4: 0000000000750eb0
00041 PKRU: 55555554
00041 Call Trace:
00041  <TASK>
00041  ? local_object_create+0x109/0x640 [obdclass]
00041  ? dt_write_lock+0x16d/0x2a0 [obdclass]
00041  ? llog_osd_create+0x356/0x10d0 [obdclass]
00041  ? llog_create+0x2ed/0x530 [obdclass]
00041  ? llog_cat_new_log+0x6d1/0x2970 [obdclass]
00041  ? llog_cat_add_rec+0x6ba/0x1960 [obdclass]
00041  ? llog_cat_add+0x499/0x7a0 [obdclass]
00041  ? osp_sync_init+0x1588/0x2760 [osp]
00041  ? osp_device_alloc+0x1b91/0x2e10 [osp]
00041  ? obd_setup+0x25c/0x950 [obdclass]
00041  ? class_setup+0xc7d/0x10e0 [obdclass]
00041  ? class_process_config+0x2edb/0x7cb0 [obdclass]
00041  ? local_trylock_acquire+0xb/0x70
00041  ? __kmalloc_noprof+0x21f/0x4b0
00041  ? local_trylock_acquire+0x23/0x70
00041  ? local_trylock_acquire+0xb/0x70
00041  ? __kasan_kmalloc+0x72/0x80
00041  ? class_config_llog_handler+0x2954/0x4f80 [obdclass]
00041  ? class_config_llog_handler+0x2cea/0x4f80 [obdclass]
00041  ? lustre_cfg_rec_free+0x350/0x350 [obdclass]
00041  ? llog_process_thread+0x1fd2/0x4f70 [obdclass]
00041  ? _raw_spin_unlock+0x23/0x40
00041  ? llog_process_thread_daemonize+0x16d/0x1b0 [obdclass]
00041  ? kthread+0x2cd/0x3a0
00041  ? llog_process_or_fork+0xc90/0xc90 [obdclass]
00041  ? kthread_unuse_mm+0x130/0x130
00041  ? ret_from_fork+0x18c/0x520
00041  ? kthread_unuse_mm+0x130/0x130
00041  ? ret_from_fork_asm+0x11/0x20
00041  </TASK>
00041 ---[ end trace 0000000000000000 ]---
00041 Lustre: ctl-lustre-MDT0000: super-sequence allocation rc = 0 [0x0000000280000400-0x00000002c0000400]:0:ost
00041 ------------[ cut here ]------------
00041 Lustre: Skipped 1 previous similar message
00041 WARNING: /home/ktest/git/linux/include/linux/fs.h:889 at osd_create+0x9cf/0xcf0 [osd_wbcfs], CPU#3: llog_process_th/1815
00041 Lustre: cli-lustre-OST0000-super: Allocated super-sequence [0x0000000280000400-0x00000002c0000400]:0:ost]
00041 Modules linked in: ofd(O) osp(O) mdd(O) lod(O) mdt(O) lquota(O) lfsck(O) mgs(O) osd_wbcfs(O) lustre(O) obdecho(O) mgc(O) mdc(O) lov(O) osc(O) lmv(O) ec(O) fid(O) fld(O) ptlrpc(O) efivarfs obdclass(O) ksocklnd(O) lnet(O) libcfs(O)
00041 CPU: 3 UID: 0 PID: 1815 Comm: llog_process_th Tainted: G        W  O        7.0.0-ktest-fa4bb62-6330a45-20260727-dirty #1 PREEMPT 
00041 Tainted: [W]=WARN, [O]=OOT_MODULE
00041 Hardware name: QEMU Standard PC (Q35 + ICH9, 2009), BIOS 2025.11-3ubuntu7 03/31/2026
00041 RIP: 0010:osd_create+0x9cf/0xcf0 [osd_wbcfs]
00041 Code: c7 c7 00 96 7b a1 48 c7 c6 a0 12 7d a1 48 c7 c2 00 1c 7d a1 e8 52 f1 43 ff 48 c7 c7 00 96 7b a1 e8 46 81 44 ff e9 fe fc ff ff <0f> 0b e9 a5 fa ff ff 48 c7 c1 80 44 5d a0 80 e1 07 80 c1 03 38 c1
00041 RSP: 0018:ffffc9000705f5a0 EFLAGS: 00010246
00041 RAX: 0000000000000000 RBX: ffff88811782cc00 RCX: 0000000000000046
00041 RDX: 0000000000000000 RSI: ffff8880436ed0d8 RDI: ffff88802d834b18
00041 ------------[ cut here ]------------
00041 RBP: ffff8880436ed048 R08: ffffffff83a16803 R09: 1ffffffff0742d00
00041 R10: dffffc0000000000 R11: fffffbfff0742d01 R12: ffff888133fc8000
00041 R13: dffffc0000000000 R14: 1ffff11022f05980 R15: 1ffff110267f900f
00041 FS:  0000000000000000(0000) GS:ffff8881d4bad000(0000) knlGS:0000000000000000
00041 CS:  0010 DS: 0000 ES: 0000 CR0: 0000000080050033
00041 CR2: 000055c51a51eba8 CR3: 0000000004274000 CR4: 0000000000750eb0
00041 PKRU: 55555554
00041 WARNING: /home/ktest/git/linux/include/linux/fs.h:889 at osd_create+0x9cf/0xcf0 [osd_wbcfs], CPU#2: ll_ost00_002/1782
00041 Call Trace:
00041  <TASK>
00041  ? local_object_create+0x109/0x640 [obdclass]
00041 Modules linked in:
00041  ? dt_write_lock+0x16d/0x2a0 [obdclass]
00041  ofd(O)
00041  ? llog_osd_create+0x356/0x10d0 [obdclass]
00041  osp(O)
00041  ? llog_create+0x2ed/0x530 [obdclass]
00041  ? llog_open_create+0x6e7/0xb30 [obdclass]
00041  mdd(O)
00041  ? osp_sync_init+0xfc0/0x2760 [osp]
00041  lod(O)
00041  ? osp_device_alloc+0x1b91/0x2e10 [osp]
00041  mdt(O)
00041  ? obd_setup+0x25c/0x950 [obdclass]
00041  ? class_setup+0xc7d/0x10e0 [obdclass]
00041  lquota(O)
00041  ? class_process_config+0x2edb/0x7cb0 [obdclass]
00041  lfsck(O)
00041  ? __kasan_kmalloc+0x72/0x80
00041  ? class_config_llog_handler+0x2954/0x4f80 [obdclass]
00041  mgs(O) osd_wbcfs(O) lustre(O) obdecho(O) mgc(O) mdc(O) lov(O) osc(O) lmv(O) ec(O) fid(O) fld(O)
00041  ? class_config_llog_handler+0x2cea/0x4f80 [obdclass]
00041  ptlrpc(O) efivarfs obdclass(O) ksocklnd(O) lnet(O) libcfs(O)
00041  ? lustre_cfg_rec_free+0x350/0x350 [obdclass]
00041  ? llog_process_thread+0x1fd2/0x4f70 [obdclass]
00041 CPU: 2 UID: 0 PID: 1782 Comm: ll_ost00_002 Tainted: G        W  O        7.0.0-ktest-fa4bb62-6330a45-20260727-dirty #1 PREEMPT 
00041 Tainted: [W]=WARN, [O]=OOT_MODULE
00041 Hardware name: QEMU Standard PC (Q35 + ICH9, 2009), BIOS 2025.11-3ubuntu7 03/31/2026
00041 RIP: 0010:osd_create+0x9cf/0xcf0 [osd_wbcfs]
00041 Code: c7 c7 00 96 7b a1 48 c7 c6 a0 12 7d a1 48 c7 c2 00 1c 7d a1 e8 52 f1 43 ff 48 c7 c7 00 96 7b a1 e8 46 81 44 ff e9 fe fc ff ff <0f> 0b e9 a5 fa ff ff 48 c7 c1 80 44 5d a0 80 e1 07 80 c1 03 38 c1
00041 RSP: 0018:ffffc900046ef950 EFLAGS: 00010246
00041 RAX: 0000000000000000 RBX: ffff8881199d4c00 RCX: 0000000000000046
00041 RDX: 0000000000000000 RSI: ffff88802d899f30 RDI: ffff88803c17cb18
00041  ? _raw_spin_unlock+0x23/0x40
00041 RBP: ffff88802d899ea0 R08: ffffffff83a16803 R09: 1ffffffff0742d00
00041  ? llog_process_thread_daemonize+0x16d/0x1b0 [obdclass]
00041 R10: dffffc0000000000 R11: fffffbfff0742d01 R12: ffff88803cd8b030
00041  ? kthread+0x2cd/0x3a0
00041  ? llog_process_or_fork+0xc90/0xc90 [obdclass]
00041 R13: dffffc0000000000 R14: 1ffff1102333a980 R15: 1ffff110079b1642
00041  ? kthread_unuse_mm+0x130/0x130
00041 FS:  0000000000000000(0000) GS:ffff8881d4b2d000(0000) knlGS:0000000000000000
00041  ? ret_from_fork+0x18c/0x520
00041  ? kthread_unuse_mm+0x130/0x130
00041  ? ret_from_fork_asm+0x11/0x20
00041  </TASK>
00041 CS:  0010 DS: 0000 ES: 0000 CR0: 0000000080050033
00041 ---[ end trace 0000000000000000 ]---
00041 ------------[ cut here ]------------
00041 CR2: 000055c51a3f5110 CR3: 000000001914c000 CR4: 0000000000750eb0
00041 WARNING: /home/ktest/git/linux/include/linux/fs.h:889 at osd_create+0x9cf/0xcf0 [osd_wbcfs], CPU#3: llog_process_th/1815
00041 PKRU: 55555554
00041 Modules linked in: ofd(O) osp(O) mdd(O) lod(O) mdt(O) lquota(O) lfsck(O) mgs(O) osd_wbcfs(O)
00041 Call Trace:
00041  lustre(O) obdecho(O) mgc(O) mdc(O) lov(O) osc(O) lmv(O) ec(O) fid(O) fld(O) ptlrpc(O) efivarfs obdclass(O)
00041  <TASK>
00041  ksocklnd(O) lnet(O) libcfs(O)
00041 CPU: 3 UID: 0 PID: 1815 Comm: llog_process_th Tainted: G        W  O        7.0.0-ktest-fa4bb62-6330a45-20260727-dirty #1 PREEMPT 
00041 Tainted: [W]=WARN, [O]=OOT_MODULE
00041  ? dt_find_or_create+0x81a/0x1170 [obdclass]
00041 Hardware name: QEMU Standard PC (Q35 + ICH9, 2009), BIOS 2025.11-3ubuntu7 03/31/2026
00041 RIP: 0010:osd_create+0x9cf/0xcf0 [osd_wbcfs]
00041  ? ofd_seq_load+0x605/0x1ac0 [ofd]
00041 Code: c7 c7 00 96 7b a1 48 c7 c6 a0 12 7d a1 48 c7 c2 00 1c 7d a1 e8 52 f1 43 ff 48 c7 c7 00 96 7b a1 e8 46 81 44 ff e9 fe fc ff ff <0f> 0b e9 a5 fa ff ff 48 c7 c1 80 44 5d a0 80 e1 07 80 c1 03 38 c1
00041 RSP: 0018:ffffc9000705f450 EFLAGS: 00010246
00041 RAX: 0000000000000000 RBX: ffff888133fe7000 RCX: 0000000000000046
00041 RDX: 0000000000000000 RSI: ffff8880436ec9c0 RDI: ffff88802d834b40
00041 RBP: ffff8880436ec930 R08: ffffffff83a16803 R09: 1ffffffff0742d00
00041  ? ofd_get_info_hdl+0xfdd/0x2330 [ofd]
00041 R10: dffffc0000000000 R11: fffffbfff0742d01 R12: ffff888133fc8000
00041 R13: dffffc0000000000 R14: 1ffff110267fce00 R15: 1ffff110267f900f
00041 FS:  0000000000000000(0000) GS:ffff8881d4bad000(0000) knlGS:0000000000000000
00041 CS:  0010 DS: 0000 ES: 0000 CR0: 0000000080050033
00041 CR2: 000055c51a51eba8 CR3: 0000000004274000 CR4: 0000000000750eb0
00041  ? tgt_request_handle+0x23ad/0x3d30 [ptlrpc]
00041 PKRU: 55555554
00041 Call Trace:
00041  <TASK>
00041  ? local_object_create+0x109/0x640 [obdclass]
00041  ? ptlrpc_main+0x6359/0x96f0 [ptlrpc]
00041  ? dt_write_lock+0x16d/0x2a0 [obdclass]
00041  ? __kthread_parkme+0x73/0x130
00041  ? llog_osd_create+0x356/0x10d0 [obdclass]
00041  ? kthread+0x2cd/0x3a0
00041  ? llog_create+0x2ed/0x530 [obdclass]
00041  ? llog_cat_new_log+0x6d1/0x2970 [obdclass]
00041  ? ptlrpc_start_thread+0x1f10/0x1f10 [ptlrpc]
00041  ? llog_cat_add_rec+0x6ba/0x1960 [obdclass]
00041  ? kthread_unuse_mm+0x130/0x130
00041  ? llog_cat_add+0x499/0x7a0 [obdclass]
00041  ? ret_from_fork+0x18c/0x520
00041  ? osp_sync_init+0x1588/0x2760 [osp]
00041  ? kthread_unuse_mm+0x130/0x130
00041  ? osp_device_alloc+0x1b91/0x2e10 [osp]
00041  ? ret_from_fork_asm+0x11/0x20
00041  ? obd_setup+0x25c/0x950 [obdclass]
00041  </TASK>
00041  ? class_setup+0xc7d/0x10e0 [obdclass]
00041 ---[ end trace 0000000000000000 ]---
00041  ? class_process_config+0x2edb/0x7cb0 [obdclass]
00041  ? __kasan_kmalloc+0x72/0x80
00041  ? class_config_llog_handler+0x2954/0x4f80 [obdclass]
00041  ? class_config_llog_handler+0x2cea/0x4f80 [obdclass]
00041  ? lustre_cfg_rec_free+0x350/0x350 [obdclass]
00041  ? llog_process_thread+0x1fd2/0x4f70 [obdclass]
00041  ? _raw_spin_unlock+0x23/0x40
00041  ? llog_process_thread_daemonize+0x16d/0x1b0 [obdclass]
00041  ? kthread+0x2cd/0x3a0
00041  ? llog_process_or_fork+0xc90/0xc90 [obdclass]
00041  ? kthread_unuse_mm+0x130/0x130
00041  ? ret_from_fork+0x18c/0x520
00041  ? kthread_unuse_mm+0x130/0x130
00041  ? ret_from_fork_asm+0x11/0x20
00041  </TASK>
00041 ---[ end trace 0000000000000000 ]---
00041 ------------[ cut here ]------------
00041 WARNING: /home/ktest/git/linux/include/linux/fs.h:889 at osd_create+0x9cf/0xcf0 [osd_wbcfs], CPU#2: ll_ost00_002/1782
00041 Modules linked in: ofd(O) osp(O) mdd(O) lod(O) mdt(O) lquota(O) lfsck(O) mgs(O) osd_wbcfs(O) lustre(O) obdecho(O) mgc(O) mdc(O) lov(O) osc(O) lmv(O) ec(O) fid(O) fld(O) ptlrpc(O) efivarfs obdclass(O) ksocklnd(O) lnet(O) libcfs(O)
00041 CPU: 2 UID: 0 PID: 1782 Comm: ll_ost00_002 Tainted: G        W  O        7.0.0-ktest-fa4bb62-6330a45-20260727-dirty #1 PREEMPT 
00041 Tainted: [W]=WARN, [O]=OOT_MODULE
00041 Hardware name: QEMU Standard PC (Q35 + ICH9, 2009), BIOS 2025.11-3ubuntu7 03/31/2026
00041 RIP: 0010:osd_create+0x9cf/0xcf0 [osd_wbcfs]
00041 Code: c7 c7 00 96 7b a1 48 c7 c6 a0 12 7d a1 48 c7 c2 00 1c 7d a1 e8 52 f1 43 ff 48 c7 c7 00 96 7b a1 e8 46 81 44 ff e9 fe fc ff ff <0f> 0b e9 a5 fa ff ff 48 c7 c1 80 44 5d a0 80 e1 07 80 c1 03 38 c1
00041 RSP: 0018:ffffc900046ef878 EFLAGS: 00010246
00041 RAX: 0000000000000000 RBX: ffff8881199d4800 RCX: 0000000000000046
00041 RDX: 0000000000000000 RSI: ffff88802d899818 RDI: ffff88803c17cb68
00041 RBP: ffff88802d899788 R08: ffffffff83a16803 R09: 1ffffffff0742d00
00041 R10: dffffc0000000000 R11: fffffbfff0742d01 R12: ffff88803cd8b030
00041 R13: dffffc0000000000 R14: 1ffff1102333a900 R15: 1ffff110079b1642
00041 FS:  0000000000000000(0000) GS:ffff8881d4b2d000(0000) knlGS:0000000000000000
00041 CS:  0010 DS: 0000 ES: 0000 CR0: 0000000080050033
00041 CR2: 000055c51a3f5110 CR3: 000000001914c000 CR4: 0000000000750eb0
00041 PKRU: 55555554
00041 Call Trace:
00041  <TASK>
00041  ? ofd_precreate_objects+0x1bd8/0x3220 [ofd]
00041  ? ofd_create_hdl+0x2015/0x3510 [ofd]
00041  ? tgt_request_handle+0x23ad/0x3d30 [ptlrpc]
00041  ? ptlrpc_main+0x6359/0x96f0 [ptlrpc]
00041  ? __kthread_parkme+0x73/0x130
00041  ? kthread+0x2cd/0x3a0
00041  ? ptlrpc_start_thread+0x1f10/0x1f10 [ptlrpc]
00041  ? kthread_unuse_mm+0x130/0x130
00041  ? ret_from_fork+0x18c/0x520
00041  ? kthread_unuse_mm+0x130/0x130
00041  ? ret_from_fork_asm+0x11/0x20
00041  </TASK>
00041 ---[ end trace 0000000000000000 ]---
00041 ------------[ cut here ]------------
00041 WARNING: /home/ktest/git/linux/include/linux/fs.h:889 at osd_create+0x9cf/0xcf0 [osd_wbcfs], CPU#2: ll_ost00_002/1782
00041 Modules linked in: ofd(O) osp(O) mdd(O) lod(O) mdt(O) lquota(O) lfsck(O) mgs(O) osd_wbcfs(O) lustre(O) obdecho(O) mgc(O) mdc(O) lov(O) osc(O) lmv(O) ec(O) fid(O) fld(O) ptlrpc(O) efivarfs obdclass(O) ksocklnd(O) lnet(O) libcfs(O)
00041 ------------[ cut here ]------------
00041 CPU: 2 UID: 0 PID: 1782 Comm: ll_ost00_002 Tainted: G        W  O        7.0.0-ktest-fa4bb62-6330a45-20260727-dirty #1 PREEMPT 
00041 WARNING: /home/ktest/git/linux/include/linux/fs.h:889 at osd_create+0x9cf/0xcf0 [osd_wbcfs], CPU#0: ll_ost00_000/1780
00041 Tainted: [W]=WARN, [O]=OOT_MODULE
00041 Modules linked in: ofd(O) osp(O) mdd(O) lod(O) mdt(O) lquota(O) lfsck(O) mgs(O) osd_wbcfs(O) lustre(O) obdecho(O) mgc(O) mdc(O) lov(O) osc(O) lmv(O) ec(O) fid(O)
00041 Hardware name: QEMU Standard PC (Q35 + ICH9, 2009), BIOS 2025.11-3ubuntu7 03/31/2026
00041 RIP: 0010:osd_create+0x9cf/0xcf0 [osd_wbcfs]
00041  fld(O) ptlrpc(O) efivarfs obdclass(O) ksocklnd(O) lnet(O) libcfs(O)
00041 CPU: 0 UID: 0 PID: 1780 Comm: ll_ost00_000 Tainted: G        W  O        7.0.0-ktest-fa4bb62-6330a45-20260727-dirty #1 PREEMPT 
00041 Code: c7 c7 00 96 7b a1 48 c7 c6 a0 12 7d a1 48 c7 c2 00 1c 7d a1 e8 52 f1 43 ff 48 c7 c7 00 96 7b a1 e8 46 81 44 ff e9 fe fc ff ff <0f> 0b e9 a5 fa ff ff 48 c7 c1 80 44 5d a0 80 e1 07 80 c1 03 38 c1
00041 Tainted: [W]=WARN, [O]=OOT_MODULE
00041 Hardware name: QEMU Standard PC (Q35 + ICH9, 2009), BIOS 2025.11-3ubuntu7 03/31/2026
00041 RIP: 0010:osd_create+0x9cf/0xcf0 [osd_wbcfs]
00041 RSP: 0018:ffffc900046ef878 EFLAGS: 00010246
00041 Code: c7 c7 00 96 7b a1 48 c7 c6 a0 12 7d a1 48 c7 c2 00 1c 7d a1 e8 52 f1 43 ff 48 c7 c7 00 96 7b a1 e8 46 81 44 ff e9 fe fc ff ff <0f> 0b e9 a5 fa ff ff 48 c7 c1 80 44 5d a0 80 e1 07 80 c1 03 38 c1
00041 RSP: 0018:ffffc9000474f950 EFLAGS: 00010246
00041 RAX: 0000000000000000 RBX: ffff888118493800 RCX: 0000000000000046
00041 
00041 RDX: 0000000000000000 RSI: ffff888027e409e8 RDI: ffff88803c1caa58
00041 RBP: ffff888027e40958 R08: ffffffff83a16803 R09: 1ffffffff0742d00
00041 R10: dffffc0000000000 R11: fffffbfff0742d01 R12: ffff88802d88f030
00041 R13: dffffc0000000000 R14: 1ffff11023092700 R15: 1ffff11005b11e42
00041 FS:  0000000000000000(0000) GS:ffff8881d4a2d000(0000) knlGS:0000000000000000
00041 RAX: 0000000000000000 RBX: ffff8881199d5000 RCX: 0000000000000046
00041 CS:  0010 DS: 0000 ES: 0000 CR0: 0000000080050033
00041 CR2: 000055c51a563f58 CR3: 0000000135892000 CR4: 0000000000750eb0
00041 PKRU: 55555554
00041 Call Trace:
00041  <TASK>
00041 RDX: 0000000000000000 RSI: ffff88802d899100 RDI: ffff88803c17cb68
00041  ? dt_find_or_create+0x81a/0x1170 [obdclass]
00041 RBP: ffff88802d899070 R08: ffffffff83a16803 R09: 1ffffffff0742d00
00041  ? ofd_seq_load+0x605/0x1ac0 [ofd]
00041 R10: dffffc0000000000 R11: fffffbfff0742d01 R12: ffff88803cd8b030
00041  ? ofd_get_info_hdl+0xfdd/0x2330 [ofd]
00041 R13: dffffc0000000000 R14: 1ffff1102333aa00 R15: 1ffff110079b1642
00041  ? tgt_request_handle+0x23ad/0x3d30 [ptlrpc]
00041 FS:  0000000000000000(0000) GS:ffff8881d4b2d000(0000) knlGS:0000000000000000
00041  ? ptlrpc_main+0x6359/0x96f0 [ptlrpc]
00041 CS:  0010 DS: 0000 ES: 0000 CR0: 0000000080050033
00041  ? __kthread_parkme+0x73/0x130
00041 CR2: 000055c51a3f5110 CR3: 000000001914c000 CR4: 0000000000750eb0
00041  ? kthread+0x2cd/0x3a0
00041  ? ptlrpc_start_thread+0x1f10/0x1f10 [ptlrpc]
00041 PKRU: 55555554
00041  ? kthread_unuse_mm+0x130/0x130
00041  ? ret_from_fork+0x18c/0x520
00041  ? kthread_unuse_mm+0x130/0x130
00041 Call Trace:
00041  ? ret_from_fork_asm+0x11/0x20
00041  </TASK>
00041 ---[ end trace 0000000000000000 ]---
00041  <TASK>
00041  ? ofd_precreate_objects+0x1bd8/0x3220 [ofd]
00041  ? ofd_create_hdl+0x2015/0x3510 [ofd]
00041 ------------[ cut here ]------------
00041 WARNING: /home/ktest/git/linux/include/linux/fs.h:889 at osd_create+0x9cf/0xcf0 [osd_wbcfs], CPU#0: ll_ost00_000/1780
00041  ? tgt_request_handle+0x23ad/0x3d30 [ptlrpc]
00041 Modules linked in: ofd(O) osp(O) mdd(O) lod(O) mdt(O) lquota(O) lfsck(O) mgs(O) osd_wbcfs(O) lustre(O) obdecho(O) mgc(O) mdc(O) lov(O) osc(O) lmv(O) ec(O) fid(O) fld(O) ptlrpc(O) efivarfs obdclass(O) ksocklnd(O) lnet(O) libcfs(O)
00041  ? ptlrpc_main+0x6359/0x96f0 [ptlrpc]
00041 CPU: 0 UID: 0 PID: 1780 Comm: ll_ost00_000 Tainted: G        W  O        7.0.0-ktest-fa4bb62-6330a45-20260727-dirty #1 PREEMPT 
00041  ? __kthread_parkme+0x73/0x130
00041 Tainted: [W]=WARN, [O]=OOT_MODULE
00041 Hardware name: QEMU Standard PC (Q35 + ICH9, 2009), BIOS 2025.11-3ubuntu7 03/31/2026
00041 RIP: 0010:osd_create+0x9cf/0xcf0 [osd_wbcfs]
00041  ? kthread+0x2cd/0x3a0
00041 Code: c7 c7 00 96 7b a1 48 c7 c6 a0 12 7d a1 48 c7 c2 00 1c 7d a1 e8 52 f1 43 ff 48 c7 c7 00 96 7b a1 e8 46 81 44 ff e9 fe fc ff ff <0f> 0b e9 a5 fa ff ff 48 c7 c1 80 44 5d a0 80 e1 07 80 c1 03 38 c1
00041 RSP: 0018:ffffc9000474f878 EFLAGS: 00010246
00041 RAX: 0000000000000000 RBX: ffff888118b9dc00 RCX: 0000000000000046
00041  ? ptlrpc_start_thread+0x1f10/0x1f10 [ptlrpc]
00041 RDX: 0000000000000000 RSI: ffff888027e402d0 RDI: ffff88803c1caaa8
00041 RBP: ffff888027e40240 R08: ffffffff83a16803 R09: 1ffffffff0742d00
00041 R10: dffffc0000000000 R11: fffffbfff0742d01 R12: ffff88802d88f030
00041 R13: dffffc0000000000 R14: 1ffff11023173b80 R15: 1ffff11005b11e42
00041 FS:  0000000000000000(0000) GS:ffff8881d4a2d000(0000) knlGS:0000000000000000
00041 CS:  0010 DS: 0000 ES: 0000 CR0: 0000000080050033
00041  ? kthread_unuse_mm+0x130/0x130
00041 CR2: 000055c51a563f58 CR3: 0000000135892000 CR4: 0000000000750eb0
00041 PKRU: 55555554
00041 Call Trace:
00041  <TASK>
00041  ? ofd_precreate_objects+0x1bd8/0x3220 [ofd]
00041  ? ret_from_fork+0x18c/0x520
00041  ? ofd_create_hdl+0x2015/0x3510 [ofd]
00041  ? kthread_unuse_mm+0x130/0x130
00041  ? tgt_request_handle+0x23ad/0x3d30 [ptlrpc]
00041  ? ret_from_fork_asm+0x11/0x20
00041  ? ptlrpc_main+0x6359/0x96f0 [ptlrpc]
00041  </TASK>
00041  ? __kthread_parkme+0x73/0x130
00041 ---[ end trace 0000000000000000 ]---
00041  ? kthread+0x2cd/0x3a0
00041  ? ptlrpc_start_thread+0x1f10/0x1f10 [ptlrpc]
00041 ------------[ cut here ]------------
00041  ? kthread_unuse_mm+0x130/0x130
00041  ? ret_from_fork+0x18c/0x520
00041  ? kthread_unuse_mm+0x130/0x130
00041 WARNING: /home/ktest/git/linux/include/linux/fs.h:889 at osd_create+0x9cf/0xcf0 [osd_wbcfs], CPU#2: ll_ost00_002/1782
00041  ? ret_from_fork_asm+0x11/0x20
00041  </TASK>
00041 ---[ end trace 0000000000000000 ]---
00041 Modules linked in:
00041 ------------[ cut here ]------------
00041  ofd(O)
00041 WARNING: /home/ktest/git/linux/include/linux/fs.h:889 at osd_create+0x9cf/0xcf0 [osd_wbcfs], CPU#0: ll_ost00_000/1780
00041  osp(O)
00041 Modules linked in: ofd(O) osp(O) mdd(O) lod(O) mdt(O) lquota(O) lfsck(O) mgs(O) osd_wbcfs(O) lustre(O)
00041  mdd(O)
00041  obdecho(O) mgc(O) mdc(O) lov(O) osc(O) lmv(O) ec(O) fid(O) fld(O) ptlrpc(O) efivarfs obdclass(O) ksocklnd(O)
00041  lod(O)
00041  lnet(O) libcfs(O)
00041 CPU: 0 UID: 0 PID: 1780 Comm: ll_ost00_000 Tainted: G        W  O        7.0.0-ktest-fa4bb62-6330a45-20260727-dirty #1 PREEMPT 
00041 Tainted: [W]=WARN, [O]=OOT_MODULE
00041 Hardware name: QEMU Standard PC (Q35 + ICH9, 2009), BIOS 2025.11-3ubuntu7 03/31/2026
00041  mdt(O)
00041 RIP: 0010:osd_create+0x9cf/0xcf0 [osd_wbcfs]
00041 Code: c7 c7 00 96 7b a1 48 c7 c6 a0 12 7d a1 48 c7 c2 00 1c 7d a1 e8 52 f1 43 ff 48 c7 c7 00 96 7b a1 e8 46 81 44 ff e9 fe fc ff ff <0f> 0b e9 a5 fa ff ff 48 c7 c1 80 44 5d a0 80 e1 07 80 c1 03 38 c1
00041  lquota(O)
00041 RSP: 0018:ffffc9000474f878 EFLAGS: 00010246
00041 RAX: 0000000000000000 RBX: ffff88811bb2c000 RCX: 0000000000000046
00041 RDX: 0000000000000000 RSI: ffff888043e07b68 RDI: ffff88803c1caaa8
00041 RBP: ffff888043e07ad8 R08: ffffffff83a16803 R09: 1ffffffff0742d00
00041 R10: dffffc0000000000 R11: fffffbfff0742d01 R12: ffff88802d88f030
00041 R13: dffffc0000000000 R14: 1ffff11023765800 R15: 1ffff11005b11e42
00041 FS:  0000000000000000(0000) GS:ffff8881d4a2d000(0000) knlGS:0000000000000000
00041  lfsck(O)
00041 CS:  0010 DS: 0000 ES: 0000 CR0: 0000000080050033
00041 CR2: 000055c51a563f58 CR3: 0000000135892000 CR4: 0000000000750eb0
00041 PKRU: 55555554
00041 Call Trace:
00041  <TASK>
00041  ? ofd_precreate_objects+0x1bd8/0x3220 [ofd]
00041  mgs(O)
00041 ------------[ cut here ]------------
00041 WARNING: /home/ktest/git/linux/include/linux/fs.h:889 at osd_create+0x9cf/0xcf0 [osd_wbcfs], CPU#1: llog_process_th/1822
00041 Modules linked in: ofd(O) osp(O) mdd(O) lod(O) mdt(O) lquota(O) lfsck(O) mgs(O) osd_wbcfs(O) lustre(O) obdecho(O) mgc(O) mdc(O) lov(O) osc(O) lmv(O) ec(O) fid(O) fld(O) ptlrpc(O) efivarfs obdclass(O) ksocklnd(O) lnet(O) libcfs(O)
00041 CPU: 1 UID: 0 PID: 1822 Comm: llog_process_th Tainted: G        W  O        7.0.0-ktest-fa4bb62-6330a45-20260727-dirty #1 PREEMPT 
00041 Tainted: [W]=WARN, [O]=OOT_MODULE
00041 Hardware name: QEMU Standard PC (Q35 + ICH9, 2009), BIOS 2025.11-3ubuntu7 03/31/2026
00041 RIP: 0010:osd_create+0x9cf/0xcf0 [osd_wbcfs]
00041 Code: c7 c7 00 96 7b a1 48 c7 c6 a0 12 7d a1 48 c7 c2 00 1c 7d a1 e8 52 f1 43 ff 48 c7 c7 00 96 7b a1 e8 46 81 44 ff e9 fe fc ff ff <0f> 0b e9 a5 fa ff ff 48 c7 c1 80 44 5d a0 80 e1 07 80 c1 03 38 c1
00041 RSP: 0018:ffffc9000705f6c0 EFLAGS: 00010246
00041 RAX: 0000000000000000 RBX: ffff88811e48d800 RCX: 0000000000000046
00041 RDX: 0000000000000000 RSI: ffff888043e049c0 RDI: ffff888023bf8998
00041 RBP: ffff888043e04930 R08: ffffffff83a16803 R09: 1ffffffff0742d00
00041 R10: dffffc0000000000 R11: fffffbfff0742d01 R12: ffff88802d16d830
00041 R13: dffffc0000000000 R14: 1ffff11023c91b00 R15: 1ffff92000e0bef8
00041 FS:  0000000000000000(0000) GS:ffff8881d4aad000(0000) knlGS:0000000000000000
00041 CS:  0010 DS: 0000 ES: 0000 CR0: 0000000080050033
00041 CR2: 000055c51a52a490 CR3: 00000001019c3000 CR4: 0000000000750eb0
00041 PKRU: 55555554
00041 Call Trace:
00041  <TASK>
00041  ? ofd_create_hdl+0x2015/0x3510 [ofd]
00041  osd_wbcfs(O)
00041  ? dt_find_or_create+0x81a/0x1170 [obdclass]
00041  ? osp_find_or_create_local_file+0x266/0x690 [osp]
00041  lustre(O)
00041  ? osp_last_used_init+0x22c/0x2150 [osp]
00041  ? tgt_request_handle+0x23ad/0x3d30 [ptlrpc]
00041  obdecho(O)
00041  ? client_fid_init+0x636/0x9f0 [fid]
00041  ? ptlrpc_main+0x6359/0x96f0 [ptlrpc]
00041  mgc(O)
00041  ? __kthread_parkme+0x73/0x130
00041  ? kthread+0x2cd/0x3a0
00041  ? osp_device_alloc+0x19a2/0x2e10 [osp]
00041  mdc(O)
00041  ? ptlrpc_start_thread+0x1f10/0x1f10 [ptlrpc]
00041  ? obd_setup+0x25c/0x950 [obdclass]
00041  lov(O)
00041  ? kthread_unuse_mm+0x130/0x130
00041  ? ret_from_fork+0x18c/0x520
00041  ? kthread_unuse_mm+0x130/0x130
00041  ? ret_from_fork_asm+0x11/0x20
00041  ? class_setup+0xc7d/0x10e0 [obdclass]
00041  osc(O)
00041  ? class_process_config+0x2edb/0x7cb0 [obdclass]
00041  </TASK>
00041 ---[ end trace 0000000000000000 ]---
00041 ------------[ cut here ]------------
00041  ? __kasan_kmalloc+0x72/0x80
00041  lmv(O)
00041  ? class_config_llog_handler+0x2954/0x4f80 [obdclass]
00041 WARNING: /home/ktest/git/linux/include/linux/fs.h:889 at osd_create+0x9cf/0xcf0 [osd_wbcfs], CPU#0: ll_ost00_000/1780
00041  ? class_config_llog_handler+0x2cea/0x4f80 [obdclass]
00041  ec(O)
00041 Modules linked in: ofd(O) osp(O) mdd(O) lod(O) mdt(O) lquota(O) lfsck(O) mgs(O) osd_wbcfs(O) lustre(O) obdecho(O) mgc(O) mdc(O)
00041  fid(O) fld(O) ptlrpc(O) efivarfs obdclass(O) ksocklnd(O) lnet(O) libcfs(O)
00041 CPU: 2 UID: 0 PID: 1782 Comm: ll_ost00_002 Tainted: G        W  O        7.0.0-ktest-fa4bb62-6330a45-20260727-dirty #1 PREEMPT 
00041 Tainted: [W]=WARN, [O]=OOT_MODULE
00041 Hardware name: QEMU Standard PC (Q35 + ICH9, 2009), BIOS 2025.11-3ubuntu7 03/31/2026
00041 RIP: 0010:osd_create+0x9cf/0xcf0 [osd_wbcfs]
00041  lov(O)
00041 Code: c7 c7 00 96 7b a1 48 c7 c6 a0 12 7d a1 48 c7 c2 00 1c 7d a1 e8 52 f1 43 ff 48 c7 c7 00 96 7b a1 e8 46 81 44 ff e9 fe fc ff ff <0f> 0b e9 a5 fa ff ff 48 c7 c1 80 44 5d a0 80 e1 07 80 c1 03 38 c1
00041 RSP: 0018:ffffc900046ef878 EFLAGS: 00010246
00041 RAX: 0000000000000000 RBX: ffff8881199d6400 RCX: 0000000000000046
00041 RDX: 0000000000000000 RSI: ffff88802d8989e8 RDI: ffff88803c17cb68
00041 RBP: ffff88802d898958 R08: ffffffff83a16803 R09: 1ffffffff0742d00
00041 R10: dffffc0000000000 R11: fffffbfff0742d01 R12: ffff88803cd8b030
00041  ? lustre_cfg_rec_free+0x350/0x350 [obdclass]
00041  osc(O) lmv(O) ec(O) fid(O) fld(O) ptlrpc(O) efivarfs obdclass(O) ksocklnd(O) lnet(O) libcfs(O)
00041 CPU: 0 UID: 0 PID: 1780 Comm: ll_ost00_000 Tainted: G        W  O        7.0.0-ktest-fa4bb62-6330a45-20260727-dirty #1 PREEMPT 
00041  ? llog_process_thread+0x1fd2/0x4f70 [obdclass]
00041  ? _raw_spin_unlock+0x23/0x40
00041 R13: dffffc0000000000 R14: 1ffff1102333ac80 R15: 1ffff110079b1642
00041 FS:  0000000000000000(0000) GS:ffff8881d4b2d000(0000) knlGS:0000000000000000
00041 CS:  0010 DS: 0000 ES: 0000 CR0: 0000000080050033
00041 CR2: 000055c51a3f5110 CR3: 000000001914c000 CR4: 0000000000750eb0
00041 PKRU: 55555554
00041 Call Trace:
00041  <TASK>
00041  ? ofd_precreate_objects+0x1bd8/0x3220 [ofd]
00041  ? ofd_create_hdl+0x2015/0x3510 [ofd]
00041  ? tgt_request_handle+0x23ad/0x3d30 [ptlrpc]
00041 Tainted: [W]=WARN, [O]=OOT_MODULE
00041  ? llog_process_thread_daemonize+0x16d/0x1b0 [obdclass]
00041  ? ptlrpc_main+0x6359/0x96f0 [ptlrpc]
00041 Hardware name: QEMU Standard PC (Q35 + ICH9, 2009), BIOS 2025.11-3ubuntu7 03/31/2026
00041  ? __kthread_parkme+0x73/0x130
00041  ? kthread+0x2cd/0x3a0
00041  ? kthread+0x2cd/0x3a0
00041  ? ptlrpc_start_thread+0x1f10/0x1f10 [ptlrpc]
00041  ? kthread_unuse_mm+0x130/0x130
00041  ? ret_from_fork+0x18c/0x520
00041  ? kthread_unuse_mm+0x130/0x130
00041 RIP: 0010:osd_create+0x9cf/0xcf0 [osd_wbcfs]
00041  ? ret_from_fork_asm+0x11/0x20
00041 Code: c7 c7 00 96 7b a1 48 c7 c6 a0 12 7d a1 48 c7 c2 00 1c 7d a1 e8 52 f1 43 ff 48 c7 c7 00 96 7b a1 e8 46 81 44 ff e9 fe fc ff ff <0f> 0b e9 a5 fa ff ff 48 c7 c1 80 44 5d a0 80 e1 07 80 c1 03 38 c1
00041 RSP: 0018:ffffc9000474f878 EFLAGS: 00010246
00041 RAX: 0000000000000000 RBX: ffff88811bb2c800 RCX: 0000000000000046
00041 RDX: 0000000000000000 RSI: ffff888043e07450 RDI: ffff88803c1caaa8
00041 RBP: ffff888043e073c0 R08: ffffffff83a16803 R09: 1ffffffff0742d00
00041 R10: dffffc0000000000 R11: fffffbfff0742d01 R12: ffff88802d88f030
00041 R13: dffffc0000000000 R14: 1ffff11023765900 R15: 1ffff11005b11e42
00041 FS:  0000000000000000(0000) GS:ffff8881d4a2d000(0000) knlGS:0000000000000000
00041 CS:  0010 DS: 0000 ES: 0000 CR0: 0000000080050033
00041 CR2: 000055c51a563f58 CR3: 0000000135892000 CR4: 0000000000750eb0
00041 PKRU: 55555554
00041 Call Trace:
00041  <TASK>
00041  ? ofd_precreate_objects+0x1bd8/0x3220 [ofd]
00041  ? ofd_create_hdl+0x2015/0x3510 [ofd]
00041  ? llog_process_or_fork+0xc90/0xc90 [obdclass]
00041  ? kthread_unuse_mm+0x130/0x130
00041  ? ret_from_fork+0x18c/0x520
00041  </TASK>
00041 ---[ end trace 0000000000000000 ]---
00041 ------------[ cut here ]------------
00041 WARNING: /home/ktest/git/linux/include/linux/fs.h:889 at osd_create+0x9cf/0xcf0 [osd_wbcfs], CPU#2: ll_ost00_002/1782
00041 Modules linked in: ofd(O) osp(O) mdd(O) lod(O) mdt(O) lquota(O) lfsck(O) mgs(O) osd_wbcfs(O) lustre(O) obdecho(O)
00041  ? kthread_unuse_mm+0x130/0x130
00041  ? ret_from_fork_asm+0x11/0x20
00041  </TASK>
00041  ? tgt_request_handle+0x23ad/0x3d30 [ptlrpc]
00041  mgc(O)
00041 ---[ end trace 0000000000000000 ]---
00041  ? ptlrpc_main+0x6359/0x96f0 [ptlrpc]
00041 ------------[ cut here ]------------
00041 WARNING: /home/ktest/git/linux/include/linux/fs.h:889 at osd_create+0x9cf/0xcf0 [osd_wbcfs], CPU#1: llog_process_th/1822
00041  mdc(O)
00041  ? __kthread_parkme+0x73/0x130
00041  ? kthread+0x2cd/0x3a0
00041 Modules linked in: ofd(O) osp(O) mdd(O) lod(O) mdt(O) lquota(O) lfsck(O) mgs(O) osd_wbcfs(O) lustre(O) obdecho(O)
00041  lov(O)
00041  mgc(O) mdc(O) lov(O) osc(O)
00041  ? ptlrpc_start_thread+0x1f10/0x1f10 [ptlrpc]
00041  lmv(O) ec(O) fid(O) fld(O) ptlrpc(O) efivarfs obdclass(O) ksocklnd(O) lnet(O) libcfs(O)
00041  osc(O)
00041 
00041 CPU: 1 UID: 0 PID: 1822 Comm: llog_process_th Tainted: G        W  O        7.0.0-ktest-fa4bb62-6330a45-20260727-dirty #1 PREEMPT 
00041 Tainted: [W]=WARN, [O]=OOT_MODULE
00041 Hardware name: QEMU Standard PC (Q35 + ICH9, 2009), BIOS 2025.11-3ubuntu7 03/31/2026
00041 RIP: 0010:osd_create+0x9cf/0xcf0 [osd_wbcfs]
00041  ? kthread_unuse_mm+0x130/0x130
00041  ? ret_from_fork+0x18c/0x520
00041  ? kthread_unuse_mm+0x130/0x130
00041  ? ret_from_fork_asm+0x11/0x20
00041  </TASK>
00041 ---[ end trace 0000000000000000 ]---
00041  lmv(O) ec(O) fid(O) fld(O) ptlrpc(O) efivarfs obdclass(O) ksocklnd(O) lnet(O) libcfs(O)
00041 CPU: 2 UID: 0 PID: 1782 Comm: ll_ost00_002 Tainted: G        W  O        7.0.0-ktest-fa4bb62-6330a45-20260727-dirty #1 PREEMPT 
00041 Tainted: [W]=WARN, [O]=OOT_MODULE
00041 Hardware name: QEMU Standard PC (Q35 + ICH9, 2009), BIOS 2025.11-3ubuntu7 03/31/2026
00041 RIP: 0010:osd_create+0x9cf/0xcf0 [osd_wbcfs]
00041 Code: c7 c7 00 96 7b a1 48 c7 c6 a0 12 7d a1 48 c7 c2 00 1c 7d a1 e8 52 f1 43 ff 48 c7 c7 00 96 7b a1 e8 46 81 44 ff e9 fe fc ff ff <0f> 0b e9 a5 fa ff ff 48 c7 c1 80 44 5d a0 80 e1 07 80 c1 03 38 c1
00041 Code: c7 c7 00 96 7b a1 48 c7 c6 a0 12 7d a1 48 c7 c2 00 1c 7d a1 e8 52 f1 43 ff 48 c7 c7 00 96 7b a1 e8 46 81 44 ff e9 fe fc ff ff <0f> 0b e9 a5 fa ff ff 48 c7 c1 80 44 5d a0 80 e1 07 80 c1 03 38 c1
00041 RSP: 0018:ffffc900046ef878 EFLAGS: 00010246
00041 RAX: 0000000000000000 RBX: ffff8881199d6000 RCX: 0000000000000046
00041 RDX: 0000000000000000 RSI: ffff88802d8982d0 RDI: ffff88803c17cb68
00041 RBP: ffff88802d898240 R08: ffffffff83a16803 R09: 1ffffffff0742d00
00041 R10: dffffc0000000000 R11: fffffbfff0742d01 R12: ffff88803cd8b030
00041 R13: dffffc0000000000 R14: 1ffff1102333ac00 R15: 1ffff110079b1642
00041 FS:  0000000000000000(0000) GS:ffff8881d4b2d000(0000) knlGS:0000000000000000
00041 CS:  0010 DS: 0000 ES: 0000 CR0: 0000000080050033
00041 CR2: 000055c51a3f5110 CR3: 000000001914c000 CR4: 0000000000750eb0
00041 PKRU: 55555554
00041 Call Trace:
00041  <TASK>
00041  ? ofd_precreate_objects+0x1bd8/0x3220 [ofd]
00041 ------------[ cut here ]------------
00041 RSP: 0018:ffffc9000705f6c0 EFLAGS: 00010246
00041 RAX: 0000000000000000 RBX: ffff88811e48e000 RCX: 0000000000000046
00041 RDX: 0000000000000000 RSI: ffff888043e042a8 RDI: ffff888023bf8998
00041 RBP: ffff888043e04218 R08: ffffffff83a16803 R09: 1ffffffff0742d00
00041 WARNING: /home/ktest/git/linux/include/linux/fs.h:889 at osd_create+0x9cf/0xcf0 [osd_wbcfs], CPU#0: ll_ost00_000/1780
00041 R10: dffffc0000000000 R11: fffffbfff0742d01 R12: ffff88802d16d830
00041 R13: dffffc0000000000 R14: 1ffff11023c91c00 R15: 1ffff92000e0bef8
00041 FS:  0000000000000000(0000) GS:ffff8881d4aad000(0000) knlGS:0000000000000000
00041 Modules linked in: ofd(O) osp(O) mdd(O) lod(O) mdt(O) lquota(O) lfsck(O) mgs(O) osd_wbcfs(O) lustre(O) obdecho(O) mgc(O) mdc(O) lov(O) osc(O) lmv(O) ec(O) fid(O) fld(O) ptlrpc(O) efivarfs obdclass(O) ksocklnd(O) lnet(O) libcfs(O)
00041 CPU: 0 UID: 0 PID: 1780 Comm: ll_ost00_000 Tainted: G        W  O        7.0.0-ktest-fa4bb62-6330a45-20260727-dirty #1 PREEMPT 
00041 Tainted: [W]=WARN, [O]=OOT_MODULE
00041 Hardware name: QEMU Standard PC (Q35 + ICH9, 2009), BIOS 2025.11-3ubuntu7 03/31/2026
00041 RIP: 0010:osd_create+0x9cf/0xcf0 [osd_wbcfs]
00041 Code: c7 c7 00 96 7b a1 48 c7 c6 a0 12 7d a1 48 c7 c2 00 1c 7d a1 e8 52 f1 43 ff 48 c7 c7 00 96 7b a1 e8 46 81 44 ff e9 fe fc ff ff <0f> 0b e9 a5 fa ff ff 48 c7 c1 80 44 5d a0 80 e1 07 80 c1 03 38 c1
00041 RSP: 0018:ffffc9000474f878 EFLAGS: 00010246
00041 RAX: 0000000000000000 RBX: ffff8881342d0800 RCX: 0000000000000046
00041 RDX: 0000000000000000 RSI: ffff888043e06d38 RDI: ffff88803c1caaa8
00041 RBP: ffff888043e06ca8 R08: ffffffff83a16803 R09: 1ffffffff0742d00
00041 R10: dffffc0000000000 R11: fffffbfff0742d01 R12: ffff88802d88f030
00041 R13: dffffc0000000000 R14: 1ffff1102685a100 R15: 1ffff11005b11e42
00041 FS:  0000000000000000(0000) GS:ffff8881d4a2d000(0000) knlGS:0000000000000000
00041 CS:  0010 DS: 0000 ES: 0000 CR0: 0000000080050033
00041 CR2: 000055c51a563f58 CR3: 0000000135892000 CR4: 0000000000750eb0
00041 PKRU: 55555554
00041 Call Trace:
00041  <TASK>
00041  ? ofd_precreate_objects+0x1bd8/0x3220 [ofd]
00041  ? ofd_create_hdl+0x2015/0x3510 [ofd]
00041 CS:  0010 DS: 0000 ES: 0000 CR0: 0000000080050033
00041  ? ofd_create_hdl+0x2015/0x3510 [ofd]
00041 CR2: 000055c51a52a490 CR3: 00000001019c3000 CR4: 0000000000750eb0
00041  ? tgt_request_handle+0x23ad/0x3d30 [ptlrpc]
00041  ? tgt_request_handle+0x23ad/0x3d30 [ptlrpc]
00041 PKRU: 55555554
00041 Call Trace:
00041  <TASK>
00041  ? dt_find_or_create+0x81a/0x1170 [obdclass]
00041  ? osp_find_or_create_local_file+0x266/0x690 [osp]
00041  ? osp_last_used_init+0x95c/0x2150 [osp]
00041  ? osp_device_alloc+0x19a2/0x2e10 [osp]
00041  ? ptlrpc_main+0x6359/0x96f0 [ptlrpc]
00041  ? ptlrpc_main+0x6359/0x96f0 [ptlrpc]
00041  ? obd_setup+0x25c/0x950 [obdclass]
00041  ? __kthread_parkme+0x73/0x130
00041  ? class_setup+0xc7d/0x10e0 [obdclass]
00041  ? __kthread_parkme+0x73/0x130
00041  ? kthread+0x2cd/0x3a0
00041  ? class_process_config+0x2edb/0x7cb0 [obdclass]
00041  ? ptlrpc_start_thread+0x1f10/0x1f10 [ptlrpc]
00041  ? kthread+0x2cd/0x3a0
00041  ? __kasan_kmalloc+0x72/0x80
00041  ? class_config_llog_handler+0x2954/0x4f80 [obdclass]
00041  ? ptlrpc_start_thread+0x1f10/0x1f10 [ptlrpc]
00041  ? kthread_unuse_mm+0x130/0x130
00041  ? kthread_unuse_mm+0x130/0x130
00041  ? ret_from_fork+0x18c/0x520
00041  ? kthread_unuse_mm+0x130/0x130
00041  ? ret_from_fork_asm+0x11/0x20
00041  ? ret_from_fork+0x18c/0x520
00041  ? kthread_unuse_mm+0x130/0x130
00041  ? ret_from_fork_asm+0x11/0x20
00041  </TASK>
00041  ? class_config_llog_handler+0x2cea/0x4f80 [obdclass]
00041  ? lustre_cfg_rec_free+0x350/0x350 [obdclass]
00041  </TASK>
00041  ? llog_process_thread+0x1fd2/0x4f70 [obdclass]
00041 ---[ end trace 0000000000000000 ]---
00041 ------------[ cut here ]------------
00041  ? _raw_spin_unlock+0x23/0x40
00041  ? llog_process_thread_daemonize+0x16d/0x1b0 [obdclass]
00041  ? kthread+0x2cd/0x3a0
00041  ? llog_process_or_fork+0xc90/0xc90 [obdclass]
00041 ---[ end trace 0000000000000000 ]---
00041  ? kthread_unuse_mm+0x130/0x130
00041  ? ret_from_fork+0x18c/0x520
00041  ? kthread_unuse_mm+0x130/0x130
00041  ? ret_from_fork_asm+0x11/0x20
00041  </TASK>
00041 ---[ end trace 0000000000000000 ]---
00041 WARNING: /home/ktest/git/linux/include/linux/fs.h:889 at osd_create+0x9cf/0xcf0 [osd_wbcfs], CPU#0: ll_ost00_000/1780
00041 ------------[ cut here ]------------
00041 WARNING: /home/ktest/git/linux/include/linux/fs.h:889 at osd_create+0x9cf/0xcf0 [osd_wbcfs], CPU#1: llog_process_th/1822
00041 Modules linked in: ofd(O) osp(O) mdd(O) lod(O) mdt(O) lquota(O) lfsck(O) mgs(O) osd_wbcfs(O) lustre(O) obdecho(O) mgc(O) mdc(O) lov(O) osc(O) lmv(O)
00041 ------------[ cut here ]------------
00041 WARNING: /home/ktest/git/linux/include/linux/fs.h:889 at osd_create+0x9cf/0xcf0 [osd_wbcfs], CPU#2: ll_ost00_002/1782
00041 Modules linked in:
00041 Modules linked in:
00041  ofd(O) osp(O) mdd(O) lod(O) mdt(O) lquota(O) lfsck(O) mgs(O) osd_wbcfs(O) lustre(O) obdecho(O) mgc(O) mdc(O) lov(O) osc(O) lmv(O) ec(O)
00041  ec(O)
00041  fid(O) fld(O) ptlrpc(O) efivarfs obdclass(O) ksocklnd(O) lnet(O) libcfs(O)
00041 CPU: 2 UID: 0 PID: 1782 Comm: ll_ost00_002 Tainted: G        W  O        7.0.0-ktest-fa4bb62-6330a45-20260727-dirty #1 PREEMPT 
00041 Tainted: [W]=WARN, [O]=OOT_MODULE
00041 Hardware name: QEMU Standard PC (Q35 + ICH9, 2009), BIOS 2025.11-3ubuntu7 03/31/2026
00041 RIP: 0010:osd_create+0x9cf/0xcf0 [osd_wbcfs]
00041 Code: c7 c7 00 96 7b a1 48 c7 c6 a0 12 7d a1 48 c7 c2 00 1c 7d a1 e8 52 f1 43 ff 48 c7 c7 00 96 7b a1 e8 46 81 44 ff e9 fe fc ff ff <0f> 0b e9 a5 fa ff ff 48 c7 c1 80 44 5d a0 80 e1 07 80 c1 03 38 c1
00041 RSP: 0018:ffffc900046ef878 EFLAGS: 00010246
00041 RAX: 0000000000000000 RBX: ffff88813408b000 RCX: 0000000000000046
00041 RDX: 0000000000000000 RSI: ffff888027e47b68 RDI: ffff88803c17cb68
00041 RBP: ffff888027e47ad8 R08: ffffffff83a16803 R09: 1ffffffff0742d00
00041 R10: dffffc0000000000 R11: fffffbfff0742d01 R12: ffff88803cd8b030
00041 R13: dffffc0000000000 R14: 1ffff11026811600 R15: 1ffff110079b1642
00041 FS:  0000000000000000(0000) GS:ffff8881d4b2d000(0000) knlGS:0000000000000000
00041 CS:  0010 DS: 0000 ES: 0000 CR0: 0000000080050033
00041 CR2: 000055c51a3f5110 CR3: 000000001914c000 CR4: 0000000000750eb0
00041 PKRU: 55555554
00041 Call Trace:
00041  <TASK>
00041  ? ofd_precreate_objects+0x1bd8/0x3220 [ofd]
00041  ? ofd_create_hdl+0x2015/0x3510 [ofd]
00041  ofd(O)
00041  ? tgt_request_handle+0x23ad/0x3d30 [ptlrpc]
00041  fid(O)
00041  osp(O)
00041  ? ptlrpc_main+0x6359/0x96f0 [ptlrpc]
00041  fld(O)
00041  mdd(O)
00041  ? __kthread_parkme+0x73/0x130
00041  ? kthread+0x2cd/0x3a0
00041  ptlrpc(O)
00041  ? ptlrpc_start_thread+0x1f10/0x1f10 [ptlrpc]
00041  lod(O)
00041  ? kthread_unuse_mm+0x130/0x130
00041  ? ret_from_fork+0x18c/0x520
00041  ? kthread_unuse_mm+0x130/0x130
00041  ? ret_from_fork_asm+0x11/0x20
00041  </TASK>
00041 ---[ end trace 0000000000000000 ]---
00041  efivarfs
00041 ------------[ cut here ]------------
00041 WARNING: /home/ktest/git/linux/include/linux/fs.h:889 at osd_create+0x9cf/0xcf0 [osd_wbcfs], CPU#2: ll_ost00_002/1782
00041 Modules linked in: ofd(O) osp(O) mdd(O) lod(O) mdt(O) lquota(O) lfsck(O) mgs(O) osd_wbcfs(O) lustre(O) obdecho(O) mgc(O) mdc(O) lov(O) osc(O) lmv(O) ec(O) fid(O) fld(O) ptlrpc(O) efivarfs obdclass(O) ksocklnd(O) lnet(O) libcfs(O)
00041 CPU: 2 UID: 0 PID: 1782 Comm: ll_ost00_002 Tainted: G        W  O        7.0.0-ktest-fa4bb62-6330a45-20260727-dirty #1 PREEMPT 
00041 Tainted: [W]=WARN, [O]=OOT_MODULE
00041 Hardware name: QEMU Standard PC (Q35 + ICH9, 2009), BIOS 2025.11-3ubuntu7 03/31/2026
00041 RIP: 0010:osd_create+0x9cf/0xcf0 [osd_wbcfs]
00041 Code: c7 c7 00 96 7b a1 48 c7 c6 a0 12 7d a1 48 c7 c2 00 1c 7d a1 e8 52 f1 43 ff 48 c7 c7 00 96 7b a1 e8 46 81 44 ff e9 fe fc ff ff <0f> 0b e9 a5 fa ff ff 48 c7 c1 80 44 5d a0 80 e1 07 80 c1 03 38 c1
00041 RSP: 0018:ffffc900046ef878 EFLAGS: 00010246
00041 RAX: 0000000000000000 RBX: ffff88813408ac00 RCX: 0000000000000046
00041 RDX: 0000000000000000 RSI: ffff888027e47450 RDI: ffff88803c17cb68
00041 RBP: ffff888027e473c0 R08: ffffffff83a16803 R09: 1ffffffff0742d00
00041 R10: dffffc0000000000 R11: fffffbfff0742d01 R12: ffff88803cd8b030
00041 R13: dffffc0000000000 R14: 1ffff11026811580 R15: 1ffff110079b1642
00041 FS:  0000000000000000(0000) GS:ffff8881d4b2d000(0000) knlGS:0000000000000000
00041 CS:  0010 DS: 0000 ES: 0000 CR0: 0000000080050033
00041 CR2: 000055c51a3f5110 CR3: 000000001914c000 CR4: 0000000000750eb0
00041 PKRU: 55555554
00041 Call Trace:
00041  <TASK>
00041  mdt(O)
00041  ? ofd_precreate_objects+0x1bd8/0x3220 [ofd]
00041  ? ofd_create_hdl+0x2015/0x3510 [ofd]
00041  obdclass(O)
00041  lquota(O)
00041  ? tgt_request_handle+0x23ad/0x3d30 [ptlrpc]
00041  ksocklnd(O)
00041  lfsck(O)
00041  ? ptlrpc_main+0x6359/0x96f0 [ptlrpc]
00041  lnet(O)
00041  mgs(O)
00041  libcfs(O)
00041  ? __kthread_parkme+0x73/0x130
00041  ? kthread+0x2cd/0x3a0
00041  osd_wbcfs(O)
00041 
00041  ? ptlrpc_start_thread+0x1f10/0x1f10 [ptlrpc]
00041  lustre(O)
00041 CPU: 1 UID: 0 PID: 1822 Comm: llog_process_th Tainted: G        W  O        7.0.0-ktest-fa4bb62-6330a45-20260727-dirty #1 PREEMPT 
00041  ? kthread_unuse_mm+0x130/0x130
00041  ? ret_from_fork+0x18c/0x520
00041  ? kthread_unuse_mm+0x130/0x130
00041  obdecho(O)
00041  ? ret_from_fork_asm+0x11/0x20
00041  </TASK>
00041 ---[ end trace 0000000000000000 ]---
00041 ------------[ cut here ]------------
00041 WARNING: /home/ktest/git/linux/include/linux/fs.h:889 at osd_create+0x9cf/0xcf0 [osd_wbcfs], CPU#2: ll_ost00_002/1782
00041 Tainted: [W]=WARN, [O]=OOT_MODULE
00041 Modules linked in: ofd(O) osp(O) mdd(O) lod(O) mdt(O) lquota(O) lfsck(O) mgs(O) osd_wbcfs(O) lustre(O) obdecho(O) mgc(O) mdc(O) lov(O) osc(O) lmv(O) ec(O) fid(O) fld(O) ptlrpc(O) efivarfs obdclass(O) ksocklnd(O) lnet(O) libcfs(O)
00041 CPU: 2 UID: 0 PID: 1782 Comm: ll_ost00_002 Tainted: G        W  O        7.0.0-ktest-fa4bb62-6330a45-20260727-dirty #1 PREEMPT 
00041 Tainted: [W]=WARN, [O]=OOT_MODULE
00041 Hardware name: QEMU Standard PC (Q35 + ICH9, 2009), BIOS 2025.11-3ubuntu7 03/31/2026
00041 RIP: 0010:osd_create+0x9cf/0xcf0 [osd_wbcfs]
00041  mgc(O)
00041 Code: c7 c7 00 96 7b a1 48 c7 c6 a0 12 7d a1 48 c7 c2 00 1c 7d a1 e8 52 f1 43 ff 48 c7 c7 00 96 7b a1 e8 46 81 44 ff e9 fe fc ff ff <0f> 0b e9 a5 fa ff ff 48 c7 c1 80 44 5d a0 80 e1 07 80 c1 03 38 c1
00041 RSP: 0018:ffffc900046ef878 EFLAGS: 00010246
00041 RAX: 0000000000000000 RBX: ffff8881340a5800 RCX: 0000000000000046
00041 RDX: 0000000000000000 RSI: ffff888027e46d38 RDI: ffff88803c17cb68
00041 RBP: ffff888027e46ca8 R08: ffffffff83a16803 R09: 1ffffffff0742d00
00041 R10: dffffc0000000000 R11: fffffbfff0742d01 R12: ffff88803cd8b030
00041 R13: dffffc0000000000 R14: 1ffff11026814b00 R15: 1ffff110079b1642
00041 FS:  0000000000000000(0000) GS:ffff8881d4b2d000(0000) knlGS:0000000000000000
00041 CS:  0010 DS: 0000 ES: 0000 CR0: 0000000080050033
00041 CR2: 000055c51a3f5110 CR3: 000000001914c000 CR4: 0000000000750eb0
00041 PKRU: 55555554
00041 Call Trace:
00041  <TASK>
00041 Hardware name: QEMU Standard PC (Q35 + ICH9, 2009), BIOS 2025.11-3ubuntu7 03/31/2026
00041  ? ofd_precreate_objects+0x1bd8/0x3220 [ofd]
00041  ? ofd_create_hdl+0x2015/0x3510 [ofd]
00041  mdc(O)
00041 RIP: 0010:osd_create+0x9cf/0xcf0 [osd_wbcfs]
00041  ? tgt_request_handle+0x23ad/0x3d30 [ptlrpc]
00041  lov(O)
00041 Code: c7 c7 00 96 7b a1 48 c7 c6 a0 12 7d a1 48 c7 c2 00 1c 7d a1 e8 52 f1 43 ff 48 c7 c7 00 96 7b a1 e8 46 81 44 ff e9 fe fc ff ff <0f> 0b e9 a5 fa ff ff 48 c7 c1 80 44 5d a0 80 e1 07 80 c1 03 38 c1
00041  osc(O) lmv(O)
00041  ? ptlrpc_main+0x6359/0x96f0 [ptlrpc]
00041 RSP: 0018:ffffc9000705f690 EFLAGS: 00010246
00041  ec(O)
00041 
00041  ? __kthread_parkme+0x73/0x130
00041  ? kthread+0x2cd/0x3a0
00041  fid(O)
00041 RAX: 0000000000000000 RBX: ffff88811e48f800 RCX: 0000000000000046
00041  ? ptlrpc_start_thread+0x1f10/0x1f10 [ptlrpc]
00041  ? kthread_unuse_mm+0x130/0x130
00041  ? ret_from_fork+0x18c/0x520
00041  ? kthread_unuse_mm+0x130/0x130
00041  ? ret_from_fork_asm+0x11/0x20
00041  </TASK>
00041 ---[ end trace 0000000000000000 ]---
00041 ------------[ cut here ]------------
00041 WARNING: /home/ktest/git/linux/include/linux/fs.h:889 at osd_create+0x9cf/0xcf0 [osd_wbcfs], CPU#2: ll_ost00_002/1782
00041 Modules linked in: ofd(O) osp(O) mdd(O) lod(O) mdt(O) lquota(O) lfsck(O) mgs(O) osd_wbcfs(O) lustre(O) obdecho(O) mgc(O) mdc(O)
00041  fld(O)
00041  lov(O) osc(O) lmv(O) ec(O) fid(O) fld(O) ptlrpc(O) efivarfs obdclass(O) ksocklnd(O) lnet(O) libcfs(O)
00041 CPU: 2 UID: 0 PID: 1782 Comm: ll_ost00_002 Tainted: G        W  O        7.0.0-ktest-fa4bb62-6330a45-20260727-dirty #1 PREEMPT 
00041 Tainted: [W]=WARN, [O]=OOT_MODULE
00041 Hardware name: QEMU Standard PC (Q35 + ICH9, 2009), BIOS 2025.11-3ubuntu7 03/31/2026
00041 RIP: 0010:osd_create+0x9cf/0xcf0 [osd_wbcfs]
00041 Code: c7 c7 00 96 7b a1 48 c7 c6 a0 12 7d a1 48 c7 c2 00 1c 7d a1 e8 52 f1 43 ff 48 c7 c7 00 96 7b a1 e8 46 81 44 ff e9 fe fc ff ff <0f> 0b e9 a5 fa ff ff 48 c7 c1 80 44 5d a0 80 e1 07 80 c1 03 38 c1
00041 RSP: 0018:ffffc900046ef878 EFLAGS: 00010246
00041 RAX: 0000000000000000 RBX: ffff8881340a5400 RCX: 0000000000000046
00041 RDX: 0000000000000000 RSI: ffff888027e46620 RDI: ffff88803c17cb68
00041 RBP: ffff888027e46590 R08: ffffffff83a16803 R09: 1ffffffff0742d00
00041 R10: dffffc0000000000 R11: fffffbfff0742d01 R12: ffff88803cd8b030
00041 RDX: 0000000000000000 RSI: ffff888043e03b90 RDI: ffff888023bf8998
00041 R13: dffffc0000000000 R14: 1ffff11026814a80 R15: 1ffff110079b1642
00041 FS:  0000000000000000(0000) GS:ffff8881d4b2d000(0000) knlGS:0000000000000000
00041 CS:  0010 DS: 0000 ES: 0000 CR0: 0000000080050033
00041 CR2: 000055c51a3f5110 CR3: 000000001914c000 CR4: 0000000000750eb0
00041 PKRU: 55555554
00041 Call Trace:
00041  <TASK>
00041  ? ofd_precreate_objects+0x1bd8/0x3220 [ofd]
00041  ? ofd_create_hdl+0x2015/0x3510 [ofd]
00041  ptlrpc(O)
00041 RBP: ffff888043e03b00 R08: ffffffff83a16803 R09: 1ffffffff0742d00
00041  ? tgt_request_handle+0x23ad/0x3d30 [ptlrpc]
00041  efivarfs
00041 R10: dffffc0000000000 R11: fffffbfff0742d01 R12: ffff888108b92400
00041  ? ptlrpc_main+0x6359/0x96f0 [ptlrpc]
00041  obdclass(O)
00041  ? __kthread_parkme+0x73/0x130
00041  ? kthread+0x2cd/0x3a0
00041 R13: dffffc0000000000 R14: 1ffff11023c91f00 R15: 1ffff1102117248f
00041  ksocklnd(O)
00041  ? ptlrpc_start_thread+0x1f10/0x1f10 [ptlrpc]
00041 FS:  0000000000000000(0000) GS:ffff8881d4aad000(0000) knlGS:0000000000000000
00041  lnet(O)
00041 CS:  0010 DS: 0000 ES: 0000 CR0: 0000000080050033
00041  ? kthread_unuse_mm+0x130/0x130
00041  ? ret_from_fork+0x18c/0x520
00041  ? kthread_unuse_mm+0x130/0x130
00041  libcfs(O)
00041  ? ret_from_fork_asm+0x11/0x20
00041  </TASK>
00041 ---[ end trace 0000000000000000 ]---
00041 ------------[ cut here ]------------
00041 CR2: 000055c51a52a490 CR3: 00000001019c3000 CR4: 0000000000750eb0
00041 WARNING: /home/ktest/git/linux/include/linux/fs.h:889 at osd_create+0x9cf/0xcf0 [osd_wbcfs], CPU#2: ll_ost00_002/1782
00041 Modules linked in: ofd(O) osp(O) mdd(O) lod(O) mdt(O) lquota(O) lfsck(O) mgs(O) osd_wbcfs(O) lustre(O) obdecho(O) mgc(O) mdc(O) lov(O) osc(O) lmv(O) ec(O) fid(O) fld(O) ptlrpc(O) efivarfs obdclass(O) ksocklnd(O) lnet(O) libcfs(O)
00041 CPU: 2 UID: 0 PID: 1782 Comm: ll_ost00_002 Tainted: G        W  O        7.0.0-ktest-fa4bb62-6330a45-20260727-dirty #1 PREEMPT 
00041 Tainted: [W]=WARN, [O]=OOT_MODULE
00041 Hardware name: QEMU Standard PC (Q35 + ICH9, 2009), BIOS 2025.11-3ubuntu7 03/31/2026
00041 
00041 RIP: 0010:osd_create+0x9cf/0xcf0 [osd_wbcfs]
00041 Code: c7 c7 00 96 7b a1 48 c7 c6 a0 12 7d a1 48 c7 c2 00 1c 7d a1 e8 52 f1 43 ff 48 c7 c7 00 96 7b a1 e8 46 81 44 ff e9 fe fc ff ff <0f> 0b e9 a5 fa ff ff 48 c7 c1 80 44 5d a0 80 e1 07 80 c1 03 38 c1
00041 RSP: 0018:ffffc900046ef878 EFLAGS: 00010246
00041 RAX: 0000000000000000 RBX: ffff8881340a5000 RCX: 0000000000000046
00041 RDX: 0000000000000000 RSI: ffff888027e45f08 RDI: ffff88803c17cb68
00041 RBP: ffff888027e45e78 R08: ffffffff83a16803 R09: 1ffffffff0742d00
00041 R10: dffffc0000000000 R11: fffffbfff0742d01 R12: ffff88803cd8b030
00041 R13: dffffc0000000000 R14: 1ffff11026814a00 R15: 1ffff110079b1642
00041 FS:  0000000000000000(0000) GS:ffff8881d4b2d000(0000) knlGS:0000000000000000
00041 CS:  0010 DS: 0000 ES: 0000 CR0: 0000000080050033
00041 CR2: 000055c51a3f5110 CR3: 000000001914c000 CR4: 0000000000750eb0
00041 PKRU: 55555554
00041 Call Trace:
00041  <TASK>
00041 PKRU: 55555554
00041  ? ofd_precreate_objects+0x1bd8/0x3220 [ofd]
00041  ? ofd_create_hdl+0x2015/0x3510 [ofd]
00041 CPU: 0 UID: 0 PID: 1780 Comm: ll_ost00_000 Tainted: G        W  O        7.0.0-ktest-fa4bb62-6330a45-20260727-dirty #1 PREEMPT 
00041 Call Trace:
00041 Tainted: [W]=WARN, [O]=OOT_MODULE
00041  <TASK>
00041  ? tgt_request_handle+0x23ad/0x3d30 [ptlrpc]
00041 Hardware name: QEMU Standard PC (Q35 + ICH9, 2009), BIOS 2025.11-3ubuntu7 03/31/2026
00041  ? ptlrpc_main+0x6359/0x96f0 [ptlrpc]
00041  ? llog_osd_get_cat_list+0x64d/0x1470 [obdclass]
00041  ? __kthread_parkme+0x73/0x130
00041 RIP: 0010:osd_create+0x9cf/0xcf0 [osd_wbcfs]
00041  ? kthread+0x2cd/0x3a0
00041  ? osp_sync_init+0x7a6/0x2760 [osp]
00041 Code: c7 c7 00 96 7b a1 48 c7 c6 a0 12 7d a1 48 c7 c2 00 1c 7d a1 e8 52 f1 43 ff 48 c7 c7 00 96 7b a1 e8 46 81 44 ff e9 fe fc ff ff <0f> 0b e9 a5 fa ff ff 48 c7 c1 80 44 5d a0 80 e1 07 80 c1 03 38 c1
00041  ? ptlrpc_start_thread+0x1f10/0x1f10 [ptlrpc]
00041  ? is_module_address+0x1b/0x70
00041 RSP: 0018:ffffc9000474f878 EFLAGS: 00010246
00041  ? osp_device_alloc+0x1b91/0x2e10 [osp]
00041 
00041 RAX: 0000000000000000 RBX: ffff8881342d0400 RCX: 0000000000000046
00041 RDX: 0000000000000000 RSI: ffff888043e06620 RDI: ffff88803c1caaa8
00041 RBP: ffff888043e06590 R08: ffffffff83a16803 R09: 1ffffffff0742d00
00041 R10: dffffc0000000000 R11: fffffbfff0742d01 R12: ffff88802d88f030
00041 R13: dffffc0000000000 R14: 1ffff1102685a080 R15: 1ffff11005b11e42
00041 FS:  0000000000000000(0000) GS:ffff8881d4a2d000(0000) knlGS:0000000000000000
00041 CS:  0010 DS: 0000 ES: 0000 CR0: 0000000080050033
00041  ? obd_setup+0x25c/0x950 [obdclass]
00041  ? kthread_unuse_mm+0x130/0x130
00041  ? class_setup+0xc7d/0x10e0 [obdclass]
00041 CR2: 000055c51a563f58 CR3: 0000000135892000 CR4: 0000000000750eb0
00041 PKRU: 55555554
00041 Call Trace:
00041  <TASK>
00041  ? ofd_precreate_objects+0x1bd8/0x3220 [ofd]
00041  ? ofd_create_hdl+0x2015/0x3510 [ofd]
00041  ? ret_from_fork+0x18c/0x520
00041  ? tgt_request_handle+0x23ad/0x3d30 [ptlrpc]
00041  ? class_process_config+0x2edb/0x7cb0 [obdclass]
00041  ? kthread_unuse_mm+0x130/0x130
00041  ? ret_from_fork_asm+0x11/0x20
00041  </TASK>
00041 ---[ end trace 0000000000000000 ]---
00041 ------------[ cut here ]------------
00041 WARNING: /home/ktest/git/linux/include/linux/fs.h:889 at osd_create+0x9cf/0xcf0 [osd_wbcfs], CPU#2: ll_ost00_002/1782
00041 Modules linked in: ofd(O) osp(O) mdd(O) lod(O) mdt(O) lquota(O) lfsck(O) mgs(O) osd_wbcfs(O) lustre(O) obdecho(O) mgc(O) mdc(O) lov(O) osc(O) lmv(O) ec(O) fid(O) fld(O) ptlrpc(O) efivarfs obdclass(O) ksocklnd(O) lnet(O) libcfs(O)
00041 CPU: 2 UID: 0 PID: 1782 Comm: ll_ost00_002 Tainted: G        W  O        7.0.0-ktest-fa4bb62-6330a45-20260727-dirty #1 PREEMPT 
00041 Tainted: [W]=WARN, [O]=OOT_MODULE
00041 Hardware name: QEMU Standard PC (Q35 + ICH9, 2009), BIOS 2025.11-3ubuntu7 03/31/2026
00041 RIP: 0010:osd_create+0x9cf/0xcf0 [osd_wbcfs]
00041 Code: c7 c7 00 96 7b a1 48 c7 c6 a0 12 7d a1 48 c7 c2 00 1c 7d a1 e8 52 f1 43 ff 48 c7 c7 00 96 7b a1 e8 46 81 44 ff e9 fe fc ff ff <0f> 0b e9 a5 fa ff ff 48 c7 c1 80 44 5d a0 80 e1 07 80 c1 03 38 c1
00041 RSP: 0018:ffffc900046ef878 EFLAGS: 00010246
00041 RAX: 0000000000000000 RBX: ffff8881340bd800 RCX: 0000000000000046
00041 RDX: 0000000000000000 RSI: ffff888027e457f0 RDI: ffff88803c17cb68
00041 RBP: ffff888027e45760 R08: ffffffff83a16803 R09: 1ffffffff0742d00
00041 R10: dffffc0000000000 R11: fffffbfff0742d01 R12: ffff88803cd8b030
00041 R13: dffffc0000000000 R14: 1ffff11026817b00 R15: 1ffff110079b1642
00041 FS:  0000000000000000(0000) GS:ffff8881d4b2d000(0000) knlGS:0000000000000000
00041 CS:  0010 DS: 0000 ES: 0000 CR0: 0000000080050033
00041 CR2: 000055c51a3f5110 CR3: 000000001914c000 CR4: 0000000000750eb0
00041  ? __kasan_kmalloc+0x72/0x80
00041  ? class_config_llog_handler+0x2954/0x4f80 [obdclass]
00041  ? ptlrpc_main+0x6359/0x96f0 [ptlrpc]
00041  ? class_config_llog_handler+0x2cea/0x4f80 [obdclass]
00041 PKRU: 55555554
00041  ? __kthread_parkme+0x73/0x130
00041  ? lustre_cfg_rec_free+0x350/0x350 [obdclass]
00041 Call Trace:
00041  ? llog_process_thread+0x1fd2/0x4f70 [obdclass]
00041  ? _raw_spin_unlock+0x23/0x40
00041  ? kthread+0x2cd/0x3a0
00041  ? llog_process_thread_daemonize+0x16d/0x1b0 [obdclass]
00041  ? ptlrpc_start_thread+0x1f10/0x1f10 [ptlrpc]
00041  <TASK>
00041  ? kthread_unuse_mm+0x130/0x130
00041  ? ret_from_fork+0x18c/0x520
00041  ? kthread_unuse_mm+0x130/0x130
00041  ? ret_from_fork_asm+0x11/0x20
00041  </TASK>
00041 ---[ end trace 0000000000000000 ]---
00041  ? kthread+0x2cd/0x3a0
00041  ? llog_process_or_fork+0xc90/0xc90 [obdclass]
00041  ? ofd_precreate_objects+0x1bd8/0x3220 [ofd]
00041  ? kthread_unuse_mm+0x130/0x130
00041  ? ret_from_fork+0x18c/0x520
00041  ? ofd_create_hdl+0x2015/0x3510 [ofd]
00041  ? kthread_unuse_mm+0x130/0x130
00041  ? ret_from_fork_asm+0x11/0x20
00041  </TASK>
00041 ------------[ cut here ]------------
00041 WARNING: /home/ktest/git/linux/include/linux/fs.h:889 at osd_create+0x9cf/0xcf0 [osd_wbcfs], CPU#0: ll_ost00_000/1780
00041 Modules linked in: ofd(O) osp(O) mdd(O) lod(O) mdt(O) lquota(O) lfsck(O) mgs(O) osd_wbcfs(O) lustre(O) obdecho(O) mgc(O) mdc(O) lov(O) osc(O) lmv(O) ec(O) fid(O) fld(O) ptlrpc(O) efivarfs obdclass(O) ksocklnd(O) lnet(O) libcfs(O)
00041 CPU: 0 UID: 0 PID: 1780 Comm: ll_ost00_000 Tainted: G        W  O        7.0.0-ktest-fa4bb62-6330a45-20260727-dirty #1 PREEMPT 
00041 Tainted: [W]=WARN, [O]=OOT_MODULE
00041 Hardware name: QEMU Standard PC (Q35 + ICH9, 2009), BIOS 2025.11-3ubuntu7 03/31/2026
00041 RIP: 0010:osd_create+0x9cf/0xcf0 [osd_wbcfs]
00041 Code: c7 c7 00 96 7b a1 48 c7 c6 a0 12 7d a1 48 c7 c2 00 1c 7d a1 e8 52 f1 43 ff 48 c7 c7 00 96 7b a1 e8 46 81 44 ff e9 fe fc ff ff <0f> 0b e9 a5 fa ff ff 48 c7 c1 80 44 5d a0 80 e1 07 80 c1 03 38 c1
00041 RSP: 0018:ffffc9000474f878 EFLAGS: 00010246
00041 RAX: 0000000000000000 RBX: ffff8881342d0000 RCX: 0000000000000046
00041 RDX: 0000000000000000 RSI: ffff888043e05f08 RDI: ffff88803c1caaa8
00041 RBP: ffff888043e05e78 R08: ffffffff83a16803 R09: 1ffffffff0742d00
00041 R10: dffffc0000000000 R11: fffffbfff0742d01 R12: ffff88802d88f030
00041  ? tgt_request_handle+0x23ad/0x3d30 [ptlrpc]
00041 ---[ end trace 0000000000000000 ]---
00041 R13: dffffc0000000000 R14: 1ffff1102685a000 R15: 1ffff11005b11e42
00041  ? ptlrpc_main+0x6359/0x96f0 [ptlrpc]
00041 FS:  0000000000000000(0000) GS:ffff8881d4a2d000(0000) knlGS:0000000000000000
00041 CS:  0010 DS: 0000 ES: 0000 CR0: 0000000080050033
00041 CR2: 000055c51a563f58 CR3: 0000000135892000 CR4: 0000000000750eb0
00041 PKRU: 55555554
00041 Call Trace:
00041  <TASK>
00041  ? ofd_precreate_objects+0x1bd8/0x3220 [ofd]
00041  ? __kthread_parkme+0x73/0x130
00041  ? ofd_create_hdl+0x2015/0x3510 [ofd]
00041  ? kthread+0x2cd/0x3a0
00041 ------------[ cut here ]------------
00041  ? tgt_request_handle+0x23ad/0x3d30 [ptlrpc]
00041  ? ptlrpc_start_thread+0x1f10/0x1f10 [ptlrpc]
00041 WARNING: /home/ktest/git/linux/include/linux/fs.h:889 at osd_create+0x9cf/0xcf0 [osd_wbcfs], CPU#1: llog_process_th/1822
00041 Modules linked in: ofd(O) osp(O) mdd(O) lod(O) mdt(O)
00041  ? ptlrpc_main+0x6359/0x96f0 [ptlrpc]
00041  lquota(O) lfsck(O) mgs(O) osd_wbcfs(O)
00041  ? kthread_unuse_mm+0x130/0x130
00041  ? __kthread_parkme+0x73/0x130
00041  ? kthread+0x2cd/0x3a0
00041  lustre(O) obdecho(O) mgc(O) mdc(O) lov(O) osc(O) lmv(O) ec(O) fid(O) fld(O) ptlrpc(O) efivarfs obdclass(O)
00041  ? ret_from_fork+0x18c/0x520
00041  ? ptlrpc_start_thread+0x1f10/0x1f10 [ptlrpc]
00041  ksocklnd(O) lnet(O) libcfs(O)
00041 CPU: 1 UID: 0 PID: 1822 Comm: llog_process_th Tainted: G        W  O        7.0.0-ktest-fa4bb62-6330a45-20260727-dirty #1 PREEMPT 
00041  ? kthread_unuse_mm+0x130/0x130
00041 Tainted: [W]=WARN, [O]=OOT_MODULE
00041 Hardware name: QEMU Standard PC (Q35 + ICH9, 2009), BIOS 2025.11-3ubuntu7 03/31/2026
00041  ? kthread_unuse_mm+0x130/0x130
00041  ? ret_from_fork+0x18c/0x520
00041 RIP: 0010:osd_create+0x9cf/0xcf0 [osd_wbcfs]
00041  ? kthread_unuse_mm+0x130/0x130
00041 Code: c7 c7 00 96 7b a1 48 c7 c6 a0 12 7d a1 48 c7 c2 00 1c 7d a1 e8 52 f1 43 ff 48 c7 c7 00 96 7b a1 e8 46 81 44 ff e9 fe fc ff ff <0f> 0b e9 a5 fa ff ff 48 c7 c1 80 44 5d a0 80 e1 07 80 c1 03 38 c1
00041 RSP: 0018:ffffc9000705f5a0 EFLAGS: 00010246
00041 RAX: 0000000000000000 RBX: ffff888134764000 RCX: 0000000000000046
00041 RDX: 0000000000000000 RSI: ffff888043e03478 RDI: ffff888023bf8998
00041 RBP: ffff888043e033e8 R08: ffffffff83a16803 R09: 1ffffffff0742d00
00041 R10: dffffc0000000000 R11: fffffbfff0742d01 R12: ffff888108b92400
00041 R13: dffffc0000000000 R14: 1ffff110268ec800 R15: 1ffff1102117248f
00041 FS:  0000000000000000(0000) GS:ffff8881d4aad000(0000) knlGS:0000000000000000
00041 CS:  0010 DS: 0000 ES: 0000 CR0: 0000000080050033
00041 CR2: 000055c51a52a490 CR3: 00000001019c3000 CR4: 0000000000750eb0
00041 PKRU: 55555554
00041 Call Trace:
00041  <TASK>
00041  ? ret_from_fork_asm+0x11/0x20
00041  ? local_object_create+0x109/0x640 [obdclass]
00041  ? ret_from_fork_asm+0x11/0x20
00041  </TASK>
00041 ---[ end trace 0000000000000000 ]---
00041 ------------[ cut here ]------------
00041  </TASK>
00041  ? dt_write_lock+0x16d/0x2a0 [obdclass]
00041 WARNING: /home/ktest/git/linux/include/linux/fs.h:889 at osd_create+0x9cf/0xcf0 [osd_wbcfs], CPU#0: ll_ost00_000/1780
00041  ? llog_osd_create+0x356/0x10d0 [obdclass]
00041 ---[ end trace 0000000000000000 ]---
00041  ? llog_create+0x2ed/0x530 [obdclass]
00041 Modules linked in: ofd(O) osp(O) mdd(O) lod(O) mdt(O) lquota(O) lfsck(O) mgs(O) osd_wbcfs(O) lustre(O) obdecho(O) mgc(O) mdc(O) lov(O)
00041  ? llog_open_create+0x6e7/0xb30 [obdclass]
00041 ------------[ cut here ]------------
00041 WARNING: /home/ktest/git/linux/include/linux/fs.h:889 at osd_create+0x9cf/0xcf0 [osd_wbcfs], CPU#2: ll_ost00_002/1782
00041 Modules linked in: ofd(O)
00041  osc(O)
00041  osp(O) mdd(O) lod(O) mdt(O) lquota(O) lfsck(O) mgs(O) osd_wbcfs(O) lustre(O) obdecho(O) mgc(O) mdc(O) lov(O) osc(O) lmv(O) ec(O) fid(O) fld(O) ptlrpc(O) efivarfs obdclass(O) ksocklnd(O) lnet(O) libcfs(O)
00041 CPU: 2 UID: 0 PID: 1782 Comm: ll_ost00_002 Tainted: G        W  O        7.0.0-ktest-fa4bb62-6330a45-20260727-dirty #1 PREEMPT 
00041 Tainted: [W]=WARN, [O]=OOT_MODULE
00041 Hardware name: QEMU Standard PC (Q35 + ICH9, 2009), BIOS 2025.11-3ubuntu7 03/31/2026
00041 RIP: 0010:osd_create+0x9cf/0xcf0 [osd_wbcfs]
00041 Code: c7 c7 00 96 7b a1 48 c7 c6 a0 12 7d a1 48 c7 c2 00 1c 7d a1 e8 52 f1 43 ff 48 c7 c7 00 96 7b a1 e8 46 81 44 ff e9 fe fc ff ff <0f> 0b e9 a5 fa ff ff 48 c7 c1 80 44 5d a0 80 e1 07 80 c1 03 38 c1
00041 RSP: 0018:ffffc900046ef878 EFLAGS: 00010246
00041 RAX: 0000000000000000 RBX: ffff8881340bd400 RCX: 0000000000000046
00041 RDX: 0000000000000000 RSI: ffff888027e450d8 RDI: ffff88803c17cb68
00041 RBP: ffff888027e45048 R08: ffffffff83a16803 R09: 1ffffffff0742d00
00041 R10: dffffc0000000000 R11: fffffbfff0742d01 R12: ffff88803cd8b030
00041 R13: dffffc0000000000 R14: 1ffff11026817a80 R15: 1ffff110079b1642
00041 FS:  0000000000000000(0000) GS:ffff8881d4b2d000(0000) knlGS:0000000000000000
00041  ? osp_sync_init+0xfc0/0x2760 [osp]
00041  ? osp_device_alloc+0x1b91/0x2e10 [osp]
00041  ? obd_setup+0x25c/0x950 [obdclass]
00041  ? class_setup+0xc7d/0x10e0 [obdclass]
00041  lmv(O) ec(O) fid(O) fld(O) ptlrpc(O) efivarfs obdclass(O) ksocklnd(O) lnet(O) libcfs(O)
00041 CPU: 0 UID: 0 PID: 1780 Comm: ll_ost00_000 Tainted: G        W  O        7.0.0-ktest-fa4bb62-6330a45-20260727-dirty #1 PREEMPT 
00041 Tainted: [W]=WARN, [O]=OOT_MODULE
00041 Hardware name: QEMU Standard PC (Q35 + ICH9, 2009), BIOS 2025.11-3ubuntu7 03/31/2026
00041 RIP: 0010:osd_create+0x9cf/0xcf0 [osd_wbcfs]
00041 Code: c7 c7 00 96 7b a1 48 c7 c6 a0 12 7d a1 48 c7 c2 00 1c 7d a1 e8 52 f1 43 ff 48 c7 c7 00 96 7b a1 e8 46 81 44 ff e9 fe fc ff ff <0f> 0b e9 a5 fa ff ff 48 c7 c1 80 44 5d a0 80 e1 07 80 c1 03 38 c1
00041 RSP: 0018:ffffc9000474f878 EFLAGS: 00010246
00041 RAX: 0000000000000000 RBX: ffff88811b96d000 RCX: 0000000000000046
00041 RDX: 0000000000000000 RSI: ffff888043e057f0 RDI: ffff88803c1caaa8
00041 RBP: ffff888043e05760 R08: ffffffff83a16803 R09: 1ffffffff0742d00
00041 R10: dffffc0000000000 R11: fffffbfff0742d01 R12: ffff88802d88f030
00041 R13: dffffc0000000000 R14: 1ffff1102372da00 R15: 1ffff11005b11e42
00041 FS:  0000000000000000(0000) GS:ffff8881d4a2d000(0000) knlGS:0000000000000000
00041 CS:  0010 DS: 0000 ES: 0000 CR0: 0000000080050033
00041 CR2: 000055c51a563f58 CR3: 0000000135892000 CR4: 0000000000750eb0
00041 PKRU: 55555554
00041 Call Trace:
00041  <TASK>
00041  ? ofd_precreate_objects+0x1bd8/0x3220 [ofd]
00041  ? ofd_create_hdl+0x2015/0x3510 [ofd]
00041  ? tgt_request_handle+0x23ad/0x3d30 [ptlrpc]
00041 CS:  0010 DS: 0000 ES: 0000 CR0: 0000000080050033
00041  ? class_process_config+0x2edb/0x7cb0 [obdclass]
00041  ? __kasan_kmalloc+0x72/0x80
00041 CR2: 000055c51a3f5110 CR3: 000000001914c000 CR4: 0000000000750eb0
00041  ? class_config_llog_handler+0x2954/0x4f80 [obdclass]
00041  ? ptlrpc_main+0x6359/0x96f0 [ptlrpc]
00041  ? __kthread_parkme+0x73/0x130
00041  ? kthread+0x2cd/0x3a0
00041 PKRU: 55555554
00041  ? ptlrpc_start_thread+0x1f10/0x1f10 [ptlrpc]
00041  ? class_config_llog_handler+0x2cea/0x4f80 [obdclass]
00041 Call Trace:
00041  ? lustre_cfg_rec_free+0x350/0x350 [obdclass]
00041  ? kthread_unuse_mm+0x130/0x130
00041  ? ret_from_fork+0x18c/0x520
00041  ? kthread_unuse_mm+0x130/0x130
00041  ? ret_from_fork_asm+0x11/0x20
00041  ? llog_process_thread+0x1fd2/0x4f70 [obdclass]
00041  <TASK>
00041  ? _raw_spin_unlock+0x23/0x40
00041  </TASK>
00041 ---[ end trace 0000000000000000 ]---
00041  ? llog_process_thread_daemonize+0x16d/0x1b0 [obdclass]
00041 ------------[ cut here ]------------
00041  ? ofd_precreate_objects+0x1bd8/0x3220 [ofd]
00041  ? ofd_create_hdl+0x2015/0x3510 [ofd]
00041 WARNING: /home/ktest/git/linux/include/linux/fs.h:889 at osd_create+0x9cf/0xcf0 [osd_wbcfs], CPU#0: ll_ost00_000/1780
00041 Modules linked in: ofd(O) osp(O) mdd(O) lod(O) mdt(O) lquota(O) lfsck(O) mgs(O) osd_wbcfs(O) lustre(O) obdecho(O) mgc(O) mdc(O) lov(O) osc(O) lmv(O) ec(O) fid(O) fld(O) ptlrpc(O) efivarfs obdclass(O) ksocklnd(O) lnet(O) libcfs(O)
00041 CPU: 0 UID: 0 PID: 1780 Comm: ll_ost00_000 Tainted: G        W  O        7.0.0-ktest-fa4bb62-6330a45-20260727-dirty #1 PREEMPT 
00041 Tainted: [W]=WARN, [O]=OOT_MODULE
00041 Hardware name: QEMU Standard PC (Q35 + ICH9, 2009), BIOS 2025.11-3ubuntu7 03/31/2026
00041 RIP: 0010:osd_create+0x9cf/0xcf0 [osd_wbcfs]
00041 Code: c7 c7 00 96 7b a1 48 c7 c6 a0 12 7d a1 48 c7 c2 00 1c 7d a1 e8 52 f1 43 ff 48 c7 c7 00 96 7b a1 e8 46 81 44 ff e9 fe fc ff ff <0f> 0b e9 a5 fa ff ff 48 c7 c1 80 44 5d a0 80 e1 07 80 c1 03 38 c1
00041 RSP: 0018:ffffc9000474f878 EFLAGS: 00010246
00041 RAX: 0000000000000000 RBX: ffff88811b96d400 RCX: 0000000000000046
00041 RDX: 0000000000000000 RSI: ffff88803c5350d8 RDI: ffff88803c1caaa8
00041 RBP: ffff88803c535048 R08: ffffffff83a16803 R09: 1ffffffff0742d00
00041 R10: dffffc0000000000 R11: fffffbfff0742d01 R12: ffff88802d88f030
00041 R13: dffffc0000000000 R14: 1ffff1102372da80 R15: 1ffff11005b11e42
00041 FS:  0000000000000000(0000) GS:ffff8881d4a2d000(0000) knlGS:0000000000000000
00041 CS:  0010 DS: 0000 ES: 0000 CR0: 0000000080050033
00041 CR2: 000055c51a563f58 CR3: 0000000135892000 CR4: 0000000000750eb0
00041 PKRU: 55555554
00041 Call Trace:
00041  <TASK>
00041  ? ofd_precreate_objects+0x1bd8/0x3220 [ofd]
00041  ? kthread+0x2cd/0x3a0
00041  ? llog_process_or_fork+0xc90/0xc90 [obdclass]
00041  ? kthread_unuse_mm+0x130/0x130
00041  ? ofd_create_hdl+0x2015/0x3510 [ofd]
00041  ? tgt_request_handle+0x23ad/0x3d30 [ptlrpc]
00041  ? ret_from_fork+0x18c/0x520
00041  ? kthread_unuse_mm+0x130/0x130
00041  ? ret_from_fork_asm+0x11/0x20
00041  </TASK>
00041  ? tgt_request_handle+0x23ad/0x3d30 [ptlrpc]
00041 ---[ end trace 0000000000000000 ]---
00041  ? ptlrpc_main+0x6359/0x96f0 [ptlrpc]
00041  ? ptlrpc_main+0x6359/0x96f0 [ptlrpc]
00041  ? __kthread_parkme+0x73/0x130
00041  ? __kthread_parkme+0x73/0x130
00041  ? kthread+0x2cd/0x3a0
00041  ? kthread+0x2cd/0x3a0
00041 ------------[ cut here ]------------
00041 ------------[ cut here ]------------
00041 WARNING: /home/ktest/git/linux/include/linux/fs.h:889 at osd_create+0x9cf/0xcf0 [osd_wbcfs], CPU#1: llog_process_th/1822
00041 Modules linked in: ofd(O) osp(O) mdd(O) lod(O) mdt(O) lquota(O) lfsck(O) mgs(O) osd_wbcfs(O) lustre(O) obdecho(O) mgc(O) mdc(O)
00041  ? ptlrpc_start_thread+0x1f10/0x1f10 [ptlrpc]
00041 WARNING: /home/ktest/git/linux/include/linux/fs.h:889 at osd_create+0x9cf/0xcf0 [osd_wbcfs], CPU#3: mdt_out00_000/1733
00041  ? ptlrpc_start_thread+0x1f10/0x1f10 [ptlrpc]
00041  ? kthread_unuse_mm+0x130/0x130
00041  ? ret_from_fork+0x18c/0x520
00041  ? kthread_unuse_mm+0x130/0x130
00041  ? ret_from_fork_asm+0x11/0x20
00041  </TASK>
00041 ---[ end trace 0000000000000000 ]---
00041  lov(O)
00041 ------------[ cut here ]------------
00041 WARNING: /home/ktest/git/linux/include/linux/fs.h:889 at osd_create+0x9cf/0xcf0 [osd_wbcfs], CPU#0: ll_ost00_000/1780
00041 Modules linked in: ofd(O) osp(O) mdd(O) lod(O) mdt(O) lquota(O) lfsck(O) mgs(O) osd_wbcfs(O) lustre(O) obdecho(O) mgc(O) mdc(O) lov(O) osc(O) lmv(O) ec(O) fid(O) fld(O) ptlrpc(O) efivarfs obdclass(O) ksocklnd(O) lnet(O) libcfs(O)
00041 CPU: 0 UID: 0 PID: 1780 Comm: ll_ost00_000 Tainted: G        W  O        7.0.0-ktest-fa4bb62-6330a45-20260727-dirty #1 PREEMPT 
00041 Modules linked in:
00041 Tainted: [W]=WARN, [O]=OOT_MODULE
00041 Hardware name: QEMU Standard PC (Q35 + ICH9, 2009), BIOS 2025.11-3ubuntu7 03/31/2026
00041 RIP: 0010:osd_create+0x9cf/0xcf0 [osd_wbcfs]
00041 Code: c7 c7 00 96 7b a1 48 c7 c6 a0 12 7d a1 48 c7 c2 00 1c 7d a1 e8 52 f1 43 ff 48 c7 c7 00 96 7b a1 e8 46 81 44 ff e9 fe fc ff ff <0f> 0b e9 a5 fa ff ff 48 c7 c1 80 44 5d a0 80 e1 07 80 c1 03 38 c1
00041 RSP: 0018:ffffc9000474f878 EFLAGS: 00010246
00041 RAX: 0000000000000000 RBX: ffff88811b96f800 RCX: 0000000000000046
00041 RDX: 0000000000000000 RSI: ffff88803c5349c0 RDI: ffff88803c1caaa8
00041 RBP: ffff88803c534930 R08: ffffffff83a16803 R09: 1ffffffff0742d00
00041 R10: dffffc0000000000 R11: fffffbfff0742d01 R12: ffff88802d88f030
00041 R13: dffffc0000000000 R14: 1ffff1102372df00 R15: 1ffff11005b11e42
00041 FS:  0000000000000000(0000) GS:ffff8881d4a2d000(0000) knlGS:0000000000000000
00041 CS:  0010 DS: 0000 ES: 0000 CR0: 0000000080050033
00041 CR2: 000055c51a563f58 CR3: 0000000135892000 CR4: 0000000000750eb0
00041 PKRU: 55555554
00041 Call Trace:
00041  <TASK>
00041  ? ofd_precreate_objects+0x1bd8/0x3220 [ofd]
00041  ? kthread_unuse_mm+0x130/0x130
00041  osc(O)
00041  ? ret_from_fork+0x18c/0x520
00041  ? kthread_unuse_mm+0x130/0x130
00041  ? ofd_create_hdl+0x2015/0x3510 [ofd]
00041  ? ret_from_fork_asm+0x11/0x20
00041  </TASK>
00041 ---[ end trace 0000000000000000 ]---
00041  ofd(O)
00041 ------------[ cut here ]------------
00041  lmv(O)
00041 WARNING: /home/ktest/git/linux/include/linux/fs.h:889 at osd_create+0x9cf/0xcf0 [osd_wbcfs], CPU#2: ll_ost00_002/1782
00041 Modules linked in: ofd(O) osp(O) mdd(O) lod(O) mdt(O) lquota(O) lfsck(O)
00041  ? tgt_request_handle+0x23ad/0x3d30 [ptlrpc]
00041  mgs(O) osd_wbcfs(O) lustre(O) obdecho(O) mgc(O) mdc(O) lov(O) osc(O) lmv(O) ec(O) fid(O) fld(O) ptlrpc(O) efivarfs obdclass(O) ksocklnd(O) lnet(O) libcfs(O)
00041 CPU: 2 UID: 0 PID: 1782 Comm: ll_ost00_002 Tainted: G        W  O        7.0.0-ktest-fa4bb62-6330a45-20260727-dirty #1 PREEMPT 
00041 Tainted: [W]=WARN, [O]=OOT_MODULE
00041 Hardware name: QEMU Standard PC (Q35 + ICH9, 2009), BIOS 2025.11-3ubuntu7 03/31/2026
00041 RIP: 0010:osd_create+0x9cf/0xcf0 [osd_wbcfs]
00041  osp(O)
00041 Code: c7 c7 00 96 7b a1 48 c7 c6 a0 12 7d a1 48 c7 c2 00 1c 7d a1 e8 52 f1 43 ff 48 c7 c7 00 96 7b a1 e8 46 81 44 ff e9 fe fc ff ff <0f> 0b e9 a5 fa ff ff 48 c7 c1 80 44 5d a0 80 e1 07 80 c1 03 38 c1
00041 RSP: 0018:ffffc900046ef878 EFLAGS: 00010246
00041 RAX: 0000000000000000 RBX: ffff8881340bd000 RCX: 0000000000000046
00041 RDX: 0000000000000000 RSI: ffff888027e449c0 RDI: ffff88803c17cb68
00041 RBP: ffff888027e44930 R08: ffffffff83a16803 R09: 1ffffffff0742d00
00041 R10: dffffc0000000000 R11: fffffbfff0742d01 R12: ffff88803cd8b030
00041 R13: dffffc0000000000 R14: 1ffff11026817a00 R15: 1ffff110079b1642
00041 FS:  0000000000000000(0000) GS:ffff8881d4b2d000(0000) knlGS:0000000000000000
00041 CS:  0010 DS: 0000 ES: 0000 CR0: 0000000080050033
00041 CR2: 000055c51a3f5110 CR3: 000000001914c000 CR4: 0000000000750eb0
00041 PKRU: 55555554
00041 Call Trace:
00041  <TASK>
00041  ec(O)
00041  ? ofd_precreate_objects+0x1bd8/0x3220 [ofd]
00041  mdd(O)
00041  ? ofd_create_hdl+0x2015/0x3510 [ofd]
00041  fid(O)
00041  ? ptlrpc_main+0x6359/0x96f0 [ptlrpc]
00041  lod(O)
00041  ? tgt_request_handle+0x23ad/0x3d30 [ptlrpc]
00041  ? __kthread_parkme+0x73/0x130
00041  ? kthread+0x2cd/0x3a0
00041  fld(O)
00041  mdt(O)
00041  ? ptlrpc_start_thread+0x1f10/0x1f10 [ptlrpc]
00041  ptlrpc(O)
00041  lquota(O)
00041  ? kthread_unuse_mm+0x130/0x130
00041  ? ptlrpc_main+0x6359/0x96f0 [ptlrpc]
00041  ? ret_from_fork+0x18c/0x520
00041  ? kthread_unuse_mm+0x130/0x130
00041  ? ret_from_fork_asm+0x11/0x20
00041  </TASK>
00041 ---[ end trace 0000000000000000 ]---
00041 ------------[ cut here ]------------
00041 WARNING: /home/ktest/git/linux/include/linux/fs.h:889 at osd_create+0x9cf/0xcf0 [osd_wbcfs], CPU#0: ll_ost00_000/1780
00041 Modules linked in: ofd(O) osp(O) mdd(O) lod(O) mdt(O) lquota(O) lfsck(O) mgs(O) osd_wbcfs(O) lustre(O) obdecho(O) mgc(O)
00041  efivarfs
00041  mdc(O)
00041  obdclass(O) ksocklnd(O) lnet(O) libcfs(O)
00041 CPU: 1 UID: 0 PID: 1822 Comm: llog_process_th Tainted: G        W  O        7.0.0-ktest-fa4bb62-6330a45-20260727-dirty #1 PREEMPT 
00041 Tainted: [W]=WARN, [O]=OOT_MODULE
00041 Hardware name: QEMU Standard PC (Q35 + ICH9, 2009), BIOS 2025.11-3ubuntu7 03/31/2026
00041 RIP: 0010:osd_create+0x9cf/0xcf0 [osd_wbcfs]
00041 Code: c7 c7 00 96 7b a1 48 c7 c6 a0 12 7d a1 48 c7 c2 00 1c 7d a1 e8 52 f1 43 ff 48 c7 c7 00 96 7b a1 e8 46 81 44 ff e9 fe fc ff ff <0f> 0b e9 a5 fa ff ff 48 c7 c1 80 44 5d a0 80 e1 07 80 c1 03 38 c1
00041 RSP: 0018:ffffc9000705f450 EFLAGS: 00010246
00041 RAX: 0000000000000000 RBX: ffff88811a16a000 RCX: 0000000000000046
00041 RDX: 0000000000000000 RSI: ffff888043e02d60 RDI: ffff888023bf89c0
00041 RBP: ffff888043e02cd0 R08: ffffffff83a16803 R09: 1ffffffff0742d00
00041 R10: dffffc0000000000 R11: fffffbfff0742d01 R12: ffff888108b92400
00041 R13: dffffc0000000000 R14: 1ffff1102342d400 R15: 1ffff1102117248f
00041 FS:  0000000000000000(0000) GS:ffff8881d4aad000(0000) knlGS:0000000000000000
00041  lfsck(O)
00041 CS:  0010 DS: 0000 ES: 0000 CR0: 0000000080050033
00041 CR2: 000055c51a52a490 CR3: 00000001019c3000 CR4: 0000000000750eb0
00041 PKRU: 55555554
00041 Call Trace:
00041  <TASK>
00041  lov(O)
00041  ? __kthread_parkme+0x73/0x130
00041  ? kthread+0x2cd/0x3a0
00041  ? local_object_create+0x109/0x640 [obdclass]
00041  mgs(O)
00041  osc(O)
00041  ? ptlrpc_start_thread+0x1f10/0x1f10 [ptlrpc]
00041  osd_wbcfs(O)
00041  ? dt_write_lock+0x16d/0x2a0 [obdclass]
00041  lmv(O)
00041  ? kthread_unuse_mm+0x130/0x130
00041  ? llog_osd_create+0x356/0x10d0 [obdclass]
00041  ? ret_from_fork+0x18c/0x520
00041  ? kthread_unuse_mm+0x130/0x130
00041  ? ret_from_fork_asm+0x11/0x20
00041  lustre(O)
00041  </TASK>
00041 ---[ end trace 0000000000000000 ]---
00041  ec(O)
00041 ------------[ cut here ]------------
00041 WARNING: /home/ktest/git/linux/include/linux/fs.h:889 at osd_create+0x9cf/0xcf0 [osd_wbcfs], CPU#2: ll_ost00_002/1782
00041 Modules linked in: ofd(O)
00041  ? llog_create+0x2ed/0x530 [obdclass]
00041  osp(O) mdd(O) lod(O) mdt(O) lquota(O) lfsck(O) mgs(O) osd_wbcfs(O) lustre(O) obdecho(O) mgc(O) mdc(O) lov(O) osc(O) lmv(O) ec(O) fid(O) fld(O) ptlrpc(O) efivarfs obdclass(O) ksocklnd(O)
00041  obdecho(O)
00041  lnet(O) libcfs(O)
00041 CPU: 2 UID: 0 PID: 1782 Comm: ll_ost00_002 Tainted: G        W  O        7.0.0-ktest-fa4bb62-6330a45-20260727-dirty #1 PREEMPT 
00041 Tainted: [W]=WARN, [O]=OOT_MODULE
00041 Hardware name: QEMU Standard PC (Q35 + ICH9, 2009), BIOS 2025.11-3ubuntu7 03/31/2026
00041 RIP: 0010:osd_create+0x9cf/0xcf0 [osd_wbcfs]
00041 Code: c7 c7 00 96 7b a1 48 c7 c6 a0 12 7d a1 48 c7 c2 00 1c 7d a1 e8 52 f1 43 ff 48 c7 c7 00 96 7b a1 e8 46 81 44 ff e9 fe fc ff ff <0f> 0b e9 a5 fa ff ff 48 c7 c1 80 44 5d a0 80 e1 07 80 c1 03 38 c1
00041 RSP: 0018:ffffc900046ef878 EFLAGS: 00010246
00041 RAX: 0000000000000000 RBX: ffff88813670a000 RCX: 0000000000000046
00041 RDX: 0000000000000000 RSI: ffff888027e442a8 RDI: ffff88803c17cb68
00041 RBP: ffff888027e44218 R08: ffffffff83a16803 R09: 1ffffffff0742d00
00041 R10: dffffc0000000000 R11: fffffbfff0742d01 R12: ffff88803cd8b030
00041 R13: dffffc0000000000 R14: 1ffff11026ce1400 R15: 1ffff110079b1642
00041 FS:  0000000000000000(0000) GS:ffff8881d4b2d000(0000) knlGS:0000000000000000
00041 CS:  0010 DS: 0000 ES: 0000 CR0: 0000000080050033
00041 CR2: 000055c51a3f5110 CR3: 000000001914c000 CR4: 0000000000750eb0
00041  fid(O)
00041 PKRU: 55555554
00041 Call Trace:
00041  <TASK>
00041  ? llog_cat_new_log+0x6d1/0x2970 [obdclass]
00041  ? ofd_precreate_objects+0x1bd8/0x3220 [ofd]
00041  mgc(O)
00041  ? ofd_create_hdl+0x2015/0x3510 [ofd]
00041  fld(O)
00041  ? llog_cat_add_rec+0x6ba/0x1960 [obdclass]
00041  mdc(O)
00041  ? tgt_request_handle+0x23ad/0x3d30 [ptlrpc]
00041  ptlrpc(O)
00041  ? llog_cat_add+0x499/0x7a0 [obdclass]
00041  lov(O)
00041  ? osp_sync_init+0x1588/0x2760 [osp]
00041  ? osp_device_alloc+0x1b91/0x2e10 [osp]
00041  efivarfs
00041  ? obd_setup+0x25c/0x950 [obdclass]
00041  osc(O)
00041  obdclass(O)
00041  ? ptlrpc_main+0x6359/0x96f0 [ptlrpc]
00041  ? class_setup+0xc7d/0x10e0 [obdclass]
00041  lmv(O)
00041  ksocklnd(O)
00041  ec(O)
00041  ? __kthread_parkme+0x73/0x130
00041  ? class_process_config+0x2edb/0x7cb0 [obdclass]
00041  ? kthread+0x2cd/0x3a0
00041  lnet(O)
00041  ? __kasan_kmalloc+0x72/0x80
00041  ? ptlrpc_start_thread+0x1f10/0x1f10 [ptlrpc]
00041  ? class_config_llog_handler+0x2954/0x4f80 [obdclass]
00041  fid(O)
00041  ? class_config_llog_handler+0x2cea/0x4f80 [obdclass]
00041  ? kthread_unuse_mm+0x130/0x130
00041  ? ret_from_fork+0x18c/0x520
00041  ? kthread_unuse_mm+0x130/0x130
00041  ? ret_from_fork_asm+0x11/0x20
00041  </TASK>
00041 ---[ end trace 0000000000000000 ]---
00041  libcfs(O)
00041 ------------[ cut here ]------------
00041  ? lustre_cfg_rec_free+0x350/0x350 [obdclass]
00041 WARNING: /home/ktest/git/linux/include/linux/fs.h:889 at osd_create+0x9cf/0xcf0 [osd_wbcfs], CPU#2: ll_ost00_002/1782
00041 Modules linked in: ofd(O) osp(O) mdd(O) lod(O) mdt(O) lquota(O) lfsck(O) mgs(O) osd_wbcfs(O) lustre(O) obdecho(O) mgc(O) mdc(O) lov(O) osc(O) lmv(O) ec(O) fid(O) fld(O) ptlrpc(O) efivarfs obdclass(O) ksocklnd(O) lnet(O) libcfs(O)
00041 CPU: 2 UID: 0 PID: 1782 Comm: ll_ost00_002 Tainted: G        W  O        7.0.0-ktest-fa4bb62-6330a45-20260727-dirty #1 PREEMPT 
00041 Tainted: [W]=WARN, [O]=OOT_MODULE
00041 Hardware name: QEMU Standard PC (Q35 + ICH9, 2009), BIOS 2025.11-3ubuntu7 03/31/2026
00041 RIP: 0010:osd_create+0x9cf/0xcf0 [osd_wbcfs]
00041 Code: c7 c7 00 96 7b a1 48 c7 c6 a0 12 7d a1 48 c7 c2 00 1c 7d a1 e8 52 f1 43 ff 48 c7 c7 00 96 7b a1 e8 46 81 44 ff e9 fe fc ff ff <0f> 0b e9 a5 fa ff ff 48 c7 c1 80 44 5d a0 80 e1 07 80 c1 03 38 c1
00041 RSP: 0018:ffffc900046ef878 EFLAGS: 00010246
00041 RAX: 0000000000000000 RBX: ffff888136709c00 RCX: 0000000000000046
00041  ? llog_process_thread+0x1fd2/0x4f70 [obdclass]
00041 RDX: 0000000000000000 RSI: ffff888027e43b90 RDI: ffff88803c17cb68
00041 RBP: ffff888027e43b00 R08: ffffffff83a16803 R09: 1ffffffff0742d00
00041 R10: dffffc0000000000 R11: fffffbfff0742d01 R12: ffff88803cd8b030
00041 R13: dffffc0000000000 R14: 1ffff11026ce1380 R15: 1ffff110079b1642
00041 FS:  0000000000000000(0000) GS:ffff8881d4b2d000(0000) knlGS:0000000000000000
00041 CS:  0010 DS: 0000 ES: 0000 CR0: 0000000080050033
00041 CR2: 000055c51a3f5110 CR3: 000000001914c000 CR4: 0000000000750eb0
00041 PKRU: 55555554
00041 Call Trace:
00041  <TASK>
00041  fld(O)
00041  ? ofd_precreate_objects+0x1bd8/0x3220 [ofd]
00041  ? _raw_spin_unlock+0x23/0x40
00041  ? ofd_create_hdl+0x2015/0x3510 [ofd]
00041  ? llog_process_thread_daemonize+0x16d/0x1b0 [obdclass]
00041  ? kthread+0x2cd/0x3a0
00041  ? llog_process_or_fork+0xc90/0xc90 [obdclass]
00041 
00041  ? tgt_request_handle+0x23ad/0x3d30 [ptlrpc]
00041  ? kthread_unuse_mm+0x130/0x130
00041  ? ret_from_fork+0x18c/0x520
00041  ? kthread_unuse_mm+0x130/0x130
00041  ? ret_from_fork_asm+0x11/0x20
00041  </TASK>
00041 ---[ end trace 0000000000000000 ]---
00041  ptlrpc(O)
00041 CPU: 0 UID: 0 PID: 1780 Comm: ll_ost00_000 Tainted: G        W  O        7.0.0-ktest-fa4bb62-6330a45-20260727-dirty #1 PREEMPT 
00041  ? ptlrpc_main+0x6359/0x96f0 [ptlrpc]
00041  efivarfs
00041 Tainted: [W]=WARN, [O]=OOT_MODULE
00041  ? __kthread_parkme+0x73/0x130
00041  ? kthread+0x2cd/0x3a0
00041  ? ptlrpc_start_thread+0x1f10/0x1f10 [ptlrpc]
00041  obdclass(O)
00041 Hardware name: QEMU Standard PC (Q35 + ICH9, 2009), BIOS 2025.11-3ubuntu7 03/31/2026
00041 RIP: 0010:osd_create+0x9cf/0xcf0 [osd_wbcfs]
00041  ? kthread_unuse_mm+0x130/0x130
00041  ? ret_from_fork+0x18c/0x520
00041  ksocklnd(O)
00041  ? kthread_unuse_mm+0x130/0x130
00041  ? ret_from_fork_asm+0x11/0x20
00041  </TASK>
00041 ---[ end trace 0000000000000000 ]---
00041 ------------[ cut here ]------------
00041 WARNING: /home/ktest/git/linux/include/linux/fs.h:889 at osd_create+0x9cf/0xcf0 [osd_wbcfs], CPU#2: ll_ost00_002/1782
00041 Modules linked in: ofd(O) osp(O) mdd(O) lod(O) mdt(O) lquota(O) lfsck(O) mgs(O) osd_wbcfs(O) lustre(O) obdecho(O) mgc(O) mdc(O) lov(O) osc(O) lmv(O) ec(O) fid(O) fld(O) ptlrpc(O) efivarfs obdclass(O) ksocklnd(O) lnet(O) libcfs(O)
00041 CPU: 2 UID: 0 PID: 1782 Comm: ll_ost00_002 Tainted: G        W  O        7.0.0-ktest-fa4bb62-6330a45-20260727-dirty #1 PREEMPT 
00041 Tainted: [W]=WARN, [O]=OOT_MODULE
00041 Hardware name: QEMU Standard PC (Q35 + ICH9, 2009), BIOS 2025.11-3ubuntu7 03/31/2026
00041 RIP: 0010:osd_create+0x9cf/0xcf0 [osd_wbcfs]
00041 Code: c7 c7 00 96 7b a1 48 c7 c6 a0 12 7d a1 48 c7 c2 00 1c 7d a1 e8 52 f1 43 ff 48 c7 c7 00 96 7b a1 e8 46 81 44 ff e9 fe fc ff ff <0f> 0b e9 a5 fa ff ff 48 c7 c1 80 44 5d a0 80 e1 07 80 c1 03 38 c1
00041 RSP: 0018:ffffc900046ef878 EFLAGS: 00010246
00041 RAX: 0000000000000000 RBX: ffff888136709000 RCX: 0000000000000046
00041 RDX: 0000000000000000 RSI: ffff888027e43478 RDI: ffff88803c17cb68
00041 RBP: ffff888027e433e8 R08: ffffffff83a16803 R09: 1ffffffff0742d00
00041 R10: dffffc0000000000 R11: fffffbfff0742d01 R12: ffff88803cd8b030
00041 R13: dffffc0000000000 R14: 1ffff11026ce1200 R15: 1ffff110079b1642
00041 FS:  0000000000000000(0000) GS:ffff8881d4b2d000(0000) knlGS:0000000000000000
00041 Code: c7 c7 00 96 7b a1 48 c7 c6 a0 12 7d a1 48 c7 c2 00 1c 7d a1 e8 52 f1 43 ff 48 c7 c7 00 96 7b a1 e8 46 81 44 ff e9 fe fc ff ff <0f> 0b e9 a5 fa ff ff 48 c7 c1 80 44 5d a0 80 e1 07 80 c1 03 38 c1
00041 CS:  0010 DS: 0000 ES: 0000 CR0: 0000000080050033
00041 CR2: 000055c51a3f5110 CR3: 000000001914c000 CR4: 0000000000750eb0
00041 PKRU: 55555554
00041 Call Trace:
00041  <TASK>
00041  ? ofd_precreate_objects+0x1bd8/0x3220 [ofd]
00041  lnet(O)
00041  ? ofd_create_hdl+0x2015/0x3510 [ofd]
00041 RSP: 0018:ffffc9000474f878 EFLAGS: 00010246
00041  ? tgt_request_handle+0x23ad/0x3d30 [ptlrpc]
00041  libcfs(O)
00041  ? ptlrpc_main+0x6359/0x96f0 [ptlrpc]
00041 
00041 
00041  ? __kthread_parkme+0x73/0x130
00041  ? kthread+0x2cd/0x3a0
00041 RAX: 0000000000000000 RBX: ffff8881342ef000 RCX: 0000000000000046
00041  ? ptlrpc_start_thread+0x1f10/0x1f10 [ptlrpc]
00041 CPU: 3 UID: 0 PID: 1733 Comm: mdt_out00_000 Tainted: G        W  O        7.0.0-ktest-fa4bb62-6330a45-20260727-dirty #1 PREEMPT 
00041  ? kthread_unuse_mm+0x130/0x130
00041  ? ret_from_fork+0x18c/0x520
00041  ? kthread_unuse_mm+0x130/0x130
00041  ? ret_from_fork_asm+0x11/0x20
00041  </TASK>
00041 ---[ end trace 0000000000000000 ]---
00041 RDX: 0000000000000000 RSI: ffff88803c5342a8 RDI: ffff88803c1caaa8
00041 ------------[ cut here ]------------
00041 WARNING: /home/ktest/git/linux/include/linux/fs.h:889 at osd_create+0x9cf/0xcf0 [osd_wbcfs], CPU#2: ll_ost00_002/1782
00041 Modules linked in: ofd(O) osp(O) mdd(O) lod(O) mdt(O) lquota(O) lfsck(O) mgs(O) osd_wbcfs(O) lustre(O) obdecho(O) mgc(O) mdc(O) lov(O) osc(O) lmv(O) ec(O) fid(O) fld(O) ptlrpc(O) efivarfs obdclass(O) ksocklnd(O) lnet(O) libcfs(O)
00041 CPU: 2 UID: 0 PID: 1782 Comm: ll_ost00_002 Tainted: G        W  O        7.0.0-ktest-fa4bb62-6330a45-20260727-dirty #1 PREEMPT 
00041 Tainted: [W]=WARN, [O]=OOT_MODULE
00041 Hardware name: QEMU Standard PC (Q35 + ICH9, 2009), BIOS 2025.11-3ubuntu7 03/31/2026
00041 Tainted: [W]=WARN, [O]=OOT_MODULE
00041 RIP: 0010:osd_create+0x9cf/0xcf0 [osd_wbcfs]
00041 Code: c7 c7 00 96 7b a1 48 c7 c6 a0 12 7d a1 48 c7 c2 00 1c 7d a1 e8 52 f1 43 ff 48 c7 c7 00 96 7b a1 e8 46 81 44 ff e9 fe fc ff ff <0f> 0b e9 a5 fa ff ff 48 c7 c1 80 44 5d a0 80 e1 07 80 c1 03 38 c1
00041 RSP: 0018:ffffc900046ef878 EFLAGS: 00010246
00041 RAX: 0000000000000000 RBX: ffff8881340d8800 RCX: 0000000000000046
00041 RDX: 0000000000000000 RSI: ffff888027e42d60 RDI: ffff88803c17cb68
00041 RBP: ffff888027e42cd0 R08: ffffffff83a16803 R09: 1ffffffff0742d00
00041 R10: dffffc0000000000 R11: fffffbfff0742d01 R12: ffff88803cd8b030
00041 R13: dffffc0000000000 R14: 1ffff1102681b100 R15: 1ffff110079b1642
00041 FS:  0000000000000000(0000) GS:ffff8881d4b2d000(0000) knlGS:0000000000000000
00041 CS:  0010 DS: 0000 ES: 0000 CR0: 0000000080050033
00041 CR2: 000055c51a3f5110 CR3: 000000001914c000 CR4: 0000000000750eb0
00041 PKRU: 55555554
00041 Call Trace:
00041  <TASK>
00041  ? ofd_precreate_objects+0x1bd8/0x3220 [ofd]
00041 RBP: ffff88803c534218 R08: ffffffff83a16803 R09: 1ffffffff0742d00
00041  ? ofd_create_hdl+0x2015/0x3510 [ofd]
00041 Hardware name: QEMU Standard PC (Q35 + ICH9, 2009), BIOS 2025.11-3ubuntu7 03/31/2026
00041  ? tgt_request_handle+0x23ad/0x3d30 [ptlrpc]
00041 R10: dffffc0000000000 R11: fffffbfff0742d01 R12: ffff88802d88f030
00041 RIP: 0010:osd_create+0x9cf/0xcf0 [osd_wbcfs]
00041 R13: dffffc0000000000 R14: 1ffff1102685de00 R15: 1ffff11005b11e42
00041 Code: c7 c7 00 96 7b a1 48 c7 c6 a0 12 7d a1 48 c7 c2 00 1c 7d a1 e8 52 f1 43 ff 48 c7 c7 00 96 7b a1 e8 46 81 44 ff e9 fe fc ff ff <0f> 0b e9 a5 fa ff ff 48 c7 c1 80 44 5d a0 80 e1 07 80 c1 03 38 c1
00041 FS:  0000000000000000(0000) GS:ffff8881d4a2d000(0000) knlGS:0000000000000000
00041  ? ptlrpc_main+0x6359/0x96f0 [ptlrpc]
00041 RSP: 0018:ffffc9000136f7f8 EFLAGS: 00010246
00041 CS:  0010 DS: 0000 ES: 0000 CR0: 0000000080050033
00041 
00041  ? __kthread_parkme+0x73/0x130
00041  ? kthread+0x2cd/0x3a0
00041 CR2: 000055c51a563f58 CR3: 0000000135892000 CR4: 0000000000750eb0
00041 RAX: 0000000000000000 RBX: ffff88811a176400 RCX: 0000000000000046
00041 PKRU: 55555554
00041  ? ptlrpc_start_thread+0x1f10/0x1f10 [ptlrpc]
00041 RDX: 0000000000000000 RSI: ffff8880436ec2a8 RDI: ffff8880238c0998
00041 Call Trace:
00041 RBP: ffff8880436ec218 R08: ffffffff83a16803 R09: 1ffffffff0742d00
00041  ? kthread_unuse_mm+0x130/0x130
00041  <TASK>
00041  ? ret_from_fork+0x18c/0x520
00041  ? kthread_unuse_mm+0x130/0x130
00041  ? ret_from_fork_asm+0x11/0x20
00041  </TASK>
00041 ---[ end trace 0000000000000000 ]---
00041 R10: dffffc0000000000 R11: fffffbfff0742d01 R12: ffff8880744fbc30
00041  ? ofd_precreate_objects+0x1bd8/0x3220 [ofd]
00041 R13: dffffc0000000000 R14: 1ffff1102342ec80 R15: 1ffff1100e89f798
00041 ------------[ cut here ]------------
00041  ? ofd_create_hdl+0x2015/0x3510 [ofd]
00041 FS:  0000000000000000(0000) GS:ffff8881d4bad000(0000) knlGS:0000000000000000
00041 CS:  0010 DS: 0000 ES: 0000 CR0: 0000000080050033
00041 CR2: 000055c51a51eba8 CR3: 00000001019c3000 CR4: 0000000000750eb0
00041 PKRU: 55555554
00041  ? tgt_request_handle+0x23ad/0x3d30 [ptlrpc]
00041 WARNING: /home/ktest/git/linux/include/linux/fs.h:889 at osd_create+0x9cf/0xcf0 [osd_wbcfs], CPU#2: ll_ost00_002/1782
00041 Call Trace:
00041  <TASK>
00041 Modules linked in:
00041  ? out_tx_create_exec+0x277/0x7a0 [ptlrpc]
00041  ? ptlrpc_main+0x6359/0x96f0 [ptlrpc]
00041  ? tx_add_exec+0xd70/0xd70 [ptlrpc]
00041  ofd(O)
00041  ? out_tx_end+0x3e3/0x1190 [ptlrpc]
00041  ? __kthread_parkme+0x73/0x130
00041  ? out_handle+0x5286/0x6240 [ptlrpc]
00041  osp(O)
00041  ? kthread+0x2cd/0x3a0
00041  ? tgt_request_handle+0x23ad/0x3d30 [ptlrpc]
00041  ? ptlrpc_start_thread+0x1f10/0x1f10 [ptlrpc]
00041  mdd(O)
00041  ? kthread_unuse_mm+0x130/0x130
00041  ? ptlrpc_main+0x6359/0x96f0 [ptlrpc]
00041  ? __kthread_parkme+0x73/0x130
00041  ? kthread+0x2cd/0x3a0
00041  lod(O)
00041  ? ptlrpc_start_thread+0x1f10/0x1f10 [ptlrpc]
00041  ? ret_from_fork+0x18c/0x520
00041  ? kthread_unuse_mm+0x130/0x130
00041  ? ret_from_fork_asm+0x11/0x20
00041  </TASK>
00041  ? kthread_unuse_mm+0x130/0x130
00041  ? ret_from_fork+0x18c/0x520
00041  ? kthread_unuse_mm+0x130/0x130
00041  ? ret_from_fork_asm+0x11/0x20
00041  </TASK>
00041 ---[ end trace 0000000000000000 ]---
00041  mdt(O)
00041 ---[ end trace 0000000000000000 ]---
00041 ------------[ cut here ]------------
00041  lquota(O)
00041 WARNING: /home/ktest/git/linux/include/linux/fs.h:889 at osd_create+0x9cf/0xcf0 [osd_wbcfs], CPU#0: ll_ost00_000/1780
00041  lfsck(O)
00041 Modules linked in: ofd(O) osp(O) mdd(O) lod(O) mdt(O) lquota(O) lfsck(O) mgs(O) osd_wbcfs(O) lustre(O) obdecho(O) mgc(O) mdc(O)
00041  mgs(O)
00041  lov(O) osc(O) lmv(O) ec(O) fid(O) fld(O) ptlrpc(O) efivarfs obdclass(O) ksocklnd(O) lnet(O) libcfs(O)
00041 CPU: 0 UID: 0 PID: 1780 Comm: ll_ost00_000 Tainted: G        W  O        7.0.0-ktest-fa4bb62-6330a45-20260727-dirty #1 PREEMPT 
00041  osd_wbcfs(O)
00041 Tainted: [W]=WARN, [O]=OOT_MODULE
00041 Hardware name: QEMU Standard PC (Q35 + ICH9, 2009), BIOS 2025.11-3ubuntu7 03/31/2026
00041 RIP: 0010:osd_create+0x9cf/0xcf0 [osd_wbcfs]
00041  lustre(O)
00041 Code: c7 c7 00 96 7b a1 48 c7 c6 a0 12 7d a1 48 c7 c2 00 1c 7d a1 e8 52 f1 43 ff 48 c7 c7 00 96 7b a1 e8 46 81 44 ff e9 fe fc ff ff <0f> 0b e9 a5 fa ff ff 48 c7 c1 80 44 5d a0 80 e1 07 80 c1 03 38 c1
00041 RSP: 0018:ffffc9000474f878 EFLAGS: 00010246
00041 RAX: 0000000000000000 RBX: ffff8881342eec00 RCX: 0000000000000046
00041 RDX: 0000000000000000 RSI: ffff88803c533b90 RDI: ffff88803c1caaa8
00041 RBP: ffff88803c533b00 R08: ffffffff83a16803 R09: 1ffffffff0742d00
00041 R10: dffffc0000000000 R11: fffffbfff0742d01 R12: ffff88802d88f030
00041 R13: dffffc0000000000 R14: 1ffff1102685dd80 R15: 1ffff11005b11e42
00041 FS:  0000000000000000(0000) GS:ffff8881d4a2d000(0000) knlGS:0000000000000000
00041  obdecho(O)
00041 CS:  0010 DS: 0000 ES: 0000 CR0: 0000000080050033
00041 CR2: 000055c51a563f58 CR3: 0000000135892000 CR4: 0000000000750eb0
00041 PKRU: 55555554
00041 Call Trace:
00041  <TASK>
00041  ? ofd_precreate_objects+0x1bd8/0x3220 [ofd]
00041  mgc(O)
00041  ? ofd_create_hdl+0x2015/0x3510 [ofd]
00041  mdc(O)
00041  ? tgt_request_handle+0x23ad/0x3d30 [ptlrpc]
00041  lov(O)
00041  ? ptlrpc_main+0x6359/0x96f0 [ptlrpc]
00041  ? __kthread_parkme+0x73/0x130
00041  osc(O)
00041  ? kthread+0x2cd/0x3a0
00041  ? ptlrpc_start_thread+0x1f10/0x1f10 [ptlrpc]
00041  lmv(O)
00041  ? kthread_unuse_mm+0x130/0x130
00041  ? ret_from_fork+0x18c/0x520
00041  ? kthread_unuse_mm+0x130/0x130
00041  ? ret_from_fork_asm+0x11/0x20
00041  ec(O)
00041  </TASK>
00041 ---[ end trace 0000000000000000 ]---
00041 ------------[ cut here ]------------
00041  fid(O)
00041 WARNING: /home/ktest/git/linux/include/linux/fs.h:889 at osd_create+0x9cf/0xcf0 [osd_wbcfs], CPU#0: ll_ost00_000/1780
00041  fld(O)
00041 Modules linked in: ofd(O) osp(O) mdd(O) lod(O) mdt(O) lquota(O) lfsck(O) mgs(O) osd_wbcfs(O) lustre(O) obdecho(O) mgc(O) mdc(O) lov(O)
00041  ptlrpc(O)
00041  osc(O) lmv(O) ec(O) fid(O) fld(O) ptlrpc(O) efivarfs obdclass(O) ksocklnd(O) lnet(O) libcfs(O)
00041 CPU: 0 UID: 0 PID: 1780 Comm: ll_ost00_000 Tainted: G        W  O        7.0.0-ktest-fa4bb62-6330a45-20260727-dirty #1 PREEMPT 
00041  efivarfs
00041 Tainted: [W]=WARN, [O]=OOT_MODULE
00041 Hardware name: QEMU Standard PC (Q35 + ICH9, 2009), BIOS 2025.11-3ubuntu7 03/31/2026
00041 RIP: 0010:osd_create+0x9cf/0xcf0 [osd_wbcfs]
00041  obdclass(O)
00041 Code: c7 c7 00 96 7b a1 48 c7 c6 a0 12 7d a1 48 c7 c2 00 1c 7d a1 e8 52 f1 43 ff 48 c7 c7 00 96 7b a1 e8 46 81 44 ff e9 fe fc ff ff <0f> 0b e9 a5 fa ff ff 48 c7 c1 80 44 5d a0 80 e1 07 80 c1 03 38 c1
00041 RSP: 0018:ffffc9000474f878 EFLAGS: 00010246
00041 RAX: 0000000000000000 RBX: ffff8881342ee800 RCX: 0000000000000046
00041 RDX: 0000000000000000 RSI: ffff88803c533478 RDI: ffff88803c1caaa8
00041 RBP: ffff88803c5333e8 R08: ffffffff83a16803 R09: 1ffffffff0742d00
00041 R10: dffffc0000000000 R11: fffffbfff0742d01 R12: ffff88802d88f030
00041 R13: dffffc0000000000 R14: 1ffff1102685dd00 R15: 1ffff11005b11e42
00041  ksocklnd(O)
00041 FS:  0000000000000000(0000) GS:ffff8881d4a2d000(0000) knlGS:0000000000000000
00041 CS:  0010 DS: 0000 ES: 0000 CR0: 0000000080050033
00041 CR2: 000055c51a563f58 CR3: 0000000135892000 CR4: 0000000000750eb0
00041 PKRU: 55555554
00041 Call Trace:
00041  <TASK>
00041  ? ofd_precreate_objects+0x1bd8/0x3220 [ofd]
00041  lnet(O)
00041  ? ofd_create_hdl+0x2015/0x3510 [ofd]
00041  libcfs(O)
00041  ? tgt_request_handle+0x23ad/0x3d30 [ptlrpc]
00041 
00041  ? ptlrpc_main+0x6359/0x96f0 [ptlrpc]
00041  ? __kthread_parkme+0x73/0x130
00041 CPU: 2 UID: 0 PID: 1782 Comm: ll_ost00_002 Tainted: G        W  O        7.0.0-ktest-fa4bb62-6330a45-20260727-dirty #1 PREEMPT 
00041  ? kthread+0x2cd/0x3a0
00041  ? ptlrpc_start_thread+0x1f10/0x1f10 [ptlrpc]
00041 Tainted: [W]=WARN, [O]=OOT_MODULE
00041  ? kthread_unuse_mm+0x130/0x130
00041  ? ret_from_fork+0x18c/0x520
00041  ? kthread_unuse_mm+0x130/0x130
00041 Hardware name: QEMU Standard PC (Q35 + ICH9, 2009), BIOS 2025.11-3ubuntu7 03/31/2026
00041  ? ret_from_fork_asm+0x11/0x20
00041  </TASK>
00041 ---[ end trace 0000000000000000 ]---
00041 ------------[ cut here ]------------
00041 RIP: 0010:osd_create+0x9cf/0xcf0 [osd_wbcfs]
00041 WARNING: /home/ktest/git/linux/include/linux/fs.h:889 at osd_create+0x9cf/0xcf0 [osd_wbcfs], CPU#0: ll_ost00_000/1780
00041 Code: c7 c7 00 96 7b a1 48 c7 c6 a0 12 7d a1 48 c7 c2 00 1c 7d a1 e8 52 f1 43 ff 48 c7 c7 00 96 7b a1 e8 46 81 44 ff e9 fe fc ff ff <0f> 0b e9 a5 fa ff ff 48 c7 c1 80 44 5d a0 80 e1 07 80 c1 03 38 c1
00041 RSP: 0018:ffffc900046ef878 EFLAGS: 00010246
00041 RAX: 0000000000000000 RBX: ffff8881340f7000 RCX: 0000000000000046
00041 RDX: 0000000000000000 RSI: ffff8880440a2648 RDI: ffff88803c17cb68
00041 RBP: ffff8880440a25b8 R08: ffffffff83a16803 R09: 1ffffffff0742d00
00041 R10: dffffc0000000000 R11: fffffbfff0742d01 R12: ffff88803cd8b030
00041 R13: dffffc0000000000 R14: 1ffff1102681ee00 R15: 1ffff110079b1642
00041 FS:  0000000000000000(0000) GS:ffff8881d4b2d000(0000) knlGS:0000000000000000
00041 CS:  0010 DS: 0000 ES: 0000 CR0: 0000000080050033
00041 CR2: 000055c51a3f5110 CR3: 000000001914c000 CR4: 0000000000750eb0
00041 PKRU: 55555554
00041 Call Trace:
00041  <TASK>
00041  ? ofd_precreate_objects+0x1bd8/0x3220 [ofd]
00041 Modules linked in:
00041  ? ofd_create_hdl+0x2015/0x3510 [ofd]
00041  ofd(O)
00041  ? tgt_request_handle+0x23ad/0x3d30 [ptlrpc]
00041  osp(O) mdd(O) lod(O)
00041  ? ptlrpc_main+0x6359/0x96f0 [ptlrpc]
00041  mdt(O) lquota(O) lfsck(O) mgs(O)
00041  ? __kthread_parkme+0x73/0x130
00041  osd_wbcfs(O) lustre(O) obdecho(O) mgc(O) mdc(O) lov(O)
00041  ? kthread+0x2cd/0x3a0
00041  osc(O) lmv(O) ec(O) fid(O) fld(O) ptlrpc(O) efivarfs
00041  ? ptlrpc_start_thread+0x1f10/0x1f10 [ptlrpc]
00041  obdclass(O) ksocklnd(O) lnet(O) libcfs(O)
00041 CPU: 0 UID: 0 PID: 1780 Comm: ll_ost00_000 Tainted: G        W  O        7.0.0-ktest-fa4bb62-6330a45-20260727-dirty #1 PREEMPT 
00041  ? kthread_unuse_mm+0x130/0x130
00041 Tainted: [W]=WARN, [O]=OOT_MODULE
00041 Hardware name: QEMU Standard PC (Q35 + ICH9, 2009), BIOS 2025.11-3ubuntu7 03/31/2026
00041 RIP: 0010:osd_create+0x9cf/0xcf0 [osd_wbcfs]
00041  ? ret_from_fork+0x18c/0x520
00041 Code: c7 c7 00 96 7b a1 48 c7 c6 a0 12 7d a1 48 c7 c2 00 1c 7d a1 e8 52 f1 43 ff 48 c7 c7 00 96 7b a1 e8 46 81 44 ff e9 fe fc ff ff <0f> 0b e9 a5 fa ff ff 48 c7 c1 80 44 5d a0 80 e1 07 80 c1 03 38 c1
00041  ? kthread_unuse_mm+0x130/0x130
00041 RSP: 0018:ffffc9000474f878 EFLAGS: 00010246
00041 RAX: 0000000000000000 RBX: ffff888134309800 RCX: 0000000000000046
00041 RDX: 0000000000000000 RSI: ffff88803c532d60 RDI: ffff88803c1caaa8
00041 RBP: ffff88803c532cd0 R08: ffffffff83a16803 R09: 1ffffffff0742d00
00041  ? ret_from_fork_asm+0x11/0x20
00041 R10: dffffc0000000000 R11: fffffbfff0742d01 R12: ffff88802d88f030
00041 R13: dffffc0000000000 R14: 1ffff11026861300 R15: 1ffff11005b11e42
00041 FS:  0000000000000000(0000) GS:ffff8881d4a2d000(0000) knlGS:0000000000000000
00041 CS:  0010 DS: 0000 ES: 0000 CR0: 0000000080050033
00041 ------------[ cut here ]------------
00041 WARNING: /home/ktest/git/linux/include/linux/fs.h:889 at osd_create+0x9cf/0xcf0 [osd_wbcfs], CPU#1: llog_process_th/1822
00041  </TASK>
00041 ---[ end trace 0000000000000000 ]---
00041 ------------[ cut here ]------------
00041 WARNING: /home/ktest/git/linux/include/linux/fs.h:889 at osd_create+0x9cf/0xcf0 [osd_wbcfs], CPU#2: ll_ost00_002/1782
00041 Modules linked in: ofd(O) osp(O) mdd(O) lod(O) mdt(O) lquota(O) lfsck(O) mgs(O) osd_wbcfs(O) lustre(O) obdecho(O) mgc(O) mdc(O) lov(O) osc(O) lmv(O) ec(O) fid(O) fld(O) ptlrpc(O) efivarfs obdclass(O) ksocklnd(O) lnet(O) libcfs(O)
00041 CR2: 000055c51a563f58 CR3: 0000000135892000 CR4: 0000000000750eb0
00041 
00041 CPU: 2 UID: 0 PID: 1782 Comm: ll_ost00_002 Tainted: G        W  O        7.0.0-ktest-fa4bb62-6330a45-20260727-dirty #1 PREEMPT 
00041 Tainted: [W]=WARN, [O]=OOT_MODULE
00041 Hardware name: QEMU Standard PC (Q35 + ICH9, 2009), BIOS 2025.11-3ubuntu7 03/31/2026
00041 RIP: 0010:osd_create+0x9cf/0xcf0 [osd_wbcfs]
00041 Code: c7 c7 00 96 7b a1 48 c7 c6 a0 12 7d a1 48 c7 c2 00 1c 7d a1 e8 52 f1 43 ff 48 c7 c7 00 96 7b a1 e8 46 81 44 ff e9 fe fc ff ff <0f> 0b e9 a5 fa ff ff 48 c7 c1 80 44 5d a0 80 e1 07 80 c1 03 38 c1
00041 RSP: 0018:ffffc900046ef878 EFLAGS: 00010246
00041 RAX: 0000000000000000 RBX: ffff8881340f6c00 RCX: 0000000000000046
00041 RDX: 0000000000000000 RSI: ffff8880440a1f30 RDI: ffff88803c17cb68
00041 RBP: ffff8880440a1ea0 R08: ffffffff83a16803 R09: 1ffffffff0742d00
00041 R10: dffffc0000000000 R11: fffffbfff0742d01 R12: ffff88803cd8b030
00041 R13: dffffc0000000000 R14: 1ffff1102681ed80 R15: 1ffff110079b1642
00041 FS:  0000000000000000(0000) GS:ffff8881d4b2d000(0000) knlGS:0000000000000000
00041 CS:  0010 DS: 0000 ES: 0000 CR0: 0000000080050033
00041 CR2: 000055c51a3f5110 CR3: 000000001914c000 CR4: 0000000000750eb0
00041 PKRU: 55555554
00041 Call Trace:
00041  <TASK>
00041  ? ofd_precreate_objects+0x1bd8/0x3220 [ofd]
00041 Modules linked in: ofd(O)
00041  ? ofd_create_hdl+0x2015/0x3510 [ofd]
00041 PKRU: 55555554
00041  osp(O) mdd(O)
00041 Call Trace:
00041  lod(O) mdt(O)
00041  ? tgt_request_handle+0x23ad/0x3d30 [ptlrpc]
00041  <TASK>
00041  lquota(O)
00041  ? ptlrpc_main+0x6359/0x96f0 [ptlrpc]
00041  ? ofd_precreate_objects+0x1bd8/0x3220 [ofd]
00041  lfsck(O)
00041  ? ofd_create_hdl+0x2015/0x3510 [ofd]
00041  ? __kthread_parkme+0x73/0x130
00041  ? kthread+0x2cd/0x3a0
00041  mgs(O) osd_wbcfs(O)
00041  ? ptlrpc_start_thread+0x1f10/0x1f10 [ptlrpc]
00041  ? tgt_request_handle+0x23ad/0x3d30 [ptlrpc]
00041  lustre(O) obdecho(O) mgc(O) mdc(O) lov(O) osc(O) lmv(O) ec(O) fid(O) fld(O) ptlrpc(O) efivarfs obdclass(O)
00041  ? kthread_unuse_mm+0x130/0x130
00041  ksocklnd(O) lnet(O) libcfs(O)
00041 CPU: 1 UID: 0 PID: 1822 Comm: llog_process_th Tainted: G        W  O        7.0.0-ktest-fa4bb62-6330a45-20260727-dirty #1 PREEMPT 
00041 Tainted: [W]=WARN, [O]=OOT_MODULE
00041 Hardware name: QEMU Standard PC (Q35 + ICH9, 2009), BIOS 2025.11-3ubuntu7 03/31/2026
00041  ? ptlrpc_main+0x6359/0x96f0 [ptlrpc]
00041  ? ret_from_fork+0x18c/0x520
00041 RIP: 0010:osd_create+0x9cf/0xcf0 [osd_wbcfs]
00041  ? kthread_unuse_mm+0x130/0x130
00041  ? __kthread_parkme+0x73/0x130
00041  ? kthread+0x2cd/0x3a0
00041 Code: c7 c7 00 96 7b a1 48 c7 c6 a0 12 7d a1 48 c7 c2 00 1c 7d a1 e8 52 f1 43 ff 48 c7 c7 00 96 7b a1 e8 46 81 44 ff e9 fe fc ff ff <0f> 0b e9 a5 fa ff ff 48 c7 c1 80 44 5d a0 80 e1 07 80 c1 03 38 c1
00041 RSP: 0018:ffffc9000705f5a0 EFLAGS: 00010246
00041 RAX: 0000000000000000 RBX: ffff8881366efc00 RCX: 0000000000000046
00041 RDX: 0000000000000000 RSI: ffff888043e02648 RDI: ffff888023bf8998
00041 RBP: ffff888043e025b8 R08: ffffffff83a16803 R09: 1ffffffff0742d00
00041  ? ptlrpc_start_thread+0x1f10/0x1f10 [ptlrpc]
00041  ? ret_from_fork_asm+0x11/0x20
00041 R10: dffffc0000000000 R11: fffffbfff0742d01 R12: ffff8881352c9400
00041 R13: dffffc0000000000 R14: 1ffff11026cddf80 R15: 1ffff11026a5928f
00041 FS:  0000000000000000(0000) GS:ffff8881d4aad000(0000) knlGS:0000000000000000
00041 CS:  0010 DS: 0000 ES: 0000 CR0: 0000000080050033
00041 CR2: 000055c51a52a490 CR3: 00000001019c3000 CR4: 0000000000750eb0
00041 PKRU: 55555554
00041  </TASK>
00041  ? kthread_unuse_mm+0x130/0x130
00041  ? ret_from_fork+0x18c/0x520
00041  ? kthread_unuse_mm+0x130/0x130
00041  ? ret_from_fork_asm+0x11/0x20
00041  </TASK>
00041 ---[ end trace 0000000000000000 ]---
00041 Call Trace:
00041  <TASK>
00041 ------------[ cut here ]------------
00041  ? local_object_create+0x109/0x640 [obdclass]
00041 ---[ end trace 0000000000000000 ]---
00041 WARNING: /home/ktest/git/linux/include/linux/fs.h:889 at osd_create+0x9cf/0xcf0 [osd_wbcfs], CPU#0: ll_ost00_000/1780
00041  ? dt_write_lock+0x16d/0x2a0 [obdclass]
00041 ------------[ cut here ]------------
00041 WARNING: /home/ktest/git/linux/include/linux/fs.h:889 at osd_create+0x9cf/0xcf0 [osd_wbcfs], CPU#2: ll_ost00_002/1782
00041 Modules linked in: ofd(O) osp(O) mdd(O) lod(O) mdt(O) lquota(O) lfsck(O) mgs(O) osd_wbcfs(O) lustre(O) obdecho(O) mgc(O) mdc(O) lov(O) osc(O) lmv(O) ec(O) fid(O) fld(O) ptlrpc(O) efivarfs obdclass(O) ksocklnd(O) lnet(O) libcfs(O)
00041 CPU: 2 UID: 0 PID: 1782 Comm: ll_ost00_002 Tainted: G        W  O        7.0.0-ktest-fa4bb62-6330a45-20260727-dirty #1 PREEMPT 
00041 Tainted: [W]=WARN, [O]=OOT_MODULE
00041 Hardware name: QEMU Standard PC (Q35 + ICH9, 2009), BIOS 2025.11-3ubuntu7 03/31/2026
00041 RIP: 0010:osd_create+0x9cf/0xcf0 [osd_wbcfs]
00041 Code: c7 c7 00 96 7b a1 48 c7 c6 a0 12 7d a1 48 c7 c2 00 1c 7d a1 e8 52 f1 43 ff 48 c7 c7 00 96 7b a1 e8 46 81 44 ff e9 fe fc ff ff <0f> 0b e9 a5 fa ff ff 48 c7 c1 80 44 5d a0 80 e1 07 80 c1 03 38 c1
00041 RSP: 0018:ffffc900046ef878 EFLAGS: 00010246
00041 RAX: 0000000000000000 RBX: ffff8881340f6800 RCX: 0000000000000046
00041 RDX: 0000000000000000 RSI: ffff8880440a1818 RDI: ffff88803c17cb68
00041 RBP: ffff8880440a1788 R08: ffffffff83a16803 R09: 1ffffffff0742d00
00041 R10: dffffc0000000000 R11: fffffbfff0742d01 R12: ffff88803cd8b030
00041 R13: dffffc0000000000 R14: 1ffff1102681ed00 R15: 1ffff110079b1642
00041 FS:  0000000000000000(0000) GS:ffff8881d4b2d000(0000) knlGS:0000000000000000
00041 CS:  0010 DS: 0000 ES: 0000 CR0: 0000000080050033
00041 CR2: 000055c51a3f5110 CR3: 000000001914c000 CR4: 0000000000750eb0
00041 PKRU: 55555554
00041 Call Trace:
00041  <TASK>
00041 Modules linked in:
00041  ? ofd_precreate_objects+0x1bd8/0x3220 [ofd]
00041  ? ofd_create_hdl+0x2015/0x3510 [ofd]
00041  ? tgt_request_handle+0x23ad/0x3d30 [ptlrpc]
00041  ? llog_osd_create+0x356/0x10d0 [obdclass]
00041  ? llog_create+0x2ed/0x530 [obdclass]
00041  ofd(O) osp(O) mdd(O) lod(O) mdt(O) lquota(O) lfsck(O) mgs(O) osd_wbcfs(O) lustre(O)
00041  ? llog_open_create+0x6e7/0xb30 [obdclass]
00041  ? ptlrpc_main+0x6359/0x96f0 [ptlrpc]
00041  obdecho(O) mgc(O)
00041  ? osp_sync_init+0xfc0/0x2760 [osp]
00041  mdc(O)
00041  ? __kthread_parkme+0x73/0x130
00041  ? kthread+0x2cd/0x3a0
00041  ? ptlrpc_start_thread+0x1f10/0x1f10 [ptlrpc]
00041  ? kthread_unuse_mm+0x130/0x130
00041  ? ret_from_fork+0x18c/0x520
00041  ? osp_device_alloc+0x1b91/0x2e10 [osp]
00041  lov(O) osc(O) lmv(O) ec(O) fid(O) fld(O) ptlrpc(O)
00041  ? obd_setup+0x25c/0x950 [obdclass]
00041  ? kthread_unuse_mm+0x130/0x130
00041  ? class_setup+0xc7d/0x10e0 [obdclass]
00041  ? class_process_config+0x2edb/0x7cb0 [obdclass]
00041  efivarfs obdclass(O) ksocklnd(O) lnet(O) libcfs(O)
00041 CPU: 0 UID: 0 PID: 1780 Comm: ll_ost00_000 Tainted: G        W  O        7.0.0-ktest-fa4bb62-6330a45-20260727-dirty #1 PREEMPT 
00041  ? __kasan_kmalloc+0x72/0x80
00041  ? class_config_llog_handler+0x2954/0x4f80 [obdclass]
00041  ? ret_from_fork_asm+0x11/0x20
00041  ? class_config_llog_handler+0x2cea/0x4f80 [obdclass]
00041 Tainted: [W]=WARN, [O]=OOT_MODULE
00041 Hardware name: QEMU Standard PC (Q35 + ICH9, 2009), BIOS 2025.11-3ubuntu7 03/31/2026
00041 RIP: 0010:osd_create+0x9cf/0xcf0 [osd_wbcfs]
00041  ? lustre_cfg_rec_free+0x350/0x350 [obdclass]
00041  </TASK>
00041  ? llog_process_thread+0x1fd2/0x4f70 [obdclass]
00041 Code: c7 c7 00 96 7b a1 48 c7 c6 a0 12 7d a1 48 c7 c2 00 1c 7d a1 e8 52 f1 43 ff 48 c7 c7 00 96 7b a1 e8 46 81 44 ff e9 fe fc ff ff <0f> 0b e9 a5 fa ff ff 48 c7 c1 80 44 5d a0 80 e1 07 80 c1 03 38 c1
00041 RSP: 0018:ffffc9000474f878 EFLAGS: 00010246
00041 RAX: 0000000000000000 RBX: ffff888134309400 RCX: 0000000000000046
00041  ? _raw_spin_unlock+0x23/0x40
00041  ? llog_process_thread_daemonize+0x16d/0x1b0 [obdclass]
00041 ---[ end trace 0000000000000000 ]---
00041  ? kthread+0x2cd/0x3a0
00041  ? llog_process_or_fork+0xc90/0xc90 [obdclass]
00041 RDX: 0000000000000000 RSI: ffff88803c532648 RDI: ffff88803c1caaa8
00041  ? kthread_unuse_mm+0x130/0x130
00041 RBP: ffff88803c5325b8 R08: ffffffff83a16803 R09: 1ffffffff0742d00
00041  ? ret_from_fork+0x18c/0x520
00041 R10: dffffc0000000000 R11: fffffbfff0742d01 R12: ffff88802d88f030
00041  ? kthread_unuse_mm+0x130/0x130
00041  ? ret_from_fork_asm+0x11/0x20
00041  </TASK>
00041 ---[ end trace 0000000000000000 ]---
00041 ------------[ cut here ]------------
00041 R13: dffffc0000000000 R14: 1ffff11026861280 R15: 1ffff11005b11e42
00041 FS:  0000000000000000(0000) GS:ffff8881d4a2d000(0000) knlGS:0000000000000000
00041 CS:  0010 DS: 0000 ES: 0000 CR0: 0000000080050033
00041 WARNING: /home/ktest/git/linux/include/linux/fs.h:889 at osd_create+0x9cf/0xcf0 [osd_wbcfs], CPU#2: ll_ost00_002/1782
00041 ------------[ cut here ]------------
00041 WARNING: /home/ktest/git/linux/include/linux/fs.h:889 at osd_create+0x9cf/0xcf0 [osd_wbcfs], CPU#1: llog_process_th/1822
00041 Modules linked in: ofd(O) osp(O) mdd(O) lod(O) mdt(O) lquota(O) lfsck(O) mgs(O) osd_wbcfs(O) lustre(O) obdecho(O) mgc(O) mdc(O) lov(O) osc(O) lmv(O) ec(O) fid(O) fld(O) ptlrpc(O) efivarfs obdclass(O) ksocklnd(O) lnet(O) libcfs(O)
00041 CPU: 1 UID: 0 PID: 1822 Comm: llog_process_th Tainted: G        W  O        7.0.0-ktest-fa4bb62-6330a45-20260727-dirty #1 PREEMPT 
00041 Tainted: [W]=WARN, [O]=OOT_MODULE
00041 Hardware name: QEMU Standard PC (Q35 + ICH9, 2009), BIOS 2025.11-3ubuntu7 03/31/2026
00041 RIP: 0010:osd_create+0x9cf/0xcf0 [osd_wbcfs]
00041 Code: c7 c7 00 96 7b a1 48 c7 c6 a0 12 7d a1 48 c7 c2 00 1c 7d a1 e8 52 f1 43 ff 48 c7 c7 00 96 7b a1 e8 46 81 44 ff e9 fe fc ff ff <0f> 0b e9 a5 fa ff ff 48 c7 c1 80 44 5d a0 80 e1 07 80 c1 03 38 c1
00041 RSP: 0018:ffffc9000705f450 EFLAGS: 00010246
00041 RAX: 0000000000000000 RBX: ffff888133975400 RCX: 0000000000000046
00041 CR2: 000055c51a563f58 CR3: 0000000135892000 CR4: 0000000000750eb0
00041 RDX: 0000000000000000 RSI: ffff888043e01f30 RDI: ffff888023bf89c0
00041 RBP: ffff888043e01ea0 R08: ffffffff83a16803 R09: 1ffffffff0742d00
00041 R10: dffffc0000000000 R11: fffffbfff0742d01 R12: ffff8881352c9400
00041 R13: dffffc0000000000 R14: 1ffff1102672ea80 R15: 1ffff11026a5928f
00041 PKRU: 55555554
00041 FS:  0000000000000000(0000) GS:ffff8881d4aad000(0000) knlGS:0000000000000000
00041 CS:  0010 DS: 0000 ES: 0000 CR0: 0000000080050033
00041 CR2: 000055c51a52a490 CR3: 00000001019c3000 CR4: 0000000000750eb0
00041 PKRU: 55555554
00041 Call Trace:
00041  <TASK>
00041  ? local_object_create+0x109/0x640 [obdclass]
00041 Modules linked in:
00041  ? dt_write_lock+0x16d/0x2a0 [obdclass]
00041  ? llog_osd_create+0x356/0x10d0 [obdclass]
00041 Call Trace:
00041  <TASK>
00041  ? ofd_precreate_objects+0x1bd8/0x3220 [ofd]
00041  ofd(O)
00041  ? ofd_create_hdl+0x2015/0x3510 [ofd]
00041  osp(O)
00041  ? llog_create+0x2ed/0x530 [obdclass]
00041  ? llog_cat_new_log+0x6d1/0x2970 [obdclass]
00041  mdd(O)
00041  ? tgt_request_handle+0x23ad/0x3d30 [ptlrpc]
00041  ? llog_cat_add_rec+0x6ba/0x1960 [obdclass]
00041  ? llog_cat_add+0x499/0x7a0 [obdclass]
00041  ? osp_sync_init+0x1588/0x2760 [osp]
00041  lod(O)
00041  ? osp_device_alloc+0x1b91/0x2e10 [osp]
00041  ? obd_setup+0x25c/0x950 [obdclass]
00041  ? ptlrpc_main+0x6359/0x96f0 [ptlrpc]
00041  mdt(O)
00041  ? __kthread_parkme+0x73/0x130
00041  ? kthread+0x2cd/0x3a0
00041  ? class_setup+0xc7d/0x10e0 [obdclass]
00041  lquota(O)
00041  ? ptlrpc_start_thread+0x1f10/0x1f10 [ptlrpc]
00041  ? class_process_config+0x2edb/0x7cb0 [obdclass]
00041  ? kthread_unuse_mm+0x130/0x130
00041  ? ret_from_fork+0x18c/0x520
00041  ? kthread_unuse_mm+0x130/0x130
00041  ? ret_from_fork_asm+0x11/0x20
00041  lfsck(O) mgs(O) osd_wbcfs(O) lustre(O) obdecho(O) mgc(O) mdc(O) lov(O) osc(O) lmv(O) ec(O) fid(O) fld(O) ptlrpc(O) efivarfs obdclass(O) ksocklnd(O) lnet(O) libcfs(O)
00041 CPU: 2 UID: 0 PID: 1782 Comm: ll_ost00_002 Tainted: G        W  O        7.0.0-ktest-fa4bb62-6330a45-20260727-dirty #1 PREEMPT 
00041 Tainted: [W]=WARN, [O]=OOT_MODULE
00041 Hardware name: QEMU Standard PC (Q35 + ICH9, 2009), BIOS 2025.11-3ubuntu7 03/31/2026
00041 RIP: 0010:osd_create+0x9cf/0xcf0 [osd_wbcfs]
00041 Code: c7 c7 00 96 7b a1 48 c7 c6 a0 12 7d a1 48 c7 c2 00 1c 7d a1 e8 52 f1 43 ff 48 c7 c7 00 96 7b a1 e8 46 81 44 ff e9 fe fc ff ff <0f> 0b e9 a5 fa ff ff 48 c7 c1 80 44 5d a0 80 e1 07 80 c1 03 38 c1
00041 RSP: 0018:ffffc900046ef878 EFLAGS: 00010246
00041 RAX: 0000000000000000 RBX: ffff8880191ca000 RCX: 0000000000000046
00041 RDX: 0000000000000000 RSI: ffff8880440a1100 RDI: ffff88803c17cb68
00041 RBP: ffff8880440a1070 R08: ffffffff83a16803 R09: 1ffffffff0742d00
00041 R10: dffffc0000000000 R11: fffffbfff0742d01 R12: ffff88803cd8b030
00041 R13: dffffc0000000000 R14: 1ffff11003239400 R15: 1ffff110079b1642
00041 FS:  0000000000000000(0000) GS:ffff8881d4b2d000(0000) knlGS:0000000000000000
00041 CS:  0010 DS: 0000 ES: 0000 CR0: 0000000080050033
00041 CR2: 000055c51a3f5110 CR3: 000000001914c000 CR4: 0000000000750eb0
00041 PKRU: 55555554
00041 Call Trace:
00041  <TASK>
00041  ? __kasan_kmalloc+0x72/0x80
00041  ? ofd_precreate_objects+0x1bd8/0x3220 [ofd]
00041  ? ofd_create_hdl+0x2015/0x3510 [ofd]
00041  </TASK>
00041  ? tgt_request_handle+0x23ad/0x3d30 [ptlrpc]
00041  ? class_config_llog_handler+0x2954/0x4f80 [obdclass]
00041 ---[ end trace 0000000000000000 ]---
00041  ? class_config_llog_handler+0x2cea/0x4f80 [obdclass]
00041 ------------[ cut here ]------------
00041  ? lustre_cfg_rec_free+0x350/0x350 [obdclass]
00041  ? ptlrpc_main+0x6359/0x96f0 [ptlrpc]
00041 WARNING: /home/ktest/git/linux/include/linux/fs.h:889 at osd_create+0x9cf/0xcf0 [osd_wbcfs], CPU#0: ll_ost00_000/1780
00041  ? llog_process_thread+0x1fd2/0x4f70 [obdclass]
00041 Modules linked in: ofd(O) osp(O) mdd(O) lod(O) mdt(O) lquota(O)
00041  ? _raw_spin_unlock+0x23/0x40
00041  ? llog_process_thread_daemonize+0x16d/0x1b0 [obdclass]
00041  ? __kthread_parkme+0x73/0x130
00041  ? kthread+0x2cd/0x3a0
00041  ? ptlrpc_start_thread+0x1f10/0x1f10 [ptlrpc]
00041  lfsck(O)
00041  ? kthread+0x2cd/0x3a0
00041  mgs(O)
00041  ? llog_process_or_fork+0xc90/0xc90 [obdclass]
00041  osd_wbcfs(O) lustre(O) obdecho(O) mgc(O) mdc(O) lov(O) osc(O) lmv(O) ec(O) fid(O) fld(O) ptlrpc(O) efivarfs obdclass(O) ksocklnd(O) lnet(O) libcfs(O)
00041 CPU: 0 UID: 0 PID: 1780 Comm: ll_ost00_000 Tainted: G        W  O        7.0.0-ktest-fa4bb62-6330a45-20260727-dirty #1 PREEMPT 
00041 Tainted: [W]=WARN, [O]=OOT_MODULE
00041 Hardware name: QEMU Standard PC (Q35 + ICH9, 2009), BIOS 2025.11-3ubuntu7 03/31/2026
00041 RIP: 0010:osd_create+0x9cf/0xcf0 [osd_wbcfs]
00041 Code: c7 c7 00 96 7b a1 48 c7 c6 a0 12 7d a1 48 c7 c2 00 1c 7d a1 e8 52 f1 43 ff 48 c7 c7 00 96 7b a1 e8 46 81 44 ff e9 fe fc ff ff <0f> 0b e9 a5 fa ff ff 48 c7 c1 80 44 5d a0 80 e1 07 80 c1 03 38 c1
00041 RSP: 0018:ffffc9000474f878 EFLAGS: 00010246
00041 RAX: 0000000000000000 RBX: ffff888134309000 RCX: 0000000000000046
00041 RDX: 0000000000000000 RSI: ffff88803c531f30 RDI: ffff88803c1caaa8
00041 RBP: ffff88803c531ea0 R08: ffffffff83a16803 R09: 1ffffffff0742d00
00041 R10: dffffc0000000000 R11: fffffbfff0742d01 R12: ffff88802d88f030
00041 R13: dffffc0000000000 R14: 1ffff11026861200 R15: 1ffff11005b11e42
00041 FS:  0000000000000000(0000) GS:ffff8881d4a2d000(0000) knlGS:0000000000000000
00041 CS:  0010 DS: 0000 ES: 0000 CR0: 0000000080050033
00041  ? kthread_unuse_mm+0x130/0x130
00041  ? ret_from_fork+0x18c/0x520
00041  ? kthread_unuse_mm+0x130/0x130
00041  ? ret_from_fork_asm+0x11/0x20
00041  </TASK>
00041 ---[ end trace 0000000000000000 ]---
00041  ? kthread_unuse_mm+0x130/0x130
00041 ------------[ cut here ]------------
00041 WARNING: /home/ktest/git/linux/include/linux/fs.h:889 at osd_create+0x9cf/0xcf0 [osd_wbcfs], CPU#2: ll_ost00_002/1782
00041 Modules linked in: ofd(O) osp(O) mdd(O) lod(O) mdt(O) lquota(O) lfsck(O) mgs(O) osd_wbcfs(O) lustre(O) obdecho(O) mgc(O) mdc(O) lov(O) osc(O) lmv(O) ec(O) fid(O) fld(O) ptlrpc(O) efivarfs obdclass(O) ksocklnd(O) lnet(O) libcfs(O)
00041 CPU: 2 UID: 0 PID: 1782 Comm: ll_ost00_002 Tainted: G        W  O        7.0.0-ktest-fa4bb62-6330a45-20260727-dirty #1 PREEMPT 
00041 Tainted: [W]=WARN, [O]=OOT_MODULE
00041 Hardware name: QEMU Standard PC (Q35 + ICH9, 2009), BIOS 2025.11-3ubuntu7 03/31/2026
00041 RIP: 0010:osd_create+0x9cf/0xcf0 [osd_wbcfs]
00041 CR2: 000055c51a563f58 CR3: 0000000135892000 CR4: 0000000000750eb0
00041 Code: c7 c7 00 96 7b a1 48 c7 c6 a0 12 7d a1 48 c7 c2 00 1c 7d a1 e8 52 f1 43 ff 48 c7 c7 00 96 7b a1 e8 46 81 44 ff e9 fe fc ff ff <0f> 0b e9 a5 fa ff ff 48 c7 c1 80 44 5d a0 80 e1 07 80 c1 03 38 c1
00041 RSP: 0018:ffffc900046ef878 EFLAGS: 00010246
00041 RAX: 0000000000000000 RBX: ffff8881187c6400 RCX: 0000000000000046
00041 RDX: 0000000000000000 RSI: ffff8880440a09e8 RDI: ffff88803c17cb68
00041 RBP: ffff8880440a0958 R08: ffffffff83a16803 R09: 1ffffffff0742d00
00041 R10: dffffc0000000000 R11: fffffbfff0742d01 R12: ffff88803cd8b030
00041 R13: dffffc0000000000 R14: 1ffff110230f8c80 R15: 1ffff110079b1642
00041 FS:  0000000000000000(0000) GS:ffff8881d4b2d000(0000) knlGS:0000000000000000
00041 CS:  0010 DS: 0000 ES: 0000 CR0: 0000000080050033
00041 CR2: 000055c51a3f5110 CR3: 000000001914c000 CR4: 0000000000750eb0
00041 PKRU: 55555554
00041 Call Trace:
00041  <TASK>
00041  ? ofd_precreate_objects+0x1bd8/0x3220 [ofd]
00041  ? ret_from_fork+0x18c/0x520
00041  ? ofd_create_hdl+0x2015/0x3510 [ofd]
00041 PKRU: 55555554
00041  ? kthread_unuse_mm+0x130/0x130
00041 Call Trace:
00041  ? tgt_request_handle+0x23ad/0x3d30 [ptlrpc]
00041  ? ret_from_fork_asm+0x11/0x20
00041  <TASK>
00041  ? ptlrpc_main+0x6359/0x96f0 [ptlrpc]
00041  </TASK>
00041  ? __kthread_parkme+0x73/0x130
00041  ? kthread+0x2cd/0x3a0
00041  ? ptlrpc_start_thread+0x1f10/0x1f10 [ptlrpc]
00041  ? kthread_unuse_mm+0x130/0x130
00041  ? ret_from_fork+0x18c/0x520
00041  ? kthread_unuse_mm+0x130/0x130
00041  ? ret_from_fork_asm+0x11/0x20
00041  </TASK>
00041 ---[ end trace 0000000000000000 ]---
00041 ------------[ cut here ]------------
00041 WARNING: /home/ktest/git/linux/include/linux/fs.h:889 at osd_create+0x9cf/0xcf0 [osd_wbcfs], CPU#2: ll_ost00_002/1782
00041 Modules linked in: ofd(O) osp(O) mdd(O) lod(O) mdt(O) lquota(O) lfsck(O) mgs(O) osd_wbcfs(O) lustre(O) obdecho(O) mgc(O) mdc(O) lov(O) osc(O) lmv(O) ec(O) fid(O) fld(O) ptlrpc(O) efivarfs obdclass(O) ksocklnd(O) lnet(O) libcfs(O)
00041 CPU: 2 UID: 0 PID: 1782 Comm: ll_ost00_002 Tainted: G        W  O        7.0.0-ktest-fa4bb62-6330a45-20260727-dirty #1 PREEMPT 
00041 Tainted: [W]=WARN, [O]=OOT_MODULE
00041 Hardware name: QEMU Standard PC (Q35 + ICH9, 2009), BIOS 2025.11-3ubuntu7 03/31/2026
00041 RIP: 0010:osd_create+0x9cf/0xcf0 [osd_wbcfs]
00041 Code: c7 c7 00 96 7b a1 48 c7 c6 a0 12 7d a1 48 c7 c2 00 1c 7d a1 e8 52 f1 43 ff 48 c7 c7 00 96 7b a1 e8 46 81 44 ff e9 fe fc ff ff <0f> 0b e9 a5 fa ff ff 48 c7 c1 80 44 5d a0 80 e1 07 80 c1 03 38 c1
00041 RSP: 0018:ffffc900046ef878 EFLAGS: 00010246
00041  ? ofd_precreate_objects+0x1bd8/0x3220 [ofd]
00041  ? ofd_create_hdl+0x2015/0x3510 [ofd]
00041 ---[ end trace 0000000000000000 ]---
00041  ? tgt_request_handle+0x23ad/0x3d30 [ptlrpc]
00041 
00041  ? ptlrpc_main+0x6359/0x96f0 [ptlrpc]
00041 ------------[ cut here ]------------
00041 RAX: 0000000000000000 RBX: ffff8881187c5800 RCX: 0000000000000046
00041  ? __kthread_parkme+0x73/0x130
00041  ? kthread+0x2cd/0x3a0
00041 WARNING: /home/ktest/git/linux/include/linux/fs.h:889 at osd_create+0x9cf/0xcf0 [osd_wbcfs], CPU#1: ll_ost00_001/1781
00041  ? ptlrpc_start_thread+0x1f10/0x1f10 [ptlrpc]
00041 RDX: 0000000000000000 RSI: ffff8880440a02d0 RDI: ffff88803c17cb68
00041  ? kthread_unuse_mm+0x130/0x130
00041  ? ret_from_fork+0x18c/0x520
00041  ? kthread_unuse_mm+0x130/0x130
00041  ? ret_from_fork_asm+0x11/0x20
00041  </TASK>
00041 ---[ end trace 0000000000000000 ]---
00041 Modules linked in: ofd(O) osp(O) mdd(O) lod(O) mdt(O) lquota(O) lfsck(O) mgs(O) osd_wbcfs(O) lustre(O)
00041 ------------[ cut here ]------------
00041 WARNING: /home/ktest/git/linux/include/linux/fs.h:889 at osd_create+0x9cf/0xcf0 [osd_wbcfs], CPU#0: ll_ost00_000/1780
00041 Modules linked in: ofd(O) osp(O) mdd(O) lod(O) mdt(O) lquota(O) lfsck(O) mgs(O) osd_wbcfs(O) lustre(O) obdecho(O) mgc(O) mdc(O) lov(O) osc(O) lmv(O) ec(O) fid(O) fld(O) ptlrpc(O) efivarfs obdclass(O) ksocklnd(O) lnet(O) libcfs(O)
00041 CPU: 0 UID: 0 PID: 1780 Comm: ll_ost00_000 Tainted: G        W  O        7.0.0-ktest-fa4bb62-6330a45-20260727-dirty #1 PREEMPT 
00041 Tainted: [W]=WARN, [O]=OOT_MODULE
00041 Hardware name: QEMU Standard PC (Q35 + ICH9, 2009), BIOS 2025.11-3ubuntu7 03/31/2026
00041 RIP: 0010:osd_create+0x9cf/0xcf0 [osd_wbcfs]
00041 Code: c7 c7 00 96 7b a1 48 c7 c6 a0 12 7d a1 48 c7 c2 00 1c 7d a1 e8 52 f1 43 ff 48 c7 c7 00 96 7b a1 e8 46 81 44 ff e9 fe fc ff ff <0f> 0b e9 a5 fa ff ff 48 c7 c1 80 44 5d a0 80 e1 07 80 c1 03 38 c1
00041 RSP: 0018:ffffc9000474f878 EFLAGS: 00010246
00041 RAX: 0000000000000000 RBX: ffff888134324400 RCX: 0000000000000046
00041 RDX: 0000000000000000 RSI: ffff88803c531818 RDI: ffff88803c1caaa8
00041 RBP: ffff88803c531788 R08: ffffffff83a16803 R09: 1ffffffff0742d00
00041 R10: dffffc0000000000 R11: fffffbfff0742d01 R12: ffff88802d88f030
00041 R13: dffffc0000000000 R14: 1ffff11026864880 R15: 1ffff11005b11e42
00041 FS:  0000000000000000(0000) GS:ffff8881d4a2d000(0000) knlGS:0000000000000000
00041 CS:  0010 DS: 0000 ES: 0000 CR0: 0000000080050033
00041 CR2: 000055c51a563f58 CR3: 0000000135892000 CR4: 0000000000750eb0
00041 PKRU: 55555554
00041 Call Trace:
00041  <TASK>
00041  ? ofd_precreate_objects+0x1bd8/0x3220 [ofd]
00041 RBP: ffff8880440a0240 R08: ffffffff83a16803 R09: 1ffffffff0742d00
00041  ? ofd_create_hdl+0x2015/0x3510 [ofd]
00041  obdecho(O) mgc(O) mdc(O) lov(O) osc(O) lmv(O) ec(O) fid(O) fld(O) ptlrpc(O) efivarfs obdclass(O)
00041 R10: dffffc0000000000 R11: fffffbfff0742d01 R12: ffff88803cd8b030
00041  ? tgt_request_handle+0x23ad/0x3d30 [ptlrpc]
00041  ksocklnd(O) lnet(O) libcfs(O)
00041 CPU: 1 UID: 0 PID: 1781 Comm: ll_ost00_001 Tainted: G        W  O        7.0.0-ktest-fa4bb62-6330a45-20260727-dirty #1 PREEMPT 
00041 Tainted: [W]=WARN, [O]=OOT_MODULE
00041 R13: dffffc0000000000 R14: 1ffff110230f8b00 R15: 1ffff110079b1642
00041 Hardware name: QEMU Standard PC (Q35 + ICH9, 2009), BIOS 2025.11-3ubuntu7 03/31/2026
00041 RIP: 0010:osd_create+0x9cf/0xcf0 [osd_wbcfs]
00041  ? ptlrpc_main+0x6359/0x96f0 [ptlrpc]
00041 FS:  0000000000000000(0000) GS:ffff8881d4b2d000(0000) knlGS:0000000000000000
00041 Code: c7 c7 00 96 7b a1 48 c7 c6 a0 12 7d a1 48 c7 c2 00 1c 7d a1 e8 52 f1 43 ff 48 c7 c7 00 96 7b a1 e8 46 81 44 ff e9 fe fc ff ff <0f> 0b e9 a5 fa ff ff 48 c7 c1 80 44 5d a0 80 e1 07 80 c1 03 38 c1
00041 RSP: 0018:ffffc900045af950 EFLAGS: 00010246
00041 RAX: 0000000000000000 RBX: ffff88813549d800 RCX: 0000000000000046
00041 RDX: 0000000000000000 RSI: ffff888043e01818 RDI: ffff88803c1a0998
00041  ? __kthread_parkme+0x73/0x130
00041  ? kthread+0x2cd/0x3a0
00041 CS:  0010 DS: 0000 ES: 0000 CR0: 0000000080050033
00041 RBP: ffff888043e01788 R08: ffffffff83a16803 R09: 1ffffffff0742d00
00041 R10: dffffc0000000000 R11: fffffbfff0742d01 R12: ffff88803c144830
00041 R13: dffffc0000000000 R14: 1ffff11026a93b00 R15: 1ffff11007828942
00041 FS:  0000000000000000(0000) GS:ffff8881d4aad000(0000) knlGS:0000000000000000
00041 CS:  0010 DS: 0000 ES: 0000 CR0: 0000000080050033
00041 CR2: 000055c51a52a490 CR3: 00000001019c3000 CR4: 0000000000750eb0
00041  ? ptlrpc_start_thread+0x1f10/0x1f10 [ptlrpc]
00041 CR2: 000055c51a3f5110 CR3: 000000001914c000 CR4: 0000000000750eb0
00041 PKRU: 55555554
00041 Call Trace:
00041  <TASK>
00041  ? dt_find_or_create+0x81a/0x1170 [obdclass]
00041 PKRU: 55555554
00041  ? kthread_unuse_mm+0x130/0x130
00041  ? ret_from_fork+0x18c/0x520
00041  ? kthread_unuse_mm+0x130/0x130
00041  ? ret_from_fork_asm+0x11/0x20
00041  </TASK>
00041 ---[ end trace 0000000000000000 ]---
00041 ------------[ cut here ]------------
00041 WARNING: /home/ktest/git/linux/include/linux/fs.h:889 at osd_create+0x9cf/0xcf0 [osd_wbcfs], CPU#0: ll_ost00_000/1780
00041 Modules linked in: ofd(O) osp(O) mdd(O)
00041 Call Trace:
00041  <TASK>
00041  ? ofd_precreate_objects+0x1bd8/0x3220 [ofd]
00041  ? ofd_create_hdl+0x2015/0x3510 [ofd]
00041  ? ofd_seq_load+0x605/0x1ac0 [ofd]
00041  ? ofd_get_info_hdl+0xfdd/0x2330 [ofd]
00041  lod(O) mdt(O) lquota(O) lfsck(O) mgs(O) osd_wbcfs(O) lustre(O) obdecho(O) mgc(O) mdc(O) lov(O) osc(O) lmv(O) ec(O) fid(O) fld(O) ptlrpc(O)
00041  ? tgt_request_handle+0x23ad/0x3d30 [ptlrpc]
00041  ? tgt_request_handle+0x23ad/0x3d30 [ptlrpc]
00041  efivarfs obdclass(O)
00041  ? ptlrpc_main+0x6359/0x96f0 [ptlrpc]
00041  ? ptlrpc_main+0x6359/0x96f0 [ptlrpc]
00041  ksocklnd(O) lnet(O) libcfs(O)
00041 CPU: 0 UID: 0 PID: 1780 Comm: ll_ost00_000 Tainted: G        W  O        7.0.0-ktest-fa4bb62-6330a45-20260727-dirty #1 PREEMPT 
00041 Tainted: [W]=WARN, [O]=OOT_MODULE
00041 Hardware name: QEMU Standard PC (Q35 + ICH9, 2009), BIOS 2025.11-3ubuntu7 03/31/2026
00041 RIP: 0010:osd_create+0x9cf/0xcf0 [osd_wbcfs]
00041  ? __kthread_parkme+0x73/0x130
00041  ? kthread+0x2cd/0x3a0
00041  ? __kthread_parkme+0x73/0x130
00041 Code: c7 c7 00 96 7b a1 48 c7 c6 a0 12 7d a1 48 c7 c2 00 1c 7d a1 e8 52 f1 43 ff 48 c7 c7 00 96 7b a1 e8 46 81 44 ff e9 fe fc ff ff <0f> 0b e9 a5 fa ff ff 48 c7 c1 80 44 5d a0 80 e1 07 80 c1 03 38 c1
00041 RSP: 0018:ffffc9000474f878 EFLAGS: 00010246
00041 RAX: 0000000000000000 RBX: ffff888134324000 RCX: 0000000000000046
00041 RDX: 0000000000000000 RSI: ffff88803c531100 RDI: ffff88803c1caaa8
00041 RBP: ffff88803c531070 R08: ffffffff83a16803 R09: 1ffffffff0742d00
00041 R10: dffffc0000000000 R11: fffffbfff0742d01 R12: ffff88802d88f030
00041 R13: dffffc0000000000 R14: 1ffff11026864800 R15: 1ffff11005b11e42
00041 FS:  0000000000000000(0000) GS:ffff8881d4a2d000(0000) knlGS:0000000000000000
00041  ? ptlrpc_start_thread+0x1f10/0x1f10 [ptlrpc]
00041  ? kthread+0x2cd/0x3a0
00041 CS:  0010 DS: 0000 ES: 0000 CR0: 0000000080050033
00041 CR2: 000055c51a563f58 CR3: 0000000135892000 CR4: 0000000000750eb0
00041 PKRU: 55555554
00041 Call Trace:
00041  <TASK>
00041  ? ofd_precreate_objects+0x1bd8/0x3220 [ofd]
00041  ? ofd_create_hdl+0x2015/0x3510 [ofd]
00041  ? ptlrpc_start_thread+0x1f10/0x1f10 [ptlrpc]
00041  ? tgt_request_handle+0x23ad/0x3d30 [ptlrpc]
00041  ? kthread_unuse_mm+0x130/0x130
00041  ? ret_from_fork+0x18c/0x520
00041  ? kthread_unuse_mm+0x130/0x130
00041  ? ptlrpc_main+0x6359/0x96f0 [ptlrpc]
00041  ? __kthread_parkme+0x73/0x130
00041  ? kthread+0x2cd/0x3a0
00041  ? ptlrpc_start_thread+0x1f10/0x1f10 [ptlrpc]
00041  ? kthread_unuse_mm+0x130/0x130
00041  ? kthread_unuse_mm+0x130/0x130
00041  ? ret_from_fork+0x18c/0x520
00041  ? kthread_unuse_mm+0x130/0x130
00041  ? ret_from_fork_asm+0x11/0x20
00041  </TASK>
00041 ---[ end trace 0000000000000000 ]---
00041 ------------[ cut here ]------------
00041 WARNING: /home/ktest/git/linux/include/linux/fs.h:889 at osd_create+0x9cf/0xcf0 [osd_wbcfs], CPU#0: ll_ost00_000/1780
00041 Modules linked in: ofd(O) osp(O) mdd(O) lod(O) mdt(O) lquota(O) lfsck(O) mgs(O) osd_wbcfs(O) lustre(O) obdecho(O) mgc(O) mdc(O) lov(O) osc(O) lmv(O) ec(O) fid(O)
00041  ? ret_from_fork_asm+0x11/0x20
00041  fld(O) ptlrpc(O) efivarfs obdclass(O) ksocklnd(O) lnet(O) libcfs(O)
00041  </TASK>
00041 
00041 ---[ end trace 0000000000000000 ]---
00041  ? ret_from_fork+0x18c/0x520
00041 CPU: 0 UID: 0 PID: 1780 Comm: ll_ost00_000 Tainted: G        W  O        7.0.0-ktest-fa4bb62-6330a45-20260727-dirty #1 PREEMPT 
00041 Tainted: [W]=WARN, [O]=OOT_MODULE
00041 Hardware name: QEMU Standard PC (Q35 + ICH9, 2009), BIOS 2025.11-3ubuntu7 03/31/2026
00041 RIP: 0010:osd_create+0x9cf/0xcf0 [osd_wbcfs]
00041  ? kthread_unuse_mm+0x130/0x130
00041 ------------[ cut here ]------------
00041 WARNING: /home/ktest/git/linux/include/linux/fs.h:889 at osd_create+0x9cf/0xcf0 [osd_wbcfs], CPU#1: ll_ost00_004/1828
00041 Modules linked in: ofd(O) osp(O) mdd(O) lod(O) mdt(O) lquota(O) lfsck(O) mgs(O) osd_wbcfs(O) lustre(O) obdecho(O) mgc(O) mdc(O) lov(O) osc(O) lmv(O) ec(O) fid(O) fld(O) ptlrpc(O) efivarfs obdclass(O) ksocklnd(O) lnet(O) libcfs(O)
00041 CPU: 1 UID: 0 PID: 1828 Comm: ll_ost00_004 Tainted: G        W  O        7.0.0-ktest-fa4bb62-6330a45-20260727-dirty #1 PREEMPT 
00041 Tainted: [W]=WARN, [O]=OOT_MODULE
00041 Hardware name: QEMU Standard PC (Q35 + ICH9, 2009), BIOS 2025.11-3ubuntu7 03/31/2026
00041 RIP: 0010:osd_create+0x9cf/0xcf0 [osd_wbcfs]
00041 Code: c7 c7 00 96 7b a1 48 c7 c6 a0 12 7d a1 48 c7 c2 00 1c 7d a1 e8 52 f1 43 ff 48 c7 c7 00 96 7b a1 e8 46 81 44 ff e9 fe fc ff ff <0f> 0b e9 a5 fa ff ff 48 c7 c1 80 44 5d a0 80 e1 07 80 c1 03 38 c1
00041 RSP: 0018:ffffc90007867878 EFLAGS: 00010246
00041 RAX: 0000000000000000 RBX: ffff8881339c7000 RCX: 0000000000000046
00041 RDX: 0000000000000000 RSI: ffff888043e01100 RDI: ffff88803c5289e8
00041 RBP: ffff888043e01070 R08: ffffffff83a16803 R09: 1ffffffff0742d00
00041 R10: dffffc0000000000 R11: fffffbfff0742d01 R12: ffff88802c0dd830
00041 R13: dffffc0000000000 R14: 1ffff11026738e00 R15: 1ffff1100581bb42
00041 FS:  0000000000000000(0000) GS:ffff8881d4aad000(0000) knlGS:0000000000000000
00041 CS:  0010 DS: 0000 ES: 0000 CR0: 0000000080050033
00041 CR2: 000055c51a52a490 CR3: 00000001019c3000 CR4: 0000000000750eb0
00041 PKRU: 55555554
00041 Call Trace:
00041  <TASK>
00041  ? ofd_precreate_objects+0x1bd8/0x3220 [ofd]
00041  ? ofd_create_hdl+0x2015/0x3510 [ofd]
00041 Code: c7 c7 00 96 7b a1 48 c7 c6 a0 12 7d a1 48 c7 c2 00 1c 7d a1 e8 52 f1 43 ff 48 c7 c7 00 96 7b a1 e8 46 81 44 ff e9 fe fc ff ff <0f> 0b e9 a5 fa ff ff 48 c7 c1 80 44 5d a0 80 e1 07 80 c1 03 38 c1
00041 RSP: 0018:ffffc9000474f878 EFLAGS: 00010246
00041 RAX: 0000000000000000 RBX: ffff888134327000 RCX: 0000000000000046
00041 RDX: 0000000000000000 RSI: ffff88803c5309e8 RDI: ffff88803c1caaa8
00041 RBP: ffff88803c530958 R08: ffffffff83a16803 R09: 1ffffffff0742d00
00041 R10: dffffc0000000000 R11: fffffbfff0742d01 R12: ffff88802d88f030
00041 R13: dffffc0000000000 R14: 1ffff11026864e00 R15: 1ffff11005b11e42
00041  ? tgt_request_handle+0x23ad/0x3d30 [ptlrpc]
00041  ? ret_from_fork_asm+0x11/0x20
00041 FS:  0000000000000000(0000) GS:ffff8881d4a2d000(0000) knlGS:0000000000000000
00041 CS:  0010 DS: 0000 ES: 0000 CR0: 0000000080050033
00041 CR2: 000055c51a563f58 CR3: 0000000135892000 CR4: 0000000000750eb0
00041 PKRU: 55555554
00041 Call Trace:
00041  <TASK>
00041  ? ptlrpc_main+0x6359/0x96f0 [ptlrpc]
00041  </TASK>
00041  ? __kthread_parkme+0x73/0x130
00041  ? kthread+0x2cd/0x3a0
00041  ? ofd_precreate_objects+0x1bd8/0x3220 [ofd]
00041  ? ptlrpc_start_thread+0x1f10/0x1f10 [ptlrpc]
00041 ---[ end trace 0000000000000000 ]---
00041  ? kthread_unuse_mm+0x130/0x130
00041  ? ret_from_fork+0x18c/0x520
00041  ? kthread_unuse_mm+0x130/0x130
00041  ? ofd_create_hdl+0x2015/0x3510 [ofd]
00041 ------------[ cut here ]------------
00041  ? tgt_request_handle+0x23ad/0x3d30 [ptlrpc]
00041  ? ret_from_fork_asm+0x11/0x20
00041  </TASK>
00041 ---[ end trace 0000000000000000 ]---
00041 WARNING: /home/ktest/git/linux/include/linux/fs.h:889 at osd_create+0x9cf/0xcf0 [osd_wbcfs], CPU#2: ll_ost00_002/1782
00041  ? ptlrpc_main+0x6359/0x96f0 [ptlrpc]
00041  ? __kthread_parkme+0x73/0x130
00041 Modules linked in:
00041  ? kthread+0x2cd/0x3a0
00041  ? ptlrpc_start_thread+0x1f10/0x1f10 [ptlrpc]
00041  ofd(O)
00041  ? kthread_unuse_mm+0x130/0x130
00041  ? ret_from_fork+0x18c/0x520
00041  ? kthread_unuse_mm+0x130/0x130
00041  osp(O)
00041  ? ret_from_fork_asm+0x11/0x20
00041  </TASK>
00041 ---[ end trace 0000000000000000 ]---
00041 Lustre: lustre-OST0000-osc-MDT0000: update sequence from 0x100000000 to 0x280000401
00041 ------------[ cut here ]------------
00041  mdd(O)
00041 WARNING: /home/ktest/git/linux/include/linux/fs.h:889 at osd_create+0x9cf/0xcf0 [osd_wbcfs], CPU#0: ll_ost00_000/1780
00041  lod(O)
00041 ------------[ cut here ]------------
00041 WARNING: /home/ktest/git/linux/include/linux/fs.h:889 at osd_create+0x9cf/0xcf0 [osd_wbcfs], CPU#1: ll_ost00_001/1781
00041 Modules linked in: ofd(O) osp(O) mdd(O) lod(O) mdt(O) lquota(O) lfsck(O) mgs(O) osd_wbcfs(O) lustre(O) obdecho(O) mgc(O) mdc(O) lov(O) osc(O) lmv(O) ec(O) fid(O) fld(O) ptlrpc(O) efivarfs obdclass(O) ksocklnd(O) lnet(O) libcfs(O)
00041 CPU: 1 UID: 0 PID: 1781 Comm: ll_ost00_001 Tainted: G        W  O        7.0.0-ktest-fa4bb62-6330a45-20260727-dirty #1 PREEMPT 
00041 Tainted: [W]=WARN, [O]=OOT_MODULE
00041 Hardware name: QEMU Standard PC (Q35 + ICH9, 2009), BIOS 2025.11-3ubuntu7 03/31/2026
00041 RIP: 0010:osd_create+0x9cf/0xcf0 [osd_wbcfs]
00041 Code: c7 c7 00 96 7b a1 48 c7 c6 a0 12 7d a1 48 c7 c2 00 1c 7d a1 e8 52 f1 43 ff 48 c7 c7 00 96 7b a1 e8 46 81 44 ff e9 fe fc ff ff <0f> 0b e9 a5 fa ff ff 48 c7 c1 80 44 5d a0 80 e1 07 80 c1 03 38 c1
00041 RSP: 0018:ffffc900045af8c0 EFLAGS: 00010246
00041 RAX: 0000000000000000 RBX: ffff8880191bac00 RCX: 0000000000000046
00041 RDX: 0000000000000000 RSI: ffff888043e009e8 RDI: ffff88803c1a09c0
00041 RBP: ffff888043e00958 R08: ffffffff83a16803 R09: 1ffffffff0742d00
00041 R10: dffffc0000000000 R11: fffffbfff0742d01 R12: ffff88803c144830
00041 R13: dffffc0000000000 R14: 1ffff11003237580 R15: 1ffff11007828942
00041 FS:  0000000000000000(0000) GS:ffff8881d4aad000(0000) knlGS:0000000000000000
00041 CS:  0010 DS: 0000 ES: 0000 CR0: 0000000080050033
00041 CR2: 000055c51a52a490 CR3: 00000001019c3000 CR4: 0000000000750eb0
00041 PKRU: 55555554
00041 Call Trace:
00041  <TASK>
00041 Modules linked in: ofd(O) osp(O) mdd(O) lod(O) mdt(O) lquota(O) lfsck(O) mgs(O) osd_wbcfs(O) lustre(O) obdecho(O) mgc(O)
00041  ? dt_find_or_create+0x81a/0x1170 [obdclass]
00041  mdc(O)
00041  mdt(O)
00041  ? ofd_seq_load+0x605/0x1ac0 [ofd]
00041  ? ofd_create_hdl+0x4e0/0x3510 [ofd]
00041  lov(O) osc(O) lmv(O) ec(O) fid(O) fld(O) ptlrpc(O) efivarfs obdclass(O) ksocklnd(O)
00041  ? ofd_create_hdl+0x778/0x3510 [ofd]
00041  lquota(O)
00041  ? lustre_pack_reply_flags+0x11f/0x3a0 [ptlrpc]
00041  lnet(O) libcfs(O)
00041 CPU: 0 UID: 0 PID: 1780 Comm: ll_ost00_000 Tainted: G        W  O        7.0.0-ktest-fa4bb62-6330a45-20260727-dirty #1 PREEMPT 
00041  lfsck(O)
00041  ? tgt_request_handle+0x23ad/0x3d30 [ptlrpc]
00041 Tainted: [W]=WARN, [O]=OOT_MODULE
00041 Hardware name: QEMU Standard PC (Q35 + ICH9, 2009), BIOS 2025.11-3ubuntu7 03/31/2026
00041 RIP: 0010:osd_create+0x9cf/0xcf0 [osd_wbcfs]
00041  mgs(O)
00041  ? ptlrpc_main+0x6359/0x96f0 [ptlrpc]
00041 Code: c7 c7 00 96 7b a1 48 c7 c6 a0 12 7d a1 48 c7 c2 00 1c 7d a1 e8 52 f1 43 ff 48 c7 c7 00 96 7b a1 e8 46 81 44 ff e9 fe fc ff ff <0f> 0b e9 a5 fa ff ff 48 c7 c1 80 44 5d a0 80 e1 07 80 c1 03 38 c1
00041 RSP: 0018:ffffc9000474f878 EFLAGS: 00010246
00041 RAX: 0000000000000000 RBX: ffff8881040c0c00 RCX: 0000000000000046
00041 RDX: 0000000000000000 RSI: ffff88803c5302d0 RDI: ffff88803c1caaa8
00041 RBP: ffff88803c530240 R08: ffffffff83a16803 R09: 1ffffffff0742d00
00041 R10: dffffc0000000000 R11: fffffbfff0742d01 R12: ffff88802d88f030
00041 R13: dffffc0000000000 R14: 1ffff11020818180 R15: 1ffff11005b11e42
00041 FS:  0000000000000000(0000) GS:ffff8881d4a2d000(0000) knlGS:0000000000000000
00041  osd_wbcfs(O)
00041  ? __kthread_parkme+0x73/0x130
00041  ? kthread+0x2cd/0x3a0
00041 CS:  0010 DS: 0000 ES: 0000 CR0: 0000000080050033
00041 CR2: 000055c51a563f58 CR3: 0000000135892000 CR4: 0000000000750eb0
00041 PKRU: 55555554
00041 Call Trace:
00041  <TASK>
00041  ? ofd_precreate_objects+0x1bd8/0x3220 [ofd]
00041  ? ptlrpc_start_thread+0x1f10/0x1f10 [ptlrpc]
00041  lustre(O)
00041  ? kthread_unuse_mm+0x130/0x130
00041  ? ret_from_fork+0x18c/0x520
00041  ? kthread_unuse_mm+0x130/0x130
00041  ? ret_from_fork_asm+0x11/0x20
00041  </TASK>
00041 ---[ end trace 0000000000000000 ]---
00041  ? ofd_create_hdl+0x2015/0x3510 [ofd]
00041  obdecho(O)
00041  ? tgt_request_handle+0x23ad/0x3d30 [ptlrpc]
00041  mgc(O)
00041  ? ptlrpc_main+0x6359/0x96f0 [ptlrpc]
00041  mdc(O)
00041  ? __kthread_parkme+0x73/0x130
00041  lov(O)
00041  ? kthread+0x2cd/0x3a0
00041  ? ptlrpc_start_thread+0x1f10/0x1f10 [ptlrpc]
00041  ? kthread_unuse_mm+0x130/0x130
00041  ? ret_from_fork+0x18c/0x520
00041  osc(O)
00041  ? kthread_unuse_mm+0x130/0x130
00041  ? ret_from_fork_asm+0x11/0x20
00041  </TASK>
00041  lmv(O)
00041 ---[ end trace 0000000000000000 ]---
00041 ------------[ cut here ]------------
00041  ec(O)
00041 WARNING: /home/ktest/git/linux/include/linux/fs.h:889 at osd_create+0x9cf/0xcf0 [osd_wbcfs], CPU#0: ll_ost00_000/1780
00041  fid(O)
00041 Modules linked in: ofd(O) osp(O) mdd(O) lod(O) mdt(O) lquota(O) lfsck(O) mgs(O) osd_wbcfs(O) lustre(O) obdecho(O)
00041  fld(O)
00041  mgc(O) mdc(O) lov(O) osc(O) lmv(O) ec(O) fid(O) fld(O) ptlrpc(O) efivarfs obdclass(O) ksocklnd(O) lnet(O)
00041  ptlrpc(O)
00041  libcfs(O)
00041 CPU: 0 UID: 0 PID: 1780 Comm: ll_ost00_000 Tainted: G        W  O        7.0.0-ktest-fa4bb62-6330a45-20260727-dirty #1 PREEMPT 
00041 Tainted: [W]=WARN, [O]=OOT_MODULE
00041 Hardware name: QEMU Standard PC (Q35 + ICH9, 2009), BIOS 2025.11-3ubuntu7 03/31/2026
00041 RIP: 0010:osd_create+0x9cf/0xcf0 [osd_wbcfs]
00041  efivarfs
00041 ------------[ cut here ]------------
00041 WARNING: /home/ktest/git/linux/include/linux/fs.h:889 at osd_create+0x9cf/0xcf0 [osd_wbcfs], CPU#1: ll_ost00_001/1781
00041 Modules linked in: ofd(O) osp(O) mdd(O) lod(O) mdt(O) lquota(O) lfsck(O) mgs(O) osd_wbcfs(O) lustre(O) obdecho(O) mgc(O) mdc(O) lov(O) osc(O) lmv(O) ec(O) fid(O) fld(O) ptlrpc(O) efivarfs obdclass(O) ksocklnd(O) lnet(O) libcfs(O)
00041 CPU: 1 UID: 0 PID: 1781 Comm: ll_ost00_001 Tainted: G        W  O        7.0.0-ktest-fa4bb62-6330a45-20260727-dirty #1 PREEMPT 
00041 Tainted: [W]=WARN, [O]=OOT_MODULE
00041 Hardware name: QEMU Standard PC (Q35 + ICH9, 2009), BIOS 2025.11-3ubuntu7 03/31/2026
00041 RIP: 0010:osd_create+0x9cf/0xcf0 [osd_wbcfs]
00041 Code: c7 c7 00 96 7b a1 48 c7 c6 a0 12 7d a1 48 c7 c2 00 1c 7d a1 e8 52 f1 43 ff 48 c7 c7 00 96 7b a1 e8 46 81 44 ff e9 fe fc ff ff <0f> 0b e9 a5 fa ff ff 48 c7 c1 80 44 5d a0 80 e1 07 80 c1 03 38 c1
00041 RSP: 0018:ffffc900045af878 EFLAGS: 00010246
00041 RAX: 0000000000000000 RBX: ffff8881339f9800 RCX: 0000000000000046
00041 RDX: 0000000000000000 RSI: ffff888043e002d0 RDI: ffff88803c1a09e8
00041 RBP: ffff888043e00240 R08: ffffffff83a16803 R09: 1ffffffff0742d00
00041 R10: dffffc0000000000 R11: fffffbfff0742d01 R12: ffff88803c144830
00041 R13: dffffc0000000000 R14: 1ffff1102673f300 R15: 1ffff11007828942
00041 FS:  0000000000000000(0000) GS:ffff8881d4aad000(0000) knlGS:0000000000000000
00041 CS:  0010 DS: 0000 ES: 0000 CR0: 0000000080050033
00041 CR2: 000055c51a52a490 CR3: 00000001019c3000 CR4: 0000000000750eb0
00041 PKRU: 55555554
00041 Call Trace:
00041  <TASK>
00041  ? ofd_precreate_objects+0x1bd8/0x3220 [ofd]
00041  ? ofd_create_hdl+0x2015/0x3510 [ofd]
00041 Code: c7 c7 00 96 7b a1 48 c7 c6 a0 12 7d a1 48 c7 c2 00 1c 7d a1 e8 52 f1 43 ff 48 c7 c7 00 96 7b a1 e8 46 81 44 ff e9 fe fc ff ff <0f> 0b e9 a5 fa ff ff 48 c7 c1 80 44 5d a0 80 e1 07 80 c1 03 38 c1
00041 RSP: 0018:ffffc9000474f878 EFLAGS: 00010246
00041 RAX: 0000000000000000 RBX: ffff888134328c00 RCX: 0000000000000046
00041 RDX: 0000000000000000 RSI: ffff8880440a7b68 RDI: ffff88803c1caaa8
00041 RBP: ffff8880440a7ad8 R08: ffffffff83a16803 R09: 1ffffffff0742d00
00041  obdclass(O)
00041  ? tgt_request_handle+0x23ad/0x3d30 [ptlrpc]
00041 R10: dffffc0000000000 R11: fffffbfff0742d01 R12: ffff88802d88f030
00041 R13: dffffc0000000000 R14: 1ffff11026865180 R15: 1ffff11005b11e42
00041 FS:  0000000000000000(0000) GS:ffff8881d4a2d000(0000) knlGS:0000000000000000
00041 CS:  0010 DS: 0000 ES: 0000 CR0: 0000000080050033
00041 CR2: 000055c51a563f58 CR3: 0000000135892000 CR4: 0000000000750eb0
00041 PKRU: 55555554
00041 Call Trace:
00041  ? ptlrpc_main+0x6359/0x96f0 [ptlrpc]
00041  ksocklnd(O)
00041  ? __kthread_parkme+0x73/0x130
00041  ? kthread+0x2cd/0x3a0
00041  ? ptlrpc_start_thread+0x1f10/0x1f10 [ptlrpc]
00041  <TASK>
00041  ? ofd_precreate_objects+0x1bd8/0x3220 [ofd]
00041  ? kthread_unuse_mm+0x130/0x130
00041  lnet(O) libcfs(O)
00041 CPU: 2 UID: 0 PID: 1782 Comm: ll_ost00_002 Tainted: G        W  O        7.0.0-ktest-fa4bb62-6330a45-20260727-dirty #1 PREEMPT 
00041 Tainted: [W]=WARN, [O]=OOT_MODULE
00041 Hardware name: QEMU Standard PC (Q35 + ICH9, 2009), BIOS 2025.11-3ubuntu7 03/31/2026
00041 RIP: 0010:osd_create+0x9cf/0xcf0 [osd_wbcfs]
00041 Code: c7 c7 00 96 7b a1 48 c7 c6 a0 12 7d a1 48 c7 c2 00 1c 7d a1 e8 52 f1 43 ff 48 c7 c7 00 96 7b a1 e8 46 81 44 ff e9 fe fc ff ff <0f> 0b e9 a5 fa ff ff 48 c7 c1 80 44 5d a0 80 e1 07 80 c1 03 38 c1
00041 RSP: 0018:ffffc900046ef878 EFLAGS: 00010246
00041 RAX: 0000000000000000 RBX: ffff8881187c4800 RCX: 0000000000000046
00041 RDX: 0000000000000000 RSI: ffff88803c537b68 RDI: ffff88803c17cb68
00041 RBP: ffff88803c537ad8 R08: ffffffff83a16803 R09: 1ffffffff0742d00
00041 R10: dffffc0000000000 R11: fffffbfff0742d01 R12: ffff88803cd8b030
00041 R13: dffffc0000000000 R14: 1ffff110230f8900 R15: 1ffff110079b1642
00041 FS:  0000000000000000(0000) GS:ffff8881d4b2d000(0000) knlGS:0000000000000000
00041 CS:  0010 DS: 0000 ES: 0000 CR0: 0000000080050033
00041 CR2: 000055c51a3f5110 CR3: 000000001914c000 CR4: 0000000000750eb0
00041 PKRU: 55555554
00041 Call Trace:
00041  <TASK>
00041  ? ofd_precreate_objects+0x1bd8/0x3220 [ofd]
00041  ? ofd_create_hdl+0x2015/0x3510 [ofd]
00041  ? ofd_create_hdl+0x2015/0x3510 [ofd]
00041  ? ret_from_fork+0x18c/0x520
00041  ? kthread_unuse_mm+0x130/0x130
00041  ? ret_from_fork_asm+0x11/0x20
00041  ? tgt_request_handle+0x23ad/0x3d30 [ptlrpc]
00041  ? ptlrpc_main+0x6359/0x96f0 [ptlrpc]
00041  ? tgt_request_handle+0x23ad/0x3d30 [ptlrpc]
00041  </TASK>
00041  ? __kthread_parkme+0x73/0x130
00041  ? ptlrpc_main+0x6359/0x96f0 [ptlrpc]
00041 ---[ end trace 0000000000000000 ]---
00041  ? __kthread_parkme+0x73/0x130
00041  ? kthread+0x2cd/0x3a0
00041  ? kthread+0x2cd/0x3a0
00041  ? ptlrpc_start_thread+0x1f10/0x1f10 [ptlrpc]
00041 ------------[ cut here ]------------
00041 WARNING: /home/ktest/git/linux/include/linux/fs.h:889 at osd_create+0x9cf/0xcf0 [osd_wbcfs], CPU#1: ll_ost00_001/1781
00041  ? ptlrpc_start_thread+0x1f10/0x1f10 [ptlrpc]
00041  ? kthread_unuse_mm+0x130/0x130
00041 Modules linked in: ofd(O) osp(O) mdd(O) lod(O) mdt(O) lquota(O) lfsck(O) mgs(O) osd_wbcfs(O) lustre(O) obdecho(O) mgc(O) mdc(O)
00041  ? ret_from_fork+0x18c/0x520
00041  ? kthread_unuse_mm+0x130/0x130
00041  ? ret_from_fork_asm+0x11/0x20
00041  </TASK>
00041 ---[ end trace 0000000000000000 ]---
00041 ------------[ cut here ]------------
00041 WARNING: /home/ktest/git/linux/include/linux/fs.h:889 at osd_create+0x9cf/0xcf0 [osd_wbcfs], CPU#2: ll_ost00_002/1782
00041  lov(O) osc(O) lmv(O)
00041 Modules linked in: ofd(O) osp(O) mdd(O) lod(O) mdt(O) lquota(O) lfsck(O) mgs(O) osd_wbcfs(O) lustre(O) obdecho(O) mgc(O) mdc(O) lov(O) osc(O) lmv(O) ec(O) fid(O) fld(O) ptlrpc(O) efivarfs obdclass(O) ksocklnd(O) lnet(O) libcfs(O)
00041 CPU: 2 UID: 0 PID: 1782 Comm: ll_ost00_002 Tainted: G        W  O        7.0.0-ktest-fa4bb62-6330a45-20260727-dirty #1 PREEMPT 
00041 Tainted: [W]=WARN, [O]=OOT_MODULE
00041 Hardware name: QEMU Standard PC (Q35 + ICH9, 2009), BIOS 2025.11-3ubuntu7 03/31/2026
00041 RIP: 0010:osd_create+0x9cf/0xcf0 [osd_wbcfs]
00041 Code: c7 c7 00 96 7b a1 48 c7 c6 a0 12 7d a1 48 c7 c2 00 1c 7d a1 e8 52 f1 43 ff 48 c7 c7 00 96 7b a1 e8 46 81 44 ff e9 fe fc ff ff <0f> 0b e9 a5 fa ff ff 48 c7 c1 80 44 5d a0 80 e1 07 80 c1 03 38 c1
00041 RSP: 0018:ffffc900046ef878 EFLAGS: 00010246
00041 RAX: 0000000000000000 RBX: ffff8881187c4400 RCX: 0000000000000046
00041 RDX: 0000000000000000 RSI: ffff88803c537450 RDI: ffff88803c17cb68
00041 RBP: ffff88803c5373c0 R08: ffffffff83a16803 R09: 1ffffffff0742d00
00041 R10: dffffc0000000000 R11: fffffbfff0742d01 R12: ffff88803cd8b030
00041 R13: dffffc0000000000 R14: 1ffff110230f8880 R15: 1ffff110079b1642
00041 FS:  0000000000000000(0000) GS:ffff8881d4b2d000(0000) knlGS:0000000000000000
00041 CS:  0010 DS: 0000 ES: 0000 CR0: 0000000080050033
00041 CR2: 000055c51a3f5110 CR3: 000000001914c000 CR4: 0000000000750eb0
00041 PKRU: 55555554
00041 Call Trace:
00041  <TASK>
00041  ? ofd_precreate_objects+0x1bd8/0x3220 [ofd]
00041  ? ofd_create_hdl+0x2015/0x3510 [ofd]
00041  ? kthread_unuse_mm+0x130/0x130
00041  ? tgt_request_handle+0x23ad/0x3d30 [ptlrpc]
00041  ec(O) fid(O)
00041  ? ret_from_fork+0x18c/0x520
00041  ? ptlrpc_main+0x6359/0x96f0 [ptlrpc]
00041  fld(O) ptlrpc(O) efivarfs
00041  ? __kthread_parkme+0x73/0x130
00041  ? kthread+0x2cd/0x3a0
00041  ? ptlrpc_start_thread+0x1f10/0x1f10 [ptlrpc]
00041  ? kthread_unuse_mm+0x130/0x130
00041  ? ret_from_fork+0x18c/0x520
00041  ? kthread_unuse_mm+0x130/0x130
00041  ? ret_from_fork_asm+0x11/0x20
00041  </TASK>
00041 ---[ end trace 0000000000000000 ]---
00041  ? kthread_unuse_mm+0x130/0x130
00041 ------------[ cut here ]------------
00041 WARNING: /home/ktest/git/linux/include/linux/fs.h:889 at osd_create+0x9cf/0xcf0 [osd_wbcfs], CPU#2: ll_ost00_002/1782
00041 Modules linked in: ofd(O) osp(O) mdd(O) lod(O) mdt(O) lquota(O) lfsck(O) mgs(O) osd_wbcfs(O) lustre(O) obdecho(O) mgc(O) mdc(O) lov(O) osc(O) lmv(O) ec(O) fid(O) fld(O) ptlrpc(O) efivarfs obdclass(O) ksocklnd(O) lnet(O) libcfs(O)
00041 CPU: 2 UID: 0 PID: 1782 Comm: ll_ost00_002 Tainted: G        W  O        7.0.0-ktest-fa4bb62-6330a45-20260727-dirty #1 PREEMPT 
00041 Tainted: [W]=WARN, [O]=OOT_MODULE
00041  obdclass(O) ksocklnd(O)
00041 Hardware name: QEMU Standard PC (Q35 + ICH9, 2009), BIOS 2025.11-3ubuntu7 03/31/2026
00041 RIP: 0010:osd_create+0x9cf/0xcf0 [osd_wbcfs]
00041 Code: c7 c7 00 96 7b a1 48 c7 c6 a0 12 7d a1 48 c7 c2 00 1c 7d a1 e8 52 f1 43 ff 48 c7 c7 00 96 7b a1 e8 46 81 44 ff e9 fe fc ff ff <0f> 0b e9 a5 fa ff ff 48 c7 c1 80 44 5d a0 80 e1 07 80 c1 03 38 c1
00041 RSP: 0018:ffffc900046ef878 EFLAGS: 00010246
00041 RAX: 0000000000000000 RBX: ffff8881187c6c00 RCX: 0000000000000046
00041 RDX: 0000000000000000 RSI: ffff88803c536d38 RDI: ffff88803c17cb68
00041 RBP: ffff88803c536ca8 R08: ffffffff83a16803 R09: 1ffffffff0742d00
00041 R10: dffffc0000000000 R11: fffffbfff0742d01 R12: ffff88803cd8b030
00041 R13: dffffc0000000000 R14: 1ffff110230f8d80 R15: 1ffff110079b1642
00041 FS:  0000000000000000(0000) GS:ffff8881d4b2d000(0000) knlGS:0000000000000000
00041 CS:  0010 DS: 0000 ES: 0000 CR0: 0000000080050033
00041 CR2: 000055c51a3f5110 CR3: 000000001914c000 CR4: 0000000000750eb0
00041 PKRU: 55555554
00041 Call Trace:
00041  <TASK>
00041  ? ofd_precreate_objects+0x1bd8/0x3220 [ofd]
00041  ? ofd_create_hdl+0x2015/0x3510 [ofd]
00041  ? ret_from_fork_asm+0x11/0x20
00041  lnet(O)
00041  ? tgt_request_handle+0x23ad/0x3d30 [ptlrpc]
00041  </TASK>
00041  libcfs(O)
00041  ? ptlrpc_main+0x6359/0x96f0 [ptlrpc]
00041 ---[ end trace 0000000000000000 ]---
00041  ? __kthread_parkme+0x73/0x130
00041  ? kthread+0x2cd/0x3a0
00041 
00041 CPU: 1 UID: 0 PID: 1781 Comm: ll_ost00_001 Tainted: G        W  O        7.0.0-ktest-fa4bb62-6330a45-20260727-dirty #1 PREEMPT 
00041  ? ptlrpc_start_thread+0x1f10/0x1f10 [ptlrpc]
00041 ------------[ cut here ]------------
00041  ? kthread_unuse_mm+0x130/0x130
00041  ? ret_from_fork+0x18c/0x520
00041  ? kthread_unuse_mm+0x130/0x130
00041  ? ret_from_fork_asm+0x11/0x20
00041  </TASK>
00041 ---[ end trace 0000000000000000 ]---
00041 Tainted: [W]=WARN, [O]=OOT_MODULE
00041 ------------[ cut here ]------------
00041 WARNING: /home/ktest/git/linux/include/linux/fs.h:889 at osd_create+0x9cf/0xcf0 [osd_wbcfs], CPU#2: ll_ost00_002/1782
00041 WARNING: /home/ktest/git/linux/include/linux/fs.h:889 at osd_create+0x9cf/0xcf0 [osd_wbcfs], CPU#0: ll_ost00_000/1780
00041 Modules linked in: ofd(O) osp(O)
00041 Hardware name: QEMU Standard PC (Q35 + ICH9, 2009), BIOS 2025.11-3ubuntu7 03/31/2026
00041  mdd(O) lod(O) mdt(O) lquota(O) lfsck(O) mgs(O) osd_wbcfs(O) lustre(O) obdecho(O) mgc(O) mdc(O) lov(O) osc(O) lmv(O)
00041 Modules linked in:
00041  ec(O) fid(O) fld(O) ptlrpc(O) efivarfs obdclass(O) ksocklnd(O) lnet(O) libcfs(O)
00041 CPU: 2 UID: 0 PID: 1782 Comm: ll_ost00_002 Tainted: G        W  O        7.0.0-ktest-fa4bb62-6330a45-20260727-dirty #1 PREEMPT 
00041 Tainted: [W]=WARN, [O]=OOT_MODULE
00041 Hardware name: QEMU Standard PC (Q35 + ICH9, 2009), BIOS 2025.11-3ubuntu7 03/31/2026
00041 RIP: 0010:osd_create+0x9cf/0xcf0 [osd_wbcfs]
00041 Code: c7 c7 00 96 7b a1 48 c7 c6 a0 12 7d a1 48 c7 c2 00 1c 7d a1 e8 52 f1 43 ff 48 c7 c7 00 96 7b a1 e8 46 81 44 ff e9 fe fc ff ff <0f> 0b e9 a5 fa ff ff 48 c7 c1 80 44 5d a0 80 e1 07 80 c1 03 38 c1
00041 RSP: 0018:ffffc900046ef878 EFLAGS: 00010246
00041 RAX: 0000000000000000 RBX: ffff8881187c6000 RCX: 0000000000000046
00041 RDX: 0000000000000000 RSI: ffff88803c536620 RDI: ffff88803c17cb68
00041 RBP: ffff88803c536590 R08: ffffffff83a16803 R09: 1ffffffff0742d00
00041 R10: dffffc0000000000 R11: fffffbfff0742d01 R12: ffff88803cd8b030
00041 R13: dffffc0000000000 R14: 1ffff110230f8c00 R15: 1ffff110079b1642
00041 RIP: 0010:osd_create+0x9cf/0xcf0 [osd_wbcfs]
00041 FS:  0000000000000000(0000) GS:ffff8881d4b2d000(0000) knlGS:0000000000000000
00041 Code: c7 c7 00 96 7b a1 48 c7 c6 a0 12 7d a1 48 c7 c2 00 1c 7d a1 e8 52 f1 43 ff 48 c7 c7 00 96 7b a1 e8 46 81 44 ff e9 fe fc ff ff <0f> 0b e9 a5 fa ff ff 48 c7 c1 80 44 5d a0 80 e1 07 80 c1 03 38 c1
00041 RSP: 0018:ffffc900045af878 EFLAGS: 00010246
00041 RAX: 0000000000000000 RBX: ffff888118ae8400 RCX: 0000000000000046
00041 RDX: 0000000000000000 RSI: ffff88803c4350d8 RDI: ffff88803c1a09e8
00041 RBP: ffff88803c435048 R08: ffffffff83a16803 R09: 1ffffffff0742d00
00041 R10: dffffc0000000000 R11: fffffbfff0742d01 R12: ffff88803c144830
00041 R13: dffffc0000000000 R14: 1ffff1102315d080 R15: 1ffff11007828942
00041 FS:  0000000000000000(0000) GS:ffff8881d4aad000(0000) knlGS:0000000000000000
00041 CS:  0010 DS: 0000 ES: 0000 CR0: 0000000080050033
00041 CR2: 000055c51a52a490 CR3: 00000001019c3000 CR4: 0000000000750eb0
00041 PKRU: 55555554
00041 Call Trace:
00041  <TASK>
00041  ? ofd_precreate_objects+0x1bd8/0x3220 [ofd]
00041  ofd(O) osp(O) mdd(O) lod(O)
00041  ? ofd_create_hdl+0x2015/0x3510 [ofd]
00041  mdt(O) lquota(O) lfsck(O) mgs(O) osd_wbcfs(O)
00041 CS:  0010 DS: 0000 ES: 0000 CR0: 0000000080050033
00041  ? tgt_request_handle+0x23ad/0x3d30 [ptlrpc]
00041  lustre(O) obdecho(O) mgc(O) mdc(O) lov(O) osc(O) lmv(O) ec(O) fid(O) fld(O) ptlrpc(O) efivarfs obdclass(O)
00041 CR2: 000055c51a3f5110 CR3: 000000001914c000 CR4: 0000000000750eb0
00041  ksocklnd(O) lnet(O) libcfs(O)
00041  ? ptlrpc_main+0x6359/0x96f0 [ptlrpc]
00041 CPU: 0 UID: 0 PID: 1780 Comm: ll_ost00_000 Tainted: G        W  O        7.0.0-ktest-fa4bb62-6330a45-20260727-dirty #1 PREEMPT 
00041 Tainted: [W]=WARN, [O]=OOT_MODULE
00041 Hardware name: QEMU Standard PC (Q35 + ICH9, 2009), BIOS 2025.11-3ubuntu7 03/31/2026
00041  ? __kthread_parkme+0x73/0x130
00041 PKRU: 55555554
00041 Call Trace:
00041  <TASK>
00041  ? ofd_precreate_objects+0x1bd8/0x3220 [ofd]
00041  ? ofd_create_hdl+0x2015/0x3510 [ofd]
00041 RIP: 0010:osd_create+0x9cf/0xcf0 [osd_wbcfs]
00041 Code: c7 c7 00 96 7b a1 48 c7 c6 a0 12 7d a1 48 c7 c2 00 1c 7d a1 e8 52 f1 43 ff 48 c7 c7 00 96 7b a1 e8 46 81 44 ff e9 fe fc ff ff <0f> 0b e9 a5 fa ff ff 48 c7 c1 80 44 5d a0 80 e1 07 80 c1 03 38 c1
00041 RSP: 0018:ffffc9000474f878 EFLAGS: 00010246
00041 RAX: 0000000000000000 RBX: ffff888134328800 RCX: 0000000000000046
00041 RDX: 0000000000000000 RSI: ffff8880440a7450 RDI: ffff88803c1caaa8
00041 RBP: ffff8880440a73c0 R08: ffffffff83a16803 R09: 1ffffffff0742d00
00041 R10: dffffc0000000000 R11: fffffbfff0742d01 R12: ffff88802d88f030
00041 R13: dffffc0000000000 R14: 1ffff11026865100 R15: 1ffff11005b11e42
00041 FS:  0000000000000000(0000) GS:ffff8881d4a2d000(0000) knlGS:0000000000000000
00041 CS:  0010 DS: 0000 ES: 0000 CR0: 0000000080050033
00041 CR2: 000055c51a563f58 CR3: 0000000135892000 CR4: 0000000000750eb0
00041 PKRU: 55555554
00041 Call Trace:
00041  <TASK>
00041  ? ofd_precreate_objects+0x1bd8/0x3220 [ofd]
00041  ? kthread+0x2cd/0x3a0
00041  ? ofd_create_hdl+0x2015/0x3510 [ofd]
00041  ? ptlrpc_start_thread+0x1f10/0x1f10 [ptlrpc]
00041  ? tgt_request_handle+0x23ad/0x3d30 [ptlrpc]
00041  ? kthread_unuse_mm+0x130/0x130
00041  ? ret_from_fork+0x18c/0x520
00041  ? kthread_unuse_mm+0x130/0x130
00041  ? tgt_request_handle+0x23ad/0x3d30 [ptlrpc]
00041  ? ptlrpc_main+0x6359/0x96f0 [ptlrpc]
00041  ? ret_from_fork_asm+0x11/0x20
00041  ? __kthread_parkme+0x73/0x130
00041  ? kthread+0x2cd/0x3a0
00041  ? ptlrpc_start_thread+0x1f10/0x1f10 [ptlrpc]
00041  ? ptlrpc_main+0x6359/0x96f0 [ptlrpc]
00041  </TASK>
00041 ---[ end trace 0000000000000000 ]---
00041 ------------[ cut here ]------------
00041  ? kthread_unuse_mm+0x130/0x130
00041  ? __kthread_parkme+0x73/0x130
00041  ? kthread+0x2cd/0x3a0
00041 WARNING: /home/ktest/git/linux/include/linux/fs.h:889 at osd_create+0x9cf/0xcf0 [osd_wbcfs], CPU#1: ll_ost00_001/1781
00041  ? ret_from_fork+0x18c/0x520
00041  ? ptlrpc_start_thread+0x1f10/0x1f10 [ptlrpc]
00041 Modules linked in: ofd(O) osp(O) mdd(O) lod(O) mdt(O) lquota(O) lfsck(O)
00041  ? kthread_unuse_mm+0x130/0x130
00041  ? ret_from_fork+0x18c/0x520
00041  ? kthread_unuse_mm+0x130/0x130
00041  ? ret_from_fork_asm+0x11/0x20
00041  </TASK>
00041  ? kthread_unuse_mm+0x130/0x130
00041  ? ret_from_fork_asm+0x11/0x20
00041  </TASK>
00041 ---[ end trace 0000000000000000 ]---
00041 ------------[ cut here ]------------
00041 WARNING: /home/ktest/git/linux/include/linux/fs.h:889 at osd_create+0x9cf/0xcf0 [osd_wbcfs], CPU#2: ll_ost00_002/1782
00041 Modules linked in: ofd(O) osp(O) mdd(O) lod(O) mdt(O) lquota(O) lfsck(O) mgs(O) osd_wbcfs(O) lustre(O) obdecho(O) mgc(O) mdc(O) lov(O) osc(O) lmv(O) ec(O) fid(O) fld(O) ptlrpc(O) efivarfs obdclass(O) ksocklnd(O) lnet(O) libcfs(O)
00041 CPU: 2 UID: 0 PID: 1782 Comm: ll_ost00_002 Tainted: G        W  O        7.0.0-ktest-fa4bb62-6330a45-20260727-dirty #1 PREEMPT 
00041 Tainted: [W]=WARN, [O]=OOT_MODULE
00041 Hardware name: QEMU Standard PC (Q35 + ICH9, 2009), BIOS 2025.11-3ubuntu7 03/31/2026
00041 RIP: 0010:osd_create+0x9cf/0xcf0 [osd_wbcfs]
00041 Code: c7 c7 00 96 7b a1 48 c7 c6 a0 12 7d a1 48 c7 c2 00 1c 7d a1 e8 52 f1 43 ff 48 c7 c7 00 96 7b a1 e8 46 81 44 ff e9 fe fc ff ff <0f> 0b e9 a5 fa ff ff 48 c7 c1 80 44 5d a0 80 e1 07 80 c1 03 38 c1
00041 RSP: 0018:ffffc900046ef878 EFLAGS: 00010246
00041 RAX: 0000000000000000 RBX: ffff8881187c5c00 RCX: 0000000000000046
00041 RDX: 0000000000000000 RSI: ffff88803c535f08 RDI: ffff88803c17cb68
00041 RBP: ffff88803c535e78 R08: ffffffff83a16803 R09: 1ffffffff0742d00
00041 R10: dffffc0000000000 R11: fffffbfff0742d01 R12: ffff88803cd8b030
00041 R13: dffffc0000000000 R14: 1ffff110230f8b80 R15: 1ffff110079b1642
00041 FS:  0000000000000000(0000) GS:ffff8881d4b2d000(0000) knlGS:0000000000000000
00041 CS:  0010 DS: 0000 ES: 0000 CR0: 0000000080050033
00041 CR2: 000055c51a3f5110 CR3: 000000001914c000 CR4: 0000000000750eb0
00041 PKRU: 55555554
00041 Call Trace:
00041  <TASK>
00041  ? ofd_precreate_objects+0x1bd8/0x3220 [ofd]
00041  ? ofd_create_hdl+0x2015/0x3510 [ofd]
00041  mgs(O) osd_wbcfs(O) lustre(O)
00041  ? tgt_request_handle+0x23ad/0x3d30 [ptlrpc]
00041 ---[ end trace 0000000000000000 ]---
00041  ? ptlrpc_main+0x6359/0x96f0 [ptlrpc]
00041  obdecho(O) mgc(O) mdc(O)
00041  ? __kthread_parkme+0x73/0x130
00041  ? kthread+0x2cd/0x3a0
00041  ? ptlrpc_start_thread+0x1f10/0x1f10 [ptlrpc]
00041 ------------[ cut here ]------------
00041  lov(O) osc(O)
00041  ? kthread_unuse_mm+0x130/0x130
00041  ? ret_from_fork+0x18c/0x520
00041  ? kthread_unuse_mm+0x130/0x130
00041  ? ret_from_fork_asm+0x11/0x20
00041  </TASK>
00041 ---[ end trace 0000000000000000 ]---
00041 ------------[ cut here ]------------
00041 WARNING: /home/ktest/git/linux/include/linux/fs.h:889 at osd_create+0x9cf/0xcf0 [osd_wbcfs], CPU#2: ll_ost00_002/1782
00041 Modules linked in: ofd(O) osp(O) mdd(O) lod(O) mdt(O) lquota(O) lfsck(O) mgs(O) osd_wbcfs(O) lustre(O) obdecho(O) mgc(O) mdc(O) lov(O) osc(O) lmv(O) ec(O) fid(O) fld(O) ptlrpc(O) efivarfs obdclass(O) ksocklnd(O) lnet(O) libcfs(O)
00041 CPU: 2 UID: 0 PID: 1782 Comm: ll_ost00_002 Tainted: G        W  O        7.0.0-ktest-fa4bb62-6330a45-20260727-dirty #1 PREEMPT 
00041 Tainted: [W]=WARN, [O]=OOT_MODULE
00041 Hardware name: QEMU Standard PC (Q35 + ICH9, 2009), BIOS 2025.11-3ubuntu7 03/31/2026
00041 RIP: 0010:osd_create+0x9cf/0xcf0 [osd_wbcfs]
00041 Code: c7 c7 00 96 7b a1 48 c7 c6 a0 12 7d a1 48 c7 c2 00 1c 7d a1 e8 52 f1 43 ff 48 c7 c7 00 96 7b a1 e8 46 81 44 ff e9 fe fc ff ff <0f> 0b e9 a5 fa ff ff 48 c7 c1 80 44 5d a0 80 e1 07 80 c1 03 38 c1
00041 RSP: 0018:ffffc900046ef878 EFLAGS: 00010246
00041 RAX: 0000000000000000 RBX: ffff8881187c6800 RCX: 0000000000000046
00041 RDX: 0000000000000000 RSI: ffff88803c5357f0 RDI: ffff88803c17cb68
00041 RBP: ffff88803c535760 R08: ffffffff83a16803 R09: 1ffffffff0742d00
00041 R10: dffffc0000000000 R11: fffffbfff0742d01 R12: ffff88803cd8b030
00041 R13: dffffc0000000000 R14: 1ffff110230f8d00 R15: 1ffff110079b1642
00041 FS:  0000000000000000(0000) GS:ffff8881d4b2d000(0000) knlGS:0000000000000000
00041 CS:  0010 DS: 0000 ES: 0000 CR0: 0000000080050033
00041 CR2: 000055c51a3f5110 CR3: 000000001914c000 CR4: 0000000000750eb0
00041 PKRU: 55555554
00041 Call Trace:
00041  <TASK>
00041  ? ofd_precreate_objects+0x1bd8/0x3220 [ofd]
00041 WARNING: /home/ktest/git/linux/include/linux/fs.h:889 at osd_create+0x9cf/0xcf0 [osd_wbcfs], CPU#0: ll_ost00_000/1780
00041 Modules linked in: ofd(O) osp(O) mdd(O) lod(O) mdt(O) lquota(O) lfsck(O) mgs(O) osd_wbcfs(O) lustre(O) obdecho(O) mgc(O) mdc(O) lov(O) osc(O) lmv(O) ec(O) fid(O) fld(O) ptlrpc(O) efivarfs obdclass(O) ksocklnd(O) lnet(O) libcfs(O)
00041 CPU: 0 UID: 0 PID: 1780 Comm: ll_ost00_000 Tainted: G        W  O        7.0.0-ktest-fa4bb62-6330a45-20260727-dirty #1 PREEMPT 
00041 Tainted: [W]=WARN, [O]=OOT_MODULE
00041 Hardware name: QEMU Standard PC (Q35 + ICH9, 2009), BIOS 2025.11-3ubuntu7 03/31/2026
00041 RIP: 0010:osd_create+0x9cf/0xcf0 [osd_wbcfs]
00041 Code: c7 c7 00 96 7b a1 48 c7 c6 a0 12 7d a1 48 c7 c2 00 1c 7d a1 e8 52 f1 43 ff 48 c7 c7 00 96 7b a1 e8 46 81 44 ff e9 fe fc ff ff <0f> 0b e9 a5 fa ff ff 48 c7 c1 80 44 5d a0 80 e1 07 80 c1 03 38 c1
00041 RSP: 0018:ffffc9000474f878 EFLAGS: 00010246
00041 RAX: 0000000000000000 RBX: ffff88811b901400 RCX: 0000000000000046
00041 RDX: 0000000000000000 RSI: ffff8880440a6d38 RDI: ffff88803c1caaa8
00041 RBP: ffff8880440a6ca8 R08: ffffffff83a16803 R09: 1ffffffff0742d00
00041 R10: dffffc0000000000 R11: fffffbfff0742d01 R12: ffff88802d88f030
00041 R13: dffffc0000000000 R14: 1ffff11023720280 R15: 1ffff11005b11e42
00041  lmv(O) ec(O)
00041 FS:  0000000000000000(0000) GS:ffff8881d4a2d000(0000) knlGS:0000000000000000
00041  fid(O)
00041 CS:  0010 DS: 0000 ES: 0000 CR0: 0000000080050033
00041  fld(O) ptlrpc(O) efivarfs
00041 CR2: 000055c51a563f58 CR3: 0000000135892000 CR4: 0000000000750eb0
00041 PKRU: 55555554
00041 Call Trace:
00041  <TASK>
00041  ? ofd_precreate_objects+0x1bd8/0x3220 [ofd]
00041  ? ofd_create_hdl+0x2015/0x3510 [ofd]
00041  ? ofd_create_hdl+0x2015/0x3510 [ofd]
00041  ? tgt_request_handle+0x23ad/0x3d30 [ptlrpc]
00041  obdclass(O) ksocklnd(O) lnet(O) libcfs(O)
00041 CPU: 1 UID: 0 PID: 1781 Comm: ll_ost00_001 Tainted: G        W  O        7.0.0-ktest-fa4bb62-6330a45-20260727-dirty #1 PREEMPT 
00041 Tainted: [W]=WARN, [O]=OOT_MODULE
00041  ? ptlrpc_main+0x6359/0x96f0 [ptlrpc]
00041  ? tgt_request_handle+0x23ad/0x3d30 [ptlrpc]
00041 Hardware name: QEMU Standard PC (Q35 + ICH9, 2009), BIOS 2025.11-3ubuntu7 03/31/2026
00041  ? __kthread_parkme+0x73/0x130
00041  ? ptlrpc_main+0x6359/0x96f0 [ptlrpc]
00041 RIP: 0010:osd_create+0x9cf/0xcf0 [osd_wbcfs]
00041  ? __kthread_parkme+0x73/0x130
00041  ? kthread+0x2cd/0x3a0
00041  ? kthread+0x2cd/0x3a0
00041 Code: c7 c7 00 96 7b a1 48 c7 c6 a0 12 7d a1 48 c7 c2 00 1c 7d a1 e8 52 f1 43 ff 48 c7 c7 00 96 7b a1 e8 46 81 44 ff e9 fe fc ff ff <0f> 0b e9 a5 fa ff ff 48 c7 c1 80 44 5d a0 80 e1 07 80 c1 03 38 c1
00041  ? ptlrpc_start_thread+0x1f10/0x1f10 [ptlrpc]
00041  ? ptlrpc_start_thread+0x1f10/0x1f10 [ptlrpc]
00041  ? kthread_unuse_mm+0x130/0x130
00041  ? ret_from_fork+0x18c/0x520
00041  ? kthread_unuse_mm+0x130/0x130
00041 RSP: 0018:ffffc900045af878 EFLAGS: 00010246
00041 RAX: 0000000000000000 RBX: ffff888118ae8000 RCX: 0000000000000046
00041  ? ret_from_fork_asm+0x11/0x20
00041 RDX: 0000000000000000 RSI: ffff88803c4349c0 RDI: ffff88803c1a09e8
00041 RBP: ffff88803c434930 R08: ffffffff83a16803 R09: 1ffffffff0742d00
00041  </TASK>
00041 R10: dffffc0000000000 R11: fffffbfff0742d01 R12: ffff88803c144830
00041 R13: dffffc0000000000 R14: 1ffff1102315d000 R15: 1ffff11007828942
00041 FS:  0000000000000000(0000) GS:ffff8881d4aad000(0000) knlGS:0000000000000000
00041 CS:  0010 DS: 0000 ES: 0000 CR0: 0000000080050033
00041 CR2: 000055c51a52a490 CR3: 00000001019c3000 CR4: 0000000000750eb0
00041 PKRU: 55555554
00041 Call Trace:
00041  <TASK>
00041  ? ofd_precreate_objects+0x1bd8/0x3220 [ofd]
00041  ? ofd_create_hdl+0x2015/0x3510 [ofd]
00041  ? kthread_unuse_mm+0x130/0x130
00041  ? ret_from_fork+0x18c/0x520
00041  ? kthread_unuse_mm+0x130/0x130
00041  ? ret_from_fork_asm+0x11/0x20
00041  </TASK>
00041 ---[ end trace 0000000000000000 ]---
00041 ---[ end trace 0000000000000000 ]---
00041 ------------[ cut here ]------------
00041 WARNING: /home/ktest/git/linux/include/linux/fs.h:889 at osd_create+0x9cf/0xcf0 [osd_wbcfs], CPU#2: ll_ost00_002/1782
00041 ------------[ cut here ]------------
00041  ? tgt_request_handle+0x23ad/0x3d30 [ptlrpc]
00041 Modules linked in:
00041 WARNING: /home/ktest/git/linux/include/linux/fs.h:889 at osd_create+0x9cf/0xcf0 [osd_wbcfs], CPU#0: ll_ost00_000/1780
00041  ofd(O)
00041 Modules linked in: ofd(O) osp(O) mdd(O) lod(O) mdt(O) lquota(O) lfsck(O) mgs(O) osd_wbcfs(O) lustre(O) obdecho(O) mgc(O)
00041  ? ptlrpc_main+0x6359/0x96f0 [ptlrpc]
00041  osp(O)
00041  ? __kthread_parkme+0x73/0x130
00041  ? kthread+0x2cd/0x3a0
00041  mdc(O) lov(O) osc(O) lmv(O) ec(O) fid(O) fld(O) ptlrpc(O) efivarfs obdclass(O) ksocklnd(O) lnet(O) libcfs(O)
00041  mdd(O)
00041  ? ptlrpc_start_thread+0x1f10/0x1f10 [ptlrpc]
00041 CPU: 0 UID: 0 PID: 1780 Comm: ll_ost00_000 Tainted: G        W  O        7.0.0-ktest-fa4bb62-6330a45-20260727-dirty #1 PREEMPT 
00041 Tainted: [W]=WARN, [O]=OOT_MODULE
00041 Hardware name: QEMU Standard PC (Q35 + ICH9, 2009), BIOS 2025.11-3ubuntu7 03/31/2026
00041 RIP: 0010:osd_create+0x9cf/0xcf0 [osd_wbcfs]
00041  ? kthread_unuse_mm+0x130/0x130
00041  lod(O) mdt(O) lquota(O) lfsck(O) mgs(O) osd_wbcfs(O) lustre(O) obdecho(O) mgc(O) mdc(O) lov(O) osc(O) lmv(O) ec(O) fid(O) fld(O) ptlrpc(O) efivarfs obdclass(O) ksocklnd(O) lnet(O) libcfs(O)
00041 CPU: 2 UID: 0 PID: 1782 Comm: ll_ost00_002 Tainted: G        W  O        7.0.0-ktest-fa4bb62-6330a45-20260727-dirty #1 PREEMPT 
00041 Tainted: [W]=WARN, [O]=OOT_MODULE
00041 Hardware name: QEMU Standard PC (Q35 + ICH9, 2009), BIOS 2025.11-3ubuntu7 03/31/2026
00041 RIP: 0010:osd_create+0x9cf/0xcf0 [osd_wbcfs]
00041 Code: c7 c7 00 96 7b a1 48 c7 c6 a0 12 7d a1 48 c7 c2 00 1c 7d a1 e8 52 f1 43 ff 48 c7 c7 00 96 7b a1 e8 46 81 44 ff e9 fe fc ff ff <0f> 0b e9 a5 fa ff ff 48 c7 c1 80 44 5d a0 80 e1 07 80 c1 03 38 c1
00041 Code: c7 c7 00 96 7b a1 48 c7 c6 a0 12 7d a1 48 c7 c2 00 1c 7d a1 e8 52 f1 43 ff 48 c7 c7 00 96 7b a1 e8 46 81 44 ff e9 fe fc ff ff <0f> 0b e9 a5 fa ff ff 48 c7 c1 80 44 5d a0 80 e1 07 80 c1 03 38 c1
00041 RSP: 0018:ffffc900046ef878 EFLAGS: 00010246
00041 RAX: 0000000000000000 RBX: ffff88811a16f400 RCX: 0000000000000046
00041 RDX: 0000000000000000 RSI: ffff88803c46a648 RDI: ffff88803c17cb68
00041 RBP: ffff88803c46a5b8 R08: ffffffff83a16803 R09: 1ffffffff0742d00
00041 R10: dffffc0000000000 R11: fffffbfff0742d01 R12: ffff88803cd8b030
00041 R13: dffffc0000000000 R14: 1ffff1102342de80 R15: 1ffff110079b1642
00041 FS:  0000000000000000(0000) GS:ffff8881d4b2d000(0000) knlGS:0000000000000000
00041 CS:  0010 DS: 0000 ES: 0000 CR0: 0000000080050033
00041 CR2: 000055c51a3f5110 CR3: 000000001914c000 CR4: 0000000000750eb0
00041 PKRU: 55555554
00041 Call Trace:
00041  <TASK>
00041  ? ret_from_fork+0x18c/0x520
00041  ? ofd_precreate_objects+0x1bd8/0x3220 [ofd]
00041  ? ofd_create_hdl+0x2015/0x3510 [ofd]
00041 RSP: 0018:ffffc9000474f878 EFLAGS: 00010246
00041  ? kthread_unuse_mm+0x130/0x130
00041  ? tgt_request_handle+0x23ad/0x3d30 [ptlrpc]
00041 RAX: 0000000000000000 RBX: ffff88811b903000 RCX: 0000000000000046
00041  ? ptlrpc_main+0x6359/0x96f0 [ptlrpc]
00041  ? ret_from_fork_asm+0x11/0x20
00041  ? __kthread_parkme+0x73/0x130
00041 RDX: 0000000000000000 RSI: ffff8880440a6620 RDI: ffff88803c1caaa8
00041  ? kthread+0x2cd/0x3a0
00041  ? ptlrpc_start_thread+0x1f10/0x1f10 [ptlrpc]
00041  </TASK>
00041  ? kthread_unuse_mm+0x130/0x130
00041  ? ret_from_fork+0x18c/0x520
00041  ? kthread_unuse_mm+0x130/0x130
00041 RBP: ffff8880440a6590 R08: ffffffff83a16803 R09: 1ffffffff0742d00
00041  ? ret_from_fork_asm+0x11/0x20
00041  </TASK>
00041 ---[ end trace 0000000000000000 ]---
00041 ------------[ cut here ]------------
00041 WARNING: /home/ktest/git/linux/include/linux/fs.h:889 at osd_create+0x9cf/0xcf0 [osd_wbcfs], CPU#2: ll_ost00_002/1782
00041 ---[ end trace 0000000000000000 ]---
00041 Modules linked in: ofd(O) osp(O) mdd(O) lod(O) mdt(O) lquota(O) lfsck(O) mgs(O) osd_wbcfs(O) lustre(O) obdecho(O) mgc(O) mdc(O) lov(O) osc(O) lmv(O) ec(O) fid(O) fld(O) ptlrpc(O) efivarfs obdclass(O) ksocklnd(O) lnet(O) libcfs(O)
00041 CPU: 2 UID: 0 PID: 1782 Comm: ll_ost00_002 Tainted: G        W  O        7.0.0-ktest-fa4bb62-6330a45-20260727-dirty #1 PREEMPT 
00041 R10: dffffc0000000000 R11: fffffbfff0742d01 R12: ffff88802d88f030
00041 Tainted: [W]=WARN, [O]=OOT_MODULE
00041 Hardware name: QEMU Standard PC (Q35 + ICH9, 2009), BIOS 2025.11-3ubuntu7 03/31/2026
00041 RIP: 0010:osd_create+0x9cf/0xcf0 [osd_wbcfs]
00041 Code: c7 c7 00 96 7b a1 48 c7 c6 a0 12 7d a1 48 c7 c2 00 1c 7d a1 e8 52 f1 43 ff 48 c7 c7 00 96 7b a1 e8 46 81 44 ff e9 fe fc ff ff <0f> 0b e9 a5 fa ff ff 48 c7 c1 80 44 5d a0 80 e1 07 80 c1 03 38 c1
00041 RSP: 0018:ffffc900046ef878 EFLAGS: 00010246
00041 RAX: 0000000000000000 RBX: ffff88811a16f800 RCX: 0000000000000046
00041 RDX: 0000000000000000 RSI: ffff88803c469f30 RDI: ffff88803c17cb68
00041 RBP: ffff88803c469ea0 R08: ffffffff83a16803 R09: 1ffffffff0742d00
00041 R10: dffffc0000000000 R11: fffffbfff0742d01 R12: ffff88803cd8b030
00041 R13: dffffc0000000000 R14: 1ffff1102342df00 R15: 1ffff110079b1642
00041 FS:  0000000000000000(0000) GS:ffff8881d4b2d000(0000) knlGS:0000000000000000
00041 CS:  0010 DS: 0000 ES: 0000 CR0: 0000000080050033
00041 CR2: 000055c51a3f5110 CR3: 000000001914c000 CR4: 0000000000750eb0
00041 PKRU: 55555554
00041 Call Trace:
00041  <TASK>
00041 ------------[ cut here ]------------
00041  ? ofd_precreate_objects+0x1bd8/0x3220 [ofd]
00041 R13: dffffc0000000000 R14: 1ffff11023720600 R15: 1ffff11005b11e42
00041  ? ofd_create_hdl+0x2015/0x3510 [ofd]
00041 WARNING: /home/ktest/git/linux/include/linux/fs.h:889 at osd_create+0x9cf/0xcf0 [osd_wbcfs], CPU#1: ll_ost00_001/1781
00041 FS:  0000000000000000(0000) GS:ffff8881d4a2d000(0000) knlGS:0000000000000000
00041 Modules linked in: ofd(O)
00041  ? tgt_request_handle+0x23ad/0x3d30 [ptlrpc]
00041 CS:  0010 DS: 0000 ES: 0000 CR0: 0000000080050033
00041  osp(O) mdd(O)
00041  ? ptlrpc_main+0x6359/0x96f0 [ptlrpc]
00041  ? __kthread_parkme+0x73/0x130
00041  ? kthread+0x2cd/0x3a0
00041  ? ptlrpc_start_thread+0x1f10/0x1f10 [ptlrpc]
00041 CR2: 000055c51a563f58 CR3: 0000000135892000 CR4: 0000000000750eb0
00041  ? kthread_unuse_mm+0x130/0x130
00041  ? ret_from_fork+0x18c/0x520
00041  ? kthread_unuse_mm+0x130/0x130
00041  ? ret_from_fork_asm+0x11/0x20
00041  </TASK>
00041 ---[ end trace 0000000000000000 ]---
00041 ------------[ cut here ]------------
00041 WARNING: /home/ktest/git/linux/include/linux/fs.h:889 at osd_create+0x9cf/0xcf0 [osd_wbcfs], CPU#2: ll_ost00_002/1782
00041 Modules linked in: ofd(O) osp(O) mdd(O) lod(O) mdt(O) lquota(O) lfsck(O) mgs(O) osd_wbcfs(O) lustre(O) obdecho(O) mgc(O) mdc(O) lov(O) osc(O) lmv(O) ec(O) fid(O) fld(O) ptlrpc(O) efivarfs obdclass(O) ksocklnd(O) lnet(O) libcfs(O)
00041 CPU: 2 UID: 0 PID: 1782 Comm: ll_ost00_002 Tainted: G        W  O        7.0.0-ktest-fa4bb62-6330a45-20260727-dirty #1 PREEMPT 
00041  lod(O) mdt(O)
00041 Tainted: [W]=WARN, [O]=OOT_MODULE
00041 Hardware name: QEMU Standard PC (Q35 + ICH9, 2009), BIOS 2025.11-3ubuntu7 03/31/2026
00041 RIP: 0010:osd_create+0x9cf/0xcf0 [osd_wbcfs]
00041 Code: c7 c7 00 96 7b a1 48 c7 c6 a0 12 7d a1 48 c7 c2 00 1c 7d a1 e8 52 f1 43 ff 48 c7 c7 00 96 7b a1 e8 46 81 44 ff e9 fe fc ff ff <0f> 0b e9 a5 fa ff ff 48 c7 c1 80 44 5d a0 80 e1 07 80 c1 03 38 c1
00041 RSP: 0018:ffffc900046ef878 EFLAGS: 00010246
00041 RAX: 0000000000000000 RBX: ffff88811a172400 RCX: 0000000000000046
00041 RDX: 0000000000000000 RSI: ffff88803c469818 RDI: ffff88803c17cb68
00041 RBP: ffff88803c469788 R08: ffffffff83a16803 R09: 1ffffffff0742d00
00041 R10: dffffc0000000000 R11: fffffbfff0742d01 R12: ffff88803cd8b030
00041 R13: dffffc0000000000 R14: 1ffff1102342e480 R15: 1ffff110079b1642
00041 FS:  0000000000000000(0000) GS:ffff8881d4b2d000(0000) knlGS:0000000000000000
00041 CS:  0010 DS: 0000 ES: 0000 CR0: 0000000080050033
00041 CR2: 000055c51a3f5110 CR3: 000000001914c000 CR4: 0000000000750eb0
00041 PKRU: 55555554
00041 Call Trace:
00041 PKRU: 55555554
00041  <TASK>
00041  ? ofd_precreate_objects+0x1bd8/0x3220 [ofd]
00041  lquota(O) lfsck(O)
00041  ? ofd_create_hdl+0x2015/0x3510 [ofd]
00041 Call Trace:
00041  ? tgt_request_handle+0x23ad/0x3d30 [ptlrpc]
00041  mgs(O)
00041  ? ptlrpc_main+0x6359/0x96f0 [ptlrpc]
00041  <TASK>
00041  ? __kthread_parkme+0x73/0x130
00041  ? kthread+0x2cd/0x3a0
00041  osd_wbcfs(O) lustre(O)
00041  ? ptlrpc_start_thread+0x1f10/0x1f10 [ptlrpc]
00041  ? ofd_precreate_objects+0x1bd8/0x3220 [ofd]
00041  ? kthread_unuse_mm+0x130/0x130
00041  ? ret_from_fork+0x18c/0x520
00041  ? kthread_unuse_mm+0x130/0x130
00041  ? ret_from_fork_asm+0x11/0x20
00041  </TASK>
00041 ---[ end trace 0000000000000000 ]---
00041  obdecho(O) mgc(O)
00041 ------------[ cut here ]------------
00041 WARNING: /home/ktest/git/linux/include/linux/fs.h:889 at osd_create+0x9cf/0xcf0 [osd_wbcfs], CPU#2: ll_ost00_002/1782
00041 Modules linked in: ofd(O) osp(O) mdd(O) lod(O) mdt(O) lquota(O) lfsck(O) mgs(O) osd_wbcfs(O) lustre(O) obdecho(O) mgc(O) mdc(O) lov(O) osc(O) lmv(O) ec(O) fid(O) fld(O) ptlrpc(O) efivarfs obdclass(O) ksocklnd(O) lnet(O) libcfs(O)
00041 CPU: 2 UID: 0 PID: 1782 Comm: ll_ost00_002 Tainted: G        W  O        7.0.0-ktest-fa4bb62-6330a45-20260727-dirty #1 PREEMPT 
00041 Tainted: [W]=WARN, [O]=OOT_MODULE
00041 Hardware name: QEMU Standard PC (Q35 + ICH9, 2009), BIOS 2025.11-3ubuntu7 03/31/2026
00041 RIP: 0010:osd_create+0x9cf/0xcf0 [osd_wbcfs]
00041 Code: c7 c7 00 96 7b a1 48 c7 c6 a0 12 7d a1 48 c7 c2 00 1c 7d a1 e8 52 f1 43 ff 48 c7 c7 00 96 7b a1 e8 46 81 44 ff e9 fe fc ff ff <0f> 0b e9 a5 fa ff ff 48 c7 c1 80 44 5d a0 80 e1 07 80 c1 03 38 c1
00041 RSP: 0018:ffffc900046ef878 EFLAGS: 00010246
00041 RAX: 0000000000000000 RBX: ffff888134111800 RCX: 0000000000000046
00041  ? ofd_create_hdl+0x2015/0x3510 [ofd]
00041  mdc(O) lov(O) osc(O) lmv(O) ec(O) fid(O) fld(O) ptlrpc(O) efivarfs obdclass(O) ksocklnd(O) lnet(O) libcfs(O)
00041  ? tgt_request_handle+0x23ad/0x3d30 [ptlrpc]
00041 RDX: 0000000000000000 RSI: ffff88803c469100 RDI: ffff88803c17cb68
00041 RBP: ffff88803c469070 R08: ffffffff83a16803 R09: 1ffffffff0742d00
00041 R10: dffffc0000000000 R11: fffffbfff0742d01 R12: ffff88803cd8b030
00041 R13: dffffc0000000000 R14: 1ffff11026822300 R15: 1ffff110079b1642
00041 FS:  0000000000000000(0000) GS:ffff8881d4b2d000(0000) knlGS:0000000000000000
00041 CS:  0010 DS: 0000 ES: 0000 CR0: 0000000080050033
00041 CR2: 000055c51a3f5110 CR3: 000000001914c000 CR4: 0000000000750eb0
00041 PKRU: 55555554
00041 Call Trace:
00041  <TASK>
00041  ? ofd_precreate_objects+0x1bd8/0x3220 [ofd]
00041 
00041 CPU: 1 UID: 0 PID: 1781 Comm: ll_ost00_001 Tainted: G        W  O        7.0.0-ktest-fa4bb62-6330a45-20260727-dirty #1 PREEMPT 
00041  ? ofd_create_hdl+0x2015/0x3510 [ofd]
00041  ? tgt_request_handle+0x23ad/0x3d30 [ptlrpc]
00041  ? ptlrpc_main+0x6359/0x96f0 [ptlrpc]
00041  ? __kthread_parkme+0x73/0x130
00041  ? kthread+0x2cd/0x3a0
00041 Tainted: [W]=WARN, [O]=OOT_MODULE
00041 Hardware name: QEMU Standard PC (Q35 + ICH9, 2009), BIOS 2025.11-3ubuntu7 03/31/2026
00041 RIP: 0010:osd_create+0x9cf/0xcf0 [osd_wbcfs]
00041  ? ptlrpc_start_thread+0x1f10/0x1f10 [ptlrpc]
00041  ? ptlrpc_main+0x6359/0x96f0 [ptlrpc]
00041 Code: c7 c7 00 96 7b a1 48 c7 c6 a0 12 7d a1 48 c7 c2 00 1c 7d a1 e8 52 f1 43 ff 48 c7 c7 00 96 7b a1 e8 46 81 44 ff e9 fe fc ff ff <0f> 0b e9 a5 fa ff ff 48 c7 c1 80 44 5d a0 80 e1 07 80 c1 03 38 c1
00041  ? kthread_unuse_mm+0x130/0x130
00041 RSP: 0018:ffffc900045af878 EFLAGS: 00010246
00041  ? __kthread_parkme+0x73/0x130
00041  ? kthread+0x2cd/0x3a0
00041  ? ret_from_fork+0x18c/0x520
00041 
00041 RAX: 0000000000000000 RBX: ffff888118ae9c00 RCX: 0000000000000046
00041  ? kthread_unuse_mm+0x130/0x130
00041  ? ptlrpc_start_thread+0x1f10/0x1f10 [ptlrpc]
00041 RDX: 0000000000000000 RSI: ffff88803c4342a8 RDI: ffff88803c1a09e8
00041  ? ret_from_fork_asm+0x11/0x20
00041  ? kthread_unuse_mm+0x130/0x130
00041  ? ret_from_fork+0x18c/0x520
00041  ? kthread_unuse_mm+0x130/0x130
00041  ? ret_from_fork_asm+0x11/0x20
00041  </TASK>
00041 ---[ end trace 0000000000000000 ]---
00041 RBP: ffff88803c434218 R08: ffffffff83a16803 R09: 1ffffffff0742d00
00041  </TASK>
00041 R10: dffffc0000000000 R11: fffffbfff0742d01 R12: ffff88803c144830
00041 R13: dffffc0000000000 R14: 1ffff1102315d380 R15: 1ffff11007828942
00041 FS:  0000000000000000(0000) GS:ffff8881d4aad000(0000) knlGS:0000000000000000
00041 ---[ end trace 0000000000000000 ]---
00041 CS:  0010 DS: 0000 ES: 0000 CR0: 0000000080050033
00041 ------------[ cut here ]------------
00041 CR2: 000055c51a52a490 CR3: 00000001019c3000 CR4: 0000000000750eb0
00041 WARNING: /home/ktest/git/linux/include/linux/fs.h:889 at osd_create+0x9cf/0xcf0 [osd_wbcfs], CPU#0: ll_ost00_000/1780
00041 PKRU: 55555554
00041 Call Trace:
00041 Modules linked in:
00041  <TASK>
00041  ofd(O)
00041  ? ofd_precreate_objects+0x1bd8/0x3220 [ofd]
00041  osp(O) mdd(O)
00041  ? ofd_create_hdl+0x2015/0x3510 [ofd]
00041  lod(O)
00041  ? tgt_request_handle+0x23ad/0x3d30 [ptlrpc]
00041  mdt(O)
00041  ? ptlrpc_main+0x6359/0x96f0 [ptlrpc]
00041  lquota(O) lfsck(O)
00041  ? __kthread_parkme+0x73/0x130
00041  mgs(O)
00041  ? kthread+0x2cd/0x3a0
00041  osd_wbcfs(O)
00041  ? ptlrpc_start_thread+0x1f10/0x1f10 [ptlrpc]
00041  lustre(O) obdecho(O)
00041  ? kthread_unuse_mm+0x130/0x130
00041  mgc(O) mdc(O)
00041  ? ret_from_fork+0x18c/0x520
00041  lov(O)
00041  ? kthread_unuse_mm+0x130/0x130
00041  osc(O)
00041  ? ret_from_fork_asm+0x11/0x20
00041  lmv(O) ec(O) fid(O) fld(O) ptlrpc(O) efivarfs obdclass(O) ksocklnd(O) lnet(O) libcfs(O)
00041 CPU: 0 UID: 0 PID: 1780 Comm: ll_ost00_000 Tainted: G        W  O        7.0.0-ktest-fa4bb62-6330a45-20260727-dirty #1 PREEMPT 
00041 Tainted: [W]=WARN, [O]=OOT_MODULE
00041 Hardware name: QEMU Standard PC (Q35 + ICH9, 2009), BIOS 2025.11-3ubuntu7 03/31/2026
00041 RIP: 0010:osd_create+0x9cf/0xcf0 [osd_wbcfs]
00041  </TASK>
00041 Code: c7 c7 00 96 7b a1 48 c7 c6 a0 12 7d a1 48 c7 c2 00 1c 7d a1 e8 52 f1 43 ff 48 c7 c7 00 96 7b a1 e8 46 81 44 ff e9 fe fc ff ff <0f> 0b e9 a5 fa ff ff 48 c7 c1 80 44 5d a0 80 e1 07 80 c1 03 38 c1
00041 ---[ end trace 0000000000000000 ]---
00041 ------------[ cut here ]------------
00041 RSP: 0018:ffffc9000474f878 EFLAGS: 00010246
00041 WARNING: /home/ktest/git/linux/include/linux/fs.h:889 at osd_create+0x9cf/0xcf0 [osd_wbcfs], CPU#1: ll_ost00_001/1781
00041 
00041 Modules linked in: ofd(O)
00041 RAX: 0000000000000000 RBX: ffff88811b900000 RCX: 0000000000000046
00041  osp(O)
00041 RDX: 0000000000000000 RSI: ffff8880440a5f08 RDI: ffff88803c1caaa8
00041  mdd(O) lod(O)
00041 RBP: ffff8880440a5e78 R08: ffffffff83a16803 R09: 1ffffffff0742d00
00041  mdt(O) lquota(O)
00041 R10: dffffc0000000000 R11: fffffbfff0742d01 R12: ffff88802d88f030
00041  lfsck(O)
00041 R13: dffffc0000000000 R14: 1ffff11023720000 R15: 1ffff11005b11e42
00041  mgs(O)
00041 FS:  0000000000000000(0000) GS:ffff8881d4a2d000(0000) knlGS:0000000000000000
00041  osd_wbcfs(O)
00041 CS:  0010 DS: 0000 ES: 0000 CR0: 0000000080050033
00041  lustre(O)
00041 CR2: 000055c51a563f58 CR3: 0000000135892000 CR4: 0000000000750eb0
00041  obdecho(O)
00041 PKRU: 55555554
00041  mgc(O) mdc(O)
00041 Call Trace:
00041  lov(O)
00041  <TASK>
00041  osc(O)
00041  ? ofd_precreate_objects+0x1bd8/0x3220 [ofd]
00041  lmv(O)
00041  ? ofd_create_hdl+0x2015/0x3510 [ofd]
00041  ec(O) fid(O)
00041  ? tgt_request_handle+0x23ad/0x3d30 [ptlrpc]
00041  fld(O)
00041  ? ptlrpc_main+0x6359/0x96f0 [ptlrpc]
00041  ptlrpc(O) efivarfs
00041  ? __kthread_parkme+0x73/0x130
00041  obdclass(O)
00041  ? kthread+0x2cd/0x3a0
00041  ksocklnd(O)
00041  ? ptlrpc_start_thread+0x1f10/0x1f10 [ptlrpc]
00041  lnet(O)
00041  ? kthread_unuse_mm+0x130/0x130
00041  libcfs(O)
00041  ? ret_from_fork+0x18c/0x520
00041 
00041  ? kthread_unuse_mm+0x130/0x130
00041 CPU: 1 UID: 0 PID: 1781 Comm: ll_ost00_001 Tainted: G        W  O        7.0.0-ktest-fa4bb62-6330a45-20260727-dirty #1 PREEMPT 
00041  ? ret_from_fork_asm+0x11/0x20
00041 Tainted: [W]=WARN, [O]=OOT_MODULE
00041  </TASK>
00041 Hardware name: QEMU Standard PC (Q35 + ICH9, 2009), BIOS 2025.11-3ubuntu7 03/31/2026
00041 RIP: 0010:osd_create+0x9cf/0xcf0 [osd_wbcfs]
00041 ---[ end trace 0000000000000000 ]---
00041 Code: c7 c7 00 96 7b a1 48 c7 c6 a0 12 7d a1 48 c7 c2 00 1c 7d a1 e8 52 f1 43 ff 48 c7 c7 00 96 7b a1 e8 46 81 44 ff e9 fe fc ff ff <0f> 0b e9 a5 fa ff ff 48 c7 c1 80 44 5d a0 80 e1 07 80 c1 03 38 c1
00041 ------------[ cut here ]------------
00041 RSP: 0018:ffffc900045af878 EFLAGS: 00010246
00041 WARNING: /home/ktest/git/linux/include/linux/fs.h:889 at osd_create+0x9cf/0xcf0 [osd_wbcfs], CPU#0: ll_ost00_000/1780
00041 RAX: 0000000000000000 RBX: ffff888118aeb800 RCX: 0000000000000046
00041 Modules linked in:
00041 RDX: 0000000000000000 RSI: ffff88803c433b90 RDI: ffff88803c1a09e8
00041  ofd(O)
00041 RBP: ffff88803c433b00 R08: ffffffff83a16803 R09: 1ffffffff0742d00
00041  osp(O)
00041 R10: dffffc0000000000 R11: fffffbfff0742d01 R12: ffff88803c144830
00041  mdd(O)
00041 R13: dffffc0000000000 R14: 1ffff1102315d700 R15: 1ffff11007828942
00041  lod(O)
00041 FS:  0000000000000000(0000) GS:ffff8881d4aad000(0000) knlGS:0000000000000000
00041  mdt(O)
00041 CS:  0010 DS: 0000 ES: 0000 CR0: 0000000080050033
00041  lquota(O)
00041 CR2: 000055c51a52a490 CR3: 00000001019c3000 CR4: 0000000000750eb0
00041  lfsck(O)
00041 PKRU: 55555554
00041  mgs(O)
00041 Call Trace:
00041  osd_wbcfs(O)
00041  <TASK>
00041  lustre(O) obdecho(O)
00041  ? ofd_precreate_objects+0x1bd8/0x3220 [ofd]
00041  mgc(O)
00041  ? ofd_create_hdl+0x2015/0x3510 [ofd]
00041  mdc(O)
00041  ? tgt_request_handle+0x23ad/0x3d30 [ptlrpc]
00041  lov(O)
00041  ? ptlrpc_main+0x6359/0x96f0 [ptlrpc]
00041  osc(O)
00041  ? __kthread_parkme+0x73/0x130
00041  lmv(O)
00041  ? kthread+0x2cd/0x3a0
00041  ec(O) fid(O) fld(O)
00041  ? ptlrpc_start_thread+0x1f10/0x1f10 [ptlrpc]
00041  ptlrpc(O) efivarfs
00041  ? kthread_unuse_mm+0x130/0x130
00041  obdclass(O)
00041  ? ret_from_fork+0x18c/0x520
00041  ksocklnd(O)
00041  ? kthread_unuse_mm+0x130/0x130
00041  lnet(O)
00041  ? ret_from_fork_asm+0x11/0x20
00041  libcfs(O)
00041  </TASK>
00041 
00041 ---[ end trace 0000000000000000 ]---
00041 CPU: 0 UID: 0 PID: 1780 Comm: ll_ost00_000 Tainted: G        W  O        7.0.0-ktest-fa4bb62-6330a45-20260727-dirty #1 PREEMPT 
00041 ------------[ cut here ]------------
00041 Tainted: [W]=WARN, [O]=OOT_MODULE
00041 WARNING: /home/ktest/git/linux/include/linux/fs.h:889 at osd_create+0x9cf/0xcf0 [osd_wbcfs], CPU#3: ll_ost00_001/1781
00041 Hardware name: QEMU Standard PC (Q35 + ICH9, 2009), BIOS 2025.11-3ubuntu7 03/31/2026
00041 Modules linked in:
00041 RIP: 0010:osd_create+0x9cf/0xcf0 [osd_wbcfs]
00041  ofd(O)
00041 Code: c7 c7 00 96 7b a1 48 c7 c6 a0 12 7d a1 48 c7 c2 00 1c 7d a1 e8 52 f1 43 ff 48 c7 c7 00 96 7b a1 e8 46 81 44 ff e9 fe fc ff ff <0f> 0b e9 a5 fa ff ff 48 c7 c1 80 44 5d a0 80 e1 07 80 c1 03 38 c1
00041  osp(O)
00041 RSP: 0018:ffffc9000474f878 EFLAGS: 00010246
00041  mdd(O)
00041 
00041  lod(O)
00041 RAX: 0000000000000000 RBX: ffff88811bb15c00 RCX: 0000000000000046
00041  mdt(O)
00041 RDX: 0000000000000000 RSI: ffff8880440a57f0 RDI: ffff88803c1caaa8
00041  lquota(O)
00041 RBP: ffff8880440a5760 R08: ffffffff83a16803 R09: 1ffffffff0742d00
00041  lfsck(O) mgs(O)
00041 R10: dffffc0000000000 R11: fffffbfff0742d01 R12: ffff88802d88f030
00041  osd_wbcfs(O)
00041 ------------[ cut here ]------------
00041 R13: dffffc0000000000 R14: 1ffff11023762b80 R15: 1ffff11005b11e42
00041 WARNING: /home/ktest/git/linux/include/linux/fs.h:889 at osd_create+0x9cf/0xcf0 [osd_wbcfs], CPU#2: ll_ost00_002/1782
00041 Modules linked in: ofd(O) osp(O) mdd(O) lod(O) mdt(O) lquota(O) lfsck(O) mgs(O) osd_wbcfs(O) lustre(O) obdecho(O) mgc(O)
00041  lustre(O)
00041  mdc(O) lov(O) osc(O) lmv(O) ec(O) fid(O) fld(O) ptlrpc(O) efivarfs obdclass(O) ksocklnd(O) lnet(O) libcfs(O)
00041 CPU: 2 UID: 0 PID: 1782 Comm: ll_ost00_002 Tainted: G        W  O        7.0.0-ktest-fa4bb62-6330a45-20260727-dirty #1 PREEMPT 
00041 FS:  0000000000000000(0000) GS:ffff8881d4a2d000(0000) knlGS:0000000000000000
00041 Tainted: [W]=WARN, [O]=OOT_MODULE
00041 Hardware name: QEMU Standard PC (Q35 + ICH9, 2009), BIOS 2025.11-3ubuntu7 03/31/2026
00041 RIP: 0010:osd_create+0x9cf/0xcf0 [osd_wbcfs]
00041 Code: c7 c7 00 96 7b a1 48 c7 c6 a0 12 7d a1 48 c7 c2 00 1c 7d a1 e8 52 f1 43 ff 48 c7 c7 00 96 7b a1 e8 46 81 44 ff e9 fe fc ff ff <0f> 0b e9 a5 fa ff ff 48 c7 c1 80 44 5d a0 80 e1 07 80 c1 03 38 c1
00041 RSP: 0018:ffffc900046ef950 EFLAGS: 00010246
00041 RAX: 0000000000000000 RBX: ffff888107f8bc00 RCX: 0000000000000046
00041 RDX: 0000000000000000 RSI: ffff88803c4689e8 RDI: ffff88803c17cb18
00041 RBP: ffff88803c468958 R08: ffffffff83a16803 R09: 1ffffffff0742d00
00041 R10: dffffc0000000000 R11: fffffbfff0742d01 R12: ffff88803cd8b030
00041 R13: dffffc0000000000 R14: 1ffff11020ff1780 R15: 1ffff110079b1642
00041 FS:  0000000000000000(0000) GS:ffff8881d4b2d000(0000) knlGS:0000000000000000
00041 CS:  0010 DS: 0000 ES: 0000 CR0: 0000000080050033
00041 CR2: 000055c51a3f5110 CR3: 00000001019c3000 CR4: 0000000000750eb0
00041 PKRU: 55555554
00041  obdecho(O) mgc(O)
00041 Call Trace:
00041  <TASK>
00041 CS:  0010 DS: 0000 ES: 0000 CR0: 0000000080050033
00041  ? dt_find_or_create+0x81a/0x1170 [obdclass]
00041  ? ofd_seq_load+0x605/0x1ac0 [ofd]
00041  mdc(O) lov(O)
00041  ? ofd_get_info_hdl+0xfdd/0x2330 [ofd]
00041  ? tgt_request_handle+0x23ad/0x3d30 [ptlrpc]
00041 CR2: 000055c51a563f58 CR3: 0000000135892000 CR4: 0000000000750eb0
00041  osc(O) lmv(O)
00041  ? ptlrpc_main+0x6359/0x96f0 [ptlrpc]
00041 PKRU: 55555554
00041  ? __kthread_parkme+0x73/0x130
00041  ec(O) fid(O)
00041  ? kthread+0x2cd/0x3a0
00041 Call Trace:
00041  <TASK>
00041  ? ptlrpc_start_thread+0x1f10/0x1f10 [ptlrpc]
00041  ? kthread_unuse_mm+0x130/0x130
00041  ? ret_from_fork+0x18c/0x520
00041  ? kthread_unuse_mm+0x130/0x130
00041  ? ret_from_fork_asm+0x11/0x20
00041  </TASK>
00041 ---[ end trace 0000000000000000 ]---
00041  fld(O) ptlrpc(O)
00041  ? ofd_precreate_objects+0x1bd8/0x3220 [ofd]
00041  efivarfs
00041  ? ofd_create_hdl+0x2015/0x3510 [ofd]
00041  obdclass(O)
00041 ------------[ cut here ]------------
00041  ksocklnd(O) lnet(O)
00041  ? tgt_request_handle+0x23ad/0x3d30 [ptlrpc]
00041 WARNING: /home/ktest/git/linux/include/linux/fs.h:889 at osd_create+0x9cf/0xcf0 [osd_wbcfs], CPU#1: ll_ost00_003/1820
00041  ? ptlrpc_main+0x6359/0x96f0 [ptlrpc]
00041  libcfs(O)
00041  ? __kthread_parkme+0x73/0x130
00041  ? kthread+0x2cd/0x3a0
00041 Modules linked in:
00041  ? ptlrpc_start_thread+0x1f10/0x1f10 [ptlrpc]
00041 
00041  ofd(O)
00041 CPU: 3 UID: 0 PID: 1781 Comm: ll_ost00_001 Tainted: G        W  O        7.0.0-ktest-fa4bb62-6330a45-20260727-dirty #1 PREEMPT 
00041 Tainted: [W]=WARN, [O]=OOT_MODULE
00041 Hardware name: QEMU Standard PC (Q35 + ICH9, 2009), BIOS 2025.11-3ubuntu7 03/31/2026
00041 RIP: 0010:osd_create+0x9cf/0xcf0 [osd_wbcfs]
00041 Code: c7 c7 00 96 7b a1 48 c7 c6 a0 12 7d a1 48 c7 c2 00 1c 7d a1 e8 52 f1 43 ff 48 c7 c7 00 96 7b a1 e8 46 81 44 ff e9 fe fc ff ff <0f> 0b e9 a5 fa ff ff 48 c7 c1 80 44 5d a0 80 e1 07 80 c1 03 38 c1
00041  osp(O) mdd(O) lod(O) mdt(O) lquota(O) lfsck(O) mgs(O) osd_wbcfs(O) lustre(O) obdecho(O) mgc(O) mdc(O) lov(O) osc(O) lmv(O) ec(O) fid(O) fld(O) ptlrpc(O) efivarfs obdclass(O) ksocklnd(O) lnet(O) libcfs(O)
00041 CPU: 1 UID: 0 PID: 1820 Comm: ll_ost00_003 Tainted: G        W  O        7.0.0-ktest-fa4bb62-6330a45-20260727-dirty #1 PREEMPT 
00041 Tainted: [W]=WARN, [O]=OOT_MODULE
00041 Hardware name: QEMU Standard PC (Q35 + ICH9, 2009), BIOS 2025.11-3ubuntu7 03/31/2026
00041 RIP: 0010:osd_create+0x9cf/0xcf0 [osd_wbcfs]
00041 Code: c7 c7 00 96 7b a1 48 c7 c6 a0 12 7d a1 48 c7 c2 00 1c 7d a1 e8 52 f1 43 ff 48 c7 c7 00 96 7b a1 e8 46 81 44 ff e9 fe fc ff ff <0f> 0b e9 a5 fa ff ff 48 c7 c1 80 44 5d a0 80 e1 07 80 c1 03 38 c1
00041 RSP: 0018:ffffc90007b27878 EFLAGS: 00010246
00041 RAX: 0000000000000000 RBX: ffff888118ac7000 RCX: 0000000000000046
00041 RDX: 0000000000000000 RSI: ffff88803c433478 RDI: ffff888138d12aa8
00041 RBP: ffff88803c4333e8 R08: ffffffff83a16803 R09: 1ffffffff0742d00
00041 R10: dffffc0000000000 R11: fffffbfff0742d01 R12: ffff888134c2a830
00041 R13: dffffc0000000000 R14: 1ffff11023158e00 R15: 1ffff11026985542
00041 FS:  0000000000000000(0000) GS:ffff8881d4aad000(0000) knlGS:0000000000000000
00041 CS:  0010 DS: 0000 ES: 0000 CR0: 0000000080050033
00041 CR2: 000055c51a52a490 CR3: 00000001019c3000 CR4: 0000000000750eb0
00041 PKRU: 55555554
00041 Call Trace:
00041  <TASK>
00041  ? ofd_precreate_objects+0x1bd8/0x3220 [ofd]
00041  ? kthread_unuse_mm+0x130/0x130
00041 RSP: 0018:ffffc900045af878 EFLAGS: 00010246
00041  ? ofd_create_hdl+0x2015/0x3510 [ofd]
00041  ? ret_from_fork+0x18c/0x520
00041 
00041  ? tgt_request_handle+0x23ad/0x3d30 [ptlrpc]
00041  ? kthread_unuse_mm+0x130/0x130
00041 RAX: 0000000000000000 RBX: ffff88813564b800 RCX: 0000000000000046
00041  ? ret_from_fork_asm+0x11/0x20
00041  </TASK>
00041 ---[ end trace 0000000000000000 ]---
00041 RDX: 0000000000000000 RSI: ffff8880436ebb90 RDI: ffff88803c1a09e8
00041 ------------[ cut here ]------------
00041 WARNING: /home/ktest/git/linux/include/linux/fs.h:889 at osd_create+0x9cf/0xcf0 [osd_wbcfs], CPU#0: ll_ost00_000/1780
00041 RBP: ffff8880436ebb00 R08: ffffffff83a16803 R09: 1ffffffff0742d00
00041 Modules linked in: ofd(O)
00041  ? ptlrpc_main+0x6359/0x96f0 [ptlrpc]
00041 R10: dffffc0000000000 R11: fffffbfff0742d01 R12: ffff88803c144830
00041  ? __kthread_parkme+0x73/0x130
00041  ? kthread+0x2cd/0x3a0
00041  osp(O)
00041  ? ptlrpc_start_thread+0x1f10/0x1f10 [ptlrpc]
00041 R13: dffffc0000000000 R14: 1ffff11026ac9700 R15: 1ffff11007828942
00041  ? kthread_unuse_mm+0x130/0x130
00041  ? ret_from_fork+0x18c/0x520
00041  ? kthread_unuse_mm+0x130/0x130
00041  ? ret_from_fork_asm+0x11/0x20
00041  </TASK>
00041 ---[ end trace 0000000000000000 ]---
00041  mdd(O)
00041 FS:  0000000000000000(0000) GS:ffff8881d4bad000(0000) knlGS:0000000000000000
00041  lod(O)
00041 CS:  0010 DS: 0000 ES: 0000 CR0: 0000000080050033
00041  mdt(O)
00041 CR2: 000055c51a51eba8 CR3: 00000001019c3000 CR4: 0000000000750eb0
00041  lquota(O)
00041 PKRU: 55555554
00041 Lustre: lustre-OST0001-osc-MDT0000: update sequence from 0x100010000 to 0x2c0000401
00041  lfsck(O) mgs(O)
00041 ------------[ cut here ]------------
00041 WARNING: /home/ktest/git/linux/include/linux/fs.h:889 at osd_create+0x9cf/0xcf0 [osd_wbcfs], CPU#1: ll_ost00_003/1820
00041 Modules linked in: ofd(O) osp(O) mdd(O) lod(O) mdt(O) lquota(O) lfsck(O) mgs(O) osd_wbcfs(O) lustre(O) obdecho(O) mgc(O) mdc(O) lov(O) osc(O) lmv(O) ec(O) fid(O) fld(O) ptlrpc(O) efivarfs obdclass(O) ksocklnd(O) lnet(O) libcfs(O)
00041 CPU: 1 UID: 0 PID: 1820 Comm: ll_ost00_003 Tainted: G        W  O        7.0.0-ktest-fa4bb62-6330a45-20260727-dirty #1 PREEMPT 
00041 Tainted: [W]=WARN, [O]=OOT_MODULE
00041 Hardware name: QEMU Standard PC (Q35 + ICH9, 2009), BIOS 2025.11-3ubuntu7 03/31/2026
00041 RIP: 0010:osd_create+0x9cf/0xcf0 [osd_wbcfs]
00041 Code: c7 c7 00 96 7b a1 48 c7 c6 a0 12 7d a1 48 c7 c2 00 1c 7d a1 e8 52 f1 43 ff 48 c7 c7 00 96 7b a1 e8 46 81 44 ff e9 fe fc ff ff <0f> 0b e9 a5 fa ff ff 48 c7 c1 80 44 5d a0 80 e1 07 80 c1 03 38 c1
00041 RSP: 0018:ffffc90007b278c0 EFLAGS: 00010246
00041 RAX: 0000000000000000 RBX: ffff888118ac5800 RCX: 0000000000000046
00041 RDX: 0000000000000000 RSI: ffff88803c432d60 RDI: ffff888138d12a80
00041 RBP: ffff88803c432cd0 R08: ffffffff83a16803 R09: 1ffffffff0742d00
00041 R10: dffffc0000000000 R11: fffffbfff0742d01 R12: ffff888134c2a830
00041 R13: dffffc0000000000 R14: 1ffff11023158b00 R15: 1ffff11026985542
00041 FS:  0000000000000000(0000) GS:ffff8881d4aad000(0000) knlGS:0000000000000000
00041 CS:  0010 DS: 0000 ES: 0000 CR0: 0000000080050033
00041 CR2: 000055c51a52a490 CR3: 00000001019c3000 CR4: 0000000000750eb0
00041 PKRU: 55555554
00041 Call Trace:
00041  <TASK>
00041 Call Trace:
00041  <TASK>
00041  ? dt_find_or_create+0x81a/0x1170 [obdclass]
00041  ? ofd_seq_load+0x605/0x1ac0 [ofd]
00041  osd_wbcfs(O)
00041  ? ofd_create_hdl+0x4e0/0x3510 [ofd]
00041  ? ofd_create_hdl+0x778/0x3510 [ofd]
00041  ? ofd_precreate_objects+0x1bd8/0x3220 [ofd]
00041  ? lustre_pack_reply_flags+0x11f/0x3a0 [ptlrpc]
00041  lustre(O) obdecho(O)
00041  ? ofd_create_hdl+0x2015/0x3510 [ofd]
00041  mgc(O)
00041  ? tgt_request_handle+0x23ad/0x3d30 [ptlrpc]
00041  ? ptlrpc_main+0x6359/0x96f0 [ptlrpc]
00041  ? tgt_request_handle+0x23ad/0x3d30 [ptlrpc]
00041  mdc(O)
00041  ? __kthread_parkme+0x73/0x130
00041  ? ptlrpc_main+0x6359/0x96f0 [ptlrpc]
00041  lov(O)
00041  ? __kthread_parkme+0x73/0x130
00041  ? kthread+0x2cd/0x3a0
00041  ? kthread+0x2cd/0x3a0
00041  ? ptlrpc_start_thread+0x1f10/0x1f10 [ptlrpc]
00041  osc(O) lmv(O)
00041  ? kthread_unuse_mm+0x130/0x130
00041  ? ret_from_fork+0x18c/0x520
00041  ? kthread_unuse_mm+0x130/0x130
00041  ? ret_from_fork_asm+0x11/0x20
00041  </TASK>
00041 ---[ end trace 0000000000000000 ]---
00041 ------------[ cut here ]------------
00041  ec(O)
00041  ? ptlrpc_start_thread+0x1f10/0x1f10 [ptlrpc]
00041 WARNING: /home/ktest/git/linux/include/linux/fs.h:889 at osd_create+0x9cf/0xcf0 [osd_wbcfs], CPU#3: ll_ost00_001/1781
00041  ? kthread_unuse_mm+0x130/0x130
00041  ? ret_from_fork+0x18c/0x520
00041  ? kthread_unuse_mm+0x130/0x130
00041  fid(O)
00041  ? ret_from_fork_asm+0x11/0x20
00041  </TASK>
00041 ---[ end trace 0000000000000000 ]---
00041 Modules linked in: ofd(O)
00041  fld(O)
00041  osp(O)
00041  ptlrpc(O)
00041  mdd(O) lod(O)
00041  efivarfs
00041 ------------[ cut here ]------------
00041 WARNING: /home/ktest/git/linux/include/linux/fs.h:889 at osd_create+0x9cf/0xcf0 [osd_wbcfs], CPU#1: ll_ost00_003/1820
00041 Modules linked in: ofd(O) osp(O) mdd(O) lod(O) mdt(O) lquota(O) lfsck(O) mgs(O) osd_wbcfs(O) lustre(O) obdecho(O) mgc(O) mdc(O) lov(O) osc(O) lmv(O) ec(O) fid(O) fld(O) ptlrpc(O) efivarfs obdclass(O) ksocklnd(O) lnet(O) libcfs(O)
00041 CPU: 1 UID: 0 PID: 1820 Comm: ll_ost00_003 Tainted: G        W  O        7.0.0-ktest-fa4bb62-6330a45-20260727-dirty #1 PREEMPT 
00041 Tainted: [W]=WARN, [O]=OOT_MODULE
00041 Hardware name: QEMU Standard PC (Q35 + ICH9, 2009), BIOS 2025.11-3ubuntu7 03/31/2026
00041 RIP: 0010:osd_create+0x9cf/0xcf0 [osd_wbcfs]
00041 Code: c7 c7 00 96 7b a1 48 c7 c6 a0 12 7d a1 48 c7 c2 00 1c 7d a1 e8 52 f1 43 ff 48 c7 c7 00 96 7b a1 e8 46 81 44 ff e9 fe fc ff ff <0f> 0b e9 a5 fa ff ff 48 c7 c1 80 44 5d a0 80 e1 07 80 c1 03 38 c1
00041 RSP: 0018:ffffc90007b27878 EFLAGS: 00010246
00041 RAX: 0000000000000000 RBX: ffff888118ac4c00 RCX: 0000000000000046
00041 RDX: 0000000000000000 RSI: ffff88803c432648 RDI: ffff888138d12aa8
00041 RBP: ffff88803c4325b8 R08: ffffffff83a16803 R09: 1ffffffff0742d00
00041 R10: dffffc0000000000 R11: fffffbfff0742d01 R12: ffff888134c2a830
00041 R13: dffffc0000000000 R14: 1ffff11023158980 R15: 1ffff11026985542
00041  mdt(O)
00041 FS:  0000000000000000(0000) GS:ffff8881d4aad000(0000) knlGS:0000000000000000
00041  lquota(O)
00041 CS:  0010 DS: 0000 ES: 0000 CR0: 0000000080050033
00041 CR2: 000055c51a52a490 CR3: 00000001019c3000 CR4: 0000000000750eb0
00041 PKRU: 55555554
00041 Call Trace:
00041  <TASK>
00041  ? ofd_precreate_objects+0x1bd8/0x3220 [ofd]
00041  ? ofd_create_hdl+0x2015/0x3510 [ofd]
00041  obdclass(O)
00041  lfsck(O)
00041  ? tgt_request_handle+0x23ad/0x3d30 [ptlrpc]
00041  ksocklnd(O)
00041  ? ptlrpc_main+0x6359/0x96f0 [ptlrpc]
00041  ? __kthread_parkme+0x73/0x130
00041  ? kthread+0x2cd/0x3a0
00041  mgs(O) osd_wbcfs(O)
00041  ? ptlrpc_start_thread+0x1f10/0x1f10 [ptlrpc]
00041  lnet(O)
00041  ? kthread_unuse_mm+0x130/0x130
00041  ? ret_from_fork+0x18c/0x520
00041  ? kthread_unuse_mm+0x130/0x130
00041  ? ret_from_fork_asm+0x11/0x20
00041  </TASK>
00041 ---[ end trace 0000000000000000 ]---
00041  lustre(O) obdecho(O)
00041 ------------[ cut here ]------------
00041 WARNING: /home/ktest/git/linux/include/linux/fs.h:889 at osd_create+0x9cf/0xcf0 [osd_wbcfs], CPU#1: ll_ost00_003/1820
00041 Modules linked in: ofd(O) osp(O) mdd(O) lod(O) mdt(O) lquota(O) lfsck(O) mgs(O) osd_wbcfs(O) lustre(O) obdecho(O) mgc(O) mdc(O) lov(O) osc(O) lmv(O) ec(O) fid(O) fld(O) ptlrpc(O) efivarfs obdclass(O) ksocklnd(O) lnet(O) libcfs(O)
00041 CPU: 1 UID: 0 PID: 1820 Comm: ll_ost00_003 Tainted: G        W  O        7.0.0-ktest-fa4bb62-6330a45-20260727-dirty #1 PREEMPT 
00041 Tainted: [W]=WARN, [O]=OOT_MODULE
00041 Hardware name: QEMU Standard PC (Q35 + ICH9, 2009), BIOS 2025.11-3ubuntu7 03/31/2026
00041 RIP: 0010:osd_create+0x9cf/0xcf0 [osd_wbcfs]
00041 Code: c7 c7 00 96 7b a1 48 c7 c6 a0 12 7d a1 48 c7 c2 00 1c 7d a1 e8 52 f1 43 ff 48 c7 c7 00 96 7b a1 e8 46 81 44 ff e9 fe fc ff ff <0f> 0b e9 a5 fa ff ff 48 c7 c1 80 44 5d a0 80 e1 07 80 c1 03 38 c1
00041 RSP: 0018:ffffc90007b27878 EFLAGS: 00010246
00041  libcfs(O)
00041 RAX: 0000000000000000 RBX: ffff888118ac7800 RCX: 0000000000000046
00041 RDX: 0000000000000000 RSI: ffff88803c431f30 RDI: ffff888138d12aa8
00041 RBP: ffff88803c431ea0 R08: ffffffff83a16803 R09: 1ffffffff0742d00
00041 R10: dffffc0000000000 R11: fffffbfff0742d01 R12: ffff888134c2a830
00041 R13: dffffc0000000000 R14: 1ffff11023158f00 R15: 1ffff11026985542
00041 FS:  0000000000000000(0000) GS:ffff8881d4aad000(0000) knlGS:0000000000000000
00041 CS:  0010 DS: 0000 ES: 0000 CR0: 0000000080050033
00041 CR2: 000055c51a52a490 CR3: 00000001019c3000 CR4: 0000000000750eb0
00041 PKRU: 55555554
00041 Call Trace:
00041  <TASK>
00041  ? ofd_precreate_objects+0x1bd8/0x3220 [ofd]
00041  ? ofd_create_hdl+0x2015/0x3510 [ofd]
00041  mgc(O) mdc(O)
00041 
00041  lov(O)
00041  ? tgt_request_handle+0x23ad/0x3d30 [ptlrpc]
00041 CPU: 0 UID: 0 PID: 1780 Comm: ll_ost00_000 Tainted: G        W  O        7.0.0-ktest-fa4bb62-6330a45-20260727-dirty #1 PREEMPT 
00041  osc(O) lmv(O)
00041  ? ptlrpc_main+0x6359/0x96f0 [ptlrpc]
00041 Tainted: [W]=WARN, [O]=OOT_MODULE
00041  ec(O)
00041 Hardware name: QEMU Standard PC (Q35 + ICH9, 2009), BIOS 2025.11-3ubuntu7 03/31/2026
00041  ? __kthread_parkme+0x73/0x130
00041  ? kthread+0x2cd/0x3a0
00041  fid(O) fld(O) ptlrpc(O)
00041  ? ptlrpc_start_thread+0x1f10/0x1f10 [ptlrpc]
00041  efivarfs obdclass(O) ksocklnd(O) lnet(O) libcfs(O)
00041 CPU: 3 UID: 0 PID: 1781 Comm: ll_ost00_001 Tainted: G        W  O        7.0.0-ktest-fa4bb62-6330a45-20260727-dirty #1 PREEMPT 
00041 Tainted: [W]=WARN, [O]=OOT_MODULE
00041 Hardware name: QEMU Standard PC (Q35 + ICH9, 2009), BIOS 2025.11-3ubuntu7 03/31/2026
00041 RIP: 0010:osd_create+0x9cf/0xcf0 [osd_wbcfs]
00041 Code: c7 c7 00 96 7b a1 48 c7 c6 a0 12 7d a1 48 c7 c2 00 1c 7d a1 e8 52 f1 43 ff 48 c7 c7 00 96 7b a1 e8 46 81 44 ff e9 fe fc ff ff <0f> 0b e9 a5 fa ff ff 48 c7 c1 80 44 5d a0 80 e1 07 80 c1 03 38 c1
00041 RSP: 0018:ffffc900045af878 EFLAGS: 00010246
00041 RAX: 0000000000000000 RBX: ffff88813564a000 RCX: 0000000000000046
00041 RDX: 0000000000000000 RSI: ffff8880436eb478 RDI: ffff88803c1a09e8
00041 RBP: ffff8880436eb3e8 R08: ffffffff83a16803 R09: 1ffffffff0742d00
00041 R10: dffffc0000000000 R11: fffffbfff0742d01 R12: ffff88803c144830
00041 R13: dffffc0000000000 R14: 1ffff11026ac9400 R15: 1ffff11007828942
00041 FS:  0000000000000000(0000) GS:ffff8881d4bad000(0000) knlGS:0000000000000000
00041 CS:  0010 DS: 0000 ES: 0000 CR0: 0000000080050033
00041 CR2: 000055c51a51eba8 CR3: 00000001019c3000 CR4: 0000000000750eb0
00041 PKRU: 55555554
00041 Call Trace:
00041  <TASK>
00041  ? ofd_precreate_objects+0x1bd8/0x3220 [ofd]
00041 RIP: 0010:osd_create+0x9cf/0xcf0 [osd_wbcfs]
00041  ? kthread_unuse_mm+0x130/0x130
00041  ? ret_from_fork+0x18c/0x520
00041  ? kthread_unuse_mm+0x130/0x130
00041  ? ret_from_fork_asm+0x11/0x20
00041  </TASK>
00041 ---[ end trace 0000000000000000 ]---
00041 ------------[ cut here ]------------
00041 WARNING: /home/ktest/git/linux/include/linux/fs.h:889 at osd_create+0x9cf/0xcf0 [osd_wbcfs], CPU#1: ll_ost00_003/1820
00041 Modules linked in: ofd(O) osp(O) mdd(O) lod(O) mdt(O) lquota(O) lfsck(O) mgs(O) osd_wbcfs(O) lustre(O) obdecho(O) mgc(O) mdc(O) lov(O) osc(O) lmv(O) ec(O) fid(O) fld(O) ptlrpc(O) efivarfs obdclass(O) ksocklnd(O) lnet(O)
00041  ? ofd_create_hdl+0x2015/0x3510 [ofd]
00041 Code: c7 c7 00 96 7b a1 48 c7 c6 a0 12 7d a1 48 c7 c2 00 1c 7d a1 e8 52 f1 43 ff 48 c7 c7 00 96 7b a1 e8 46 81 44 ff e9 fe fc ff ff <0f> 0b e9 a5 fa ff ff 48 c7 c1 80 44 5d a0 80 e1 07 80 c1 03 38 c1
00041  libcfs(O)
00041  ? tgt_request_handle+0x23ad/0x3d30 [ptlrpc]
00041 RSP: 0018:ffffc9000474f878 EFLAGS: 00010246
00041 
00041 
00041 CPU: 1 UID: 0 PID: 1820 Comm: ll_ost00_003 Tainted: G        W  O        7.0.0-ktest-fa4bb62-6330a45-20260727-dirty #1 PREEMPT 
00041  ? ptlrpc_main+0x6359/0x96f0 [ptlrpc]
00041 RAX: 0000000000000000 RBX: ffff88811bb17c00 RCX: 0000000000000046
00041  ? __kthread_parkme+0x73/0x130
00041  ? kthread+0x2cd/0x3a0
00041 Tainted: [W]=WARN, [O]=OOT_MODULE
00041  ? ptlrpc_start_thread+0x1f10/0x1f10 [ptlrpc]
00041 RDX: 0000000000000000 RSI: ffff8880440a50d8 RDI: ffff88803c1caaa8
00041  ? kthread_unuse_mm+0x130/0x130
00041  ? ret_from_fork+0x18c/0x520
00041  ? kthread_unuse_mm+0x130/0x130
00041  ? ret_from_fork_asm+0x11/0x20
00041  </TASK>
00041 ---[ end trace 0000000000000000 ]---
00041 ------------[ cut here ]------------
00041 WARNING: /home/ktest/git/linux/include/linux/fs.h:889 at osd_create+0x9cf/0xcf0 [osd_wbcfs], CPU#3: ll_ost00_001/1781
00041 Hardware name: QEMU Standard PC (Q35 + ICH9, 2009), BIOS 2025.11-3ubuntu7 03/31/2026
00041 RIP: 0010:osd_create+0x9cf/0xcf0 [osd_wbcfs]
00041 Code: c7 c7 00 96 7b a1 48 c7 c6 a0 12 7d a1 48 c7 c2 00 1c 7d a1 e8 52 f1 43 ff 48 c7 c7 00 96 7b a1 e8 46 81 44 ff e9 fe fc ff ff <0f> 0b e9 a5 fa ff ff 48 c7 c1 80 44 5d a0 80 e1 07 80 c1 03 38 c1
00041 RSP: 0018:ffffc90007b27878 EFLAGS: 00010246
00041 RAX: 0000000000000000 RBX: ffff888118ac6800 RCX: 0000000000000046
00041 RDX: 0000000000000000 RSI: ffff88803c431818 RDI: ffff888138d12aa8
00041 RBP: ffff88803c431788 R08: ffffffff83a16803 R09: 1ffffffff0742d00
00041 R10: dffffc0000000000 R11: fffffbfff0742d01 R12: ffff888134c2a830
00041 R13: dffffc0000000000 R14: 1ffff11023158d00 R15: 1ffff11026985542
00041 FS:  0000000000000000(0000) GS:ffff8881d4aad000(0000) knlGS:0000000000000000
00041 CS:  0010 DS: 0000 ES: 0000 CR0: 0000000080050033
00041 CR2: 000055c51a52a490 CR3: 00000001019c3000 CR4: 0000000000750eb0
00041 PKRU: 55555554
00041 Call Trace:
00041  <TASK>
00041  ? ofd_precreate_objects+0x1bd8/0x3220 [ofd]
00041 RBP: ffff8880440a5048 R08: ffffffff83a16803 R09: 1ffffffff0742d00
00041  ? ofd_create_hdl+0x2015/0x3510 [ofd]
00041 Modules linked in: ofd(O)
00041  ? tgt_request_handle+0x23ad/0x3d30 [ptlrpc]
00041 R10: dffffc0000000000 R11: fffffbfff0742d01 R12: ffff88802d88f030
00041  osp(O) mdd(O)
00041  ? ptlrpc_main+0x6359/0x96f0 [ptlrpc]
00041 R13: dffffc0000000000 R14: 1ffff11023762f80 R15: 1ffff11005b11e42
00041  lod(O)
00041 FS:  0000000000000000(0000) GS:ffff8881d4a2d000(0000) knlGS:0000000000000000
00041  ? __kthread_parkme+0x73/0x130
00041  ? kthread+0x2cd/0x3a0
00041  ? ptlrpc_start_thread+0x1f10/0x1f10 [ptlrpc]
00041  mdt(O) lquota(O)
00041 CS:  0010 DS: 0000 ES: 0000 CR0: 0000000080050033
00041  lfsck(O) mgs(O)
00041  ? kthread_unuse_mm+0x130/0x130
00041  ? ret_from_fork+0x18c/0x520
00041  ? kthread_unuse_mm+0x130/0x130
00041  ? ret_from_fork_asm+0x11/0x20
00041  </TASK>
00041 ---[ end trace 0000000000000000 ]---
00041 ------------[ cut here ]------------
00041 CR2: 000055c51a563f58 CR3: 0000000135892000 CR4: 0000000000750eb0
00041 WARNING: /home/ktest/git/linux/include/linux/fs.h:889 at osd_create+0x9cf/0xcf0 [osd_wbcfs], CPU#1: ll_ost00_003/1820
00041 Modules linked in: ofd(O) osp(O) mdd(O) lod(O) mdt(O) lquota(O) lfsck(O) mgs(O) osd_wbcfs(O) lustre(O) obdecho(O) mgc(O) mdc(O) lov(O) osc(O) lmv(O) ec(O) fid(O) fld(O) ptlrpc(O) efivarfs obdclass(O) ksocklnd(O) lnet(O) libcfs(O)
00041 CPU: 1 UID: 0 PID: 1820 Comm: ll_ost00_003 Tainted: G        W  O        7.0.0-ktest-fa4bb62-6330a45-20260727-dirty #1 PREEMPT 
00041 Tainted: [W]=WARN, [O]=OOT_MODULE
00041 Hardware name: QEMU Standard PC (Q35 + ICH9, 2009), BIOS 2025.11-3ubuntu7 03/31/2026
00041 RIP: 0010:osd_create+0x9cf/0xcf0 [osd_wbcfs]
00041 Code: c7 c7 00 96 7b a1 48 c7 c6 a0 12 7d a1 48 c7 c2 00 1c 7d a1 e8 52 f1 43 ff 48 c7 c7 00 96 7b a1 e8 46 81 44 ff e9 fe fc ff ff <0f> 0b e9 a5 fa ff ff 48 c7 c1 80 44 5d a0 80 e1 07 80 c1 03 38 c1
00041 RSP: 0018:ffffc90007b27878 EFLAGS: 00010246
00041 RAX: 0000000000000000 RBX: ffff888118ac4000 RCX: 0000000000000046
00041 RDX: 0000000000000000 RSI: ffff88803c431100 RDI: ffff888138d12aa8
00041 RBP: ffff88803c431070 R08: ffffffff83a16803 R09: 1ffffffff0742d00
00041 R10: dffffc0000000000 R11: fffffbfff0742d01 R12: ffff888134c2a830
00041 R13: dffffc0000000000 R14: 1ffff11023158800 R15: 1ffff11026985542
00041  osd_wbcfs(O)
00041 FS:  0000000000000000(0000) GS:ffff8881d4aad000(0000) knlGS:0000000000000000
00041  lustre(O)
00041 CS:  0010 DS: 0000 ES: 0000 CR0: 0000000080050033
00041 CR2: 000055c51a52a490 CR3: 00000001019c3000 CR4: 0000000000750eb0
00041 PKRU: 55555554
00041 Call Trace:
00041  <TASK>
00041  ? ofd_precreate_objects+0x1bd8/0x3220 [ofd]
00041  ? ofd_create_hdl+0x2015/0x3510 [ofd]
00041 PKRU: 55555554
00041  obdecho(O)
00041 Call Trace:
00041  ? tgt_request_handle+0x23ad/0x3d30 [ptlrpc]
00041  mgc(O) mdc(O)
00041  <TASK>
00041  lov(O) osc(O)
00041  ? ofd_precreate_objects+0x1bd8/0x3220 [ofd]
00041  lmv(O)
00041  ? ptlrpc_main+0x6359/0x96f0 [ptlrpc]
00041  ? ofd_create_hdl+0x2015/0x3510 [ofd]
00041  ? __kthread_parkme+0x73/0x130
00041  ? kthread+0x2cd/0x3a0
00041  ec(O) fid(O)
00041  ? ptlrpc_start_thread+0x1f10/0x1f10 [ptlrpc]
00041  ? tgt_request_handle+0x23ad/0x3d30 [ptlrpc]
00041  fld(O)
00041  ? kthread_unuse_mm+0x130/0x130
00041  ptlrpc(O)
00041  ? ret_from_fork+0x18c/0x520
00041  ? ptlrpc_main+0x6359/0x96f0 [ptlrpc]
00041  efivarfs
00041  ? kthread_unuse_mm+0x130/0x130
00041  obdclass(O)
00041  ? __kthread_parkme+0x73/0x130
00041  ? kthread+0x2cd/0x3a0
00041  ? ret_from_fork_asm+0x11/0x20
00041  ksocklnd(O)
00041  ? ptlrpc_start_thread+0x1f10/0x1f10 [ptlrpc]
00041  </TASK>
00041  lnet(O)
00041 ---[ end trace 0000000000000000 ]---
00041  ? kthread_unuse_mm+0x130/0x130
00041  ? ret_from_fork+0x18c/0x520
00041  ? kthread_unuse_mm+0x130/0x130
00041  ? ret_from_fork_asm+0x11/0x20
00041  </TASK>
00041 ---[ end trace 0000000000000000 ]---
00041  libcfs(O)
00041 ------------[ cut here ]------------
00041 
00041 WARNING: /home/ktest/git/linux/include/linux/fs.h:889 at osd_create+0x9cf/0xcf0 [osd_wbcfs], CPU#1: ll_ost00_003/1820
00041 CPU: 3 UID: 0 PID: 1781 Comm: ll_ost00_001 Tainted: G        W  O        7.0.0-ktest-fa4bb62-6330a45-20260727-dirty #1 PREEMPT 
00041 ------------[ cut here ]------------
00041 WARNING: /home/ktest/git/linux/include/linux/fs.h:889 at osd_create+0x9cf/0xcf0 [osd_wbcfs], CPU#0: ll_ost00_000/1780
00041 Modules linked in: ofd(O) osp(O) mdd(O) lod(O) mdt(O) lquota(O) lfsck(O) mgs(O) osd_wbcfs(O) lustre(O) obdecho(O) mgc(O) mdc(O) lov(O) osc(O) lmv(O) ec(O) fid(O) fld(O) ptlrpc(O) efivarfs obdclass(O) ksocklnd(O) lnet(O) libcfs(O)
00041 CPU: 0 UID: 0 PID: 1780 Comm: ll_ost00_000 Tainted: G        W  O        7.0.0-ktest-fa4bb62-6330a45-20260727-dirty #1 PREEMPT 
00041 Tainted: [W]=WARN, [O]=OOT_MODULE
00041 Hardware name: QEMU Standard PC (Q35 + ICH9, 2009), BIOS 2025.11-3ubuntu7 03/31/2026
00041 RIP: 0010:osd_create+0x9cf/0xcf0 [osd_wbcfs]
00041 Code: c7 c7 00 96 7b a1 48 c7 c6 a0 12 7d a1 48 c7 c2 00 1c 7d a1 e8 52 f1 43 ff 48 c7 c7 00 96 7b a1 e8 46 81 44 ff e9 fe fc ff ff <0f> 0b e9 a5 fa ff ff 48 c7 c1 80 44 5d a0 80 e1 07 80 c1 03 38 c1
00041 RSP: 0018:ffffc9000474f878 EFLAGS: 00010246
00041 RAX: 0000000000000000 RBX: ffff88811bb17400 RCX: 0000000000000046
00041 RDX: 0000000000000000 RSI: ffff8880440a49c0 RDI: ffff88803c1caaa8
00041 RBP: ffff8880440a4930 R08: ffffffff83a16803 R09: 1ffffffff0742d00
00041 R10: dffffc0000000000 R11: fffffbfff0742d01 R12: ffff88802d88f030
00041 R13: dffffc0000000000 R14: 1ffff11023762e80 R15: 1ffff11005b11e42
00041 FS:  0000000000000000(0000) GS:ffff8881d4a2d000(0000) knlGS:0000000000000000
00041 CS:  0010 DS: 0000 ES: 0000 CR0: 0000000080050033
00041 CR2: 000055c51a563f58 CR3: 0000000135892000 CR4: 0000000000750eb0
00041 PKRU: 55555554
00041 Call Trace:
00041  <TASK>
00041  ? ofd_precreate_objects+0x1bd8/0x3220 [ofd]
00041 Modules linked in: ofd(O) osp(O) mdd(O) lod(O) mdt(O) lquota(O) lfsck(O) mgs(O) osd_wbcfs(O) lustre(O) obdecho(O) mgc(O) mdc(O) lov(O) osc(O) lmv(O) ec(O) fid(O) fld(O) ptlrpc(O) efivarfs obdclass(O) ksocklnd(O) lnet(O)
00041 Tainted: [W]=WARN, [O]=OOT_MODULE
00041  libcfs(O)
00041 Hardware name: QEMU Standard PC (Q35 + ICH9, 2009), BIOS 2025.11-3ubuntu7 03/31/2026
00041 RIP: 0010:osd_create+0x9cf/0xcf0 [osd_wbcfs]
00041 Code: c7 c7 00 96 7b a1 48 c7 c6 a0 12 7d a1 48 c7 c2 00 1c 7d a1 e8 52 f1 43 ff 48 c7 c7 00 96 7b a1 e8 46 81 44 ff e9 fe fc ff ff <0f> 0b e9 a5 fa ff ff 48 c7 c1 80 44 5d a0 80 e1 07 80 c1 03 38 c1
00041 RSP: 0018:ffffc900045af878 EFLAGS: 00010246
00041 RAX: 0000000000000000 RBX: ffff8880191f7c00 RCX: 0000000000000046
00041 RDX: 0000000000000000 RSI: ffff8880436ead60 RDI: ffff88803c1a09e8
00041 RBP: ffff8880436eacd0 R08: ffffffff83a16803 R09: 1ffffffff0742d00
00041 R10: dffffc0000000000 R11: fffffbfff0742d01 R12: ffff88803c144830
00041 R13: dffffc0000000000 R14: 1ffff1100323ef80 R15: 1ffff11007828942
00041 FS:  0000000000000000(0000) GS:ffff8881d4bad000(0000) knlGS:0000000000000000
00041 CS:  0010 DS: 0000 ES: 0000 CR0: 0000000080050033
00041 CR2: 000055c51a51eba8 CR3: 00000001019c3000 CR4: 0000000000750eb0
00041 PKRU: 55555554
00041 Call Trace:
00041  <TASK>
00041  ? ofd_precreate_objects+0x1bd8/0x3220 [ofd]
00041  ? ofd_create_hdl+0x2015/0x3510 [ofd]
00041  ? tgt_request_handle+0x23ad/0x3d30 [ptlrpc]
00041  ? ofd_create_hdl+0x2015/0x3510 [ofd]
00041 
00041 CPU: 1 UID: 0 PID: 1820 Comm: ll_ost00_003 Tainted: G        W  O        7.0.0-ktest-fa4bb62-6330a45-20260727-dirty #1 PREEMPT 
00041  ? ptlrpc_main+0x6359/0x96f0 [ptlrpc]
00041  ? __kthread_parkme+0x73/0x130
00041  ? kthread+0x2cd/0x3a0
00041  ? ptlrpc_start_thread+0x1f10/0x1f10 [ptlrpc]
00041  ? tgt_request_handle+0x23ad/0x3d30 [ptlrpc]
00041 Tainted: [W]=WARN, [O]=OOT_MODULE
00041  ? kthread_unuse_mm+0x130/0x130
00041 Hardware name: QEMU Standard PC (Q35 + ICH9, 2009), BIOS 2025.11-3ubuntu7 03/31/2026
00041 RIP: 0010:osd_create+0x9cf/0xcf0 [osd_wbcfs]
00041  ? ptlrpc_main+0x6359/0x96f0 [ptlrpc]
00041  ? __kthread_parkme+0x73/0x130
00041  ? kthread+0x2cd/0x3a0
00041  ? ptlrpc_start_thread+0x1f10/0x1f10 [ptlrpc]
00041  ? ret_from_fork+0x18c/0x520
00041 Code: c7 c7 00 96 7b a1 48 c7 c6 a0 12 7d a1 48 c7 c2 00 1c 7d a1 e8 52 f1 43 ff 48 c7 c7 00 96 7b a1 e8 46 81 44 ff e9 fe fc ff ff <0f> 0b e9 a5 fa ff ff 48 c7 c1 80 44 5d a0 80 e1 07 80 c1 03 38 c1
00041  ? kthread_unuse_mm+0x130/0x130
00041  ? ret_from_fork+0x18c/0x520
00041  ? kthread_unuse_mm+0x130/0x130
00041  ? ret_from_fork_asm+0x11/0x20
00041  </TASK>
00041 ---[ end trace 0000000000000000 ]---
00041 ------------[ cut here ]------------
00041 WARNING: /home/ktest/git/linux/include/linux/fs.h:889 at osd_create+0x9cf/0xcf0 [osd_wbcfs], CPU#0: ll_ost00_000/1780
00041 Modules linked in: ofd(O) osp(O) mdd(O) lod(O) mdt(O) lquota(O) lfsck(O) mgs(O) osd_wbcfs(O) lustre(O) obdecho(O) mgc(O)
00041  ? kthread_unuse_mm+0x130/0x130
00041  ? ret_from_fork_asm+0x11/0x20
00041  </TASK>
00041 ---[ end trace 0000000000000000 ]---
00041 ------------[ cut here ]------------
00041 WARNING: /home/ktest/git/linux/include/linux/fs.h:889 at osd_create+0x9cf/0xcf0 [osd_wbcfs], CPU#3: ll_ost00_001/1781
00041 Modules linked in: ofd(O) osp(O) mdd(O) lod(O) mdt(O) lquota(O) lfsck(O) mgs(O) osd_wbcfs(O) lustre(O) obdecho(O) mgc(O) mdc(O) lov(O) osc(O) lmv(O) ec(O) fid(O) fld(O) ptlrpc(O) efivarfs obdclass(O) ksocklnd(O) lnet(O) libcfs(O)
00041 CPU: 3 UID: 0 PID: 1781 Comm: ll_ost00_001 Tainted: G        W  O        7.0.0-ktest-fa4bb62-6330a45-20260727-dirty #1 PREEMPT 
00041 Tainted: [W]=WARN, [O]=OOT_MODULE
00041 Hardware name: QEMU Standard PC (Q35 + ICH9, 2009), BIOS 2025.11-3ubuntu7 03/31/2026
00041 RIP: 0010:osd_create+0x9cf/0xcf0 [osd_wbcfs]
00041 Code: c7 c7 00 96 7b a1 48 c7 c6 a0 12 7d a1 48 c7 c2 00 1c 7d a1 e8 52 f1 43 ff 48 c7 c7 00 96 7b a1 e8 46 81 44 ff e9 fe fc ff ff <0f> 0b e9 a5 fa ff ff 48 c7 c1 80 44 5d a0 80 e1 07 80 c1 03 38 c1
00041 RSP: 0018:ffffc900045af878 EFLAGS: 00010246
00041 RAX: 0000000000000000 RBX: ffff888133aa9800 RCX: 0000000000000046
00041 RDX: 0000000000000000 RSI: ffff88803c46fb68 RDI: ffff88803c1a09e8
00041 RBP: ffff88803c46fad8 R08: ffffffff83a16803 R09: 1ffffffff0742d00
00041 R10: dffffc0000000000 R11: fffffbfff0742d01 R12: ffff88803c144830
00041 R13: dffffc0000000000 R14: 1ffff11026755300 R15: 1ffff11007828942
00041 FS:  0000000000000000(0000) GS:ffff8881d4bad000(0000) knlGS:0000000000000000
00041 CS:  0010 DS: 0000 ES: 0000 CR0: 0000000080050033
00041 CR2: 000055c51a51eba8 CR3: 00000001019c3000 CR4: 0000000000750eb0
00041 RSP: 0018:ffffc90007b27878 EFLAGS: 00010246
00041 PKRU: 55555554
00041 Call Trace:
00041  <TASK>
00041  ? ofd_precreate_objects+0x1bd8/0x3220 [ofd]
00041  ? ofd_create_hdl+0x2015/0x3510 [ofd]
00041  mdc(O)
00041  ? tgt_request_handle+0x23ad/0x3d30 [ptlrpc]
00041 RAX: 0000000000000000 RBX: ffff888118ac4400 RCX: 0000000000000046
00041  lov(O)
00041  ? ptlrpc_main+0x6359/0x96f0 [ptlrpc]
00041 RDX: 0000000000000000 RSI: ffff88803c4309e8 RDI: ffff888138d12aa8
00041  osc(O)
00041  ? __kthread_parkme+0x73/0x130
00041  ? kthread+0x2cd/0x3a0
00041 RBP: ffff88803c430958 R08: ffffffff83a16803 R09: 1ffffffff0742d00
00041  ? ptlrpc_start_thread+0x1f10/0x1f10 [ptlrpc]
00041  lmv(O)
00041 R10: dffffc0000000000 R11: fffffbfff0742d01 R12: ffff888134c2a830
00041  ? kthread_unuse_mm+0x130/0x130
00041  ? ret_from_fork+0x18c/0x520
00041  ec(O)
00041  ? kthread_unuse_mm+0x130/0x130
00041  ? ret_from_fork_asm+0x11/0x20
00041  </TASK>
00041 ---[ end trace 0000000000000000 ]---
00041 R13: dffffc0000000000 R14: 1ffff11023158880 R15: 1ffff11026985542
00041 FS:  0000000000000000(0000) GS:ffff8881d4aad000(0000) knlGS:0000000000000000
00041 ------------[ cut here ]------------
00041 WARNING: /home/ktest/git/linux/include/linux/fs.h:889 at osd_create+0x9cf/0xcf0 [osd_wbcfs], CPU#3: ll_ost00_001/1781
00041 Modules linked in: ofd(O) osp(O) mdd(O) lod(O) mdt(O) lquota(O) lfsck(O) mgs(O) osd_wbcfs(O) lustre(O) obdecho(O) mgc(O) mdc(O) lov(O) osc(O) lmv(O) ec(O) fid(O) fld(O) ptlrpc(O) efivarfs obdclass(O) ksocklnd(O) lnet(O) libcfs(O)
00041 CPU: 3 UID: 0 PID: 1781 Comm: ll_ost00_001 Tainted: G        W  O        7.0.0-ktest-fa4bb62-6330a45-20260727-dirty #1 PREEMPT 
00041 Tainted: [W]=WARN, [O]=OOT_MODULE
00041 Hardware name: QEMU Standard PC (Q35 + ICH9, 2009), BIOS 2025.11-3ubuntu7 03/31/2026
00041 RIP: 0010:osd_create+0x9cf/0xcf0 [osd_wbcfs]
00041 Code: c7 c7 00 96 7b a1 48 c7 c6 a0 12 7d a1 48 c7 c2 00 1c 7d a1 e8 52 f1 43 ff 48 c7 c7 00 96 7b a1 e8 46 81 44 ff e9 fe fc ff ff <0f> 0b e9 a5 fa ff ff 48 c7 c1 80 44 5d a0 80 e1 07 80 c1 03 38 c1
00041 RSP: 0018:ffffc900045af878 EFLAGS: 00010246
00041 RAX: 0000000000000000 RBX: ffff888133aa9400 RCX: 0000000000000046
00041 RDX: 0000000000000000 RSI: ffff88803c46f450 RDI: ffff88803c1a09e8
00041 RBP: ffff88803c46f3c0 R08: ffffffff83a16803 R09: 1ffffffff0742d00
00041 R10: dffffc0000000000 R11: fffffbfff0742d01 R12: ffff88803c144830
00041 R13: dffffc0000000000 R14: 1ffff11026755280 R15: 1ffff11007828942
00041 FS:  0000000000000000(0000) GS:ffff8881d4bad000(0000) knlGS:0000000000000000
00041 CS:  0010 DS: 0000 ES: 0000 CR0: 0000000080050033
00041 CR2: 000055c51a51eba8 CR3: 00000001019c3000 CR4: 0000000000750eb0
00041 PKRU: 55555554
00041 Call Trace:
00041  <TASK>
00041  fid(O)
00041  ? ofd_precreate_objects+0x1bd8/0x3220 [ofd]
00041 CS:  0010 DS: 0000 ES: 0000 CR0: 0000000080050033
00041 CR2: 000055c51a52a490 CR3: 00000001019c3000 CR4: 0000000000750eb0
00041  ? ofd_create_hdl+0x2015/0x3510 [ofd]
00041  fld(O)
00041 PKRU: 55555554
00041  ? tgt_request_handle+0x23ad/0x3d30 [ptlrpc]
00041  ptlrpc(O)
00041 Call Trace:
00041  efivarfs
00041  <TASK>
00041  obdclass(O)
00041  ? ptlrpc_main+0x6359/0x96f0 [ptlrpc]
00041  ? ofd_precreate_objects+0x1bd8/0x3220 [ofd]
00041  ksocklnd(O) lnet(O) libcfs(O)
00041 CPU: 0 UID: 0 PID: 1780 Comm: ll_ost00_000 Tainted: G        W  O        7.0.0-ktest-fa4bb62-6330a45-20260727-dirty #1 PREEMPT 
00041 Tainted: [W]=WARN, [O]=OOT_MODULE
00041 Hardware name: QEMU Standard PC (Q35 + ICH9, 2009), BIOS 2025.11-3ubuntu7 03/31/2026
00041 RIP: 0010:osd_create+0x9cf/0xcf0 [osd_wbcfs]
00041 Code: c7 c7 00 96 7b a1 48 c7 c6 a0 12 7d a1 48 c7 c2 00 1c 7d a1 e8 52 f1 43 ff 48 c7 c7 00 96 7b a1 e8 46 81 44 ff e9 fe fc ff ff <0f> 0b e9 a5 fa ff ff 48 c7 c1 80 44 5d a0 80 e1 07 80 c1 03 38 c1
00041 RSP: 0018:ffffc9000474f878 EFLAGS: 00010246
00041 RAX: 0000000000000000 RBX: ffff888105c55c00 RCX: 0000000000000046
00041  ? ofd_create_hdl+0x2015/0x3510 [ofd]
00041  ? __kthread_parkme+0x73/0x130
00041 RDX: 0000000000000000 RSI: ffff8880440a42a8 RDI: ffff88803c1caaa8
00041  ? tgt_request_handle+0x23ad/0x3d30 [ptlrpc]
00041  ? kthread+0x2cd/0x3a0
00041 RBP: ffff8880440a4218 R08: ffffffff83a16803 R09: 1ffffffff0742d00
00041 R10: dffffc0000000000 R11: fffffbfff0742d01 R12: ffff88802d88f030
00041  ? ptlrpc_start_thread+0x1f10/0x1f10 [ptlrpc]
00041  ? ptlrpc_main+0x6359/0x96f0 [ptlrpc]
00041  ? __kthread_parkme+0x73/0x130
00041  ? kthread+0x2cd/0x3a0
00041 R13: dffffc0000000000 R14: 1ffff11020b8ab80 R15: 1ffff11005b11e42
00041  ? kthread_unuse_mm+0x130/0x130
00041  ? ptlrpc_start_thread+0x1f10/0x1f10 [ptlrpc]
00041  ? kthread_unuse_mm+0x130/0x130
00041  ? ret_from_fork+0x18c/0x520
00041  ? kthread_unuse_mm+0x130/0x130
00041  ? ret_from_fork_asm+0x11/0x20
00041  </TASK>
00041 ---[ end trace 0000000000000000 ]---
00041 ------------[ cut here ]------------
00041 FS:  0000000000000000(0000) GS:ffff8881d4a2d000(0000) knlGS:0000000000000000
00041 WARNING: /home/ktest/git/linux/include/linux/fs.h:889 at osd_create+0x9cf/0xcf0 [osd_wbcfs], CPU#1: ll_ost00_003/1820
00041 Modules linked in: ofd(O) osp(O) mdd(O) lod(O) mdt(O) lquota(O) lfsck(O) mgs(O) osd_wbcfs(O) lustre(O) obdecho(O) mgc(O) mdc(O)
00041  ? ret_from_fork+0x18c/0x520
00041  ? kthread_unuse_mm+0x130/0x130
00041  ? ret_from_fork_asm+0x11/0x20
00041  </TASK>
00041 ---[ end trace 0000000000000000 ]---
00041 ------------[ cut here ]------------
00041 WARNING: /home/ktest/git/linux/include/linux/fs.h:889 at osd_create+0x9cf/0xcf0 [osd_wbcfs], CPU#3: ll_ost00_001/1781
00041 Modules linked in: ofd(O) osp(O) mdd(O) lod(O) mdt(O) lquota(O) lfsck(O) mgs(O) osd_wbcfs(O) lustre(O) obdecho(O) mgc(O) mdc(O) lov(O) osc(O) lmv(O) ec(O) fid(O) fld(O) ptlrpc(O) efivarfs obdclass(O) ksocklnd(O) lnet(O) libcfs(O)
00041 CPU: 3 UID: 0 PID: 1781 Comm: ll_ost00_001 Tainted: G        W  O        7.0.0-ktest-fa4bb62-6330a45-20260727-dirty #1 PREEMPT 
00041 Tainted: [W]=WARN, [O]=OOT_MODULE
00041 Hardware name: QEMU Standard PC (Q35 + ICH9, 2009), BIOS 2025.11-3ubuntu7 03/31/2026
00041 RIP: 0010:osd_create+0x9cf/0xcf0 [osd_wbcfs]
00041 Code: c7 c7 00 96 7b a1 48 c7 c6 a0 12 7d a1 48 c7 c2 00 1c 7d a1 e8 52 f1 43 ff 48 c7 c7 00 96 7b a1 e8 46 81 44 ff e9 fe fc ff ff <0f> 0b e9 a5 fa ff ff 48 c7 c1 80 44 5d a0 80 e1 07 80 c1 03 38 c1
00041 RSP: 0018:ffffc900045af878 EFLAGS: 00010246
00041 RAX: 0000000000000000 RBX: ffff888133aa9000 RCX: 0000000000000046
00041 RDX: 0000000000000000 RSI: ffff88803c46ed38 RDI: ffff88803c1a09e8
00041 RBP: ffff88803c46eca8 R08: ffffffff83a16803 R09: 1ffffffff0742d00
00041 R10: dffffc0000000000 R11: fffffbfff0742d01 R12: ffff88803c144830
00041 R13: dffffc0000000000 R14: 1ffff11026755200 R15: 1ffff11007828942
00041 FS:  0000000000000000(0000) GS:ffff8881d4bad000(0000) knlGS:0000000000000000
00041 CS:  0010 DS: 0000 ES: 0000 CR0: 0000000080050033
00041 CR2: 000055c51a51eba8 CR3: 00000001019c3000 CR4: 0000000000750eb0
00041 PKRU: 55555554
00041 Call Trace:
00041  <TASK>
00041  ? ofd_precreate_objects+0x1bd8/0x3220 [ofd]
00041  ? ofd_create_hdl+0x2015/0x3510 [ofd]
00041 CS:  0010 DS: 0000 ES: 0000 CR0: 0000000080050033
00041  ? tgt_request_handle+0x23ad/0x3d30 [ptlrpc]
00041  lov(O) osc(O)
00041 CR2: 000055c51a563f58 CR3: 0000000135892000 CR4: 0000000000750eb0
00041  lmv(O) ec(O)
00041  ? ptlrpc_main+0x6359/0x96f0 [ptlrpc]
00041 PKRU: 55555554
00041  ? __kthread_parkme+0x73/0x130
00041  ? kthread+0x2cd/0x3a0
00041  fid(O) fld(O)
00041 Call Trace:
00041  ? ptlrpc_start_thread+0x1f10/0x1f10 [ptlrpc]
00041  ? kthread_unuse_mm+0x130/0x130
00041  ? ret_from_fork+0x18c/0x520
00041  ? kthread_unuse_mm+0x130/0x130
00041  ? ret_from_fork_asm+0x11/0x20
00041  </TASK>
00041 ---[ end trace 0000000000000000 ]---
00041 ------------[ cut here ]------------
00041 WARNING: /home/ktest/git/linux/include/linux/fs.h:889 at osd_create+0x9cf/0xcf0 [osd_wbcfs], CPU#3: ll_ost00_001/1781
00041 Modules linked in: ofd(O) osp(O) mdd(O) lod(O) mdt(O) lquota(O) lfsck(O) mgs(O) osd_wbcfs(O) lustre(O) obdecho(O) mgc(O) mdc(O) lov(O) osc(O) lmv(O) ec(O) fid(O) fld(O) ptlrpc(O) efivarfs obdclass(O) ksocklnd(O) lnet(O) libcfs(O)
00041 CPU: 3 UID: 0 PID: 1781 Comm: ll_ost00_001 Tainted: G        W  O        7.0.0-ktest-fa4bb62-6330a45-20260727-dirty #1 PREEMPT 
00041 Tainted: [W]=WARN, [O]=OOT_MODULE
00041 Hardware name: QEMU Standard PC (Q35 + ICH9, 2009), BIOS 2025.11-3ubuntu7 03/31/2026
00041 RIP: 0010:osd_create+0x9cf/0xcf0 [osd_wbcfs]
00041 Code: c7 c7 00 96 7b a1 48 c7 c6 a0 12 7d a1 48 c7 c2 00 1c 7d a1 e8 52 f1 43 ff 48 c7 c7 00 96 7b a1 e8 46 81 44 ff e9 fe fc ff ff <0f> 0b e9 a5 fa ff ff 48 c7 c1 80 44 5d a0 80 e1 07 80 c1 03 38 c1
00041 RSP: 0018:ffffc900045af878 EFLAGS: 00010246
00041 RAX: 0000000000000000 RBX: ffff888133ac1400 RCX: 0000000000000046
00041 RDX: 0000000000000000 RSI: ffff88803c46e620 RDI: ffff88803c1a09e8
00041 RBP: ffff88803c46e590 R08: ffffffff83a16803 R09: 1ffffffff0742d00
00041 R10: dffffc0000000000 R11: fffffbfff0742d01 R12: ffff88803c144830
00041 R13: dffffc0000000000 R14: 1ffff11026758280 R15: 1ffff11007828942
00041 FS:  0000000000000000(0000) GS:ffff8881d4bad000(0000) knlGS:0000000000000000
00041 CS:  0010 DS: 0000 ES: 0000 CR0: 0000000080050033
00041 CR2: 000055c51a51eba8 CR3: 00000001019c3000 CR4: 0000000000750eb0
00041 PKRU: 55555554
00041 Call Trace:
00041  <TASK>
00041  ? ofd_precreate_objects+0x1bd8/0x3220 [ofd]
00041  ptlrpc(O) efivarfs
00041  ? ofd_create_hdl+0x2015/0x3510 [ofd]
00041  <TASK>
00041  ? tgt_request_handle+0x23ad/0x3d30 [ptlrpc]
00041  obdclass(O)
00041  ? ofd_precreate_objects+0x1bd8/0x3220 [ofd]
00041  ? ptlrpc_main+0x6359/0x96f0 [ptlrpc]
00041  ksocklnd(O) lnet(O)
00041  ? __kthread_parkme+0x73/0x130
00041  ? kthread+0x2cd/0x3a0
00041  ? ofd_create_hdl+0x2015/0x3510 [ofd]
00041  ? ptlrpc_start_thread+0x1f10/0x1f10 [ptlrpc]
00041  libcfs(O)
00041  ? tgt_request_handle+0x23ad/0x3d30 [ptlrpc]
00041  ? kthread_unuse_mm+0x130/0x130
00041 CPU: 1 UID: 0 PID: 1820 Comm: ll_ost00_003 Tainted: G        W  O        7.0.0-ktest-fa4bb62-6330a45-20260727-dirty #1 PREEMPT 
00041  ? ret_from_fork+0x18c/0x520
00041  ? ptlrpc_main+0x6359/0x96f0 [ptlrpc]
00041 Tainted: [W]=WARN, [O]=OOT_MODULE
00041  ? kthread_unuse_mm+0x130/0x130
00041 Hardware name: QEMU Standard PC (Q35 + ICH9, 2009), BIOS 2025.11-3ubuntu7 03/31/2026
00041  ? ret_from_fork_asm+0x11/0x20
00041  ? __kthread_parkme+0x73/0x130
00041  ? kthread+0x2cd/0x3a0
00041 RIP: 0010:osd_create+0x9cf/0xcf0 [osd_wbcfs]
00041  </TASK>
00041  ? ptlrpc_start_thread+0x1f10/0x1f10 [ptlrpc]
00041 Code: c7 c7 00 96 7b a1 48 c7 c6 a0 12 7d a1 48 c7 c2 00 1c 7d a1 e8 52 f1 43 ff 48 c7 c7 00 96 7b a1 e8 46 81 44 ff e9 fe fc ff ff <0f> 0b e9 a5 fa ff ff 48 c7 c1 80 44 5d a0 80 e1 07 80 c1 03 38 c1
00041 ---[ end trace 0000000000000000 ]---
00041  ? kthread_unuse_mm+0x130/0x130
00041 RSP: 0018:ffffc90007b27878 EFLAGS: 00010246
00041  ? ret_from_fork+0x18c/0x520
00041  ? kthread_unuse_mm+0x130/0x130
00041  ? ret_from_fork_asm+0x11/0x20
00041  </TASK>
00041 ---[ end trace 0000000000000000 ]---
00041 ------------[ cut here ]------------
00041 WARNING: /home/ktest/git/linux/include/linux/fs.h:889 at osd_create+0x9cf/0xcf0 [osd_wbcfs], CPU#0: ll_ost00_000/1780
00041 ------------[ cut here ]------------
00041 WARNING: /home/ktest/git/linux/include/linux/fs.h:889 at osd_create+0x9cf/0xcf0 [osd_wbcfs], CPU#3: ll_ost00_001/1781
00041 Modules linked in: ofd(O) osp(O) mdd(O) lod(O) mdt(O) lquota(O) lfsck(O) mgs(O) osd_wbcfs(O) lustre(O) obdecho(O) mgc(O) mdc(O) lov(O) osc(O) lmv(O) ec(O) fid(O) fld(O) ptlrpc(O) efivarfs obdclass(O) ksocklnd(O) lnet(O) libcfs(O)
00041 CPU: 3 UID: 0 PID: 1781 Comm: ll_ost00_001 Tainted: G        W  O        7.0.0-ktest-fa4bb62-6330a45-20260727-dirty #1 PREEMPT 
00041 Tainted: [W]=WARN, [O]=OOT_MODULE
00041 Hardware name: QEMU Standard PC (Q35 + ICH9, 2009), BIOS 2025.11-3ubuntu7 03/31/2026
00041 RIP: 0010:osd_create+0x9cf/0xcf0 [osd_wbcfs]
00041 Code: c7 c7 00 96 7b a1 48 c7 c6 a0 12 7d a1 48 c7 c2 00 1c 7d a1 e8 52 f1 43 ff 48 c7 c7 00 96 7b a1 e8 46 81 44 ff e9 fe fc ff ff <0f> 0b e9 a5 fa ff ff 48 c7 c1 80 44 5d a0 80 e1 07 80 c1 03 38 c1
00041 RSP: 0018:ffffc900045af878 EFLAGS: 00010246
00041 RAX: 0000000000000000 RBX: ffff888133ac1000 RCX: 0000000000000046
00041 RDX: 0000000000000000 RSI: ffff88803c46df08 RDI: ffff88803c1a09e8
00041 RBP: ffff88803c46de78 R08: ffffffff83a16803 R09: 1ffffffff0742d00
00041 R10: dffffc0000000000 R11: fffffbfff0742d01 R12: ffff88803c144830
00041 R13: dffffc0000000000 R14: 1ffff11026758200 R15: 1ffff11007828942
00041 FS:  0000000000000000(0000) GS:ffff8881d4bad000(0000) knlGS:0000000000000000
00041 CS:  0010 DS: 0000 ES: 0000 CR0: 0000000080050033
00041 CR2: 000055c51a51eba8 CR3: 00000001019c3000 CR4: 0000000000750eb0
00041 PKRU: 55555554
00041 Call Trace:
00041  <TASK>
00041  ? ofd_precreate_objects+0x1bd8/0x3220 [ofd]
00041  ? ofd_create_hdl+0x2015/0x3510 [ofd]
00041 
00041 RAX: 0000000000000000 RBX: ffff888118ac5c00 RCX: 0000000000000046
00041 Modules linked in:
00041  ? tgt_request_handle+0x23ad/0x3d30 [ptlrpc]
00041 RDX: 0000000000000000 RSI: ffff88803c4302d0 RDI: ffff888138d12aa8
00041  ofd(O)
00041 RBP: ffff88803c430240 R08: ffffffff83a16803 R09: 1ffffffff0742d00
00041  ? ptlrpc_main+0x6359/0x96f0 [ptlrpc]
00041  osp(O)
00041 R10: dffffc0000000000 R11: fffffbfff0742d01 R12: ffff888134c2a830
00041  ? __kthread_parkme+0x73/0x130
00041  ? kthread+0x2cd/0x3a0
00041  ? ptlrpc_start_thread+0x1f10/0x1f10 [ptlrpc]
00041  mdd(O)
00041 R13: dffffc0000000000 R14: 1ffff11023158b80 R15: 1ffff11026985542
00041  lod(O)
00041  ? kthread_unuse_mm+0x130/0x130
00041  ? ret_from_fork+0x18c/0x520
00041  ? kthread_unuse_mm+0x130/0x130
00041  ? ret_from_fork_asm+0x11/0x20
00041  </TASK>
00041 ---[ end trace 0000000000000000 ]---
00041 ------------[ cut here ]------------
00041 FS:  0000000000000000(0000) GS:ffff8881d4aad000(0000) knlGS:0000000000000000
00041 WARNING: /home/ktest/git/linux/include/linux/fs.h:889 at osd_create+0x9cf/0xcf0 [osd_wbcfs], CPU#3: ll_ost00_001/1781
00041 Modules linked in: ofd(O) osp(O) mdd(O) lod(O) mdt(O) lquota(O) lfsck(O) mgs(O) osd_wbcfs(O) lustre(O) obdecho(O) mgc(O) mdc(O) lov(O) osc(O) lmv(O) ec(O) fid(O) fld(O) ptlrpc(O) efivarfs obdclass(O) ksocklnd(O) lnet(O) libcfs(O)
00041 CPU: 3 UID: 0 PID: 1781 Comm: ll_ost00_001 Tainted: G        W  O        7.0.0-ktest-fa4bb62-6330a45-20260727-dirty #1 PREEMPT 
00041 Tainted: [W]=WARN, [O]=OOT_MODULE
00041 Hardware name: QEMU Standard PC (Q35 + ICH9, 2009), BIOS 2025.11-3ubuntu7 03/31/2026
00041 RIP: 0010:osd_create+0x9cf/0xcf0 [osd_wbcfs]
00041 Code: c7 c7 00 96 7b a1 48 c7 c6 a0 12 7d a1 48 c7 c2 00 1c 7d a1 e8 52 f1 43 ff 48 c7 c7 00 96 7b a1 e8 46 81 44 ff e9 fe fc ff ff <0f> 0b e9 a5 fa ff ff 48 c7 c1 80 44 5d a0 80 e1 07 80 c1 03 38 c1
00041 RSP: 0018:ffffc900045af878 EFLAGS: 00010246
00041 RAX: 0000000000000000 RBX: ffff88813565b000 RCX: 0000000000000046
00041 RDX: 0000000000000000 RSI: ffff88803c46d7f0 RDI: ffff88803c1a09e8
00041 RBP: ffff88803c46d760 R08: ffffffff83a16803 R09: 1ffffffff0742d00
00041 R10: dffffc0000000000 R11: fffffbfff0742d01 R12: ffff88803c144830
00041 R13: dffffc0000000000 R14: 1ffff11026acb600 R15: 1ffff11007828942
00041 FS:  0000000000000000(0000) GS:ffff8881d4bad000(0000) knlGS:0000000000000000
00041 CS:  0010 DS: 0000 ES: 0000 CR0: 0000000080050033
00041 CR2: 000055c51a51eba8 CR3: 00000001019c3000 CR4: 0000000000750eb0
00041 PKRU: 55555554
00041 Call Trace:
00041  <TASK>
00041  mdt(O)
00041  ? ofd_precreate_objects+0x1bd8/0x3220 [ofd]
00041  ? ofd_create_hdl+0x2015/0x3510 [ofd]
00041 CS:  0010 DS: 0000 ES: 0000 CR0: 0000000080050033
00041  ? tgt_request_handle+0x23ad/0x3d30 [ptlrpc]
00041  lquota(O)
00041  ? ptlrpc_main+0x6359/0x96f0 [ptlrpc]
00041  ? __kthread_parkme+0x73/0x130
00041  ? kthread+0x2cd/0x3a0
00041 CR2: 000055c51a52a490 CR3: 00000001019c3000 CR4: 0000000000750eb0
00041 PKRU: 55555554
00041  lfsck(O)
00041  ? ptlrpc_start_thread+0x1f10/0x1f10 [ptlrpc]
00041 Call Trace:
00041  <TASK>
00041  ? ofd_precreate_objects+0x1bd8/0x3220 [ofd]
00041  ? ofd_create_hdl+0x2015/0x3510 [ofd]
00041  mgs(O)
00041  ? tgt_request_handle+0x23ad/0x3d30 [ptlrpc]
00041  ? kthread_unuse_mm+0x130/0x130
00041  osd_wbcfs(O)
00041  ? ptlrpc_main+0x6359/0x96f0 [ptlrpc]
00041  ? ret_from_fork+0x18c/0x520
00041  ? __kthread_parkme+0x73/0x130
00041  ? kthread+0x2cd/0x3a0
00041  lustre(O)
00041  ? ptlrpc_start_thread+0x1f10/0x1f10 [ptlrpc]
00041  ? kthread_unuse_mm+0x130/0x130
00041  ? kthread_unuse_mm+0x130/0x130
00041  ? ret_from_fork+0x18c/0x520
00041  ? kthread_unuse_mm+0x130/0x130
00041  ? ret_from_fork_asm+0x11/0x20
00041  </TASK>
00041 ---[ end trace 0000000000000000 ]---
00041  obdecho(O)
00041  ? ret_from_fork_asm+0x11/0x20
00041  mgc(O) mdc(O)
00041 ------------[ cut here ]------------
00041 WARNING: /home/ktest/git/linux/include/linux/fs.h:889 at osd_create+0x9cf/0xcf0 [osd_wbcfs], CPU#1: ll_ost00_003/1820
00041 Modules linked in: ofd(O)
00041  </TASK>
00041 ---[ end trace 0000000000000000 ]---
00041 ------------[ cut here ]------------
00041 WARNING: /home/ktest/git/linux/include/linux/fs.h:889 at osd_create+0x9cf/0xcf0 [osd_wbcfs], CPU#3: ll_ost00_001/1781
00041 Modules linked in: ofd(O) osp(O) mdd(O) lod(O) mdt(O) lquota(O) lfsck(O) mgs(O) osd_wbcfs(O) lustre(O) obdecho(O) mgc(O) mdc(O) lov(O) osc(O) lmv(O) ec(O) fid(O) fld(O) ptlrpc(O) efivarfs obdclass(O) ksocklnd(O) lnet(O) libcfs(O)
00041 CPU: 3 UID: 0 PID: 1781 Comm: ll_ost00_001 Tainted: G        W  O        7.0.0-ktest-fa4bb62-6330a45-20260727-dirty #1 PREEMPT 
00041 Tainted: [W]=WARN, [O]=OOT_MODULE
00041 Hardware name: QEMU Standard PC (Q35 + ICH9, 2009), BIOS 2025.11-3ubuntu7 03/31/2026
00041 RIP: 0010:osd_create+0x9cf/0xcf0 [osd_wbcfs]
00041 Code: c7 c7 00 96 7b a1 48 c7 c6 a0 12 7d a1 48 c7 c2 00 1c 7d a1 e8 52 f1 43 ff 48 c7 c7 00 96 7b a1 e8 46 81 44 ff e9 fe fc ff ff <0f> 0b e9 a5 fa ff ff 48 c7 c1 80 44 5d a0 80 e1 07 80 c1 03 38 c1
00041 RSP: 0018:ffffc900045af878 EFLAGS: 00010246
00041 RAX: 0000000000000000 RBX: ffff888135658800 RCX: 0000000000000046
00041 RDX: 0000000000000000 RSI: ffff88803c46d0d8 RDI: ffff88803c1a09e8
00041 RBP: ffff88803c46d048 R08: ffffffff83a16803 R09: 1ffffffff0742d00
00041 R10: dffffc0000000000 R11: fffffbfff0742d01 R12: ffff88803c144830
00041 R13: dffffc0000000000 R14: 1ffff11026acb100 R15: 1ffff11007828942
00041 FS:  0000000000000000(0000) GS:ffff8881d4bad000(0000) knlGS:0000000000000000
00041  lov(O)
00041 CS:  0010 DS: 0000 ES: 0000 CR0: 0000000080050033
00041  osc(O) lmv(O) ec(O) fid(O) fld(O) ptlrpc(O) efivarfs obdclass(O) ksocklnd(O) lnet(O) libcfs(O)
00041 CPU: 0 UID: 0 PID: 1780 Comm: ll_ost00_000 Tainted: G        W  O        7.0.0-ktest-fa4bb62-6330a45-20260727-dirty #1 PREEMPT 
00041 Tainted: [W]=WARN, [O]=OOT_MODULE
00041 Hardware name: QEMU Standard PC (Q35 + ICH9, 2009), BIOS 2025.11-3ubuntu7 03/31/2026
00041 RIP: 0010:osd_create+0x9cf/0xcf0 [osd_wbcfs]
00041 Code: c7 c7 00 96 7b a1 48 c7 c6 a0 12 7d a1 48 c7 c2 00 1c 7d a1 e8 52 f1 43 ff 48 c7 c7 00 96 7b a1 e8 46 81 44 ff e9 fe fc ff ff <0f> 0b e9 a5 fa ff ff 48 c7 c1 80 44 5d a0 80 e1 07 80 c1 03 38 c1
00041 RSP: 0018:ffffc9000474f878 EFLAGS: 00010246
00041 RAX: 0000000000000000 RBX: ffff888105c56800 RCX: 0000000000000046
00041 RDX: 0000000000000000 RSI: ffff8880440a3b90 RDI: ffff88803c1caaa8
00041 RBP: ffff8880440a3b00 R08: ffffffff83a16803 R09: 1ffffffff0742d00
00041 R10: dffffc0000000000 R11: fffffbfff0742d01 R12: ffff88802d88f030
00041 R13: dffffc0000000000 R14: 1ffff11020b8ad00 R15: 1ffff11005b11e42
00041 FS:  0000000000000000(0000) GS:ffff8881d4a2d000(0000) knlGS:0000000000000000
00041  osp(O)
00041 CS:  0010 DS: 0000 ES: 0000 CR0: 0000000080050033
00041 CR2: 000055c51a563f58 CR3: 0000000135892000 CR4: 0000000000750eb0
00041 PKRU: 55555554
00041 Call Trace:
00041  <TASK>
00041  ? ofd_precreate_objects+0x1bd8/0x3220 [ofd]
00041  ? ofd_create_hdl+0x2015/0x3510 [ofd]
00041 CR2: 000055c51a51eba8 CR3: 00000001019c3000 CR4: 0000000000750eb0
00041  mdd(O)
00041 PKRU: 55555554
00041  lod(O)
00041  ? tgt_request_handle+0x23ad/0x3d30 [ptlrpc]
00041 Call Trace:
00041  mdt(O)
00041  <TASK>
00041  ? ptlrpc_main+0x6359/0x96f0 [ptlrpc]
00041  lquota(O)
00041  ? ofd_precreate_objects+0x1bd8/0x3220 [ofd]
00041  ? ofd_create_hdl+0x2015/0x3510 [ofd]
00041  lfsck(O) mgs(O)
00041  ? tgt_request_handle+0x23ad/0x3d30 [ptlrpc]
00041  ? __kthread_parkme+0x73/0x130
00041  osd_wbcfs(O)
00041  ? ptlrpc_main+0x6359/0x96f0 [ptlrpc]
00041  ? kthread+0x2cd/0x3a0
00041  lustre(O) obdecho(O)
00041  ? __kthread_parkme+0x73/0x130
00041  ? kthread+0x2cd/0x3a0
00041  ? ptlrpc_start_thread+0x1f10/0x1f10 [ptlrpc]
00041  ? ptlrpc_start_thread+0x1f10/0x1f10 [ptlrpc]
00041  mgc(O)
00041  ? kthread_unuse_mm+0x130/0x130
00041  ? ret_from_fork+0x18c/0x520
00041  ? kthread_unuse_mm+0x130/0x130
00041  ? ret_from_fork_asm+0x11/0x20
00041  </TASK>
00041 ---[ end trace 0000000000000000 ]---
00041  ? kthread_unuse_mm+0x130/0x130
00041 ------------[ cut here ]------------
00041 WARNING: /home/ktest/git/linux/include/linux/fs.h:889 at osd_create+0x9cf/0xcf0 [osd_wbcfs], CPU#0: ll_ost00_000/1780
00041 Modules linked in: ofd(O) osp(O) mdd(O) lod(O) mdt(O) lquota(O) lfsck(O) mgs(O) osd_wbcfs(O) lustre(O) obdecho(O) mgc(O) mdc(O) lov(O) osc(O) lmv(O) ec(O) fid(O) fld(O) ptlrpc(O) efivarfs obdclass(O) ksocklnd(O) lnet(O) libcfs(O)
00041 CPU: 0 UID: 0 PID: 1780 Comm: ll_ost00_000 Tainted: G        W  O        7.0.0-ktest-fa4bb62-6330a45-20260727-dirty #1 PREEMPT 
00041 Tainted: [W]=WARN, [O]=OOT_MODULE
00041 Hardware name: QEMU Standard PC (Q35 + ICH9, 2009), BIOS 2025.11-3ubuntu7 03/31/2026
00041 RIP: 0010:osd_create+0x9cf/0xcf0 [osd_wbcfs]
00041 Code: c7 c7 00 96 7b a1 48 c7 c6 a0 12 7d a1 48 c7 c2 00 1c 7d a1 e8 52 f1 43 ff 48 c7 c7 00 96 7b a1 e8 46 81 44 ff e9 fe fc ff ff <0f> 0b e9 a5 fa ff ff 48 c7 c1 80 44 5d a0 80 e1 07 80 c1 03 38 c1
00041 RSP: 0018:ffffc9000474f878 EFLAGS: 00010246
00041 RAX: 0000000000000000 RBX: ffff888105c56c00 RCX: 0000000000000046
00041 RDX: 0000000000000000 RSI: ffff8880440a3478 RDI: ffff88803c1caaa8
00041 RBP: ffff8880440a33e8 R08: ffffffff83a16803 R09: 1ffffffff0742d00
00041 R10: dffffc0000000000 R11: fffffbfff0742d01 R12: ffff88802d88f030
00041 R13: dffffc0000000000 R14: 1ffff11020b8ad80 R15: 1ffff11005b11e42
00041 FS:  0000000000000000(0000) GS:ffff8881d4a2d000(0000) knlGS:0000000000000000
00041 CS:  0010 DS: 0000 ES: 0000 CR0: 0000000080050033
00041 CR2: 000055c51a563f58 CR3: 0000000135892000 CR4: 0000000000750eb0
00041 PKRU: 55555554
00041 Call Trace:
00041  <TASK>
00041  ? ofd_precreate_objects+0x1bd8/0x3220 [ofd]
00041  ? ofd_create_hdl+0x2015/0x3510 [ofd]
00041  ? tgt_request_handle+0x23ad/0x3d30 [ptlrpc]
00041  mdc(O)
00041  ? ret_from_fork+0x18c/0x520
00041  lov(O)
00041  ? ptlrpc_main+0x6359/0x96f0 [ptlrpc]
00041  ? kthread_unuse_mm+0x130/0x130
00041  osc(O)
00041  ? __kthread_parkme+0x73/0x130
00041  ? kthread+0x2cd/0x3a0
00041  ? ret_from_fork_asm+0x11/0x20
00041  ? ptlrpc_start_thread+0x1f10/0x1f10 [ptlrpc]
00041  lmv(O)
00041  ? kthread_unuse_mm+0x130/0x130
00041  ? ret_from_fork+0x18c/0x520
00041  ? kthread_unuse_mm+0x130/0x130
00041  ? ret_from_fork_asm+0x11/0x20
00041  </TASK>
00041 ---[ end trace 0000000000000000 ]---
00041  </TASK>
00041 ------------[ cut here ]------------
00041 WARNING: /home/ktest/git/linux/include/linux/fs.h:889 at osd_create+0x9cf/0xcf0 [osd_wbcfs], CPU#0: ll_ost00_000/1780
00041 Modules linked in: ofd(O) osp(O) mdd(O) lod(O) mdt(O) lquota(O) lfsck(O) mgs(O) osd_wbcfs(O) lustre(O) obdecho(O) mgc(O) mdc(O) lov(O) osc(O) lmv(O) ec(O) fid(O) fld(O) ptlrpc(O) efivarfs obdclass(O) ksocklnd(O) lnet(O) libcfs(O)
00041 CPU: 0 UID: 0 PID: 1780 Comm: ll_ost00_000 Tainted: G        W  O        7.0.0-ktest-fa4bb62-6330a45-20260727-dirty #1 PREEMPT 
00041 Tainted: [W]=WARN, [O]=OOT_MODULE
00041 Hardware name: QEMU Standard PC (Q35 + ICH9, 2009), BIOS 2025.11-3ubuntu7 03/31/2026
00041 RIP: 0010:osd_create+0x9cf/0xcf0 [osd_wbcfs]
00041 Code: c7 c7 00 96 7b a1 48 c7 c6 a0 12 7d a1 48 c7 c2 00 1c 7d a1 e8 52 f1 43 ff 48 c7 c7 00 96 7b a1 e8 46 81 44 ff e9 fe fc ff ff <0f> 0b e9 a5 fa ff ff 48 c7 c1 80 44 5d a0 80 e1 07 80 c1 03 38 c1
00041 RSP: 0018:ffffc9000474f878 EFLAGS: 00010246
00041 RAX: 0000000000000000 RBX: ffff888105c57800 RCX: 0000000000000046
00041 RDX: 0000000000000000 RSI: ffff8880440a2d60 RDI: ffff88803c1caaa8
00041 RBP: ffff8880440a2cd0 R08: ffffffff83a16803 R09: 1ffffffff0742d00
00041 R10: dffffc0000000000 R11: fffffbfff0742d01 R12: ffff88802d88f030
00041 R13: dffffc0000000000 R14: 1ffff11020b8af00 R15: 1ffff11005b11e42
00041 FS:  0000000000000000(0000) GS:ffff8881d4a2d000(0000) knlGS:0000000000000000
00041 CS:  0010 DS: 0000 ES: 0000 CR0: 0000000080050033
00041 CR2: 000055c51a563f58 CR3: 0000000135892000 CR4: 0000000000750eb0
00041 PKRU: 55555554
00041 Call Trace:
00041  <TASK>
00041  ec(O)
00041  ? ofd_precreate_objects+0x1bd8/0x3220 [ofd]
00041  ? ofd_create_hdl+0x2015/0x3510 [ofd]
00041 ---[ end trace 0000000000000000 ]---
00041  ? tgt_request_handle+0x23ad/0x3d30 [ptlrpc]
00041  fid(O)
00041 ------------[ cut here ]------------
00041 WARNING: /home/ktest/git/linux/include/linux/fs.h:889 at osd_create+0x9cf/0xcf0 [osd_wbcfs], CPU#3: ll_ost00_001/1781
00041 Modules linked in: ofd(O) osp(O) mdd(O) lod(O) mdt(O) lquota(O) lfsck(O) mgs(O) osd_wbcfs(O) lustre(O) obdecho(O) mgc(O) mdc(O) lov(O) osc(O) lmv(O) ec(O) fid(O) fld(O) ptlrpc(O) efivarfs obdclass(O) ksocklnd(O) lnet(O) libcfs(O)
00041 CPU: 3 UID: 0 PID: 1781 Comm: ll_ost00_001 Tainted: G        W  O        7.0.0-ktest-fa4bb62-6330a45-20260727-dirty #1 PREEMPT 
00041 Tainted: [W]=WARN, [O]=OOT_MODULE
00041 Hardware name: QEMU Standard PC (Q35 + ICH9, 2009), BIOS 2025.11-3ubuntu7 03/31/2026
00041 RIP: 0010:osd_create+0x9cf/0xcf0 [osd_wbcfs]
00041 Code: c7 c7 00 96 7b a1 48 c7 c6 a0 12 7d a1 48 c7 c2 00 1c 7d a1 e8 52 f1 43 ff 48 c7 c7 00 96 7b a1 e8 46 81 44 ff e9 fe fc ff ff <0f> 0b e9 a5 fa ff ff 48 c7 c1 80 44 5d a0 80 e1 07 80 c1 03 38 c1
00041 RSP: 0018:ffffc900045af878 EFLAGS: 00010246
00041 RAX: 0000000000000000 RBX: ffff8881365da000 RCX: 0000000000000046
00041 RDX: 0000000000000000 RSI: ffff88803c46c9c0 RDI: ffff88803c1a09e8
00041 RBP: ffff88803c46c930 R08: ffffffff83a16803 R09: 1ffffffff0742d00
00041 R10: dffffc0000000000 R11: fffffbfff0742d01 R12: ffff88803c144830
00041 R13: dffffc0000000000 R14: 1ffff11026cbb400 R15: 1ffff11007828942
00041 FS:  0000000000000000(0000) GS:ffff8881d4bad000(0000) knlGS:0000000000000000
00041 CS:  0010 DS: 0000 ES: 0000 CR0: 0000000080050033
00041 CR2: 000055c51a51eba8 CR3: 00000001019c3000 CR4: 0000000000750eb0
00041 PKRU: 55555554
00041 Call Trace:
00041  <TASK>
00041  ? ofd_precreate_objects+0x1bd8/0x3220 [ofd]
00041  ? ofd_create_hdl+0x2015/0x3510 [ofd]
00041  fld(O) ptlrpc(O)
00041  ? tgt_request_handle+0x23ad/0x3d30 [ptlrpc]
00041  ? ptlrpc_main+0x6359/0x96f0 [ptlrpc]
00041  ? __kthread_parkme+0x73/0x130
00041  ? kthread+0x2cd/0x3a0
00041  efivarfs
00041  ? ptlrpc_start_thread+0x1f10/0x1f10 [ptlrpc]
00041  ? kthread_unuse_mm+0x130/0x130
00041  ? ret_from_fork+0x18c/0x520
00041  ? kthread_unuse_mm+0x130/0x130
00041  ? ret_from_fork_asm+0x11/0x20
00041  </TASK>
00041 ---[ end trace 0000000000000000 ]---
00041 ------------[ cut here ]------------
00041 WARNING: /home/ktest/git/linux/include/linux/fs.h:889 at osd_create+0x9cf/0xcf0 [osd_wbcfs], CPU#0: ll_ost00_000/1780
00041 Modules linked in: ofd(O) osp(O) mdd(O) lod(O) mdt(O) lquota(O) lfsck(O) mgs(O) osd_wbcfs(O) lustre(O) obdecho(O) mgc(O) mdc(O) lov(O) osc(O) lmv(O) ec(O) fid(O) fld(O) ptlrpc(O) efivarfs obdclass(O) ksocklnd(O) lnet(O) libcfs(O)
00041 CPU: 0 UID: 0 PID: 1780 Comm: ll_ost00_000 Tainted: G        W  O        7.0.0-ktest-fa4bb62-6330a45-20260727-dirty #1 PREEMPT 
00041 Tainted: [W]=WARN, [O]=OOT_MODULE
00041 Hardware name: QEMU Standard PC (Q35 + ICH9, 2009), BIOS 2025.11-3ubuntu7 03/31/2026
00041 RIP: 0010:osd_create+0x9cf/0xcf0 [osd_wbcfs]
00041 Code: c7 c7 00 96 7b a1 48 c7 c6 a0 12 7d a1 48 c7 c2 00 1c 7d a1 e8 52 f1 43 ff 48 c7 c7 00 96 7b a1 e8 46 81 44 ff e9 fe fc ff ff <0f> 0b e9 a5 fa ff ff 48 c7 c1 80 44 5d a0 80 e1 07 80 c1 03 38 c1
00041 RSP: 0018:ffffc9000474f878 EFLAGS: 00010246
00041 RAX: 0000000000000000 RBX: ffff888118ad8000 RCX: 0000000000000046
00041 RDX: 0000000000000000 RSI: ffff88803c53a648 RDI: ffff88803c1caaa8
00041 RBP: ffff88803c53a5b8 R08: ffffffff83a16803 R09: 1ffffffff0742d00
00041 R10: dffffc0000000000 R11: fffffbfff0742d01 R12: ffff88802d88f030
00041 R13: dffffc0000000000 R14: 1ffff1102315b000 R15: 1ffff11005b11e42
00041 FS:  0000000000000000(0000) GS:ffff8881d4a2d000(0000) knlGS:0000000000000000
00041 CS:  0010 DS: 0000 ES: 0000 CR0: 0000000080050033
00041 CR2: 000055c51a563f58 CR3: 0000000135892000 CR4: 0000000000750eb0
00041 PKRU: 55555554
00041 Call Trace:
00041  <TASK>
00041  ? ofd_precreate_objects+0x1bd8/0x3220 [ofd]
00041  obdclass(O)
00041  ? ptlrpc_main+0x6359/0x96f0 [ptlrpc]
00041  ? ofd_create_hdl+0x2015/0x3510 [ofd]
00041  ? __kthread_parkme+0x73/0x130
00041  ? kthread+0x2cd/0x3a0
00041  ksocklnd(O) lnet(O)
00041  ? ptlrpc_start_thread+0x1f10/0x1f10 [ptlrpc]
00041  ? tgt_request_handle+0x23ad/0x3d30 [ptlrpc]
00041  libcfs(O)
00041  ? kthread_unuse_mm+0x130/0x130
00041  ? ptlrpc_main+0x6359/0x96f0 [ptlrpc]
00041  ? __kthread_parkme+0x73/0x130
00041  ? kthread+0x2cd/0x3a0
00041 
00041  ? ret_from_fork+0x18c/0x520
00041  ? ptlrpc_start_thread+0x1f10/0x1f10 [ptlrpc]
00041 CPU: 1 UID: 0 PID: 1820 Comm: ll_ost00_003 Tainted: G        W  O        7.0.0-ktest-fa4bb62-6330a45-20260727-dirty #1 PREEMPT 
00041  ? kthread_unuse_mm+0x130/0x130
00041  ? ret_from_fork+0x18c/0x520
00041  ? kthread_unuse_mm+0x130/0x130
00041  ? ret_from_fork_asm+0x11/0x20
00041  </TASK>
00041 ---[ end trace 0000000000000000 ]---
00041  ? kthread_unuse_mm+0x130/0x130
00041 Tainted: [W]=WARN, [O]=OOT_MODULE
00041  ? ret_from_fork_asm+0x11/0x20
00041 Hardware name: QEMU Standard PC (Q35 + ICH9, 2009), BIOS 2025.11-3ubuntu7 03/31/2026
00041  </TASK>
00041 RIP: 0010:osd_create+0x9cf/0xcf0 [osd_wbcfs]
00041 ---[ end trace 0000000000000000 ]---
00041 Code: c7 c7 00 96 7b a1 48 c7 c6 a0 12 7d a1 48 c7 c2 00 1c 7d a1 e8 52 f1 43 ff 48 c7 c7 00 96 7b a1 e8 46 81 44 ff e9 fe fc ff ff <0f> 0b e9 a5 fa ff ff 48 c7 c1 80 44 5d a0 80 e1 07 80 c1 03 38 c1
00041 ------------[ cut here ]------------
00041 WARNING: /home/ktest/git/linux/include/linux/fs.h:889 at osd_create+0x9cf/0xcf0 [osd_wbcfs], CPU#3: ll_ost00_001/1781
00041 RSP: 0018:ffffc90007b27878 EFLAGS: 00010246
00041 Modules linked in:
00041 
00041  ofd(O)
00041 RAX: 0000000000000000 RBX: ffff888118bba400 RCX: 0000000000000046
00041  osp(O)
00041 RDX: 0000000000000000 RSI: ffff88803c4650d8 RDI: ffff888138d12aa8
00041  mdd(O)
00041 RBP: ffff88803c465048 R08: ffffffff83a16803 R09: 1ffffffff0742d00
00041  lod(O)
00041 R10: dffffc0000000000 R11: fffffbfff0742d01 R12: ffff888134c2a830
00041  mdt(O)
00041 R13: dffffc0000000000 R14: 1ffff11023177480 R15: 1ffff11026985542
00041  lquota(O)
00041 FS:  0000000000000000(0000) GS:ffff8881d4aad000(0000) knlGS:0000000000000000
00041  lfsck(O)
00041 CS:  0010 DS: 0000 ES: 0000 CR0: 0000000080050033
00041  mgs(O)
00041 CR2: 000055c51a52a490 CR3: 00000001019c3000 CR4: 0000000000750eb0
00041  osd_wbcfs(O)
00041 PKRU: 55555554
00041  lustre(O)
00041 Call Trace:
00041  obdecho(O)
00041  <TASK>
00041  mgc(O)
00041  ? ofd_precreate_objects+0x1bd8/0x3220 [ofd]
00041  mdc(O)
00041  ? ofd_create_hdl+0x2015/0x3510 [ofd]
00041  lov(O)
00041  ? tgt_request_handle+0x23ad/0x3d30 [ptlrpc]
00041  osc(O)
00041  ? ptlrpc_main+0x6359/0x96f0 [ptlrpc]
00041  lmv(O)
00041  ? __kthread_parkme+0x73/0x130
00041  ec(O)
00041  ? kthread+0x2cd/0x3a0
00041  fid(O)
00041  ? ptlrpc_start_thread+0x1f10/0x1f10 [ptlrpc]
00041  fld(O)
00041  ? kthread_unuse_mm+0x130/0x130
00041  ptlrpc(O)
00041  ? ret_from_fork+0x18c/0x520
00041  efivarfs
00041  ? kthread_unuse_mm+0x130/0x130
00041  obdclass(O)
00041  ? ret_from_fork_asm+0x11/0x20
00041  ksocklnd(O)
00041  </TASK>
00041  lnet(O)
00041 ---[ end trace 0000000000000000 ]---
00041  libcfs(O)
00041 ------------[ cut here ]------------
00041 
00041 WARNING: /home/ktest/git/linux/include/linux/fs.h:889 at osd_create+0x9cf/0xcf0 [osd_wbcfs], CPU#1: ll_ost00_003/1820
00041 CPU: 3 UID: 0 PID: 1781 Comm: ll_ost00_001 Tainted: G        W  O        7.0.0-ktest-fa4bb62-6330a45-20260727-dirty #1 PREEMPT 
00041 Modules linked in: ofd(O)
00041 Tainted: [W]=WARN, [O]=OOT_MODULE
00041  osp(O)
00041 Hardware name: QEMU Standard PC (Q35 + ICH9, 2009), BIOS 2025.11-3ubuntu7 03/31/2026
00041  mdd(O)
00041 RIP: 0010:osd_create+0x9cf/0xcf0 [osd_wbcfs]
00041  lod(O)
00041 Code: c7 c7 00 96 7b a1 48 c7 c6 a0 12 7d a1 48 c7 c2 00 1c 7d a1 e8 52 f1 43 ff 48 c7 c7 00 96 7b a1 e8 46 81 44 ff e9 fe fc ff ff <0f> 0b e9 a5 fa ff ff 48 c7 c1 80 44 5d a0 80 e1 07 80 c1 03 38 c1
00041  mdt(O)
00041 RSP: 0018:ffffc900045af878 EFLAGS: 00010246
00041  lquota(O)
00041 
00041  lfsck(O)
00041 RAX: 0000000000000000 RBX: ffff8881365da800 RCX: 0000000000000046
00041  mgs(O)
00041 RDX: 0000000000000000 RSI: ffff88803c46c2a8 RDI: ffff88803c1a09e8
00041  osd_wbcfs(O)
00041 RBP: ffff88803c46c218 R08: ffffffff83a16803 R09: 1ffffffff0742d00
00041  lustre(O)
00041 R10: dffffc0000000000 R11: fffffbfff0742d01 R12: ffff88803c144830
00041  obdecho(O)
00041 R13: dffffc0000000000 R14: 1ffff11026cbb500 R15: 1ffff11007828942
00041  mgc(O) mdc(O)
00041 FS:  0000000000000000(0000) GS:ffff8881d4bad000(0000) knlGS:0000000000000000
00041  lov(O)
00041 CS:  0010 DS: 0000 ES: 0000 CR0: 0000000080050033
00041  osc(O) lmv(O)
00041 CR2: 000055c51a51eba8 CR3: 00000001019c3000 CR4: 0000000000750eb0
00041  ec(O)
00041 PKRU: 55555554
00041  fid(O)
00041 Call Trace:
00041  <TASK>
00041  fld(O)
00041  ? ofd_precreate_objects+0x1bd8/0x3220 [ofd]
00041  ptlrpc(O)
00041  ? ofd_create_hdl+0x2015/0x3510 [ofd]
00041  efivarfs
00041  ? tgt_request_handle+0x23ad/0x3d30 [ptlrpc]
00041  obdclass(O)
00041  ? ptlrpc_main+0x6359/0x96f0 [ptlrpc]
00041  ksocklnd(O)
00041  ? __kthread_parkme+0x73/0x130
00041  lnet(O)
00041  ? kthread+0x2cd/0x3a0
00041  libcfs(O)
00041  ? ptlrpc_start_thread+0x1f10/0x1f10 [ptlrpc]
00041 
00041  ? kthread_unuse_mm+0x130/0x130
00041 CPU: 1 UID: 0 PID: 1820 Comm: ll_ost00_003 Tainted: G        W  O        7.0.0-ktest-fa4bb62-6330a45-20260727-dirty #1 PREEMPT 
00041  ? ret_from_fork+0x18c/0x520
00041 Tainted: [W]=WARN, [O]=OOT_MODULE
00041  ? kthread_unuse_mm+0x130/0x130
00041 Hardware name: QEMU Standard PC (Q35 + ICH9, 2009), BIOS 2025.11-3ubuntu7 03/31/2026
00041  ? ret_from_fork_asm+0x11/0x20
00041 RIP: 0010:osd_create+0x9cf/0xcf0 [osd_wbcfs]
00041  </TASK>
00041 Code: c7 c7 00 96 7b a1 48 c7 c6 a0 12 7d a1 48 c7 c2 00 1c 7d a1 e8 52 f1 43 ff 48 c7 c7 00 96 7b a1 e8 46 81 44 ff e9 fe fc ff ff <0f> 0b e9 a5 fa ff ff 48 c7 c1 80 44 5d a0 80 e1 07 80 c1 03 38 c1
00041 ---[ end trace 0000000000000000 ]---
00041 RSP: 0018:ffffc90007b27878 EFLAGS: 00010246
00041 ------------[ cut here ]------------
00041 
00041 WARNING: /home/ktest/git/linux/include/linux/fs.h:889 at osd_create+0x9cf/0xcf0 [osd_wbcfs], CPU#3: ll_ost00_001/1781
00041 RAX: 0000000000000000 RBX: ffff888106124000 RCX: 0000000000000046
00041 Modules linked in: ofd(O)
00041 RDX: 0000000000000000 RSI: ffff88803c4649c0 RDI: ffff888138d12aa8
00041  osp(O)
00041 RBP: ffff88803c464930 R08: ffffffff83a16803 R09: 1ffffffff0742d00
00041  mdd(O)
00041 R10: dffffc0000000000 R11: fffffbfff0742d01 R12: ffff888134c2a830
00041  lod(O) mdt(O)
00041 R13: dffffc0000000000 R14: 1ffff11020c24800 R15: 1ffff11026985542
00041  lquota(O)
00041 FS:  0000000000000000(0000) GS:ffff8881d4aad000(0000) knlGS:0000000000000000
00041  lfsck(O)
00041 CS:  0010 DS: 0000 ES: 0000 CR0: 0000000080050033
00041  mgs(O) osd_wbcfs(O)
00041 CR2: 000055c51a52a490 CR3: 00000001019c3000 CR4: 0000000000750eb0
00041  lustre(O) obdecho(O)
00041 PKRU: 55555554
00041  mgc(O)
00041 Call Trace:
00041  mdc(O)
00041  <TASK>
00041  lov(O)
00041  ? ofd_precreate_objects+0x1bd8/0x3220 [ofd]
00041  osc(O)
00041  ? ofd_create_hdl+0x2015/0x3510 [ofd]
00041  lmv(O)
00041  ? tgt_request_handle+0x23ad/0x3d30 [ptlrpc]
00041  ec(O) fid(O)
00041  ? ptlrpc_main+0x6359/0x96f0 [ptlrpc]
00041  fld(O) ptlrpc(O)
00041  ? __kthread_parkme+0x73/0x130
00041  efivarfs
00041  ? kthread+0x2cd/0x3a0
00041  obdclass(O)
00041  ? ptlrpc_start_thread+0x1f10/0x1f10 [ptlrpc]
00041  ksocklnd(O) lnet(O)
00041  ? kthread_unuse_mm+0x130/0x130
00041  libcfs(O)
00041  ? ret_from_fork+0x18c/0x520
00041 
00041  ? kthread_unuse_mm+0x130/0x130
00041 CPU: 3 UID: 0 PID: 1781 Comm: ll_ost00_001 Tainted: G        W  O        7.0.0-ktest-fa4bb62-6330a45-20260727-dirty #1 PREEMPT 
00041  ? ret_from_fork_asm+0x11/0x20
00041 Tainted: [W]=WARN, [O]=OOT_MODULE
00041  </TASK>
00041 Hardware name: QEMU Standard PC (Q35 + ICH9, 2009), BIOS 2025.11-3ubuntu7 03/31/2026
00041 ---[ end trace 0000000000000000 ]---
00041 RIP: 0010:osd_create+0x9cf/0xcf0 [osd_wbcfs]
00041 ------------[ cut here ]------------
00041 Code: c7 c7 00 96 7b a1 48 c7 c6 a0 12 7d a1 48 c7 c2 00 1c 7d a1 e8 52 f1 43 ff 48 c7 c7 00 96 7b a1 e8 46 81 44 ff e9 fe fc ff ff <0f> 0b e9 a5 fa ff ff 48 c7 c1 80 44 5d a0 80 e1 07 80 c1 03 38 c1
00041 WARNING: /home/ktest/git/linux/include/linux/fs.h:889 at osd_create+0x9cf/0xcf0 [osd_wbcfs], CPU#1: ll_ost00_003/1820
00041 RSP: 0018:ffffc900045af878 EFLAGS: 00010246
00041 Modules linked in:
00041 
00041  ofd(O)
00041 RAX: 0000000000000000 RBX: ffff8881365d9c00 RCX: 0000000000000046
00041  osp(O)
00041 RDX: 0000000000000000 RSI: ffff88803c46bb90 RDI: ffff88803c1a09e8
00041  mdd(O)
00041 RBP: ffff88803c46bb00 R08: ffffffff83a16803 R09: 1ffffffff0742d00
00041  lod(O)
00041 R10: dffffc0000000000 R11: fffffbfff0742d01 R12: ffff88803c144830
00041  mdt(O)
00041 R13: dffffc0000000000 R14: 1ffff11026cbb380 R15: 1ffff11007828942
00041  lquota(O)
00041 FS:  0000000000000000(0000) GS:ffff8881d4bad000(0000) knlGS:0000000000000000
00041  lfsck(O)
00041 CS:  0010 DS: 0000 ES: 0000 CR0: 0000000080050033
00041  mgs(O)
00041 CR2: 000055c51a51eba8 CR3: 00000001019c3000 CR4: 0000000000750eb0
00041  osd_wbcfs(O)
00041 PKRU: 55555554
00041  lustre(O) obdecho(O)
00041 Call Trace:
00041  mgc(O)
00041  <TASK>
00041  mdc(O)
00041  ? ofd_precreate_objects+0x1bd8/0x3220 [ofd]
00041  lov(O)
00041  ? ofd_create_hdl+0x2015/0x3510 [ofd]
00041  osc(O)
00041  ? tgt_request_handle+0x23ad/0x3d30 [ptlrpc]
00041  lmv(O)
00041  ? ptlrpc_main+0x6359/0x96f0 [ptlrpc]
00041  ec(O) fid(O)
00041  ? __kthread_parkme+0x73/0x130
00041  fld(O)
00041  ? kthread+0x2cd/0x3a0
00041  ptlrpc(O)
00041  ? ptlrpc_start_thread+0x1f10/0x1f10 [ptlrpc]
00041  efivarfs
00041  ? kthread_unuse_mm+0x130/0x130
00041  obdclass(O)
00041  ? ret_from_fork+0x18c/0x520
00041  ksocklnd(O)
00041  ? kthread_unuse_mm+0x130/0x130
00041  lnet(O)
00041  ? ret_from_fork_asm+0x11/0x20
00041  libcfs(O)
00041  </TASK>
00041 CPU: 1 UID: 0 PID: 1820 Comm: ll_ost00_003 Tainted: G        W  O        7.0.0-ktest-fa4bb62-6330a45-20260727-dirty #1 PREEMPT 
00041 ---[ end trace 0000000000000000 ]---
00041 Tainted: [W]=WARN, [O]=OOT_MODULE
00041 ------------[ cut here ]------------
00041 Hardware name: QEMU Standard PC (Q35 + ICH9, 2009), BIOS 2025.11-3ubuntu7 03/31/2026
00041 WARNING: /home/ktest/git/linux/include/linux/fs.h:889 at osd_create+0x9cf/0xcf0 [osd_wbcfs], CPU#3: ll_ost00_001/1781
00041 RIP: 0010:osd_create+0x9cf/0xcf0 [osd_wbcfs]
00041 Modules linked in: ofd(O)
00041 Code: c7 c7 00 96 7b a1 48 c7 c6 a0 12 7d a1 48 c7 c2 00 1c 7d a1 e8 52 f1 43 ff 48 c7 c7 00 96 7b a1 e8 46 81 44 ff e9 fe fc ff ff <0f> 0b e9 a5 fa ff ff 48 c7 c1 80 44 5d a0 80 e1 07 80 c1 03 38 c1
00041  osp(O)
00041 RSP: 0018:ffffc90007b27878 EFLAGS: 00010246
00041  mdd(O) lod(O)
00041 
00041  mdt(O) lquota(O)
00041 RAX: 0000000000000000 RBX: ffff888106127c00 RCX: 0000000000000046
00041  lfsck(O)
00041 RDX: 0000000000000000 RSI: ffff88803c4642a8 RDI: ffff888138d12aa8
00041  mgs(O)
00041 RBP: ffff88803c464218 R08: ffffffff83a16803 R09: 1ffffffff0742d00
00041  osd_wbcfs(O)
00041 R10: dffffc0000000000 R11: fffffbfff0742d01 R12: ffff888134c2a830
00041  lustre(O)
00041 R13: dffffc0000000000 R14: 1ffff11020c24f80 R15: 1ffff11026985542
00041  obdecho(O)
00041 FS:  0000000000000000(0000) GS:ffff8881d4aad000(0000) knlGS:0000000000000000
00041  mgc(O) mdc(O)
00041 CS:  0010 DS: 0000 ES: 0000 CR0: 0000000080050033
00041  lov(O)
00041 CR2: 000055c51a52a490 CR3: 00000001019c3000 CR4: 0000000000750eb0
00041  osc(O) lmv(O)
00041 PKRU: 55555554
00041  ec(O)
00041 Call Trace:
00041  fid(O)
00041  <TASK>
00041  fld(O) ptlrpc(O)
00041  ? ofd_precreate_objects+0x1bd8/0x3220 [ofd]
00041  efivarfs
00041  ? ofd_create_hdl+0x2015/0x3510 [ofd]
00041  obdclass(O)
00041  ? tgt_request_handle+0x23ad/0x3d30 [ptlrpc]
00041  ksocklnd(O) lnet(O)
00041  ? ptlrpc_main+0x6359/0x96f0 [ptlrpc]
00041  libcfs(O)
00041  ? __kthread_parkme+0x73/0x130
00041 
00041  ? kthread+0x2cd/0x3a0
00041 CPU: 3 UID: 0 PID: 1781 Comm: ll_ost00_001 Tainted: G        W  O        7.0.0-ktest-fa4bb62-6330a45-20260727-dirty #1 PREEMPT 
00041  ? ptlrpc_start_thread+0x1f10/0x1f10 [ptlrpc]
00041 Tainted: [W]=WARN, [O]=OOT_MODULE
00041 Hardware name: QEMU Standard PC (Q35 + ICH9, 2009), BIOS 2025.11-3ubuntu7 03/31/2026
00041 RIP: 0010:osd_create+0x9cf/0xcf0 [osd_wbcfs]
00041 Code: c7 c7 00 96 7b a1 48 c7 c6 a0 12 7d a1 48 c7 c2 00 1c 7d a1 e8 52 f1 43 ff 48 c7 c7 00 96 7b a1 e8 46 81 44 ff e9 fe fc ff ff <0f> 0b e9 a5 fa ff ff 48 c7 c1 80 44 5d a0 80 e1 07 80 c1 03 38 c1
00041 RSP: 0018:ffffc900045af878 EFLAGS: 00010246
00041 RAX: 0000000000000000 RBX: ffff8881365db400 RCX: 0000000000000046
00041 RDX: 0000000000000000 RSI: ffff88803c46b478 RDI: ffff88803c1a09e8
00041 RBP: ffff88803c46b3e8 R08: ffffffff83a16803 R09: 1ffffffff0742d00
00041 R10: dffffc0000000000 R11: fffffbfff0742d01 R12: ffff88803c144830
00041  ? kthread_unuse_mm+0x130/0x130
00041 R13: dffffc0000000000 R14: 1ffff11026cbb680 R15: 1ffff11007828942
00041  ? ret_from_fork+0x18c/0x520
00041 FS:  0000000000000000(0000) GS:ffff8881d4bad000(0000) knlGS:0000000000000000
00041  ? kthread_unuse_mm+0x130/0x130
00041 CS:  0010 DS: 0000 ES: 0000 CR0: 0000000080050033
00041  ? ret_from_fork_asm+0x11/0x20
00041 CR2: 000055c51a51eba8 CR3: 00000001019c3000 CR4: 0000000000750eb0
00041  </TASK>
00041 PKRU: 55555554
00041 ---[ end trace 0000000000000000 ]---
00041 Call Trace:
00041  <TASK>
00041 ------------[ cut here ]------------
00041  ? ofd_precreate_objects+0x1bd8/0x3220 [ofd]
00041 WARNING: /home/ktest/git/linux/include/linux/fs.h:889 at osd_create+0x9cf/0xcf0 [osd_wbcfs], CPU#1: ll_ost00_003/1820
00041  ? ofd_create_hdl+0x2015/0x3510 [ofd]
00041 Modules linked in:
00041  ? tgt_request_handle+0x23ad/0x3d30 [ptlrpc]
00041  ofd(O) osp(O)
00041  ? ptlrpc_main+0x6359/0x96f0 [ptlrpc]
00041  mdd(O)
00041  ? __kthread_parkme+0x73/0x130
00041  lod(O)
00041  ? kthread+0x2cd/0x3a0
00041  mdt(O)
00041  ? ptlrpc_start_thread+0x1f10/0x1f10 [ptlrpc]
00041  lquota(O)
00041  ? kthread_unuse_mm+0x130/0x130
00041  lfsck(O)
00041  ? ret_from_fork+0x18c/0x520
00041  mgs(O)
00041  ? kthread_unuse_mm+0x130/0x130
00041  osd_wbcfs(O)
00041  ? ret_from_fork_asm+0x11/0x20
00041  lustre(O)
00041  </TASK>
00041  obdecho(O) mgc(O)
00041 ---[ end trace 0000000000000000 ]---
00041  mdc(O) lov(O)
00041 ------------[ cut here ]------------
00041  osc(O)
00041 WARNING: /home/ktest/git/linux/include/linux/fs.h:889 at osd_create+0x9cf/0xcf0 [osd_wbcfs], CPU#3: ll_ost00_001/1781
00041  lmv(O)
00041 Modules linked in:
00041  ec(O)
00041  ofd(O) osp(O)
00041  fid(O)
00041  mdd(O)
00041  fld(O)
00041  lod(O) mdt(O)
00041  ptlrpc(O)
00041  lquota(O)
00041  efivarfs
00041  lfsck(O)
00041  obdclass(O)
00041  mgs(O)
00041  ksocklnd(O)
00041  osd_wbcfs(O)
00041  lnet(O)
00041  lustre(O)
00041  libcfs(O)
00041  obdecho(O)
00041 
00041  mgc(O)
00041 CPU: 1 UID: 0 PID: 1820 Comm: ll_ost00_003 Tainted: G        W  O        7.0.0-ktest-fa4bb62-6330a45-20260727-dirty #1 PREEMPT 
00041  mdc(O)
00041 Tainted: [W]=WARN, [O]=OOT_MODULE
00041  lov(O)
00041 Hardware name: QEMU Standard PC (Q35 + ICH9, 2009), BIOS 2025.11-3ubuntu7 03/31/2026
00041  osc(O)
00041 RIP: 0010:osd_create+0x9cf/0xcf0 [osd_wbcfs]
00041  lmv(O)
00041 Code: c7 c7 00 96 7b a1 48 c7 c6 a0 12 7d a1 48 c7 c2 00 1c 7d a1 e8 52 f1 43 ff 48 c7 c7 00 96 7b a1 e8 46 81 44 ff e9 fe fc ff ff <0f> 0b e9 a5 fa ff ff 48 c7 c1 80 44 5d a0 80 e1 07 80 c1 03 38 c1
00041  ec(O)
00041 RSP: 0018:ffffc90007b27878 EFLAGS: 00010246
00041  fid(O)
00041 
00041  fld(O) ptlrpc(O)
00041 RAX: 0000000000000000 RBX: ffff888106127400 RCX: 0000000000000046
00041  efivarfs
00041 RDX: 0000000000000000 RSI: ffff88803c463b90 RDI: ffff888138d12aa8
00041  obdclass(O)
00041 RBP: ffff88803c463b00 R08: ffffffff83a16803 R09: 1ffffffff0742d00
00041  ksocklnd(O)
00041 R10: dffffc0000000000 R11: fffffbfff0742d01 R12: ffff888134c2a830
00041  lnet(O)
00041 R13: dffffc0000000000 R14: 1ffff11020c24e80 R15: 1ffff11026985542
00041  libcfs(O)
00041 FS:  0000000000000000(0000) GS:ffff8881d4aad000(0000) knlGS:0000000000000000
00041 
00041 CS:  0010 DS: 0000 ES: 0000 CR0: 0000000080050033
00041 CPU: 3 UID: 0 PID: 1781 Comm: ll_ost00_001 Tainted: G        W  O        7.0.0-ktest-fa4bb62-6330a45-20260727-dirty #1 PREEMPT 
00041 CR2: 000055c51a52a490 CR3: 00000001019c3000 CR4: 0000000000750eb0
00041 Tainted: [W]=WARN, [O]=OOT_MODULE
00041 PKRU: 55555554
00041 Hardware name: QEMU Standard PC (Q35 + ICH9, 2009), BIOS 2025.11-3ubuntu7 03/31/2026
00041 Call Trace:
00041 RIP: 0010:osd_create+0x9cf/0xcf0 [osd_wbcfs]
00041  <TASK>
00041 Code: c7 c7 00 96 7b a1 48 c7 c6 a0 12 7d a1 48 c7 c2 00 1c 7d a1 e8 52 f1 43 ff 48 c7 c7 00 96 7b a1 e8 46 81 44 ff e9 fe fc ff ff <0f> 0b e9 a5 fa ff ff 48 c7 c1 80 44 5d a0 80 e1 07 80 c1 03 38 c1
00041  ? ofd_precreate_objects+0x1bd8/0x3220 [ofd]
00041 RSP: 0018:ffffc900045af878 EFLAGS: 00010246
00041  ? ofd_create_hdl+0x2015/0x3510 [ofd]
00041 
00041 RAX: 0000000000000000 RBX: ffff8881365db800 RCX: 0000000000000046
00041  ? tgt_request_handle+0x23ad/0x3d30 [ptlrpc]
00041 RDX: 0000000000000000 RSI: ffff88803c46ad60 RDI: ffff88803c1a09e8
00041  ? ptlrpc_main+0x6359/0x96f0 [ptlrpc]
00041 RBP: ffff88803c46acd0 R08: ffffffff83a16803 R09: 1ffffffff0742d00
00041 R10: dffffc0000000000 R11: fffffbfff0742d01 R12: ffff88803c144830
00041  ? __kthread_parkme+0x73/0x130
00041 R13: dffffc0000000000 R14: 1ffff11026cbb700 R15: 1ffff11007828942
00041  ? kthread+0x2cd/0x3a0
00041 FS:  0000000000000000(0000) GS:ffff8881d4bad000(0000) knlGS:0000000000000000
00041  ? ptlrpc_start_thread+0x1f10/0x1f10 [ptlrpc]
00041 CS:  0010 DS: 0000 ES: 0000 CR0: 0000000080050033
00041  ? kthread_unuse_mm+0x130/0x130
00041 CR2: 000055c51a51eba8 CR3: 00000001019c3000 CR4: 0000000000750eb0
00041  ? ret_from_fork+0x18c/0x520
00041 PKRU: 55555554
00041  ? kthread_unuse_mm+0x130/0x130
00041 Call Trace:
00041  ? ret_from_fork_asm+0x11/0x20
00041  <TASK>
00041  </TASK>
00041  ? ofd_precreate_objects+0x1bd8/0x3220 [ofd]
00041 ---[ end trace 0000000000000000 ]---
00041  ? ofd_create_hdl+0x2015/0x3510 [ofd]
00041 ------------[ cut here ]------------
00041  ? tgt_request_handle+0x23ad/0x3d30 [ptlrpc]
00041 WARNING: /home/ktest/git/linux/include/linux/fs.h:889 at osd_create+0x9cf/0xcf0 [osd_wbcfs], CPU#1: ll_ost00_003/1820
00041  ? ptlrpc_main+0x6359/0x96f0 [ptlrpc]
00041 Modules linked in:
00041  ? __kthread_parkme+0x73/0x130
00041  ofd(O)
00041  ? kthread+0x2cd/0x3a0
00041  osp(O) mdd(O)
00041  ? ptlrpc_start_thread+0x1f10/0x1f10 [ptlrpc]
00041  lod(O)
00041  ? kthread_unuse_mm+0x130/0x130
00041  mdt(O)
00041  ? ret_from_fork+0x18c/0x520
00041  lquota(O)
00041  ? kthread_unuse_mm+0x130/0x130
00041  lfsck(O)
00041  ? ret_from_fork_asm+0x11/0x20
00041  mgs(O)
00041  </TASK>
00041  osd_wbcfs(O)
00041 ---[ end trace 0000000000000000 ]---
00041  lustre(O)
00041 ------------[ cut here ]------------
00041  obdecho(O)
00041 WARNING: /home/ktest/git/linux/include/linux/fs.h:889 at osd_create+0x9cf/0xcf0 [osd_wbcfs], CPU#3: ll_ost00_001/1781
00041  mgc(O) mdc(O)
00041 Modules linked in:
00041  lov(O)
00041  ofd(O)
00041  osc(O)
00041  osp(O)
00041  lmv(O)
00041  mdd(O)
00041  ec(O)
00041  lod(O)
00041  fid(O) fld(O)
00041  mdt(O) lquota(O)
00041  ptlrpc(O)
00041  lfsck(O)
00041  efivarfs
00041  mgs(O)
00041  obdclass(O)
00041  osd_wbcfs(O)
00041  ksocklnd(O)
00041  lustre(O)
00041  lnet(O)
00041  obdecho(O)
00041  libcfs(O)
00041  mgc(O)
00041 
00041  mdc(O) lov(O)
00041 CPU: 1 UID: 0 PID: 1820 Comm: ll_ost00_003 Tainted: G        W  O        7.0.0-ktest-fa4bb62-6330a45-20260727-dirty #1 PREEMPT 
00041  osc(O)
00041 Tainted: [W]=WARN, [O]=OOT_MODULE
00041  lmv(O)
00041 Hardware name: QEMU Standard PC (Q35 + ICH9, 2009), BIOS 2025.11-3ubuntu7 03/31/2026
00041  ec(O)
00041 RIP: 0010:osd_create+0x9cf/0xcf0 [osd_wbcfs]
00041  fid(O)
00041 Code: c7 c7 00 96 7b a1 48 c7 c6 a0 12 7d a1 48 c7 c2 00 1c 7d a1 e8 52 f1 43 ff 48 c7 c7 00 96 7b a1 e8 46 81 44 ff e9 fe fc ff ff <0f> 0b e9 a5 fa ff ff 48 c7 c1 80 44 5d a0 80 e1 07 80 c1 03 38 c1
00041  fld(O) ptlrpc(O)
00041 RSP: 0018:ffffc90007b27878 EFLAGS: 00010246
00041  efivarfs
00041 
00041  obdclass(O)
00041 RAX: 0000000000000000 RBX: ffff888106126000 RCX: 0000000000000046
00041  ksocklnd(O)
00041 RDX: 0000000000000000 RSI: ffff88803c463478 RDI: ffff888138d12aa8
00041  lnet(O) libcfs(O)
00041 RBP: ffff88803c4633e8 R08: ffffffff83a16803 R09: 1ffffffff0742d00
00041 
00041 R10: dffffc0000000000 R11: fffffbfff0742d01 R12: ffff888134c2a830
00041 CPU: 3 UID: 0 PID: 1781 Comm: ll_ost00_001 Tainted: G        W  O        7.0.0-ktest-fa4bb62-6330a45-20260727-dirty #1 PREEMPT 
00041 R13: dffffc0000000000 R14: 1ffff11020c24c00 R15: 1ffff11026985542
00041 Tainted: [W]=WARN, [O]=OOT_MODULE
00041 FS:  0000000000000000(0000) GS:ffff8881d4aad000(0000) knlGS:0000000000000000
00041 Hardware name: QEMU Standard PC (Q35 + ICH9, 2009), BIOS 2025.11-3ubuntu7 03/31/2026
00041 CS:  0010 DS: 0000 ES: 0000 CR0: 0000000080050033
00041 RIP: 0010:osd_create+0x9cf/0xcf0 [osd_wbcfs]
00041 CR2: 000055c51a52a490 CR3: 00000001019c3000 CR4: 0000000000750eb0
00041 Code: c7 c7 00 96 7b a1 48 c7 c6 a0 12 7d a1 48 c7 c2 00 1c 7d a1 e8 52 f1 43 ff 48 c7 c7 00 96 7b a1 e8 46 81 44 ff e9 fe fc ff ff <0f> 0b e9 a5 fa ff ff 48 c7 c1 80 44 5d a0 80 e1 07 80 c1 03 38 c1
00041 PKRU: 55555554
00041 RSP: 0018:ffffc900045af878 EFLAGS: 00010246
00041 Call Trace:
00041 
00041  <TASK>
00041 RAX: 0000000000000000 RBX: ffff8881365d9800 RCX: 0000000000000046
00041  ? ofd_precreate_objects+0x1bd8/0x3220 [ofd]
00041 RDX: 0000000000000000 RSI: ffff88803c53fb68 RDI: ffff88803c1a09e8
00041  ? ofd_create_hdl+0x2015/0x3510 [ofd]
00041 RBP: ffff88803c53fad8 R08: ffffffff83a16803 R09: 1ffffffff0742d00
00041  ? tgt_request_handle+0x23ad/0x3d30 [ptlrpc]
00041 R10: dffffc0000000000 R11: fffffbfff0742d01 R12: ffff88803c144830
00041  ? ptlrpc_main+0x6359/0x96f0 [ptlrpc]
00041 R13: dffffc0000000000 R14: 1ffff11026cbb300 R15: 1ffff11007828942
00041  ? __kthread_parkme+0x73/0x130
00041 FS:  0000000000000000(0000) GS:ffff8881d4bad000(0000) knlGS:0000000000000000
00041  ? kthread+0x2cd/0x3a0
00041 CS:  0010 DS: 0000 ES: 0000 CR0: 0000000080050033
00041  ? ptlrpc_start_thread+0x1f10/0x1f10 [ptlrpc]
00041 CR2: 000055c51a51eba8 CR3: 00000001019c3000 CR4: 0000000000750eb0
00041  ? kthread_unuse_mm+0x130/0x130
00041 PKRU: 55555554
00041  ? ret_from_fork+0x18c/0x520
00041 Call Trace:
00041  <TASK>
00041  ? kthread_unuse_mm+0x130/0x130
00041  ? ofd_precreate_objects+0x1bd8/0x3220 [ofd]
00041  ? ret_from_fork_asm+0x11/0x20
00041  ? ofd_create_hdl+0x2015/0x3510 [ofd]
00041  </TASK>
00041  ? tgt_request_handle+0x23ad/0x3d30 [ptlrpc]
00041 ---[ end trace 0000000000000000 ]---
00041  ? ptlrpc_main+0x6359/0x96f0 [ptlrpc]
00041 ------------[ cut here ]------------
00041  ? __kthread_parkme+0x73/0x130
00041 WARNING: /home/ktest/git/linux/include/linux/fs.h:889 at osd_create+0x9cf/0xcf0 [osd_wbcfs], CPU#1: ll_ost00_003/1820
00041  ? kthread+0x2cd/0x3a0
00041 Modules linked in: ofd(O)
00041  ? ptlrpc_start_thread+0x1f10/0x1f10 [ptlrpc]
00041  osp(O)
00041  ? kthread_unuse_mm+0x130/0x130
00041  mdd(O)
00041  ? ret_from_fork+0x18c/0x520
00041  lod(O) mdt(O)
00041  ? kthread_unuse_mm+0x130/0x130
00041  lquota(O)
00041  ? ret_from_fork_asm+0x11/0x20
00041  lfsck(O)
00041  </TASK>
00041  mgs(O) osd_wbcfs(O)
00041 ---[ end trace 0000000000000000 ]---
00041  lustre(O)
00041 ------------[ cut here ]------------
00041  obdecho(O)
00041 WARNING: /home/ktest/git/linux/include/linux/fs.h:889 at osd_create+0x9cf/0xcf0 [osd_wbcfs], CPU#3: ll_ost00_001/1781
00041  mgc(O)
00041 Modules linked in:
00041  mdc(O)
00041  ofd(O)
00041  lov(O)
00041  osp(O)
00041  osc(O)
00041  mdd(O)
00041  lmv(O)
00041  lod(O)
00041  ec(O)
00041  mdt(O)
00041  fid(O)
00041  lquota(O)
00041  fld(O)
00041  lfsck(O)
00041  ptlrpc(O)
00041  mgs(O)
00041  efivarfs
00041  osd_wbcfs(O)
00041  obdclass(O)
00041  lustre(O)
00041  ksocklnd(O)
00041  obdecho(O)
00041  lnet(O)
00041  mgc(O)
00041  libcfs(O)
00041  mdc(O) lov(O)
00041 
00041  osc(O)
00041 CPU: 1 UID: 0 PID: 1820 Comm: ll_ost00_003 Tainted: G        W  O        7.0.0-ktest-fa4bb62-6330a45-20260727-dirty #1 PREEMPT 
00041  lmv(O)
00041 Tainted: [W]=WARN, [O]=OOT_MODULE
00041  ec(O)
00041 Hardware name: QEMU Standard PC (Q35 + ICH9, 2009), BIOS 2025.11-3ubuntu7 03/31/2026
00041  fid(O)
00041 RIP: 0010:osd_create+0x9cf/0xcf0 [osd_wbcfs]
00041  fld(O) ptlrpc(O)
00041 Code: c7 c7 00 96 7b a1 48 c7 c6 a0 12 7d a1 48 c7 c2 00 1c 7d a1 e8 52 f1 43 ff 48 c7 c7 00 96 7b a1 e8 46 81 44 ff e9 fe fc ff ff <0f> 0b e9 a5 fa ff ff 48 c7 c1 80 44 5d a0 80 e1 07 80 c1 03 38 c1
00041  efivarfs
00041 RSP: 0018:ffffc90007b27878 EFLAGS: 00010246
00041  obdclass(O)
00041 
00041  ksocklnd(O)
00041 RAX: 0000000000000000 RBX: ffff888106126400 RCX: 0000000000000046
00041  lnet(O)
00041 RDX: 0000000000000000 RSI: ffff88803c462d60 RDI: ffff888138d12aa8
00041  libcfs(O)
00041 RBP: ffff88803c462cd0 R08: ffffffff83a16803 R09: 1ffffffff0742d00
00041 
00041 CPU: 3 UID: 0 PID: 1781 Comm: ll_ost00_001 Tainted: G        W  O        7.0.0-ktest-fa4bb62-6330a45-20260727-dirty #1 PREEMPT 
00041 R10: dffffc0000000000 R11: fffffbfff0742d01 R12: ffff888134c2a830
00041 Tainted: [W]=WARN, [O]=OOT_MODULE
00041 R13: dffffc0000000000 R14: 1ffff11020c24c80 R15: 1ffff11026985542
00041 Hardware name: QEMU Standard PC (Q35 + ICH9, 2009), BIOS 2025.11-3ubuntu7 03/31/2026
00041 FS:  0000000000000000(0000) GS:ffff8881d4aad000(0000) knlGS:0000000000000000
00041 RIP: 0010:osd_create+0x9cf/0xcf0 [osd_wbcfs]
00041 CS:  0010 DS: 0000 ES: 0000 CR0: 0000000080050033
00041 Code: c7 c7 00 96 7b a1 48 c7 c6 a0 12 7d a1 48 c7 c2 00 1c 7d a1 e8 52 f1 43 ff 48 c7 c7 00 96 7b a1 e8 46 81 44 ff e9 fe fc ff ff <0f> 0b e9 a5 fa ff ff 48 c7 c1 80 44 5d a0 80 e1 07 80 c1 03 38 c1
00041 CR2: 000055c51a52a490 CR3: 00000001019c3000 CR4: 0000000000750eb0
00041 RSP: 0018:ffffc900045af878 EFLAGS: 00010246
00041 PKRU: 55555554
00041 
00041 Call Trace:
00041 RAX: 0000000000000000 RBX: ffff88811b990400 RCX: 0000000000000046
00041  <TASK>
00041 RDX: 0000000000000000 RSI: ffff88803c53f450 RDI: ffff88803c1a09e8
00041  ? ofd_precreate_objects+0x1bd8/0x3220 [ofd]
00041 RBP: ffff88803c53f3c0 R08: ffffffff83a16803 R09: 1ffffffff0742d00
00041  ? ofd_create_hdl+0x2015/0x3510 [ofd]
00041 R10: dffffc0000000000 R11: fffffbfff0742d01 R12: ffff88803c144830
00041  ? tgt_request_handle+0x23ad/0x3d30 [ptlrpc]
00041 R13: dffffc0000000000 R14: 1ffff11023732080 R15: 1ffff11007828942
00041  ? ptlrpc_main+0x6359/0x96f0 [ptlrpc]
00041 FS:  0000000000000000(0000) GS:ffff8881d4bad000(0000) knlGS:0000000000000000
00041  ? __kthread_parkme+0x73/0x130
00041 CS:  0010 DS: 0000 ES: 0000 CR0: 0000000080050033
00041  ? kthread+0x2cd/0x3a0
00041 CR2: 000055c51a51eba8 CR3: 00000001019c3000 CR4: 0000000000750eb0
00041  ? ptlrpc_start_thread+0x1f10/0x1f10 [ptlrpc]
00041 PKRU: 55555554
00041  ? kthread_unuse_mm+0x130/0x130
00041 Call Trace:
00041  <TASK>
00041  ? ret_from_fork+0x18c/0x520
00041  ? ofd_precreate_objects+0x1bd8/0x3220 [ofd]
00041  ? kthread_unuse_mm+0x130/0x130
00041  ? ofd_create_hdl+0x2015/0x3510 [ofd]
00041  ? ret_from_fork_asm+0x11/0x20
00041  ? tgt_request_handle+0x23ad/0x3d30 [ptlrpc]
00041  </TASK>
00041  ? ptlrpc_main+0x6359/0x96f0 [ptlrpc]
00041 ---[ end trace 0000000000000000 ]---
00041  ? __kthread_parkme+0x73/0x130
00041 ------------[ cut here ]------------
00041  ? kthread+0x2cd/0x3a0
00041 WARNING: /home/ktest/git/linux/include/linux/fs.h:889 at osd_create+0x9cf/0xcf0 [osd_wbcfs], CPU#1: ll_ost00_003/1820
00041  ? ptlrpc_start_thread+0x1f10/0x1f10 [ptlrpc]
00041 Modules linked in: ofd(O)
00041  ? kthread_unuse_mm+0x130/0x130
00041  osp(O)
00041  ? ret_from_fork+0x18c/0x520
00041  mdd(O)
00041  ? kthread_unuse_mm+0x130/0x130
00041  lod(O)
00041  ? ret_from_fork_asm+0x11/0x20
00041  mdt(O)
00041  </TASK>
00041  lquota(O) lfsck(O)
00041 ---[ end trace 0000000000000000 ]---
00041  mgs(O)
00041 ------------[ cut here ]------------
00041  osd_wbcfs(O)
00041 WARNING: /home/ktest/git/linux/include/linux/fs.h:889 at osd_create+0x9cf/0xcf0 [osd_wbcfs], CPU#3: ll_ost00_001/1781
00041  lustre(O)
00041 Modules linked in:
00041  obdecho(O)
00041  ofd(O)
00041  mgc(O)
00041  osp(O)
00041  mdc(O)
00041  mdd(O)
00041  lov(O)
00041  lod(O)
00041  osc(O)
00041  mdt(O)
00041  lmv(O)
00041  lquota(O)
00041  ec(O)
00041  lfsck(O)
00041  fid(O)
00041  mgs(O)
00041  fld(O)
00041  osd_wbcfs(O)
00041  ptlrpc(O)
00041  lustre(O)
00041  efivarfs
00041  obdecho(O)
00041  obdclass(O)
00041  mgc(O)
00041  ksocklnd(O)
00041  mdc(O)
00041  lnet(O)
00041  lov(O)
00041  libcfs(O)
00041  osc(O)
00041 
00041  lmv(O)
00041 CPU: 1 UID: 0 PID: 1820 Comm: ll_ost00_003 Tainted: G        W  O        7.0.0-ktest-fa4bb62-6330a45-20260727-dirty #1 PREEMPT 
00041  ec(O)
00041 Tainted: [W]=WARN, [O]=OOT_MODULE
00041  fid(O)
00041 Hardware name: QEMU Standard PC (Q35 + ICH9, 2009), BIOS 2025.11-3ubuntu7 03/31/2026
00041  fld(O) ptlrpc(O)
00041 RIP: 0010:osd_create+0x9cf/0xcf0 [osd_wbcfs]
00041  efivarfs obdclass(O)
00041 Code: c7 c7 00 96 7b a1 48 c7 c6 a0 12 7d a1 48 c7 c2 00 1c 7d a1 e8 52 f1 43 ff 48 c7 c7 00 96 7b a1 e8 46 81 44 ff e9 fe fc ff ff <0f> 0b e9 a5 fa ff ff 48 c7 c1 80 44 5d a0 80 e1 07 80 c1 03 38 c1
00041  ksocklnd(O)
00041 RSP: 0018:ffffc90007b27878 EFLAGS: 00010246
00041  lnet(O)
00041 
00041  libcfs(O)
00041 RAX: 0000000000000000 RBX: ffff888106125c00 RCX: 0000000000000046
00041 
00041 CPU: 3 UID: 0 PID: 1781 Comm: ll_ost00_001 Tainted: G        W  O        7.0.0-ktest-fa4bb62-6330a45-20260727-dirty #1 PREEMPT 
00041 RDX: 0000000000000000 RSI: ffff88803c462648 RDI: ffff888138d12aa8
00041 Tainted: [W]=WARN, [O]=OOT_MODULE
00041 RBP: ffff88803c4625b8 R08: ffffffff83a16803 R09: 1ffffffff0742d00
00041 Hardware name: QEMU Standard PC (Q35 + ICH9, 2009), BIOS 2025.11-3ubuntu7 03/31/2026
00041 R10: dffffc0000000000 R11: fffffbfff0742d01 R12: ffff888134c2a830
00041 RIP: 0010:osd_create+0x9cf/0xcf0 [osd_wbcfs]
00041 R13: dffffc0000000000 R14: 1ffff11020c24b80 R15: 1ffff11026985542
00041 Code: c7 c7 00 96 7b a1 48 c7 c6 a0 12 7d a1 48 c7 c2 00 1c 7d a1 e8 52 f1 43 ff 48 c7 c7 00 96 7b a1 e8 46 81 44 ff e9 fe fc ff ff <0f> 0b e9 a5 fa ff ff 48 c7 c1 80 44 5d a0 80 e1 07 80 c1 03 38 c1
00041 FS:  0000000000000000(0000) GS:ffff8881d4aad000(0000) knlGS:0000000000000000
00041 RSP: 0018:ffffc900045af878 EFLAGS: 00010246
00041 CS:  0010 DS: 0000 ES: 0000 CR0: 0000000080050033
00041 
00041 CR2: 000055c51a52a490 CR3: 00000001019c3000 CR4: 0000000000750eb0
00041 RAX: 0000000000000000 RBX: ffff88811b990000 RCX: 0000000000000046
00041 PKRU: 55555554
00041 RDX: 0000000000000000 RSI: ffff88803c53ed38 RDI: ffff88803c1a09e8
00041 RBP: ffff88803c53eca8 R08: ffffffff83a16803 R09: 1ffffffff0742d00
00041 R10: dffffc0000000000 R11: fffffbfff0742d01 R12: ffff88803c144830
00041 R13: dffffc0000000000 R14: 1ffff11023732000 R15: 1ffff11007828942
00041 FS:  0000000000000000(0000) GS:ffff8881d4bad000(0000) knlGS:0000000000000000
00041 Call Trace:
00041 CS:  0010 DS: 0000 ES: 0000 CR0: 0000000080050033
00041  <TASK>
00041 CR2: 000055c51a51eba8 CR3: 00000001019c3000 CR4: 0000000000750eb0
00041  ? ofd_precreate_objects+0x1bd8/0x3220 [ofd]
00041 PKRU: 55555554
00041  ? ofd_create_hdl+0x2015/0x3510 [ofd]
00041 Call Trace:
00041  <TASK>
00041  ? tgt_request_handle+0x23ad/0x3d30 [ptlrpc]
00041  ? ofd_precreate_objects+0x1bd8/0x3220 [ofd]
00041  ? ptlrpc_main+0x6359/0x96f0 [ptlrpc]
00041  ? ofd_create_hdl+0x2015/0x3510 [ofd]
00041  ? __kthread_parkme+0x73/0x130
00041  ? tgt_request_handle+0x23ad/0x3d30 [ptlrpc]
00041  ? kthread+0x2cd/0x3a0
00041  ? ptlrpc_main+0x6359/0x96f0 [ptlrpc]
00041  ? ptlrpc_start_thread+0x1f10/0x1f10 [ptlrpc]
00041  ? __kthread_parkme+0x73/0x130
00041  ? kthread_unuse_mm+0x130/0x130
00041  ? kthread+0x2cd/0x3a0
00041  ? ret_from_fork+0x18c/0x520
00041  ? ptlrpc_start_thread+0x1f10/0x1f10 [ptlrpc]
00041  ? kthread_unuse_mm+0x130/0x130
00041  ? kthread_unuse_mm+0x130/0x130
00041  ? ret_from_fork_asm+0x11/0x20
00041  ? ret_from_fork+0x18c/0x520
00041  </TASK>
00041  ? kthread_unuse_mm+0x130/0x130
00041 ---[ end trace 0000000000000000 ]---
00041  ? ret_from_fork_asm+0x11/0x20
00041 ------------[ cut here ]------------
00041  </TASK>
00041 WARNING: /home/ktest/git/linux/include/linux/fs.h:889 at osd_create+0x9cf/0xcf0 [osd_wbcfs], CPU#1: ll_ost00_003/1820
00041 ---[ end trace 0000000000000000 ]---
00041 Modules linked in:
00041 ------------[ cut here ]------------
00041  ofd(O)
00041 WARNING: /home/ktest/git/linux/include/linux/fs.h:889 at osd_create+0x9cf/0xcf0 [osd_wbcfs], CPU#3: ll_ost00_001/1781
00041  osp(O)
00041 Modules linked in:
00041  mdd(O)
00041  ofd(O)
00041  lod(O)
00041  osp(O) mdd(O)
00041  mdt(O)
00041  lod(O)
00041  lquota(O)
00041  mdt(O)
00041  lfsck(O)
00041  lquota(O)
00041  mgs(O)
00041  lfsck(O) mgs(O)
00041  osd_wbcfs(O)
00041  osd_wbcfs(O)
00041  lustre(O)
00041  lustre(O) obdecho(O)
00041  obdecho(O)
00041  mgc(O)
00041  mgc(O)
00041  mdc(O)
00041  mdc(O)
00041  lov(O)
00041  lov(O)
00041  osc(O)
00041  osc(O)
00041  lmv(O)
00041  lmv(O)
00041  ec(O)
00041  ec(O)
00041  fid(O)
00041  fid(O) fld(O)
00041  fld(O)
00041  ptlrpc(O)
00041  ptlrpc(O)
00041  efivarfs
00041  efivarfs obdclass(O)
00041  obdclass(O)
00041  ksocklnd(O)
00041  ksocklnd(O)
00041  lnet(O)
00041  lnet(O)
00041  libcfs(O)
00041  libcfs(O)
00041 
00041 CPU: 3 UID: 0 PID: 1781 Comm: ll_ost00_001 Tainted: G        W  O        7.0.0-ktest-fa4bb62-6330a45-20260727-dirty #1 PREEMPT 
00041 
00041 Tainted: [W]=WARN, [O]=OOT_MODULE
00041 CPU: 1 UID: 0 PID: 1820 Comm: ll_ost00_003 Tainted: G        W  O        7.0.0-ktest-fa4bb62-6330a45-20260727-dirty #1 PREEMPT 
00041 Hardware name: QEMU Standard PC (Q35 + ICH9, 2009), BIOS 2025.11-3ubuntu7 03/31/2026
00041 Tainted: [W]=WARN, [O]=OOT_MODULE
00041 RIP: 0010:osd_create+0x9cf/0xcf0 [osd_wbcfs]
00041 Hardware name: QEMU Standard PC (Q35 + ICH9, 2009), BIOS 2025.11-3ubuntu7 03/31/2026
00041 Code: c7 c7 00 96 7b a1 48 c7 c6 a0 12 7d a1 48 c7 c2 00 1c 7d a1 e8 52 f1 43 ff 48 c7 c7 00 96 7b a1 e8 46 81 44 ff e9 fe fc ff ff <0f> 0b e9 a5 fa ff ff 48 c7 c1 80 44 5d a0 80 e1 07 80 c1 03 38 c1
00041 RIP: 0010:osd_create+0x9cf/0xcf0 [osd_wbcfs]
00041 RSP: 0018:ffffc900045af878 EFLAGS: 00010246
00041 Code: c7 c7 00 96 7b a1 48 c7 c6 a0 12 7d a1 48 c7 c2 00 1c 7d a1 e8 52 f1 43 ff 48 c7 c7 00 96 7b a1 e8 46 81 44 ff e9 fe fc ff ff <0f> 0b e9 a5 fa ff ff 48 c7 c1 80 44 5d a0 80 e1 07 80 c1 03 38 c1
00041 RAX: 0000000000000000 RBX: ffff88811b986c00 RCX: 0000000000000046
00041 RSP: 0018:ffffc90007b27878 EFLAGS: 00010246
00041 RDX: 0000000000000000 RSI: ffff88803c53e620 RDI: ffff88803c1a09e8
00041 
00041 RBP: ffff88803c53e590 R08: ffffffff83a16803 R09: 1ffffffff0742d00
00041 RAX: 0000000000000000 RBX: ffff888104581c00 RCX: 0000000000000046
00041 R10: dffffc0000000000 R11: fffffbfff0742d01 R12: ffff88803c144830
00041 R13: dffffc0000000000 R14: 1ffff11023730d80 R15: 1ffff11007828942
00041 RDX: 0000000000000000 RSI: ffff88803c461f30 RDI: ffff888138d12aa8
00041 FS:  0000000000000000(0000) GS:ffff8881d4bad000(0000) knlGS:0000000000000000
00041 RBP: ffff88803c461ea0 R08: ffffffff83a16803 R09: 1ffffffff0742d00
00041 CS:  0010 DS: 0000 ES: 0000 CR0: 0000000080050033
00041 R10: dffffc0000000000 R11: fffffbfff0742d01 R12: ffff888134c2a830
00041 CR2: 000055c51a51eba8 CR3: 00000001019c3000 CR4: 0000000000750eb0
00041 R13: dffffc0000000000 R14: 1ffff110208b0380 R15: 1ffff11026985542
00041 PKRU: 55555554
00041 FS:  0000000000000000(0000) GS:ffff8881d4aad000(0000) knlGS:0000000000000000
00041 Call Trace:
00041 CS:  0010 DS: 0000 ES: 0000 CR0: 0000000080050033
00041  <TASK>
00041 CR2: 000055c51a52a490 CR3: 00000001019c3000 CR4: 0000000000750eb0
00041  ? ofd_precreate_objects+0x1bd8/0x3220 [ofd]
00041 PKRU: 55555554
00041  ? ofd_create_hdl+0x2015/0x3510 [ofd]
00041 Call Trace:
00041  ? tgt_request_handle+0x23ad/0x3d30 [ptlrpc]
00041  <TASK>
00041  ? ptlrpc_main+0x6359/0x96f0 [ptlrpc]
00041  ? ofd_precreate_objects+0x1bd8/0x3220 [ofd]
00041  ? __kthread_parkme+0x73/0x130
00041  ? ofd_create_hdl+0x2015/0x3510 [ofd]
00041  ? kthread+0x2cd/0x3a0
00041  ? tgt_request_handle+0x23ad/0x3d30 [ptlrpc]
00041  ? ptlrpc_start_thread+0x1f10/0x1f10 [ptlrpc]
00041  ? ptlrpc_main+0x6359/0x96f0 [ptlrpc]
00041  ? kthread_unuse_mm+0x130/0x130
00041  ? __kthread_parkme+0x73/0x130
00041  ? ret_from_fork+0x18c/0x520
00041  ? kthread+0x2cd/0x3a0
00041  ? kthread_unuse_mm+0x130/0x130
00041  ? ptlrpc_start_thread+0x1f10/0x1f10 [ptlrpc]
00041  ? ret_from_fork_asm+0x11/0x20
00041  ? kthread_unuse_mm+0x130/0x130
00041  </TASK>
00041  ? ret_from_fork+0x18c/0x520
00041 ---[ end trace 0000000000000000 ]---
00041  ? kthread_unuse_mm+0x130/0x130
00041 ------------[ cut here ]------------
00041  ? ret_from_fork_asm+0x11/0x20
00041 WARNING: /home/ktest/git/linux/include/linux/fs.h:889 at osd_create+0x9cf/0xcf0 [osd_wbcfs], CPU#3: ll_ost00_001/1781
00041  </TASK>
00041 Modules linked in: ofd(O)
00041 ---[ end trace 0000000000000000 ]---
00041  osp(O)
00041 ------------[ cut here ]------------
00041  mdd(O)
00041 WARNING: /home/ktest/git/linux/include/linux/fs.h:889 at osd_create+0x9cf/0xcf0 [osd_wbcfs], CPU#1: ll_ost00_003/1820
00041  lod(O)
00041 Modules linked in:
00041  mdt(O)
00041  ofd(O)
00041  lquota(O)
00041  osp(O)
00041  lfsck(O)
00041  mdd(O)
00041  mgs(O)
00041  lod(O)
00041  osd_wbcfs(O)
00041  mdt(O)
00041  lustre(O)
00041  lquota(O)
00041  obdecho(O)
00041  lfsck(O)
00041  mgc(O)
00041  mgs(O)
00041  mdc(O)
00041  osd_wbcfs(O)
00041  lov(O)
00041  lustre(O)
00041  osc(O) lmv(O)
00041  obdecho(O)
00041  ec(O)
00041  mgc(O)
00041  fid(O)
00041  mdc(O)
00041  fld(O)
00041  lov(O) osc(O)
00041  ptlrpc(O)
00041  lmv(O)
00041  efivarfs
00041  ec(O) fid(O)
00041  obdclass(O)
00041  fld(O)
00041  ksocklnd(O)
00041  ptlrpc(O)
00041  lnet(O)
00041  efivarfs
00041  libcfs(O)
00041  obdclass(O)
00041 
00041  ksocklnd(O) lnet(O)
00041 CPU: 3 UID: 0 PID: 1781 Comm: ll_ost00_001 Tainted: G        W  O        7.0.0-ktest-fa4bb62-6330a45-20260727-dirty #1 PREEMPT 
00041  libcfs(O)
00041 Tainted: [W]=WARN, [O]=OOT_MODULE
00041 
00041 Hardware name: QEMU Standard PC (Q35 + ICH9, 2009), BIOS 2025.11-3ubuntu7 03/31/2026
00041 CPU: 1 UID: 0 PID: 1820 Comm: ll_ost00_003 Tainted: G        W  O        7.0.0-ktest-fa4bb62-6330a45-20260727-dirty #1 PREEMPT 
00041 RIP: 0010:osd_create+0x9cf/0xcf0 [osd_wbcfs]
00041 Tainted: [W]=WARN, [O]=OOT_MODULE
00041 Code: c7 c7 00 96 7b a1 48 c7 c6 a0 12 7d a1 48 c7 c2 00 1c 7d a1 e8 52 f1 43 ff 48 c7 c7 00 96 7b a1 e8 46 81 44 ff e9 fe fc ff ff <0f> 0b e9 a5 fa ff ff 48 c7 c1 80 44 5d a0 80 e1 07 80 c1 03 38 c1
00041 Hardware name: QEMU Standard PC (Q35 + ICH9, 2009), BIOS 2025.11-3ubuntu7 03/31/2026
00041 RSP: 0018:ffffc900045af878 EFLAGS: 00010246
00041 RIP: 0010:osd_create+0x9cf/0xcf0 [osd_wbcfs]
00041 
00041 RAX: 0000000000000000 RBX: ffff88811b987c00 RCX: 0000000000000046
00041 Code: c7 c7 00 96 7b a1 48 c7 c6 a0 12 7d a1 48 c7 c2 00 1c 7d a1 e8 52 f1 43 ff 48 c7 c7 00 96 7b a1 e8 46 81 44 ff e9 fe fc ff ff <0f> 0b e9 a5 fa ff ff 48 c7 c1 80 44 5d a0 80 e1 07 80 c1 03 38 c1
00041 RDX: 0000000000000000 RSI: ffff88803c53df08 RDI: ffff88803c1a09e8
00041 RBP: ffff88803c53de78 R08: ffffffff83a16803 R09: 1ffffffff0742d00
00041 R10: dffffc0000000000 R11: fffffbfff0742d01 R12: ffff88803c144830
00041 R13: dffffc0000000000 R14: 1ffff11023730f80 R15: 1ffff11007828942
00041 FS:  0000000000000000(0000) GS:ffff8881d4bad000(0000) knlGS:0000000000000000
00041 CS:  0010 DS: 0000 ES: 0000 CR0: 0000000080050033
00041 CR2: 000055c51a51eba8 CR3: 00000001019c3000 CR4: 0000000000750eb0
00041 PKRU: 55555554
00041 Call Trace:
00041  <TASK>
00041  ? ofd_precreate_objects+0x1bd8/0x3220 [ofd]
00041  ? ofd_create_hdl+0x2015/0x3510 [ofd]
00041  ? tgt_request_handle+0x23ad/0x3d30 [ptlrpc]
00041 RSP: 0018:ffffc90007b27878 EFLAGS: 00010246
00041  ? ptlrpc_main+0x6359/0x96f0 [ptlrpc]
00041 
00041  ? __kthread_parkme+0x73/0x130
00041 RAX: 0000000000000000 RBX: ffff888118459400 RCX: 0000000000000046
00041  ? kthread+0x2cd/0x3a0
00041 RDX: 0000000000000000 RSI: ffff88803c461818 RDI: ffff888138d12aa8
00041  ? ptlrpc_start_thread+0x1f10/0x1f10 [ptlrpc]
00041 RBP: ffff88803c461788 R08: ffffffff83a16803 R09: 1ffffffff0742d00
00041  ? kthread_unuse_mm+0x130/0x130
00041 R10: dffffc0000000000 R11: fffffbfff0742d01 R12: ffff888134c2a830
00041  ? ret_from_fork+0x18c/0x520
00041 R13: dffffc0000000000 R14: 1ffff1102308b280 R15: 1ffff11026985542
00041  ? kthread_unuse_mm+0x130/0x130
00041 FS:  0000000000000000(0000) GS:ffff8881d4aad000(0000) knlGS:0000000000000000
00041  ? ret_from_fork_asm+0x11/0x20
00041 CS:  0010 DS: 0000 ES: 0000 CR0: 0000000080050033
00041  </TASK>
00041 CR2: 000055c51a52a490 CR3: 00000001019c3000 CR4: 0000000000750eb0
00041 ---[ end trace 0000000000000000 ]---
00041 PKRU: 55555554
00041 ------------[ cut here ]------------
00041 Call Trace:
00041 WARNING: /home/ktest/git/linux/include/linux/fs.h:889 at osd_create+0x9cf/0xcf0 [osd_wbcfs], CPU#3: ll_ost00_001/1781
00041  <TASK>
00041 Modules linked in: ofd(O)
00041  ? ofd_precreate_objects+0x1bd8/0x3220 [ofd]
00041  osp(O)
00041  ? ofd_create_hdl+0x2015/0x3510 [ofd]
00041  mdd(O)
00041  ? tgt_request_handle+0x23ad/0x3d30 [ptlrpc]
00041  lod(O)
00041  ? ptlrpc_main+0x6359/0x96f0 [ptlrpc]
00041  mdt(O)
00041  ? __kthread_parkme+0x73/0x130
00041  lquota(O) lfsck(O)
00041  ? kthread+0x2cd/0x3a0
00041  mgs(O)
00041  ? ptlrpc_start_thread+0x1f10/0x1f10 [ptlrpc]
00041  osd_wbcfs(O)
00041  ? kthread_unuse_mm+0x130/0x130
00041  lustre(O)
00041  ? ret_from_fork+0x18c/0x520
00041  obdecho(O) mgc(O)
00041  ? kthread_unuse_mm+0x130/0x130
00041  mdc(O) lov(O)
00041  ? ret_from_fork_asm+0x11/0x20
00041  osc(O)
00041  </TASK>
00041  lmv(O)
00041 ---[ end trace 0000000000000000 ]---
00041  ec(O)
00041 ------------[ cut here ]------------
00041  fid(O)
00041 WARNING: /home/ktest/git/linux/include/linux/fs.h:889 at osd_create+0x9cf/0xcf0 [osd_wbcfs], CPU#1: ll_ost00_003/1820
00041  fld(O)
00041 Modules linked in: ofd(O)
00041  ptlrpc(O)
00041  osp(O)
00041  efivarfs
00041  mdd(O)
00041  obdclass(O)
00041  lod(O)
00041  ksocklnd(O)
00041  mdt(O) lquota(O)
00041  lnet(O)
00041  lfsck(O)
00041  libcfs(O)
00041  mgs(O)
00041 
00041  osd_wbcfs(O)
00041 CPU: 3 UID: 0 PID: 1781 Comm: ll_ost00_001 Tainted: G        W  O        7.0.0-ktest-fa4bb62-6330a45-20260727-dirty #1 PREEMPT 
00041  lustre(O)
00041 Tainted: [W]=WARN, [O]=OOT_MODULE
00041  obdecho(O)
00041 Hardware name: QEMU Standard PC (Q35 + ICH9, 2009), BIOS 2025.11-3ubuntu7 03/31/2026
00041  mgc(O)
00041 RIP: 0010:osd_create+0x9cf/0xcf0 [osd_wbcfs]
00041  mdc(O) lov(O)
00041 Code: c7 c7 00 96 7b a1 48 c7 c6 a0 12 7d a1 48 c7 c2 00 1c 7d a1 e8 52 f1 43 ff 48 c7 c7 00 96 7b a1 e8 46 81 44 ff e9 fe fc ff ff <0f> 0b e9 a5 fa ff ff 48 c7 c1 80 44 5d a0 80 e1 07 80 c1 03 38 c1
00041  osc(O)
00041 RSP: 0018:ffffc900045af878 EFLAGS: 00010246
00041  lmv(O) ec(O)
00041 
00041  fid(O)
00041 RAX: 0000000000000000 RBX: ffff88811b986800 RCX: 0000000000000046
00041  fld(O)
00041 RDX: 0000000000000000 RSI: ffff88803c53d7f0 RDI: ffff88803c1a09e8
00041  ptlrpc(O)
00041 RBP: ffff88803c53d760 R08: ffffffff83a16803 R09: 1ffffffff0742d00
00041  efivarfs
00041 R10: dffffc0000000000 R11: fffffbfff0742d01 R12: ffff88803c144830
00041  obdclass(O)
00041 R13: dffffc0000000000 R14: 1ffff11023730d00 R15: 1ffff11007828942
00041  ksocklnd(O)
00041 FS:  0000000000000000(0000) GS:ffff8881d4bad000(0000) knlGS:0000000000000000
00041  lnet(O)
00041 CS:  0010 DS: 0000 ES: 0000 CR0: 0000000080050033
00041  libcfs(O)
00041 CR2: 000055c51a51eba8 CR3: 00000001019c3000 CR4: 0000000000750eb0
00041 
00041 PKRU: 55555554
00041 CPU: 1 UID: 0 PID: 1820 Comm: ll_ost00_003 Tainted: G        W  O        7.0.0-ktest-fa4bb62-6330a45-20260727-dirty #1 PREEMPT 
00041 Call Trace:
00041 Tainted: [W]=WARN, [O]=OOT_MODULE
00041  <TASK>
00041  ? ofd_precreate_objects+0x1bd8/0x3220 [ofd]
00041 Hardware name: QEMU Standard PC (Q35 + ICH9, 2009), BIOS 2025.11-3ubuntu7 03/31/2026
00041 RIP: 0010:osd_create+0x9cf/0xcf0 [osd_wbcfs]
00041  ? ofd_create_hdl+0x2015/0x3510 [ofd]
00041 Code: c7 c7 00 96 7b a1 48 c7 c6 a0 12 7d a1 48 c7 c2 00 1c 7d a1 e8 52 f1 43 ff 48 c7 c7 00 96 7b a1 e8 46 81 44 ff e9 fe fc ff ff <0f> 0b e9 a5 fa ff ff 48 c7 c1 80 44 5d a0 80 e1 07 80 c1 03 38 c1
00041  ? tgt_request_handle+0x23ad/0x3d30 [ptlrpc]
00041 RSP: 0018:ffffc90007b27878 EFLAGS: 00010246
00041  ? ptlrpc_main+0x6359/0x96f0 [ptlrpc]
00041 
00041  ? __kthread_parkme+0x73/0x130
00041 RAX: 0000000000000000 RBX: ffff88810132dc00 RCX: 0000000000000046
00041  ? kthread+0x2cd/0x3a0
00041 RDX: 0000000000000000 RSI: ffff88803c461100 RDI: ffff888138d12aa8
00041  ? ptlrpc_start_thread+0x1f10/0x1f10 [ptlrpc]
00041 RBP: ffff88803c461070 R08: ffffffff83a16803 R09: 1ffffffff0742d00
00041  ? kthread_unuse_mm+0x130/0x130
00041 R10: dffffc0000000000 R11: fffffbfff0742d01 R12: ffff888134c2a830
00041  ? ret_from_fork+0x18c/0x520
00041 R13: dffffc0000000000 R14: 1ffff11020265b80 R15: 1ffff11026985542
00041  ? kthread_unuse_mm+0x130/0x130
00041 FS:  0000000000000000(0000) GS:ffff8881d4aad000(0000) knlGS:0000000000000000
00041  ? ret_from_fork_asm+0x11/0x20
00041 CS:  0010 DS: 0000 ES: 0000 CR0: 0000000080050033
00041  </TASK>
00041 CR2: 000055c51a52a490 CR3: 00000001019c3000 CR4: 0000000000750eb0
00041 ---[ end trace 0000000000000000 ]---
00041 PKRU: 55555554
00041 ------------[ cut here ]------------
00041 Call Trace:
00041 WARNING: /home/ktest/git/linux/include/linux/fs.h:889 at osd_create+0x9cf/0xcf0 [osd_wbcfs], CPU#3: ll_ost00_001/1781
00041  <TASK>
00041 Modules linked in: ofd(O)
00041  ? ofd_precreate_objects+0x1bd8/0x3220 [ofd]
00041  osp(O) mdd(O)
00041  ? ofd_create_hdl+0x2015/0x3510 [ofd]
00041  lod(O)
00041  ? tgt_request_handle+0x23ad/0x3d30 [ptlrpc]
00041  mdt(O)
00041  ? ptlrpc_main+0x6359/0x96f0 [ptlrpc]
00041  lquota(O)
00041  ? __kthread_parkme+0x73/0x130
00041  lfsck(O)
00041  ? kthread+0x2cd/0x3a0
00041  mgs(O) osd_wbcfs(O)
00041  ? ptlrpc_start_thread+0x1f10/0x1f10 [ptlrpc]
00041  lustre(O)
00041  ? kthread_unuse_mm+0x130/0x130
00041  obdecho(O)
00041  ? ret_from_fork+0x18c/0x520
00041  mgc(O) mdc(O)
00041  ? kthread_unuse_mm+0x130/0x130
00041  lov(O)
00041  ? ret_from_fork_asm+0x11/0x20
00041  osc(O) lmv(O)
00041  </TASK>
00041  ec(O)
00041 ---[ end trace 0000000000000000 ]---
00041  fid(O) fld(O)
00041 ------------[ cut here ]------------
00041  ptlrpc(O)
00041 WARNING: /home/ktest/git/linux/include/linux/fs.h:889 at osd_create+0x9cf/0xcf0 [osd_wbcfs], CPU#1: ll_ost00_003/1820
00041  efivarfs
00041 Modules linked in:
00041  obdclass(O)
00041  ofd(O)
00041  ksocklnd(O)
00041  osp(O)
00041  lnet(O)
00041  mdd(O)
00041  libcfs(O)
00041  lod(O)
00041 
00041  mdt(O)
00041 CPU: 3 UID: 0 PID: 1781 Comm: ll_ost00_001 Tainted: G        W  O        7.0.0-ktest-fa4bb62-6330a45-20260727-dirty #1 PREEMPT 
00041  lquota(O)
00041 Tainted: [W]=WARN, [O]=OOT_MODULE
00041  lfsck(O)
00041 Hardware name: QEMU Standard PC (Q35 + ICH9, 2009), BIOS 2025.11-3ubuntu7 03/31/2026
00041  mgs(O)
00041 RIP: 0010:osd_create+0x9cf/0xcf0 [osd_wbcfs]
00041  osd_wbcfs(O)
00041 Code: c7 c7 00 96 7b a1 48 c7 c6 a0 12 7d a1 48 c7 c2 00 1c 7d a1 e8 52 f1 43 ff 48 c7 c7 00 96 7b a1 e8 46 81 44 ff e9 fe fc ff ff <0f> 0b e9 a5 fa ff ff 48 c7 c1 80 44 5d a0 80 e1 07 80 c1 03 38 c1
00041  lustre(O)
00041 RSP: 0018:ffffc900045af878 EFLAGS: 00010246
00041  obdecho(O)
00041 
00041  mgc(O)
00041 RAX: 0000000000000000 RBX: ffff88811b987800 RCX: 0000000000000046
00041  mdc(O)
00041 RDX: 0000000000000000 RSI: ffff88803c53d0d8 RDI: ffff88803c1a09e8
00041  lov(O)
00041 RBP: ffff88803c53d048 R08: ffffffff83a16803 R09: 1ffffffff0742d00
00041  osc(O) lmv(O)
00041 R10: dffffc0000000000 R11: fffffbfff0742d01 R12: ffff88803c144830
00041  ec(O)
00041 R13: dffffc0000000000 R14: 1ffff11023730f00 R15: 1ffff11007828942
00041  fid(O)
00041 FS:  0000000000000000(0000) GS:ffff8881d4bad000(0000) knlGS:0000000000000000
00041  fld(O)
00041 CS:  0010 DS: 0000 ES: 0000 CR0: 0000000080050033
00041  ptlrpc(O)
00041 CR2: 000055c51a51eba8 CR3: 00000001019c3000 CR4: 0000000000750eb0
00041  efivarfs
00041 PKRU: 55555554
00041  obdclass(O)
00041 Call Trace:
00041  <TASK>
00041  ksocklnd(O)
00041  ? ofd_precreate_objects+0x1bd8/0x3220 [ofd]
00041  lnet(O)
00041  ? ofd_create_hdl+0x2015/0x3510 [ofd]
00041  libcfs(O)
00041  ? tgt_request_handle+0x23ad/0x3d30 [ptlrpc]
00041 
00041  ? ptlrpc_main+0x6359/0x96f0 [ptlrpc]
00041 CPU: 1 UID: 0 PID: 1820 Comm: ll_ost00_003 Tainted: G        W  O        7.0.0-ktest-fa4bb62-6330a45-20260727-dirty #1 PREEMPT 
00041  ? __kthread_parkme+0x73/0x130
00041 Tainted: [W]=WARN, [O]=OOT_MODULE
00041  ? kthread+0x2cd/0x3a0
00041 Hardware name: QEMU Standard PC (Q35 + ICH9, 2009), BIOS 2025.11-3ubuntu7 03/31/2026
00041  ? ptlrpc_start_thread+0x1f10/0x1f10 [ptlrpc]
00041 RIP: 0010:osd_create+0x9cf/0xcf0 [osd_wbcfs]
00041  ? kthread_unuse_mm+0x130/0x130
00041 Code: c7 c7 00 96 7b a1 48 c7 c6 a0 12 7d a1 48 c7 c2 00 1c 7d a1 e8 52 f1 43 ff 48 c7 c7 00 96 7b a1 e8 46 81 44 ff e9 fe fc ff ff <0f> 0b e9 a5 fa ff ff 48 c7 c1 80 44 5d a0 80 e1 07 80 c1 03 38 c1
00041  ? ret_from_fork+0x18c/0x520
00041 RSP: 0018:ffffc90007b27878 EFLAGS: 00010246
00041  ? kthread_unuse_mm+0x130/0x130
00041 
00041  ? ret_from_fork_asm+0x11/0x20
00041 RAX: 0000000000000000 RBX: ffff88813406c800 RCX: 0000000000000046
00041  </TASK>
00041 RDX: 0000000000000000 RSI: ffff88803c4609e8 RDI: ffff888138d12aa8
00041 RBP: ffff88803c460958 R08: ffffffff83a16803 R09: 1ffffffff0742d00
00041 ---[ end trace 0000000000000000 ]---
00041 R10: dffffc0000000000 R11: fffffbfff0742d01 R12: ffff888134c2a830
00041 R13: dffffc0000000000 R14: 1ffff1102680d900 R15: 1ffff11026985542
00041 ------------[ cut here ]------------
00041 FS:  0000000000000000(0000) GS:ffff8881d4aad000(0000) knlGS:0000000000000000
00041 WARNING: /home/ktest/git/linux/include/linux/fs.h:889 at osd_create+0x9cf/0xcf0 [osd_wbcfs], CPU#3: ll_ost00_001/1781
00041 CS:  0010 DS: 0000 ES: 0000 CR0: 0000000080050033
00041 Modules linked in:
00041 CR2: 000055c51a52a490 CR3: 00000001019c3000 CR4: 0000000000750eb0
00041  ofd(O)
00041 PKRU: 55555554
00041  osp(O)
00041 Call Trace:
00041  mdd(O)
00041  <TASK>
00041  lod(O) mdt(O)
00041  ? ofd_precreate_objects+0x1bd8/0x3220 [ofd]
00041  lquota(O)
00041  ? ofd_create_hdl+0x2015/0x3510 [ofd]
00041  lfsck(O)
00041  ? tgt_request_handle+0x23ad/0x3d30 [ptlrpc]
00041  mgs(O)
00041  ? ptlrpc_main+0x6359/0x96f0 [ptlrpc]
00041  osd_wbcfs(O) lustre(O)
00041  ? __kthread_parkme+0x73/0x130
00041  obdecho(O)
00041  ? kthread+0x2cd/0x3a0
00041  mgc(O)
00041  ? ptlrpc_start_thread+0x1f10/0x1f10 [ptlrpc]
00041  mdc(O)
00041  ? kthread_unuse_mm+0x130/0x130
00041  lov(O)
00041  ? ret_from_fork+0x18c/0x520
00041  osc(O)
00041  ? kthread_unuse_mm+0x130/0x130
00041  lmv(O)
00041  ? ret_from_fork_asm+0x11/0x20
00041  ec(O)
00041  </TASK>
00041  fid(O)
00041 ---[ end trace 0000000000000000 ]---
00041  fld(O)
00041 ------------[ cut here ]------------
00041  ptlrpc(O)
00041 WARNING: /home/ktest/git/linux/include/linux/fs.h:889 at osd_create+0x9cf/0xcf0 [osd_wbcfs], CPU#1: ll_ost00_003/1820
00041  efivarfs
00041 Modules linked in:
00041  obdclass(O)
00041  ofd(O)
00041  ksocklnd(O) lnet(O)
00041  osp(O)
00041  libcfs(O)
00041  mdd(O)
00041 
00041  lod(O) mdt(O)
00041 CPU: 3 UID: 0 PID: 1781 Comm: ll_ost00_001 Tainted: G        W  O        7.0.0-ktest-fa4bb62-6330a45-20260727-dirty #1 PREEMPT 
00041  lquota(O)
00041 Tainted: [W]=WARN, [O]=OOT_MODULE
00041  lfsck(O)
00041 Hardware name: QEMU Standard PC (Q35 + ICH9, 2009), BIOS 2025.11-3ubuntu7 03/31/2026
00041  mgs(O) osd_wbcfs(O)
00041 RIP: 0010:osd_create+0x9cf/0xcf0 [osd_wbcfs]
00041  lustre(O)
00041 Code: c7 c7 00 96 7b a1 48 c7 c6 a0 12 7d a1 48 c7 c2 00 1c 7d a1 e8 52 f1 43 ff 48 c7 c7 00 96 7b a1 e8 46 81 44 ff e9 fe fc ff ff <0f> 0b e9 a5 fa ff ff 48 c7 c1 80 44 5d a0 80 e1 07 80 c1 03 38 c1
00041  obdecho(O)
00041 RSP: 0018:ffffc900045af878 EFLAGS: 00010246
00041  mgc(O)
00041 
00041  mdc(O)
00041 RAX: 0000000000000000 RBX: ffff888133adc800 RCX: 0000000000000046
00041  lov(O)
00041 RDX: 0000000000000000 RSI: ffff88803c53c9c0 RDI: ffff88803c1a09e8
00041  osc(O)
00041 RBP: ffff88803c53c930 R08: ffffffff83a16803 R09: 1ffffffff0742d00
00041  lmv(O)
00041 R10: dffffc0000000000 R11: fffffbfff0742d01 R12: ffff88803c144830
00041  ec(O)
00041 R13: dffffc0000000000 R14: 1ffff1102675b900 R15: 1ffff11007828942
00041  fid(O)
00041 FS:  0000000000000000(0000) GS:ffff8881d4bad000(0000) knlGS:0000000000000000
00041  fld(O)
00041 CS:  0010 DS: 0000 ES: 0000 CR0: 0000000080050033
00041  ptlrpc(O)
00041 CR2: 000055c51a51eba8 CR3: 00000001019c3000 CR4: 0000000000750eb0
00041  efivarfs obdclass(O)
00041 PKRU: 55555554
00041  ksocklnd(O)
00041 Call Trace:
00041  <TASK>
00041  lnet(O)
00041  ? ofd_precreate_objects+0x1bd8/0x3220 [ofd]
00041  libcfs(O)
00041  ? ofd_create_hdl+0x2015/0x3510 [ofd]
00041 
00041  ? tgt_request_handle+0x23ad/0x3d30 [ptlrpc]
00041 CPU: 1 UID: 0 PID: 1820 Comm: ll_ost00_003 Tainted: G        W  O        7.0.0-ktest-fa4bb62-6330a45-20260727-dirty #1 PREEMPT 
00041  ? ptlrpc_main+0x6359/0x96f0 [ptlrpc]
00041 Tainted: [W]=WARN, [O]=OOT_MODULE
00041  ? __kthread_parkme+0x73/0x130
00041 Hardware name: QEMU Standard PC (Q35 + ICH9, 2009), BIOS 2025.11-3ubuntu7 03/31/2026
00041  ? kthread+0x2cd/0x3a0
00041 RIP: 0010:osd_create+0x9cf/0xcf0 [osd_wbcfs]
00041  ? ptlrpc_start_thread+0x1f10/0x1f10 [ptlrpc]
00041 Code: c7 c7 00 96 7b a1 48 c7 c6 a0 12 7d a1 48 c7 c2 00 1c 7d a1 e8 52 f1 43 ff 48 c7 c7 00 96 7b a1 e8 46 81 44 ff e9 fe fc ff ff <0f> 0b e9 a5 fa ff ff 48 c7 c1 80 44 5d a0 80 e1 07 80 c1 03 38 c1
00041  ? kthread_unuse_mm+0x130/0x130
00041 RSP: 0018:ffffc90007b27878 EFLAGS: 00010246
00041  ? ret_from_fork+0x18c/0x520
00041 
00041  ? kthread_unuse_mm+0x130/0x130
00041 RAX: 0000000000000000 RBX: ffff888117824000 RCX: 0000000000000046
00041  ? ret_from_fork_asm+0x11/0x20
00041 RDX: 0000000000000000 RSI: ffff88803c4602d0 RDI: ffff888138d12aa8
00041  </TASK>
00041 RBP: ffff88803c460240 R08: ffffffff83a16803 R09: 1ffffffff0742d00
00041 ---[ end trace 0000000000000000 ]---
00041 R10: dffffc0000000000 R11: fffffbfff0742d01 R12: ffff888134c2a830
00041 ------------[ cut here ]------------
00041 R13: dffffc0000000000 R14: 1ffff11022f04800 R15: 1ffff11026985542
00041 WARNING: /home/ktest/git/linux/include/linux/fs.h:889 at osd_create+0x9cf/0xcf0 [osd_wbcfs], CPU#3: ll_ost00_001/1781
00041 FS:  0000000000000000(0000) GS:ffff8881d4aad000(0000) knlGS:0000000000000000
00041 Modules linked in:
00041 CS:  0010 DS: 0000 ES: 0000 CR0: 0000000080050033
00041  ofd(O)
00041 CR2: 000055c51a52a490 CR3: 00000001019c3000 CR4: 0000000000750eb0
00041  osp(O)
00041 PKRU: 55555554
00041  mdd(O)
00041 Call Trace:
00041  lod(O)
00041  <TASK>
00041  mdt(O)
00041  ? ofd_precreate_objects+0x1bd8/0x3220 [ofd]
00041  lquota(O)
00041  ? ofd_create_hdl+0x2015/0x3510 [ofd]
00041  lfsck(O)
00041  ? tgt_request_handle+0x23ad/0x3d30 [ptlrpc]
00041  mgs(O) osd_wbcfs(O)
00041  ? ptlrpc_main+0x6359/0x96f0 [ptlrpc]
00041  lustre(O) obdecho(O)
00041  ? __kthread_parkme+0x73/0x130
00041  mgc(O) mdc(O)
00041  ? kthread+0x2cd/0x3a0
00041  lov(O) osc(O)
00041  ? ptlrpc_start_thread+0x1f10/0x1f10 [ptlrpc]
00041  lmv(O)
00041  ? kthread_unuse_mm+0x130/0x130
00041  ec(O) fid(O)
00041  ? ret_from_fork+0x18c/0x520
00041  fld(O)
00041  ? kthread_unuse_mm+0x130/0x130
00041  ptlrpc(O) efivarfs
00041  ? ret_from_fork_asm+0x11/0x20
00041  obdclass(O)
00041  </TASK>
00041  ksocklnd(O)
00041 ---[ end trace 0000000000000000 ]---
00041  lnet(O)
00041 ------------[ cut here ]------------
00041  libcfs(O)
00041 WARNING: /home/ktest/git/linux/include/linux/fs.h:889 at osd_create+0x9cf/0xcf0 [osd_wbcfs], CPU#1: ll_ost00_003/1820
00041 
00041 Modules linked in:
00041 CPU: 3 UID: 0 PID: 1781 Comm: ll_ost00_001 Tainted: G        W  O        7.0.0-ktest-fa4bb62-6330a45-20260727-dirty #1 PREEMPT 
00041  ofd(O)
00041 Tainted: [W]=WARN, [O]=OOT_MODULE
00041  osp(O)
00041 Hardware name: QEMU Standard PC (Q35 + ICH9, 2009), BIOS 2025.11-3ubuntu7 03/31/2026
00041  mdd(O)
00041 RIP: 0010:osd_create+0x9cf/0xcf0 [osd_wbcfs]
00041  lod(O)
00041 Code: c7 c7 00 96 7b a1 48 c7 c6 a0 12 7d a1 48 c7 c2 00 1c 7d a1 e8 52 f1 43 ff 48 c7 c7 00 96 7b a1 e8 46 81 44 ff e9 fe fc ff ff <0f> 0b e9 a5 fa ff ff 48 c7 c1 80 44 5d a0 80 e1 07 80 c1 03 38 c1
00041  mdt(O)
00041 RSP: 0018:ffffc900045af878 EFLAGS: 00010246
00041  lquota(O)
00041 
00041  lfsck(O) mgs(O)
00041 RAX: 0000000000000000 RBX: ffff888133adc400 RCX: 0000000000000046
00041  osd_wbcfs(O)
00041 RDX: 0000000000000000 RSI: ffff88803c53c2a8 RDI: ffff88803c1a09e8
00041  lustre(O)
00041 RBP: ffff88803c53c218 R08: ffffffff83a16803 R09: 1ffffffff0742d00
00041  obdecho(O)
00041 R10: dffffc0000000000 R11: fffffbfff0742d01 R12: ffff88803c144830
00041  mgc(O) mdc(O)
00041 R13: dffffc0000000000 R14: 1ffff1102675b880 R15: 1ffff11007828942
00041  lov(O) osc(O)
00041 FS:  0000000000000000(0000) GS:ffff8881d4bad000(0000) knlGS:0000000000000000
00041  lmv(O)
00041 CS:  0010 DS: 0000 ES: 0000 CR0: 0000000080050033
00041  ec(O)
00041 CR2: 000055c51a51eba8 CR3: 00000001019c3000 CR4: 0000000000750eb0
00041  fid(O)
00041 PKRU: 55555554
00041  fld(O)
00041 Call Trace:
00041  ptlrpc(O)
00041  <TASK>
00041  efivarfs obdclass(O)
00041  ? ofd_precreate_objects+0x1bd8/0x3220 [ofd]
00041  ksocklnd(O)
00041  ? ofd_create_hdl+0x2015/0x3510 [ofd]
00041  lnet(O)
00041  ? tgt_request_handle+0x23ad/0x3d30 [ptlrpc]
00041  ? ptlrpc_main+0x6359/0x96f0 [ptlrpc]
00041  libcfs(O)
00041  ? __kthread_parkme+0x73/0x130
00041 
00041  ? kthread+0x2cd/0x3a0
00041 CPU: 1 UID: 0 PID: 1820 Comm: ll_ost00_003 Tainted: G        W  O        7.0.0-ktest-fa4bb62-6330a45-20260727-dirty #1 PREEMPT 
00041  ? ptlrpc_start_thread+0x1f10/0x1f10 [ptlrpc]
00041 Tainted: [W]=WARN, [O]=OOT_MODULE
00041  ? kthread_unuse_mm+0x130/0x130
00041 Hardware name: QEMU Standard PC (Q35 + ICH9, 2009), BIOS 2025.11-3ubuntu7 03/31/2026
00041  ? ret_from_fork+0x18c/0x520
00041 RIP: 0010:osd_create+0x9cf/0xcf0 [osd_wbcfs]
00041  ? kthread_unuse_mm+0x130/0x130
00041 Code: c7 c7 00 96 7b a1 48 c7 c6 a0 12 7d a1 48 c7 c2 00 1c 7d a1 e8 52 f1 43 ff 48 c7 c7 00 96 7b a1 e8 46 81 44 ff e9 fe fc ff ff <0f> 0b e9 a5 fa ff ff 48 c7 c1 80 44 5d a0 80 e1 07 80 c1 03 38 c1
00041  ? ret_from_fork_asm+0x11/0x20
00041 RSP: 0018:ffffc90007b27878 EFLAGS: 00010246
00041  </TASK>
00041 
00041 ---[ end trace 0000000000000000 ]---
00041 RAX: 0000000000000000 RBX: ffff8881178c8c00 RCX: 0000000000000046
00041 ------------[ cut here ]------------
00041 RDX: 0000000000000000 RSI: ffff88803c4bd0d8 RDI: ffff888138d12aa8
00041 WARNING: /home/ktest/git/linux/include/linux/fs.h:889 at osd_create+0x9cf/0xcf0 [osd_wbcfs], CPU#3: ll_ost00_001/1781
00041 RBP: ffff88803c4bd048 R08: ffffffff83a16803 R09: 1ffffffff0742d00
00041 Modules linked in: ofd(O)
00041 R10: dffffc0000000000 R11: fffffbfff0742d01 R12: ffff888134c2a830
00041  osp(O)
00041 R13: dffffc0000000000 R14: 1ffff11022f19180 R15: 1ffff11026985542
00041  mdd(O)
00041 FS:  0000000000000000(0000) GS:ffff8881d4aad000(0000) knlGS:0000000000000000
00041  lod(O)
00041 CS:  0010 DS: 0000 ES: 0000 CR0: 0000000080050033
00041  mdt(O)
00041 CR2: 000055c51a52a490 CR3: 00000001019c3000 CR4: 0000000000750eb0
00041  lquota(O)
00041 PKRU: 55555554
00041  lfsck(O)
00041 Call Trace:
00041  mgs(O)
00041  <TASK>
00041  osd_wbcfs(O)
00041  ? ofd_precreate_objects+0x1bd8/0x3220 [ofd]
00041  lustre(O)
00041  ? ofd_create_hdl+0x2015/0x3510 [ofd]
00041  obdecho(O)
00041  ? tgt_request_handle+0x23ad/0x3d30 [ptlrpc]
00041  ? ptlrpc_main+0x6359/0x96f0 [ptlrpc]
00041  mgc(O)
00041  ? __kthread_parkme+0x73/0x130
00041  mdc(O)
00041  ? kthread+0x2cd/0x3a0
00041  lov(O)
00041  ? ptlrpc_start_thread+0x1f10/0x1f10 [ptlrpc]
00041  osc(O)
00041  ? kthread_unuse_mm+0x130/0x130
00041  lmv(O) ec(O)
00041  ? ret_from_fork+0x18c/0x520
00041  fid(O) fld(O)
00041  ? kthread_unuse_mm+0x130/0x130
00041  ptlrpc(O)
00041  ? ret_from_fork_asm+0x11/0x20
00041  efivarfs
00041  </TASK>
00041  obdclass(O)
00041 ---[ end trace 0000000000000000 ]---
00041  ksocklnd(O) lnet(O)
00041 ------------[ cut here ]------------
00041  libcfs(O)
00041 WARNING: /home/ktest/git/linux/include/linux/fs.h:889 at osd_create+0x9cf/0xcf0 [osd_wbcfs], CPU#1: ll_ost00_003/1820
00041 CPU: 3 UID: 0 PID: 1781 Comm: ll_ost00_001 Tainted: G        W  O        7.0.0-ktest-fa4bb62-6330a45-20260727-dirty #1 PREEMPT 
00041 Modules linked in:
00041 Tainted: [W]=WARN, [O]=OOT_MODULE
00041  ofd(O)
00041 Hardware name: QEMU Standard PC (Q35 + ICH9, 2009), BIOS 2025.11-3ubuntu7 03/31/2026
00041  osp(O) mdd(O)
00041 RIP: 0010:osd_create+0x9cf/0xcf0 [osd_wbcfs]
00041  lod(O)
00041 Code: c7 c7 00 96 7b a1 48 c7 c6 a0 12 7d a1 48 c7 c2 00 1c 7d a1 e8 52 f1 43 ff 48 c7 c7 00 96 7b a1 e8 46 81 44 ff e9 fe fc ff ff <0f> 0b e9 a5 fa ff ff 48 c7 c1 80 44 5d a0 80 e1 07 80 c1 03 38 c1
00041  mdt(O)
00041 RSP: 0018:ffffc900045af878 EFLAGS: 00010246
00041  lquota(O)
00041 
00041  lfsck(O)
00041 RAX: 0000000000000000 RBX: ffff888133adc000 RCX: 0000000000000046
00041  mgs(O)
00041 RDX: 0000000000000000 RSI: ffff88803c53bb90 RDI: ffff88803c1a09e8
00041  osd_wbcfs(O) lustre(O)
00041 RBP: ffff88803c53bb00 R08: ffffffff83a16803 R09: 1ffffffff0742d00
00041  obdecho(O)
00041 R10: dffffc0000000000 R11: fffffbfff0742d01 R12: ffff88803c144830
00041  mgc(O)
00041 R13: dffffc0000000000 R14: 1ffff1102675b800 R15: 1ffff11007828942
00041  mdc(O)
00041 FS:  0000000000000000(0000) GS:ffff8881d4bad000(0000) knlGS:0000000000000000
00041  lov(O)
00041 CS:  0010 DS: 0000 ES: 0000 CR0: 0000000080050033
00041  osc(O)
00041 CR2: 000055c51a51eba8 CR3: 00000001019c3000 CR4: 0000000000750eb0
00041  lmv(O)
00041 PKRU: 55555554
00041  ec(O)
00041 Call Trace:
00041  fid(O)
00041  <TASK>
00041  fld(O)
00041  ? ofd_precreate_objects+0x1bd8/0x3220 [ofd]
00041  ? ofd_create_hdl+0x2015/0x3510 [ofd]
00041  ptlrpc(O)
00041  ? tgt_request_handle+0x23ad/0x3d30 [ptlrpc]
00041  efivarfs obdclass(O)
00041  ? ptlrpc_main+0x6359/0x96f0 [ptlrpc]
00041  ksocklnd(O)
00041  ? __kthread_parkme+0x73/0x130
00041  lnet(O)
00041  ? kthread+0x2cd/0x3a0
00041  libcfs(O)
00041  ? ptlrpc_start_thread+0x1f10/0x1f10 [ptlrpc]
00041 
00041  ? kthread_unuse_mm+0x130/0x130
00041 CPU: 1 UID: 0 PID: 1820 Comm: ll_ost00_003 Tainted: G        W  O        7.0.0-ktest-fa4bb62-6330a45-20260727-dirty #1 PREEMPT 
00041  ? ret_from_fork+0x18c/0x520
00041 Tainted: [W]=WARN, [O]=OOT_MODULE
00041  ? kthread_unuse_mm+0x130/0x130
00041 Hardware name: QEMU Standard PC (Q35 + ICH9, 2009), BIOS 2025.11-3ubuntu7 03/31/2026
00041  ? ret_from_fork_asm+0x11/0x20
00041 RIP: 0010:osd_create+0x9cf/0xcf0 [osd_wbcfs]
00041  </TASK>
00041 Code: c7 c7 00 96 7b a1 48 c7 c6 a0 12 7d a1 48 c7 c2 00 1c 7d a1 e8 52 f1 43 ff 48 c7 c7 00 96 7b a1 e8 46 81 44 ff e9 fe fc ff ff <0f> 0b e9 a5 fa ff ff 48 c7 c1 80 44 5d a0 80 e1 07 80 c1 03 38 c1
00041 ---[ end trace 0000000000000000 ]---
00041 RSP: 0018:ffffc90007b27878 EFLAGS: 00010246
00041 ------------[ cut here ]------------
00041 RAX: 0000000000000000 RBX: ffff88811b8f8400 RCX: 0000000000000046
00041 WARNING: /home/ktest/git/linux/include/linux/fs.h:889 at osd_create+0x9cf/0xcf0 [osd_wbcfs], CPU#3: ll_ost00_001/1781
00041 RDX: 0000000000000000 RSI: ffff88803c4bc9c0 RDI: ffff888138d12aa8
00041 Modules linked in: ofd(O)
00041 RBP: ffff88803c4bc930 R08: ffffffff83a16803 R09: 1ffffffff0742d00
00041  osp(O)
00041 R10: dffffc0000000000 R11: fffffbfff0742d01 R12: ffff888134c2a830
00041  mdd(O) lod(O)
00041 R13: dffffc0000000000 R14: 1ffff1102371f080 R15: 1ffff11026985542
00041  mdt(O)
00041 FS:  0000000000000000(0000) GS:ffff8881d4aad000(0000) knlGS:0000000000000000
00041  lquota(O)
00041 CS:  0010 DS: 0000 ES: 0000 CR0: 0000000080050033
00041  lfsck(O)
00041 CR2: 000055c51a52a490 CR3: 00000001019c3000 CR4: 0000000000750eb0
00041  mgs(O)
00041 PKRU: 55555554
00041  osd_wbcfs(O)
00041 Call Trace:
00041  lustre(O)
00041  <TASK>
00041  obdecho(O)
00041  ? ofd_precreate_objects+0x1bd8/0x3220 [ofd]
00041  mgc(O)
00041  ? ofd_create_hdl+0x2015/0x3510 [ofd]
00041  mdc(O)
00041  ? tgt_request_handle+0x23ad/0x3d30 [ptlrpc]
00041  lov(O)
00041  ? ptlrpc_main+0x6359/0x96f0 [ptlrpc]
00041  osc(O)
00041  ? __kthread_parkme+0x73/0x130
00041  lmv(O)
00041  ? kthread+0x2cd/0x3a0
00041  ec(O) fid(O)
00041  ? ptlrpc_start_thread+0x1f10/0x1f10 [ptlrpc]
00041  fld(O) ptlrpc(O)
00041  ? kthread_unuse_mm+0x130/0x130
00041  efivarfs
00041  ? ret_from_fork+0x18c/0x520
00041  obdclass(O) ksocklnd(O)
00041  ? kthread_unuse_mm+0x130/0x130
00041  lnet(O) libcfs(O)
00041  ? ret_from_fork_asm+0x11/0x20
00041 
00041  </TASK>
00041 CPU: 3 UID: 0 PID: 1781 Comm: ll_ost00_001 Tainted: G        W  O        7.0.0-ktest-fa4bb62-6330a45-20260727-dirty #1 PREEMPT 
00041 ---[ end trace 0000000000000000 ]---
00041 Tainted: [W]=WARN, [O]=OOT_MODULE
00041 ------------[ cut here ]------------
00041 Hardware name: QEMU Standard PC (Q35 + ICH9, 2009), BIOS 2025.11-3ubuntu7 03/31/2026
00041 WARNING: /home/ktest/git/linux/include/linux/fs.h:889 at osd_create+0x9cf/0xcf0 [osd_wbcfs], CPU#1: ll_ost00_003/1820
00041 RIP: 0010:osd_create+0x9cf/0xcf0 [osd_wbcfs]
00041 Modules linked in:
00041 Code: c7 c7 00 96 7b a1 48 c7 c6 a0 12 7d a1 48 c7 c2 00 1c 7d a1 e8 52 f1 43 ff 48 c7 c7 00 96 7b a1 e8 46 81 44 ff e9 fe fc ff ff <0f> 0b e9 a5 fa ff ff 48 c7 c1 80 44 5d a0 80 e1 07 80 c1 03 38 c1
00041  ofd(O)
00041 RSP: 0018:ffffc900045af878 EFLAGS: 00010246
00041  osp(O)
00041 
00041  mdd(O)
00041 RAX: 0000000000000000 RBX: ffff888133afb000 RCX: 0000000000000046
00041  lod(O) mdt(O)
00041 RDX: 0000000000000000 RSI: ffff88803c53b478 RDI: ffff88803c1a09e8
00041  lquota(O)
00041 RBP: ffff88803c53b3e8 R08: ffffffff83a16803 R09: 1ffffffff0742d00
00041  lfsck(O)
00041 R10: dffffc0000000000 R11: fffffbfff0742d01 R12: ffff88803c144830
00041  mgs(O)
00041 R13: dffffc0000000000 R14: 1ffff1102675f600 R15: 1ffff11007828942
00041  osd_wbcfs(O)
00041 FS:  0000000000000000(0000) GS:ffff8881d4bad000(0000) knlGS:0000000000000000
00041  lustre(O)
00041 CS:  0010 DS: 0000 ES: 0000 CR0: 0000000080050033
00041  obdecho(O)
00041 CR2: 000055c51a51eba8 CR3: 00000001019c3000 CR4: 0000000000750eb0
00041  mgc(O)
00041 PKRU: 55555554
00041  mdc(O)
00041 Call Trace:
00041  lov(O)
00041  <TASK>
00041  osc(O)
00041  ? ofd_precreate_objects+0x1bd8/0x3220 [ofd]
00041  lmv(O)
00041  ? ofd_create_hdl+0x2015/0x3510 [ofd]
00041  ec(O)
00041  ? tgt_request_handle+0x23ad/0x3d30 [ptlrpc]
00041  fid(O)
00041  ? ptlrpc_main+0x6359/0x96f0 [ptlrpc]
00041  fld(O)
00041  ? __kthread_parkme+0x73/0x130
00041  ptlrpc(O)
00041  ? kthread+0x2cd/0x3a0
00041  efivarfs obdclass(O)
00041  ? ptlrpc_start_thread+0x1f10/0x1f10 [ptlrpc]
00041  ksocklnd(O)
00041  ? kthread_unuse_mm+0x130/0x130
00041  lnet(O)
00041  ? ret_from_fork+0x18c/0x520
00041  libcfs(O)
00041  ? kthread_unuse_mm+0x130/0x130
00041 CPU: 1 UID: 0 PID: 1820 Comm: ll_ost00_003 Tainted: G        W  O        7.0.0-ktest-fa4bb62-6330a45-20260727-dirty #1 PREEMPT 
00041  ? ret_from_fork_asm+0x11/0x20
00041 Tainted: [W]=WARN, [O]=OOT_MODULE
00041  </TASK>
00041 Hardware name: QEMU Standard PC (Q35 + ICH9, 2009), BIOS 2025.11-3ubuntu7 03/31/2026
00041 ---[ end trace 0000000000000000 ]---
00041 RIP: 0010:osd_create+0x9cf/0xcf0 [osd_wbcfs]
00041 ------------[ cut here ]------------
00041 Code: c7 c7 00 96 7b a1 48 c7 c6 a0 12 7d a1 48 c7 c2 00 1c 7d a1 e8 52 f1 43 ff 48 c7 c7 00 96 7b a1 e8 46 81 44 ff e9 fe fc ff ff <0f> 0b e9 a5 fa ff ff 48 c7 c1 80 44 5d a0 80 e1 07 80 c1 03 38 c1
00041 WARNING: /home/ktest/git/linux/include/linux/fs.h:889 at osd_create+0x9cf/0xcf0 [osd_wbcfs], CPU#3: ll_ost00_001/1781
00041 RSP: 0018:ffffc90007b27878 EFLAGS: 00010246
00041 Modules linked in: ofd(O)
00041 RAX: 0000000000000000 RBX: ffff88811b8fb000 RCX: 0000000000000046
00041  osp(O) mdd(O)
00041 RDX: 0000000000000000 RSI: ffff88803c4bc2a8 RDI: ffff888138d12aa8
00041  lod(O)
00041 RBP: ffff88803c4bc218 R08: ffffffff83a16803 R09: 1ffffffff0742d00
00041  mdt(O) lquota(O)
00041 R10: dffffc0000000000 R11: fffffbfff0742d01 R12: ffff888134c2a830
00041  lfsck(O)
00041 R13: dffffc0000000000 R14: 1ffff1102371f600 R15: 1ffff11026985542
00041  mgs(O)
00041 FS:  0000000000000000(0000) GS:ffff8881d4aad000(0000) knlGS:0000000000000000
00041  osd_wbcfs(O)
00041 CS:  0010 DS: 0000 ES: 0000 CR0: 0000000080050033
00041  lustre(O)
00041 CR2: 000055c51a52a490 CR3: 00000001019c3000 CR4: 0000000000750eb0
00041  obdecho(O)
00041 PKRU: 55555554
00041  mgc(O)
00041 Call Trace:
00041  mdc(O)
00041  <TASK>
00041  lov(O)
00041  ? ofd_precreate_objects+0x1bd8/0x3220 [ofd]
00041  osc(O)
00041  ? ofd_create_hdl+0x2015/0x3510 [ofd]
00041  lmv(O)
00041  ? tgt_request_handle+0x23ad/0x3d30 [ptlrpc]
00041  ec(O) fid(O)
00041  ? ptlrpc_main+0x6359/0x96f0 [ptlrpc]
00041  fld(O)
00041  ? __kthread_parkme+0x73/0x130
00041  ptlrpc(O)
00041  ? kthread+0x2cd/0x3a0
00041  efivarfs obdclass(O)
00041  ? ptlrpc_start_thread+0x1f10/0x1f10 [ptlrpc]
00041  ksocklnd(O)
00041  ? kthread_unuse_mm+0x130/0x130
00041  lnet(O)
00041  ? ret_from_fork+0x18c/0x520
00041  libcfs(O)
00041  ? kthread_unuse_mm+0x130/0x130
00041 
00041  ? ret_from_fork_asm+0x11/0x20
00041 CPU: 3 UID: 0 PID: 1781 Comm: ll_ost00_001 Tainted: G        W  O        7.0.0-ktest-fa4bb62-6330a45-20260727-dirty #1 PREEMPT 
00041  </TASK>
00041 Tainted: [W]=WARN, [O]=OOT_MODULE
00041 ---[ end trace 0000000000000000 ]---
00041 Hardware name: QEMU Standard PC (Q35 + ICH9, 2009), BIOS 2025.11-3ubuntu7 03/31/2026
00041 ------------[ cut here ]------------
00041 RIP: 0010:osd_create+0x9cf/0xcf0 [osd_wbcfs]
00041 WARNING: /home/ktest/git/linux/include/linux/fs.h:889 at osd_create+0x9cf/0xcf0 [osd_wbcfs], CPU#1: ll_ost00_003/1820
00041 Code: c7 c7 00 96 7b a1 48 c7 c6 a0 12 7d a1 48 c7 c2 00 1c 7d a1 e8 52 f1 43 ff 48 c7 c7 00 96 7b a1 e8 46 81 44 ff e9 fe fc ff ff <0f> 0b e9 a5 fa ff ff 48 c7 c1 80 44 5d a0 80 e1 07 80 c1 03 38 c1
00041 Modules linked in:
00041 RSP: 0018:ffffc900045af878 EFLAGS: 00010246
00041  ofd(O)
00041 
00041  osp(O)
00041 RAX: 0000000000000000 RBX: ffff888133afac00 RCX: 0000000000000046
00041  mdd(O)
00041 RDX: 0000000000000000 RSI: ffff88803c53ad60 RDI: ffff88803c1a09e8
00041  lod(O)
00041 RBP: ffff88803c53acd0 R08: ffffffff83a16803 R09: 1ffffffff0742d00
00041  mdt(O)
00041 R10: dffffc0000000000 R11: fffffbfff0742d01 R12: ffff88803c144830
00041  lquota(O)
00041 R13: dffffc0000000000 R14: 1ffff1102675f580 R15: 1ffff11007828942
00041  lfsck(O)
00041 FS:  0000000000000000(0000) GS:ffff8881d4bad000(0000) knlGS:0000000000000000
00041  mgs(O)
00041 CS:  0010 DS: 0000 ES: 0000 CR0: 0000000080050033
00041  osd_wbcfs(O) lustre(O)
00041 CR2: 000055c51a51eba8 CR3: 00000001019c3000 CR4: 0000000000750eb0
00041  obdecho(O)
00041 PKRU: 55555554
00041  mgc(O)
00041 Call Trace:
00041  mdc(O)
00041  <TASK>
00041  lov(O)
00041  ? ofd_precreate_objects+0x1bd8/0x3220 [ofd]
00041  osc(O)
00041  ? ofd_create_hdl+0x2015/0x3510 [ofd]
00041  lmv(O) ec(O)
00041  ? tgt_request_handle+0x23ad/0x3d30 [ptlrpc]
00041  fid(O)
00041  ? ptlrpc_main+0x6359/0x96f0 [ptlrpc]
00041  fld(O)
00041  ? __kthread_parkme+0x73/0x130
00041  ptlrpc(O)
00041  ? kthread+0x2cd/0x3a0
00041  efivarfs
00041  ? ptlrpc_start_thread+0x1f10/0x1f10 [ptlrpc]
00041  obdclass(O)
00041  ? kthread_unuse_mm+0x130/0x130
00041  ksocklnd(O) lnet(O)
00041  ? ret_from_fork+0x18c/0x520
00041  libcfs(O)
00041  ? kthread_unuse_mm+0x130/0x130
00041 
00041  ? ret_from_fork_asm+0x11/0x20
00041 CPU: 1 UID: 0 PID: 1820 Comm: ll_ost00_003 Tainted: G        W  O        7.0.0-ktest-fa4bb62-6330a45-20260727-dirty #1 PREEMPT 
00041  </TASK>
00041 Tainted: [W]=WARN, [O]=OOT_MODULE
00041 ---[ end trace 0000000000000000 ]---
00041 Hardware name: QEMU Standard PC (Q35 + ICH9, 2009), BIOS 2025.11-3ubuntu7 03/31/2026
00041 RIP: 0010:osd_create+0x9cf/0xcf0 [osd_wbcfs]
00041 Code: c7 c7 00 96 7b a1 48 c7 c6 a0 12 7d a1 48 c7 c2 00 1c 7d a1 e8 52 f1 43 ff 48 c7 c7 00 96 7b a1 e8 46 81 44 ff e9 fe fc ff ff <0f> 0b e9 a5 fa ff ff 48 c7 c1 80 44 5d a0 80 e1 07 80 c1 03 38 c1
00041 RSP: 0018:ffffc90007b27878 EFLAGS: 00010246
00041 RAX: 0000000000000000 RBX: ffff88811b8fb400 RCX: 0000000000000046
00041 RDX: 0000000000000000 RSI: ffff88803c4bbb90 RDI: ffff888138d12aa8
00041 RBP: ffff88803c4bbb00 R08: ffffffff83a16803 R09: 1ffffffff0742d00
00041 R10: dffffc0000000000 R11: fffffbfff0742d01 R12: ffff888134c2a830
00041 R13: dffffc0000000000 R14: 1ffff1102371f680 R15: 1ffff11026985542
00041 FS:  0000000000000000(0000) GS:ffff8881d4aad000(0000) knlGS:0000000000000000
00041 CS:  0010 DS: 0000 ES: 0000 CR0: 0000000080050033
00041 CR2: 000055c51a52a490 CR3: 00000001019c3000 CR4: 0000000000750eb0
00041 PKRU: 55555554
00041 Call Trace:
00041  <TASK>
00041  ? ofd_precreate_objects+0x1bd8/0x3220 [ofd]
00041  ? ofd_create_hdl+0x2015/0x3510 [ofd]
00041  ? tgt_request_handle+0x23ad/0x3d30 [ptlrpc]
00041  ? ptlrpc_main+0x6359/0x96f0 [ptlrpc]
00041  ? __kthread_parkme+0x73/0x130
00041  ? kthread+0x2cd/0x3a0
00041  ? ptlrpc_start_thread+0x1f10/0x1f10 [ptlrpc]
00041  ? kthread_unuse_mm+0x130/0x130
00041  ? ret_from_fork+0x18c/0x520
00041  ? kthread_unuse_mm+0x130/0x130
00041  ? ret_from_fork_asm+0x11/0x20
00041  </TASK>
00041 ---[ end trace 0000000000000000 ]---
00041 ------------[ cut here ]------------
00041 WARNING: /home/ktest/git/linux/include/linux/fs.h:889 at osd_create+0x9cf/0xcf0 [osd_wbcfs], CPU#1: ll_ost00_003/1820
00041 Modules linked in: ofd(O) osp(O) mdd(O) lod(O) mdt(O) lquota(O) lfsck(O) mgs(O) osd_wbcfs(O) lustre(O) obdecho(O) mgc(O) mdc(O) lov(O) osc(O) lmv(O) ec(O) fid(O) fld(O) ptlrpc(O) efivarfs obdclass(O) ksocklnd(O) lnet(O) libcfs(O)
00041 CPU: 1 UID: 0 PID: 1820 Comm: ll_ost00_003 Tainted: G        W  O        7.0.0-ktest-fa4bb62-6330a45-20260727-dirty #1 PREEMPT 
00041 Tainted: [W]=WARN, [O]=OOT_MODULE
00041 Hardware name: QEMU Standard PC (Q35 + ICH9, 2009), BIOS 2025.11-3ubuntu7 03/31/2026
00041 RIP: 0010:osd_create+0x9cf/0xcf0 [osd_wbcfs]
00041 Code: c7 c7 00 96 7b a1 48 c7 c6 a0 12 7d a1 48 c7 c2 00 1c 7d a1 e8 52 f1 43 ff 48 c7 c7 00 96 7b a1 e8 46 81 44 ff e9 fe fc ff ff <0f> 0b e9 a5 fa ff ff 48 c7 c1 80 44 5d a0 80 e1 07 80 c1 03 38 c1
00041 RSP: 0018:ffffc90007b27878 EFLAGS: 00010246
00041 RAX: 0000000000000000 RBX: ffff88811b8fbc00 RCX: 0000000000000046
00041 RDX: 0000000000000000 RSI: ffff88803c4bb478 RDI: ffff888138d12aa8
00041 RBP: ffff88803c4bb3e8 R08: ffffffff83a16803 R09: 1ffffffff0742d00
00041 R10: dffffc0000000000 R11: fffffbfff0742d01 R12: ffff888134c2a830
00041 R13: dffffc0000000000 R14: 1ffff1102371f780 R15: 1ffff11026985542
00041 FS:  0000000000000000(0000) GS:ffff8881d4aad000(0000) knlGS:0000000000000000
00041 CS:  0010 DS: 0000 ES: 0000 CR0: 0000000080050033
00041 CR2: 000055c51a52a490 CR3: 00000001019c3000 CR4: 0000000000750eb0
00041 PKRU: 55555554
00041 Call Trace:
00041  <TASK>
00041  ? ofd_precreate_objects+0x1bd8/0x3220 [ofd]
00041  ? ofd_create_hdl+0x2015/0x3510 [ofd]
00041  ? tgt_request_handle+0x23ad/0x3d30 [ptlrpc]
00041  ? ptlrpc_main+0x6359/0x96f0 [ptlrpc]
00041  ? __kthread_parkme+0x73/0x130
00041  ? kthread+0x2cd/0x3a0
00041  ? ptlrpc_start_thread+0x1f10/0x1f10 [ptlrpc]
00041  ? kthread_unuse_mm+0x130/0x130
00041  ? ret_from_fork+0x18c/0x520
00041  ? kthread_unuse_mm+0x130/0x130
00041  ? ret_from_fork_asm+0x11/0x20
00041  </TASK>
00041 ---[ end trace 0000000000000000 ]---
00041 ------------[ cut here ]------------
00041 WARNING: /home/ktest/git/linux/include/linux/fs.h:889 at osd_create+0x9cf/0xcf0 [osd_wbcfs], CPU#1: ll_ost00_003/1820
00041 Modules linked in: ofd(O) osp(O) mdd(O) lod(O) mdt(O) lquota(O) lfsck(O) mgs(O) osd_wbcfs(O) lustre(O) obdecho(O) mgc(O) mdc(O) lov(O) osc(O) lmv(O) ec(O) fid(O) fld(O) ptlrpc(O) efivarfs obdclass(O) ksocklnd(O) lnet(O) libcfs(O)
00041 CPU: 1 UID: 0 PID: 1820 Comm: ll_ost00_003 Tainted: G        W  O        7.0.0-ktest-fa4bb62-6330a45-20260727-dirty #1 PREEMPT 
00041 Tainted: [W]=WARN, [O]=OOT_MODULE
00041 Hardware name: QEMU Standard PC (Q35 + ICH9, 2009), BIOS 2025.11-3ubuntu7 03/31/2026
00041 RIP: 0010:osd_create+0x9cf/0xcf0 [osd_wbcfs]
00041 Code: c7 c7 00 96 7b a1 48 c7 c6 a0 12 7d a1 48 c7 c2 00 1c 7d a1 e8 52 f1 43 ff 48 c7 c7 00 96 7b a1 e8 46 81 44 ff e9 fe fc ff ff <0f> 0b e9 a5 fa ff ff 48 c7 c1 80 44 5d a0 80 e1 07 80 c1 03 38 c1
00041 RSP: 0018:ffffc90007b27878 EFLAGS: 00010246
00041 RAX: 0000000000000000 RBX: ffff88811b8fb800 RCX: 0000000000000046
00041 RDX: 0000000000000000 RSI: ffff88803c4bad60 RDI: ffff888138d12aa8
00041 RBP: ffff88803c4bacd0 R08: ffffffff83a16803 R09: 1ffffffff0742d00
00041 R10: dffffc0000000000 R11: fffffbfff0742d01 R12: ffff888134c2a830
00041 R13: dffffc0000000000 R14: 1ffff1102371f700 R15: 1ffff11026985542
00041 FS:  0000000000000000(0000) GS:ffff8881d4aad000(0000) knlGS:0000000000000000
00041 CS:  0010 DS: 0000 ES: 0000 CR0: 0000000080050033
00041 CR2: 000055c51a52a490 CR3: 00000001019c3000 CR4: 0000000000750eb0
00041 PKRU: 55555554
00041 Call Trace:
00041  <TASK>
00041  ? ofd_precreate_objects+0x1bd8/0x3220 [ofd]
00041  ? ofd_create_hdl+0x2015/0x3510 [ofd]
00041  ? tgt_request_handle+0x23ad/0x3d30 [ptlrpc]
00041  ? ptlrpc_main+0x6359/0x96f0 [ptlrpc]
00041  ? __kthread_parkme+0x73/0x130
00041  ? kthread+0x2cd/0x3a0
00041  ? ptlrpc_start_thread+0x1f10/0x1f10 [ptlrpc]
00041  ? kthread_unuse_mm+0x130/0x130
00041  ? ret_from_fork+0x18c/0x520
00041  ? kthread_unuse_mm+0x130/0x130
00041  ? ret_from_fork_asm+0x11/0x20
00041  </TASK>
00041 ---[ end trace 0000000000000000 ]---
00041 ------------[ cut here ]------------
00041 WARNING: /home/ktest/git/linux/include/linux/fs.h:889 at osd_create+0x9cf/0xcf0 [osd_wbcfs], CPU#1: ll_ost00_003/1820
00041 Modules linked in: ofd(O) osp(O) mdd(O) lod(O) mdt(O) lquota(O) lfsck(O) mgs(O) osd_wbcfs(O) lustre(O) obdecho(O) mgc(O) mdc(O) lov(O) osc(O) lmv(O) ec(O) fid(O) fld(O) ptlrpc(O) efivarfs obdclass(O) ksocklnd(O) lnet(O) libcfs(O)
00041 CPU: 1 UID: 0 PID: 1820 Comm: ll_ost00_003 Tainted: G        W  O        7.0.0-ktest-fa4bb62-6330a45-20260727-dirty #1 PREEMPT 
00041 Tainted: [W]=WARN, [O]=OOT_MODULE
00041 Hardware name: QEMU Standard PC (Q35 + ICH9, 2009), BIOS 2025.11-3ubuntu7 03/31/2026
00041 RIP: 0010:osd_create+0x9cf/0xcf0 [osd_wbcfs]
00041 Code: c7 c7 00 96 7b a1 48 c7 c6 a0 12 7d a1 48 c7 c2 00 1c 7d a1 e8 52 f1 43 ff 48 c7 c7 00 96 7b a1 e8 46 81 44 ff e9 fe fc ff ff <0f> 0b e9 a5 fa ff ff 48 c7 c1 80 44 5d a0 80 e1 07 80 c1 03 38 c1
00041 RSP: 0018:ffffc90007b27878 EFLAGS: 00010246
00041 RAX: 0000000000000000 RBX: ffff888134264800 RCX: 0000000000000046
00041 RDX: 0000000000000000 RSI: ffff88803c4ba648 RDI: ffff888138d12aa8
00041 RBP: ffff88803c4ba5b8 R08: ffffffff83a16803 R09: 1ffffffff0742d00
00041 R10: dffffc0000000000 R11: fffffbfff0742d01 R12: ffff888134c2a830
00041 R13: dffffc0000000000 R14: 1ffff1102684c900 R15: 1ffff11026985542
00041 FS:  0000000000000000(0000) GS:ffff8881d4aad000(0000) knlGS:0000000000000000
00041 CS:  0010 DS: 0000 ES: 0000 CR0: 0000000080050033
00041 CR2: 000055c51a52a490 CR3: 00000001019c3000 CR4: 0000000000750eb0
00041 PKRU: 55555554
00041 Call Trace:
00041  <TASK>
00041  ? ofd_precreate_objects+0x1bd8/0x3220 [ofd]
00041  ? ofd_create_hdl+0x2015/0x3510 [ofd]
00041  ? tgt_request_handle+0x23ad/0x3d30 [ptlrpc]
00041  ? ptlrpc_main+0x6359/0x96f0 [ptlrpc]
00041  ? __kthread_parkme+0x73/0x130
00041  ? kthread+0x2cd/0x3a0
00041  ? ptlrpc_start_thread+0x1f10/0x1f10 [ptlrpc]
00041  ? kthread_unuse_mm+0x130/0x130
00041  ? ret_from_fork+0x18c/0x520
00041  ? kthread_unuse_mm+0x130/0x130
00041  ? ret_from_fork_asm+0x11/0x20
00041  </TASK>
00041 ---[ end trace 0000000000000000 ]---
00041 ------------[ cut here ]------------
00041 WARNING: /home/ktest/git/linux/include/linux/fs.h:889 at osd_create+0x9cf/0xcf0 [osd_wbcfs], CPU#1: ll_ost00_003/1820
00041 Modules linked in: ofd(O) osp(O) mdd(O) lod(O) mdt(O) lquota(O) lfsck(O) mgs(O) osd_wbcfs(O) lustre(O) obdecho(O) mgc(O) mdc(O) lov(O) osc(O) lmv(O) ec(O) fid(O) fld(O) ptlrpc(O) efivarfs obdclass(O) ksocklnd(O) lnet(O) libcfs(O)
00041 CPU: 1 UID: 0 PID: 1820 Comm: ll_ost00_003 Tainted: G        W  O        7.0.0-ktest-fa4bb62-6330a45-20260727-dirty #1 PREEMPT 
00041 Tainted: [W]=WARN, [O]=OOT_MODULE
00041 Hardware name: QEMU Standard PC (Q35 + ICH9, 2009), BIOS 2025.11-3ubuntu7 03/31/2026
00041 RIP: 0010:osd_create+0x9cf/0xcf0 [osd_wbcfs]
00041 Code: c7 c7 00 96 7b a1 48 c7 c6 a0 12 7d a1 48 c7 c2 00 1c 7d a1 e8 52 f1 43 ff 48 c7 c7 00 96 7b a1 e8 46 81 44 ff e9 fe fc ff ff <0f> 0b e9 a5 fa ff ff 48 c7 c1 80 44 5d a0 80 e1 07 80 c1 03 38 c1
00041 RSP: 0018:ffffc90007b27878 EFLAGS: 00010246
00041 RAX: 0000000000000000 RBX: ffff888133d67000 RCX: 0000000000000046
00041 RDX: 0000000000000000 RSI: ffff88803c4b9f30 RDI: ffff888138d12aa8
00041 RBP: ffff88803c4b9ea0 R08: ffffffff83a16803 R09: 1ffffffff0742d00
00041 R10: dffffc0000000000 R11: fffffbfff0742d01 R12: ffff888134c2a830
00041 R13: dffffc0000000000 R14: 1ffff110267ace00 R15: 1ffff11026985542
00041 FS:  0000000000000000(0000) GS:ffff8881d4aad000(0000) knlGS:0000000000000000
00041 CS:  0010 DS: 0000 ES: 0000 CR0: 0000000080050033
00041 CR2: 000055c51a52a490 CR3: 00000001019c3000 CR4: 0000000000750eb0
00041 PKRU: 55555554
00041 Call Trace:
00041  <TASK>
00041  ? ofd_precreate_objects+0x1bd8/0x3220 [ofd]
00041  ? ofd_create_hdl+0x2015/0x3510 [ofd]
00041  ? tgt_request_handle+0x23ad/0x3d30 [ptlrpc]
00041  ? ptlrpc_main+0x6359/0x96f0 [ptlrpc]
00041  ? __kthread_parkme+0x73/0x130
00041  ? kthread+0x2cd/0x3a0
00041  ? ptlrpc_start_thread+0x1f10/0x1f10 [ptlrpc]
00041  ? kthread_unuse_mm+0x130/0x130
00041  ? ret_from_fork+0x18c/0x520
00041  ? kthread_unuse_mm+0x130/0x130
00041  ? ret_from_fork_asm+0x11/0x20
00041  </TASK>
00041 ---[ end trace 0000000000000000 ]---
00041 ------------[ cut here ]------------
00041 WARNING: /home/ktest/git/linux/include/linux/fs.h:889 at osd_create+0x9cf/0xcf0 [osd_wbcfs], CPU#1: ll_ost00_003/1820
00041 Modules linked in: ofd(O) osp(O) mdd(O) lod(O) mdt(O) lquota(O) lfsck(O) mgs(O) osd_wbcfs(O) lustre(O) obdecho(O) mgc(O) mdc(O) lov(O) osc(O) lmv(O) ec(O) fid(O) fld(O) ptlrpc(O) efivarfs obdclass(O) ksocklnd(O) lnet(O) libcfs(O)
00041 CPU: 1 UID: 0 PID: 1820 Comm: ll_ost00_003 Tainted: G        W  O        7.0.0-ktest-fa4bb62-6330a45-20260727-dirty #1 PREEMPT 
00041 Tainted: [W]=WARN, [O]=OOT_MODULE
00041 Hardware name: QEMU Standard PC (Q35 + ICH9, 2009), BIOS 2025.11-3ubuntu7 03/31/2026
00041 RIP: 0010:osd_create+0x9cf/0xcf0 [osd_wbcfs]
00041 Code: c7 c7 00 96 7b a1 48 c7 c6 a0 12 7d a1 48 c7 c2 00 1c 7d a1 e8 52 f1 43 ff 48 c7 c7 00 96 7b a1 e8 46 81 44 ff e9 fe fc ff ff <0f> 0b e9 a5 fa ff ff 48 c7 c1 80 44 5d a0 80 e1 07 80 c1 03 38 c1
00041 RSP: 0018:ffffc90007b27878 EFLAGS: 00010246
00041 RAX: 0000000000000000 RBX: ffff888104559c00 RCX: 0000000000000046
00041 RDX: 0000000000000000 RSI: ffff88803c4b9818 RDI: ffff888138d12aa8
00041 RBP: ffff88803c4b9788 R08: ffffffff83a16803 R09: 1ffffffff0742d00
00041 R10: dffffc0000000000 R11: fffffbfff0742d01 R12: ffff888134c2a830
00041 R13: dffffc0000000000 R14: 1ffff110208ab380 R15: 1ffff11026985542
00041 FS:  0000000000000000(0000) GS:ffff8881d4aad000(0000) knlGS:0000000000000000
00041 CS:  0010 DS: 0000 ES: 0000 CR0: 0000000080050033
00041 CR2: 000055c51a52a490 CR3: 00000001019c3000 CR4: 0000000000750eb0
00041 PKRU: 55555554
00041 Call Trace:
00041  <TASK>
00041  ? ofd_precreate_objects+0x1bd8/0x3220 [ofd]
00041  ? ofd_create_hdl+0x2015/0x3510 [ofd]
00041  ? tgt_request_handle+0x23ad/0x3d30 [ptlrpc]
00041  ? ptlrpc_main+0x6359/0x96f0 [ptlrpc]
00041  ? __kthread_parkme+0x73/0x130
00041  ? kthread+0x2cd/0x3a0
00041  ? ptlrpc_start_thread+0x1f10/0x1f10 [ptlrpc]
00041  ? kthread_unuse_mm+0x130/0x130
00041  ? ret_from_fork+0x18c/0x520
00041  ? kthread_unuse_mm+0x130/0x130
00041  ? ret_from_fork_asm+0x11/0x20
00041  </TASK>
00041 ---[ end trace 0000000000000000 ]---
00041 ------------[ cut here ]------------
00041 WARNING: /home/ktest/git/linux/include/linux/fs.h:889 at osd_create+0x9cf/0xcf0 [osd_wbcfs], CPU#1: ll_ost00_003/1820
00041 Modules linked in: ofd(O) osp(O) mdd(O) lod(O) mdt(O) lquota(O) lfsck(O) mgs(O) osd_wbcfs(O) lustre(O) obdecho(O) mgc(O) mdc(O) lov(O) osc(O) lmv(O) ec(O) fid(O) fld(O) ptlrpc(O) efivarfs obdclass(O) ksocklnd(O) lnet(O) libcfs(O)
00041 CPU: 1 UID: 0 PID: 1820 Comm: ll_ost00_003 Tainted: G        W  O        7.0.0-ktest-fa4bb62-6330a45-20260727-dirty #1 PREEMPT 
00041 Tainted: [W]=WARN, [O]=OOT_MODULE
00041 Hardware name: QEMU Standard PC (Q35 + ICH9, 2009), BIOS 2025.11-3ubuntu7 03/31/2026
00041 RIP: 0010:osd_create+0x9cf/0xcf0 [osd_wbcfs]
00041 Code: c7 c7 00 96 7b a1 48 c7 c6 a0 12 7d a1 48 c7 c2 00 1c 7d a1 e8 52 f1 43 ff 48 c7 c7 00 96 7b a1 e8 46 81 44 ff e9 fe fc ff ff <0f> 0b e9 a5 fa ff ff 48 c7 c1 80 44 5d a0 80 e1 07 80 c1 03 38 c1
00041 RSP: 0018:ffffc90007b27878 EFLAGS: 00010246
00041 RAX: 0000000000000000 RBX: ffff888134283000 RCX: 0000000000000046
00041 RDX: 0000000000000000 RSI: ffff88803c4b9100 RDI: ffff888138d12aa8
00041 RBP: ffff88803c4b9070 R08: ffffffff83a16803 R09: 1ffffffff0742d00
00041 R10: dffffc0000000000 R11: fffffbfff0742d01 R12: ffff888134c2a830
00041 R13: dffffc0000000000 R14: 1ffff11026850600 R15: 1ffff11026985542
00041 FS:  0000000000000000(0000) GS:ffff8881d4aad000(0000) knlGS:0000000000000000
00041 CS:  0010 DS: 0000 ES: 0000 CR0: 0000000080050033
00041 CR2: 000055c51a52a490 CR3: 00000001019c3000 CR4: 0000000000750eb0
00041 PKRU: 55555554
00041 Call Trace:
00041  <TASK>
00041  ? ofd_precreate_objects+0x1bd8/0x3220 [ofd]
00041  ? ofd_create_hdl+0x2015/0x3510 [ofd]
00041  ? tgt_request_handle+0x23ad/0x3d30 [ptlrpc]
00041  ? ptlrpc_main+0x6359/0x96f0 [ptlrpc]
00041  ? __kthread_parkme+0x73/0x130
00041  ? kthread+0x2cd/0x3a0
00041  ? ptlrpc_start_thread+0x1f10/0x1f10 [ptlrpc]
00041  ? kthread_unuse_mm+0x130/0x130
00041  ? ret_from_fork+0x18c/0x520
00041  ? kthread_unuse_mm+0x130/0x130
00041  ? ret_from_fork_asm+0x11/0x20
00041  </TASK>
00041 ---[ end trace 0000000000000000 ]---
00041 ------------[ cut here ]------------
00041 WARNING: /home/ktest/git/linux/include/linux/fs.h:889 at osd_create+0x9cf/0xcf0 [osd_wbcfs], CPU#1: ll_ost00_003/1820
00041 Modules linked in: ofd(O) osp(O) mdd(O) lod(O) mdt(O) lquota(O) lfsck(O) mgs(O) osd_wbcfs(O) lustre(O) obdecho(O) mgc(O) mdc(O) lov(O) osc(O) lmv(O) ec(O) fid(O) fld(O) ptlrpc(O) efivarfs obdclass(O) ksocklnd(O) lnet(O) libcfs(O)
00041 CPU: 1 UID: 0 PID: 1820 Comm: ll_ost00_003 Tainted: G        W  O        7.0.0-ktest-fa4bb62-6330a45-20260727-dirty #1 PREEMPT 
00041 Tainted: [W]=WARN, [O]=OOT_MODULE
00041 Hardware name: QEMU Standard PC (Q35 + ICH9, 2009), BIOS 2025.11-3ubuntu7 03/31/2026
00041 RIP: 0010:osd_create+0x9cf/0xcf0 [osd_wbcfs]
00041 Code: c7 c7 00 96 7b a1 48 c7 c6 a0 12 7d a1 48 c7 c2 00 1c 7d a1 e8 52 f1 43 ff 48 c7 c7 00 96 7b a1 e8 46 81 44 ff e9 fe fc ff ff <0f> 0b e9 a5 fa ff ff 48 c7 c1 80 44 5d a0 80 e1 07 80 c1 03 38 c1
00041 RSP: 0018:ffffc90007b27878 EFLAGS: 00010246
00041 RAX: 0000000000000000 RBX: ffff88811bb2b800 RCX: 0000000000000046
00041 RDX: 0000000000000000 RSI: ffff88803c4b89e8 RDI: ffff888138d12aa8
00041 RBP: ffff88803c4b8958 R08: ffffffff83a16803 R09: 1ffffffff0742d00
00041 R10: dffffc0000000000 R11: fffffbfff0742d01 R12: ffff888134c2a830
00041 R13: dffffc0000000000 R14: 1ffff11023765700 R15: 1ffff11026985542
00041 FS:  0000000000000000(0000) GS:ffff8881d4aad000(0000) knlGS:0000000000000000
00041 CS:  0010 DS: 0000 ES: 0000 CR0: 0000000080050033
00041 CR2: 000055c51a52a490 CR3: 00000001019c3000 CR4: 0000000000750eb0
00041 PKRU: 55555554
00041 Call Trace:
00041  <TASK>
00041  ? ofd_precreate_objects+0x1bd8/0x3220 [ofd]
00041  ? ofd_create_hdl+0x2015/0x3510 [ofd]
00041  ? tgt_request_handle+0x23ad/0x3d30 [ptlrpc]
00041  ? ptlrpc_main+0x6359/0x96f0 [ptlrpc]
00041  ? __kthread_parkme+0x73/0x130
00041  ? kthread+0x2cd/0x3a0
00041  ? ptlrpc_start_thread+0x1f10/0x1f10 [ptlrpc]
00041  ? kthread_unuse_mm+0x130/0x130
00041  ? ret_from_fork+0x18c/0x520
00041  ? kthread_unuse_mm+0x130/0x130
00041  ? ret_from_fork_asm+0x11/0x20
00041  </TASK>
00041 ---[ end trace 0000000000000000 ]---
00041 ------------[ cut here ]------------
00041 WARNING: /home/ktest/git/linux/include/linux/fs.h:889 at osd_create+0x9cf/0xcf0 [osd_wbcfs], CPU#1: ll_ost00_003/1820
00041 Modules linked in: ofd(O) osp(O) mdd(O) lod(O) mdt(O) lquota(O) lfsck(O) mgs(O) osd_wbcfs(O) lustre(O) obdecho(O) mgc(O) mdc(O) lov(O) osc(O) lmv(O) ec(O) fid(O) fld(O) ptlrpc(O) efivarfs obdclass(O) ksocklnd(O) lnet(O) libcfs(O)
00041 CPU: 1 UID: 0 PID: 1820 Comm: ll_ost00_003 Tainted: G        W  O        7.0.0-ktest-fa4bb62-6330a45-20260727-dirty #1 PREEMPT 
00041 Tainted: [W]=WARN, [O]=OOT_MODULE
00041 Hardware name: QEMU Standard PC (Q35 + ICH9, 2009), BIOS 2025.11-3ubuntu7 03/31/2026
00041 RIP: 0010:osd_create+0x9cf/0xcf0 [osd_wbcfs]
00041 Code: c7 c7 00 96 7b a1 48 c7 c6 a0 12 7d a1 48 c7 c2 00 1c 7d a1 e8 52 f1 43 ff 48 c7 c7 00 96 7b a1 e8 46 81 44 ff e9 fe fc ff ff <0f> 0b e9 a5 fa ff ff 48 c7 c1 80 44 5d a0 80 e1 07 80 c1 03 38 c1
00041 RSP: 0018:ffffc90007b27878 EFLAGS: 00010246
00041 RAX: 0000000000000000 RBX: ffff88811bb28400 RCX: 0000000000000046
00041 RDX: 0000000000000000 RSI: ffff88803c4b82d0 RDI: ffff888138d12aa8
00041 RBP: ffff88803c4b8240 R08: ffffffff83a16803 R09: 1ffffffff0742d00
00041 R10: dffffc0000000000 R11: fffffbfff0742d01 R12: ffff888134c2a830
00041 R13: dffffc0000000000 R14: 1ffff11023765080 R15: 1ffff11026985542
00041 FS:  0000000000000000(0000) GS:ffff8881d4aad000(0000) knlGS:0000000000000000
00041 CS:  0010 DS: 0000 ES: 0000 CR0: 0000000080050033
00041 CR2: 000055c51a52a490 CR3: 00000001019c3000 CR4: 0000000000750eb0
00041 PKRU: 55555554
00041 Call Trace:
00041  <TASK>
00041  ? ofd_precreate_objects+0x1bd8/0x3220 [ofd]
00041  ? ofd_create_hdl+0x2015/0x3510 [ofd]
00041  ? tgt_request_handle+0x23ad/0x3d30 [ptlrpc]
00041  ? ptlrpc_main+0x6359/0x96f0 [ptlrpc]
00041  ? __kthread_parkme+0x73/0x130
00041  ? kthread+0x2cd/0x3a0
00041  ? ptlrpc_start_thread+0x1f10/0x1f10 [ptlrpc]
00041  ? kthread_unuse_mm+0x130/0x130
00041  ? ret_from_fork+0x18c/0x520
00041  ? kthread_unuse_mm+0x130/0x130
00041  ? ret_from_fork_asm+0x11/0x20
00041  </TASK>
00041 ---[ end trace 0000000000000000 ]---
00041 ------------[ cut here ]------------
00041 WARNING: /home/ktest/git/linux/include/linux/fs.h:889 at osd_create+0x9cf/0xcf0 [osd_wbcfs], CPU#1: ll_ost00_003/1820
00041 Modules linked in: ofd(O) osp(O) mdd(O) lod(O) mdt(O) lquota(O) lfsck(O) mgs(O) osd_wbcfs(O) lustre(O) obdecho(O) mgc(O) mdc(O) lov(O) osc(O) lmv(O) ec(O) fid(O) fld(O) ptlrpc(O) efivarfs obdclass(O) ksocklnd(O) lnet(O) libcfs(O)
00041 CPU: 1 UID: 0 PID: 1820 Comm: ll_ost00_003 Tainted: G        W  O        7.0.0-ktest-fa4bb62-6330a45-20260727-dirty #1 PREEMPT 
00041 Tainted: [W]=WARN, [O]=OOT_MODULE
00041 Hardware name: QEMU Standard PC (Q35 + ICH9, 2009), BIOS 2025.11-3ubuntu7 03/31/2026
00041 RIP: 0010:osd_create+0x9cf/0xcf0 [osd_wbcfs]
00041 Code: c7 c7 00 96 7b a1 48 c7 c6 a0 12 7d a1 48 c7 c2 00 1c 7d a1 e8 52 f1 43 ff 48 c7 c7 00 96 7b a1 e8 46 81 44 ff e9 fe fc ff ff <0f> 0b e9 a5 fa ff ff 48 c7 c1 80 44 5d a0 80 e1 07 80 c1 03 38 c1
00041 RSP: 0018:ffffc90007b27878 EFLAGS: 00010246
00041 RAX: 0000000000000000 RBX: ffff888022f80000 RCX: 0000000000000046
00041 RDX: 0000000000000000 RSI: ffff888134e0a648 RDI: ffff888138d12aa8
00041 RBP: ffff888134e0a5b8 R08: ffffffff83a16803 R09: 1ffffffff0742d00
00041 R10: dffffc0000000000 R11: fffffbfff0742d01 R12: ffff888134c2a830
00041 R13: dffffc0000000000 R14: 1ffff110045f0000 R15: 1ffff11026985542
00041 FS:  0000000000000000(0000) GS:ffff8881d4aad000(0000) knlGS:0000000000000000
00041 CS:  0010 DS: 0000 ES: 0000 CR0: 0000000080050033
00041 CR2: 000055c51a52a490 CR3: 00000001019c3000 CR4: 0000000000750eb0
00041 PKRU: 55555554
00041 Call Trace:
00041  <TASK>
00041  ? ofd_precreate_objects+0x1bd8/0x3220 [ofd]
00041  ? ofd_create_hdl+0x2015/0x3510 [ofd]
00041  ? tgt_request_handle+0x23ad/0x3d30 [ptlrpc]
00041  ? ptlrpc_main+0x6359/0x96f0 [ptlrpc]
00041  ? __kthread_parkme+0x73/0x130
00041  ? kthread+0x2cd/0x3a0
00041  ? ptlrpc_start_thread+0x1f10/0x1f10 [ptlrpc]
00041  ? kthread_unuse_mm+0x130/0x130
00041  ? ret_from_fork+0x18c/0x520
00041  ? kthread_unuse_mm+0x130/0x130
00041  ? ret_from_fork_asm+0x11/0x20
00041  </TASK>
00041 ---[ end trace 0000000000000000 ]---
00041 ------------[ cut here ]------------
00041 WARNING: /home/ktest/git/linux/include/linux/fs.h:889 at osd_create+0x9cf/0xcf0 [osd_wbcfs], CPU#1: ll_ost00_003/1820
00041 Modules linked in: ofd(O) osp(O) mdd(O) lod(O) mdt(O) lquota(O) lfsck(O) mgs(O) osd_wbcfs(O) lustre(O) obdecho(O) mgc(O) mdc(O) lov(O) osc(O) lmv(O) ec(O) fid(O) fld(O) ptlrpc(O) efivarfs obdclass(O) ksocklnd(O) lnet(O) libcfs(O)
00041 CPU: 1 UID: 0 PID: 1820 Comm: ll_ost00_003 Tainted: G        W  O        7.0.0-ktest-fa4bb62-6330a45-20260727-dirty #1 PREEMPT 
00041 Tainted: [W]=WARN, [O]=OOT_MODULE
00041 Hardware name: QEMU Standard PC (Q35 + ICH9, 2009), BIOS 2025.11-3ubuntu7 03/31/2026
00041 RIP: 0010:osd_create+0x9cf/0xcf0 [osd_wbcfs]
00041 Code: c7 c7 00 96 7b a1 48 c7 c6 a0 12 7d a1 48 c7 c2 00 1c 7d a1 e8 52 f1 43 ff 48 c7 c7 00 96 7b a1 e8 46 81 44 ff e9 fe fc ff ff <0f> 0b e9 a5 fa ff ff 48 c7 c1 80 44 5d a0 80 e1 07 80 c1 03 38 c1
00041 RSP: 0018:ffffc90007b27878 EFLAGS: 00010246
00041 RAX: 0000000000000000 RBX: ffff888105c55800 RCX: 0000000000000046
00041 RDX: 0000000000000000 RSI: ffff888134e09f30 RDI: ffff888138d12aa8
00041 RBP: ffff888134e09ea0 R08: ffffffff83a16803 R09: 1ffffffff0742d00
00041 R10: dffffc0000000000 R11: fffffbfff0742d01 R12: ffff888134c2a830
00041 R13: dffffc0000000000 R14: 1ffff11020b8ab00 R15: 1ffff11026985542
00041 FS:  0000000000000000(0000) GS:ffff8881d4aad000(0000) knlGS:0000000000000000
00041 CS:  0010 DS: 0000 ES: 0000 CR0: 0000000080050033
00041 CR2: 000055c51a52a490 CR3: 00000001019c3000 CR4: 0000000000750eb0
00041 PKRU: 55555554
00041 Call Trace:
00041  <TASK>
00041  ? ofd_precreate_objects+0x1bd8/0x3220 [ofd]
00041  ? ofd_create_hdl+0x2015/0x3510 [ofd]
00041  ? tgt_request_handle+0x23ad/0x3d30 [ptlrpc]
00041  ? ptlrpc_main+0x6359/0x96f0 [ptlrpc]
00041  ? __kthread_parkme+0x73/0x130
00041  ? kthread+0x2cd/0x3a0
00041  ? ptlrpc_start_thread+0x1f10/0x1f10 [ptlrpc]
00041  ? kthread_unuse_mm+0x130/0x130
00041  ? ret_from_fork+0x18c/0x520
00041  ? kthread_unuse_mm+0x130/0x130
00041  ? ret_from_fork_asm+0x11/0x20
00041  </TASK>
00041 ---[ end trace 0000000000000000 ]---
00061 Lustre: lustre-MDT0000: local client 87735dcd-15d1-49e6-8c0c-e5d5435ef15f w/o recovery
00061 Lustre: Skipped 1 previous similar message
00061 Lustre: client wants to enable acl, but mdt not!
00061 Lustre: Mounted lustre-client
00061 lustre-ktest (1708) used greatest stack depth: 23656 bytes left
00061 33s
00062 /host/home/ktest/git/lustre-release/lustre/tests/test-framework.sh: line 6933: cd: HOME not set
00062 /host/home/ktest/git/lustre-release/lustre/tests/test-framework.sh: line 6933: cd: HOME not set
00062 /host/home/ktest/git/lustre-release/lustre/tests/test-framework.sh: line 6933: cd: HOME not set
00063 MGS_OS_VERSION_ID=24.04
00063 MGS_OS_ID=ubuntu
00063 MGS_OS_VERSION_CODE=402915328
00063 MGS_OS_ID_LIKE=debian ubuntu
00063 MDS1_OS_ID=ubuntu
00063 MDS1_OS_VERSION_CODE=402915328
00063 MDS1_OS_ID_LIKE=debian ubuntu
00063 MDS1_OS_VERSION_ID=24.04
00063 OST1_OS_VERSION_ID=24.04
00063 OST1_OS_VERSION_CODE=402915328
00063 OST1_OS_ID=ubuntu
00063 OST1_OS_ID_LIKE=debian ubuntu
00064 CLIENT_OS_VERSION_ID=24.04
00064 CLIENT_OS_ID_LIKE=debian ubuntu
00064 CLIENT_OS_ID=ubuntu
00064 CLIENT_OS_VERSION_CODE=402915328
00064 Started at Mon Jul 27 09:16:54 UTC 2026
00065 localhost.localdomain: executing check_logdir /tmp/test_logs/2026-07-27/091652
00065 Lustre: DEBUG MARKER: localhost.localdomain: executing check_logdir /tmp/test_logs/2026-07-27/091652
00065 Logging to shared log directory: /tmp/test_logs/2026-07-27/091652
00066 localhost.localdomain: executing yml_node
00066 Lustre: DEBUG MARKER: localhost.localdomain: executing yml_node
00067 Client: 2.17.54.88
00067 Lustre: DEBUG MARKER: Client: 2.17.54.88
00067 MDS: 2.17.54.88
00067 Lustre: DEBUG MARKER: MDS: 2.17.54.88
00067 OSS: 2.17.54.88
00068 Lustre: DEBUG MARKER: OSS: 2.17.54.88
00068 running: sanity ONLY=10 11 12 13 14 15 16 17a 17b 17c 
00068 run_suite sanity /host/home/ktest/git/lustre-release/lustre/tests/sanity.sh
00068 -----============= acceptance-small: sanity ============----- Mon Jul 27 09:16:58 UTC 2026
00068 Lustre: DEBUG MARKER: -----============= acceptance-small: sanity ============----- Mon Jul 27 09:16:58 UTC 2026
00068 Running: bash /host/home/ktest/git/lustre-release/lustre/tests/sanity.sh
00069 MGS_OS_VERSION_ID=24.04
00069 MGS_OS_ID=ubuntu
00069 MGS_OS_VERSION_CODE=402915328
00069 MGS_OS_ID_LIKE=debian ubuntu
00069 MDS1_OS_ID=ubuntu
00069 MDS1_OS_VERSION_CODE=402915328
00069 MDS1_OS_ID_LIKE=debian ubuntu
00069 MDS1_OS_VERSION_ID=24.04
00069 OST1_OS_VERSION_ID=24.04
00069 OST1_OS_VERSION_CODE=402915328
00069 OST1_OS_ID=ubuntu
00069 OST1_OS_ID_LIKE=debian ubuntu
00070 CLIENT_OS_VERSION_ID=24.04
00070 CLIENT_OS_ID_LIKE=debian ubuntu
00070 CLIENT_OS_ID=ubuntu
00070 CLIENT_OS_VERSION_CODE=402915328
00070 localhost.localdomain: /host/home/ktest/git/lustre-release/lustre/tests/except/sanity.56aa.ex
00070 localhost.localdomain: /host/home/ktest/git/lustre-release/lustre/tests/except/sanity.ex
00070 - see CLIENT_VERSION > v2_15_63-134-gdacc4b6d38 (34682456 > 34553734) for LU-15963, go 312
00070 - see CLIENT_VERSION > v2_15_63-239-gab4ede45b4 (34682456 > 34553839) for LU-17856, go 56wa 56xe
00070 - see CLIENT_VERSION > v2_16_54-54-ga2e3a2f5a3 (34682456 > 34616886) for LU-14590, go 0d
00070 - see CLIENT_VERSION >= v2_15_7-16-gab522d54ad (34682456 >= 34539280) for LU-16203, go 60i
00070 - see CLIENT_VERSION >= v2_17_50-196-g63ee4af3bb (34682456 >= 34681540) for LU-19620, go 60b
00070 - see CLIENT_VERSION >= v2_17_50-34-g089f438ba9 (34682456 >= 34681378) for LU-19692, go 77k
00070 - see CLIENT_VERSION >= v2_17_50-71-g2cbe29c282 (34682456 >= 34681415) for LU-19644, go 150ib
00070 - see CLIENT_VERSION >= v2_17_51-74 (34682456 >= 34681674) for LU-20010, go 56aa
00070 - need MDS1_VERSION < v2_14_55-100-g8a84c7f9c7 (34682456 < 34486116) for LU-14927, skip 0f
00070 Lustre: DEBUG MARKER: - need MDS1_VERSION < v2_14_55-100-g8a84c7f9c7 (34682456 < 34486116) for LU-14927, skip 0f
00070 - need MDS1_VERSION <= 2.16.61-1-g89cf292a8c2 (34682456 <= 34618625) for LU-18938, skip 360
00070 Lustre: DEBUG MARKER: - need MDS1_VERSION <= 2.16.61-1-g89cf292a8c2 (34682456 <= 34618625) for LU-18938, skip 360
00070 - see MDS1_VERSION <= CLIENT_VERSION (34682456 <= 34682456) for LU-18562, go 270a
00070 - need OST1_VERSION < v2_17_50-410-gbd8e7b9555 (34682456 < 34681754) for LU-12550, skip 216
00071 Lustre: DEBUG MARKER: - need OST1_VERSION < v2_17_50-410-gbd8e7b9555 (34682456 < 34681754) for LU-12550, skip 216
00071 excepting tests: 442 460d 600a 600b 600c 600d_base 600d 801a 801b 801c 802b 802c 803a 803b 804 805 806 807a 807b 808 809 810 812a 812b 812c 813 814 815 816 817 818 819a 819b 820 823 831 832 833 834 842 850 851 852 853 854 855 860 900 901 902 903 904 905 906 907 908a 908b 909 910 911 920 42a 42c 42b 118c 118d 407 119i 216 817 0f 27A 53 66 270a 119e 119f 119g 119h 156 17o 27oo 27z 27F 60a 64i 232 257 278 280 427 801c 818 820 17a 17b 17e 17g 17i 17p 21 25a 25b 26a 26c 26d 26e 26f 27ga 27Q 28 32e 32f 32g 32h 32m 32n 32o 32p 48a 54a 54c 54d 56l 56m 56n 56rd 56xb 56Eb 56eg 56eh 56ei 133a 140 170b 162a 226a 27p 27q 34a 31g 31l 31m 36g 44f 130a 130b 130c 130d 130e 130i 430a 51b 56ab 81b 220 413 418 806 52a 52b 102a 102h 102i 102r 102t 154B 154f 154g 160 161c 161d 205a 65k 807 808 812 56 65e 65a 406 205h 208 165 224d 226d 255 258 272 275 277 311 410 414 419 831 313 314 315 317 200 350 398 399 403 404 408 432 433 398a 405 411 421 27Cg 27U 422 424 425 426 428 429 434 442 430b 430c 431 814 833 850 801a 801b 802b 810 812b 842 851 901 903
00071 Lustre: DEBUG MARKER: excepting tests: 442 460d 600a 600b 600c 600d_base 600d 801a 801b 801c 802b 802c 803a 803b 804 805 806 807a 807b 808 809 810 812a 812b 812c 813 814 815 816 817 818 819a 819b 820 823 831 832 833 834 842 850 851 852 853 854 855 860 900 901 902 903 904 905 9
00071 skipping tests SLOW=no: 27m 60i 64b 68 71 135 136 230d 300o 842
00071 Lustre: DEBUG MARKER: skipping tests SLOW=no: 27m 60i 64b 68 71 135 136 230d 300o 842
00071 running as uid/gid/euid/egid 1000/1000/1000/1000, groups: 1000
00071  [true]
00071 ------------[ cut here ]------------
00071 WARNING: /home/ktest/git/linux/include/linux/fs.h:889 at osd_create+0x9cf/0xcf0 [osd_wbcfs], CPU#3: mdt00_002/1730
00071 Modules linked in: ofd(O) osp(O) mdd(O) lod(O) mdt(O) lquota(O) lfsck(O) mgs(O) osd_wbcfs(O) lustre(O) obdecho(O) mgc(O) mdc(O) lov(O) osc(O) lmv(O) ec(O) fid(O) fld(O) ptlrpc(O) efivarfs obdclass(O) ksocklnd(O) lnet(O) libcfs(O)
00071 CPU: 3 UID: 0 PID: 1730 Comm: mdt00_002 Tainted: G        W  O        7.0.0-ktest-fa4bb62-6330a45-20260727-dirty #1 PREEMPT 
00071 Tainted: [W]=WARN, [O]=OOT_MODULE
00071 Hardware name: QEMU Standard PC (Q35 + ICH9, 2009), BIOS 2025.11-3ubuntu7 03/31/2026
00071 RIP: 0010:osd_create+0x9cf/0xcf0 [osd_wbcfs]
00071 Code: c7 c7 00 96 7b a1 48 c7 c6 a0 12 7d a1 48 c7 c2 00 1c 7d a1 e8 52 f1 43 ff 48 c7 c7 00 96 7b a1 e8 46 81 44 ff e9 fe fc ff ff <0f> 0b e9 a5 fa ff ff 48 c7 c1 80 44 5d a0 80 e1 07 80 c1 03 38 c1
00071 RSP: 0018:ffffc90000a175a8 EFLAGS: 00010246
00071 RAX: 0000000000000000 RBX: ffff888101311000 RCX: 0000000000000046
00071 RDX: 0000000000000000 RSI: ffff888134e0fb68 RDI: ffff88802c038998
00071 RBP: ffff888134e0fad8 R08: ffffffff83a16803 R09: 1ffffffff0742d00
00071 R10: dffffc0000000000 R11: fffffbfff0742d01 R12: ffff88802d5fe2c8
00071 R13: dffffc0000000000 R14: 1ffff11020262200 R15: 1ffff110077f7ec8
00071 FS:  0000000000000000(0000) GS:ffff8881d4bad000(0000) knlGS:0000000000000000
00071 CS:  0010 DS: 0000 ES: 0000 CR0: 0000000080050033
00071 CR2: 00007f7571ef59d0 CR3: 0000000117689000 CR4: 0000000000750eb0
00071 PKRU: 55555554
00071 Call Trace:
00071  <TASK>
00071  ? lod_sub_create+0x168a/0x1940 [lod]
00071  ? __lock_acquire+0x73/0x620
00071  ? dt_write_lock+0x16d/0x2a0 [obdclass]
00071  ? lod_create+0x10d/0x720 [lod]
00071  ? mdd_create_object_internal+0x18f/0x320 [mdd]
00071  ? mdd_create_object+0xab/0x1ce0 [mdd]
00071  ? mdd_create+0x2032/0x4110 [mdd]
00071  ? mdt_reint_create+0x2768/0x4e80 [mdt]
00071  ? mdt_reint_rec+0x10f/0x530 [mdt]
00071  ? mdt_reint_internal+0x9d5/0x11a0 [mdt]
00071  ? tsi2mdt_info+0x319/0x520 [mdt]
00071  ? mdt_reint+0x115/0x270 [mdt]
00071  ? tgt_request_handle+0x23ad/0x3d30 [ptlrpc]
00071  ? ptlrpc_main+0x6359/0x96f0 [ptlrpc]
00071  ? __kthread_parkme+0x73/0x130
00071  ? kthread+0x2cd/0x3a0
00071  ? ptlrpc_start_thread+0x1f10/0x1f10 [ptlrpc]
00071  ? kthread_unuse_mm+0x130/0x130
00071  ? ret_from_fork+0x18c/0x520
00071  ? kthread_unuse_mm+0x130/0x130
00071  ? ret_from_fork_asm+0x11/0x20
00071  </TASK>
00071 ---[ end trace 0000000000000000 ]---
00071 ------------[ cut here ]------------
00071 WARNING: /home/ktest/git/linux/include/linux/fs.h:889 at ll_iget+0x592/0x850 [lustre], CPU#0: mkdir/3045
00071 Modules linked in: ofd(O) osp(O) mdd(O) lod(O) mdt(O) lquota(O) lfsck(O) mgs(O) osd_wbcfs(O) lustre(O) obdecho(O) mgc(O) mdc(O) lov(O) osc(O) lmv(O) ec(O) fid(O) fld(O) ptlrpc(O) efivarfs obdclass(O) ksocklnd(O) lnet(O) libcfs(O)
00071 CPU: 0 UID: 0 PID: 3045 Comm: mkdir Tainted: G        W  O        7.0.0-ktest-fa4bb62-6330a45-20260727-dirty #1 PREEMPT 
00071 Tainted: [W]=WARN, [O]=OOT_MODULE
00071 Hardware name: QEMU Standard PC (Q35 + ICH9, 2009), BIOS 2025.11-3ubuntu7 03/31/2026
00071 RIP: 0010:ll_iget+0x592/0x850 [lustre]
00071 Code: 48 c7 c6 40 52 76 a1 48 c7 c2 80 52 76 a1 e8 45 76 d4 fe 48 c7 c7 80 d7 a6 a1 e8 39 06 d5 fe 48 89 df 4c 89 fe e9 34 fb ff ff <0f> 0b e9 89 fb ff ff 0f 0b e9 f0 fc ff ff 48 c7 c1 80 44 5d a0 80
00071 RSP: 0018:ffffc900091479f0 EFLAGS: 00010246
00071 RAX: 0000000000000000 RBX: ffff888130981dc0 RCX: 0000000000000046
00071 RDX: 0000000000000000 RSI: ffff888130981e50 RDI: ffff888108a5cb18
00071 RBP: ffff88802d5d0000 R08: ffff8881383b8883 R09: 1ffff11027077110
00071 R10: dffffc0000000000 R11: ffffed1027077111 R12: dffffc0000000000
00071 R13: dffffc0000000000 R14: ffffc90009147aa8 R15: 0000000200000402
00071 FS:  00007f757207ad00(0000) GS:ffff8881d4a2d000(0000) knlGS:0000000000000000
00071 CS:  0010 DS: 0000 ES: 0000 CR0: 0000000080050033
00071 CR2: 00007fe5548ee200 CR3: 0000000117689000 CR4: 0000000000750eb0
00071 PKRU: 55555554
00071 Call Trace:
00071  <TASK>
00071  ll_prep_inode+0x682/0x1310 [lustre]
00071  ll_new_node_finish+0x179/0x930 [lustre]
00071  ll_new_node+0xd7f/0x1740 [lustre]
00071  ? ll_mkdir+0xf5/0xf10 [lustre]
00071  ll_mkdir+0x44e/0xf10 [lustre]
00071  vfs_mkdir+0x3c0/0x630
00071  filename_mkdirat+0x14c/0x300
00071  __x64_sys_mkdir+0x74/0x140
00071  do_syscall_64+0xc1/0x350
00071  entry_SYSCALL_64_after_hwframe+0x4b/0x53
00071 RIP: 0033:0x7f7571f1b05b
00071 Code: 0f 1e fa 48 89 f2 b9 00 01 00 00 48 89 fe bf 9c ff ff ff e9 97 c3 ff ff 0f 1f 80 00 00 00 00 f3 0f 1e fa b8 53 00 00 00 0f 05 <48> 3d 00 f0 ff ff 77 05 c3 0f 1f 40 00 48 8b 15 89 7d 0e 00 f7 d8
00071 RSP: 002b:00007ffd5949e148 EFLAGS: 00000246 ORIG_RAX: 0000000000000053
00071 RAX: ffffffffffffffda RBX: 00007ffd5949f899 RCX: 00007f7571f1b05b
00071 RDX: 0000000000000000 RSI: 00000000000001ff RDI: 00007ffd5949f899
00071 RBP: 00007ffd5949e260 R08: 00000000000001ff R09: 0000000000000000
00071 R10: 000055897a62227e R11: 0000000000000246 R12: 00000000000001ff
00071 R13: 0000000000000000 R14: 0000000000000000 R15: 0000000000000000
00071  </TASK>
00071 ---[ end trace 0000000000000000 ]---
00071 ------------[ cut here ]------------
00071 WARNING: /home/ktest/git/linux/include/linux/fs.h:889 at ll_iget+0x592/0x850 [lustre], CPU#0: chown/3051
00071 Modules linked in: ofd(O) osp(O) mdd(O) lod(O) mdt(O) lquota(O) lfsck(O) mgs(O) osd_wbcfs(O) lustre(O) obdecho(O) mgc(O) mdc(O) lov(O) osc(O) lmv(O) ec(O) fid(O) fld(O) ptlrpc(O) efivarfs obdclass(O) ksocklnd(O) lnet(O) libcfs(O)
00071 CPU: 0 UID: 0 PID: 3051 Comm: chown Tainted: G        W  O        7.0.0-ktest-fa4bb62-6330a45-20260727-dirty #1 PREEMPT 
00071 Tainted: [W]=WARN, [O]=OOT_MODULE
00071 Hardware name: QEMU Standard PC (Q35 + ICH9, 2009), BIOS 2025.11-3ubuntu7 03/31/2026
00071 RIP: 0010:ll_iget+0x592/0x850 [lustre]
00071 Code: 48 c7 c6 40 52 76 a1 48 c7 c2 80 52 76 a1 e8 45 76 d4 fe 48 c7 c7 80 d7 a6 a1 e8 39 06 d5 fe 48 89 df 4c 89 fe e9 34 fb ff ff <0f> 0b e9 89 fb ff ff 0f 0b e9 f0 fc ff ff 48 c7 c1 80 44 5d a0 80
00071 RSP: 0018:ffffc900091776d8 EFLAGS: 00010246
00071 RAX: 0000000000000000 RBX: ffff888130981dc0 RCX: 0000000000000046
00071 RDX: 0000000000000000 RSI: ffff888130981e50 RDI: ffff8881189a2a30
00071 RBP: ffff88802d5d0000 R08: ffffffff83a16803 R09: 1ffffffff0742d00
00071 R10: dffffc0000000000 R11: fffffbfff0742d01 R12: dffffc0000000000
00071 R13: dffffc0000000000 R14: ffffc90009177790 R15: 0000000200000402
00071 FS:  00007f7e60042740(0000) GS:ffff8881d4a2d000(0000) knlGS:0000000000000000
00071 CS:  0010 DS: 0000 ES: 0000 CR0: 0000000080050033
00071 CR2: 0000564e4ad6c3c8 CR3: 0000000119665000 CR4: 0000000000750eb0
00071 PKRU: 55555554
00071 Call Trace:
00071  <TASK>
00071  ll_prep_inode+0x682/0x1310 [lustre]
00071  ? lustre_swab_barrier_lvb+0xd0/0xd0 [ptlrpc]
00071  ll_lookup_it+0x168c/0x4650 [lustre]
00071  ll_lookup_nd+0x2a7/0x4f0 [lustre]
00071  __lookup_slow+0x1a2/0x260
00071  lookup_slow+0x53/0x70
00071  path_lookupat+0x2d0/0x6d0
00071  filename_lookup+0x18f/0x340
00071  vfs_statx+0x6a/0x3c0
00071  ? do_getname+0xb3/0x190
00071  vfs_fstatat+0xa6/0xd0
00071  __x64_sys_newfstatat+0xb2/0x2c0
00071  ? kmem_cache_free+0x39f/0x580
00071  ? fpregs_assert_state_consistent+0x4f/0xe0
00071  do_syscall_64+0xc1/0x350
00071  entry_SYSCALL_64_after_hwframe+0x4b/0x53
00071 RIP: 0033:0x7f7e5ff173ee
00071 Code: 0f 1f 40 00 48 8b 15 29 ba 0e 00 f7 d8 64 89 02 b8 ff ff ff ff c3 66 0f 1f 44 00 00 f3 0f 1e fa 41 89 ca b8 06 01 00 00 0f 05 <3d> 00 f0 ff ff 77 0b 31 c0 c3 0f 1f 84 00 00 00 00 00 48 8b 15 f1
00071 RSP: 002b:00007ffee33485c8 EFLAGS: 00000246 ORIG_RAX: 0000000000000106
00071 RAX: ffffffffffffffda RBX: 0000564e4ad6c730 RCX: 00007f7e5ff173ee
00071 RDX: 0000564e4ad6c7a0 RSI: 0000564e4ad6c830 RDI: 00000000ffffff9c
00071 RBP: 00007ffee33485f0 R08: 00007f7e60003b20 R09: 0000000000000130
00071 R10: 0000000000000100 R11: 0000000000000246 R12: 0000564e4ad6c7a0
00071 R13: 0000564e4ad6b480 R14: 0000000000000000 R15: 00007ffee3349899
00071  </TASK>
00071 ---[ end trace 0000000000000000 ]---
00071 ------------[ cut here ]------------
00071 WARNING: /home/ktest/git/linux/include/linux/fs.h:889 at ll_iget+0x599/0x850 [lustre], CPU#0: chown/3051
00071 Modules linked in: ofd(O) osp(O) mdd(O) lod(O) mdt(O) lquota(O) lfsck(O) mgs(O) osd_wbcfs(O) lustre(O) obdecho(O) mgc(O) mdc(O) lov(O) osc(O) lmv(O) ec(O) fid(O) fld(O) ptlrpc(O) efivarfs obdclass(O) ksocklnd(O) lnet(O) libcfs(O)
00071 CPU: 0 UID: 0 PID: 3051 Comm: chown Tainted: G        W  O        7.0.0-ktest-fa4bb62-6330a45-20260727-dirty #1 PREEMPT 
00071 Tainted: [W]=WARN, [O]=OOT_MODULE
00071 Hardware name: QEMU Standard PC (Q35 + ICH9, 2009), BIOS 2025.11-3ubuntu7 03/31/2026
00071 RIP: 0010:ll_iget+0x599/0x850 [lustre]
00071 Code: 48 c7 c2 80 52 76 a1 e8 45 76 d4 fe 48 c7 c7 80 d7 a6 a1 e8 39 06 d5 fe 48 89 df 4c 89 fe e9 34 fb ff ff 0f 0b e9 89 fb ff ff <0f> 0b e9 f0 fc ff ff 48 c7 c1 80 44 5d a0 80 e1 07 80 c1 03 38 c1
00071 RSP: 0018:ffffc900091776d8 EFLAGS: 00010246
00071 RAX: 0000000000000000 RBX: ffff888130981dc0 RCX: 0000000000000046
00071 RDX: 0000000000000000 RSI: ffff888130981e50 RDI: ffff8881189a2a30
00071 RBP: ffff88802d5d0000 R08: ffffffff83a16803 R09: 1ffffffff0742d00
00071 R10: dffffc0000000000 R11: fffffbfff0742d01 R12: dffffc0000000000
00071 R13: 1ffff110261303d1 R14: ffffc90009177790 R15: ffff888130981e88
00071 FS:  00007f7e60042740(0000) GS:ffff8881d4a2d000(0000) knlGS:0000000000000000
00071 CS:  0010 DS: 0000 ES: 0000 CR0: 0000000080050033
00071 CR2: 0000564e4ad6c3c8 CR3: 0000000119665000 CR4: 0000000000750eb0
00071 PKRU: 55555554
00071 Call Trace:
00071  <TASK>
00071  ll_prep_inode+0x682/0x1310 [lustre]
00071  ? lustre_swab_barrier_lvb+0xd0/0xd0 [ptlrpc]
00071  ll_lookup_it+0x168c/0x4650 [lustre]
00071  ll_lookup_nd+0x2a7/0x4f0 [lustre]
00071  __lookup_slow+0x1a2/0x260
00071  lookup_slow+0x53/0x70
00071  path_lookupat+0x2d0/0x6d0
00071  filename_lookup+0x18f/0x340
00071  vfs_statx+0x6a/0x3c0
00071  ? do_getname+0xb3/0x190
00071  vfs_fstatat+0xa6/0xd0
00071  __x64_sys_newfstatat+0xb2/0x2c0
00071  ? kmem_cache_free+0x39f/0x580
00071  ? fpregs_assert_state_consistent+0x4f/0xe0
00071  do_syscall_64+0xc1/0x350
00071  entry_SYSCALL_64_after_hwframe+0x4b/0x53
00071 RIP: 0033:0x7f7e5ff173ee
00071 Code: 0f 1f 40 00 48 8b 15 29 ba 0e 00 f7 d8 64 89 02 b8 ff ff ff ff c3 66 0f 1f 44 00 00 f3 0f 1e fa 41 89 ca b8 06 01 00 00 0f 05 <3d> 00 f0 ff ff 77 0b 31 c0 c3 0f 1f 84 00 00 00 00 00 48 8b 15 f1
00071 RSP: 002b:00007ffee33485c8 EFLAGS: 00000246 ORIG_RAX: 0000000000000106
00071 RAX: ffffffffffffffda RBX: 0000564e4ad6c730 RCX: 00007f7e5ff173ee
00071 RDX: 0000564e4ad6c7a0 RSI: 0000564e4ad6c830 RDI: 00000000ffffff9c
00071 RBP: 00007ffee33485f0 R08: 00007f7e60003b20 R09: 0000000000000130
00071 R10: 0000000000000100 R11: 0000000000000246 R12: 0000564e4ad6c7a0
00071 R13: 0000564e4ad6b480 R14: 0000000000000000 R15: 00007ffee3349899
00071  </TASK>
00071 ---[ end trace 0000000000000000 ]---
00071 running as uid/gid/euid/egid 1000/1000/1000/1000, groups: 1000
00071  [touch] [/mnt/lustre/d0_runas_test/f2648]
00071 ------------[ cut here ]------------
00071 WARNING: /home/ktest/git/linux/include/linux/fs.h:889 at ll_iget+0x592/0x850 [lustre], CPU#2: touch/3059
00071 Modules linked in: ofd(O) osp(O) mdd(O) lod(O) mdt(O) lquota(O) lfsck(O) mgs(O) osd_wbcfs(O) lustre(O) obdecho(O) mgc(O) mdc(O) lov(O) osc(O) lmv(O) ec(O) fid(O) fld(O) ptlrpc(O) efivarfs obdclass(O) ksocklnd(O) lnet(O) libcfs(O)
00071 CPU: 2 UID: 1000 PID: 3059 Comm: touch Tainted: G        W  O        7.0.0-ktest-fa4bb62-6330a45-20260727-dirty #1 PREEMPT 
00071 Tainted: [W]=WARN, [O]=OOT_MODULE
00071 Hardware name: QEMU Standard PC (Q35 + ICH9, 2009), BIOS 2025.11-3ubuntu7 03/31/2026
00071 RIP: 0010:ll_iget+0x592/0x850 [lustre]
00071 Code: 48 c7 c6 40 52 76 a1 48 c7 c2 80 52 76 a1 e8 45 76 d4 fe 48 c7 c7 80 d7 a6 a1 e8 39 06 d5 fe 48 89 df 4c 89 fe e9 34 fb ff ff <0f> 0b e9 89 fb ff ff 0f 0b e9 f0 fc ff ff 48 c7 c1 80 44 5d a0 80
00071 RSP: 0018:ffffc90008dd7610 EFLAGS: 00010246
00071 RAX: 0000000000000000 RBX: ffff888130981dc0 RCX: 0000000000000046
00071 RDX: 0000000000000000 RSI: ffff888130981e50 RDI: ffff88813ad54af0
00071 RBP: ffff88802d5d0000 R08: ffffffff83a16803 R09: 1ffffffff0742d00
00071 R10: dffffc0000000000 R11: fffffbfff0742d01 R12: dffffc0000000000
00071 R13: dffffc0000000000 R14: ffffc90008dd76c8 R15: 0000000200000402
00071 FS:  00007f0f47e2e740(0000) GS:ffff8881d4b2d000(0000) knlGS:0000000000000000
00071 CS:  0010 DS: 0000 ES: 0000 CR0: 0000000080050033
00071 CR2: 00007f0f47cf59d0 CR3: 000000002f450000 CR4: 0000000000750eb0
00071 PKRU: 55555554
00071 Call Trace:
00071  <TASK>
00071  ll_prep_inode+0x682/0x1310 [lustre]
00071  ? lustre_swab_barrier_lvb+0xd0/0xd0 [ptlrpc]
00071  ll_lookup_it+0x168c/0x4650 [lustre]
00071  ? d_alloc_parallel+0xe4f/0xfb0
00071  ll_lookup_nd+0x2a7/0x4f0 [lustre]
00071  __lookup_slow+0x1a2/0x260
00071  lookup_slow+0x53/0x70
00071  link_path_walk+0xac4/0x13d0
00071  path_openat+0x236/0x2630
00071  ? kasan_save_track+0x2f/0x60
00071  ? kmem_cache_alloc_noprof+0xea/0x3d0
00071  ? do_getname+0x67/0x190
00071  ? __x64_sys_openat+0xf8/0x120
00071  ? do_syscall_64+0xc1/0x350
00071  ? filemap_map_pages+0x14c/0x1210
00071  do_file_open+0x19b/0x360
00071  ? _raw_spin_unlock+0x23/0x40
00071  ? alloc_fd+0x42c/0x480
00071  do_sys_openat2+0x84/0xf0
00071  __x64_sys_openat+0xf8/0x120
00071  do_syscall_64+0xc1/0x350
00071  entry_SYSCALL_64_after_hwframe+0x4b/0x53
00071 RIP: 0033:0x7f0f47d1b1a5
00071 Code: 83 e2 40 75 50 89 f0 f7 d0 a9 00 00 41 00 74 45 80 3d ae fe 0e 00 00 74 60 89 da 4c 89 e6 bf 9c ff ff ff b8 01 01 00 00 0f 05 <48> 3d 00 f0 ff ff 0f 87 7f 00 00 00 48 8b 55 b8 64 48 2b 14 25 28
00071 RSP: 002b:00007ffc15209ad0 EFLAGS: 00000202 ORIG_RAX: 0000000000000101
00071 RAX: ffffffffffffffda RBX: 0000000000000941 RCX: 00007f0f47d1b1a5
00071 RDX: 0000000000000941 RSI: 00007ffc1520a886 RDI: 00000000ffffff9c
00071 RBP: 00007ffc15209b40 R08: 00000000ffffffff R09: 0000000000000000
00071 R10: 00000000000001b6 R11: 0000000000000202 R12: 00007ffc1520a886
00071 R13: 00007f0f47e03248 R14: 0000000000000000 R15: 0000000000000001
00071  </TASK>
00071 ---[ end trace 0000000000000000 ]---
00071 ------------[ cut here ]------------
00071 WARNING: /home/ktest/git/linux/include/linux/fs.h:889 at ll_iget+0x599/0x850 [lustre], CPU#2: touch/3059
00071 Modules linked in: ofd(O) osp(O) mdd(O) lod(O) mdt(O) lquota(O) lfsck(O) mgs(O) osd_wbcfs(O) lustre(O) obdecho(O) mgc(O) mdc(O) lov(O) osc(O) lmv(O) ec(O) fid(O) fld(O) ptlrpc(O) efivarfs obdclass(O) ksocklnd(O) lnet(O) libcfs(O)
00071 CPU: 2 UID: 1000 PID: 3059 Comm: touch Tainted: G        W  O        7.0.0-ktest-fa4bb62-6330a45-20260727-dirty #1 PREEMPT 
00071 Tainted: [W]=WARN, [O]=OOT_MODULE
00071 Hardware name: QEMU Standard PC (Q35 + ICH9, 2009), BIOS 2025.11-3ubuntu7 03/31/2026
00071 RIP: 0010:ll_iget+0x599/0x850 [lustre]
00071 Code: 48 c7 c2 80 52 76 a1 e8 45 76 d4 fe 48 c7 c7 80 d7 a6 a1 e8 39 06 d5 fe 48 89 df 4c 89 fe e9 34 fb ff ff 0f 0b e9 89 fb ff ff <0f> 0b e9 f0 fc ff ff 48 c7 c1 80 44 5d a0 80 e1 07 80 c1 03 38 c1
00071 RSP: 0018:ffffc90008dd7610 EFLAGS: 00010246
00071 RAX: 0000000000000000 RBX: ffff888130981dc0 RCX: 0000000000000046
00071 RDX: 0000000000000000 RSI: ffff888130981e50 RDI: ffff88813ad54af0
00071 RBP: ffff88802d5d0000 R08: ffffffff83a16803 R09: 1ffffffff0742d00
00071 R10: dffffc0000000000 R11: fffffbfff0742d01 R12: dffffc0000000000
00071 R13: 1ffff110261303d1 R14: ffffc90008dd76c8 R15: ffff888130981e88
00071 FS:  00007f0f47e2e740(0000) GS:ffff8881d4b2d000(0000) knlGS:0000000000000000
00071 CS:  0010 DS: 0000 ES: 0000 CR0: 0000000080050033
00071 CR2: 00007f0f47cf59d0 CR3: 000000002f450000 CR4: 0000000000750eb0
00071 PKRU: 55555554
00071 Call Trace:
00071  <TASK>
00071  ll_prep_inode+0x682/0x1310 [lustre]
00071  ? lustre_swab_barrier_lvb+0xd0/0xd0 [ptlrpc]
00071  ll_lookup_it+0x168c/0x4650 [lustre]
00071  ? d_alloc_parallel+0xe4f/0xfb0
00071  ll_lookup_nd+0x2a7/0x4f0 [lustre]
00071  __lookup_slow+0x1a2/0x260
00071  lookup_slow+0x53/0x70
00071  link_path_walk+0xac4/0x13d0
00071  path_openat+0x236/0x2630
00071  ? kasan_save_track+0x2f/0x60
00071  ? kmem_cache_alloc_noprof+0xea/0x3d0
00071  ? do_getname+0x67/0x190
00071  ? __x64_sys_openat+0xf8/0x120
00071  ? do_syscall_64+0xc1/0x350
00071  ? filemap_map_pages+0x14c/0x1210
00071  do_file_open+0x19b/0x360
00071  ? _raw_spin_unlock+0x23/0x40
00071  ? alloc_fd+0x42c/0x480
00071  do_sys_openat2+0x84/0xf0
00071  __x64_sys_openat+0xf8/0x120
00071  do_syscall_64+0xc1/0x350
00071  entry_SYSCALL_64_after_hwframe+0x4b/0x53
00071 RIP: 0033:0x7f0f47d1b1a5
00071 Code: 83 e2 40 75 50 89 f0 f7 d0 a9 00 00 41 00 74 45 80 3d ae fe 0e 00 00 74 60 89 da 4c 89 e6 bf 9c ff ff ff b8 01 01 00 00 0f 05 <48> 3d 00 f0 ff ff 0f 87 7f 00 00 00 48 8b 55 b8 64 48 2b 14 25 28
00071 RSP: 002b:00007ffc15209ad0 EFLAGS: 00000202 ORIG_RAX: 0000000000000101
00071 RAX: ffffffffffffffda RBX: 0000000000000941 RCX: 00007f0f47d1b1a5
00071 RDX: 0000000000000941 RSI: 00007ffc1520a886 RDI: 00000000ffffff9c
00071 RBP: 00007ffc15209b40 R08: 00000000ffffffff R09: 0000000000000000
00071 R10: 00000000000001b6 R11: 0000000000000202 R12: 00007ffc1520a886
00071 R13: 00007f0f47e03248 R14: 0000000000000000 R15: 0000000000000001
00071  </TASK>
00071 ---[ end trace 0000000000000000 ]---
00071 ------------[ cut here ]------------
00071 WARNING: /home/ktest/git/linux/include/linux/fs.h:889 at osd_create+0x9cf/0xcf0 [osd_wbcfs], CPU#1: mdt00_003/1835
00071 Modules linked in: ofd(O) osp(O) mdd(O) lod(O) mdt(O) lquota(O) lfsck(O) mgs(O) osd_wbcfs(O) lustre(O) obdecho(O) mgc(O) mdc(O) lov(O) osc(O) lmv(O) ec(O) fid(O) fld(O) ptlrpc(O) efivarfs obdclass(O) ksocklnd(O) lnet(O) libcfs(O)
00071 CPU: 1 UID: 0 PID: 1835 Comm: mdt00_003 Tainted: G        W  O        7.0.0-ktest-fa4bb62-6330a45-20260727-dirty #1 PREEMPT 
00071 Tainted: [W]=WARN, [O]=OOT_MODULE
00071 Hardware name: QEMU Standard PC (Q35 + ICH9, 2009), BIOS 2025.11-3ubuntu7 03/31/2026
00071 RIP: 0010:osd_create+0x9cf/0xcf0 [osd_wbcfs]
00071 Code: c7 c7 00 96 7b a1 48 c7 c6 a0 12 7d a1 48 c7 c2 00 1c 7d a1 e8 52 f1 43 ff 48 c7 c7 00 96 7b a1 e8 46 81 44 ff e9 fe fc ff ff <0f> 0b e9 a5 fa ff ff 48 c7 c1 80 44 5d a0 80 e1 07 80 c1 03 38 c1
00071 RSP: 0018:ffffc90001f3f2e8 EFLAGS: 00010246
00071 RAX: 0000000000000000 RBX: ffff8881018e2400 RCX: 0000000000000046
00071 RDX: 0000000000000000 RSI: ffff888134e09818 RDI: ffff88803c43aa58
00071 RBP: ffff888134e09788 R08: ffffffff83a16803 R09: 1ffffffff0742d00
00071 R10: dffffc0000000000 R11: fffffbfff0742d01 R12: ffff8880191ea2c8
00071 R13: dffffc0000000000 R14: 1ffff1102031c480 R15: 1ffff11026f128c8
00071 FS:  0000000000000000(0000) GS:ffff8881d4aad000(0000) knlGS:0000000000000000
00071 CS:  0010 DS: 0000 ES: 0000 CR0: 0000000080050033
00071 CR2: 000055beab0ea500 CR3: 00000001019c3000 CR4: 0000000000750eb0
00071 PKRU: 55555554
00071 Call Trace:
00071  <TASK>
00071  ? lod_sub_create+0x168a/0x1940 [lod]
00071  ? __lock_acquire+0x73/0x620
00071  ? dt_write_lock+0x16d/0x2a0 [obdclass]
00071  ? lod_create+0x10d/0x720 [lod]
00071  ? mdd_create_object_internal+0x18f/0x320 [mdd]
00071  ? mdd_create_object+0xab/0x1ce0 [mdd]
00071  ? mdd_create+0x2032/0x4110 [mdd]
00071  ? lustre_msg_get_versions+0x49/0x160 [ptlrpc]
00071  ? mdt_reint_open+0x434b/0x8480 [mdt]
00071  ? mdt_reint_rec+0x10f/0x530 [mdt]
00071  ? mdt_reint_internal+0x9d5/0x11a0 [mdt]
00071  ? mdt_intent_open+0x18b/0x9a0 [mdt]
00071  ? mdt_intent_policy+0x1639/0x2300 [mdt]
00071  ? mdt_register_lwp_callback+0x620/0x620 [mdt]
00071  ? mdt_seq_init+0x1ef0/0x1ef0 [mdt]
00071  ? ldlm_lock_enqueue+0x221/0x16c0 [ptlrpc]
00071  ? ldlm_handle_enqueue+0x139f/0x3250 [ptlrpc]
00071  ? tgt_enqueue+0x19b/0x550 [ptlrpc]
00071  ? tgt_request_handle+0x23ad/0x3d30 [ptlrpc]
00071  ? ptlrpc_main+0x6359/0x96f0 [ptlrpc]
00071  ? __kthread_parkme+0x73/0x130
00071  ? kthread+0x2cd/0x3a0
00071  ? ptlrpc_start_thread+0x1f10/0x1f10 [ptlrpc]
00071  ? kthread_unuse_mm+0x130/0x130
00071  ? ret_from_fork+0x18c/0x520
00071  ? kthread_unuse_mm+0x130/0x130
00071  ? ret_from_fork_asm+0x11/0x20
00071  </TASK>
00071 ---[ end trace 0000000000000000 ]---
00071 ------------[ cut here ]------------
00071 WARNING: /home/ktest/git/linux/include/linux/fs.h:889 at ll_iget+0x592/0x850 [lustre], CPU#2: touch/3059
00071 Modules linked in: ofd(O) osp(O) mdd(O) lod(O) mdt(O) lquota(O) lfsck(O) mgs(O) osd_wbcfs(O) lustre(O) obdecho(O) mgc(O) mdc(O) lov(O) osc(O) lmv(O) ec(O) fid(O) fld(O) ptlrpc(O) efivarfs obdclass(O) ksocklnd(O) lnet(O) libcfs(O)
00071 CPU: 2 UID: 1000 PID: 3059 Comm: touch Tainted: G        W  O        7.0.0-ktest-fa4bb62-6330a45-20260727-dirty #1 PREEMPT 
00071 Tainted: [W]=WARN, [O]=OOT_MODULE
00071 Hardware name: QEMU Standard PC (Q35 + ICH9, 2009), BIOS 2025.11-3ubuntu7 03/31/2026
00071 RIP: 0010:ll_iget+0x592/0x850 [lustre]
00071 Code: 48 c7 c6 40 52 76 a1 48 c7 c2 80 52 76 a1 e8 45 76 d4 fe 48 c7 c7 80 d7 a6 a1 e8 39 06 d5 fe 48 89 df 4c 89 fe e9 34 fb ff ff <0f> 0b e9 89 fb ff ff 0f 0b e9 f0 fc ff ff 48 c7 c1 80 44 5d a0 80
00071 RSP: 0018:ffffc90008dd76c8 EFLAGS: 00010246
00071 RAX: 0000000000000000 RBX: ffff88802ce9e500 RCX: 0000000000000046
00071 RDX: 0000000000000000 RSI: ffff88802ce9e590 RDI: ffff88813ad54b18
00071 RBP: ffff88802d5d0000 R08: ffff8881383b8883 R09: 1ffff11027077110
00071 R10: dffffc0000000000 R11: ffffed1027077111 R12: dffffc0000000000
00071 R13: dffffc0000000000 R14: ffffc90008dd7780 R15: 0000000200000402
00071 FS:  00007f0f47e2e740(0000) GS:ffff8881d4b2d000(0000) knlGS:0000000000000000
00071 CS:  0010 DS: 0000 ES: 0000 CR0: 0000000080050033
00071 CR2: 00007f0f47cf59d0 CR3: 000000002f450000 CR4: 0000000000750eb0
00071 PKRU: 55555554
00071 Call Trace:
00071  <TASK>
00071  ll_prep_inode+0x682/0x1310 [lustre]
00071  ll_create_it+0x52f/0x15d0 [lustre]
00071  ? lprocfs_counter_add+0x2df/0x3e0 [obdclass]
00071  ll_lookup_it+0x2bac/0x4650 [lustre]
00071  ? kasan_unpoison+0x48/0x70
00071  ? __alloc_tagging_slab_alloc_hook+0x136/0x190
00071  ll_atomic_open+0x950/0x1690 [lustre]
00071  atomic_open+0x162/0x320
00071  path_openat+0xcda/0x2630
00071  do_file_open+0x19b/0x360
00071  ? _raw_spin_unlock+0x23/0x40
00071  ? alloc_fd+0x42c/0x480
00071  do_sys_openat2+0x84/0xf0
00071  __x64_sys_openat+0xf8/0x120
00071  do_syscall_64+0xc1/0x350
00071  entry_SYSCALL_64_after_hwframe+0x4b/0x53
00071 RIP: 0033:0x7f0f47d1b1a5
00071 Code: 83 e2 40 75 50 89 f0 f7 d0 a9 00 00 41 00 74 45 80 3d ae fe 0e 00 00 74 60 89 da 4c 89 e6 bf 9c ff ff ff b8 01 01 00 00 0f 05 <48> 3d 00 f0 ff ff 0f 87 7f 00 00 00 48 8b 55 b8 64 48 2b 14 25 28
00071 RSP: 002b:00007ffc15209ad0 EFLAGS: 00000202 ORIG_RAX: 0000000000000101
00071 RAX: ffffffffffffffda RBX: 0000000000000941 RCX: 00007f0f47d1b1a5
00071 RDX: 0000000000000941 RSI: 00007ffc1520a886 RDI: 00000000ffffff9c
00071 RBP: 00007ffc15209b40 R08: 00000000ffffffff R09: 0000000000000000
00071 R10: 00000000000001b6 R11: 0000000000000202 R12: 00007ffc1520a886
00071 R13: 00007f0f47e03248 R14: 0000000000000000 R15: 0000000000000001
00071  </TASK>
00071 ---[ end trace 0000000000000000 ]---
00071 ------------[ cut here ]------------
00071 WARNING: /home/ktest/git/linux/include/linux/fs.h:889 at cl_file_inode_init+0x5f8/0x7a0 [lustre], CPU#2: touch/3059
00071 Modules linked in: ofd(O) osp(O) mdd(O) lod(O) mdt(O) lquota(O) lfsck(O) mgs(O) osd_wbcfs(O) lustre(O) obdecho(O) mgc(O) mdc(O) lov(O) osc(O) lmv(O) ec(O) fid(O) fld(O) ptlrpc(O) efivarfs obdclass(O) ksocklnd(O) lnet(O) libcfs(O)
00071 CPU: 2 UID: 1000 PID: 3059 Comm: touch Tainted: G        W  O        7.0.0-ktest-fa4bb62-6330a45-20260727-dirty #1 PREEMPT 
00071 Tainted: [W]=WARN, [O]=OOT_MODULE
00071 Hardware name: QEMU Standard PC (Q35 + ICH9, 2009), BIOS 2025.11-3ubuntu7 03/31/2026
00071 RIP: 0010:cl_file_inode_init+0x5f8/0x7a0 [lustre]
00071 Code: c7 c7 c0 b3 a8 a1 48 c7 c6 c0 e3 76 a1 48 c7 c2 00 e4 76 a1 e8 d9 4e cf fe 48 c7 c7 c0 b3 a8 a1 e8 cd de cf fe e9 eb fb ff ff <0f> 0b e9 63 fc ff ff c7 05 cf c6 17 00 00 00 04 00 48 c7 c7 c0 b6
00071 RSP: 0018:ffffc90008dd74c0 EFLAGS: 00010246
00071 RAX: 0000000000000000 RBX: ffff88802ce9e500 RCX: 0000000000000046
00071 RDX: ffff88802ce9e42c RSI: ffff88802ce9e590 RDI: ffff88813ad54b18
00071 RBP: dffffc0000000000 R08: ffffffffa0c80e27 R09: 1ffffffff41901c4
00071 R10: dffffc0000000000 R11: fffffbfff41901c5 R12: ffff8881187dc348
00071 R13: 1ffff110059d3dd8 R14: ffff88802ce9eec0 R15: ffff88811a12f000
00071 FS:  00007f0f47e2e740(0000) GS:ffff8881d4b2d000(0000) knlGS:0000000000000000
00071 CS:  0010 DS: 0000 ES: 0000 CR0: 0000000080050033
00071 CR2: 00007f0f47cf59d0 CR3: 000000002f450000 CR4: 0000000000750eb0
00071 PKRU: 55555554
00071 Call Trace:
00071  <TASK>
00071  ll_update_inode+0xfa/0x3ef0 [lustre]
00071  ? report_bug+0x87/0xc0
00071  ? inode_set_ctime_to_ts+0x7f/0x1b0
00071  ll_read_inode2+0x23d/0x9f0 [lustre]
00071  ll_iget+0x201/0x850 [lustre]
00071  ll_prep_inode+0x682/0x1310 [lustre]
00071  ll_create_it+0x52f/0x15d0 [lustre]
00071  ? lprocfs_counter_add+0x2df/0x3e0 [obdclass]
00071  ll_lookup_it+0x2bac/0x4650 [lustre]
00071  ? kasan_unpoison+0x48/0x70
00071  ? __alloc_tagging_slab_alloc_hook+0x136/0x190
00071  ll_atomic_open+0x950/0x1690 [lustre]
00071  atomic_open+0x162/0x320
00071  path_openat+0xcda/0x2630
00071  do_file_open+0x19b/0x360
00071  ? _raw_spin_unlock+0x23/0x40
00071  ? alloc_fd+0x42c/0x480
00071  do_sys_openat2+0x84/0xf0
00071  __x64_sys_openat+0xf8/0x120
00071  do_syscall_64+0xc1/0x350
00071  entry_SYSCALL_64_after_hwframe+0x4b/0x53
00071 RIP: 0033:0x7f0f47d1b1a5
00071 Code: 83 e2 40 75 50 89 f0 f7 d0 a9 00 00 41 00 74 45 80 3d ae fe 0e 00 00 74 60 89 da 4c 89 e6 bf 9c ff ff ff b8 01 01 00 00 0f 05 <48> 3d 00 f0 ff ff 0f 87 7f 00 00 00 48 8b 55 b8 64 48 2b 14 25 28
00071 RSP: 002b:00007ffc15209ad0 EFLAGS: 00000202 ORIG_RAX: 0000000000000101
00071 RAX: ffffffffffffffda RBX: 0000000000000941 RCX: 00007f0f47d1b1a5
00071 RDX: 0000000000000941 RSI: 00007ffc1520a886 RDI: 00000000ffffff9c
00071 RBP: 00007ffc15209b40 R08: 00000000ffffffff R09: 0000000000000000
00071 R10: 00000000000001b6 R11: 0000000000000202 R12: 00007ffc1520a886
00071 R13: 00007f0f47e03248 R14: 0000000000000000 R15: 0000000000000001
00071  </TASK>
00071 ---[ end trace 0000000000000000 ]---
00071 ------------[ cut here ]------------
00071 WARNING: /home/ktest/git/linux/include/linux/fs.h:889 at ll_iget+0x592/0x850 [lustre], CPU#0: rm/3060
00071 Modules linked in: ofd(O) osp(O) mdd(O) lod(O) mdt(O) lquota(O) lfsck(O) mgs(O) osd_wbcfs(O) lustre(O) obdecho(O) mgc(O) mdc(O) lov(O) osc(O) lmv(O) ec(O) fid(O) fld(O) ptlrpc(O) efivarfs obdclass(O) ksocklnd(O) lnet(O) libcfs(O)
00071 CPU: 0 UID: 0 PID: 3060 Comm: rm Tainted: G        W  O        7.0.0-ktest-fa4bb62-6330a45-20260727-dirty #1 PREEMPT 
00071 Tainted: [W]=WARN, [O]=OOT_MODULE
00071 Hardware name: QEMU Standard PC (Q35 + ICH9, 2009), BIOS 2025.11-3ubuntu7 03/31/2026
00071 RIP: 0010:ll_iget+0x592/0x850 [lustre]
00071 Code: 48 c7 c6 40 52 76 a1 48 c7 c2 80 52 76 a1 e8 45 76 d4 fe 48 c7 c7 80 d7 a6 a1 e8 39 06 d5 fe 48 89 df 4c 89 fe e9 34 fb ff ff <0f> 0b e9 89 fb ff ff 0f 0b e9 f0 fc ff ff 48 c7 c1 80 44 5d a0 80
00071 RSP: 0018:ffffc90009037a38 EFLAGS: 00010246
00071 RAX: 0000000000000000 RBX: ffff88802ce9e500 RCX: 0000000000000046
00071 RDX: 0000000000000000 RSI: ffff88802ce9e590 RDI: ffff88802c640998
00071 RBP: ffff88802d5d0000 R08: ffffffff83a16803 R09: 1ffffffff0742d00
00071 R10: dffffc0000000000 R11: fffffbfff0742d01 R12: dffffc0000000000
00071 R13: dffffc0000000000 R14: ffffc90009037af0 R15: 0000000200000402
00071 FS:  00007f86f5787740(0000) GS:ffff8881d4a2d000(0000) knlGS:0000000000000000
00071 CS:  0010 DS: 0000 ES: 0000 CR0: 0000000080050033
00071 CR2: 00007f86f5686000 CR3: 00000001186b7000 CR4: 0000000000750eb0
00071 PKRU: 55555554
00071 Call Trace:
00071  <TASK>
00071  ll_prep_inode+0x682/0x1310 [lustre]
00071  ? lustre_swab_barrier_lvb+0xd0/0xd0 [ptlrpc]
00071  ll_lookup_it+0x168c/0x4650 [lustre]
00071  ? __alloc_tagging_slab_alloc_hook+0x136/0x190
00071  ll_lookup_nd+0x2a7/0x4f0 [lustre]
00071  lookup_one_qstr_excl+0x198/0x2a0
00071  filename_unlinkat+0x15e/0x410
00071  __x64_sys_unlinkat+0xa8/0x170
00071  do_syscall_64+0xc1/0x350
00071  entry_SYSCALL_64_after_hwframe+0x4b/0x53
00071 RIP: 0033:0x7f86f551c46b
00071 Code: 77 05 c3 0f 1f 40 00 48 8b 15 a9 69 0e 00 f7 d8 64 89 02 b8 ff ff ff ff c3 66 0f 1f 44 00 00 f3 0f 1e fa b8 07 01 00 00 0f 05 <48> 3d 01 f0 ff ff 73 01 c3 48 8b 0d 7d 69 0e 00 f7 d8 64 89 01 48
00071 RSP: 002b:00007ffc3f6afff8 EFLAGS: 00000246 ORIG_RAX: 0000000000000107
00071 RAX: ffffffffffffffda RBX: 000055dcadd7d890 RCX: 00007f86f551c46b
00071 RDX: 0000000000000000 RSI: 000055dcadd7d990 RDI: 0000000000000004
00071 RBP: 00007ffc3f6b00d0 R08: 000055dcadd7f2f0 R09: 00007ffc3f6b012c
00071 R10: 000000000000001a R11: 0000000000000246 R12: 000055dcadd7d5c0
00071 R13: 0000000000000000 R14: 00007ffc3f6b0130 R15: 0000000000000000
00071  </TASK>
00071 ---[ end trace 0000000000000000 ]---
00071 ------------[ cut here ]------------
00071 WARNING: /home/ktest/git/linux/include/linux/fs.h:889 at ll_iget+0x599/0x850 [lustre], CPU#0: rm/3060
00071 Modules linked in: ofd(O) osp(O) mdd(O) lod(O) mdt(O) lquota(O) lfsck(O) mgs(O) osd_wbcfs(O) lustre(O) obdecho(O) mgc(O) mdc(O) lov(O) osc(O) lmv(O) ec(O) fid(O) fld(O) ptlrpc(O) efivarfs obdclass(O) ksocklnd(O) lnet(O) libcfs(O)
00071 CPU: 0 UID: 0 PID: 3060 Comm: rm Tainted: G        W  O        7.0.0-ktest-fa4bb62-6330a45-20260727-dirty #1 PREEMPT 
00071 Tainted: [W]=WARN, [O]=OOT_MODULE
00071 Hardware name: QEMU Standard PC (Q35 + ICH9, 2009), BIOS 2025.11-3ubuntu7 03/31/2026
00071 RIP: 0010:ll_iget+0x599/0x850 [lustre]
00071 Code: 48 c7 c2 80 52 76 a1 e8 45 76 d4 fe 48 c7 c7 80 d7 a6 a1 e8 39 06 d5 fe 48 89 df 4c 89 fe e9 34 fb ff ff 0f 0b e9 89 fb ff ff <0f> 0b e9 f0 fc ff ff 48 c7 c1 80 44 5d a0 80 e1 07 80 c1 03 38 c1
00071 RSP: 0018:ffffc90009037a38 EFLAGS: 00010246
00071 RAX: 0000000000000000 RBX: ffff88802ce9e500 RCX: 0000000000000046
00071 RDX: 0000000000000000 RSI: ffff88802ce9e590 RDI: ffff88802c640998
00071 RBP: ffff88802d5d0000 R08: ffffffff83a16803 R09: 1ffffffff0742d00
00071 R10: dffffc0000000000 R11: fffffbfff0742d01 R12: dffffc0000000000
00071 R13: 1ffff110059d3cb9 R14: ffffc90009037af0 R15: ffff88802ce9e5c8
00071 FS:  00007f86f5787740(0000) GS:ffff8881d4a2d000(0000) knlGS:0000000000000000
00071 CS:  0010 DS: 0000 ES: 0000 CR0: 0000000080050033
00071 CR2: 00007f86f5686000 CR3: 00000001186b7000 CR4: 0000000000750eb0
00071 PKRU: 55555554
00071 Call Trace:
00071  <TASK>
00071  ll_prep_inode+0x682/0x1310 [lustre]
00071  ? lustre_swab_barrier_lvb+0xd0/0xd0 [ptlrpc]
00071  ll_lookup_it+0x168c/0x4650 [lustre]
00071  ? __alloc_tagging_slab_alloc_hook+0x136/0x190
00071  ll_lookup_nd+0x2a7/0x4f0 [lustre]
00071  lookup_one_qstr_excl+0x198/0x2a0
00071  filename_unlinkat+0x15e/0x410
00071  __x64_sys_unlinkat+0xa8/0x170
00071  do_syscall_64+0xc1/0x350
00071  entry_SYSCALL_64_after_hwframe+0x4b/0x53
00071 RIP: 0033:0x7f86f551c46b
00071 Code: 77 05 c3 0f 1f 40 00 48 8b 15 a9 69 0e 00 f7 d8 64 89 02 b8 ff ff ff ff c3 66 0f 1f 44 00 00 f3 0f 1e fa b8 07 01 00 00 0f 05 <48> 3d 01 f0 ff ff 73 01 c3 48 8b 0d 7d 69 0e 00 f7 d8 64 89 01 48
00071 RSP: 002b:00007ffc3f6afff8 EFLAGS: 00000246 ORIG_RAX: 0000000000000107
00071 RAX: ffffffffffffffda RBX: 000055dcadd7d890 RCX: 00007f86f551c46b
00071 RDX: 0000000000000000 RSI: 000055dcadd7d990 RDI: 0000000000000004
00071 RBP: 00007ffc3f6b00d0 R08: 000055dcadd7f2f0 R09: 00007ffc3f6b012c
00071 R10: 000000000000001a R11: 0000000000000246 R12: 000055dcadd7d5c0
00071 R13: 0000000000000000 R14: 00007ffc3f6b0130 R15: 0000000000000000
00071  </TASK>
00071 ---[ end trace 0000000000000000 ]---
00071 preparing for tests involving mounts
00071 mke2fs 1.47.0 (5-Feb-2023)
00071 
00071 Filesystem too small for a journal
00071 
00071 debug=all
00071 
00071 == sanity test 10: mkdir .../d10 .../d10/d2; touch .../d10/d2/f ================================================================ 09:17:02 (1785143822)
00071 Lustre: DEBUG MARKER: == sanity test 10: mkdir .../d10 .../d10/d2; touch .../d10/d2/f ================================================================ 09:17:02 (1785143822)
00071 ------------[ cut here ]------------
00071 ------------[ cut here ]------------
00071 WARNING: /home/ktest/git/linux/include/linux/fs.h:889 at osd_create+0x9cf/0xcf0 [osd_wbcfs], CPU#2: mdt_out00_002/1769
00071 WARNING: /home/ktest/git/linux/include/linux/fs.h:889 at osd_create+0x9cf/0xcf0 [osd_wbcfs], CPU#0: mdt00_001/1729
00071 Modules linked in: ofd(O) osp(O) mdd(O) lod(O) mdt(O) lquota(O) lfsck(O) mgs(O) osd_wbcfs(O) lustre(O) obdecho(O) mgc(O) mdc(O) lov(O) osc(O) lmv(O)
00071 Modules linked in:
00071  ec(O) fid(O) fld(O) ptlrpc(O) efivarfs obdclass(O) ksocklnd(O) lnet(O) libcfs(O)
00071 CPU: 0 UID: 0 PID: 1729 Comm: mdt00_001 Tainted: G        W  O        7.0.0-ktest-fa4bb62-6330a45-20260727-dirty #1 PREEMPT 
00071  ofd(O)
00071 Tainted: [W]=WARN, [O]=OOT_MODULE
00071 Hardware name: QEMU Standard PC (Q35 + ICH9, 2009), BIOS 2025.11-3ubuntu7 03/31/2026
00071 RIP: 0010:osd_create+0x9cf/0xcf0 [osd_wbcfs]
00071  osp(O)
00071 Code: c7 c7 00 96 7b a1 48 c7 c6 a0 12 7d a1 48 c7 c2 00 1c 7d a1 e8 52 f1 43 ff 48 c7 c7 00 96 7b a1 e8 46 81 44 ff e9 fe fc ff ff <0f> 0b e9 a5 fa ff ff 48 c7 c1 80 44 5d a0 80 e1 07 80 c1 03 38 c1
00071 RSP: 0018:ffffc90000a475a8 EFLAGS: 00010246
00071 RAX: 0000000000000000 RBX: ffff8881365bf800 RCX: 0000000000000046
00071  mdd(O)
00071 RDX: 0000000000000000 RSI: ffff88803c539f30 RDI: ffff88802c03aa58
00071 RBP: ffff88803c539ea0 R08: ffff88810702e003 R09: 1ffff11020e05c00
00071 R10: dffffc0000000000 R11: ffffed1020e05c01 R12: ffff888138fac2c8
00071 R13: dffffc0000000000 R14: 1ffff11026cb7f00 R15: 1ffff11007eb2cc8
00071 FS:  0000000000000000(0000) GS:ffff8881d4a2d000(0000) knlGS:0000000000000000
00071  lod(O)
00071 CS:  0010 DS: 0000 ES: 0000 CR0: 0000000080050033
00071 CR2: 00007f1292aee200 CR3: 0000000004274000 CR4: 0000000000750eb0
00071 PKRU: 55555554
00071 Call Trace:
00071  mdt(O)
00071  <TASK>
00071  ? lod_sub_create+0x168a/0x1940 [lod]
00071  lquota(O)
00071  ? lod_create+0x10d/0x720 [lod]
00071  lfsck(O)
00071  ? mdd_create_object_internal+0x18f/0x320 [mdd]
00071  mgs(O)
00071  ? mdd_create_object+0xab/0x1ce0 [mdd]
00071  osd_wbcfs(O)
00071  ? mdd_create+0x2032/0x4110 [mdd]
00071  lustre(O)
00071  ? mdt_reint_create+0x2768/0x4e80 [mdt]
00071  ? mdt_reint_rec+0x10f/0x530 [mdt]
00071  obdecho(O)
00071  ? mdt_reint_internal+0x9d5/0x11a0 [mdt]
00071  mgc(O)
00071  ? tsi2mdt_info+0x319/0x520 [mdt]
00071  mdc(O)
00071  ? mdt_reint+0x115/0x270 [mdt]
00071  lov(O)
00071  ? tgt_request_handle+0x23ad/0x3d30 [ptlrpc]
00071  osc(O)
00071  ? ptlrpc_main+0x6359/0x96f0 [ptlrpc]
00071  lmv(O)
00071  ? __kthread_parkme+0x73/0x130
00071  ec(O)
00071  ? kthread+0x2cd/0x3a0
00071  ? ptlrpc_start_thread+0x1f10/0x1f10 [ptlrpc]
00071  fid(O)
00071  ? kthread_unuse_mm+0x130/0x130
00071  ? ret_from_fork+0x18c/0x520
00071  fld(O)
00071  ? kthread_unuse_mm+0x130/0x130
00071  ? ret_from_fork_asm+0x11/0x20
00071  </TASK>
00071  ptlrpc(O)
00071 ---[ end trace 0000000000000000 ]---
00071 ------------[ cut here ]------------
00071  efivarfs
00071 WARNING: /home/ktest/git/linux/include/linux/fs.h:889 at osd_create+0x9cf/0xcf0 [osd_wbcfs], CPU#0: mdt00_001/1729
00071  obdclass(O)
00071 Modules linked in: ofd(O) osp(O) mdd(O) lod(O) mdt(O) lquota(O)
00071  ksocklnd(O)
00071  lfsck(O) mgs(O) osd_wbcfs(O) lustre(O) obdecho(O) mgc(O) mdc(O) lov(O) osc(O) lmv(O) ec(O) fid(O)
00071  lnet(O)
00071  fld(O) ptlrpc(O) efivarfs obdclass(O) ksocklnd(O) lnet(O) libcfs(O)
00071 CPU: 0 UID: 0 PID: 1729 Comm: mdt00_001 Tainted: G        W  O        7.0.0-ktest-fa4bb62-6330a45-20260727-dirty #1 PREEMPT 
00071  libcfs(O)
00071 Tainted: [W]=WARN, [O]=OOT_MODULE
00071 Hardware name: QEMU Standard PC (Q35 + ICH9, 2009), BIOS 2025.11-3ubuntu7 03/31/2026
00071 RIP: 0010:osd_create+0x9cf/0xcf0 [osd_wbcfs]
00071 
00071 Code: c7 c7 00 96 7b a1 48 c7 c6 a0 12 7d a1 48 c7 c2 00 1c 7d a1 e8 52 f1 43 ff 48 c7 c7 00 96 7b a1 e8 46 81 44 ff e9 fe fc ff ff <0f> 0b e9 a5 fa ff ff 48 c7 c1 80 44 5d a0 80 e1 07 80 c1 03 38 c1
00071 RSP: 0018:ffffc90000a47370 EFLAGS: 00010246
00071 RAX: 0000000000000000 RBX: ffff888118ae9800 RCX: 0000000000000046
00071 RDX: 0000000000000000 RSI: ffff88803c539818 RDI: ffff88802c03aa80
00071 RBP: ffff88803c539788 R08: ffff88810702e003 R09: 1ffff11020e05c00
00071 R10: dffffc0000000000 R11: ffffed1020e05c01 R12: ffff888136708c00
00071 CPU: 2 UID: 0 PID: 1769 Comm: mdt_out00_002 Tainted: G        W  O        7.0.0-ktest-fa4bb62-6330a45-20260727-dirty #1 PREEMPT 
00071 R13: dffffc0000000000 R14: 1ffff1102315d300 R15: 1ffff11026ce118f
00071 FS:  0000000000000000(0000) GS:ffff8881d4a2d000(0000) knlGS:0000000000000000
00071 CS:  0010 DS: 0000 ES: 0000 CR0: 0000000080050033
00071 CR2: 00007f1292aee200 CR3: 0000000004274000 CR4: 0000000000750eb0
00071 PKRU: 55555554
00071 Tainted: [W]=WARN, [O]=OOT_MODULE
00071 Call Trace:
00071  <TASK>
00071  ? llog_osd_create+0x605/0x10d0 [obdclass]
00071  ? llog_create+0x2ed/0x530 [obdclass]
00071 Hardware name: QEMU Standard PC (Q35 + ICH9, 2009), BIOS 2025.11-3ubuntu7 03/31/2026
00071  ? llog_cat_new_log+0x6d1/0x2970 [obdclass]
00071 RIP: 0010:osd_create+0x9cf/0xcf0 [osd_wbcfs]
00071  ? llog_cat_add_rec+0x6ba/0x1960 [obdclass]
00071 Code: c7 c7 00 96 7b a1 48 c7 c6 a0 12 7d a1 48 c7 c2 00 1c 7d a1 e8 52 f1 43 ff 48 c7 c7 00 96 7b a1 e8 46 81 44 ff e9 fe fc ff ff <0f> 0b e9 a5 fa ff ff 48 c7 c1 80 44 5d a0 80 e1 07 80 c1 03 38 c1
00071  ? llog_add+0x2cb/0x470 [obdclass]
00071 RSP: 0018:ffffc900012ef7f8 EFLAGS: 00010246
00071  ? sub_updates_write+0x1444/0x49d0 [ptlrpc]
00071 
00071  ? prepare_writing_updates+0x256b/0x27c0 [ptlrpc]
00071 RAX: 0000000000000000 RBX: ffff8881185ec000 RCX: 0000000000000046
00071 RDX: 0000000000000000 RSI: ffff88803c4682d0 RDI: ffff88811966aa58
00071 RBP: ffff88803c468240 R08: ffff88810702e183 R09: 1ffff11020e05c30
00071 R10: dffffc0000000000 R11: ffffed1020e05c31 R12: ffff88813aca0a30
00071 R13: dffffc0000000000 R14: 1ffff110230bd800 R15: 1ffff11027594158
00071 FS:  0000000000000000(0000) GS:ffff8881d4b2d000(0000) knlGS:0000000000000000
00071 CS:  0010 DS: 0000 ES: 0000 CR0: 0000000080050033
00071 CR2: 000055beab13c670 CR3: 000000002c129000 CR4: 0000000000750eb0
00071 PKRU: 55555554
00071 Call Trace:
00071  <TASK>
00071  ? out_tx_create_exec+0x277/0x7a0 [ptlrpc]
00071  ? top_trans_stop+0x5f4/0x1bf0 [ptlrpc]
00071  ? tx_add_exec+0xd70/0xd70 [ptlrpc]
00071  ? mdd_trans_stop+0xa5/0x320 [mdd]
00071  ? out_tx_end+0x3e3/0x1190 [ptlrpc]
00071  ? mdd_create+0x2d2d/0x4110 [mdd]
00071  ? mdt_reint_create+0x2768/0x4e80 [mdt]
00071  ? out_handle+0x5286/0x6240 [ptlrpc]
00071  ? mdt_reint_rec+0x10f/0x530 [mdt]
00071  ? mdt_reint_internal+0x9d5/0x11a0 [mdt]
00071  ? tgt_request_handle+0x23ad/0x3d30 [ptlrpc]
00071  ? tsi2mdt_info+0x319/0x520 [mdt]
00071  ? mdt_reint+0x115/0x270 [mdt]
00071  ? ptlrpc_main+0x6359/0x96f0 [ptlrpc]
00071  ? tgt_request_handle+0x23ad/0x3d30 [ptlrpc]
00071  ? __kthread_parkme+0x73/0x130
00071  ? kthread+0x2cd/0x3a0
00071  ? ptlrpc_start_thread+0x1f10/0x1f10 [ptlrpc]
00071  ? kthread_unuse_mm+0x130/0x130
00071  ? ptlrpc_main+0x6359/0x96f0 [ptlrpc]
00071  ? ret_from_fork+0x18c/0x520
00071  ? kthread_unuse_mm+0x130/0x130
00071  ? ret_from_fork_asm+0x11/0x20
00071  </TASK>
00071 ---[ end trace 0000000000000000 ]---
00071  ? __kthread_parkme+0x73/0x130
00071  ? kthread+0x2cd/0x3a0
00071  ? ptlrpc_start_thread+0x1f10/0x1f10 [ptlrpc]
00071  ? kthread_unuse_mm+0x130/0x130
00071  ? ret_from_fork+0x18c/0x520
00071  ? kthread_unuse_mm+0x130/0x130
00071  ? ret_from_fork_asm+0x11/0x20
00071  </TASK>
00071 ---[ end trace 0000000000000000 ]---
00072 ------------[ cut here ]------------
00072 WARNING: /home/ktest/git/linux/include/linux/fs.h:889 at osd_create+0x9cf/0xcf0 [osd_wbcfs], CPU#2: mdt_out00_002/1769
00072 Modules linked in: ofd(O) osp(O) mdd(O) lod(O) mdt(O) lquota(O) lfsck(O) mgs(O) osd_wbcfs(O) lustre(O) obdecho(O) mgc(O) mdc(O) lov(O) osc(O) lmv(O) ec(O) fid(O) fld(O) ptlrpc(O) efivarfs obdclass(O) ksocklnd(O) lnet(O) libcfs(O)
00072 CPU: 2 UID: 0 PID: 1769 Comm: mdt_out00_002 Tainted: G        W  O        7.0.0-ktest-fa4bb62-6330a45-20260727-dirty #1 PREEMPT 
00072 Tainted: [W]=WARN, [O]=OOT_MODULE
00072 Hardware name: QEMU Standard PC (Q35 + ICH9, 2009), BIOS 2025.11-3ubuntu7 03/31/2026
00072 RIP: 0010:osd_create+0x9cf/0xcf0 [osd_wbcfs]
00072 Code: c7 c7 00 96 7b a1 48 c7 c6 a0 12 7d a1 48 c7 c2 00 1c 7d a1 e8 52 f1 43 ff 48 c7 c7 00 96 7b a1 e8 46 81 44 ff e9 fe fc ff ff <0f> 0b e9 a5 fa ff ff 48 c7 c1 80 44 5d a0 80 e1 07 80 c1 03 38 c1
00072 RSP: 0018:ffffc900012ef7f8 EFLAGS: 00010246
00072 RAX: 0000000000000000 RBX: ffff8881185ed400 RCX: 0000000000000046
00072 RDX: 0000000000000000 RSI: ffff88803c437b68 RDI: ffff88811966aa58
00072 RBP: ffff88803c437ad8 R08: ffff88810702e183 R09: 1ffff11020e05c30
00072 R10: dffffc0000000000 R11: ffffed1020e05c31 R12: ffff88813aca0a30
00072 R13: dffffc0000000000 R14: 1ffff110230bda80 R15: 1ffff11027594158
00072 FS:  0000000000000000(0000) GS:ffff8881d4b2d000(0000) knlGS:0000000000000000
00072 CS:  0010 DS: 0000 ES: 0000 CR0: 0000000080050033
00072 CR2: 000055beab13c670 CR3: 000000002c129000 CR4: 0000000000750eb0
00072 PKRU: 55555554
00072 Call Trace:
00072  <TASK>
00072  ? out_tx_create_exec+0x277/0x7a0 [ptlrpc]
00072  ? tx_add_exec+0xd70/0xd70 [ptlrpc]
00072  ? out_tx_end+0x3e3/0x1190 [ptlrpc]
00072  ? out_handle+0x5286/0x6240 [ptlrpc]
00072  ? tgt_request_handle+0x23ad/0x3d30 [ptlrpc]
00072  ? ptlrpc_main+0x6359/0x96f0 [ptlrpc]
00072  ? __kthread_parkme+0x73/0x130
00072  ? kthread+0x2cd/0x3a0
00072  ? ptlrpc_start_thread+0x1f10/0x1f10 [ptlrpc]
00072  ? kthread_unuse_mm+0x130/0x130
00072  ? ret_from_fork+0x18c/0x520
00072  ? kthread_unuse_mm+0x130/0x130
00072  ? ret_from_fork_asm+0x11/0x20
00072  </TASK>
00072 ---[ end trace 0000000000000000 ]---
00072 LustreError: 1734:0:(osd_dirent.c:113:osd_index_dir_insert()) lustre-MDT0000: lookup [0x240000402:0x1:0x0] from icache failed: rc=-22
00072 Lustre: 1734:0:(out_handler.c:886:out_tx_end()) lustre-MDT0000-osd: error during execution of #0 from lustre/ptlrpc/../target/out_handler.c:535: rc = -22
00072 mkdir: cannot create directory '/mnt/lustre/d10.sanity': Invalid argument
00072  sanity test_10: @@@@@@ FAIL: mkdir '/mnt/lustre/d10.sanity' failed 
00072 Lustre: DEBUG MARKER: sanity test_10: @@@@@@ FAIL: mkdir '/mnt/lustre/d10.sanity' failed
00072   Trace dump:
00072   = /host/home/ktest/git/lustre-release/lustre/tests/test-framework.sh:7447:error()
00072   = /host/home/ktest/git/lustre-release/lustre/tests/test-framework.sh:10495:test_mkdir()
00072   = /host/home/ktest/git/lustre-release/lustre/tests/sanity.sh:540:test_10()
00072   = /host/home/ktest/git/lustre-release/lustre/tests/test-framework.sh:7823:run_one()
00072   = /host/home/ktest/git/lustre-release/lustre/tests/test-framework.sh:7886:run_one_logged()
00072   = /host/home/ktest/git/lustre-release/lustre/tests/test-framework.sh:7686:run_test()
00072   = /host/home/ktest/git/lustre-release/lustre/tests/sanity.sh:546:main()
00072 Dumping lctl log to /tmp/test_logs/2026-07-27/091652/sanity.test_10.*.1785143822.log
00072 Dumping logs only on local client.
00072 FAIL 10 (1s)
00072 
00072 == sanity test 11: mkdir .../d11 d11/d2; chmod .../d11/d2 ====================================================================== 09:17:03 (1785143823)
00072 Lustre: DEBUG MARKER: == sanity test 11: mkdir .../d11 d11/d2; chmod .../d11/d2 ====================================================================== 09:17:03 (1785143823)
00072 ------------[ cut here ]------------
00072 WARNING: /home/ktest/git/linux/include/linux/fs.h:889 at osd_create+0x9cf/0xcf0 [osd_wbcfs], CPU#3: mdt00_002/1730
00072 Modules linked in: ofd(O) osp(O) mdd(O) lod(O) mdt(O) lquota(O) lfsck(O) mgs(O) osd_wbcfs(O) lustre(O) obdecho(O) mgc(O) mdc(O) lov(O) osc(O) lmv(O) ec(O) fid(O) fld(O) ptlrpc(O) efivarfs obdclass(O) ksocklnd(O) lnet(O) libcfs(O)
00072 CPU: 3 UID: 0 PID: 1730 Comm: mdt00_002 Tainted: G        W  O        7.0.0-ktest-fa4bb62-6330a45-20260727-dirty #1 PREEMPT 
00072 Tainted: [W]=WARN, [O]=OOT_MODULE
00072 Hardware name: QEMU Standard PC (Q35 + ICH9, 2009), BIOS 2025.11-3ubuntu7 03/31/2026
00072 RIP: 0010:osd_create+0x9cf/0xcf0 [osd_wbcfs]
00072 Code: c7 c7 00 96 7b a1 48 c7 c6 a0 12 7d a1 48 c7 c2 00 1c 7d a1 e8 52 f1 43 ff 48 c7 c7 00 96 7b a1 e8 46 81 44 ff e9 fe fc ff ff <0f> 0b e9 a5 fa ff ff 48 c7 c1 80 44 5d a0 80 e1 07 80 c1 03 38 c1
00072 RSP: 0018:ffffc90000a175a8 EFLAGS: 00010246
00072 RAX: 0000000000000000 RBX: ffff888145919800 RCX: 0000000000000046
00072 RDX: 0000000000000000 RSI: ffff888134e0f450 RDI: ffff88802c038998
00072 RBP: ffff888134e0f3c0 R08: ffff88810702e243 R09: 1ffff11020e05c48
00072 R10: dffffc0000000000 R11: ffffed1020e05c49 R12: ffff88802d5fe2c8
00072 R13: dffffc0000000000 R14: 1ffff11028b23300 R15: 1ffff110077f7ec8
00072 FS:  0000000000000000(0000) GS:ffff8881d4bad000(0000) knlGS:0000000000000000
00072 CS:  0010 DS: 0000 ES: 0000 CR0: 0000000080050033
00072 CR2: 000055beab147000 CR3: 00000001175ff000 CR4: 0000000000750eb0
00072 PKRU: 55555554
00072 Call Trace:
00072  <TASK>
00072  ? lod_sub_create+0x168a/0x1940 [lod]
00072  ? dt_write_lock+0x16d/0x2a0 [obdclass]
00072  ? lod_create+0x10d/0x720 [lod]
00072  ? mdd_create_object_internal+0x18f/0x320 [mdd]
00072  ? mdd_create_object+0xab/0x1ce0 [mdd]
00072  ? mdd_create+0x2032/0x4110 [mdd]
00072  ? mdt_reint_create+0x2768/0x4e80 [mdt]
00072  ? mdt_reint_rec+0x10f/0x530 [mdt]
00072  ? mdt_reint_internal+0x9d5/0x11a0 [mdt]
00072  ? tsi2mdt_info+0x319/0x520 [mdt]
00072  ? mdt_reint+0x115/0x270 [mdt]
00072  ? tgt_request_handle+0x23ad/0x3d30 [ptlrpc]
00072  ? ptlrpc_main+0x6359/0x96f0 [ptlrpc]
00072  ? __kthread_parkme+0x73/0x130
00072  ? kthread+0x2cd/0x3a0
00072  ? ptlrpc_start_thread+0x1f10/0x1f10 [ptlrpc]
00072  ? kthread_unuse_mm+0x130/0x130
00072  ? ret_from_fork+0x18c/0x520
00072  ? kthread_unuse_mm+0x130/0x130
00072  ? ret_from_fork_asm+0x11/0x20
00072  </TASK>
00072 ---[ end trace 0000000000000000 ]---
00072 ------------[ cut here ]------------
00072 WARNING: /home/ktest/git/linux/include/linux/fs.h:889 at ll_iget+0x592/0x850 [lustre], CPU#0: mkdir/3210
00072 Modules linked in: ofd(O) osp(O) mdd(O) lod(O) mdt(O) lquota(O) lfsck(O) mgs(O) osd_wbcfs(O) lustre(O) obdecho(O) mgc(O) mdc(O) lov(O) osc(O) lmv(O) ec(O) fid(O) fld(O) ptlrpc(O) efivarfs obdclass(O) ksocklnd(O) lnet(O) libcfs(O)
00072 CPU: 0 UID: 0 PID: 3210 Comm: mkdir Tainted: G        W  O        7.0.0-ktest-fa4bb62-6330a45-20260727-dirty #1 PREEMPT 
00072 Tainted: [W]=WARN, [O]=OOT_MODULE
00072 Hardware name: QEMU Standard PC (Q35 + ICH9, 2009), BIOS 2025.11-3ubuntu7 03/31/2026
00072 RIP: 0010:ll_iget+0x592/0x850 [lustre]
00072 Code: 48 c7 c6 40 52 76 a1 48 c7 c2 80 52 76 a1 e8 45 76 d4 fe 48 c7 c7 80 d7 a6 a1 e8 39 06 d5 fe 48 89 df 4c 89 fe e9 34 fb ff ff <0f> 0b e9 89 fb ff ff 0f 0b e9 f0 fc ff ff 48 c7 c1 80 44 5d a0 80
00072 RSP: 0018:ffffc900095b79f0 EFLAGS: 00010246
00072 RAX: 0000000000000000 RBX: ffff888130980f80 RCX: 0000000000000046
00072 RDX: 0000000000000000 RSI: ffff888130981010 RDI: ffff88811b498998
00072 RBP: ffff88802d5d0000 R08: ffff8881383b8883 R09: 1ffff11027077110
00072 R10: dffffc0000000000 R11: ffffed1027077111 R12: dffffc0000000000
00072 R13: dffffc0000000000 R14: ffffc900095b7aa8 R15: 0200000402000003
00072 FS:  00007fb1cdd46d00(0000) GS:ffff8881d4a2d000(0000) knlGS:0000000000000000
00072 CS:  0010 DS: 0000 ES: 0000 CR0: 0000000080050033
00072 CR2: 00007fb1cdaf59d0 CR3: 000000001c6b3000 CR4: 0000000000750eb0
00072 PKRU: 55555554
00072 Call Trace:
00072  <TASK>
00072  ll_prep_inode+0x682/0x1310 [lustre]
00072  ll_new_node_finish+0x179/0x930 [lustre]
00072  ll_new_node+0xd7f/0x1740 [lustre]
00072  ll_mkdir+0x44e/0xf10 [lustre]
00072  vfs_mkdir+0x3c0/0x630
00072  filename_mkdirat+0x14c/0x300
00072  __x64_sys_mkdir+0x74/0x140
00072  do_syscall_64+0xc1/0x350
00072  entry_SYSCALL_64_after_hwframe+0x4b/0x53
00072 RIP: 0033:0x7fb1cdb1b05b
00072 Code: 0f 1e fa 48 89 f2 b9 00 01 00 00 48 89 fe bf 9c ff ff ff e9 97 c3 ff ff 0f 1f 80 00 00 00 00 f3 0f 1e fa b8 53 00 00 00 0f 05 <48> 3d 00 f0 ff ff 77 05 c3 0f 1f 40 00 48 8b 15 89 7d 0e 00 f7 d8
00072 RSP: 002b:00007ffffcdcc598 EFLAGS: 00000246 ORIG_RAX: 0000000000000053
00072 RAX: ffffffffffffffda RBX: 00007ffffcdcd842 RCX: 00007fb1cdb1b05b
00072 RDX: 0000000000000000 RSI: 00000000000001ff RDI: 00007ffffcdcd842
00072 RBP: 00007ffffcdcc6b0 R08: 00000000000001ff R09: 0000000000000000
00072 R10: 000055f900bb827e R11: 0000000000000246 R12: 00000000000001ff
00072 R13: 0000000000000000 R14: 0000000000000000 R15: 0000000000000000
00072  </TASK>
00072 ---[ end trace 0000000000000000 ]---
00072 ------------[ cut here ]------------
00072 WARNING: /home/ktest/git/linux/include/linux/fs.h:889 at ll_iget+0x592/0x850 [lustre], CPU#0: mkdir/3215
00072 Modules linked in: ofd(O) osp(O) mdd(O) lod(O) mdt(O) lquota(O) lfsck(O) mgs(O) osd_wbcfs(O) lustre(O) obdecho(O) mgc(O) mdc(O) lov(O) osc(O) lmv(O) ec(O) fid(O) fld(O) ptlrpc(O) efivarfs obdclass(O) ksocklnd(O) lnet(O) libcfs(O)
00072 CPU: 0 UID: 0 PID: 3215 Comm: mkdir Tainted: G        W  O        7.0.0-ktest-fa4bb62-6330a45-20260727-dirty #1 PREEMPT 
00072 Tainted: [W]=WARN, [O]=OOT_MODULE
00072 Hardware name: QEMU Standard PC (Q35 + ICH9, 2009), BIOS 2025.11-3ubuntu7 03/31/2026
00072 RIP: 0010:ll_iget+0x592/0x850 [lustre]
00072 Code: 48 c7 c6 40 52 76 a1 48 c7 c2 80 52 76 a1 e8 45 76 d4 fe 48 c7 c7 80 d7 a6 a1 e8 39 06 d5 fe 48 89 df 4c 89 fe e9 34 fb ff ff <0f> 0b e9 89 fb ff ff 0f 0b e9 f0 fc ff ff 48 c7 c1 80 44 5d a0 80
00072 RSP: 0018:ffffc900095e7768 EFLAGS: 00010246
00072 RAX: 0000000000000000 RBX: ffff888130980f80 RCX: 0000000000000046
00072 RDX: 0000000000000000 RSI: ffff888130981010 RDI: ffff888134530970
00072 RBP: ffff88802d5d0000 R08: ffffffff83a16803 R09: 1ffffffff0742d00
00072 R10: dffffc0000000000 R11: fffffbfff0742d01 R12: dffffc0000000000
00072 R13: dffffc0000000000 R14: ffffc900095e7820 R15: 0200000402000003
00072 FS:  00007fd369c79d00(0000) GS:ffff8881d4a2d000(0000) knlGS:0000000000000000
00072 CS:  0010 DS: 0000 ES: 0000 CR0: 0000000080050033
00072 CR2: 00007fd369af59d0 CR3: 000000002cb33000 CR4: 0000000000750eb0
00072 PKRU: 55555554
00072 Call Trace:
00072  <TASK>
00072  ll_prep_inode+0x682/0x1310 [lustre]
00072  ? lustre_swab_barrier_lvb+0xd0/0xd0 [ptlrpc]
00072  ll_lookup_it+0x168c/0x4650 [lustre]
00072  ? encode_fn_len+0xd3/0xb10 [obdclass]
00072  ll_lookup_nd+0x2a7/0x4f0 [lustre]
00072  __lookup_slow+0x1a2/0x260
00072  lookup_slow+0x53/0x70
00072  link_path_walk+0xac4/0x13d0
00072  __filename_parentat+0x1a7/0x400
00072  ? handle_mm_fault+0xefd/0x2dc0
00072  ? handle_mm_fault+0xfa8/0x2dc0
00072  filename_create+0x47/0x240
00072  filename_mkdirat+0x89/0x300
00072  ? do_getname+0xb3/0x190
00072  __x64_sys_mkdir+0x74/0x140
00072  do_syscall_64+0xc1/0x350
00072  entry_SYSCALL_64_after_hwframe+0x4b/0x53
00072 RIP: 0033:0x7fd369b1b05b
00072 Code: 0f 1e fa 48 89 f2 b9 00 01 00 00 48 89 fe bf 9c ff ff ff e9 97 c3 ff ff 0f 1f 80 00 00 00 00 f3 0f 1e fa b8 53 00 00 00 0f 05 <48> 3d 00 f0 ff ff 77 05 c3 0f 1f 40 00 48 8b 15 89 7d 0e 00 f7 d8
00072 RSP: 002b:00007ffe8bf3b978 EFLAGS: 00000246 ORIG_RAX: 0000000000000053
00072 RAX: ffffffffffffffda RBX: 00007ffe8bf3c83f RCX: 00007fd369b1b05b
00072 RDX: 0000000000000000 RSI: 00000000000001ff RDI: 00007ffe8bf3c83f
00072 RBP: 00007ffe8bf3ba90 R08: 00000000000001ff R09: 0000000000000000
00072 R10: 0000563724fe527e R11: 0000000000000246 R12: 00000000000001ff
00072 R13: 0000000000000000 R14: 0000000000000000 R15: 0000000000000000
00072  </TASK>
00072 ---[ end trace 0000000000000000 ]---
00072 ------------[ cut here ]------------
00072 WARNING: /home/ktest/git/linux/include/linux/fs.h:889 at ll_iget+0x599/0x850 [lustre], CPU#0: mkdir/3215
00072 Modules linked in: ofd(O) osp(O) mdd(O) lod(O) mdt(O) lquota(O) lfsck(O) mgs(O) osd_wbcfs(O) lustre(O) obdecho(O) mgc(O) mdc(O) lov(O) osc(O) lmv(O) ec(O) fid(O) fld(O) ptlrpc(O) efivarfs obdclass(O) ksocklnd(O) lnet(O) libcfs(O)
00072 CPU: 0 UID: 0 PID: 3215 Comm: mkdir Tainted: G        W  O        7.0.0-ktest-fa4bb62-6330a45-20260727-dirty #1 PREEMPT 
00072 Tainted: [W]=WARN, [O]=OOT_MODULE
00072 Hardware name: QEMU Standard PC (Q35 + ICH9, 2009), BIOS 2025.11-3ubuntu7 03/31/2026
00072 RIP: 0010:ll_iget+0x599/0x850 [lustre]
00072 Code: 48 c7 c2 80 52 76 a1 e8 45 76 d4 fe 48 c7 c7 80 d7 a6 a1 e8 39 06 d5 fe 48 89 df 4c 89 fe e9 34 fb ff ff 0f 0b e9 89 fb ff ff <0f> 0b e9 f0 fc ff ff 48 c7 c1 80 44 5d a0 80 e1 07 80 c1 03 38 c1
00072 RSP: 0018:ffffc900095e7768 EFLAGS: 00010246
00072 RAX: 0000000000000000 RBX: ffff888130980f80 RCX: 0000000000000046
00072 RDX: 0000000000000000 RSI: ffff888130981010 RDI: ffff888134530970
00072 RBP: ffff88802d5d0000 R08: ffffffff83a16803 R09: 1ffffffff0742d00
00072 R10: dffffc0000000000 R11: fffffbfff0742d01 R12: dffffc0000000000
00072 R13: 1ffff11026130209 R14: ffffc900095e7820 R15: ffff888130981048
00072 FS:  00007fd369c79d00(0000) GS:ffff8881d4a2d000(0000) knlGS:0000000000000000
00072 CS:  0010 DS: 0000 ES: 0000 CR0: 0000000080050033
00072 CR2: 00007fd369af59d0 CR3: 000000002cb33000 CR4: 0000000000750eb0
00072 PKRU: 55555554
00072 Call Trace:
00072  <TASK>
00072  ll_prep_inode+0x682/0x1310 [lustre]
00072  ? lustre_swab_barrier_lvb+0xd0/0xd0 [ptlrpc]
00072  ll_lookup_it+0x168c/0x4650 [lustre]
00072  ? encode_fn_len+0xd3/0xb10 [obdclass]
00072  ll_lookup_nd+0x2a7/0x4f0 [lustre]
00072  __lookup_slow+0x1a2/0x260
00072  lookup_slow+0x53/0x70
00072  link_path_walk+0xac4/0x13d0
00072  __filename_parentat+0x1a7/0x400
00072  ? handle_mm_fault+0xefd/0x2dc0
00072  ? handle_mm_fault+0xfa8/0x2dc0
00072  filename_create+0x47/0x240
00072  filename_mkdirat+0x89/0x300
00072  ? do_getname+0xb3/0x190
00072  __x64_sys_mkdir+0x74/0x140
00072  do_syscall_64+0xc1/0x350
00072  entry_SYSCALL_64_after_hwframe+0x4b/0x53
00072 RIP: 0033:0x7fd369b1b05b
00072 Code: 0f 1e fa 48 89 f2 b9 00 01 00 00 48 89 fe bf 9c ff ff ff e9 97 c3 ff ff 0f 1f 80 00 00 00 00 f3 0f 1e fa b8 53 00 00 00 0f 05 <48> 3d 00 f0 ff ff 77 05 c3 0f 1f 40 00 48 8b 15 89 7d 0e 00 f7 d8
00072 RSP: 002b:00007ffe8bf3b978 EFLAGS: 00000246 ORIG_RAX: 0000000000000053
00072 RAX: ffffffffffffffda RBX: 00007ffe8bf3c83f RCX: 00007fd369b1b05b
00072 RDX: 0000000000000000 RSI: 00000000000001ff RDI: 00007ffe8bf3c83f
00072 RBP: 00007ffe8bf3ba90 R08: 00000000000001ff R09: 0000000000000000
00072 R10: 0000563724fe527e R11: 0000000000000246 R12: 00000000000001ff
00072 R13: 0000000000000000 R14: 0000000000000000 R15: 0000000000000000
00072  </TASK>
00072 ---[ end trace 0000000000000000 ]---
00072 ------------[ cut here ]------------
00072 WARNING: /home/ktest/git/linux/include/linux/fs.h:889 at osd_create+0x9cf/0xcf0 [osd_wbcfs], CPU#3: mdt00_003/1835
00072 Modules linked in: ofd(O) osp(O) mdd(O) lod(O) mdt(O) lquota(O) lfsck(O) mgs(O) osd_wbcfs(O) lustre(O) obdecho(O) mgc(O) mdc(O) lov(O) osc(O) lmv(O) ec(O) fid(O) fld(O) ptlrpc(O) efivarfs obdclass(O) ksocklnd(O) lnet(O) libcfs(O)
00072 CPU: 3 UID: 0 PID: 1835 Comm: mdt00_003 Tainted: G        W  O        7.0.0-ktest-fa4bb62-6330a45-20260727-dirty #1 PREEMPT 
00072 Tainted: [W]=WARN, [O]=OOT_MODULE
00072 Hardware name: QEMU Standard PC (Q35 + ICH9, 2009), BIOS 2025.11-3ubuntu7 03/31/2026
00072 RIP: 0010:osd_create+0x9cf/0xcf0 [osd_wbcfs]
00072 Code: c7 c7 00 96 7b a1 48 c7 c6 a0 12 7d a1 48 c7 c2 00 1c 7d a1 e8 52 f1 43 ff 48 c7 c7 00 96 7b a1 e8 46 81 44 ff e9 fe fc ff ff <0f> 0b e9 a5 fa ff ff 48 c7 c1 80 44 5d a0 80 e1 07 80 c1 03 38 c1
00072 RSP: 0018:ffffc90001f3f5a8 EFLAGS: 00010246
00072 RAX: 0000000000000000 RBX: ffff888133807c00 RCX: 0000000000000046
00072 RDX: 0000000000000000 RSI: ffff888134e0ed38 RDI: ffff88803c43aa58
00072 RBP: ffff888134e0eca8 R08: ffff88810702e243 R09: 1ffff11020e05c48
00072 R10: dffffc0000000000 R11: ffffed1020e05c49 R12: ffff8880191ea2c8
00072 R13: dffffc0000000000 R14: 1ffff11026700f80 R15: 1ffff11026f128c8
00072 FS:  0000000000000000(0000) GS:ffff8881d4bad000(0000) knlGS:0000000000000000
00072 CS:  0010 DS: 0000 ES: 0000 CR0: 0000000080050033
00072 CR2: 000055beab147000 CR3: 00000001019c3000 CR4: 0000000000750eb0
00072 PKRU: 55555554
00072 Call Trace:
00072  <TASK>
00072  ? lod_sub_create+0x168a/0x1940 [lod]
00072  ? lod_create+0x10d/0x720 [lod]
00072  ? mdd_create_object_internal+0x18f/0x320 [mdd]
00072  ? mdd_create_object+0xab/0x1ce0 [mdd]
00072  ? mdd_create+0x2032/0x4110 [mdd]
00072  ? mdt_reint_create+0x2768/0x4e80 [mdt]
00072  ? mdt_reint_rec+0x10f/0x530 [mdt]
00072  ? mdt_reint_internal+0x9d5/0x11a0 [mdt]
00072  ? tsi2mdt_info+0x319/0x520 [mdt]
00072  ? mdt_reint+0x115/0x270 [mdt]
00072  ? tgt_request_handle+0x23ad/0x3d30 [ptlrpc]
00072  ? ptlrpc_main+0x6359/0x96f0 [ptlrpc]
00072  ? __kthread_parkme+0x73/0x130
00072  ? kthread+0x2cd/0x3a0
00072  ? ptlrpc_start_thread+0x1f10/0x1f10 [ptlrpc]
00072  ? kthread_unuse_mm+0x130/0x130
00072  ? ret_from_fork+0x18c/0x520
00072  ? kthread_unuse_mm+0x130/0x130
00072  ? ret_from_fork_asm+0x11/0x20
00072  </TASK>
00072 ---[ end trace 0000000000000000 ]---
00072 LustreError: 1769:0:(osd_dirent.c:113:osd_index_dir_insert()) lustre-MDT0000: lookup [0x240000402:0x2:0x0] from icache failed: rc=-22
00072 Lustre: 1769:0:(out_handler.c:886:out_tx_end()) lustre-MDT0000-osd: error during execution of #0 from lustre/ptlrpc/../target/out_handler.c:535: rc = -22
00072 mkdir: cannot create directory '/mnt/lustre/d11.sanity/d2': Invalid argument
00072  sanity test_11: @@@@@@ FAIL: mkdir '/mnt/lustre/d11.sanity/d2' failed 
00072 Lustre: DEBUG MARKER: sanity test_11: @@@@@@ FAIL: mkdir '/mnt/lustre/d11.sanity/d2' failed
00072   Trace dump:
00072   = /host/home/ktest/git/lustre-release/lustre/tests/test-framework.sh:7447:error()
00072   = /host/home/ktest/git/lustre-release/lustre/tests/test-framework.sh:10495:test_mkdir()
00072   = /host/home/ktest/git/lustre-release/lustre/tests/sanity.sh:550:test_11()
00072   = /host/home/ktest/git/lustre-release/lustre/tests/test-framework.sh:7823:run_one()
00072   = /host/home/ktest/git/lustre-release/lustre/tests/test-framework.sh:7886:run_one_logged()
00072   = /host/home/ktest/git/lustre-release/lustre/tests/test-framework.sh:7686:run_test()
00072   = /host/home/ktest/git/lustre-release/lustre/tests/sanity.sh:556:main()
00073 Dumping lctl log to /tmp/test_logs/2026-07-27/091652/sanity.test_11.*.1785143823.log
00073 Dumping logs only on local client.
00073 FAIL 11 (0s)
00073 
00073 == sanity test 12: touch .../d12/f; chmod .../d12/f .../d12/f ================================================================== 09:17:04 (1785143824)
00073 Lustre: DEBUG MARKER: == sanity test 12: touch .../d12/f; chmod .../d12/f .../d12/f ================================================================== 09:17:04 (1785143824)
00073 ------------[ cut here ]------------
00073 WARNING: /home/ktest/git/linux/include/linux/fs.h:889 at osd_create+0x9cf/0xcf0 [osd_wbcfs], CPU#1: mdt00_002/1730
00073 Modules linked in: ofd(O) osp(O) mdd(O) lod(O) mdt(O) lquota(O) lfsck(O) mgs(O) osd_wbcfs(O) lustre(O) obdecho(O) mgc(O) mdc(O) lov(O) osc(O) lmv(O) ec(O) fid(O) fld(O) ptlrpc(O) efivarfs obdclass(O) ksocklnd(O) lnet(O) libcfs(O)
00073 CPU: 1 UID: 0 PID: 1730 Comm: mdt00_002 Tainted: G        W  O        7.0.0-ktest-fa4bb62-6330a45-20260727-dirty #1 PREEMPT 
00073 Tainted: [W]=WARN, [O]=OOT_MODULE
00073 Hardware name: QEMU Standard PC (Q35 + ICH9, 2009), BIOS 2025.11-3ubuntu7 03/31/2026
00073 RIP: 0010:osd_create+0x9cf/0xcf0 [osd_wbcfs]
00073 Code: c7 c7 00 96 7b a1 48 c7 c6 a0 12 7d a1 48 c7 c2 00 1c 7d a1 e8 52 f1 43 ff 48 c7 c7 00 96 7b a1 e8 46 81 44 ff e9 fe fc ff ff <0f> 0b e9 a5 fa ff ff 48 c7 c1 80 44 5d a0 80 e1 07 80 c1 03 38 c1
00073 RSP: 0018:ffffc90000a175a8 EFLAGS: 00010246
00073 RAX: 0000000000000000 RBX: ffff888137e0f800 RCX: 0000000000000046
00073 RDX: 0000000000000000 RSI: ffff888134e09100 RDI: ffff88802c038998
00073 RBP: ffff888134e09070 R08: ffff88810702e0c3 R09: 1ffff11020e05c18
00073 R10: dffffc0000000000 R11: ffffed1020e05c19 R12: ffff88802d5fe2c8
00073 R13: dffffc0000000000 R14: 1ffff11026fc1f00 R15: 1ffff110077f7ec8
00073 FS:  0000000000000000(0000) GS:ffff8881d4aad000(0000) knlGS:0000000000000000
00073 CS:  0010 DS: 0000 ES: 0000 CR0: 0000000080050033
00073 CR2: 00007f7ddeeee200 CR3: 0000000004274000 CR4: 0000000000750eb0
00073 PKRU: 55555554
00073 Call Trace:
00073  <TASK>
00073  ? lod_sub_create+0x168a/0x1940 [lod]
00073  ? dt_write_lock+0x16d/0x2a0 [obdclass]
00073  ? lod_create+0x10d/0x720 [lod]
00073  ? mdd_create_object_internal+0x18f/0x320 [mdd]
00073  ? mdd_create_object+0xab/0x1ce0 [mdd]
00073  ? mdd_create+0x2032/0x4110 [mdd]
00073  ? mdt_reint_create+0x2768/0x4e80 [mdt]
00073  ? mdt_reint_rec+0x10f/0x530 [mdt]
00073  ? mdt_reint_internal+0x9d5/0x11a0 [mdt]
00073  ? tsi2mdt_info+0x319/0x520 [mdt]
00073  ? mdt_reint+0x115/0x270 [mdt]
00073  ? tgt_request_handle+0x23ad/0x3d30 [ptlrpc]
00073  ? ptlrpc_main+0x6359/0x96f0 [ptlrpc]
00073  ? __kthread_parkme+0x73/0x130
00073  ? kthread+0x2cd/0x3a0
00073  ? ptlrpc_start_thread+0x1f10/0x1f10 [ptlrpc]
00073  ? kthread_unuse_mm+0x130/0x130
00073  ? ret_from_fork+0x18c/0x520
00073  ? kthread_unuse_mm+0x130/0x130
00073  ? ret_from_fork_asm+0x11/0x20
00073  </TASK>
00073 ---[ end trace 0000000000000000 ]---
00073 ------------[ cut here ]------------
00073 WARNING: /home/ktest/git/linux/include/linux/fs.h:889 at ll_iget+0x592/0x850 [lustre], CPU#3: mkdir/3305
00073 Modules linked in: ofd(O) osp(O) mdd(O) lod(O) mdt(O) lquota(O) lfsck(O) mgs(O) osd_wbcfs(O) lustre(O) obdecho(O) mgc(O) mdc(O) lov(O) osc(O) lmv(O) ec(O) fid(O) fld(O) ptlrpc(O) efivarfs obdclass(O) ksocklnd(O) lnet(O) libcfs(O)
00073 CPU: 3 UID: 0 PID: 3305 Comm: mkdir Tainted: G        W  O        7.0.0-ktest-fa4bb62-6330a45-20260727-dirty #1 PREEMPT 
00073 Tainted: [W]=WARN, [O]=OOT_MODULE
00073 Hardware name: QEMU Standard PC (Q35 + ICH9, 2009), BIOS 2025.11-3ubuntu7 03/31/2026
00073 RIP: 0010:ll_iget+0x592/0x850 [lustre]
00073 Code: 48 c7 c6 40 52 76 a1 48 c7 c2 80 52 76 a1 e8 45 76 d4 fe 48 c7 c7 80 d7 a6 a1 e8 39 06 d5 fe 48 89 df 4c 89 fe e9 34 fb ff ff <0f> 0b e9 89 fb ff ff 0f 0b e9 f0 fc ff ff 48 c7 c1 80 44 5d a0 80
00073 RSP: 0018:ffffc900095179f0 EFLAGS: 00010246
00073 RAX: 0000000000000000 RBX: ffff888018c00f80 RCX: 0000000000000046
00073 RDX: 0000000000000000 RSI: ffff888018c01010 RDI: ffff8881189a2a58
00073 RBP: ffff88802d5d0000 R08: ffff8881383b8883 R09: 1ffff11027077110
00073 R10: dffffc0000000000 R11: ffffed1027077111 R12: dffffc0000000000
00073 R13: dffffc0000000000 R14: ffffc90009517aa8 R15: 0200000402000004
00073 FS:  00007fe94dc74d00(0000) GS:ffff8881d4bad000(0000) knlGS:0000000000000000
00073 CS:  0010 DS: 0000 ES: 0000 CR0: 0000000080050033
00073 CR2: 00007fe94daf59d0 CR3: 000000002b6c8000 CR4: 0000000000750eb0
00073 PKRU: 55555554
00073 Call Trace:
00073  <TASK>
00073  ll_prep_inode+0x682/0x1310 [lustre]
00073  ll_new_node_finish+0x179/0x930 [lustre]
00073  ll_new_node+0xd7f/0x1740 [lustre]
00073  ll_mkdir+0x44e/0xf10 [lustre]
00073  vfs_mkdir+0x3c0/0x630
00073  filename_mkdirat+0x14c/0x300
00073  __x64_sys_mkdir+0x74/0x140
00073  do_syscall_64+0xc1/0x350
00073  entry_SYSCALL_64_after_hwframe+0x4b/0x53
00073 RIP: 0033:0x7fe94db1b05b
00073 Code: 0f 1e fa 48 89 f2 b9 00 01 00 00 48 89 fe bf 9c ff ff ff e9 97 c3 ff ff 0f 1f 80 00 00 00 00 f3 0f 1e fa b8 53 00 00 00 0f 05 <48> 3d 00 f0 ff ff 77 05 c3 0f 1f 40 00 48 8b 15 89 7d 0e 00 f7 d8
00073 RSP: 002b:00007ffdf40293d8 EFLAGS: 00000246 ORIG_RAX: 0000000000000053
00073 RAX: ffffffffffffffda RBX: 00007ffdf402a842 RCX: 00007fe94db1b05b
00073 RDX: 0000000000000000 RSI: 00000000000001ff RDI: 00007ffdf402a842
00073 RBP: 00007ffdf40294f0 R08: 00000000000001ff R09: 0000000000000000
00073 R10: 000055733609c27e R11: 0000000000000246 R12: 00000000000001ff
00073 R13: 0000000000000000 R14: 0000000000000000 R15: 0000000000000000
00073  </TASK>
00073 ---[ end trace 0000000000000000 ]---
00073 ------------[ cut here ]------------
00073 WARNING: /home/ktest/git/linux/include/linux/fs.h:889 at ll_iget+0x592/0x850 [lustre], CPU#2: touch/3306
00073 Modules linked in: ofd(O) osp(O) mdd(O) lod(O) mdt(O) lquota(O) lfsck(O) mgs(O) osd_wbcfs(O) lustre(O) obdecho(O) mgc(O) mdc(O) lov(O) osc(O) lmv(O) ec(O) fid(O) fld(O) ptlrpc(O) efivarfs obdclass(O) ksocklnd(O) lnet(O) libcfs(O)
00073 CPU: 2 UID: 0 PID: 3306 Comm: touch Tainted: G        W  O        7.0.0-ktest-fa4bb62-6330a45-20260727-dirty #1 PREEMPT 
00073 Tainted: [W]=WARN, [O]=OOT_MODULE
00073 Hardware name: QEMU Standard PC (Q35 + ICH9, 2009), BIOS 2025.11-3ubuntu7 03/31/2026
00073 RIP: 0010:ll_iget+0x592/0x850 [lustre]
00073 Code: 48 c7 c6 40 52 76 a1 48 c7 c2 80 52 76 a1 e8 45 76 d4 fe 48 c7 c7 80 d7 a6 a1 e8 39 06 d5 fe 48 89 df 4c 89 fe e9 34 fb ff ff <0f> 0b e9 89 fb ff ff 0f 0b e9 f0 fc ff ff 48 c7 c1 80 44 5d a0 80
00073 RSP: 0018:ffffc900097c7610 EFLAGS: 00010246
00073 RAX: 0000000000000000 RBX: ffff888018c00f80 RCX: 0000000000000046
00073 RDX: 0000000000000000 RSI: ffff888018c01010 RDI: ffff888118ed4af0
00073 RBP: ffff88802d5d0000 R08: ffffffff83a16803 R09: 1ffffffff0742d00
00073 R10: dffffc0000000000 R11: fffffbfff0742d01 R12: dffffc0000000000
00073 R13: dffffc0000000000 R14: ffffc900097c76c8 R15: 0200000402000004
00073 FS:  00007fa0de886740(0000) GS:ffff8881d4b2d000(0000) knlGS:0000000000000000
00073 CS:  0010 DS: 0000 ES: 0000 CR0: 0000000080050033
00073 CR2: 00007fa0de6f59d0 CR3: 000000002cb37000 CR4: 0000000000750eb0
00073 PKRU: 55555554
00073 Call Trace:
00073  <TASK>
00073  ll_prep_inode+0x682/0x1310 [lustre]
00073  ? lustre_swab_barrier_lvb+0xd0/0xd0 [ptlrpc]
00073  ll_lookup_it+0x168c/0x4650 [lustre]
00073  ? d_alloc_parallel+0xe4f/0xfb0
00073  ll_lookup_nd+0x2a7/0x4f0 [lustre]
00073  __lookup_slow+0x1a2/0x260
00073  lookup_slow+0x53/0x70
00073  link_path_walk+0xac4/0x13d0
00073  path_openat+0x236/0x2630
00073  ? kasan_save_track+0x2f/0x60
00073  ? kmem_cache_alloc_noprof+0xea/0x3d0
00073  ? do_getname+0x67/0x190
00073  ? __x64_sys_openat+0xf8/0x120
00073  ? do_syscall_64+0xc1/0x350
00073  ? filemap_map_pages+0x14c/0x1210
00073  do_file_open+0x19b/0x360
00073  ? _raw_spin_unlock+0x23/0x40
00073  ? alloc_fd+0x42c/0x480
00073  do_sys_openat2+0x84/0xf0
00073  __x64_sys_openat+0xf8/0x120
00073  do_syscall_64+0xc1/0x350
00073  entry_SYSCALL_64_after_hwframe+0x4b/0x53
00073 RIP: 0033:0x7fa0de71b1a5
00073 Code: 83 e2 40 75 50 89 f0 f7 d0 a9 00 00 41 00 74 45 80 3d ae fe 0e 00 00 74 60 89 da 4c 89 e6 bf 9c ff ff ff b8 01 01 00 00 0f 05 <48> 3d 00 f0 ff ff 0f 87 7f 00 00 00 48 8b 55 b8 64 48 2b 14 25 28
00073 RSP: 002b:00007ffdfeb85a70 EFLAGS: 00000202 ORIG_RAX: 0000000000000101
00073 RAX: ffffffffffffffda RBX: 0000000000000941 RCX: 00007fa0de71b1a5
00073 RDX: 0000000000000941 RSI: 00007ffdfeb87837 RDI: 00000000ffffff9c
00073 RBP: 00007ffdfeb85ae0 R08: 00000000ffffffff R09: 0000000000000000
00073 R10: 00000000000001b6 R11: 0000000000000202 R12: 00007ffdfeb87837
00073 R13: 00007fa0de803248 R14: 0000000000000000 R15: 0000000000000001
00073  </TASK>
00073 ---[ end trace 0000000000000000 ]---
00073 ------------[ cut here ]------------
00073 WARNING: /home/ktest/git/linux/include/linux/fs.h:889 at ll_iget+0x599/0x850 [lustre], CPU#2: touch/3306
00073 Modules linked in: ofd(O) osp(O) mdd(O) lod(O) mdt(O) lquota(O) lfsck(O) mgs(O) osd_wbcfs(O) lustre(O) obdecho(O) mgc(O) mdc(O) lov(O) osc(O) lmv(O) ec(O) fid(O) fld(O) ptlrpc(O) efivarfs obdclass(O) ksocklnd(O) lnet(O) libcfs(O)
00073 CPU: 2 UID: 0 PID: 3306 Comm: touch Tainted: G        W  O        7.0.0-ktest-fa4bb62-6330a45-20260727-dirty #1 PREEMPT 
00073 Tainted: [W]=WARN, [O]=OOT_MODULE
00073 Hardware name: QEMU Standard PC (Q35 + ICH9, 2009), BIOS 2025.11-3ubuntu7 03/31/2026
00073 RIP: 0010:ll_iget+0x599/0x850 [lustre]
00073 Code: 48 c7 c2 80 52 76 a1 e8 45 76 d4 fe 48 c7 c7 80 d7 a6 a1 e8 39 06 d5 fe 48 89 df 4c 89 fe e9 34 fb ff ff 0f 0b e9 89 fb ff ff <0f> 0b e9 f0 fc ff ff 48 c7 c1 80 44 5d a0 80 e1 07 80 c1 03 38 c1
00073 RSP: 0018:ffffc900097c7610 EFLAGS: 00010246
00073 RAX: 0000000000000000 RBX: ffff888018c00f80 RCX: 0000000000000046
00073 RDX: 0000000000000000 RSI: ffff888018c01010 RDI: ffff888118ed4af0
00073 RBP: ffff88802d5d0000 R08: ffffffff83a16803 R09: 1ffffffff0742d00
00073 R10: dffffc0000000000 R11: fffffbfff0742d01 R12: dffffc0000000000
00073 R13: 1ffff11003180209 R14: ffffc900097c76c8 R15: ffff888018c01048
00073 FS:  00007fa0de886740(0000) GS:ffff8881d4b2d000(0000) knlGS:0000000000000000
00073 CS:  0010 DS: 0000 ES: 0000 CR0: 0000000080050033
00073 CR2: 00007fa0de6f59d0 CR3: 000000002cb37000 CR4: 0000000000750eb0
00073 PKRU: 55555554
00073 Call Trace:
00073  <TASK>
00073  ll_prep_inode+0x682/0x1310 [lustre]
00073  ? lustre_swab_barrier_lvb+0xd0/0xd0 [ptlrpc]
00073  ll_lookup_it+0x168c/0x4650 [lustre]
00073  ? d_alloc_parallel+0xe4f/0xfb0
00073  ll_lookup_nd+0x2a7/0x4f0 [lustre]
00073  __lookup_slow+0x1a2/0x260
00073  lookup_slow+0x53/0x70
00073  link_path_walk+0xac4/0x13d0
00073  path_openat+0x236/0x2630
00073  ? kasan_save_track+0x2f/0x60
00073  ? kmem_cache_alloc_noprof+0xea/0x3d0
00073  ? do_getname+0x67/0x190
00073  ? __x64_sys_openat+0xf8/0x120
00073  ? do_syscall_64+0xc1/0x350
00073  ? filemap_map_pages+0x14c/0x1210
00073  do_file_open+0x19b/0x360
00073  ? _raw_spin_unlock+0x23/0x40
00073  ? alloc_fd+0x42c/0x480
00073  do_sys_openat2+0x84/0xf0
00073  __x64_sys_openat+0xf8/0x120
00073  do_syscall_64+0xc1/0x350
00073  entry_SYSCALL_64_after_hwframe+0x4b/0x53
00073 RIP: 0033:0x7fa0de71b1a5
00073 Code: 83 e2 40 75 50 89 f0 f7 d0 a9 00 00 41 00 74 45 80 3d ae fe 0e 00 00 74 60 89 da 4c 89 e6 bf 9c ff ff ff b8 01 01 00 00 0f 05 <48> 3d 00 f0 ff ff 0f 87 7f 00 00 00 48 8b 55 b8 64 48 2b 14 25 28
00073 RSP: 002b:00007ffdfeb85a70 EFLAGS: 00000202 ORIG_RAX: 0000000000000101
00073 RAX: ffffffffffffffda RBX: 0000000000000941 RCX: 00007fa0de71b1a5
00073 RDX: 0000000000000941 RSI: 00007ffdfeb87837 RDI: 00000000ffffff9c
00073 RBP: 00007ffdfeb85ae0 R08: 00000000ffffffff R09: 0000000000000000
00073 R10: 00000000000001b6 R11: 0000000000000202 R12: 00007ffdfeb87837
00073 R13: 00007fa0de803248 R14: 0000000000000000 R15: 0000000000000001
00073  </TASK>
00073 ---[ end trace 0000000000000000 ]---
00073 ------------[ cut here ]------------
00073 WARNING: /home/ktest/git/linux/include/linux/fs.h:889 at osd_create+0x9cf/0xcf0 [osd_wbcfs], CPU#0: mdt00_003/1835
00073 Modules linked in: ofd(O) osp(O) mdd(O) lod(O) mdt(O) lquota(O) lfsck(O) mgs(O) osd_wbcfs(O) lustre(O) obdecho(O) mgc(O) mdc(O) lov(O) osc(O) lmv(O) ec(O) fid(O) fld(O) ptlrpc(O) efivarfs obdclass(O) ksocklnd(O) lnet(O) libcfs(O)
00073 CPU: 0 UID: 0 PID: 1835 Comm: mdt00_003 Tainted: G        W  O        7.0.0-ktest-fa4bb62-6330a45-20260727-dirty #1 PREEMPT 
00073 Tainted: [W]=WARN, [O]=OOT_MODULE
00073 Hardware name: QEMU Standard PC (Q35 + ICH9, 2009), BIOS 2025.11-3ubuntu7 03/31/2026
00073 RIP: 0010:osd_create+0x9cf/0xcf0 [osd_wbcfs]
00073 Code: c7 c7 00 96 7b a1 48 c7 c6 a0 12 7d a1 48 c7 c2 00 1c 7d a1 e8 52 f1 43 ff 48 c7 c7 00 96 7b a1 e8 46 81 44 ff e9 fe fc ff ff <0f> 0b e9 a5 fa ff ff 48 c7 c1 80 44 5d a0 80 e1 07 80 c1 03 38 c1
00073 RSP: 0018:ffffc90001f3f2e8 EFLAGS: 00010246
00073 RAX: 0000000000000000 RBX: ffff8880182e8000 RCX: 0000000000000046
00073 RDX: 0000000000000000 RSI: ffff88803c539100 RDI: ffff88803c43aa58
00073 RBP: ffff88803c539070 R08: ffff88810702e003 R09: 1ffff11020e05c00
00073 R10: dffffc0000000000 R11: ffffed1020e05c01 R12: ffff8880191ea2c8
00073 R13: dffffc0000000000 R14: 1ffff1100305d000 R15: 1ffff11026f128c8
00073 FS:  0000000000000000(0000) GS:ffff8881d4a2d000(0000) knlGS:0000000000000000
00073 CS:  0010 DS: 0000 ES: 0000 CR0: 0000000080050033
00073 CR2: 000055beab142710 CR3: 000000002aa81000 CR4: 0000000000750eb0
00073 PKRU: 55555554
00073 Call Trace:
00073  <TASK>
00073  ? lod_sub_create+0x168a/0x1940 [lod]
00073  ? dt_write_lock+0x16d/0x2a0 [obdclass]
00073  ? lod_create+0x10d/0x720 [lod]
00073  ? mdd_create_object_internal+0x18f/0x320 [mdd]
00073  ? mdd_create_object+0xab/0x1ce0 [mdd]
00073  ? mdd_create+0x2032/0x4110 [mdd]
00073  ? lustre_msg_get_versions+0x49/0x160 [ptlrpc]
00073  ? mdt_reint_open+0x434b/0x8480 [mdt]
00073  ? mdt_reint_rec+0x10f/0x530 [mdt]
00073  ? mdt_reint_internal+0x9d5/0x11a0 [mdt]
00073  ? mdt_intent_open+0x18b/0x9a0 [mdt]
00073  ? mdt_intent_policy+0x1639/0x2300 [mdt]
00073  ? mdt_register_lwp_callback+0x620/0x620 [mdt]
00073  ? mdt_seq_init+0x1ef0/0x1ef0 [mdt]
00073  ? ldlm_lock_enqueue+0x221/0x16c0 [ptlrpc]
00073  ? ldlm_handle_enqueue+0x139f/0x3250 [ptlrpc]
00073  ? tgt_enqueue+0x19b/0x550 [ptlrpc]
00073  ? tgt_request_handle+0x23ad/0x3d30 [ptlrpc]
00073  ? ptlrpc_main+0x6359/0x96f0 [ptlrpc]
00073  ? __kthread_parkme+0x73/0x130
00073  ? kthread+0x2cd/0x3a0
00073  ? ptlrpc_start_thread+0x1f10/0x1f10 [ptlrpc]
00073  ? kthread_unuse_mm+0x130/0x130
00073  ? ret_from_fork+0x18c/0x520
00073  ? kthread_unuse_mm+0x130/0x130
00073  ? ret_from_fork_asm+0x11/0x20
00073  </TASK>
00073 ---[ end trace 0000000000000000 ]---
00073 ------------[ cut here ]------------
00073 WARNING: /home/ktest/git/linux/include/linux/fs.h:889 at ll_iget+0x592/0x850 [lustre], CPU#2: touch/3306
00073 Modules linked in: ofd(O) osp(O) mdd(O) lod(O) mdt(O) lquota(O) lfsck(O) mgs(O) osd_wbcfs(O) lustre(O) obdecho(O) mgc(O) mdc(O) lov(O) osc(O) lmv(O) ec(O) fid(O) fld(O) ptlrpc(O) efivarfs obdclass(O) ksocklnd(O) lnet(O) libcfs(O)
00073 CPU: 2 UID: 0 PID: 3306 Comm: touch Tainted: G        W  O        7.0.0-ktest-fa4bb62-6330a45-20260727-dirty #1 PREEMPT 
00073 Tainted: [W]=WARN, [O]=OOT_MODULE
00073 Hardware name: QEMU Standard PC (Q35 + ICH9, 2009), BIOS 2025.11-3ubuntu7 03/31/2026
00073 RIP: 0010:ll_iget+0x592/0x850 [lustre]
00073 Code: 48 c7 c6 40 52 76 a1 48 c7 c2 80 52 76 a1 e8 45 76 d4 fe 48 c7 c7 80 d7 a6 a1 e8 39 06 d5 fe 48 89 df 4c 89 fe e9 34 fb ff ff <0f> 0b e9 89 fb ff ff 0f 0b e9 f0 fc ff ff 48 c7 c1 80 44 5d a0 80
00073 RSP: 0018:ffffc900097c76c8 EFLAGS: 00010246
00073 RAX: 0000000000000000 RBX: ffff88802ce9d6c0 RCX: 0000000000000046
00073 RDX: 0000000000000000 RSI: ffff88802ce9d750 RDI: ffff888118ed4b18
00073 RBP: ffff88802d5d0000 R08: ffff8881383b8883 R09: 1ffff11027077110
00073 R10: dffffc0000000000 R11: ffffed1027077111 R12: dffffc0000000000
00073 R13: dffffc0000000000 R14: ffffc900097c7780 R15: 0200000402000005
00073 FS:  00007fa0de886740(0000) GS:ffff8881d4b2d000(0000) knlGS:0000000000000000
00073 CS:  0010 DS: 0000 ES: 0000 CR0: 0000000080050033
00073 CR2: 00007fa0de6f59d0 CR3: 000000002cb37000 CR4: 0000000000750eb0
00073 PKRU: 55555554
00073 Call Trace:
00073  <TASK>
00073  ll_prep_inode+0x682/0x1310 [lustre]
00073  ll_create_it+0x52f/0x15d0 [lustre]
00073  ll_lookup_it+0x2bac/0x4650 [lustre]
00073  ? __alloc_tagging_slab_alloc_hook+0x136/0x190
00073  ll_atomic_open+0x950/0x1690 [lustre]
00073  atomic_open+0x162/0x320
00073  path_openat+0xcda/0x2630
00073  do_file_open+0x19b/0x360
00073  ? _raw_spin_unlock+0x23/0x40
00073  ? alloc_fd+0x42c/0x480
00073  do_sys_openat2+0x84/0xf0
00073  __x64_sys_openat+0xf8/0x120
00073  do_syscall_64+0xc1/0x350
00073  entry_SYSCALL_64_after_hwframe+0x4b/0x53
00073 RIP: 0033:0x7fa0de71b1a5
00073 Code: 83 e2 40 75 50 89 f0 f7 d0 a9 00 00 41 00 74 45 80 3d ae fe 0e 00 00 74 60 89 da 4c 89 e6 bf 9c ff ff ff b8 01 01 00 00 0f 05 <48> 3d 00 f0 ff ff 0f 87 7f 00 00 00 48 8b 55 b8 64 48 2b 14 25 28
00073 RSP: 002b:00007ffdfeb85a70 EFLAGS: 00000202 ORIG_RAX: 0000000000000101
00073 RAX: ffffffffffffffda RBX: 0000000000000941 RCX: 00007fa0de71b1a5
00073 RDX: 0000000000000941 RSI: 00007ffdfeb87837 RDI: 00000000ffffff9c
00073 RBP: 00007ffdfeb85ae0 R08: 00000000ffffffff R09: 0000000000000000
00073 R10: 00000000000001b6 R11: 0000000000000202 R12: 00007ffdfeb87837
00073 R13: 00007fa0de803248 R14: 0000000000000000 R15: 0000000000000001
00073  </TASK>
00073 ---[ end trace 0000000000000000 ]---
00073 ------------[ cut here ]------------
00073 WARNING: /home/ktest/git/linux/include/linux/fs.h:889 at cl_file_inode_init+0x5f8/0x7a0 [lustre], CPU#2: touch/3306
00073 Modules linked in: ofd(O) osp(O) mdd(O) lod(O) mdt(O) lquota(O) lfsck(O) mgs(O) osd_wbcfs(O) lustre(O) obdecho(O) mgc(O) mdc(O) lov(O) osc(O) lmv(O) ec(O) fid(O) fld(O) ptlrpc(O) efivarfs obdclass(O) ksocklnd(O) lnet(O) libcfs(O)
00073 CPU: 2 UID: 0 PID: 3306 Comm: touch Tainted: G        W  O        7.0.0-ktest-fa4bb62-6330a45-20260727-dirty #1 PREEMPT 
00073 Tainted: [W]=WARN, [O]=OOT_MODULE
00073 Hardware name: QEMU Standard PC (Q35 + ICH9, 2009), BIOS 2025.11-3ubuntu7 03/31/2026
00073 RIP: 0010:cl_file_inode_init+0x5f8/0x7a0 [lustre]
00073 Code: c7 c7 c0 b3 a8 a1 48 c7 c6 c0 e3 76 a1 48 c7 c2 00 e4 76 a1 e8 d9 4e cf fe 48 c7 c7 c0 b3 a8 a1 e8 cd de cf fe e9 eb fb ff ff <0f> 0b e9 63 fc ff ff c7 05 cf c6 17 00 00 00 04 00 48 c7 c7 c0 b6
00073 RSP: 0018:ffffc900097c74c0 EFLAGS: 00010246
00073 RAX: 0000000000000000 RBX: ffff88802ce9d6c0 RCX: 0000000000000046
00073 RDX: ffff88802ce9d5ec RSI: ffff88802ce9d750 RDI: ffff888118ed4b18
00073 RBP: dffffc0000000000 R08: ffff88810702e183 R09: 1ffff11020e05c30
00073 R10: dffffc0000000000 R11: ffffed1020e05c31 R12: ffff888134140dd8
00073 R13: 1ffff110059d3c10 R14: ffff88802ce9e080 R15: ffff88811a12f000
00073 FS:  00007fa0de886740(0000) GS:ffff8881d4b2d000(0000) knlGS:0000000000000000
00073 CS:  0010 DS: 0000 ES: 0000 CR0: 0000000080050033
00073 CR2: 00007fa0de6f59d0 CR3: 000000002cb37000 CR4: 0000000000750eb0
00073 PKRU: 55555554
00073 Call Trace:
00073  <TASK>
00073  ll_update_inode+0xfa/0x3ef0 [lustre]
00073  ? report_bug+0x87/0xc0
00073  ? inode_set_ctime_to_ts+0x7f/0x1b0
00073  ll_read_inode2+0x23d/0x9f0 [lustre]
00073  ll_iget+0x201/0x850 [lustre]
00073  ll_prep_inode+0x682/0x1310 [lustre]
00073  ll_create_it+0x52f/0x15d0 [lustre]
00073  ll_lookup_it+0x2bac/0x4650 [lustre]
00073  ? __alloc_tagging_slab_alloc_hook+0x136/0x190
00073  ll_atomic_open+0x950/0x1690 [lustre]
00073  atomic_open+0x162/0x320
00073  path_openat+0xcda/0x2630
00073  do_file_open+0x19b/0x360
00073  ? _raw_spin_unlock+0x23/0x40
00073  ? alloc_fd+0x42c/0x480
00073  do_sys_openat2+0x84/0xf0
00073  __x64_sys_openat+0xf8/0x120
00073  do_syscall_64+0xc1/0x350
00073  entry_SYSCALL_64_after_hwframe+0x4b/0x53
00073 RIP: 0033:0x7fa0de71b1a5
00073 Code: 83 e2 40 75 50 89 f0 f7 d0 a9 00 00 41 00 74 45 80 3d ae fe 0e 00 00 74 60 89 da 4c 89 e6 bf 9c ff ff ff b8 01 01 00 00 0f 05 <48> 3d 00 f0 ff ff 0f 87 7f 00 00 00 48 8b 55 b8 64 48 2b 14 25 28
00073 RSP: 002b:00007ffdfeb85a70 EFLAGS: 00000202 ORIG_RAX: 0000000000000101
00073 RAX: ffffffffffffffda RBX: 0000000000000941 RCX: 00007fa0de71b1a5
00073 RDX: 0000000000000941 RSI: 00007ffdfeb87837 RDI: 00000000ffffff9c
00073 RBP: 00007ffdfeb85ae0 R08: 00000000ffffffff R09: 0000000000000000
00073 R10: 00000000000001b6 R11: 0000000000000202 R12: 00007ffdfeb87837
00073 R13: 00007fa0de803248 R14: 0000000000000000 R15: 0000000000000001
00073  </TASK>
00073 ---[ end trace 0000000000000000 ]---
00073 touch (3306) used greatest stack depth: 23520 bytes left
00073 ------------[ cut here ]------------
00073 WARNING: /home/ktest/git/linux/include/linux/fs.h:889 at ll_iget+0x592/0x850 [lustre], CPU#3: chmod/3307
00073 Modules linked in: ofd(O) osp(O) mdd(O) lod(O) mdt(O) lquota(O) lfsck(O) mgs(O) osd_wbcfs(O) lustre(O) obdecho(O) mgc(O) mdc(O) lov(O) osc(O) lmv(O) ec(O) fid(O) fld(O) ptlrpc(O) efivarfs obdclass(O) ksocklnd(O) lnet(O) libcfs(O)
00073 CPU: 3 UID: 0 PID: 3307 Comm: chmod Tainted: G        W  O        7.0.0-ktest-fa4bb62-6330a45-20260727-dirty #1 PREEMPT 
00073 Tainted: [W]=WARN, [O]=OOT_MODULE
00073 Hardware name: QEMU Standard PC (Q35 + ICH9, 2009), BIOS 2025.11-3ubuntu7 03/31/2026
00073 RIP: 0010:ll_iget+0x592/0x850 [lustre]
00073 Code: 48 c7 c6 40 52 76 a1 48 c7 c2 80 52 76 a1 e8 45 76 d4 fe 48 c7 c7 80 d7 a6 a1 e8 39 06 d5 fe 48 89 df 4c 89 fe e9 34 fb ff ff <0f> 0b e9 89 fb ff ff 0f 0b e9 f0 fc ff ff 48 c7 c1 80 44 5d a0 80
00073 RSP: 0018:ffffc900097e76d8 EFLAGS: 00010246
00073 RAX: 0000000000000000 RBX: ffff88802ce9d6c0 RCX: 0000000000000046
00073 RDX: 0000000000000000 RSI: ffff88802ce9d750 RDI: ffff8881357a8970
00073 RBP: ffff88802d5d0000 R08: ffffffff83a16803 R09: 1ffffffff0742d00
00073 R10: dffffc0000000000 R11: fffffbfff0742d01 R12: dffffc0000000000
00073 R13: dffffc0000000000 R14: ffffc900097e7790 R15: 0200000402000005
00073 FS:  00007fa36eed4740(0000) GS:ffff8881d4bad000(0000) knlGS:0000000000000000
00073 CS:  0010 DS: 0000 ES: 0000 CR0: 0000000080050033
00073 CR2: 00005575afa3a3f8 CR3: 000000002c397000 CR4: 0000000000750eb0
00073 PKRU: 55555554
00073 Call Trace:
00073  <TASK>
00073  ll_prep_inode+0x682/0x1310 [lustre]
00073  ? lustre_swab_barrier_lvb+0xd0/0xd0 [ptlrpc]
00073  ll_lookup_it+0x168c/0x4650 [lustre]
00073  ? encode_fn_len+0xd3/0xb10 [obdclass]
00073  ll_lookup_nd+0x2a7/0x4f0 [lustre]
00073  __lookup_slow+0x1a2/0x260
00073  lookup_slow+0x53/0x70
00073  path_lookupat+0x2d0/0x6d0
00073  filename_lookup+0x18f/0x340
00073  vfs_statx+0x6a/0x3c0
00073  ? do_getname+0xb3/0x190
00073  vfs_fstatat+0xa6/0xd0
00073  __x64_sys_newfstatat+0xb2/0x2c0
00073  ? exc_page_fault+0x61/0xa0
00073  ? do_user_addr_fault+0x385/0xc20
00073  ? fpregs_assert_state_consistent+0x4f/0xe0
00073  do_syscall_64+0xc1/0x350
00073  entry_SYSCALL_64_after_hwframe+0x4b/0x53
00073 RIP: 0033:0x7fa36ed173ee
00073 Code: 0f 1f 40 00 48 8b 15 29 ba 0e 00 f7 d8 64 89 02 b8 ff ff ff ff c3 66 0f 1f 44 00 00 f3 0f 1e fa 41 89 ca b8 06 01 00 00 0f 05 <3d> 00 f0 ff ff 77 0b 31 c0 c3 0f 1f 84 00 00 00 00 00 48 8b 15 f1
00073 RSP: 002b:00007ffe5d689d38 EFLAGS: 00000246 ORIG_RAX: 0000000000000106
00073 RAX: ffffffffffffffda RBX: 00005575afa37790 RCX: 00007fa36ed173ee
00073 RDX: 00005575afa37800 RSI: 00005575afa37890 RDI: 00000000ffffff9c
00073 RBP: 00007ffe5d689d60 R08: 00007fa36ee03b20 R09: 0000000000000130
00073 R10: 0000000000000000 R11: 0000000000000246 R12: 00005575afa37800
00073 R13: 00005575afa375f0 R14: 0000000000000000 R15: 00007ffe5d68a837
00073  </TASK>
00073 ---[ end trace 0000000000000000 ]---
00073 ------------[ cut here ]------------
00073 WARNING: /home/ktest/git/linux/include/linux/fs.h:889 at ll_iget+0x599/0x850 [lustre], CPU#3: chmod/3307
00073 Modules linked in: ofd(O) osp(O) mdd(O) lod(O) mdt(O) lquota(O) lfsck(O) mgs(O) osd_wbcfs(O) lustre(O) obdecho(O) mgc(O) mdc(O) lov(O) osc(O) lmv(O) ec(O) fid(O) fld(O) ptlrpc(O) efivarfs obdclass(O) ksocklnd(O) lnet(O) libcfs(O)
00073 CPU: 3 UID: 0 PID: 3307 Comm: chmod Tainted: G        W  O        7.0.0-ktest-fa4bb62-6330a45-20260727-dirty #1 PREEMPT 
00073 Tainted: [W]=WARN, [O]=OOT_MODULE
00073 Hardware name: QEMU Standard PC (Q35 + ICH9, 2009), BIOS 2025.11-3ubuntu7 03/31/2026
00073 RIP: 0010:ll_iget+0x599/0x850 [lustre]
00073 Code: 48 c7 c2 80 52 76 a1 e8 45 76 d4 fe 48 c7 c7 80 d7 a6 a1 e8 39 06 d5 fe 48 89 df 4c 89 fe e9 34 fb ff ff 0f 0b e9 89 fb ff ff <0f> 0b e9 f0 fc ff ff 48 c7 c1 80 44 5d a0 80 e1 07 80 c1 03 38 c1
00073 RSP: 0018:ffffc900097e76d8 EFLAGS: 00010246
00073 RAX: 0000000000000000 RBX: ffff88802ce9d6c0 RCX: 0000000000000046
00073 RDX: 0000000000000000 RSI: ffff88802ce9d750 RDI: ffff8881357a8970
00073 RBP: ffff88802d5d0000 R08: ffffffff83a16803 R09: 1ffffffff0742d00
00073 R10: dffffc0000000000 R11: fffffbfff0742d01 R12: dffffc0000000000
00073 R13: 1ffff110059d3af1 R14: ffffc900097e7790 R15: ffff88802ce9d788
00073 FS:  00007fa36eed4740(0000) GS:ffff8881d4bad000(0000) knlGS:0000000000000000
00073 CS:  0010 DS: 0000 ES: 0000 CR0: 0000000080050033
00073 CR2: 00005575afa3a3f8 CR3: 000000002c397000 CR4: 0000000000750eb0
00073 PKRU: 55555554
00073 Call Trace:
00073  <TASK>
00073  ll_prep_inode+0x682/0x1310 [lustre]
00073  ? lustre_swab_barrier_lvb+0xd0/0xd0 [ptlrpc]
00073  ll_lookup_it+0x168c/0x4650 [lustre]
00073  ? encode_fn_len+0xd3/0xb10 [obdclass]
00073  ll_lookup_nd+0x2a7/0x4f0 [lustre]
00073  __lookup_slow+0x1a2/0x260
00073  lookup_slow+0x53/0x70
00073  path_lookupat+0x2d0/0x6d0
00073  filename_lookup+0x18f/0x340
00073  vfs_statx+0x6a/0x3c0
00073  ? do_getname+0xb3/0x190
00073  vfs_fstatat+0xa6/0xd0
00073  __x64_sys_newfstatat+0xb2/0x2c0
00073  ? exc_page_fault+0x61/0xa0
00073  ? do_user_addr_fault+0x385/0xc20
00073  ? fpregs_assert_state_consistent+0x4f/0xe0
00073  do_syscall_64+0xc1/0x350
00073  entry_SYSCALL_64_after_hwframe+0x4b/0x53
00073 RIP: 0033:0x7fa36ed173ee
00073 Code: 0f 1f 40 00 48 8b 15 29 ba 0e 00 f7 d8 64 89 02 b8 ff ff ff ff c3 66 0f 1f 44 00 00 f3 0f 1e fa 41 89 ca b8 06 01 00 00 0f 05 <3d> 00 f0 ff ff 77 0b 31 c0 c3 0f 1f 84 00 00 00 00 00 48 8b 15 f1
00073 RSP: 002b:00007ffe5d689d38 EFLAGS: 00000246 ORIG_RAX: 0000000000000106
00073 RAX: ffffffffffffffda RBX: 00005575afa37790 RCX: 00007fa36ed173ee
00073 RDX: 00005575afa37800 RSI: 00005575afa37890 RDI: 00000000ffffff9c
00073 RBP: 00007ffe5d689d60 R08: 00007fa36ee03b20 R09: 0000000000000130
00073 R10: 0000000000000000 R11: 0000000000000246 R12: 00005575afa37800
00073 R13: 00005575afa375f0 R14: 0000000000000000 R15: 00007ffe5d68a837
00073  </TASK>
00073 ---[ end trace 0000000000000000 ]---
00073 ------------[ cut here ]------------
00073 WARNING: /home/ktest/git/linux/include/linux/fs.h:889 at ll_iget+0x592/0x850 [lustre], CPU#3: chmod/3308
00073 Modules linked in: ofd(O) osp(O) mdd(O) lod(O) mdt(O) lquota(O) lfsck(O) mgs(O) osd_wbcfs(O) lustre(O) obdecho(O) mgc(O) mdc(O) lov(O) osc(O) lmv(O) ec(O) fid(O) fld(O) ptlrpc(O) efivarfs obdclass(O) ksocklnd(O) lnet(O) libcfs(O)
00073 CPU: 3 UID: 0 PID: 3308 Comm: chmod Tainted: G        W  O        7.0.0-ktest-fa4bb62-6330a45-20260727-dirty #1 PREEMPT 
00073 Tainted: [W]=WARN, [O]=OOT_MODULE
00073 Hardware name: QEMU Standard PC (Q35 + ICH9, 2009), BIOS 2025.11-3ubuntu7 03/31/2026
00073 RIP: 0010:ll_iget+0x592/0x850 [lustre]
00073 Code: 48 c7 c6 40 52 76 a1 48 c7 c2 80 52 76 a1 e8 45 76 d4 fe 48 c7 c7 80 d7 a6 a1 e8 39 06 d5 fe 48 89 df 4c 89 fe e9 34 fb ff ff <0f> 0b e9 89 fb ff ff 0f 0b e9 f0 fc ff ff 48 c7 c1 80 44 5d a0 80
00073 RSP: 0018:ffffc900096076d8 EFLAGS: 00010246
00073 RAX: 0000000000000000 RBX: ffff88802ce9d6c0 RCX: 0000000000000046
00073 RDX: 0000000000000000 RSI: ffff88802ce9d750 RDI: ffff88802c640970
00073 RBP: ffff88802d5d0000 R08: ffffffff83a16803 R09: 1ffffffff0742d00
00073 R10: dffffc0000000000 R11: fffffbfff0742d01 R12: dffffc0000000000
00073 R13: dffffc0000000000 R14: ffffc90009607790 R15: 0200000402000005
00073 FS:  00007f1850ee1740(0000) GS:ffff8881d4bad000(0000) knlGS:0000000000000000
00073 CS:  0010 DS: 0000 ES: 0000 CR0: 0000000080050033
00073 CR2: 000055bd004833f8 CR3: 000000007445c000 CR4: 0000000000750eb0
00073 PKRU: 55555554
00073 Call Trace:
00073  <TASK>
00073  ll_prep_inode+0x682/0x1310 [lustre]
00073  ? lustre_swab_barrier_lvb+0xd0/0xd0 [ptlrpc]
00073  ll_lookup_it+0x168c/0x4650 [lustre]
00073  ? encode_fn_len+0xd3/0xb10 [obdclass]
00073  ll_lookup_nd+0x2a7/0x4f0 [lustre]
00073  __lookup_slow+0x1a2/0x260
00073  lookup_slow+0x53/0x70
00073  path_lookupat+0x2d0/0x6d0
00073  filename_lookup+0x18f/0x340
00073  vfs_statx+0x6a/0x3c0
00073  ? do_getname+0xb3/0x190
00073  vfs_fstatat+0xa6/0xd0
00073  __x64_sys_newfstatat+0xb2/0x2c0
00073  ? exc_page_fault+0x61/0xa0
00073  ? do_user_addr_fault+0x385/0xc20
00073  ? fpregs_assert_state_consistent+0x4f/0xe0
00073  do_syscall_64+0xc1/0x350
00073  entry_SYSCALL_64_after_hwframe+0x4b/0x53
00073 RIP: 0033:0x7f1850d173ee
00073 Code: 0f 1f 40 00 48 8b 15 29 ba 0e 00 f7 d8 64 89 02 b8 ff ff ff ff c3 66 0f 1f 44 00 00 f3 0f 1e fa 41 89 ca b8 06 01 00 00 0f 05 <3d> 00 f0 ff ff 77 0b 31 c0 c3 0f 1f 84 00 00 00 00 00 48 8b 15 f1
00073 RSP: 002b:00007ffcd49a2898 EFLAGS: 00000246 ORIG_RAX: 0000000000000106
00073 RAX: ffffffffffffffda RBX: 000055bd00480790 RCX: 00007f1850d173ee
00073 RDX: 000055bd00480800 RSI: 000055bd00480890 RDI: 00000000ffffff9c
00073 RBP: 00007ffcd49a28c0 R08: 00007f1850e03b20 R09: 0000000000000130
00073 R10: 0000000000000000 R11: 0000000000000246 R12: 000055bd00480800
00073 R13: 000055bd004805f0 R14: 0000000000000000 R15: 00007ffcd49a4837
00073  </TASK>
00073 ---[ end trace 0000000000000000 ]---
00073 ------------[ cut here ]------------
00073 WARNING: /home/ktest/git/linux/include/linux/fs.h:889 at ll_iget+0x599/0x850 [lustre], CPU#3: chmod/3308
00073 Modules linked in: ofd(O) osp(O) mdd(O) lod(O) mdt(O) lquota(O) lfsck(O) mgs(O) osd_wbcfs(O) lustre(O) obdecho(O) mgc(O) mdc(O) lov(O) osc(O) lmv(O) ec(O) fid(O) fld(O) ptlrpc(O) efivarfs obdclass(O) ksocklnd(O) lnet(O) libcfs(O)
00073 CPU: 3 UID: 0 PID: 3308 Comm: chmod Tainted: G        W  O        7.0.0-ktest-fa4bb62-6330a45-20260727-dirty #1 PREEMPT 
00073 Tainted: [W]=WARN, [O]=OOT_MODULE
00073 Hardware name: QEMU Standard PC (Q35 + ICH9, 2009), BIOS 2025.11-3ubuntu7 03/31/2026
00073 RIP: 0010:ll_iget+0x599/0x850 [lustre]
00073 Code: 48 c7 c2 80 52 76 a1 e8 45 76 d4 fe 48 c7 c7 80 d7 a6 a1 e8 39 06 d5 fe 48 89 df 4c 89 fe e9 34 fb ff ff 0f 0b e9 89 fb ff ff <0f> 0b e9 f0 fc ff ff 48 c7 c1 80 44 5d a0 80 e1 07 80 c1 03 38 c1
00073 RSP: 0018:ffffc900096076d8 EFLAGS: 00010246
00073 RAX: 0000000000000000 RBX: ffff88802ce9d6c0 RCX: 0000000000000046
00073 RDX: 0000000000000000 RSI: ffff88802ce9d750 RDI: ffff88802c640970
00073 RBP: ffff88802d5d0000 R08: ffffffff83a16803 R09: 1ffffffff0742d00
00073 R10: dffffc0000000000 R11: fffffbfff0742d01 R12: dffffc0000000000
00073 R13: 1ffff110059d3af1 R14: ffffc90009607790 R15: ffff88802ce9d788
00073 FS:  00007f1850ee1740(0000) GS:ffff8881d4bad000(0000) knlGS:0000000000000000
00073 CS:  0010 DS: 0000 ES: 0000 CR0: 0000000080050033
00073 CR2: 000055bd004833f8 CR3: 000000007445c000 CR4: 0000000000750eb0
00073 PKRU: 55555554
00073 Call Trace:
00073  <TASK>
00073  ll_prep_inode+0x682/0x1310 [lustre]
00073  ? lustre_swab_barrier_lvb+0xd0/0xd0 [ptlrpc]
00073  ll_lookup_it+0x168c/0x4650 [lustre]
00073  ? encode_fn_len+0xd3/0xb10 [obdclass]
00073  ll_lookup_nd+0x2a7/0x4f0 [lustre]
00073  __lookup_slow+0x1a2/0x260
00073  lookup_slow+0x53/0x70
00073  path_lookupat+0x2d0/0x6d0
00073  filename_lookup+0x18f/0x340
00073  vfs_statx+0x6a/0x3c0
00073  ? do_getname+0xb3/0x190
00073  vfs_fstatat+0xa6/0xd0
00073  __x64_sys_newfstatat+0xb2/0x2c0
00073  ? exc_page_fault+0x61/0xa0
00073  ? do_user_addr_fault+0x385/0xc20
00073  ? fpregs_assert_state_consistent+0x4f/0xe0
00073  do_syscall_64+0xc1/0x350
00073  entry_SYSCALL_64_after_hwframe+0x4b/0x53
00073 RIP: 0033:0x7f1850d173ee
00073 Code: 0f 1f 40 00 48 8b 15 29 ba 0e 00 f7 d8 64 89 02 b8 ff ff ff ff c3 66 0f 1f 44 00 00 f3 0f 1e fa 41 89 ca b8 06 01 00 00 0f 05 <3d> 00 f0 ff ff 77 0b 31 c0 c3 0f 1f 84 00 00 00 00 00 48 8b 15 f1
00073 RSP: 002b:00007ffcd49a2898 EFLAGS: 00000246 ORIG_RAX: 0000000000000106
00073 RAX: ffffffffffffffda RBX: 000055bd00480790 RCX: 00007f1850d173ee
00073 RDX: 000055bd00480800 RSI: 000055bd00480890 RDI: 00000000ffffff9c
00073 RBP: 00007ffcd49a28c0 R08: 00007f1850e03b20 R09: 0000000000000130
00073 R10: 0000000000000000 R11: 0000000000000246 R12: 000055bd00480800
00073 R13: 000055bd004805f0 R14: 0000000000000000 R15: 00007ffcd49a4837
00073  </TASK>
00073 ---[ end trace 0000000000000000 ]---
00073 ------------[ cut here ]------------
00073 WARNING: /home/ktest/git/linux/include/linux/fs.h:889 at ll_iget+0x592/0x850 [lustre], CPU#2: checkstat/3309
00073 Modules linked in: ofd(O) osp(O) mdd(O) lod(O) mdt(O) lquota(O) lfsck(O) mgs(O) osd_wbcfs(O) lustre(O) obdecho(O) mgc(O) mdc(O) lov(O) osc(O) lmv(O) ec(O) fid(O) fld(O) ptlrpc(O) efivarfs obdclass(O) ksocklnd(O) lnet(O) libcfs(O)
00073 CPU: 2 UID: 0 PID: 3309 Comm: checkstat Tainted: G        W  O        7.0.0-ktest-fa4bb62-6330a45-20260727-dirty #1 PREEMPT 
00073 Tainted: [W]=WARN, [O]=OOT_MODULE
00073 Hardware name: QEMU Standard PC (Q35 + ICH9, 2009), BIOS 2025.11-3ubuntu7 03/31/2026
00073 RIP: 0010:ll_iget+0x592/0x850 [lustre]
00073 Code: 48 c7 c6 40 52 76 a1 48 c7 c2 80 52 76 a1 e8 45 76 d4 fe 48 c7 c7 80 d7 a6 a1 e8 39 06 d5 fe 48 89 df 4c 89 fe e9 34 fb ff ff <0f> 0b e9 89 fb ff ff 0f 0b e9 f0 fc ff ff 48 c7 c1 80 44 5d a0 80
00073 RSP: 0018:ffffc900097c76d8 EFLAGS: 00010246
00073 RAX: 0000000000000000 RBX: ffff88802ce9d6c0 RCX: 0000000000000046
00073 RDX: 0000000000000000 RSI: ffff88802ce9d750 RDI: ffff88811b49caf0
00073 RBP: ffff88802d5d0000 R08: ffffffff83a16803 R09: 1ffffffff0742d00
00073 R10: dffffc0000000000 R11: fffffbfff0742d01 R12: dffffc0000000000
00073 R13: dffffc0000000000 R14: ffffc900097c7790 R15: 0200000402000005
00073 FS:  00007fe541623740(0000) GS:ffff8881d4b2d000(0000) knlGS:0000000000000000
00073 CS:  0010 DS: 0000 ES: 0000 CR0: 0000000080050033
00073 CR2: 000055beab142710 CR3: 000000002abdc000 CR4: 0000000000750eb0
00073 PKRU: 55555554
00073 Call Trace:
00073  <TASK>
00073  ll_prep_inode+0x682/0x1310 [lustre]
00073  ? lustre_swab_barrier_lvb+0xd0/0xd0 [ptlrpc]
00073  ll_lookup_it+0x168c/0x4650 [lustre]
00073  ? encode_fn_len+0xd3/0xb10 [obdclass]
00073  ll_lookup_nd+0x2a7/0x4f0 [lustre]
00073  __lookup_slow+0x1a2/0x260
00073  lookup_slow+0x53/0x70
00073  path_lookupat+0x2d0/0x6d0
00073  filename_lookup+0x18f/0x340
00073  vfs_statx+0x6a/0x3c0
00073  ? do_getname+0xb3/0x190
00073  vfs_fstatat+0xa6/0xd0
00073  __x64_sys_newfstatat+0xb2/0x2c0
00073  ? exc_page_fault+0x61/0xa0
00073  ? do_user_addr_fault+0x385/0xc20
00073  ? fpregs_assert_state_consistent+0x4f/0xe0
00073  do_syscall_64+0xc1/0x350
00073  entry_SYSCALL_64_after_hwframe+0x4b/0x53
00073 RIP: 0033:0x7fe5415173ee
00073 Code: 0f 1f 40 00 48 8b 15 29 ba 0e 00 f7 d8 64 89 02 b8 ff ff ff ff c3 66 0f 1f 44 00 00 f3 0f 1e fa 41 89 ca b8 06 01 00 00 0f 05 <3d> 00 f0 ff ff 77 0b 31 c0 c3 0f 1f 84 00 00 00 00 00 48 8b 15 f1
00073 RSP: 002b:00007ffe6bc66ec8 EFLAGS: 00000246 ORIG_RAX: 0000000000000106
00073 RAX: ffffffffffffffda RBX: 00007ffe6bc67128 RCX: 00007fe5415173ee
00073 RDX: 00007ffe6bc66f30 RSI: 00007ffe6bc68815 RDI: 00000000ffffff9c
00073 RBP: 00007fe541603248 R08: 0000000000000000 R09: 0000000000000000
00073 R10: 0000000000000100 R11: 0000000000000246 R12: 0000000000000007
00073 R13: 00007ffe6bc68815 R14: 0000000000000001 R15: 00007ffe6bc66f30
00073  </TASK>
00073 ---[ end trace 0000000000000000 ]---
00073 ------------[ cut here ]------------
00073 WARNING: /home/ktest/git/linux/include/linux/fs.h:889 at ll_iget+0x599/0x850 [lustre], CPU#2: checkstat/3309
00073 Modules linked in: ofd(O) osp(O) mdd(O) lod(O) mdt(O) lquota(O) lfsck(O) mgs(O) osd_wbcfs(O) lustre(O) obdecho(O) mgc(O) mdc(O) lov(O) osc(O) lmv(O) ec(O) fid(O) fld(O) ptlrpc(O) efivarfs obdclass(O) ksocklnd(O) lnet(O) libcfs(O)
00073 CPU: 2 UID: 0 PID: 3309 Comm: checkstat Tainted: G        W  O        7.0.0-ktest-fa4bb62-6330a45-20260727-dirty #1 PREEMPT 
00073 Tainted: [W]=WARN, [O]=OOT_MODULE
00073 Hardware name: QEMU Standard PC (Q35 + ICH9, 2009), BIOS 2025.11-3ubuntu7 03/31/2026
00073 RIP: 0010:ll_iget+0x599/0x850 [lustre]
00073 Code: 48 c7 c2 80 52 76 a1 e8 45 76 d4 fe 48 c7 c7 80 d7 a6 a1 e8 39 06 d5 fe 48 89 df 4c 89 fe e9 34 fb ff ff 0f 0b e9 89 fb ff ff <0f> 0b e9 f0 fc ff ff 48 c7 c1 80 44 5d a0 80 e1 07 80 c1 03 38 c1
00073 RSP: 0018:ffffc900097c76d8 EFLAGS: 00010246
00073 RAX: 0000000000000000 RBX: ffff88802ce9d6c0 RCX: 0000000000000046
00073 RDX: 0000000000000000 RSI: ffff88802ce9d750 RDI: ffff88811b49caf0
00073 RBP: ffff88802d5d0000 R08: ffffffff83a16803 R09: 1ffffffff0742d00
00073 R10: dffffc0000000000 R11: fffffbfff0742d01 R12: dffffc0000000000
00073 R13: 1ffff110059d3af1 R14: ffffc900097c7790 R15: ffff88802ce9d788
00073 FS:  00007fe541623740(0000) GS:ffff8881d4b2d000(0000) knlGS:0000000000000000
00073 CS:  0010 DS: 0000 ES: 0000 CR0: 0000000080050033
00073 CR2: 000055beab142710 CR3: 000000002abdc000 CR4: 0000000000750eb0
00073 PKRU: 55555554
00073 Call Trace:
00073  <TASK>
00073  ll_prep_inode+0x682/0x1310 [lustre]
00073  ? lustre_swab_barrier_lvb+0xd0/0xd0 [ptlrpc]
00073  ll_lookup_it+0x168c/0x4650 [lustre]
00073  ? encode_fn_len+0xd3/0xb10 [obdclass]
00073  ll_lookup_nd+0x2a7/0x4f0 [lustre]
00073  __lookup_slow+0x1a2/0x260
00073  lookup_slow+0x53/0x70
00073  path_lookupat+0x2d0/0x6d0
00073  filename_lookup+0x18f/0x340
00073  vfs_statx+0x6a/0x3c0
00073  ? do_getname+0xb3/0x190
00073  vfs_fstatat+0xa6/0xd0
00073  __x64_sys_newfstatat+0xb2/0x2c0
00073  ? exc_page_fault+0x61/0xa0
00073  ? do_user_addr_fault+0x385/0xc20
00073  ? fpregs_assert_state_consistent+0x4f/0xe0
00073  do_syscall_64+0xc1/0x350
00073  entry_SYSCALL_64_after_hwframe+0x4b/0x53
00073 RIP: 0033:0x7fe5415173ee
00073 Code: 0f 1f 40 00 48 8b 15 29 ba 0e 00 f7 d8 64 89 02 b8 ff ff ff ff c3 66 0f 1f 44 00 00 f3 0f 1e fa 41 89 ca b8 06 01 00 00 0f 05 <3d> 00 f0 ff ff 77 0b 31 c0 c3 0f 1f 84 00 00 00 00 00 48 8b 15 f1
00073 RSP: 002b:00007ffe6bc66ec8 EFLAGS: 00000246 ORIG_RAX: 0000000000000106
00073 RAX: ffffffffffffffda RBX: 00007ffe6bc67128 RCX: 00007fe5415173ee
00073 RDX: 00007ffe6bc66f30 RSI: 00007ffe6bc68815 RDI: 00000000ffffff9c
00073 RBP: 00007fe541603248 R08: 0000000000000000 R09: 0000000000000000
00073 R10: 0000000000000100 R11: 0000000000000246 R12: 0000000000000007
00073 R13: 00007ffe6bc68815 R14: 0000000000000001 R15: 00007ffe6bc66f30
00073  </TASK>
00073 ---[ end trace 0000000000000000 ]---
00073 /mnt/lustre/d12.sanity/f12.sanity has type file OK
00073 /mnt/lustre/d12.sanity/f12.sanity has perms 0654 OK
00074 PASS 12 (0s)
00074 
00074 == sanity test 13: creat .../d13/f; dd .../d13/f; > .../d13/f ================================================================== 09:17:04 (1785143824)
00074 Lustre: DEBUG MARKER: == sanity test 13: creat .../d13/f; dd .../d13/f; > .../d13/f ================================================================== 09:17:04 (1785143824)
00074 ------------[ cut here ]------------
00074 WARNING: /home/ktest/git/linux/include/linux/fs.h:889 at osd_create+0x9cf/0xcf0 [osd_wbcfs], CPU#1: mdt00_000/1728
00074 Modules linked in: ofd(O) osp(O) mdd(O) lod(O) mdt(O) lquota(O) lfsck(O) mgs(O) osd_wbcfs(O) lustre(O) obdecho(O) mgc(O) mdc(O) lov(O) osc(O) lmv(O) ec(O) fid(O) fld(O) ptlrpc(O) efivarfs obdclass(O) ksocklnd(O) lnet(O) libcfs(O)
00074 CPU: 1 UID: 0 PID: 1728 Comm: mdt00_000 Tainted: G        W  O        7.0.0-ktest-fa4bb62-6330a45-20260727-dirty #1 PREEMPT 
00074 Tainted: [W]=WARN, [O]=OOT_MODULE
00074 Hardware name: QEMU Standard PC (Q35 + ICH9, 2009), BIOS 2025.11-3ubuntu7 03/31/2026
00074 RIP: 0010:osd_create+0x9cf/0xcf0 [osd_wbcfs]
00074 Code: c7 c7 00 96 7b a1 48 c7 c6 a0 12 7d a1 48 c7 c2 00 1c 7d a1 e8 52 f1 43 ff 48 c7 c7 00 96 7b a1 e8 46 81 44 ff e9 fe fc ff ff <0f> 0b e9 a5 fa ff ff 48 c7 c1 80 44 5d a0 80 e1 07 80 c1 03 38 c1
00074 RSP: 0018:ffffc9000484f5a8 EFLAGS: 00010246
00074 RAX: 0000000000000000 RBX: ffff888133c24000 RCX: 0000000000000046
00074 RDX: 0000000000000000 RSI: ffff888134e089e8 RDI: ffff88802c03cb18
00074 RBP: ffff888134e08958 R08: ffff88810702e0c3 R09: 1ffff11020e05c18
00074 R10: dffffc0000000000 R11: ffffed1020e05c19 R12: ffff88802c7bc2c8
00074 R13: dffffc0000000000 R14: 1ffff11026784800 R15: 1ffff11005a2e4c8
00074 FS:  0000000000000000(0000) GS:ffff8881d4aad000(0000) knlGS:0000000000000000
00074 CS:  0010 DS: 0000 ES: 0000 CR0: 0000000080050033
00074 CR2: 00007f0623e053e8 CR3: 0000000004274000 CR4: 0000000000750eb0
00074 PKRU: 55555554
00074 Call Trace:
00074  <TASK>
00074  ? lod_sub_create+0x168a/0x1940 [lod]
00074  ? lod_create+0x10d/0x720 [lod]
00074  ? mdd_create_object_internal+0x18f/0x320 [mdd]
00074  ? mdd_create_object+0xab/0x1ce0 [mdd]
00074  ? mdd_create+0x2032/0x4110 [mdd]
00074  ? mdt_reint_create+0x2768/0x4e80 [mdt]
00074  ? mdt_reint_rec+0x10f/0x530 [mdt]
00074  ? mdt_reint_internal+0x9d5/0x11a0 [mdt]
00074  ? tsi2mdt_info+0x319/0x520 [mdt]
00074  ? mdt_reint+0x115/0x270 [mdt]
00074  ? tgt_request_handle+0x23ad/0x3d30 [ptlrpc]
00074  ? ptlrpc_main+0x6359/0x96f0 [ptlrpc]
00074  ? __kthread_parkme+0x73/0x130
00074  ? kthread+0x2cd/0x3a0
00074  ? ptlrpc_start_thread+0x1f10/0x1f10 [ptlrpc]
00074  ? kthread_unuse_mm+0x130/0x130
00074  ? ret_from_fork+0x18c/0x520
00074  ? kthread_unuse_mm+0x130/0x130
00074  ? ret_from_fork_asm+0x11/0x20
00074  </TASK>
00074 ---[ end trace 0000000000000000 ]---
00074 LustreError: 1734:0:(osd_dirent.c:113:osd_index_dir_insert()) lustre-MDT0000: lookup [0x240000402:0x3:0x0] from icache failed: rc=-22
00074 Lustre: 1734:0:(out_handler.c:886:out_tx_end()) lustre-MDT0000-osd: error during execution of #0 from lustre/ptlrpc/../target/out_handler.c:535: rc = -22
00074 mkdir: cannot create directory '/mnt/lustre/d13.sanity': Invalid argument
00074  sanity test_13: @@@@@@ FAIL: mkdir '/mnt/lustre/d13.sanity' failed 
00074 Lustre: DEBUG MARKER: sanity test_13: @@@@@@ FAIL: mkdir '/mnt/lustre/d13.sanity' failed
00074   Trace dump:
00074   = /host/home/ktest/git/lustre-release/lustre/tests/test-framework.sh:7447:error()
00074   = /host/home/ktest/git/lustre-release/lustre/tests/test-framework.sh:10495:test_mkdir()
00074   = /host/home/ktest/git/lustre-release/lustre/tests/sanity.sh:569:test_13()
00074   = /host/home/ktest/git/lustre-release/lustre/tests/test-framework.sh:7823:run_one()
00074   = /host/home/ktest/git/lustre-release/lustre/tests/test-framework.sh:7886:run_one_logged()
00074   = /host/home/ktest/git/lustre-release/lustre/tests/test-framework.sh:7686:run_test()
00074   = /host/home/ktest/git/lustre-release/lustre/tests/sanity.sh:575:main()
00074 Dumping lctl log to /tmp/test_logs/2026-07-27/091652/sanity.test_13.*.1785143825.log
00074 Dumping logs only on local client.
00074 FAIL 13 (1s)
00074 
00074 == sanity test 14: touch .../d14/f; rm .../d14/f; rm .../d14/f ================================================================= 09:17:05 (1785143825)
00075 Lustre: DEBUG MARKER: == sanity test 14: touch .../d14/f; rm .../d14/f; rm .../d14/f ================================================================= 09:17:05 (1785143825)
00075 ------------[ cut here ]------------
00075 WARNING: /home/ktest/git/linux/include/linux/fs.h:889 at osd_create+0x9cf/0xcf0 [osd_wbcfs], CPU#3: mdt00_003/1835
00075 Modules linked in: ofd(O) osp(O) mdd(O) lod(O) mdt(O) lquota(O) lfsck(O) mgs(O) osd_wbcfs(O) lustre(O) obdecho(O) mgc(O) mdc(O) lov(O) osc(O) lmv(O) ec(O) fid(O) fld(O) ptlrpc(O) efivarfs obdclass(O) ksocklnd(O) lnet(O) libcfs(O)
00075 CPU: 3 UID: 0 PID: 1835 Comm: mdt00_003 Tainted: G        W  O        7.0.0-ktest-fa4bb62-6330a45-20260727-dirty #1 PREEMPT 
00075 Tainted: [W]=WARN, [O]=OOT_MODULE
00075 Hardware name: QEMU Standard PC (Q35 + ICH9, 2009), BIOS 2025.11-3ubuntu7 03/31/2026
00075 RIP: 0010:osd_create+0x9cf/0xcf0 [osd_wbcfs]
00075 Code: c7 c7 00 96 7b a1 48 c7 c6 a0 12 7d a1 48 c7 c2 00 1c 7d a1 e8 52 f1 43 ff 48 c7 c7 00 96 7b a1 e8 46 81 44 ff e9 fe fc ff ff <0f> 0b e9 a5 fa ff ff 48 c7 c1 80 44 5d a0 80 e1 07 80 c1 03 38 c1
00075 RSP: 0018:ffffc90001f3f5a8 EFLAGS: 00010246
00075 RAX: 0000000000000000 RBX: ffff888117834c00 RCX: 0000000000000046
00075 RDX: 0000000000000000 RSI: ffff888134e0e620 RDI: ffff88803c43aa58
00075 RBP: ffff888134e0e590 R08: ffff88810702e243 R09: 1ffff11020e05c48
00075 R10: dffffc0000000000 R11: ffffed1020e05c49 R12: ffff8880191ea2c8
00075 R13: dffffc0000000000 R14: 1ffff11022f06980 R15: 1ffff11026f128c8
00075 FS:  0000000000000000(0000) GS:ffff8881d4bad000(0000) knlGS:0000000000000000
00075 CS:  0010 DS: 0000 ES: 0000 CR0: 0000000080050033
00075 CR2: 00007f5e6e8ee200 CR3: 0000000004274000 CR4: 0000000000750eb0
00075 PKRU: 55555554
00075 Call Trace:
00075  <TASK>
00075  ? lod_sub_create+0x168a/0x1940 [lod]
00075  ? dt_write_lock+0x16d/0x2a0 [obdclass]
00075  ? lod_create+0x10d/0x720 [lod]
00075  ? mdd_create_object_internal+0x18f/0x320 [mdd]
00075  ? mdd_create_object+0xab/0x1ce0 [mdd]
00075  ? mdd_create+0x2032/0x4110 [mdd]
00075  ? mdt_reint_create+0x2768/0x4e80 [mdt]
00075  ? mdt_reint_rec+0x10f/0x530 [mdt]
00075  ? mdt_reint_internal+0x9d5/0x11a0 [mdt]
00075  ? tsi2mdt_info+0x319/0x520 [mdt]
00075  ? mdt_reint+0x115/0x270 [mdt]
00075  ? tgt_request_handle+0x23ad/0x3d30 [ptlrpc]
00075  ? ptlrpc_main+0x6359/0x96f0 [ptlrpc]
00075  ? __kthread_parkme+0x73/0x130
00075  ? kthread+0x2cd/0x3a0
00075  ? ptlrpc_start_thread+0x1f10/0x1f10 [ptlrpc]
00075  ? kthread_unuse_mm+0x130/0x130
00075  ? ret_from_fork+0x18c/0x520
00075  ? kthread_unuse_mm+0x130/0x130
00075  ? ret_from_fork_asm+0x11/0x20
00075  </TASK>
00075 ---[ end trace 0000000000000000 ]---
00075 ------------[ cut here ]------------
00075 WARNING: /home/ktest/git/linux/include/linux/fs.h:889 at ll_iget+0x592/0x850 [lustre], CPU#0: mkdir/3494
00075 Modules linked in: ofd(O) osp(O) mdd(O) lod(O) mdt(O) lquota(O) lfsck(O) mgs(O) osd_wbcfs(O) lustre(O) obdecho(O) mgc(O) mdc(O) lov(O) osc(O) lmv(O) ec(O) fid(O) fld(O) ptlrpc(O) efivarfs obdclass(O) ksocklnd(O) lnet(O) libcfs(O)
00075 CPU: 0 UID: 0 PID: 3494 Comm: mkdir Tainted: G        W  O        7.0.0-ktest-fa4bb62-6330a45-20260727-dirty #1 PREEMPT 
00075 Tainted: [W]=WARN, [O]=OOT_MODULE
00075 Hardware name: QEMU Standard PC (Q35 + ICH9, 2009), BIOS 2025.11-3ubuntu7 03/31/2026
00075 RIP: 0010:ll_iget+0x592/0x850 [lustre]
00075 Code: 48 c7 c6 40 52 76 a1 48 c7 c2 80 52 76 a1 e8 45 76 d4 fe 48 c7 c7 80 d7 a6 a1 e8 39 06 d5 fe 48 89 df 4c 89 fe e9 34 fb ff ff <0f> 0b e9 89 fb ff ff 0f 0b e9 f0 fc ff ff 48 c7 c1 80 44 5d a0 80
00075 RSP: 0018:ffffc90009b779f0 EFLAGS: 00010246
00075 RAX: 0000000000000000 RBX: ffff888130980140 RCX: 0000000000000046
00075 RDX: 0000000000000000 RSI: ffff8881309801d0 RDI: ffff88802c030998
00075 RBP: ffff88802d5d0000 R08: ffff8881383b8883 R09: 1ffff11027077110
00075 R10: dffffc0000000000 R11: ffffed1027077111 R12: dffffc0000000000
00075 R13: dffffc0000000000 R14: ffffc90009b77aa8 R15: 0200000402000006
00075 FS:  00007ff1a6035d00(0000) GS:ffff8881d4a2d000(0000) knlGS:0000000000000000
00075 CS:  0010 DS: 0000 ES: 0000 CR0: 0000000080050033
00075 CR2: 000055beab1478f0 CR3: 000000002bf83000 CR4: 0000000000750eb0
00075 PKRU: 55555554
00075 Call Trace:
00075  <TASK>
00075  ll_prep_inode+0x682/0x1310 [lustre]
00075  ll_new_node_finish+0x179/0x930 [lustre]
00075  ll_new_node+0xd7f/0x1740 [lustre]
00075  ll_mkdir+0x44e/0xf10 [lustre]
00075  vfs_mkdir+0x3c0/0x630
00075  filename_mkdirat+0x14c/0x300
00075  __x64_sys_mkdir+0x74/0x140
00075  do_syscall_64+0xc1/0x350
00075  entry_SYSCALL_64_after_hwframe+0x4b/0x53
00075 RIP: 0033:0x7ff1a5f1b05b
00075 Code: 0f 1e fa 48 89 f2 b9 00 01 00 00 48 89 fe bf 9c ff ff ff e9 97 c3 ff ff 0f 1f 80 00 00 00 00 f3 0f 1e fa b8 53 00 00 00 0f 05 <48> 3d 00 f0 ff ff 77 05 c3 0f 1f 40 00 48 8b 15 89 7d 0e 00 f7 d8
00075 RSP: 002b:00007ffeb8ffd768 EFLAGS: 00000246 ORIG_RAX: 0000000000000053
00075 RAX: ffffffffffffffda RBX: 00007ffeb8fff842 RCX: 00007ff1a5f1b05b
00075 RDX: 0000000000000000 RSI: 00000000000001ff RDI: 00007ffeb8fff842
00075 RBP: 00007ffeb8ffd880 R08: 00000000000001ff R09: 0000000000000000
00075 R10: 000056186747827e R11: 0000000000000246 R12: 00000000000001ff
00075 R13: 0000000000000000 R14: 0000000000000000 R15: 0000000000000000
00075  </TASK>
00075 ---[ end trace 0000000000000000 ]---
00075 ------------[ cut here ]------------
00075 WARNING: /home/ktest/git/linux/include/linux/fs.h:889 at ll_iget+0x592/0x850 [lustre], CPU#1: touch/3495
00075 Modules linked in: ofd(O) osp(O) mdd(O) lod(O) mdt(O) lquota(O) lfsck(O) mgs(O) osd_wbcfs(O) lustre(O) obdecho(O) mgc(O) mdc(O) lov(O) osc(O) lmv(O) ec(O) fid(O) fld(O) ptlrpc(O) efivarfs obdclass(O) ksocklnd(O) lnet(O) libcfs(O)
00075 CPU: 1 UID: 0 PID: 3495 Comm: touch Tainted: G        W  O        7.0.0-ktest-fa4bb62-6330a45-20260727-dirty #1 PREEMPT 
00075 Tainted: [W]=WARN, [O]=OOT_MODULE
00075 Hardware name: QEMU Standard PC (Q35 + ICH9, 2009), BIOS 2025.11-3ubuntu7 03/31/2026
00075 RIP: 0010:ll_iget+0x592/0x850 [lustre]
00075 Code: 48 c7 c6 40 52 76 a1 48 c7 c2 80 52 76 a1 e8 45 76 d4 fe 48 c7 c7 80 d7 a6 a1 e8 39 06 d5 fe 48 89 df 4c 89 fe e9 34 fb ff ff <0f> 0b e9 89 fb ff ff 0f 0b e9 f0 fc ff ff 48 c7 c1 80 44 5d a0 80
00075 RSP: 0018:ffffc90009ac7610 EFLAGS: 00010246
00075 RAX: 0000000000000000 RBX: ffff888130980140 RCX: 0000000000000046
00075 RDX: 0000000000000000 RSI: ffff8881309801d0 RDI: ffff88802b74caf0
00075 RBP: ffff88802d5d0000 R08: ffffffff83a16803 R09: 1ffffffff0742d00
00075 R10: dffffc0000000000 R11: fffffbfff0742d01 R12: dffffc0000000000
00075 R13: dffffc0000000000 R14: ffffc90009ac76c8 R15: 0200000402000006
00075 FS:  00007f950f3f7740(0000) GS:ffff8881d4aad000(0000) knlGS:0000000000000000
00075 CS:  0010 DS: 0000 ES: 0000 CR0: 0000000080050033
00075 CR2: 00007f950f0f59d0 CR3: 000000007467d000 CR4: 0000000000750eb0
00075 PKRU: 55555554
00075 Call Trace:
00075  <TASK>
00075  ll_prep_inode+0x682/0x1310 [lustre]
00075  ? lustre_swab_barrier_lvb+0xd0/0xd0 [ptlrpc]
00075  ll_lookup_it+0x168c/0x4650 [lustre]
00075  ? d_alloc_parallel+0xe4f/0xfb0
00075  ll_lookup_nd+0x2a7/0x4f0 [lustre]
00075  __lookup_slow+0x1a2/0x260
00075  lookup_slow+0x53/0x70
00075  link_path_walk+0xac4/0x13d0
00075  path_openat+0x236/0x2630
00075  ? kasan_save_track+0x2f/0x60
00075  ? kmem_cache_alloc_noprof+0xea/0x3d0
00075  ? do_getname+0x67/0x190
00075  ? __x64_sys_openat+0xf8/0x120
00075  ? do_syscall_64+0xc1/0x350
00075  ? filemap_map_pages+0x14c/0x1210
00075  do_file_open+0x19b/0x360
00075  ? _raw_spin_unlock+0x23/0x40
00075  ? alloc_fd+0x42c/0x480
00075  do_sys_openat2+0x84/0xf0
00075  __x64_sys_openat+0xf8/0x120
00075  do_syscall_64+0xc1/0x350
00075  entry_SYSCALL_64_after_hwframe+0x4b/0x53
00075 RIP: 0033:0x7f950f11b1a5
00075 Code: 83 e2 40 75 50 89 f0 f7 d0 a9 00 00 41 00 74 45 80 3d ae fe 0e 00 00 74 60 89 da 4c 89 e6 bf 9c ff ff ff b8 01 01 00 00 0f 05 <48> 3d 00 f0 ff ff 0f 87 7f 00 00 00 48 8b 55 b8 64 48 2b 14 25 28
00075 RSP: 002b:00007ffda2bfcda0 EFLAGS: 00000202 ORIG_RAX: 0000000000000101
00075 RAX: ffffffffffffffda RBX: 0000000000000941 RCX: 00007f950f11b1a5
00075 RDX: 0000000000000941 RSI: 00007ffda2bfe837 RDI: 00000000ffffff9c
00075 RBP: 00007ffda2bfce10 R08: 00000000ffffffff R09: 0000000000000000
00075 R10: 00000000000001b6 R11: 0000000000000202 R12: 00007ffda2bfe837
00075 R13: 00007f950f203248 R14: 0000000000000000 R15: 0000000000000001
00075  </TASK>
00075 ---[ end trace 0000000000000000 ]---
00075 ------------[ cut here ]------------
00075 WARNING: /home/ktest/git/linux/include/linux/fs.h:889 at ll_iget+0x599/0x850 [lustre], CPU#1: touch/3495
00075 Modules linked in: ofd(O) osp(O) mdd(O) lod(O) mdt(O) lquota(O) lfsck(O) mgs(O) osd_wbcfs(O) lustre(O) obdecho(O) mgc(O) mdc(O) lov(O) osc(O) lmv(O) ec(O) fid(O) fld(O) ptlrpc(O) efivarfs obdclass(O) ksocklnd(O) lnet(O) libcfs(O)
00075 CPU: 1 UID: 0 PID: 3495 Comm: touch Tainted: G        W  O        7.0.0-ktest-fa4bb62-6330a45-20260727-dirty #1 PREEMPT 
00075 Tainted: [W]=WARN, [O]=OOT_MODULE
00075 Hardware name: QEMU Standard PC (Q35 + ICH9, 2009), BIOS 2025.11-3ubuntu7 03/31/2026
00075 RIP: 0010:ll_iget+0x599/0x850 [lustre]
00075 Code: 48 c7 c2 80 52 76 a1 e8 45 76 d4 fe 48 c7 c7 80 d7 a6 a1 e8 39 06 d5 fe 48 89 df 4c 89 fe e9 34 fb ff ff 0f 0b e9 89 fb ff ff <0f> 0b e9 f0 fc ff ff 48 c7 c1 80 44 5d a0 80 e1 07 80 c1 03 38 c1
00075 RSP: 0018:ffffc90009ac7610 EFLAGS: 00010246
00075 RAX: 0000000000000000 RBX: ffff888130980140 RCX: 0000000000000046
00075 RDX: 0000000000000000 RSI: ffff8881309801d0 RDI: ffff88802b74caf0
00075 RBP: ffff88802d5d0000 R08: ffffffff83a16803 R09: 1ffffffff0742d00
00075 R10: dffffc0000000000 R11: fffffbfff0742d01 R12: dffffc0000000000
00075 R13: 1ffff11026130041 R14: ffffc90009ac76c8 R15: ffff888130980208
00075 FS:  00007f950f3f7740(0000) GS:ffff8881d4aad000(0000) knlGS:0000000000000000
00075 CS:  0010 DS: 0000 ES: 0000 CR0: 0000000080050033
00075 CR2: 00007f950f0f59d0 CR3: 000000007467d000 CR4: 0000000000750eb0
00075 PKRU: 55555554
00075 Call Trace:
00075  <TASK>
00075  ll_prep_inode+0x682/0x1310 [lustre]
00075  ? lustre_swab_barrier_lvb+0xd0/0xd0 [ptlrpc]
00075  ll_lookup_it+0x168c/0x4650 [lustre]
00075  ? d_alloc_parallel+0xe4f/0xfb0
00075  ll_lookup_nd+0x2a7/0x4f0 [lustre]
00075  __lookup_slow+0x1a2/0x260
00075  lookup_slow+0x53/0x70
00075  link_path_walk+0xac4/0x13d0
00075  path_openat+0x236/0x2630
00075  ? kasan_save_track+0x2f/0x60
00075  ? kmem_cache_alloc_noprof+0xea/0x3d0
00075  ? do_getname+0x67/0x190
00075  ? __x64_sys_openat+0xf8/0x120
00075  ? do_syscall_64+0xc1/0x350
00075  ? filemap_map_pages+0x14c/0x1210
00075  do_file_open+0x19b/0x360
00075  ? _raw_spin_unlock+0x23/0x40
00075  ? alloc_fd+0x42c/0x480
00075  do_sys_openat2+0x84/0xf0
00075  __x64_sys_openat+0xf8/0x120
00075  do_syscall_64+0xc1/0x350
00075  entry_SYSCALL_64_after_hwframe+0x4b/0x53
00075 RIP: 0033:0x7f950f11b1a5
00075 Code: 83 e2 40 75 50 89 f0 f7 d0 a9 00 00 41 00 74 45 80 3d ae fe 0e 00 00 74 60 89 da 4c 89 e6 bf 9c ff ff ff b8 01 01 00 00 0f 05 <48> 3d 00 f0 ff ff 0f 87 7f 00 00 00 48 8b 55 b8 64 48 2b 14 25 28
00075 RSP: 002b:00007ffda2bfcda0 EFLAGS: 00000202 ORIG_RAX: 0000000000000101
00075 RAX: ffffffffffffffda RBX: 0000000000000941 RCX: 00007f950f11b1a5
00075 RDX: 0000000000000941 RSI: 00007ffda2bfe837 RDI: 00000000ffffff9c
00075 RBP: 00007ffda2bfce10 R08: 00000000ffffffff R09: 0000000000000000
00075 R10: 00000000000001b6 R11: 0000000000000202 R12: 00007ffda2bfe837
00075 R13: 00007f950f203248 R14: 0000000000000000 R15: 0000000000000001
00075  </TASK>
00075 ---[ end trace 0000000000000000 ]---
00075 ------------[ cut here ]------------
00075 WARNING: /home/ktest/git/linux/include/linux/fs.h:889 at osd_create+0x9cf/0xcf0 [osd_wbcfs], CPU#3: mdt00_002/1730
00075 Modules linked in: ofd(O) osp(O) mdd(O) lod(O) mdt(O) lquota(O) lfsck(O) mgs(O) osd_wbcfs(O) lustre(O) obdecho(O) mgc(O) mdc(O) lov(O) osc(O) lmv(O) ec(O) fid(O) fld(O) ptlrpc(O) efivarfs obdclass(O) ksocklnd(O) lnet(O) libcfs(O)
00075 CPU: 3 UID: 0 PID: 1730 Comm: mdt00_002 Tainted: G        W  O        7.0.0-ktest-fa4bb62-6330a45-20260727-dirty #1 PREEMPT 
00075 Tainted: [W]=WARN, [O]=OOT_MODULE
00075 Hardware name: QEMU Standard PC (Q35 + ICH9, 2009), BIOS 2025.11-3ubuntu7 03/31/2026
00075 RIP: 0010:osd_create+0x9cf/0xcf0 [osd_wbcfs]
00075 Code: c7 c7 00 96 7b a1 48 c7 c6 a0 12 7d a1 48 c7 c2 00 1c 7d a1 e8 52 f1 43 ff 48 c7 c7 00 96 7b a1 e8 46 81 44 ff e9 fe fc ff ff <0f> 0b e9 a5 fa ff ff 48 c7 c1 80 44 5d a0 80 e1 07 80 c1 03 38 c1
00075 RSP: 0018:ffffc90000a172e8 EFLAGS: 00010246
00075 RAX: 0000000000000000 RBX: ffff888117836800 RCX: 0000000000000046
00075 RDX: 0000000000000000 RSI: ffff888134e0df08 RDI: ffff88802c038998
00075 RBP: ffff888134e0de78 R08: ffff88810702e243 R09: 1ffff11020e05c48
00075 R10: dffffc0000000000 R11: ffffed1020e05c49 R12: ffff88802d5fe2c8
00075 R13: dffffc0000000000 R14: 1ffff11022f06d00 R15: 1ffff110077f7ec8
00075 FS:  0000000000000000(0000) GS:ffff8881d4bad000(0000) knlGS:0000000000000000
00075 CS:  0010 DS: 0000 ES: 0000 CR0: 0000000080050033
00075 CR2: 00007f5e6e8ee200 CR3: 0000000004274000 CR4: 0000000000750eb0
00075 PKRU: 55555554
00075 Call Trace:
00075  <TASK>
00075  ? lod_sub_create+0x168a/0x1940 [lod]
00075  ? dt_write_lock+0x16d/0x2a0 [obdclass]
00075  ? lod_create+0x10d/0x720 [lod]
00075  ? mdd_create_object_internal+0x18f/0x320 [mdd]
00075  ? mdd_create_object+0xab/0x1ce0 [mdd]
00075  ? mdd_create+0x2032/0x4110 [mdd]
00075  ? lustre_msg_get_versions+0x49/0x160 [ptlrpc]
00075  ? mdt_reint_open+0x434b/0x8480 [mdt]
00075  ? mdt_reint_rec+0x10f/0x530 [mdt]
00075  ? mdt_reint_internal+0x9d5/0x11a0 [mdt]
00075  ? mdt_intent_open+0x18b/0x9a0 [mdt]
00075  ? mdt_intent_policy+0x1639/0x2300 [mdt]
00075  ? mdt_register_lwp_callback+0x620/0x620 [mdt]
00075  ? mdt_seq_init+0x1ef0/0x1ef0 [mdt]
00075  ? ldlm_lock_enqueue+0x221/0x16c0 [ptlrpc]
00075  ? ldlm_handle_enqueue+0x139f/0x3250 [ptlrpc]
00075  ? tgt_enqueue+0x19b/0x550 [ptlrpc]
00075  ? tgt_request_handle+0x23ad/0x3d30 [ptlrpc]
00075  ? ptlrpc_main+0x6359/0x96f0 [ptlrpc]
00075  ? __kthread_parkme+0x73/0x130
00075  ? kthread+0x2cd/0x3a0
00075  ? ptlrpc_start_thread+0x1f10/0x1f10 [ptlrpc]
00075  ? kthread_unuse_mm+0x130/0x130
00075  ? ret_from_fork+0x18c/0x520
00075  ? kthread_unuse_mm+0x130/0x130
00075  ? ret_from_fork_asm+0x11/0x20
00075  </TASK>
00075 ---[ end trace 0000000000000000 ]---
00075 ------------[ cut here ]------------
00075 WARNING: /home/ktest/git/linux/include/linux/fs.h:889 at ll_iget+0x592/0x850 [lustre], CPU#1: touch/3495
00075 Modules linked in: ofd(O) osp(O) mdd(O) lod(O) mdt(O) lquota(O) lfsck(O) mgs(O) osd_wbcfs(O) lustre(O) obdecho(O) mgc(O) mdc(O) lov(O) osc(O) lmv(O) ec(O) fid(O) fld(O) ptlrpc(O) efivarfs obdclass(O) ksocklnd(O) lnet(O) libcfs(O)
00075 CPU: 1 UID: 0 PID: 3495 Comm: touch Tainted: G        W  O        7.0.0-ktest-fa4bb62-6330a45-20260727-dirty #1 PREEMPT 
00075 Tainted: [W]=WARN, [O]=OOT_MODULE
00075 Hardware name: QEMU Standard PC (Q35 + ICH9, 2009), BIOS 2025.11-3ubuntu7 03/31/2026
00075 RIP: 0010:ll_iget+0x592/0x850 [lustre]
00075 Code: 48 c7 c6 40 52 76 a1 48 c7 c2 80 52 76 a1 e8 45 76 d4 fe 48 c7 c7 80 d7 a6 a1 e8 39 06 d5 fe 48 89 df 4c 89 fe e9 34 fb ff ff <0f> 0b e9 89 fb ff ff 0f 0b e9 f0 fc ff ff 48 c7 c1 80 44 5d a0 80
00075 RSP: 0018:ffffc90009ac76c8 EFLAGS: 00010246
00075 RAX: 0000000000000000 RBX: ffff88802ce34880 RCX: 0000000000000046
00075 RDX: 0000000000000000 RSI: ffff88802ce34910 RDI: ffff88802b74cb18
00075 RBP: ffff88802d5d0000 R08: ffff8881383b8883 R09: 1ffff11027077110
00075 R10: dffffc0000000000 R11: ffffed1027077111 R12: dffffc0000000000
00075 R13: dffffc0000000000 R14: ffffc90009ac7780 R15: 0200000402000007
00075 FS:  00007f950f3f7740(0000) GS:ffff8881d4aad000(0000) knlGS:0000000000000000
00075 CS:  0010 DS: 0000 ES: 0000 CR0: 0000000080050033
00075 CR2: 00007f950f0f59d0 CR3: 000000007467d000 CR4: 0000000000750eb0
00075 PKRU: 55555554
00075 Call Trace:
00075  <TASK>
00075  ll_prep_inode+0x682/0x1310 [lustre]
00075  ll_create_it+0x52f/0x15d0 [lustre]
00075  ll_lookup_it+0x2bac/0x4650 [lustre]
00075  ? __alloc_tagging_slab_alloc_hook+0x136/0x190
00075  ll_atomic_open+0x950/0x1690 [lustre]
00075  atomic_open+0x162/0x320
00075  path_openat+0xcda/0x2630
00075  do_file_open+0x19b/0x360
00075  ? _raw_spin_unlock+0x23/0x40
00075  ? alloc_fd+0x42c/0x480
00075  do_sys_openat2+0x84/0xf0
00075  __x64_sys_openat+0xf8/0x120
00075  do_syscall_64+0xc1/0x350
00075  entry_SYSCALL_64_after_hwframe+0x4b/0x53
00075 RIP: 0033:0x7f950f11b1a5
00075 Code: 83 e2 40 75 50 89 f0 f7 d0 a9 00 00 41 00 74 45 80 3d ae fe 0e 00 00 74 60 89 da 4c 89 e6 bf 9c ff ff ff b8 01 01 00 00 0f 05 <48> 3d 00 f0 ff ff 0f 87 7f 00 00 00 48 8b 55 b8 64 48 2b 14 25 28
00075 RSP: 002b:00007ffda2bfcda0 EFLAGS: 00000202 ORIG_RAX: 0000000000000101
00075 RAX: ffffffffffffffda RBX: 0000000000000941 RCX: 00007f950f11b1a5
00075 RDX: 0000000000000941 RSI: 00007ffda2bfe837 RDI: 00000000ffffff9c
00075 RBP: 00007ffda2bfce10 R08: 00000000ffffffff R09: 0000000000000000
00075 R10: 00000000000001b6 R11: 0000000000000202 R12: 00007ffda2bfe837
00075 R13: 00007f950f203248 R14: 0000000000000000 R15: 0000000000000001
00075  </TASK>
00075 ---[ end trace 0000000000000000 ]---
00075 ------------[ cut here ]------------
00075 WARNING: /home/ktest/git/linux/include/linux/fs.h:889 at cl_file_inode_init+0x5f8/0x7a0 [lustre], CPU#1: touch/3495
00075 Modules linked in: ofd(O) osp(O) mdd(O) lod(O) mdt(O) lquota(O) lfsck(O) mgs(O) osd_wbcfs(O) lustre(O) obdecho(O) mgc(O) mdc(O) lov(O) osc(O) lmv(O) ec(O) fid(O) fld(O) ptlrpc(O) efivarfs obdclass(O) ksocklnd(O) lnet(O) libcfs(O)
00075 CPU: 1 UID: 0 PID: 3495 Comm: touch Tainted: G        W  O        7.0.0-ktest-fa4bb62-6330a45-20260727-dirty #1 PREEMPT 
00075 Tainted: [W]=WARN, [O]=OOT_MODULE
00075 Hardware name: QEMU Standard PC (Q35 + ICH9, 2009), BIOS 2025.11-3ubuntu7 03/31/2026
00075 RIP: 0010:cl_file_inode_init+0x5f8/0x7a0 [lustre]
00075 Code: c7 c7 c0 b3 a8 a1 48 c7 c6 c0 e3 76 a1 48 c7 c2 00 e4 76 a1 e8 d9 4e cf fe 48 c7 c7 c0 b3 a8 a1 e8 cd de cf fe e9 eb fb ff ff <0f> 0b e9 63 fc ff ff c7 05 cf c6 17 00 00 00 04 00 48 c7 c7 c0 b6
00075 RSP: 0018:ffffc90009ac74c0 EFLAGS: 00010246
00075 RAX: 0000000000000000 RBX: ffff88802ce34880 RCX: 0000000000000046
00075 RDX: ffff88802ce347ac RSI: ffff88802ce34910 RDI: ffff88802b74cb18
00075 RBP: dffffc0000000000 R08: ffff88810702e0c3 R09: 1ffff11020e05c18
00075 R10: dffffc0000000000 R11: ffffed1020e05c19 R12: ffff88803c8709c8
00075 R13: 1ffff110059c6a48 R14: ffff88802ce35240 R15: ffff88811a12f000
00075 FS:  00007f950f3f7740(0000) GS:ffff8881d4aad000(0000) knlGS:0000000000000000
00075 CS:  0010 DS: 0000 ES: 0000 CR0: 0000000080050033
00075 CR2: 00007f950f0f59d0 CR3: 000000007467d000 CR4: 0000000000750eb0
00075 PKRU: 55555554
00075 Call Trace:
00075  <TASK>
00075  ll_update_inode+0xfa/0x3ef0 [lustre]
00075  ? report_bug+0x87/0xc0
00075  ? inode_set_ctime_to_ts+0x7f/0x1b0
00075  ll_read_inode2+0x23d/0x9f0 [lustre]
00075  ll_iget+0x201/0x850 [lustre]
00075  ll_prep_inode+0x682/0x1310 [lustre]
00075  ll_create_it+0x52f/0x15d0 [lustre]
00075  ll_lookup_it+0x2bac/0x4650 [lustre]
00075  ? __alloc_tagging_slab_alloc_hook+0x136/0x190
00075  ll_atomic_open+0x950/0x1690 [lustre]
00075  atomic_open+0x162/0x320
00075  path_openat+0xcda/0x2630
00075  do_file_open+0x19b/0x360
00075  ? _raw_spin_unlock+0x23/0x40
00075  ? alloc_fd+0x42c/0x480
00075  do_sys_openat2+0x84/0xf0
00075  __x64_sys_openat+0xf8/0x120
00075  do_syscall_64+0xc1/0x350
00075  entry_SYSCALL_64_after_hwframe+0x4b/0x53
00075 RIP: 0033:0x7f950f11b1a5
00075 Code: 83 e2 40 75 50 89 f0 f7 d0 a9 00 00 41 00 74 45 80 3d ae fe 0e 00 00 74 60 89 da 4c 89 e6 bf 9c ff ff ff b8 01 01 00 00 0f 05 <48> 3d 00 f0 ff ff 0f 87 7f 00 00 00 48 8b 55 b8 64 48 2b 14 25 28
00075 RSP: 002b:00007ffda2bfcda0 EFLAGS: 00000202 ORIG_RAX: 0000000000000101
00075 RAX: ffffffffffffffda RBX: 0000000000000941 RCX: 00007f950f11b1a5
00075 RDX: 0000000000000941 RSI: 00007ffda2bfe837 RDI: 00000000ffffff9c
00075 RBP: 00007ffda2bfce10 R08: 00000000ffffffff R09: 0000000000000000
00075 R10: 00000000000001b6 R11: 0000000000000202 R12: 00007ffda2bfe837
00075 R13: 00007f950f203248 R14: 0000000000000000 R15: 0000000000000001
00075  </TASK>
00075 ---[ end trace 0000000000000000 ]---
00075 ------------[ cut here ]------------
00075 WARNING: /home/ktest/git/linux/include/linux/fs.h:889 at ll_iget+0x592/0x850 [lustre], CPU#0: rm/3496
00075 Modules linked in: ofd(O) osp(O) mdd(O) lod(O) mdt(O) lquota(O) lfsck(O) mgs(O) osd_wbcfs(O) lustre(O) obdecho(O) mgc(O) mdc(O) lov(O) osc(O) lmv(O) ec(O) fid(O) fld(O) ptlrpc(O) efivarfs obdclass(O) ksocklnd(O) lnet(O) libcfs(O)
00075 CPU: 0 UID: 0 PID: 3496 Comm: rm Tainted: G        W  O        7.0.0-ktest-fa4bb62-6330a45-20260727-dirty #1 PREEMPT 
00075 Tainted: [W]=WARN, [O]=OOT_MODULE
00075 Hardware name: QEMU Standard PC (Q35 + ICH9, 2009), BIOS 2025.11-3ubuntu7 03/31/2026
00075 RIP: 0010:ll_iget+0x592/0x850 [lustre]
00075 Code: 48 c7 c6 40 52 76 a1 48 c7 c2 80 52 76 a1 e8 45 76 d4 fe 48 c7 c7 80 d7 a6 a1 e8 39 06 d5 fe 48 89 df 4c 89 fe e9 34 fb ff ff <0f> 0b e9 89 fb ff ff 0f 0b e9 f0 fc ff ff 48 c7 c1 80 44 5d a0 80
00075 RSP: 0018:ffffc90009b676d8 EFLAGS: 00010246
00075 RAX: 0000000000000000 RBX: ffff88802ce34880 RCX: 0000000000000046
00075 RDX: 0000000000000000 RSI: ffff88802ce34910 RDI: ffff88802c580970
00075 RBP: ffff88802d5d0000 R08: ffffffff83a16803 R09: 1ffffffff0742d00
00075 R10: dffffc0000000000 R11: fffffbfff0742d01 R12: dffffc0000000000
00075 R13: dffffc0000000000 R14: ffffc90009b67790 R15: 0200000402000007
00075 FS:  00007ff82c958740(0000) GS:ffff8881d4a2d000(0000) knlGS:0000000000000000
00075 CS:  0010 DS: 0000 ES: 0000 CR0: 0000000080050033
00075 CR2: 00005646f1a273f8 CR3: 000000002bf83000 CR4: 0000000000750eb0
00075 PKRU: 55555554
00075 Call Trace:
00075  <TASK>
00075  ll_prep_inode+0x682/0x1310 [lustre]
00075  ? lustre_swab_barrier_lvb+0xd0/0xd0 [ptlrpc]
00075  ll_lookup_it+0x168c/0x4650 [lustre]
00075  ? encode_fn_len+0xd3/0xb10 [obdclass]
00075  ll_lookup_nd+0x2a7/0x4f0 [lustre]
00075  __lookup_slow+0x1a2/0x260
00075  lookup_slow+0x53/0x70
00075  path_lookupat+0x2d0/0x6d0
00075  filename_lookup+0x18f/0x340
00075  vfs_statx+0x6a/0x3c0
00075  ? do_getname+0xb3/0x190
00075  vfs_fstatat+0xa6/0xd0
00075  __x64_sys_newfstatat+0xb2/0x2c0
00075  ? exc_page_fault+0x61/0xa0
00075  ? do_user_addr_fault+0x385/0xc20
00075  ? fpregs_assert_state_consistent+0x4f/0xe0
00075  do_syscall_64+0xc1/0x350
00075  entry_SYSCALL_64_after_hwframe+0x4b/0x53
00075 RIP: 0033:0x7ff82c7173ee
00075 Code: 0f 1f 40 00 48 8b 15 29 ba 0e 00 f7 d8 64 89 02 b8 ff ff ff ff c3 66 0f 1f 44 00 00 f3 0f 1e fa 41 89 ca b8 06 01 00 00 0f 05 <3d> 00 f0 ff ff 77 0b 31 c0 c3 0f 1f 84 00 00 00 00 00 48 8b 15 f1
00075 RSP: 002b:00007ffeb4686088 EFLAGS: 00000246 ORIG_RAX: 0000000000000106
00075 RAX: ffffffffffffffda RBX: 00005646f1a24760 RCX: 00007ff82c7173ee
00075 RDX: 00005646f1a247d0 RSI: 00005646f1a24860 RDI: 00000000ffffff9c
00075 RBP: 00007ffeb46860b0 R08: 00007ff82c803b20 R09: 0000000000000130
00075 R10: 0000000000000100 R11: 0000000000000246 R12: 00005646f1a247d0
00075 R13: 00005646f1a245c0 R14: 0000000000000000 R15: 00007ffeb468883d
00075  </TASK>
00075 ---[ end trace 0000000000000000 ]---
00075 ------------[ cut here ]------------
00075 WARNING: /home/ktest/git/linux/include/linux/fs.h:889 at ll_iget+0x599/0x850 [lustre], CPU#0: rm/3496
00075 Modules linked in: ofd(O) osp(O) mdd(O) lod(O) mdt(O) lquota(O) lfsck(O) mgs(O) osd_wbcfs(O) lustre(O) obdecho(O) mgc(O) mdc(O) lov(O) osc(O) lmv(O) ec(O) fid(O) fld(O) ptlrpc(O) efivarfs obdclass(O) ksocklnd(O) lnet(O) libcfs(O)
00075 CPU: 0 UID: 0 PID: 3496 Comm: rm Tainted: G        W  O        7.0.0-ktest-fa4bb62-6330a45-20260727-dirty #1 PREEMPT 
00075 Tainted: [W]=WARN, [O]=OOT_MODULE
00075 Hardware name: QEMU Standard PC (Q35 + ICH9, 2009), BIOS 2025.11-3ubuntu7 03/31/2026
00075 RIP: 0010:ll_iget+0x599/0x850 [lustre]
00075 Code: 48 c7 c2 80 52 76 a1 e8 45 76 d4 fe 48 c7 c7 80 d7 a6 a1 e8 39 06 d5 fe 48 89 df 4c 89 fe e9 34 fb ff ff 0f 0b e9 89 fb ff ff <0f> 0b e9 f0 fc ff ff 48 c7 c1 80 44 5d a0 80 e1 07 80 c1 03 38 c1
00075 RSP: 0018:ffffc90009b676d8 EFLAGS: 00010246
00075 RAX: 0000000000000000 RBX: ffff88802ce34880 RCX: 0000000000000046
00075 RDX: 0000000000000000 RSI: ffff88802ce34910 RDI: ffff88802c580970
00075 RBP: ffff88802d5d0000 R08: ffffffff83a16803 R09: 1ffffffff0742d00
00075 R10: dffffc0000000000 R11: fffffbfff0742d01 R12: dffffc0000000000
00075 R13: 1ffff110059c6929 R14: ffffc90009b67790 R15: ffff88802ce34948
00075 FS:  00007ff82c958740(0000) GS:ffff8881d4a2d000(0000) knlGS:0000000000000000
00075 CS:  0010 DS: 0000 ES: 0000 CR0: 0000000080050033
00075 CR2: 00005646f1a273f8 CR3: 000000002bf83000 CR4: 0000000000750eb0
00075 PKRU: 55555554
00075 Call Trace:
00075  <TASK>
00075  ll_prep_inode+0x682/0x1310 [lustre]
00075  ? lustre_swab_barrier_lvb+0xd0/0xd0 [ptlrpc]
00075  ll_lookup_it+0x168c/0x4650 [lustre]
00075  ? encode_fn_len+0xd3/0xb10 [obdclass]
00075  ll_lookup_nd+0x2a7/0x4f0 [lustre]
00075  __lookup_slow+0x1a2/0x260
00075  lookup_slow+0x53/0x70
00075  path_lookupat+0x2d0/0x6d0
00075  filename_lookup+0x18f/0x340
00075  vfs_statx+0x6a/0x3c0
00075  ? do_getname+0xb3/0x190
00075  vfs_fstatat+0xa6/0xd0
00075  __x64_sys_newfstatat+0xb2/0x2c0
00075  ? exc_page_fault+0x61/0xa0
00075  ? do_user_addr_fault+0x385/0xc20
00075  ? fpregs_assert_state_consistent+0x4f/0xe0
00075  do_syscall_64+0xc1/0x350
00075  entry_SYSCALL_64_after_hwframe+0x4b/0x53
00075 RIP: 0033:0x7ff82c7173ee
00075 Code: 0f 1f 40 00 48 8b 15 29 ba 0e 00 f7 d8 64 89 02 b8 ff ff ff ff c3 66 0f 1f 44 00 00 f3 0f 1e fa 41 89 ca b8 06 01 00 00 0f 05 <3d> 00 f0 ff ff 77 0b 31 c0 c3 0f 1f 84 00 00 00 00 00 48 8b 15 f1
00075 RSP: 002b:00007ffeb4686088 EFLAGS: 00000246 ORIG_RAX: 0000000000000106
00075 RAX: ffffffffffffffda RBX: 00005646f1a24760 RCX: 00007ff82c7173ee
00075 RDX: 00005646f1a247d0 RSI: 00005646f1a24860 RDI: 00000000ffffff9c
00075 RBP: 00007ffeb46860b0 R08: 00007ff82c803b20 R09: 0000000000000130
00075 R10: 0000000000000100 R11: 0000000000000246 R12: 00005646f1a247d0
00075 R13: 00005646f1a245c0 R14: 0000000000000000 R15: 00007ffeb468883d
00075  </TASK>
00075 ---[ end trace 0000000000000000 ]---
00075 /mnt/lustre/d14.sanity/f14.sanity: absent OK
00075 PASS 14 (1s)
00075 
00075 == sanity test 15: touch .../d15/f; mv .../d15/f .../d15/f2 ==================================================================== 09:17:06 (1785143826)
00076 Lustre: DEBUG MARKER: == sanity test 15: touch .../d15/f; mv .../d15/f .../d15/f2 ==================================================================== 09:17:06 (1785143826)
00076 ------------[ cut here ]------------
00076 WARNING: /home/ktest/git/linux/include/linux/fs.h:889 at osd_create+0x9cf/0xcf0 [osd_wbcfs], CPU#1: mdt00_002/1730
00076 Modules linked in: ofd(O) osp(O) mdd(O) lod(O) mdt(O) lquota(O) lfsck(O) mgs(O) osd_wbcfs(O) lustre(O) obdecho(O) mgc(O) mdc(O) lov(O) osc(O) lmv(O) ec(O) fid(O) fld(O) ptlrpc(O) efivarfs obdclass(O) ksocklnd(O) lnet(O) libcfs(O)
00076 CPU: 1 UID: 0 PID: 1730 Comm: mdt00_002 Tainted: G        W  O        7.0.0-ktest-fa4bb62-6330a45-20260727-dirty #1 PREEMPT 
00076 Tainted: [W]=WARN, [O]=OOT_MODULE
00076 Hardware name: QEMU Standard PC (Q35 + ICH9, 2009), BIOS 2025.11-3ubuntu7 03/31/2026
00076 RIP: 0010:osd_create+0x9cf/0xcf0 [osd_wbcfs]
00076 Code: c7 c7 00 96 7b a1 48 c7 c6 a0 12 7d a1 48 c7 c2 00 1c 7d a1 e8 52 f1 43 ff 48 c7 c7 00 96 7b a1 e8 46 81 44 ff e9 fe fc ff ff <0f> 0b e9 a5 fa ff ff 48 c7 c1 80 44 5d a0 80 e1 07 80 c1 03 38 c1
00076 RSP: 0018:ffffc90000a175a8 EFLAGS: 00010246
00076 RAX: 0000000000000000 RBX: ffff88810436c800 RCX: 0000000000000046
00076 RDX: 0000000000000000 RSI: ffff888134e082d0 RDI: ffff88802c038998
00076 RBP: ffff888134e08240 R08: ffff88810702e0c3 R09: 1ffff11020e05c18
00076 R10: dffffc0000000000 R11: ffffed1020e05c19 R12: ffff88802d5fe2c8
00076 R13: dffffc0000000000 R14: 1ffff1102086d900 R15: 1ffff110077f7ec8
00076 FS:  0000000000000000(0000) GS:ffff8881d4aad000(0000) knlGS:0000000000000000
00076 CS:  0010 DS: 0000 ES: 0000 CR0: 0000000080050033
00076 CR2: 000055beab142940 CR3: 000000002c02f000 CR4: 0000000000750eb0
00076 PKRU: 55555554
00076 Call Trace:
00076  <TASK>
00076  ? lod_sub_create+0x168a/0x1940 [lod]
00076  ? lod_create+0x10d/0x720 [lod]
00076  ? mdd_create_object_internal+0x18f/0x320 [mdd]
00076  ? mdd_create_object+0xab/0x1ce0 [mdd]
00076  ? mdd_create+0x2032/0x4110 [mdd]
00076  ? mdt_reint_create+0x2768/0x4e80 [mdt]
00076  ? mdt_reint_rec+0x10f/0x530 [mdt]
00076  ? mdt_reint_internal+0x9d5/0x11a0 [mdt]
00076  ? tsi2mdt_info+0x319/0x520 [mdt]
00076  ? mdt_reint+0x115/0x270 [mdt]
00076  ? tgt_request_handle+0x23ad/0x3d30 [ptlrpc]
00076  ? ptlrpc_main+0x6359/0x96f0 [ptlrpc]
00076  ? __kthread_parkme+0x73/0x130
00076  ? kthread+0x2cd/0x3a0
00076  ? ptlrpc_start_thread+0x1f10/0x1f10 [ptlrpc]
00076  ? kthread_unuse_mm+0x130/0x130
00076  ? ret_from_fork+0x18c/0x520
00076  ? kthread_unuse_mm+0x130/0x130
00076  ? ret_from_fork_asm+0x11/0x20
00076  </TASK>
00076 ---[ end trace 0000000000000000 ]---
00076 mkdir: cannot create directory '/mnt/lustre/d15.sanity': Invalid argument
00076  sanity test_15: @@@@@@ FAIL: mkdir '/mnt/lustre/d15.sanity' failed 
00076 Lustre: DEBUG MARKER: sanity test_15: @@@@@@ FAIL: mkdir '/mnt/lustre/d15.sanity' failed
00076   Trace dump:
00076   = /host/home/ktest/git/lustre-release/lustre/tests/test-framework.sh:7447:error()
00076   = /host/home/ktest/git/lustre-release/lustre/tests/test-framework.sh:10495:test_mkdir()
00076   = /host/home/ktest/git/lustre-release/lustre/tests/sanity.sh:586:test_15()
00076   = /host/home/ktest/git/lustre-release/lustre/tests/test-framework.sh:7823:run_one()
00076   = /host/home/ktest/git/lustre-release/lustre/tests/test-framework.sh:7886:run_one_logged()
00076   = /host/home/ktest/git/lustre-release/lustre/tests/test-framework.sh:7686:run_test()
00076   = /host/home/ktest/git/lustre-release/lustre/tests/sanity.sh:593:main()
00076 Dumping lctl log to /tmp/test_logs/2026-07-27/091652/sanity.test_15.*.1785143827.log
00076 Dumping logs only on local client.
00076 FAIL 15 (1s)
00076 
00076 == sanity test 16: touch .../d16/f; rm -rf .../d16/f ===== 09:17:07 (1785143827)
00076 Lustre: DEBUG MARKER: == sanity test 16: touch .../d16/f; rm -rf .../d16/f ===== 09:17:07 (1785143827)
00076 ------------[ cut here ]------------
00076 WARNING: /home/ktest/git/linux/include/linux/fs.h:889 at osd_create+0x9cf/0xcf0 [osd_wbcfs], CPU#1: mdt00_001/1729
00076 Modules linked in: ofd(O) osp(O) mdd(O) lod(O) mdt(O) lquota(O) lfsck(O) mgs(O) osd_wbcfs(O) lustre(O) obdecho(O) mgc(O) mdc(O) lov(O) osc(O) lmv(O) ec(O) fid(O) fld(O) ptlrpc(O) efivarfs obdclass(O) ksocklnd(O) lnet(O) libcfs(O)
00076 CPU: 1 UID: 0 PID: 1729 Comm: mdt00_001 Tainted: G        W  O        7.0.0-ktest-fa4bb62-6330a45-20260727-dirty #1 PREEMPT 
00076 Tainted: [W]=WARN, [O]=OOT_MODULE
00076 Hardware name: QEMU Standard PC (Q35 + ICH9, 2009), BIOS 2025.11-3ubuntu7 03/31/2026
00076 RIP: 0010:osd_create+0x9cf/0xcf0 [osd_wbcfs]
00076 Code: c7 c7 00 96 7b a1 48 c7 c6 a0 12 7d a1 48 c7 c2 00 1c 7d a1 e8 52 f1 43 ff 48 c7 c7 00 96 7b a1 e8 46 81 44 ff e9 fe fc ff ff <0f> 0b e9 a5 fa ff ff 48 c7 c1 80 44 5d a0 80 e1 07 80 c1 03 38 c1
00076 RSP: 0018:ffffc90000a475a8 EFLAGS: 00010246
00076 RAX: 0000000000000000 RBX: ffff888118bee400 RCX: 0000000000000046
00076 RDX: 0000000000000000 RSI: ffff88803c4bfb68 RDI: ffff88802c03aa58
00076 RBP: ffff88803c4bfad8 R08: ffff88810702e0c3 R09: 1ffff11020e05c18
00076 R10: dffffc0000000000 R11: ffffed1020e05c19 R12: ffff888138fac2c8
00076 R13: dffffc0000000000 R14: 1ffff1102317dc80 R15: 1ffff11007eb2cc8
00076 FS:  0000000000000000(0000) GS:ffff8881d4aad000(0000) knlGS:0000000000000000
00076 CS:  0010 DS: 0000 ES: 0000 CR0: 0000000080050033
00076 CR2: 00007fff6d6a0fd8 CR3: 0000000004274000 CR4: 0000000000750eb0
00076 PKRU: 55555554
00076 Call Trace:
00076  <TASK>
00076  ? lod_sub_create+0x168a/0x1940 [lod]
00076  ? dt_write_lock+0x16d/0x2a0 [obdclass]
00076  ? lod_create+0x10d/0x720 [lod]
00076  ? mdd_create_object_internal+0x18f/0x320 [mdd]
00076  ? mdd_create_object+0xab/0x1ce0 [mdd]
00076  ? mdd_create+0x2032/0x4110 [mdd]
00076  ? mdt_reint_create+0x2768/0x4e80 [mdt]
00076  ? mdt_reint_rec+0x10f/0x530 [mdt]
00076  ? mdt_reint_internal+0x9d5/0x11a0 [mdt]
00076  ? tsi2mdt_info+0x319/0x520 [mdt]
00076  ? mdt_reint+0x115/0x270 [mdt]
00076  ? tgt_request_handle+0x23ad/0x3d30 [ptlrpc]
00076  ? ptlrpc_main+0x6359/0x96f0 [ptlrpc]
00076  ? __kthread_parkme+0x73/0x130
00076  ? kthread+0x2cd/0x3a0
00076  ? ptlrpc_start_thread+0x1f10/0x1f10 [ptlrpc]
00076  ? kthread_unuse_mm+0x130/0x130
00076  ? ret_from_fork+0x18c/0x520
00076  ? kthread_unuse_mm+0x130/0x130
00076  ? ret_from_fork_asm+0x11/0x20
00076  </TASK>
00076 ---[ end trace 0000000000000000 ]---
00076 ------------[ cut here ]------------
00076 WARNING: /home/ktest/git/linux/include/linux/fs.h:889 at ll_iget+0x592/0x850 [lustre], CPU#0: mkdir/3682
00076 Modules linked in: ofd(O) osp(O) mdd(O) lod(O) mdt(O) lquota(O) lfsck(O) mgs(O) osd_wbcfs(O) lustre(O) obdecho(O) mgc(O) mdc(O) lov(O) osc(O) lmv(O) ec(O) fid(O) fld(O) ptlrpc(O) efivarfs obdclass(O) ksocklnd(O) lnet(O) libcfs(O)
00076 CPU: 0 UID: 0 PID: 3682 Comm: mkdir Tainted: G        W  O        7.0.0-ktest-fa4bb62-6330a45-20260727-dirty #1 PREEMPT 
00076 Tainted: [W]=WARN, [O]=OOT_MODULE
00076 Hardware name: QEMU Standard PC (Q35 + ICH9, 2009), BIOS 2025.11-3ubuntu7 03/31/2026
00076 RIP: 0010:ll_iget+0x592/0x850 [lustre]
00076 Code: 48 c7 c6 40 52 76 a1 48 c7 c2 80 52 76 a1 e8 45 76 d4 fe 48 c7 c7 80 d7 a6 a1 e8 39 06 d5 fe 48 89 df 4c 89 fe e9 34 fb ff ff <0f> 0b e9 89 fb ff ff 0f 0b e9 f0 fc ff ff 48 c7 c1 80 44 5d a0 80
00076 RSP: 0018:ffffc90009e579f0 EFLAGS: 00010246
00076 RAX: 0000000000000000 RBX: ffff88813097e500 RCX: 0000000000000046
00076 RDX: 0000000000000000 RSI: ffff88813097e590 RDI: ffff888026eb8998
00076 RBP: ffff88802d5d0000 R08: ffff8881383b8883 R09: 1ffff11027077110
00076 R10: dffffc0000000000 R11: ffffed1027077111 R12: dffffc0000000000
00076 R13: dffffc0000000000 R14: ffffc90009e57aa8 R15: 0200000402000008
00076 FS:  00007fb55a08ed00(0000) GS:ffff8881d4a2d000(0000) knlGS:0000000000000000
00076 CS:  0010 DS: 0000 ES: 0000 CR0: 0000000080050033
00076 CR2: 00007fb559ef59d0 CR3: 0000000023adf000 CR4: 0000000000750eb0
00076 PKRU: 55555554
00076 Call Trace:
00076  <TASK>
00076  ll_prep_inode+0x682/0x1310 [lustre]
00076  ll_new_node_finish+0x179/0x930 [lustre]
00076  ll_new_node+0xd7f/0x1740 [lustre]
00076  ll_mkdir+0x44e/0xf10 [lustre]
00076  vfs_mkdir+0x3c0/0x630
00076  filename_mkdirat+0x14c/0x300
00076  __x64_sys_mkdir+0x74/0x140
00076  do_syscall_64+0xc1/0x350
00076  entry_SYSCALL_64_after_hwframe+0x4b/0x53
00076 RIP: 0033:0x7fb559f1b05b
00076 Code: 0f 1e fa 48 89 f2 b9 00 01 00 00 48 89 fe bf 9c ff ff ff e9 97 c3 ff ff 0f 1f 80 00 00 00 00 f3 0f 1e fa b8 53 00 00 00 0f 05 <48> 3d 00 f0 ff ff 77 05 c3 0f 1f 40 00 48 8b 15 89 7d 0e 00 f7 d8
00076 RSP: 002b:00007ffdfda26438 EFLAGS: 00000246 ORIG_RAX: 0000000000000053
00076 RAX: ffffffffffffffda RBX: 00007ffdfda27842 RCX: 00007fb559f1b05b
00076 RDX: 0000000000000000 RSI: 00000000000001ff RDI: 00007ffdfda27842
00076 RBP: 00007ffdfda26550 R08: 00000000000001ff R09: 0000000000000000
00076 R10: 00005600264b027e R11: 0000000000000246 R12: 00000000000001ff
00076 R13: 0000000000000000 R14: 0000000000000000 R15: 0000000000000000
00076  </TASK>
00076 ---[ end trace 0000000000000000 ]---
00076 ------------[ cut here ]------------
00076 WARNING: /home/ktest/git/linux/include/linux/fs.h:889 at ll_iget+0x592/0x850 [lustre], CPU#2: touch/3683
00076 Modules linked in: ofd(O) osp(O) mdd(O) lod(O) mdt(O) lquota(O) lfsck(O) mgs(O) osd_wbcfs(O) lustre(O) obdecho(O) mgc(O) mdc(O) lov(O) osc(O) lmv(O) ec(O) fid(O) fld(O) ptlrpc(O) efivarfs obdclass(O) ksocklnd(O) lnet(O) libcfs(O)
00076 CPU: 2 UID: 0 PID: 3683 Comm: touch Tainted: G        W  O        7.0.0-ktest-fa4bb62-6330a45-20260727-dirty #1 PREEMPT 
00076 Tainted: [W]=WARN, [O]=OOT_MODULE
00076 Hardware name: QEMU Standard PC (Q35 + ICH9, 2009), BIOS 2025.11-3ubuntu7 03/31/2026
00076 RIP: 0010:ll_iget+0x592/0x850 [lustre]
00076 Code: 48 c7 c6 40 52 76 a1 48 c7 c2 80 52 76 a1 e8 45 76 d4 fe 48 c7 c7 80 d7 a6 a1 e8 39 06 d5 fe 48 89 df 4c 89 fe e9 34 fb ff ff <0f> 0b e9 89 fb ff ff 0f 0b e9 f0 fc ff ff 48 c7 c1 80 44 5d a0 80
00076 RSP: 0018:ffffc90009d57610 EFLAGS: 00010246
00076 RAX: 0000000000000000 RBX: ffff88813097e500 RCX: 0000000000000046
00076 RDX: 0000000000000000 RSI: ffff88813097e590 RDI: ffff888026ebaa30
00076 RBP: ffff88802d5d0000 R08: ffffffff83a16803 R09: 1ffffffff0742d00
00076 R10: dffffc0000000000 R11: fffffbfff0742d01 R12: dffffc0000000000
00076 R13: dffffc0000000000 R14: ffffc90009d576c8 R15: 0200000402000008
00076 FS:  00007fa444685740(0000) GS:ffff8881d4b2d000(0000) knlGS:0000000000000000
00076 CS:  0010 DS: 0000 ES: 0000 CR0: 0000000080050033
00076 CR2: 00007fa4444f59d0 CR3: 0000000028ca4000 CR4: 0000000000750eb0
00076 PKRU: 55555554
00076 Call Trace:
00076  <TASK>
00076  ll_prep_inode+0x682/0x1310 [lustre]
00076  ? lustre_swab_barrier_lvb+0xd0/0xd0 [ptlrpc]
00076  ll_lookup_it+0x168c/0x4650 [lustre]
00076  ? d_alloc_parallel+0xe4f/0xfb0
00076  ll_lookup_nd+0x2a7/0x4f0 [lustre]
00076  __lookup_slow+0x1a2/0x260
00076  lookup_slow+0x53/0x70
00076  link_path_walk+0xac4/0x13d0
00076  path_openat+0x236/0x2630
00076  ? kasan_save_track+0x2f/0x60
00076  ? kmem_cache_alloc_noprof+0xea/0x3d0
00076  ? do_getname+0x67/0x190
00076  ? __x64_sys_openat+0xf8/0x120
00076  ? do_syscall_64+0xc1/0x350
00076  ? filemap_map_pages+0x14c/0x1210
00076  do_file_open+0x19b/0x360
00076  ? _raw_spin_unlock+0x23/0x40
00076  ? alloc_fd+0x42c/0x480
00076  do_sys_openat2+0x84/0xf0
00076  __x64_sys_openat+0xf8/0x120
00076  do_syscall_64+0xc1/0x350
00076  entry_SYSCALL_64_after_hwframe+0x4b/0x53
00076 RIP: 0033:0x7fa44451b1a5
00076 Code: 83 e2 40 75 50 89 f0 f7 d0 a9 00 00 41 00 74 45 80 3d ae fe 0e 00 00 74 60 89 da 4c 89 e6 bf 9c ff ff ff b8 01 01 00 00 0f 05 <48> 3d 00 f0 ff ff 0f 87 7f 00 00 00 48 8b 55 b8 64 48 2b 14 25 28
00076 RSP: 002b:00007ffcb9b2acc0 EFLAGS: 00000202 ORIG_RAX: 0000000000000101
00076 RAX: ffffffffffffffda RBX: 0000000000000941 RCX: 00007fa44451b1a5
00076 RDX: 0000000000000941 RSI: 00007ffcb9b2b837 RDI: 00000000ffffff9c
00076 RBP: 00007ffcb9b2ad30 R08: 00000000ffffffff R09: 0000000000000000
00076 R10: 00000000000001b6 R11: 0000000000000202 R12: 00007ffcb9b2b837
00076 R13: 00007fa444603248 R14: 0000000000000000 R15: 0000000000000001
00076  </TASK>
00076 ---[ end trace 0000000000000000 ]---
00076 ------------[ cut here ]------------
00076 WARNING: /home/ktest/git/linux/include/linux/fs.h:889 at ll_iget+0x599/0x850 [lustre], CPU#2: touch/3683
00076 Modules linked in: ofd(O) osp(O) mdd(O) lod(O) mdt(O) lquota(O) lfsck(O) mgs(O) osd_wbcfs(O) lustre(O) obdecho(O) mgc(O) mdc(O) lov(O) osc(O) lmv(O) ec(O) fid(O) fld(O) ptlrpc(O) efivarfs obdclass(O) ksocklnd(O) lnet(O) libcfs(O)
00076 CPU: 2 UID: 0 PID: 3683 Comm: touch Tainted: G        W  O        7.0.0-ktest-fa4bb62-6330a45-20260727-dirty #1 PREEMPT 
00076 Tainted: [W]=WARN, [O]=OOT_MODULE
00076 Hardware name: QEMU Standard PC (Q35 + ICH9, 2009), BIOS 2025.11-3ubuntu7 03/31/2026
00076 RIP: 0010:ll_iget+0x599/0x850 [lustre]
00076 Code: 48 c7 c2 80 52 76 a1 e8 45 76 d4 fe 48 c7 c7 80 d7 a6 a1 e8 39 06 d5 fe 48 89 df 4c 89 fe e9 34 fb ff ff 0f 0b e9 89 fb ff ff <0f> 0b e9 f0 fc ff ff 48 c7 c1 80 44 5d a0 80 e1 07 80 c1 03 38 c1
00076 RSP: 0018:ffffc90009d57610 EFLAGS: 00010246
00076 RAX: 0000000000000000 RBX: ffff88813097e500 RCX: 0000000000000046
00076 RDX: 0000000000000000 RSI: ffff88813097e590 RDI: ffff888026ebaa30
00076 RBP: ffff88802d5d0000 R08: ffffffff83a16803 R09: 1ffffffff0742d00
00076 R10: dffffc0000000000 R11: fffffbfff0742d01 R12: dffffc0000000000
00076 R13: 1ffff1102612fcb9 R14: ffffc90009d576c8 R15: ffff88813097e5c8
00076 FS:  00007fa444685740(0000) GS:ffff8881d4b2d000(0000) knlGS:0000000000000000
00076 CS:  0010 DS: 0000 ES: 0000 CR0: 0000000080050033
00076 CR2: 00007fa4444f59d0 CR3: 0000000028ca4000 CR4: 0000000000750eb0
00076 PKRU: 55555554
00076 Call Trace:
00076  <TASK>
00076  ll_prep_inode+0x682/0x1310 [lustre]
00076  ? lustre_swab_barrier_lvb+0xd0/0xd0 [ptlrpc]
00076  ll_lookup_it+0x168c/0x4650 [lustre]
00076  ? d_alloc_parallel+0xe4f/0xfb0
00076  ll_lookup_nd+0x2a7/0x4f0 [lustre]
00076  __lookup_slow+0x1a2/0x260
00076  lookup_slow+0x53/0x70
00076  link_path_walk+0xac4/0x13d0
00076  path_openat+0x236/0x2630
00076  ? kasan_save_track+0x2f/0x60
00076  ? kmem_cache_alloc_noprof+0xea/0x3d0
00076  ? do_getname+0x67/0x190
00076  ? __x64_sys_openat+0xf8/0x120
00076  ? do_syscall_64+0xc1/0x350
00076  ? filemap_map_pages+0x14c/0x1210
00076  do_file_open+0x19b/0x360
00076  ? _raw_spin_unlock+0x23/0x40
00076  ? alloc_fd+0x42c/0x480
00076  do_sys_openat2+0x84/0xf0
00076  __x64_sys_openat+0xf8/0x120
00076  do_syscall_64+0xc1/0x350
00076  entry_SYSCALL_64_after_hwframe+0x4b/0x53
00076 RIP: 0033:0x7fa44451b1a5
00076 Code: 83 e2 40 75 50 89 f0 f7 d0 a9 00 00 41 00 74 45 80 3d ae fe 0e 00 00 74 60 89 da 4c 89 e6 bf 9c ff ff ff b8 01 01 00 00 0f 05 <48> 3d 00 f0 ff ff 0f 87 7f 00 00 00 48 8b 55 b8 64 48 2b 14 25 28
00076 RSP: 002b:00007ffcb9b2acc0 EFLAGS: 00000202 ORIG_RAX: 0000000000000101
00076 RAX: ffffffffffffffda RBX: 0000000000000941 RCX: 00007fa44451b1a5
00076 RDX: 0000000000000941 RSI: 00007ffcb9b2b837 RDI: 00000000ffffff9c
00076 RBP: 00007ffcb9b2ad30 R08: 00000000ffffffff R09: 0000000000000000
00076 R10: 00000000000001b6 R11: 0000000000000202 R12: 00007ffcb9b2b837
00076 R13: 00007fa444603248 R14: 0000000000000000 R15: 0000000000000001
00076  </TASK>
00076 ---[ end trace 0000000000000000 ]---
00076 ------------[ cut here ]------------
00076 WARNING: /home/ktest/git/linux/include/linux/fs.h:889 at osd_create+0x9cf/0xcf0 [osd_wbcfs], CPU#1: mdt00_000/1728
00076 Modules linked in: ofd(O) osp(O) mdd(O) lod(O) mdt(O) lquota(O) lfsck(O) mgs(O) osd_wbcfs(O) lustre(O) obdecho(O) mgc(O) mdc(O) lov(O) osc(O) lmv(O) ec(O) fid(O) fld(O) ptlrpc(O) efivarfs obdclass(O) ksocklnd(O) lnet(O) libcfs(O)
00076 CPU: 1 UID: 0 PID: 1728 Comm: mdt00_000 Tainted: G        W  O        7.0.0-ktest-fa4bb62-6330a45-20260727-dirty #1 PREEMPT 
00076 Tainted: [W]=WARN, [O]=OOT_MODULE
00076 Hardware name: QEMU Standard PC (Q35 + ICH9, 2009), BIOS 2025.11-3ubuntu7 03/31/2026
00076 RIP: 0010:osd_create+0x9cf/0xcf0 [osd_wbcfs]
00076 Code: c7 c7 00 96 7b a1 48 c7 c6 a0 12 7d a1 48 c7 c2 00 1c 7d a1 e8 52 f1 43 ff 48 c7 c7 00 96 7b a1 e8 46 81 44 ff e9 fe fc ff ff <0f> 0b e9 a5 fa ff ff 48 c7 c1 80 44 5d a0 80 e1 07 80 c1 03 38 c1
00076 RSP: 0018:ffffc9000484f2e8 EFLAGS: 00010246
00076 RAX: 0000000000000000 RBX: ffff888118bec000 RCX: 0000000000000046
00076 RDX: 0000000000000000 RSI: ffff88803c4bf450 RDI: ffff88802c03cb18
00076 RBP: ffff88803c4bf3c0 R08: ffff88810702e0c3 R09: 1ffff11020e05c18
00076 R10: dffffc0000000000 R11: ffffed1020e05c19 R12: ffff88802c7bc2c8
00076 R13: dffffc0000000000 R14: 1ffff1102317d800 R15: 1ffff11005a2e4c8
00076 FS:  0000000000000000(0000) GS:ffff8881d4aad000(0000) knlGS:0000000000000000
00076 CS:  0010 DS: 0000 ES: 0000 CR0: 0000000080050033
00076 CR2: 00007fff6d6a0fd8 CR3: 00000001019c3000 CR4: 0000000000750eb0
00076 PKRU: 55555554
00076 Call Trace:
00076  <TASK>
00076  ? lod_sub_create+0x168a/0x1940 [lod]
00076  ? dt_write_lock+0x16d/0x2a0 [obdclass]
00076  ? lod_create+0x10d/0x720 [lod]
00076  ? mdd_create_object_internal+0x18f/0x320 [mdd]
00076  ? mdd_create_object+0xab/0x1ce0 [mdd]
00076  ? mdd_create+0x2032/0x4110 [mdd]
00076  ? lustre_msg_get_versions+0x49/0x160 [ptlrpc]
00076  ? mdt_reint_open+0x434b/0x8480 [mdt]
00076  ? mdt_reint_rec+0x10f/0x530 [mdt]
00076  ? mdt_reint_internal+0x9d5/0x11a0 [mdt]
00076  ? mdt_intent_open+0x18b/0x9a0 [mdt]
00076  ? mdt_intent_policy+0x1639/0x2300 [mdt]
00076  ? mdt_register_lwp_callback+0x620/0x620 [mdt]
00076  ? mdt_seq_init+0x1ef0/0x1ef0 [mdt]
00076  ? ldlm_lock_enqueue+0x221/0x16c0 [ptlrpc]
00076  ? ldlm_handle_enqueue+0x139f/0x3250 [ptlrpc]
00076  ? tgt_enqueue+0x19b/0x550 [ptlrpc]
00076  ? tgt_request_handle+0x23ad/0x3d30 [ptlrpc]
00076  ? ptlrpc_main+0x6359/0x96f0 [ptlrpc]
00076  ? __kthread_parkme+0x73/0x130
00076  ? kthread+0x2cd/0x3a0
00076  ? ptlrpc_start_thread+0x1f10/0x1f10 [ptlrpc]
00076  ? kthread_unuse_mm+0x130/0x130
00076  ? ret_from_fork+0x18c/0x520
00076  ? kthread_unuse_mm+0x130/0x130
00076  ? ret_from_fork_asm+0x11/0x20
00076  </TASK>
00076 ---[ end trace 0000000000000000 ]---
00076 ------------[ cut here ]------------
00076 WARNING: /home/ktest/git/linux/include/linux/fs.h:889 at ll_iget+0x592/0x850 [lustre], CPU#2: touch/3683
00076 Modules linked in: ofd(O) osp(O) mdd(O) lod(O) mdt(O) lquota(O) lfsck(O) mgs(O) osd_wbcfs(O) lustre(O) obdecho(O) mgc(O) mdc(O) lov(O) osc(O) lmv(O) ec(O) fid(O) fld(O) ptlrpc(O) efivarfs obdclass(O) ksocklnd(O) lnet(O) libcfs(O)
00076 CPU: 2 UID: 0 PID: 3683 Comm: touch Tainted: G        W  O        7.0.0-ktest-fa4bb62-6330a45-20260727-dirty #1 PREEMPT 
00076 Tainted: [W]=WARN, [O]=OOT_MODULE
00076 Hardware name: QEMU Standard PC (Q35 + ICH9, 2009), BIOS 2025.11-3ubuntu7 03/31/2026
00076 RIP: 0010:ll_iget+0x592/0x850 [lustre]
00076 Code: 48 c7 c6 40 52 76 a1 48 c7 c2 80 52 76 a1 e8 45 76 d4 fe 48 c7 c7 80 d7 a6 a1 e8 39 06 d5 fe 48 89 df 4c 89 fe e9 34 fb ff ff <0f> 0b e9 89 fb ff ff 0f 0b e9 f0 fc ff ff 48 c7 c1 80 44 5d a0 80
00076 RSP: 0018:ffffc90009d576c8 EFLAGS: 00010246
00076 RAX: 0000000000000000 RBX: ffff88802ce9c880 RCX: 0000000000000046
00076 RDX: 0000000000000000 RSI: ffff88802ce9c910 RDI: ffff888026ebaa58
00076 RBP: ffff88802d5d0000 R08: ffff8881383b8883 R09: 1ffff11027077110
00076 R10: dffffc0000000000 R11: ffffed1027077111 R12: dffffc0000000000
00076 R13: dffffc0000000000 R14: ffffc90009d57780 R15: 0200000402000009
00076 FS:  00007fa444685740(0000) GS:ffff8881d4b2d000(0000) knlGS:0000000000000000
00076 CS:  0010 DS: 0000 ES: 0000 CR0: 0000000080050033
00076 CR2: 00007fa4444f59d0 CR3: 0000000028ca4000 CR4: 0000000000750eb0
00076 PKRU: 55555554
00076 Call Trace:
00076  <TASK>
00076  ll_prep_inode+0x682/0x1310 [lustre]
00076  ll_create_it+0x52f/0x15d0 [lustre]
00076  ll_lookup_it+0x2bac/0x4650 [lustre]
00076  ? __alloc_tagging_slab_alloc_hook+0x136/0x190
00076  ll_atomic_open+0x950/0x1690 [lustre]
00076  atomic_open+0x162/0x320
00076  path_openat+0xcda/0x2630
00076  do_file_open+0x19b/0x360
00076  ? _raw_spin_unlock+0x23/0x40
00076  ? alloc_fd+0x42c/0x480
00076  do_sys_openat2+0x84/0xf0
00076  __x64_sys_openat+0xf8/0x120
00076  do_syscall_64+0xc1/0x350
00076  entry_SYSCALL_64_after_hwframe+0x4b/0x53
00076 RIP: 0033:0x7fa44451b1a5
00076 Code: 83 e2 40 75 50 89 f0 f7 d0 a9 00 00 41 00 74 45 80 3d ae fe 0e 00 00 74 60 89 da 4c 89 e6 bf 9c ff ff ff b8 01 01 00 00 0f 05 <48> 3d 00 f0 ff ff 0f 87 7f 00 00 00 48 8b 55 b8 64 48 2b 14 25 28
00076 RSP: 002b:00007ffcb9b2acc0 EFLAGS: 00000202 ORIG_RAX: 0000000000000101
00076 RAX: ffffffffffffffda RBX: 0000000000000941 RCX: 00007fa44451b1a5
00076 RDX: 0000000000000941 RSI: 00007ffcb9b2b837 RDI: 00000000ffffff9c
00076 RBP: 00007ffcb9b2ad30 R08: 00000000ffffffff R09: 0000000000000000
00076 R10: 00000000000001b6 R11: 0000000000000202 R12: 00007ffcb9b2b837
00076 R13: 00007fa444603248 R14: 0000000000000000 R15: 0000000000000001
00076  </TASK>
00076 ---[ end trace 0000000000000000 ]---
00076 ------------[ cut here ]------------
00076 WARNING: /home/ktest/git/linux/include/linux/fs.h:889 at cl_file_inode_init+0x5f8/0x7a0 [lustre], CPU#2: touch/3683
00076 Modules linked in: ofd(O) osp(O) mdd(O) lod(O) mdt(O) lquota(O) lfsck(O) mgs(O) osd_wbcfs(O) lustre(O) obdecho(O) mgc(O) mdc(O) lov(O) osc(O) lmv(O) ec(O) fid(O) fld(O) ptlrpc(O) efivarfs obdclass(O) ksocklnd(O) lnet(O) libcfs(O)
00076 CPU: 2 UID: 0 PID: 3683 Comm: touch Tainted: G        W  O        7.0.0-ktest-fa4bb62-6330a45-20260727-dirty #1 PREEMPT 
00076 Tainted: [W]=WARN, [O]=OOT_MODULE
00076 Hardware name: QEMU Standard PC (Q35 + ICH9, 2009), BIOS 2025.11-3ubuntu7 03/31/2026
00076 RIP: 0010:cl_file_inode_init+0x5f8/0x7a0 [lustre]
00076 Code: c7 c7 c0 b3 a8 a1 48 c7 c6 c0 e3 76 a1 48 c7 c2 00 e4 76 a1 e8 d9 4e cf fe 48 c7 c7 c0 b3 a8 a1 e8 cd de cf fe e9 eb fb ff ff <0f> 0b e9 63 fc ff ff c7 05 cf c6 17 00 00 00 04 00 48 c7 c7 c0 b6
00076 RSP: 0018:ffffc90009d574c0 EFLAGS: 00010246
00076 RAX: 0000000000000000 RBX: ffff88802ce9c880 RCX: 0000000000000046
00076 RDX: ffff88802ce9c7ac RSI: ffff88802ce9c910 RDI: ffff888026ebaa58
00076 RBP: dffffc0000000000 R08: ffff88810702e183 R09: 1ffff11020e05c30
00076 R10: dffffc0000000000 R11: ffffed1020e05c31 R12: ffff8881341404e8
00076 R13: 1ffff110059d3a48 R14: ffff88802ce9d240 R15: ffff88811a12f000
00076 FS:  00007fa444685740(0000) GS:ffff8881d4b2d000(0000) knlGS:0000000000000000
00076 CS:  0010 DS: 0000 ES: 0000 CR0: 0000000080050033
00076 CR2: 00007fa4444f59d0 CR3: 0000000028ca4000 CR4: 0000000000750eb0
00076 PKRU: 55555554
00076 Call Trace:
00076  <TASK>
00076  ll_update_inode+0xfa/0x3ef0 [lustre]
00076  ? report_bug+0x87/0xc0
00076  ? inode_set_ctime_to_ts+0x7f/0x1b0
00076  ll_read_inode2+0x23d/0x9f0 [lustre]
00076  ll_iget+0x201/0x850 [lustre]
00076  ll_prep_inode+0x682/0x1310 [lustre]
00076  ll_create_it+0x52f/0x15d0 [lustre]
00076  ll_lookup_it+0x2bac/0x4650 [lustre]
00076  ? __alloc_tagging_slab_alloc_hook+0x136/0x190
00076  ll_atomic_open+0x950/0x1690 [lustre]
00076  atomic_open+0x162/0x320
00076  path_openat+0xcda/0x2630
00076  do_file_open+0x19b/0x360
00076  ? _raw_spin_unlock+0x23/0x40
00076  ? alloc_fd+0x42c/0x480
00076  do_sys_openat2+0x84/0xf0
00076  __x64_sys_openat+0xf8/0x120
00076  do_syscall_64+0xc1/0x350
00076  entry_SYSCALL_64_after_hwframe+0x4b/0x53
00076 RIP: 0033:0x7fa44451b1a5
00076 Code: 83 e2 40 75 50 89 f0 f7 d0 a9 00 00 41 00 74 45 80 3d ae fe 0e 00 00 74 60 89 da 4c 89 e6 bf 9c ff ff ff b8 01 01 00 00 0f 05 <48> 3d 00 f0 ff ff 0f 87 7f 00 00 00 48 8b 55 b8 64 48 2b 14 25 28
00076 RSP: 002b:00007ffcb9b2acc0 EFLAGS: 00000202 ORIG_RAX: 0000000000000101
00076 RAX: ffffffffffffffda RBX: 0000000000000941 RCX: 00007fa44451b1a5
00076 RDX: 0000000000000941 RSI: 00007ffcb9b2b837 RDI: 00000000ffffff9c
00076 RBP: 00007ffcb9b2ad30 R08: 00000000ffffffff R09: 0000000000000000
00076 R10: 00000000000001b6 R11: 0000000000000202 R12: 00007ffcb9b2b837
00076 R13: 00007fa444603248 R14: 0000000000000000 R15: 0000000000000001
00076  </TASK>
00076 ---[ end trace 0000000000000000 ]---
00076 ------------[ cut here ]------------
00076 WARNING: /home/ktest/git/linux/include/linux/fs.h:889 at ll_iget+0x592/0x850 [lustre], CPU#0: rm/3684
00076 Modules linked in: ofd(O) osp(O) mdd(O) lod(O) mdt(O) lquota(O) lfsck(O) mgs(O) osd_wbcfs(O) lustre(O) obdecho(O) mgc(O) mdc(O) lov(O) osc(O) lmv(O) ec(O) fid(O) fld(O) ptlrpc(O) efivarfs obdclass(O) ksocklnd(O) lnet(O) libcfs(O)
00076 CPU: 0 UID: 0 PID: 3684 Comm: rm Tainted: G        W  O        7.0.0-ktest-fa4bb62-6330a45-20260727-dirty #1 PREEMPT 
00076 Tainted: [W]=WARN, [O]=OOT_MODULE
00076 Hardware name: QEMU Standard PC (Q35 + ICH9, 2009), BIOS 2025.11-3ubuntu7 03/31/2026
00076 RIP: 0010:ll_iget+0x592/0x850 [lustre]
00076 Code: 48 c7 c6 40 52 76 a1 48 c7 c2 80 52 76 a1 e8 45 76 d4 fe 48 c7 c7 80 d7 a6 a1 e8 39 06 d5 fe 48 89 df 4c 89 fe e9 34 fb ff ff <0f> 0b e9 89 fb ff ff 0f 0b e9 f0 fc ff ff 48 c7 c1 80 44 5d a0 80
00076 RSP: 0018:ffffc9000a0076d8 EFLAGS: 00010246
00076 RAX: 0000000000000000 RBX: ffff88802ce9c880 RCX: 0000000000000046
00076 RDX: 0000000000000000 RSI: ffff88802ce9c910 RDI: ffff888135ae0970
00076 RBP: ffff88802d5d0000 R08: ffffffff83a16803 R09: 1ffffffff0742d00
00076 R10: dffffc0000000000 R11: fffffbfff0742d01 R12: dffffc0000000000
00076 R13: dffffc0000000000 R14: ffffc9000a007790 R15: 0200000402000009
00076 FS:  00007f8841248740(0000) GS:ffff8881d4a2d000(0000) knlGS:0000000000000000
00076 CS:  0010 DS: 0000 ES: 0000 CR0: 0000000080050033
00076 CR2: 00005629056c33f8 CR3: 000000013474b000 CR4: 0000000000750eb0
00076 PKRU: 55555554
00076 Call Trace:
00076  <TASK>
00076  ll_prep_inode+0x682/0x1310 [lustre]
00076  ? lustre_swab_barrier_lvb+0xd0/0xd0 [ptlrpc]
00076  ll_lookup_it+0x168c/0x4650 [lustre]
00076  ? encode_fn_len+0xd3/0xb10 [obdclass]
00076  ll_lookup_nd+0x2a7/0x4f0 [lustre]
00076  __lookup_slow+0x1a2/0x260
00076  lookup_slow+0x53/0x70
00076  path_lookupat+0x2d0/0x6d0
00076  filename_lookup+0x18f/0x340
00076  vfs_statx+0x6a/0x3c0
00076  ? do_getname+0xb3/0x190
00076  vfs_fstatat+0xa6/0xd0
00076  __x64_sys_newfstatat+0xb2/0x2c0
00076  ? exc_page_fault+0x61/0xa0
00076  ? do_user_addr_fault+0x385/0xc20
00076  ? fpregs_assert_state_consistent+0x4f/0xe0
00076  do_syscall_64+0xc1/0x350
00076  entry_SYSCALL_64_after_hwframe+0x4b/0x53
00076 RIP: 0033:0x7f88411173ee
00076 Code: 0f 1f 40 00 48 8b 15 29 ba 0e 00 f7 d8 64 89 02 b8 ff ff ff ff c3 66 0f 1f 44 00 00 f3 0f 1e fa 41 89 ca b8 06 01 00 00 0f 05 <3d> 00 f0 ff ff 77 0b 31 c0 c3 0f 1f 84 00 00 00 00 00 48 8b 15 f1
00076 RSP: 002b:00007ffeb170ea88 EFLAGS: 00000246 ORIG_RAX: 0000000000000106
00076 RAX: ffffffffffffffda RBX: 00005629056c0760 RCX: 00007f88411173ee
00076 RDX: 00005629056c07d0 RSI: 00005629056c0860 RDI: 00000000ffffff9c
00076 RBP: 00007ffeb170eab0 R08: 00007f8841203b20 R09: 0000000000000130
00076 R10: 0000000000000100 R11: 0000000000000246 R12: 00005629056c07d0
00076 R13: 00005629056c05c0 R14: 0000000000000000 R15: 00007ffeb171083d
00076  </TASK>
00076 ---[ end trace 0000000000000000 ]---
00076 ------------[ cut here ]------------
00076 WARNING: /home/ktest/git/linux/include/linux/fs.h:889 at ll_iget+0x599/0x850 [lustre], CPU#0: rm/3684
00076 Modules linked in: ofd(O) osp(O) mdd(O) lod(O) mdt(O) lquota(O) lfsck(O) mgs(O) osd_wbcfs(O) lustre(O) obdecho(O) mgc(O) mdc(O) lov(O) osc(O) lmv(O) ec(O) fid(O) fld(O) ptlrpc(O) efivarfs obdclass(O) ksocklnd(O) lnet(O) libcfs(O)
00076 CPU: 0 UID: 0 PID: 3684 Comm: rm Tainted: G        W  O        7.0.0-ktest-fa4bb62-6330a45-20260727-dirty #1 PREEMPT 
00076 Tainted: [W]=WARN, [O]=OOT_MODULE
00076 Hardware name: QEMU Standard PC (Q35 + ICH9, 2009), BIOS 2025.11-3ubuntu7 03/31/2026
00076 RIP: 0010:ll_iget+0x599/0x850 [lustre]
00076 Code: 48 c7 c2 80 52 76 a1 e8 45 76 d4 fe 48 c7 c7 80 d7 a6 a1 e8 39 06 d5 fe 48 89 df 4c 89 fe e9 34 fb ff ff 0f 0b e9 89 fb ff ff <0f> 0b e9 f0 fc ff ff 48 c7 c1 80 44 5d a0 80 e1 07 80 c1 03 38 c1
00076 RSP: 0018:ffffc9000a0076d8 EFLAGS: 00010246
00076 RAX: 0000000000000000 RBX: ffff88802ce9c880 RCX: 0000000000000046
00076 RDX: 0000000000000000 RSI: ffff88802ce9c910 RDI: ffff888135ae0970
00076 RBP: ffff88802d5d0000 R08: ffffffff83a16803 R09: 1ffffffff0742d00
00076 R10: dffffc0000000000 R11: fffffbfff0742d01 R12: dffffc0000000000
00076 R13: 1ffff110059d3929 R14: ffffc9000a007790 R15: ffff88802ce9c948
00076 FS:  00007f8841248740(0000) GS:ffff8881d4a2d000(0000) knlGS:0000000000000000
00076 CS:  0010 DS: 0000 ES: 0000 CR0: 0000000080050033
00076 CR2: 00005629056c33f8 CR3: 000000013474b000 CR4: 0000000000750eb0
00076 PKRU: 55555554
00076 Call Trace:
00076  <TASK>
00076  ll_prep_inode+0x682/0x1310 [lustre]
00076  ? lustre_swab_barrier_lvb+0xd0/0xd0 [ptlrpc]
00076  ll_lookup_it+0x168c/0x4650 [lustre]
00076  ? encode_fn_len+0xd3/0xb10 [obdclass]
00076  ll_lookup_nd+0x2a7/0x4f0 [lustre]
00076  __lookup_slow+0x1a2/0x260
00076  lookup_slow+0x53/0x70
00076  path_lookupat+0x2d0/0x6d0
00076  filename_lookup+0x18f/0x340
00076  vfs_statx+0x6a/0x3c0
00076  ? do_getname+0xb3/0x190
00076  vfs_fstatat+0xa6/0xd0
00076  __x64_sys_newfstatat+0xb2/0x2c0
00076  ? exc_page_fault+0x61/0xa0
00076  ? do_user_addr_fault+0x385/0xc20
00076  ? fpregs_assert_state_consistent+0x4f/0xe0
00076  do_syscall_64+0xc1/0x350
00076  entry_SYSCALL_64_after_hwframe+0x4b/0x53
00076 RIP: 0033:0x7f88411173ee
00076 Code: 0f 1f 40 00 48 8b 15 29 ba 0e 00 f7 d8 64 89 02 b8 ff ff ff ff c3 66 0f 1f 44 00 00 f3 0f 1e fa 41 89 ca b8 06 01 00 00 0f 05 <3d> 00 f0 ff ff 77 0b 31 c0 c3 0f 1f 84 00 00 00 00 00 48 8b 15 f1
00076 RSP: 002b:00007ffeb170ea88 EFLAGS: 00000246 ORIG_RAX: 0000000000000106
00076 RAX: ffffffffffffffda RBX: 00005629056c0760 RCX: 00007f88411173ee
00076 RDX: 00005629056c07d0 RSI: 00005629056c0860 RDI: 00000000ffffff9c
00076 RBP: 00007ffeb170eab0 R08: 00007f8841203b20 R09: 0000000000000130
00076 R10: 0000000000000100 R11: 0000000000000246 R12: 00005629056c07d0
00076 R13: 00005629056c05c0 R14: 0000000000000000 R15: 00007ffeb171083d
00076  </TASK>
00076 ---[ end trace 0000000000000000 ]---
00077 /mnt/lustre/d16.sanity/f16.sanity: absent OK
00077 PASS 16 (1s)
00077 
00077 == sanity test 17a: symlinks: create, remove (real) ====== 09:17:08 (1785143828)
00077 Lustre: DEBUG MARKER: == sanity test 17a: symlinks: create, remove (real) ====== 09:17:08 (1785143828)
00077 ------------[ cut here ]------------
00077 WARNING: /home/ktest/git/linux/include/linux/fs.h:889 at osd_create+0x9cf/0xcf0 [osd_wbcfs], CPU#1: mdt00_000/1728
00077 Modules linked in: ofd(O) osp(O) mdd(O) lod(O) mdt(O) lquota(O) lfsck(O) mgs(O) osd_wbcfs(O) lustre(O) obdecho(O) mgc(O) mdc(O) lov(O) osc(O) lmv(O) ec(O) fid(O) fld(O) ptlrpc(O) efivarfs obdclass(O) ksocklnd(O) lnet(O) libcfs(O)
00077 CPU: 1 UID: 0 PID: 1728 Comm: mdt00_000 Tainted: G        W  O        7.0.0-ktest-fa4bb62-6330a45-20260727-dirty #1 PREEMPT 
00077 Tainted: [W]=WARN, [O]=OOT_MODULE
00077 Hardware name: QEMU Standard PC (Q35 + ICH9, 2009), BIOS 2025.11-3ubuntu7 03/31/2026
00077 RIP: 0010:osd_create+0x9cf/0xcf0 [osd_wbcfs]
00077 Code: c7 c7 00 96 7b a1 48 c7 c6 a0 12 7d a1 48 c7 c2 00 1c 7d a1 e8 52 f1 43 ff 48 c7 c7 00 96 7b a1 e8 46 81 44 ff e9 fe fc ff ff <0f> 0b e9 a5 fa ff ff 48 c7 c1 80 44 5d a0 80 e1 07 80 c1 03 38 c1
00077 RSP: 0018:ffffc9000484f5a8 EFLAGS: 00010246
00077 RAX: 0000000000000000 RBX: ffff88813429fc00 RCX: 0000000000000046
00077 RDX: 0000000000000000 RSI: ffff88803c4bed38 RDI: ffff88802c03cb18
00077 RBP: ffff88803c4beca8 R08: ffff88810702e0c3 R09: 1ffff11020e05c18
00077 R10: dffffc0000000000 R11: ffffed1020e05c19 R12: ffff88802c7bc2c8
00077 R13: dffffc0000000000 R14: 1ffff11026853f80 R15: 1ffff11005a2e4c8
00077 FS:  0000000000000000(0000) GS:ffff8881d4aad000(0000) knlGS:0000000000000000
00077 CS:  0010 DS: 0000 ES: 0000 CR0: 0000000080050033
00077 CR2: 00007f70100f59d0 CR3: 0000000018168000 CR4: 0000000000750eb0
00077 PKRU: 55555554
00077 Call Trace:
00077  <TASK>
00077  ? lod_sub_create+0x168a/0x1940 [lod]
00077  ? lod_create+0x10d/0x720 [lod]
00077  ? mdd_create_object_internal+0x18f/0x320 [mdd]
00077  ? mdd_create_object+0xab/0x1ce0 [mdd]
00077  ? mdd_create+0x2032/0x4110 [mdd]
00077  ? mdt_reint_create+0x2768/0x4e80 [mdt]
00077  ? mdt_reint_rec+0x10f/0x530 [mdt]
00077  ? mdt_reint_internal+0x9d5/0x11a0 [mdt]
00077  ? tsi2mdt_info+0x319/0x520 [mdt]
00077  ? mdt_reint+0x115/0x270 [mdt]
00077  ? tgt_request_handle+0x23ad/0x3d30 [ptlrpc]
00077  ? ptlrpc_main+0x6359/0x96f0 [ptlrpc]
00077  ? __kthread_parkme+0x73/0x130
00077  ? kthread+0x2cd/0x3a0
00077  ? ptlrpc_start_thread+0x1f10/0x1f10 [ptlrpc]
00077  ? kthread_unuse_mm+0x130/0x130
00077  ? ret_from_fork+0x18c/0x520
00077  ? kthread_unuse_mm+0x130/0x130
00077  ? ret_from_fork_asm+0x11/0x20
00077  </TASK>
00077 ---[ end trace 0000000000000000 ]---
00077 LustreError: 1769:0:(osd_dirent.c:113:osd_index_dir_insert()) lustre-MDT0000: lookup [0x240000402:0x5:0x0] from icache failed: rc=-22
00077 LustreError: 1769:0:(osd_dirent.c:113:osd_index_dir_insert()) Skipped 1 previous similar message
00077 Lustre: 1769:0:(out_handler.c:886:out_tx_end()) lustre-MDT0000-osd: error during execution of #0 from lustre/ptlrpc/../target/out_handler.c:535: rc = -22
00077 Lustre: 1769:0:(out_handler.c:886:out_tx_end()) Skipped 1 previous similar message
00077 mkdir: cannot create directory '/mnt/lustre/d17a.sanity': Invalid argument
00077  sanity test_17a: @@@@@@ FAIL: mkdir '/mnt/lustre/d17a.sanity' failed 
00077 Lustre: DEBUG MARKER: sanity test_17a: @@@@@@ FAIL: mkdir '/mnt/lustre/d17a.sanity' failed
00077   Trace dump:
00077   = /host/home/ktest/git/lustre-release/lustre/tests/test-framework.sh:7447:error()
00077   = /host/home/ktest/git/lustre-release/lustre/tests/test-framework.sh:10495:test_mkdir()
00077   = /host/home/ktest/git/lustre-release/lustre/tests/sanity.sh:604:test_17a()
00077   = /host/home/ktest/git/lustre-release/lustre/tests/test-framework.sh:7823:run_one()
00077   = /host/home/ktest/git/lustre-release/lustre/tests/test-framework.sh:7886:run_one_logged()
00077   = /host/home/ktest/git/lustre-release/lustre/tests/test-framework.sh:7686:run_test()
00077   = /host/home/ktest/git/lustre-release/lustre/tests/sanity.sh:615:main()
00077 Dumping lctl log to /tmp/test_logs/2026-07-27/091652/sanity.test_17a.*.1785143828.log
00077 Dumping logs only on local client.
00078 FAIL 17a (1s)
00078 
00078 == sanity test 17b: symlinks: create, remove (dangling) == 09:17:09 (1785143829)
00078 Lustre: DEBUG MARKER: == sanity test 17b: symlinks: create, remove (dangling) == 09:17:09 (1785143829)
00078 ------------[ cut here ]------------
00078 WARNING: /home/ktest/git/linux/include/linux/fs.h:889 at osd_create+0x9cf/0xcf0 [osd_wbcfs], CPU#3: mdt00_003/1835
00078 Modules linked in: ofd(O) osp(O) mdd(O) lod(O) mdt(O) lquota(O) lfsck(O) mgs(O) osd_wbcfs(O) lustre(O) obdecho(O) mgc(O) mdc(O) lov(O) osc(O) lmv(O) ec(O) fid(O) fld(O) ptlrpc(O) efivarfs obdclass(O) ksocklnd(O) lnet(O) libcfs(O)
00078 CPU: 3 UID: 0 PID: 1835 Comm: mdt00_003 Tainted: G        W  O        7.0.0-ktest-fa4bb62-6330a45-20260727-dirty #1 PREEMPT 
00078 Tainted: [W]=WARN, [O]=OOT_MODULE
00078 Hardware name: QEMU Standard PC (Q35 + ICH9, 2009), BIOS 2025.11-3ubuntu7 03/31/2026
00078 RIP: 0010:osd_create+0x9cf/0xcf0 [osd_wbcfs]
00078 Code: c7 c7 00 96 7b a1 48 c7 c6 a0 12 7d a1 48 c7 c2 00 1c 7d a1 e8 52 f1 43 ff 48 c7 c7 00 96 7b a1 e8 46 81 44 ff e9 fe fc ff ff <0f> 0b e9 a5 fa ff ff 48 c7 c1 80 44 5d a0 80 e1 07 80 c1 03 38 c1
00078 RSP: 0018:ffffc90001f3f5a8 EFLAGS: 00010246
00078 RAX: 0000000000000000 RBX: ffff8881184e2400 RCX: 0000000000000046
00078 RDX: 0000000000000000 RSI: ffff888134e0d7f0 RDI: ffff88803c43aa58
00078 RBP: ffff888134e0d760 R08: ffff88810702e243 R09: 1ffff11020e05c48
00078 R10: dffffc0000000000 R11: ffffed1020e05c49 R12: ffff8880191ea2c8
00078 R13: dffffc0000000000 R14: 1ffff1102309c480 R15: 1ffff11026f128c8
00078 FS:  0000000000000000(0000) GS:ffff8881d4bad000(0000) knlGS:0000000000000000
00078 CS:  0010 DS: 0000 ES: 0000 CR0: 0000000080050033
00078 CR2: 00007f065ceee200 CR3: 0000000004274000 CR4: 0000000000750eb0
00078 PKRU: 55555554
00078 Call Trace:
00078  <TASK>
00078  ? lod_sub_create+0x168a/0x1940 [lod]
00078  ? dt_write_lock+0x16d/0x2a0 [obdclass]
00078  ? lod_create+0x10d/0x720 [lod]
00078  ? mdd_create_object_internal+0x18f/0x320 [mdd]
00078  ? mdd_create_object+0xab/0x1ce0 [mdd]
00078  ? mdd_create+0x2032/0x4110 [mdd]
00078  ? mdt_reint_create+0x2768/0x4e80 [mdt]
00078  ? mdt_reint_rec+0x10f/0x530 [mdt]
00078  ? mdt_reint_internal+0x9d5/0x11a0 [mdt]
00078  ? tsi2mdt_info+0x319/0x520 [mdt]
00078  ? mdt_reint+0x115/0x270 [mdt]
00078  ? tgt_request_handle+0x23ad/0x3d30 [ptlrpc]
00078  ? ptlrpc_main+0x6359/0x96f0 [ptlrpc]
00078  ? __kthread_parkme+0x73/0x130
00078  ? kthread+0x2cd/0x3a0
00078  ? ptlrpc_start_thread+0x1f10/0x1f10 [ptlrpc]
00078  ? kthread_unuse_mm+0x130/0x130
00078  ? ret_from_fork+0x18c/0x520
00078  ? kthread_unuse_mm+0x130/0x130
00078  ? ret_from_fork_asm+0x11/0x20
00078  </TASK>
00078 ---[ end trace 0000000000000000 ]---
00078 ------------[ cut here ]------------
00078 WARNING: /home/ktest/git/linux/include/linux/fs.h:889 at ll_iget+0x592/0x850 [lustre], CPU#1: mkdir/3870
00078 Modules linked in: ofd(O) osp(O) mdd(O) lod(O) mdt(O) lquota(O) lfsck(O) mgs(O) osd_wbcfs(O) lustre(O) obdecho(O) mgc(O) mdc(O) lov(O) osc(O) lmv(O) ec(O) fid(O) fld(O) ptlrpc(O) efivarfs obdclass(O) ksocklnd(O) lnet(O) libcfs(O)
00078 CPU: 1 UID: 0 PID: 3870 Comm: mkdir Tainted: G        W  O        7.0.0-ktest-fa4bb62-6330a45-20260727-dirty #1 PREEMPT 
00078 Tainted: [W]=WARN, [O]=OOT_MODULE
00078 Hardware name: QEMU Standard PC (Q35 + ICH9, 2009), BIOS 2025.11-3ubuntu7 03/31/2026
00078 RIP: 0010:ll_iget+0x592/0x850 [lustre]
00078 Code: 48 c7 c6 40 52 76 a1 48 c7 c2 80 52 76 a1 e8 45 76 d4 fe 48 c7 c7 80 d7 a6 a1 e8 39 06 d5 fe 48 89 df 4c 89 fe e9 34 fb ff ff <0f> 0b e9 89 fb ff ff 0f 0b e9 f0 fc ff ff 48 c7 c1 80 44 5d a0 80
00078 RSP: 0018:ffffc9000a3979f0 EFLAGS: 00010246
00078 RAX: 0000000000000000 RBX: ffff88802ce33a40 RCX: 0000000000000046
00078 RDX: 0000000000000000 RSI: ffff88802ce33ad0 RDI: ffff88811b492a58
00078 RBP: ffff88802d5d0000 R08: ffff8881383b8883 R09: 1ffff11027077110
00078 R10: dffffc0000000000 R11: ffffed1027077111 R12: dffffc0000000000
00078 R13: dffffc0000000000 R14: ffffc9000a397aa8 R15: 020000040200000a
00078 FS:  00007f3efbe2ad00(0000) GS:ffff8881d4aad000(0000) knlGS:0000000000000000
00078 CS:  0010 DS: 0000 ES: 0000 CR0: 0000000080050033
00078 CR2: 000055beab14a430 CR3: 000000003884b000 CR4: 0000000000750eb0
00078 PKRU: 55555554
00078 Call Trace:
00078  <TASK>
00078  ll_prep_inode+0x682/0x1310 [lustre]
00078  ll_new_node_finish+0x179/0x930 [lustre]
00078  ll_new_node+0xd7f/0x1740 [lustre]
00078  ll_mkdir+0x44e/0xf10 [lustre]
00078  vfs_mkdir+0x3c0/0x630
00078  filename_mkdirat+0x14c/0x300
00078  __x64_sys_mkdir+0x74/0x140
00078  do_syscall_64+0xc1/0x350
00078  entry_SYSCALL_64_after_hwframe+0x4b/0x53
00078 RIP: 0033:0x7f3efbd1b05b
00078 Code: 0f 1e fa 48 89 f2 b9 00 01 00 00 48 89 fe bf 9c ff ff ff e9 97 c3 ff ff 0f 1f 80 00 00 00 00 f3 0f 1e fa b8 53 00 00 00 0f 05 <48> 3d 00 f0 ff ff 77 05 c3 0f 1f 40 00 48 8b 15 89 7d 0e 00 f7 d8
00078 RSP: 002b:00007ffec5b27be8 EFLAGS: 00000246 ORIG_RAX: 0000000000000053
00078 RAX: ffffffffffffffda RBX: 00007ffec5b2883e RCX: 00007f3efbd1b05b
00078 RDX: 0000000000000000 RSI: 00000000000001ff RDI: 00007ffec5b2883e
00078 RBP: 00007ffec5b27d00 R08: 00000000000001ff R09: 0000000000000000
00078 R10: 0000565204ec427e R11: 0000000000000246 R12: 00000000000001ff
00078 R13: 0000000000000000 R14: 0000000000000000 R15: 0000000000000000
00078  </TASK>
00078 ---[ end trace 0000000000000000 ]---
00078 ------------[ cut here ]------------
00078 WARNING: /home/ktest/git/linux/include/linux/fs.h:889 at ll_iget+0x592/0x850 [lustre], CPU#0: ln/3871
00078 Modules linked in: ofd(O) osp(O) mdd(O) lod(O) mdt(O) lquota(O) lfsck(O) mgs(O) osd_wbcfs(O) lustre(O) obdecho(O) mgc(O) mdc(O) lov(O) osc(O) lmv(O) ec(O) fid(O) fld(O) ptlrpc(O) efivarfs obdclass(O) ksocklnd(O) lnet(O) libcfs(O)
00078 CPU: 0 UID: 0 PID: 3871 Comm: ln Tainted: G        W  O        7.0.0-ktest-fa4bb62-6330a45-20260727-dirty #1 PREEMPT 
00078 Tainted: [W]=WARN, [O]=OOT_MODULE
00078 Hardware name: QEMU Standard PC (Q35 + ICH9, 2009), BIOS 2025.11-3ubuntu7 03/31/2026
00078 RIP: 0010:ll_iget+0x592/0x850 [lustre]
00078 Code: 48 c7 c6 40 52 76 a1 48 c7 c2 80 52 76 a1 e8 45 76 d4 fe 48 c7 c7 80 d7 a6 a1 e8 39 06 d5 fe 48 89 df 4c 89 fe e9 34 fb ff ff <0f> 0b e9 89 fb ff ff 0f 0b e9 f0 fc ff ff 48 c7 c1 80 44 5d a0 80
00078 RSP: 0018:ffffc9000a267748 EFLAGS: 00010246
00078 RAX: 0000000000000000 RBX: ffff88802ce33a40 RCX: 0000000000000046
00078 RDX: 0000000000000000 RSI: ffff88802ce33ad0 RDI: ffff888022f40970
00078 RBP: ffff88802d5d0000 R08: ffffffff83a16803 R09: 1ffffffff0742d00
00078 R10: dffffc0000000000 R11: fffffbfff0742d01 R12: dffffc0000000000
00078 R13: dffffc0000000000 R14: ffffc9000a267800 R15: 020000040200000a
00078 FS:  00007fe1a34d7740(0000) GS:ffff8881d4a2d000(0000) knlGS:0000000000000000
00078 CS:  0010 DS: 0000 ES: 0000 CR0: 0000000080050033
00078 CR2: 00007fe1a32f59d0 CR3: 000000003c64a000 CR4: 0000000000750eb0
00078 PKRU: 55555554
00078 Call Trace:
00078  <TASK>
00078  ll_prep_inode+0x682/0x1310 [lustre]
00078  ? lustre_swab_barrier_lvb+0xd0/0xd0 [ptlrpc]
00078  ll_lookup_it+0x168c/0x4650 [lustre]
00078  ? encode_fn_len+0xd3/0xb10 [obdclass]
00078  ll_lookup_nd+0x2a7/0x4f0 [lustre]
00078  __lookup_slow+0x1a2/0x260
00078  lookup_slow+0x53/0x70
00078  link_path_walk+0xac4/0x13d0
00078  __filename_parentat+0x1a7/0x400
00078  ? handle_mm_fault+0xefd/0x2dc0
00078  ? handle_mm_fault+0xfa8/0x2dc0
00078  filename_create+0x47/0x240
00078  filename_symlinkat+0x84/0x2c0
00078  ? do_getname+0xb3/0x190
00078  __x64_sys_symlinkat+0x9c/0x270
00078  do_syscall_64+0xc1/0x350
00078  entry_SYSCALL_64_after_hwframe+0x4b/0x53
00078 RIP: 0033:0x7fe1a331bfdb
00078 Code: 77 05 c3 0f 1f 40 00 48 8b 15 39 6e 0e 00 f7 d8 64 89 02 b8 ff ff ff ff c3 66 0f 1f 44 00 00 f3 0f 1e fa b8 0a 01 00 00 0f 05 <48> 3d 01 f0 ff ff 73 01 c3 48 8b 0d 0d 6e 0e 00 f7 d8 64 89 01 48
00078 RSP: 002b:00007ffe166a51d8 EFLAGS: 00000246 ORIG_RAX: 000000000000010a
00078 RAX: ffffffffffffffda RBX: 0000000000000002 RCX: 00007fe1a331bfdb
00078 RDX: 00007ffe166a783b RSI: 00000000ffffff9c RDI: 00007ffe166a782e
00078 RBP: 00007ffe166a51e0 R08: 00000000ffffffff R09: 0000000000000000
00078 R10: 000055885f923303 R11: 0000000000000246 R12: 00007ffe166a5438
00078 R13: 000055885f924714 R14: 000055885f923301 R15: 000055885f926960
00078  </TASK>
00078 ---[ end trace 0000000000000000 ]---
00078 ------------[ cut here ]------------
00078 WARNING: /home/ktest/git/linux/include/linux/fs.h:889 at ll_iget+0x599/0x850 [lustre], CPU#0: ln/3871
00078 Modules linked in: ofd(O) osp(O) mdd(O) lod(O) mdt(O) lquota(O) lfsck(O) mgs(O) osd_wbcfs(O) lustre(O) obdecho(O) mgc(O) mdc(O) lov(O) osc(O) lmv(O) ec(O) fid(O) fld(O) ptlrpc(O) efivarfs obdclass(O) ksocklnd(O) lnet(O) libcfs(O)
00078 CPU: 0 UID: 0 PID: 3871 Comm: ln Tainted: G        W  O        7.0.0-ktest-fa4bb62-6330a45-20260727-dirty #1 PREEMPT 
00078 Tainted: [W]=WARN, [O]=OOT_MODULE
00078 Hardware name: QEMU Standard PC (Q35 + ICH9, 2009), BIOS 2025.11-3ubuntu7 03/31/2026
00078 RIP: 0010:ll_iget+0x599/0x850 [lustre]
00078 Code: 48 c7 c2 80 52 76 a1 e8 45 76 d4 fe 48 c7 c7 80 d7 a6 a1 e8 39 06 d5 fe 48 89 df 4c 89 fe e9 34 fb ff ff 0f 0b e9 89 fb ff ff <0f> 0b e9 f0 fc ff ff 48 c7 c1 80 44 5d a0 80 e1 07 80 c1 03 38 c1
00078 RSP: 0018:ffffc9000a267748 EFLAGS: 00010246
00078 RAX: 0000000000000000 RBX: ffff88802ce33a40 RCX: 0000000000000046
00078 RDX: 0000000000000000 RSI: ffff88802ce33ad0 RDI: ffff888022f40970
00078 RBP: ffff88802d5d0000 R08: ffffffff83a16803 R09: 1ffffffff0742d00
00078 R10: dffffc0000000000 R11: fffffbfff0742d01 R12: dffffc0000000000
00078 R13: 1ffff110059c6761 R14: ffffc9000a267800 R15: ffff88802ce33b08
00078 FS:  00007fe1a34d7740(0000) GS:ffff8881d4a2d000(0000) knlGS:0000000000000000
00078 CS:  0010 DS: 0000 ES: 0000 CR0: 0000000080050033
00078 CR2: 00007fe1a32f59d0 CR3: 000000003c64a000 CR4: 0000000000750eb0
00078 PKRU: 55555554
00078 Call Trace:
00078  <TASK>
00078  ll_prep_inode+0x682/0x1310 [lustre]
00078  ? lustre_swab_barrier_lvb+0xd0/0xd0 [ptlrpc]
00078  ll_lookup_it+0x168c/0x4650 [lustre]
00078  ? encode_fn_len+0xd3/0xb10 [obdclass]
00078  ll_lookup_nd+0x2a7/0x4f0 [lustre]
00078  __lookup_slow+0x1a2/0x260
00078  lookup_slow+0x53/0x70
00078  link_path_walk+0xac4/0x13d0
00078  __filename_parentat+0x1a7/0x400
00078  ? handle_mm_fault+0xefd/0x2dc0
00078  ? handle_mm_fault+0xfa8/0x2dc0
00078  filename_create+0x47/0x240
00078  filename_symlinkat+0x84/0x2c0
00078  ? do_getname+0xb3/0x190
00078  __x64_sys_symlinkat+0x9c/0x270
00078  do_syscall_64+0xc1/0x350
00078  entry_SYSCALL_64_after_hwframe+0x4b/0x53
00078 RIP: 0033:0x7fe1a331bfdb
00078 Code: 77 05 c3 0f 1f 40 00 48 8b 15 39 6e 0e 00 f7 d8 64 89 02 b8 ff ff ff ff c3 66 0f 1f 44 00 00 f3 0f 1e fa b8 0a 01 00 00 0f 05 <48> 3d 01 f0 ff ff 73 01 c3 48 8b 0d 0d 6e 0e 00 f7 d8 64 89 01 48
00078 RSP: 002b:00007ffe166a51d8 EFLAGS: 00000246 ORIG_RAX: 000000000000010a
00078 RAX: ffffffffffffffda RBX: 0000000000000002 RCX: 00007fe1a331bfdb
00078 RDX: 00007ffe166a783b RSI: 00000000ffffff9c RDI: 00007ffe166a782e
00078 RBP: 00007ffe166a51e0 R08: 00000000ffffffff R09: 0000000000000000
00078 R10: 000055885f923303 R11: 0000000000000246 R12: 00007ffe166a5438
00078 R13: 000055885f924714 R14: 000055885f923301 R15: 000055885f926960
00078  </TASK>
00078 ---[ end trace 0000000000000000 ]---
00078 ln: failed to create symbolic link '/mnt/lustre/d17b.sanity/l-dangle': Operation not supported
00078 total 0
00078 Can't lstat /mnt/lustre/d17b.sanity/l-dangle: No such file or directory
00078  sanity test_17b: @@@@@@ FAIL: d17b.sanity/l-dangle not referencing no-such-file 
00078 Lustre: DEBUG MARKER: sanity test_17b: @@@@@@ FAIL: d17b.sanity/l-dangle not referencing no-such-file
00078   Trace dump:
00078   = /host/home/ktest/git/lustre-release/lustre/tests/test-framework.sh:7447:error()
00078   = /host/home/ktest/git/lustre-release/lustre/tests/sanity.sh:622:test_17b()
00078   = /host/home/ktest/git/lustre-release/lustre/tests/test-framework.sh:7823:run_one()
00078   = /host/home/ktest/git/lustre-release/lustre/tests/test-framework.sh:7886:run_one_logged()
00078   = /host/home/ktest/git/lustre-release/lustre/tests/test-framework.sh:7686:run_test()
00078   = /host/home/ktest/git/lustre-release/lustre/tests/sanity.sh:628:main()
00078 Dumping lctl log to /tmp/test_logs/2026-07-27/091652/sanity.test_17b.*.1785143829.log
00078 Dumping logs only on local client.
00079 FAIL 17b (1s)
00079 
00079 == sanity test 17c: symlinks: open dangling (should return error) ========================================================== 09:17:10 (1785143830)
00080 Lustre: DEBUG MARKER: == sanity test 17c: symlinks: open dangling (should return error) ========================================================== 09:17:10 (1785143830)
00080 ------------[ cut here ]------------
00080 WARNING: /home/ktest/git/linux/include/linux/fs.h:889 at osd_create+0x9cf/0xcf0 [osd_wbcfs], CPU#3: mdt00_000/1728
00080 Modules linked in: ofd(O) osp(O) mdd(O) lod(O) mdt(O) lquota(O) lfsck(O) mgs(O) osd_wbcfs(O) lustre(O) obdecho(O) mgc(O) mdc(O) lov(O) osc(O) lmv(O) ec(O) fid(O) fld(O) ptlrpc(O) efivarfs obdclass(O) ksocklnd(O) lnet(O) libcfs(O)
00080 CPU: 3 UID: 0 PID: 1728 Comm: mdt00_000 Tainted: G        W  O        7.0.0-ktest-fa4bb62-6330a45-20260727-dirty #1 PREEMPT 
00080 Tainted: [W]=WARN, [O]=OOT_MODULE
00080 Hardware name: QEMU Standard PC (Q35 + ICH9, 2009), BIOS 2025.11-3ubuntu7 03/31/2026
00080 RIP: 0010:osd_create+0x9cf/0xcf0 [osd_wbcfs]
00080 Code: c7 c7 00 96 7b a1 48 c7 c6 a0 12 7d a1 48 c7 c2 00 1c 7d a1 e8 52 f1 43 ff 48 c7 c7 00 96 7b a1 e8 46 81 44 ff e9 fe fc ff ff <0f> 0b e9 a5 fa ff ff 48 c7 c1 80 44 5d a0 80 e1 07 80 c1 03 38 c1
00080 RSP: 0018:ffffc9000484f5a8 EFLAGS: 00010246
00080 RAX: 0000000000000000 RBX: ffff888105d7e800 RCX: 0000000000000046
00080 RDX: 0000000000000000 RSI: ffff888134e0d0d8 RDI: ffff88802c03cb18
00080 RBP: ffff888134e0d048 R08: ffff88810702e243 R09: 1ffff11020e05c48
00080 R10: dffffc0000000000 R11: ffffed1020e05c49 R12: ffff88802c7bc2c8
00080 R13: dffffc0000000000 R14: 1ffff11020bafd00 R15: 1ffff11005a2e4c8
00080 FS:  0000000000000000(0000) GS:ffff8881d4bad000(0000) knlGS:0000000000000000
00080 CS:  0010 DS: 0000 ES: 0000 CR0: 0000000080050033
00080 CR2: 00007f0623e053e8 CR3: 0000000004274000 CR4: 0000000000750eb0
00080 PKRU: 55555554
00080 Call Trace:
00080  <TASK>
00080  ? lod_sub_create+0x168a/0x1940 [lod]
00080  ? lod_create+0x10d/0x720 [lod]
00080  ? mdd_create_object_internal+0x18f/0x320 [mdd]
00080  ? mdd_create_object+0xab/0x1ce0 [mdd]
00080  ? mdd_create+0x2032/0x4110 [mdd]
00080  ? mdt_reint_create+0x2768/0x4e80 [mdt]
00080  ? mdt_reint_rec+0x10f/0x530 [mdt]
00080  ? mdt_reint_internal+0x9d5/0x11a0 [mdt]
00080  ? tsi2mdt_info+0x319/0x520 [mdt]
00080  ? mdt_reint+0x115/0x270 [mdt]
00080  ? tgt_request_handle+0x23ad/0x3d30 [ptlrpc]
00080  ? ptlrpc_main+0x6359/0x96f0 [ptlrpc]
00080  ? __kthread_parkme+0x73/0x130
00080  ? kthread+0x2cd/0x3a0
00080  ? ptlrpc_start_thread+0x1f10/0x1f10 [ptlrpc]
00080  ? kthread_unuse_mm+0x130/0x130
00080  ? ret_from_fork+0x18c/0x520
00080  ? kthread_unuse_mm+0x130/0x130
00080  ? ret_from_fork_asm+0x11/0x20
00080  </TASK>
00080 ---[ end trace 0000000000000000 ]---
00080 mkdir: cannot create directory '/mnt/lustre/d17c.sanity': Invalid argument
00080  sanity test_17c: @@@@@@ FAIL: mkdir '/mnt/lustre/d17c.sanity' failed 
00080 Lustre: DEBUG MARKER: sanity test_17c: @@@@@@ FAIL: mkdir '/mnt/lustre/d17c.sanity' failed
00080   Trace dump:
00080   = /host/home/ktest/git/lustre-release/lustre/tests/test-framework.sh:7447:error()
00080   = /host/home/ktest/git/lustre-release/lustre/tests/test-framework.sh:10495:test_mkdir()
00080   = /host/home/ktest/git/lustre-release/lustre/tests/sanity.sh:631:test_17c()
00080   = /host/home/ktest/git/lustre-release/lustre/tests/test-framework.sh:7823:run_one()
00080   = /host/home/ktest/git/lustre-release/lustre/tests/test-framework.sh:7886:run_one_logged()
00080   = /host/home/ktest/git/lustre-release/lustre/tests/test-framework.sh:7686:run_test()
00080   = /host/home/ktest/git/lustre-release/lustre/tests/sanity.sh:635:main()
00080 Dumping lctl log to /tmp/test_logs/2026-07-27/091652/sanity.test_17c.*.1785143830.log
00080 Dumping logs only on local client.
00080 FAIL 17c (1s)
00081 resend_count is set to 4 4
00081 resend_count is set to 4 4
00081 resend_count is set to 4 4
00081 resend_count is set to 4 4
00081 resend_count is set to 4 4
00084 == sanity test complete, duration 16 sec ================= 09:17:15 (1785143835)
00084 Lustre: DEBUG MARKER: == sanity test complete, duration 16 sec ================= 09:17:15 (1785143835)
00084 sanity: FAIL: test_10 mkdir '/mnt/lustre/d10.sanity' failed
00084 sanity: FAIL: test_11 mkdir '/mnt/lustre/d11.sanity/d2' failed
00084 sanity: FAIL: test_13 mkdir '/mnt/lustre/d13.sanity' failed
00084 sanity: FAIL: test_15 mkdir '/mnt/lustre/d15.sanity' failed
00084 sanity: FAIL: test_17a mkdir '/mnt/lustre/d17a.sanity' failed
00084 sanity: FAIL: test_17b d17b.sanity/l-dangle not referencing no-such-file
00084 sanity: FAIL: test_17c mkdir '/mnt/lustre/d17c.sanity' failed
00084 === sanity: start cleanup 09:17:15 (1785143835) ===
00084 Lustre: DEBUG MARKER: === sanity: start cleanup 09:17:15 (1785143835) ===
00084 skip cleanup
00084 === sanity: finish cleanup 09:17:15 (1785143835) ===
00085 Lustre: DEBUG MARKER: === sanity: finish cleanup 09:17:15 (1785143835) ===
00085 debug=super ioctl neterror warning dlmtrace error emerg ha rpctrace vfstrace config console lfsck
00085 sanity returned 1
00085 Finished at Mon Jul 27 09:17:15 UTC 2026 in 23s
00085 /host/home/ktest/git/lustre-release/lustre/tests/auster: completed with rc 0
00085 
00085 ========= PASSED sanity-quick in 56s
00085 
00085 Passed: sanity-quick
00085 Failed: 
00085 NOTICE: Automounting of tracing to debugfs is deprecated and will be removed in 2030
00085 ------------[ cut here ]------------
00085 WARNING: /home/ktest/git/linux/include/linux/fs.h:889 at ll_writepages+0x4d3/0x6d0 [lustre], CPU#2: kworker/u16:1/41
00085 Modules linked in: ofd(O) osp(O) mdd(O) lod(O) mdt(O) lquota(O) lfsck(O) mgs(O) osd_wbcfs(O) lustre(O) obdecho(O) mgc(O) mdc(O) lov(O) osc(O) lmv(O) ec(O) fid(O) fld(O) ptlrpc(O) efivarfs obdclass(O) ksocklnd(O) lnet(O) libcfs(O)
00085 CPU: 2 UID: 0 PID: 41 Comm: kworker/u16:1 Tainted: G        W  O        7.0.0-ktest-fa4bb62-6330a45-20260727-dirty #1 PREEMPT 
00085 Tainted: [W]=WARN, [O]=OOT_MODULE
00085 Hardware name: QEMU Standard PC (Q35 + ICH9, 2009), BIOS 2025.11-3ubuntu7 03/31/2026
00085 Workqueue: writeback wb_workfn (flush-lustre-ffff8881383b8000)
00085 RIP: 0010:ll_writepages+0x4d3/0x6d0 [lustre]
00085 Code: 05 a6 a1 48 c7 c6 60 f9 75 a1 48 89 ca 49 89 c8 48 89 c3 e8 9f 43 d6 fe 48 89 d8 48 83 c4 30 5b 41 5c 41 5d 41 5e 41 5f 5d c3 <0f> 0b e9 21 fe ff ff 48 c7 c1 80 44 5d a0 80 e1 07 80 c1 03 38 c1
00085 RSP: 0018:ffffc900002ef5d0 EFLAGS: 00010246
00085 RAX: 0000000000000000 RBX: 1ffff9200005df0e RCX: 0000000000000046
00085 RDX: 0000000000000000 RSI: ffff88802ce9d750 RDI: ffff8881040789c0
00085 RBP: ffff88802ce9d6c0 R08: ffff88802ce9d73b R09: 1ffff110059d3ae7
00085 R10: dffffc0000000000 R11: ffffed10059d3ae8 R12: 0000000000000000
00085 R13: 0000000000000000 R14: ffffc900002ef850 R15: dffffc0000000000
00085 FS:  0000000000000000(0000) GS:ffff8881d4b2d000(0000) knlGS:0000000000000000
00085 CS:  0010 DS: 0000 ES: 0000 CR0: 0000000080050033
00085 CR2: 000055942cf57084 CR3: 0000000119783000 CR4: 0000000000750eb0
00085 PKRU: 55555554
00085 Call Trace:
00085  <TASK>
00085  do_writepages+0x250/0x3a0
00085  ? reacquire_held_locks+0xfc/0x160
00085  ? writeback_sb_inodes+0x37c/0x13e0
00085  __writeback_single_inode+0xec/0xc00
00085  writeback_sb_inodes+0x6ee/0x13e0
00085  __writeback_inodes_wb+0x124/0x1f0
00085  wb_writeback+0x2ea/0x6f0
00085  wb_workfn+0x55b/0x9c0
00085  ? process_scheduled_works+0x805/0x1090
00085  process_scheduled_works+0x867/0x1090
00085  worker_thread+0x86d/0xcb0
00085  kthread+0x2cd/0x3a0
00085  ? pr_cont_work+0x4b0/0x4b0
00085  ? kthread_unuse_mm+0x130/0x130
00085  ret_from_fork+0x18c/0x520
00085  ? kthread_unuse_mm+0x130/0x130
00085  ret_from_fork_asm+0x11/0x20
00085  </TASK>
00085 ---[ end trace 0000000000000000 ]---
00085 Kernel version: 7.0.0-ktest-fa4bb62-6330a45-20260727-dirty
00085 TEST SUCCESS
